# SimpleCAD BREP tessellation for MuJoCo
v -42.5 -107.5 16
v -42.5 -77.5 16
v 59.5 -107.5 16
v 59.5 -77.5 16
v -21.4447222331 -77.5 16
v -16.7 -85 16
v -16.7182688929 -84.4496093486 16
v -16.7729951492 -83.9016415955 16
v -16.8639378562 -83.3585089731 16
v -16.990696671 -82.8226024286 16
v -17.1527135833 -82.2962810993 16
v -17.3492753715 -81.7818619268 16
v -17.5795167424 -81.2816094579 16
v -17.8424241407 -80.7977258753 16
v -18.1368402105 -80.3323413038 16
v -18.4614688902 -79.8875044327 16
v -18.8148811179 -79.4651734974 16
v -19.1955211225 -79.0672076591 16
v -19.6017132723 -78.6953588202 16
v -20.0316694515 -78.3512639125 16
v -20.4834969316 -78.0364376909 16
v -20.9552067034 -77.7522660654 16
v -33.257805086 -85.8358559457 16
v -33.1803764235 -86.4040803288 16
v -33.0638954411 -86.9656017691 16
v -32.9089182076 -87.5177396181 16
v -32.7161845693 -88.0578580236 16
v -32.4866146177 -88.5833785128 16
v -32.2213042975 -89.0917923021 16
v -31.9215201741 -89.5806722737 16
v -31.5886933879 -90.0476845622 16
v -31.2244128215 -90.4905996965 16
v -30.8304175148 -90.9073032428 16
v -30.4085883631 -91.2958058991 16
v -29.9609391374 -91.6542529915 16
v -29.4896068718 -91.9809333285 16
v -28.9968416604 -92.27428737 16
v -28.4849959164 -92.5329146725 16
v -27.9565131415 -92.7555805743 16
v -27.4139162609 -92.9412220902 16
v -26.8597955793 -93.0889529856 16
v -26.2967964148 -93.1980680077 16
v -25.7276064707 -93.2680462519 16
v -25.1549430041 -93.298553649 16
v -24.5815398547 -93.2894445596 16
v -24.0101343933 -93.2407624696 16
v -23.4434544538 -93.1527397826 16
v -22.8842053111 -93.0257967103 16
v -22.3350567661 -92.8605392665 16
v -21.7986304004 -92.6577563742 16
v -21.2774870612 -92.4184160992 16
v -20.774114636 -92.1436610285 16
v -20.2909161759 -91.8348028163 16
v -19.830198423 -91.4933159213 16
v -19.3941607991 -91.1208305689 16
v -18.9848849053 -90.7191249678 16
v -18.6043245848 -90.2901168213 16
v -18.2542965956 -89.8358541727 16
v -17.9364719371 -89.3585056274 16
v -17.6523678732 -88.8603500009 16
v -17.4033406892 -88.3437654398 16
v -17.1905792165 -87.8112180682 16
v -17.0150991577 -87.2652502155 16
v -16.8777382374 -86.708468279 16
v -16.7791522034 -86.1435302814 16
v -16.7198116956 -85.5731331817 16
v -32.9717031107 -82.6887342182 16
v -33.0701255305 -82.481502192 16
v -33.1827082261 -82.2816091654 16
v -33.3089070778 -82.0900212346 16
v -33.4481121585 -81.9076643567 16
v -33.5996506807 -81.7354198744 16
v -33.7627902489 -81.5741202566 16
v -33.9367423988 -81.4245450749 16
v -34.1206664082 -81.2874172362 16
v -34.3136733603 -81.1633994881 16
v -34.5148304399 -81.0530912166 16
v -34.7231654415 -80.9570255489 16
v -34.9376714684 -80.8756667766 16
v -35.1573117989 -80.809408112 16
v -35.3810248968 -80.7585697876 16
v -35.6077295421 -80.7233975084 16
v -35.8363300562 -80.7040612643 16
v -36.065721598 -80.7006545086 16
v -36.2947955029 -80.7131937064 16
v -36.5224446418 -80.741618255 16
v -36.7475687715 -80.7857907766 16
v -36.9690798521 -80.8454977825 16
v -37.1859073062 -80.9204507049 16
v -37.3970031923 -81.0102872913 16
v -37.6013472703 -81.1145733556 16
v -37.7979519317 -81.2328048765 16
v -37.9858669732 -81.3644104332 16
v -38.1641841893 -81.5087539674 16
v -38.332041761 -81.6651378574 16
v -38.4886284216 -81.8328062894 16
v -38.6331873776 -82.0109489111 16
v -38.7650199661 -82.1987047473 16
v -38.8834890313 -82.3951663618 16
v -38.9880220047 -82.5993842428 16
v -39.0781136714 -82.8103713917 16
v -39.1533286126 -83.0271080938 16
v -39.2133033094 -83.2485468464 16
v -39.2577479002 -83.4736174214 16
v -39.2864475813 -83.7012320381 16
v -39.2992636455 -83.9302906199 16
v -39.2961341517 -84.1596861117 16
v -39.277074225 -84.3883098301 16
v -39.2421759832 -84.6150568216 16
v -39.191608092 -84.838831203 16
v -39.1256149492 -85.0585514581 16
v -39.044515504 -85.2731556645 16
v -38.9487017153 -85.4816066259 16
v -38.8386366576 -85.6828968852 16
v -38.7148522824 -85.8760535932 16
v -38.5779468478 -86.060143211 16
v -38.4285820267 -86.2342760213 16
v -38.2674797091 -86.3976104289 16
v -38.0954185132 -86.5493570277 16
v -37.9132300219 -86.6887824165 16
v -37.7217947642 -86.8152127433 16
v -37.5220379593 -86.9280369619 16
v -37.314925045 -87.0267097856 16
v -37.1014570115 -87.110754322 16
v -36.882665564 -87.1797643784 16
v -36.6596081358 -87.2334064247 16
v -36.4333627781 -87.2714212053 16
v -36.2050229497 -87.2936249923 16
v -35.9756922319 -87.2999104734 16
v -35.7464789951 -87.2902472704 16
v -35.518491042 -87.2646820861 16
v -35.2928302533 -87.2233384789 16
v -35.0705872625 -87.166416265 16
v -34.8528361844 -87.0941905533 16
v -34.6406294245 -87.0070104154 16
v -34.4349925918 -86.9052971986 16
v -34.2369195428 -86.7895424896 16
v -34.0473675775 -86.6603057385 16
v -33.8672528129 -86.518211555 16
v -33.6974457556 -86.3639466896 16
v -33.5387670942 -86.1982567146 16
v -33.3919837331 -86.0219424204 16
v -28.5552777669 -77.5 16
v -29.0354498291 -77.7470595841 16
v -29.4985402846 -78.0248200519 16
v -29.9425889233 -78.3321056745 16
v -30.3657161371 -78.6676157463 16
v -30.7661308761 -79.0299300908 16
v -31.1421382294 -79.417515072 16
v -31.4921466001 -79.8287300861 16
v -31.8146744421 -80.261834506 16
v -32.1083565311 -80.7149950493 16
v -32.3719497437 -81.1862935383 16
v -32.6043383195 -81.6737350191 16
v -32.8045385836 -82.1752562067 16
v -32.7 -100 16
v -32.7078630014 -99.7723292235 16
v -32.7314145348 -99.5457434019 16
v -32.7705423665 -99.3213223198 16
v -32.8250600345 -99.100135446 16
v -32.8947077373 -98.8832368365 16
v -32.9791535719 -98.6716601122 16
v -33.0779951153 -98.4664135323 16
v -33.1907613428 -98.2684751903 16
v -33.3169148717 -98.0787883525 16
v -33.4558545232 -97.8982569632 16
v -33.6069181864 -97.7277413366 16
v -33.7693859743 -97.5680540573 16
v -33.9424836539 -97.4199561079 16
v -34.1253863358 -97.2841532426 16
v -34.3172224055 -97.1612926238 16
v -34.5170776768 -97.0519597385 16
v -34.7239997483 -96.9566756076 16
v -34.9370025421 -96.8758943033 16
v -35.1550710028 -96.8100007853 16
v -35.377165935 -96.7593090663 16
v -35.6022289552 -96.7240607155 16
v -35.8291875355 -96.7044237072 16
v -36.056960115 -96.7004916207 16
v -36.2844612536 -96.7122831942 16
v -36.5106068048 -96.7397422355 16
v -36.7343190821 -96.7827378898 16
v -36.9545319945 -96.8410652632 16
v -37.1701961272 -96.9144463991 16
v -37.3802837426 -97.0025316032 16
v -37.5837936773 -97.1049011091 16
v -37.7797561138 -97.2210670798 16
v -37.967237202 -97.3504759313 16
v -38.1453435091 -97.4925109715 16
v -38.3132262774 -97.6464953389 16
v -38.470085469 -97.8116952278 16
v -38.6151735784 -97.9873233855 16
v -38.7477991949 -98.1725428638 16
v -38.8673302968 -98.3664710076 16
v -38.9731972641 -98.5681836609 16
v -39.0648955924 -98.7767195712 16
v -39.1419882975 -98.9910849697 16
v -39.2041079975 -99.2102583079 16
v -39.2509586638 -99.4331951248 16
v -39.2823170315 -99.6588330251 16
v -39.2980336638 -99.8860967414 16
v -39.2980336638 -100.113903259 16
v -39.2823170315 -100.341166975 16
v -39.2509586638 -100.566804875 16
v -39.2041079975 -100.789741692 16
v -39.1419882975 -101.00891503 16
v -39.0648955924 -101.223280429 16
v -38.9731972641 -101.431816339 16
v -38.8673302968 -101.633528992 16
v -38.7477991949 -101.827457136 16
v -38.6151735784 -102.012676615 16
v -38.470085469 -102.188304772 16
v -38.3132262774 -102.353504661 16
v -38.1453435091 -102.507489028 16
v -37.967237202 -102.649524069 16
v -37.7797561138 -102.77893292 16
v -37.5837936773 -102.895098891 16
v -37.3802837426 -102.997468397 16
v -37.1701961272 -103.085553601 16
v -36.9545319945 -103.158934737 16
v -36.7343190821 -103.21726211 16
v -36.5106068048 -103.260257764 16
v -36.2844612536 -103.287716806 16
v -36.056960115 -103.299508379 16
v -35.8291875355 -103.295576293 16
v -35.6022289552 -103.275939285 16
v -35.377165935 -103.240690934 16
v -35.1550710028 -103.189999215 16
v -34.9370025421 -103.124105697 16
v -34.7239997483 -103.043324392 16
v -34.5170776768 -102.948040261 16
v -34.3172224055 -102.838707376 16
v -34.1253863358 -102.715846757 16
v -33.9424836539 -102.580043892 16
v -33.7693859743 -102.431945943 16
v -33.6069181864 -102.272258663 16
v -33.4558545232 -102.101743037 16
v -33.3169148717 -101.921211647 16
v -33.1907613428 -101.73152481 16
v -33.0779951153 -101.533586468 16
v -32.9791535719 -101.328339888 16
v -32.8947077373 -101.116763163 16
v -32.8250600345 -100.899864554 16
v -32.7705423665 -100.67867768 16
v -32.7314145348 -100.454256598 16
v -32.7078630014 -100.227670777 16
v 53.3 -100 16
v 53.2921369986 -99.7723292235 16
v 53.2685854652 -99.5457434019 16
v 53.2294576335 -99.3213223198 16
v 53.1749399655 -99.100135446 16
v 53.1052922627 -98.8832368365 16
v 53.0208464281 -98.6716601122 16
v 52.9220048847 -98.4664135323 16
v 52.8092386572 -98.2684751903 16
v 52.6830851283 -98.0787883525 16
v 52.5441454768 -97.8982569632 16
v 52.3930818136 -97.7277413366 16
v 52.2306140257 -97.5680540573 16
v 52.0575163461 -97.4199561079 16
v 51.8746136642 -97.2841532426 16
v 51.6827775945 -97.1612926238 16
v 51.4829223232 -97.0519597385 16
v 51.2760002517 -96.9566756076 16
v 51.0629974579 -96.8758943033 16
v 50.8449289972 -96.8100007853 16
v 50.622834065 -96.7593090663 16
v 50.3977710448 -96.7240607155 16
v 50.1708124645 -96.7044237072 16
v 49.943039885 -96.7004916207 16
v 49.7155387464 -96.7122831942 16
v 49.4893931952 -96.7397422355 16
v 49.2656809179 -96.7827378898 16
v 49.0454680055 -96.8410652632 16
v 48.8298038728 -96.9144463991 16
v 48.6197162574 -97.0025316032 16
v 48.4162063227 -97.1049011091 16
v 48.2202438862 -97.2210670798 16
v 48.032762798 -97.3504759313 16
v 47.8546564909 -97.4925109715 16
v 47.6867737226 -97.6464953389 16
v 47.529914531 -97.8116952278 16
v 47.3848264216 -97.9873233855 16
v 47.2522008051 -98.1725428638 16
v 47.1326697032 -98.3664710076 16
v 47.0268027359 -98.5681836609 16
v 46.9351044076 -98.7767195712 16
v 46.8580117025 -98.9910849697 16
v 46.7958920025 -99.2102583079 16
v 46.7490413362 -99.4331951248 16
v 46.7176829685 -99.6588330251 16
v 46.7019663362 -99.8860967414 16
v 46.7019663362 -100.113903259 16
v 46.7176829685 -100.341166975 16
v 46.7490413362 -100.566804875 16
v 46.7958920025 -100.789741692 16
v 46.8580117025 -101.00891503 16
v 46.9351044076 -101.223280429 16
v 47.0268027359 -101.431816339 16
v 47.1326697032 -101.633528992 16
v 47.2522008051 -101.827457136 16
v 47.3848264216 -102.012676615 16
v 47.529914531 -102.188304772 16
v 47.6867737226 -102.353504661 16
v 47.8546564909 -102.507489028 16
v 48.032762798 -102.649524069 16
v 48.2202438862 -102.77893292 16
v 48.4162063227 -102.895098891 16
v 48.6197162574 -102.997468397 16
v 48.8298038728 -103.085553601 16
v 49.0454680055 -103.158934737 16
v 49.2656809179 -103.21726211 16
v 49.4893931952 -103.260257764 16
v 49.7155387464 -103.287716806 16
v 49.943039885 -103.299508379 16
v 50.1708124645 -103.295576293 16
v 50.3977710448 -103.275939285 16
v 50.622834065 -103.240690934 16
v 50.8449289972 -103.189999215 16
v 51.0629974579 -103.124105697 16
v 51.2760002517 -103.043324392 16
v 51.4829223232 -102.948040261 16
v 51.6827775945 -102.838707376 16
v 51.8746136642 -102.715846757 16
v 52.0575163461 -102.580043892 16
v 52.2306140257 -102.431945943 16
v 52.3930818136 -102.272258663 16
v 52.5441454768 -102.101743037 16
v 52.6830851283 -101.921211647 16
v 52.8092386572 -101.73152481 16
v 52.9220048847 -101.533586468 16
v 53.0208464281 -101.328339888 16
v 53.1052922627 -101.116763163 16
v 53.1749399655 -100.899864554 16
v 53.2294576335 -100.67867768 16
v 53.2685854652 -100.454256598 16
v 53.2921369986 -100.227670777 16
v 53.3 -84 16
v 53.2921369986 -83.7723292235 16
v 53.2685854652 -83.5457434019 16
v 53.2294576335 -83.3213223198 16
v 53.1749399655 -83.100135446 16
v 53.1052922627 -82.8832368365 16
v 53.0208464281 -82.6716601122 16
v 52.9220048847 -82.4664135323 16
v 52.8092386572 -82.2684751903 16
v 52.6830851283 -82.0787883525 16
v 52.5441454768 -81.8982569632 16
v 52.3930818136 -81.7277413366 16
v 52.2306140257 -81.5680540573 16
v 52.0575163461 -81.4199561079 16
v 51.8746136642 -81.2841532426 16
v 51.6827775945 -81.1612926238 16
v 51.4829223232 -81.0519597385 16
v 51.2760002517 -80.9566756076 16
v 51.0629974579 -80.8758943033 16
v 50.8449289972 -80.8100007853 16
v 50.622834065 -80.7593090663 16
v 50.3977710448 -80.7240607155 16
v 50.1708124645 -80.7044237072 16
v 49.943039885 -80.7004916207 16
v 49.7155387464 -80.7122831942 16
v 49.4893931952 -80.7397422355 16
v 49.2656809179 -80.7827378898 16
v 49.0454680055 -80.8410652632 16
v 48.8298038728 -80.9144463991 16
v 48.6197162574 -81.0025316032 16
v 48.4162063227 -81.1049011091 16
v 48.2202438862 -81.2210670798 16
v 48.032762798 -81.3504759313 16
v 47.8546564909 -81.4925109715 16
v 47.6867737226 -81.6464953389 16
v 47.529914531 -81.8116952278 16
v 47.3848264216 -81.9873233855 16
v 47.2522008051 -82.1725428638 16
v 47.1326697032 -82.3664710076 16
v 47.0268027359 -82.5681836609 16
v 46.9351044076 -82.7767195712 16
v 46.8580117025 -82.9910849697 16
v 46.7958920025 -83.2102583079 16
v 46.7490413362 -83.4331951248 16
v 46.7176829685 -83.6588330251 16
v 46.7019663362 -83.8860967414 16
v 46.7019663362 -84.1139032586 16
v 46.7176829685 -84.3411669749 16
v 46.7490413362 -84.5668048752 16
v 46.7958920025 -84.7897416921 16
v 46.8580117025 -85.0089150303 16
v 46.9351044076 -85.2232804288 16
v 47.0268027359 -85.4318163391 16
v 47.1326697032 -85.6335289924 16
v 47.2522008051 -85.8274571362 16
v 47.3848264216 -86.0126766145 16
v 47.529914531 -86.1883047722 16
v 47.6867737226 -86.3535046611 16
v 47.8546564909 -86.5074890285 16
v 48.032762798 -86.6495240687 16
v 48.2202438862 -86.7789329202 16
v 48.4162063227 -86.8950988909 16
v 48.6197162574 -86.9974683968 16
v 48.8298038728 -87.0855536009 16
v 49.0454680055 -87.1589347368 16
v 49.2656809179 -87.2172621102 16
v 49.4893931952 -87.2602577645 16
v 49.7155387464 -87.2877168058 16
v 49.943039885 -87.2995083793 16
v 50.1708124645 -87.2955762928 16
v 50.3977710448 -87.2759392845 16
v 50.622834065 -87.2406909337 16
v 50.8449289972 -87.1899992147 16
v 51.0629974579 -87.1241056967 16
v 51.2760002517 -87.0433243924 16
v 51.4829223232 -86.9480402615 16
v 51.6827775945 -86.8387073762 16
v 51.8746136642 -86.7158467574 16
v 52.0575163461 -86.5800438921 16
v 52.2306140257 -86.4319459427 16
v 52.3930818136 -86.2722586634 16
v 52.5441454768 -86.1017430368 16
v 52.6830851283 -85.9212116475 16
v 52.8092386572 -85.7315248097 16
v 52.9220048847 -85.5335864677 16
v 53.0208464281 -85.3283398878 16
v 53.1052922627 -85.1167631635 16
v 53.1749399655 -84.899864554 16
v 53.2294576335 -84.6786776802 16
v 53.2685854652 -84.4542565981 16
v 53.2921369986 -84.2276707765 16
v -43 -107.5 16.5
v -43 -77.5 16.5
v -42.5 -77 16.5
v -27.2113344387 -77 16.5
v -27.6233218935 -77.1254725702 16.3745274298
v -28.0282464081 -77.2721462429 16.2278537571
v -28.2937329847 -77.3815143877 16.1184856123
v -27.2113344387 -77 24
v -27.7492392809 -77.168545258 24
v -28.2744634965 -77.3732124187 24
v -28.7845845344 -77.6130574727 24
v -29.2772495058 -77.8869741555 24
v -29.7501860366 -78.1936990503 24
v -30.2012127481 -78.5318174153 24
v -30.6282493189 -78.8997697089 24
v -31.0293260801 -79.2958587834 24
v -31.4025931001 -79.7182577122 24
v -31.7463287171 -80.1650182171 24
v -32.0589474807 -80.6340796544 24
v -32.339007464 -81.1232785188 24
v -32.5852169148 -81.6303584233 24
v -32.7964402134 -82.1529805061 24
v -32.9717031107 -82.6887342182 24
v -32.7 -84 24
v -32.7 -84 28
v -32.7078630014 -83.7723292235 28
v -32.7314145348 -83.5457434019 28
v -32.7705423665 -83.3213223198 28
v -32.8250600345 -83.100135446 28
v -32.8947077373 -82.8832368365 28
v -32.9791535719 -82.6716601122 28
v -33.0779951153 -82.4664135323 28
v -33.1907613428 -82.2684751903 28
v -33.3169148717 -82.0787883525 28
v -33.4558545232 -81.8982569632 28
v -33.6069181864 -81.7277413366 28
v -33.7693859743 -81.5680540573 28
v -33.9424836539 -81.4199561079 28
v -34.1253863358 -81.2841532426 28
v -34.3172224055 -81.1612926238 28
v -34.5170776768 -81.0519597385 28
v -34.7239997483 -80.9566756076 28
v -34.9370025421 -80.8758943033 28
v -35.1550710028 -80.8100007853 28
v -35.377165935 -80.7593090663 28
v -35.6022289552 -80.7240607155 28
v -35.8291875355 -80.7044237072 28
v -36.056960115 -80.7004916207 28
v -36.2844612536 -80.7122831942 28
v -36.5106068048 -80.7397422355 28
v -36.7343190821 -80.7827378898 28
v -36.9545319945 -80.8410652632 28
v -37.1701961272 -80.9144463991 28
v -37.3802837426 -81.0025316032 28
v -37.5837936773 -81.1049011091 28
v -37.7797561138 -81.2210670798 28
v -37.967237202 -81.3504759313 28
v -38.1453435091 -81.4925109715 28
v -38.3132262774 -81.6464953389 28
v -38.470085469 -81.8116952278 28
v -38.6151735784 -81.9873233855 28
v -38.7477991949 -82.1725428638 28
v -38.8673302968 -82.3664710076 28
v -38.9731972641 -82.5681836609 28
v -39.0648955924 -82.7767195712 28
v -39.1419882975 -82.9910849697 28
v -39.2041079975 -83.2102583079 28
v -39.2509586638 -83.4331951248 28
v -39.2823170315 -83.6588330251 28
v -39.2980336638 -83.8860967414 28
v -39.2980336638 -84.1139032586 28
v -39.2823170315 -84.3411669749 28
v -39.2509586638 -84.5668048752 28
v -39.2041079975 -84.7897416921 28
v -39.1419882975 -85.0089150303 28
v -39.0648955924 -85.2232804288 28
v -38.9731972641 -85.4318163391 28
v -38.8673302968 -85.6335289924 28
v -38.7477991949 -85.8274571362 28
v -38.6151735784 -86.0126766145 28
v -38.470085469 -86.1883047722 28
v -38.3132262774 -86.3535046611 28
v -38.1453435091 -86.5074890285 28
v -37.967237202 -86.6495240687 28
v -37.7797561138 -86.7789329202 28
v -37.5837936773 -86.8950988909 28
v -37.3802837426 -86.9974683968 28
v -37.1701961272 -87.0855536009 28
v -36.9545319945 -87.1589347368 28
v -36.7343190821 -87.2172621102 28
v -36.5106068048 -87.2602577645 28
v -36.2844612536 -87.2877168058 28
v -36.056960115 -87.2995083793 28
v -35.8291875355 -87.2955762928 28
v -35.6022289552 -87.2759392845 28
v -35.377165935 -87.2406909337 28
v -35.1550710028 -87.1899992147 28
v -34.9370025421 -87.1241056967 28
v -34.7239997483 -87.0433243924 28
v -34.5170776768 -86.9480402615 28
v -34.3172224055 -86.8387073762 28
v -34.1253863358 -86.7158467574 28
v -33.9424836539 -86.5800438921 28
v -33.7693859743 -86.4319459427 28
v -33.6069181864 -86.2722586634 28
v -33.4558545232 -86.1017430368 28
v -33.3169148717 -85.9212116475 28
v -33.1907613428 -85.7315248097 28
v -33.0779951153 -85.5335864677 28
v -32.9791535719 -85.3283398878 28
v -32.8947077373 -85.1167631635 28
v -32.8250600345 -84.899864554 28
v -32.7705423665 -84.6786776802 28
v -32.7314145348 -84.4542565981 28
v -32.7078630014 -84.2276707765 28
v -32.7076502539 -83.7754267402 24
v -32.7305655449 -83.5518947182 24
v -32.7686396259 -83.3304403442 24
v -32.8216959658 -83.1120903952 24
v -32.889488568 -82.8978572546 24
v -33.257805086 -85.8358559457 24
v -33.1434400035 -85.6522908298 24
v -33.0413446263 -85.4616286736 24
v -32.9519574818 -85.264688423 24
v -32.8756625124 -85.0623159904 24
v -32.8127874256 -84.8553806204 24
v -32.7636022873 -84.6447711571 24
v -32.7283183609 -84.4313922256 24
v -32.7070872006 -84.2161603466 24
v -16.7 -85 24
v -33.1803764235 -86.4040803288 24
v -33.0638954411 -86.9656017691 24
v -32.9089182076 -87.5177396181 24
v -32.7161845693 -88.0578580236 24
v -32.4866146177 -88.5833785128 24
v -32.2213042975 -89.0917923021 24
v -31.9215201741 -89.5806722737 24
v -31.5886933879 -90.0476845622 24
v -31.2244128215 -90.4905996965 24
v -30.8304175148 -90.9073032428 24
v -30.4085883631 -91.2958058991 24
v -29.9609391374 -91.6542529915 24
v -29.4896068718 -91.9809333285 24
v -28.9968416604 -92.27428737 24
v -28.4849959164 -92.5329146725 24
v -27.9565131415 -92.7555805743 24
v -27.4139162609 -92.9412220902 24
v -26.8597955793 -93.0889529856 24
v -26.2967964148 -93.1980680077 24
v -25.7276064707 -93.2680462519 24
v -25.1549430041 -93.298553649 24
v -24.5815398547 -93.2894445596 24
v -24.0101343933 -93.2407624696 24
v -23.4434544538 -93.1527397826 24
v -22.8842053111 -93.0257967103 24
v -22.3350567661 -92.8605392665 24
v -21.7986304004 -92.6577563742 24
v -21.2774870612 -92.4184160992 24
v -20.774114636 -92.1436610285 24
v -20.2909161759 -91.8348028163 24
v -19.830198423 -91.4933159213 24
v -19.3941607991 -91.1208305689 24
v -18.9848849053 -90.7191249678 24
v -18.6043245848 -90.2901168213 24
v -18.2542965956 -89.8358541727 24
v -17.9364719371 -89.3585056274 24
v -17.6523678732 -88.8603500009 24
v -17.4033406892 -88.3437654398 24
v -17.1905792165 -87.8112180682 24
v -17.0150991577 -87.2652502155 24
v -16.8777382374 -86.708468279 24
v -16.7791522034 -86.1435302814 24
v -16.7198116956 -85.5731331817 24
v -16.7194536667 -84.4320630121 24
v -16.7777234752 -83.8667883029 24
v -16.8745362783 -83.3068256715 24
v -17.0094382531 -82.7548000158 24
v -17.1817970292 -82.2132990281 24
v -17.3908046522 -81.6848610649 24
v -17.6354813717 -81.1719632482 24
v -17.9146802335 -80.6770098535 24
v -18.2270924566 -80.2023210394 24
v -18.571253568 -79.7501219717 24
v -18.9455502673 -79.3225323925 24
v -19.3482279901 -78.9215566838 24
v -19.777399132 -78.5490744716 24
v -20.2310518971 -78.2068318148 24
v -20.707059729 -77.8964330207 24
v -21.2031912787 -77.619333124 24
v -21.717120865 -77.3768310668 24
v -22.2464393757 -77.1700636089 24
v -22.7886655613 -77 24
v -21.8385373308 -77.3256821938 16.1743178062
v -22.2408642402 -77.1720264526 16.3279735474
v -22.5132769004 -77.0812748358 16.4187251642
v -22.7886655613 -77 16.5
v 59.5 -77 16.5
v 60 -107.5 16.5
v 60 -77.5 16.5
v -42.5 -108 16.5
v 59.5 -108 16.5
v -32.7 -100 28
v -32.7078630014 -99.7723292235 28
v -32.7314145348 -99.5457434019 28
v -32.7705423665 -99.3213223198 28
v -32.8250600345 -99.100135446 28
v -32.8947077373 -98.8832368365 28
v -32.9791535719 -98.6716601122 28
v -33.0779951153 -98.4664135323 28
v -33.1907613428 -98.2684751903 28
v -33.3169148717 -98.0787883525 28
v -33.4558545232 -97.8982569632 28
v -33.6069181864 -97.7277413366 28
v -33.7693859743 -97.5680540573 28
v -33.9424836539 -97.4199561079 28
v -34.1253863358 -97.2841532426 28
v -34.3172224055 -97.1612926238 28
v -34.5170776768 -97.0519597385 28
v -34.7239997483 -96.9566756076 28
v -34.9370025421 -96.8758943033 28
v -35.1550710028 -96.8100007853 28
v -35.377165935 -96.7593090663 28
v -35.6022289552 -96.7240607155 28
v -35.8291875355 -96.7044237072 28
v -36.056960115 -96.7004916207 28
v -36.2844612536 -96.7122831942 28
v -36.5106068048 -96.7397422355 28
v -36.7343190821 -96.7827378898 28
v -36.9545319945 -96.8410652632 28
v -37.1701961272 -96.9144463991 28
v -37.3802837426 -97.0025316032 28
v -37.5837936773 -97.1049011091 28
v -37.7797561138 -97.2210670798 28
v -37.967237202 -97.3504759313 28
v -38.1453435091 -97.4925109715 28
v -38.3132262774 -97.6464953389 28
v -38.470085469 -97.8116952278 28
v -38.6151735784 -97.9873233855 28
v -38.7477991949 -98.1725428638 28
v -38.8673302968 -98.3664710076 28
v -38.9731972641 -98.5681836609 28
v -39.0648955924 -98.7767195712 28
v -39.1419882975 -98.9910849697 28
v -39.2041079975 -99.2102583079 28
v -39.2509586638 -99.4331951248 28
v -39.2823170315 -99.6588330251 28
v -39.2980336638 -99.8860967414 28
v -39.2980336638 -100.113903259 28
v -39.2823170315 -100.341166975 28
v -39.2509586638 -100.566804875 28
v -39.2041079975 -100.789741692 28
v -39.1419882975 -101.00891503 28
v -39.0648955924 -101.223280429 28
v -38.9731972641 -101.431816339 28
v -38.8673302968 -101.633528992 28
v -38.7477991949 -101.827457136 28
v -38.6151735784 -102.012676615 28
v -38.470085469 -102.188304772 28
v -38.3132262774 -102.353504661 28
v -38.1453435091 -102.507489028 28
v -37.967237202 -102.649524069 28
v -37.7797561138 -102.77893292 28
v -37.5837936773 -102.895098891 28
v -37.3802837426 -102.997468397 28
v -37.1701961272 -103.085553601 28
v -36.9545319945 -103.158934737 28
v -36.7343190821 -103.21726211 28
v -36.5106068048 -103.260257764 28
v -36.2844612536 -103.287716806 28
v -36.056960115 -103.299508379 28
v -35.8291875355 -103.295576293 28
v -35.6022289552 -103.275939285 28
v -35.377165935 -103.240690934 28
v -35.1550710028 -103.189999215 28
v -34.9370025421 -103.124105697 28
v -34.7239997483 -103.043324392 28
v -34.5170776768 -102.948040261 28
v -34.3172224055 -102.838707376 28
v -34.1253863358 -102.715846757 28
v -33.9424836539 -102.580043892 28
v -33.7693859743 -102.431945943 28
v -33.6069181864 -102.272258663 28
v -33.4558545232 -102.101743037 28
v -33.3169148717 -101.921211647 28
v -33.1907613428 -101.73152481 28
v -33.0779951153 -101.533586468 28
v -32.9791535719 -101.328339888 28
v -32.8947077373 -101.116763163 28
v -32.8250600345 -100.899864554 28
v -32.7705423665 -100.67867768 28
v -32.7314145348 -100.454256598 28
v -32.7078630014 -100.227670777 28
v 53.3 -100 28
v 53.2921369986 -99.7723292235 28
v 53.2685854652 -99.5457434019 28
v 53.2294576335 -99.3213223198 28
v 53.1749399655 -99.100135446 28
v 53.1052922627 -98.8832368365 28
v 53.0208464281 -98.6716601122 28
v 52.9220048847 -98.4664135323 28
v 52.8092386572 -98.2684751903 28
v 52.6830851283 -98.0787883525 28
v 52.5441454768 -97.8982569632 28
v 52.3930818136 -97.7277413366 28
v 52.2306140257 -97.5680540573 28
v 52.0575163461 -97.4199561079 28
v 51.8746136642 -97.2841532426 28
v 51.6827775945 -97.1612926238 28
v 51.4829223232 -97.0519597385 28
v 51.2760002517 -96.9566756076 28
v 51.0629974579 -96.8758943033 28
v 50.8449289972 -96.8100007853 28
v 50.622834065 -96.7593090663 28
v 50.3977710448 -96.7240607155 28
v 50.1708124645 -96.7044237072 28
v 49.943039885 -96.7004916207 28
v 49.7155387464 -96.7122831942 28
v 49.4893931952 -96.7397422355 28
v 49.2656809179 -96.7827378898 28
v 49.0454680055 -96.8410652632 28
v 48.8298038728 -96.9144463991 28
v 48.6197162574 -97.0025316032 28
v 48.4162063227 -97.1049011091 28
v 48.2202438862 -97.2210670798 28
v 48.032762798 -97.3504759313 28
v 47.8546564909 -97.4925109715 28
v 47.6867737226 -97.6464953389 28
v 47.529914531 -97.8116952278 28
v 47.3848264216 -97.9873233855 28
v 47.2522008051 -98.1725428638 28
v 47.1326697032 -98.3664710076 28
v 47.0268027359 -98.5681836609 28
v 46.9351044076 -98.7767195712 28
v 46.8580117025 -98.9910849697 28
v 46.7958920025 -99.2102583079 28
v 46.7490413362 -99.4331951248 28
v 46.7176829685 -99.6588330251 28
v 46.7019663362 -99.8860967414 28
v 46.7019663362 -100.113903259 28
v 46.7176829685 -100.341166975 28
v 46.7490413362 -100.566804875 28
v 46.7958920025 -100.789741692 28
v 46.8580117025 -101.00891503 28
v 46.9351044076 -101.223280429 28
v 47.0268027359 -101.431816339 28
v 47.1326697032 -101.633528992 28
v 47.2522008051 -101.827457136 28
v 47.3848264216 -102.012676615 28
v 47.529914531 -102.188304772 28
v 47.6867737226 -102.353504661 28
v 47.8546564909 -102.507489028 28
v 48.032762798 -102.649524069 28
v 48.2202438862 -102.77893292 28
v 48.4162063227 -102.895098891 28
v 48.6197162574 -102.997468397 28
v 48.8298038728 -103.085553601 28
v 49.0454680055 -103.158934737 28
v 49.2656809179 -103.21726211 28
v 49.4893931952 -103.260257764 28
v 49.7155387464 -103.287716806 28
v 49.943039885 -103.299508379 28
v 50.1708124645 -103.295576293 28
v 50.3977710448 -103.275939285 28
v 50.622834065 -103.240690934 28
v 50.8449289972 -103.189999215 28
v 51.0629974579 -103.124105697 28
v 51.2760002517 -103.043324392 28
v 51.4829223232 -102.948040261 28
v 51.6827775945 -102.838707376 28
v 51.8746136642 -102.715846757 28
v 52.0575163461 -102.580043892 28
v 52.2306140257 -102.431945943 28
v 52.3930818136 -102.272258663 28
v 52.5441454768 -102.101743037 28
v 52.6830851283 -101.921211647 28
v 52.8092386572 -101.73152481 28
v 52.9220048847 -101.533586468 28
v 53.0208464281 -101.328339888 28
v 53.1052922627 -101.116763163 28
v 53.1749399655 -100.899864554 28
v 53.2294576335 -100.67867768 28
v 53.2685854652 -100.454256598 28
v 53.2921369986 -100.227670777 28
v 53.3 -84 28
v 53.2921369986 -83.7723292235 28
v 53.2685854652 -83.5457434019 28
v 53.2294576335 -83.3213223198 28
v 53.1749399655 -83.100135446 28
v 53.1052922627 -82.8832368365 28
v 53.0208464281 -82.6716601122 28
v 52.9220048847 -82.4664135323 28
v 52.8092386572 -82.2684751903 28
v 52.6830851283 -82.0787883525 28
v 52.5441454768 -81.8982569632 28
v 52.3930818136 -81.7277413366 28
v 52.2306140257 -81.5680540573 28
v 52.0575163461 -81.4199561079 28
v 51.8746136642 -81.2841532426 28
v 51.6827775945 -81.1612926238 28
v 51.4829223232 -81.0519597385 28
v 51.2760002517 -80.9566756076 28
v 51.0629974579 -80.8758943033 28
v 50.8449289972 -80.8100007853 28
v 50.622834065 -80.7593090663 28
v 50.3977710448 -80.7240607155 28
v 50.1708124645 -80.7044237072 28
v 49.943039885 -80.7004916207 28
v 49.7155387464 -80.7122831942 28
v 49.4893931952 -80.7397422355 28
v 49.2656809179 -80.7827378898 28
v 49.0454680055 -80.8410652632 28
v 48.8298038728 -80.9144463991 28
v 48.6197162574 -81.0025316032 28
v 48.4162063227 -81.1049011091 28
v 48.2202438862 -81.2210670798 28
v 48.032762798 -81.3504759313 28
v 47.8546564909 -81.4925109715 28
v 47.6867737226 -81.6464953389 28
v 47.529914531 -81.8116952278 28
v 47.3848264216 -81.9873233855 28
v 47.2522008051 -82.1725428638 28
v 47.1326697032 -82.3664710076 28
v 47.0268027359 -82.5681836609 28
v 46.9351044076 -82.7767195712 28
v 46.8580117025 -82.9910849697 28
v 46.7958920025 -83.2102583079 28
v 46.7490413362 -83.4331951248 28
v 46.7176829685 -83.6588330251 28
v 46.7019663362 -83.8860967414 28
v 46.7019663362 -84.1139032586 28
v 46.7176829685 -84.3411669749 28
v 46.7490413362 -84.5668048752 28
v 46.7958920025 -84.7897416921 28
v 46.8580117025 -85.0089150303 28
v 46.9351044076 -85.2232804288 28
v 47.0268027359 -85.4318163391 28
v 47.1326697032 -85.6335289924 28
v 47.2522008051 -85.8274571362 28
v 47.3848264216 -86.0126766145 28
v 47.529914531 -86.1883047722 28
v 47.6867737226 -86.3535046611 28
v 47.8546564909 -86.5074890285 28
v 48.032762798 -86.6495240687 28
v 48.2202438862 -86.7789329202 28
v 48.4162063227 -86.8950988909 28
v 48.6197162574 -86.9974683968 28
v 48.8298038728 -87.0855536009 28
v 49.0454680055 -87.1589347368 28
v 49.2656809179 -87.2172621102 28
v 49.4893931952 -87.2602577645 28
v 49.7155387464 -87.2877168058 28
v 49.943039885 -87.2995083793 28
v 50.1708124645 -87.2955762928 28
v 50.3977710448 -87.2759392845 28
v 50.622834065 -87.2406909337 28
v 50.8449289972 -87.1899992147 28
v 51.0629974579 -87.1241056967 28
v 51.2760002517 -87.0433243924 28
v 51.4829223232 -86.9480402615 28
v 51.6827775945 -86.8387073762 28
v 51.8746136642 -86.7158467574 28
v 52.0575163461 -86.5800438921 28
v 52.2306140257 -86.4319459427 28
v 52.3930818136 -86.2722586634 28
v 52.5441454768 -86.1017430368 28
v 52.6830851283 -85.9212116475 28
v 52.8092386572 -85.7315248097 28
v 52.9220048847 -85.5335864677 28
v 53.0208464281 -85.3283398878 28
v 53.1052922627 -85.1167631635 28
v 53.1749399655 -84.899864554 28
v 53.2294576335 -84.6786776802 28
v 53.2685854652 -84.4542565981 28
v 53.2921369986 -84.2276707765 28
v -43 -107.5 27.5
v -43 -77.5 27.5
v -42.5 -77 27.5
v 59.5 -77 27.5
v -42.5 -107.5 28
v -42.5 -77.5 28
v 59.5 -107.5 28
v 59.5 -77.5 28
v -27 -103.5 28
v -27 -106.5 28
v -26.5 -103 28
v 26.5 -103 28
v 27 -103.5 28
v 27 -106.5 28
v 26.5 -107 28
v -26.5 -107 28
v 60 -107.5 27.5
v 60 -77.5 27.5
v -42.5 -108 27.5
v 59.5 -108 27.5
v -27 -106.5 286.5
v -27 -103.5 286.5
v -26.5 -103 286.5
v -26.5 -107 286.5
v 26.5 -103 286.5
v -20 -103 242.1
v -19.8551185968 -103 242.094996272
v -19.7109276194 -103 242.080008932
v -19.5681142035 -103 242.055109403
v -19.4273589202 -103 242.020416342
v -19.2893325323 -103 241.976095076
v -19.1546927986 -103 241.922356818
v -19.0240813387 -103 241.859457654
v -18.8981205756 -103 241.787697327
v -18.7774107698 -103 241.707417809
v -18.6625271584 -103 241.619001667
v -18.5540172142 -103 241.522870245
v -18.4523980364 -103 241.419481653
v -18.3581538868 -103 241.309328584
v -18.2717338816 -103 241.192935968
v -18.1935498515 -103 241.070858469
v -18.1239743791 -103 240.943677842
v -18.063339023 -103 240.81200016
v -18.0119327384 -103 240.676452928
v -17.9700004997 -103 240.537682089
v -17.9377421331 -103 240.39634895
v -17.9153113644 -103 240.253127029
v -17.9028150864 -103 240.108698841
v -17.9003128495 -103 239.963752654
v -17.9078165781 -103 239.818979202
v -17.9252905135 -103 239.675068397
v -17.9526513844 -103 239.532706039
v -17.9897688038 -103 239.392570549
v -18.0364658904 -103 239.255329737
v -18.0925201111 -103 239.121637618
v -18.1576643422 -103 238.992131296
v -18.2315881417 -103 238.867427928
v -18.313939229 -103 238.748121781
v -18.4043251637 -103 238.634781403
v -18.5023152157 -103 238.527946914
v -18.6074424177 -103 238.428127429
v -18.7192057908 -103 238.335798632
v -18.8370727315 -103 238.251400512
v -18.9604815503 -103 238.175335266
v -19.0888441479 -103 238.107965377
v -19.221548818 -103 238.049611896
v -19.3579631625 -103 238.000552902
v -19.497437105 -103 237.961022183
v -19.6393059885 -103 237.931208123
v -19.7828937432 -103 237.911252798
v -19.9275161082 -103 237.901251305
v -20.0724838918 -103 237.901251305
v -20.2171062568 -103 237.911252798
v -20.3606940115 -103 237.931208123
v -20.502562895 -103 237.961022183
v -20.6420368375 -103 238.000552902
v -20.778451182 -103 238.049611896
v -20.9111558521 -103 238.107965377
v -21.0395184497 -103 238.175335266
v -21.1629272685 -103 238.251400512
v -21.2807942092 -103 238.335798632
v -21.3925575823 -103 238.428127429
v -21.4976847843 -103 238.527946914
v -21.5956748363 -103 238.634781403
v -21.686060771 -103 238.748121781
v -21.7684118583 -103 238.867427928
v -21.8423356578 -103 238.992131296
v -21.9074798889 -103 239.121637618
v -21.9635341096 -103 239.255329737
v -22.0102311962 -103 239.392570549
v -22.0473486156 -103 239.532706039
v -22.0747094865 -103 239.675068397
v -22.0921834219 -103 239.818979202
v -22.0996871505 -103 239.963752654
v -22.0971849136 -103 240.108698841
v -22.0846886356 -103 240.253127029
v -22.0622578669 -103 240.39634895
v -22.0299995003 -103 240.537682089
v -21.9880672616 -103 240.676452928
v -21.936660977 -103 240.81200016
v -21.8760256209 -103 240.943677842
v -21.8064501485 -103 241.070858469
v -21.7282661184 -103 241.192935968
v -21.6418461132 -103 241.309328584
v -21.5476019636 -103 241.419481653
v -21.4459827858 -103 241.522870245
v -21.3374728416 -103 241.619001667
v -21.2225892302 -103 241.707417809
v -21.1018794244 -103 241.787697327
v -20.9759186613 -103 241.859457654
v -20.8453072014 -103 241.922356818
v -20.7106674677 -103 241.976095076
v -20.5726410798 -103 242.020416342
v -20.4318857965 -103 242.055109403
v -20.2890723806 -103 242.080008932
v -20.1448814032 -103 242.094996272
v -20 -103 282.1
v -19.8551185968 -103 282.094996272
v -19.7109276194 -103 282.080008932
v -19.5681142035 -103 282.055109403
v -19.4273589202 -103 282.020416342
v -19.2893325323 -103 281.976095076
v -19.1546927986 -103 281.922356818
v -19.0240813387 -103 281.859457654
v -18.8981205756 -103 281.787697327
v -18.7774107698 -103 281.707417809
v -18.6625271584 -103 281.619001667
v -18.5540172142 -103 281.522870245
v -18.4523980364 -103 281.419481653
v -18.3581538868 -103 281.309328584
v -18.2717338816 -103 281.192935968
v -18.1935498515 -103 281.070858469
v -18.1239743791 -103 280.943677842
v -18.063339023 -103 280.81200016
v -18.0119327384 -103 280.676452928
v -17.9700004997 -103 280.537682089
v -17.9377421331 -103 280.39634895
v -17.9153113644 -103 280.253127029
v -17.9028150864 -103 280.108698841
v -17.9003128495 -103 279.963752654
v -17.9078165781 -103 279.818979202
v -17.9252905135 -103 279.675068397
v -17.9526513844 -103 279.532706039
v -17.9897688038 -103 279.392570549
v -18.0364658904 -103 279.255329737
v -18.0925201111 -103 279.121637618
v -18.1576643422 -103 278.992131296
v -18.2315881417 -103 278.867427928
v -18.313939229 -103 278.748121781
v -18.4043251637 -103 278.634781403
v -18.5023152157 -103 278.527946914
v -18.6074424177 -103 278.428127429
v -18.7192057908 -103 278.335798632
v -18.8370727315 -103 278.251400512
v -18.9604815503 -103 278.175335266
v -19.0888441479 -103 278.107965377
v -19.221548818 -103 278.049611896
v -19.3579631625 -103 278.000552902
v -19.497437105 -103 277.961022183
v -19.6393059885 -103 277.931208123
v -19.7828937432 -103 277.911252798
v -19.9275161082 -103 277.901251305
v -20.0724838918 -103 277.901251305
v -20.2171062568 -103 277.911252798
v -20.3606940115 -103 277.931208123
v -20.502562895 -103 277.961022183
v -20.6420368375 -103 278.000552902
v -20.778451182 -103 278.049611896
v -20.9111558521 -103 278.107965377
v -21.0395184497 -103 278.175335266
v -21.1629272685 -103 278.251400512
v -21.2807942092 -103 278.335798632
v -21.3925575823 -103 278.428127429
v -21.4976847843 -103 278.527946914
v -21.5956748363 -103 278.634781403
v -21.686060771 -103 278.748121781
v -21.7684118583 -103 278.867427928
v -21.8423356578 -103 278.992131296
v -21.9074798889 -103 279.121637618
v -21.9635341096 -103 279.255329737
v -22.0102311962 -103 279.392570549
v -22.0473486156 -103 279.532706039
v -22.0747094865 -103 279.675068397
v -22.0921834219 -103 279.818979202
v -22.0996871505 -103 279.963752654
v -22.0971849136 -103 280.108698841
v -22.0846886356 -103 280.253127029
v -22.0622578669 -103 280.39634895
v -22.0299995003 -103 280.537682089
v -21.9880672616 -103 280.676452928
v -21.936660977 -103 280.81200016
v -21.8760256209 -103 280.943677842
v -21.8064501485 -103 281.070858469
v -21.7282661184 -103 281.192935968
v -21.6418461132 -103 281.309328584
v -21.5476019636 -103 281.419481653
v -21.4459827858 -103 281.522870245
v -21.3374728416 -103 281.619001667
v -21.2225892302 -103 281.707417809
v -21.1018794244 -103 281.787697327
v -20.9759186613 -103 281.859457654
v -20.8453072014 -103 281.922356818
v -20.7106674677 -103 281.976095076
v -20.5726410798 -103 282.020416342
v -20.4318857965 -103 282.055109403
v -20.2890723806 -103 282.080008932
v -20.1448814032 -103 282.094996272
v -2.20436423847e-15 -103 269
v 0.620920299639 -103 268.978555451
v 1.23888163128 -103 268.914323996
v 1.85093912777 -103 268.807611728
v 2.45417605641 -103 268.658927179
v 3.0457177185 -103 268.468978898
v 3.62274514866 -103 268.238672077
v 4.18250854839 -103 267.969104231
v 4.72234039019 -103 267.661559974
v 5.23966812949 -103 267.317504895
v 5.73202646401 -103 266.938578573
v 6.19706908209 -103 266.526586764
v 6.63257984386 -103 266.083492797
v 7.03648334221 -103 265.611408217
v 7.40685479304 -103 265.112582721
v 7.74192920772 -103 264.58939344
v 8.04010980407 -103 264.044333609
v 8.29997561576 -103 263.480000686
v 8.52028826385 -103 262.899083976
v 8.69999785824 -103 262.304351811
v 8.83824800088 -103 261.698638359
v 8.93437986688 -103 261.084830122
v 8.98793534412 -103 260.465852176
v 8.99865921637 -103 259.844654232
v 8.96650037948 -103 259.224196581
v 8.89161208496 -103 258.607435987
v 8.77435120964 -103 257.997311594
v 8.61527655498 -103 257.396730924
v 8.41514618417 -103 256.808556017
v 8.17491380955 -103 256.235589793
v 7.89572424779 -103 255.680562698
v 7.57890796431 -103 255.14611969
v 7.22597473295 -103 254.634807631
v 6.8386064413 -103 254.149063157
v 6.41864907568 -103 253.691201062
v 5.96810392417 -103 253.263403266
v 5.4891180396 -103 252.867708422
v 4.98397400784 -103 252.506002196
v 4.45507907025 -103 252.180008281
v 3.90495365206 -103 251.891280189
v 3.33621935141 -103 251.641193839
v 2.75158644624 -103 251.430941007
v 2.15384097859 -103 251.261523643
v 1.54583147782 -103 251.133749099
v 0.930455386095 -103 251.048226278
v 0.310645250727 -103 251.005362735
v -0.310645250727 -103 251.005362735
v -0.930455386095 -103 251.048226278
v -1.54583147782 -103 251.133749099
v -2.15384097859 -103 251.261523643
v -2.75158644624 -103 251.430941007
v -3.33621935141 -103 251.641193839
v -3.90495365206 -103 251.891280189
v -4.45507907025 -103 252.180008281
v -4.98397400784 -103 252.506002196
v -5.4891180396 -103 252.867708422
v -5.96810392417 -103 253.263403266
v -6.41864907568 -103 253.691201062
v -6.8386064413 -103 254.149063157
v -7.22597473295 -103 254.634807631
v -7.57890796431 -103 255.14611969
v -7.89572424779 -103 255.680562698
v -8.17491380955 -103 256.235589793
v -8.41514618417 -103 256.808556017
v -8.61527655498 -103 257.396730924
v -8.77435120964 -103 257.997311594
v -8.89161208496 -103 258.607435987
v -8.96650037948 -103 259.224196581
v -8.99865921637 -103 259.844654232
v -8.98793534412 -103 260.465852176
v -8.93437986688 -103 261.084830122
v -8.83824800088 -103 261.698638359
v -8.69999785824 -103 262.304351811
v -8.52028826385 -103 262.899083976
v -8.29997561576 -103 263.480000686
v -8.04010980407 -103 264.044333609
v -7.74192920772 -103 264.58939344
v -7.40685479304 -103 265.112582721
v -7.03648334221 -103 265.611408217
v -6.63257984386 -103 266.083492797
v -6.19706908209 -103 266.526586764
v -5.73202646401 -103 266.938578573
v -5.23966812949 -103 267.317504895
v -4.72234039019 -103 267.661559974
v -4.18250854839 -103 267.969104231
v -3.62274514866 -103 268.238672077
v -3.0457177185 -103 268.468978898
v -2.45417605641 -103 268.658927179
v -1.85093912777 -103 268.807611728
v -1.23888163128 -103 268.914323996
v -0.620920299639 -103 268.978555451
v 20 -103 242.1
v 20.1448814032 -103 242.094996272
v 20.2890723806 -103 242.080008932
v 20.4318857965 -103 242.055109403
v 20.5726410798 -103 242.020416342
v 20.7106674677 -103 241.976095076
v 20.8453072014 -103 241.922356818
v 20.9759186613 -103 241.859457654
v 21.1018794244 -103 241.787697327
v 21.2225892302 -103 241.707417809
v 21.3374728416 -103 241.619001667
v 21.4459827858 -103 241.522870245
v 21.5476019636 -103 241.419481653
v 21.6418461132 -103 241.309328584
v 21.7282661184 -103 241.192935968
v 21.8064501485 -103 241.070858469
v 21.8760256209 -103 240.943677842
v 21.936660977 -103 240.81200016
v 21.9880672616 -103 240.676452928
v 22.0299995003 -103 240.537682089
v 22.0622578669 -103 240.39634895
v 22.0846886356 -103 240.253127029
v 22.0971849136 -103 240.108698841
v 22.0996871505 -103 239.963752654
v 22.0921834219 -103 239.818979202
v 22.0747094865 -103 239.675068397
v 22.0473486156 -103 239.532706039
v 22.0102311962 -103 239.392570549
v 21.9635341096 -103 239.255329737
v 21.9074798889 -103 239.121637618
v 21.8423356578 -103 238.992131296
v 21.7684118583 -103 238.867427928
v 21.686060771 -103 238.748121781
v 21.5956748363 -103 238.634781403
v 21.4976847843 -103 238.527946914
v 21.3925575823 -103 238.428127429
v 21.2807942092 -103 238.335798632
v 21.1629272685 -103 238.251400512
v 21.0395184497 -103 238.175335266
v 20.9111558521 -103 238.107965377
v 20.778451182 -103 238.049611896
v 20.6420368375 -103 238.000552902
v 20.502562895 -103 237.961022183
v 20.3606940115 -103 237.931208123
v 20.2171062568 -103 237.911252798
v 20.0724838918 -103 237.901251305
v 19.9275161082 -103 237.901251305
v 19.7828937432 -103 237.911252798
v 19.6393059885 -103 237.931208123
v 19.497437105 -103 237.961022183
v 19.3579631625 -103 238.000552902
v 19.221548818 -103 238.049611896
v 19.0888441479 -103 238.107965377
v 18.9604815503 -103 238.175335266
v 18.8370727315 -103 238.251400512
v 18.7192057908 -103 238.335798632
v 18.6074424177 -103 238.428127429
v 18.5023152157 -103 238.527946914
v 18.4043251637 -103 238.634781403
v 18.313939229 -103 238.748121781
v 18.2315881417 -103 238.867427928
v 18.1576643422 -103 238.992131296
v 18.0925201111 -103 239.121637618
v 18.0364658904 -103 239.255329737
v 17.9897688038 -103 239.392570549
v 17.9526513844 -103 239.532706039
v 17.9252905135 -103 239.675068397
v 17.9078165781 -103 239.818979202
v 17.9003128495 -103 239.963752654
v 17.9028150864 -103 240.108698841
v 17.9153113644 -103 240.253127029
v 17.9377421331 -103 240.39634895
v 17.9700004997 -103 240.537682089
v 18.0119327384 -103 240.676452928
v 18.063339023 -103 240.81200016
v 18.1239743791 -103 240.943677842
v 18.1935498515 -103 241.070858469
v 18.2717338816 -103 241.192935968
v 18.3581538868 -103 241.309328584
v 18.4523980364 -103 241.419481653
v 18.5540172142 -103 241.522870245
v 18.6625271584 -103 241.619001667
v 18.7774107698 -103 241.707417809
v 18.8981205756 -103 241.787697327
v 19.0240813387 -103 241.859457654
v 19.1546927986 -103 241.922356818
v 19.2893325323 -103 241.976095076
v 19.4273589202 -103 242.020416342
v 19.5681142035 -103 242.055109403
v 19.7109276194 -103 242.080008932
v 19.8551185968 -103 242.094996272
v 20 -103 282.1
v 20.1448814032 -103 282.094996272
v 20.2890723806 -103 282.080008932
v 20.4318857965 -103 282.055109403
v 20.5726410798 -103 282.020416342
v 20.7106674677 -103 281.976095076
v 20.8453072014 -103 281.922356818
v 20.9759186613 -103 281.859457654
v 21.1018794244 -103 281.787697327
v 21.2225892302 -103 281.707417809
v 21.3374728416 -103 281.619001667
v 21.4459827858 -103 281.522870245
v 21.5476019636 -103 281.419481653
v 21.6418461132 -103 281.309328584
v 21.7282661184 -103 281.192935968
v 21.8064501485 -103 281.070858469
v 21.8760256209 -103 280.943677842
v 21.936660977 -103 280.81200016
v 21.9880672616 -103 280.676452928
v 22.0299995003 -103 280.537682089
v 22.0622578669 -103 280.39634895
v 22.0846886356 -103 280.253127029
v 22.0971849136 -103 280.108698841
v 22.0996871505 -103 279.963752654
v 22.0921834219 -103 279.818979202
v 22.0747094865 -103 279.675068397
v 22.0473486156 -103 279.532706039
v 22.0102311962 -103 279.392570549
v 21.9635341096 -103 279.255329737
v 21.9074798889 -103 279.121637618
v 21.8423356578 -103 278.992131296
v 21.7684118583 -103 278.867427928
v 21.686060771 -103 278.748121781
v 21.5956748363 -103 278.634781403
v 21.4976847843 -103 278.527946914
v 21.3925575823 -103 278.428127429
v 21.2807942092 -103 278.335798632
v 21.1629272685 -103 278.251400512
v 21.0395184497 -103 278.175335266
v 20.9111558521 -103 278.107965377
v 20.778451182 -103 278.049611896
v 20.6420368375 -103 278.000552902
v 20.502562895 -103 277.961022183
v 20.3606940115 -103 277.931208123
v 20.2171062568 -103 277.911252798
v 20.0724838918 -103 277.901251305
v 19.9275161082 -103 277.901251305
v 19.7828937432 -103 277.911252798
v 19.6393059885 -103 277.931208123
v 19.497437105 -103 277.961022183
v 19.3579631625 -103 278.000552902
v 19.221548818 -103 278.049611896
v 19.0888441479 -103 278.107965377
v 18.9604815503 -103 278.175335266
v 18.8370727315 -103 278.251400512
v 18.7192057908 -103 278.335798632
v 18.6074424177 -103 278.428127429
v 18.5023152157 -103 278.527946914
v 18.4043251637 -103 278.634781403
v 18.313939229 -103 278.748121781
v 18.2315881417 -103 278.867427928
v 18.1576643422 -103 278.992131296
v 18.0925201111 -103 279.121637618
v 18.0364658904 -103 279.255329737
v 17.9897688038 -103 279.392570549
v 17.9526513844 -103 279.532706039
v 17.9252905135 -103 279.675068397
v 17.9078165781 -103 279.818979202
v 17.9003128495 -103 279.963752654
v 17.9028150864 -103 280.108698841
v 17.9153113644 -103 280.253127029
v 17.9377421331 -103 280.39634895
v 17.9700004997 -103 280.537682089
v 18.0119327384 -103 280.676452928
v 18.063339023 -103 280.81200016
v 18.1239743791 -103 280.943677842
v 18.1935498515 -103 281.070858469
v 18.2717338816 -103 281.192935968
v 18.3581538868 -103 281.309328584
v 18.4523980364 -103 281.419481653
v 18.5540172142 -103 281.522870245
v 18.6625271584 -103 281.619001667
v 18.7774107698 -103 281.707417809
v 18.8981205756 -103 281.787697327
v 19.0240813387 -103 281.859457654
v 19.1546927986 -103 281.922356818
v 19.2893325323 -103 281.976095076
v 19.4273589202 -103 282.020416342
v 19.5681142035 -103 282.055109403
v 19.7109276194 -103 282.080008932
v 19.8551185968 -103 282.094996272
v 26.5 -107 286.5
v -20 -107 242.1
v -19.8551185968 -107 242.094996272
v -19.7109276194 -107 242.080008932
v -19.5681142035 -107 242.055109403
v -19.4273589202 -107 242.020416342
v -19.2893325323 -107 241.976095076
v -19.1546927986 -107 241.922356818
v -19.0240813387 -107 241.859457654
v -18.8981205756 -107 241.787697327
v -18.7774107698 -107 241.707417809
v -18.6625271584 -107 241.619001667
v -18.5540172142 -107 241.522870245
v -18.4523980364 -107 241.419481653
v -18.3581538868 -107 241.309328584
v -18.2717338816 -107 241.192935968
v -18.1935498515 -107 241.070858469
v -18.1239743791 -107 240.943677842
v -18.063339023 -107 240.81200016
v -18.0119327384 -107 240.676452928
v -17.9700004997 -107 240.537682089
v -17.9377421331 -107 240.39634895
v -17.9153113644 -107 240.253127029
v -17.9028150864 -107 240.108698841
v -17.9003128495 -107 239.963752654
v -17.9078165781 -107 239.818979202
v -17.9252905135 -107 239.675068397
v -17.9526513844 -107 239.532706039
v -17.9897688038 -107 239.392570549
v -18.0364658904 -107 239.255329737
v -18.0925201111 -107 239.121637618
v -18.1576643422 -107 238.992131296
v -18.2315881417 -107 238.867427928
v -18.313939229 -107 238.748121781
v -18.4043251637 -107 238.634781403
v -18.5023152157 -107 238.527946914
v -18.6074424177 -107 238.428127429
v -18.7192057908 -107 238.335798632
v -18.8370727315 -107 238.251400512
v -18.9604815503 -107 238.175335266
v -19.0888441479 -107 238.107965377
v -19.221548818 -107 238.049611896
v -19.3579631625 -107 238.000552902
v -19.497437105 -107 237.961022183
v -19.6393059885 -107 237.931208123
v -19.7828937432 -107 237.911252798
v -19.9275161082 -107 237.901251305
v -20.0724838918 -107 237.901251305
v -20.2171062568 -107 237.911252798
v -20.3606940115 -107 237.931208123
v -20.502562895 -107 237.961022183
v -20.6420368375 -107 238.000552902
v -20.778451182 -107 238.049611896
v -20.9111558521 -107 238.107965377
v -21.0395184497 -107 238.175335266
v -21.1629272685 -107 238.251400512
v -21.2807942092 -107 238.335798632
v -21.3925575823 -107 238.428127429
v -21.4976847843 -107 238.527946914
v -21.5956748363 -107 238.634781403
v -21.686060771 -107 238.748121781
v -21.7684118583 -107 238.867427928
v -21.8423356578 -107 238.992131296
v -21.9074798889 -107 239.121637618
v -21.9635341096 -107 239.255329737
v -22.0102311962 -107 239.392570549
v -22.0473486156 -107 239.532706039
v -22.0747094865 -107 239.675068397
v -22.0921834219 -107 239.818979202
v -22.0996871505 -107 239.963752654
v -22.0971849136 -107 240.108698841
v -22.0846886356 -107 240.253127029
v -22.0622578669 -107 240.39634895
v -22.0299995003 -107 240.537682089
v -21.9880672616 -107 240.676452928
v -21.936660977 -107 240.81200016
v -21.8760256209 -107 240.943677842
v -21.8064501485 -107 241.070858469
v -21.7282661184 -107 241.192935968
v -21.6418461132 -107 241.309328584
v -21.5476019636 -107 241.419481653
v -21.4459827858 -107 241.522870245
v -21.3374728416 -107 241.619001667
v -21.2225892302 -107 241.707417809
v -21.1018794244 -107 241.787697327
v -20.9759186613 -107 241.859457654
v -20.8453072014 -107 241.922356818
v -20.7106674677 -107 241.976095076
v -20.5726410798 -107 242.020416342
v -20.4318857965 -107 242.055109403
v -20.2890723806 -107 242.080008932
v -20.1448814032 -107 242.094996272
v -20 -107 282.1
v -19.8551185968 -107 282.094996272
v -19.7109276194 -107 282.080008932
v -19.5681142035 -107 282.055109403
v -19.4273589202 -107 282.020416342
v -19.2893325323 -107 281.976095076
v -19.1546927986 -107 281.922356818
v -19.0240813387 -107 281.859457654
v -18.8981205756 -107 281.787697327
v -18.7774107698 -107 281.707417809
v -18.6625271584 -107 281.619001667
v -18.5540172142 -107 281.522870245
v -18.4523980364 -107 281.419481653
v -18.3581538868 -107 281.309328584
v -18.2717338816 -107 281.192935968
v -18.1935498515 -107 281.070858469
v -18.1239743791 -107 280.943677842
v -18.063339023 -107 280.81200016
v -18.0119327384 -107 280.676452928
v -17.9700004997 -107 280.537682089
v -17.9377421331 -107 280.39634895
v -17.9153113644 -107 280.253127029
v -17.9028150864 -107 280.108698841
v -17.9003128495 -107 279.963752654
v -17.9078165781 -107 279.818979202
v -17.9252905135 -107 279.675068397
v -17.9526513844 -107 279.532706039
v -17.9897688038 -107 279.392570549
v -18.0364658904 -107 279.255329737
v -18.0925201111 -107 279.121637618
v -18.1576643422 -107 278.992131296
v -18.2315881417 -107 278.867427928
v -18.313939229 -107 278.748121781
v -18.4043251637 -107 278.634781403
v -18.5023152157 -107 278.527946914
v -18.6074424177 -107 278.428127429
v -18.7192057908 -107 278.335798632
v -18.8370727315 -107 278.251400512
v -18.9604815503 -107 278.175335266
v -19.0888441479 -107 278.107965377
v -19.221548818 -107 278.049611896
v -19.3579631625 -107 278.000552902
v -19.497437105 -107 277.961022183
v -19.6393059885 -107 277.931208123
v -19.7828937432 -107 277.911252798
v -19.9275161082 -107 277.901251305
v -20.0724838918 -107 277.901251305
v -20.2171062568 -107 277.911252798
v -20.3606940115 -107 277.931208123
v -20.502562895 -107 277.961022183
v -20.6420368375 -107 278.000552902
v -20.778451182 -107 278.049611896
v -20.9111558521 -107 278.107965377
v -21.0395184497 -107 278.175335266
v -21.1629272685 -107 278.251400512
v -21.2807942092 -107 278.335798632
v -21.3925575823 -107 278.428127429
v -21.4976847843 -107 278.527946914
v -21.5956748363 -107 278.634781403
v -21.686060771 -107 278.748121781
v -21.7684118583 -107 278.867427928
v -21.8423356578 -107 278.992131296
v -21.9074798889 -107 279.121637618
v -21.9635341096 -107 279.255329737
v -22.0102311962 -107 279.392570549
v -22.0473486156 -107 279.532706039
v -22.0747094865 -107 279.675068397
v -22.0921834219 -107 279.818979202
v -22.0996871505 -107 279.963752654
v -22.0971849136 -107 280.108698841
v -22.0846886356 -107 280.253127029
v -22.0622578669 -107 280.39634895
v -22.0299995003 -107 280.537682089
v -21.9880672616 -107 280.676452928
v -21.936660977 -107 280.81200016
v -21.8760256209 -107 280.943677842
v -21.8064501485 -107 281.070858469
v -21.7282661184 -107 281.192935968
v -21.6418461132 -107 281.309328584
v -21.5476019636 -107 281.419481653
v -21.4459827858 -107 281.522870245
v -21.3374728416 -107 281.619001667
v -21.2225892302 -107 281.707417809
v -21.1018794244 -107 281.787697327
v -20.9759186613 -107 281.859457654
v -20.8453072014 -107 281.922356818
v -20.7106674677 -107 281.976095076
v -20.5726410798 -107 282.020416342
v -20.4318857965 -107 282.055109403
v -20.2890723806 -107 282.080008932
v -20.1448814032 -107 282.094996272
v -2.20436423847e-15 -107 269
v 0.620920299639 -107 268.978555451
v 1.23888163128 -107 268.914323996
v 1.85093912777 -107 268.807611728
v 2.45417605641 -107 268.658927179
v 3.0457177185 -107 268.468978898
v 3.62274514866 -107 268.238672077
v 4.18250854839 -107 267.969104231
v 4.72234039019 -107 267.661559974
v 5.23966812949 -107 267.317504895
v 5.73202646401 -107 266.938578573
v 6.19706908209 -107 266.526586764
v 6.63257984386 -107 266.083492797
v 7.03648334221 -107 265.611408217
v 7.40685479304 -107 265.112582721
v 7.74192920772 -107 264.58939344
v 8.04010980407 -107 264.044333609
v 8.29997561576 -107 263.480000686
v 8.52028826385 -107 262.899083976
v 8.69999785824 -107 262.304351811
v 8.83824800088 -107 261.698638359
v 8.93437986688 -107 261.084830122
v 8.98793534412 -107 260.465852176
v 8.99865921637 -107 259.844654232
v 8.96650037948 -107 259.224196581
v 8.89161208496 -107 258.607435987
v 8.77435120964 -107 257.997311594
v 8.61527655498 -107 257.396730924
v 8.41514618417 -107 256.808556017
v 8.17491380955 -107 256.235589793
v 7.89572424779 -107 255.680562698
v 7.57890796431 -107 255.14611969
v 7.22597473295 -107 254.634807631
v 6.8386064413 -107 254.149063157
v 6.41864907568 -107 253.691201062
v 5.96810392417 -107 253.263403266
v 5.4891180396 -107 252.867708422
v 4.98397400784 -107 252.506002196
v 4.45507907025 -107 252.180008281
v 3.90495365206 -107 251.891280189
v 3.33621935141 -107 251.641193839
v 2.75158644624 -107 251.430941007
v 2.15384097859 -107 251.261523643
v 1.54583147782 -107 251.133749099
v 0.930455386095 -107 251.048226278
v 0.310645250727 -107 251.005362735
v -0.310645250727 -107 251.005362735
v -0.930455386095 -107 251.048226278
v -1.54583147782 -107 251.133749099
v -2.15384097859 -107 251.261523643
v -2.75158644624 -107 251.430941007
v -3.33621935141 -107 251.641193839
v -3.90495365206 -107 251.891280189
v -4.45507907025 -107 252.180008281
v -4.98397400784 -107 252.506002196
v -5.4891180396 -107 252.867708422
v -5.96810392417 -107 253.263403266
v -6.41864907568 -107 253.691201062
v -6.8386064413 -107 254.149063157
v -7.22597473295 -107 254.634807631
v -7.57890796431 -107 255.14611969
v -7.89572424779 -107 255.680562698
v -8.17491380955 -107 256.235589793
v -8.41514618417 -107 256.808556017
v -8.61527655498 -107 257.396730924
v -8.77435120964 -107 257.997311594
v -8.89161208496 -107 258.607435987
v -8.96650037948 -107 259.224196581
v -8.99865921637 -107 259.844654232
v -8.98793534412 -107 260.465852176
v -8.93437986688 -107 261.084830122
v -8.83824800088 -107 261.698638359
v -8.69999785824 -107 262.304351811
v -8.52028826385 -107 262.899083976
v -8.29997561576 -107 263.480000686
v -8.04010980407 -107 264.044333609
v -7.74192920772 -107 264.58939344
v -7.40685479304 -107 265.112582721
v -7.03648334221 -107 265.611408217
v -6.63257984386 -107 266.083492797
v -6.19706908209 -107 266.526586764
v -5.73202646401 -107 266.938578573
v -5.23966812949 -107 267.317504895
v -4.72234039019 -107 267.661559974
v -4.18250854839 -107 267.969104231
v -3.62274514866 -107 268.238672077
v -3.0457177185 -107 268.468978898
v -2.45417605641 -107 268.658927179
v -1.85093912777 -107 268.807611728
v -1.23888163128 -107 268.914323996
v -0.620920299639 -107 268.978555451
v 20 -107 242.1
v 20.1448814032 -107 242.094996272
v 20.2890723806 -107 242.080008932
v 20.4318857965 -107 242.055109403
v 20.5726410798 -107 242.020416342
v 20.7106674677 -107 241.976095076
v 20.8453072014 -107 241.922356818
v 20.9759186613 -107 241.859457654
v 21.1018794244 -107 241.787697327
v 21.2225892302 -107 241.707417809
v 21.3374728416 -107 241.619001667
v 21.4459827858 -107 241.522870245
v 21.5476019636 -107 241.419481653
v 21.6418461132 -107 241.309328584
v 21.7282661184 -107 241.192935968
v 21.8064501485 -107 241.070858469
v 21.8760256209 -107 240.943677842
v 21.936660977 -107 240.81200016
v 21.9880672616 -107 240.676452928
v 22.0299995003 -107 240.537682089
v 22.0622578669 -107 240.39634895
v 22.0846886356 -107 240.253127029
v 22.0971849136 -107 240.108698841
v 22.0996871505 -107 239.963752654
v 22.0921834219 -107 239.818979202
v 22.0747094865 -107 239.675068397
v 22.0473486156 -107 239.532706039
v 22.0102311962 -107 239.392570549
v 21.9635341096 -107 239.255329737
v 21.9074798889 -107 239.121637618
v 21.8423356578 -107 238.992131296
v 21.7684118583 -107 238.867427928
v 21.686060771 -107 238.748121781
v 21.5956748363 -107 238.634781403
v 21.4976847843 -107 238.527946914
v 21.3925575823 -107 238.428127429
v 21.2807942092 -107 238.335798632
v 21.1629272685 -107 238.251400512
v 21.0395184497 -107 238.175335266
v 20.9111558521 -107 238.107965377
v 20.778451182 -107 238.049611896
v 20.6420368375 -107 238.000552902
v 20.502562895 -107 237.961022183
v 20.3606940115 -107 237.931208123
v 20.2171062568 -107 237.911252798
v 20.0724838918 -107 237.901251305
v 19.9275161082 -107 237.901251305
v 19.7828937432 -107 237.911252798
v 19.6393059885 -107 237.931208123
v 19.497437105 -107 237.961022183
v 19.3579631625 -107 238.000552902
v 19.221548818 -107 238.049611896
v 19.0888441479 -107 238.107965377
v 18.9604815503 -107 238.175335266
v 18.8370727315 -107 238.251400512
v 18.7192057908 -107 238.335798632
v 18.6074424177 -107 238.428127429
v 18.5023152157 -107 238.527946914
v 18.4043251637 -107 238.634781403
v 18.313939229 -107 238.748121781
v 18.2315881417 -107 238.867427928
v 18.1576643422 -107 238.992131296
v 18.0925201111 -107 239.121637618
v 18.0364658904 -107 239.255329737
v 17.9897688038 -107 239.392570549
v 17.9526513844 -107 239.532706039
v 17.9252905135 -107 239.675068397
v 17.9078165781 -107 239.818979202
v 17.9003128495 -107 239.963752654
v 17.9028150864 -107 240.108698841
v 17.9153113644 -107 240.253127029
v 17.9377421331 -107 240.39634895
v 17.9700004997 -107 240.537682089
v 18.0119327384 -107 240.676452928
v 18.063339023 -107 240.81200016
v 18.1239743791 -107 240.943677842
v 18.1935498515 -107 241.070858469
v 18.2717338816 -107 241.192935968
v 18.3581538868 -107 241.309328584
v 18.4523980364 -107 241.419481653
v 18.5540172142 -107 241.522870245
v 18.6625271584 -107 241.619001667
v 18.7774107698 -107 241.707417809
v 18.8981205756 -107 241.787697327
v 19.0240813387 -107 241.859457654
v 19.1546927986 -107 241.922356818
v 19.2893325323 -107 241.976095076
v 19.4273589202 -107 242.020416342
v 19.5681142035 -107 242.055109403
v 19.7109276194 -107 242.080008932
v 19.8551185968 -107 242.094996272
v 20 -107 282.1
v 20.1448814032 -107 282.094996272
v 20.2890723806 -107 282.080008932
v 20.4318857965 -107 282.055109403
v 20.5726410798 -107 282.020416342
v 20.7106674677 -107 281.976095076
v 20.8453072014 -107 281.922356818
v 20.9759186613 -107 281.859457654
v 21.1018794244 -107 281.787697327
v 21.2225892302 -107 281.707417809
v 21.3374728416 -107 281.619001667
v 21.4459827858 -107 281.522870245
v 21.5476019636 -107 281.419481653
v 21.6418461132 -107 281.309328584
v 21.7282661184 -107 281.192935968
v 21.8064501485 -107 281.070858469
v 21.8760256209 -107 280.943677842
v 21.936660977 -107 280.81200016
v 21.9880672616 -107 280.676452928
v 22.0299995003 -107 280.537682089
v 22.0622578669 -107 280.39634895
v 22.0846886356 -107 280.253127029
v 22.0971849136 -107 280.108698841
v 22.0996871505 -107 279.963752654
v 22.0921834219 -107 279.818979202
v 22.0747094865 -107 279.675068397
v 22.0473486156 -107 279.532706039
v 22.0102311962 -107 279.392570549
v 21.9635341096 -107 279.255329737
v 21.9074798889 -107 279.121637618
v 21.8423356578 -107 278.992131296
v 21.7684118583 -107 278.867427928
v 21.686060771 -107 278.748121781
v 21.5956748363 -107 278.634781403
v 21.4976847843 -107 278.527946914
v 21.3925575823 -107 278.428127429
v 21.2807942092 -107 278.335798632
v 21.1629272685 -107 278.251400512
v 21.0395184497 -107 278.175335266
v 20.9111558521 -107 278.107965377
v 20.778451182 -107 278.049611896
v 20.6420368375 -107 278.000552902
v 20.502562895 -107 277.961022183
v 20.3606940115 -107 277.931208123
v 20.2171062568 -107 277.911252798
v 20.0724838918 -107 277.901251305
v 19.9275161082 -107 277.901251305
v 19.7828937432 -107 277.911252798
v 19.6393059885 -107 277.931208123
v 19.497437105 -107 277.961022183
v 19.3579631625 -107 278.000552902
v 19.221548818 -107 278.049611896
v 19.0888441479 -107 278.107965377
v 18.9604815503 -107 278.175335266
v 18.8370727315 -107 278.251400512
v 18.7192057908 -107 278.335798632
v 18.6074424177 -107 278.428127429
v 18.5023152157 -107 278.527946914
v 18.4043251637 -107 278.634781403
v 18.313939229 -107 278.748121781
v 18.2315881417 -107 278.867427928
v 18.1576643422 -107 278.992131296
v 18.0925201111 -107 279.121637618
v 18.0364658904 -107 279.255329737
v 17.9897688038 -107 279.392570549
v 17.9526513844 -107 279.532706039
v 17.9252905135 -107 279.675068397
v 17.9078165781 -107 279.818979202
v 17.9003128495 -107 279.963752654
v 17.9028150864 -107 280.108698841
v 17.9153113644 -107 280.253127029
v 17.9377421331 -107 280.39634895
v 17.9700004997 -107 280.537682089
v 18.0119327384 -107 280.676452928
v 18.063339023 -107 280.81200016
v 18.1239743791 -107 280.943677842
v 18.1935498515 -107 281.070858469
v 18.2717338816 -107 281.192935968
v 18.3581538868 -107 281.309328584
v 18.4523980364 -107 281.419481653
v 18.5540172142 -107 281.522870245
v 18.6625271584 -107 281.619001667
v 18.7774107698 -107 281.707417809
v 18.8981205756 -107 281.787697327
v 19.0240813387 -107 281.859457654
v 19.1546927986 -107 281.922356818
v 19.2893325323 -107 281.976095076
v 19.4273589202 -107 282.020416342
v 19.5681142035 -107 282.055109403
v 19.7109276194 -107 282.080008932
v 19.8551185968 -107 282.094996272
v 27 -103.5 286.5
v 27 -106.5 286.5
v -26.5 -106.5 287
v -26.5 -103.5 287
v 26.5 -103.5 287
v 26.5 -106.5 287
f 212 213 1
f 214 1 213
f 211 212 1
f 215 1 214
f 210 211 1
f 216 1 215
f 209 210 1
f 217 1 216
f 208 209 1
f 218 1 217
f 207 208 1
f 219 1 218
f 206 207 1
f 220 1 219
f 205 206 1
f 221 1 220
f 204 205 1
f 222 1 221
f 203 204 1
f 223 1 222
f 202 203 1
f 224 1 223
f 201 202 1
f 225 1 224
f 200 201 1
f 226 1 225
f 199 200 1
f 227 1 226
f 198 199 1
f 228 1 227
f 229 1 228
f 230 1 229
f 231 1 230
f 118 189 190
f 117 118 190
f 117 190 191
f 119 189 118
f 119 188 189
f 116 117 191
f 116 191 192
f 120 188 119
f 120 187 188
f 115 116 192
f 115 192 193
f 121 187 120
f 121 186 187
f 114 115 193
f 114 193 194
f 122 186 121
f 122 185 186
f 113 194 195
f 113 114 194
f 123 185 122
f 123 184 185
f 112 113 195
f 112 195 196
f 124 184 123
f 124 183 184
f 111 112 196
f 111 196 197
f 125 183 124
f 125 182 183
f 110 111 197
f 110 197 198
f 126 182 125
f 126 181 182
f 127 181 126
f 127 180 181
f 128 180 127
f 128 179 180
f 129 179 128
f 33 172 173
f 33 173 174
f 32 33 174
f 32 174 175
f 32 175 176
f 34 171 172
f 34 172 33
f 31 176 177
f 31 32 176
f 35 169 170
f 35 170 171
f 35 171 34
f 30 179 129
f 30 31 177
f 30 177 178
f 30 178 179
f 36 167 168
f 36 168 169
f 36 169 35
f 29 129 130
f 29 130 131
f 29 30 129
f 37 165 166
f 37 166 167
f 37 167 36
f 28 131 132
f 28 132 133
f 28 29 131
f 38 165 37
f 38 164 165
f 27 133 134
f 27 134 135
f 27 28 133
f 39 164 38
f 39 162 163
f 39 163 164
f 26 135 136
f 26 136 137
f 26 27 135
f 40 162 39
f 40 160 161
f 40 161 162
f 25 137 138
f 25 138 139
f 25 139 140
f 25 26 137
f 2 102 103
f 2 103 104
f 2 104 105
f 2 105 106
f 2 106 107
f 2 107 108
f 2 108 109
f 2 109 110
f 2 110 198
f 2 198 1
f 2 96 97
f 2 97 98
f 2 98 99
f 2 99 100
f 2 100 101
f 2 101 102
f 95 96 2
f 41 160 40
f 41 159 160
f 94 95 2
f 24 140 141
f 24 25 140
f 42 159 41
f 42 157 158
f 42 158 159
f 142 24 141
f 93 94 2
f 23 24 142
f 92 93 2
f 43 157 42
f 43 156 157
f 91 92 2
f 44 245 246
f 44 246 156
f 44 156 43
f 90 91 2
f 89 90 2
f 45 245 44
f 45 244 245
f 88 89 2
f 87 88 2
f 86 87 2
f 46 244 45
f 46 243 244
f 85 86 2
f 84 85 2
f 47 243 46
f 47 241 242
f 47 242 243
f 48 240 241
f 48 241 47
f 49 239 240
f 49 240 48
f 155 67 68
f 155 68 69
f 155 69 70
f 50 238 239
f 50 239 49
f 154 155 70
f 154 70 71
f 154 71 72
f 51 238 50
f 51 236 237
f 51 237 238
f 153 154 72
f 153 72 73
f 153 73 74
f 153 74 75
f 52 236 51
f 152 153 75
f 152 75 76
f 151 152 76
f 151 76 77
f 151 77 78
f 150 78 79
f 150 79 80
f 150 151 78
f 149 150 80
f 149 80 81
f 148 149 81
f 148 81 82
f 148 82 83
f 147 148 83
f 147 84 2
f 147 83 84
f 146 147 2
f 145 146 2
f 144 145 2
f 143 144 2
f 304 235 236
f 303 236 52
f 303 52 53
f 303 304 236
f 305 234 235
f 305 235 304
f 302 53 54
f 302 303 53
f 306 234 305
f 306 233 234
f 301 302 54
f 301 54 55
f 307 233 306
f 307 232 233
f 300 301 55
f 308 231 232
f 308 232 307
f 308 1 231
f 299 55 56
f 299 300 55
f 309 1 308
f 298 299 56
f 298 56 57
f 310 1 309
f 297 298 57
f 297 57 58
f 296 297 58
f 296 58 59
f 295 296 59
f 295 59 60
f 294 60 61
f 294 295 60
f 293 294 61
f 293 61 62
f 292 293 62
f 292 62 63
f 291 292 63
f 290 63 64
f 290 291 63
f 289 290 64
f 289 64 65
f 3 310 311
f 3 311 312
f 3 312 313
f 3 313 314
f 3 314 315
f 3 315 316
f 3 316 317
f 3 317 318
f 3 318 319
f 3 319 320
f 3 320 321
f 3 321 322
f 3 322 323
f 3 323 324
f 3 324 325
f 3 325 326
f 3 326 327
f 3 327 328
f 3 328 329
f 3 329 330
f 3 330 331
f 3 331 332
f 3 332 333
f 3 1 310
f 334 3 333
f 335 3 334
f 336 3 335
f 337 3 336
f 247 3 337
f 248 3 247
f 249 3 248
f 250 3 249
f 251 3 250
f 252 3 251
f 394 395 281
f 394 281 282
f 396 281 395
f 396 279 280
f 396 280 281
f 393 282 283
f 393 394 282
f 397 279 396
f 392 283 284
f 392 393 283
f 398 277 278
f 398 278 279
f 398 279 397
f 391 392 284
f 391 284 285
f 399 277 398
f 399 276 277
f 390 391 285
f 390 285 286
f 400 276 399
f 389 390 286
f 389 286 287
f 401 276 400
f 401 275 276
f 388 389 287
f 388 287 288
f 402 275 401
f 402 274 275
f 387 388 288
f 387 289 65
f 387 288 289
f 403 274 402
f 403 272 273
f 403 273 274
f 386 387 65
f 386 65 66
f 404 272 403
f 404 271 272
f 385 386 66
f 405 271 404
f 405 270 271
f 384 385 66
f 384 66 6
f 406 270 405
f 406 269 270
f 383 6 7
f 383 384 6
f 407 269 406
f 382 7 8
f 382 383 7
f 408 268 269
f 408 269 407
f 381 8 9
f 381 382 8
f 409 268 408
f 409 266 267
f 409 267 268
f 380 9 10
f 380 381 9
f 410 266 409
f 379 10 11
f 379 380 10
f 411 266 410
f 411 265 266
f 378 11 12
f 378 379 11
f 412 265 411
f 412 264 265
f 377 12 13
f 377 378 12
f 413 263 264
f 413 264 412
f 376 13 14
f 376 377 13
f 414 262 263
f 414 263 413
f 375 14 15
f 375 376 14
f 415 261 262
f 415 262 414
f 374 15 16
f 374 375 15
f 416 261 415
f 416 260 261
f 373 16 17
f 373 374 16
f 417 258 259
f 417 259 260
f 417 260 416
f 372 373 17
f 418 258 417
f 418 257 258
f 371 17 18
f 371 372 17
f 419 257 418
f 419 256 257
f 370 18 19
f 370 371 18
f 420 255 256
f 420 256 419
f 369 19 20
f 369 370 19
f 421 254 255
f 421 255 420
f 422 254 421
f 423 253 254
f 423 254 422
f 4 253 423
f 4 423 424
f 4 424 425
f 4 425 426
f 4 426 427
f 4 427 428
f 4 428 338
f 4 338 339
f 4 339 340
f 4 340 341
f 4 341 342
f 4 342 343
f 4 343 344
f 4 344 345
f 4 345 346
f 4 346 347
f 4 347 348
f 4 348 349
f 4 349 350
f 4 350 351
f 4 351 352
f 4 352 353
f 4 252 253
f 4 353 354
f 4 354 355
f 4 355 356
f 4 356 357
f 4 357 358
f 4 358 359
f 4 359 360
f 4 360 361
f 4 361 362
f 4 362 363
f 4 363 364
f 4 3 252
f 4 22 5
f 4 21 22
f 4 20 21
f 4 364 20
f 364 365 20
f 365 366 20
f 366 367 20
f 367 368 20
f 368 369 20
f 430 1 429
f 2 1 430
f 143 2 431
f 435 143 431
f 434 435 431
f 433 434 431
f 432 433 431
f 436 433 432
f 437 434 433
f 437 433 436
f 438 435 434
f 438 143 435
f 438 434 437
f 439 144 143
f 439 143 438
f 440 145 144
f 440 144 439
f 441 146 145
f 441 145 440
f 442 147 146
f 442 146 441
f 443 148 147
f 443 147 442
f 444 149 148
f 444 148 443
f 445 150 149
f 445 149 444
f 446 151 150
f 446 150 445
f 447 152 151
f 447 151 446
f 448 153 152
f 448 152 447
f 449 154 153
f 449 153 448
f 450 155 154
f 450 154 449
f 451 67 155
f 451 155 450
f 544 452 453
f 454 544 453
f 545 544 454
f 455 545 454
f 546 545 455
f 456 546 455
f 547 546 456
f 457 547 456
f 548 547 457
f 458 548 457
f 451 68 67
f 451 548 458
f 459 451 458
f 460 69 68
f 460 68 451
f 460 451 459
f 461 70 69
f 461 69 460
f 462 71 70
f 462 70 461
f 463 72 71
f 463 71 462
f 464 73 72
f 464 72 463
f 465 74 73
f 465 73 464
f 466 75 74
f 466 74 465
f 467 76 75
f 467 75 466
f 468 77 76
f 468 76 467
f 469 78 77
f 469 77 468
f 470 79 78
f 470 78 469
f 471 79 470
f 472 80 79
f 472 79 471
f 473 81 80
f 473 80 472
f 474 82 81
f 474 81 473
f 475 83 82
f 475 82 474
f 476 84 83
f 476 83 475
f 477 85 84
f 477 84 476
f 478 86 85
f 478 85 477
f 479 87 86
f 479 86 478
f 480 88 87
f 480 87 479
f 481 88 480
f 481 89 88
f 482 89 481
f 482 90 89
f 483 90 482
f 483 91 90
f 484 91 483
f 484 92 91
f 485 92 484
f 485 93 92
f 486 93 485
f 486 94 93
f 487 95 94
f 487 94 486
f 488 96 95
f 488 95 487
f 489 97 96
f 489 96 488
f 490 98 97
f 490 97 489
f 491 99 98
f 491 98 490
f 492 100 99
f 492 99 491
f 493 101 100
f 493 100 492
f 494 102 101
f 494 101 493
f 495 103 102
f 495 102 494
f 496 104 103
f 496 103 495
f 497 105 104
f 497 104 496
f 498 106 105
f 498 105 497
f 499 107 106
f 499 106 498
f 500 108 107
f 500 107 499
f 501 109 108
f 501 108 500
f 502 110 109
f 502 109 501
f 503 111 110
f 503 110 502
f 504 112 111
f 504 111 503
f 505 113 112
f 505 112 504
f 506 114 113
f 506 113 505
f 507 114 506
f 507 115 114
f 508 115 507
f 508 116 115
f 509 116 508
f 509 117 116
f 510 117 509
f 510 118 117
f 511 118 510
f 511 119 118
f 512 119 511
f 512 120 119
f 513 120 512
f 513 121 120
f 514 121 513
f 514 122 121
f 515 122 514
f 515 123 122
f 516 123 515
f 516 124 123
f 517 124 516
f 517 125 124
f 518 125 517
f 518 126 125
f 519 126 518
f 519 127 126
f 520 127 519
f 520 128 127
f 521 128 520
f 521 129 128
f 522 129 521
f 522 130 129
f 523 131 130
f 523 130 522
f 524 132 131
f 524 131 523
f 525 133 132
f 525 132 524
f 526 134 133
f 526 133 525
f 527 135 134
f 527 134 526
f 528 136 135
f 528 135 527
f 529 137 136
f 529 136 528
f 530 138 137
f 530 137 529
f 531 139 138
f 531 138 530
f 532 139 531
f 532 140 139
f 533 140 532
f 533 141 140
f 534 141 533
f 534 142 141
f 549 142 534
f 549 23 142
f 535 549 534
f 536 549 535
f 536 550 549
f 537 550 536
f 537 551 550
f 538 551 537
f 538 552 551
f 539 552 538
f 539 553 552
f 540 553 539
f 540 554 553
f 541 554 540
f 541 555 554
f 542 555 541
f 542 556 555
f 543 556 542
f 543 557 556
f 453 557 543
f 453 452 557
f 559 23 549
f 559 24 23
f 560 25 24
f 560 24 559
f 561 25 560
f 561 26 25
f 562 26 561
f 562 27 26
f 563 27 562
f 563 28 27
f 564 28 563
f 564 29 28
f 565 29 564
f 565 30 29
f 566 30 565
f 566 31 30
f 567 31 566
f 567 32 31
f 568 32 567
f 568 33 32
f 569 33 568
f 569 34 33
f 570 34 569
f 570 35 34
f 571 35 570
f 571 36 35
f 572 36 571
f 572 37 36
f 573 37 572
f 573 38 37
f 574 38 573
f 574 39 38
f 575 40 39
f 575 39 574
f 576 41 40
f 576 40 575
f 577 42 41
f 577 41 576
f 578 43 42
f 578 42 577
f 579 44 43
f 579 43 578
f 580 45 44
f 580 44 579
f 581 46 45
f 581 45 580
f 582 47 46
f 582 46 581
f 583 48 47
f 583 47 582
f 584 49 48
f 584 48 583
f 585 49 584
f 585 50 49
f 586 50 585
f 586 51 50
f 587 51 586
f 587 52 51
f 588 52 587
f 588 53 52
f 589 53 588
f 589 54 53
f 590 54 589
f 590 55 54
f 591 55 590
f 591 56 55
f 592 56 591
f 592 57 56
f 593 57 592
f 593 58 57
f 594 58 593
f 594 59 58
f 595 59 594
f 595 60 59
f 596 60 595
f 596 61 60
f 597 61 596
f 597 62 61
f 598 62 597
f 598 63 62
f 599 63 598
f 599 64 63
f 600 64 599
f 600 65 64
f 601 65 600
f 601 66 65
f 558 66 601
f 558 6 66
f 558 7 6
f 602 8 7
f 602 7 558
f 603 9 8
f 603 8 602
f 604 10 9
f 604 9 603
f 605 11 10
f 605 10 604
f 606 12 11
f 606 11 605
f 607 13 12
f 607 12 606
f 608 14 13
f 608 13 607
f 609 15 14
f 609 14 608
f 610 16 15
f 610 15 609
f 611 17 16
f 611 16 610
f 612 18 17
f 612 17 611
f 613 19 18
f 613 18 612
f 614 20 19
f 614 19 613
f 615 20 614
f 615 21 20
f 616 21 615
f 616 22 21
f 617 22 616
f 617 5 22
f 618 5 617
f 618 621 5
f 619 621 618
f 619 622 621
f 619 623 622
f 620 623 619
f 620 624 623
f 625 5 621
f 625 621 622
f 625 622 623
f 625 623 624
f 4 5 625
f 4 626 3
f 4 627 626
f 629 628 1
f 3 629 1
f 631 156 630
f 631 157 156
f 632 158 157
f 632 157 631
f 633 159 158
f 633 158 632
f 634 159 633
f 634 160 159
f 634 161 160
f 635 161 634
f 636 161 635
f 636 162 161
f 637 162 636
f 637 163 162
f 637 164 163
f 638 164 637
f 639 165 164
f 639 164 638
f 640 166 165
f 640 165 639
f 641 167 166
f 641 166 640
f 642 168 167
f 642 169 168
f 642 167 641
f 643 169 642
f 644 170 169
f 644 171 170
f 644 169 643
f 645 171 644
f 646 172 171
f 646 171 645
f 647 173 172
f 647 172 646
f 648 174 173
f 648 173 647
f 649 175 174
f 649 176 175
f 649 174 648
f 650 176 649
f 651 177 176
f 651 178 177
f 651 176 650
f 652 178 651
f 653 179 178
f 653 180 179
f 653 178 652
f 654 180 653
f 655 181 180
f 655 180 654
f 656 182 181
f 656 183 182
f 656 181 655
f 657 183 656
f 658 184 183
f 658 183 657
f 659 185 184
f 659 184 658
f 660 185 659
f 660 186 185
f 661 186 660
f 661 187 186
f 662 187 661
f 662 188 187
f 662 189 188
f 663 189 662
f 664 189 663
f 664 190 189
f 665 191 190
f 665 190 664
f 666 192 191
f 666 191 665
f 667 193 192
f 667 192 666
f 668 194 193
f 668 195 194
f 668 193 667
f 669 195 668
f 670 196 195
f 670 195 669
f 671 197 196
f 671 196 670
f 672 198 197
f 672 197 671
f 673 199 198
f 673 200 199
f 673 198 672
f 674 200 673
f 675 201 200
f 675 200 674
f 676 202 201
f 676 203 202
f 676 201 675
f 677 204 203
f 677 203 676
f 678 204 677
f 679 205 204
f 679 204 678
f 680 206 205
f 680 205 679
f 681 207 206
f 681 206 680
f 682 208 207
f 682 207 681
f 683 209 208
f 683 208 682
f 684 210 209
f 684 209 683
f 685 210 684
f 685 211 210
f 686 211 685
f 686 212 211
f 686 213 212
f 687 213 686
f 688 213 687
f 688 214 213
f 689 214 688
f 689 215 214
f 690 215 689
f 690 216 215
f 691 216 690
f 691 217 216
f 692 217 691
f 692 218 217
f 692 219 218
f 693 219 692
f 693 220 219
f 694 220 693
f 695 220 694
f 695 221 220
f 695 222 221
f 696 222 695
f 697 222 696
f 697 223 222
f 698 223 697
f 698 224 223
f 699 224 698
f 699 225 224
f 700 226 225
f 700 225 699
f 701 227 226
f 701 228 227
f 701 226 700
f 702 228 701
f 703 229 228
f 703 230 229
f 703 228 702
f 704 230 703
f 705 231 230
f 705 230 704
f 706 232 231
f 706 233 232
f 706 231 705
f 707 234 233
f 707 233 706
f 708 234 707
f 709 235 234
f 709 234 708
f 710 235 709
f 710 236 235
f 711 236 710
f 711 237 236
f 712 237 711
f 712 238 237
f 712 239 238
f 713 239 712
f 714 239 713
f 714 240 239
f 715 240 714
f 715 241 240
f 716 241 715
f 716 242 241
f 716 243 242
f 717 243 716
f 718 243 717
f 718 244 243
f 719 244 718
f 719 245 244
f 719 246 245
f 720 246 719
f 630 246 720
f 630 156 246
f 722 247 721
f 722 248 247
f 723 249 248
f 723 248 722
f 724 250 249
f 724 249 723
f 725 250 724
f 725 251 250
f 725 252 251
f 726 252 725
f 727 252 726
f 727 253 252
f 728 253 727
f 728 254 253
f 728 255 254
f 729 255 728
f 730 256 255
f 730 255 729
f 731 257 256
f 731 256 730
f 732 258 257
f 732 257 731
f 733 259 258
f 733 260 259
f 733 258 732
f 734 260 733
f 735 261 260
f 735 262 261
f 735 260 734
f 736 262 735
f 737 263 262
f 737 262 736
f 738 264 263
f 738 263 737
f 739 265 264
f 739 264 738
f 740 266 265
f 740 267 266
f 740 265 739
f 741 267 740
f 742 268 267
f 742 269 268
f 742 267 741
f 743 269 742
f 744 270 269
f 744 271 270
f 744 269 743
f 745 271 744
f 746 272 271
f 746 271 745
f 747 273 272
f 747 274 273
f 747 272 746
f 748 274 747
f 749 275 274
f 749 274 748
f 750 276 275
f 750 275 749
f 751 276 750
f 751 277 276
f 752 277 751
f 752 278 277
f 753 278 752
f 753 279 278
f 753 280 279
f 754 280 753
f 755 280 754
f 755 281 280
f 756 282 281
f 756 281 755
f 757 283 282
f 757 282 756
f 758 284 283
f 758 283 757
f 759 285 284
f 759 286 285
f 759 284 758
f 760 286 759
f 761 287 286
f 761 286 760
f 762 288 287
f 762 287 761
f 763 289 288
f 763 288 762
f 764 290 289
f 764 291 290
f 764 289 763
f 765 291 764
f 766 292 291
f 766 291 765
f 767 293 292
f 767 294 293
f 767 292 766
f 768 295 294
f 768 294 767
f 769 295 768
f 770 296 295
f 770 295 769
f 771 297 296
f 771 296 770
f 772 298 297
f 772 297 771
f 773 299 298
f 773 298 772
f 774 300 299
f 774 299 773
f 775 301 300
f 775 300 774
f 776 301 775
f 776 302 301
f 777 302 776
f 777 303 302
f 777 304 303
f 778 304 777
f 779 304 778
f 779 305 304
f 780 305 779
f 780 306 305
f 781 306 780
f 781 307 306
f 782 307 781
f 782 308 307
f 783 308 782
f 783 309 308
f 783 310 309
f 784 310 783
f 784 311 310
f 785 311 784
f 786 311 785
f 786 312 311
f 786 313 312
f 787 313 786
f 788 313 787
f 788 314 313
f 789 314 788
f 789 315 314
f 790 315 789
f 790 316 315
f 791 317 316
f 791 316 790
f 792 318 317
f 792 319 318
f 792 317 791
f 793 319 792
f 794 320 319
f 794 321 320
f 794 319 793
f 795 321 794
f 796 322 321
f 796 321 795
f 797 323 322
f 797 324 323
f 797 322 796
f 798 325 324
f 798 324 797
f 799 325 798
f 800 326 325
f 800 325 799
f 801 326 800
f 801 327 326
f 802 327 801
f 802 328 327
f 803 328 802
f 803 329 328
f 803 330 329
f 804 330 803
f 805 330 804
f 805 331 330
f 806 331 805
f 806 332 331
f 807 332 806
f 807 333 332
f 807 334 333
f 808 334 807
f 809 334 808
f 809 335 334
f 810 335 809
f 810 336 335
f 810 337 336
f 811 337 810
f 721 337 811
f 721 247 337
f 813 338 812
f 813 339 338
f 814 340 339
f 814 339 813
f 815 341 340
f 815 340 814
f 816 341 815
f 816 342 341
f 816 343 342
f 817 343 816
f 818 343 817
f 818 344 343
f 819 344 818
f 819 345 344
f 819 346 345
f 820 346 819
f 821 347 346
f 821 346 820
f 822 348 347
f 822 347 821
f 823 349 348
f 823 348 822
f 824 350 349
f 824 351 350
f 824 349 823
f 825 351 824
f 826 352 351
f 826 353 352
f 826 351 825
f 827 353 826
f 828 354 353
f 828 353 827
f 829 355 354
f 829 354 828
f 830 356 355
f 830 355 829
f 831 357 356
f 831 358 357
f 831 356 830
f 832 358 831
f 833 359 358
f 833 360 359
f 833 358 832
f 834 360 833
f 835 361 360
f 835 362 361
f 835 360 834
f 836 362 835
f 837 363 362
f 837 362 836
f 838 364 363
f 838 365 364
f 838 363 837
f 839 365 838
f 840 366 365
f 840 365 839
f 841 367 366
f 841 366 840
f 842 367 841
f 842 368 367
f 843 368 842
f 843 369 368
f 844 369 843
f 844 370 369
f 844 371 370
f 845 371 844
f 846 371 845
f 846 372 371
f 847 373 372
f 847 372 846
f 848 374 373
f 848 373 847
f 849 375 374
f 849 374 848
f 850 376 375
f 850 377 376
f 850 375 849
f 851 377 850
f 852 378 377
f 852 377 851
f 853 379 378
f 853 378 852
f 854 380 379
f 854 379 853
f 855 381 380
f 855 382 381
f 855 380 854
f 856 382 855
f 857 383 382
f 857 382 856
f 858 384 383
f 858 385 384
f 858 383 857
f 859 386 385
f 859 385 858
f 860 386 859
f 861 387 386
f 861 386 860
f 862 388 387
f 862 387 861
f 863 389 388
f 863 388 862
f 864 390 389
f 864 389 863
f 865 391 390
f 865 390 864
f 866 392 391
f 866 391 865
f 867 392 866
f 867 393 392
f 868 393 867
f 868 394 393
f 868 395 394
f 869 395 868
f 870 395 869
f 870 396 395
f 871 396 870
f 871 397 396
f 872 397 871
f 872 398 397
f 873 398 872
f 873 399 398
f 874 399 873
f 874 400 399
f 874 401 400
f 875 401 874
f 875 402 401
f 876 402 875
f 877 402 876
f 877 403 402
f 877 404 403
f 878 404 877
f 879 404 878
f 879 405 404
f 880 405 879
f 880 406 405
f 881 406 880
f 881 407 406
f 882 408 407
f 882 407 881
f 883 409 408
f 883 410 409
f 883 408 882
f 884 410 883
f 885 411 410
f 885 412 411
f 885 410 884
f 886 412 885
f 887 413 412
f 887 412 886
f 888 414 413
f 888 415 414
f 888 413 887
f 889 416 415
f 889 415 888
f 890 416 889
f 891 417 416
f 891 416 890
f 892 417 891
f 892 418 417
f 893 418 892
f 893 419 418
f 894 419 893
f 894 420 419
f 894 421 420
f 895 421 894
f 896 421 895
f 896 422 421
f 897 422 896
f 897 423 422
f 898 423 897
f 898 424 423
f 898 425 424
f 899 425 898
f 900 425 899
f 900 426 425
f 901 426 900
f 901 427 426
f 901 428 427
f 902 428 901
f 812 428 902
f 812 338 428
f 628 429 1
f 429 904 430
f 903 904 429
f 431 2 430
f 436 432 431
f 436 431 905
f 620 436 905
f 625 624 620
f 906 625 620
f 905 906 620
f 550 559 549
f 551 559 550
f 552 560 559
f 552 559 551
f 553 561 560
f 553 562 561
f 553 560 552
f 554 563 562
f 554 564 563
f 554 565 564
f 554 562 553
f 555 566 565
f 555 567 566
f 555 568 567
f 555 569 568
f 555 570 569
f 555 571 570
f 555 572 571
f 555 565 554
f 556 573 572
f 556 574 573
f 556 575 574
f 556 576 575
f 556 577 576
f 556 578 577
f 556 579 578
f 556 572 555
f 556 580 579
f 556 581 580
f 582 581 556
f 583 582 556
f 584 583 556
f 450 547 548
f 450 548 451
f 585 584 556
f 449 547 450
f 449 546 547
f 586 585 556
f 448 545 546
f 448 546 449
f 587 586 556
f 447 545 448
f 447 544 545
f 588 587 556
f 446 544 447
f 589 588 556
f 445 544 446
f 590 589 556
f 444 544 445
f 591 590 556
f 443 544 444
f 443 452 544
f 592 591 556
f 442 452 443
f 593 592 556
f 441 452 442
f 594 593 556
f 440 452 441
f 595 594 556
f 439 452 440
f 596 595 556
f 596 556 557
f 438 452 439
f 597 596 557
f 437 452 438
f 598 597 557
f 436 452 437
f 436 557 452
f 599 598 557
f 600 599 557
f 601 600 557
f 558 601 557
f 602 558 557
f 603 602 557
f 604 603 557
f 620 557 436
f 605 604 557
f 619 557 620
f 606 605 557
f 618 557 619
f 607 606 557
f 617 557 618
f 608 607 557
f 616 557 617
f 609 608 557
f 615 557 616
f 610 609 557
f 614 557 615
f 611 610 557
f 613 557 614
f 612 611 557
f 612 557 613
f 686 907 687
f 688 687 907
f 685 907 686
f 689 688 907
f 684 907 685
f 690 689 907
f 683 907 684
f 691 690 907
f 682 907 683
f 692 691 907
f 681 907 682
f 693 692 907
f 680 907 681
f 694 693 907
f 679 907 680
f 695 694 907
f 678 907 679
f 696 695 907
f 677 907 678
f 697 696 907
f 676 907 677
f 698 697 907
f 675 907 676
f 699 698 907
f 674 907 675
f 700 699 907
f 673 907 674
f 672 907 673
f 912 700 907
f 912 907 918
f 912 701 700
f 912 702 701
f 912 703 702
f 912 704 703
f 912 705 704
f 912 706 705
f 912 707 706
f 912 708 707
f 912 709 708
f 912 710 709
f 911 719 718
f 911 710 912
f 911 711 710
f 911 712 711
f 911 713 712
f 911 714 713
f 911 715 714
f 911 716 715
f 911 717 716
f 911 718 717
f 913 720 719
f 913 630 720
f 913 631 630
f 913 632 631
f 913 633 632
f 913 634 633
f 913 635 634
f 913 636 635
f 913 637 636
f 913 638 637
f 913 719 911
f 510 664 663
f 509 665 664
f 509 664 510
f 511 510 663
f 508 665 509
f 508 666 665
f 512 663 662
f 512 511 663
f 507 667 666
f 507 668 667
f 507 666 508
f 513 661 660
f 513 662 661
f 513 512 662
f 506 668 507
f 514 513 660
f 505 669 668
f 505 668 506
f 515 659 658
f 515 660 659
f 515 514 660
f 504 670 669
f 504 669 505
f 516 515 658
f 503 670 504
f 503 671 670
f 517 657 656
f 517 658 657
f 517 516 658
f 502 672 671
f 502 671 503
f 518 656 655
f 518 517 656
f 519 518 655
f 520 655 654
f 520 519 655
f 521 653 652
f 521 654 653
f 521 520 654
f 522 521 652
f 523 652 651
f 523 522 652
f 524 651 650
f 524 523 651
f 525 649 648
f 525 650 649
f 525 524 650
f 526 525 648
f 527 647 646
f 527 648 647
f 527 526 648
f 528 527 646
f 528 646 645
f 529 645 644
f 529 528 645
f 530 529 644
f 531 643 642
f 531 644 643
f 531 530 644
f 532 642 641
f 532 531 642
f 908 489 488
f 908 490 489
f 908 491 490
f 908 492 491
f 908 493 492
f 908 494 493
f 908 495 494
f 908 496 495
f 908 497 496
f 908 498 497
f 908 907 672
f 908 499 498
f 908 500 499
f 908 501 500
f 908 502 501
f 908 672 502
f 487 908 488
f 533 532 641
f 486 908 487
f 534 640 639
f 534 641 640
f 534 533 641
f 485 908 486
f 535 534 639
f 484 908 485
f 536 639 638
f 536 638 913
f 536 535 639
f 483 908 484
f 537 536 913
f 482 908 483
f 538 537 913
f 481 908 482
f 539 538 913
f 480 908 481
f 540 539 913
f 479 908 480
f 541 540 913
f 478 908 479
f 542 541 913
f 477 908 478
f 543 542 913
f 476 908 477
f 453 543 913
f 475 908 476
f 474 908 475
f 473 908 474
f 472 908 473
f 471 908 472
f 914 453 913
f 914 454 453
f 914 455 454
f 914 456 455
f 914 457 456
f 914 458 457
f 914 459 458
f 914 460 459
f 777 916 778
f 779 778 916
f 776 916 777
f 780 779 916
f 775 916 776
f 781 780 916
f 774 916 775
f 782 781 916
f 773 916 774
f 783 916 917
f 783 782 916
f 772 915 916
f 772 916 773
f 784 783 917
f 771 915 772
f 785 784 917
f 770 915 771
f 786 785 917
f 769 915 770
f 768 915 769
f 767 915 768
f 766 915 767
f 765 915 766
f 764 915 765
f 763 915 764
f 762 915 763
f 761 914 915
f 761 915 762
f 760 914 761
f 759 914 760
f 909 787 786
f 909 788 787
f 909 789 788
f 909 790 789
f 909 791 790
f 909 792 791
f 909 793 792
f 909 794 793
f 909 795 794
f 909 796 795
f 909 797 796
f 909 798 797
f 909 799 798
f 909 800 799
f 909 801 800
f 909 802 801
f 909 803 802
f 909 786 917
f 909 804 803
f 909 805 804
f 909 806 805
f 909 807 806
f 808 807 909
f 809 808 909
f 810 809 909
f 811 810 909
f 721 811 909
f 722 721 909
f 723 722 909
f 724 723 909
f 725 724 909
f 726 725 909
f 868 756 755
f 868 755 869
f 870 755 754
f 870 869 755
f 867 757 756
f 867 756 868
f 871 754 753
f 871 870 754
f 866 758 757
f 866 757 867
f 872 752 751
f 872 753 752
f 872 871 753
f 865 914 759
f 865 758 866
f 865 759 758
f 873 872 751
f 864 914 865
f 874 750 749
f 874 751 750
f 874 873 751
f 863 914 864
f 875 874 749
f 862 914 863
f 876 749 748
f 876 875 749
f 861 914 862
f 877 747 746
f 877 748 747
f 877 876 748
f 860 914 861
f 878 877 746
f 859 914 860
f 879 746 745
f 879 878 746
f 858 914 859
f 880 879 745
f 880 745 744
f 857 914 858
f 881 744 743
f 881 880 744
f 856 914 857
f 882 743 742
f 882 881 743
f 855 914 856
f 883 742 741
f 883 882 742
f 854 914 855
f 884 741 740
f 884 883 741
f 853 914 854
f 885 739 738
f 885 740 739
f 885 884 740
f 852 914 853
f 886 885 738
f 851 914 852
f 851 460 914
f 887 886 738
f 887 738 737
f 850 461 460
f 850 460 851
f 888 887 737
f 888 736 735
f 888 737 736
f 849 462 461
f 849 461 850
f 889 888 735
f 848 463 462
f 848 462 849
f 890 735 734
f 890 889 735
f 847 464 463
f 847 463 848
f 891 733 732
f 891 734 733
f 891 890 734
f 846 465 464
f 846 464 847
f 892 732 731
f 892 891 732
f 845 465 846
f 893 731 730
f 893 892 731
f 894 893 730
f 895 729 728
f 895 730 729
f 895 894 730
f 896 895 728
f 897 728 727
f 897 896 728
f 910 830 829
f 910 831 830
f 910 832 831
f 910 833 832
f 910 834 833
f 910 835 834
f 910 836 835
f 910 837 836
f 910 727 726
f 910 838 837
f 910 726 909
f 910 897 727
f 910 898 897
f 910 899 898
f 910 900 899
f 910 901 900
f 910 902 901
f 910 812 902
f 910 813 812
f 910 814 813
f 910 815 814
f 910 816 815
f 910 817 816
f 910 818 817
f 910 819 818
f 910 820 819
f 910 821 820
f 910 822 821
f 910 823 822
f 910 824 823
f 910 825 824
f 910 826 825
f 910 827 826
f 910 828 827
f 910 829 828
f 907 909 918
f 918 909 917
f 910 908 838
f 838 908 839
f 839 908 840
f 840 908 841
f 841 908 842
f 842 908 843
f 843 908 844
f 844 908 845
f 845 908 471
f 845 471 470
f 845 470 469
f 845 469 468
f 845 468 467
f 845 467 466
f 845 466 465
f 625 627 4
f 629 3 626
f 919 626 627
f 919 627 920
f 629 921 628
f 922 921 629
f 921 903 429
f 921 429 628
f 904 903 907
f 908 904 907
f 905 430 904
f 905 431 430
f 920 627 625
f 906 920 625
f 906 905 908
f 910 906 908
f 922 907 921
f 909 907 922
f 910 909 919
f 910 919 920
f 923 911 912
f 923 924 911
f 924 913 911
f 925 913 924
f 923 912 918
f 926 923 918
f 984 913 985
f 986 985 913
f 983 913 984
f 987 986 913
f 982 913 983
f 988 987 913
f 981 913 982
f 989 988 913
f 980 913 981
f 990 989 913
f 979 913 980
f 991 990 913
f 978 913 979
f 992 991 913
f 977 913 978
f 993 992 913
f 976 913 977
f 994 993 913
f 975 913 976
f 995 994 913
f 974 913 975
f 973 913 974
f 972 913 973
f 971 914 913
f 971 913 972
f 1167 939 938
f 1167 940 939
f 1166 941 940
f 1166 942 941
f 1166 940 1167
f 1168 938 937
f 1168 1167 938
f 1165 943 942
f 1165 942 1166
f 1169 936 935
f 1169 937 936
f 1169 1168 937
f 1164 944 943
f 1164 945 944
f 1164 943 1165
f 1170 934 933
f 1170 935 934
f 1170 1169 935
f 1163 946 945
f 1163 945 1164
f 1171 933 932
f 1171 1170 933
f 1162 947 946
f 1162 948 947
f 1162 946 1163
f 1172 931 930
f 1172 932 931
f 1172 1171 932
f 1161 949 948
f 1161 950 949
f 1161 948 1162
f 1173 930 929
f 1173 1172 930
f 1160 951 950
f 1160 950 1161
f 1174 929 928
f 1174 1173 929
f 1174 928 1018
f 1159 952 951
f 1159 953 952
f 1159 951 1160
f 1175 1174 1018
f 1175 1018 1017
f 1158 954 953
f 1158 953 1159
f 1176 1175 1017
f 1176 1016 1015
f 1176 1017 1016
f 1157 955 954
f 1157 954 1158
f 1177 1176 1015
f 1177 1015 1014
f 1156 956 955
f 1156 957 956
f 1156 955 1157
f 1178 1177 1014
f 1178 1014 1013
f 1155 957 1156
f 1258 962 961
f 1076 1008 1007
f 1257 963 962
f 1257 964 963
f 1257 962 1258
f 1075 1008 1076
f 1075 1009 1008
f 1259 961 960
f 1259 1258 961
f 1077 1076 1007
f 1077 1007 1006
f 1256 964 1257
f 1074 1009 1075
f 1074 1010 1009
f 1260 1259 960
f 1078 1077 1006
f 1078 1006 1005
f 1255 964 1256
f 1255 965 964
f 1073 1010 1074
f 1073 1011 1010
f 1261 960 959
f 1261 1260 960
f 1079 1078 1005
f 1079 1005 1004
f 1254 965 1255
f 1254 966 965
f 1072 1011 1073
f 1072 1012 1011
f 1262 959 958
f 1262 1261 959
f 1080 1079 1004
f 1080 1004 1003
f 1253 967 966
f 1253 966 1254
f 1071 1012 1072
f 1071 1013 1012
f 1263 957 1155
f 1263 958 957
f 1263 1262 958
f 1081 1080 1003
f 1252 967 1253
f 1252 968 967
f 1070 1179 1178
f 1070 1013 1071
f 1070 1178 1013
f 1264 1263 1155
f 1251 968 1252
f 1251 969 968
f 1069 1179 1070
f 1069 1180 1179
f 1265 1155 1154
f 1265 1264 1155
f 1250 969 1251
f 1250 970 969
f 1068 1180 1069
f 1266 1154 1153
f 1266 1265 1154
f 1249 914 971
f 1249 971 970
f 1249 970 1250
f 1067 1180 1068
f 1067 1181 1180
f 1267 1153 1152
f 1267 1266 1153
f 1248 914 1249
f 1066 1181 1067
f 1066 1182 1181
f 1268 1267 1152
f 1247 914 1248
f 1065 1182 1066
f 1269 1152 1151
f 1269 1268 1152
f 1246 914 1247
f 1064 1183 1182
f 1064 1182 1065
f 1270 1151 1150
f 1270 1269 1151
f 1245 914 1246
f 1063 1183 1064
f 1063 1184 1183
f 1271 1270 1150
f 1244 914 1245
f 1062 1184 1063
f 1272 1150 1149
f 1272 1271 1150
f 1243 914 1244
f 1061 1184 1062
f 1061 1185 1184
f 1273 1272 1149
f 1242 914 1243
f 1060 1185 1061
f 1060 1186 1185
f 1274 1149 1148
f 1274 1273 1149
f 1241 914 1242
f 1059 1186 1060
f 1275 1148 1147
f 1275 1274 1148
f 1240 914 1241
f 1058 1186 1059
f 1058 1187 1186
f 1276 1275 1147
f 1239 914 1240
f 1057 1188 1187
f 1057 1187 1058
f 1277 1147 1146
f 1277 1276 1147
f 1238 914 1239
f 1056 1188 1057
f 1278 1146 1145
f 1278 1277 1146
f 1237 914 1238
f 1055 1189 1188
f 1055 1188 1056
f 1279 1278 1145
f 1236 914 1237
f 1054 1189 1055
f 1280 1279 1145
f 925 995 913
f 925 1081 1003
f 925 1082 1081
f 925 1083 1082
f 925 1084 1083
f 925 1085 1084
f 925 1086 1085
f 925 1087 1086
f 925 1088 1087
f 925 1089 1088
f 925 1090 1089
f 925 1091 1090
f 925 1092 1091
f 925 1093 1092
f 925 1094 1093
f 925 1095 1094
f 925 1096 1095
f 925 996 995
f 925 1097 1096
f 925 997 996
f 925 1098 1097
f 925 998 997
f 925 999 998
f 925 1000 999
f 925 1001 1000
f 925 1002 1001
f 925 1003 1002
f 1235 914 1236
f 1053 1189 1054
f 1099 1098 925
f 1144 1280 1145
f 1144 1281 1280
f 1234 914 1235
f 1282 1281 1144
f 1100 1099 925
f 1190 1189 1053
f 1190 1053 1052
f 1101 1100 925
f 1102 1101 925
f 1103 1102 925
f 1143 1282 1144
f 1143 1283 1282
f 1104 1103 925
f 1191 1190 1052
f 1191 1051 1050
f 1191 1052 1051
f 1105 1104 925
f 1106 1105 925
f 1107 1106 925
f 1108 1107 925
f 1142 1283 1143
f 1142 1284 1283
f 1142 1285 1284
f 1109 1108 925
f 1192 1049 1048
f 1192 1050 1049
f 1192 1191 1050
f 1019 1109 925
f 1020 1019 925
f 1021 1020 925
f 1022 1021 925
f 1023 1022 925
f 1024 1023 925
f 1141 1285 1142
f 1141 1286 1285
f 1141 1287 1286
f 1025 1024 925
f 1026 1025 925
f 1193 1048 1047
f 1193 1192 1048
f 1140 1288 1287
f 1140 1287 1141
f 1194 1046 1045
f 1194 1047 1046
f 1194 1193 1047
f 1139 1288 1140
f 1139 1289 1288
f 1139 1290 1289
f 1195 1045 1044
f 1195 1194 1045
f 1138 1290 1139
f 1138 1291 1290
f 1196 1043 1042
f 1196 1044 1043
f 1196 1195 1044
f 1137 1291 1138
f 1137 1201 1291
f 1137 1202 1201
f 1197 1042 1041
f 1197 1196 1042
f 1136 1203 1202
f 1136 1202 1137
f 1198 1040 1039
f 1198 1041 1040
f 1198 1197 1041
f 1135 1203 1136
f 1135 1204 1203
f 1135 1205 1204
f 1199 1039 1038
f 1199 1198 1039
f 1134 1205 1135
f 1134 1206 1205
f 1200 1037 1036
f 1200 1038 1037
f 1200 1199 1038
f 1133 1206 1134
f 1133 1207 1206
f 1110 1200 1036
f 1349 1122 1121
f 1348 1122 1349
f 1350 1349 1121
f 1350 1121 1120
f 1347 1122 1348
f 1347 1123 1122
f 1351 1350 1120
f 1346 1123 1347
f 1352 1351 1120
f 1352 1120 1119
f 1345 1123 1346
f 1345 1124 1123
f 1353 1352 1119
f 1344 1124 1345
f 1344 1125 1124
f 1354 1353 1119
f 1354 1119 1118
f 1343 1125 1344
f 1355 1354 1118
f 1355 1118 1117
f 1342 1126 1125
f 1342 1125 1343
f 1356 1355 1117
f 1341 1127 1126
f 1341 1126 1342
f 1357 1356 1117
f 1357 1117 1116
f 1340 1127 1341
f 1358 1357 1116
f 1358 1116 1115
f 1339 1128 1127
f 1339 1127 1340
f 1359 1358 1115
f 1338 1129 1128
f 1338 1128 1339
f 1360 1359 1115
f 1360 1115 1114
f 1337 1129 1338
f 1361 1360 1114
f 1361 1114 1113
f 1336 1130 1129
f 1336 1129 1337
f 1362 1361 1113
f 1335 1131 1130
f 1335 1130 1336
f 1363 1362 1113
f 1363 1113 1112
f 1334 1131 1335
f 1364 1363 1112
f 1364 1112 1111
f 1333 1132 1131
f 1333 1131 1334
f 1365 1364 1111
f 1332 1133 1132
f 1332 1207 1133
f 1332 1132 1333
f 1366 1110 1036
f 1366 1365 1111
f 1366 1111 1110
f 1331 1207 1332
f 1331 1208 1207
f 1367 1036 1035
f 1367 1366 1036
f 1330 1208 1331
f 1330 1209 1208
f 1368 1035 1034
f 1368 1367 1035
f 1329 1209 1330
f 1329 1210 1209
f 1369 1033 1032
f 1369 1034 1033
f 1369 1368 1034
f 1328 1210 1329
f 1328 1211 1210
f 1370 1032 1031
f 1370 1369 1032
f 1327 1211 1328
f 1327 1212 1211
f 1371 1370 1031
f 1326 1212 1327
f 1326 1213 1212
f 1372 1030 1029
f 1372 1031 1030
f 1372 1371 1031
f 1325 1214 1213
f 1325 1213 1326
f 1373 1372 1029
f 1324 1214 1325
f 1324 1215 1214
f 1374 1028 1027
f 1374 1029 1028
f 1374 1373 1029
f 1323 1215 1324
f 1323 1216 1215
f 1375 1374 1027
f 1322 1216 1323
f 1322 1217 1216
f 1376 1027 1026
f 1376 1026 925
f 1376 1375 1027
f 1321 1217 1322
f 927 1377 1376
f 927 1378 1377
f 927 1379 1378
f 927 1380 1379
f 927 1381 1380
f 927 1382 1381
f 927 1292 1382
f 927 1293 1292
f 927 1294 1293
f 927 1295 1294
f 927 1296 1295
f 927 1297 1296
f 927 1298 1297
f 927 1299 1298
f 927 1300 1299
f 927 1217 1321
f 927 1301 1300
f 927 1302 1301
f 927 1303 1302
f 927 1304 1303
f 927 1305 1304
f 927 1306 1305
f 927 1307 1306
f 927 1308 1307
f 927 1309 1308
f 927 1310 1309
f 927 1311 1310
f 927 1312 1311
f 927 1313 1312
f 927 1314 1313
f 927 1315 1314
f 927 1316 1315
f 927 1317 1316
f 927 1376 925
f 927 1318 1317
f 927 1218 1217
f 927 1319 1318
f 927 1219 1218
f 927 1320 1319
f 927 1321 1320
f 927 1220 1219
f 927 1221 1220
f 927 1222 1221
f 927 1223 1222
f 927 914 1224
f 1224 914 1225
f 1225 914 1226
f 1226 914 1227
f 1227 914 1228
f 1228 914 1229
f 1229 914 1230
f 1230 914 1231
f 1231 914 1232
f 1232 914 1233
f 1233 914 1234
f 927 1224 1223
f 1440 1441 918
f 1442 918 1441
f 1439 1440 918
f 1443 918 1442
f 1438 1439 918
f 1444 918 1443
f 1437 1438 918
f 1445 918 1444
f 1436 1437 918
f 1446 918 1445
f 1435 1436 918
f 1447 918 1446
f 1434 1435 918
f 1448 918 1447
f 1433 1434 918
f 1449 918 1448
f 1432 1433 918
f 1450 918 1449
f 1431 1432 918
f 1451 918 1450
f 1430 1431 918
f 1429 1430 918
f 1428 1429 918
f 1427 918 917
f 1427 1428 918
f 1623 1394 1395
f 1623 1395 1396
f 1622 1396 1397
f 1622 1397 1398
f 1622 1623 1396
f 1624 1393 1394
f 1624 1394 1623
f 1621 1398 1399
f 1621 1622 1398
f 1625 1391 1392
f 1625 1392 1393
f 1625 1393 1624
f 1620 1399 1400
f 1620 1400 1401
f 1620 1621 1399
f 1626 1389 1390
f 1626 1390 1391
f 1626 1391 1625
f 1619 1401 1402
f 1619 1620 1401
f 1627 1388 1389
f 1627 1389 1626
f 1618 1402 1403
f 1618 1403 1404
f 1618 1619 1402
f 1628 1386 1387
f 1628 1387 1388
f 1628 1388 1627
f 1617 1404 1405
f 1617 1405 1406
f 1617 1618 1404
f 1629 1385 1386
f 1629 1386 1628
f 1616 1406 1407
f 1616 1617 1406
f 1630 1384 1385
f 1630 1385 1629
f 1630 1474 1384
f 1615 1407 1408
f 1615 1408 1409
f 1615 1616 1407
f 1631 1474 1630
f 1631 1473 1474
f 1614 1409 1410
f 1614 1615 1409
f 1632 1473 1631
f 1632 1471 1472
f 1632 1472 1473
f 1613 1410 1411
f 1613 1614 1410
f 1633 1471 1632
f 1633 1470 1471
f 1612 1411 1412
f 1612 1412 1413
f 1612 1613 1411
f 1634 1470 1633
f 1634 1469 1470
f 1611 1612 1413
f 1714 1417 1418
f 1532 1463 1464
f 1713 1418 1419
f 1713 1419 1420
f 1713 1714 1418
f 1531 1532 1464
f 1531 1464 1465
f 1715 1416 1417
f 1715 1417 1714
f 1533 1463 1532
f 1533 1462 1463
f 1712 1713 1420
f 1530 1531 1465
f 1530 1465 1466
f 1716 1416 1715
f 1534 1462 1533
f 1534 1461 1462
f 1711 1712 1420
f 1711 1420 1421
f 1529 1530 1466
f 1529 1466 1467
f 1717 1415 1416
f 1717 1416 1716
f 1535 1461 1534
f 1535 1460 1461
f 1710 1711 1421
f 1710 1421 1422
f 1528 1529 1467
f 1528 1467 1468
f 1718 1414 1415
f 1718 1415 1717
f 1536 1460 1535
f 1536 1459 1460
f 1709 1422 1423
f 1709 1710 1422
f 1527 1528 1468
f 1527 1468 1469
f 1719 1611 1413
f 1719 1413 1414
f 1719 1414 1718
f 1537 1459 1536
f 1708 1709 1423
f 1708 1423 1424
f 1526 1634 1635
f 1526 1527 1469
f 1526 1469 1634
f 1720 1611 1719
f 1707 1708 1424
f 1707 1424 1425
f 1525 1526 1635
f 1525 1635 1636
f 1721 1610 1611
f 1721 1611 1720
f 1706 1707 1425
f 1706 1425 1426
f 1524 1525 1636
f 1722 1609 1610
f 1722 1610 1721
f 1705 1427 917
f 1705 1426 1427
f 1705 1706 1426
f 1523 1524 1636
f 1523 1636 1637
f 1723 1608 1609
f 1723 1609 1722
f 1704 1705 917
f 1522 1523 1637
f 1522 1637 1638
f 1724 1608 1723
f 1703 1704 917
f 1521 1522 1638
f 1725 1607 1608
f 1725 1608 1724
f 1702 1703 917
f 1520 1638 1639
f 1520 1521 1638
f 1726 1606 1607
f 1726 1607 1725
f 1701 1702 917
f 1519 1520 1639
f 1519 1639 1640
f 1727 1606 1726
f 1700 1701 917
f 1518 1519 1640
f 1728 1605 1606
f 1728 1606 1727
f 1699 1700 917
f 1517 1518 1640
f 1517 1640 1641
f 1729 1605 1728
f 1698 1699 917
f 1516 1517 1641
f 1516 1641 1642
f 1730 1604 1605
f 1730 1605 1729
f 1697 1698 917
f 1515 1516 1642
f 1731 1603 1604
f 1731 1604 1730
f 1696 1697 917
f 1514 1515 1642
f 1514 1642 1643
f 1732 1603 1731
f 1695 1696 917
f 1513 1643 1644
f 1513 1514 1643
f 1733 1602 1603
f 1733 1603 1732
f 1694 1695 917
f 1512 1513 1644
f 1734 1601 1602
f 1734 1602 1733
f 1693 1694 917
f 1511 1644 1645
f 1511 1512 1644
f 1735 1601 1734
f 1692 1693 917
f 1510 1511 1645
f 1736 1601 1735
f 926 918 1451
f 926 1459 1537
f 926 1537 1538
f 926 1538 1539
f 926 1539 1540
f 926 1540 1541
f 926 1541 1542
f 926 1542 1543
f 926 1543 1544
f 926 1544 1545
f 926 1545 1546
f 926 1546 1547
f 926 1547 1548
f 926 1548 1549
f 926 1549 1550
f 926 1550 1551
f 926 1551 1552
f 926 1451 1452
f 926 1552 1553
f 926 1452 1453
f 926 1553 1554
f 926 1453 1454
f 926 1454 1455
f 926 1455 1456
f 926 1456 1457
f 926 1457 1458
f 926 1458 1459
f 1691 1692 917
f 1509 1510 1645
f 1555 926 1554
f 1600 1601 1736
f 1600 1736 1737
f 1690 1691 917
f 1738 1600 1737
f 1556 926 1555
f 1646 1509 1645
f 1646 1508 1509
f 1557 926 1556
f 1558 926 1557
f 1559 926 1558
f 1599 1600 1738
f 1599 1738 1739
f 1560 926 1559
f 1647 1508 1646
f 1647 1506 1507
f 1647 1507 1508
f 1561 926 1560
f 1562 926 1561
f 1563 926 1562
f 1564 926 1563
f 1598 1599 1739
f 1598 1739 1740
f 1598 1740 1741
f 1565 926 1564
f 1648 1504 1505
f 1648 1505 1506
f 1648 1506 1647
f 1475 926 1565
f 1476 926 1475
f 1477 926 1476
f 1478 926 1477
f 1479 926 1478
f 1480 926 1479
f 1597 1598 1741
f 1597 1741 1742
f 1597 1742 1743
f 1481 926 1480
f 1482 926 1481
f 1649 1503 1504
f 1649 1504 1648
f 1596 1743 1744
f 1596 1597 1743
f 1650 1501 1502
f 1650 1502 1503
f 1650 1503 1649
f 1595 1596 1744
f 1595 1744 1745
f 1595 1745 1746
f 1651 1500 1501
f 1651 1501 1650
f 1594 1595 1746
f 1594 1746 1747
f 1652 1498 1499
f 1652 1499 1500
f 1652 1500 1651
f 1593 1594 1747
f 1593 1747 1657
f 1593 1657 1658
f 1653 1497 1498
f 1653 1498 1652
f 1592 1658 1659
f 1592 1593 1658
f 1654 1495 1496
f 1654 1496 1497
f 1654 1497 1653
f 1591 1592 1659
f 1591 1659 1660
f 1591 1660 1661
f 1655 1494 1495
f 1655 1495 1654
f 1590 1591 1661
f 1590 1661 1662
f 1656 1492 1493
f 1656 1493 1494
f 1656 1494 1655
f 1589 1590 1662
f 1589 1662 1663
f 1566 1492 1656
f 1805 1577 1578
f 1804 1805 1578
f 1806 1577 1805
f 1806 1576 1577
f 1803 1804 1578
f 1803 1578 1579
f 1807 1576 1806
f 1802 1803 1579
f 1808 1576 1807
f 1808 1575 1576
f 1801 1802 1579
f 1801 1579 1580
f 1809 1575 1808
f 1800 1801 1580
f 1800 1580 1581
f 1810 1575 1809
f 1810 1574 1575
f 1799 1800 1581
f 1811 1574 1810
f 1811 1573 1574
f 1798 1581 1582
f 1798 1799 1581
f 1812 1573 1811
f 1797 1582 1583
f 1797 1798 1582
f 1813 1573 1812
f 1813 1572 1573
f 1796 1797 1583
f 1814 1572 1813
f 1814 1571 1572
f 1795 1583 1584
f 1795 1796 1583
f 1815 1571 1814
f 1794 1584 1585
f 1794 1795 1584
f 1816 1571 1815
f 1816 1570 1571
f 1793 1794 1585
f 1817 1570 1816
f 1817 1569 1570
f 1792 1585 1586
f 1792 1793 1585
f 1818 1569 1817
f 1791 1586 1587
f 1791 1792 1586
f 1819 1569 1818
f 1819 1568 1569
f 1790 1791 1587
f 1820 1568 1819
f 1820 1567 1568
f 1789 1587 1588
f 1789 1790 1587
f 1821 1567 1820
f 1788 1588 1589
f 1788 1589 1663
f 1788 1789 1588
f 1822 1492 1566
f 1822 1567 1821
f 1822 1566 1567
f 1787 1788 1663
f 1787 1663 1664
f 1823 1491 1492
f 1823 1492 1822
f 1786 1787 1664
f 1786 1664 1665
f 1824 1490 1491
f 1824 1491 1823
f 1785 1786 1665
f 1785 1665 1666
f 1825 1488 1489
f 1825 1489 1490
f 1825 1490 1824
f 1784 1785 1666
f 1784 1666 1667
f 1826 1487 1488
f 1826 1488 1825
f 1783 1784 1667
f 1783 1667 1668
f 1827 1487 1826
f 1782 1783 1668
f 1782 1668 1669
f 1828 1485 1486
f 1828 1486 1487
f 1828 1487 1827
f 1781 1669 1670
f 1781 1782 1669
f 1829 1485 1828
f 1780 1781 1670
f 1780 1670 1671
f 1830 1483 1484
f 1830 1484 1485
f 1830 1485 1829
f 1779 1780 1671
f 1779 1671 1672
f 1831 1483 1830
f 1778 1779 1672
f 1778 1672 1673
f 1832 1482 1483
f 1832 926 1482
f 1832 1483 1831
f 1777 1778 1673
f 1383 1832 1833
f 1383 1833 1834
f 1383 1834 1835
f 1383 1835 1836
f 1383 1836 1837
f 1383 1837 1838
f 1383 1838 1748
f 1383 1748 1749
f 1383 1749 1750
f 1383 1750 1751
f 1383 1751 1752
f 1383 1752 1753
f 1383 1753 1754
f 1383 1754 1755
f 1383 1755 1756
f 1383 1777 1673
f 1383 1756 1757
f 1383 1757 1758
f 1383 1758 1759
f 1383 1759 1760
f 1383 1760 1761
f 1383 1761 1762
f 1383 1762 1763
f 1383 1763 1764
f 1383 1764 1765
f 1383 1765 1766
f 1383 1766 1767
f 1383 1767 1768
f 1383 1768 1769
f 1383 1769 1770
f 1383 1770 1771
f 1383 1771 1772
f 1383 1772 1773
f 1383 926 1832
f 1383 1773 1774
f 1383 1673 1674
f 1383 1774 1775
f 1383 1674 1675
f 1383 1775 1776
f 1383 1776 1777
f 1383 1675 1676
f 1383 1676 1677
f 1383 1677 1678
f 1383 1678 1679
f 1383 1680 917
f 1680 1681 917
f 1681 1682 917
f 1682 1683 917
f 1683 1684 917
f 1684 1685 917
f 1685 1686 917
f 1686 1687 917
f 1687 1688 917
f 1688 1689 917
f 1689 1690 917
f 1383 1679 1680
f 1839 915 914
f 927 1839 914
f 1840 917 916
f 1383 917 1840
f 1840 916 915
f 1840 915 1839
f 922 626 919
f 922 629 626
f 921 907 903
f 908 905 904
f 910 920 906
f 922 919 909
f 1842 923 1841
f 1842 924 923
f 1842 925 924
f 926 1841 923
f 927 925 1842
f 1843 927 1842
f 929 1384 928
f 929 1385 1384
f 930 1386 1385
f 930 1385 929
f 931 1387 1386
f 931 1386 930
f 932 1387 931
f 932 1388 1387
f 933 1388 932
f 933 1389 1388
f 934 1389 933
f 934 1390 1389
f 934 1391 1390
f 935 1391 934
f 936 1391 935
f 936 1392 1391
f 937 1393 1392
f 937 1394 1393
f 937 1392 936
f 938 1394 937
f 939 1395 1394
f 939 1396 1395
f 939 1394 938
f 940 1396 939
f 941 1397 1396
f 941 1398 1397
f 941 1396 940
f 942 1398 941
f 943 1399 1398
f 943 1400 1399
f 943 1398 942
f 944 1400 943
f 945 1401 1400
f 945 1400 944
f 946 1402 1401
f 946 1401 945
f 947 1403 1402
f 947 1402 946
f 948 1404 1403
f 948 1403 947
f 949 1405 1404
f 949 1404 948
f 950 1406 1405
f 950 1407 1406
f 950 1405 949
f 951 1407 950
f 952 1408 1407
f 952 1407 951
f 953 1409 1408
f 953 1408 952
f 954 1410 1409
f 954 1411 1410
f 954 1409 953
f 955 1412 1411
f 955 1411 954
f 956 1412 955
f 957 1412 956
f 957 1413 1412
f 958 1413 957
f 958 1414 1413
f 959 1414 958
f 959 1415 1414
f 959 1416 1415
f 960 1416 959
f 960 1417 1416
f 961 1417 960
f 962 1417 961
f 962 1418 1417
f 963 1419 1418
f 963 1418 962
f 964 1420 1419
f 964 1419 963
f 965 1421 1420
f 965 1420 964
f 966 1422 1421
f 966 1423 1422
f 966 1421 965
f 967 1424 1423
f 967 1423 966
f 968 1424 967
f 969 1425 1424
f 969 1424 968
f 970 1426 1425
f 970 1427 1426
f 970 1425 969
f 971 1427 970
f 972 1428 1427
f 972 1429 1428
f 972 1427 971
f 973 1429 972
f 974 1430 1429
f 974 1429 973
f 975 1431 1430
f 975 1430 974
f 976 1432 1431
f 976 1431 975
f 977 1433 1432
f 977 1432 976
f 978 1434 1433
f 978 1433 977
f 979 1435 1434
f 979 1434 978
f 980 1436 1435
f 980 1435 979
f 981 1437 1436
f 981 1436 980
f 982 1438 1437
f 982 1437 981
f 983 1438 982
f 983 1439 1438
f 983 1440 1439
f 984 1440 983
f 985 1440 984
f 985 1441 1440
f 985 1442 1441
f 986 1442 985
f 987 1442 986
f 987 1443 1442
f 988 1443 987
f 988 1444 1443
f 989 1444 988
f 989 1445 1444
f 989 1446 1445
f 990 1446 989
f 991 1446 990
f 991 1447 1446
f 992 1447 991
f 992 1448 1447
f 993 1448 992
f 993 1449 1448
f 993 1450 1449
f 994 1450 993
f 995 1450 994
f 995 1451 1450
f 996 1451 995
f 996 1452 1451
f 997 1452 996
f 997 1453 1452
f 998 1454 1453
f 998 1453 997
f 999 1455 1454
f 999 1454 998
f 1000 1456 1455
f 1000 1455 999
f 1001 1457 1456
f 1001 1458 1457
f 1001 1456 1000
f 1002 1458 1001
f 1003 1459 1458
f 1003 1458 1002
f 1004 1460 1459
f 1004 1461 1460
f 1004 1459 1003
f 1005 1461 1004
f 1006 1462 1461
f 1006 1461 1005
f 1007 1463 1462
f 1007 1464 1463
f 1007 1462 1006
f 1008 1464 1007
f 1009 1464 1008
f 1009 1465 1464
f 1010 1465 1009
f 1010 1466 1465
f 1011 1466 1010
f 1011 1467 1466
f 1012 1467 1011
f 1012 1468 1467
f 1013 1468 1012
f 1013 1469 1468
f 1013 1470 1469
f 1014 1470 1013
f 1015 1470 1014
f 1015 1471 1470
f 1016 1471 1015
f 1016 1472 1471
f 1016 1473 1472
f 1017 1473 1016
f 1018 1473 1017
f 1018 1474 1473
f 928 1474 1018
f 928 1384 1474
f 1020 1475 1019
f 1020 1476 1475
f 1021 1477 1476
f 1021 1476 1020
f 1022 1478 1477
f 1022 1477 1021
f 1023 1478 1022
f 1023 1479 1478
f 1024 1479 1023
f 1024 1480 1479
f 1025 1480 1024
f 1025 1481 1480
f 1025 1482 1481
f 1026 1482 1025
f 1027 1482 1026
f 1027 1483 1482
f 1028 1484 1483
f 1028 1485 1484
f 1028 1483 1027
f 1029 1485 1028
f 1030 1486 1485
f 1030 1487 1486
f 1030 1485 1029
f 1031 1487 1030
f 1032 1488 1487
f 1032 1489 1488
f 1032 1487 1031
f 1033 1489 1032
f 1034 1490 1489
f 1034 1491 1490
f 1034 1489 1033
f 1035 1491 1034
f 1036 1492 1491
f 1036 1491 1035
f 1037 1493 1492
f 1037 1492 1036
f 1038 1494 1493
f 1038 1493 1037
f 1039 1495 1494
f 1039 1494 1038
f 1040 1496 1495
f 1040 1495 1039
f 1041 1497 1496
f 1041 1498 1497
f 1041 1496 1040
f 1042 1498 1041
f 1043 1499 1498
f 1043 1498 1042
f 1044 1500 1499
f 1044 1499 1043
f 1045 1501 1500
f 1045 1502 1501
f 1045 1500 1044
f 1046 1503 1502
f 1046 1502 1045
f 1047 1503 1046
f 1048 1503 1047
f 1048 1504 1503
f 1049 1504 1048
f 1049 1505 1504
f 1050 1505 1049
f 1050 1506 1505
f 1050 1507 1506
f 1051 1507 1050
f 1051 1508 1507
f 1052 1508 1051
f 1053 1508 1052
f 1053 1509 1508
f 1054 1510 1509
f 1054 1509 1053
f 1055 1511 1510
f 1055 1510 1054
f 1056 1512 1511
f 1056 1511 1055
f 1057 1513 1512
f 1057 1514 1513
f 1057 1512 1056
f 1058 1515 1514
f 1058 1514 1057
f 1059 1515 1058
f 1060 1516 1515
f 1060 1515 1059
f 1061 1517 1516
f 1061 1518 1517
f 1061 1516 1060
f 1062 1518 1061
f 1063 1519 1518
f 1063 1520 1519
f 1063 1518 1062
f 1064 1520 1063
f 1065 1521 1520
f 1065 1520 1064
f 1066 1522 1521
f 1066 1521 1065
f 1067 1523 1522
f 1067 1522 1066
f 1068 1524 1523
f 1068 1523 1067
f 1069 1525 1524
f 1069 1524 1068
f 1070 1526 1525
f 1070 1525 1069
f 1071 1527 1526
f 1071 1526 1070
f 1072 1528 1527
f 1072 1527 1071
f 1073 1529 1528
f 1073 1528 1072
f 1074 1529 1073
f 1074 1530 1529
f 1074 1531 1530
f 1075 1531 1074
f 1076 1531 1075
f 1076 1532 1531
f 1076 1533 1532
f 1077 1533 1076
f 1078 1533 1077
f 1078 1534 1533
f 1079 1534 1078
f 1079 1535 1534
f 1080 1535 1079
f 1080 1536 1535
f 1080 1537 1536
f 1081 1537 1080
f 1082 1537 1081
f 1082 1538 1537
f 1083 1538 1082
f 1083 1539 1538
f 1084 1539 1083
f 1084 1540 1539
f 1084 1541 1540
f 1085 1541 1084
f 1086 1541 1085
f 1086 1542 1541
f 1087 1542 1086
f 1087 1543 1542
f 1088 1543 1087
f 1088 1544 1543
f 1089 1545 1544
f 1089 1544 1088
f 1090 1546 1545
f 1090 1545 1089
f 1091 1547 1546
f 1091 1546 1090
f 1092 1548 1547
f 1092 1549 1548
f 1092 1547 1091
f 1093 1549 1092
f 1094 1550 1549
f 1094 1549 1093
f 1095 1551 1550
f 1095 1552 1551
f 1095 1550 1094
f 1096 1552 1095
f 1097 1553 1552
f 1097 1552 1096
f 1098 1554 1553
f 1098 1555 1554
f 1098 1553 1097
f 1099 1555 1098
f 1100 1555 1099
f 1100 1556 1555
f 1101 1556 1100
f 1101 1557 1556
f 1102 1557 1101
f 1102 1558 1557
f 1103 1558 1102
f 1103 1559 1558
f 1104 1559 1103
f 1104 1560 1559
f 1104 1561 1560
f 1105 1561 1104
f 1106 1561 1105
f 1106 1562 1561
f 1107 1562 1106
f 1107 1563 1562
f 1107 1564 1563
f 1108 1564 1107
f 1109 1564 1108
f 1109 1565 1564
f 1019 1565 1109
f 1019 1475 1565
f 1111 1566 1110
f 1111 1567 1566
f 1112 1568 1567
f 1112 1567 1111
f 1113 1569 1568
f 1113 1568 1112
f 1114 1569 1113
f 1114 1570 1569
f 1115 1570 1114
f 1115 1571 1570
f 1115 1572 1571
f 1116 1572 1115
f 1117 1572 1116
f 1117 1573 1572
f 1118 1573 1117
f 1118 1574 1573
f 1119 1575 1574
f 1119 1574 1118
f 1120 1576 1575
f 1120 1575 1119
f 1121 1577 1576
f 1121 1576 1120
f 1122 1578 1577
f 1122 1577 1121
f 1123 1579 1578
f 1123 1578 1122
f 1124 1580 1579
f 1124 1581 1580
f 1124 1579 1123
f 1125 1581 1124
f 1126 1582 1581
f 1126 1581 1125
f 1127 1583 1582
f 1127 1582 1126
f 1128 1584 1583
f 1128 1583 1127
f 1129 1585 1584
f 1129 1586 1585
f 1129 1584 1128
f 1130 1587 1586
f 1130 1586 1129
f 1131 1588 1587
f 1131 1587 1130
f 1132 1588 1131
f 1133 1589 1588
f 1133 1588 1132
f 1134 1590 1589
f 1134 1589 1133
f 1135 1591 1590
f 1135 1590 1134
f 1136 1592 1591
f 1136 1591 1135
f 1137 1593 1592
f 1137 1594 1593
f 1137 1592 1136
f 1138 1594 1137
f 1139 1594 1138
f 1139 1595 1594
f 1140 1595 1139
f 1140 1596 1595
f 1141 1596 1140
f 1141 1597 1596
f 1142 1597 1141
f 1142 1598 1597
f 1143 1598 1142
f 1143 1599 1598
f 1143 1600 1599
f 1144 1600 1143
f 1145 1601 1600
f 1145 1600 1144
f 1146 1602 1601
f 1146 1603 1602
f 1146 1601 1145
f 1147 1603 1146
f 1148 1604 1603
f 1148 1603 1147
f 1149 1605 1604
f 1149 1606 1605
f 1149 1604 1148
f 1150 1606 1149
f 1151 1607 1606
f 1151 1606 1150
f 1152 1608 1607
f 1152 1607 1151
f 1153 1609 1608
f 1153 1610 1609
f 1153 1608 1152
f 1154 1610 1153
f 1155 1611 1610
f 1155 1610 1154
f 1156 1612 1611
f 1156 1611 1155
f 1157 1613 1612
f 1157 1612 1156
f 1158 1614 1613
f 1158 1615 1614
f 1158 1613 1157
f 1159 1615 1158
f 1160 1616 1615
f 1160 1617 1616
f 1160 1615 1159
f 1161 1617 1160
f 1162 1618 1617
f 1162 1617 1161
f 1163 1619 1618
f 1163 1618 1162
f 1164 1620 1619
f 1164 1619 1163
f 1165 1620 1164
f 1165 1621 1620
f 1166 1621 1165
f 1166 1622 1621
f 1167 1622 1166
f 1167 1623 1622
f 1168 1623 1167
f 1168 1624 1623
f 1168 1625 1624
f 1169 1625 1168
f 1169 1626 1625
f 1170 1626 1169
f 1171 1626 1170
f 1171 1627 1626
f 1171 1628 1627
f 1172 1628 1171
f 1173 1628 1172
f 1173 1629 1628
f 1174 1629 1173
f 1174 1630 1629
f 1174 1631 1630
f 1175 1631 1174
f 1176 1631 1175
f 1176 1632 1631
f 1176 1633 1632
f 1177 1633 1176
f 1178 1633 1177
f 1178 1634 1633
f 1179 1634 1178
f 1179 1635 1634
f 1180 1636 1635
f 1180 1635 1179
f 1181 1637 1636
f 1181 1638 1637
f 1181 1636 1180
f 1182 1638 1181
f 1183 1639 1638
f 1183 1640 1639
f 1183 1638 1182
f 1184 1640 1183
f 1185 1641 1640
f 1185 1640 1184
f 1186 1642 1641
f 1186 1643 1642
f 1186 1641 1185
f 1187 1643 1186
f 1188 1644 1643
f 1188 1643 1187
f 1189 1645 1644
f 1189 1644 1188
f 1190 1645 1189
f 1190 1646 1645
f 1190 1647 1646
f 1191 1647 1190
f 1192 1647 1191
f 1192 1648 1647
f 1193 1648 1192
f 1193 1649 1648
f 1193 1650 1649
f 1194 1650 1193
f 1194 1651 1650
f 1195 1651 1194
f 1196 1651 1195
f 1196 1652 1651
f 1197 1652 1196
f 1197 1653 1652
f 1198 1653 1197
f 1198 1654 1653
f 1199 1654 1198
f 1199 1655 1654
f 1199 1656 1655
f 1200 1656 1199
f 1110 1656 1200
f 1110 1566 1656
f 1202 1657 1201
f 1202 1658 1657
f 1203 1659 1658
f 1203 1658 1202
f 1204 1660 1659
f 1204 1659 1203
f 1205 1660 1204
f 1205 1661 1660
f 1206 1661 1205
f 1206 1662 1661
f 1207 1662 1206
f 1207 1663 1662
f 1207 1664 1663
f 1208 1664 1207
f 1209 1664 1208
f 1209 1665 1664
f 1210 1666 1665
f 1210 1667 1666
f 1210 1665 1209
f 1211 1667 1210
f 1212 1668 1667
f 1212 1669 1668
f 1212 1667 1211
f 1213 1669 1212
f 1214 1670 1669
f 1214 1671 1670
f 1214 1669 1213
f 1215 1671 1214
f 1216 1672 1671
f 1216 1673 1672
f 1216 1671 1215
f 1217 1673 1216
f 1218 1674 1673
f 1218 1673 1217
f 1219 1675 1674
f 1219 1674 1218
f 1220 1676 1675
f 1220 1675 1219
f 1221 1677 1676
f 1221 1676 1220
f 1222 1678 1677
f 1222 1677 1221
f 1223 1679 1678
f 1223 1680 1679
f 1223 1678 1222
f 1224 1680 1223
f 1225 1681 1680
f 1225 1680 1224
f 1226 1682 1681
f 1226 1681 1225
f 1227 1683 1682
f 1227 1684 1683
f 1227 1682 1226
f 1228 1685 1684
f 1228 1684 1227
f 1229 1685 1228
f 1230 1685 1229
f 1230 1686 1685
f 1231 1686 1230
f 1231 1687 1686
f 1232 1687 1231
f 1232 1688 1687
f 1232 1689 1688
f 1233 1689 1232
f 1233 1690 1689
f 1234 1690 1233
f 1235 1690 1234
f 1235 1691 1690
f 1236 1692 1691
f 1236 1691 1235
f 1237 1693 1692
f 1237 1692 1236
f 1238 1694 1693
f 1238 1693 1237
f 1239 1695 1694
f 1239 1696 1695
f 1239 1694 1238
f 1240 1697 1696
f 1240 1696 1239
f 1241 1697 1240
f 1242 1698 1697
f 1242 1697 1241
f 1243 1699 1698
f 1243 1700 1699
f 1243 1698 1242
f 1244 1700 1243
f 1245 1701 1700
f 1245 1702 1701
f 1245 1700 1244
f 1246 1702 1245
f 1247 1703 1702
f 1247 1702 1246
f 1248 1704 1703
f 1248 1703 1247
f 1249 1705 1704
f 1249 1704 1248
f 1250 1706 1705
f 1250 1705 1249
f 1251 1707 1706
f 1251 1706 1250
f 1252 1708 1707
f 1252 1707 1251
f 1253 1709 1708
f 1253 1708 1252
f 1254 1710 1709
f 1254 1709 1253
f 1255 1711 1710
f 1255 1710 1254
f 1256 1711 1255
f 1256 1712 1711
f 1256 1713 1712
f 1257 1713 1256
f 1258 1713 1257
f 1258 1714 1713
f 1258 1715 1714
f 1259 1715 1258
f 1260 1715 1259
f 1260 1716 1715
f 1261 1716 1260
f 1261 1717 1716
f 1262 1717 1261
f 1262 1718 1717
f 1262 1719 1718
f 1263 1719 1262
f 1264 1719 1263
f 1264 1720 1719
f 1265 1720 1264
f 1265 1721 1720
f 1266 1721 1265
f 1266 1722 1721
f 1266 1723 1722
f 1267 1723 1266
f 1268 1723 1267
f 1268 1724 1723
f 1269 1724 1268
f 1269 1725 1724
f 1270 1725 1269
f 1270 1726 1725
f 1271 1727 1726
f 1271 1726 1270
f 1272 1728 1727
f 1272 1727 1271
f 1273 1729 1728
f 1273 1728 1272
f 1274 1730 1729
f 1274 1731 1730
f 1274 1729 1273
f 1275 1731 1274
f 1276 1732 1731
f 1276 1731 1275
f 1277 1733 1732
f 1277 1734 1733
f 1277 1732 1276
f 1278 1734 1277
f 1279 1735 1734
f 1279 1734 1278
f 1280 1736 1735
f 1280 1737 1736
f 1280 1735 1279
f 1281 1737 1280
f 1282 1737 1281
f 1282 1738 1737
f 1283 1738 1282
f 1283 1739 1738
f 1284 1739 1283
f 1284 1740 1739
f 1285 1740 1284
f 1285 1741 1740
f 1286 1741 1285
f 1286 1742 1741
f 1286 1743 1742
f 1287 1743 1286
f 1288 1743 1287
f 1288 1744 1743
f 1289 1744 1288
f 1289 1745 1744
f 1289 1746 1745
f 1290 1746 1289
f 1291 1746 1290
f 1291 1747 1746
f 1201 1747 1291
f 1201 1657 1747
f 1293 1748 1292
f 1293 1749 1748
f 1294 1750 1749
f 1294 1749 1293
f 1295 1751 1750
f 1295 1750 1294
f 1296 1751 1295
f 1296 1752 1751
f 1297 1752 1296
f 1297 1753 1752
f 1298 1753 1297
f 1298 1754 1753
f 1298 1755 1754
f 1299 1755 1298
f 1300 1755 1299
f 1300 1756 1755
f 1301 1757 1756
f 1301 1758 1757
f 1301 1756 1300
f 1302 1758 1301
f 1303 1759 1758
f 1303 1760 1759
f 1303 1758 1302
f 1304 1760 1303
f 1305 1761 1760
f 1305 1762 1761
f 1305 1760 1304
f 1306 1762 1305
f 1307 1763 1762
f 1307 1764 1763
f 1307 1762 1306
f 1308 1764 1307
f 1309 1765 1764
f 1309 1764 1308
f 1310 1766 1765
f 1310 1765 1309
f 1311 1767 1766
f 1311 1766 1310
f 1312 1768 1767
f 1312 1767 1311
f 1313 1769 1768
f 1313 1768 1312
f 1314 1770 1769
f 1314 1771 1770
f 1314 1769 1313
f 1315 1771 1314
f 1316 1772 1771
f 1316 1771 1315
f 1317 1773 1772
f 1317 1772 1316
f 1318 1774 1773
f 1318 1775 1774
f 1318 1773 1317
f 1319 1776 1775
f 1319 1775 1318
f 1320 1776 1319
f 1321 1776 1320
f 1321 1777 1776
f 1322 1777 1321
f 1322 1778 1777
f 1323 1778 1322
f 1323 1779 1778
f 1323 1780 1779
f 1324 1780 1323
f 1324 1781 1780
f 1325 1781 1324
f 1326 1781 1325
f 1326 1782 1781
f 1327 1783 1782
f 1327 1782 1326
f 1328 1784 1783
f 1328 1783 1327
f 1329 1785 1784
f 1329 1784 1328
f 1330 1786 1785
f 1330 1787 1786
f 1330 1785 1329
f 1331 1788 1787
f 1331 1787 1330
f 1332 1788 1331
f 1333 1789 1788
f 1333 1788 1332
f 1334 1790 1789
f 1334 1791 1790
f 1334 1789 1333
f 1335 1791 1334
f 1336 1792 1791
f 1336 1793 1792
f 1336 1791 1335
f 1337 1793 1336
f 1338 1794 1793
f 1338 1793 1337
f 1339 1795 1794
f 1339 1794 1338
f 1340 1796 1795
f 1340 1795 1339
f 1341 1797 1796
f 1341 1796 1340
f 1342 1798 1797
f 1342 1797 1341
f 1343 1799 1798
f 1343 1798 1342
f 1344 1800 1799
f 1344 1799 1343
f 1345 1801 1800
f 1345 1800 1344
f 1346 1802 1801
f 1346 1801 1345
f 1347 1802 1346
f 1347 1803 1802
f 1347 1804 1803
f 1348 1804 1347
f 1349 1804 1348
f 1349 1805 1804
f 1349 1806 1805
f 1350 1806 1349
f 1351 1806 1350
f 1351 1807 1806
f 1352 1807 1351
f 1352 1808 1807
f 1353 1808 1352
f 1353 1809 1808
f 1353 1810 1809
f 1354 1810 1353
f 1355 1810 1354
f 1355 1811 1810
f 1356 1811 1355
f 1356 1812 1811
f 1357 1812 1356
f 1357 1813 1812
f 1357 1814 1813
f 1358 1814 1357
f 1359 1814 1358
f 1359 1815 1814
f 1360 1815 1359
f 1360 1816 1815
f 1361 1816 1360
f 1361 1817 1816
f 1362 1818 1817
f 1362 1817 1361
f 1363 1819 1818
f 1363 1818 1362
f 1364 1820 1819
f 1364 1819 1363
f 1365 1821 1820
f 1365 1822 1821
f 1365 1820 1364
f 1366 1822 1365
f 1367 1823 1822
f 1367 1822 1366
f 1368 1824 1823
f 1368 1825 1824
f 1368 1823 1367
f 1369 1825 1368
f 1370 1826 1825
f 1370 1825 1369
f 1371 1827 1826
f 1371 1828 1827
f 1371 1826 1370
f 1372 1828 1371
f 1373 1828 1372
f 1373 1829 1828
f 1374 1829 1373
f 1374 1830 1829
f 1375 1830 1374
f 1375 1831 1830
f 1376 1831 1375
f 1376 1832 1831
f 1377 1832 1376
f 1377 1833 1832
f 1377 1834 1833
f 1378 1834 1377
f 1379 1834 1378
f 1379 1835 1834
f 1380 1835 1379
f 1380 1836 1835
f 1380 1837 1836
f 1381 1837 1380
f 1382 1837 1381
f 1382 1838 1837
f 1292 1838 1382
f 1292 1748 1838
f 1383 1841 926
f 1844 1841 1383
f 1843 1839 927
f 1383 1840 1844
f 1843 1844 1840
f 1843 1840 1839
f 1844 1842 1841
f 1843 1842 1844
