# SimpleCAD BREP tessellation for MuJoCo
v 5.63413069965 -1.42889030694 0
v 5.30259634048 -2.38067811766 2.3
v 5.69761941406 -1.14990837136 0
v 5.74730274542 -0.868140197462 0
v 5.78306031058 -0.584268512061 0
v 5.59519137567 -1.57448077781 2.3
v 5.41332338715 -2.11685761358 2.3
v 5.51093390259 -1.84790794447 2.3
v 5.60628960376 -1.53449441535 0.574999999998
v 5.67500873705 -1.25675457681 0.574999999998
v 5.53442727119 -1.77630826378 1.15
v 5.61513292193 -1.50181175156 1.15
v 5.45214021804 -2.01477623441 1.725
v 5.544680368 -1.74404009378 1.725
v 5.62378570758 -1.46907812833 1.725
v 6.14827863058 -1.55928504466 -2.22044604925e-16
v 5.7864897896 -2.59792915312 2.3
v 6.11066843649 -1.55170887932 -1.86832018887e-16
v 6.06909670974 -1.54707099241 -1.49783538528e-16
v 5.98601914112 -1.54574025783 -8.10064696224e-17
v 5.73235370742 -1.55852749142 7.83554153259e-17
v 5.70023413275 -1.55475022328 8.84139410066e-17
v 5.67308270436 -1.54701122958 9.19731442183e-17
v 5.65549539238 -1.5374518243 8.9747211798e-17
v 5.64384826307 -1.52684649849 8.42204434067e-17
v 5.63111075015 -1.50312796738 6.7072894263e-17
v 5.62765819303 -1.48263644854 4.9778145451e-17
v 5.62856975121 -1.45800412532 2.7503279164e-17
v 5.75075375267 -2.58396990366 2.3
v 5.71060816513 -2.57222042447 2.3
v 5.62900941717 -2.55655844524 2.3
v 5.3769485176 -2.52533395962 2.3
v 5.34596431591 -2.5160649749 2.3
v 5.32055794114 -2.50375204641 2.3
v 5.30488636844 -2.49129822848 2.3
v 5.29524635469 -2.47884035179 2.3
v 5.28679759266 -2.45327804803 2.3
v 5.28693675066 -2.43249817484 2.3
v 5.29208972028 -2.40839362776 2.3
v 5.82626564849 -1.80531913162 0.574999999998
v 5.74244495355 -2.05642276029 1.15
v 5.64780771316 -2.30365288378 1.725
v 5.61769221575 -1.6573459605 0.287499999998
v 5.61721273306 -1.7979128812 0.574999999998
v 5.5647384006 -1.75792182743 0.574999999998
v 5.61139030466 -1.65128254977 0.287499999998
v 5.60600586471 -1.64443160145 0.287499999998
v 5.60157547102 -1.63675131307 0.287499999998
v 5.59408361163 -1.600708706 0.287499999998
v 5.61112324326 -1.53991421029 0.143749999999
v 5.58508641936 -1.7826387737 0.574999999998
v 5.54508744579 -1.90341707228 0.862499999999
v 5.53391028535 -2.03995259939 1.15
v 5.45727507001 -2.14222784568 1.4375
v 5.44018409085 -2.27814983583 1.725
v 5.39137453353 -2.23375989256 1.725
v 5.40950299752 -2.26014792193 1.725
v 5.47554881468 -2.35242990372 1.86875
v 5.33888318307 -2.31351813757 2.0125
v 5.31346536204 -2.37131306926 2.15625
v 5.63948928978 -1.56174122394 0.0718749999995
v 5.63185568249 -1.55272484086 0.0718749999995
v 5.62701377424 -1.54443916695 0.0718749999995
v 5.62385048097 -1.53674193649 0.0718749999995
v 5.60908239231 -1.60355126546 0.215624999999
v 5.60738306602 -1.59924598274 0.215624999999
v 5.41750011075 -2.30301115387 1.796875
v 5.4015241155 -2.36602958978 1.940625
v 5.35493789557 -2.37274136775 2.0125
v 5.39675656022 -2.36390608472 1.940625
v 5.32791550841 -2.37623615827 2.084375
v 5.34947663396 -2.36591101968 2.0125
v 5.34502733388 -2.35841892951 2.0125
v 5.34163168863 -2.3502283977 2.0125
v 5.32683836557 -2.37173472157 2.084375
v 5.31187604054 -2.45496395698 2.228125
v 5.30580440774 -2.44482973775 2.228125
v 5.30236916657 -2.43586895733 2.228125
v 5.6207441459 -1.55496767494 0.107812499999
v 5.39983765991 -2.2714732139 1.7609375
v 5.36526282982 -2.31710616575 1.9046875
v 5.36370701576 -2.3606428365 1.9765625
v 5.35370936651 -2.34806466509 1.9765625
v 5.30766496933 -2.41648128424 2.1921875
v 5.78925592375 -0.549229358326 0
v 5.79574111492 -0.530678519711 0
v 5.8055219611 -0.513598066147 0
v 5.81708665749 -0.501403869604 0
v 5.83053937953 -0.493087539303 0
v 5.84635895064 -0.488129212574 0
v 5.86188902762 -0.486536836715 0
v 5.87924846964 -0.48736857856 0
v 5.89873734925 -0.490615424132 0
v 5.92084007247 -0.496384744739 0
v 6.04928421787 -0.549156418626 0
v 6.19994608057 -0.611928109816 0
v 6.25828241531 -0.628705369097 0
v 6.31079895416 -0.637586488267 -2.22044604925e-16
v 6.37804128493 -0.63787792281 0
v 6.46384066456 -0.630528865628 0
v 6.66491822507 -0.593691470522 0
v 6.95790431786 -0.503339448583 0
v 7.23252508992 -0.385394209294 0
v 7.49601458547 -0.244469495947 -1.7763568394e-15
v 7.49601458547 0.244469495947 4.4408920985e-16
v 7.12181495964 0.436619790787 -6.80721766082e-17
v 6.72589474017 0.578062852515 -5.07064444094e-18
v 6.48471398375 0.627872507923 -1.27330870878e-16
v 6.39795125511 0.636740667295 -2.0900594161e-17
v 6.31079895416 0.637586488267 -2.22044604925e-16
v 6.27286573114 0.63184231096 0
v 6.23221483554 0.621982131121 0
v 6.15369231932 0.594818410659 0
v 5.91969827459 0.496043653631 0
v 5.88822384549 0.488607583093 0
v 5.86006295686 0.486593522933 0
v 5.84026678041 0.489561210571 0
v 5.82569482389 0.495543404142 0
v 5.80561326158 0.513475046802 0
v 5.79536040692 0.531549931761 0
v 5.7877922407 0.555008515385 0
v 5.78306031058 0.584268512061 0
v 5.74730274542 0.868140197462 0
v 5.69761941406 1.14990837136 0
v 5.63413069965 1.42889030694 0
v 5.62796857524 1.46393536565 3.29716440098e-17
v 5.62771790105 1.48358551782 5.06095416778e-17
v 5.63106703085 1.50298114041 6.69549070584e-17
v 5.63776362986 1.51839529603 7.86442796954e-17
v 5.64756070101 1.53081119217 8.65265731295e-17
v 5.66073038762 1.54088110718 9.097311994e-17
v 5.67477926175 1.54768905018 9.1949195558e-17
v 5.69137627378 1.55284474736 9.0219932327e-17
v 5.71080031672 1.55645929993 8.56437273069e-17
v 5.7335433065 1.55859748849 7.78993646662e-17
v 5.87229029757 1.55293882097 1.79844701047e-18
v 6.035335321 1.54548211784 -1.21012932618e-16
v 6.09589170491 1.54966885267 -1.73449493552e-16
v 6.14827863058 1.55928504466 -2.22044604925e-16
v 6.2115654291 1.58200941738 0
v 6.28967694741 1.6182603883 0
v 6.46602891608 1.72164879272 0
v 6.71044357397 1.90675906646 0
v 6.92816303935 2.11151717329 0
v 7.12756308331 2.33406180154 1.7763568394e-15
v 7.07515405803 2.48841215539 0
v 7.01940295165 2.6415870613 0
v 6.96033609923 2.79351416424 0
v 6.54298420075 2.84609256873 -6.24987689472e-17
v 6.12256451585 2.84359287989 -5.39269173224e-18
v 5.87889283329 2.80790996864 -2.71902024422e-17
v 5.79432944829 2.78656871168 8.63919695979e-17
v 5.71214378638 2.75755568094 0
v 5.67846284098 2.73918399354 1.769409138e-18
v 5.64363587447 2.71601503016 7.09424409193e-18
v 5.57913938498 2.66363320024 2.48929788762e-17
v 5.3930398644 2.49078461323 9.44330944321e-17
v 5.36600686155 2.47303210386 9.83723846372e-17
v 5.34023313145 2.46150791522 9.76031967691e-17
v 5.32061580157 2.45752593829 9.30053440612e-17
v 5.30487661086 2.45816345879 8.61059366145e-17
v 5.27987313194 2.46814539226 6.76315589171e-17
v 5.26405662533 2.48162354545 4.99436757189e-17
v 5.24892156725 2.50107893809 2.75239704475e-17
v 5.23446749918 2.52695592563 0
v 4.80564177542 3.26970386676 0
v 4.78786515659 3.30052787915 -6.40396134232e-17
v 4.78090885204 3.31890724651 -9.62131242318e-17
v 4.77742231099 3.33827863979 -1.23869176755e-16
v 4.77844310394 3.35505357984 -1.41334973193e-16
v 4.78340285283 3.3700715015 -1.50571906546e-16
v 4.79233419638 3.38403842443 -1.52435506518e-16
v 4.80320736608 3.39524079617 -1.48244390357e-16
v 4.81704010353 3.4057620792 -1.38855070504e-16
v 4.83405648356 3.41580206153 -1.24259447324e-16
v 4.85469659967 3.42558986216 -1.04192885404e-16
v 4.98701150162 3.46772671983 3.8645657727e-17
v 5.14277404966 3.5164843932 1.8108504024e-16
v 5.19824648911 3.54113014012 2.12030093926e-16
v 5.24418516523 3.56808378861 2.22044604925e-16
v 5.29588310958 3.61108307387 6.54265370003e-17
v 5.35688536467 3.67186355643 -7.64814141552e-17
v 5.48724109139 3.82933280273 -3.49387813819e-20
v 5.65360429946 4.08687429731 6.30424384446e-17
v 5.78816227743 4.35374842211 1.05049635526e-16
v 5.89942228168 4.63107079869 0
v 5.79738297722 4.75818774487 0
v 5.69260517067 4.88305707225 0
v 5.5851383558 5.00561979645 0
v 5.17497298309 4.91228457902 4.29155414982e-17
v 4.7807626515 4.76614363898 -4.22228285187e-16
v 4.56399044391 4.6492720468 -2.63493068461e-17
v 4.4918259948 4.60029544405 0
v 4.42451977571 4.5449229613 0
v 4.39915352701 4.51613966044 0
v 4.37435113576 4.48245643245 0
v 4.33165990149 4.41117451483 0
v 4.21590125377 4.1851001884 0
v 4.19657025627 4.15917245484 0
v 4.17629237693 4.13952812495 0
v 4.15922003313 4.12907676864 0
v 4.14421198691 4.12429272168 0
v 4.11730237997 4.12512097746 0
v 4.09782992553 4.1323767347 0
v 4.07695348696 4.14548232886 0
v 4.05452065486 4.16485516066 8.881784197e-16
v 3.39752152937 4.71614288455 4.4408920985e-16
v 3.37027453869 4.73902801982 0
v 3.35745163677 4.75391977942 0
v 3.34754995317 4.77093046747 0
v 3.34277181738 4.7870428866 0
v 3.34229602509 4.80285145079 0
v 3.34591177374 4.81903076461 0
v 3.35229777428 4.83327639373 0
v 3.36169780486 4.84789424059 0
v 3.37425409541 4.86314868264 0
v 3.39030183523 4.87940554214 0
v 3.50022551812 4.96425559807 0
v 3.62991832867 5.06334675296 0
v 3.67361602879 5.10547887116 0
v 3.70756557303 5.14651896834 0
v 3.74143912813 5.20460681773 4.78576017215e-17
v 3.77797434773 5.28258578871 -8.97045212728e-17
v 3.84661100802 5.4751427618 -3.65834208679e-17
v 3.91485690813 5.77405217208 -1.10995205726e-16
v 3.95002372068 6.07085335673 -3.68542396799e-17
v 3.95972408667 6.36950431018 -8.881784197e-16
v 3.82036194909 6.45405566895 0
v 3.67919519221 6.53555833404 0
v 3.53629049879 6.61397380613 0
v 3.1827836492 6.38598257149 0
v 2.86233025482 6.11382713443 0
v 2.69860344968 5.92986330017 0
v 2.64754203406 5.85915865275 0
v 2.60323338113 5.78410545661 0
v 2.58924137309 5.74838223318 6.32815698468e-17
v 2.57745509152 5.70824743498 1.15564490178e-16
v 2.56171830539 5.62666308093 1.77859025112e-16
v 2.53026273187 5.37463091535 1.34978442247e-16
v 2.52096534331 5.34365522491 1.08423383856e-16
v 2.50862912625 5.31826014988 8.12042703506e-17
v 2.49616094514 5.302600002 6.03016131259e-17
v 2.48369423528 5.29297141426 4.41387120757e-17
v 2.45812419605 5.28454609248 2.12931993295e-17
v 2.43734445918 5.28470430236 9.96023495017e-18
v 2.41324464671 5.28987936997 2.61420643847e-18
v 2.38553878121 5.30041139661 0
v 2.12181990766 5.41138027951 0
v 1.85295984541 5.50923733935 0
v 1.57961004479 5.59374546761 0
v 1.54617907147 5.60593144069 0
v 1.5290362034 5.61553942655 0
v 1.51391366642 5.62813766934 0
v 1.50391291558 5.64164417201 0
v 1.49805896969 5.65633663257 0
v 1.49592301078 5.67277687325 0
v 1.49705159625 5.68834752663 0
v 1.50088513754 5.70529880927 0
v 1.50746686467 5.72392780019 0
v 1.51698663394 5.74469290137 0
v 1.5912606793 5.86202198658 0
v 1.67924088536 5.99949476727 0
v 1.70589325859 6.0540315015 0
v 1.72375885487 6.10420800596 0
v 1.73572237007 6.17037816756 0
v 1.7433838675 6.25615021221 0
v 1.74202286715 6.46056969929 0
v 1.70391999654 6.76479413895 0
v 1.63545400707 7.05572378028 0
v 1.54242472752 7.339681598 4.4408920985e-16
v 1.38254888736 7.37146922764 0
v 1.22201997443 7.39977480617 0
v 1.06091381755 7.42458496293 -4.4408920985e-16
v 0.806703634336 7.08943681877 6.53109063229e-17
v 0.598658585925 6.72409284698 1.48147715566e-16
v 0.507725052264 6.49522552407 7.747719035e-18
v 0.483925430442 6.41132085595 9.38951874235e-17
v 0.46795862115 6.32563946955 0
v 0.467028496447 6.2872850715 0
v 0.469679924057 6.24553955209 0
v 0.482795674721 6.16349303877 0
v 0.539437181793 5.91590183281 0
v 0.541294804455 5.88361431091 0
v 0.538388179521 5.85553151158 0
v 0.532028007763 5.83655141708 0
v 0.52360630346 5.82323963834 0
v 0.502459956044 5.80657695715 0
v 0.482879279674 5.79961853723 0
v 0.458462886374 5.79623888875 0
v 0.428825723752 5.79665979238 4.4408920985e-16
v 0.143057451081 5.81073926585 0
v -0.143057451081 5.81073926585 0
v -0.428825723752 5.79665979238 0
v -0.464408410946 5.79667679508 0
v -0.483803562267 5.7998421423 0
v -0.502322951477 5.80650840582 0
v -0.516340079227 5.81577990847 0
v -0.526866106451 5.82758413784 0
v -0.53449614475 5.84230236971 0
v -0.538761098409 5.85731999676 0
v -0.540956428063 5.87456014031 0
v -0.5411431178 5.89431674886 0
v -0.539299543746 5.91708551406 0
v -0.509633681943 6.05274200928 0
v -0.473977791691 6.21201516953 0
v -0.467585414896 6.27237858477 0
v -0.46795862115 6.32563946955 0
v -0.479348122355 6.3919108453 2.17504008894e-16
v -0.501484436762 6.47513058917 2.11242300805e-16
v -0.572678941016 6.6667565832 -1.84610715408e-16
v -0.712534813816 6.93960209494 -1.91467537886e-17
v -0.876375596517 7.18956978454 1.56210650499e-16
v -1.06091381755 7.42458496293 0
v -1.22201997443 7.39977480617 0
v -1.38254888736 7.37146922764 0
v -1.54242472752 7.339681598 0
v -1.66667674451 6.93780035676 0
v -1.7372201437 6.52333372515 0
v -1.74439247968 6.27716769046 0
v -1.73805972206 6.19018314291 0
v -1.72375885487 6.10420800596 0
v -1.71151490948 6.06784853976 0
v -1.69474557398 6.02952742486 0
v -1.65435923962 5.95691477266 0
v -1.51645245365 5.74362767982 0
v -1.50366387648 5.71392267812 0
v -1.49679032742 5.68653935453 0
v -1.49627535925 5.66652859294 0
v -1.49963627617 5.65113922017 0
v -1.51380837018 5.62824894484 0
v -1.5298282675 5.61501318325 0
v -1.55161626425 5.60348645418 0
v -1.57961004479 5.59374546761 1.66533453694e-16
v -1.85295984541 5.50923733935 0
v -2.12181990766 5.41138027951 0
v -2.38553878121 5.30041139661 0
v -2.41898138506 5.28825737814 0
v -2.43828947815 5.28459829914 0
v -2.45797200793 5.28452853362 0
v -2.47431484011 5.2884467562 0
v -2.48824335444 5.29593899009 0
v -2.5004471769 5.30715997718 0
v -2.50959125334 5.31981323044 0
v -2.51755066478 5.33526281915 0
v -2.52448325384 5.35376410677 0
v -2.53053823724 5.37579028688 0
v -2.54905869975 5.5134120167 0
v -2.57002775189 5.67527486277 0
v -2.58466638652 5.73418424026 0
v -2.60323338113 5.78410545661 0
v -2.6366021568 5.84248474054 0
v -2.68586631683 5.91311465434 0
v -2.81830721705 6.06883423232 0
v -3.04304740973 6.27739162066 0
v -3.28250136924 6.45624756603 0
v -3.53629049879 6.61397380613 -2.22044604925e-16
v -3.67919519221 6.53555833404 0
v -3.82036194909 6.45405566895 0
v -3.95972408667 6.36950431018 0
v -3.93903131044 5.9493627807 -3.11160675566e-17
v -3.86356448535 5.53576428191 1.4238461692e-16
v -3.78611053408 5.30199079224 1.00140668435e-16
v -3.75040922106 5.22241798545 1.07292563759e-16
v -3.70756557303 5.14651896834 2.22044604925e-16
v -3.68362435805 5.11653992222 0
v -3.65475974402 5.08626530386 0
v -3.59197401393 5.03184467027 0
v -3.38943554273 4.87858726172 0
v -3.36725850219 4.85504764182 0
v -3.35143383061 4.83166662695 0
v -3.34410583527 4.81303879143 0
v -3.34200058861 4.79742801012 0
v -3.34748906553 4.77107104568 0
v -3.35801594775 4.7531543706 0
v -3.37454759399 4.73487085458 0
v -3.39752152937 4.71614288455 4.4408920985e-16
v -4.05452065486 4.16485516066 0
v -4.08178950378 4.14199607504 0
v -4.09868169764 4.13195390873 0
v -4.11715336443 4.12515652893 0
v -4.13385071428 4.12324887597 0
v -4.14950173132 4.12552544041 0
v -4.16480737684 4.13189576606 0
v -4.17772766549 4.14065847645 0
v -4.19049113623 4.15245406191 0
v -4.20333345206 4.16746850026 0
v -4.21655667256 4.18609541288 0
v -4.28102961827 4.30908316561 0
v -4.35609443565 4.45401264942 0
v -4.38999844632 4.50436264883 0
v -4.42451977571 4.5449229613 2.22044604925e-16
v -4.47584305903 4.58836875018 0
v -4.54629307992 4.63788982391 0
v -4.72400604893 4.73892090657 0
v -5.00652357743 4.85803507249 0
v -5.29270903227 4.94420660699 0
v -5.5851383558 5.00561979645 4.4408920985e-16
v -5.69260517067 4.88305707225 0
v -5.79738297722 4.75818774487 0
v -5.89942228168 4.63107079869 -2.22044604925e-16
v -5.73628056641 4.24334425005 0
v -5.52390592993 3.8804999671 0
v -5.37116778102 3.68731555544 1.41346419897e-16
v -5.31040401785 3.62475214428 -6.56225966922e-17
v -5.24418516523 3.56808378861 -4.4408920985e-16
v -5.21143434453 3.54810107797 0
v -5.17395595042 3.52952452192 0
v -5.09634371026 3.49985983853 0
v -4.85360268261 3.42511721958 0
v -4.82471205709 3.41058220705 0
v -4.80184495192 3.39402359635 0
v -4.78858779381 3.37902547879 0
v -4.7812703074 3.36507617955 0
v -4.7774131759 3.33843156489 0
v -4.78117734566 3.31799499177 0
v -4.79045868088 3.29515995067 0
v -4.80564177542 3.26970386676 0
v -5.23446749918 2.52695592563 -4.4408920985e-16
v -5.25227356754 2.49614891593 -4.07119849188e-16
v -5.26471241431 2.48093489579 -3.82586419093e-16
v -5.27974526246 2.46822976602 -3.54281756556e-16
v -5.29478318317 2.46072632863 -3.27374847005e-16
v -5.31026895928 2.45751263634 -3.01073206087e-16
v -5.32683034113 2.45826394528 -2.74458236043e-16
v -5.34196846449 2.46207920059 -2.51445908397e-16
v -5.3579965316 2.46879806111 -2.2840003398e-16
v -5.37519960136 2.47851468733 -2.05122401913e-16
v -5.39399614342 2.4914956519 -1.8135414572e-16
v -5.49664518356 2.58501528945 -7.9836923928e-17
v -5.61675184135 2.69553077633 -1.50076625192e-17
v -5.66583190401 2.73124844464 -3.48339698575e-18
v -5.71214378638 2.75755568094 0
v -5.77523123194 2.78082777144 -8.00357510626e-17
v -5.85836980143 2.80326703275 -1.07242906824e-16
v -6.0599200324 2.83742378047 4.077649341e-19
v -6.36613911328 2.85272779762 6.30424384446e-17
v -6.66453787395 2.83582136243 1.05049635526e-16
v -6.96033609923 2.79351416424 0
v -7.01940295165 2.6415870613 0
v -7.07515405803 2.48841215539 0
v -7.12756308331 2.33406180154 4.4408920985e-16
v -6.8416497276 2.02551577774 0
v -6.51798279519 1.75719008617 0
v -6.30838292359 1.62789564366 0
v -6.22988571687 1.58988769885 0
v -6.14827863058 1.55928504466 0
v -6.11066843649 1.55170887932 -1.76940913801e-18
v -6.06909670974 1.54707099241 -7.09424409193e-18
v -5.98601914112 1.54574025783 -2.48929788762e-17
v -5.73235370742 1.55852749142 -9.44330944321e-17
v -5.70023413275 1.55475022328 -9.83723846372e-17
v -5.67308270436 1.54701122958 -9.76031967691e-17
v -5.65549539238 1.5374518243 -9.30053440612e-17
v -5.64384826307 1.52684649849 -8.61059366145e-17
v -5.63111075015 1.50312796738 -6.76315589171e-17
v -5.62765819303 1.48263644854 -4.99436757189e-17
v -5.62856975121 1.45800412532 -2.75239704475e-17
v -5.63413069965 1.42889030694 -8.881784197e-16
v -5.78306031058 0.584268512061 0
v -5.78925592375 0.549229358326 0
v -5.79574111492 0.530678519711 0
v -5.8055219611 0.513598066147 0
v -5.81708665749 0.501403869604 0
v -5.83053937953 0.493087539303 0
v -5.84635895064 0.488129212574 0
v -5.86188902762 0.486536836715 0
v -5.87924846964 0.48736857856 0
v -5.89873734925 0.490615424132 0
v -5.92084007247 0.496384744739 0
v -6.04928421787 0.549156418626 0
v -6.19994608057 0.611928109816 0
v -6.25828241531 0.628705369097 0
v -6.31079895416 0.637586488267 0
v -6.37804128493 0.63787792281 0
v -6.46384066456 0.630528865628 0
v -6.66491822507 0.593691470522 0
v -6.95790431786 0.503339448583 0
v -7.23252508992 0.385394209294 0
v -7.49601458547 0.244469495947 0
v -7.49601458547 -0.244469495947 -2.22044604925e-16
v -7.12181495964 -0.436619790787 1.38689856758e-16
v -6.72589474017 -0.578062852515 -1.37265612857e-16
v -6.48471398375 -0.627872507923 -8.69660150124e-17
v -6.39795125511 -0.636740667295 -1.07248823341e-16
v -6.31079895416 -0.637586488267 0
v -6.27286573114 -0.63184231096 0
v -6.23221483554 -0.621982131121 0
v -6.15369231932 -0.594818410659 0
v -5.91969827459 -0.496043653631 0
v -5.88822384549 -0.488607583093 0
v -5.86006295686 -0.486593522933 0
v -5.84026678041 -0.489561210571 0
v -5.82569482389 -0.495543404142 0
v -5.80561326158 -0.513475046802 0
v -5.79536040692 -0.531549931761 0
v -5.7877922407 -0.555008515385 0
v -5.78306031058 -0.584268512061 0
v -5.63413069965 -1.42889030694 0
v -5.62796857524 -1.46393536565 0
v -5.62771790105 -1.48358551782 0
v -5.63106703085 -1.50298114041 0
v -5.63776362986 -1.51839529603 0
v -5.64756070101 -1.53081119217 0
v -5.66073038762 -1.54088110718 0
v -5.67477926175 -1.54768905018 0
v -5.69137627378 -1.55284474736 0
v -5.71080031672 -1.55645929993 0
v -5.7335433065 -1.55859748849 0
v -5.87229029757 -1.55293882097 0
v -6.035335321 -1.54548211784 0
v -6.09589170491 -1.54966885267 0
v -6.14827863058 -1.55928504466 0
v -6.2115654291 -1.58200941738 0
v -6.28967694741 -1.6182603883 0
v -6.46602891608 -1.72164879272 0
v -6.71044357397 -1.90675906646 0
v -6.92816303935 -2.11151717329 0
v -7.12756308331 -2.33406180154 0
v -6.96033609923 -2.79351416424 0
v -6.54298420075 -2.84609256873 1.0200038154e-16
v -6.12256451585 -2.84359287989 5.44105135456e-18
v -5.87889283329 -2.80790996864 -8.69660150124e-17
v -5.79432944829 -2.78656871168 -1.07248823341e-16
v -5.71214378638 -2.75755568094 0
v -5.67846284098 -2.73918399354 -1.83537481502e-18
v -5.64363587447 -2.71601503016 -7.67491034051e-18
v -5.57913938498 -2.66363320024 -2.95383088649e-17
v -5.3930398644 -2.49078461323 -1.82522314958e-16
v -5.36600686155 -2.47303210386 -2.17376554096e-16
v -5.34023313145 -2.46150791522 -2.54021637629e-16
v -5.32061580157 -2.45752593829 -2.84265988137e-16
v -5.30487661086 -2.45816345879 -3.10073574744e-16
v -5.27987313194 -2.46814539226 -3.54047122295e-16
v -5.26405662533 -2.48162354545 -3.83854238645e-16
v -5.24892156725 -2.50107893809 -4.13909650397e-16
v -5.23446749918 -2.52695592563 0
v -5.10377654453 -2.78147824609 0
v -4.96071909345 -3.02926101976 0
v -4.80564177542 -3.26970386676 4.4408920985e-16
v -4.78786515659 -3.30052787915 4.36169923529e-16
v -4.78090885204 -3.31890724651 4.22655244024e-16
v -4.77742231099 -3.33827863979 3.99492625983e-16
v -4.77844310394 -3.35505357984 3.70414207852e-16
v -4.78340285283 -3.3700715015 3.35721129067e-16
v -4.79233419638 -3.38403842443 2.94628056973e-16
v -4.80320736608 -3.39524079617 2.54455439811e-16
v -4.81704010353 -3.4057620792 2.10070584861e-16
v -4.83405648356 -3.41580206153 1.6114987501e-16
v -4.85469659967 -3.42558986216 1.07067415565e-16
v -4.98701150162 -3.46772671983 -1.69630973807e-16
v -5.14277404966 -3.5164843932 -3.87309298071e-16
v -5.19824648911 -3.54113014012 -4.30504165874e-16
v -5.24418516523 -3.56808378861 -4.4408920985e-16
v -5.29588310958 -3.61108307387 -6.99671330317e-17
v -5.35688536467 -3.67186355643 7.64814141552e-17
v -5.48724109139 -3.82933280273 4.42703715482e-19
v -5.65360429946 -4.08687429731 0
v -5.78816227743 -4.35374842211 0
v -5.89942228168 -4.63107079869 0
v -5.79738297722 -4.75818774487 0
v -5.69260517067 -4.88305707225 0
v -5.5851383558 -5.00561979645 0
v -5.17497298309 -4.91228457902 5.06992950055e-17
v -4.7807626515 -4.76614363898 2.85236359999e-16
v -4.56399044391 -4.6492720468 1.31746534231e-17
v -4.4918259948 -4.60029544405 4.37404184487e-20
v -4.42451977571 -4.5449229613 2.22044604925e-16
v -4.39915352701 -4.51613966044 0
v -4.37435113576 -4.48245643245 0
v -4.33165990149 -4.41117451483 0
v -4.21590125377 -4.1851001884 0
v -4.19657025627 -4.15917245484 0
v -4.17629237693 -4.13952812495 0
v -4.15922003313 -4.12907676864 0
v -4.14421198691 -4.12429272168 0
v -4.11730237997 -4.12512097746 0
v -4.09782992553 -4.1323767347 0
v -4.07695348696 -4.14548232886 0
v -4.05452065486 -4.16485516066 0
v -3.84465956865 -4.35932896799 0
v -3.62548283776 -4.54324008205 0
v -3.39752152937 -4.71614288455 -4.4408920985e-16
v -3.37027453869 -4.73902801982 0
v -3.35745163677 -4.75391977942 0
v -3.34754995317 -4.77093046747 0
v -3.34277181738 -4.7870428866 0
v -3.34229602509 -4.80285145079 0
v -3.34591177374 -4.81903076461 0
v -3.35229777428 -4.83327639373 0
v -3.36169780486 -4.84789424059 0
v -3.37425409541 -4.86314868264 0
v -3.39030183523 -4.87940554214 0
v -3.50022551812 -4.96425559807 0
v -3.62991832867 -5.06334675296 0
v -3.67361602879 -5.10547887116 0
v -3.70756557303 -5.14651896834 2.22044604925e-16
v -3.74143912813 -5.20460681773 8.45763470937e-17
v -3.77797434773 -5.28258578871 1.12644058884e-16
v -3.84661100802 -5.4751427618 1.84832067265e-16
v -3.91485690813 -5.77405217208 2.87668227771e-17
v -3.95002372068 -6.07085335673 -7.74268570933e-17
v -3.95972408667 -6.36950431018 4.4408920985e-16
v -3.82036194909 -6.45405566895 0
v -3.67919519221 -6.53555833404 0
v -3.53629049879 -6.61397380613 0
v -3.1827836492 -6.38598257149 0
v -2.86233025482 -6.11382713443 0
v -2.69860344968 -5.92986330017 0
v -2.64754203406 -5.85915865275 0
v -2.60323338113 -5.78410545661 0
v -2.58924137309 -5.74838223318 -6.32815698471e-17
v -2.57745509152 -5.70824743498 -1.15564490178e-16
v -2.56171830539 -5.62666308093 -1.77859025112e-16
v -2.53026273187 -5.37463091535 -1.34978442247e-16
v -2.52096534331 -5.34365522491 -1.08423383856e-16
v -2.50862912625 -5.31826014988 -8.12042703506e-17
v -2.49616094514 -5.302600002 -6.03016131259e-17
v -2.48369423528 -5.29297141426 -4.41387120757e-17
v -2.45812419605 -5.28454609248 -2.12931993295e-17
v -2.43734445918 -5.28470430236 -9.96023495017e-18
v -2.41324464671 -5.28987936997 -2.61420643847e-18
v -2.38553878121 -5.30041139661 5.55111512313e-17
v -1.57961004479 -5.59374546761 0
v -1.54617907147 -5.60593144069 0
v -1.5290362034 -5.61553942655 0
v -1.51391366642 -5.62813766934 0
v -1.50391291558 -5.64164417201 0
v -1.49805896969 -5.65633663257 0
v -1.49592301078 -5.67277687325 0
v -1.49705159625 -5.68834752663 0
v -1.50088513754 -5.70529880927 0
v -1.50746686467 -5.72392780019 0
v -1.51698663394 -5.74469290137 0
v -1.5912606793 -5.86202198658 0
v -1.67924088536 -5.99949476727 0
v -1.70589325859 -6.0540315015 0
v -1.72375885487 -6.10420800596 0
v -1.73572237007 -6.17037816756 0
v -1.7433838675 -6.25615021221 0
v -1.74202286715 -6.46056969929 0
v -1.70391999654 -6.76479413895 0
v -1.63545400707 -7.05572378028 0
v -1.54242472752 -7.339681598 0
v -1.06091381755 -7.42458496293 4.4408920985e-16
v -0.806703634336 -7.08943681877 7.06176801498e-17
v -0.598658585925 -6.72409284698 -1.42336257298e-16
v -0.507725052264 -6.49522552407 1.95695298079e-16
v -0.483925430442 -6.41132085595 2.22000864507e-16
v -0.46795862115 -6.32563946955 0
v -0.467028496447 -6.2872850715 0
v -0.469679924057 -6.24553955209 0
v -0.482795674721 -6.16349303877 0
v -0.539437181793 -5.91590183281 0
v -0.541294804455 -5.88361431091 0
v -0.538388179521 -5.85553151158 0
v -0.532028007763 -5.83655141708 0
v -0.52360630346 -5.82323963834 0
v -0.502459956044 -5.80657695715 0
v -0.482879279674 -5.79961853723 0
v -0.458462886374 -5.79623888875 0
v -0.428825723752 -5.79665979238 4.4408920985e-16
v -0.143057451081 -5.81073926585 0
v 0.143057451081 -5.81073926585 0
v 0.428825723752 -5.79665979238 0
v 0.464408410946 -5.79667679508 -6.40776869151e-17
v 0.483803562267 -5.7998421423 -9.63893903981e-17
v 0.502322951477 -5.80650840582 -1.24423431057e-16
v 0.516340079227 -5.81577990847 -1.42567555343e-16
v 0.526866106451 -5.82758413784 -1.52877296788e-16
v 0.53449614475 -5.84230236971 -1.56362783947e-16
v 0.538761098409 -5.85731999676 -1.54121611232e-16
v 0.540956428063 -5.87456014031 -1.47315001553e-16
v 0.5411431178 -5.89431674886 -1.36112860534e-16
v 0.539299543746 -5.91708551406 -1.20517687725e-16
v 0.509633681943 -6.05274200928 -1.69480893562e-17
v 0.473977791691 -6.21201516953 4.66898142521e-17
v 0.467585414896 -6.27237858477 3.52714753721e-17
v 0.46795862115 -6.32563946955 0
v 0.479348122355 -6.3919108453 1.27893352784e-16
v 0.501484436762 -6.47513058917 1.75383855512e-17
v 0.572678941016 -6.6667565832 7.31668417357e-17
v 0.712534813816 -6.93960209494 2.02750273475e-16
v 0.876375596517 -7.18956978454 -8.38591074523e-17
v 1.06091381755 -7.42458496293 0
v 1.54242472752 -7.339681598 0
v 1.66667674451 -6.93780035676 3.95016125932e-17
v 1.7372201437 -6.52333372515 4.83596223205e-20
v 1.74439247968 -6.27716769046 0
v 1.73805972206 -6.19018314291 0
v 1.72375885487 -6.10420800596 0
v 1.71151490948 -6.06784853976 0
v 1.69474557398 -6.02952742486 0
v 1.65435923962 -5.95691477266 0
v 1.51645245365 -5.74362767982 0
v 1.50366387648 -5.71392267812 0
v 1.49679032742 -5.68653935453 0
v 1.49627535925 -5.66652859294 0
v 1.49963627617 -5.65113922017 0
v 1.51380837018 -5.62824894484 0
v 1.5298282675 -5.61501318325 0
v 1.55161626425 -5.60348645418 0
v 1.57961004479 -5.59374546761 0
v 2.38553878121 -5.30041139661 0
v 2.41898138506 -5.28825737814 0
v 2.43828947815 -5.28459829914 0
v 2.45797200793 -5.28452853362 0
v 2.47431484011 -5.2884467562 0
v 2.48824335444 -5.29593899009 0
v 2.5004471769 -5.30715997718 0
v 2.50959125334 -5.31981323044 0
v 2.51755066478 -5.33526281915 0
v 2.52448325384 -5.35376410677 0
v 2.53053823724 -5.37579028688 0
v 2.54905869975 -5.5134120167 0
v 2.57002775189 -5.67527486277 0
v 2.58466638652 -5.73418424026 0
v 2.60323338113 -5.78410545661 0
v 2.6366021568 -5.84248474054 0
v 2.68586631683 -5.91311465434 0
v 2.81830721705 -6.06883423232 0
v 3.04304740973 -6.27739162066 0
v 3.28250136924 -6.45624756603 0
v 3.53629049879 -6.61397380613 -8.881784197e-16
v 3.95972408667 -6.36950431018 0
v 3.93903131044 -5.9493627807 -7.21570657547e-17
v 3.86356448535 -5.53576428191 -7.41222174054e-17
v 3.78611053408 -5.30199079224 -7.92182959774e-17
v 3.75040922106 -5.22241798545 -1.3353635917e-17
v 3.70756557303 -5.14651896834 0
v 3.68362435805 -5.11653992222 6.59656770052e-20
v 3.65475974402 -5.08626530386 5.80666248584e-19
v 3.59197401393 -5.03184467027 4.64532998867e-18
v 3.38943554273 -4.87858726172 8.80892205259e-17
v 3.36725850219 -4.85504764182 1.19004169458e-16
v 3.35143383061 -4.83166662695 1.5641844086e-16
v 3.34410583527 -4.81303879143 1.91260644075e-16
v 3.34200058861 -4.79742801012 2.2396763813e-16
v 3.34748906553 -4.77107104568 2.86415563378e-16
v 3.35801594775 -4.7531543706 3.33910562926e-16
v 3.37454759399 -4.73487085458 3.8638567995e-16
v 3.39752152937 -4.71614288455 -8.881784197e-16
v 3.62548283776 -4.54324008205 0
v 3.84465956865 -4.35932896799 0
v 4.05452065486 -4.16485516066 0
v 4.08178950378 -4.14199607504 0
v 4.09868169764 -4.13195390873 0
v 4.11715336443 -4.12515652893 0
v 4.13385071428 -4.12324887597 0
v 4.14950173132 -4.12552544041 0
v 4.16480737684 -4.13189576606 0
v 4.17772766549 -4.14065847645 0
v 4.19049113623 -4.15245406191 0
v 4.20333345206 -4.16746850026 0
v 4.21655667256 -4.18609541288 0
v 4.28102961827 -4.30908316561 0
v 4.35609443565 -4.45401264942 0
v 4.38999844632 -4.50436264883 0
v 4.42451977571 -4.5449229613 0
v 4.47584305903 -4.58836875018 0
v 4.54629307992 -4.63788982391 0
v 4.72400604893 -4.73892090657 0
v 5.00652357743 -4.85803507249 0
v 5.29270903227 -4.94420660699 0
v 5.5851383558 -5.00561979645 0
v 5.69260517067 -4.88305707225 0
v 5.79738297722 -4.75818774487 0
v 5.89942228168 -4.63107079869 0
v 5.73628056641 -4.24334425005 1.0200038154e-16
v 5.52390592993 -3.8804999671 5.44105135456e-18
v 5.37116778102 -3.68731555544 -1.41346419897e-16
v 5.31040401785 -3.62475214428 6.55788562738e-17
v 5.24418516523 -3.56808378861 2.22044604925e-16
v 5.21143434453 -3.54810107797 0
v 5.17395595042 -3.52952452192 0
v 5.09634371026 -3.49985983853 0
v 4.85360268261 -3.42511721958 0
v 4.82471205709 -3.41058220705 0
v 4.80184495192 -3.39402359635 0
v 4.78858779381 -3.37902547879 0
v 4.7812703074 -3.36507617955 0
v 4.7774131759 -3.33843156489 0
v 4.78117734566 -3.31799499177 0
v 4.79045868088 -3.29515995067 0
v 4.80564177542 -3.26970386676 0
v 4.96071909345 -3.02926101976 0
v 5.10377654453 -2.78147824609 0
v 5.23446749918 -2.52695592563 0
v 5.25227356754 -2.49614891593 0
v 5.26471241431 -2.48093489579 0
v 5.27974526246 -2.46822976602 0
v 5.29478318317 -2.46072632863 0
v 5.31026895928 -2.45751263634 0
v 5.32683034113 -2.45826394528 0
v 5.34196846449 -2.46207920059 0
v 5.3579965316 -2.46879806111 0
v 5.37519960136 -2.47851468733 0
v 5.39399614342 -2.4914956519 0
v 5.49664518356 -2.58501528945 0
v 5.61675184135 -2.69553077633 0
v 5.66583190401 -2.73124844464 0
v 5.71214378638 -2.75755568094 0
v 5.77523123194 -2.78082777144 7.04608460156e-17
v 5.85836980143 -2.80326703275 1.53807463344e-17
v 6.0599200324 -2.83742378047 -6.29116791841e-19
v 6.36613911328 -2.85272779762 -5.3422369456e-17
v 6.66453787395 -2.83582136243 -2.62658421204e-17
v 6.96033609923 -2.79351416424 0
v 7.01940295165 -2.6415870613 0
v 7.07515405803 -2.48841215539 0
v 7.12756308331 -2.33406180154 0
v 6.8416497276 -2.02551577774 0
v 6.51798279519 -1.75719008617 0
v 6.30838292359 -1.62789564366 0
v 6.22988571687 -1.58988769885 0
v 3.36 -8.22962649027e-16 0
v 3.30895405012 0.583457876961 0
v 3.15736720584 1.14918768157 0
v 2.90984535672 1.68 0
v 2.57390932888 2.15976636855 0
v 2.15976636855 2.57390932888 0
v 1.68 2.90984535672 0
v 1.14918768157 3.15736720584 0
v 0.583457876961 3.30895405012 0
v -2.03246895539e-15 3.36 0
v -0.583457876961 3.30895405012 0
v -1.14918768157 3.15736720584 0
v -1.68 2.90984535672 0
v -2.15976636855 2.57390932888 0
v -2.57390932888 2.15976636855 0
v -2.90984535672 1.68 0
v -3.15736720584 1.14918768157 0
v -3.30895405012 0.583457876961 0
v -3.36 -7.04921740097e-15 0
v -3.30895405012 -0.583457876961 0
v -3.15736720584 -1.14918768157 0
v -2.90984535672 -1.68 0
v -2.57390932888 -2.15976636855 0
v -2.15976636855 -2.57390932888 0
v -1.68 -2.90984535672 0
v -1.14918768157 -3.15736720584 0
v -0.583457876961 -3.30895405012 0
v 8.33561648381e-15 -3.36 0
v 0.583457876961 -3.30895405012 0
v 1.14918768157 -3.15736720584 0
v 1.68 -2.90984535672 0
v 2.15976636855 -2.57390932888 0
v 2.57390932888 -2.15976636855 0
v 2.90984535672 -1.68 0
v 3.15736720584 -1.14918768157 0
v 3.30895405012 -0.583457876961 0
v 6.10578586173 -1.71816151178 2.3
v 5.60734669257 -1.54103864588 2.3
v 5.61693895702 -1.52388697597 2.3
v 5.62952332948 -1.5087528947 2.3
v 5.64302065732 -1.49873976468 2.3
v 5.65770774455 -1.49287235053 2.3
v 5.67414601997 -1.49072131934 2.3
v 5.68971770155 -1.49183562845 2.3
v 5.70667249182 -1.49565362642 2.3
v 5.72530750934 -1.50221827086 2.3
v 5.74608132996 -1.51171899773 2.3
v 5.86347846372 -1.58588543917 2.3
v 6.00103185092 -1.67373956688 2.3
v 6.05559299835 -1.70034192713 2.3
v 6.04372881437 -0.823341115281 0.574999999998
v 6.00231171201 -1.084805386 1.15
v 5.94958857572 -1.34422630291 1.725
v 5.83228032798 -0.615270885966 0.287499999998
v 5.85109511026 -0.741792172697 0.574999999998
v 5.78664271986 -0.755889311418 0.574999999998
v 5.80168311807 -0.630139362194 0.287499999998
v 5.81037752271 -0.623678041712 0.287499999998
v 5.81664322819 -0.620310237661 0.287499999998
v 5.7809756095 -0.660576125654 0.287499999998
v 5.78780305175 -0.597809049995 0.143749999999
v 5.81552379084 -0.742074354327 0.574999999998
v 5.82438478647 -0.617295950111 0.287499999998
v 5.79805111824 -0.868098244938 0.862499999999
v 5.81339787111 -0.994974796784 1.15
v 5.74244405194 -1.18123986992 1.58125
v 5.76475043865 -1.24628327315 1.725
v 5.71545855402 -1.30557451799 1.86875
v 5.69492535356 -1.368333895 2.0125
v 5.76899312141 -1.45271445204 2.15625
v 5.8066529877 -0.54020179105 0.0718749999995
v 5.81273246899 -0.53424306055 0.0718749999995
v 5.81854200879 -0.529822673434 0.0718749999995
v 5.82491988123 -0.526079223578 0.0718749999995
v 5.79973263399 -0.603971052547 0.215624999999
v 5.80275573798 -0.600782303257 0.215624999999
v 5.80578971308 -0.597970597236 0.215624999999
v 5.66521300353 -1.35886986588 1.940625
v 5.68685794401 -1.37031746677 2.0125
v 5.68020799109 -1.37284319353 2.0125
v 5.63067956922 -1.46679494642 2.15625
v 5.67074822369 -1.37812089521 2.0125
v 5.65720871021 -1.41338928366 2.084375
v 5.66065011041 -1.41065724331 2.084375
v 5.68890787992 -1.42910178644 2.15625
v 5.64236809073 -1.47401466185 2.228125
v 5.6493328159 -1.46911985181 2.228125
v 5.80404234308 -0.557229167336 0.107812499999
v 5.86777706847 -0.502520001952 0.0359374999997
v 5.70285040439 -1.26593403457 1.7609375
v 5.68536808542 -1.31650763282 1.86875
v 5.72245779862 -1.27454621295 1.796875
v 5.68877827817 -1.32773996482 1.9046875
v 5.65676976571 -1.43872796533 2.15625
v 5.83422897908 -0.545302855675 0.125781249999
v 5.8073712123 -0.564320172212 0.134765624999
v 5.63413069965 -1.42889030694 4.6
v 5.78306031058 -0.584268512061 4.6
v 5.45214021804 -2.01477623441 2.875
v 5.544680368 -1.74404009378 2.875
v 5.53442727119 -1.77630826378 3.45
v 5.61513292193 -1.50181175156 3.45
v 5.60628960376 -1.53449441535 4.025
v 5.67500873705 -1.25675457681 4.025
v 5.72997727317 -0.975969610633 4.025
v 6.61721325999 -3.53022501716 2.3
v 6.38889800985 -3.17692734899 2.3
v 6.11644888076 -2.85672361392 2.3
v 5.93233501156 -2.69316554409 2.3
v 5.86158357841 -2.6421689752 2.3
v 6.3953263337 -2.00799050018 0.574999999998
v 6.28920160081 -1.93505916739 0.574999999998
v 6.30217570628 -2.28359501196 1.15
v 6.19931544059 -2.20612757368 1.15
v 6.19715421713 -2.5548981139 1.725
v 6.09775216761 -2.47304048882 1.725
v 6.14827863058 -1.55928504466 4.6
v 6.11066843649 -1.55170887932 4.6
v 6.06909670974 -1.54707099241 4.6
v 5.98601914112 -1.54574025783 4.6
v 5.73235370742 -1.55852749142 4.6
v 5.70023413275 -1.55475022328 4.6
v 5.67308270436 -1.54701122958 4.6
v 5.65549539238 -1.5374518243 4.6
v 5.64384826307 -1.52684649849 4.6
v 5.63111075015 -1.50312796738 4.6
v 5.62765819303 -1.48263644854 4.6
v 5.62856975121 -1.45800412532 4.6
v 5.64780771316 -2.30365288378 2.875
v 5.74244495355 -2.05642276029 3.45
v 5.82626564849 -1.80531913162 4.025
v 5.61769221575 -1.6573459605 4.3125
v 5.61721273306 -1.7979128812 4.025
v 5.60600586471 -1.64443160145 4.3125
v 5.61139030466 -1.65128254977 4.3125
v 5.5647384006 -1.75792182743 4.025
v 5.60157547102 -1.63675131307 4.3125
v 5.31346536204 -2.37131306926 2.44375
v 5.47554881468 -2.35242990372 2.73125
v 5.44018409085 -2.27814983583 2.875
v 5.33888318307 -2.31351813757 2.5875
v 5.45727507001 -2.14222784568 3.1625
v 5.40950299752 -2.26014792193 2.875
v 5.39137453353 -2.23375989256 2.875
v 5.53391028535 -2.03995259939 3.45
v 5.54508744579 -1.90341707228 3.7375
v 5.58508641936 -1.7826387737 4.025
v 5.59408361163 -1.600708706 4.3125
v 5.61112324326 -1.53991421029 4.45625
v 5.30236916657 -2.43586895733 2.371875
v 5.30580440774 -2.44482973775 2.371875
v 5.32791550841 -2.37623615827 2.515625
v 5.34502733388 -2.35841892951 2.5875
v 5.34947663396 -2.36591101968 2.5875
v 5.35493789557 -2.37274136775 2.5875
v 5.34163168863 -2.3502283977 2.5875
v 5.32683836557 -2.37173472157 2.515625
v 5.4015241155 -2.36602958978 2.659375
v 5.39675656022 -2.36390608472 2.659375
v 5.41750011075 -2.30301115387 2.803125
v 5.60908239231 -1.60355126546 4.384375
v 5.60738306602 -1.59924598274 4.384375
v 5.63948928978 -1.56174122394 4.528125
v 5.63185568249 -1.55272484086 4.528125
v 5.62701377424 -1.54443916695 4.528125
v 5.62385048097 -1.53674193649 4.528125
v 5.33063334117 -2.49129728916 2.3359375
v 5.31979174632 -2.48408635724 2.3359375
v 5.33864108008 -2.45902411934 2.4078125
v 5.36370701576 -2.3606428365 2.6234375
v 5.35370936651 -2.34806466509 2.6234375
v 5.36526282982 -2.31710616575 2.6953125
v 5.39983765991 -2.2714732139 2.8390625
v 5.6207441459 -1.55496767494 4.4921875
v 5.31522527695 -2.42218837166 2.42578125
v 7.34109267902 -1.53569472163 2.3
v 6.17196696422 -1.7300643541 2.3
v 6.25774599723 -1.73764720855 2.3
v 6.46216415056 -1.73609878759 2.3
v 6.76635352789 -1.69771700604 2.3
v 7.05722027418 -1.62898430767 2.3
v 6.51815751447 -0.901184428136 0.574999999998
v 6.64515154596 -0.879878227156 0.574999999998
v 6.47291594149 -1.18316102781 1.15
v 6.60071485348 -1.16738521258 1.15
v 6.41548189822 -1.46290900968 1.725
v 6.54384496698 -1.45269329573 1.725
v 6.37313209018 -3.95388256794 2.3
v 6.4575556398 -3.81444296836 2.3
v 6.53892884246 -3.67320154542 2.3
v 6.86577620401 -3.01846270251 0.574999999998
v 6.92975414274 -2.86853751782 0.574999999998
v 6.72833773009 -3.31352854523 1.15
v 6.79876072498 -3.16652058807 1.15
v 6.57822567001 -3.60235298165 1.725
v 6.65496107137 -3.45853915815 1.725
v 6.72855287762 -3.31309162912 1.725
v 7.42555453692 -1.05410617074 2.3
v 7.49293644477 -0.325428032832 0.574999999998
v 7.48409428101 -0.488193366331 0.574999999998
v 7.45586282307 -0.812471287927 1.15
v 7.47175910912 -0.650242912581 1.15
v 7.41358740307 -1.13521882783 1.725
v 7.43650786895 -0.97383298616 1.725
v 7.45591556152 -0.811987136294 1.725
v 5.14991607185 -3.70284544948 2.3
v 5.20803495366 -3.73666573273 2.3
v 5.28604738903 -3.77312944227 2.3
v 5.47866721043 -3.84158952862 2.3
v 5.77763906606 -3.90956134616 2.3
v 6.07447236852 -3.94445602295 2.3
v 5.8168412902 -3.07617752441 0.574999999998
v 5.94346379438 -3.09959076142 0.574999999998
v 5.67788644088 -3.32567532507 1.15
v 5.803373782 -3.35456071011 1.15
v 5.52823664938 -3.56890883961 1.725
v 5.65235245782 -3.60321196378 1.725
v 6.32606585684 -0.462158787322 2.3
v 7.09017346205 -0.8002033736 2.3
v 6.72463889854 -0.592493376784 2.3
v 6.49568829978 -0.501769717429 2.3
v 6.41176184634 -0.478047033267 2.3
v 6.69641416197 0.300436573643 0.574999999998
v 6.57174554869 0.332672812536 0.574999999998
v 6.70314349937 0.00959365672275 1.15
v 6.57999104239 0.0472089540174 1.15
v 6.69724670681 -0.281267330937 1.725
v 6.57584237772 -0.238343827913 1.725
v 4.71925590631 -3.39319612471 2.3
v 4.74211605066 -3.36592816334 2.3
v 4.75699604739 -3.35309161337 2.3
v 4.77399764996 -3.34317433774 2.3
v 4.7901056815 -3.33838143135 2.3
v 4.80591380282 -3.33789114525 2.3
v 4.82209642492 -3.34149205843 2.3
v 4.83634790304 -3.34786499525 2.3
v 4.85097436213 -3.35725161956 2.3
v 4.86624030995 -3.36979391886 2.3
v 4.88251187593 -3.3858267469 2.3
v 4.96746267929 -3.49567258915 2.3
v 5.06667270086 -3.62527449387 2.3
v 5.10884486542 -3.66893354695 2.3
v 5.39764812264 -2.84076456573 0.574999999998
v 5.26930272983 -3.07229512824 1.15
v 5.13103200853 -3.29803867491 1.725
v 5.27011574996 -2.57292286502 0.287499999999
v 5.24452303341 -2.69824901907 0.574999999998
v 5.17913609235 -2.68945198049 0.574999999998
v 5.23627845922 -2.57642980029 0.287499999999
v 5.24665842885 -2.57333180664 0.287499999999
v 5.25369812289 -2.57231010351 0.287499999999
v 4.86810950795 -3.23279616969 2.0125
v 4.85741515404 -3.23452015601 2.0125
v 4.92646142911 -3.1283510682 1.725
v 4.87522226905 -3.23269718074 2.0125
v 4.88348157578 -3.23359244956 2.0125
v 4.99083946416 -3.14278396645 1.725
v 5.20640978001 -2.59794861727 0.287499999999
v 5.23429308133 -2.54130198222 0.143749999999
v 5.21100041523 -2.68634807529 0.574999999998
v 5.26200375513 -2.57212536861 0.287499999999
v 5.08878033071 -2.82141003475 0.862499999999
v 5.15147876459 -2.79879578935 0.862499999999
v 5.02518627361 -3.01968446166 1.4375
v 5.12250565857 -2.92326964749 1.15
v 4.95847487405 -3.12802145655 1.725
v 4.8250052338 -3.25197852225 2.0125
v 4.7894346234 -3.30414222064 2.15625
v 4.92422266046 -3.33821690492 2.15625
v 5.27170907001 -2.49361592388 0.0718749999995
v 5.27945991957 -2.49009585386 0.0718749999995
v 5.28643096269 -2.48792902834 0.0718749999995
v 5.29370453762 -2.48659269698 0.0718749999995
v 5.24339569273 -2.55117252797 0.215624999999
v 5.24732709774 -2.54921004626 0.215624999999
v 5.25113976185 -2.54760558746 0.215624999999
v 5.11955458939 -2.80120749816 0.862499999999
v 5.05756200615 -2.91164372971 1.15
v 4.83262967386 -3.26303081404 2.084375
v 4.83679794506 -3.26164056408 2.084375
v 4.85704315727 -3.28863749153 2.15625
v 4.79794895271 -3.31492424376 2.228125
v 4.80616777718 -3.31270670319 2.228125
v 5.09646946189 -2.83217512927 0.934374999999
v 5.10469925198 -2.85350788563 1.00625
v 5.08953099868 -2.90992535291 1.15
v 5.18147380424 -2.92887524797 1.078125
v 4.82355086141 -3.28669125837 2.15625
v 5.14192158145 -2.87912139017 1.0421875
v 5.79705052317 -0.423510899264 2.3
v 6.28771062214 -0.461263828086 2.3
v 6.24596755122 -0.463953528793 2.3
v 6.16393309751 -0.47714449796 2.3
v 5.91639392715 -0.534012984228 2.3
v 5.88410812198 -0.535900208795 2.3
v 5.85602266952 -0.533019332685 2.3
v 5.8370367517 -0.526676565423 2.3
v 5.82371725715 -0.51826706951 2.3
v 5.80703519502 -0.497136008095 2.3
v 5.80005882556 -0.477561719754 2.3
v 5.79665679243 -0.453148435333 2.3
v 6.09235434477 0.296255146 0.574999999998
v 6.09947115533 0.0316265529898 1.15
v 6.09509892116 -0.233061612214 1.725
v 5.84574962394 0.363968127616 0.287499999998
v 5.89337577596 0.231714436776 0.574999999998
v 5.83038828702 0.251346456187 0.574999999998
v 5.83775395598 0.367510489407 0.287499999998
v 5.83035107517 0.37210668806 0.287499999998
v 5.82356105357 0.377808514496 0.287499999998
v 5.84352096791 -0.398150927766 2.0125
v 5.80419371096 0.409115119573 0.287499999998
v 5.79941278492 0.472071155826 0.143749999999
v 5.8579628636 0.235079556461 0.574999999998
v 5.86168473429 0.107904625868 0.862499999999
v 5.89787953965 -0.0242196154556 1.15
v 5.81780819357 -0.0956434068896 1.4375
v 5.8589110998 -0.210123879256 1.58125
v 5.89127397926 -0.280108047299 1.725
v 5.94991122874 -0.337813031056 1.86875
v 5.8529716926 -0.337214576203 1.86875
v 5.83605294405 -0.393600361561 2.0125
v 5.82930952384 -0.388081849965 2.0125
v 5.82331733419 -0.381546646742 2.0125
v 5.80406102733 -0.410993208073 2.15625
v 5.81589262595 0.473253969126 0.0718749999995
v 5.82327639878 0.467124012645 0.0718749999995
v 5.81028749474 0.479405089774 0.0718749999995
v 5.81926016707 0.411573872541 0.215624999999
v 5.81619082929 0.415038311114 0.215624999999
v 5.83580321349 -0.00187303442564 1.15
v 5.91768434673 -0.0869615704697 1.29375
v 5.83152391403 -0.223453492426 1.653125
v 5.83360525123 -0.160163691896 1.509375
v 5.81932351885 -0.410677157357 2.084375
v 5.81677175364 -0.406815595057 2.084375
v 5.83117784225 -0.490142909954 2.228125
v 5.8220062666 -0.482696479647 2.228125
v 5.81571342842 -0.475451022085 2.228125
v 5.86521519311 0.470600403159 0.0359374999997
v 5.85222611834 0.471506854884 0.0359374999997
v 5.86132532363 0.439037187466 0.107812499999
v 5.86264599321 -0.0193210852886 1.15
v 5.84762510821 -0.0757779673909 1.29375
v 5.85406347917 -0.111527585051 1.365625
v 5.8692441141 -0.133094316232 1.4015625
v 5.82984469597 -0.0901540892268 1.365625
v 5.85700705639 -0.25779769752 1.6890625
v 5.81405888046 -0.455421297534 2.1921875
v 5.82420780007 0.444094307632 0.125781249999
v 5.83798488788 0.421040628639 0.161718749999
v 5.84697671811 -0.115433785569 1.38359375
v 5.83735337784 -0.123607881516 1.41953125
v 5.81569366196 0.440865182916 0.152734374999
v 4.16857078114 -4.05070042 2.3
v 4.36285209643 -3.84066111947 2.3
v 4.54656218189 -3.62131586253 2.3
v 4.74336097077 -3.35941705255 0.574999999998
v 4.90292845262 -3.12193030359 0.574999999998
v 4.59312726005 -3.56206937623 1.15
v 4.76284910096 -3.3317299875 1.15
v 4.43424187392 -3.75801213882 1.725
v 4.61379838358 -3.53525398064 1.725
v 4.78217561829 -3.30392987029 1.725
v 5.79626418889 0.434140187766 2.3
v 5.79301697051 0.475510895056 0.574999999998
v 5.76259921359 0.760004299652 0.574999999998
v 5.80819367399 0.223701840803 1.15
v 5.79014884199 0.509247146001 1.15
v 5.81242998685 -0.0285285812035 1.725
v 5.80679206926 0.257530767674 1.725
v 5.78708424231 0.542966117187 1.725
v 4.54897765424 -4.42035092171 2.3
v 4.52017110854 -4.39501107352 2.3
v 4.48646515473 -4.37023957502 2.3
v 4.41514412578 -4.32761371324 2.3
v 4.18896376152 -4.21206238952 2.3
v 4.16301831531 -4.19275517188 2.3
v 4.14335540199 -4.17249531189 2.3
v 4.13288839736 -4.15543255754 2.3
v 4.12809059234 -4.14042890386 2.3
v 4.12889417581 -4.11351854885 2.3
v 4.13613207676 -4.09403945018 2.3
v 4.14921852493 -4.07315100458 2.3
v 4.85744332848 -3.6891452783 0.574999999998
v 4.6927951409 -3.89643713911 1.15
v 4.51930754219 -4.09638961927 1.725
v 4.71205821804 -3.47875966597 0.287499999999
v 4.66353093333 -3.61068537133 0.574999999998
v 4.62789893627 -3.5551587945 0.574999999999
v 4.70821016729 -3.4709065431 0.287499999999
v 4.70549361113 -3.46262717061 0.287499999999
v 4.70395721621 -3.4538947764 0.287499999999
v 4.70924446886 -3.41746343768 0.287499999999
v 4.7460494271 -3.36616319593 0.143749999999
v 4.63856612584 -3.58534455881 0.574999999999
v 4.55967077456 -3.68515858006 0.862499999999
v 4.50246977881 -3.80963719335 1.15
v 4.39547603807 -3.87953370024 1.4375
v 4.33292771252 -4.00141313224 1.725
v 4.30224398644 -3.94300637833 1.725
v 4.3102539327 -3.97400331465 1.725
v 4.34075440307 -4.08330901182 1.86875
v 4.22563932537 -4.0000015134 2.0125
v 4.1819873557 -4.04561757744 2.15625
v 4.75943401548 -3.375850146 0.0718749999995
v 4.76115005355 -3.38529216278 0.0718749999995
v 4.7590941 -3.36753520531 0.0718749999995
v 4.72236649979 -3.42526445494 0.215624999999
v 4.72224214882 -3.42063760873 0.215624999999
v 4.30310867225 -4.01701675123 1.796875
v 4.26654257292 -4.07077059823 1.940625
v 4.22047028256 -4.06114418085 2.0125
v 4.26278881791 -4.06714455626 1.940625
v 4.193882256 -4.05518600898 2.084375
v 4.21767449196 -4.05285789169 2.0125
v 4.21605596326 -4.04429587959 2.0125
v 4.21566642733 -4.03543791822 2.0125
v 4.19440965484 -4.05058763758 2.084375
v 4.1518835934 -4.12368011938 2.228125
v 4.14964423198 -4.11208044764 2.228125
v 4.1494809286 -4.10248514672 2.228125
v 4.79551161464 -3.40958683051 0.0359374999998
v 4.78614406203 -3.40054323188 0.0359374999998
v 4.77224335778 -3.43126529659 0.107812499999
v 4.29729800828 -3.98133986779 1.7609375
v 4.24920090684 -4.01239552757 1.9046875
v 4.23284850149 -4.05277449606 1.9765625
v 4.22775577225 -4.03753548377 1.9765625
v 4.1610883301 -4.0860779646 2.1921875
v 4.7470603393 -3.40353263355 0.125781249999
v 4.74279558164 -3.43004851757 0.161718749999
v 4.73846248975 -3.4005335041 0.152734374999
v 6.32520776488 0.47375806161 2.3
v 5.79624856773 0.469722875593 2.3
v 5.79939613125 0.489120920899 2.3
v 5.80604541254 0.507646414262 2.3
v 5.81530405975 0.521672036661 2.3
v 5.82709863341 0.532208882121 2.3
v 5.84180986352 0.539852411565 2.3
v 5.85682357396 0.544131132282 2.3
v 5.87406169748 0.54634226757 2.3
v 5.89381812656 0.546547070995 2.3
v 5.91658857247 0.544724373167 2.3
v 6.0522722097 0.515182899945 2.3
v 6.21157799397 0.479673053637 2.3
v 6.27194724465 0.473336023483 2.3
v 5.96084661515 1.29338942489 0.574999999998
v 6.01135331703 1.03352789581 1.15
v 6.0505369541 0.771719599884 1.725
v 5.69098582316 1.41659184237 0.287499999998
v 5.75193876386 1.30413575738 0.574999999998
v 5.69619483361 1.26884476435 0.574999999998
v 5.66731916916 1.39215518285 0.287499999998
v 5.67327933528 1.40120049955 0.287499999998
v 5.67801531567 1.40650819765 0.287499999998
v 5.80718955957 0.652694932779 2.0125
v 5.80010536624 0.644500084452 2.0125
v 5.7847537074 0.770212414314 1.725
v 5.81257462183 0.65734275742 2.0125
v 5.81947708556 0.661965921751 2.0125
v 5.84334743158 0.800537576073 1.725
v 5.65827046236 1.35647159578 0.287499999998
v 5.64321855525 1.41778847638 0.143749999999
v 5.71860916928 1.29170448562 0.574999999998
v 5.68425905379 1.41198847029 0.287499999998
v 5.71179930678 1.10967946612 0.862499999999
v 5.7452929369 1.16730475958 0.862499999999
v 5.79053177766 0.916914971216 1.4375
v 5.80310850377 1.05332869868 1.15
v 5.80906555871 0.791042757234 1.725
v 5.79278145901 0.547469445929 2.15625
v 5.91793787065 0.608006803536 2.15625
v 5.64122885801 1.47836865031 0.0718749999995
v 5.64490369585 1.48604733045 0.0718749999995
v 5.6488510161 1.49218811524 0.0718749999995
v 5.65356392051 1.49788716829 0.0718749999995
v 5.65653622465 1.41607824548 0.215624999999
v 5.65828639667 1.42010865212 0.215624999999
v 5.66017574059 1.42378847212 0.215624999999
v 5.72238781643 1.14493681919 0.862499999999
v 5.74588578382 1.02048969329 1.15
v 5.7994448846 0.606727853735 2.084375
v 5.80174433014 0.610472160079 2.084375
v 5.83460635292 0.602804685387 2.15625
v 5.80623436453 0.544682842422 2.228125
v 5.81110494174 0.551664535588 2.228125
v 5.6445993602 1.46147525742 0.107812499999
v 5.68577877475 1.53468361633 0.0359374999997
v 5.72460919237 1.10637540353 0.934374999999
v 5.7446260088 1.09532357117 1.00625
v 5.76927090158 1.04235531858 1.15
v 5.85188393462 1.08693855298 1.078125
v 5.80769875123 0.582767153692 2.15625
v 5.66888648047 1.48300676205 0.125781249999
v 5.78960401081 1.09962854053 1.0421875
v 5.65015274054 1.45595043279 0.134765624999
v 5.01073840424 -5.58054662594 2.3
v 4.91702716757 -5.17046699964 2.3
v 4.77052485879 -4.77639082247 2.3
v 4.653454569 -4.55972585925 2.3
v 4.60441182316 -4.48760634447 2.3
v 5.32286776463 -4.07422428489 0.574999999998
v 5.24808712115 -3.96939445329 0.574999999998
v 5.1410725128 -4.30134841993 1.15
v 5.07091090451 -4.19337255701 1.15
v 4.94959346861 -4.52037047805 1.725
v 4.88418305285 -4.40945196858 1.725
v 7.42360914778 1.06772057255 2.3
v 6.39146867036 0.485208318672 2.3
v 6.47466808366 0.507420923462 2.3
v 6.66622872275 0.578791089317 2.3
v 6.93894589352 0.718897060646 2.3
v 7.18876326129 0.882966956357 2.3
v 6.43328774474 1.38250481023 0.574999999998
v 6.5453359491 1.44596060692 0.574999999998
v 6.48721624949 1.10205995101 1.15
v 6.60191229744 1.16059417036 1.15
v 6.5289253477 0.819539237059 1.725
v 6.64605319626 0.873041623241 1.725
v 4.63647771386 -5.89517382347 2.3
v 4.76350105229 -5.79301801523 2.3
v 4.88827426207 -5.68812576678 2.3
v 5.41934418874 -5.184660889 0.574999999998
v 5.53074121881 -5.06565904305 0.574999999998
v 5.18927580716 -5.4149253575 1.15
v 5.30573145837 -5.30086914777 1.15
v 4.94943283688 -5.6349902008 1.725
v 5.07072775182 -5.52609446507 1.725
v 5.18962741383 -5.41458837545 1.725
v 7.33826434719 1.54915343683 2.3
v 7.19972013425 2.1009592948 0.574999999998
v 7.1523600276 2.25693287572 0.574999999998
v 7.28410082278 1.7865819975 1.15
v 7.24355307329 1.94446365473 1.15
v 7.35476108241 1.46883947066 1.725
v 7.32110206637 1.62833181621 1.725
v 7.28398479109 1.78705498882 1.725
v 3.57289039904 -5.24091157779 2.3
v 3.61593706528 -5.29257007669 2.3
v 3.67677345196 -5.35351657979 2.3
v 3.83436214821 -5.48372787668 2.3
v 4.09205606398 -5.64985488895 2.3
v 4.35905344555 -5.78416812789 2.3
v 4.41392815889 -4.88013821169 0.574999999999
v 4.52490659302 -4.94544690476 0.574999999999
v 4.19802003882 -5.0670640964 1.15
v 4.30606018374 -5.13712667796 1.15
v 3.97420447254 -5.24444559199 1.725
v 4.07910282242 -5.31913009124 1.725
v 6.10262501896 1.72935474897 2.3
v 6.9362693549 1.67303693839 2.3
v 6.52173822006 1.74320030586 2.3
v 6.2755657129 1.75014694249 2.3
v 6.18858700808 1.7437344361 2.3
v 6.18981561375 2.57262656271 0.574999999998
v 6.06163999477 2.56027954154 0.574999999998
v 6.29561325858 2.30162518882 1.15
v 6.16702261415 2.29485138513 1.15
v 6.38955240281 2.0262884432 1.725
v 6.26078894798 2.02510061622 1.725
v 3.27410852585 -4.80264194074 2.3
v 3.30491622687 -4.7848370685 2.3
v 3.32328920865 -4.77786391583 2.3
v 3.34265739716 -4.77435961565 2.3
v 3.35943326607 -4.77536502814 2.3
v 3.37445572874 -4.78031100583 2.3
v 3.38843083447 -4.78922954011 2.3
v 3.39964317053 -4.80009243439 2.3
v 3.41017713162 -4.81391551963 2.3
v 3.42023271113 -4.83092268739 2.3
v 3.43003943146 -4.85155382092 2.3
v 3.4722975838 -4.98383003424 2.3
v 3.52119804694 -5.13954781354 2.3
v 3.54589464319 -5.19499763332 2.3
v 4.10053140652 -4.51554988434 0.574999999999
v 3.90073807181 -4.68922073576 1.15
v 3.69359725515 -4.85405890884 1.725
v 4.06494741202 -4.21671850713 0.287499999999
v 4.00538407781 -4.32925721182 0.574999999999
v 4.05707948763 -4.21405140762 0.287499999999
v 4.07229743386 -4.22024237425 0.287499999999
v 3.4688451725 -4.70282621679 2.0125
v 3.458206129 -4.70078854956 2.0125
v 3.5594003708 -4.62463745809 1.725
v 3.47556283783 -4.70516590518 2.0125
v 3.48301784745 -4.70883203196 2.0125
v 3.61495959335 -4.66021853085 1.725
v 4.05972455425 -4.17350073302 0.143749999999
v 4.07156959714 -4.16972287053 0.143749999999
v 4.07918949785 -4.1683436183 0.143749999999
v 3.8169102611 -4.39172356793 0.862499999999
v 3.68933754701 -4.55629013527 1.4375
v 3.81376366348 -4.49897503585 1.15
v 3.5895959026 -4.63527696748 1.725
v 3.42177965319 -4.70610920192 2.0125
v 3.37051317748 -4.74296117911 2.15625
v 3.48551827286 -4.82108113224 2.15625
v 4.13669131915 -4.15155177548 0.0718749999996
v 4.12972511904 -4.14880045241 0.0718749999996
v 4.14376701051 -4.15526097974 0.0718749999996
v 4.15108013421 -4.16008940468 0.0718749999996
v 3.91606569577 -4.34337324561 0.718749999999
v 3.97070356266 -4.38862889033 0.718749999999
v 3.87453398215 -4.47376091935 1.00625
v 3.7567128906 -4.46583820939 1.15
v 3.42516417682 -4.71910267105 2.084375
v 3.429556564 -4.71922189613 2.084375
v 3.43934734752 -4.75151498001 2.15625
v 3.37482636081 -4.7560050388 2.228125
v 3.38330797306 -4.75673223581 2.228125
v 4.11548588862 -4.13472332701 0.0359374999998
v 4.09576915769 -4.15680350904 0.107812499999
v 4.11621800962 -4.15928290867 0.107812499999
v 3.86802085076 -4.3627550499 0.790624999999
v 3.9000158703 -4.36719289934 0.790624999999
v 3.82045380177 -4.40446928556 0.934374999999
v 3.82089104239 -4.42733027328 1.00625
v 3.85239878355 -4.40925404494 0.934374999999
v 3.78734163645 -4.47515750279 1.15
v 3.4085405352 -4.73823107925 2.15625
v 3.86043299272 -4.37287831271 0.826562499999
v 3.83665123674 -4.39375863271 0.898437499999
v 5.59229485741 1.58473798394 2.3
v 6.06627679385 1.71707747269 2.3
v 6.02797106996 1.70027300968 2.3
v 5.95539547633 1.65982011768 2.3
v 5.74223491241 1.52171783825 2.3
v 5.71254164835 1.50890203154 2.3
v 5.68516463826 1.50200337909 2.3
v 5.66515435722 1.50147006435 2.3
v 5.64976190948 1.50481687016 2.3
v 5.62685865015 1.51896797136 2.3
v 5.61360820634 1.53497572679 2.3
v 5.60206150588 1.55675314615 2.3
v 5.6236151935 2.36209668075 0.574999999998
v 5.72081111717 2.11586123722 1.15
v 5.80723124518 1.86564032941 1.725
v 5.3687233534 2.34138228795 0.287499999999
v 5.45871072331 2.23339357393 0.574999999998
v 5.39280729866 2.23029864771 0.574999999998
v 5.35999832414 2.34197633968 0.287499999999
v 5.35146989914 2.34376341928 0.287499999999
v 5.34313922646 2.34679905935 0.287499999999
v 5.31423238796 2.36959362383 0.287499999999
v 5.28820755451 2.42711777352 0.143749999999
v 5.42428253217 2.22444382271 0.574999999998
v 5.47127633458 2.10621143363 0.862499999999
v 5.55047747805 1.99443461155 1.15
v 5.49966340038 1.89993218852 1.4375
v 5.70662653728 1.71754907874 1.86875
v 5.63178927982 1.75171890569 1.725
v 5.57692258847 1.6595102463 2.0125
v 5.56586568414 1.75434939638 1.725
v 5.59460127391 1.59889849962 2.15625
v 5.32396734075 2.42863065424 0.0718749999995
v 5.31232403898 2.43063081621 0.0718749999995
v 5.30328899354 2.43386569204 0.0718749999995
v 5.29591808594 2.43772878694 0.0718749999995
v 5.32754928256 2.37705712733 0.215624999999
v 5.32348014071 2.37926285934 0.215624999999
v 5.48450183158 1.99420217487 1.15
v 5.59054692156 1.94225010236 1.29375
v 5.63137787192 1.82047619682 1.58125
v 5.56144318449 1.80853846792 1.58125
v 5.59671479156 1.74578774515 1.725
v 5.54650193363 1.81464016524 1.58125
v 5.63039289012 1.7180930498 1.796875
v 5.65866203751 1.65954895536 1.940625
v 5.62728917033 1.62446239019 2.0125
v 5.65364491554 1.65811112915 1.940625
v 5.60883522885 1.60441556968 2.084375
v 5.61871513811 1.62618430908 2.0125
v 5.61049095378 1.62906362816 2.0125
v 5.60262496624 1.63315526084 2.0125
v 5.60511662182 1.60717149618 2.084375
v 5.64715353716 1.53379660575 2.228125
v 5.63598824605 1.53765709774 2.228125
v 5.62759682001 1.54231332333 2.228125
v 5.30525377407 2.42177034759 0.107812499999
v 5.51569337845 1.98698714159 1.15
v 5.52088775458 1.92879758085 1.29375
v 5.53916493361 1.8974059815 1.365625
v 5.50909655565 1.9092071861 1.365625
v 5.55942718492 1.83718996957 1.509375
v 5.52948862951 1.84931674504 1.509375
v 5.59659047075 1.73089930891 1.7609375
v 5.59943691033 1.67371816733 1.9046875
v 5.62622992014 1.63936708463 1.9765625
v 5.61048618375 1.64257615788 1.9765625
v 5.61919148424 1.56056921896 2.1921875
v 5.5177845454 1.8918407294 1.4015625
v 5.52796746728 1.86187628743 1.4734375
v 2.53175406404 -5.23214846972 2.3
v 2.78615645405 -5.10122421224 2.3
v 3.03380796193 -4.95793964265 2.3
v 3.30831300015 -4.77914441349 0.574999999999
v 3.53948263728 -4.61055516097 0.574999999999
v 3.097828314 -4.91819235137 1.15
v 3.33609538624 -4.75979241586 1.15
v 2.88150851737 -5.04797631693 1.725
v 3.12642422169 -4.90006406264 1.725
v 3.36376457203 -4.74027890908 1.725
v 5.29822199718 2.39039743947 2.3
v 5.15513517806 2.68509544111 0.574999999998
v 5.2810209948 2.42816257373 0.574999999998
v 5.38140619989 2.1967302019 1.15
v 5.26678735821 2.45888332207 1.15
v 5.47165491691 1.96116003993 1.725
v 5.36851894785 2.2280396178 1.725
v 5.25237500914 2.48952063565 1.725
v 2.76279167802 -5.7096131317 2.3
v 2.7443891181 -5.67594904446 2.3
v 2.7211882335 -5.64114333496 2.3
v 2.66874729224 -5.57669489865 2.3
v 2.49572815328 -5.39075393182 2.3
v 2.47795086628 -5.36373721664 2.3
v 2.46640305194 -5.33797406328 2.3
v 2.46240309062 -5.31836039251 2.3
v 2.46302618043 -5.3026206239 2.3
v 2.47298518536 -5.27760800361 2.3
v 2.4864488316 -5.26177914625 2.3
v 2.50589033953 -5.24662625693 2.3
v 3.30274165482 -5.12800605843 0.574999999999
v 3.07712497599 -5.26648369367 1.15
v 2.84571218375 -5.39504131041 1.725
v 3.23808045665 -4.88058361469 0.287499999999
v 3.14735847665 -4.98795591764 0.574999999999
v 3.13286655972 -4.92359114239 0.574999999999
v 3.23715039797 -4.87188798222 0.287499999999
v 3.23742938236 -4.86317880005 0.287499999999
v 3.23897229811 -4.85444755564 0.287499999999
v 3.2564009421 -4.82202164239 0.287499999999
v 3.3085320058 -4.78640322086 0.143749999999
v 3.13256629961 -4.95560487607 0.574999999999
v 3.02429051433 -5.02241557594 0.862499999999
v 2.92796496757 -5.11982331753 1.15
v 2.80351772563 -5.14891053473 1.4375
v 2.70305630486 -5.24204695034 1.725
v 2.69419932023 -5.17666810229 1.725
v 2.69112463102 -5.20853525759 1.725
v 2.68240094775 -5.32168078988 1.86875
v 2.60272100124 -5.20402567298 2.0125
v 2.54609995469 -5.23196089882 2.15625
v 3.31623152417 -4.82135702662 0.0718749999997
v 3.31617946106 -4.80954328828 0.0718749999997
v 3.31779627268 -4.80008377519 0.0718749999997
v 3.32032073382 -4.79215402885 0.0718749999997
v 3.26606351269 -4.83384019965 0.215624999999
v 3.26752913561 -4.82944985586 0.215624999999
v 2.66969882076 -5.24651084353 1.796875
v 2.61695302859 -5.28451659437 1.940625
v 2.57695166597 -5.25971306964 2.0125
v 2.6146658321 -5.27982536966 1.940625
v 2.5540049084 -5.24502057884 2.084375
v 2.57715855997 -5.25097028816 2.0125
v 2.5785660211 -5.24237105915 2.0125
v 2.58122957829 -5.23391406908 2.0125
v 2.55607323685 -5.2408799042 2.084375
v 2.49111270962 -5.29501960035 2.228125
v 2.49297571961 -5.28335356769 2.228125
v 2.49610405083 -5.27428108118 2.228125
v 3.30622586425 -4.80411904081 0.1078125
v 2.67644079549 -5.21099817531 1.7609375
v 2.62062264298 -5.22373077211 1.9046875
v 2.59144598775 -5.25608173881 1.9765625
v 2.59187243683 -5.24001993543 1.9765625
v 2.51262302714 -5.26283333835 2.1921875
v 5.78171626146 2.60853542084 2.3
v 5.2860373221 2.42382888589 2.3
v 5.28236054208 2.44313361605 2.3
v 5.28227273075 2.4628160736 2.3
v 5.28617596783 2.47916249132 2.3
v 5.29365542826 2.49309786902 2.3
v 5.30486522161 2.50531197426 2.3
v 5.31751008584 2.51446764794 2.3
v 5.3329523705 2.52244122093 2.3
v 5.35144729423 2.52939076991 2.3
v 5.37346791359 2.53546594538 2.3
v 5.51107260516 2.55411257804 2.3
v 5.67291615781 2.57523002467 2.3
v 5.73181208917 2.58992266397 2.3
v 5.15899834141 3.25411811203 0.574999999998
v 5.29533699389 3.02720246014 1.15
v 5.4217012794 2.79458472957 1.725
v 5.09287860613 2.97458520761 1.15
v 5.21715048564 2.75080177895 1.725
v 4.86327443806 3.27759268784 0.287499999999
v 4.95901371295 3.19276566813 0.574999999998
v 4.91870178354 3.14053743538 0.574999999999
v 4.84939288773 3.24653526683 0.287499999999
v 4.85189993134 3.25707358105 0.287499999999
v 4.85453495749 3.26368098648 0.287499999999
v 5.23373836218 2.59950841744 2.0125
v 5.22988420118 2.58938484212 2.0125
v 5.17246221157 2.70226521428 1.725
v 5.23720901579 2.60571774372 2.0125
v 5.2421139947 2.61242287876 2.0125
v 4.85309439029 3.20990882337 0.287499999999
v 4.81797861595 3.26237978817 0.143749999999
v 4.93194588423 3.16968470108 0.574999999999
v 4.8585277885 3.27096624245 0.287499999999
v 4.98780292994 2.9963080233 0.862499999999
v 4.99956763588 3.06191358251 0.862499999999
v 5.18818348198 2.73015447668 1.725
v 5.22879862973 2.55258784474 2.0125
v 5.25618841249 2.49570094331 2.15625
v 5.35309197323 2.59539346538 2.15625
v 4.7978252227 3.33421899487 0.0718749999995
v 4.80030471326 3.34118626121 0.0718749999995
v 4.83107806503 3.26532760801 0.215624999999
v 4.83134420851 3.26971354548 0.215624999999
v 4.83186103848 3.27381763885 0.215624999999
v 4.98569414937 3.0330605814 0.862499999999
v 5.02355994484 2.99404528808 1.00625
v 5.24218241522 2.55366465762 2.084375
v 5.24306255904 2.55796961136 2.084375
v 5.27656519013 2.56200401571 2.15625
v 5.26978308307 2.49768355723 2.228125
v 5.27197204884 2.5059100383 2.228125
v 4.78696828588 3.31987678278 0.0359374999998
v 4.80433438906 3.30390419705 0.107812499999
v 4.81799164763 3.38678174096 0.0359374999998
v 5.00097034086 2.99758445898 0.934374999999
v 5.12721727138 3.02285031953 1.078125
v 5.25813355485 2.53397195325 2.15625
v 4.81979260846 3.33244387742 0.125781249999
v 5.06435305519 3.01347401871 1.0421875
v 4.8114424609 3.30061192805 0.134765624999
v 2.79989454632 -6.95777195153 2.3
v 2.85209028129 -6.54037202217 2.3
v 2.8492051334 -6.11995480581 2.3
v 2.81329882775 -5.87631594139 2.3
v 2.79188004816 -5.79177215858 2.3
v 3.60839278598 -5.6490464917 0.574999999999
v 3.57397588115 -5.52496218611 0.574999999999
v 3.35988010012 -5.80029572731 1.15
v 3.33087967466 -5.67483492238 1.15
v 3.10503869956 -5.94061944898 1.725
v 3.08150937905 -5.81401846435 1.725
v 6.61072879251 3.5423530078 2.3
v 5.84006492683 2.6419577073 2.3
v 5.91064964329 2.69128660337 2.3
v 6.06624772792 2.8238702188 2.3
v 6.27459897645 3.04880153202 2.3
v 6.45323530425 3.28841937425 2.3
v 5.57246852778 3.49944356489 0.574999999998
v 5.65605623791 3.5973952517 0.574999999998
v 5.71906253669 3.25435623507 1.15
v 5.80682168449 3.34858876781 1.15
v 5.85488404358 3.00313895669 1.725
v 5.94664932476 3.09347483773 1.725
v 2.34059569812 -7.12542011238 2.3
v 3.46463927885 -6.65178732653 0.574999999999
v 3.3192592833 -6.72551245484 0.574999999999
v 3.02431063634 -6.86320225587 1.15
v 3.17275267364 -6.79585465575 1.15
v 2.72366535777 -6.98796443815 1.725
v 2.87488982942 -6.92712122304 1.725
v 3.02475629318 -6.86300585289 1.725
v 6.36587117593 3.96556227684 2.3
v 6.53218233179 3.68518574624 2.3
v 6.45055027278 3.8262777184 2.3
v 6.04695348275 4.43670525811 0.574999999998
v 5.94910343351 4.56707437068 0.574999999998
v 6.23376876138 4.17014712688 1.15
v 6.14166763336 4.30463920805 1.15
v 6.40884203051 3.89573405123 1.725
v 6.32266330663 4.03409576993 1.725
v 6.2334979547 4.17055190817 1.725
v 1.56492141386 -6.14684642221 2.3
v 1.58770380128 -6.21011235938 2.3
v 1.62402637319 -6.2881906083 2.3
v 1.72757642175 -6.46444771161 2.3
v 1.91291070828 -6.70869254916 2.3
v 2.11786834428 -6.92622419138 2.3
v 2.47863014898 -6.09548220747 0.574999999999
v 2.56057887602 -6.19480916437 0.574999999999
v 2.2118104639 -6.19729015579 1.15
v 2.28937217664 -6.30007935254 1.15
v 1.94082458331 -6.28742480622 1.725
v 2.01385318548 -6.3934826277 1.725
v 5.14311753864 3.71228257997 2.3
v 5.94574879513 3.94448430422 2.3
v 5.53221966163 3.86863830473 2.3
v 5.29851728356 3.79097005173 2.3
v 5.21897724282 3.7551957977 2.3
v 4.93663395056 4.53451982039 0.574999999999
v 4.82041119719 4.47907877213 0.574999999999
v 5.12873914545 4.31604675477 1.15
v 5.01022024309 4.26570087079 1.15
v 5.31118377929 4.08944392626 1.725
v 5.19059197171 4.04428803873 1.725
v 1.43405533648 -5.63281825926 2.3
v 1.46909473074 -5.62662400653 2.3
v 1.48874464482 -5.62635531628 2.3
v 1.50814332989 -5.62968666187 2.3
v 1.52356361879 -5.63636912566 2.3
v 1.53598849211 -5.64615480923 2.3
v 1.54607047747 -5.65931525774 2.3
v 1.55289129826 -5.67335788413 2.3
v 1.55806221017 -5.6899501622 2.3
v 1.56169457008 -5.709370883 2.3
v 1.56385360956 -5.73211190282 2.3
v 1.55832215404 -5.87086402371 2.3
v 1.55101494122 -6.03391581526 2.3
v 1.55525719516 -6.09446833512 2.3
v 2.30883008537 -5.64569324447 0.574999999999
v 2.06168683356 -5.74055711703 1.15
v 1.8106601611 -5.82460800009 1.725
v 2.38329994654 -5.35853836901 0.287499999999
v 2.28313668925 -5.4380930918 0.574999999999
v 2.23870201379 -5.38932425373 0.574999999999
v 2.35512486345 -5.33947464606 0.287499999999
v 2.36506773345 -5.3437735611 0.287499999999
v 2.37111719006 -5.3475159192 0.287499999999
v 1.65118691454 -5.60562601583 2.0125
v 1.64188640711 -5.60007246779 2.0125
v 1.76302309662 -5.56312431815 1.725
v 1.65669923453 -5.61012218061 2.0125
v 1.66245076285 -5.61611697634 2.0125
v 1.80306224446 -5.61556196292 1.725
v 2.3184120988 -5.33675979931 0.287499999999
v 2.37618370197 -5.31128899991 0.14375
v 2.26510665308 -5.40742851635 0.574999999999
v 2.37759841879 -5.35271316155 0.287499999999
v 2.08466448241 -5.43233042388 0.8625
v 2.14723042602 -5.4553086833 0.8625
v 1.90850026342 -5.54333997488 1.4375
v 2.04502548541 -5.53203763708 1.15
v 1.78775868851 -5.58344966673 1.725
v 1.54505809887 -5.60970902072 2.15625
v 1.62640894079 -5.72245182342 2.15625
v 2.43549801963 -5.29880989384 0.0718749999998
v 2.44369817226 -5.30109551382 0.0718749999998
v 2.4504311097 -5.30391652931 0.0718749999998
v 2.45686196859 -5.30756820395 0.0718749999998
v 2.37681204234 -5.32470132246 0.215624999999
v 2.38108513223 -5.32572503268 0.215624999999
v 2.38503712862 -5.32694667918 0.215624999999
v 2.12122487247 -5.43663569516 0.8625
v 2.00274875726 -5.48138669226 1.15
v 1.60457333002 -5.60598109938 2.084375
v 1.60866004646 -5.60759541921 2.084375
v 1.60681548831 -5.64128963702 2.15625
v 1.54464990266 -5.623441435 2.228125
v 1.55237129507 -5.62702565891 2.228125
v 2.4194465569 -5.30506269742 0.1078125
v 2.08363502925 -5.44551944297 0.934375
v 2.07622698275 -5.46715128953 1.00625
v 2.02834297765 -5.50061961155 1.15
v 2.08659449519 -5.57423576958 1.078125
v 1.58240991575 -5.61827030313 2.15625
v 2.08827689804 -5.51069842454 1.0421875
v 4.71302589837 3.40184407804 2.3
v 5.11316045552 3.68831388889 2.3
v 5.08291231429 3.65942152983 2.3
v 5.02854926842 3.59658593079 2.3
v 4.87547762087 3.39390703127 2.3
v 4.85195834379 3.37170841785 2.3
v 4.82859184753 3.35586231613 2.3
v 4.80997073849 3.34851724502 2.3
v 4.79436189392 3.34639768656 2.3
v 4.76799990847 3.3518619959 2.3
v 4.7500735894 3.36237244686 2.3
v 4.73177492409 3.37888732299 2.3
v 4.47658505417 4.14303449498 0.574999999999
v 4.65213682811 3.94489182946 1.15
v 4.81892577544 3.73931851339 1.725
v 4.24414981253 4.03639118923 0.287499999999
v 4.36564459544 3.96569248469 0.574999999999
v 4.30477416072 3.94024390661 0.574999999999
v 4.23574778925 4.0339652795 0.287499999999
v 4.227122474 4.03272769188 0.287499999999
v 4.2182559523 4.03273100258 0.287499999999
v 4.18329620927 4.04426416557 0.287499999999
v 4.13916644739 4.08941816728 0.143749999999
v 4.63018007968 3.55218736107 1.725
v 4.33635367348 3.94550733464 0.574999999999
v 4.42095126149 3.85047805813 0.862499999999
v 4.53360591626 3.77253058968 1.15
v 4.58386127005 3.65502492323 1.4375
v 4.69302767688 3.57226270603 1.725
v 4.66209701546 3.55469305674 1.725
v 4.77503846458 3.56574942131 1.86875
v 4.67300707079 3.46684939559 2.0125
v 4.71035003933 3.41593945103 2.15625
v 4.17225221896 4.10307037735 0.0718749999996
v 4.16062699852 4.10096767105 0.0718749999996
v 4.1510304403 4.10091729246 0.0718749999996
v 4.14278279654 4.10202641536 0.0718749999996
v 4.19325732831 4.05583221093 0.215624999999
v 4.18867918097 4.05651319255 0.215624999999
v 4.70321621983 3.54018714398 1.796875
v 4.7498037886 3.49484230829 1.940625
v 4.73232324887 3.45114156938 2.0125
v 4.74558100163 3.49177523683 1.940625
v 4.72183863266 3.42599210037 2.084375
v 4.72367736312 3.44982715213 2.0125
v 4.71496437266 3.44971999031 2.0125
v 4.70617334142 3.45087454116 2.0125
v 4.7174017027 3.42730998565 2.084375
v 4.78199917239 3.37273761437 2.228125
v 4.77018686469 3.37254653574 2.228125
v 4.76070898062 3.37405191983 2.228125
v 4.15701358151 4.09022338105 0.107812499999
v 4.6670723372 3.54065998284 1.7609375
v 4.68930421772 3.48790082573 1.9046875
v 4.72623017355 3.46478511586 1.9765625
v 4.71033833295 3.46241598334 1.9765625
v 4.74656666459 3.38833205609 2.1921875
v 0.589570442112 -5.7825221957 2.3
v 0.873409224021 -5.74650437896 2.3
v 1.15513172753 -5.69656273046 2.3
v 1.74912297868 -5.54307902139 0.574999999999
v 1.47423365622 -5.6224364255 0.574999999999
v 1.22888555421 -5.68110874414 1.15
v 1.50695933241 -5.6137536318 1.15
v 0.981222707081 -5.72908005103 1.725
v 1.26195715756 -5.67385410144 1.725
v 1.53963387451 -5.60488035237 1.725
v 4.16113603918 4.05833748146 2.3
v 3.92588575837 4.28632444458 0.574999999999
v 4.30554171698 3.90480048036 1.15
v 4.10817358952 4.11194188024 1.15
v 4.47091751096 3.71430381662 1.725
v 4.28272321043 3.92981400766 1.725
v 4.08415183307 4.13580222404 1.725
v 0.643372250964 -6.3102117331 2.3
v 0.637593297148 -6.27228379255 2.3
v 0.627695850843 -6.2316419543 2.3
v 0.600460148745 -6.15314437603 2.3
v 0.501470896732 -5.91924099089 2.3
v 0.494005972115 -5.88777339275 2.3
v 0.491966093605 -5.85961436254 2.3
v 0.49491562995 -5.8398154735 2.3
v 0.500884460767 -5.82523803835 2.3
v 0.51879768419 -5.80514004393 2.3
v 0.536863161263 -5.79487062169 2.3
v 0.560314796185 -5.78728095075 2.3
v 1.34968059432 -5.9483536266 0.574999999999
v 1.09030812544 -6.00131458975 1.15
v 0.82888193772 -6.04297139718 1.725
v 1.37354240322 -5.69373714973 0.2875
v 1.25156813762 -5.76360536589 0.575
v 1.37564251541 -5.68524782927 0.2875
v 1.37888339071 -5.67715929333 0.2875
v 1.38331951871 -5.66948231565 0.2875
v 1.25996423988 -5.69816573405 0.575
v 1.24873274588 -5.72814610835 0.575
v 1.12413618431 -5.7538951304 0.8625
v 1.00030436908 -5.81248318907 1.15
v 0.873413799956 -5.79725276891 1.4375
v 0.747156413974 -5.85041254185 1.725
v 0.761194453854 -5.78594725363 1.725
v 0.747405982063 -5.81484097867 1.725
v 0.700510350098 -5.91817932503 1.86875
v 0.665876112283 -5.78036753316 2.0125
v 0.603115322718 -5.78725252029 2.15625
v 0.714283890926 -5.84319829785 1.796875
v 0.651720326899 -5.86087189806 1.940625
v 0.622614646703 -5.82388293713 2.0125
v 0.651175558585 -5.85568132155 1.940625
v 0.606076875753 -5.80222825864 2.084375
v 0.625799270848 -5.8157381718 2.0125
v 0.630062961223 -5.80813891982 2.0125
v 0.635458347211 -5.80110293886 2.0125
v 0.609436662866 -5.79904470722 2.084375
v 0.529876868151 -5.82770157135 2.228125
v 0.535617543052 -5.81737627349 2.228125
v 0.541660185951 -5.80992087716 2.228125
v 0.732765322704 -5.81213319674 1.7609375
v 0.6759586121 -5.80500699148 1.9046875
v 0.63747684221 -5.82542795236 1.9765625
v 0.643371033562 -5.81048064842 1.9765625
v 0.561098304742 -5.80481334034 2.1921875
v 4.54086444787 4.42868491044 2.3
v 4.13825196183 4.08558536065 2.3
v 4.1281943122 4.1024683403 2.3
v 4.12137999958 4.12093376717 2.3
v 4.11945703853 4.13762936098 2.3
v 4.12171925244 4.1532824587 2.3
v 4.1280755425 4.1685939384 2.3
v 4.13682640328 4.18152225567 2.3
v 4.14861028165 4.19429653579 2.3
v 4.16361293926 4.20715261214 2.3
v 4.1822277204 4.22039290509 2.3
v 4.30515630967 4.28497858454 2.3
v 4.4500169097 4.36017624838 2.3
v 4.50033580319 4.39412640799 2.3
v 3.734898729 4.82235212919 0.574999999999
v 3.94062487844 4.65575173103 1.15
v 4.13892841462 4.48038169718 1.725
v 3.44898038145 4.74326748304 0.287499999999
v 3.56795842102 4.6963009191 0.574999999999
v 3.54794070607 4.63343494231 0.574999999999
v 3.44655825462 4.70933528386 0.287499999999
v 3.44530978926 4.72009551939 0.287499999999
v 3.44552603814 4.72720568154 0.287499999999
v 4.02902107656 4.2327828223 2.0125
v 4.02886181658 4.22195157258 2.0125
v 3.93629543562 4.30838494821 1.725
v 4.03015870948 4.23980471384 2.0125
v 4.03247459071 4.24778308134 2.0125
v 3.96168819418 4.36927868977 1.725
v 3.4625635107 4.67618367365 0.287499999999
v 3.41161934978 4.71347994992 0.143749999999
v 3.55041713777 4.66535416202 0.574999999999
v 3.44678636768 4.73541721144 0.287499999999
v 3.66220390763 4.52153761207 0.862499999999
v 3.65082069221 4.58721043836 0.862499999999
v 3.84642310835 4.42447969869 1.4375
v 3.76837238569 4.53706284029 1.15
v 3.94152990788 4.33996927345 1.725
v 4.04042702742 4.18700241837 2.0125
v 4.08562147035 4.14291407431 2.15625
v 4.14258418062 4.26973737138 2.15625
v 3.37115496807 4.75860810279 0.0718749999997
v 3.36903429673 4.76685245327 0.0718749999997
v 3.36811089909 4.77409385588 0.0718749999997
v 3.36805791264 4.78148898037 0.0718749999997
v 3.42292059165 4.72073026992 0.215624999999
v 3.42167060576 4.72494272942 0.215624999999
v 3.42075258446 4.72897608194 0.215624999999
v 3.6476521869 4.55535247428 0.862499999999
v 3.69657841169 4.53164095585 1.00625
v 4.05263538019 4.19259181572 2.084375
v 4.05199006395 4.19693817589 2.084375
v 4.08209239161 4.21218785058 2.15625
v 4.09771818808 4.14942677315 2.228125
v 4.09696152082 4.15790580709 2.228125
v 3.38459578618 4.74783353008 0.1078125
v 3.36908362183 4.83038400406 0.0359374999998
v 3.67414065979 4.52724058903 0.934374999999
v 3.78413253554 4.59416172502 1.078125
v 4.07435984996 4.1795423378 2.15625
v 3.38936061531 4.77993907954 0.125781249999
v 3.72826637923 4.5638500561 1.0421875
v 3.39240121115 4.74717091295 0.134765624999
v 0.251342084065 -7.49578729399 2.3
v 0.443149214719 -7.12141165321 2.3
v 0.584229219135 -6.72536191865 2.3
v 0.633817727999 -6.48413559582 2.3
v 0.642606335585 -6.39736477291 2.3
v 1.45869238314 -6.54251032057 0.574999999999
v 1.46879040362 -6.41413793952 0.574999999999
v 1.17343656083 -6.59964176673 1.15
v 1.1890951975 -6.47182844446 1.15
v 0.885970437848 -6.64434204016 1.725
v 0.907160195905 -6.51732852754 1.725
v 5.0004969809 5.58972539075 2.3
v 4.58426316294 4.48004800528 2.3
v 4.63371962403 4.55054339975 2.3
v 4.73458772881 4.72834892402 2.3
v 4.85344281961 5.01097554312 2.3
v 4.9393519299 5.2972398837 2.3
v 4.0395273655 5.19429777933 0.574999999999
v 4.08457266993 5.31493093722 0.574999999999
v 4.26110547759 5.01412912799 1.15
v 4.31134267683 5.13269413996 1.15
v 4.47465731491 4.82451579654 1.725
v 4.5299917815 4.94078933197 1.725
v -0.237596702327 -7.49623557574 2.3
v 0.980650709229 -7.4356118885 0.575
v 0.818822721253 -7.45516796062 0.575
v 0.49456896871 -7.48367567211 1.15
v 0.657093091614 -7.47115979612 1.15
v 0.169383639502 -7.49808703288 1.725
v 0.332297764741 -7.49263492808 1.725
v 0.495054922927 -7.48364353729 1.725
v 4.6256599906 5.90366578079 2.3
v 4.87783577769 5.69707978932 2.3
v 4.75287043769 5.80174306588 2.3
v 4.16483499771 6.23731908851 0.574999999999
v 4.02829716592 6.3263592937 0.574999999999
v 4.43155218672 6.05073096795 1.15
v 4.29900643549 6.14561174317 1.15
v 4.68992204529 5.85274561031 1.725
v 4.56161803953 5.95328823688 1.725
v 4.43115926833 6.0510187166 1.725
v -0.63180018961 -6.31138087032 2.3
v -0.63202997317 -6.37862344003 2.3
v -0.62460225426 -6.46441604564 2.3
v -0.587580517483 -6.66545974743 2.3
v -0.496959910397 -6.95836287818 2.3
v -0.378762935728 -7.2328753972 2.3
v 0.244372762412 -6.57562108929 0.575
v 0.287407556466 -6.69698601311 0.575
v -0.0411760958134 -6.58003156014 1.15
v -0.00344790249299 -6.70314947792 1.15
v -0.326647394199 -6.5720477963 1.725
v -0.294296866937 -6.69668680151 1.725
v 3.56327417882 5.24745434438 2.3
v 4.23808318075 5.74016864857 2.3
v 3.87543376514 5.52746142902 2.3
v 3.68238947203 5.37454622396 2.3
v 3.61988179818 5.31372512531 2.3
v 3.08802137598 5.94948306535 0.574999999999
v 2.99776966754 5.85763499864 0.574999999999
v 3.34326339925 5.80988938403 1.15
v 3.24911136773 5.72204387639 1.15
v 3.59220800725 5.65935211804 1.725
v 3.49433299867 5.57567463643 1.725
v -0.57896609087 -5.78359356418 2.3
v -0.543921271439 -5.78975704924 2.3
v -0.5253644947 -5.79622522942 2.3
v -0.508275080785 -5.80599041135 2.3
v -0.496070286322 -5.81754392267 2.3
v -0.487741625442 -5.83098901427 2.3
v -0.482768796686 -5.8468040327 2.3
v -0.481162182808 -5.86233264319 2.3
v -0.481978008369 -5.8796928405 2.3
v -0.485206984276 -5.89918468877 2.3
v -0.490956037665 -5.92129269228 2.3
v -0.543609925872 -6.04978516719 2.3
v -0.606243456955 -6.20050451854 2.3
v -0.622967223751 -6.25885621092 2.3
v 0.238649781226 -6.09488267776 0.575
v -0.0260342640639 -6.09949758838 1.15
v -0.290669270868 -6.09262340447 1.725
v 0.399163165393 -5.83599108999 0.2875
v 0.285509320457 -5.8910146872 0.575
v 0.394758497513 -5.83040538769 0.2875
v 0.403475966629 -5.84309161106 0.2875
v 0.406841311895 -5.85051555286 0.2875
v -0.365628854234 -5.83230458713 2.0125
v -0.372469047138 -5.82390499813 2.0125
v -0.246000782459 -5.83061628247 1.725
v -0.361986746739 -5.83841492447 2.0125
v -0.358632418911 -5.84601532832 2.0125
v -0.226311021474 -5.8935857454 1.725
v -0.102530318407 -5.86178120253 1.4375
v 0.029627052446 -5.8978548551 1.15
v -0.22970860793 -5.85817593323 1.725
v -0.403793395926 -5.80456636699 2.0125
v -0.466753789092 -5.79984316395 2.15625
v -0.428869312779 -5.93361037031 2.15625
v 0.489162721163 -5.82273523024 0.071875
v 0.493766231028 -5.82827058475 0.071875
v 0.497813070397 -5.83448077375 0.0718749999999
v 0.501324931924 -5.84149272435 0.0718749999999
v 0.504302090357 -5.84950676089 0.0718749999999
v 0.425248916174 -5.82694480917 0.215625
v 0.423029857158 -5.80533976351 0.14375
v 0.435115179909 -5.80963342062 0.14375
v 0.241204455456 -5.8454167638 0.646875
v 0.182623054357 -5.82304168985 0.71875
v -0.409552741365 -5.81669547167 2.084375
v -0.406264613975 -5.81961017543 2.084375
v -0.419522032866 -5.85064150723 2.15625
v -0.471834130357 -5.81260780099 2.228125
v -0.465804271656 -5.81861674149 2.228125
v 0.482041238611 -5.80575489254 0.0359375
v 0.472056651365 -5.82267789026 0.1078125
v 0.474834227399 -5.8256765772 0.1078125
v 0.263683409305 -5.94810015936 0.6109375
v 0.233622728501 -5.93768536783 0.6828125
v 0.0445978860193 -5.84149833353 1.078125
v 0.167558698315 -5.83528733724 0.790625
v 0.104666914813 -5.86305370008 0.9703125
v 0.104718156218 -5.94135685163 0.9703125
v -0.434582693433 -5.82066321161 2.15625
v 0.212291356295 -5.87772117754 0.73671875
v 0.148500943697 -5.87967867686 0.88046875
v 0.0850269885742 -5.88394797298 1.02421875
v 0.204612874319 -5.84538189786 0.727734375
v 3.26529645913 4.80863757046 2.3
v 3.54332150404 5.21468521637 2.3
v 3.52477931772 5.17718980617 2.3
v 3.49518580526 5.09955040069 2.3
v 3.42066577387 4.85674094759 2.3
v 3.4061572557 4.82783700785 2.3
v 3.38961961757 4.8049547306 2.3
v 3.37463366108 4.79168382709 2.3
v 3.36069107671 4.78435355439 2.3
v 3.33405000966 4.78047199551 2.3
v 3.31360999396 4.7842174265 2.3
v 3.2907664529 4.7934778216 2.3
v 2.78961268995 5.42426120443 0.574999999999
v 3.02234617934 5.29811024666 1.15
v 3.2493867374 5.16197969819 1.725
v 2.60766916729 5.2445517423 0.287499999999
v 2.74601729931 5.21967035441 0.574999999999
v 2.6975217273 5.17493759858 0.574999999999
v 2.60060355801 5.23939847162 0.287499999999
v 2.59292169281 5.23528548811 0.287499999999
v 2.58458875547 5.23225607013 0.287499999999
v 2.54779276886 5.23113676196 0.287499999999
v 2.49088077912 5.25847437669 0.14375
v 3.13602642343 4.92157910533 1.725
v 2.725396564 5.19068443254 0.574999999999
v 2.83739421996 5.13032020181 0.8625
v 2.96991457208 5.09560370207 1.15
v 3.05732846207 5.00237283772 1.4375
v 3.18821767439 4.96193890304 1.725
v 3.16516153407 4.934849924 1.725
v 3.26751028099 4.98386775882 1.86875
v 3.20545793413 4.85603534253 2.0125
v 3.25796107264 4.82096769075 2.15625
v 2.51730190368 5.28261925808 0.0718749999998
v 2.50709693772 5.27666730093 0.0718749999998
v 2.49809635327 5.27333774432 0.0718749999998
v 2.48996676092 5.27155911862 0.0718749999998
v 2.55319665438 5.24541407219 0.215624999999
v 2.54866169367 5.24448816698 0.215624999999
v 3.20876226135 4.935282421 1.796875
v 3.26804910315 4.90860610046 1.940625
v 3.26656930194 4.86156214188 2.0125
v 3.26512998162 4.90427971784 1.940625
v 3.26531861045 4.83434342149 2.084375
v 3.25889438407 4.8573699266 2.0125
v 3.25074350274 4.85428920919 2.0125
v 3.2420877559 4.85236742234 2.0125
v 3.2606985168 4.83406430914 2.084375
v 3.34006513263 4.80487669039 2.228125
v 3.32903054699 4.80065708805 2.228125
v 3.31960937759 4.7988300591 2.228125
v 2.50737620003 5.26533510949 0.1078125
v 3.17463640115 4.92336480827 1.7609375
v 3.21357222969 4.88139116861 1.9046875
v 3.25617731631 4.87229892733 1.9765625
v 3.24205416201 4.86463734138 1.9765625
v 3.30143585332 4.80741204081 2.1921875
v -1.42372407627 -5.63543840394 2.3
v -1.14468404857 -5.6986713082 2.3
v -0.862870441139 -5.74809628067 2.3
v -0.53766002403 -5.78757962628 0.575
v -0.252206725444 -5.8070257447 0.575
v -0.788278939838 -5.75879957813 1.15
v -0.50393825725 -5.79061330957 1.15
v -1.03741304298 -5.71917217875 1.725
v -0.754720564274 -5.76329359844 1.725
v -0.470199390853 -5.79345050594 1.725
v 2.52215566303 5.2367821285 2.3
v 3.02471153117 4.96349437425 2.3
v 2.7767977 5.10632458656 2.3
v 2.48470397036 5.25465530855 0.574999999999
v 2.22311657631 5.37055946062 0.574999999999
v 2.71036535998 5.14189419217 1.15
v 2.45405345575 5.26903956186 1.15
v 2.93092146948 5.01944773573 1.725
v 2.68036784757 5.15759483031 1.725
v 2.42331967027 5.28324502627 1.725
v -1.55364736472 -6.14970567067 2.3
v -1.54610568531 -6.11208854621 2.3
v -1.54150591523 -6.0705125847 2.3
v -1.54025135054 -5.98743383092 2.3
v -1.55327115089 -5.73378022777 2.3
v -1.54952333304 -5.70165720342 2.3
v -1.54180923627 -5.67449869097 2.3
v -1.53226595987 -5.65690262189 2.3
v -1.52167131714 -5.64524577402 2.3
v -1.49796447434 -5.63248652021 2.3
v -1.47747612957 -5.62901517698 2.3
v -1.45284298095 -5.62990415073 2.3
v -0.76617186502 -6.05124195905 0.575
v -1.02801597627 -6.01229837634 1.15
v -1.287923703 -5.96202994869 1.725
v -0.656665135369 -5.82014195391 0.2875
v -0.795179789979 -5.84407894526 0.575
v -0.764908362386 -5.7854574422 0.575
v -0.651788156842 -5.81288288278 0.2875
v -0.645976288013 -5.80639058989 0.2875
v -0.639182010255 -5.80069383575 0.2875
v -0.604987919104 -5.7870570615 0.2875
v -0.542158127409 -5.79328096945 0.14375
v -0.785716406328 -5.80978838152 0.575
v -0.911605560028 -5.79137001369 0.8625
v -1.04800769924 -5.8040718049 1.15
v -1.16203672021 -5.74636076081 1.4375
v -1.2988615673 -5.75313203793 1.725
v -1.10444215946 -5.71281431125 1.4375
v -1.28646085886 -5.7197910598 1.725
v -1.3658721342 -5.80085809056 1.86875
v -1.3512832631 -5.6595117597 2.0125
v -1.26362169769 -5.6973557747 1.725
v -1.41261391821 -5.64451607706 2.15625
v -0.558727827397 -5.82500629313 0.071875
v -0.551173985429 -5.815922979 0.071875
v -0.543854978064 -5.80971583804 0.071875
v -0.53682398594 -5.80526399225 0.071875
v -0.605182782766 -5.80232158227 0.215625
v -0.601237991887 -5.79990046807 0.215625
v -1.01522117207 -5.74681900068 1.15
v -1.13968978968 -5.72343514201 1.4375
v -1.32728421786 -5.73510980103 1.796875
v -1.39211946459 -5.7303195536 1.940625
v -1.40681888777 -5.68560657105 2.0125
v -1.39085609763 -5.72525568541 1.940625
v -1.41495297285 -5.65960157867 2.084375
v -1.40104064616 -5.67904220078 2.0125
v -1.39443499052 -5.67335950775 2.0125
v -1.38695853891 -5.66859317906 2.0125
v -1.41070696698 -5.65775913376 2.084375
v -1.49526994376 -5.65747672513 2.228125
v -1.48634401407 -5.64973754538 2.228125
v -1.47811589141 -5.64479847005 2.228125
v -0.555312243893 -5.80536971566 0.1078125
v -1.08157281986 -5.8528780303 1.221875
v -1.03706534762 -5.77022415602 1.15
v -1.09005617351 -5.74562783733 1.29375
v -1.10112635357 -5.72562116214 1.365625
v -1.29929246246 -5.7122391767 1.7609375
v -1.35023600348 -5.6861136949 1.9046875
v -1.39338141865 -5.69214158069 1.9765625
v -1.3827304115 -5.68011164165 1.9765625
v -1.45810315414 -5.64664718356 2.1921875
v -1.09431990316 -5.79060976743 1.2578125
v 2.75231736584 5.7146696394 2.3
v 2.49133234086 5.2545599441 2.3
v 2.47610692261 5.26698483672 2.3
v 2.46338801538 5.28200602992 2.3
v 2.45587079368 5.2970370648 2.3
v 2.45264290467 5.31251988795 2.3
v 2.45337902905 5.32908195167 2.3
v 2.45718040343 5.34422356667 2.3
v 2.46388456586 5.3602577872 2.3
v 2.47358541544 5.37746975839 2.3
v 2.48654914101 5.39627819408 2.3
v 2.5799746259 5.49901293419 2.3
v 2.69037994702 5.61922086718 2.3
v 2.72605260146 5.66833365681 2.3
v 1.86031520863 5.80893930923 0.574999999999
v 2.11061524522 5.72274863158 1.15
v 2.35693969895 5.62577850873 1.725
v 1.62093582804 5.62055960527 0.2875
v 1.74655468605 5.6333929692 0.575
v 1.62316443924 5.6138042769 0.2875
v 1.61931164177 5.62870697742 0.2875
v 1.6186883893 5.63683421662 0.2875
v 2.33834438708 5.35552114957 2.0125
v 2.34189923724 5.34528863401 2.0125
v 2.22535333659 5.3948498724 1.725
v 2.33701178399 5.36250866261 2.0125
v 2.3364592381 5.37079795371 2.0125
v 2.22838783823 5.46075610692 1.725
v 1.57813713144 5.60808781102 0.14375
v 2.10119423065 5.47320510648 1.4375
v 1.9893448403 5.55230373453 1.15
v 2.21946965611 5.42631972471 1.725
v 2.36472029525 5.31640270677 2.0125
v 2.42226828154 5.29043062504 2.15625
v 2.43241959779 5.42908793577 2.15625
v 1.53183013855 5.63888483264 0.0718749999999
v 1.52939745705 5.64566085754 0.0718749999999
v 1.52771868169 5.6528806269 0.0718749999999
v 1.52681683967 5.66067083252 0.0718749999999
v 1.52676018779 5.66921981167 0.0718749999999
v 1.59332923026 5.62098073417 0.215625
v 1.81998801679 5.53433006971 0.71875
v 2.37428070778 5.32583052478 2.084375
v 2.37218776614 5.32969405621 2.084375
v 2.39525900539 5.3543196654 2.15625
v 2.43140800372 5.30068788122 2.228125
v 2.42779696869 5.3083967714 2.228125
v 1.53271452562 5.62049284413 0.0359374999999
v 1.54788497468 5.63298033025 0.1078125
v 1.54630051832 5.63674816119 0.1078125
v 1.77164176769 5.58066152382 0.646875
v 1.78953589761 5.65264328115 0.646875
v 1.91177856498 5.61247873366 0.934375
v 1.95600179288 5.50446625372 1.078125
v 1.89232662289 5.54090223453 0.934375
v 2.39915821603 5.32099823294 2.15625
v 1.78619301802 5.58812230826 0.6828125
v 1.84672340501 5.56841172218 0.8265625
v 1.92380629527 5.55567434518 1.00625
v 1.79770811793 5.55981503065 0.70078125
v 1.82784629725 5.54997978124 0.77265625
v -2.32752594294 -7.12970006276 2.3
v -2.01924218733 -6.84350393803 2.3
v -1.75121336127 -6.51959112833 2.3
v -1.6221111439 -6.30987280174 2.3
v -1.58417518492 -6.23134078058 2.3
v -0.866947849116 -6.6468508476 0.575
v -0.813552873619 -6.52967399483 0.575
v -1.15454074579 -6.60297360874 1.15
v -1.09611170965 -6.48822394213 1.15
v -1.4399589342 -6.54665892125 1.725
v -1.37660589513 -6.43455258479 1.725
v 2.78713143392 6.96289439602 2.3
v 2.77553160508 5.77777839536 2.3
v 2.7978946317 5.86093750326 2.3
v 2.83186657454 6.062518966 2.3
v 2.84688982953 6.3687519496 2.3
v 2.82970981574 6.66713508425 2.3
v 2.01935958586 6.26264302192 0.574999999999
v 2.02042935609 6.39140751169 0.574999999999
v 2.28919621068 6.16912404741 1.15
v 2.2958521137 6.29772084833 1.15
v 2.55472087516 6.06398482905 1.725
v 2.56695037384 6.19217171448 1.725
v -2.78713143392 -6.96289439602 2.3
v -1.62161880879 -7.32259191878 0.575
v -1.78037594552 -7.2856201838 0.575
v -2.09482501561 -7.201507355 1.15
v -1.93782161492 -7.24533280249 1.15
v -2.40532824553 -7.10382967147 1.725
v -2.25037431456 -7.15442628128 1.725
v -2.09435737726 -7.20164336428 1.725
v 2.32752594294 7.12970006276 2.3
v 1.78037594552 7.2856201838 0.575
v 1.62161880879 7.32259191878 0.575
v 2.09482501561 7.201507355 1.15
v 1.93782161492 7.24533280249 1.15
v 2.40532824553 7.10382967147 1.725
v 2.25037431456 7.15442628128 1.725
v 2.09435737726 7.20164336428 1.725
v -2.75231736584 -5.7146696394 2.3
v -2.77553160508 -5.77777839536 2.3
v -2.7978946317 -5.86093750326 2.3
v -2.83186657454 -6.062518966 2.3
v -2.84688982953 -6.3687519496 2.3
v -2.82970981574 -6.66713508425 2.3
v -2.01935958586 -6.26264302192 0.575000000001
v -2.02042935609 -6.39140751169 0.575000000001
v -2.28919621068 -6.16912404741 1.15
v -2.2958521137 -6.29772084833 1.15
v -2.55472087516 -6.06398482905 1.725
v -2.56695037384 -6.19217171448 1.725
v 1.55364736472 6.14970567067 2.3
v 2.01924218733 6.84350393803 2.3
v 1.75121336127 6.51959112833 2.3
v 1.6221111439 6.30987280174 2.3
v 1.58417518492 6.23134078058 2.3
v 0.866947849116 6.6468508476 0.575
v 0.813552873619 6.52967399483 0.575
v 1.15454074579 6.60297360874 1.15
v 1.09611170965 6.48822394213 1.15
v 1.4399589342 6.54665892125 1.725
v 1.37660589513 6.43455258479 1.725
v -2.52215566303 -5.2367821285 2.3
v -2.49133234086 -5.2545599441 2.3
v -2.47610692261 -5.26698483672 2.3
v -2.46338801538 -5.28200602992 2.3
v -2.45587079368 -5.2970370648 2.3
v -2.45264290467 -5.31251988795 2.3
v -2.45337902905 -5.32908195167 2.3
v -2.45718040343 -5.34422356667 2.3
v -2.46388456586 -5.3602577872 2.3
v -2.47358541544 -5.37746975839 2.3
v -2.48654914101 -5.39627819408 2.3
v -2.5799746259 -5.49901293419 2.3
v -2.69037994702 -5.61922086718 2.3
v -2.72605260146 -5.66833365681 2.3
v -1.86031520863 -5.80893930923 0.575000000001
v -2.11061524522 -5.72274863158 1.15
v -2.35693969895 -5.62577850873 1.725
v -1.6186883893 -5.63683421662 0.2875
v -1.74655468605 -5.6333929692 0.575
v -2.33834438708 -5.35552114957 2.0125
v -2.34189923724 -5.34528863401 2.0125
v -2.22535333659 -5.3948498724 1.725
v -2.33701178399 -5.36250866261 2.0125
v -2.3364592381 -5.37079795371 2.0125
v -2.22838783823 -5.46075610692 1.725
v -1.57530113405 -5.61094413967 0.14375
v -1.57029671622 -5.61685354114 0.14375
v -1.61931164177 -5.62870697742 0.2875
v -1.62093582804 -5.62055960527 0.2875
v -1.89488904567 -5.50140303405 0.8625
v -2.10119423065 -5.47320510648 1.4375
v -1.9893448403 -5.55230373453 1.15
v -2.21946965611 -5.42631972471 1.725
v -2.36472029525 -5.31640270677 2.0125
v -2.42226828154 -5.29043062504 2.15625
v -2.43241959779 -5.42908793577 2.15625
v -1.5281040275 -5.65084708994 0.0718750000001
v -1.52700364312 -5.65825565774 0.0718750000001
v -1.52667806256 -5.66623798833 0.0718750000001
v -1.52720303937 -5.67498555171 0.0718750000001
v -1.75339737423 -5.56122983712 0.575
v -1.81531232548 -5.63304460132 0.71875
v -1.80343872094 -5.56309899823 0.71875
v -1.93712361554 -5.59232531604 1.00625
v -1.98917289322 -5.48632790268 1.15
v -2.37428070778 -5.32583052478 2.084375
v -2.37218776614 -5.32969405621 2.084375
v -2.39525900539 -5.3543196654 2.15625
v -2.43140800372 -5.30068788122 2.228125
v -2.42779696869 -5.3083967714 2.228125
v -1.54393565562 -5.64439081819 0.1078125
v -1.74084457441 -5.59467038812 0.575
v -1.84424627832 -5.53118184407 0.790625
v -1.83209205891 -5.56110926851 0.790625
v -1.9041553906 -5.5108446891 0.934375
v -1.9237349664 -5.52265384444 1.00625
v -1.89232662289 -5.54090223453 0.934375
v -1.98192926513 -5.51751282137 1.15
v -2.39915821603 -5.32099823294 2.15625
v -1.85680721011 -5.52967219766 0.8265625
v -1.88678097566 -5.51951675283 0.8984375
v 1.42372407627 5.63543840394 2.3
v 1.54610568531 6.11208854621 2.3
v 1.54150591523 6.0705125847 2.3
v 1.54025135054 5.98743383092 2.3
v 1.55327115089 5.73378022777 2.3
v 1.54952333304 5.70165720342 2.3
v 1.54180923627 5.67449869097 2.3
v 1.53226595987 5.65690262189 2.3
v 1.52167131714 5.64524577402 2.3
v 1.49796447434 5.63248652021 2.3
v 1.47747612957 5.62901517698 2.3
v 1.45284298095 5.62990415073 2.3
v 0.76617186502 6.05124195905 0.575
v 1.02801597627 6.01229837634 1.15
v 1.287923703 5.96202994869 1.725
v 0.656665135369 5.82014195391 0.2875
v 0.795179789979 5.84407894526 0.575
v 0.764908362386 5.7854574422 0.575
v 0.651788156842 5.81288288278 0.2875
v 0.645976288013 5.80639058989 0.2875
v 0.639182010255 5.80069383575 0.2875
v 0.604987919104 5.7870570615 0.2875
v 0.542158127409 5.79328096945 0.14375
v 0.785716406328 5.80978838152 0.575
v 0.911605560028 5.79137001369 0.8625
v 1.04800769924 5.8040718049 1.15
v 1.16203672021 5.74636076081 1.4375
v 1.2988615673 5.75313203793 1.725
v 1.26362169769 5.6973557747 1.725
v 1.28646085886 5.7197910598 1.725
v 1.3658721342 5.80085809056 1.86875
v 1.3512832631 5.6595117597 2.0125
v 1.41261391821 5.64451607706 2.15625
v 0.558727827397 5.82500629313 0.071875
v 0.551173985429 5.815922979 0.071875
v 0.543854978064 5.80971583804 0.071875
v 0.53682398594 5.80526399225 0.071875
v 0.605182782766 5.80232158227 0.215625
v 0.601237991887 5.79990046807 0.215625
v 1.32728421786 5.73510980103 1.796875
v 1.39211946459 5.7303195536 1.940625
v 1.40681888777 5.68560657105 2.0125
v 1.39085609763 5.72525568541 1.940625
v 1.41495297285 5.65960157867 2.084375
v 1.40104064616 5.67904220078 2.0125
v 1.39443499052 5.67335950775 2.0125
v 1.38695853891 5.66859317906 2.0125
v 1.41070696698 5.65775913376 2.084375
v 1.49526994376 5.65747672513 2.228125
v 1.48634401407 5.64973754538 2.228125
v 1.47811589141 5.64479847005 2.228125
v 0.555312243893 5.80536971566 0.1078125
v 1.29929246246 5.7122391767 1.7609375
v 1.35023600348 5.6861136949 1.9046875
v 1.39338141865 5.69214158069 1.9765625
v 1.3827304115 5.68011164165 1.9765625
v 1.45810315414 5.64664718356 2.1921875
v -3.26529645913 -4.80863757046 2.3
v -3.02471153117 -4.96349437425 2.3
v -2.7767977 -5.10632458656 2.3
v -2.22311657631 -5.37055946062 0.575000000001
v -2.48470397036 -5.25465530855 0.575000000001
v -2.71036535998 -5.14189419217 1.15
v -2.45405345575 -5.26903956186 1.15
v -2.93092146948 -5.01944773573 1.725
v -2.68036784757 -5.15759483031 1.725
v -2.42331967027 -5.28324502627 1.725
v 0.57896609087 5.78359356418 2.3
v 1.14468404857 5.6986713082 2.3
v 0.862870441139 5.74809628067 2.3
v 0.53766002403 5.78757962628 0.575
v 0.252206725444 5.8070257447 0.575
v 0.788278939838 5.75879957813 1.15
v 0.50393825725 5.79061330957 1.15
v 1.03741304298 5.71917217875 1.725
v 0.754720564274 5.76329359844 1.725
v 0.470199390853 5.79345050594 1.725
v -3.56327417882 -5.24745434438 2.3
v -3.54332150404 -5.21468521637 2.3
v -3.52477931772 -5.17718980617 2.3
v -3.49518580526 -5.09955040069 2.3
v -3.42066577387 -4.85674094759 2.3
v -3.4061572557 -4.82783700785 2.3
v -3.38961961757 -4.8049547306 2.3
v -3.37463366108 -4.79168382709 2.3
v -3.36069107671 -4.78435355439 2.3
v -3.33405000966 -4.78047199551 2.3
v -3.31360999396 -4.7842174265 2.3
v -3.2907664529 -4.7934778216 2.3
v -2.78961268995 -5.42426120443 0.575000000001
v -3.02234617934 -5.29811024666 1.15
v -3.2493867374 -5.16197969819 1.725
v -2.60766916729 -5.2445517423 0.287500000001
v -2.74601729931 -5.21967035441 0.575000000001
v -2.6975217273 -5.17493759858 0.575000000001
v -2.60060355801 -5.23939847162 0.287500000001
v -2.59292169281 -5.23528548811 0.287500000001
v -2.58458875547 -5.23225607013 0.287500000001
v -2.54779276886 -5.23113676196 0.287500000001
v -2.49088077912 -5.25847437669 0.14375
v -2.725396564 -5.19068443254 0.575000000001
v -2.83739421996 -5.13032020181 0.8625
v -2.96991457208 -5.09560370207 1.15
v -3.05732846207 -5.00237283772 1.4375
v -3.18821767439 -4.96193890304 1.725
v -3.13602642343 -4.92157910533 1.725
v -3.16516153407 -4.934849924 1.725
v -3.26751028099 -4.98386775882 1.86875
v -3.20545793413 -4.85603534253 2.0125
v -3.25796107264 -4.82096769075 2.15625
v -2.51730190368 -5.28261925808 0.0718750000002
v -2.50709693772 -5.27666730093 0.0718750000002
v -2.49809635327 -5.27333774432 0.0718750000002
v -2.48996676092 -5.27155911862 0.0718750000002
v -2.55319665438 -5.24541407219 0.215625000001
v -2.54866169367 -5.24448816698 0.215625000001
v -3.20876226135 -4.935282421 1.796875
v -3.26804910315 -4.90860610046 1.940625
v -3.26656930194 -4.86156214188 2.0125
v -3.26512998162 -4.90427971784 1.940625
v -3.26531861045 -4.83434342149 2.084375
v -3.25889438407 -4.8573699266 2.0125
v -3.25074350274 -4.85428920919 2.0125
v -3.2420877559 -4.85236742234 2.0125
v -3.2606985168 -4.83406430914 2.084375
v -3.34006513263 -4.80487669039 2.228125
v -3.32903054699 -4.80065708805 2.228125
v -3.31960937759 -4.7988300591 2.228125
v -2.50737620003 -5.26533510949 0.1078125
v -3.17463640115 -4.92336480827 1.7609375
v -3.21357222969 -4.88139116861 1.9046875
v -3.25617731631 -4.87229892733 1.9765625
v -3.24205416201 -4.86463734138 1.9765625
v -3.30143585332 -4.80741204081 2.1921875
v 0.63180018961 6.31138087032 2.3
v 0.543921271439 5.78975704924 2.3
v 0.5253644947 5.79622522942 2.3
v 0.508275080785 5.80599041135 2.3
v 0.496070286322 5.81754392267 2.3
v 0.487741625442 5.83098901427 2.3
v 0.482768796686 5.8468040327 2.3
v 0.481162182808 5.86233264319 2.3
v 0.481978008369 5.8796928405 2.3
v 0.485206984276 5.89918468877 2.3
v 0.490956037665 5.92129269228 2.3
v 0.543609925872 6.04978516719 2.3
v 0.606243456955 6.20050451854 2.3
v 0.622967223751 6.25885621092 2.3
v -0.238649781226 6.09488267776 0.575
v 0.0260342640639 6.09949758838 1.15
v 0.290669270868 6.09262340447 1.725
v -0.406841311895 5.85051555286 0.2875
v -0.285509320457 5.8910146872 0.575
v -0.26043430881 5.82998941587 0.575
v -0.386885571488 5.82296506712 0.2875
v -0.394758497513 5.83040538769 0.2875
v -0.399163165393 5.83599108999 0.2875
v 0.365628854234 5.83230458713 2.0125
v 0.372469047138 5.82390499813 2.0125
v 0.246000782459 5.83061628247 1.725
v 0.361986746739 5.83841492447 2.0125
v 0.358632418911 5.84601532832 2.0125
v 0.226311021474 5.8935857454 1.725
v -0.353315389727 5.80785744064 0.2875
v -0.416314465375 5.80368177039 0.14375
v -0.279054531006 5.85603277637 0.575
v -0.403475966629 5.84309161106 0.2875
v -0.15191112871 5.86070937187 0.8625
v -0.029627052446 5.8978548551 1.15
v 0.102530318407 5.86178120253 1.4375
v 0.22970860793 5.85817593323 1.725
v 0.403793395926 5.80456636699 2.0125
v 0.466753789092 5.79984316395 2.15625
v 0.428869312779 5.93361037031 2.15625
v -0.476319797642 5.81224193793 0.071875
v -0.483243692483 5.81719433554 0.071875
v -0.488605739985 5.82214802321 0.071875
v -0.493399824354 5.8277789582 0.071875
v -0.412317627704 5.81650013599 0.215625
v -0.415982889227 5.81892359174 0.215625
v -0.419278723363 5.82142322631 0.215625
v 0.409552741365 5.81669547167 2.084375
v 0.406264613975 5.81961017543 2.084375
v 0.419522032866 5.85064150723 2.15625
v 0.471834130357 5.81260780099 2.228125
v 0.465804271656 5.81861674149 2.228125
v -0.459097771781 5.81262772773 0.1078125
v -0.524043200929 5.86589403255 0.0359375
v 0.434582693433 5.82066321161 2.15625
v -0.476084750301 5.84028477861 0.12578125
v -0.452692547275 5.81713736401 0.134765625
v -4.6256599906 -5.90366578079 2.3
v -4.23808318075 -5.74016864857 2.3
v -3.87543376514 -5.52746142902 2.3
v -3.68238947203 -5.37454622396 2.3
v -3.61988179818 -5.31372512531 2.3
v -3.08802137598 -5.94948306535 0.575000000001
v -2.99776966754 -5.85763499864 0.575000000001
v -3.34326339925 -5.80988938403 1.15
v -3.24911136773 -5.72204387639 1.15
v -3.59220800725 -5.65935211804 1.725
v -3.49433299867 -5.57567463643 1.725
v 0.237596702327 7.49623557574 2.3
v 0.63202997317 6.37862344003 2.3
v 0.62460225426 6.46441604564 2.3
v 0.587580517483 6.66545974743 2.3
v 0.496959910397 6.95836287818 2.3
v 0.378762935728 7.2328753972 2.3
v -0.244372762412 6.57562108929 0.575
v -0.287407556466 6.69698601311 0.575
v 0.0411760958134 6.58003156014 1.15
v 0.00344790249299 6.70314947792 1.15
v 0.326647394199 6.5720477963 1.725
v 0.294296866937 6.69668680151 1.725
v -5.0004969809 -5.58972539075 2.3
v -4.87783577769 -5.69707978932 2.3
v -4.75287043769 -5.80174306588 2.3
v -4.16483499771 -6.23731908851 0.575000000001
v -4.02829716592 -6.3263592937 0.575000000001
v -4.43155218672 -6.05073096795 1.15
v -4.29900643549 -6.14561174317 1.15
v -4.68992204529 -5.85274561031 1.725
v -4.56161803953 -5.95328823688 1.725
v -4.43115926833 -6.0510187166 1.725
v -0.251342084065 7.49578729399 2.3
v 0.0746266919817 7.4996287146 2.3
v -0.0883785696752 7.49947926382 2.3
v -0.818822721253 7.45516796062 0.575
v -0.980650709229 7.4356118885 0.575
v -0.49456896871 7.48367567211 1.15
v -0.657093091614 7.47115979612 1.15
v -0.169383639502 7.49808703288 1.725
v -0.332297764741 7.49263492808 1.725
v -0.495054922927 7.48364353729 1.725
v -4.54086444787 -4.42868491044 2.3
v -4.58426316294 -4.48004800528 2.3
v -4.63371962403 -4.55054339975 2.3
v -4.73458772881 -4.72834892402 2.3
v -4.85344281961 -5.01097554312 2.3
v -4.9393519299 -5.2972398837 2.3
v -4.0395273655 -5.19429777933 0.575000000001
v -4.08457266993 -5.31493093722 0.575000000001
v -4.26110547759 -5.01412912799 1.15
v -4.31134267683 -5.13269413996 1.15
v -4.47465731491 -4.82451579654 1.725
v -4.5299917815 -4.94078933197 1.725
v -0.643372250964 6.3102117331 2.3
v -0.443149214719 7.12141165321 2.3
v -0.584229219135 6.72536191865 2.3
v -0.633817727999 6.48413559582 2.3
v -0.642606335585 6.39736477291 2.3
v -1.45869238314 6.54251032057 0.575000000001
v -1.46879040362 6.41413793952 0.575000000001
v -1.17343656083 6.59964176673 1.15
v -1.1890951975 6.47182844446 1.15
v -0.885970437848 6.64434204016 1.725
v -0.907160195905 6.51732852754 1.725
v -4.16113603918 -4.05833748146 2.3
v -4.13825196183 -4.08558536065 2.3
v -4.1281943122 -4.1024683403 2.3
v -4.12137999958 -4.12093376717 2.3
v -4.11945703853 -4.13762936098 2.3
v -4.12171925244 -4.1532824587 2.3
v -4.1280755425 -4.1685939384 2.3
v -4.13682640328 -4.18152225567 2.3
v -4.14861028165 -4.19429653579 2.3
v -4.16361293926 -4.20715261214 2.3
v -4.1822277204 -4.22039290509 2.3
v -4.30515630967 -4.28497858454 2.3
v -4.4500169097 -4.36017624838 2.3
v -4.50033580319 -4.39412640799 2.3
v -3.734898729 -4.82235212919 0.575000000001
v -3.94062487844 -4.65575173103 1.15
v -4.13892841462 -4.48038169718 1.725
v -4.02902107656 -4.2327828223 2.0125
v -4.02886181658 -4.22195157258 2.0125
v -3.93629543562 -4.30838494821 1.725
v -4.03015870948 -4.23980471384 2.0125
v -4.03247459071 -4.24778308134 2.0125
v -3.96168819418 -4.36927868977 1.725
v -3.84642310835 -4.42447969869 1.4375
v -3.76837238569 -4.53706284029 1.15
v -3.94152990788 -4.33996927345 1.725
v -4.04042702742 -4.18700241837 2.0125
v -4.08562147035 -4.14291407431 2.15625
v -4.14258418062 -4.26973737138 2.15625
v -3.37071819138 -4.79680384875 0.0718750000003
v -3.37337280656 -4.80441061686 0.0718750000003
v -3.37709093348 -4.81244725401 0.0718750000003
v -3.44898038145 -4.74326748304 0.287500000001
v -3.42031012072 -4.73154009423 0.215625000001
v -3.4026382144 -4.72705223476 0.143750000001
v -3.39768465425 -4.73800773329 0.143750000001
v -3.39553073669 -4.74524072908 0.143750000001
v -3.44678636768 -4.73541721144 0.287500000001
v -3.47173981139 -4.71314742644 0.359375000001
v -3.57319905006 -4.63669974639 0.646875000001
v -3.56795842102 -4.6963009191 0.575000000001
v -3.60308167295 -4.57809656514 0.718750000001
v -4.05263538019 -4.19259181572 2.084375
v -4.05199006395 -4.19693817589 2.084375
v -4.08209239161 -4.21218785058 2.15625
v -4.09771818808 -4.14942677315 2.228125
v -4.09696152082 -4.15790580709 2.228125
v -3.38128660253 -4.7622210416 0.1078125
v -3.57215588233 -4.76688029002 0.467187500001
v -3.62367001785 -4.72783893077 0.610937500001
v -3.61493154281 -4.69968985504 0.646875000001
v -3.71606499099 -4.62013807154 0.934375000001
v -3.72067878804 -4.50351430644 1.078125
v -3.67330554005 -4.55953111951 0.934375000001
v -4.07435984996 -4.1795423378 2.15625
v -3.36999494499 -4.75094741006 0.0539062500002
v -3.58972279113 -4.64020330509 0.682812500001
v -3.63986133164 -4.60097880117 0.826562500001
v -3.7079391153 -4.56264568082 1.00625
v -3.36506921631 -4.77411258973 0.0628906250003
v -3.59086178639 -4.60966476908 0.700781250001
v -3.61581855769 -4.59011479338 0.772656250001
v -0.589570442112 5.7825221957 2.3
v -0.637593297148 6.27228379255 2.3
v -0.627695850843 6.2316419543 2.3
v -0.600460148745 6.15314437603 2.3
v -0.501470896732 5.91924099089 2.3
v -0.494005972115 5.88777339275 2.3
v -0.491966093605 5.85961436254 2.3
v -0.49491562995 5.8398154735 2.3
v -0.500884460767 5.82523803835 2.3
v -0.51879768419 5.80514004393 2.3
v -0.536863161263 5.79487062169 2.3
v -0.560314796185 5.78728095075 2.3
v -1.34968059432 5.9483536266 0.575000000001
v -1.09030812544 6.00131458975 1.15
v -0.82888193772 6.04297139718 1.725
v -0.747156413974 5.85041254185 1.725
v -1.00030436908 5.81248318907 1.15
v -1.37354240322 5.69373714973 0.2875
v -1.25156813762 5.76360536589 0.575
v -1.25996423988 5.69816573405 0.575
v -1.37564251541 5.68524782927 0.2875
v -1.37888339071 5.67715929333 0.2875
v -1.38331951871 5.66948231565 0.2875
v -1.41078740236 5.64497287156 0.2875
v -1.47195679587 5.62933237757 0.14375
v -1.24873274588 5.72814610835 0.575
v -1.12413618431 5.7538951304 0.8625
v -0.761194453854 5.78594725363 1.725
v -0.747405982063 5.81484097867 1.725
v -0.700510350098 5.91817932503 1.86875
v -0.665876112283 5.78036753316 2.0125
v -0.603115322718 5.78725252029 2.15625
v -1.46723707082 5.66481160129 0.0718750000001
v -1.47122868397 5.65369251192 0.0718750000001
v -1.47598333394 5.64535645941 0.0718750000001
v -1.48106768443 5.63876835185 0.0718750000001
v -1.415825064 5.65938347639 0.215625
v -1.41870388505 5.65575917529 0.215625
v -0.714283890926 5.84319829785 1.796875
v -0.651720326899 5.86087189806 1.940625
v -0.622614646703 5.82388293713 2.0125
v -0.651175558585 5.85568132155 1.940625
v -0.606076875753 5.80222825864 2.084375
v -0.625799270848 5.8157381718 2.0125
v -0.630062961223 5.80813891982 2.0125
v -0.635458347211 5.80110293886 2.0125
v -0.609436662866 5.79904470722 2.084375
v -0.529876868151 5.82770157135 2.228125
v -0.535617543052 5.81737627349 2.228125
v -0.541660185951 5.80992087716 2.228125
v -1.46373056439 5.64519105599 0.1078125
v -0.732765322704 5.81213319674 1.7609375
v -0.6759586121 5.80500699148 1.9046875
v -0.63747684221 5.82542795236 1.9765625
v -0.643371033562 5.81048064842 1.9765625
v -0.561098304742 5.80481334034 2.1921875
v -4.71302589837 -3.40184407804 2.3
v -4.53991416313 -3.62964676538 2.3
v -4.35580217506 -3.84865478599 2.3
v -4.13205594754 -4.08794201015 0.575000000001
v -3.92588575837 -4.28632444458 0.575000000001
v -4.30554171698 -3.90480048036 1.15
v -4.10817358952 -4.11194188024 1.15
v -4.47091751096 -3.71430381662 1.725
v -4.28272321043 -3.92981400766 1.725
v -4.08415183307 -4.13580222404 1.725
v -1.43405533648 5.63281825926 2.3
v -0.873409224021 5.74650437896 2.3
v -1.15513172753 5.69656273046 2.3
v -1.47423365622 5.6224364255 0.575000000001
v -1.74912297868 5.54307902139 0.575000000001
v -1.22888555421 5.68110874414 1.15
v -1.50695933241 5.6137536318 1.15
v -0.981222707081 5.72908005103 1.725
v -1.26195715756 5.67385410144 1.725
v -1.53963387451 5.60488035237 1.725
v -5.14311753864 -3.71228257997 2.3
v -5.11316045552 -3.68831388889 2.3
v -5.08291231429 -3.65942152983 2.3
v -5.02854926842 -3.59658593079 2.3
v -4.87547762087 -3.39390703127 2.3
v -4.85195834379 -3.37170841785 2.3
v -4.82859184753 -3.35586231613 2.3
v -4.80997073849 -3.34851724502 2.3
v -4.79436189392 -3.34639768656 2.3
v -4.76799990847 -3.3518619959 2.3
v -4.7500735894 -3.36237244686 2.3
v -4.73177492409 -3.37888732299 2.3
v -4.47658505417 -4.14303449498 0.575000000001
v -4.65213682811 -3.94489182946 1.15
v -4.81892577544 -3.73931851339 1.725
v -4.28581893406 -4.18016499901 0.143750000001
v -4.22795342749 -4.09971379535 0.143750000001
v -4.35715162896 -4.05630177456 0.431250000001
v -4.36564459544 -3.96569248469 0.575000000001
v -4.18329620927 -4.04426416557 0.287500000001
v -4.13916644739 -4.08941816728 0.143750000001
v -4.63018007968 -3.55218736107 1.725
v -4.30477416072 -3.94024390661 0.575000000001
v -4.2182559523 -4.03273100258 0.287500000001
v -4.42095126149 -3.85047805813 0.862500000001
v -4.33635367348 -3.94550733464 0.575000000001
v -4.53360591626 -3.77253058968 1.15
v -4.58386127005 -3.65502492323 1.4375
v -4.69302767688 -3.57226270603 1.725
v -4.66209701546 -3.55469305674 1.725
v -4.77503846458 -3.56574942131 1.86875
v -4.67300707079 -3.46684939559 2.0125
v -4.71035003933 -3.41593945103 2.15625
v -4.14278279654 -4.10202641536 0.0718750000004
v -4.2633931726 -4.08996535343 0.215625000001
v -4.18676654448 -4.07876983827 0.143750000001
v -4.227122474 -4.03272769188 0.287500000001
v -4.23574778925 -4.0339652795 0.287500000001
v -4.29794063861 -4.0337695429 0.359375000001
v -4.29409678625 -4.03033795156 0.359375000001
v -4.33366376406 -3.98035492713 0.503125000001
v -4.70321621983 -3.54018714398 1.796875
v -4.7498037886 -3.49484230829 1.940625
v -4.73232324887 -3.45114156938 2.0125
v -4.74558100163 -3.49177523683 1.940625
v -4.72183863266 -3.42599210037 2.084375
v -4.72367736312 -3.44982715213 2.0125
v -4.71496437266 -3.44971999031 2.0125
v -4.70617334142 -3.45087454116 2.0125
v -4.7174017027 -3.42730998565 2.084375
v -4.78199917239 -3.37273761437 2.228125
v -4.77018686469 -3.37254653574 2.228125
v -4.76070898062 -3.37405191983 2.228125
v -4.16088976445 -4.11431256805 0.0359375000002
v -4.1869540009 -4.09284576683 0.107812500001
v -4.25721279528 -4.02566677051 0.323437500001
v -4.24169046718 -4.02160644118 0.323437500001
v -4.26127702802 -3.9983046127 0.395312500001
v -4.32008786371 -3.95509540481 0.539062500001
v -4.6670723372 -3.54065998284 1.7609375
v -4.68930421772 -3.48790082573 1.9046875
v -4.72623017355 -3.46478511586 1.9765625
v -4.71033833295 -3.46241598334 1.9765625
v -4.74656666459 -3.38833205609 2.1921875
v -1.56492141386 6.14684642221 2.3
v -1.46909473074 5.62662400653 2.3
v -1.48874464482 5.62635531628 2.3
v -1.50814332989 5.62968666187 2.3
v -1.52356361879 5.63636912566 2.3
v -1.53598849211 5.64615480923 2.3
v -1.54607047747 5.65931525774 2.3
v -1.55289129826 5.67335788413 2.3
v -1.55806221017 5.6899501622 2.3
v -1.56169457008 5.709370883 2.3
v -1.56385360956 5.73211190282 2.3
v -1.55832215404 5.87086402371 2.3
v -1.55101494122 6.03391581526 2.3
v -1.55525719516 6.09446833512 2.3
v -2.30883008537 5.64569324447 0.575000000001
v -2.06168683356 5.74055711703 1.15
v -1.8106601611 5.82460800009 1.725
v -2.38329994654 5.35853836901 0.287500000001
v -2.28313668925 5.4380930918 0.575000000001
v -2.23870201379 5.38932425373 0.575000000001
v -2.35512486345 5.33947464606 0.287500000001
v -2.36506773345 5.3437735611 0.287500000001
v -2.37111719006 5.3475159192 0.287500000001
v -1.65118691454 5.60562601583 2.0125
v -1.64188640711 5.60007246779 2.0125
v -1.76302309662 5.56312431815 1.725
v -1.65669923453 5.61012218061 2.0125
v -1.66245076285 5.61611697634 2.0125
v -1.80306224446 5.61556196292 1.725
v -2.3184120988 5.33675979931 0.287500000001
v -2.37618370197 5.31128899991 0.14375
v -2.26510665308 5.40742851635 0.575000000001
v -2.37759841879 5.35271316155 0.287500000001
v -2.08466448241 5.43233042388 0.8625
v -2.14723042602 5.4553086833 0.8625
v -1.90850026342 5.54333997488 1.4375
v -2.04502548541 5.53203763708 1.15
v -1.78775868851 5.58344966673 1.725
v -1.60583694631 5.59261365707 2.0125
v -1.54505809887 5.60970902072 2.15625
v -1.62640894079 5.72245182342 2.15625
v -2.43549801963 5.29880989384 0.0718750000002
v -2.44369817226 5.30109551382 0.0718750000002
v -2.4504311097 5.30391652931 0.0718750000002
v -2.45686196859 5.30756820395 0.0718750000002
v -2.37681204234 5.32470132246 0.215625000001
v -2.38108513223 5.32572503268 0.215625000001
v -2.38503712862 5.32694667918 0.215625000001
v -2.12122487247 5.43663569516 0.8625
v -2.00274875726 5.48138669226 1.15
v -1.60457333002 5.60598109938 2.084375
v -1.60866004646 5.60759541921 2.084375
v -1.60681548831 5.64128963702 2.15625
v -1.54464990266 5.623441435 2.228125
v -1.55237129507 5.62702565891 2.228125
v -2.4194465569 5.30506269742 0.1078125
v -2.49869344663 5.33290400601 0.0359375000001
v -2.08363502925 5.44551944297 0.934375
v -2.07622698275 5.46715128953 1.00625
v -2.02834297765 5.50061961155 1.15
v -2.08659449519 5.57423576958 1.078125
v -1.58240991575 5.61827030313 2.15625
v -2.44486836377 5.32524193522 0.12578125
v -2.08827689804 5.51069842454 1.0421875
v -2.41497000114 5.31149108516 0.134765625
v -6.36587117593 -3.96556227684 2.3
v -5.94574879513 -3.94448430422 2.3
v -5.53221966163 -3.86863830473 2.3
v -5.29851728356 -3.79097005173 2.3
v -5.21897724282 -3.7551957977 2.3
v -4.93663395056 -4.53451982039 0.575000000001
v -4.82041119719 -4.47907877213 0.575000000001
v -5.12873914545 -4.31604675477 1.15
v -5.01022024309 -4.26570087079 1.15
v -5.31118377929 -4.08944392626 1.725
v -5.19059197171 -4.04428803873 1.725
v -2.34059569812 7.12542011238 2.3
v -1.58770380128 6.21011235938 2.3
v -1.62402637319 6.2881906083 2.3
v -1.72757642175 6.46444771161 2.3
v -1.91291070828 6.70869254916 2.3
v -2.11786834428 6.92622419138 2.3
v -2.47863014898 6.09548220747 0.575000000001
v -2.56057887602 6.19480916437 0.575000000001
v -2.2118104639 6.19729015579 1.15
v -2.28937217664 6.30007935254 1.15
v -1.94082458331 6.28742480622 1.725
v -2.01385318548 6.3934826277 1.725
v -6.61072879251 -3.5423530078 2.3
v -6.53218233179 -3.68518574624 2.3
v -6.45055027278 -3.8262777184 2.3
v -6.04695348275 -4.43670525811 0.575000000002
v -5.94910343351 -4.56707437068 0.575000000002
v -6.23376876138 -4.17014712688 1.15
v -6.14166763336 -4.30463920805 1.15
v -6.40884203051 -3.89573405123 1.725
v -6.32266330663 -4.03409576993 1.725
v -6.2334979547 -4.17055190817 1.725
v -2.79989454632 6.95777195153 2.3
v -2.49489793609 7.07286959363 2.3
v -2.64802166244 7.01697807288 2.3
v -3.3192592833 6.72551245484 0.575000000001
v -3.46463927885 6.65178732653 0.575000000001
v -3.02431063634 6.86320225587 1.15
v -3.17275267364 6.79585465575 1.15
v -2.72366535777 6.98796443815 1.725
v -2.87488982942 6.92712122304 1.725
v -3.02475629318 6.86300585289 1.725
v -5.78171626146 -2.60853542084 2.3
v -5.84006492683 -2.6419577073 2.3
v -5.91064964329 -2.69128660337 2.3
v -6.06624772792 -2.8238702188 2.3
v -6.27459897645 -3.04880153202 2.3
v -6.45323530425 -3.28841937425 2.3
v -5.57246852778 -3.49944356489 0.575000000002
v -5.65605623791 -3.5973952517 0.575000000002
v -5.71906253669 -3.25435623507 1.15
v -5.80682168449 -3.34858876781 1.15
v -5.85488404358 -3.00313895669 1.725
v -5.94664932476 -3.09347483773 1.725
v -2.76279167802 5.7096131317 2.3
v -2.85209028129 6.54037202217 2.3
v -2.8492051334 6.11995480581 2.3
v -2.81329882775 5.87631594139 2.3
v -2.79188004816 5.79177215858 2.3
v -3.60839278598 5.6490464917 0.575000000001
v -3.57397588115 5.52496218611 0.575000000001
v -3.35988010012 5.80029572731 1.15
v -3.33087967466 5.67483492238 1.15
v -3.10503869956 5.94061944898 1.725
v -3.08150937905 5.81401846435 1.725
v -5.29822199718 -2.39039743947 2.3
v -5.2860373221 -2.42382888589 2.3
v -5.28236054208 -2.44313361605 2.3
v -5.28227273075 -2.4628160736 2.3
v -5.28617596783 -2.47916249132 2.3
v -5.29365542826 -2.49309786902 2.3
v -5.30486522161 -2.50531197426 2.3
v -5.31751008584 -2.51446764794 2.3
v -5.3329523705 -2.52244122093 2.3
v -5.35144729423 -2.52939076991 2.3
v -5.37346791359 -2.53546594538 2.3
v -5.51107260516 -2.55411257804 2.3
v -5.67291615781 -2.57523002467 2.3
v -5.73181208917 -2.58992266397 2.3
v -5.15899834141 -3.25411811203 0.575000000002
v -5.29533699389 -3.02720246014 1.15
v -5.4217012794 -2.79458472957 1.725
v -4.86327443806 -3.27759268784 0.287500000001
v -4.95901371295 -3.19276566813 0.575000000002
v -4.91870178354 -3.14053743538 0.575000000001
v -4.84939288773 -3.24653526683 0.287500000001
v -4.85189993134 -3.25707358105 0.287500000001
v -4.85453495749 -3.26368098648 0.287500000001
v -5.23373836218 -2.59950841744 2.0125
v -5.22988420118 -2.58938484212 2.0125
v -5.17246221157 -2.70226521428 1.725
v -5.23720901579 -2.60571774372 2.0125
v -5.2421139947 -2.61242287876 2.0125
v -5.21715048564 -2.75080177895 1.725
v -4.85309439029 -3.20990882337 0.287500000001
v -4.81797861595 -3.26237978817 0.143750000001
v -4.93194588423 -3.16968470108 0.575000000001
v -4.8585277885 -3.27096624245 0.287500000001
v -4.98780292994 -2.9963080233 0.862500000001
v -4.99956763588 -3.06191358251 0.862500000001
v -5.12771659202 -2.84209674087 1.4375
v -5.09287860613 -2.97458520761 1.15
v -5.18818348198 -2.73015447668 1.725
v -5.22879862973 -2.55258784474 2.0125
v -5.25618841249 -2.49570094331 2.15625
v -5.35309197323 -2.59539346538 2.15625
v -4.79538927237 -3.31862601405 0.0718750000005
v -4.79621622709 -3.32709848168 0.0718750000005
v -4.7978252227 -3.33421899487 0.0718750000005
v -4.80030471326 -3.34118626121 0.0718750000005
v -4.83107806503 -3.26532760801 0.215625000001
v -4.83134420851 -3.26971354548 0.215625000001
v -4.83186103848 -3.27381763885 0.215625000001
v -4.98569414937 -3.0330605814 0.862500000001
v -5.05033843978 -2.92415531369 1.15
v -5.24218241522 -2.55366465762 2.084375
v -5.24306255904 -2.55796961136 2.084375
v -5.27656519013 -2.56200401571 2.15625
v -5.26978308307 -2.49768355723 2.228125
v -5.27197204884 -2.5059100383 2.228125
v -4.80433438906 -3.30390419705 0.107812500001
v -4.81799164763 -3.38678174096 0.0359375000002
v -5.00097034086 -2.99758445898 0.934375000001
v -5.02355994484 -2.99404528808 1.00625
v -5.06483477807 -2.95270046175 1.15
v -5.12721727138 -3.02285031953 1.078125
v -5.25813355485 -2.53397195325 2.15625
v -4.81979260846 -3.33244387742 0.125781250001
v -5.06435305519 -3.01347401871 1.0421875
v -4.8114424609 -3.30061192805 0.134765625001
v -2.53175406404 5.23214846972 2.3
v -2.7443891181 5.67594904446 2.3
v -2.7211882335 5.64114333496 2.3
v -2.66874729224 5.57669489865 2.3
v -2.49572815328 5.39075393182 2.3
v -2.47795086628 5.36373721664 2.3
v -2.46640305194 5.33797406328 2.3
v -2.46240309062 5.31836039251 2.3
v -2.46302618043 5.3026206239 2.3
v -2.47298518536 5.27760800361 2.3
v -2.4864488316 5.26177914625 2.3
v -2.50589033953 5.24662625693 2.3
v -3.30274165482 5.12800605843 0.575000000001
v -3.07712497599 5.26648369367 1.15
v -2.84571218375 5.39504131041 1.725
v -3.37243425219 4.94658574869 0.143750000001
v -3.30325352284 4.87562914428 0.143750000001
v -3.23806599596 4.99532611647 0.431250000001
v -3.14735847665 4.98795591764 0.575000000001
v -3.2564009421 4.82202164239 0.287500000001
v -3.3085320058 4.78640322086 0.143750000001
v -2.69419932023 5.17666810229 1.725
v -3.13286655972 4.92359114239 0.575000000001
v -3.23897229811 4.85444755564 0.287500000001
v -3.02429051433 5.02241557594 0.862500000001
v -3.13256629961 4.95560487607 0.575000000001
v -2.92796496757 5.11982331753 1.15
v -2.80351772563 5.14891053473 1.4375
v -2.70305630486 5.24204695034 1.725
v -2.69112463102 5.20853525759 1.725
v -2.68240094775 5.32168078988 1.86875
v -2.60272100124 5.20402567298 2.0125
v -2.54609995469 5.23196089882 2.15625
v -3.32032073382 4.79215402885 0.0718750000003
v -3.28749913451 4.90883768086 0.215625000001
v -3.28977977872 4.8314311026 0.143750000001
v -3.23742938236 4.86317880005 0.287500000001
v -3.23715039797 4.87188798222 0.287500000001
v -3.2261579601 4.93310199314 0.359375000001
v -3.22344598029 4.92872064795 0.359375000001
v -3.16735157673 4.95900705336 0.503125000001
v -2.66969882076 5.24651084353 1.796875
v -2.61695302859 5.28451659437 1.940625
v -2.57695166597 5.25971306964 2.0125
v -2.6146658321 5.27982536966 1.940625
v -2.5540049084 5.24502057884 2.084375
v -2.57715855997 5.25097028816 2.0125
v -2.5785660211 5.24237105915 2.0125
v -2.58122957829 5.23391406908 2.0125
v -2.55607323685 5.2408799042 2.084375
v -2.49111270962 5.29501960035 2.228125
v -2.49297571961 5.28335356769 2.228125
v -2.49610405083 5.27428108118 2.228125
v -3.32927599027 4.81211937926 0.0359375000002
v -3.30360931083 4.83405997048 0.1078125
v -3.2252506028 4.8915858656 0.323437500001
v -3.22394738299 4.87559428776 0.323437500001
v -3.19759839104 4.89083696468 0.395312500001
v -3.14483323366 4.94125113142 0.539062500001
v -2.67644079549 5.21099817531 1.7609375
v -2.62062264298 5.22373077211 1.9046875
v -2.59144598775 5.25608173881 1.9765625
v -2.59187243683 5.24001993543 1.9765625
v -2.51262302714 5.26283333835 2.1921875
v -5.59229485741 -1.58473798394 2.3
v -5.50753614501 -1.85801018873 2.3
v -5.40943262303 -2.12678041813 2.3
v -5.2810209948 -2.42816257373 0.575000000002
v -5.15513517806 -2.68509544111 0.575000000002
v -5.38140619989 -2.1967302019 1.15
v -5.26678735821 -2.45888332207 1.15
v -5.47165491691 -1.96116003993 1.725
v -5.36851894785 -2.2280396178 1.725
v -5.25237500914 -2.48952063565 1.725
v -3.27410852585 4.80264194074 2.3
v -2.78615645405 5.10122421224 2.3
v -3.03380796193 4.95793964265 2.3
v -3.53948263728 4.61055516097 0.575000000001
v -3.30831300015 4.77914441349 0.575000000001
v -3.097828314 4.91819235137 1.15
v -3.33609538624 4.75979241586 1.15
v -2.88150851737 5.04797631693 1.725
v -3.12642422169 4.90006406264 1.725
v -3.36376457203 4.74027890908 1.725
v -6.10262501896 -1.72935474897 2.3
v -6.06627679385 -1.71707747269 2.3
v -6.02797106996 -1.70027300968 2.3
v -5.95539547633 -1.65982011768 2.3
v -5.74223491241 -1.52171783825 2.3
v -5.71254164835 -1.50890203154 2.3
v -5.68516463826 -1.50200337909 2.3
v -5.66515435722 -1.50147006435 2.3
v -5.64976190948 -1.50481687016 2.3
v -5.62685865015 -1.51896797136 2.3
v -5.61360820634 -1.53497572679 2.3
v -5.60206150588 -1.55675314615 2.3
v -5.6236151935 -2.36209668075 0.575000000002
v -5.72081111717 -2.11586123722 1.15
v -5.80723124518 -1.86564032941 1.725
v -5.62728917033 -1.62446239019 2.0125
v -5.63178927982 -1.75171890569 1.725
v -5.61049095378 -1.62906362816 2.0125
v -5.61871513811 -1.62618430908 2.0125
v -5.56586568414 -1.75434939638 1.725
v -5.60262496624 -1.63315526084 2.0125
v -5.45705305844 -2.46223379714 0.143750000001
v -5.37516133671 -2.40642556358 0.143750000001
v -5.48172014769 -2.32144322061 0.431250000002
v -5.45871072331 -2.23339357393 0.575000000002
v -5.31423238796 -2.36959362383 0.287500000001
v -5.28820755451 -2.42711777352 0.143750000001
v -5.34313922646 -2.34679905935 0.287500000001
v -5.47127633458 -2.10621143363 0.862500000001
v -5.42428253217 -2.22444382271 0.575000000002
v -5.39280729866 -2.23029864771 0.575000000002
v -5.55047747805 -1.99443461155 1.15
v -5.55751275828 -1.86682706058 1.4375
v -5.49966340038 -1.89993218852 1.4375
v -5.59671479156 -1.74578774515 1.725
v -5.59460127391 -1.59889849962 2.15625
v -5.29591808594 -2.43772878694 0.0718750000005
v -5.40512964017 -2.38514391794 0.215625000001
v -5.32929507148 -2.40083142529 0.143750000001
v -5.35146989914 -2.34376341928 0.287500000001
v -5.35999832414 -2.34197633968 0.287500000001
v -5.41837353988 -2.32052120019 0.359375000002
v -5.41358782682 -2.31861123406 0.359375000002
v -5.43367342272 -2.25810985143 0.503125000002
v -5.48450183158 -1.99420217487 1.15
v -5.52648512474 -1.87471726071 1.4375
v -5.60883522885 -1.60441556968 2.084375
v -5.60511662182 -1.60717149618 2.084375
v -5.64715353716 -1.53379660575 2.228125
v -5.63598824605 -1.53765709774 2.228125
v -5.62759682001 -1.54231332333 2.228125
v -5.31713518177 -2.44308104621 0.0359375000003
v -5.334285474 -2.41399435762 0.107812500001
v -5.37733057467 -2.32683682758 0.323437500002
v -5.36135564308 -2.32833031496 0.323437500002
v -5.37179129505 -2.29973476034 0.395312500002
v -5.4122769839 -2.23901689607 0.539062500002
v -5.60952746942 -1.98976947711 1.221875
v -5.51569337845 -1.98698714159 1.15
v -5.52088775458 -1.92879758085 1.29375
v -5.50909655565 -1.9092071861 1.365625
v -5.61919148424 -1.56056921896 2.1921875
v -5.56197511358 -1.94759604771 1.2578125
v -3.57289039904 5.24091157779 2.3
v -3.30491622687 4.7848370685 2.3
v -3.32328920865 4.77786391583 2.3
v -3.34265739716 4.77435961565 2.3
v -3.35943326607 4.77536502814 2.3
v -3.37445572874 4.78031100583 2.3
v -3.38843083447 4.78922954011 2.3
v -3.39964317053 4.80009243439 2.3
v -3.41017713162 4.81391551963 2.3
v -3.42023271113 4.83092268739 2.3
v -3.43003943146 4.85155382092 2.3
v -3.4722975838 4.98383003424 2.3
v -3.52119804694 5.13954781354 2.3
v -3.54589464319 5.19499763332 2.3
v -4.10053140652 4.51554988434 0.575000000001
v -3.90073807181 4.68922073576 1.15
v -3.81376366348 4.49897503585 1.15
v -4.00538407781 4.32925721182 0.575000000001
v -3.69359725515 4.85405890884 1.725
v -4.05011489605 4.21260377735 0.287500000001
v -4.05707948763 4.21405140762 0.287500000001
v -4.06494741202 4.21671850713 0.287500000001
v -4.07229743386 4.22024237425 0.287500000001
v -3.4688451725 4.70282621679 2.0125
v -3.458206129 4.70078854956 2.0125
v -3.5594003708 4.62463745809 1.725
v -3.47556283783 4.70516590518 2.0125
v -3.48301784745 4.70883203196 2.0125
v -3.61495959335 4.66021853085 1.725
v -4.06767794528 4.17075075199 0.143750000001
v -3.68933754701 4.55629013527 1.4375
v -3.5895959026 4.63527696748 1.725
v -3.42177965319 4.70610920192 2.0125
v -3.37051317748 4.74296117911 2.15625
v -3.48551827286 4.82108113224 2.15625
v -4.11750244481 4.14604623059 0.0718750000004
v -4.12458699526 4.14732747906 0.0718750000004
v -4.13167888661 4.14948350163 0.0718750000004
v -4.13887632359 4.15259758634 0.0718750000004
v -4.14630828265 4.15682301395 0.0718750000004
v -4.07124749484 4.19035395708 0.215625000001
v -3.42516417682 4.71910267105 2.084375
v -3.429556564 4.71922189613 2.084375
v -3.43934734752 4.75151498001 2.15625
v -3.37482636081 4.7560050388 2.228125
v -3.38330797306 4.75673223581 2.228125
v -4.101132322 4.13761613801 0.0359375000002
v -4.10436157767 4.15699787534 0.107812500001
v -4.10841684316 4.15750961134 0.107812500001
v -3.4085405352 4.73823107925 2.15625
v -7.33826434719 -1.54915343683 2.3
v -6.9362693549 -1.67303693839 2.3
v -6.52173822006 -1.74320030586 2.3
v -6.2755657129 -1.75014694249 2.3
v -6.18858700808 -1.7437344361 2.3
v -6.18981561375 -2.57262656271 0.575000000002
v -6.06163999477 -2.56027954154 0.575000000002
v -6.29561325858 -2.30162518882 1.15
v -6.16702261415 -2.29485138513 1.15
v -6.38955240281 -2.0262884432 1.725
v -6.26078894798 -2.02510061622 1.725
v -4.63647771386 5.89517382347 2.3
v -3.61593706528 5.29257007669 2.3
v -3.67677345196 5.35351657979 2.3
v -3.83436214821 5.48372787668 2.3
v -4.09205606398 5.64985488895 2.3
v -4.35905344555 5.78416812789 2.3
v -4.41392815889 4.88013821169 0.575000000001
v -4.52490659302 4.94544690476 0.575000000001
v -4.19802003882 5.0670640964 1.15
v -4.30606018374 5.13712667796 1.15
v -3.97420447254 5.24444559199 1.725
v -4.07910282242 5.31913009124 1.725
v -7.42360914778 -1.06772057255 2.3
v -7.1523600276 -2.25693287572 0.575000000002
v -7.19972013425 -2.1009592948 0.575000000002
v -7.28410082278 -1.7865819975 1.15
v -7.24355307329 -1.94446365473 1.15
v -7.35476108241 -1.46883947066 1.725
v -7.32110206637 -1.62833181621 1.725
v -7.28398479109 -1.78705498882 1.725
v -5.01073840424 5.58054662594 2.3
v -4.76350105229 5.79301801523 2.3
v -4.88827426207 5.68812576678 2.3
v -5.41934418874 5.184660889 0.575000000002
v -5.53074121881 5.06565904305 0.575000000002
v -5.18927580716 5.4149253575 1.15
v -5.30573145837 5.30086914777 1.15
v -4.94943283688 5.6349902008 1.725
v -5.07072775182 5.52609446507 1.725
v -5.18962741383 5.41458837545 1.725
v -6.32520776488 -0.47375806161 2.3
v -6.39146867036 -0.485208318672 2.3
v -6.47466808366 -0.507420923462 2.3
v -6.66622872275 -0.578791089317 2.3
v -6.93894589352 -0.718897060646 2.3
v -7.18876326129 -0.882966956357 2.3
v -6.43328774474 -1.38250481023 0.575000000002
v -6.5453359491 -1.44596060692 0.575000000002
v -6.48721624949 -1.10205995101 1.15
v -6.60191229744 -1.16059417036 1.15
v -6.5289253477 -0.819539237059 1.725
v -6.64605319626 -0.873041623241 1.725
v -4.54897765424 4.42035092171 2.3
v -4.91702716757 5.17046699964 2.3
v -4.77052485879 4.77639082247 2.3
v -4.653454569 4.55972585925 2.3
v -4.60441182316 4.48760634447 2.3
v -5.32286776463 4.07422428489 0.575000000002
v -5.24808712115 3.96939445329 0.575000000002
v -5.1410725128 4.30134841993 1.15
v -5.07091090451 4.19337255701 1.15
v -4.94959346861 4.52037047805 1.725
v -4.88418305285 4.40945196858 1.725
v -5.79626418889 -0.434140187766 2.3
v -5.79624856773 -0.469722875593 2.3
v -5.79939613125 -0.489120920899 2.3
v -5.80604541254 -0.507646414262 2.3
v -5.81530405975 -0.521672036661 2.3
v -5.82709863341 -0.532208882121 2.3
v -5.84180986352 -0.539852411565 2.3
v -5.85682357396 -0.544131132282 2.3
v -5.87406169748 -0.54634226757 2.3
v -5.89381812656 -0.546547070995 2.3
v -5.91658857247 -0.544724373167 2.3
v -6.0522722097 -0.515182899945 2.3
v -6.21157799397 -0.479673053637 2.3
v -6.27194724465 -0.473336023483 2.3
v -5.96084661515 -1.29338942489 0.575000000002
v -6.01135331703 -1.03352789581 1.15
v -6.0505369541 -0.771719599884 1.725
v -5.68425905379 -1.41198847029 0.287500000002
v -5.75193876386 -1.30413575738 0.575000000002
v -5.67801531567 -1.40650819765 0.287500000002
v -5.69098582316 -1.41659184237 0.287500000002
v -5.80718955957 -0.652694932779 2.0125
v -5.80010536624 -0.644500084452 2.0125
v -5.7847537074 -0.770212414314 1.725
v -5.81257462183 -0.65734275742 2.0125
v -5.81947708556 -0.661965921751 2.0125
v -5.84334743158 -0.800537576073 1.725
v -5.64687073119 -1.44122126914 0.143750000001
v -5.64948621408 -1.44850992284 0.143750000001
v -5.79053177766 -0.916914971216 1.4375
v -5.80310850377 -1.05332869868 1.15
v -5.80906555871 -0.791042757234 1.725
v -5.78649994844 -0.610293504851 2.0125
v -5.79278145901 -0.547469445929 2.15625
v -5.91793787065 -0.608006803536 2.15625
v -5.65782914654 -1.50204663753 0.0718750000005
v -5.66369496227 -1.50670388226 0.0718750000005
v -5.67044507306 -1.51097700859 0.0718750000005
v -5.67828317358 -1.51489614703 0.0718750000005
v -5.70286444169 -1.19100917773 0.718750000002
v -5.7994448846 -0.606727853735 2.084375
v -5.80174433014 -0.610472160079 2.084375
v -5.83460635292 -0.602804685387 2.15625
v -5.80623436453 -0.544682842422 2.228125
v -5.81110494174 -0.551664535588 2.228125
v -5.66015366525 -1.48510790951 0.107812500001
v -5.79010062881 -1.27653809226 0.646875000002
v -5.81643844404 -1.15059056315 0.934375000001
v -5.74500850644 -1.05828588438 1.078125
v -5.74472540644 -1.13164818959 0.934375000001
v -5.80769875123 -0.582767153692 2.15625
v -5.73255238742 -1.24717262446 0.682812500002
v -5.74574771265 -1.18489647859 0.826562500001
v -5.77325826572 -1.11177204893 1.00625
v -5.71379511585 -1.22304661661 0.700781250002
v -5.72034662967 -1.19202856299 0.772656250001
v -4.16857078114 4.05070042 2.3
v -4.52017110854 4.39501107352 2.3
v -4.48646515473 4.37023957502 2.3
v -4.41514412578 4.32761371324 2.3
v -4.18896376152 4.21206238952 2.3
v -4.16301831531 4.19275517188 2.3
v -4.14335540199 4.17249531189 2.3
v -4.13288839736 4.15543255754 2.3
v -4.12809059234 4.14042890386 2.3
v -4.12889417581 4.11351854885 2.3
v -4.13613207676 4.09403945018 2.3
v -4.14921852493 4.07315100458 2.3
v -4.85744332848 3.6891452783 0.575000000002
v -4.6927951409 3.89643713911 1.15
v -4.51930754219 4.09638961927 1.725
v -4.71205821804 3.47875966597 0.287500000001
v -4.66353093333 3.61068537133 0.575000000001
v -4.70821016729 3.4709065431 0.287500000001
v -4.70549361113 3.46262717061 0.287500000001
v -4.70395721621 3.4538947764 0.287500000001
v -4.62789893627 3.5551587945 0.575000000001
v -4.63856612584 3.58534455881 0.575000000001
v -4.55967077456 3.68515858006 0.862500000001
v -4.50246977881 3.80963719335 1.15
v -4.39547603807 3.87953370024 1.4375
v -4.33292771252 4.00141313224 1.725
v -4.30224398644 3.94300637833 1.725
v -4.3102539327 3.97400331465 1.725
v -4.34075440307 4.08330901182 1.86875
v -4.22563932537 4.0000015134 2.0125
v -4.1819873557 4.04561757744 2.15625
v -4.30310867225 4.01701675123 1.796875
v -4.26654257292 4.07077059823 1.940625
v -4.22047028256 4.06114418085 2.0125
v -4.26278881791 4.06714455626 1.940625
v -4.193882256 4.05518600898 2.084375
v -4.21767449196 4.05285789169 2.0125
v -4.21605596326 4.04429587959 2.0125
v -4.21566642733 4.03543791822 2.0125
v -4.19440965484 4.05058763758 2.084375
v -4.1518835934 4.12368011938 2.228125
v -4.14964423198 4.11208044764 2.228125
v -4.1494809286 4.10248514672 2.228125
v -4.29729800828 3.98133986779 1.7609375
v -4.24920090684 4.01239552757 1.9046875
v -4.23284850149 4.05277449606 1.9765625
v -4.22775577225 4.03753548377 1.9765625
v -4.1610883301 4.0860779646 2.1921875
v -5.79705052317 0.423510899264 2.3
v -5.76259921359 -0.760004299652 0.575000000002
v -5.79301697051 -0.475510895056 0.575000000002
v -5.80819367399 -0.223701840803 1.15
v -5.79014884199 -0.509247146001 1.15
v -5.81242998685 0.0285285812035 1.725
v -5.80679206926 -0.257530767674 1.725
v -5.78708424231 -0.542966117187 1.725
v -4.71925590631 3.39319612471 2.3
v -4.90292845262 3.12193030359 0.575000000002
v -4.74336097077 3.35941705255 0.575000000002
v -4.59312726005 3.56206937623 1.15
v -4.76284910096 3.3317299875 1.15
v -4.43424187392 3.75801213882 1.725
v -4.61379838358 3.53525398064 1.725
v -4.78217561829 3.30392987029 1.725
v -6.32606585684 0.462158787322 2.3
v -6.28771062214 0.461263828086 2.3
v -6.24596755122 0.463953528793 2.3
v -6.16393309751 0.47714449796 2.3
v -5.91639392715 0.534012984228 2.3
v -5.88410812198 0.535900208795 2.3
v -5.85602266952 0.533019332685 2.3
v -5.8370367517 0.526676565423 2.3
v -5.82371725715 0.51826706951 2.3
v -5.80703519502 0.497136008095 2.3
v -5.80005882556 0.477561719754 2.3
v -5.79665679243 0.453148435333 2.3
v -6.09235434477 -0.296255146 0.575000000002
v -6.09947115533 -0.0316265529898 1.15
v -6.09509892116 0.233061612214 1.725
v -5.84574962394 -0.363968127616 0.287500000002
v -5.89337577596 -0.231714436776 0.575000000002
v -5.83038828702 -0.251346456187 0.575000000002
v -5.83775395598 -0.367510489407 0.287500000002
v -5.83035107517 -0.37210668806 0.287500000002
v -5.82356105357 -0.377808514496 0.287500000002
v -5.80419371096 -0.409115119573 0.287500000002
v -5.79941278492 -0.472071155826 0.143750000001
v -5.8579628636 -0.235079556461 0.575000000002
v -5.86168473429 -0.107904625868 0.862500000001
v -5.89787953965 0.0242196154556 1.15
v -5.8608461877 0.146537697011 1.4375
v -5.89127397926 0.280108047299 1.725
v -5.83022574366 0.255088996966 1.725
v -5.85628616509 0.273685333585 1.725
v -5.94991122874 0.337813031056 1.86875
v -5.80817893537 0.347990330457 2.0125
v -5.80406102733 0.410993208073 2.15625
v -5.83353342786 -0.461262231456 0.0718750000005
v -5.82327639878 -0.467124012645 0.0718750000005
v -5.81589262595 -0.473253969126 0.0718750000005
v -5.81028749474 -0.479405089774 0.0718750000005
v -5.81926016707 -0.411573872541 0.215625000001
v -5.81619082929 -0.415038311114 0.215625000001
v -5.87846108211 0.311228422533 1.796875
v -5.88500213174 0.375910493913 1.940625
v -5.84352096791 0.398150927766 2.0125
v -5.87979581372 0.375545651819 1.940625
v -5.81932351885 0.410677157357 2.084375
v -5.83605294405 0.393600361561 2.0125
v -5.82930952384 0.388081849965 2.0125
v -5.82331733419 0.381546646742 2.0125
v -5.81677175364 0.406815595057 2.084375
v -5.83117784225 0.490142909954 2.228125
v -5.8220062666 0.482696479647 2.228125
v -5.81571342842 0.475451022085 2.228125
v -5.81360206427 -0.461216068679 0.107812500001
v -5.85107719664 0.287633367034 1.7609375
v -5.83419487267 0.342339603502 1.9046875
v -5.84762330405 0.383782811483 1.9765625
v -5.83392659884 0.375382594052 1.9765625
v -5.81405888046 0.455421297534 2.1921875
v -5.14991607185 3.70284544948 2.3
v -4.74211605066 3.36592816334 2.3
v -4.75699604739 3.35309161337 2.3
v -4.77399764996 3.34317433774 2.3
v -4.7901056815 3.33838143135 2.3
v -4.80591380282 3.33789114525 2.3
v -4.82209642492 3.34149205843 2.3
v -4.83634790304 3.34786499525 2.3
v -4.85097436213 3.35725161956 2.3
v -4.86624030995 3.36979391886 2.3
v -4.88251187593 3.3858267469 2.3
v -4.96746267929 3.49567258915 2.3
v -5.06667270086 3.62527449387 2.3
v -5.10884486542 3.66893354695 2.3
v -5.39764812264 2.84076456573 0.575000000002
v -5.26930272983 3.07229512824 1.15
v -5.13103200853 3.29803867491 1.725
v -5.25369812289 2.57231010351 0.287500000001
v -5.24452303341 2.69824901907 0.575000000002
v -5.24665842885 2.57333180664 0.287500000001
v -5.26200375513 2.57212536861 0.287500000001
v -5.27011574996 2.57292286502 0.287500000001
v -4.86810950795 3.23279616969 2.0125
v -4.85741515404 3.23452015601 2.0125
v -4.92646142911 3.1283510682 1.725
v -4.87522226905 3.23269718074 2.0125
v -4.88348157578 3.23359244956 2.0125
v -4.99083946416 3.14278396645 1.725
v -5.23908664138 2.53631527889 0.143750000001
v -5.02518627361 3.01968446166 1.4375
v -5.12250565857 2.92326964749 1.15
v -4.95847487405 3.12802145655 1.725
v -4.8250052338 3.25197852225 2.0125
v -4.7894346234 3.30414222064 2.15625
v -4.92422266046 3.33821690492 2.15625
v -5.29431350204 2.48652119277 0.0718750000005
v -5.30171510316 2.48612162158 0.0718750000005
v -5.30954356128 2.48658623558 0.0718750000005
v -5.31797249972 2.48801495901 0.0718750000005
v -5.25890668928 2.54519604025 0.215625000001
v -5.24884771889 2.52799591094 0.143750000001
v -5.13421355789 2.75336464054 0.718750000001
v -4.83262967386 3.26303081404 2.084375
v -4.83679794506 3.26164056408 2.084375
v -4.85704315727 3.28863749153 2.15625
v -4.79794895271 3.31492424376 2.228125
v -4.80616777718 3.31270670319 2.228125
v -5.2786152967 2.50252589302 0.107812500001
v -5.28260102378 2.50161978508 0.107812500001
v -5.18823637115 2.71379825217 0.646875000002
v -5.25899773247 2.76651946613 0.682812500002
v -5.19032692983 2.72889358369 0.682812500002
v -5.08118489601 2.88212626452 1.078125
v -5.13728642159 2.77253357925 0.790625000001
v -5.12988690543 2.84088264287 0.970312500001
v -5.19772504457 2.87998984229 0.970312500001
v -4.82355086141 3.28669125837 2.15625
v -5.16186399593 2.73610541541 0.700781250001
v -5.19640153426 2.75501088122 0.736718750001
v -5.13816191344 2.86833845438 1.02421875
v -7.42555453692 1.05410617074 2.3
v -7.09017346205 0.8002033736 2.3
v -6.72463889854 0.592493376784 2.3
v -6.49568829978 0.501769717429 2.3
v -6.41176184634 0.478047033267 2.3
v -6.69641416197 -0.300436573643 0.575000000002
v -6.57174554869 -0.332672812536 0.575000000002
v -6.70314349937 -0.00959365672275 1.15
v -6.57999104239 -0.0472089540174 1.15
v -6.69724670681 0.281267330937 1.725
v -6.57584237772 0.238343827913 1.725
v -6.37313209018 3.95388256794 2.3
v -5.20803495366 3.73666573273 2.3
v -5.28604738903 3.77312944227 2.3
v -5.47866721043 3.84158952862 2.3
v -5.77763906606 3.90956134616 2.3
v -6.07447236852 3.94445602295 2.3
v -5.8168412902 3.07617752441 0.575000000002
v -5.94346379438 3.09959076142 0.575000000002
v -5.67788644088 3.32567532507 1.15
v -5.803373782 3.35456071011 1.15
v -5.52823664938 3.56890883961 1.725
v -5.65235245782 3.60321196378 1.725
v -7.34109267902 1.53569472163 2.3
v -7.49293644477 0.325428032832 0.575000000002
v -7.48409428101 0.488193366331 0.575000000002
v -7.45586282307 0.812471287927 1.15
v -7.47175910912 0.650242912581 1.15
v -7.41358740307 1.13521882783 1.725
v -7.43650786895 0.97383298616 1.725
v -7.45591556152 0.811987136294 1.725
v -6.61721325999 3.53022501716 2.3
v -6.86577620401 3.01846270251 0.575000000002
v -6.92975414274 2.86853751782 0.575000000002
v -6.72833773009 3.31352854523 1.15
v -6.79876072498 3.16652058807 1.15
v -6.57822567001 3.60235298165 1.725
v -6.65496107137 3.45853915815 1.725
v -6.72855287762 3.31309162912 1.725
v -6.10578586173 1.71816151178 2.3
v -6.17196696422 1.7300643541 2.3
v -6.25774599723 1.73764720855 2.3
v -6.46216415056 1.73609878759 2.3
v -6.76635352789 1.69771700604 2.3
v -7.05722027418 1.62898430767 2.3
v -6.51815751447 0.901184428136 0.575000000002
v -6.64515154596 0.879878227156 0.575000000002
v -6.47291594149 1.18316102781 1.15
v -6.60071485348 1.16738521258 1.15
v -6.41548189822 1.46290900968 1.725
v -6.54384496698 1.45269329573 1.725
v -5.7864897896 2.59792915312 2.3
v -6.38889800985 3.17692734899 2.3
v -6.11644888076 2.85672361392 2.3
v -5.93233501156 2.69316554409 2.3
v -5.86158357841 2.6421689752 2.3
v -6.3953263337 2.00799050018 0.575000000002
v -6.28920160081 1.93505916739 0.575000000002
v -6.30217570628 2.28359501196 1.15
v -6.19931544059 2.20612757368 1.15
v -6.19715421713 2.5548981139 1.725
v -6.09775216761 2.47304048882 1.725
v -5.59519137567 1.57448077781 2.3
v -5.60734669257 1.54103864588 2.3
v -5.61693895702 1.52388697597 2.3
v -5.62952332948 1.5087528947 2.3
v -5.64302065732 1.49873976468 2.3
v -5.65770774455 1.49287235053 2.3
v -5.67414601997 1.49072131934 2.3
v -5.68971770155 1.49183562845 2.3
v -5.70667249182 1.49565362642 2.3
v -5.72530750934 1.50221827086 2.3
v -5.74608132996 1.51171899773 2.3
v -5.86347846372 1.58588543917 2.3
v -6.00103185092 1.67373956688 2.3
v -6.05559299835 1.70034192713 2.3
v -6.04372881437 0.823341115281 0.575000000002
v -6.00231171201 1.084805386 1.15
v -5.94958857572 1.34422630291 1.725
v -5.81664322819 0.620310237661 0.287500000002
v -5.85109511026 0.741792172697 0.575000000002
v -5.81037752271 0.623678041712 0.287500000002
v -5.82438478647 0.617295950111 0.287500000002
v -5.83228032798 0.615270885966 0.287500000002
v -5.68020799109 1.37284319353 2.0125
v -5.67074822369 1.37812089521 2.0125
v -5.69931853224 1.25473936994 1.725
v -5.68685794401 1.37031746677 2.0125
v -5.69492535356 1.368333895 2.0125
v -5.76475043865 1.24628327315 1.725
v -5.79060197177 0.591483587585 0.143750000001
v -5.79692899285 0.580327453776 0.143750000001
v -5.74686839004 0.910792811805 0.862500000001
v -5.75492337177 1.11886027619 1.4375
v -5.81339787111 0.994974796784 1.15
v -5.72928859639 1.24348039328 1.725
v -5.64626397373 1.4056112387 2.0125
v -5.63067956922 1.46679494642 2.15625
v -5.76899312141 1.45271445204 2.15625
v -5.81921701359 0.529376121482 0.0718750000005
v -5.82546766473 0.5258037535 0.0718750000005
v -5.83228623329 0.522896782717 0.0718750000006
v -5.83980148496 0.520655886701 0.0718750000006
v -5.84821074841 0.519115580835 0.0718750000006
v -5.77280539444 0.935510333682 1.00625
v -5.84374331436 0.936597255072 1.00625
v -5.65720871021 1.41338928366 2.084375
v -5.66065011041 1.41065724331 2.084375
v -5.68890787992 1.42910178644 2.15625
v -5.64236809073 1.47401466185 2.228125
v -5.6493328159 1.46911985181 2.228125
v -5.81619010688 0.54621235466 0.107812500001
v -5.81962555805 0.543997692769 0.107812500001
v -5.75777568904 0.918278853938 0.934375000001
v -5.78532254887 0.901410353792 0.934375000001
v -5.65676976571 1.43872796533 2.15625
v -5.76329896915 0.89966250733 0.898437500001
v -5.80401704775 0.813424697137 0.736718750002
v -5.30259634048 2.38067811766 2.3
v -5.75075375267 2.58396990366 2.3
v -5.71060816513 2.57222042447 2.3
v -5.62900941717 2.55655844524 2.3
v -5.3769485176 2.52533395962 2.3
v -5.34596431591 2.5160649749 2.3
v -5.32055794114 2.50375204641 2.3
v -5.30488636844 2.49129822848 2.3
v -5.29524635469 2.47884035179 2.3
v -5.28679759266 2.45327804803 2.3
v -5.28693675066 2.43249817484 2.3
v -5.29208972028 2.40839362776 2.3
v -5.82626564849 1.80531913162 0.575000000002
v -5.74244495355 2.05642276029 1.15
v -5.64780771316 2.30365288378 1.725
v -5.61769221575 1.6573459605 0.287500000002
v -5.61721273306 1.7979128812 0.575000000002
v -5.5647384006 1.75792182743 0.575000000002
v -5.61139030466 1.65128254977 0.287500000002
v -5.60600586471 1.64443160145 0.287500000002
v -5.60157547102 1.63675131307 0.287500000002
v -5.35493789557 2.37274136775 2.0125
v -5.44018409085 2.27814983583 1.725
v -5.34502733388 2.35841892951 2.0125
v -5.34947663396 2.36591101968 2.0125
v -5.39137453353 2.23375989256 1.725
v -5.34163168863 2.3502283977 2.0125
v -5.59408361163 1.600708706 0.287500000002
v -5.61112324326 1.53991421029 0.143750000001
v -5.58508641936 1.7826387737 0.575000000002
v -5.54508744579 1.90341707228 0.862500000001
v -5.53391028535 2.03995259939 1.15
v -5.45727507001 2.14222784568 1.4375
v -5.40950299752 2.26014792193 1.725
v -5.33888318307 2.31351813757 2.0125
v -5.31346536204 2.37131306926 2.15625
v -5.63948928978 1.56174122394 0.0718750000005
v -5.63185568249 1.55272484086 0.0718750000005
v -5.62701377424 1.54443916695 0.0718750000005
v -5.62385048097 1.53674193649 0.0718750000005
v -5.60908239231 1.60355126546 0.215625000001
v -5.60738306602 1.59924598274 0.215625000001
v -5.32791550841 2.37623615827 2.084375
v -5.32683836557 2.37173472157 2.084375
v -5.31187604054 2.45496395698 2.228125
v -5.30580440774 2.44482973775 2.228125
v -5.30236916657 2.43586895733 2.228125
v -5.6207441459 1.55496767494 0.107812500001
v -5.30766496933 2.41648128424 2.1921875
v -5.67500873705 1.25675457681 0.575000000002
v -5.60628960376 1.53449441535 0.575000000002
v -5.53442727119 1.77630826378 1.15
v -5.61513292193 1.50181175156 1.15
v -5.45214021804 2.01477623441 1.725
v -5.544680368 1.74404009378 1.725
v -5.62378570758 1.46907812833 1.725
v 3.36 -8.22962649027e-16 4.6
v 3.30895405012 0.583457876961 4.6
v 3.15736720584 1.14918768157 4.6
v 2.90984535672 1.68 4.6
v 2.57390932888 2.15976636855 4.6
v 2.15976636855 2.57390932888 4.6
v 1.68 2.90984535672 4.6
v 1.14918768157 3.15736720584 4.6
v 0.583457876961 3.30895405012 4.6
v -2.03246895539e-15 3.36 4.6
v -0.583457876961 3.30895405012 4.6
v -1.14918768157 3.15736720584 4.6
v -1.68 2.90984535672 4.6
v -2.15976636855 2.57390932888 4.6
v -2.57390932888 2.15976636855 4.6
v -2.90984535672 1.68 4.6
v -3.15736720584 1.14918768157 4.6
v -3.30895405012 0.583457876961 4.6
v -3.36 -7.04921740097e-15 4.6
v -3.30895405012 -0.583457876961 4.6
v -3.15736720584 -1.14918768157 4.6
v -2.90984535672 -1.68 4.6
v -2.57390932888 -2.15976636855 4.6
v -2.15976636855 -2.57390932888 4.6
v -1.68 -2.90984535672 4.6
v -1.14918768157 -3.15736720584 4.6
v -0.583457876961 -3.30895405012 4.6
v 8.33561648381e-15 -3.36 4.6
v 0.583457876961 -3.30895405012 4.6
v 1.14918768157 -3.15736720584 4.6
v 1.68 -2.90984535672 4.6
v 2.15976636855 -2.57390932888 4.6
v 2.57390932888 -2.15976636855 4.6
v 2.90984535672 -1.68 4.6
v 3.15736720584 -1.14918768157 4.6
v 3.30895405012 -0.583457876961 4.6
v 6.31079895416 -0.637586488267 4.6
v 5.78925592375 -0.549229358326 4.6
v 5.79574111492 -0.530678519711 4.6
v 5.8055219611 -0.513598066147 4.6
v 5.81708665749 -0.501403869604 4.6
v 5.83053937953 -0.493087539303 4.6
v 5.84635895064 -0.488129212574 4.6
v 5.86188902762 -0.486536836715 4.6
v 5.87924846964 -0.48736857856 4.6
v 5.89873734925 -0.490615424132 4.6
v 5.92084007247 -0.496384744739 4.6
v 6.04928421787 -0.549156418626 4.6
v 6.19994608057 -0.611928109816 4.6
v 6.25828241531 -0.628705369097 4.6
v 5.94958857572 -1.34422630291 2.875
v 6.00231171201 -1.084805386 3.45
v 6.04372881437 -0.823341115281 4.025
v 5.68685794401 -1.37031746677 2.5875
v 5.76475043865 -1.24628327315 2.875
v 5.68020799109 -1.37284319353 2.5875
v 5.69492535356 -1.368333895 2.5875
v 5.81037752271 -0.623678041712 4.3125
v 5.80168311807 -0.630139362194 4.3125
v 5.78664271986 -0.755889311418 4.025
v 5.81664322819 -0.620310237661 4.3125
v 5.83228032798 -0.615270885966 4.3125
v 5.85109511026 -0.741792172697 4.025
v 5.64234590645 -1.45089571427 2.44375
v 5.63440348967 -1.46096589466 2.44375
v 5.76899312141 -1.45271445204 2.44375
v 5.79805111824 -0.868098244938 3.7375
v 5.81339787111 -0.994974796784 3.45
v 5.81552379084 -0.742074354327 4.025
v 5.82438478647 -0.617295950111 4.3125
v 5.7809756095 -0.660576125654 4.3125
v 5.78780305175 -0.597809049995 4.45625
v 5.65652032874 -1.46536804243 2.371875
v 5.69741056075 -1.42918679593 2.44375
v 5.72277712823 -1.21527719982 2.946875
v 5.69998685422 -1.20470559203 3.01875
v 5.79973263399 -0.603971052547 4.384375
v 5.80275573798 -0.600782303257 4.384375
v 5.80578971308 -0.597970597236 4.384375
v 5.8066529877 -0.54020179105 4.528125
v 5.81273246899 -0.53424306055 4.528125
v 5.81854200879 -0.529822673434 4.528125
v 5.82491988123 -0.526079223578 4.528125
v 5.63010074634 -1.49703681117 2.3359375
v 5.66761418666 -1.43332323977 2.44375
v 5.82112876658 -1.25055360901 2.9109375
v 5.81695866191 -1.2139518245 2.9828125
v 5.76520538149 -1.07180257617 3.2703125
v 5.84193201066 -1.08743621123 3.2703125
v 5.80404234308 -0.557229167336 4.4921875
v 5.86777706847 -0.502520001952 4.5640625
v 5.76334952588 -1.17323318373 3.03671875
v 5.73111140054 -1.13378784781 3.14453125
v 5.72123329124 -1.16023439558 3.090625
v 5.77574073582 -1.11062722188 3.18046875
v 5.83422897908 -0.545302855675 4.47421875
v 5.72851497055 -1.18087772115 3.027734375
v 5.8073712123 -0.564320172212 4.465234375
v 6.37804128493 -0.63787792281 4.6
v 6.46384066456 -0.630528865628 4.6
v 6.66491822507 -0.593691470522 4.6
v 6.95790431786 -0.503339448583 4.6
v 7.23252508992 -0.385394209294 4.6
v 7.49601458547 -0.244469495947 4.6
v 7.4995571413 -0.0815026650843 4.6
v 7.4995571413 0.0815026650843 4.6
v 7.49601458547 0.244469495947 4.6
v 7.12181495964 0.436619790787 4.6
v 6.72589474017 0.578062852515 4.6
v 6.48471398375 0.627872507923 4.6
v 6.39795125511 0.636740667295 4.6
v 6.31079895416 0.637586488267 4.6
v 6.27286573114 0.63184231096 4.6
v 6.23221483554 0.621982131121 4.6
v 6.15369231932 0.594818410659 4.6
v 5.91969827459 0.496043653631 4.6
v 5.88822384549 0.488607583093 4.6
v 5.86006295686 0.486593522933 4.6
v 5.84026678041 0.489561210571 4.6
v 5.82569482389 0.495543404142 4.6
v 5.80561326158 0.513475046802 4.6
v 5.79536040692 0.531549931761 4.6
v 5.7877922407 0.555008515385 4.6
v 5.78306031058 0.584268512061 4.6
v 5.63413069965 1.42889030694 4.6
v 5.62796857524 1.46393536565 4.6
v 5.62771790105 1.48358551782 4.6
v 5.63106703085 1.50298114041 4.6
v 5.63776362986 1.51839529603 4.6
v 5.64756070101 1.53081119217 4.6
v 5.66073038762 1.54088110718 4.6
v 5.67477926175 1.54768905018 4.6
v 5.69137627378 1.55284474736 4.6
v 5.71080031672 1.55645929993 4.6
v 5.7335433065 1.55859748849 4.6
v 5.87229029757 1.55293882097 4.6
v 6.035335321 1.54548211784 4.6
v 6.09589170491 1.54966885267 4.6
v 6.14827863058 1.55928504466 4.6
v 6.2115654291 1.58200941738 4.6
v 6.28967694741 1.6182603883 4.6
v 6.46602891608 1.72164879272 4.6
v 6.71044357397 1.90675906646 4.6
v 6.92816303935 2.11151717329 4.6
v 7.12756308331 2.33406180154 4.6
v 7.07515405803 2.48841215539 4.6
v 7.01940295165 2.6415870613 4.6
v 6.96033609923 2.79351416424 4.6
v 6.54298420075 2.84609256873 4.6
v 6.12256451585 2.84359287989 4.6
v 5.87889283329 2.80790996864 4.6
v 5.79432944829 2.78656871168 4.6
v 5.71214378638 2.75755568094 4.6
v 5.67846284098 2.73918399354 4.6
v 5.64363587447 2.71601503016 4.6
v 5.57913938498 2.66363320024 4.6
v 5.3930398644 2.49078461323 4.6
v 5.36600686155 2.47303210386 4.6
v 5.34023313145 2.46150791522 4.6
v 5.32061580157 2.45752593829 4.6
v 5.30487661086 2.45816345879 4.6
v 5.27987313194 2.46814539226 4.6
v 5.26405662533 2.48162354545 4.6
v 5.24892156725 2.50107893809 4.6
v 5.23446749918 2.52695592563 4.6
v 4.80564177542 3.26970386676 4.6
v 4.78786515659 3.30052787915 4.6
v 4.78090885204 3.31890724651 4.6
v 4.77742231099 3.33827863979 4.6
v 4.77844310394 3.35505357984 4.6
v 4.78340285283 3.3700715015 4.6
v 4.79233419638 3.38403842443 4.6
v 4.80320736608 3.39524079617 4.6
v 4.81704010353 3.4057620792 4.6
v 4.83405648356 3.41580206153 4.6
v 4.85469659967 3.42558986216 4.6
v 4.98701150162 3.46772671983 4.6
v 5.14277404966 3.5164843932 4.6
v 5.19824648911 3.54113014012 4.6
v 5.24418516523 3.56808378861 4.6
v 5.29588310958 3.61108307387 4.6
v 5.35688536467 3.67186355643 4.6
v 5.48724109139 3.82933280273 4.6
v 5.65360429946 4.08687429731 4.6
v 5.78816227743 4.35374842211 4.6
v 5.89942228168 4.63107079869 4.6
v 5.5851383558 5.00561979645 4.6
v 5.17497298309 4.91228457902 4.6
v 4.7807626515 4.76614363898 4.6
v 4.56399044391 4.6492720468 4.6
v 4.4918259948 4.60029544405 4.6
v 4.42451977571 4.5449229613 4.6
v 4.39915352701 4.51613966044 4.6
v 4.37435113576 4.48245643245 4.6
v 4.33165990149 4.41117451483 4.6
v 4.21590125377 4.1851001884 4.6
v 4.19657025627 4.15917245484 4.6
v 4.17629237693 4.13952812495 4.6
v 4.15922003313 4.12907676864 4.6
v 4.14421198691 4.12429272168 4.6
v 4.11730237997 4.12512097746 4.6
v 4.09782992553 4.1323767347 4.6
v 4.07695348696 4.14548232886 4.6
v 4.05452065486 4.16485516066 4.6
v 3.39752152937 4.71614288455 4.6
v 3.37027453869 4.73902801982 4.6
v 3.35745163677 4.75391977942 4.6
v 3.34754995317 4.77093046747 4.6
v 3.34277181738 4.7870428866 4.6
v 3.34229602509 4.80285145079 4.6
v 3.34591177374 4.81903076461 4.6
v 3.35229777428 4.83327639373 4.6
v 3.36169780486 4.84789424059 4.6
v 3.37425409541 4.86314868264 4.6
v 3.39030183523 4.87940554214 4.6
v 3.50022551812 4.96425559807 4.6
v 3.62991832867 5.06334675296 4.6
v 3.67361602879 5.10547887116 4.6
v 3.70756557303 5.14651896834 4.6
v 3.74143912813 5.20460681773 4.6
v 3.77797434773 5.28258578871 4.6
v 3.84661100802 5.4751427618 4.6
v 3.91485690813 5.77405217208 4.6
v 3.95002372068 6.07085335673 4.6
v 3.95972408667 6.36950431018 4.6
v 3.82036194909 6.45405566895 4.6
v 3.67919519221 6.53555833404 4.6
v 3.53629049879 6.61397380613 4.6
v 3.1827836492 6.38598257149 4.6
v 2.86233025482 6.11382713443 4.6
v 2.69860344968 5.92986330017 4.6
v 2.64754203406 5.85915865275 4.6
v 2.60323338113 5.78410545661 4.6
v 2.58924137309 5.74838223318 4.6
v 2.57745509152 5.70824743498 4.6
v 2.56171830539 5.62666308093 4.6
v 2.53026273187 5.37463091535 4.6
v 2.52096534331 5.34365522491 4.6
v 2.50862912625 5.31826014988 4.6
v 2.49616094514 5.302600002 4.6
v 2.48369423528 5.29297141426 4.6
v 2.45812419605 5.28454609248 4.6
v 2.43734445918 5.28470430236 4.6
v 2.41324464671 5.28987936997 4.6
v 2.38553878121 5.30041139661 4.6
v 2.12181990766 5.41138027951 4.6
v 1.85295984541 5.50923733935 4.6
v 1.57961004479 5.59374546761 4.6
v 1.54617907147 5.60593144069 4.6
v 1.5290362034 5.61553942655 4.6
v 1.51391366642 5.62813766934 4.6
v 1.50391291558 5.64164417201 4.6
v 1.49805896969 5.65633663257 4.6
v 1.49592301078 5.67277687325 4.6
v 1.49705159625 5.68834752663 4.6
v 1.50088513754 5.70529880927 4.6
v 1.50746686467 5.72392780019 4.6
v 1.51698663394 5.74469290137 4.6
v 1.5912606793 5.86202198658 4.6
v 1.67924088536 5.99949476727 4.6
v 1.70589325859 6.0540315015 4.6
v 1.72375885487 6.10420800596 4.6
v 1.73572237007 6.17037816756 4.6
v 1.7433838675 6.25615021221 4.6
v 1.74202286715 6.46056969929 4.6
v 1.70391999654 6.76479413895 4.6
v 1.63545400707 7.05572378028 4.6
v 1.54242472752 7.339681598 4.6
v 1.06091381755 7.42458496293 4.6
v 0.806703634336 7.08943681877 4.6
v 0.598658585925 6.72409284698 4.6
v 0.507725052264 6.49522552407 4.6
v 0.483925430442 6.41132085595 4.6
v 0.46795862115 6.32563946955 4.6
v 0.467028496447 6.2872850715 4.6
v 0.469679924057 6.24553955209 4.6
v 0.482795674721 6.16349303877 4.6
v 0.539437181793 5.91590183281 4.6
v 0.541294804455 5.88361431091 4.6
v 0.538388179521 5.85553151158 4.6
v 0.532028007763 5.83655141708 4.6
v 0.52360630346 5.82323963834 4.6
v 0.502459956044 5.80657695715 4.6
v 0.482879279674 5.79961853723 4.6
v 0.458462886374 5.79623888875 4.6
v 0.428825723752 5.79665979238 4.6
v -0.428825723752 5.79665979238 4.6
v -0.464408410946 5.79667679508 4.6
v -0.483803562267 5.7998421423 4.6
v -0.502322951477 5.80650840582 4.6
v -0.516340079227 5.81577990847 4.6
v -0.526866106451 5.82758413784 4.6
v -0.53449614475 5.84230236971 4.6
v -0.538761098409 5.85731999676 4.6
v -0.540956428063 5.87456014031 4.6
v -0.5411431178 5.89431674886 4.6
v -0.539299543746 5.91708551406 4.6
v -0.509633681943 6.05274200928 4.6
v -0.473977791691 6.21201516953 4.6
v -0.467585414896 6.27237858477 4.6
v -0.46795862115 6.32563946955 4.6
v -0.479348122355 6.3919108453 4.6
v -0.501484436762 6.47513058917 4.6
v -0.572678941016 6.6667565832 4.6
v -0.712534813816 6.93960209494 4.6
v -0.876375596517 7.18956978454 4.6
v -1.06091381755 7.42458496293 4.6
v -1.22201997443 7.39977480617 4.6
v -1.38254888736 7.37146922764 4.6
v -1.54242472752 7.339681598 4.6
v -1.66667674451 6.93780035676 4.6
v -1.7372201437 6.52333372515 4.6
v -1.74439247968 6.27716769046 4.6
v -1.73805972206 6.19018314291 4.6
v -1.72375885487 6.10420800596 4.6
v -1.71151490948 6.06784853976 4.6
v -1.69474557398 6.02952742486 4.6
v -1.65435923962 5.95691477266 4.6
v -1.51645245365 5.74362767982 4.6
v -1.50366387648 5.71392267812 4.6
v -1.49679032742 5.68653935453 4.6
v -1.49627535925 5.66652859294 4.6
v -1.49963627617 5.65113922017 4.6
v -1.51380837018 5.62824894484 4.6
v -1.5298282675 5.61501318325 4.6
v -1.55161626425 5.60348645418 4.6
v -1.57961004479 5.59374546761 4.6
v -2.38553878121 5.30041139661 4.6
v -2.41898138506 5.28825737814 4.6
v -2.43828947815 5.28459829914 4.6
v -2.45797200793 5.28452853362 4.6
v -2.47431484011 5.2884467562 4.6
v -2.48824335444 5.29593899009 4.6
v -2.5004471769 5.30715997718 4.6
v -2.50959125334 5.31981323044 4.6
v -2.51755066478 5.33526281915 4.6
v -2.52448325384 5.35376410677 4.6
v -2.53053823724 5.37579028688 4.6
v -2.54905869975 5.5134120167 4.6
v -2.57002775189 5.67527486277 4.6
v -2.58466638652 5.73418424026 4.6
v -2.60323338113 5.78410545661 4.6
v -2.6366021568 5.84248474054 4.6
v -2.68586631683 5.91311465434 4.6
v -2.81830721705 6.06883423232 4.6
v -3.04304740973 6.27739162066 4.6
v -3.28250136924 6.45624756603 4.6
v -3.53629049879 6.61397380613 4.6
v -3.95972408667 6.36950431018 4.6
v -3.93903131044 5.9493627807 4.6
v -3.86356448535 5.53576428191 4.6
v -3.78611053408 5.30199079224 4.6
v -3.75040922106 5.22241798545 4.6
v -3.70756557303 5.14651896834 4.6
v -3.68362435805 5.11653992222 4.6
v -3.65475974402 5.08626530386 4.6
v -3.59197401393 5.03184467027 4.6
v -3.38943554273 4.87858726172 4.6
v -3.36725850219 4.85504764182 4.6
v -3.35143383061 4.83166662695 4.6
v -3.34410583527 4.81303879143 4.6
v -3.34200058861 4.79742801012 4.6
v -3.34748906553 4.77107104568 4.6
v -3.35801594775 4.7531543706 4.6
v -3.37454759399 4.73487085458 4.6
v -3.39752152937 4.71614288455 4.6
v -3.62548283776 4.54324008205 4.6
v -3.84465956865 4.35932896799 4.6
v -4.05452065486 4.16485516066 4.6
v -4.08178950378 4.14199607504 4.6
v -4.09868169764 4.13195390873 4.6
v -4.11715336443 4.12515652893 4.6
v -4.13385071428 4.12324887597 4.6
v -4.14950173132 4.12552544041 4.6
v -4.16480737684 4.13189576606 4.6
v -4.17772766549 4.14065847645 4.6
v -4.19049113623 4.15245406191 4.6
v -4.20333345206 4.16746850026 4.6
v -4.21655667256 4.18609541288 4.6
v -4.28102961827 4.30908316561 4.6
v -4.35609443565 4.45401264942 4.6
v -4.38999844632 4.50436264883 4.6
v -4.42451977571 4.5449229613 4.6
v -4.47584305903 4.58836875018 4.6
v -4.54629307992 4.63788982391 4.6
v -4.72400604893 4.73892090657 4.6
v -5.00652357743 4.85803507249 4.6
v -5.29270903227 4.94420660699 4.6
v -5.5851383558 5.00561979645 4.6
v -5.69260517067 4.88305707225 4.6
v -5.79738297722 4.75818774487 4.6
v -5.89942228168 4.63107079869 4.6
v -5.73628056641 4.24334425005 4.6
v -5.52390592993 3.8804999671 4.6
v -5.37116778102 3.68731555544 4.6
v -5.31040401785 3.62475214428 4.6
v -5.24418516523 3.56808378861 4.6
v -5.21143434453 3.54810107797 4.6
v -5.17395595042 3.52952452192 4.6
v -5.09634371026 3.49985983853 4.6
v -4.85360268261 3.42511721958 4.6
v -4.82471205709 3.41058220705 4.6
v -4.80184495192 3.39402359635 4.6
v -4.78858779381 3.37902547879 4.6
v -4.7812703074 3.36507617955 4.6
v -4.7774131759 3.33843156489 4.6
v -4.78117734566 3.31799499177 4.6
v -4.79045868088 3.29515995067 4.6
v -4.80564177542 3.26970386676 4.6
v -4.96071909345 3.02926101976 4.6
v -5.10377654453 2.78147824609 4.6
v -5.23446749918 2.52695592563 4.6
v -5.25227356754 2.49614891593 4.6
v -5.26471241431 2.48093489579 4.6
v -5.27974526246 2.46822976602 4.6
v -5.29478318317 2.46072632863 4.6
v -5.31026895928 2.45751263634 4.6
v -5.32683034113 2.45826394528 4.6
v -5.34196846449 2.46207920059 4.6
v -5.3579965316 2.46879806111 4.6
v -5.37519960136 2.47851468733 4.6
v -5.39399614342 2.4914956519 4.6
v -5.49664518356 2.58501528945 4.6
v -5.61675184135 2.69553077633 4.6
v -5.66583190401 2.73124844464 4.6
v -5.71214378638 2.75755568094 4.6
v -5.77523123194 2.78082777144 4.6
v -5.85836980143 2.80326703275 4.6
v -6.0599200324 2.83742378047 4.6
v -6.36613911328 2.85272779762 4.6
v -6.66453787395 2.83582136243 4.6
v -6.96033609923 2.79351416424 4.6
v -7.12756308331 2.33406180154 4.6
v -6.8416497276 2.02551577774 4.6
v -6.51798279519 1.75719008617 4.6
v -6.30838292359 1.62789564366 4.6
v -6.22988571687 1.58988769885 4.6
v -6.14827863058 1.55928504466 4.6
v -6.11066843649 1.55170887932 4.6
v -6.06909670974 1.54707099241 4.6
v -5.98601914112 1.54574025783 4.6
v -5.73235370742 1.55852749142 4.6
v -5.70023413275 1.55475022328 4.6
v -5.67308270436 1.54701122958 4.6
v -5.65549539238 1.5374518243 4.6
v -5.64384826307 1.52684649849 4.6
v -5.63111075015 1.50312796738 4.6
v -5.62765819303 1.48263644854 4.6
v -5.62856975121 1.45800412532 4.6
v -5.63413069965 1.42889030694 4.6
v -5.78306031058 0.584268512061 4.6
v -5.78925592375 0.549229358326 4.6
v -5.79574111492 0.530678519711 4.6
v -5.8055219611 0.513598066147 4.6
v -5.81708665749 0.501403869604 4.6
v -5.83053937953 0.493087539303 4.6
v -5.84635895064 0.488129212574 4.6
v -5.86188902762 0.486536836715 4.6
v -5.87924846964 0.48736857856 4.6
v -5.89873734925 0.490615424132 4.6
v -5.92084007247 0.496384744739 4.6
v -6.04928421787 0.549156418626 4.6
v -6.19994608057 0.611928109816 4.6
v -6.25828241531 0.628705369097 4.6
v -6.31079895416 0.637586488267 4.6
v -6.37804128493 0.63787792281 4.6
v -6.46384066456 0.630528865628 4.6
v -6.66491822507 0.593691470522 4.6
v -6.95790431786 0.503339448583 4.6
v -7.23252508992 0.385394209294 4.6
v -7.49601458547 0.244469495947 4.6
v -7.49601458547 -0.244469495947 4.6
v -7.12181495964 -0.436619790787 4.6
v -6.72589474017 -0.578062852515 4.6
v -6.48471398375 -0.627872507923 4.6
v -6.39795125511 -0.636740667295 4.6
v -6.31079895416 -0.637586488267 4.6
v -6.27286573114 -0.63184231096 4.6
v -6.23221483554 -0.621982131121 4.6
v -6.15369231932 -0.594818410659 4.6
v -5.91969827459 -0.496043653631 4.6
v -5.88822384549 -0.488607583093 4.6
v -5.86006295686 -0.486593522933 4.6
v -5.84026678041 -0.489561210571 4.6
v -5.82569482389 -0.495543404142 4.6
v -5.80561326158 -0.513475046802 4.6
v -5.79536040692 -0.531549931761 4.6
v -5.7877922407 -0.555008515385 4.6
v -5.78306031058 -0.584268512061 4.6
v -5.63413069965 -1.42889030694 4.6
v -5.62796857524 -1.46393536565 4.6
v -5.62771790105 -1.48358551782 4.6
v -5.63106703085 -1.50298114041 4.6
v -5.63776362986 -1.51839529603 4.6
v -5.64756070101 -1.53081119217 4.6
v -5.66073038762 -1.54088110718 4.6
v -5.67477926175 -1.54768905018 4.6
v -5.69137627378 -1.55284474736 4.6
v -5.71080031672 -1.55645929993 4.6
v -5.7335433065 -1.55859748849 4.6
v -5.87229029757 -1.55293882097 4.6
v -6.035335321 -1.54548211784 4.6
v -6.09589170491 -1.54966885267 4.6
v -6.14827863058 -1.55928504466 4.6
v -6.2115654291 -1.58200941738 4.6
v -6.28967694741 -1.6182603883 4.6
v -6.46602891608 -1.72164879272 4.6
v -6.71044357397 -1.90675906646 4.6
v -6.92816303935 -2.11151717329 4.6
v -7.12756308331 -2.33406180154 4.6
v -6.96033609923 -2.79351416424 4.6
v -6.54298420075 -2.84609256873 4.6
v -6.12256451585 -2.84359287989 4.6
v -5.87889283329 -2.80790996864 4.6
v -5.79432944829 -2.78656871168 4.6
v -5.71214378638 -2.75755568094 4.6
v -5.67846284098 -2.73918399354 4.6
v -5.64363587447 -2.71601503016 4.6
v -5.57913938498 -2.66363320024 4.6
v -5.3930398644 -2.49078461323 4.6
v -5.36600686155 -2.47303210386 4.6
v -5.34023313145 -2.46150791522 4.6
v -5.32061580157 -2.45752593829 4.6
v -5.30487661086 -2.45816345879 4.6
v -5.27987313194 -2.46814539226 4.6
v -5.26405662533 -2.48162354545 4.6
v -5.24892156725 -2.50107893809 4.6
v -5.23446749918 -2.52695592563 4.6
v -4.80564177542 -3.26970386676 4.6
v -4.78786515659 -3.30052787915 4.6
v -4.78090885204 -3.31890724651 4.6
v -4.77742231099 -3.33827863979 4.6
v -4.77844310394 -3.35505357984 4.6
v -4.78340285283 -3.3700715015 4.6
v -4.79233419638 -3.38403842443 4.6
v -4.80320736608 -3.39524079617 4.6
v -4.81704010353 -3.4057620792 4.6
v -4.83405648356 -3.41580206153 4.6
v -4.85469659967 -3.42558986216 4.6
v -4.98701150162 -3.46772671983 4.6
v -5.14277404966 -3.5164843932 4.6
v -5.19824648911 -3.54113014012 4.6
v -5.24418516523 -3.56808378861 4.6
v -5.29588310958 -3.61108307387 4.6
v -5.35688536467 -3.67186355643 4.6
v -5.48724109139 -3.82933280273 4.6
v -5.65360429946 -4.08687429731 4.6
v -5.78816227743 -4.35374842211 4.6
v -5.89942228168 -4.63107079869 4.6
v -5.79738297722 -4.75818774487 4.6
v -5.69260517067 -4.88305707225 4.6
v -5.5851383558 -5.00561979645 4.6
v -5.17497298309 -4.91228457902 4.6
v -4.7807626515 -4.76614363898 4.6
v -4.56399044391 -4.6492720468 4.6
v -4.4918259948 -4.60029544405 4.6
v -4.42451977571 -4.5449229613 4.6
v -4.39915352701 -4.51613966044 4.6
v -4.37435113576 -4.48245643245 4.6
v -4.33165990149 -4.41117451483 4.6
v -4.21590125377 -4.1851001884 4.6
v -4.19657025627 -4.15917245484 4.6
v -4.17629237693 -4.13952812495 4.6
v -4.15922003313 -4.12907676864 4.6
v -4.14421198691 -4.12429272168 4.6
v -4.11730237997 -4.12512097746 4.6
v -4.09782992553 -4.1323767347 4.6
v -4.07695348696 -4.14548232886 4.6
v -4.05452065486 -4.16485516066 4.6
v -3.39752152937 -4.71614288455 4.6
v -3.37027453869 -4.73902801982 4.6
v -3.35745163677 -4.75391977942 4.6
v -3.34754995317 -4.77093046747 4.6
v -3.34277181738 -4.7870428866 4.6
v -3.34229602509 -4.80285145079 4.6
v -3.34591177374 -4.81903076461 4.6
v -3.35229777428 -4.83327639373 4.6
v -3.36169780486 -4.84789424059 4.6
v -3.37425409541 -4.86314868264 4.6
v -3.39030183523 -4.87940554214 4.6
v -3.50022551812 -4.96425559807 4.6
v -3.62991832867 -5.06334675296 4.6
v -3.67361602879 -5.10547887116 4.6
v -3.70756557303 -5.14651896834 4.6
v -3.74143912813 -5.20460681773 4.6
v -3.77797434773 -5.28258578871 4.6
v -3.84661100802 -5.4751427618 4.6
v -3.91485690813 -5.77405217208 4.6
v -3.95002372068 -6.07085335673 4.6
v -3.95972408667 -6.36950431018 4.6
v -3.82036194909 -6.45405566895 4.6
v -3.67919519221 -6.53555833404 4.6
v -3.53629049879 -6.61397380613 4.6
v -3.1827836492 -6.38598257149 4.6
v -2.86233025482 -6.11382713443 4.6
v -2.69860344968 -5.92986330017 4.6
v -2.64754203406 -5.85915865275 4.6
v -2.60323338113 -5.78410545661 4.6
v -2.58924137309 -5.74838223318 4.6
v -2.57745509152 -5.70824743498 4.6
v -2.56171830539 -5.62666308093 4.6
v -2.53026273187 -5.37463091535 4.6
v -2.52096534331 -5.34365522491 4.6
v -2.50862912625 -5.31826014988 4.6
v -2.49616094514 -5.302600002 4.6
v -2.48369423528 -5.29297141426 4.6
v -2.45812419605 -5.28454609248 4.6
v -2.43734445918 -5.28470430236 4.6
v -2.41324464671 -5.28987936997 4.6
v -2.38553878121 -5.30041139661 4.6
v -1.57961004479 -5.59374546761 4.6
v -1.54617907147 -5.60593144069 4.6
v -1.5290362034 -5.61553942655 4.6
v -1.51391366642 -5.62813766934 4.6
v -1.50391291558 -5.64164417201 4.6
v -1.49805896969 -5.65633663257 4.6
v -1.49592301078 -5.67277687325 4.6
v -1.49705159625 -5.68834752663 4.6
v -1.50088513754 -5.70529880927 4.6
v -1.50746686467 -5.72392780019 4.6
v -1.51698663394 -5.74469290137 4.6
v -1.5912606793 -5.86202198658 4.6
v -1.67924088536 -5.99949476727 4.6
v -1.70589325859 -6.0540315015 4.6
v -1.72375885487 -6.10420800596 4.6
v -1.73572237007 -6.17037816756 4.6
v -1.7433838675 -6.25615021221 4.6
v -1.74202286715 -6.46056969929 4.6
v -1.70391999654 -6.76479413895 4.6
v -1.63545400707 -7.05572378028 4.6
v -1.54242472752 -7.339681598 4.6
v -1.06091381755 -7.42458496293 4.6
v -0.806703634336 -7.08943681877 4.6
v -0.598658585925 -6.72409284698 4.6
v -0.507725052264 -6.49522552407 4.6
v -0.483925430442 -6.41132085595 4.6
v -0.46795862115 -6.32563946955 4.6
v -0.467028496447 -6.2872850715 4.6
v -0.469679924057 -6.24553955209 4.6
v -0.482795674721 -6.16349303877 4.6
v -0.539437181793 -5.91590183281 4.6
v -0.541294804455 -5.88361431091 4.6
v -0.538388179521 -5.85553151158 4.6
v -0.532028007763 -5.83655141708 4.6
v -0.52360630346 -5.82323963834 4.6
v -0.502459956044 -5.80657695715 4.6
v -0.482879279674 -5.79961853723 4.6
v -0.458462886374 -5.79623888875 4.6
v -0.428825723752 -5.79665979238 4.6
v 0.428825723752 -5.79665979238 4.6
v 0.464408410946 -5.79667679508 4.6
v 0.483803562267 -5.7998421423 4.6
v 0.502322951477 -5.80650840582 4.6
v 0.516340079227 -5.81577990847 4.6
v 0.526866106451 -5.82758413784 4.6
v 0.53449614475 -5.84230236971 4.6
v 0.538761098409 -5.85731999676 4.6
v 0.540956428063 -5.87456014031 4.6
v 0.5411431178 -5.89431674886 4.6
v 0.539299543746 -5.91708551406 4.6
v 0.509633681943 -6.05274200928 4.6
v 0.473977791691 -6.21201516953 4.6
v 0.467585414896 -6.27237858477 4.6
v 0.46795862115 -6.32563946955 4.6
v 0.479348122355 -6.3919108453 4.6
v 0.501484436762 -6.47513058917 4.6
v 0.572678941016 -6.6667565832 4.6
v 0.712534813816 -6.93960209494 4.6
v 0.876375596517 -7.18956978454 4.6
v 1.06091381755 -7.42458496293 4.6
v 1.54242472752 -7.339681598 4.6
v 1.66667674451 -6.93780035676 4.6
v 1.7372201437 -6.52333372515 4.6
v 1.74439247968 -6.27716769046 4.6
v 1.73805972206 -6.19018314291 4.6
v 1.72375885487 -6.10420800596 4.6
v 1.71151490948 -6.06784853976 4.6
v 1.69474557398 -6.02952742486 4.6
v 1.65435923962 -5.95691477266 4.6
v 1.51645245365 -5.74362767982 4.6
v 1.50366387648 -5.71392267812 4.6
v 1.49679032742 -5.68653935453 4.6
v 1.49627535925 -5.66652859294 4.6
v 1.49963627617 -5.65113922017 4.6
v 1.51380837018 -5.62824894484 4.6
v 1.5298282675 -5.61501318325 4.6
v 1.55161626425 -5.60348645418 4.6
v 1.57961004479 -5.59374546761 4.6
v 2.38553878121 -5.30041139661 4.6
v 2.41898138506 -5.28825737814 4.6
v 2.43828947815 -5.28459829914 4.6
v 2.45797200793 -5.28452853362 4.6
v 2.47431484011 -5.2884467562 4.6
v 2.48824335444 -5.29593899009 4.6
v 2.5004471769 -5.30715997718 4.6
v 2.50959125334 -5.31981323044 4.6
v 2.51755066478 -5.33526281915 4.6
v 2.52448325384 -5.35376410677 4.6
v 2.53053823724 -5.37579028688 4.6
v 2.54905869975 -5.5134120167 4.6
v 2.57002775189 -5.67527486277 4.6
v 2.58466638652 -5.73418424026 4.6
v 2.60323338113 -5.78410545661 4.6
v 2.6366021568 -5.84248474054 4.6
v 2.68586631683 -5.91311465434 4.6
v 2.81830721705 -6.06883423232 4.6
v 3.04304740973 -6.27739162066 4.6
v 3.28250136924 -6.45624756603 4.6
v 3.53629049879 -6.61397380613 4.6
v 3.95972408667 -6.36950431018 4.6
v 3.93903131044 -5.9493627807 4.6
v 3.86356448535 -5.53576428191 4.6
v 3.78611053408 -5.30199079224 4.6
v 3.75040922106 -5.22241798545 4.6
v 3.70756557303 -5.14651896834 4.6
v 3.68362435805 -5.11653992222 4.6
v 3.65475974402 -5.08626530386 4.6
v 3.59197401393 -5.03184467027 4.6
v 3.38943554273 -4.87858726172 4.6
v 3.36725850219 -4.85504764182 4.6
v 3.35143383061 -4.83166662695 4.6
v 3.34410583527 -4.81303879143 4.6
v 3.34200058861 -4.79742801012 4.6
v 3.34748906553 -4.77107104568 4.6
v 3.35801594775 -4.7531543706 4.6
v 3.37454759399 -4.73487085458 4.6
v 3.39752152937 -4.71614288455 4.6
v 3.62548283776 -4.54324008205 4.6
v 3.84465956865 -4.35932896799 4.6
v 4.05452065486 -4.16485516066 4.6
v 4.08178950378 -4.14199607504 4.6
v 4.09868169764 -4.13195390873 4.6
v 4.11715336443 -4.12515652893 4.6
v 4.13385071428 -4.12324887597 4.6
v 4.14950173132 -4.12552544041 4.6
v 4.16480737684 -4.13189576606 4.6
v 4.17772766549 -4.14065847645 4.6
v 4.19049113623 -4.15245406191 4.6
v 4.20333345206 -4.16746850026 4.6
v 4.21655667256 -4.18609541288 4.6
v 4.28102961827 -4.30908316561 4.6
v 4.35609443565 -4.45401264942 4.6
v 4.38999844632 -4.50436264883 4.6
v 4.42451977571 -4.5449229613 4.6
v 4.47584305903 -4.58836875018 4.6
v 4.54629307992 -4.63788982391 4.6
v 4.72400604893 -4.73892090657 4.6
v 5.00652357743 -4.85803507249 4.6
v 5.29270903227 -4.94420660699 4.6
v 5.5851383558 -5.00561979645 4.6
v 5.89942228168 -4.63107079869 4.6
v 5.73628056641 -4.24334425005 4.6
v 5.52390592993 -3.8804999671 4.6
v 5.37116778102 -3.68731555544 4.6
v 5.31040401785 -3.62475214428 4.6
v 5.24418516523 -3.56808378861 4.6
v 5.21143434453 -3.54810107797 4.6
v 5.17395595042 -3.52952452192 4.6
v 5.09634371026 -3.49985983853 4.6
v 4.85360268261 -3.42511721958 4.6
v 4.82471205709 -3.41058220705 4.6
v 4.80184495192 -3.39402359635 4.6
v 4.78858779381 -3.37902547879 4.6
v 4.7812703074 -3.36507617955 4.6
v 4.7774131759 -3.33843156489 4.6
v 4.78117734566 -3.31799499177 4.6
v 4.79045868088 -3.29515995067 4.6
v 4.80564177542 -3.26970386676 4.6
v 4.96071909345 -3.02926101976 4.6
v 5.10377654453 -2.78147824609 4.6
v 5.23446749918 -2.52695592563 4.6
v 5.25227356754 -2.49614891593 4.6
v 5.26471241431 -2.48093489579 4.6
v 5.27974526246 -2.46822976602 4.6
v 5.29478318317 -2.46072632863 4.6
v 5.31026895928 -2.45751263634 4.6
v 5.32683034113 -2.45826394528 4.6
v 5.34196846449 -2.46207920059 4.6
v 5.3579965316 -2.46879806111 4.6
v 5.37519960136 -2.47851468733 4.6
v 5.39399614342 -2.4914956519 4.6
v 5.49664518356 -2.58501528945 4.6
v 5.61675184135 -2.69553077633 4.6
v 5.66583190401 -2.73124844464 4.6
v 5.71214378638 -2.75755568094 4.6
v 5.77523123194 -2.78082777144 4.6
v 5.85836980143 -2.80326703275 4.6
v 6.0599200324 -2.83742378047 4.6
v 6.36613911328 -2.85272779762 4.6
v 6.66453787395 -2.83582136243 4.6
v 6.96033609923 -2.79351416424 4.6
v 7.01940295165 -2.6415870613 4.6
v 7.07515405803 -2.48841215539 4.6
v 7.12756308331 -2.33406180154 4.6
v 6.8416497276 -2.02551577774 4.6
v 6.51798279519 -1.75719008617 4.6
v 6.30838292359 -1.62789564366 4.6
v 6.22988571687 -1.58988769885 4.6
v 6.19715421713 -2.5548981139 2.875
v 6.09775216761 -2.47304048882 2.875
v 6.30217570628 -2.28359501196 3.45
v 6.19931544059 -2.20612757368 3.45
v 6.3953263337 -2.00799050018 4.025
v 6.28920160081 -1.93505916739 4.025
v 6.41548189822 -1.46290900968 2.875
v 6.54384496698 -1.45269329573 2.875
v 6.47291594149 -1.18316102781 3.45
v 6.60071485348 -1.16738521258 3.45
v 6.51815751447 -0.901184428136 4.025
v 6.64515154596 -0.879878227156 4.025
v 6.57822567001 -3.60235298165 2.875
v 6.65496107137 -3.45853915815 2.875
v 6.72833773009 -3.31352854523 3.45
v 6.79876072498 -3.16652058807 3.45
v 6.86577620401 -3.01846270251 4.025
v 6.92975414274 -2.86853751782 4.025
v 6.99045868273 -2.71725732588 4.025
v 7.43650786895 -0.97383298616 2.875
v 7.41358740307 -1.13521882783 2.875
v 7.45586282307 -0.812471287927 3.45
v 7.47175910912 -0.650242912581 3.45
v 7.48409428101 -0.488193366331 4.025
v 7.49293644477 -0.325428032832 4.025
v 7.49823918012 -0.162508977325 4.025
v 5.52823664938 -3.56890883961 2.875
v 5.65235245782 -3.60321196378 2.875
v 5.67788644088 -3.32567532507 3.45
v 5.803373782 -3.35456071011 3.45
v 5.8168412902 -3.07617752441 4.025
v 5.94346379438 -3.09959076142 4.025
v 6.69724670681 -0.281267330937 2.875
v 6.57584237772 -0.238343827913 2.875
v 6.70314349937 0.00959365672275 3.45
v 6.57999104239 0.0472089540174 3.45
v 6.69641416197 0.300436573643 4.025
v 6.57174554869 0.332672812536 4.025
v 5.13103200853 -3.29803867491 2.875
v 5.26930272983 -3.07229512824 3.45
v 5.39764812264 -2.84076456573 4.025
v 4.87522226905 -3.23269718074 2.5875
v 4.99083946416 -3.14278396645 2.875
v 4.86810950795 -3.23279616969 2.5875
v 4.88348157578 -3.23359244956 2.5875
v 5.24665842885 -2.57333180664 4.3125
v 5.23627845922 -2.57642980029 4.3125
v 5.17913609235 -2.68945198049 4.025
v 5.25369812289 -2.57231010351 4.3125
v 5.27011574996 -2.57292286502 4.3125
v 5.24452303341 -2.69824901907 4.025
v 4.80583525207 -3.29319195185 2.44375
v 4.92422266046 -3.33821690492 2.44375
v 5.15147876459 -2.79879578935 3.7375
v 5.12250565857 -2.92326964749 3.45
v 5.21100041523 -2.68634807529 4.025
v 5.26200375513 -2.57212536861 4.3125
v 5.20640978001 -2.59794861727 4.3125
v 5.23429308133 -2.54130198222 4.45625
v 4.81420502435 -3.31163942976 2.371875
v 4.86500398875 -3.29162546243 2.44375
v 4.94420200624 -3.08156327588 3.01875
v 5.27170907001 -2.49361592388 4.528125
v 5.27945991957 -2.49009585386 4.528125
v 5.28643096269 -2.48792902834 4.528125
v 5.29370453762 -2.48659269698 4.528125
v 4.7785473809 -3.33236230871 2.3359375
v 4.83558980877 -3.28532148805 2.44375
v 4.96734303576 -3.09967752541 2.946875
v 5.03264274864 -3.13485593885 2.946875
v 5.03343726904 -2.99115477349 3.234375
v 5.09948498741 -3.02490787967 3.234375
v 5.26343216084 -2.50872353068 4.4921875
v 5.34203484856 -2.47911229159 4.5640625
v 4.98779461271 -3.08860831625 2.9828125
v 5.02101481515 -3.03430497287 3.1265625
v 4.96591137566 -3.07945155205 3.00078125
v 4.98254577545 -3.05246380062 3.07265625
v 6.09509892116 -0.233061612214 2.875
v 6.09947115533 0.0316265529898 3.45
v 6.09235434477 0.296255146 4.025
v 5.84574962394 0.363968127616 4.3125
v 5.89337577596 0.231714436776 4.025
v 5.83035107517 0.37210668806 4.3125
v 5.83775395598 0.367510489407 4.3125
v 5.83038828702 0.251346456187 4.025
v 5.82356105357 0.377808514496 4.3125
v 5.80406102733 -0.410993208073 2.44375
v 5.94991122874 -0.337813031056 2.73125
v 5.89127397926 -0.280108047299 2.875
v 5.80817893537 -0.347990330457 2.5875
v 5.8608461877 -0.146537697011 3.1625
v 5.85628616509 -0.273685333585 2.875
v 5.81780819357 -0.0956434068896 3.1625
v 5.83022574366 -0.255088996966 2.875
v 5.86168473429 0.107904625868 3.7375
v 5.89787953965 -0.0242196154556 3.45
v 5.8579628636 0.235079556461 4.025
v 5.80419371096 0.409115119573 4.3125
v 5.79941278492 0.472071155826 4.45625
v 5.83117784225 -0.490142909954 2.371875
v 5.84352096791 -0.398150927766 2.5875
v 5.8220062666 -0.482696479647 2.371875
v 5.81571342842 -0.475451022085 2.371875
v 5.81932351885 -0.410677157357 2.515625
v 5.82930952384 -0.388081849965 2.5875
v 5.83605294405 -0.393600361561 2.5875
v 5.82331733419 -0.381546646742 2.5875
v 5.81677175364 -0.406815595057 2.515625
v 5.88500213174 -0.375910493913 2.659375
v 5.87979581372 -0.375545651819 2.659375
v 5.87846108211 -0.311228422533 2.803125
v 5.8343883568 -0.128511258502 3.1625
v 5.83580321349 -0.00187303442564 3.45
v 5.81926016707 0.411573872541 4.384375
v 5.81619082929 0.415038311114 4.384375
v 5.83353342786 0.461262231456 4.528125
v 5.82327639878 0.467124012645 4.528125
v 5.81589262595 0.473253969126 4.528125
v 5.81028749474 0.479405089774 4.528125
v 5.81405888046 -0.455421297534 2.4078125
v 5.84762330405 -0.383782811483 2.6234375
v 5.83392659884 -0.375382594052 2.6234375
v 5.83419487267 -0.342339603502 2.6953125
v 5.85107719664 -0.287633367034 2.8390625
v 5.95177281086 -0.0487996943731 3.378125
v 5.82984469597 -0.0901540892268 3.234375
v 5.84762510821 -0.0757779673909 3.30625
v 5.86264599321 -0.0193210852886 3.45
v 5.81360206427 0.461216068679 4.4921875
v 5.8926640506 -0.0721658912185 3.3421875
v 4.43424187392 -3.75801213882 2.875
v 4.61379838358 -3.53525398064 2.875
v 4.59312726005 -3.56206937623 3.45
v 4.76284910096 -3.3317299875 3.45
v 4.74336097077 -3.35941705255 4.025
v 4.90292845262 -3.12193030359 4.025
v 5.05061609476 -2.87687908945 4.025
v 5.80679206926 0.257530767674 2.875
v 5.81242998685 -0.0285285812035 2.875
v 5.80819367399 0.223701840803 3.45
v 5.79014884199 0.509247146001 3.45
v 5.79301697051 0.475510895056 4.025
v 5.76259921359 0.760004299652 4.025
v 5.71821862698 1.042656207 4.025
v 4.51930754219 -4.09638961927 2.875
v 4.6927951409 -3.89643713911 3.45
v 4.85744332848 -3.6891452783 4.025
v 4.22047028256 -4.06114418085 2.5875
v 4.33292771252 -4.00141313224 2.875
v 4.30224398644 -3.94300637833 2.875
v 4.21767449196 -4.05285789169 2.5875
v 4.21605596326 -4.04429587959 2.5875
v 4.21566642733 -4.03543791822 2.5875
v 4.71205821804 -3.47875966597 4.3125
v 4.66353093333 -3.61068537133 4.025
v 4.70549361113 -3.46262717061 4.3125
v 4.70821016729 -3.4709065431 4.3125
v 4.62789893627 -3.5551587945 4.025
v 4.70395721621 -3.4538947764 4.3125
v 4.1819873557 -4.04561757744 2.44375
v 4.22563932537 -4.0000015134 2.5875
v 4.3102539327 -3.97400331465 2.875
v 4.39547603807 -3.87953370024 3.1625
v 4.50246977881 -3.80963719335 3.45
v 4.55967077456 -3.68515858006 3.7375
v 4.63856612584 -3.58534455881 4.025
v 4.70924446886 -3.41746343768 4.3125
v 4.7460494271 -3.36616319593 4.45625
v 4.1494809286 -4.10248514672 2.371875
v 4.193882256 -4.05518600898 2.515625
v 4.19440965484 -4.05058763758 2.515625
v 4.72236649979 -3.42526445494 4.384375
v 4.72224214882 -3.42063760873 4.384375
v 4.76523951335 -3.39637563889 4.528125
v 4.76115005355 -3.38529216278 4.528125
v 4.75943401548 -3.375850146 4.528125
v 4.7590941 -3.36753520531 4.528125
v 4.15378766242 -4.16010637961 2.3359375
v 4.14681586234 -4.14947970412 2.3359375
v 4.17564584624 -4.13664960665 2.4078125
v 4.74994153018 -3.38359936807 4.4921875
v 4.16624075653 -4.09402665003 2.42578125
v 6.0505369541 0.771719599884 2.875
v 6.01135331703 1.03352789581 3.45
v 5.96084661515 1.29338942489 4.025
v 5.81947708556 0.661965921751 2.5875
v 5.84334743158 0.800537576073 2.875
v 5.7847537074 0.770212414314 2.875
v 5.80010536624 0.644500084452 2.5875
v 5.80718955957 0.652694932779 2.5875
v 5.81257462183 0.65734275742 2.5875
v 5.67327933528 1.40120049955 4.3125
v 5.66731916916 1.39215518285 4.3125
v 5.69619483361 1.26884476435 4.025
v 5.67801531567 1.40650819765 4.3125
v 5.69098582316 1.41659184237 4.3125
v 5.75193876386 1.30413575738 4.025
v 5.78649994844 0.610293504851 2.5875
v 5.79278145901 0.547469445929 2.44375
v 5.80906555871 0.791042757234 2.875
v 5.79053177766 0.916914971216 3.1625
v 5.80310850377 1.05332869868 3.45
v 5.7452929369 1.16730475958 3.7375
v 5.71860916928 1.29170448562 4.025
v 5.68425905379 1.41198847029 4.3125
v 5.65827046236 1.35647159578 4.3125
v 5.64321855525 1.41778847638 4.45625
v 5.80623436453 0.544682842422 2.371875
v 5.81110494174 0.551664535588 2.371875
v 5.81599518809 0.557084504739 2.371875
v 5.82156931841 0.561944519645 2.371875
v 5.7994448846 0.606727853735 2.515625
v 5.80174433014 0.610472160079 2.515625
v 5.65653622465 1.41607824548 4.384375
v 5.65828639667 1.42010865212 4.384375
v 5.66017574059 1.42378847212 4.384375
v 5.64122885801 1.47836865031 4.528125
v 5.64490369585 1.48604733045 4.528125
v 5.6488510161 1.49218811524 4.528125
v 5.65356392051 1.49788716829 4.528125
v 5.80387556664 0.558963569643 2.4078125
v 5.6445993602 1.46147525742 4.4921875
v 5.68577877475 1.53468361633 4.5640625
v 5.66888648047 1.48300676205 4.47421875
v 5.65015274054 1.45595043279 4.465234375
v 4.94959346861 -4.52037047805 2.875
v 4.88418305285 -4.40945196858 2.875
v 5.1410725128 -4.30134841993 3.45
v 5.07091090451 -4.19337255701 3.45
v 5.32286776463 -4.07422428489 4.025
v 5.24808712115 -3.96939445329 4.025
v 6.5289253477 0.819539237059 2.875
v 6.64605319626 0.873041623241 2.875
v 6.48721624949 1.10205995101 3.45
v 6.60191229744 1.16059417036 3.45
v 6.43328774474 1.38250481023 4.025
v 6.5453359491 1.44596060692 4.025
v 4.94943283688 -5.6349902008 2.875
v 5.07072775182 -5.52609446507 2.875
v 5.18927580716 -5.4149253575 3.45
v 5.30573145837 -5.30086914777 3.45
v 5.41934418874 -5.184660889 4.025
v 5.53074121881 -5.06565904305 4.025
v 5.63952570002 -4.94426433848 4.025
v 7.32110206637 1.62833181621 2.875
v 7.35476108241 1.46883947066 2.875
v 7.28410082278 1.7865819975 3.45
v 7.24355307329 1.94446365473 3.45
v 7.19972013425 2.1009592948 4.025
v 7.1523600276 2.25693287572 4.025
v 7.10162137016 2.41184035227 4.025
v 3.97420447254 -5.24444559199 2.875
v 4.07910282242 -5.31913009124 2.875
v 4.19802003882 -5.0670640964 3.45
v 4.30606018374 -5.13712667796 3.45
v 4.41392815889 -4.88013821169 4.025
v 4.52490659302 -4.94544690476 4.025
v 6.38955240281 2.0262884432 2.875
v 6.26078894798 2.02510061622 2.875
v 6.29561325858 2.30162518882 3.45
v 6.16702261415 2.29485138513 3.45
v 6.18981561375 2.57262656271 4.025
v 6.06163999477 2.56027954154 4.025
v 3.69359725515 -4.85405890884 2.875
v 3.90073807181 -4.68922073576 3.45
v 4.10053140652 -4.51554988434 4.025
v 3.47556283783 -4.70516590518 2.5875
v 3.61495959335 -4.66021853085 2.875
v 3.4688451725 -4.70282621679 2.5875
v 3.48301784745 -4.70883203196 2.5875
v 4.05011489605 -4.21260377735 4.3125
v 4.03930133894 -4.21196478042 4.3125
v 3.94694921619 -4.29862704863 4.025
v 4.05707948763 -4.21405140762 4.3125
v 4.07229743386 -4.22024237425 4.3125
v 4.00538407781 -4.32925721182 4.025
v 3.38966993971 -4.7382806377 2.44375
v 3.37711270829 -4.74088955633 2.44375
v 3.48551827286 -4.82108113224 2.44375
v 3.88356204421 -4.39191725575 3.7375
v 3.81376366348 -4.49897503585 3.45
v 3.97795348337 -4.3066085721 4.025
v 4.06494741202 -4.21671850713 4.3125
v 4.00387409263 -4.221970164 4.3125
v 4.04945011536 -4.17827638976 4.45625
v 3.39122554392 -4.75847822728 2.371875
v 3.44580613588 -4.75704551895 2.44375
v 3.60273649191 -4.6094865768 2.946875
v 3.59207342765 -4.58673894963 3.01875
v 3.63693467673 -4.56632898319 3.090625
v 4.05462784666 -4.19066494523 4.384375
v 4.0589933672 -4.19016543535 4.384375
v 4.06312485676 -4.18996174518 4.384375
v 4.10091923633 -4.14626317444 4.528125
v 4.10940658732 -4.1456063373 4.528125
v 4.11669832307 -4.14595442451 4.528125
v 4.1239903 -4.14718639294 4.528125
v 3.35063067747 -4.76575573138 2.3359375
v 3.42032193423 -4.74106147869 2.44375
v 3.65540297919 -4.69972908855 2.9109375
v 3.67573566726 -4.66901000331 2.9828125
v 3.77618903094 -4.58814597994 3.2703125
v 4.08797438002 -4.15762881141 4.4921875
v 4.17196438589 -4.15668705106 4.5640625
v 3.66084212428 -4.60335842641 3.03671875
v 3.71057667837 -4.56336439345 3.18046875
v 4.11876477015 -4.16789632223 4.47421875
v 3.62924349281 -4.58682326126 3.027734375
v 4.08596643171 -4.16520059218 4.465234375
v 5.80723124518 1.86564032941 2.875
v 5.72081111717 2.11586123722 3.45
v 5.6236151935 2.36209668075 4.025
v 5.3687233534 2.34138228795 4.3125
v 5.45871072331 2.23339357393 4.025
v 5.35146989914 2.34376341928 4.3125
v 5.35999832414 2.34197633968 4.3125
v 5.39280729866 2.23029864771 4.025
v 5.34313922646 2.34679905935 4.3125
v 5.59460127391 1.59889849962 2.44375
v 5.70662653728 1.71754907874 2.73125
v 5.63178927982 1.75171890569 2.875
v 5.57692258847 1.6595102463 2.5875
v 5.55751275828 1.86682706058 3.1625
v 5.59671479156 1.74578774515 2.875
v 5.49966340038 1.89993218852 3.1625
v 5.56586568414 1.75434939638 2.875
v 5.47127633458 2.10621143363 3.7375
v 5.55047747805 1.99443461155 3.45
v 5.42428253217 2.22444382271 4.025
v 5.31423238796 2.36959362383 4.3125
v 5.28820755451 2.42711777352 4.45625
v 5.64715353716 1.53379660575 2.371875
v 5.62728917033 1.62446239019 2.5875
v 5.63598824605 1.53765709774 2.371875
v 5.62759682001 1.54231332333 2.371875
v 5.60883522885 1.60441556968 2.515625
v 5.61049095378 1.62906362816 2.5875
v 5.61871513811 1.62618430908 2.5875
v 5.60262496624 1.63315526084 2.5875
v 5.60511662182 1.60717149618 2.515625
v 5.65866203751 1.65954895536 2.659375
v 5.65364491554 1.65811112915 2.659375
v 5.63039289012 1.7180930498 2.803125
v 5.52648512474 1.87471726071 3.1625
v 5.48450183158 1.99420217487 3.45
v 5.32754928256 2.37705712733 4.384375
v 5.32348014071 2.37926285934 4.384375
v 5.32396734075 2.42863065424 4.528125
v 5.31232403898 2.43063081621 4.528125
v 5.30328899354 2.43386569204 4.528125
v 5.29591808594 2.43772878694 4.528125
v 5.61919148424 1.56056921896 2.4078125
v 5.62622992014 1.63936708463 2.6234375
v 5.61048618375 1.64257615788 2.6234375
v 5.59943691033 1.67371816733 2.6953125
v 5.59659047075 1.73089930891 2.8390625
v 5.60952746942 1.98976947711 3.378125
v 5.50909655565 1.9092071861 3.234375
v 5.52088775458 1.92879758085 3.30625
v 5.51569337845 1.98698714159 3.45
v 5.30525377407 2.42177034759 4.4921875
v 5.56197511358 1.94759604771 3.3421875
v 2.88150851737 -5.04797631693 2.875
v 3.12642422169 -4.90006406264 2.875
v 3.097828314 -4.91819235137 3.45
v 3.33609538624 -4.75979241586 3.45
v 3.30831300015 -4.77914441349 4.025
v 3.53948263728 -4.61055516097 4.025
v 3.76207607617 -4.43079449186 4.025
v 5.36851894785 2.2280396178 2.875
v 5.47165491691 1.96116003993 2.875
v 5.38140619989 2.1967302019 3.45
v 5.26678735821 2.45888332207 3.45
v 5.2810209948 2.42816257373 4.025
v 5.15513517806 2.68509544111 4.025
v 5.01675842246 2.9355222981 4.025
v 2.84571218375 -5.39504131041 2.875
v 3.07712497599 -5.26648369367 3.45
v 3.30274165482 -5.12800605843 4.025
v 3.23808045665 -4.88058361469 4.3125
v 3.14735847665 -4.98795591764 4.025
v 3.23742938236 -4.86317880005 4.3125
v 3.23715039797 -4.87188798222 4.3125
v 3.13286655972 -4.92359114239 4.025
v 3.23897229811 -4.85444755564 4.3125
v 2.54609995469 -5.23196089882 2.44375
v 2.68240094775 -5.32168078988 2.73125
v 2.70305630486 -5.24204695034 2.875
v 2.60272100124 -5.20402567298 2.5875
v 2.80351772563 -5.14891053473 3.1625
v 2.69112463102 -5.20853525759 2.875
v 2.82607447671 -5.08619139342 3.1625
v 2.69419932023 -5.17666810229 2.875
v 3.02429051433 -5.02241557594 3.7375
v 2.92796496757 -5.11982331753 3.45
v 3.13256629961 -4.95560487607 4.025
v 3.2564009421 -4.82202164239 4.3125
v 3.3085320058 -4.78640322086 4.45625
v 2.49111270962 -5.29501960035 2.371875
v 2.57695166597 -5.25971306964 2.5875
v 2.49297571961 -5.28335356769 2.371875
v 2.49610405083 -5.27428108118 2.371875
v 2.5540049084 -5.24502057884 2.515625
v 2.5785660211 -5.24237105915 2.5875
v 2.57715855997 -5.25097028816 2.5875
v 2.58122957829 -5.23391406908 2.5875
v 2.55607323685 -5.2408799042 2.515625
v 2.61695302859 -5.28451659437 2.659375
v 2.6146658321 -5.27982536966 2.659375
v 2.66969882076 -5.24651084353 2.803125
v 2.80590016387 -5.11698416178 3.1625
v 2.8581869093 -5.10208087921 3.30625
v 3.26606351269 -4.83384019965 4.384375
v 3.26752913561 -4.82944985586 4.384375
v 3.31623152417 -4.82135702662 4.528125
v 3.31617946106 -4.80954328828 4.528125
v 3.31779627268 -4.80008377519 4.528125
v 3.32032073382 -4.79215402885 4.528125
v 2.51262302714 -5.26283333835 2.4078125
v 2.59144598775 -5.25608173881 2.6234375
v 2.59187243683 -5.24001993543 2.6234375
v 2.62062264298 -5.22373077211 2.6953125
v 2.67644079549 -5.21099817531 2.8390625
v 2.93362463041 -5.17878629894 3.378125
v 2.83684661646 -5.09387065144 3.234375
v 3.30622586425 -4.80411904081 4.4921875
v 2.88383453022 -5.1392797094 3.3421875
v 5.4217012794 2.79458472957 2.875
v 5.29533699389 3.02720246014 3.45
v 5.15899834141 3.25411811203 4.025
v 5.2421139947 2.61242287876 2.5875
v 5.21715048564 2.75080177895 2.875
v 5.17246221157 2.70226521428 2.875
v 5.22988420118 2.58938484212 2.5875
v 5.23373836218 2.59950841744 2.5875
v 5.23720901579 2.60571774372 2.5875
v 4.85189993134 3.25707358105 4.3125
v 4.84939288773 3.24653526683 4.3125
v 4.91870178354 3.14053743538 4.025
v 4.85453495749 3.26368098648 4.3125
v 4.86327443806 3.27759268784 4.3125
v 4.95901371295 3.19276566813 4.025
v 5.22879862973 2.55258784474 2.5875
v 5.25618841249 2.49570094331 2.44375
v 5.35309197323 2.59539346538 2.44375
v 5.18818348198 2.73015447668 2.875
v 5.12771659202 2.84209674087 3.1625
v 5.09287860613 2.97458520761 3.45
v 4.99956763588 3.06191358251 3.7375
v 4.93194588423 3.16968470108 4.025
v 4.8585277885 3.27096624245 4.3125
v 4.85309439029 3.20990882337 4.3125
v 4.81797861595 3.26237978817 4.45625
v 5.26978308307 2.49768355723 2.371875
v 5.27197204884 2.5059100383 2.371875
v 5.27656519013 2.56200401571 2.44375
v 5.24218241522 2.55366465762 2.515625
v 5.24306255904 2.55796961136 2.515625
v 4.83107806503 3.26532760801 4.384375
v 4.83134420851 3.26971354548 4.384375
v 4.83186103848 3.27381763885 4.384375
v 4.79538927237 3.31862601405 4.528125
v 4.79621622709 3.32709848168 4.528125
v 4.7978252227 3.33421899487 4.528125
v 4.80030471326 3.34118626121 4.528125
v 5.25813355485 2.53397195325 2.44375
v 4.80433438906 3.30390419705 4.4921875
v 4.81799164763 3.38678174096 4.5640625
v 4.81979260846 3.33244387742 4.47421875
v 4.8114424609 3.30061192805 4.465234375
v 3.10503869956 -5.94061944898 2.875
v 3.08150937905 -5.81401846435 2.875
v 3.35988010012 -5.80029572731 3.45
v 3.33087967466 -5.67483492238 3.45
v 3.60839278598 -5.6490464917 4.025
v 3.57397588115 -5.52496218611 4.025
v 5.85488404358 3.00313895669 2.875
v 5.94664932476 3.09347483773 2.875
v 5.71906253669 3.25435623507 3.45
v 5.80682168449 3.34858876781 3.45
v 5.57246852778 3.49944356489 4.025
v 5.65605623791 3.5973952517 4.025
v 2.87488982942 -6.92712122304 2.875
v 2.72366535777 -6.98796443815 2.875
v 3.02431063634 -6.86320225587 3.45
v 3.17275267364 -6.79585465575 3.45
v 3.3192592833 -6.72551245484 4.025
v 3.46463927885 -6.65178732653 4.025
v 3.60838268735 -6.5749201023 4.025
v 6.40884203051 3.89573405123 2.875
v 6.32266330663 4.03409576993 2.875
v 6.23376876138 4.17014712688 3.45
v 6.14166763336 4.30463920805 3.45
v 6.04695348275 4.43670525811 4.025
v 5.94910343351 4.56707437068 4.025
v 5.84844321419 4.69528614041 4.025
v 1.94082458331 -6.28742480622 2.875
v 2.01385318548 -6.3934826277 2.875
v 2.2118104639 -6.19729015579 3.45
v 2.28937217664 -6.30007935254 3.45
v 2.47863014898 -6.09548220747 4.025
v 2.56057887602 -6.19480916437 4.025
v 5.31118377929 4.08944392626 2.875
v 5.19059197171 4.04428803873 2.875
v 5.12873914545 4.31604675477 3.45
v 5.01022024309 4.26570087079 3.45
v 4.93663395056 4.53451982039 4.025
v 4.82041119719 4.47907877213 4.025
v 1.8106601611 -5.82460800009 2.875
v 2.06168683356 -5.74055711703 3.45
v 2.30883008537 -5.64569324447 4.025
v 1.65669923453 -5.61012218061 2.5875
v 1.80306224446 -5.61556196292 2.875
v 1.65118691454 -5.60562601583 2.5875
v 1.66245076285 -5.61611697634 2.5875
v 2.36506773345 -5.3437735611 4.3125
v 2.35512486345 -5.33947464606 4.3125
v 2.23870201379 -5.38932425373 4.025
v 2.37111719006 -5.3475159192 4.3125
v 2.38329994654 -5.35853836901 4.3125
v 2.28313668925 -5.4380930918 4.025
v 1.551968166 -5.61001950456 2.44375
v 1.56466040643 -5.61186274906 2.44375
v 1.62640894079 -5.72245182342 2.44375
v 2.14723042602 -5.4553086833 3.7375
v 2.04502548541 -5.53203763708 3.45
v 2.26510665308 -5.40742851635 4.025
v 2.37759841879 -5.35271316155 4.3125
v 2.3184120988 -5.33675979931 4.3125
v 2.37618370197 -5.31128899991 4.45625
v 1.61099320835 -5.64869567936 2.44375
v 1.80892763643 -5.56370897316 2.946875
v 1.80668778033 -5.538686213 3.01875
v 1.8558241847 -5.53485056899 3.090625
v 2.37681204234 -5.32470132246 4.384375
v 2.38108513223 -5.32572503268 4.384375
v 2.38503712862 -5.32694667918 4.384375
v 2.43549801963 -5.29880989384 4.528125
v 2.44369817226 -5.30109551382 4.528125
v 2.4504311097 -5.30391652931 4.528125
v 2.45686196859 -5.30756820395 4.528125
v 1.59251275586 -5.62495948438 2.44375
v 1.82755318909 -5.66652219506 2.9109375
v 1.85716621196 -5.64460988623 2.9828125
v 1.95439443194 -5.52871560649 3.2703125
v 1.97921862141 -5.60297963403 3.2703125
v 2.4194465569 -5.30506269742 4.4921875
v 2.49869344663 -5.33290400601 4.5640625
v 1.88366662156 -5.53018198869 3.14453125
v 1.92603897963 -5.55725181384 3.18046875
v 2.44486836377 -5.32524193522 4.47421875
v 2.41497000114 -5.31149108516 4.465234375
v 4.81892577544 3.73931851339 2.875
v 4.65213682811 3.94489182946 3.45
v 4.47658505417 4.14303449498 4.025
v 4.24414981253 4.03639118923 4.3125
v 4.36564459544 3.96569248469 4.025
v 4.227122474 4.03272769188 4.3125
v 4.23574778925 4.0339652795 4.3125
v 4.30477416072 3.94024390661 4.025
v 4.2182559523 4.03273100258 4.3125
v 4.71035003933 3.41593945103 2.44375
v 4.77503846458 3.56574942131 2.73125
v 4.69302767688 3.57226270603 2.875
v 4.67300707079 3.46684939559 2.5875
v 4.58386127005 3.65502492323 3.1625
v 4.66209701546 3.55469305674 2.875
v 4.51817803471 3.66634792199 3.1625
v 4.63018007968 3.55218736107 2.875
v 4.42095126149 3.85047805813 3.7375
v 4.53360591626 3.77253058968 3.45
v 4.33635367348 3.94550733464 4.025
v 4.13916644739 4.08941816728 4.45625
v 4.78199917239 3.37273761437 2.371875
v 4.73232324887 3.45114156938 2.5875
v 4.77018686469 3.37254653574 2.371875
v 4.76070898062 3.37405191983 2.371875
v 4.72183863266 3.42599210037 2.515625
v 4.71496437266 3.44971999031 2.5875
v 4.72367736312 3.44982715213 2.5875
v 4.70617334142 3.45087454116 2.5875
v 4.7174017027 3.42730998565 2.515625
v 4.7498037886 3.49484230829 2.659375
v 4.74558100163 3.49177523683 2.659375
v 4.70321621983 3.54018714398 2.803125
v 4.55200622439 3.6518272104 3.1625
v 4.47168858615 3.74974717059 3.45
v 4.18867918097 4.05651319255 4.384375
v 4.17225221896 4.10307037735 4.528125
v 4.16062699852 4.10096767105 4.528125
v 4.1510304403 4.10091729246 4.528125
v 4.14278279654 4.10202641536 4.528125
v 4.74656666459 3.38833205609 2.4078125
v 4.72623017355 3.46478511586 2.6234375
v 4.71033833295 3.46241598334 2.6234375
v 4.68930421772 3.48790082573 2.6953125
v 4.6670723372 3.54065998284 2.8390625
v 4.59069032736 3.78834308379 3.378125
v 4.52387006511 3.67828989789 3.234375
v 4.52824985811 3.70073167482 3.30625
v 4.5034667393 3.75363539439 3.45
v 4.15701358151 4.09022338105 4.4921875
v 4.56042989185 3.73244915982 3.3421875
v 0.981222707081 -5.72908005103 2.875
v 1.26195715756 -5.67385410144 2.875
v 1.22888555421 -5.68110874414 3.45
v 1.50695933241 -5.6137536318 3.45
v 1.47423365622 -5.6224364255 4.025
v 1.74912297868 -5.54307902139 4.025
v 2.01977416046 -5.45029068699 4.025
v 4.28272321043 3.92981400766 2.875
v 4.47091751096 3.71430381662 2.875
v 4.30554171698 3.90480048036 3.45
v 4.10817358952 4.11194188024 3.45
v 4.13205594754 4.08794201015 4.025
v 3.92588575837 4.28632444458 4.025
v 3.71020311272 4.47432107636 4.025
v 0.82888193772 -6.04297139718 2.875
v 1.09030812544 -6.00131458975 3.45
v 1.34968059432 -5.9483536266 4.025
v 1.37354240322 -5.69373714973 4.3125
v 1.25156813762 -5.76360536589 4.025
v 1.37888339071 -5.67715929333 4.3125
v 1.37564251541 -5.68524782927 4.3125
v 1.25996423988 -5.69816573405 4.025
v 1.38331951871 -5.66948231565 4.3125
v 0.603115322718 -5.78725252029 2.44375
v 0.700510350098 -5.91817932503 2.73125
v 0.747156413974 -5.85041254185 2.875
v 0.665876112283 -5.78036753316 2.5875
v 0.873413799956 -5.79725276891 3.1625
v 0.747405982063 -5.81484097867 2.875
v 0.916061422199 -5.74603091788 3.1625
v 0.761194453854 -5.78594725363 2.875
v 1.12413618431 -5.7538951304 3.7375
v 1.00030436908 -5.81248318907 3.45
v 1.24873274588 -5.72814610835 4.025
v 1.41078740236 -5.64497287156 4.3125
v 1.47195679587 -5.62933237757 4.45625
v 0.529876868151 -5.82770157135 2.371875
v 0.622614646703 -5.82388293713 2.5875
v 0.535617543052 -5.81737627349 2.371875
v 0.541660185951 -5.80992087716 2.371875
v 0.606076875753 -5.80222825864 2.515625
v 0.630062961223 -5.80813891982 2.5875
v 0.625799270848 -5.8157381718 2.5875
v 0.635458347211 -5.80110293886 2.5875
v 0.609436662866 -5.79904470722 2.515625
v 0.651720326899 -5.86087189806 2.659375
v 0.651175558585 -5.85568132155 2.659375
v 0.714283890926 -5.84319829785 2.803125
v 0.886572022238 -5.76806663371 3.1625
v 1.01153201442 -5.74746949871 3.45
v 1.415825064 -5.65938347639 4.384375
v 1.41870388505 -5.65575917529 4.384375
v 1.46723707082 -5.66481160129 4.528125
v 1.47122868397 -5.65369251192 4.528125
v 1.47598333394 -5.64535645941 4.528125
v 1.48106768443 -5.63876835185 4.528125
v 0.561098304742 -5.80481334034 2.4078125
v 0.63747684221 -5.82542795236 2.6234375
v 0.643371033562 -5.81048064842 2.6234375
v 0.6759586121 -5.80500699148 2.6953125
v 0.732765322704 -5.81213319674 2.8390625
v 0.98545618513 -5.8698259863 3.378125
v 0.923557461499 -5.75693134875 3.234375
v 0.940802713926 -5.77194524922 3.30625
v 0.999010238438 -5.77693429853 3.45
v 1.46373056439 -5.64519105599 4.4921875
v 0.952180844815 -5.81567271843 3.3421875
v 4.13892841462 4.48038169718 2.875
v 3.94062487844 4.65575173103 3.45
v 3.734898729 4.82235212919 4.025
v 4.03247459071 4.24778308134 2.5875
v 3.96168819418 4.36927868977 2.875
v 3.93629543562 4.30838494821 2.875
v 4.02886181658 4.22195157258 2.5875
v 4.02902107656 4.2327828223 2.5875
v 4.03015870948 4.23980471384 2.5875
v 3.44530978926 4.72009551939 4.3125
v 3.44655825462 4.70933528386 4.3125
v 3.54794070607 4.63343494231 4.025
v 3.44552603814 4.72720568154 4.3125
v 3.44898038145 4.74326748304 4.3125
v 3.56795842102 4.6963009191 4.025
v 4.04042702742 4.18700241837 2.5875
v 4.08562147035 4.14291407431 2.44375
v 4.14258418062 4.26973737138 2.44375
v 3.94152990788 4.33996927345 2.875
v 3.84642310835 4.42447969869 3.1625
v 3.76837238569 4.53706284029 3.45
v 3.65082069221 4.58721043836 3.7375
v 3.55041713777 4.66535416202 4.025
v 3.44678636768 4.73541721144 4.3125
v 3.4625635107 4.67618367365 4.3125
v 3.41161934978 4.71347994992 4.45625
v 4.09771818808 4.14942677315 2.371875
v 4.09696152082 4.15790580709 2.371875
v 4.08209239161 4.21218785058 2.44375
v 4.05263538019 4.19259181572 2.515625
v 4.05199006395 4.19693817589 2.515625
v 3.42292059165 4.72073026992 4.384375
v 3.42167060576 4.72494272942 4.384375
v 3.42075258446 4.72897608194 4.384375
v 3.37115496807 4.75860810279 4.528125
v 3.36903429673 4.76685245327 4.528125
v 3.36811089909 4.77409385588 4.528125
v 3.36805791264 4.78148898037 4.528125
v 4.07435984996 4.1795423378 2.44375
v 3.38459578618 4.74783353008 4.4921875
v 3.36908362183 4.83038400406 4.5640625
v 3.38936061531 4.77993907954 4.47421875
v 3.39240121115 4.74717091295 4.465234375
v 0.885970437848 -6.64434204016 2.875
v 0.907160195905 -6.51732852754 2.875
v 1.17343656083 -6.59964176673 3.45
v 1.1890951975 -6.47182844446 3.45
v 1.45869238314 -6.54251032057 4.025
v 1.46879040362 -6.41413793952 4.025
v 4.47465731491 4.82451579654 2.875
v 4.5299917815 4.94078933197 2.875
v 4.26110547759 5.01412912799 3.45
v 4.31134267683 5.13269413996 3.45
v 4.0395273655 5.19429777933 4.025
v 4.08457266993 5.31493093722 4.025
v 0.332297764741 -7.49263492808 2.875
v 0.169383639502 -7.49808703288 2.875
v 0.49456896871 -7.48367567211 3.45
v 0.657093091614 -7.47115979612 3.45
v 0.818822721253 -7.45516796062 4.025
v 0.980650709229 -7.4356118885 4.025
v 1.14201546853 -7.41254346629 4.025
v 4.68992204529 5.85274561031 2.875
v 4.56161803953 5.95328823688 2.875
v 4.43155218672 6.05073096795 3.45
v 4.29900643549 6.14561174317 3.45
v 4.16483499771 6.23731908851 4.025
v 4.02829716592 6.3263592937 4.025
v 3.88985649277 6.41241112497 4.025
v -0.326647394199 -6.5720477963 2.875
v -0.294296866937 -6.69668680151 2.875
v -0.0411760958134 -6.58003156014 3.45
v -0.00344790249299 -6.70314947792 3.45
v 0.244372762412 -6.57562108929 4.025
v 0.287407556466 -6.69698601311 4.025
v 3.59220800725 5.65935211804 2.875
v 3.49433299867 5.57567463643 2.875
v 3.34326339925 5.80988938403 3.45
v 3.24911136773 5.72204387639 3.45
v 3.08802137598 5.94948306535 4.025
v 2.99776966754 5.85763499864 4.025
v -0.290669270868 -6.09262340447 2.875
v -0.0260342640639 -6.09949758838 3.45
v 0.238649781226 -6.09488267776 4.025
v -0.358632418911 -5.84601532832 2.5875
v -0.226311021474 -5.8935857454 2.875
v -0.246000782459 -5.83061628247 2.875
v -0.372469047138 -5.82390499813 2.5875
v -0.365628854234 -5.83230458713 2.5875
v -0.361986746739 -5.83841492447 2.5875
v 0.406841311895 -5.85051555286 4.3125
v -0.403793395926 -5.80456636699 2.5875
v -0.466753789092 -5.79984316395 2.44375
v -0.428869312779 -5.93361037031 2.44375
v -0.22970860793 -5.85817593323 2.875
v -0.102530318407 -5.86178120253 3.1625
v 0.029627052446 -5.8978548551 3.45
v 0.100977400768 -5.81771805805 3.7375
v 0.215495510053 -5.85871598604 3.88125
v 0.285509320457 -5.8910146872 4.025
v 0.342580708062 -5.85266005875 4.16875
v 0.403475966629 -5.84309161106 4.3125
v 0.394758497513 -5.83040538769 4.3125
v 0.386885571488 -5.82296506712 4.3125
v 0.399163165393 -5.83599108999 4.3125
v 0.416314465375 -5.80368177039 4.45625
v -0.471834130357 -5.81260780099 2.371875
v -0.465804271656 -5.81861674149 2.371875
v -0.419522032866 -5.85064150723 2.44375
v -0.409552741365 -5.81669547167 2.515625
v -0.406264613975 -5.81961017543 2.515625
v 0.00722356637804 -5.8357990434 3.45
v 0.0923871390473 -5.91760212915 3.59375
v 0.228800007789 -5.83131659059 3.953125
v 0.165512142126 -5.83345595391 3.809375
v 0.412317627704 -5.81650013599 4.384375
v 0.415982889227 -5.81892359174 4.384375
v 0.419278723363 -5.82142322631 4.384375
v 0.483243692483 -5.81719433554 4.528125
v 0.488605739985 -5.82214802321 4.528125
v 0.493399824354 -5.8277789582 4.528125
v -0.434582693433 -5.82066321161 2.44375
v 0.0246962206023 -5.86262581466 3.45
v 0.0811393071376 -5.84755317371 3.59375
v 0.0954991210316 -5.82975958825 3.665625
v 0.116894812766 -5.85395876507 3.665625
v 0.138475453187 -5.86911962024 3.7015625
v 0.263167562564 -5.85676823389 3.9890625
v 0.459097771781 -5.81262772773 4.4921875
v 0.524043200929 -5.86589403255 4.5640625
v 0.120794514174 -5.8468684256 3.68359375
v 0.476084750301 -5.84028477861 4.47421875
v 0.115266886477 -5.82940224041 3.710546875
v 0.452692547275 -5.81713736401 4.465234375
v 0.130707519557 -5.84665521847 3.7060546875
v 3.2493867374 5.16197969819 2.875
v 3.02234617934 5.29811024666 3.45
v 2.78961268995 5.42426120443 4.025
v 2.60766916729 5.2445517423 4.3125
v 2.74601729931 5.21967035441 4.025
v 2.59292169281 5.23528548811 4.3125
v 2.60060355801 5.23939847162 4.3125
v 2.6975217273 5.17493759858 4.025
v 2.58458875547 5.23225607013 4.3125
v 3.25796107264 4.82096769075 2.44375
v 3.26751028099 4.98386775882 2.73125
v 3.18821767439 4.96193890304 2.875
v 3.20545793413 4.85603534253 2.5875
v 3.05732846207 5.00237283772 3.1625
v 3.16516153407 4.934849924 2.875
v 2.99173371686 4.99054798653 3.1625
v 3.13602642343 4.92157910533 2.875
v 2.83739421996 5.13032020181 3.7375
v 2.96991457208 5.09560370207 3.45
v 2.725396564 5.19068443254 4.025
v 2.54779276886 5.23113676196 4.3125
v 2.49088077912 5.25847437669 4.45625
v 3.34006513263 4.80487669039 2.371875
v 3.26656930194 4.86156214188 2.5875
v 3.32903054699 4.80065708805 2.371875
v 3.31960937759 4.7988300591 2.371875
v 3.26531861045 4.83434342149 2.515625
v 3.25074350274 4.85428920919 2.5875
v 3.25889438407 4.8573699266 2.5875
v 3.2420877559 4.85236742234 2.5875
v 3.2606985168 4.83406430914 2.515625
v 3.26804910315 4.90860610046 2.659375
v 3.26512998162 4.90427971784 2.659375
v 3.20876226135 4.935282421 2.803125
v 3.02848819293 4.98847290328 3.1625
v 2.91952370214 5.05301731716 3.45
v 2.55319665438 5.24541407219 4.384375
v 2.54866169367 5.24448816698 4.384375
v 2.51730190368 5.28261925808 4.528125
v 2.50709693772 5.27666730093 4.528125
v 2.49809635327 5.27333774432 4.528125
v 2.48996676092 5.27155911862 4.528125
v 3.30143585332 4.80741204081 2.4078125
v 3.25617731631 4.87229892733 2.6234375
v 3.24205416201 4.86463734138 2.6234375
v 3.21357222969 4.88139116861 2.6953125
v 3.17463640115 4.92336480827 2.8390625
v 3.01814818045 5.12998660457 3.378125
v 2.99299807951 5.00371656221 3.234375
v 2.98943819891 5.02630291182 3.30625
v 2.94805554729 5.06753982087 3.45
v 2.50737620003 5.26533510949 4.4921875
v 3.00882952038 5.06711381818 3.3421875
v -1.03741304298 -5.71917217875 2.875
v -0.754720564274 -5.76329359844 2.875
v -0.788278939838 -5.75879957813 3.45
v -0.50393825725 -5.79061330957 3.45
v -0.53766002403 -5.78757962628 4.025
v -0.252206725444 -5.8070257447 4.025
v 0.0338576723035 -5.81240138755 4.025
v 2.93092146948 5.01944773573 2.875
v 2.68036784757 5.15759483031 2.875
v 2.71036535998 5.14189419217 3.45
v 2.45405345575 5.26903956186 3.45
v 2.48470397036 5.25465530855 4.025
v 2.22311657631 5.37055946062 4.025
v 1.95614255082 5.47345069886 4.025
v -1.287923703 -5.96202994869 2.875
v -1.02801597627 -6.01229837634 3.45
v -0.76617186502 -6.05124195905 4.025
v -0.656665135369 -5.82014195391 4.3125
v -0.795179789979 -5.84407894526 4.025
v -0.645976288013 -5.80639058989 4.3125
v -0.651788156842 -5.81288288278 4.3125
v -0.764908362386 -5.7854574422 4.025
v -0.639182010255 -5.80069383575 4.3125
v -1.41261391821 -5.64451607706 2.44375
v -1.3658721342 -5.80085809056 2.73125
v -1.2988615673 -5.75313203793 2.875
v -1.3512832631 -5.6595117597 2.5875
v -1.16203672021 -5.74636076081 3.1625
v -1.04800769924 -5.8040718049 3.45
v -1.28646085886 -5.7197910598 2.875
v -1.10444215946 -5.71281431125 3.1625
v -1.26362169769 -5.6973557747 2.875
v -0.911605560028 -5.79137001369 3.7375
v -0.785716406328 -5.80978838152 4.025
v -0.604987919104 -5.7870570615 4.3125
v -0.542158127409 -5.79328096945 4.45625
v -1.49526994376 -5.65747672513 2.371875
v -1.40681888777 -5.68560657105 2.5875
v -1.48634401407 -5.64973754538 2.371875
v -1.47811589141 -5.64479847005 2.371875
v -1.41495297285 -5.65960157867 2.515625
v -1.39443499052 -5.67335950775 2.5875
v -1.40104064616 -5.67904220078 2.5875
v -1.38695853891 -5.66859317906 2.5875
v -1.41070696698 -5.65775913376 2.515625
v -1.39211946459 -5.7303195536 2.659375
v -1.39085609763 -5.72525568541 2.659375
v -1.32728421786 -5.73510980103 2.803125
v -1.13968978968 -5.72343514201 3.1625
v -1.01522117207 -5.74681900068 3.45
v -0.605182782766 -5.80232158227 4.384375
v -0.601237991887 -5.79990046807 4.384375
v -0.558727827397 -5.82500629313 4.528125
v -0.551173985429 -5.815922979 4.528125
v -0.543854978064 -5.80971583804 4.528125
v -0.53682398594 -5.80526399225 4.528125
v -1.45810315414 -5.64664718356 2.4078125
v -1.39338141865 -5.69214158069 2.6234375
v -1.3827304115 -5.68011164165 2.6234375
v -1.35023600348 -5.6861136949 2.6953125
v -1.29929246246 -5.7122391767 2.8390625
v -1.03706534762 -5.77022415602 3.45
v -0.555312243893 -5.80536971566 4.4921875
v 2.35693969895 5.62577850873 2.875
v 2.11061524522 5.72274863158 3.45
v 1.9893448403 5.55230373453 3.45
v 2.22838783823 5.46075610692 2.875
v 1.86031520863 5.80893930923 4.025
v 2.33834438708 5.35552114957 2.5875
v 2.33701178399 5.36250866261 2.5875
v 2.3364592381 5.37079795371 2.5875
v 1.62316443924 5.6138042769 4.3125
v 1.62801783022 5.60411996328 4.3125
v 1.74924561742 5.56747181298 4.025
v 1.62093582804 5.62055960527 4.3125
v 1.6186883893 5.63683421662 4.3125
v 1.74655468605 5.6333929692 4.025
v 2.43241959779 5.42908793577 2.44375
v 1.86173089269 5.55922201533 3.7375
v 1.74065568591 5.59831305773 4.025
v 1.61931164177 5.62870697742 4.3125
v 1.65439636972 5.57844175978 4.3125
v 1.59376843989 5.59606486614 4.45625
v 2.42910566785 5.36023954338 2.371875
v 2.37212653128 5.38990214129 2.515625
v 2.37369279968 5.39378946254 2.515625
v 1.60190837799 5.60674319071 4.384375
v 1.59929302947 5.61027408747 4.384375
v 1.59705088383 5.61375021729 4.384375
v 1.54030962168 5.62463182475 4.528125
v 1.53549710853 5.63165366775 4.528125
v 1.53215269302 5.63814253975 4.528125
v 1.52957362051 5.64507356123 4.528125
v 2.43816416712 5.31993309818 2.3359375
v 2.41177363357 5.31959540284 2.4078125
v 2.41009516154 5.32653510565 2.4078125
v 1.55662498017 5.61910406883 4.4921875
v 1.51381438886 5.69137066739 4.5640625
v 2.45477994666 5.27689763157 2.35390625
v 2.40934200941 5.37547871691 2.42578125
v 2.44114887248 5.2977065779 2.344921875
v -1.4399589342 -6.54665892125 2.875
v -1.37660589513 -6.43455258479 2.875
v -1.15454074579 -6.60297360874 3.45
v -1.09611170965 -6.48822394213 3.45
v -0.866947849116 -6.6468508476 4.025
v -0.813552873619 -6.52967399483 4.025
v 2.55472087516 6.06398482905 2.875
v 2.56695037384 6.19217171448 2.875
v 2.28919621068 6.16912404741 3.45
v 2.2958521137 6.29772084833 3.45
v 2.01935958586 6.26264302192 4.025
v 2.02042935609 6.39140751169 4.025
v -2.25037431456 -7.15442628128 2.875
v -2.40532824553 -7.10382967147 2.875
v -2.09482501561 -7.201507355 3.45
v -1.93782161492 -7.24533280249 3.45
v -1.78037594552 -7.2856201838 4.025
v -1.62161880879 -7.32259191878 4.025
v -1.46209567014 -7.35610469075 4.025
v 2.25037431456 7.15442628128 2.875
v 2.40532824553 7.10382967147 2.875
v 2.09482501561 7.201507355 3.45
v 1.93782161492 7.24533280249 3.45
v 1.78037594552 7.2856201838 4.025
v 1.62161880879 7.32259191878 4.025
v 1.46209567014 7.35610469075 4.025
v -2.55472087516 -6.06398482905 2.875
v -2.56695037384 -6.19217171448 2.875
v -2.28919621068 -6.16912404741 3.45
v -2.2958521137 -6.29772084833 3.45
v -2.01935958586 -6.26264302192 4.025
v -2.02042935609 -6.39140751169 4.025
v 1.4399589342 6.54665892125 2.875
v 1.37660589513 6.43455258479 2.875
v 1.15454074579 6.60297360874 3.45
v 1.09611170965 6.48822394213 3.45
v 0.866947849116 6.6468508476 4.025
v 0.813552873619 6.52967399483 4.025
v -2.35693969895 -5.62577850873 2.875
v -2.11061524522 -5.72274863158 3.45
v -1.86031520863 -5.80893930923 4.025
v -2.33701178399 -5.36250866261 2.5875
v -2.22838783823 -5.46075610692 2.875
v -2.33834438708 -5.35552114957 2.5875
v -2.3364592381 -5.37079795371 2.5875
v -1.62316443924 -5.6138042769 4.3125
v -1.62801783022 -5.60411996328 4.3125
v -1.74924561742 -5.56747181298 4.025
v -1.62093582804 -5.62055960527 4.3125
v -1.6186883893 -5.63683421662 4.3125
v -1.74655468605 -5.6333929692 4.025
v -2.40863643265 -5.30468059709 2.44375
v -2.41717443817 -5.29511017499 2.44375
v -2.43241959779 -5.42908793577 2.44375
v -1.86173089269 -5.55922201533 3.7375
v -1.9893448403 -5.55230373453 3.45
v -1.74065568591 -5.59831305773 4.025
v -1.61931164177 -5.62870697742 4.3125
v -1.65439636972 -5.57844175978 4.3125
v -1.59376843989 -5.59606486614 4.45625
v -2.42535025622 -5.31612658463 2.371875
v -2.39681919843 -5.36267840967 2.44375
v -2.19056422796 -5.42480461353 2.946875
v -2.17619573708 -5.40419631542 3.01875
v -2.13608956311 -5.43284231355 3.090625
v -1.60190837799 -5.60674319071 4.384375
v -1.59929302947 -5.61027408747 4.384375
v -1.59705088383 -5.61375021729 4.384375
v -1.54030962168 -5.62463182475 4.528125
v -1.53549710853 -5.63165366775 4.528125
v -1.53215269302 -5.63814253975 4.528125
v -1.52957362051 -5.64507356123 4.528125
v -2.45195019287 -5.28460915108 2.3359375
v -2.39571871433 -5.33261642351 2.44375
v -2.24238329199 -5.51553638533 2.9109375
v -2.20561343976 -5.5177854671 2.9828125
v -2.05663689508 -5.49150239323 3.2703125
v -2.08535645943 -5.56434862026 3.2703125
v -1.55662498017 -5.61910406883 4.4921875
v -1.51381438886 -5.69137066739 4.5640625
v -2.11176011351 -5.447162747 3.14453125
v -2.09670115227 -5.49513586288 3.18046875
v -1.55012171032 -5.65090308428 4.47421875
v -1.56418630883 -5.62115102496 4.465234375
v 1.287923703 5.96202994869 2.875
v 1.02801597627 6.01229837634 3.45
v 0.76617186502 6.05124195905 4.025
v 1.40681888777 5.68560657105 2.5875
v 1.2988615673 5.75313203793 2.875
v 1.26362169769 5.6973557747 2.875
v 1.40104064616 5.67904220078 2.5875
v 1.39443499052 5.67335950775 2.5875
v 1.38695853891 5.66859317906 2.5875
v 0.656665135369 5.82014195391 4.3125
v 0.795179789979 5.84407894526 4.025
v 0.645976288013 5.80639058989 4.3125
v 0.651788156842 5.81288288278 4.3125
v 0.764908362386 5.7854574422 4.025
v 0.639182010255 5.80069383575 4.3125
v 1.41261391821 5.64451607706 2.44375
v 1.3512832631 5.6595117597 2.5875
v 1.28646085886 5.7197910598 2.875
v 1.16203672021 5.74636076081 3.1625
v 1.10444215946 5.71281431125 3.1625
v 0.911605560028 5.79137001369 3.7375
v 1.04800769924 5.8040718049 3.45
v 0.785716406328 5.80978838152 4.025
v 0.604987919104 5.7870570615 4.3125
v 0.542158127409 5.79328096945 4.45625
v 1.49526994376 5.65747672513 2.371875
v 1.48634401407 5.64973754538 2.371875
v 1.47811589141 5.64479847005 2.371875
v 1.41495297285 5.65960157867 2.515625
v 1.41070696698 5.65775913376 2.515625
v 1.13968978968 5.72343514201 3.1625
v 1.01522117207 5.74681900068 3.45
v 0.605182782766 5.80232158227 4.384375
v 0.601237991887 5.79990046807 4.384375
v 0.558727827397 5.82500629313 4.528125
v 0.551173985429 5.815922979 4.528125
v 0.543854978064 5.80971583804 4.528125
v 0.53682398594 5.80526399225 4.528125
v 1.45810315414 5.64664718356 2.4078125
v 1.08157281986 5.8528780303 3.378125
v 1.10112635357 5.72562116214 3.234375
v 1.09005617351 5.74562783733 3.30625
v 1.03706534762 5.77022415602 3.45
v 0.555312243893 5.80536971566 4.4921875
v 1.09431990316 5.79060976743 3.3421875
v -2.93092146948 -5.01944773573 2.875
v -2.68036784757 -5.15759483031 2.875
v -2.71036535998 -5.14189419217 3.45
v -2.45405345575 -5.26903956186 3.45
v -2.48470397036 -5.25465530855 4.025
v -2.22311657631 -5.37055946062 4.025
v -1.95614255082 -5.47345069886 4.025
v 1.03741304298 5.71917217875 2.875
v 0.754720564274 5.76329359844 2.875
v 0.788278939838 5.75879957813 3.45
v 0.50393825725 5.79061330957 3.45
v 0.53766002403 5.78757962628 4.025
v 0.252206725444 5.8070257447 4.025
v -0.0338576723035 5.81240138755 4.025
v -3.2493867374 -5.16197969819 2.875
v -3.02234617934 -5.29811024666 3.45
v -2.78961268995 -5.42426120443 4.025
v -2.60766916729 -5.2445517423 4.3125
v -2.74601729931 -5.21967035441 4.025
v -2.59292169281 -5.23528548811 4.3125
v -2.60060355801 -5.23939847162 4.3125
v -2.6975217273 -5.17493759858 4.025
v -2.58458875547 -5.23225607013 4.3125
v -3.25796107264 -4.82096769075 2.44375
v -3.26751028099 -4.98386775882 2.73125
v -3.18821767439 -4.96193890304 2.875
v -3.20545793413 -4.85603534253 2.5875
v -3.05732846207 -5.00237283772 3.1625
v -3.16516153407 -4.934849924 2.875
v -2.99173371686 -4.99054798653 3.1625
v -3.13602642343 -4.92157910533 2.875
v -2.83739421996 -5.13032020181 3.7375
v -2.96991457208 -5.09560370207 3.45
v -2.725396564 -5.19068443254 4.025
v -2.54779276886 -5.23113676196 4.3125
v -2.49088077912 -5.25847437669 4.45625
v -3.34006513263 -4.80487669039 2.371875
v -3.26656930194 -4.86156214188 2.5875
v -3.32903054699 -4.80065708805 2.371875
v -3.31960937759 -4.7988300591 2.371875
v -3.26531861045 -4.83434342149 2.515625
v -3.25074350274 -4.85428920919 2.5875
v -3.25889438407 -4.8573699266 2.5875
v -3.2420877559 -4.85236742234 2.5875
v -3.2606985168 -4.83406430914 2.515625
v -3.26804910315 -4.90860610046 2.659375
v -3.26512998162 -4.90427971784 2.659375
v -3.20876226135 -4.935282421 2.803125
v -3.02848819293 -4.98847290328 3.1625
v -2.91952370214 -5.05301731716 3.45
v -2.55319665438 -5.24541407219 4.384375
v -2.54866169367 -5.24448816698 4.384375
v -2.51730190368 -5.28261925808 4.528125
v -2.50709693772 -5.27666730093 4.528125
v -2.49809635327 -5.27333774432 4.528125
v -2.48996676092 -5.27155911862 4.528125
v -3.30143585332 -4.80741204081 2.4078125
v -3.25617731631 -4.87229892733 2.6234375
v -3.24205416201 -4.86463734138 2.6234375
v -3.21357222969 -4.88139116861 2.6953125
v -3.17463640115 -4.92336480827 2.8390625
v -3.01814818045 -5.12998660457 3.378125
v -2.99299807951 -5.00371656221 3.234375
v -2.98943819891 -5.02630291182 3.30625
v -2.94805554729 -5.06753982087 3.45
v -2.50737620003 -5.26533510949 4.4921875
v -3.00882952038 -5.06711381818 3.3421875
v 0.290669270868 6.09262340447 2.875
v 0.0260342640639 6.09949758838 3.45
v -0.238649781226 6.09488267776 4.025
v 0.358632418911 5.84601532832 2.5875
v 0.226311021474 5.8935857454 2.875
v 0.246000782459 5.83061628247 2.875
v 0.372469047138 5.82390499813 2.5875
v 0.365628854234 5.83230458713 2.5875
v 0.361986746739 5.83841492447 2.5875
v -0.406841311895 5.85051555286 4.3125
v 0.403793395926 5.80456636699 2.5875
v 0.466753789092 5.79984316395 2.44375
v 0.428869312779 5.93361037031 2.44375
v 0.22970860793 5.85817593323 2.875
v 0.102530318407 5.86178120253 3.1625
v -0.029627052446 5.8978548551 3.45
v -0.100977400768 5.81771805805 3.7375
v -0.215495510053 5.85871598604 3.88125
v -0.285509320457 5.8910146872 4.025
v -0.342580708062 5.85266005875 4.16875
v -0.403475966629 5.84309161106 4.3125
v -0.394758497513 5.83040538769 4.3125
v -0.386885571488 5.82296506712 4.3125
v -0.399163165393 5.83599108999 4.3125
v -0.416314465375 5.80368177039 4.45625
v 0.471834130357 5.81260780099 2.371875
v 0.465804271656 5.81861674149 2.371875
v 0.419522032866 5.85064150723 2.44375
v 0.409552741365 5.81669547167 2.515625
v 0.406264613975 5.81961017543 2.515625
v -0.00722356637805 5.8357990434 3.45
v -0.0923871390473 5.91760212915 3.59375
v -0.228800007789 5.83131659059 3.953125
v -0.165512142126 5.83345595391 3.809375
v -0.412317627704 5.81650013599 4.384375
v -0.415982889227 5.81892359174 4.384375
v -0.419278723363 5.82142322631 4.384375
v -0.476319797642 5.81224193793 4.528125
v -0.483243692483 5.81719433554 4.528125
v -0.488605739985 5.82214802321 4.528125
v -0.493399824354 5.8277789582 4.528125
v 0.434582693433 5.82066321161 2.44375
v -0.0246962206023 5.86262581466 3.45
v -0.0811393071376 5.84755317371 3.59375
v -0.0954991210316 5.82975958825 3.665625
v -0.116894812766 5.85395876507 3.665625
v -0.138475453187 5.86911962024 3.7015625
v -0.263167562564 5.85676823389 3.9890625
v -0.459097771781 5.81262772773 4.4921875
v -0.524043200929 5.86589403255 4.5640625
v -0.120794514174 5.8468684256 3.68359375
v -0.128959783565 5.83723759499 3.71953125
v -3.59220800725 -5.65935211804 2.875
v -3.49433299867 -5.57567463643 2.875
v -3.34326339925 -5.80988938403 3.45
v -3.24911136773 -5.72204387639 3.45
v -3.08802137598 -5.94948306535 4.025
v -2.99776966754 -5.85763499864 4.025
v 0.326647394199 6.5720477963 2.875
v 0.294296866937 6.69668680151 2.875
v 0.0411760958134 6.58003156014 3.45
v 0.00344790249299 6.70314947792 3.45
v -0.244372762412 6.57562108929 4.025
v -0.287407556466 6.69698601311 4.025
v -4.68992204529 -5.85274561031 2.875
v -4.56161803953 -5.95328823688 2.875
v -4.43155218672 -6.05073096795 3.45
v -4.29900643549 -6.14561174317 3.45
v -4.16483499771 -6.23731908851 4.025
v -4.02829716592 -6.3263592937 4.025
v -3.88985649277 -6.41241112497 4.025
v -0.169383639502 7.49808703288 2.875
v -0.332297764741 7.49263492808 2.875
v -0.49456896871 7.48367567211 3.45
v -0.657093091614 7.47115979612 3.45
v -0.818822721253 7.45516796062 4.025
v -0.980650709229 7.4356118885 4.025
v -1.14201546853 7.41254346629 4.025
v -4.47465731491 -4.82451579654 2.875
v -4.5299917815 -4.94078933197 2.875
v -4.26110547759 -5.01412912799 3.45
v -4.31134267683 -5.13269413996 3.45
v -4.0395273655 -5.19429777933 4.025
v -4.08457266993 -5.31493093722 4.025
v -0.885970437848 6.64434204016 2.875
v -0.907160195905 6.51732852754 2.875
v -1.17343656083 6.59964176673 3.45
v -1.1890951975 6.47182844446 3.45
v -1.45869238314 6.54251032057 4.025
v -1.46879040362 6.41413793952 4.025
v -4.13892841462 -4.48038169718 2.875
v -3.94062487844 -4.65575173103 3.45
v -3.734898729 -4.82235212919 4.025
v -4.03015870948 -4.23980471384 2.5875
v -3.96168819418 -4.36927868977 2.875
v -4.02902107656 -4.2327828223 2.5875
v -4.03247459071 -4.24778308134 2.5875
v -3.44530978926 -4.72009551939 4.3125
v -3.44655825462 -4.70933528386 4.3125
v -3.54794070607 -4.63343494231 4.025
v -3.44552603814 -4.72720568154 4.3125
v -3.44898038145 -4.74326748304 4.3125
v -3.56795842102 -4.6963009191 4.025
v -4.07768550003 -4.16096703479 2.44375
v -4.14258418062 -4.26973737138 2.44375
v -3.65082069221 -4.58721043836 3.7375
v -3.76837238569 -4.53706284029 3.45
v -3.55041713777 -4.66535416202 4.025
v -3.44678636768 -4.73541721144 4.3125
v -3.4625635107 -4.67618367365 4.3125
v -3.41161934978 -4.71347994992 4.45625
v -4.097306115 -4.1660062805 2.371875
v -4.0864173524 -4.21950888344 2.44375
v -3.89329907389 -4.33398062098 3.01875
v -3.42292059165 -4.72073026992 4.384375
v -3.42167060576 -4.72494272942 4.384375
v -3.42075258446 -4.72897608194 4.384375
v -3.37115496807 -4.75860810279 4.528125
v -3.36903429673 -4.76685245327 4.528125
v -3.36811089909 -4.77409385588 4.528125
v -3.36805791264 -4.78148898037 4.528125
v -4.0751014308 -4.19163624461 2.44375
v -3.91515652487 -4.35362457984 2.946875
v -3.9611396753 -4.41182357597 2.946875
v -3.86446900715 -4.49674261105 3.234375
v -3.38459578618 -4.74783353008 4.4921875
v -3.36908362183 -4.83038400406 4.5640625
v -3.90780686093 -4.37568759938 2.9828125
v -3.86009713498 -4.41783278892 3.1265625
v -3.38936061531 -4.77993907954 4.47421875
v -3.89498922432 -4.35572687329 3.00078125
v -3.87130001069 -4.37679493303 3.07265625
v -3.39240121115 -4.74717091295 4.465234375
v -0.82888193772 6.04297139718 2.875
v -1.09030812544 6.00131458975 3.45
v -1.34968059432 5.9483536266 4.025
v -1.37354240322 5.69373714973 4.3125
v -1.25156813762 5.76360536589 4.025
v -1.37888339071 5.67715929333 4.3125
v -1.37564251541 5.68524782927 4.3125
v -1.25996423988 5.69816573405 4.025
v -1.38331951871 5.66948231565 4.3125
v -0.603115322718 5.78725252029 2.44375
v -0.700510350098 5.91817932503 2.73125
v -0.747156413974 5.85041254185 2.875
v -0.665876112283 5.78036753316 2.5875
v -0.873413799956 5.79725276891 3.1625
v -0.747405982063 5.81484097867 2.875
v -0.916061422199 5.74603091788 3.1625
v -0.761194453854 5.78594725363 2.875
v -1.12413618431 5.7538951304 3.7375
v -1.00030436908 5.81248318907 3.45
v -1.24873274588 5.72814610835 4.025
v -1.41078740236 5.64497287156 4.3125
v -1.47195679587 5.62933237757 4.45625
v -0.529876868151 5.82770157135 2.371875
v -0.622614646703 5.82388293713 2.5875
v -0.535617543052 5.81737627349 2.371875
v -0.541660185951 5.80992087716 2.371875
v -0.606076875753 5.80222825864 2.515625
v -0.630062961223 5.80813891982 2.5875
v -0.625799270848 5.8157381718 2.5875
v -0.635458347211 5.80110293886 2.5875
v -0.609436662866 5.79904470722 2.515625
v -0.651720326899 5.86087189806 2.659375
v -0.651175558585 5.85568132155 2.659375
v -0.714283890926 5.84319829785 2.803125
v -0.886572022238 5.76806663371 3.1625
v -1.01153201442 5.74746949871 3.45
v -1.415825064 5.65938347639 4.384375
v -1.41870388505 5.65575917529 4.384375
v -1.46723707082 5.66481160129 4.528125
v -1.47122868397 5.65369251192 4.528125
v -1.47598333394 5.64535645941 4.528125
v -1.48106768443 5.63876835185 4.528125
v -0.561098304742 5.80481334034 2.4078125
v -0.63747684221 5.82542795236 2.6234375
v -0.643371033562 5.81048064842 2.6234375
v -0.6759586121 5.80500699148 2.6953125
v -0.732765322704 5.81213319674 2.8390625
v -0.98545618513 5.8698259863 3.378125
v -0.923557461499 5.75693134875 3.234375
v -0.940802713926 5.77194524922 3.30625
v -0.999010238438 5.77693429853 3.45
v -1.46373056439 5.64519105599 4.4921875
v -0.952180844815 5.81567271843 3.3421875
v -4.47091751096 -3.71430381662 2.875
v -4.28272321043 -3.92981400766 2.875
v -4.30554171698 -3.90480048036 3.45
v -4.10817358952 -4.11194188024 3.45
v -4.13205594754 -4.08794201015 4.025
v -3.92588575837 -4.28632444458 4.025
v -3.71020311272 -4.47432107636 4.025
v -0.981222707081 5.72908005103 2.875
v -1.26195715756 5.67385410144 2.875
v -1.22888555421 5.68110874414 3.45
v -1.50695933241 5.6137536318 3.45
v -1.47423365622 5.6224364255 4.025
v -1.74912297868 5.54307902139 4.025
v -2.01977416046 5.45029068699 4.025
v -4.81892577544 -3.73931851339 2.875
v -4.65213682811 -3.94489182946 3.45
v -4.47658505417 -4.14303449498 4.025
v -4.73232324887 -3.45114156938 2.5875
v -4.69302767688 -3.57226270603 2.875
v -4.63018007968 -3.55218736107 2.875
v -4.72367736312 -3.44982715213 2.5875
v -4.71496437266 -3.44971999031 2.5875
v -4.70617334142 -3.45087454116 2.5875
v -4.24414981253 -4.03639118923 4.3125
v -4.36564459544 -3.96569248469 4.025
v -4.227122474 -4.03272769188 4.3125
v -4.23574778925 -4.0339652795 4.3125
v -4.30477416072 -3.94024390661 4.025
v -4.2182559523 -4.03273100258 4.3125
v -4.71035003933 -3.41593945103 2.44375
v -4.67300707079 -3.46684939559 2.5875
v -4.66209701546 -3.55469305674 2.875
v -4.58386127005 -3.65502492323 3.1625
v -4.53360591626 -3.77253058968 3.45
v -4.42095126149 -3.85047805813 3.7375
v -4.33635367348 -3.94550733464 4.025
v -4.18329620927 -4.04426416557 4.3125
v -4.13916644739 -4.08941816728 4.45625
v -4.76070898062 -3.37405191983 2.371875
v -4.72183863266 -3.42599210037 2.515625
v -4.7174017027 -3.42730998565 2.515625
v -4.19325732831 -4.05583221093 4.384375
v -4.18867918097 -4.05651319255 4.384375
v -4.17225221896 -4.10307037735 4.528125
v -4.16062699852 -4.10096767105 4.528125
v -4.1510304403 -4.10091729246 4.528125
v -4.14278279654 -4.10202641536 4.528125
v -4.818202674 -3.3682874026 2.3359375
v -4.8065268012 -3.36326682266 2.3359375
v -4.79889789591 -3.39388673737 2.4078125
v -4.15701358151 -4.09022338105 4.4921875
v -4.75528930108 -3.39202593085 2.42578125
v -1.8106601611 5.82460800009 2.875
v -2.06168683356 5.74055711703 3.45
v -2.30883008537 5.64569324447 4.025
v -1.66245076285 5.61611697634 2.5875
v -1.80306224446 5.61556196292 2.875
v -1.65669923453 5.61012218061 2.5875
v -2.36506773345 5.3437735611 4.3125
v -2.35512486345 5.33947464606 4.3125
v -2.23870201379 5.38932425373 4.025
v -2.37111719006 5.3475159192 4.3125
v -2.38329994654 5.35853836901 4.3125
v -2.28313668925 5.4380930918 4.025
v -1.62640894079 5.72245182342 2.44375
v -2.14723042602 5.4553086833 3.7375
v -2.04502548541 5.53203763708 3.45
v -2.26510665308 5.40742851635 4.025
v -2.37759841879 5.35271316155 4.3125
v -2.3184120988 5.33675979931 4.3125
v -2.37618370197 5.31128899991 4.45625
v -1.58469266483 5.66758074191 2.371875
v -1.64870685691 5.65766276597 2.515625
v -1.80668778033 5.538686213 3.01875
v -2.37681204234 5.32470132246 4.384375
v -2.38108513223 5.32572503268 4.384375
v -2.38503712862 5.32694667918 4.384375
v -2.43549801963 5.29880989384 4.528125
v -2.44369817226 5.30109551382 4.528125
v -2.4504311097 5.30391652931 4.528125
v -2.45686196859 5.30756820395 4.528125
v -1.53987618042 5.63283908771 2.3359375
v -1.54573155234 5.63696093412 2.3359375
v -1.55184496824 5.64252690463 2.3359375
v -1.57333316406 5.62630526618 2.4078125
v -1.81277122225 5.56743730025 2.946875
v -1.84018145616 5.63635937474 2.946875
v -1.93315942269 5.52678860341 3.234375
v -1.96205883188 5.59509963786 3.234375
v -2.4194465569 5.30506269742 4.4921875
v -2.49869344663 5.33290400601 4.5640625
v -1.51259066126 5.62031524429 2.35390625
v -1.52541331827 5.62209094972 2.35390625
v -1.83555318962 5.57210381434 2.9828125
v -1.89590685739 5.55185857443 3.1265625
v -2.44486836377 5.32524193522 4.47421875
v -1.82467551206 5.55102305237 3.00078125
v -1.85476559381 5.54104162144 3.07265625
v -2.41497000114 5.31149108516 4.465234375
v -5.31118377929 -4.08944392626 2.875
v -5.19059197171 -4.04428803873 2.875
v -5.12873914545 -4.31604675477 3.45
v -5.01022024309 -4.26570087079 3.45
v -4.93663395056 -4.53451982039 4.025
v -4.82041119719 -4.47907877213 4.025
v -1.94082458331 6.28742480622 2.875
v -2.01385318548 6.3934826277 2.875
v -2.2118104639 6.19729015579 3.45
v -2.28937217664 6.30007935254 3.45
v -2.47863014898 6.09548220747 4.025
v -2.56057887602 6.19480916437 4.025
v -6.40884203051 -3.89573405123 2.875
v -6.32266330663 -4.03409576993 2.875
v -6.23376876138 -4.17014712688 3.45
v -6.14166763336 -4.30463920805 3.45
v -6.04695348275 -4.43670525811 4.025
v -5.94910343351 -4.56707437068 4.025
v -5.84844321419 -4.69528614041 4.025
v -2.72366535777 6.98796443815 2.875
v -2.87488982942 6.92712122304 2.875
v -3.02431063634 6.86320225587 3.45
v -3.17275267364 6.79585465575 3.45
v -3.3192592833 6.72551245484 4.025
v -3.46463927885 6.65178732653 4.025
v -3.60838268735 6.5749201023 4.025
v -5.85488404358 -3.00313895669 2.875
v -5.94664932476 -3.09347483773 2.875
v -5.71906253669 -3.25435623507 3.45
v -5.80682168449 -3.34858876781 3.45
v -5.57246852778 -3.49944356489 4.025
v -5.65605623791 -3.5973952517 4.025
v -3.10503869956 5.94061944898 2.875
v -3.08150937905 5.81401846435 2.875
v -3.35988010012 5.80029572731 3.45
v -3.33087967466 5.67483492238 3.45
v -3.60839278598 5.6490464917 4.025
v -3.57397588115 5.52496218611 4.025
v -5.4217012794 -2.79458472957 2.875
v -5.29533699389 -3.02720246014 3.45
v -5.15899834141 -3.25411811203 4.025
v -5.2421139947 -2.61242287876 2.5875
v -5.21715048564 -2.75080177895 2.875
v -5.17246221157 -2.70226521428 2.875
v -5.22988420118 -2.58938484212 2.5875
v -5.23373836218 -2.59950841744 2.5875
v -5.23720901579 -2.60571774372 2.5875
v -4.85189993134 -3.25707358105 4.3125
v -4.84939288773 -3.24653526683 4.3125
v -4.91870178354 -3.14053743538 4.025
v -4.85453495749 -3.26368098648 4.3125
v -4.86327443806 -3.27759268784 4.3125
v -4.95901371295 -3.19276566813 4.025
v -5.22879862973 -2.55258784474 2.5875
v -5.25618841249 -2.49570094331 2.44375
v -5.35309197323 -2.59539346538 2.44375
v -5.18818348198 -2.73015447668 2.875
v -5.12771659202 -2.84209674087 3.1625
v -5.09287860613 -2.97458520761 3.45
v -4.99956763588 -3.06191358251 3.7375
v -4.93194588423 -3.16968470108 4.025
v -4.8585277885 -3.27096624245 4.3125
v -4.85309439029 -3.20990882337 4.3125
v -4.81797861595 -3.26237978817 4.45625
v -5.26978308307 -2.49768355723 2.371875
v -5.27197204884 -2.5059100383 2.371875
v -5.27656519013 -2.56200401571 2.44375
v -5.24218241522 -2.55366465762 2.515625
v -5.24306255904 -2.55796961136 2.515625
v -4.83107806503 -3.26532760801 4.384375
v -4.83134420851 -3.26971354548 4.384375
v -4.83186103848 -3.27381763885 4.384375
v -4.79538927237 -3.31862601405 4.528125
v -4.79621622709 -3.32709848168 4.528125
v -4.7978252227 -3.33421899487 4.528125
v -4.80030471326 -3.34118626121 4.528125
v -5.25813355485 -2.53397195325 2.44375
v -4.80433438906 -3.30390419705 4.4921875
v -4.81799164763 -3.38678174096 4.5640625
v -4.81979260846 -3.33244387742 4.47421875
v -4.8114424609 -3.30061192805 4.465234375
v -2.84571218375 5.39504131041 2.875
v -3.07712497599 5.26648369367 3.45
v -3.30274165482 5.12800605843 4.025
v -3.23808045665 4.88058361469 4.3125
v -3.14735847665 4.98795591764 4.025
v -3.23742938236 4.86317880005 4.3125
v -3.23715039797 4.87188798222 4.3125
v -3.13286655972 4.92359114239 4.025
v -3.23897229811 4.85444755564 4.3125
v -2.54609995469 5.23196089882 2.44375
v -2.68240094775 5.32168078988 2.73125
v -2.70305630486 5.24204695034 2.875
v -2.60272100124 5.20402567298 2.5875
v -2.80351772563 5.14891053473 3.1625
v -2.69112463102 5.20853525759 2.875
v -2.82607447671 5.08619139342 3.1625
v -2.69419932023 5.17666810229 2.875
v -3.02429051433 5.02241557594 3.7375
v -2.92796496757 5.11982331753 3.45
v -3.13256629961 4.95560487607 4.025
v -3.2564009421 4.82202164239 4.3125
v -3.3085320058 4.78640322086 4.45625
v -2.49111270962 5.29501960035 2.371875
v -2.57695166597 5.25971306964 2.5875
v -2.49297571961 5.28335356769 2.371875
v -2.49610405083 5.27428108118 2.371875
v -2.5540049084 5.24502057884 2.515625
v -2.5785660211 5.24237105915 2.5875
v -2.57715855997 5.25097028816 2.5875
v -2.58122957829 5.23391406908 2.5875
v -2.55607323685 5.2408799042 2.515625
v -2.61695302859 5.28451659437 2.659375
v -2.6146658321 5.27982536966 2.659375
v -2.66969882076 5.24651084353 2.803125
v -2.80590016387 5.11698416178 3.1625
v -2.91627951135 5.05489035158 3.45
v -3.26606351269 4.83384019965 4.384375
v -3.26752913561 4.82944985586 4.384375
v -3.31623152417 4.82135702662 4.528125
v -3.31617946106 4.80954328828 4.528125
v -3.31779627268 4.80008377519 4.528125
v -3.32032073382 4.79215402885 4.528125
v -2.51262302714 5.26283333835 2.4078125
v -2.59144598775 5.25608173881 2.6234375
v -2.59187243683 5.24001993543 2.6234375
v -2.62062264298 5.22373077211 2.6953125
v -2.67644079549 5.21099817531 2.8390625
v -2.93362463041 5.17878629894 3.378125
v -2.83684661646 5.09387065144 3.234375
v -2.8581869093 5.10208087921 3.30625
v -2.91459044591 5.08686090616 3.45
v -3.30622586425 4.80411904081 4.4921875
v -2.88383453022 5.1392797094 3.3421875
v -5.47165491691 -1.96116003993 2.875
v -5.36851894785 -2.2280396178 2.875
v -5.38140619989 -2.1967302019 3.45
v -5.26678735821 -2.45888332207 3.45
v -5.2810209948 -2.42816257373 4.025
v -5.15513517806 -2.68509544111 4.025
v -5.01675842246 -2.9355222981 4.025
v -2.88150851737 5.04797631693 2.875
v -3.12642422169 4.90006406264 2.875
v -3.097828314 4.91819235137 3.45
v -3.33609538624 4.75979241586 3.45
v -3.30831300015 4.77914441349 4.025
v -3.53948263728 4.61055516097 4.025
v -3.76207607617 4.43079449186 4.025
v -5.80723124518 -1.86564032941 2.875
v -5.72081111717 -2.11586123722 3.45
v -5.6236151935 -2.36209668075 4.025
v -5.3687233534 -2.34138228795 4.3125
v -5.45871072331 -2.23339357393 4.025
v -5.35146989914 -2.34376341928 4.3125
v -5.35999832414 -2.34197633968 4.3125
v -5.39280729866 -2.23029864771 4.025
v -5.34313922646 -2.34679905935 4.3125
v -5.59460127391 -1.59889849962 2.44375
v -5.70662653728 -1.71754907874 2.73125
v -5.63178927982 -1.75171890569 2.875
v -5.57692258847 -1.6595102463 2.5875
v -5.55751275828 -1.86682706058 3.1625
v -5.59671479156 -1.74578774515 2.875
v -5.49966340038 -1.89993218852 3.1625
v -5.56586568414 -1.75434939638 2.875
v -5.47127633458 -2.10621143363 3.7375
v -5.55047747805 -1.99443461155 3.45
v -5.42428253217 -2.22444382271 4.025
v -5.31423238796 -2.36959362383 4.3125
v -5.28820755451 -2.42711777352 4.45625
v -5.64715353716 -1.53379660575 2.371875
v -5.62728917033 -1.62446239019 2.5875
v -5.63598824605 -1.53765709774 2.371875
v -5.62759682001 -1.54231332333 2.371875
v -5.60883522885 -1.60441556968 2.515625
v -5.61049095378 -1.62906362816 2.5875
v -5.61871513811 -1.62618430908 2.5875
v -5.60262496624 -1.63315526084 2.5875
v -5.60511662182 -1.60717149618 2.515625
v -5.65866203751 -1.65954895536 2.659375
v -5.65364491554 -1.65811112915 2.659375
v -5.63039289012 -1.7180930498 2.803125
v -5.52648512474 -1.87471726071 3.1625
v -5.48450183158 -1.99420217487 3.45
v -5.32754928256 -2.37705712733 4.384375
v -5.32348014071 -2.37926285934 4.384375
v -5.32396734075 -2.42863065424 4.528125
v -5.31232403898 -2.43063081621 4.528125
v -5.30328899354 -2.43386569204 4.528125
v -5.29591808594 -2.43772878694 4.528125
v -5.61919148424 -1.56056921896 2.4078125
v -5.62622992014 -1.63936708463 2.6234375
v -5.61048618375 -1.64257615788 2.6234375
v -5.59943691033 -1.67371816733 2.6953125
v -5.59659047075 -1.73089930891 2.8390625
v -5.60952746942 -1.98976947711 3.378125
v -5.50909655565 -1.9092071861 3.234375
v -5.52088775458 -1.92879758085 3.30625
v -5.51569337845 -1.98698714159 3.45
v -5.30525377407 -2.42177034759 4.4921875
v -5.56197511358 -1.94759604771 3.3421875
v -3.69359725515 4.85405890884 2.875
v -3.90073807181 4.68922073576 3.45
v -4.10053140652 4.51554988434 4.025
v -3.48301784745 4.70883203196 2.5875
v -3.61495959335 4.66021853085 2.875
v -3.5594003708 4.62463745809 2.875
v -3.458206129 4.70078854956 2.5875
v -3.4688451725 4.70282621679 2.5875
v -3.47556283783 4.70516590518 2.5875
v -4.05011489605 4.21260377735 4.3125
v -4.03930133894 4.21196478042 4.3125
v -3.94694921619 4.29862704863 4.025
v -4.05707948763 4.21405140762 4.3125
v -4.07229743386 4.22024237425 4.3125
v -4.00538407781 4.32925721182 4.025
v -3.37051317748 4.74296117911 2.44375
v -3.42177965319 4.70610920192 2.5875
v -3.48551827286 4.82108113224 2.44375
v -3.5895959026 4.63527696748 2.875
v -3.68933754701 4.55629013527 3.1625
v -3.81376366348 4.49897503585 3.45
v -3.88356204421 4.39191725575 3.7375
v -3.97795348337 4.3066085721 4.025
v -4.06494741202 4.21671850713 4.3125
v -4.00387409263 4.221970164 4.3125
v -4.04945011536 4.17827638976 4.45625
v -3.38330797306 4.75673223581 2.371875
v -3.43934734752 4.75151498001 2.44375
v -3.42516417682 4.71910267105 2.515625
v -3.429556564 4.71922189613 2.515625
v -4.05462784666 4.19066494523 4.384375
v -4.0589933672 4.19016543535 4.384375
v -4.06312485676 4.18996174518 4.384375
v -4.10091923633 4.14626317444 4.528125
v -4.10940658732 4.1456063373 4.528125
v -4.11669832307 4.14595442451 4.528125
v -4.1239903 4.14718639294 4.528125
v -3.4085405352 4.73823107925 2.44375
v -4.08797438002 4.15762881141 4.4921875
v -4.17196438589 4.15668705106 4.5640625
v -4.11876477015 4.16789632223 4.47421875
v -4.08596643171 4.16520059218 4.465234375
v -6.38955240281 -2.0262884432 2.875
v -6.26078894798 -2.02510061622 2.875
v -6.29561325858 -2.30162518882 3.45
v -6.16702261415 -2.29485138513 3.45
v -6.18981561375 -2.57262656271 4.025
v -6.06163999477 -2.56027954154 4.025
v -3.97420447254 5.24444559199 2.875
v -4.07910282242 5.31913009124 2.875
v -4.19802003882 5.0670640964 3.45
v -4.30606018374 5.13712667796 3.45
v -4.41392815889 4.88013821169 4.025
v -4.52490659302 4.94544690476 4.025
v -7.32110206637 -1.62833181621 2.875
v -7.35476108241 -1.46883947066 2.875
v -7.28410082278 -1.7865819975 3.45
v -7.24355307329 -1.94446365473 3.45
v -7.19972013425 -2.1009592948 4.025
v -7.1523600276 -2.25693287572 4.025
v -7.10162137016 -2.41184035227 4.025
v -4.94943283688 5.6349902008 2.875
v -5.07072775182 5.52609446507 2.875
v -5.18927580716 5.4149253575 3.45
v -5.30573145837 5.30086914777 3.45
v -5.41934418874 5.184660889 4.025
v -5.53074121881 5.06565904305 4.025
v -5.63952570002 4.94426433848 4.025
v -6.5289253477 -0.819539237059 2.875
v -6.64605319626 -0.873041623241 2.875
v -6.48721624949 -1.10205995101 3.45
v -6.60191229744 -1.16059417036 3.45
v -6.43328774474 -1.38250481023 4.025
v -6.5453359491 -1.44596060692 4.025
v -4.94959346861 4.52037047805 2.875
v -4.88418305285 4.40945196858 2.875
v -5.1410725128 4.30134841993 3.45
v -5.07091090451 4.19337255701 3.45
v -5.32286776463 4.07422428489 4.025
v -5.24808712115 3.96939445329 4.025
v -6.0505369541 -0.771719599884 2.875
v -6.01135331703 -1.03352789581 3.45
v -5.96084661515 -1.29338942489 4.025
v -5.81947708556 -0.661965921751 2.5875
v -5.84334743158 -0.800537576073 2.875
v -5.7847537074 -0.770212414314 2.875
v -5.80010536624 -0.644500084452 2.5875
v -5.80718955957 -0.652694932779 2.5875
v -5.81257462183 -0.65734275742 2.5875
v -5.67327933528 -1.40120049955 4.3125
v -5.66731916916 -1.39215518285 4.3125
v -5.69619483361 -1.26884476435 4.025
v -5.67801531567 -1.40650819765 4.3125
v -5.69098582316 -1.41659184237 4.3125
v -5.75193876386 -1.30413575738 4.025
v -5.78649994844 -0.610293504851 2.5875
v -5.79278145901 -0.547469445929 2.44375
v -5.91793787065 -0.608006803536 2.44375
v -5.80906555871 -0.791042757234 2.875
v -5.79053177766 -0.916914971216 3.1625
v -5.80310850377 -1.05332869868 3.45
v -5.7452929369 -1.16730475958 3.7375
v -5.71860916928 -1.29170448562 4.025
v -5.68425905379 -1.41198847029 4.3125
v -5.65827046236 -1.35647159578 4.3125
v -5.64321855525 -1.41778847638 4.45625
v -5.80623436453 -0.544682842422 2.371875
v -5.81110494174 -0.551664535588 2.371875
v -5.83460635292 -0.602804685387 2.44375
v -5.7994448846 -0.606727853735 2.515625
v -5.80174433014 -0.610472160079 2.515625
v -5.65828639667 -1.42010865212 4.384375
v -5.66017574059 -1.42378847212 4.384375
v -5.64490369585 -1.48604733045 4.528125
v -5.6488510161 -1.49218811524 4.528125
v -5.65356392051 -1.49788716829 4.528125
v -5.80769875123 -0.582767153692 2.44375
v -5.6445993602 -1.46147525742 4.4921875
v -5.68577877475 -1.53468361633 4.5640625
v -5.66888648047 -1.48300676205 4.47421875
v -5.65015274054 -1.45595043279 4.465234375
v -4.51930754219 4.09638961927 2.875
v -4.6927951409 3.89643713911 3.45
v -4.85744332848 3.6891452783 4.025
v -4.71205821804 3.47875966597 4.3125
v -4.66353093333 3.61068537133 4.025
v -4.70549361113 3.46262717061 4.3125
v -4.70821016729 3.4709065431 4.3125
v -4.62789893627 3.5551587945 4.025
v -4.70395721621 3.4538947764 4.3125
v -4.1819873557 4.04561757744 2.44375
v -4.34075440307 4.08330901182 2.73125
v -4.33292771252 4.00141313224 2.875
v -4.22563932537 4.0000015134 2.5875
v -4.39547603807 3.87953370024 3.1625
v -4.3102539327 3.97400331465 2.875
v -4.39522124092 3.81288212273 3.1625
v -4.30224398644 3.94300637833 2.875
v -4.55967077456 3.68515858006 3.7375
v -4.50246977881 3.80963719335 3.45
v -4.63856612584 3.58534455881 4.025
v -4.70924446886 3.41746343768 4.3125
v -4.7460494271 3.36616319593 4.45625
v -4.1518835934 4.12368011938 2.371875
v -4.22047028256 4.06114418085 2.5875
v -4.14964423198 4.11208044764 2.371875
v -4.1494809286 4.10248514672 2.371875
v -4.193882256 4.05518600898 2.515625
v -4.21605596326 4.04429587959 2.5875
v -4.21767449196 4.05285789169 2.5875
v -4.21566642733 4.03543791822 2.5875
v -4.19440965484 4.05058763758 2.515625
v -4.26654257292 4.07077059823 2.659375
v -4.26278881791 4.06714455626 2.659375
v -4.30310867225 4.01701675123 2.803125
v -4.38679533505 3.8487178813 3.1625
v -4.46928065951 3.75261682581 3.45
v -4.72236649979 3.42526445494 4.384375
v -4.72224214882 3.42063760873 4.384375
v -4.76523951335 3.39637563889 4.528125
v -4.76115005355 3.38529216278 4.528125
v -4.75943401548 3.375850146 4.528125
v -4.7590941 3.36753520531 4.528125
v -4.1610883301 4.0860779646 2.4078125
v -4.23284850149 4.05277449606 2.6234375
v -4.22775577225 4.03753548377 2.6234375
v -4.24920090684 4.01239552757 2.6953125
v -4.29729800828 3.98133986779 2.8390625
v -4.52795464957 3.86310855319 3.378125
v -4.40797020207 3.81641397604 3.234375
v -4.43083158106 3.81683025648 3.30625
v -4.47862803084 3.78323701443 3.45
v -4.74994153018 3.38359936807 4.4921875
v -4.46765521041 3.84301371972 3.3421875
v -5.80679206926 -0.257530767674 2.875
v -5.81242998685 0.0285285812035 2.875
v -5.80819367399 -0.223701840803 3.45
v -5.79014884199 -0.509247146001 3.45
v -5.79301697051 -0.475510895056 4.025
v -5.76259921359 -0.760004299652 4.025
v -5.71821862698 -1.042656207 4.025
v -4.61379838358 3.53525398064 2.875
v -4.43424187392 3.75801213882 2.875
v -4.59312726005 3.56206937623 3.45
v -4.76284910096 3.3317299875 3.45
v -4.74336097077 3.35941705255 4.025
v -4.90292845262 3.12193030359 4.025
v -5.05061609476 2.87687908945 4.025
v -6.09509892116 0.233061612214 2.875
v -6.09947115533 -0.0316265529898 3.45
v -6.09235434477 -0.296255146 4.025
v -5.84574962394 -0.363968127616 4.3125
v -5.89337577596 -0.231714436776 4.025
v -5.83035107517 -0.37210668806 4.3125
v -5.83775395598 -0.367510489407 4.3125
v -5.83038828702 -0.251346456187 4.025
v -5.82356105357 -0.377808514496 4.3125
v -5.80406102733 0.410993208073 2.44375
v -5.94991122874 0.337813031056 2.73125
v -5.89127397926 0.280108047299 2.875
v -5.80817893537 0.347990330457 2.5875
v -5.8608461877 0.146537697011 3.1625
v -5.85628616509 0.273685333585 2.875
v -5.81780819357 0.0956434068896 3.1625
v -5.83022574366 0.255088996966 2.875
v -5.86168473429 -0.107904625868 3.7375
v -5.89787953965 0.0242196154556 3.45
v -5.8579628636 -0.235079556461 4.025
v -5.80419371096 -0.409115119573 4.3125
v -5.79941278492 -0.472071155826 4.45625
v -5.83117784225 0.490142909954 2.371875
v -5.84352096791 0.398150927766 2.5875
v -5.8220062666 0.482696479647 2.371875
v -5.81571342842 0.475451022085 2.371875
v -5.81932351885 0.410677157357 2.515625
v -5.82930952384 0.388081849965 2.5875
v -5.83605294405 0.393600361561 2.5875
v -5.82331733419 0.381546646742 2.5875
v -5.81677175364 0.406815595057 2.515625
v -5.88500213174 0.375910493913 2.659375
v -5.87979581372 0.375545651819 2.659375
v -5.87846108211 0.311228422533 2.803125
v -5.8343883568 0.128511258502 3.1625
v -5.83580321349 0.00187303442564 3.45
v -5.81926016707 -0.411573872541 4.384375
v -5.81619082929 -0.415038311114 4.384375
v -5.83353342786 -0.461262231456 4.528125
v -5.82327639878 -0.467124012645 4.528125
v -5.81589262595 -0.473253969126 4.528125
v -5.81028749474 -0.479405089774 4.528125
v -5.81405888046 0.455421297534 2.4078125
v -5.84762330405 0.383782811483 2.6234375
v -5.83392659884 0.375382594052 2.6234375
v -5.83419487267 0.342339603502 2.6953125
v -5.85107719664 0.287633367034 2.8390625
v -5.95177281086 0.0487996943731 3.378125
v -5.82984469597 0.0901540892268 3.234375
v -5.84762510821 0.0757779673909 3.30625
v -5.86264599321 0.0193210852886 3.45
v -5.81360206427 -0.461216068679 4.4921875
v -5.8926640506 0.0721658912185 3.3421875
v -5.13103200853 3.29803867491 2.875
v -5.26930272983 3.07229512824 3.45
v -5.39764812264 2.84076456573 4.025
v -4.88348157578 3.23359244956 2.5875
v -4.99083946416 3.14278396645 2.875
v -4.92646142911 3.1283510682 2.875
v -4.85741515404 3.23452015601 2.5875
v -4.86810950795 3.23279616969 2.5875
v -4.87522226905 3.23269718074 2.5875
v -5.24665842885 2.57333180664 4.3125
v -5.23627845922 2.57642980029 4.3125
v -5.17913609235 2.68945198049 4.025
v -5.25369812289 2.57231010351 4.3125
v -5.27011574996 2.57292286502 4.3125
v -5.24452303341 2.69824901907 4.025
v -4.8250052338 3.25197852225 2.5875
v -4.7894346234 3.30414222064 2.44375
v -4.92422266046 3.33821690492 2.44375
v -4.95847487405 3.12802145655 2.875
v -5.02518627361 3.01968446166 3.1625
v -5.12250565857 2.92326964749 3.45
v -5.15147876459 2.79879578935 3.7375
v -5.21100041523 2.68634807529 4.025
v -5.26200375513 2.57212536861 4.3125
v -5.20640978001 2.59794861727 4.3125
v -5.23429308133 2.54130198222 4.45625
v -4.79794895271 3.31492424376 2.371875
v -4.80616777718 3.31270670319 2.371875
v -4.85704315727 3.28863749153 2.44375
v -4.83262967386 3.26303081404 2.515625
v -4.83679794506 3.26164056408 2.515625
v -5.24339569273 2.55117252797 4.384375
v -5.24732709774 2.54921004626 4.384375
v -5.25113976185 2.54760558746 4.384375
v -5.27170907001 2.49361592388 4.528125
v -5.27945991957 2.49009585386 4.528125
v -5.28643096269 2.48792902834 4.528125
v -5.29370453762 2.48659269698 4.528125
v -4.82355086141 3.28669125837 2.44375
v -5.26343216084 2.50872353068 4.4921875
v -5.34203484856 2.47911229159 4.5640625
v -5.29587735876 2.50784090119 4.47421875
v -5.26413500818 2.51652543596 4.465234375
v -6.69724670681 0.281267330937 2.875
v -6.57584237772 0.238343827913 2.875
v -6.70314349937 -0.00959365672275 3.45
v -6.57999104239 -0.0472089540174 3.45
v -6.69641416197 -0.300436573643 4.025
v -6.57174554869 -0.332672812536 4.025
v -5.52823664938 3.56890883961 2.875
v -5.65235245782 3.60321196378 2.875
v -5.67788644088 3.32567532507 3.45
v -5.803373782 3.35456071011 3.45
v -5.8168412902 3.07617752441 4.025
v -5.94346379438 3.09959076142 4.025
v -7.43650786895 0.97383298616 2.875
v -7.41358740307 1.13521882783 2.875
v -7.45586282307 0.812471287927 3.45
v -7.47175910912 0.650242912581 3.45
v -7.48409428101 0.488193366331 4.025
v -7.49293644477 0.325428032832 4.025
v -7.49823918012 0.162508977325 4.025
v -6.65496107137 3.45853915815 2.875
v -6.57822567001 3.60235298165 2.875
v -6.72833773009 3.31352854523 3.45
v -6.79876072498 3.16652058807 3.45
v -6.86577620401 3.01846270251 4.025
v -6.92975414274 2.86853751782 4.025
v -6.99045868273 2.71725732588 4.025
v -6.41548189822 1.46290900968 2.875
v -6.54384496698 1.45269329573 2.875
v -6.47291594149 1.18316102781 3.45
v -6.60071485348 1.16738521258 3.45
v -6.51815751447 0.901184428136 4.025
v -6.64515154596 0.879878227156 4.025
v -6.19715421713 2.5548981139 2.875
v -6.09775216761 2.47304048882 2.875
v -6.30217570628 2.28359501196 3.45
v -6.19931544059 2.20612757368 3.45
v -6.3953263337 2.00799050018 4.025
v -6.28920160081 1.93505916739 4.025
v -5.94958857572 1.34422630291 2.875
v -6.00231171201 1.084805386 3.45
v -6.04372881437 0.823341115281 4.025
v -5.68685794401 1.37031746677 2.5875
v -5.76475043865 1.24628327315 2.875
v -5.68020799109 1.37284319353 2.5875
v -5.69492535356 1.368333895 2.5875
v -5.81037752271 0.623678041712 4.3125
v -5.80168311807 0.630139362194 4.3125
v -5.78664271986 0.755889311418 4.025
v -5.81664322819 0.620310237661 4.3125
v -5.83228032798 0.615270885966 4.3125
v -5.85109511026 0.741792172697 4.025
v -5.63440348967 1.46096589466 2.44375
v -5.64234590645 1.45089571427 2.44375
v -5.76899312141 1.45271445204 2.44375
v -5.79805111824 0.868098244938 3.7375
v -5.81339787111 0.994974796784 3.45
v -5.81552379084 0.742074354327 4.025
v -5.82438478647 0.617295950111 4.3125
v -5.7809756095 0.660576125654 4.3125
v -5.78780305175 0.597809049995 4.45625
v -5.65652032874 1.46536804243 2.371875
v -5.69741056075 1.42918679593 2.44375
v -5.72277712823 1.21527719982 2.946875
v -5.69998685422 1.20470559203 3.01875
v -5.79973263399 0.603971052547 4.384375
v -5.80275573798 0.600782303257 4.384375
v -5.80578971308 0.597970597236 4.384375
v -5.81273246899 0.53424306055 4.528125
v -5.81854200879 0.529822673434 4.528125
v -5.82491988123 0.526079223578 4.528125
v -5.66761418666 1.43332323977 2.44375
v -5.82112876658 1.25055360901 2.9109375
v -5.81695866191 1.2139518245 2.9828125
v -5.76520538149 1.07180257617 3.2703125
v -5.84193201066 1.08743621123 3.2703125
v -5.80404234308 0.557229167336 4.4921875
v -5.86777706847 0.502520001952 4.5640625
v -5.76334952588 1.17323318373 3.03671875
v -5.73111140054 1.13378784781 3.14453125
v -5.72123329124 1.16023439558 3.090625
v -5.77574073582 1.11062722188 3.18046875
v -5.83422897908 0.545302855675 4.47421875
v -5.72851497055 1.18087772115 3.027734375
v -5.8073712123 0.564320172212 4.465234375
v -5.64780771316 2.30365288378 2.875
v -5.74244495355 2.05642276029 3.45
v -5.82626564849 1.80531913162 4.025
v -5.61769221575 1.6573459605 4.3125
v -5.61721273306 1.7979128812 4.025
v -5.60600586471 1.64443160145 4.3125
v -5.61139030466 1.65128254977 4.3125
v -5.5647384006 1.75792182743 4.025
v -5.60157547102 1.63675131307 4.3125
v -5.31346536204 2.37131306926 2.44375
v -5.47554881468 2.35242990372 2.73125
v -5.44018409085 2.27814983583 2.875
v -5.33888318307 2.31351813757 2.5875
v -5.45727507001 2.14222784568 3.1625
v -5.40950299752 2.26014792193 2.875
v -5.43423945691 2.07968299589 3.1625
v -5.39137453353 2.23375989256 2.875
v -5.54508744579 1.90341707228 3.7375
v -5.53391028535 2.03995259939 3.45
v -5.58508641936 1.7826387737 4.025
v -5.59408361163 1.600708706 4.3125
v -5.61112324326 1.53991421029 4.45625
v -5.30236916657 2.43586895733 2.371875
v -5.32791550841 2.37623615827 2.515625
v -5.34502733388 2.35841892951 2.5875
v -5.34947663396 2.36591101968 2.5875
v -5.35493789557 2.37274136775 2.5875
v -5.34163168863 2.3502283977 2.5875
v -5.32683836557 2.37173472157 2.515625
v -5.4015241155 2.36602958978 2.659375
v -5.39675656022 2.36390608472 2.659375
v -5.41750011075 2.30301115387 2.803125
v -5.43857824663 2.11623942331 3.1625
v -5.48322060057 1.99772232813 3.45
v -5.60908239231 1.60355126546 4.384375
v -5.60738306602 1.59924598274 4.384375
v -5.63948928978 1.56174122394 4.528125
v -5.63185568249 1.55272484086 4.528125
v -5.62701377424 1.54443916695 4.528125
v -5.62385048097 1.53674193649 4.528125
v -5.32612379489 2.48854221496 2.3359375
v -5.31593790873 2.48094090248 2.3359375
v -5.33864108008 2.45902411934 2.4078125
v -5.36370701576 2.3606428365 2.6234375
v -5.35370936651 2.34806466509 2.6234375
v -5.36526282982 2.31710616575 2.6953125
v -5.39983765991 2.2714732139 2.8390625
v -5.57614651249 2.08148290251 3.378125
v -5.44742752661 2.07864145086 3.234375
v -5.46905257204 2.0712135744 3.30625
v -5.50247697774 2.02329890413 3.45
v -5.6207441459 1.55496767494 4.4921875
v -5.31522527695 2.42218837166 2.42578125
v -5.51261073666 2.08322355861 3.3421875
v -5.544680368 1.74404009378 2.875
v -5.45214021804 2.01477623441 2.875
v -5.53442727119 1.77630826378 3.45
v -5.61513292193 1.50181175156 3.45
v -5.60628960376 1.53449441535 4.025
v -5.67500873705 1.25675457681 4.025
v -5.72997727317 0.975969610633 4.025
f 9 1 3
f 10 3 4
f 10 4 5
f 10 9 3
f 11 2 1
f 11 1 9
f 12 11 9
f 12 10 5
f 12 9 10
f 13 7 2
f 13 2 11
f 14 8 7
f 14 11 12
f 14 7 13
f 14 13 11
f 15 5 6
f 15 6 8
f 15 12 5
f 15 8 14
f 15 14 12
f 40 16 18
f 40 18 19
f 40 19 20
f 41 17 16
f 41 16 40
f 42 29 17
f 42 17 41
f 43 20 21
f 43 44 40
f 43 40 20
f 45 46 47
f 45 47 48
f 49 50 1
f 49 45 48
f 51 46 45
f 51 43 46
f 51 44 43
f 52 44 51
f 52 51 45
f 52 53 41
f 52 40 44
f 52 41 40
f 54 42 41
f 54 41 53
f 54 55 42
f 54 52 45
f 54 53 52
f 54 45 56
f 57 54 56
f 57 55 54
f 58 30 29
f 58 31 30
f 58 29 42
f 58 42 55
f 59 45 49
f 59 1 2
f 59 56 45
f 59 49 1
f 60 2 39
f 60 59 2
f 61 21 22
f 61 22 23
f 61 23 24
f 61 24 25
f 61 43 21
f 62 61 25
f 63 25 26
f 63 62 25
f 64 26 27
f 64 27 28
f 64 28 1
f 64 63 26
f 64 1 50
f 65 43 61
f 65 47 46
f 65 46 43
f 65 48 47
f 66 49 48
f 66 50 49
f 66 48 65
f 66 65 50
f 67 58 55
f 68 32 31
f 68 69 32
f 68 31 58
f 70 68 58
f 70 58 67
f 71 69 72
f 71 72 73
f 71 73 74
f 75 74 59
f 75 60 71
f 75 71 74
f 75 59 60
f 76 33 32
f 76 34 33
f 76 35 34
f 76 36 35
f 76 69 71
f 76 32 69
f 77 36 76
f 78 37 36
f 78 38 37
f 78 39 38
f 78 36 77
f 78 60 39
f 79 61 62
f 79 62 63
f 79 64 50
f 79 63 64
f 79 65 61
f 79 50 65
f 80 55 57
f 80 67 55
f 80 57 56
f 81 67 80
f 81 56 59
f 81 70 67
f 81 80 56
f 82 69 68
f 82 70 81
f 82 72 69
f 82 68 70
f 83 59 74
f 83 81 59
f 83 82 81
f 83 72 82
f 83 73 72
f 83 74 73
f 84 71 60
f 84 76 71
f 84 77 76
f 84 78 77
f 84 60 78
f 558 560 559
f 558 561 560
f 563 562 561
f 563 561 558
f 601 603 602
f 601 604 603
f 557 563 558
f 606 601 600
f 606 605 604
f 606 604 601
f 564 563 557
f 556 564 557
f 565 564 556
f 517 519 518
f 517 520 519
f 555 565 556
f 607 606 600
f 607 600 599
f 568 567 566
f 569 568 566
f 595 597 596
f 570 565 555
f 570 569 566
f 570 566 565
f 552 554 553
f 594 598 597
f 594 597 595
f 551 570 555
f 551 554 552
f 551 555 554
f 608 599 598
f 608 607 599
f 516 520 517
f 516 521 520
f 644 643 642
f 550 570 551
f 525 524 523
f 571 570 550
f 526 525 523
f 611 610 609
f 612 611 609
f 549 571 550
f 548 572 571
f 548 571 549
f 527 523 522
f 527 526 523
f 547 573 572
f 547 572 548
f 546 573 547
f 613 594 593
f 613 608 598
f 613 609 608
f 613 598 594
f 613 612 609
f 515 522 521
f 515 521 516
f 545 573 546
f 545 574 573
f 544 574 545
f 544 575 574
f 543 575 544
f 543 576 575
f 542 576 543
f 541 577 576
f 541 576 542
f 514 522 515
f 514 527 522
f 614 613 593
f 614 592 591
f 614 593 592
f 645 642 641
f 645 644 642
f 615 591 590
f 615 614 591
f 616 589 588
f 616 590 589
f 616 615 590
f 617 588 587
f 617 616 588
f 618 587 586
f 618 617 587
f 636 638 637
f 619 586 585
f 619 618 586
f 619 585 584
f 620 619 584
f 635 639 638
f 635 638 636
f 511 513 512
f 510 514 513
f 510 527 514
f 510 513 511
f 509 528 527
f 509 527 510
f 646 641 640
f 646 645 641
f 508 528 509
f 507 528 508
f 507 529 528
f 506 530 529
f 506 529 507
f 505 530 506
f 504 531 530
f 504 530 505
f 503 531 504
f 503 532 531
f 502 533 532
f 502 532 503
f 501 533 502
f 500 534 533
f 500 533 501
f 647 646 640
f 647 640 639
f 486 485 484
f 487 486 484
f 478 480 479
f 478 481 480
f 650 649 648
f 488 487 484
f 488 484 483
f 651 650 648
f 652 635 634
f 652 648 647
f 652 639 635
f 652 647 639
f 652 651 648
f 653 633 632
f 653 634 633
f 653 652 634
f 477 481 478
f 477 482 481
f 654 632 631
f 654 653 632
f 655 630 629
f 655 631 630
f 655 654 631
f 656 655 629
f 656 629 628
f 657 656 628
f 657 628 627
f 658 657 627
f 658 626 625
f 658 627 626
f 659 658 625
f 476 482 477
f 476 483 482
f 475 488 483
f 475 483 476
f 677 679 678
f 685 684 683
f 676 679 677
f 676 680 679
f 472 474 473
f 471 474 472
f 471 475 474
f 471 488 475
f 470 489 488
f 470 488 471
f 469 489 470
f 468 490 489
f 468 489 469
f 467 491 490
f 467 490 468
f 466 491 467
f 465 492 491
f 465 491 466
f 464 493 492
f 464 492 465
f 463 494 493
f 463 493 464
f 462 494 463
f 686 685 683
f 686 683 682
f 461 495 494
f 461 494 462
f 687 686 682
f 687 682 681
f 837 540 539
f 837 541 540
f 837 577 541
f 837 578 577
f 837 579 578
f 838 579 837
f 838 580 579
f 838 581 580
f 838 582 581
f 836 537 536
f 836 538 537
f 836 539 538
f 836 837 539
f 839 621 620
f 839 622 621
f 839 582 838
f 839 583 582
f 839 584 583
f 839 620 584
f 440 442 441
f 447 446 445
f 688 687 681
f 688 681 680
f 448 447 445
f 449 448 445
f 449 445 444
f 691 690 689
f 692 691 689
f 835 836 536
f 835 499 498
f 835 500 499
f 835 535 534
f 835 536 535
f 835 534 500
f 840 623 622
f 840 622 839
f 693 688 680
f 693 689 688
f 693 692 689
f 693 680 676
f 693 676 675
f 694 693 675
f 694 674 673
f 694 675 674
f 695 694 673
f 695 673 672
f 696 695 672
f 696 671 670
f 696 672 671
f 697 670 669
f 697 696 670
f 698 669 668
f 698 697 669
f 699 667 666
f 699 668 667
f 699 698 668
f 700 699 666
f 834 835 498
f 834 498 497
f 841 624 623
f 841 625 624
f 841 623 840
f 841 659 625
f 841 660 659
f 841 661 660
f 437 439 438
f 437 442 440
f 437 440 439
f 436 443 442
f 436 442 437
f 833 496 495
f 833 497 496
f 833 834 497
f 833 460 459
f 833 461 460
f 833 495 461
f 842 661 841
f 842 662 661
f 842 663 662
f 842 664 663
f 435 443 436
f 435 444 443
f 716 718 717
f 715 719 718
f 715 718 716
f 434 444 435
f 434 449 444
f 431 433 432
f 430 434 433
f 430 433 431
f 430 449 434
f 429 450 449
f 429 449 430
f 428 450 429
f 427 450 428
f 427 451 450
f 426 452 451
f 426 451 427
f 425 452 426
f 424 452 425
f 424 453 452
f 423 454 453
f 423 453 424
f 422 455 454
f 422 454 423
f 421 455 422
f 420 456 455
f 420 455 421
f 832 459 458
f 832 833 459
f 843 700 666
f 843 701 700
f 843 702 701
f 843 664 842
f 843 665 664
f 843 666 665
f 724 723 722
f 725 722 721
f 725 724 722
f 831 456 420
f 831 832 458
f 831 419 418
f 831 420 419
f 831 457 456
f 831 458 457
f 844 703 702
f 844 702 843
f 726 721 720
f 726 725 721
f 406 405 404
f 407 406 404
f 408 404 403
f 408 407 404
f 727 726 720
f 727 720 719
f 733 713 712
f 733 714 713
f 734 712 711
f 734 733 712
f 735 710 709
f 735 711 710
f 735 734 711
f 736 735 709
f 736 709 708
f 737 708 707
f 737 736 708
f 732 715 714
f 732 727 719
f 732 728 727
f 732 714 733
f 732 719 715
f 730 729 728
f 731 730 728
f 731 728 732
f 738 706 705
f 738 707 706
f 738 737 707
f 739 738 705
f 830 418 417
f 830 831 418
f 845 703 844
f 845 704 703
f 845 705 704
f 845 740 739
f 845 741 740
f 845 739 705
f 399 401 400
f 829 416 415
f 829 417 416
f 829 830 417
f 846 742 741
f 846 743 742
f 846 741 845
f 396 398 397
f 396 399 398
f 396 401 399
f 395 402 401
f 395 401 396
f 759 758 757
f 744 743 846
f 756 759 757
f 760 759 756
f 385 411 410
f 384 411 385
f 386 410 409
f 386 385 410
f 383 411 384
f 383 412 411
f 387 386 409
f 382 413 412
f 382 412 383
f 381 413 382
f 381 414 413
f 380 414 381
f 394 403 402
f 394 402 395
f 388 409 408
f 388 387 409
f 379 415 414
f 379 414 380
f 379 829 415
f 378 829 379
f 393 408 403
f 393 403 394
f 389 388 408
f 389 408 393
f 377 829 378
f 392 389 393
f 390 389 392
f 391 390 392
f 828 829 377
f 847 744 846
f 847 745 744
f 847 746 745
f 765 764 763
f 766 765 763
f 376 827 828
f 376 828 377
f 375 827 376
f 374 827 375
f 778 751 750
f 778 752 751
f 779 778 750
f 779 750 749
f 777 753 752
f 777 752 778
f 780 779 749
f 780 749 748
f 776 754 753
f 776 755 754
f 776 753 777
f 781 747 746
f 781 748 747
f 781 780 748
f 782 781 746
f 782 746 847
f 363 365 364
f 363 366 365
f 363 367 366
f 768 763 762
f 768 767 766
f 768 766 763
f 783 782 847
f 362 367 363
f 784 847 848
f 784 783 847
f 775 760 756
f 775 756 755
f 775 755 776
f 769 762 761
f 769 768 762
f 770 760 775
f 770 769 761
f 770 761 760
f 771 770 775
f 771 773 772
f 771 774 773
f 771 775 774
f 785 784 848
f 786 785 848
f 358 360 359
f 787 786 848
f 787 848 849
f 788 787 849
f 789 788 849
f 342 371 370
f 341 371 342
f 341 372 371
f 343 342 370
f 340 372 341
f 340 373 372
f 344 343 370
f 344 370 369
f 339 373 340
f 345 369 368
f 345 344 369
f 346 345 368
f 338 373 339
f 338 374 373
f 338 827 374
f 337 827 338
f 336 826 827
f 336 827 337
f 347 368 367
f 347 346 368
f 802 800 799
f 802 801 800
f 803 802 799
f 348 347 367
f 355 357 356
f 355 358 357
f 355 360 358
f 351 349 348
f 351 350 349
f 352 367 362
f 352 351 348
f 352 348 367
f 354 360 355
f 354 361 360
f 353 352 362
f 353 361 354
f 353 362 361
f 335 826 336
f 334 826 335
f 333 825 826
f 333 826 334
f 332 825 333
f 331 825 332
f 25 792 791
f 24 793 792
f 24 792 25
f 23 794 793
f 23 795 794
f 23 793 24
f 26 790 789
f 26 791 790
f 26 25 791
f 27 789 849
f 27 26 789
f 22 796 795
f 22 795 23
f 28 27 849
f 21 797 796
f 21 798 797
f 21 796 22
f 1 28 849
f 1 849 850
f 808 807 806
f 20 799 798
f 20 803 799
f 20 798 21
f 320 322 321
f 320 323 322
f 320 324 323
f 319 324 320
f 3 1 850
f 809 808 806
f 814 18 16
f 814 19 18
f 814 20 19
f 813 804 803
f 813 20 814
f 813 803 20
f 812 805 804
f 812 804 813
f 811 806 805
f 811 810 809
f 811 805 812
f 811 809 806
f 4 3 850
f 5 4 850
f 5 850 815
f 85 5 815
f 86 85 815
f 297 330 329
f 298 329 328
f 298 297 329
f 296 330 297
f 299 298 328
f 299 328 327
f 295 331 330
f 295 825 331
f 295 330 296
f 300 299 327
f 294 825 295
f 301 327 326
f 301 300 327
f 302 301 326
f 302 326 325
f 293 824 825
f 293 825 294
f 303 302 325
f 304 325 324
f 304 303 325
f 292 824 293
f 305 304 324
f 99 97 96
f 99 98 97
f 100 99 96
f 308 306 305
f 308 307 306
f 291 824 292
f 309 305 324
f 309 324 319
f 309 308 305
f 315 317 316
f 310 309 319
f 310 319 318
f 290 823 824
f 290 824 291
f 311 318 317
f 311 310 318
f 289 823 290
f 288 823 289
f 312 315 314
f 312 317 315
f 312 311 317
f 119 87 86
f 119 88 87
f 118 89 88
f 118 88 119
f 120 86 815
f 120 119 86
f 117 90 89
f 117 89 118
f 121 120 815
f 116 91 90
f 116 92 91
f 116 90 117
f 313 312 314
f 122 815 816
f 122 121 815
f 115 93 92
f 115 92 116
f 114 94 93
f 114 95 94
f 114 93 115
f 123 122 816
f 113 95 114
f 113 96 95
f 113 100 96
f 124 123 816
f 277 279 278
f 277 280 279
f 277 281 280
f 276 281 277
f 109 111 110
f 109 112 111
f 109 113 112
f 125 816 817
f 125 124 816
f 126 125 817
f 127 126 817
f 108 113 109
f 108 101 100
f 108 100 113
f 252 288 287
f 252 823 288
f 252 287 253
f 254 287 286
f 254 253 287
f 251 823 252
f 255 286 285
f 255 254 286
f 256 285 284
f 256 255 285
f 250 822 823
f 250 823 251
f 257 256 284
f 258 284 283
f 258 257 284
f 259 283 282
f 259 258 283
f 260 259 282
f 107 102 101
f 107 101 108
f 249 822 250
f 261 260 282
f 261 282 281
f 248 822 249
f 106 103 102
f 106 102 107
f 262 261 281
f 247 821 822
f 247 822 248
f 246 821 247
f 245 821 246
f 105 104 103
f 105 103 106
f 163 127 817
f 162 128 127
f 162 129 128
f 162 127 163
f 164 163 817
f 165 164 817
f 165 817 818
f 161 130 129
f 161 129 162
f 160 130 161
f 160 131 130
f 140 138 137
f 140 139 138
f 159 132 131
f 159 133 132
f 159 131 160
f 158 133 159
f 158 134 133
f 157 134 158
f 157 135 134
f 157 136 135
f 265 263 262
f 265 264 263
f 141 140 137
f 266 281 276
f 266 262 281
f 266 265 262
f 166 818 819
f 166 165 818
f 167 166 819
f 168 167 819
f 209 208 821
f 209 821 245
f 209 245 244
f 207 821 208
f 207 820 821
f 210 209 244
f 211 210 244
f 211 244 243
f 212 211 243
f 212 243 242
f 213 242 241
f 213 212 242
f 214 213 241
f 267 266 276
f 267 276 275
f 215 241 240
f 215 214 241
f 206 819 820
f 206 820 207
f 205 819 206
f 204 168 819
f 204 819 205
f 216 240 239
f 216 215 240
f 203 168 204
f 203 169 168
f 203 170 169
f 156 141 137
f 156 136 157
f 156 137 136
f 202 170 203
f 202 171 170
f 217 216 239
f 201 171 202
f 201 172 171
f 200 172 201
f 200 173 172
f 200 174 173
f 199 174 200
f 199 175 174
f 198 175 199
f 198 176 175
f 177 176 198
f 218 217 239
f 218 239 238
f 268 267 275
f 268 275 274
f 234 236 235
f 234 237 236
f 234 238 237
f 152 154 153
f 152 155 154
f 152 156 155
f 272 274 273
f 233 238 234
f 151 156 152
f 151 142 141
f 151 141 156
f 269 268 274
f 269 274 272
f 219 218 238
f 197 177 198
f 197 178 177
f 271 269 272
f 270 269 271
f 181 179 178
f 181 180 179
f 222 220 219
f 222 221 220
f 150 142 151
f 150 143 142
f 182 178 197
f 182 181 178
f 223 238 233
f 223 219 238
f 223 222 219
f 193 195 194
f 193 196 195
f 193 197 196
f 192 182 197
f 192 197 193
f 183 182 192
f 224 233 232
f 224 223 233
f 149 144 143
f 149 143 150
f 191 183 192
f 146 145 144
f 147 144 149
f 147 146 144
f 225 232 231
f 225 224 232
f 184 183 191
f 148 147 149
f 226 225 231
f 190 184 191
f 185 184 190
f 229 226 231
f 229 231 230
f 228 226 229
f 227 226 228
f 187 186 185
f 188 187 185
f 188 185 190
f 189 188 190
f 865 96 97
f 865 97 98
f 866 98 851
f 866 865 98
f 867 851 864
f 867 866 851
f 868 95 96
f 868 96 865
f 868 865 869
f 870 871 872
f 870 872 873
f 874 6 5
f 874 5 875
f 874 871 870
f 876 877 868
f 876 868 869
f 876 873 877
f 876 870 873
f 878 870 876
f 878 866 879
f 878 876 869
f 878 865 866
f 878 869 865
f 880 879 866
f 880 878 879
f 880 867 881
f 880 866 867
f 882 867 883
f 882 881 867
f 884 883 867
f 884 860 859
f 884 861 860
f 884 862 861
f 884 863 862
f 884 864 863
f 884 867 864
f 885 5 85
f 885 85 86
f 885 86 87
f 885 87 88
f 885 875 5
f 886 885 88
f 887 88 89
f 887 886 88
f 888 89 90
f 888 887 89
f 889 874 875
f 889 871 874
f 890 871 889
f 891 871 890
f 891 868 877
f 891 872 871
f 891 877 873
f 891 873 872
f 892 893 894
f 892 874 870
f 892 895 6
f 892 6 874
f 892 894 896
f 897 892 896
f 897 895 892
f 898 894 893
f 898 897 896
f 898 896 894
f 898 893 883
f 899 883 884
f 899 859 858
f 899 898 883
f 899 884 859
f 900 852 6
f 900 853 852
f 900 854 853
f 900 855 854
f 900 6 895
f 901 856 855
f 901 857 856
f 901 858 857
f 901 899 858
f 901 855 900
f 902 875 885
f 902 885 886
f 902 886 887
f 902 887 888
f 903 90 91
f 903 91 92
f 903 92 93
f 903 93 94
f 903 888 90
f 904 870 878
f 904 878 880
f 904 880 881
f 904 892 870
f 904 905 892
f 906 881 882
f 906 904 881
f 906 905 904
f 906 882 905
f 907 893 892
f 907 882 883
f 907 892 905
f 907 905 882
f 907 883 893
f 908 895 897
f 908 897 898
f 908 898 899
f 908 900 895
f 908 899 901
f 908 901 900
f 909 94 95
f 909 868 891
f 909 903 94
f 909 95 868
f 909 902 888
f 909 888 903
f 910 889 875
f 910 875 902
f 910 890 889
f 910 891 890
f 910 902 909
f 910 909 891
f 913 2 7
f 914 7 8
f 914 8 6
f 914 913 7
f 915 911 2
f 915 2 913
f 916 915 913
f 916 914 6
f 916 913 914
f 917 911 915
f 918 912 911
f 918 915 916
f 918 911 917
f 918 917 915
f 919 6 912
f 919 916 6
f 919 912 918
f 919 918 916
f 925 810 811
f 925 811 812
f 926 812 813
f 926 813 814
f 926 814 16
f 926 925 812
f 927 920 810
f 927 810 925
f 928 16 17
f 928 927 925
f 928 926 16
f 928 925 926
f 929 921 920
f 929 922 921
f 929 920 927
f 930 923 922
f 930 924 923
f 930 17 924
f 930 927 928
f 930 928 17
f 930 929 927
f 930 922 929
f 943 17 29
f 944 931 17
f 944 17 943
f 945 932 931
f 945 933 932
f 945 934 933
f 945 931 944
f 946 935 934
f 946 945 947
f 946 934 945
f 948 949 950
f 951 948 950
f 952 39 2
f 953 29 30
f 953 30 31
f 953 943 29
f 953 954 943
f 955 952 2
f 956 957 958
f 956 959 944
f 956 943 954
f 956 954 957
f 956 944 943
f 960 956 958
f 960 945 944
f 960 944 959
f 960 947 945
f 960 959 956
f 960 958 950
f 961 947 960
f 961 960 950
f 961 946 947
f 961 949 946
f 961 950 949
f 962 958 955
f 962 2 911
f 962 955 2
f 962 950 958
f 962 951 950
f 963 962 911
f 964 36 37
f 964 37 38
f 964 38 39
f 964 39 952
f 964 965 36
f 966 967 968
f 966 968 969
f 966 970 967
f 971 955 970
f 971 970 966
f 971 952 955
f 971 966 952
f 972 953 31
f 973 953 972
f 974 954 953
f 974 953 973
f 975 946 949
f 975 949 948
f 975 948 951
f 976 951 962
f 976 963 975
f 976 975 951
f 976 962 963
f 977 936 935
f 977 937 936
f 977 938 937
f 977 939 938
f 977 946 975
f 977 935 946
f 978 939 977
f 979 940 939
f 979 939 978
f 980 941 940
f 980 942 941
f 980 911 942
f 980 940 979
f 980 963 911
f 981 32 33
f 981 33 34
f 982 34 35
f 982 35 36
f 982 981 34
f 982 36 965
f 983 972 31
f 983 31 32
f 983 966 969
f 983 32 981
f 983 969 972
f 983 981 982
f 983 982 965
f 984 972 969
f 984 973 972
f 984 969 968
f 985 970 955
f 985 968 967
f 985 984 968
f 985 967 970
f 986 955 958
f 986 985 955
f 986 974 973
f 986 973 984
f 986 984 985
f 987 958 957
f 987 954 974
f 987 957 954
f 987 986 958
f 987 974 986
f 988 975 963
f 988 978 977
f 988 979 978
f 988 977 975
f 988 980 979
f 988 963 980
f 989 964 952
f 989 965 964
f 989 983 965
f 989 966 983
f 989 952 966
f 996 98 99
f 996 99 100
f 996 100 101
f 997 101 102
f 997 102 103
f 997 103 104
f 997 996 101
f 998 851 98
f 998 98 996
f 999 104 990
f 999 998 996
f 999 996 997
f 999 997 104
f 1000 991 851
f 1000 992 991
f 1000 993 992
f 1000 851 998
f 1001 994 993
f 1001 995 994
f 1001 990 995
f 1001 1000 998
f 1001 999 990
f 1001 993 1000
f 1001 998 999
f 1005 807 808
f 1006 808 809
f 1006 809 810
f 1006 1005 808
f 1007 1002 807
f 1007 807 1005
f 1008 1007 1005
f 1008 1006 810
f 1008 1005 1006
f 1009 1003 1002
f 1009 1002 1007
f 1010 1004 1003
f 1010 1007 1008
f 1010 1003 1009
f 1010 1009 1007
f 1011 810 920
f 1011 920 1004
f 1011 1008 810
f 1011 1004 1010
f 1011 1010 1008
f 1013 104 105
f 1013 1014 104
f 1015 990 104
f 1015 104 1014
f 1016 1015 1014
f 1016 1013 105
f 1016 1014 1013
f 1017 990 1015
f 1018 1012 990
f 1018 1015 1016
f 1018 990 1017
f 1018 1017 1015
f 1019 105 1012
f 1019 1016 105
f 1019 1012 1018
f 1019 1018 1016
f 1026 801 802
f 1026 802 803
f 1026 803 804
f 1027 804 805
f 1027 805 806
f 1027 806 807
f 1027 1026 804
f 1028 1020 801
f 1028 801 1026
f 1029 807 1002
f 1029 1028 1026
f 1029 1026 1027
f 1029 1027 807
f 1030 1021 1020
f 1030 1022 1021
f 1030 1023 1022
f 1030 1020 1028
f 1031 1024 1023
f 1031 1025 1024
f 1031 1002 1025
f 1031 1030 1028
f 1031 1029 1002
f 1031 1023 1030
f 1031 1028 1029
f 1037 105 106
f 1037 106 107
f 1038 107 108
f 1038 108 109
f 1038 109 110
f 1038 1037 107
f 1039 1012 105
f 1039 105 1037
f 1040 110 1032
f 1040 1039 1037
f 1040 1038 110
f 1040 1037 1038
f 1041 1033 1012
f 1041 1034 1033
f 1041 1012 1039
f 1042 1035 1034
f 1042 1036 1035
f 1042 1032 1036
f 1042 1039 1040
f 1042 1040 1032
f 1042 1041 1039
f 1042 1034 1041
f 1057 799 800
f 1057 800 801
f 1058 801 1020
f 1058 1057 801
f 1059 1020 1056
f 1059 1058 1020
f 1060 797 798
f 1060 798 799
f 1060 1057 1061
f 1060 799 1057
f 1062 1063 1064
f 1062 1064 1065
f 1066 1067 1068
f 1069 1066 1068
f 1070 1071 1059
f 1072 787 1073
f 1072 1063 1062
f 1074 1075 1060
f 1074 1060 1061
f 1074 1062 1065
f 1074 1065 1075
f 1076 1043 787
f 1076 1072 1062
f 1076 787 1072
f 1077 1061 1057
f 1077 1074 1061
f 1078 1058 1059
f 1078 1079 1058
f 1078 1059 1071
f 1080 1069 1068
f 1080 1070 1069
f 1080 1071 1070
f 1080 1078 1071
f 1080 1068 1078
f 1081 1043 1076
f 1081 1068 1067
f 1082 1043 1081
f 1083 1070 1059
f 1083 1052 1051
f 1083 1053 1052
f 1083 1054 1053
f 1083 1055 1054
f 1083 1056 1055
f 1083 1059 1056
f 1084 787 788
f 1084 788 789
f 1084 789 790
f 1084 790 791
f 1084 1073 787
f 1085 1073 1084
f 1085 1084 791
f 1086 791 792
f 1086 1085 791
f 1086 1073 1085
f 1087 792 793
f 1087 793 794
f 1087 794 795
f 1087 795 796
f 1087 796 797
f 1087 1073 1086
f 1087 797 1060
f 1087 1086 792
f 1088 1063 1072
f 1088 1072 1073
f 1089 1063 1088
f 1089 1088 1073
f 1090 1063 1089
f 1090 1060 1075
f 1090 1087 1060
f 1090 1073 1087
f 1090 1064 1063
f 1090 1089 1073
f 1090 1065 1064
f 1090 1075 1065
f 1091 1062 1074
f 1091 1076 1062
f 1091 1074 1077
f 1092 1081 1076
f 1092 1068 1081
f 1092 1078 1068
f 1093 1081 1067
f 1093 1082 1081
f 1094 1069 1070
f 1094 1093 1067
f 1094 1066 1069
f 1094 1067 1066
f 1095 1051 1050
f 1095 1094 1070
f 1095 1070 1083
f 1095 1083 1051
f 1096 1044 1043
f 1096 1045 1044
f 1096 1046 1045
f 1096 1047 1046
f 1096 1043 1082
f 1097 1048 1047
f 1097 1049 1048
f 1097 1050 1049
f 1097 1095 1050
f 1097 1047 1096
f 1098 1091 1077
f 1098 1077 1099
f 1098 1076 1091
f 1098 1099 1092
f 1098 1092 1076
f 1100 1092 1099
f 1100 1078 1092
f 1100 1079 1078
f 1101 1077 1057
f 1101 1057 1058
f 1101 1058 1079
f 1102 1093 1094
f 1102 1094 1095
f 1102 1082 1093
f 1102 1096 1082
f 1102 1095 1097
f 1102 1097 1096
f 1103 1100 1099
f 1103 1077 1101
f 1103 1099 1077
f 1103 1079 1100
f 1103 1101 1079
f 1116 110 111
f 1116 111 112
f 1116 112 113
f 1117 1032 110
f 1117 110 1116
f 1118 1105 1032
f 1118 1032 1117
f 1119 1120 1116
f 1119 1116 113
f 1121 1122 1123
f 1121 1123 1124
f 1125 1108 1107
f 1126 1127 122
f 1126 1121 1124
f 1128 1122 1121
f 1128 1119 1122
f 1128 1120 1119
f 1129 1120 1128
f 1129 1128 1121
f 1129 1130 1117
f 1129 1116 1120
f 1129 1117 1116
f 1131 122 1104
f 1131 1126 122
f 1132 1133 1118
f 1134 1106 1105
f 1134 1107 1106
f 1134 1105 1118
f 1134 1118 1133
f 1134 1125 1107
f 1135 1125 1134
f 1135 1134 1133
f 1135 1136 1125
f 1135 1137 1136
f 1135 1138 1137
f 1139 1131 1104
f 1139 1104 1115
f 1140 118 119
f 1140 1141 118
f 1142 119 120
f 1142 120 121
f 1142 121 122
f 1142 1140 119
f 1142 122 1127
f 1143 1123 1122
f 1143 1122 1119
f 1143 1124 1123
f 1144 1124 1143
f 1144 1127 1126
f 1144 1126 1124
f 1145 1126 1131
f 1145 1129 1121
f 1145 1121 1126
f 1146 1118 1117
f 1146 1117 1130
f 1147 1138 1135
f 1147 1132 1148
f 1147 1148 1131
f 1147 1139 1138
f 1147 1131 1139
f 1149 1125 1136
f 1149 1136 1137
f 1149 1137 1138
f 1150 1138 1139
f 1150 1139 1149
f 1150 1149 1138
f 1151 1109 1108
f 1151 1110 1109
f 1151 1111 1110
f 1151 1112 1111
f 1151 1125 1149
f 1151 1108 1125
f 1152 1112 1151
f 1153 1113 1112
f 1153 1114 1113
f 1153 1115 1114
f 1153 1112 1152
f 1153 1139 1115
f 1154 114 115
f 1154 115 116
f 1155 116 117
f 1155 117 118
f 1155 118 1141
f 1155 1154 116
f 1156 113 114
f 1156 114 1154
f 1156 1119 113
f 1156 1155 1141
f 1156 1154 1155
f 1157 1145 1158
f 1157 1129 1145
f 1157 1146 1130
f 1157 1158 1146
f 1157 1130 1129
f 1159 1146 1158
f 1160 1132 1118
f 1160 1118 1146
f 1160 1148 1132
f 1160 1146 1159
f 1161 1145 1131
f 1161 1158 1145
f 1161 1159 1158
f 1162 1133 1132
f 1162 1135 1133
f 1162 1147 1135
f 1162 1132 1147
f 1163 1151 1149
f 1163 1152 1151
f 1163 1149 1139
f 1163 1153 1152
f 1163 1139 1153
f 1164 1141 1140
f 1164 1142 1127
f 1164 1140 1142
f 1164 1156 1141
f 1165 1119 1156
f 1165 1156 1164
f 1165 1143 1119
f 1166 1160 1159
f 1166 1159 1161
f 1167 1161 1131
f 1167 1131 1148
f 1167 1148 1160
f 1167 1166 1161
f 1167 1160 1166
f 1168 1144 1143
f 1168 1127 1144
f 1168 1164 1127
f 1168 1143 1165
f 1168 1165 1164
f 1172 784 785
f 1173 785 786
f 1173 786 787
f 1173 1172 785
f 1174 1169 784
f 1174 784 1172
f 1175 1174 1172
f 1175 1173 787
f 1175 1172 1173
f 1176 1170 1169
f 1176 1169 1174
f 1177 1171 1170
f 1177 1174 1175
f 1177 1170 1176
f 1177 1176 1174
f 1178 787 1043
f 1178 1043 1171
f 1178 1175 787
f 1178 1171 1177
f 1178 1177 1175
f 1180 122 123
f 1181 123 124
f 1181 124 125
f 1181 1180 123
f 1182 1104 122
f 1182 122 1180
f 1183 1182 1180
f 1183 1181 125
f 1183 1180 1181
f 1184 1104 1182
f 1185 1179 1104
f 1185 1182 1183
f 1185 1104 1184
f 1185 1184 1182
f 1186 125 1179
f 1186 1183 125
f 1186 1179 1185
f 1186 1185 1183
f 1199 772 773
f 1199 773 774
f 1199 774 775
f 1200 1187 772
f 1200 772 1199
f 1201 1188 1187
f 1201 1187 1200
f 1202 1203 1199
f 1202 1199 775
f 1204 1205 1206
f 1204 1206 1207
f 1208 1209 784
f 1208 1204 1207
f 1210 1205 1204
f 1210 1202 1205
f 1210 1203 1202
f 1211 1203 1210
f 1211 1210 1204
f 1211 1212 1200
f 1211 1199 1203
f 1211 1200 1199
f 1213 1201 1200
f 1213 1200 1212
f 1213 1214 1201
f 1213 1211 1204
f 1213 1212 1211
f 1213 1204 1215
f 1216 1213 1215
f 1216 1214 1213
f 1217 1189 1188
f 1217 1190 1189
f 1217 1188 1201
f 1217 1201 1214
f 1218 1204 1208
f 1218 784 1169
f 1218 1208 784
f 1218 1215 1204
f 1219 1169 1198
f 1219 1218 1169
f 1220 780 781
f 1220 1221 780
f 1222 781 782
f 1222 782 783
f 1222 783 784
f 1222 1220 781
f 1222 784 1209
f 1223 1206 1205
f 1223 1205 1202
f 1223 1207 1206
f 1224 1208 1207
f 1224 1207 1223
f 1224 1209 1208
f 1225 1217 1214
f 1226 1191 1190
f 1226 1227 1191
f 1226 1190 1217
f 1228 1226 1217
f 1228 1217 1225
f 1229 1227 1230
f 1229 1230 1231
f 1229 1231 1232
f 1233 1232 1218
f 1233 1219 1229
f 1233 1229 1232
f 1233 1218 1219
f 1234 1192 1191
f 1234 1193 1192
f 1234 1194 1193
f 1234 1195 1194
f 1234 1227 1229
f 1234 1191 1227
f 1235 1195 1234
f 1236 1196 1195
f 1236 1197 1196
f 1236 1198 1197
f 1236 1195 1235
f 1236 1219 1198
f 1237 776 777
f 1237 777 778
f 1238 778 779
f 1238 779 780
f 1238 1237 778
f 1238 780 1221
f 1239 775 776
f 1239 776 1237
f 1239 1202 775
f 1239 1237 1238
f 1239 1238 1221
f 1240 1214 1216
f 1240 1225 1214
f 1240 1216 1215
f 1241 1225 1240
f 1241 1215 1218
f 1241 1228 1225
f 1241 1240 1215
f 1242 1227 1226
f 1242 1228 1241
f 1242 1230 1227
f 1242 1226 1228
f 1243 1218 1232
f 1243 1241 1218
f 1243 1242 1241
f 1243 1230 1242
f 1243 1231 1230
f 1243 1232 1231
f 1244 1229 1219
f 1244 1234 1229
f 1244 1235 1234
f 1244 1236 1235
f 1244 1219 1236
f 1245 1221 1220
f 1245 1222 1209
f 1245 1220 1222
f 1245 1239 1221
f 1246 1223 1202
f 1246 1202 1239
f 1246 1239 1245
f 1247 1224 1223
f 1247 1209 1224
f 1247 1223 1246
f 1247 1245 1209
f 1247 1246 1245
f 1262 137 138
f 1262 138 139
f 1263 139 1248
f 1263 1262 139
f 1264 1248 1261
f 1264 1263 1248
f 1265 136 137
f 1265 1262 1266
f 1265 137 1262
f 1267 1268 1269
f 1267 1269 1270
f 1271 1272 1273
f 1274 1271 1273
f 1275 1276 1264
f 1277 125 1278
f 1277 1268 1267
f 1279 1280 1265
f 1279 1265 1266
f 1279 1267 1270
f 1279 1270 1280
f 1281 1179 125
f 1281 1277 1267
f 1281 1273 1179
f 1281 125 1277
f 1282 1266 1262
f 1282 1279 1266
f 1283 1263 1264
f 1283 1284 1263
f 1283 1264 1276
f 1285 1274 1273
f 1285 1275 1274
f 1285 1276 1275
f 1285 1283 1276
f 1285 1273 1283
f 1286 1179 1273
f 1286 1273 1272
f 1287 1275 1264
f 1287 1257 1256
f 1287 1258 1257
f 1287 1259 1258
f 1287 1260 1259
f 1287 1261 1260
f 1287 1264 1261
f 1288 125 126
f 1288 126 127
f 1288 127 128
f 1288 128 129
f 1288 1278 125
f 1289 1288 129
f 1290 129 130
f 1290 1289 129
f 1291 130 131
f 1291 1290 130
f 1292 1268 1277
f 1292 1277 1278
f 1293 1268 1292
f 1294 1268 1293
f 1294 1265 1280
f 1294 1269 1268
f 1294 1270 1269
f 1294 1280 1270
f 1295 1267 1279
f 1295 1279 1282
f 1295 1281 1267
f 1296 1273 1281
f 1296 1283 1273
f 1297 1286 1272
f 1298 1274 1275
f 1298 1271 1274
f 1298 1297 1272
f 1298 1272 1271
f 1299 1256 1255
f 1299 1275 1287
f 1299 1287 1256
f 1299 1298 1275
f 1300 1249 1179
f 1300 1250 1249
f 1300 1251 1250
f 1300 1252 1251
f 1300 1179 1286
f 1301 1253 1252
f 1301 1254 1253
f 1301 1255 1254
f 1301 1299 1255
f 1301 1252 1300
f 1302 1278 1288
f 1302 1288 1289
f 1302 1289 1290
f 1302 1290 1291
f 1303 131 132
f 1303 132 133
f 1303 133 134
f 1303 134 135
f 1303 1291 131
f 1304 1295 1282
f 1304 1282 1305
f 1304 1281 1295
f 1304 1296 1281
f 1304 1305 1296
f 1306 1296 1305
f 1306 1283 1296
f 1306 1284 1283
f 1307 1282 1262
f 1307 1262 1263
f 1307 1263 1284
f 1308 1297 1298
f 1308 1298 1299
f 1308 1300 1286
f 1308 1299 1301
f 1308 1301 1300
f 1308 1286 1297
f 1309 135 136
f 1309 1265 1294
f 1309 1303 135
f 1309 136 1265
f 1309 1302 1291
f 1309 1291 1303
f 1310 1282 1307
f 1310 1305 1282
f 1310 1306 1305
f 1310 1284 1306
f 1310 1307 1284
f 1311 1293 1292
f 1311 1278 1302
f 1311 1292 1278
f 1311 1294 1293
f 1311 1302 1309
f 1311 1309 1294
f 1317 767 768
f 1317 768 769
f 1318 769 770
f 1318 770 771
f 1318 771 772
f 1318 1317 769
f 1319 1312 767
f 1319 767 1317
f 1320 772 1187
f 1320 1319 1317
f 1320 1318 772
f 1320 1317 1318
f 1321 1313 1312
f 1321 1314 1313
f 1321 1312 1319
f 1322 1315 1314
f 1322 1316 1315
f 1322 1187 1316
f 1322 1319 1320
f 1322 1320 1187
f 1322 1321 1319
f 1322 1314 1321
f 1329 139 140
f 1329 140 141
f 1329 141 142
f 1330 142 143
f 1330 143 144
f 1330 144 145
f 1330 1329 142
f 1331 1248 139
f 1331 139 1329
f 1332 145 1323
f 1332 1331 1329
f 1332 1329 1330
f 1332 1330 145
f 1333 1324 1248
f 1333 1325 1324
f 1333 1326 1325
f 1333 1248 1331
f 1334 1327 1326
f 1334 1328 1327
f 1334 1323 1328
f 1334 1333 1331
f 1334 1332 1323
f 1334 1326 1333
f 1334 1331 1332
f 1338 764 765
f 1339 765 766
f 1339 766 767
f 1339 1338 765
f 1340 1335 764
f 1340 764 1338
f 1341 1340 1338
f 1341 1339 767
f 1341 1338 1339
f 1342 1336 1335
f 1342 1335 1340
f 1343 1337 1336
f 1343 1340 1341
f 1343 1336 1342
f 1343 1342 1340
f 1344 767 1312
f 1344 1312 1337
f 1344 1341 767
f 1344 1337 1343
f 1344 1343 1341
f 1346 145 146
f 1347 146 147
f 1347 147 148
f 1347 1346 146
f 1348 1323 145
f 1348 145 1346
f 1349 1348 1346
f 1349 1347 148
f 1349 1346 1347
f 1350 1323 1348
f 1351 1345 1323
f 1351 1348 1349
f 1351 1323 1350
f 1351 1350 1348
f 1352 148 1345
f 1352 1349 148
f 1352 1345 1351
f 1352 1351 1349
f 1359 758 759
f 1359 759 760
f 1359 760 761
f 1360 761 762
f 1360 762 763
f 1360 763 764
f 1360 1359 761
f 1361 1353 758
f 1361 758 1359
f 1362 764 1335
f 1362 1361 1359
f 1362 1359 1360
f 1362 1360 764
f 1363 1354 1353
f 1363 1355 1354
f 1363 1356 1355
f 1363 1353 1361
f 1364 1357 1356
f 1364 1358 1357
f 1364 1335 1358
f 1364 1363 1361
f 1364 1362 1335
f 1364 1356 1363
f 1364 1361 1362
f 1370 148 149
f 1370 149 150
f 1371 150 151
f 1371 151 152
f 1371 152 153
f 1371 1370 150
f 1372 1345 148
f 1372 148 1370
f 1373 153 1365
f 1373 1372 1370
f 1373 1371 153
f 1373 1370 1371
f 1374 1366 1345
f 1374 1367 1366
f 1374 1345 1372
f 1375 1368 1367
f 1375 1369 1368
f 1375 1365 1369
f 1375 1372 1373
f 1375 1373 1365
f 1375 1374 1372
f 1375 1367 1374
f 1390 756 757
f 1390 757 758
f 1391 758 1353
f 1391 1390 758
f 1392 1353 1389
f 1392 1391 1353
f 1393 1394 1395
f 1396 755 756
f 1396 1390 1394
f 1396 756 1390
f 1396 1394 1393
f 1397 1398 1399
f 1400 1397 1399
f 1401 1402 1392
f 1403 744 745
f 1404 1395 1403
f 1405 1395 1404
f 1405 1393 1395
f 1405 1396 1393
f 1406 1376 744
f 1406 744 1403
f 1407 1391 1392
f 1407 1408 1391
f 1407 1392 1402
f 1409 1407 1402
f 1409 1399 1407
f 1409 1400 1399
f 1409 1402 1401
f 1409 1401 1400
f 1410 1399 1398
f 1410 1376 1406
f 1411 1376 1410
f 1412 1385 1384
f 1412 1386 1385
f 1412 1387 1386
f 1412 1388 1387
f 1412 1389 1388
f 1412 1401 1392
f 1412 1392 1389
f 1413 749 750
f 1413 1414 749
f 1415 1413 750
f 1416 750 751
f 1416 751 752
f 1416 752 753
f 1416 753 754
f 1416 754 755
f 1416 1415 750
f 1416 755 1396
f 1417 1395 1394
f 1418 1417 1394
f 1418 1394 1390
f 1419 1390 1391
f 1419 1418 1390
f 1419 1391 1408
f 1420 1410 1406
f 1420 1399 1410
f 1420 1407 1399
f 1421 1410 1398
f 1421 1411 1410
f 1422 1421 1398
f 1422 1398 1397
f 1422 1397 1400
f 1422 1400 1401
f 1423 1384 1383
f 1423 1412 1384
f 1423 1422 1401
f 1423 1401 1412
f 1424 1377 1376
f 1424 1376 1411
f 1424 1378 1377
f 1424 1379 1378
f 1424 1380 1379
f 1425 1381 1380
f 1425 1382 1381
f 1425 1383 1382
f 1425 1423 1383
f 1425 1380 1424
f 1426 745 746
f 1426 746 747
f 1426 747 748
f 1426 748 749
f 1426 749 1414
f 1427 1404 1403
f 1427 745 1426
f 1427 1405 1404
f 1427 1426 1414
f 1427 1403 745
f 1428 1396 1405
f 1428 1414 1413
f 1428 1416 1396
f 1428 1413 1415
f 1428 1415 1416
f 1428 1405 1427
f 1428 1427 1414
f 1429 1395 1417
f 1429 1406 1403
f 1429 1403 1395
f 1430 1429 1417
f 1430 1417 1418
f 1431 1420 1406
f 1431 1432 1420
f 1433 1419 1432
f 1433 1418 1419
f 1433 1430 1418
f 1433 1432 1431
f 1434 1432 1419
f 1434 1419 1408
f 1434 1407 1420
f 1434 1420 1432
f 1434 1408 1407
f 1435 1424 1411
f 1435 1411 1421
f 1435 1421 1422
f 1435 1422 1423
f 1435 1423 1425
f 1435 1425 1424
f 1436 1429 1430
f 1436 1406 1429
f 1437 1431 1406
f 1437 1406 1436
f 1437 1430 1433
f 1437 1433 1431
f 1437 1436 1430
f 1450 153 154
f 1450 154 155
f 1450 155 156
f 1451 1365 153
f 1451 153 1450
f 1452 1439 1365
f 1452 1365 1451
f 1453 156 157
f 1453 1454 1450
f 1453 1450 156
f 1455 1456 1457
f 1455 1457 1458
f 1459 1460 165
f 1459 1455 1458
f 1461 1456 1455
f 1461 1453 1456
f 1461 1454 1453
f 1462 1454 1461
f 1462 1461 1455
f 1462 1463 1451
f 1462 1450 1454
f 1462 1451 1450
f 1464 165 1438
f 1464 1459 165
f 1465 1440 1439
f 1465 1441 1440
f 1465 1439 1452
f 1465 1452 1466
f 1467 1468 1464
f 1467 1464 1438
f 1469 1467 1438
f 1469 1438 1449
f 1470 157 158
f 1470 158 159
f 1470 159 160
f 1470 160 161
f 1470 1453 157
f 1471 1470 161
f 1472 161 162
f 1472 1471 161
f 1473 162 163
f 1473 163 164
f 1473 164 165
f 1473 1472 162
f 1473 165 1460
f 1474 1453 1470
f 1474 1457 1456
f 1474 1456 1453
f 1474 1458 1457
f 1475 1459 1458
f 1475 1460 1459
f 1475 1458 1474
f 1475 1474 1460
f 1476 1455 1459
f 1476 1462 1455
f 1476 1459 1464
f 1477 1451 1463
f 1478 1452 1451
f 1478 1451 1477
f 1478 1466 1452
f 1479 1468 1480
f 1479 1466 1478
f 1479 1480 1466
f 1481 1468 1479
f 1481 1464 1468
f 1482 1465 1466
f 1483 1442 1441
f 1483 1484 1442
f 1483 1441 1465
f 1485 1483 1465
f 1485 1465 1482
f 1486 1484 1487
f 1486 1487 1488
f 1486 1488 1489
f 1490 1467 1469
f 1490 1489 1467
f 1490 1469 1486
f 1490 1486 1489
f 1491 1443 1442
f 1491 1444 1443
f 1491 1445 1444
f 1491 1446 1445
f 1491 1442 1484
f 1491 1484 1486
f 1492 1446 1491
f 1493 1447 1446
f 1493 1448 1447
f 1493 1449 1448
f 1493 1446 1492
f 1493 1469 1449
f 1494 1470 1471
f 1494 1471 1472
f 1494 1473 1460
f 1494 1472 1473
f 1494 1474 1470
f 1494 1460 1474
f 1495 1462 1476
f 1495 1477 1463
f 1495 1476 1496
f 1495 1496 1477
f 1495 1463 1462
f 1497 1477 1496
f 1498 1476 1464
f 1498 1496 1476
f 1498 1497 1496
f 1499 1478 1477
f 1499 1479 1478
f 1499 1481 1479
f 1499 1477 1497
f 1500 1464 1481
f 1500 1481 1499
f 1501 1480 1468
f 1501 1482 1466
f 1501 1466 1480
f 1502 1501 1468
f 1502 1485 1482
f 1502 1468 1467
f 1502 1482 1501
f 1503 1484 1483
f 1503 1483 1485
f 1503 1485 1502
f 1503 1487 1484
f 1504 1487 1503
f 1504 1467 1489
f 1504 1503 1502
f 1504 1488 1487
f 1504 1489 1488
f 1504 1502 1467
f 1505 1486 1469
f 1505 1491 1486
f 1505 1492 1491
f 1505 1493 1492
f 1505 1469 1493
f 1506 1498 1464
f 1506 1497 1498
f 1507 1500 1499
f 1507 1506 1464
f 1507 1497 1506
f 1507 1499 1497
f 1507 1464 1500
f 1511 741 742
f 1512 742 743
f 1512 743 744
f 1512 1511 742
f 1513 1508 741
f 1513 741 1511
f 1514 1513 1511
f 1514 1512 744
f 1514 1511 1512
f 1515 1509 1508
f 1515 1508 1513
f 1516 1510 1509
f 1516 1513 1514
f 1516 1509 1515
f 1516 1515 1513
f 1517 744 1376
f 1517 1376 1510
f 1517 1514 744
f 1517 1510 1516
f 1517 1516 1514
f 1519 165 166
f 1519 1520 165
f 1521 1438 165
f 1521 165 1520
f 1522 1521 1520
f 1522 1519 166
f 1522 1520 1519
f 1523 1438 1521
f 1524 1518 1438
f 1524 1521 1522
f 1524 1438 1523
f 1524 1523 1521
f 1525 166 1518
f 1525 1522 166
f 1525 1518 1524
f 1525 1524 1522
f 1538 729 730
f 1538 730 731
f 1538 731 732
f 1539 1526 729
f 1539 729 1538
f 1540 1527 1526
f 1540 1526 1539
f 1541 732 733
f 1541 1542 1538
f 1541 1538 732
f 1543 1544 1545
f 1543 1545 1546
f 1547 1548 741
f 1547 1543 1546
f 1549 1544 1543
f 1549 1541 1544
f 1549 1542 1541
f 1550 1542 1549
f 1550 1549 1543
f 1550 1551 1539
f 1550 1538 1542
f 1550 1539 1538
f 1552 1540 1539
f 1552 1539 1551
f 1552 1553 1540
f 1552 1550 1543
f 1552 1551 1550
f 1552 1543 1554
f 1555 1552 1554
f 1555 1553 1552
f 1556 1528 1527
f 1556 1529 1528
f 1556 1527 1540
f 1556 1540 1553
f 1557 1543 1547
f 1557 741 1508
f 1557 1554 1543
f 1557 1547 741
f 1558 1508 1537
f 1558 1557 1508
f 1559 733 734
f 1559 734 735
f 1559 735 736
f 1559 736 737
f 1559 1541 733
f 1560 1559 737
f 1561 737 738
f 1561 1560 737
f 1562 738 739
f 1562 739 740
f 1562 740 741
f 1562 1561 738
f 1562 741 1548
f 1563 1541 1559
f 1563 1545 1544
f 1563 1544 1541
f 1563 1546 1545
f 1564 1548 1547
f 1564 1547 1546
f 1564 1546 1563
f 1564 1563 1548
f 1565 1556 1553
f 1566 1530 1529
f 1566 1567 1530
f 1566 1529 1556
f 1568 1566 1556
f 1568 1556 1565
f 1569 1567 1570
f 1569 1570 1571
f 1569 1571 1572
f 1573 1572 1557
f 1573 1558 1569
f 1573 1569 1572
f 1573 1557 1558
f 1574 1531 1530
f 1574 1532 1531
f 1574 1533 1532
f 1574 1534 1533
f 1574 1567 1569
f 1574 1530 1567
f 1575 1534 1574
f 1576 1535 1534
f 1576 1536 1535
f 1576 1537 1536
f 1576 1534 1575
f 1576 1558 1537
f 1577 1559 1560
f 1577 1560 1561
f 1577 1562 1548
f 1577 1561 1562
f 1577 1548 1563
f 1577 1563 1559
f 1578 1553 1555
f 1578 1565 1553
f 1578 1555 1554
f 1579 1565 1578
f 1579 1554 1557
f 1579 1568 1565
f 1579 1578 1554
f 1580 1567 1566
f 1580 1568 1579
f 1580 1570 1567
f 1580 1566 1568
f 1581 1557 1572
f 1581 1579 1557
f 1581 1580 1579
f 1581 1570 1580
f 1581 1571 1570
f 1581 1572 1571
f 1582 1569 1558
f 1582 1574 1569
f 1582 1575 1574
f 1582 1576 1575
f 1582 1558 1576
f 1597 178 179
f 1597 179 180
f 1598 180 1583
f 1598 1597 180
f 1599 1583 1596
f 1599 1598 1583
f 1599 1600 1598
f 1599 1601 1600
f 1602 177 178
f 1602 1597 1603
f 1602 178 1597
f 1604 1605 1606
f 1604 1606 1607
f 1608 1609 1610
f 1611 1608 1610
f 1612 1601 1599
f 1613 166 1614
f 1613 1605 1604
f 1615 1616 1602
f 1615 1602 1603
f 1615 1607 1616
f 1615 1604 1607
f 1617 1518 166
f 1617 1613 1604
f 1617 166 1613
f 1618 1615 1603
f 1618 1603 1597
f 1619 1611 1610
f 1619 1612 1611
f 1619 1601 1612
f 1619 1600 1601
f 1619 1610 1600
f 1620 1518 1617
f 1620 1617 1610
f 1620 1610 1609
f 1621 1518 1620
f 1622 1612 1599
f 1622 1592 1591
f 1622 1593 1592
f 1622 1594 1593
f 1622 1595 1594
f 1622 1596 1595
f 1622 1599 1596
f 1623 170 171
f 1624 171 172
f 1624 1623 171
f 1625 1605 1613
f 1625 1613 1614
f 1626 1605 1625
f 1627 1605 1626
f 1627 1602 1616
f 1627 1606 1605
f 1627 1607 1606
f 1627 1616 1607
f 1628 1604 1615
f 1628 1617 1604
f 1628 1615 1618
f 1629 1600 1610
f 1630 1620 1609
f 1630 1621 1620
f 1631 1611 1612
f 1631 1630 1609
f 1631 1608 1611
f 1631 1609 1608
f 1632 1591 1590
f 1632 1631 1612
f 1632 1612 1622
f 1632 1622 1591
f 1633 1584 1518
f 1633 1585 1584
f 1633 1586 1585
f 1633 1587 1586
f 1633 1518 1621
f 1634 1588 1587
f 1634 1589 1588
f 1634 1590 1589
f 1634 1632 1590
f 1634 1587 1633
f 1635 166 167
f 1635 167 168
f 1635 168 169
f 1635 169 170
f 1635 1614 166
f 1635 170 1623
f 1636 1623 1624
f 1636 1635 1623
f 1636 1614 1635
f 1637 172 173
f 1637 173 174
f 1637 174 175
f 1637 175 176
f 1637 1624 172
f 1638 1610 1617
f 1638 1618 1629
f 1638 1628 1618
f 1638 1629 1610
f 1638 1617 1628
f 1639 1618 1597
f 1639 1597 1598
f 1639 1598 1600
f 1640 1630 1631
f 1640 1621 1630
f 1640 1633 1621
f 1640 1632 1634
f 1640 1634 1633
f 1640 1631 1632
f 1641 176 177
f 1641 1636 1624
f 1641 1602 1627
f 1641 177 1602
f 1641 1637 176
f 1641 1624 1637
f 1642 1629 1618
f 1642 1618 1639
f 1642 1600 1629
f 1642 1639 1600
f 1643 1626 1625
f 1643 1625 1614
f 1643 1627 1626
f 1643 1636 1641
f 1643 1614 1636
f 1643 1641 1627
f 1649 724 725
f 1649 725 726
f 1650 726 727
f 1650 727 728
f 1650 728 729
f 1650 1649 726
f 1651 1644 724
f 1651 724 1649
f 1652 729 1526
f 1652 1651 1649
f 1652 1650 729
f 1652 1649 1650
f 1653 1645 1644
f 1653 1646 1645
f 1653 1644 1651
f 1654 1647 1646
f 1654 1648 1647
f 1654 1526 1648
f 1654 1651 1652
f 1654 1652 1526
f 1654 1653 1651
f 1654 1646 1653
f 1661 180 181
f 1661 181 182
f 1661 182 183
f 1662 183 184
f 1662 184 185
f 1662 185 186
f 1662 1661 183
f 1663 1583 180
f 1663 180 1661
f 1664 186 1655
f 1664 1663 1661
f 1664 1661 1662
f 1664 1662 186
f 1665 1656 1583
f 1665 1657 1656
f 1665 1658 1657
f 1665 1583 1663
f 1666 1659 1658
f 1666 1660 1659
f 1666 1655 1660
f 1666 1665 1663
f 1666 1664 1655
f 1666 1658 1665
f 1666 1663 1664
f 1668 723 724
f 1668 1669 723
f 1670 1667 723
f 1670 723 1669
f 1671 1670 1669
f 1671 1668 724
f 1671 1669 1668
f 1672 1667 1670
f 1673 1644 1667
f 1673 1670 1671
f 1673 1667 1672
f 1673 1672 1670
f 1674 724 1644
f 1674 1671 724
f 1674 1644 1673
f 1674 1673 1671
f 1678 186 187
f 1679 187 188
f 1679 188 189
f 1679 1678 187
f 1680 1655 186
f 1680 186 1678
f 1681 1680 1678
f 1681 1679 189
f 1681 1678 1679
f 1682 1676 1655
f 1682 1655 1680
f 1683 1677 1676
f 1683 1680 1681
f 1683 1676 1682
f 1683 1682 1680
f 1684 189 1675
f 1684 1675 1677
f 1684 1681 189
f 1684 1677 1683
f 1684 1683 1681
f 1691 717 718
f 1691 718 719
f 1691 719 720
f 1692 720 721
f 1692 721 722
f 1692 722 723
f 1692 1691 720
f 1693 1685 717
f 1693 717 1691
f 1694 723 1667
f 1694 1693 1691
f 1694 1691 1692
f 1694 1692 723
f 1695 1686 1685
f 1695 1687 1686
f 1695 1688 1687
f 1695 1685 1693
f 1696 1689 1688
f 1696 1690 1689
f 1696 1667 1690
f 1696 1695 1693
f 1696 1694 1667
f 1696 1688 1695
f 1696 1693 1694
f 1702 189 190
f 1702 190 191
f 1703 191 192
f 1703 192 193
f 1703 193 194
f 1703 1702 191
f 1704 1675 189
f 1704 189 1702
f 1705 194 1697
f 1705 1704 1702
f 1705 1703 194
f 1705 1702 1703
f 1706 1698 1675
f 1706 1699 1698
f 1706 1675 1704
f 1707 1700 1699
f 1707 1701 1700
f 1707 1697 1701
f 1707 1704 1705
f 1707 1705 1697
f 1707 1706 1704
f 1707 1699 1706
f 1722 715 716
f 1722 716 717
f 1723 717 1685
f 1723 1722 717
f 1724 1685 1721
f 1724 1723 1685
f 1725 713 714
f 1725 714 715
f 1725 1722 1726
f 1725 715 1722
f 1727 1728 1729
f 1727 1729 1730
f 1731 1732 1733
f 1734 1731 1733
f 1735 1736 1724
f 1737 703 1738
f 1737 1728 1727
f 1739 1740 1725
f 1739 1725 1726
f 1739 1727 1730
f 1739 1730 1740
f 1741 1708 703
f 1741 1737 1727
f 1741 1733 1708
f 1741 703 1737
f 1742 1726 1722
f 1742 1739 1726
f 1743 1723 1724
f 1743 1744 1723
f 1743 1724 1736
f 1745 1734 1733
f 1745 1735 1734
f 1745 1736 1735
f 1745 1743 1736
f 1745 1733 1743
f 1746 1708 1733
f 1746 1733 1732
f 1747 1735 1724
f 1747 1717 1716
f 1747 1718 1717
f 1747 1719 1718
f 1747 1720 1719
f 1747 1721 1720
f 1747 1724 1721
f 1748 703 704
f 1748 704 705
f 1748 705 706
f 1748 706 707
f 1748 1738 703
f 1749 1748 707
f 1750 707 708
f 1750 1749 707
f 1751 708 709
f 1751 709 710
f 1751 710 711
f 1751 711 712
f 1751 712 713
f 1751 713 1725
f 1751 1750 708
f 1752 1728 1737
f 1752 1737 1738
f 1753 1728 1752
f 1753 1752 1738
f 1754 1728 1753
f 1754 1725 1740
f 1754 1751 1725
f 1754 1729 1728
f 1754 1753 1738
f 1754 1730 1729
f 1754 1740 1730
f 1755 1727 1739
f 1755 1741 1727
f 1755 1739 1742
f 1756 1733 1741
f 1756 1743 1733
f 1757 1746 1732
f 1758 1734 1735
f 1758 1731 1734
f 1758 1757 1732
f 1758 1732 1731
f 1759 1716 1715
f 1759 1735 1747
f 1759 1747 1716
f 1759 1758 1735
f 1760 1709 1708
f 1760 1710 1709
f 1760 1711 1710
f 1760 1712 1711
f 1760 1708 1746
f 1761 1713 1712
f 1761 1714 1713
f 1761 1715 1714
f 1761 1759 1715
f 1761 1712 1760
f 1762 1738 1748
f 1762 1748 1749
f 1762 1749 1750
f 1762 1750 1751
f 1762 1751 1754
f 1762 1754 1738
f 1763 1755 1742
f 1763 1742 1764
f 1763 1741 1755
f 1763 1756 1741
f 1763 1764 1756
f 1765 1756 1764
f 1765 1743 1756
f 1765 1744 1743
f 1766 1742 1722
f 1766 1722 1723
f 1766 1723 1744
f 1767 1757 1758
f 1767 1758 1759
f 1767 1760 1746
f 1767 1759 1761
f 1767 1761 1760
f 1767 1746 1757
f 1768 1742 1766
f 1768 1764 1742
f 1768 1765 1764
f 1768 1744 1765
f 1768 1766 1744
f 1781 194 195
f 1781 195 196
f 1781 196 197
f 1782 1697 194
f 1782 194 1781
f 1783 1770 1697
f 1783 1697 1782
f 1784 197 198
f 1784 1785 1781
f 1784 1781 197
f 1786 1787 1788
f 1786 1788 1789
f 1790 1791 206
f 1790 1786 1789
f 1790 1792 1786
f 1793 1787 1786
f 1793 1784 1787
f 1793 1785 1784
f 1794 1785 1793
f 1794 1793 1786
f 1794 1795 1782
f 1794 1781 1785
f 1794 1782 1781
f 1796 1783 1782
f 1796 1782 1795
f 1796 1797 1783
f 1796 1794 1786
f 1796 1795 1794
f 1796 1786 1792
f 1798 1796 1792
f 1798 1797 1796
f 1799 1771 1770
f 1799 1772 1771
f 1799 1770 1783
f 1799 1783 1797
f 1800 206 1769
f 1800 1792 1790
f 1800 1790 206
f 1801 1769 1780
f 1801 1800 1769
f 1802 198 199
f 1802 199 200
f 1802 200 201
f 1802 201 202
f 1802 1784 198
f 1803 1802 202
f 1804 202 203
f 1804 1803 202
f 1805 203 204
f 1805 204 205
f 1805 205 206
f 1805 1804 203
f 1805 206 1791
f 1806 1784 1802
f 1806 1788 1787
f 1806 1787 1784
f 1806 1789 1788
f 1807 1791 1790
f 1807 1790 1789
f 1807 1789 1806
f 1807 1806 1791
f 1808 1799 1797
f 1809 1773 1772
f 1809 1810 1773
f 1809 1772 1799
f 1811 1809 1799
f 1811 1799 1808
f 1812 1810 1813
f 1812 1813 1814
f 1812 1814 1815
f 1816 1815 1800
f 1816 1801 1812
f 1816 1812 1815
f 1816 1800 1801
f 1817 1774 1773
f 1817 1775 1774
f 1817 1776 1775
f 1817 1777 1776
f 1817 1810 1812
f 1817 1773 1810
f 1818 1777 1817
f 1819 1778 1777
f 1819 1779 1778
f 1819 1780 1779
f 1819 1777 1818
f 1819 1801 1780
f 1820 1802 1803
f 1820 1803 1804
f 1820 1805 1791
f 1820 1804 1805
f 1820 1791 1806
f 1820 1806 1802
f 1821 1797 1798
f 1821 1808 1797
f 1821 1798 1792
f 1822 1808 1821
f 1822 1792 1800
f 1822 1811 1808
f 1822 1821 1792
f 1823 1810 1809
f 1823 1811 1822
f 1823 1813 1810
f 1823 1809 1811
f 1824 1800 1815
f 1824 1822 1800
f 1824 1823 1822
f 1824 1813 1823
f 1824 1814 1813
f 1824 1815 1814
f 1825 1817 1812
f 1825 1812 1801
f 1825 1818 1817
f 1825 1819 1818
f 1825 1801 1819
f 1829 702 703
f 1829 1830 702
f 1831 1826 702
f 1831 702 1830
f 1832 1831 1830
f 1832 1829 703
f 1832 1830 1829
f 1833 1827 1826
f 1833 1826 1831
f 1834 1828 1827
f 1834 1831 1832
f 1834 1827 1833
f 1834 1833 1831
f 1835 703 1708
f 1835 1708 1828
f 1835 1832 703
f 1835 1828 1834
f 1835 1834 1832
f 1837 206 207
f 1838 1769 206
f 1838 206 1837
f 1839 1837 207
f 1839 1838 1837
f 1840 1769 1838
f 1841 1836 1769
f 1841 1769 1840
f 1841 1838 1839
f 1841 1840 1838
f 1842 207 1836
f 1842 1839 207
f 1842 1836 1841
f 1842 1841 1839
f 1855 690 691
f 1855 691 692
f 1855 692 693
f 1856 1843 690
f 1856 690 1855
f 1857 1844 1843
f 1857 1843 1856
f 1858 693 694
f 1858 694 695
f 1858 695 696
f 1858 696 697
f 1858 697 698
f 1858 1859 1855
f 1858 1855 693
f 1860 1858 698
f 1861 1860 698
f 1862 698 699
f 1862 699 700
f 1862 700 701
f 1862 701 702
f 1862 1861 698
f 1863 1860 1861
f 1863 1862 702
f 1863 1861 1862
f 1864 1860 1863
f 1864 1858 1860
f 1864 1859 1858
f 1865 1864 1863
f 1865 1866 1856
f 1865 1855 1859
f 1865 1856 1855
f 1865 1859 1864
f 1867 1857 1856
f 1867 1856 1866
f 1867 1868 1857
f 1867 1866 1865
f 1867 1863 1869
f 1867 1865 1863
f 1870 1867 1869
f 1870 1868 1867
f 1871 1845 1844
f 1871 1846 1845
f 1871 1844 1857
f 1871 1857 1868
f 1872 702 1826
f 1872 1863 702
f 1872 1869 1863
f 1873 1826 1854
f 1873 1872 1826
f 1874 1871 1868
f 1875 1847 1846
f 1875 1876 1847
f 1875 1846 1871
f 1877 1871 1874
f 1877 1875 1871
f 1878 1876 1879
f 1878 1879 1880
f 1878 1880 1881
f 1882 1881 1872
f 1882 1878 1881
f 1882 1872 1873
f 1882 1873 1878
f 1883 1848 1847
f 1883 1849 1848
f 1883 1850 1849
f 1883 1851 1850
f 1883 1876 1878
f 1883 1847 1876
f 1884 1851 1883
f 1885 1852 1851
f 1885 1853 1852
f 1885 1854 1853
f 1885 1851 1884
f 1885 1873 1854
f 1886 1868 1870
f 1886 1874 1868
f 1886 1870 1869
f 1887 1874 1886
f 1887 1869 1872
f 1887 1877 1874
f 1887 1886 1869
f 1888 1876 1875
f 1888 1875 1877
f 1888 1877 1887
f 1888 1879 1876
f 1889 1872 1881
f 1889 1888 1887
f 1889 1879 1888
f 1889 1880 1879
f 1889 1887 1872
f 1889 1881 1880
f 1890 1883 1878
f 1890 1884 1883
f 1890 1885 1884
f 1890 1873 1885
f 1890 1878 1873
f 1905 219 220
f 1905 220 221
f 1906 221 1891
f 1906 1905 221
f 1907 1891 1904
f 1907 1906 1891
f 1908 218 219
f 1908 1905 1909
f 1908 219 1905
f 1910 1911 1912
f 1910 1912 1913
f 1914 1915 1916
f 1917 1914 1916
f 1918 1919 1907
f 1920 207 1921
f 1920 1911 1910
f 1922 1923 1908
f 1922 1908 1909
f 1922 1913 1923
f 1922 1910 1913
f 1924 1836 207
f 1924 1920 1910
f 1924 207 1920
f 1925 1909 1905
f 1925 1922 1909
f 1926 1916 1924
f 1926 1906 1907
f 1926 1927 1906
f 1926 1907 1919
f 1928 1917 1916
f 1928 1918 1917
f 1928 1919 1918
f 1928 1926 1919
f 1928 1916 1926
f 1929 1836 1924
f 1929 1924 1916
f 1929 1916 1915
f 1930 1836 1929
f 1931 1918 1907
f 1931 1900 1899
f 1931 1901 1900
f 1931 1902 1901
f 1931 1903 1902
f 1931 1904 1903
f 1931 1907 1904
f 1932 207 208
f 1932 208 209
f 1932 209 210
f 1932 210 211
f 1932 1921 207
f 1933 1932 211
f 1934 211 212
f 1934 1933 211
f 1935 212 213
f 1935 1934 212
f 1936 1911 1920
f 1936 1920 1921
f 1937 1911 1936
f 1938 1908 1923
f 1938 1923 1913
f 1938 1912 1911
f 1938 1911 1937
f 1938 1913 1912
f 1939 1910 1922
f 1939 1924 1910
f 1939 1922 1925
f 1940 1927 1926
f 1941 1929 1915
f 1941 1930 1929
f 1942 1917 1918
f 1942 1941 1915
f 1942 1914 1917
f 1942 1915 1914
f 1943 1899 1898
f 1943 1942 1918
f 1943 1918 1931
f 1943 1931 1899
f 1944 1892 1836
f 1944 1893 1892
f 1944 1894 1893
f 1944 1895 1894
f 1944 1836 1930
f 1945 1896 1895
f 1945 1897 1896
f 1945 1898 1897
f 1945 1943 1898
f 1945 1895 1944
f 1946 1921 1932
f 1946 1932 1933
f 1946 1933 1934
f 1946 1934 1935
f 1947 213 214
f 1947 214 215
f 1947 215 216
f 1947 216 217
f 1947 1935 213
f 1948 1939 1925
f 1948 1925 1940
f 1948 1924 1939
f 1948 1940 1926
f 1948 1926 1924
f 1949 1925 1905
f 1949 1905 1906
f 1949 1906 1927
f 1950 1941 1942
f 1950 1942 1943
f 1950 1930 1941
f 1950 1944 1930
f 1950 1943 1945
f 1950 1945 1944
f 1951 217 218
f 1951 1947 217
f 1951 1908 1938
f 1951 218 1908
f 1951 1946 1935
f 1951 1935 1947
f 1952 1925 1949
f 1952 1940 1925
f 1952 1927 1940
f 1952 1949 1927
f 1953 1937 1936
f 1953 1921 1946
f 1953 1936 1921
f 1953 1946 1951
f 1953 1938 1937
f 1953 1951 1938
f 1959 685 686
f 1959 686 687
f 1960 687 688
f 1960 688 689
f 1960 689 690
f 1960 1959 687
f 1961 1954 685
f 1961 685 1959
f 1962 690 1843
f 1962 1961 1959
f 1962 1960 690
f 1962 1959 1960
f 1963 1955 1954
f 1963 1956 1955
f 1963 1954 1961
f 1964 1957 1956
f 1964 1958 1957
f 1964 1843 1958
f 1964 1961 1962
f 1964 1962 1843
f 1964 1963 1961
f 1964 1956 1963
f 1971 221 222
f 1971 222 223
f 1971 223 224
f 1972 224 225
f 1972 225 226
f 1972 226 227
f 1972 1971 224
f 1973 1891 221
f 1973 221 1971
f 1974 227 1965
f 1974 1973 1971
f 1974 1971 1972
f 1974 1972 227
f 1975 1966 1891
f 1975 1967 1966
f 1975 1968 1967
f 1975 1891 1973
f 1976 1969 1968
f 1976 1970 1969
f 1976 1965 1970
f 1976 1975 1973
f 1976 1974 1965
f 1976 1968 1975
f 1976 1973 1974
f 1978 684 685
f 1978 1979 684
f 1980 1977 684
f 1980 684 1979
f 1981 1980 1979
f 1981 1978 685
f 1981 1979 1978
f 1982 1977 1980
f 1983 1954 1977
f 1983 1980 1981
f 1983 1977 1982
f 1983 1982 1980
f 1984 685 1954
f 1984 1981 685
f 1984 1954 1983
f 1984 1983 1981
f 1988 227 228
f 1989 228 229
f 1989 229 230
f 1989 1988 228
f 1990 1965 227
f 1990 227 1988
f 1991 1990 1988
f 1991 1989 230
f 1991 1988 1989
f 1992 1986 1965
f 1992 1965 1990
f 1993 1987 1986
f 1993 1990 1991
f 1993 1986 1992
f 1993 1992 1990
f 1994 230 1985
f 1994 1985 1987
f 1994 1991 230
f 1994 1987 1993
f 1994 1993 1991
f 2001 678 679
f 2001 679 680
f 2001 680 681
f 2002 681 682
f 2002 682 683
f 2002 683 684
f 2002 2001 681
f 2003 1995 678
f 2003 678 2001
f 2004 684 1977
f 2004 2003 2001
f 2004 2001 2002
f 2004 2002 684
f 2005 1996 1995
f 2005 1997 1996
f 2005 1998 1997
f 2005 1995 2003
f 2006 1999 1998
f 2006 2000 1999
f 2006 1977 2000
f 2006 2005 2003
f 2006 2004 1977
f 2006 1998 2005
f 2006 2003 2004
f 2012 230 231
f 2012 231 232
f 2013 232 233
f 2013 233 234
f 2013 234 235
f 2013 2012 232
f 2014 1985 230
f 2014 230 2012
f 2015 235 2007
f 2015 2014 2012
f 2015 2013 235
f 2015 2012 2013
f 2016 2008 1985
f 2016 2009 2008
f 2016 1985 2014
f 2017 2010 2009
f 2017 2011 2010
f 2017 2007 2011
f 2017 2014 2015
f 2017 2015 2007
f 2017 2016 2014
f 2017 2009 2016
f 2032 676 677
f 2032 677 678
f 2033 678 1995
f 2033 2032 678
f 2034 1995 2031
f 2034 2033 1995
f 2035 2036 2037
f 2038 2036 2035
f 2039 675 676
f 2039 2032 2036
f 2039 676 2032
f 2039 2036 2038
f 2040 2041 2042
f 2043 2040 2042
f 2044 2045 2034
f 2046 2033 2034
f 2046 2047 2033
f 2046 2034 2045
f 2048 2044 2043
f 2048 2046 2045
f 2048 2042 2046
f 2048 2043 2042
f 2048 2045 2044
f 2049 2042 2041
f 2050 2018 2049
f 2051 2044 2034
f 2051 2027 2026
f 2051 2028 2027
f 2051 2029 2028
f 2051 2030 2029
f 2051 2031 2030
f 2051 2034 2031
f 2052 668 669
f 2053 2052 669
f 2054 669 670
f 2054 2053 669
f 2055 2054 670
f 2056 670 671
f 2056 671 672
f 2056 672 673
f 2056 673 674
f 2056 674 675
f 2056 2055 670
f 2056 675 2039
f 2057 2037 2058
f 2057 2058 2059
f 2057 2056 2039
f 2057 2035 2037
f 2057 2038 2035
f 2057 2039 2038
f 2060 2037 2036
f 2061 2018 664
f 2061 2058 2037
f 2061 664 2058
f 2061 2049 2018
f 2061 2037 2060
f 2062 2049 2041
f 2062 2050 2049
f 2063 2043 2044
f 2063 2062 2041
f 2063 2041 2040
f 2063 2040 2043
f 2064 2051 2026
f 2064 2026 2025
f 2064 2063 2044
f 2064 2044 2051
f 2065 2019 2018
f 2065 2020 2019
f 2065 2021 2020
f 2065 2022 2021
f 2065 2018 2050
f 2066 2023 2022
f 2066 2024 2023
f 2066 2025 2024
f 2066 2064 2025
f 2066 2022 2065
f 2067 664 665
f 2067 665 666
f 2067 666 667
f 2067 667 668
f 2067 2058 664
f 2067 668 2052
f 2068 2059 2058
f 2068 2067 2052
f 2068 2058 2067
f 2069 2057 2059
f 2069 2068 2052
f 2069 2052 2053
f 2069 2059 2068
f 2069 2053 2054
f 2069 2054 2055
f 2069 2055 2056
f 2069 2056 2057
f 2070 2036 2032
f 2071 2060 2036
f 2071 2070 2032
f 2071 2036 2070
f 2072 2046 2042
f 2072 2042 2049
f 2072 2061 2073
f 2072 2047 2046
f 2072 2049 2061
f 2072 2073 2074
f 2075 2032 2033
f 2075 2033 2047
f 2075 2071 2032
f 2076 2062 2063
f 2076 2050 2062
f 2076 2063 2064
f 2076 2065 2050
f 2076 2064 2066
f 2076 2066 2065
f 2077 2060 2071
f 2078 2077 2071
f 2078 2071 2075
f 2078 2075 2074
f 2078 2074 2073
f 2078 2073 2077
f 2079 2075 2047
f 2079 2047 2072
f 2079 2072 2074
f 2079 2074 2075
f 2080 2061 2060
f 2080 2073 2061
f 2080 2060 2077
f 2080 2077 2073
f 2093 235 236
f 2093 236 237
f 2093 237 238
f 2094 2007 235
f 2094 235 2093
f 2095 2082 2007
f 2095 2007 2094
f 2096 238 239
f 2096 2097 2093
f 2096 2093 238
f 2098 2099 2100
f 2098 2100 2101
f 2102 2103 247
f 2102 2098 2101
f 2102 2104 2098
f 2105 2099 2098
f 2105 2096 2099
f 2105 2097 2096
f 2106 2097 2105
f 2106 2105 2098
f 2106 2107 2094
f 2106 2093 2097
f 2106 2094 2093
f 2108 2095 2094
f 2108 2094 2107
f 2108 2109 2095
f 2108 2106 2098
f 2108 2107 2106
f 2108 2098 2104
f 2110 2108 2104
f 2110 2109 2108
f 2111 2083 2082
f 2111 2084 2083
f 2111 2082 2095
f 2111 2095 2109
f 2112 247 2081
f 2112 2104 2102
f 2112 2102 247
f 2113 2081 2092
f 2113 2112 2081
f 2114 239 240
f 2114 240 241
f 2114 241 242
f 2114 242 243
f 2114 2096 239
f 2115 2114 243
f 2116 243 244
f 2116 2115 243
f 2117 244 245
f 2117 245 246
f 2117 246 247
f 2117 2116 244
f 2117 247 2103
f 2118 2096 2114
f 2118 2100 2099
f 2118 2099 2096
f 2118 2101 2100
f 2119 2103 2102
f 2119 2102 2101
f 2119 2101 2118
f 2119 2118 2103
f 2120 2111 2109
f 2121 2085 2084
f 2121 2122 2085
f 2121 2084 2111
f 2123 2121 2111
f 2123 2111 2120
f 2124 2122 2125
f 2124 2125 2126
f 2124 2126 2127
f 2128 2127 2112
f 2128 2113 2124
f 2128 2124 2127
f 2128 2112 2113
f 2129 2086 2085
f 2129 2087 2086
f 2129 2088 2087
f 2129 2089 2088
f 2129 2122 2124
f 2129 2085 2122
f 2130 2089 2129
f 2131 2090 2089
f 2131 2091 2090
f 2131 2092 2091
f 2131 2089 2130
f 2131 2113 2092
f 2132 2114 2115
f 2132 2115 2116
f 2132 2117 2103
f 2132 2116 2117
f 2132 2103 2118
f 2132 2118 2114
f 2133 2109 2110
f 2133 2120 2109
f 2133 2110 2104
f 2134 2120 2133
f 2134 2104 2112
f 2134 2123 2120
f 2134 2133 2104
f 2135 2122 2121
f 2135 2123 2134
f 2135 2125 2122
f 2135 2121 2123
f 2136 2112 2127
f 2136 2134 2112
f 2136 2135 2134
f 2136 2125 2135
f 2136 2126 2125
f 2136 2127 2126
f 2137 2129 2124
f 2137 2124 2113
f 2137 2130 2129
f 2137 2131 2130
f 2137 2113 2131
f 2141 661 662
f 2142 662 663
f 2142 663 664
f 2142 2141 662
f 2143 2138 661
f 2143 661 2141
f 2144 2143 2141
f 2144 2142 664
f 2144 2141 2142
f 2145 2139 2138
f 2145 2138 2143
f 2146 2140 2139
f 2146 2143 2144
f 2146 2139 2145
f 2146 2145 2143
f 2147 664 2018
f 2147 2018 2140
f 2147 2144 664
f 2147 2140 2146
f 2147 2146 2144
f 2151 247 248
f 2152 248 249
f 2152 249 250
f 2152 2151 248
f 2153 2081 247
f 2153 247 2151
f 2154 2153 2151
f 2154 2152 250
f 2154 2151 2152
f 2155 2149 2081
f 2155 2081 2153
f 2156 2150 2149
f 2156 2153 2154
f 2156 2149 2155
f 2156 2155 2153
f 2157 250 2148
f 2157 2148 2150
f 2157 2154 250
f 2157 2150 2156
f 2157 2156 2154
f 2170 649 650
f 2170 650 651
f 2170 651 652
f 2171 2158 649
f 2171 649 2170
f 2172 2159 2158
f 2172 2158 2171
f 2173 652 653
f 2173 2174 2170
f 2173 2170 652
f 2175 2176 2177
f 2175 2177 2178
f 2179 2180 661
f 2179 2175 2178
f 2181 2176 2175
f 2181 2173 2176
f 2181 2174 2173
f 2182 2174 2181
f 2182 2181 2175
f 2182 2183 2171
f 2182 2170 2174
f 2182 2171 2170
f 2184 2185 2172
f 2186 661 2138
f 2186 2179 661
f 2187 2185 2184
f 2188 2160 2159
f 2188 2161 2160
f 2188 2159 2172
f 2188 2172 2185
f 2189 2190 2186
f 2189 2186 2138
f 2191 2138 2169
f 2191 2189 2138
f 2192 653 654
f 2192 654 655
f 2192 655 656
f 2192 656 657
f 2192 2173 653
f 2193 2192 657
f 2194 657 658
f 2194 2193 657
f 2195 658 659
f 2195 659 660
f 2195 660 661
f 2195 2194 658
f 2195 661 2180
f 2196 2177 2176
f 2196 2173 2192
f 2196 2176 2173
f 2196 2178 2177
f 2197 2179 2178
f 2197 2180 2179
f 2197 2196 2180
f 2197 2178 2196
f 2198 2175 2179
f 2198 2182 2175
f 2198 2179 2186
f 2199 2186 2190
f 2199 2187 2184
f 2199 2190 2187
f 2200 2188 2185
f 2201 2162 2161
f 2201 2202 2162
f 2201 2161 2188
f 2203 2201 2188
f 2203 2188 2200
f 2204 2202 2205
f 2204 2205 2206
f 2204 2206 2207
f 2208 2207 2189
f 2208 2189 2191
f 2208 2204 2207
f 2208 2191 2204
f 2209 2163 2162
f 2209 2164 2163
f 2209 2165 2164
f 2209 2166 2165
f 2209 2162 2202
f 2209 2202 2204
f 2210 2166 2209
f 2211 2167 2166
f 2211 2168 2167
f 2211 2169 2168
f 2211 2166 2210
f 2211 2191 2169
f 2212 2192 2193
f 2212 2193 2194
f 2212 2195 2180
f 2212 2194 2195
f 2212 2196 2192
f 2212 2180 2196
f 2213 2184 2172
f 2213 2172 2171
f 2213 2171 2183
f 2214 2198 2215
f 2214 2182 2198
f 2214 2183 2182
f 2216 2198 2186
f 2216 2186 2199
f 2216 2215 2198
f 2216 2184 2215
f 2216 2199 2184
f 2217 2185 2187
f 2217 2200 2185
f 2217 2187 2190
f 2218 2203 2200
f 2218 2190 2189
f 2218 2200 2217
f 2218 2217 2190
f 2219 2203 2218
f 2219 2201 2203
f 2219 2202 2201
f 2219 2205 2202
f 2220 2218 2189
f 2220 2189 2207
f 2220 2206 2205
f 2220 2219 2218
f 2220 2207 2206
f 2220 2205 2219
f 2221 2204 2191
f 2221 2209 2204
f 2221 2211 2210
f 2221 2191 2211
f 2221 2210 2209
f 2222 2215 2184
f 2222 2184 2213
f 2222 2213 2183
f 2222 2214 2215
f 2222 2183 2214
f 2237 262 263
f 2237 263 264
f 2238 264 2223
f 2238 2237 264
f 2239 2223 2236
f 2239 2238 2223
f 2240 2241 2242
f 2243 2241 2240
f 2244 261 262
f 2244 2237 2241
f 2244 262 2237
f 2244 2241 2243
f 2245 2246 2247
f 2248 2245 2247
f 2249 2250 2239
f 2251 2242 250
f 2252 2238 2239
f 2252 2253 2238
f 2252 2239 2250
f 2254 2249 2248
f 2254 2252 2250
f 2254 2247 2252
f 2254 2248 2247
f 2254 2250 2249
f 2255 2247 2246
f 2256 2148 2255
f 2257 2232 2231
f 2257 2233 2232
f 2257 2234 2233
f 2257 2235 2234
f 2257 2236 2235
f 2257 2249 2239
f 2257 2239 2236
f 2258 254 255
f 2259 2258 255
f 2260 255 256
f 2260 2259 255
f 2261 2260 256
f 2262 256 257
f 2262 257 258
f 2262 258 259
f 2262 259 260
f 2262 260 261
f 2262 2261 256
f 2262 261 2244
f 2263 2262 2244
f 2263 2240 2242
f 2263 2244 2243
f 2263 2242 2251
f 2263 2243 2240
f 2264 2148 250
f 2264 250 2242
f 2264 2255 2148
f 2265 2255 2246
f 2265 2256 2255
f 2266 2248 2249
f 2266 2265 2246
f 2266 2246 2245
f 2266 2245 2248
f 2267 2231 2230
f 2267 2266 2249
f 2267 2249 2257
f 2267 2257 2231
f 2268 2224 2148
f 2268 2225 2224
f 2268 2226 2225
f 2268 2227 2226
f 2268 2148 2256
f 2269 2228 2227
f 2269 2229 2228
f 2269 2230 2229
f 2269 2267 2230
f 2269 2227 2268
f 2270 250 251
f 2270 251 252
f 2270 252 253
f 2270 253 254
f 2270 254 2258
f 2270 2251 250
f 2271 2270 2258
f 2271 2251 2270
f 2272 2263 2251
f 2272 2262 2263
f 2272 2271 2258
f 2272 2258 2259
f 2272 2251 2271
f 2272 2259 2260
f 2272 2260 2261
f 2272 2261 2262
f 2273 2264 2242
f 2273 2242 2241
f 2274 2241 2237
f 2274 2273 2241
f 2275 2237 2238
f 2275 2274 2237
f 2276 2253 2252
f 2276 2247 2255
f 2276 2255 2264
f 2276 2252 2247
f 2276 2264 2277
f 2278 2265 2266
f 2278 2256 2265
f 2278 2266 2267
f 2278 2268 2256
f 2278 2267 2269
f 2278 2269 2268
f 2279 2273 2274
f 2280 2274 2275
f 2280 2279 2274
f 2280 2275 2277
f 2281 2238 2253
f 2281 2275 2238
f 2281 2277 2275
f 2281 2276 2277
f 2281 2253 2276
f 2282 2264 2273
f 2282 2273 2279
f 2283 2277 2264
f 2283 2264 2282
f 2283 2280 2277
f 2283 2279 2280
f 2283 2282 2279
f 2289 644 645
f 2289 645 646
f 2290 646 647
f 2290 647 648
f 2290 648 649
f 2290 2289 646
f 2291 2284 644
f 2291 644 2289
f 2292 649 2158
f 2292 2291 2289
f 2292 2290 649
f 2292 2289 2290
f 2293 2285 2284
f 2293 2286 2285
f 2293 2284 2291
f 2294 2287 2286
f 2294 2288 2287
f 2294 2158 2288
f 2294 2291 2292
f 2294 2292 2158
f 2294 2293 2291
f 2294 2286 2293
f 2301 264 265
f 2301 265 266
f 2301 266 267
f 2302 267 268
f 2302 268 269
f 2302 269 270
f 2302 2301 267
f 2303 2223 264
f 2303 264 2301
f 2304 270 2295
f 2304 2303 2301
f 2304 2301 2302
f 2304 2302 270
f 2305 2296 2223
f 2305 2297 2296
f 2305 2298 2297
f 2305 2223 2303
f 2306 2299 2298
f 2306 2300 2299
f 2306 2295 2300
f 2306 2305 2303
f 2306 2304 2295
f 2306 2298 2305
f 2306 2303 2304
f 2308 643 644
f 2308 2309 643
f 2310 2307 643
f 2310 643 2309
f 2311 2310 2309
f 2311 2308 644
f 2311 2309 2308
f 2312 2307 2310
f 2313 2284 2307
f 2313 2310 2311
f 2313 2307 2312
f 2313 2312 2310
f 2314 644 2284
f 2314 2311 644
f 2314 2284 2313
f 2314 2313 2311
f 2316 270 271
f 2317 271 272
f 2317 272 273
f 2317 2316 271
f 2318 2295 270
f 2318 270 2316
f 2319 2318 2316
f 2319 2317 273
f 2319 2316 2317
f 2320 2295 2318
f 2321 2315 2295
f 2321 2318 2319
f 2321 2295 2320
f 2321 2320 2318
f 2322 273 2315
f 2322 2319 273
f 2322 2315 2321
f 2322 2321 2319
f 2329 637 638
f 2329 638 639
f 2329 639 640
f 2330 640 641
f 2330 641 642
f 2330 642 643
f 2330 2329 640
f 2331 2323 637
f 2331 637 2329
f 2332 643 2307
f 2332 2331 2329
f 2332 2329 2330
f 2332 2330 643
f 2333 2324 2323
f 2333 2325 2324
f 2333 2326 2325
f 2333 2323 2331
f 2334 2327 2326
f 2334 2328 2327
f 2334 2307 2328
f 2334 2333 2331
f 2334 2332 2307
f 2334 2326 2333
f 2334 2331 2332
f 2340 273 274
f 2340 274 275
f 2341 275 276
f 2341 276 277
f 2341 277 278
f 2341 2340 275
f 2342 2315 273
f 2342 273 2340
f 2343 278 2335
f 2343 2342 2340
f 2343 2341 278
f 2343 2340 2341
f 2344 2336 2315
f 2344 2337 2336
f 2344 2315 2342
f 2345 2338 2337
f 2345 2339 2338
f 2345 2335 2339
f 2345 2342 2343
f 2345 2343 2335
f 2345 2344 2342
f 2345 2337 2344
f 2360 635 636
f 2360 636 637
f 2361 637 2323
f 2361 2360 637
f 2362 2323 2359
f 2362 2361 2323
f 2363 634 635
f 2363 635 2360
f 2363 2360 2364
f 2365 2366 2367
f 2368 2365 2367
f 2369 2370 2362
f 2371 623 624
f 2371 624 625
f 2372 2373 2374
f 2372 2363 2373
f 2372 2374 2371
f 2375 2346 623
f 2376 2377 2361
f 2376 2362 2370
f 2376 2361 2362
f 2378 2376 2370
f 2378 2369 2368
f 2378 2367 2376
f 2378 2368 2367
f 2378 2370 2369
f 2379 2346 2375
f 2379 2367 2366
f 2380 2346 2379
f 2381 2355 2354
f 2381 2356 2355
f 2381 2357 2356
f 2381 2358 2357
f 2381 2359 2358
f 2381 2362 2359
f 2381 2369 2362
f 2382 625 626
f 2382 626 627
f 2382 627 628
f 2382 2371 625
f 2383 2382 628
f 2383 628 629
f 2384 2383 629
f 2385 629 630
f 2385 630 631
f 2385 631 632
f 2385 632 633
f 2385 633 634
f 2385 2384 629
f 2385 634 2363
f 2386 623 2371
f 2386 2375 623
f 2386 2371 2374
f 2387 2388 2364
f 2387 2364 2360
f 2389 2361 2377
f 2389 2387 2360
f 2389 2360 2361
f 2390 2379 2375
f 2390 2367 2379
f 2390 2376 2367
f 2391 2380 2379
f 2391 2379 2366
f 2392 2391 2366
f 2392 2368 2369
f 2392 2366 2365
f 2392 2365 2368
f 2393 2354 2353
f 2393 2392 2369
f 2393 2381 2354
f 2393 2369 2381
f 2394 2347 2346
f 2394 2348 2347
f 2394 2349 2348
f 2394 2350 2349
f 2394 2346 2380
f 2395 2351 2350
f 2395 2352 2351
f 2395 2353 2352
f 2395 2393 2353
f 2395 2350 2394
f 2396 2363 2372
f 2396 2372 2371
f 2396 2382 2383
f 2396 2383 2384
f 2396 2385 2363
f 2396 2384 2385
f 2396 2371 2382
f 2397 2364 2388
f 2397 2388 2386
f 2397 2374 2373
f 2397 2373 2363
f 2397 2386 2374
f 2397 2363 2364
f 2398 2386 2388
f 2398 2375 2386
f 2399 2388 2387
f 2399 2398 2388
f 2400 2390 2375
f 2400 2401 2390
f 2402 2387 2389
f 2402 2389 2401
f 2402 2399 2387
f 2402 2401 2400
f 2403 2389 2377
f 2403 2401 2389
f 2403 2376 2390
f 2403 2377 2376
f 2403 2390 2401
f 2404 2380 2391
f 2404 2392 2393
f 2404 2391 2392
f 2404 2394 2380
f 2404 2393 2395
f 2404 2395 2394
f 2405 2398 2399
f 2405 2375 2398
f 2406 2400 2375
f 2406 2399 2402
f 2406 2402 2400
f 2406 2405 2399
f 2406 2375 2405
f 2419 278 279
f 2419 279 280
f 2419 280 281
f 2420 2335 278
f 2420 278 2419
f 2421 2408 2335
f 2421 2335 2420
f 2422 281 282
f 2422 2423 2419
f 2422 2419 281
f 2424 2425 2426
f 2424 2426 2427
f 2428 290 2407
f 2428 2429 290
f 2428 2424 2427
f 2430 2425 2424
f 2430 2422 2425
f 2430 2423 2422
f 2431 2423 2430
f 2431 2430 2424
f 2431 2432 2420
f 2431 2419 2423
f 2431 2420 2419
f 2433 2421 2420
f 2433 2420 2432
f 2433 2434 2421
f 2433 2431 2424
f 2433 2432 2431
f 2433 2424 2435
f 2436 2433 2435
f 2436 2434 2433
f 2437 2409 2408
f 2437 2410 2409
f 2437 2408 2421
f 2437 2421 2434
f 2438 2424 2428
f 2438 2428 2407
f 2438 2435 2424
f 2439 2438 2407
f 2439 2407 2418
f 2440 282 283
f 2440 283 284
f 2440 284 285
f 2440 285 286
f 2440 2422 282
f 2441 2440 286
f 2442 286 287
f 2442 2441 286
f 2443 287 288
f 2443 288 289
f 2443 289 290
f 2443 2442 287
f 2443 290 2429
f 2444 2422 2440
f 2444 2426 2425
f 2444 2425 2422
f 2444 2427 2426
f 2445 2429 2428
f 2445 2428 2427
f 2445 2427 2444
f 2445 2444 2429
f 2446 2437 2434
f 2447 2411 2410
f 2447 2448 2411
f 2447 2410 2437
f 2449 2447 2437
f 2449 2437 2446
f 2450 2448 2451
f 2450 2451 2452
f 2450 2452 2453
f 2454 2453 2438
f 2454 2450 2453
f 2454 2438 2439
f 2454 2439 2450
f 2455 2412 2411
f 2455 2413 2412
f 2455 2414 2413
f 2455 2415 2414
f 2455 2448 2450
f 2455 2411 2448
f 2456 2415 2455
f 2457 2416 2415
f 2457 2417 2416
f 2457 2418 2417
f 2457 2415 2456
f 2457 2439 2418
f 2458 2440 2441
f 2458 2441 2442
f 2458 2443 2429
f 2458 2442 2443
f 2458 2429 2444
f 2458 2444 2440
f 2459 2434 2436
f 2459 2446 2434
f 2459 2436 2435
f 2460 2446 2459
f 2460 2435 2438
f 2460 2449 2446
f 2460 2459 2435
f 2461 2448 2447
f 2461 2449 2460
f 2461 2451 2448
f 2461 2447 2449
f 2462 2438 2453
f 2462 2460 2438
f 2462 2461 2460
f 2462 2451 2461
f 2462 2452 2451
f 2462 2453 2452
f 2463 2455 2450
f 2463 2450 2439
f 2463 2456 2455
f 2463 2457 2456
f 2463 2439 2457
f 2467 622 623
f 2467 2468 622
f 2469 2464 622
f 2469 622 2468
f 2470 2469 2468
f 2470 2467 623
f 2470 2468 2467
f 2471 2465 2464
f 2471 2464 2469
f 2472 2466 2465
f 2472 2469 2470
f 2472 2465 2471
f 2472 2471 2469
f 2473 623 2346
f 2473 2346 2466
f 2473 2470 623
f 2473 2466 2472
f 2473 2472 2470
f 2477 290 291
f 2478 291 292
f 2478 292 293
f 2478 2477 291
f 2479 2407 290
f 2479 290 2477
f 2480 2479 2477
f 2480 2478 293
f 2480 2477 2478
f 2481 2475 2407
f 2481 2407 2479
f 2482 2476 2475
f 2482 2479 2480
f 2482 2475 2481
f 2482 2481 2479
f 2483 293 2474
f 2483 2474 2476
f 2483 2480 293
f 2483 2476 2482
f 2483 2482 2480
f 2496 610 611
f 2496 611 612
f 2496 612 613
f 2497 2484 610
f 2497 610 2496
f 2498 2485 2484
f 2498 2484 2497
f 2499 613 614
f 2499 2500 2496
f 2499 2496 613
f 2501 2502 2503
f 2501 2503 2504
f 2505 2506 622
f 2505 2501 2504
f 2507 2502 2501
f 2507 2499 2502
f 2507 2500 2499
f 2508 2500 2507
f 2508 2507 2501
f 2508 2509 2497
f 2508 2496 2500
f 2508 2497 2496
f 2510 2498 2497
f 2510 2497 2509
f 2510 2511 2498
f 2510 2508 2501
f 2510 2509 2508
f 2510 2501 2512
f 2513 2510 2512
f 2513 2511 2510
f 2514 2486 2485
f 2514 2487 2486
f 2514 2485 2498
f 2514 2498 2511
f 2515 2501 2505
f 2515 622 2464
f 2515 2512 2501
f 2515 2505 622
f 2516 2464 2495
f 2516 2515 2464
f 2517 614 615
f 2517 615 616
f 2517 616 617
f 2517 617 618
f 2517 2499 614
f 2518 2517 618
f 2519 618 619
f 2519 2518 618
f 2520 619 620
f 2520 620 621
f 2520 621 622
f 2520 2519 619
f 2520 622 2506
f 2521 2499 2517
f 2521 2503 2502
f 2521 2502 2499
f 2521 2504 2503
f 2522 2505 2504
f 2522 2506 2505
f 2522 2504 2521
f 2522 2521 2506
f 2523 2514 2511
f 2524 2488 2487
f 2524 2525 2488
f 2524 2487 2514
f 2526 2524 2514
f 2526 2514 2523
f 2527 2525 2528
f 2527 2528 2529
f 2527 2529 2530
f 2531 2530 2515
f 2531 2516 2527
f 2531 2527 2530
f 2531 2515 2516
f 2532 2489 2488
f 2532 2490 2489
f 2532 2491 2490
f 2532 2492 2491
f 2532 2525 2527
f 2532 2488 2525
f 2533 2492 2532
f 2534 2493 2492
f 2534 2494 2493
f 2534 2495 2494
f 2534 2492 2533
f 2534 2516 2495
f 2535 2517 2518
f 2535 2518 2519
f 2535 2520 2506
f 2535 2519 2520
f 2535 2521 2517
f 2535 2506 2521
f 2536 2511 2513
f 2536 2523 2511
f 2536 2513 2512
f 2537 2523 2536
f 2537 2512 2515
f 2537 2526 2523
f 2537 2536 2512
f 2538 2525 2524
f 2538 2526 2537
f 2538 2528 2525
f 2538 2524 2526
f 2539 2515 2530
f 2539 2537 2515
f 2539 2538 2537
f 2539 2528 2538
f 2539 2529 2528
f 2539 2530 2529
f 2540 2527 2516
f 2540 2532 2527
f 2540 2533 2532
f 2540 2534 2533
f 2540 2516 2534
f 2555 305 306
f 2555 306 307
f 2556 307 2541
f 2556 2555 307
f 2557 2541 2554
f 2557 2556 2541
f 2558 304 305
f 2558 2555 2559
f 2558 305 2555
f 2560 2561 2562
f 2560 2562 2563
f 2564 2565 2566
f 2567 2564 2566
f 2568 2569 2557
f 2570 293 2571
f 2570 2561 2560
f 2572 2573 2558
f 2572 2558 2559
f 2572 2560 2563
f 2572 2563 2573
f 2574 2560 2572
f 2574 2555 2556
f 2574 2559 2555
f 2574 2572 2559
f 2574 2556 2575
f 2576 2560 2574
f 2576 2574 2575
f 2576 2556 2557
f 2576 2575 2556
f 2576 2557 2569
f 2576 2566 2560
f 2577 2567 2566
f 2577 2568 2567
f 2577 2569 2568
f 2577 2576 2569
f 2577 2566 2576
f 2578 2474 293
f 2578 2570 2560
f 2578 293 2570
f 2578 2560 2566
f 2578 2566 2565
f 2579 2474 2578
f 2580 2568 2557
f 2580 2550 2549
f 2580 2551 2550
f 2580 2552 2551
f 2580 2553 2552
f 2580 2554 2553
f 2580 2557 2554
f 2581 293 294
f 2581 294 295
f 2581 295 296
f 2581 296 297
f 2581 2571 293
f 2582 2581 297
f 2583 297 298
f 2583 2582 297
f 2584 298 299
f 2584 2583 298
f 2585 2561 2570
f 2585 2570 2571
f 2586 2561 2585
f 2587 2558 2573
f 2587 2561 2586
f 2587 2562 2561
f 2587 2563 2562
f 2587 2573 2563
f 2588 2578 2565
f 2588 2579 2578
f 2589 2567 2568
f 2589 2588 2565
f 2589 2564 2567
f 2589 2565 2564
f 2590 2549 2548
f 2590 2580 2549
f 2590 2589 2568
f 2590 2568 2580
f 2591 2542 2474
f 2591 2543 2542
f 2591 2544 2543
f 2591 2545 2544
f 2591 2474 2579
f 2592 2546 2545
f 2592 2547 2546
f 2592 2548 2547
f 2592 2590 2548
f 2592 2545 2591
f 2593 2571 2581
f 2593 2581 2582
f 2593 2582 2583
f 2593 2583 2584
f 2594 299 300
f 2594 300 301
f 2594 301 302
f 2594 302 303
f 2594 2584 299
f 2595 2579 2588
f 2595 2588 2589
f 2595 2589 2590
f 2595 2591 2579
f 2595 2590 2592
f 2595 2592 2591
f 2596 303 304
f 2596 2594 303
f 2596 2558 2587
f 2596 304 2558
f 2596 2593 2584
f 2596 2584 2594
f 2597 2586 2585
f 2597 2585 2571
f 2597 2571 2593
f 2597 2593 2596
f 2597 2587 2586
f 2597 2596 2587
f 2603 605 606
f 2603 606 607
f 2604 607 608
f 2604 608 609
f 2604 609 610
f 2604 2603 607
f 2605 2598 605
f 2605 605 2603
f 2606 610 2484
f 2606 2605 2603
f 2606 2604 610
f 2606 2603 2604
f 2607 2599 2598
f 2607 2600 2599
f 2607 2598 2605
f 2608 2601 2600
f 2608 2602 2601
f 2608 2484 2602
f 2608 2605 2606
f 2608 2606 2484
f 2608 2607 2605
f 2608 2600 2607
f 2615 307 308
f 2615 308 309
f 2615 309 310
f 2616 310 311
f 2616 311 312
f 2616 312 313
f 2616 2615 310
f 2617 2541 307
f 2617 307 2615
f 2618 313 2609
f 2618 2617 2615
f 2618 2615 2616
f 2618 2616 313
f 2619 2610 2541
f 2619 2611 2610
f 2619 2612 2611
f 2619 2541 2617
f 2620 2613 2612
f 2620 2614 2613
f 2620 2609 2614
f 2620 2619 2617
f 2620 2618 2609
f 2620 2612 2619
f 2620 2617 2618
f 2624 602 603
f 2625 603 604
f 2625 604 605
f 2625 2624 603
f 2626 2621 602
f 2626 602 2624
f 2627 2626 2624
f 2627 2625 605
f 2627 2624 2625
f 2628 2622 2621
f 2628 2621 2626
f 2629 2623 2622
f 2629 2626 2627
f 2629 2622 2628
f 2629 2628 2626
f 2630 605 2598
f 2630 2598 2623
f 2630 2627 605
f 2630 2623 2629
f 2630 2629 2627
f 2634 313 314
f 2635 314 315
f 2635 315 316
f 2635 2634 314
f 2636 2609 313
f 2636 313 2634
f 2637 2636 2634
f 2637 2635 316
f 2637 2634 2635
f 2638 2632 2609
f 2638 2609 2636
f 2639 2633 2632
f 2639 2636 2637
f 2639 2632 2638
f 2639 2638 2636
f 2640 316 2631
f 2640 2631 2633
f 2640 2637 316
f 2640 2633 2639
f 2640 2639 2637
f 2647 596 597
f 2647 597 598
f 2647 598 599
f 2648 599 600
f 2648 600 601
f 2648 601 602
f 2648 2647 599
f 2649 2641 596
f 2649 596 2647
f 2650 602 2621
f 2650 2649 2647
f 2650 2647 2648
f 2650 2648 602
f 2651 2642 2641
f 2651 2643 2642
f 2651 2644 2643
f 2651 2641 2649
f 2652 2645 2644
f 2652 2646 2645
f 2652 2621 2646
f 2652 2651 2649
f 2652 2650 2621
f 2652 2644 2651
f 2652 2649 2650
f 2658 316 317
f 2658 317 318
f 2659 318 319
f 2659 319 320
f 2659 320 321
f 2659 2658 318
f 2660 2631 316
f 2660 316 2658
f 2661 321 2653
f 2661 2660 2658
f 2661 2659 321
f 2661 2658 2659
f 2662 2654 2631
f 2662 2655 2654
f 2662 2631 2660
f 2663 2656 2655
f 2663 2657 2656
f 2663 2653 2657
f 2663 2660 2661
f 2663 2661 2653
f 2663 2662 2660
f 2663 2655 2662
f 2678 595 596
f 2679 596 2641
f 2679 2678 596
f 2680 2641 2677
f 2680 2679 2641
f 2681 2682 2683
f 2684 2681 2683
f 2685 2686 2680
f 2687 2679 2680
f 2687 2688 2679
f 2687 2680 2686
f 2689 2683 2687
f 2689 2684 2683
f 2689 2687 2686
f 2689 2686 2685
f 2689 2685 2684
f 2690 2683 2682
f 2691 2664 2690
f 2692 2673 2672
f 2692 2674 2673
f 2692 2675 2674
f 2692 2676 2675
f 2692 2677 2676
f 2692 2680 2677
f 2692 2685 2680
f 2693 587 588
f 2694 588 589
f 2694 2693 588
f 2695 589 590
f 2695 590 591
f 2695 591 592
f 2695 592 593
f 2695 2694 589
f 2695 593 2696
f 2697 2698 2699
f 2697 2700 2695
f 2697 2695 2696
f 2697 2699 2700
f 2697 2696 2701
f 2702 2698 2697
f 2702 2697 2701
f 2702 2701 2696
f 2703 2702 2704
f 2705 2664 582
f 2705 582 2698
f 2705 2690 2664
f 2705 2702 2703
f 2705 2698 2702
f 2706 2690 2682
f 2706 2691 2690
f 2707 2706 2682
f 2707 2681 2684
f 2707 2682 2681
f 2707 2684 2685
f 2708 2672 2671
f 2708 2692 2672
f 2708 2707 2685
f 2708 2685 2692
f 2709 2665 2664
f 2709 2666 2665
f 2709 2667 2666
f 2709 2668 2667
f 2709 2664 2691
f 2710 2669 2668
f 2710 2670 2669
f 2710 2671 2670
f 2710 2668 2709
f 2710 2708 2671
f 2711 2699 2698
f 2711 2695 2700
f 2711 2693 2694
f 2711 2694 2695
f 2711 2700 2699
f 2712 593 594
f 2712 594 595
f 2712 2704 2702
f 2712 2702 2696
f 2712 2696 593
f 2712 595 2678
f 2713 2704 2712
f 2713 2712 2678
f 2714 2703 2704
f 2714 2713 2678
f 2714 2704 2713
f 2715 2678 2679
f 2715 2714 2678
f 2716 2688 2687
f 2716 2683 2690
f 2716 2705 2717
f 2716 2687 2683
f 2716 2690 2705
f 2718 2691 2706
f 2718 2706 2707
f 2718 2709 2691
f 2718 2710 2709
f 2718 2708 2710
f 2718 2707 2708
f 2719 582 583
f 2719 2711 2698
f 2719 583 584
f 2719 584 585
f 2719 585 586
f 2719 2698 582
f 2720 2703 2714
f 2721 2714 2715
f 2721 2715 2717
f 2721 2720 2714
f 2722 2715 2679
f 2722 2679 2688
f 2722 2717 2715
f 2722 2688 2716
f 2722 2716 2717
f 2723 586 587
f 2723 587 2693
f 2723 2693 2711
f 2723 2711 2719
f 2723 2719 586
f 2724 2705 2703
f 2724 2703 2720
f 2725 2717 2705
f 2725 2705 2724
f 2725 2721 2717
f 2725 2720 2721
f 2725 2724 2720
f 2738 321 322
f 2738 322 323
f 2738 323 324
f 2739 2653 321
f 2739 321 2738
f 2740 2727 2653
f 2740 2653 2739
f 2741 2740 2739
f 2741 2739 2742
f 2743 324 325
f 2743 2744 2738
f 2743 2738 324
f 2745 2746 2747
f 2745 2747 2748
f 2749 2750 333
f 2749 2745 2748
f 2751 2746 2745
f 2751 2743 2746
f 2751 2744 2743
f 2752 2744 2751
f 2752 2751 2745
f 2752 2742 2739
f 2752 2738 2744
f 2752 2739 2738
f 2752 2745 2753
f 2752 2753 2742
f 2754 2741 2742
f 2754 2742 2753
f 2755 2728 2727
f 2755 2729 2728
f 2755 2727 2740
f 2755 2740 2741
f 2756 2745 2749
f 2756 333 2726
f 2756 2753 2745
f 2756 2749 333
f 2757 2726 2737
f 2757 2756 2726
f 2758 325 326
f 2758 326 327
f 2758 327 328
f 2758 328 329
f 2758 2743 325
f 2759 2758 329
f 2760 329 330
f 2760 2759 329
f 2761 330 331
f 2761 331 332
f 2761 332 333
f 2761 2760 330
f 2761 333 2750
f 2762 2743 2758
f 2762 2747 2746
f 2762 2746 2743
f 2762 2748 2747
f 2763 2750 2749
f 2763 2749 2748
f 2763 2748 2762
f 2763 2762 2750
f 2764 2755 2741
f 2765 2730 2729
f 2765 2766 2730
f 2765 2729 2755
f 2767 2765 2755
f 2767 2755 2764
f 2768 2766 2769
f 2768 2769 2770
f 2768 2770 2771
f 2772 2771 2756
f 2772 2768 2771
f 2772 2757 2768
f 2772 2756 2757
f 2773 2731 2730
f 2773 2732 2731
f 2773 2733 2732
f 2773 2734 2733
f 2773 2766 2768
f 2773 2730 2766
f 2774 2734 2773
f 2775 2735 2734
f 2775 2736 2735
f 2775 2737 2736
f 2775 2734 2774
f 2775 2757 2737
f 2776 2758 2759
f 2776 2759 2760
f 2776 2761 2750
f 2776 2760 2761
f 2776 2750 2762
f 2776 2762 2758
f 2777 2754 2753
f 2777 2764 2741
f 2777 2741 2754
f 2778 2777 2753
f 2778 2753 2756
f 2778 2767 2764
f 2778 2764 2777
f 2779 2766 2765
f 2779 2765 2767
f 2779 2767 2778
f 2779 2769 2766
f 2780 2756 2771
f 2780 2778 2756
f 2780 2779 2778
f 2780 2769 2779
f 2780 2770 2769
f 2780 2771 2770
f 2781 2773 2768
f 2781 2774 2773
f 2781 2768 2757
f 2781 2775 2774
f 2781 2757 2775
f 2785 579 580
f 2786 580 581
f 2786 581 582
f 2786 2785 580
f 2787 2782 579
f 2787 579 2785
f 2788 2787 2785
f 2788 2786 582
f 2788 2785 2786
f 2789 2783 2782
f 2789 2782 2787
f 2790 2784 2783
f 2790 2787 2788
f 2790 2783 2789
f 2790 2789 2787
f 2791 582 2664
f 2791 2664 2784
f 2791 2788 582
f 2791 2784 2790
f 2791 2790 2788
f 2795 333 334
f 2796 334 335
f 2796 335 336
f 2796 2795 334
f 2797 2726 333
f 2797 333 2795
f 2798 2797 2795
f 2798 2796 336
f 2798 2795 2796
f 2799 2793 2726
f 2799 2726 2797
f 2800 2794 2793
f 2800 2797 2798
f 2800 2793 2799
f 2800 2799 2797
f 2801 336 2792
f 2801 2792 2794
f 2801 2798 336
f 2801 2794 2800
f 2801 2800 2798
f 2814 567 568
f 2815 2802 567
f 2815 567 2814
f 2816 2803 2802
f 2816 2802 2815
f 2817 568 569
f 2817 569 570
f 2817 570 571
f 2817 2814 568
f 2818 571 572
f 2818 2817 571
f 2819 2820 2814
f 2819 2814 2817
f 2821 2822 579
f 2821 2823 2824
f 2821 2825 2822
f 2826 2827 2824
f 2826 2820 2827
f 2826 2828 2815
f 2826 2814 2820
f 2826 2815 2814
f 2829 2826 2824
f 2829 2816 2815
f 2829 2815 2828
f 2829 2830 2816
f 2829 2824 2823
f 2829 2828 2826
f 2831 2830 2829
f 2831 2829 2823
f 2832 2804 2803
f 2832 2805 2804
f 2832 2803 2816
f 2832 2816 2830
f 2833 2821 579
f 2833 2823 2821
f 2833 579 2782
f 2834 2782 2813
f 2834 2833 2782
f 2835 576 577
f 2835 577 578
f 2835 578 579
f 2835 579 2822
f 2836 2819 2817
f 2836 2817 2818
f 2837 2825 2838
f 2837 2835 2822
f 2837 2836 2818
f 2837 2838 2839
f 2837 2822 2825
f 2837 2839 2836
f 2840 2819 2836
f 2841 2819 2840
f 2842 2819 2841
f 2842 2820 2819
f 2843 2832 2830
f 2844 2806 2805
f 2844 2805 2832
f 2844 2845 2806
f 2846 2844 2832
f 2846 2832 2843
f 2847 2845 2848
f 2847 2848 2849
f 2847 2849 2850
f 2851 2850 2833
f 2851 2847 2850
f 2851 2834 2847
f 2851 2833 2834
f 2852 2807 2806
f 2852 2808 2807
f 2852 2809 2808
f 2852 2810 2809
f 2852 2845 2847
f 2852 2806 2845
f 2853 2810 2852
f 2854 2811 2810
f 2854 2812 2811
f 2854 2813 2812
f 2854 2834 2813
f 2854 2810 2853
f 2855 572 573
f 2855 573 574
f 2855 574 575
f 2855 575 576
f 2855 576 2835
f 2856 2818 572
f 2856 2837 2818
f 2856 572 2855
f 2856 2855 2835
f 2856 2835 2837
f 2857 2840 2836
f 2857 2841 2840
f 2857 2836 2839
f 2858 2825 2821
f 2858 2838 2825
f 2858 2839 2838
f 2858 2857 2839
f 2859 2821 2824
f 2859 2842 2841
f 2859 2841 2857
f 2859 2858 2821
f 2859 2857 2858
f 2860 2824 2827
f 2860 2827 2820
f 2860 2842 2859
f 2860 2820 2842
f 2860 2859 2824
f 2861 2831 2823
f 2861 2843 2830
f 2861 2830 2831
f 2862 2861 2823
f 2862 2846 2843
f 2862 2843 2861
f 2862 2823 2833
f 2863 2844 2846
f 2863 2846 2862
f 2863 2845 2844
f 2863 2848 2845
f 2864 2833 2850
f 2864 2862 2833
f 2864 2849 2848
f 2864 2850 2849
f 2864 2863 2862
f 2864 2848 2863
f 2865 2853 2852
f 2865 2847 2834
f 2865 2852 2847
f 2865 2834 2854
f 2865 2854 2853
f 2880 348 349
f 2880 349 350
f 2881 350 2866
f 2881 2880 350
f 2882 2866 2879
f 2882 2881 2866
f 2883 347 348
f 2883 2880 2884
f 2883 348 2880
f 2885 2886 2887
f 2885 2887 2888
f 2889 2890 2891
f 2892 2889 2891
f 2893 2894 2882
f 2895 336 2896
f 2895 2886 2885
f 2897 2898 2883
f 2897 2883 2884
f 2897 2885 2888
f 2897 2888 2898
f 2899 2792 336
f 2899 2895 2885
f 2899 336 2895
f 2900 2884 2880
f 2900 2897 2884
f 2901 2881 2882
f 2901 2902 2881
f 2901 2882 2894
f 2903 2892 2891
f 2903 2893 2892
f 2903 2894 2893
f 2903 2901 2894
f 2903 2891 2901
f 2904 2792 2899
f 2904 2891 2890
f 2905 2792 2904
f 2906 2893 2882
f 2906 2875 2874
f 2906 2876 2875
f 2906 2877 2876
f 2906 2878 2877
f 2906 2879 2878
f 2906 2882 2879
f 2907 336 337
f 2907 337 338
f 2907 338 339
f 2907 339 340
f 2907 2896 336
f 2908 2907 340
f 2909 340 341
f 2909 2908 340
f 2910 341 342
f 2910 2909 341
f 2911 2886 2895
f 2911 2895 2896
f 2912 2886 2911
f 2913 2886 2912
f 2913 2883 2898
f 2913 2887 2886
f 2913 2888 2887
f 2913 2898 2888
f 2914 2885 2897
f 2914 2899 2885
f 2914 2897 2900
f 2915 2904 2899
f 2915 2891 2904
f 2915 2901 2891
f 2916 2904 2890
f 2916 2905 2904
f 2917 2892 2893
f 2917 2916 2890
f 2917 2889 2892
f 2917 2890 2889
f 2918 2874 2873
f 2918 2917 2893
f 2918 2893 2906
f 2918 2906 2874
f 2919 2867 2792
f 2919 2868 2867
f 2919 2869 2868
f 2919 2870 2869
f 2919 2792 2905
f 2920 2871 2870
f 2920 2872 2871
f 2920 2873 2872
f 2920 2918 2873
f 2920 2870 2919
f 2921 2896 2907
f 2921 2907 2908
f 2921 2908 2909
f 2921 2909 2910
f 2922 342 343
f 2922 343 344
f 2922 344 345
f 2922 345 346
f 2922 2910 342
f 2923 2914 2900
f 2923 2900 2924
f 2923 2899 2914
f 2923 2924 2915
f 2923 2915 2899
f 2925 2915 2924
f 2925 2901 2915
f 2925 2902 2901
f 2926 2900 2880
f 2926 2880 2881
f 2926 2881 2902
f 2927 2916 2917
f 2927 2917 2918
f 2927 2905 2916
f 2927 2919 2905
f 2927 2918 2920
f 2927 2920 2919
f 2928 346 347
f 2928 2922 346
f 2928 2883 2913
f 2928 347 2883
f 2928 2921 2910
f 2928 2910 2922
f 2929 2925 2924
f 2929 2900 2926
f 2929 2924 2900
f 2929 2902 2925
f 2929 2926 2902
f 2930 2928 2913
f 2930 2912 2911
f 2930 2913 2912
f 2930 2896 2921
f 2930 2911 2896
f 2930 2921 2928
f 2936 562 563
f 2936 563 564
f 2937 564 565
f 2937 565 566
f 2937 566 567
f 2937 2936 564
f 2938 2931 562
f 2938 562 2936
f 2939 567 2802
f 2939 2938 2936
f 2939 2937 567
f 2939 2936 2937
f 2940 2932 2931
f 2940 2933 2932
f 2940 2931 2938
f 2941 2934 2933
f 2941 2935 2934
f 2941 2802 2935
f 2941 2938 2939
f 2941 2939 2802
f 2941 2940 2938
f 2941 2933 2940
f 2948 350 351
f 2948 351 352
f 2948 352 353
f 2949 353 354
f 2949 354 355
f 2949 355 356
f 2949 2948 353
f 2950 2866 350
f 2950 350 2948
f 2951 356 2942
f 2951 2950 2948
f 2951 2948 2949
f 2951 2949 356
f 2952 2943 2866
f 2952 2944 2943
f 2952 2945 2944
f 2952 2866 2950
f 2953 2946 2945
f 2953 2947 2946
f 2953 2942 2947
f 2953 2952 2950
f 2953 2951 2942
f 2953 2945 2952
f 2953 2950 2951
f 2957 559 560
f 2958 560 561
f 2958 561 562
f 2958 2957 560
f 2959 2954 559
f 2959 559 2957
f 2960 2959 2957
f 2960 2958 562
f 2960 2957 2958
f 2961 2955 2954
f 2961 2954 2959
f 2962 2956 2955
f 2962 2959 2960
f 2962 2955 2961
f 2962 2961 2959
f 2963 562 2931
f 2963 2931 2956
f 2963 2960 562
f 2963 2956 2962
f 2963 2962 2960
f 2967 356 357
f 2968 357 358
f 2968 358 359
f 2968 2967 357
f 2969 2942 356
f 2969 356 2967
f 2970 2969 2967
f 2970 2968 359
f 2970 2967 2968
f 2971 2965 2942
f 2971 2942 2969
f 2972 2966 2965
f 2972 2969 2970
f 2972 2965 2971
f 2972 2971 2969
f 2973 359 2964
f 2973 2964 2966
f 2973 2970 359
f 2973 2966 2972
f 2973 2972 2970
f 2980 553 554
f 2980 554 555
f 2980 555 556
f 2981 556 557
f 2981 557 558
f 2981 558 559
f 2981 2980 556
f 2982 2974 553
f 2982 553 2980
f 2983 559 2954
f 2983 2982 2980
f 2983 2980 2981
f 2983 2981 559
f 2984 2975 2974
f 2984 2976 2975
f 2984 2977 2976
f 2984 2974 2982
f 2985 2978 2977
f 2985 2979 2978
f 2985 2954 2979
f 2985 2984 2982
f 2985 2983 2954
f 2985 2977 2984
f 2985 2982 2983
f 2991 359 360
f 2991 360 361
f 2992 361 362
f 2992 362 363
f 2992 363 364
f 2992 2991 361
f 2993 2964 359
f 2993 359 2991
f 2994 364 2986
f 2994 2993 2991
f 2994 2992 364
f 2994 2991 2992
f 2995 2987 2964
f 2995 2988 2987
f 2995 2964 2993
f 2996 2989 2988
f 2996 2990 2989
f 2996 2986 2990
f 2996 2993 2994
f 2996 2994 2986
f 2996 2995 2993
f 2996 2988 2995
f 3011 551 552
f 3011 552 553
f 3012 553 2974
f 3012 3011 553
f 3013 2974 3010
f 3013 3012 2974
f 3014 550 551
f 3014 551 3011
f 3014 3011 3015
f 3016 3017 3018
f 3016 3018 3019
f 3020 3021 3022
f 3023 3020 3022
f 3024 3025 3013
f 3026 539 3027
f 3026 3017 3016
f 3028 3029 3014
f 3028 3014 3015
f 3028 3019 3029
f 3028 3016 3019
f 3030 2997 539
f 3030 3026 3016
f 3030 539 3026
f 3031 3028 3015
f 3031 3015 3011
f 3032 3033 3012
f 3032 3013 3025
f 3032 3012 3013
f 3034 3023 3022
f 3034 3024 3023
f 3034 3025 3024
f 3034 3032 3025
f 3034 3022 3032
f 3035 2997 3030
f 3035 3022 3021
f 3036 2997 3035
f 3037 3024 3013
f 3037 3006 3005
f 3037 3007 3006
f 3037 3008 3007
f 3037 3009 3008
f 3037 3010 3009
f 3037 3013 3010
f 3038 539 540
f 3038 540 541
f 3038 541 542
f 3038 542 543
f 3038 3027 539
f 3039 3038 543
f 3040 543 544
f 3040 3039 543
f 3041 544 545
f 3041 3040 544
f 3042 3017 3026
f 3042 3026 3027
f 3043 3017 3042
f 3044 3014 3029
f 3044 3018 3017
f 3044 3017 3043
f 3044 3029 3019
f 3044 3019 3018
f 3045 3016 3028
f 3045 3028 3031
f 3045 3030 3016
f 3046 3035 3030
f 3046 3022 3035
f 3046 3032 3022
f 3047 3035 3021
f 3047 3036 3035
f 3048 3023 3024
f 3048 3047 3021
f 3048 3020 3023
f 3048 3021 3020
f 3049 3005 3004
f 3049 3048 3024
f 3049 3024 3037
f 3049 3037 3005
f 3050 2998 2997
f 3050 2999 2998
f 3050 3000 2999
f 3050 3001 3000
f 3050 2997 3036
f 3051 3002 3001
f 3051 3003 3002
f 3051 3004 3003
f 3051 3049 3004
f 3051 3001 3050
f 3052 3027 3038
f 3052 3038 3039
f 3052 3039 3040
f 3052 3040 3041
f 3053 545 546
f 3053 546 547
f 3053 547 548
f 3053 548 549
f 3053 3041 545
f 3054 3055 3046
f 3054 3045 3031
f 3054 3031 3055
f 3054 3030 3045
f 3054 3046 3030
f 3056 3046 3055
f 3056 3033 3032
f 3056 3032 3046
f 3057 3031 3011
f 3057 3012 3033
f 3057 3011 3012
f 3058 3047 3048
f 3058 3048 3049
f 3058 3036 3047
f 3058 3050 3036
f 3058 3049 3051
f 3058 3051 3050
f 3059 549 550
f 3059 3053 549
f 3059 550 3014
f 3059 3014 3044
f 3059 3052 3041
f 3059 3041 3053
f 3060 3031 3057
f 3060 3055 3031
f 3060 3056 3055
f 3060 3033 3056
f 3060 3057 3033
f 3061 3059 3044
f 3061 3043 3042
f 3061 3042 3027
f 3061 3027 3052
f 3061 3044 3043
f 3061 3052 3059
f 3074 364 365
f 3075 2986 364
f 3075 364 3074
f 3076 3063 2986
f 3076 2986 3075
f 3077 365 366
f 3077 366 367
f 3077 367 368
f 3077 3074 365
f 3078 368 369
f 3078 3077 368
f 3079 3080 3074
f 3079 3074 3077
f 3081 3082 376
f 3081 3083 3084
f 3081 3085 3082
f 3086 3087 3084
f 3086 3080 3087
f 3086 3088 3075
f 3086 3074 3080
f 3086 3075 3074
f 3089 3086 3084
f 3089 3076 3075
f 3089 3075 3088
f 3089 3090 3076
f 3089 3084 3083
f 3089 3088 3086
f 3091 3090 3089
f 3091 3089 3083
f 3092 3064 3063
f 3092 3065 3064
f 3092 3063 3076
f 3092 3076 3090
f 3093 3081 376
f 3093 3083 3081
f 3093 376 3062
f 3094 3062 3073
f 3094 3093 3062
f 3095 373 374
f 3095 374 375
f 3095 375 376
f 3095 376 3082
f 3096 3079 3077
f 3096 3077 3078
f 3097 3085 3098
f 3097 3095 3082
f 3097 3096 3078
f 3097 3098 3099
f 3097 3082 3085
f 3097 3099 3096
f 3100 3079 3096
f 3101 3079 3100
f 3102 3079 3101
f 3102 3080 3079
f 3103 3092 3090
f 3104 3066 3065
f 3104 3065 3092
f 3104 3105 3066
f 3106 3104 3092
f 3106 3092 3103
f 3107 3105 3108
f 3107 3108 3109
f 3107 3109 3110
f 3111 3110 3093
f 3111 3094 3107
f 3111 3107 3110
f 3111 3093 3094
f 3112 3067 3066
f 3112 3068 3067
f 3112 3069 3068
f 3112 3070 3069
f 3112 3105 3107
f 3112 3066 3105
f 3113 3070 3112
f 3114 3071 3070
f 3114 3072 3071
f 3114 3073 3072
f 3114 3094 3073
f 3114 3070 3113
f 3115 369 370
f 3115 370 371
f 3115 371 372
f 3115 372 373
f 3115 373 3095
f 3116 3078 369
f 3116 3097 3078
f 3116 369 3115
f 3116 3115 3095
f 3116 3095 3097
f 3117 3100 3096
f 3117 3101 3100
f 3117 3096 3099
f 3118 3085 3081
f 3118 3098 3085
f 3118 3099 3098
f 3118 3117 3099
f 3119 3081 3084
f 3119 3102 3101
f 3119 3101 3117
f 3119 3118 3081
f 3119 3117 3118
f 3120 3084 3087
f 3120 3087 3080
f 3120 3102 3119
f 3120 3080 3102
f 3120 3119 3084
f 3121 3091 3083
f 3121 3103 3090
f 3121 3090 3091
f 3122 3121 3083
f 3122 3106 3103
f 3122 3103 3121
f 3122 3083 3093
f 3123 3104 3106
f 3123 3106 3122
f 3123 3105 3104
f 3123 3108 3105
f 3124 3093 3110
f 3124 3122 3093
f 3124 3109 3108
f 3124 3110 3109
f 3124 3123 3122
f 3124 3108 3123
f 3125 3107 3094
f 3125 3113 3112
f 3125 3112 3107
f 3125 3094 3114
f 3125 3114 3113
f 3129 536 537
f 3130 537 538
f 3130 538 539
f 3130 3129 537
f 3131 3126 536
f 3131 536 3129
f 3132 3131 3129
f 3132 3130 539
f 3132 3129 3130
f 3133 3127 3126
f 3133 3126 3131
f 3134 3128 3127
f 3134 3131 3132
f 3134 3127 3133
f 3134 3133 3131
f 3135 539 2997
f 3135 2997 3128
f 3135 3132 539
f 3135 3128 3134
f 3135 3134 3132
f 3139 376 377
f 3139 3140 376
f 3141 3062 376
f 3141 376 3140
f 3142 3141 3140
f 3142 3139 377
f 3142 3140 3139
f 3143 3137 3062
f 3143 3062 3141
f 3144 3138 3137
f 3144 3141 3142
f 3144 3137 3143
f 3144 3143 3141
f 3145 377 3136
f 3145 3136 3138
f 3145 3142 377
f 3145 3138 3144
f 3145 3144 3142
f 3158 524 525
f 3159 3146 524
f 3159 524 3158
f 3160 3147 3146
f 3160 3148 3147
f 3160 3149 3148
f 3160 3146 3159
f 3161 3150 3149
f 3161 3160 3162
f 3161 3149 3160
f 3163 3164 3165
f 3166 3163 3165
f 3167 525 526
f 3167 526 527
f 3167 527 528
f 3167 3158 525
f 3168 528 529
f 3168 3167 528
f 3169 3170 3158
f 3169 3158 3167
f 3171 3172 536
f 3171 3173 3172
f 3174 3175 3176
f 3174 3170 3175
f 3174 3177 3159
f 3174 3158 3170
f 3174 3159 3158
f 3178 3162 3160
f 3179 3171 536
f 3179 536 3126
f 3180 3162 3178
f 3180 3161 3162
f 3180 3164 3161
f 3180 3165 3164
f 3181 3165 3179
f 3181 3126 3157
f 3181 3179 3126
f 3181 3166 3165
f 3182 533 534
f 3182 534 535
f 3182 535 536
f 3182 536 3172
f 3183 3169 3167
f 3183 3167 3168
f 3184 3173 3185
f 3184 3182 3172
f 3184 3183 3168
f 3184 3185 3186
f 3184 3172 3173
f 3184 3186 3183
f 3187 3169 3183
f 3188 3169 3187
f 3189 3169 3188
f 3189 3170 3169
f 3190 3176 3171
f 3190 3171 3179
f 3190 3174 3176
f 3191 3179 3165
f 3191 3165 3180
f 3191 3180 3178
f 3192 3161 3164
f 3192 3164 3163
f 3192 3163 3166
f 3193 3166 3181
f 3193 3192 3166
f 3193 3181 3192
f 3194 3151 3150
f 3194 3152 3151
f 3194 3153 3152
f 3194 3154 3153
f 3194 3161 3192
f 3194 3150 3161
f 3195 3154 3194
f 3196 3155 3154
f 3196 3156 3155
f 3196 3157 3156
f 3196 3181 3157
f 3196 3154 3195
f 3197 529 530
f 3197 530 531
f 3197 531 532
f 3197 532 533
f 3197 533 3182
f 3198 3184 3168
f 3198 3168 529
f 3198 529 3197
f 3198 3197 3182
f 3198 3182 3184
f 3199 3187 3183
f 3199 3188 3187
f 3199 3183 3186
f 3200 3173 3171
f 3200 3185 3173
f 3200 3186 3185
f 3200 3199 3186
f 3201 3171 3176
f 3201 3189 3188
f 3201 3188 3199
f 3201 3200 3171
f 3201 3199 3200
f 3202 3176 3175
f 3202 3175 3170
f 3202 3189 3201
f 3202 3170 3189
f 3202 3201 3176
f 3203 3160 3159
f 3203 3159 3177
f 3203 3178 3160
f 3204 3174 3190
f 3204 3190 3205
f 3204 3177 3174
f 3206 3190 3179
f 3206 3179 3191
f 3206 3205 3190
f 3206 3178 3205
f 3206 3191 3178
f 3207 3194 3192
f 3207 3195 3194
f 3207 3181 3196
f 3207 3196 3195
f 3207 3192 3181
f 3208 3205 3178
f 3208 3203 3177
f 3208 3178 3203
f 3208 3204 3205
f 3208 3177 3204
f 3223 389 390
f 3223 390 391
f 3224 391 3209
f 3224 3225 3226
f 3224 3226 3223
f 3224 3223 391
f 3227 3209 3222
f 3227 3224 3209
f 3228 3226 3225
f 3228 3225 377
f 3229 3226 3228
f 3230 3226 3229
f 3231 388 389
f 3231 389 3223
f 3231 3223 3226
f 3231 3226 3230
f 3232 3233 3234
f 3235 3232 3234
f 3236 3237 3227
f 3238 3228 377
f 3239 3225 3224
f 3239 3227 3237
f 3239 377 3225
f 3239 3234 377
f 3239 3224 3227
f 3240 3236 3235
f 3240 3239 3237
f 3240 3234 3239
f 3240 3237 3236
f 3240 3235 3234
f 3241 3136 377
f 3241 3234 3233
f 3241 377 3234
f 3242 3136 3241
f 3243 3218 3217
f 3243 3219 3218
f 3243 3220 3219
f 3243 3221 3220
f 3243 3222 3221
f 3243 3227 3222
f 3243 3236 3227
f 3244 381 382
f 3245 3244 382
f 3246 382 383
f 3246 3245 382
f 3247 3246 383
f 3248 383 384
f 3248 384 385
f 3248 385 386
f 3248 386 387
f 3248 387 388
f 3248 3247 383
f 3248 388 3231
f 3249 3248 3231
f 3249 3229 3228
f 3249 3230 3229
f 3249 3228 3238
f 3249 3231 3230
f 3250 3241 3233
f 3250 3242 3241
f 3251 3235 3236
f 3251 3250 3233
f 3251 3233 3232
f 3251 3232 3235
f 3252 3217 3216
f 3252 3243 3217
f 3252 3251 3236
f 3252 3236 3243
f 3253 3210 3136
f 3253 3211 3210
f 3253 3212 3211
f 3253 3213 3212
f 3253 3136 3242
f 3254 3214 3213
f 3254 3215 3214
f 3254 3216 3215
f 3254 3252 3216
f 3254 3213 3253
f 3255 377 378
f 3255 378 379
f 3255 379 380
f 3255 380 381
f 3255 381 3244
f 3255 3238 377
f 3256 3255 3244
f 3256 3238 3255
f 3257 3249 3238
f 3257 3248 3249
f 3257 3256 3244
f 3257 3244 3245
f 3257 3238 3256
f 3257 3245 3246
f 3257 3246 3247
f 3257 3247 3248
f 3258 3250 3251
f 3258 3242 3250
f 3258 3251 3252
f 3258 3253 3242
f 3258 3252 3254
f 3258 3254 3253
f 3264 519 520
f 3264 520 521
f 3265 521 522
f 3265 522 523
f 3265 523 524
f 3265 3264 521
f 3266 3259 519
f 3266 519 3264
f 3267 524 3146
f 3267 3266 3264
f 3267 3265 524
f 3267 3264 3265
f 3268 3260 3259
f 3268 3261 3260
f 3268 3259 3266
f 3269 3262 3261
f 3269 3263 3262
f 3269 3146 3263
f 3269 3266 3267
f 3269 3267 3146
f 3269 3268 3266
f 3269 3261 3268
f 3276 391 392
f 3276 392 393
f 3276 393 394
f 3277 394 395
f 3277 395 396
f 3277 396 397
f 3277 3276 394
f 3278 3209 391
f 3278 391 3276
f 3279 397 3270
f 3279 3278 3276
f 3279 3276 3277
f 3279 3277 397
f 3280 3271 3209
f 3280 3272 3271
f 3280 3273 3272
f 3280 3209 3278
f 3281 3274 3273
f 3281 3275 3274
f 3281 3270 3275
f 3281 3280 3278
f 3281 3279 3270
f 3281 3273 3280
f 3281 3278 3279
f 3283 518 519
f 3283 3284 518
f 3285 3282 518
f 3285 518 3284
f 3286 3285 3284
f 3286 3283 519
f 3286 3284 3283
f 3287 3282 3285
f 3288 3259 3282
f 3288 3285 3286
f 3288 3282 3287
f 3288 3287 3285
f 3289 519 3259
f 3289 3286 519
f 3289 3259 3288
f 3289 3288 3286
f 3293 397 398
f 3294 398 399
f 3294 399 400
f 3294 3293 398
f 3295 3270 397
f 3295 397 3293
f 3296 3295 3293
f 3296 3294 400
f 3296 3293 3294
f 3297 3291 3270
f 3297 3270 3295
f 3298 3292 3291
f 3298 3295 3296
f 3298 3291 3297
f 3298 3297 3295
f 3299 400 3290
f 3299 3290 3292
f 3299 3296 400
f 3299 3292 3298
f 3299 3298 3296
f 3306 512 513
f 3306 513 514
f 3306 514 515
f 3307 515 516
f 3307 516 517
f 3307 517 518
f 3307 3306 515
f 3308 3300 512
f 3308 512 3306
f 3309 518 3282
f 3309 3308 3306
f 3309 3306 3307
f 3309 3307 518
f 3310 3301 3300
f 3310 3302 3301
f 3310 3303 3302
f 3310 3300 3308
f 3311 3304 3303
f 3311 3305 3304
f 3311 3282 3305
f 3311 3310 3308
f 3311 3309 3282
f 3311 3303 3310
f 3311 3308 3309
f 3317 400 401
f 3317 401 402
f 3318 402 403
f 3318 403 404
f 3318 404 405
f 3318 3317 402
f 3319 3290 400
f 3319 400 3317
f 3320 405 3312
f 3320 3319 3317
f 3320 3318 405
f 3320 3317 3318
f 3321 3313 3290
f 3321 3314 3313
f 3321 3290 3319
f 3322 3315 3314
f 3322 3316 3315
f 3322 3312 3316
f 3322 3319 3320
f 3322 3320 3312
f 3322 3321 3319
f 3322 3314 3321
f 3337 510 511
f 3337 511 512
f 3338 512 3300
f 3338 3337 512
f 3339 3300 3336
f 3339 3338 3300
f 3340 3341 3342
f 3343 509 510
f 3343 3337 3341
f 3343 510 3337
f 3343 3341 3340
f 3344 3345 3346
f 3347 3344 3346
f 3348 3349 3339
f 3350 498 499
f 3350 499 500
f 3351 3340 3342
f 3351 3343 3340
f 3351 3342 3350
f 3352 3338 3339
f 3352 3353 3338
f 3352 3339 3349
f 3354 3352 3349
f 3354 3348 3347
f 3354 3346 3352
f 3354 3347 3346
f 3354 3349 3348
f 3355 3346 3345
f 3356 3323 3355
f 3357 3332 3331
f 3357 3333 3332
f 3357 3334 3333
f 3357 3335 3334
f 3357 3336 3335
f 3357 3339 3336
f 3357 3348 3339
f 3358 500 501
f 3358 501 502
f 3358 502 503
f 3358 3350 500
f 3359 3358 503
f 3359 503 504
f 3360 3359 504
f 3361 504 505
f 3361 505 506
f 3361 506 507
f 3361 507 508
f 3361 508 509
f 3361 3360 504
f 3361 509 3343
f 3362 3323 498
f 3362 3342 3341
f 3362 3355 3323
f 3362 498 3350
f 3362 3350 3342
f 3363 3355 3345
f 3363 3356 3355
f 3364 3363 3345
f 3364 3347 3348
f 3364 3345 3344
f 3364 3344 3347
f 3365 3331 3330
f 3365 3364 3348
f 3365 3357 3331
f 3365 3348 3357
f 3366 3324 3323
f 3366 3325 3324
f 3366 3326 3325
f 3366 3327 3326
f 3366 3323 3356
f 3367 3328 3327
f 3367 3329 3328
f 3367 3330 3329
f 3367 3365 3330
f 3367 3327 3366
f 3368 3351 3350
f 3368 3343 3351
f 3368 3358 3359
f 3368 3359 3360
f 3368 3361 3343
f 3368 3360 3361
f 3368 3350 3358
f 3369 3341 3337
f 3370 3337 3338
f 3370 3369 3337
f 3371 3353 3352
f 3371 3346 3355
f 3371 3355 3362
f 3371 3362 3372
f 3371 3352 3346
f 3373 3363 3364
f 3373 3356 3363
f 3373 3366 3356
f 3373 3364 3365
f 3373 3365 3367
f 3373 3367 3366
f 3374 3341 3369
f 3375 3369 3370
f 3375 3370 3372
f 3375 3374 3369
f 3376 3370 3338
f 3376 3372 3370
f 3376 3371 3372
f 3376 3338 3353
f 3376 3353 3371
f 3377 3362 3341
f 3377 3341 3374
f 3378 3362 3377
f 3378 3372 3362
f 3378 3374 3375
f 3378 3375 3372
f 3378 3377 3374
f 3391 405 406
f 3391 406 407
f 3391 407 408
f 3392 3312 405
f 3392 405 3391
f 3393 3380 3312
f 3393 3312 3392
f 3394 408 409
f 3394 409 410
f 3394 410 411
f 3394 411 412
f 3394 412 413
f 3394 3395 3391
f 3394 3391 408
f 3396 3394 413
f 3397 3396 413
f 3398 413 414
f 3398 414 415
f 3398 415 416
f 3398 416 417
f 3398 3397 413
f 3399 3396 3397
f 3399 3398 417
f 3399 3397 3398
f 3400 3396 3399
f 3400 3394 3396
f 3400 3395 3394
f 3401 3400 3399
f 3401 3402 3392
f 3401 3391 3395
f 3401 3392 3391
f 3401 3395 3400
f 3403 3393 3392
f 3403 3392 3402
f 3403 3404 3393
f 3403 3402 3401
f 3403 3401 3399
f 3403 3399 3405
f 3406 3403 3405
f 3406 3404 3403
f 3407 3381 3380
f 3407 3382 3381
f 3407 3380 3393
f 3407 3393 3404
f 3408 417 3379
f 3408 3399 417
f 3408 3405 3399
f 3409 3379 3390
f 3409 3408 3379
f 3410 3407 3404
f 3411 3383 3382
f 3411 3412 3383
f 3411 3382 3407
f 3413 3407 3410
f 3413 3411 3407
f 3414 3412 3415
f 3414 3415 3416
f 3414 3416 3417
f 3418 3417 3408
f 3418 3414 3417
f 3418 3409 3414
f 3418 3408 3409
f 3419 3384 3383
f 3419 3385 3384
f 3419 3386 3385
f 3419 3387 3386
f 3419 3412 3414
f 3419 3383 3412
f 3420 3387 3419
f 3421 3388 3387
f 3421 3389 3388
f 3421 3390 3389
f 3421 3387 3420
f 3421 3409 3390
f 3422 3404 3406
f 3422 3410 3404
f 3422 3406 3405
f 3423 3410 3422
f 3423 3405 3408
f 3423 3413 3410
f 3423 3422 3405
f 3424 3412 3411
f 3424 3411 3413
f 3424 3413 3423
f 3424 3415 3412
f 3425 3408 3417
f 3425 3424 3423
f 3425 3415 3424
f 3425 3416 3415
f 3425 3423 3408
f 3425 3417 3416
f 3426 3419 3414
f 3426 3420 3419
f 3426 3421 3420
f 3426 3409 3421
f 3426 3414 3409
f 3428 497 498
f 3428 3429 497
f 3430 3427 497
f 3430 497 3429
f 3431 3430 3429
f 3431 3428 498
f 3431 3429 3428
f 3432 3427 3430
f 3433 3323 3427
f 3433 3430 3431
f 3433 3427 3432
f 3433 3432 3430
f 3434 498 3323
f 3434 3431 498
f 3434 3323 3433
f 3434 3433 3431
f 3436 417 418
f 3436 3437 417
f 3438 3379 417
f 3438 417 3437
f 3439 3438 3437
f 3439 3436 418
f 3439 3437 3436
f 3440 3379 3438
f 3441 3435 3379
f 3441 3438 3439
f 3441 3379 3440
f 3441 3440 3438
f 3442 418 3435
f 3442 3439 418
f 3442 3435 3441
f 3442 3441 3439
f 3455 485 486
f 3455 486 487
f 3455 487 488
f 3456 3443 485
f 3456 485 3455
f 3457 3444 3443
f 3457 3443 3456
f 3458 488 489
f 3458 3459 3455
f 3458 3455 488
f 3460 3461 3462
f 3460 3462 3463
f 3464 3465 497
f 3464 3460 3463
f 3466 3461 3460
f 3466 3458 3461
f 3466 3459 3458
f 3467 3459 3466
f 3467 3466 3460
f 3467 3468 3456
f 3467 3455 3459
f 3467 3456 3455
f 3469 3457 3456
f 3469 3456 3468
f 3469 3470 3457
f 3469 3467 3460
f 3469 3468 3467
f 3469 3460 3471
f 3472 3469 3471
f 3472 3470 3469
f 3473 3445 3444
f 3473 3446 3445
f 3473 3444 3457
f 3473 3457 3470
f 3474 3460 3464
f 3474 497 3427
f 3474 3464 497
f 3474 3471 3460
f 3475 3427 3454
f 3475 3474 3427
f 3476 489 490
f 3476 490 491
f 3476 491 492
f 3476 492 493
f 3476 3458 489
f 3477 3476 493
f 3478 493 494
f 3478 3477 493
f 3479 494 495
f 3479 495 496
f 3479 496 497
f 3479 3478 494
f 3479 497 3465
f 3480 3458 3476
f 3480 3462 3461
f 3480 3461 3458
f 3480 3463 3462
f 3481 3465 3464
f 3481 3464 3463
f 3481 3463 3480
f 3481 3480 3465
f 3482 3473 3470
f 3483 3447 3446
f 3483 3484 3447
f 3483 3446 3473
f 3485 3483 3473
f 3485 3473 3482
f 3486 3484 3487
f 3486 3487 3488
f 3486 3488 3489
f 3490 3489 3474
f 3490 3475 3486
f 3490 3486 3489
f 3490 3474 3475
f 3491 3448 3447
f 3491 3449 3448
f 3491 3450 3449
f 3491 3451 3450
f 3491 3484 3486
f 3491 3447 3484
f 3492 3451 3491
f 3493 3452 3451
f 3493 3453 3452
f 3493 3454 3453
f 3493 3451 3492
f 3493 3475 3454
f 3494 3476 3477
f 3494 3477 3478
f 3494 3479 3465
f 3494 3478 3479
f 3494 3465 3480
f 3494 3480 3476
f 3495 3470 3472
f 3495 3482 3470
f 3495 3472 3471
f 3496 3482 3495
f 3496 3471 3474
f 3496 3485 3482
f 3496 3495 3471
f 3497 3484 3483
f 3497 3485 3496
f 3497 3487 3484
f 3497 3483 3485
f 3498 3474 3489
f 3498 3496 3474
f 3498 3497 3496
f 3498 3487 3497
f 3498 3488 3487
f 3498 3489 3488
f 3499 3486 3475
f 3499 3491 3486
f 3499 3492 3491
f 3499 3493 3492
f 3499 3475 3493
f 3514 430 431
f 3514 431 432
f 3515 432 3500
f 3515 3514 432
f 3516 3500 3513
f 3516 3515 3500
f 3517 3518 3519
f 3520 3518 3517
f 3521 429 430
f 3521 3514 3518
f 3521 430 3514
f 3521 3518 3520
f 3522 3523 3524
f 3525 3522 3524
f 3526 3527 3516
f 3528 418 419
f 3528 419 420
f 3529 3515 3516
f 3529 3530 3515
f 3529 3516 3527
f 3531 3526 3525
f 3531 3529 3527
f 3531 3524 3529
f 3531 3525 3524
f 3531 3527 3526
f 3532 3524 3523
f 3533 3435 3532
f 3534 3509 3508
f 3534 3510 3509
f 3534 3511 3510
f 3534 3512 3511
f 3534 3513 3512
f 3534 3526 3516
f 3534 3516 3513
f 3535 420 421
f 3535 421 422
f 3535 422 423
f 3536 423 424
f 3536 3535 423
f 3537 3536 424
f 3538 424 425
f 3538 425 426
f 3538 426 427
f 3538 427 428
f 3538 428 429
f 3538 429 3521
f 3538 3537 424
f 3539 3519 3528
f 3539 3528 3540
f 3539 3538 3521
f 3539 3517 3519
f 3539 3520 3517
f 3539 3521 3520
f 3541 3435 418
f 3541 3528 3519
f 3541 418 3528
f 3541 3532 3435
f 3542 3532 3523
f 3542 3533 3532
f 3543 3525 3526
f 3543 3542 3523
f 3543 3523 3522
f 3543 3522 3525
f 3544 3508 3507
f 3544 3543 3526
f 3544 3526 3534
f 3544 3534 3508
f 3545 3501 3435
f 3545 3502 3501
f 3545 3503 3502
f 3545 3504 3503
f 3545 3435 3533
f 3546 3505 3504
f 3546 3506 3505
f 3546 3507 3506
f 3546 3544 3507
f 3546 3504 3545
f 3547 3540 3528
f 3547 420 3535
f 3547 3528 420
f 3548 3539 3540
f 3548 3540 3547
f 3548 3535 3536
f 3548 3536 3537
f 3548 3537 3538
f 3548 3538 3539
f 3548 3547 3535
f 3549 3541 3519
f 3549 3519 3518
f 3550 3518 3514
f 3550 3549 3518
f 3550 3551 3549
f 3552 3529 3524
f 3552 3524 3532
f 3552 3541 3553
f 3552 3553 3554
f 3552 3530 3529
f 3552 3532 3541
f 3555 3514 3515
f 3555 3550 3514
f 3555 3554 3553
f 3555 3515 3530
f 3556 3542 3543
f 3556 3533 3542
f 3556 3543 3544
f 3556 3545 3533
f 3556 3544 3546
f 3556 3546 3545
f 3557 3553 3541
f 3557 3541 3549
f 3557 3549 3551
f 3558 3553 3557
f 3558 3551 3550
f 3558 3550 3555
f 3558 3555 3553
f 3558 3557 3551
f 3559 3554 3555
f 3559 3552 3554
f 3559 3530 3552
f 3559 3555 3530
f 3565 480 481
f 3565 481 482
f 3566 482 483
f 3566 483 484
f 3566 484 485
f 3566 3565 482
f 3567 3560 480
f 3567 480 3565
f 3568 485 3443
f 3568 3567 3565
f 3568 3566 485
f 3568 3565 3566
f 3569 3561 3560
f 3569 3562 3561
f 3569 3560 3567
f 3570 3563 3562
f 3570 3564 3563
f 3570 3443 3564
f 3570 3567 3568
f 3570 3568 3443
f 3570 3569 3567
f 3570 3562 3569
f 3577 432 433
f 3577 433 434
f 3577 434 435
f 3578 435 436
f 3578 436 437
f 3578 437 438
f 3578 3577 435
f 3579 3500 432
f 3579 432 3577
f 3580 438 3571
f 3580 3579 3577
f 3580 3577 3578
f 3580 3578 438
f 3581 3572 3500
f 3581 3573 3572
f 3581 3574 3573
f 3581 3500 3579
f 3582 3575 3574
f 3582 3576 3575
f 3582 3571 3576
f 3582 3581 3579
f 3582 3580 3571
f 3582 3574 3581
f 3582 3579 3580
f 3584 479 480
f 3584 3585 479
f 3586 3583 479
f 3586 479 3585
f 3587 3586 3585
f 3587 3584 480
f 3587 3585 3584
f 3588 3583 3586
f 3589 3560 3583
f 3589 3586 3587
f 3589 3583 3588
f 3589 3588 3586
f 3590 480 3560
f 3590 3587 480
f 3590 3560 3589
f 3590 3589 3587
f 3592 438 439
f 3593 439 440
f 3593 440 441
f 3593 3592 439
f 3594 3571 438
f 3594 438 3592
f 3595 3594 3592
f 3595 3593 441
f 3595 3592 3593
f 3596 3571 3594
f 3597 3591 3571
f 3597 3594 3595
f 3597 3571 3596
f 3597 3596 3594
f 3598 441 3591
f 3598 3595 441
f 3598 3591 3597
f 3598 3597 3595
f 3605 473 474
f 3605 474 475
f 3605 475 476
f 3606 476 477
f 3606 477 478
f 3606 478 479
f 3606 3605 476
f 3607 3599 473
f 3607 473 3605
f 3608 479 3583
f 3608 3607 3605
f 3608 3605 3606
f 3608 3606 479
f 3609 3600 3599
f 3609 3601 3600
f 3609 3602 3601
f 3609 3599 3607
f 3610 3603 3602
f 3610 3604 3603
f 3610 3583 3604
f 3610 3609 3607
f 3610 3608 3583
f 3610 3602 3609
f 3610 3607 3608
f 3616 441 442
f 3616 442 443
f 3617 443 444
f 3617 444 445
f 3617 445 446
f 3617 3616 443
f 3618 3591 441
f 3618 441 3616
f 3619 446 3611
f 3619 3618 3616
f 3619 3617 446
f 3619 3616 3617
f 3620 3612 3591
f 3620 3613 3612
f 3620 3591 3618
f 3621 3614 3613
f 3621 3615 3614
f 3621 3611 3615
f 3621 3618 3619
f 3621 3619 3611
f 3621 3620 3618
f 3621 3613 3620
f 3636 471 472
f 3636 472 473
f 3637 473 3599
f 3637 3636 473
f 3638 3599 3635
f 3638 3637 3599
f 3639 3640 3641
f 3642 3640 3639
f 3643 470 471
f 3643 3640 3642
f 3643 471 3636
f 3643 3636 3640
f 3644 3645 3646
f 3647 3644 3646
f 3648 3649 3638
f 3650 459 460
f 3651 3641 3650
f 3651 3639 3641
f 3651 3643 3642
f 3651 3642 3639
f 3652 3622 459
f 3652 3650 3641
f 3652 459 3650
f 3653 3646 3652
f 3653 3654 3637
f 3653 3638 3649
f 3653 3637 3638
f 3655 3648 3647
f 3655 3653 3649
f 3655 3646 3653
f 3655 3647 3646
f 3655 3649 3648
f 3656 3652 3646
f 3656 3622 3652
f 3656 3646 3645
f 3657 3622 3656
f 3658 3648 3638
f 3658 3631 3630
f 3658 3632 3631
f 3658 3633 3632
f 3658 3634 3633
f 3658 3635 3634
f 3658 3638 3635
f 3659 460 461
f 3659 461 462
f 3659 462 463
f 3659 463 464
f 3659 3650 460
f 3660 3659 464
f 3661 464 465
f 3661 3660 464
f 3662 3661 465
f 3663 465 466
f 3663 466 467
f 3663 467 468
f 3663 468 469
f 3663 469 470
f 3663 3662 465
f 3663 470 3643
f 3664 3654 3653
f 3665 3637 3654
f 3665 3654 3664
f 3665 3636 3637
f 3666 3656 3645
f 3666 3657 3656
f 3667 3647 3648
f 3667 3666 3645
f 3667 3645 3644
f 3667 3644 3647
f 3668 3658 3630
f 3668 3630 3629
f 3668 3667 3648
f 3668 3648 3658
f 3669 3623 3622
f 3669 3624 3623
f 3669 3625 3624
f 3669 3626 3625
f 3669 3622 3657
f 3670 3627 3626
f 3670 3628 3627
f 3670 3629 3628
f 3670 3668 3629
f 3670 3626 3669
f 3671 3651 3650
f 3671 3650 3659
f 3672 3643 3651
f 3672 3671 3659
f 3672 3659 3660
f 3672 3660 3661
f 3672 3651 3671
f 3672 3663 3643
f 3672 3661 3662
f 3672 3662 3663
f 3673 3664 3653
f 3673 3653 3652
f 3674 3665 3664
f 3674 3664 3673
f 3675 3666 3667
f 3675 3657 3666
f 3675 3667 3668
f 3675 3669 3657
f 3675 3668 3670
f 3675 3670 3669
f 3676 3673 3652
f 3676 3674 3673
f 3677 3665 3674
f 3677 3636 3665
f 3677 3676 3652
f 3677 3641 3640
f 3677 3652 3641
f 3677 3674 3676
f 3677 3640 3636
f 3690 446 447
f 3690 447 448
f 3690 448 449
f 3691 3611 446
f 3691 446 3690
f 3692 3679 3611
f 3692 3680 3679
f 3692 3681 3680
f 3692 3611 3691
f 3693 449 450
f 3693 3694 3690
f 3693 3690 449
f 3695 3696 3697
f 3695 3697 3698
f 3699 3682 3681
f 3699 3692 3700
f 3699 3681 3692
f 3701 3702 3703
f 3704 3701 3703
f 3705 3706 458
f 3705 3695 3698
f 3705 3703 3695
f 3707 3693 3696
f 3707 3694 3693
f 3707 3696 3695
f 3708 3694 3707
f 3708 3707 3695
f 3708 3709 3691
f 3708 3690 3694
f 3708 3691 3690
f 3710 3692 3691
f 3710 3691 3709
f 3710 3700 3692
f 3710 3708 3695
f 3710 3709 3708
f 3710 3695 3703
f 3711 3710 3703
f 3711 3700 3710
f 3711 3699 3700
f 3711 3702 3699
f 3711 3703 3702
f 3712 3703 3705
f 3712 458 3678
f 3712 3705 458
f 3712 3704 3703
f 3713 3678 3689
f 3713 3712 3678
f 3714 450 451
f 3714 451 452
f 3714 452 453
f 3714 453 454
f 3714 3693 450
f 3715 3714 454
f 3716 454 455
f 3716 3715 454
f 3717 455 456
f 3717 456 457
f 3717 457 458
f 3717 3716 455
f 3717 458 3706
f 3718 3693 3714
f 3718 3697 3696
f 3718 3696 3693
f 3718 3698 3697
f 3719 3705 3698
f 3719 3706 3705
f 3719 3698 3718
f 3719 3718 3706
f 3720 3699 3702
f 3720 3702 3701
f 3720 3701 3704
f 3721 3704 3712
f 3721 3720 3704
f 3721 3713 3720
f 3721 3712 3713
f 3722 3683 3682
f 3722 3684 3683
f 3722 3685 3684
f 3722 3686 3685
f 3722 3699 3720
f 3722 3682 3699
f 3723 3686 3722
f 3724 3687 3686
f 3724 3688 3687
f 3724 3689 3688
f 3724 3686 3723
f 3724 3713 3689
f 3725 3714 3715
f 3725 3715 3716
f 3725 3717 3706
f 3725 3716 3717
f 3725 3718 3714
f 3725 3706 3718
f 3726 3720 3713
f 3726 3723 3722
f 3726 3724 3723
f 3726 3713 3724
f 3726 3722 3720
f 3727 458 459
f 3727 3728 458
f 3729 3678 458
f 3729 458 3728
f 3730 3729 3728
f 3730 3727 459
f 3730 3728 3727
f 3731 3678 3729
f 3732 3622 3678
f 3732 3729 3730
f 3732 3678 3731
f 3732 3731 3729
f 3733 459 3622
f 3733 3730 459
f 3733 3622 3732
f 3733 3732 3730
f 3735 815 3734
f 3735 816 815
f 3735 817 816
f 3736 817 3735
f 3737 818 817
f 3737 819 818
f 3737 817 3736
f 3738 820 819
f 3738 819 3737
f 3739 821 820
f 3739 820 3738
f 3740 821 3739
f 3740 822 821
f 3741 822 3740
f 3742 822 3741
f 3742 823 822
f 3743 823 3742
f 3743 824 823
f 3743 825 824
f 3744 825 3743
f 3745 825 3744
f 3745 826 825
f 3746 826 3745
f 3746 827 826
f 3747 827 3746
f 3747 828 827
f 3748 828 3747
f 3748 829 828
f 3748 830 829
f 3749 830 3748
f 3750 830 3749
f 3750 831 830
f 3751 831 3750
f 3751 832 831
f 3751 833 832
f 3752 833 3751
f 3753 834 833
f 3753 833 3752
f 3754 835 834
f 3754 834 3753
f 3755 836 835
f 3755 835 3754
f 3756 837 836
f 3756 836 3755
f 3757 838 837
f 3757 837 3756
f 3758 839 838
f 3758 840 839
f 3758 838 3757
f 3759 840 3758
f 3760 841 840
f 3760 840 3759
f 3761 842 841
f 3761 843 842
f 3761 841 3760
f 3762 843 3761
f 3763 844 843
f 3763 843 3762
f 3764 845 844
f 3764 846 845
f 3764 844 3763
f 3765 846 3764
f 3766 847 846
f 3766 846 3765
f 3767 847 3766
f 3767 848 847
f 3768 848 3767
f 3768 849 848
f 3769 849 3768
f 3769 850 849
f 3734 850 3769
f 3734 815 850
f 3784 864 851
f 3785 851 3770
f 3785 3784 851
f 3786 3783 3782
f 3786 3770 3783
f 3786 3785 3770
f 3787 3788 3789
f 3790 3784 3788
f 3790 3788 3787
f 3791 3792 3793
f 3794 3791 3793
f 3795 3782 3781
f 3795 3786 3782
f 3795 3796 3786
f 3797 3789 3798
f 3799 859 860
f 3799 860 861
f 3799 861 862
f 3799 862 863
f 3799 863 864
f 3799 864 3784
f 3799 3784 3790
f 3800 3785 3786
f 3800 3801 3785
f 3800 3786 3796
f 3802 3796 3795
f 3802 3800 3796
f 3802 3795 3803
f 3802 3793 3800
f 3802 3794 3793
f 3802 3803 3794
f 3804 3793 3792
f 3805 912 3804
f 3806 855 856
f 3806 856 857
f 3806 857 858
f 3806 858 859
f 3806 3797 3798
f 3807 3799 3790
f 3807 859 3799
f 3807 3806 859
f 3808 3789 3788
f 3809 912 6
f 3809 3798 3789
f 3809 3793 3804
f 3809 6 3798
f 3809 3789 3808
f 3809 3804 912
f 3809 3800 3793
f 3810 3804 3792
f 3810 3805 3804
f 3811 3810 3792
f 3812 3811 3792
f 3812 3803 3795
f 3812 3792 3791
f 3812 3791 3794
f 3812 3794 3803
f 3813 912 3805
f 3813 3771 912
f 3813 3772 3771
f 3813 3773 3772
f 3813 3774 3773
f 3814 3774 3813
f 3815 3775 3774
f 3815 3774 3814
f 3816 3776 3775
f 3816 3775 3815
f 3817 6 852
f 3817 852 853
f 3817 853 854
f 3817 854 855
f 3817 3806 3798
f 3817 3798 6
f 3817 855 3806
f 3818 3789 3797
f 3818 3806 3807
f 3818 3797 3806
f 3818 3807 3790
f 3818 3787 3789
f 3818 3790 3787
f 3819 3788 3784
f 3820 3808 3788
f 3820 3788 3819
f 3820 3819 3784
f 3821 3801 3800
f 3822 3784 3785
f 3822 3820 3784
f 3822 3785 3801
f 3822 3801 3821
f 3823 3814 3813
f 3823 3815 3814
f 3823 3816 3815
f 3823 3813 3805
f 3824 3777 3776
f 3824 3778 3777
f 3824 3779 3778
f 3824 3780 3779
f 3824 3776 3816
f 3825 3808 3820
f 3826 3800 3809
f 3826 3809 3827
f 3826 3821 3800
f 3826 3827 3825
f 3828 3825 3820
f 3828 3822 3821
f 3828 3820 3822
f 3828 3821 3826
f 3828 3826 3825
f 3829 3781 3780
f 3829 3812 3795
f 3829 3795 3781
f 3829 3780 3824
f 3829 3816 3823
f 3829 3824 3816
f 3830 3809 3808
f 3830 3827 3809
f 3830 3808 3825
f 3830 3825 3827
f 3831 3805 3810
f 3831 3812 3829
f 3831 3823 3805
f 3831 3810 3811
f 3831 3811 3812
f 3831 3829 3823
f 4281 4282 4283
f 4281 4283 4284
f 4286 4284 4285
f 4286 4281 4284
f 4322 4323 4324
f 4322 4324 4325
f 4280 4281 4286
f 4327 4321 4322
f 4327 4325 4326
f 4327 4322 4325
f 4287 4280 4286
f 4279 4280 4287
f 4288 4279 4287
f 4242 4243 4244
f 4242 4244 4245
f 4278 4279 4288
f 4328 4320 4321
f 4328 4321 4327
f 4291 4289 4290
f 4292 4289 4291
f 4316 4317 4318
f 4293 4278 4288
f 4293 4289 4292
f 4293 4288 4289
f 4275 4276 4277
f 4315 4316 4318
f 4315 4318 4319
f 4274 4278 4293
f 4274 4275 4277
f 4274 4277 4278
f 4329 4320 4328
f 4329 4319 4320
f 4241 4245 4246
f 4241 4242 4245
f 4365 4363 4364
f 4273 4274 4293
f 4250 4248 4249
f 4294 4273 4293
f 4251 4248 4250
f 4332 4330 4331
f 4333 4330 4332
f 4272 4273 4294
f 4271 4294 4295
f 4271 4272 4294
f 4252 4247 4248
f 4252 4248 4251
f 4270 4271 4295
f 4270 4295 4296
f 4269 4270 4296
f 4334 4329 4330
f 4334 4319 4329
f 4334 4315 4319
f 4334 4330 4333
f 4334 4314 4315
f 4240 4246 4247
f 4240 4241 4246
f 4268 4296 4297
f 4268 4269 4296
f 4267 4297 4298
f 4267 4268 4297
f 4266 4267 4298
f 4266 4298 4299
f 4265 4266 4299
f 4264 4265 4299
f 4264 4299 4300
f 4239 4240 4247
f 4239 4247 4252
f 4335 4314 4334
f 4335 4312 4313
f 4335 4313 4314
f 4366 4362 4363
f 4366 4363 4365
f 4336 4312 4335
f 4336 4311 4312
f 4337 4311 4336
f 4337 4309 4310
f 4337 4310 4311
f 4338 4309 4337
f 4338 4308 4309
f 4339 4308 4338
f 4339 4307 4308
f 4357 4358 4359
f 4340 4307 4339
f 4340 4305 4306
f 4340 4306 4307
f 4341 4305 4340
f 4356 4357 4359
f 4356 4359 4360
f 4236 4237 4238
f 4235 4238 4239
f 4235 4239 4252
f 4235 4236 4238
f 4234 4252 4253
f 4234 4235 4252
f 4367 4362 4366
f 4367 4361 4362
f 4233 4234 4253
f 4232 4253 4254
f 4232 4233 4253
f 4231 4254 4255
f 4231 4232 4254
f 4230 4231 4255
f 4229 4230 4255
f 4229 4255 4256
f 4228 4229 4256
f 4228 4256 4257
f 4227 4228 4257
f 4227 4257 4258
f 4226 4227 4258
f 4225 4226 4258
f 4225 4258 4259
f 4368 4360 4361
f 4368 4361 4367
f 4211 4209 4210
f 4212 4209 4211
f 4203 4204 4205
f 4203 4205 4206
f 4371 4369 4370
f 4213 4209 4212
f 4213 4208 4209
f 4372 4369 4371
f 4373 4355 4356
f 4373 4368 4369
f 4373 4360 4368
f 4373 4369 4372
f 4373 4356 4360
f 4374 4353 4354
f 4374 4354 4355
f 4374 4355 4373
f 4202 4203 4206
f 4202 4206 4207
f 4375 4353 4374
f 4375 4352 4353
f 4376 4352 4375
f 4376 4350 4351
f 4376 4351 4352
f 4377 4349 4350
f 4377 4350 4376
f 4378 4348 4349
f 4378 4349 4377
f 4379 4346 4347
f 4379 4347 4348
f 4379 4348 4378
f 4380 4346 4379
f 4201 4202 4207
f 4201 4207 4208
f 4200 4201 4208
f 4200 4208 4213
f 4396 4397 4398
f 4404 4402 4403
f 4395 4396 4398
f 4395 4398 4399
f 4197 4198 4199
f 4196 4200 4213
f 4196 4197 4199
f 4196 4199 4200
f 4195 4196 4213
f 4195 4213 4214
f 4194 4195 4214
f 4193 4194 4214
f 4193 4214 4215
f 4192 4193 4215
f 4192 4215 4216
f 4191 4192 4216
f 4190 4191 4216
f 4190 4216 4217
f 4189 4190 4217
f 4189 4217 4218
f 4188 4189 4218
f 4188 4218 4219
f 4187 4188 4219
f 4405 4402 4404
f 4405 4401 4402
f 4186 4219 4220
f 4186 4187 4219
f 4406 4400 4401
f 4406 4401 4405
f 3756 4264 4300
f 3756 4262 4263
f 3756 4263 4264
f 3756 4300 4301
f 3756 4301 4302
f 3757 3756 4302
f 3757 4302 4303
f 3755 4261 4262
f 3755 4262 3756
f 3758 3757 4303
f 3758 4341 4342
f 3758 4342 4343
f 3758 4303 4304
f 3758 4304 4305
f 3758 4305 4341
f 4172 4170 4171
f 4407 4400 4406
f 4407 4399 4400
f 4173 4170 4172
f 4174 4170 4173
f 4174 4169 4170
f 4410 4408 4409
f 4411 4408 4410
f 3754 4223 4224
f 3754 4224 4225
f 3754 4259 4260
f 3754 4260 4261
f 3754 4261 3755
f 3754 4225 4259
f 3759 3758 4343
f 3759 4343 4344
f 4412 4408 4411
f 4412 4399 4407
f 4412 4395 4399
f 4412 4394 4395
f 4412 4407 4408
f 4413 4394 4412
f 4413 4392 4393
f 4413 4393 4394
f 4414 4392 4413
f 4414 4391 4392
f 4415 4391 4414
f 4415 4389 4390
f 4415 4390 4391
f 4416 4389 4415
f 4416 4388 4389
f 4417 4388 4416
f 4417 4387 4388
f 4418 4387 4417
f 4418 4385 4386
f 4418 4386 4387
f 4419 4385 4418
f 3753 4222 4223
f 3753 4223 3754
f 3760 4344 4345
f 3760 4345 4346
f 3760 4380 4381
f 3760 4381 4382
f 3760 3759 4344
f 3760 4346 4380
f 4164 4165 4166
f 4164 4166 4167
f 4163 4167 4168
f 4163 4164 4167
f 3752 4220 4221
f 3752 4221 4222
f 3752 4186 4220
f 3752 4184 4185
f 3752 4222 3753
f 3752 4185 4186
f 3761 4382 4383
f 3761 3760 4382
f 4162 4168 4169
f 4162 4163 4168
f 4435 4436 4437
f 4434 4437 4438
f 4434 4435 4437
f 4161 4169 4174
f 4161 4162 4169
f 4158 4159 4160
f 4157 4158 4160
f 4157 4161 4174
f 4157 4160 4161
f 4156 4157 4174
f 4156 4174 4175
f 4155 4156 4175
f 4154 4155 4175
f 4154 4175 4176
f 4153 4176 4177
f 4153 4154 4176
f 4152 4153 4177
f 4151 4152 4177
f 4151 4177 4178
f 4150 4151 4178
f 4150 4178 4179
f 4149 4150 4179
f 4149 4179 4180
f 4148 4149 4180
f 4147 4148 4180
f 4147 4180 4181
f 3751 4183 4184
f 3751 4184 3752
f 3762 3761 4383
f 3762 4385 4419
f 3762 4383 4384
f 3762 4384 4385
f 3762 4419 4420
f 3762 4420 4421
f 4443 4441 4442
f 4444 4440 4441
f 4444 4441 4443
f 3750 4145 4146
f 3750 4146 4147
f 3750 4147 4181
f 3750 4181 4182
f 3750 4182 4183
f 3750 4183 3751
f 3763 4421 4422
f 3763 3762 4421
f 4445 4439 4440
f 4445 4440 4444
f 4131 4129 4130
f 4132 4129 4131
f 4133 4128 4129
f 4133 4129 4132
f 4446 4438 4439
f 4446 4439 4445
f 4452 4431 4432
f 4452 4432 4433
f 4453 4430 4431
f 4453 4431 4452
f 4454 4428 4429
f 4454 4429 4430
f 4454 4430 4453
f 4455 4427 4428
f 4455 4428 4454
f 4456 4426 4427
f 4456 4427 4455
f 4451 4434 4438
f 4451 4433 4434
f 4451 4446 4447
f 4451 4438 4446
f 4451 4452 4433
f 4449 4447 4448
f 4450 4451 4447
f 4450 4447 4449
f 4457 4424 4425
f 4457 4425 4426
f 4457 4426 4456
f 4458 4424 4457
f 3749 4142 4143
f 3749 4143 4144
f 3749 4144 4145
f 3749 4145 3750
f 3764 4422 4423
f 3764 4423 4424
f 3764 3763 4422
f 3764 4458 4459
f 3764 4459 4460
f 3764 4424 4458
f 4124 4125 4126
f 3748 4140 4141
f 3748 4141 4142
f 3748 4142 3749
f 3765 4460 4461
f 3765 4461 4462
f 3765 3764 4460
f 4121 4122 4123
f 4121 4123 4124
f 4121 4124 4126
f 4120 4121 4126
f 4120 4126 4127
f 4478 4476 4477
f 4463 3765 4462
f 4475 4476 4478
f 4479 4475 4478
f 4110 4135 4136
f 4109 4110 4136
f 4111 4134 4135
f 4111 4135 4110
f 4108 4136 4137
f 4108 4109 4136
f 4112 4134 4111
f 4107 4137 4138
f 4107 4108 4137
f 4106 4138 4139
f 4106 4107 4138
f 4105 4106 4139
f 4119 4127 4128
f 4119 4120 4127
f 4113 4134 4112
f 4113 4133 4134
f 4104 4105 4139
f 4104 4139 4140
f 4104 4140 3748
f 4103 4104 3748
f 4118 4119 4128
f 4118 4128 4133
f 4114 4118 4133
f 4114 4133 4113
f 4102 4103 3748
f 4117 4118 4114
f 4115 4117 4114
f 4116 4117 4115
f 3747 4102 3748
f 3766 4463 4464
f 3766 4464 4465
f 3766 3765 4463
f 4101 4102 3747
f 4100 4101 3747
f 4484 4482 4483
f 4099 3747 3746
f 4099 4100 3747
f 4098 4099 3746
f 4097 4098 3746
f 4495 4469 4470
f 4495 4470 4471
f 4496 4468 4469
f 4496 4469 4495
f 4494 4471 4472
f 4494 4495 4471
f 4497 4467 4468
f 4497 4468 4496
f 4493 4494 4472
f 4493 4472 4473
f 4493 4473 4474
f 4498 4465 4466
f 4498 4466 4467
f 4498 4467 4497
f 4499 3766 4465
f 4499 4465 4498
f 4086 4087 4088
f 4086 4088 4089
f 4086 4089 4090
f 4485 4481 4482
f 4485 4482 4484
f 4500 3766 4499
f 4085 4086 4090
f 4501 3767 3766
f 4501 3766 4500
f 4492 4493 4474
f 4492 4474 4475
f 4492 4475 4479
f 4486 4481 4485
f 4486 4480 4481
f 4487 4492 4479
f 4487 4480 4486
f 4487 4479 4480
f 4488 4492 4487
f 4488 4489 4490
f 4488 4490 4491
f 4488 4491 4492
f 4502 3767 4501
f 4503 3767 4502
f 4504 3767 4503
f 4504 3768 3767
f 4505 3768 4504
f 4506 3768 4505
f 4067 4093 4094
f 4066 4067 4094
f 4066 4094 4095
f 4068 4093 4067
f 4065 4066 4095
f 4065 4095 4096
f 4069 4093 4068
f 4069 4092 4093
f 4064 4065 4096
f 4070 4092 4069
f 4070 4091 4092
f 4071 4091 4070
f 4063 4064 4096
f 4063 4097 3746
f 4063 4096 4097
f 4062 4063 3746
f 4061 3746 3745
f 4061 4062 3746
f 4072 4090 4091
f 4072 4091 4071
f 4519 4516 4517
f 4519 4517 4518
f 4520 4516 4519
f 4073 4090 4072
f 4080 4081 4082
f 4080 4082 4083
f 4076 4073 4074
f 4076 4074 4075
f 4077 4073 4076
f 4077 4085 4090
f 4077 4090 4073
f 4079 4080 4083
f 4079 4083 4084
f 4078 4085 4077
f 4078 4079 4084
f 4078 4084 4085
f 4060 4061 3745
f 4060 3745 3744
f 4059 4060 3744
f 4058 4059 3744
f 939 4508 4509
f 938 939 4509
f 938 4509 4510
f 937 938 4510
f 937 4510 4511
f 937 4511 4512
f 940 4508 939
f 940 4506 4507
f 940 4507 4508
f 941 3768 4506
f 941 4506 940
f 936 937 4512
f 936 4512 4513
f 942 3768 941
f 935 936 4513
f 935 4513 4514
f 935 4514 4515
f 911 3768 942
f 911 3769 3768
f 4525 4523 4524
f 934 4516 4520
f 934 935 4515
f 934 4515 4516
f 4047 4048 4049
f 4047 4049 4050
f 4047 4050 4051
f 4046 4047 4051
f 4526 4523 4525
f 4531 931 932
f 4531 932 933
f 4531 933 934
f 4530 934 4520
f 4530 4520 4521
f 4530 4531 934
f 4529 4530 4521
f 4529 4521 4522
f 4528 4522 4523
f 4528 4526 4527
f 4528 4529 4522
f 4528 4523 4526
f 912 3734 3769
f 912 3769 911
f 3771 3734 912
f 3772 3734 3771
f 4024 4056 4057
f 4025 4055 4056
f 4025 4056 4024
f 4023 4024 4057
f 4026 4055 4025
f 4026 4054 4055
f 4022 4023 4057
f 4022 4057 4058
f 4022 4058 3744
f 4027 4054 4026
f 4021 4022 3744
f 4028 4054 4027
f 4028 4053 4054
f 4029 4053 4028
f 4029 4052 4053
f 4020 3744 3743
f 4020 4021 3744
f 4030 4052 4029
f 4031 4051 4052
f 4031 4052 4030
f 4032 4051 4031
f 3832 3782 3783
f 3832 3783 3770
f 3833 3782 3832
f 4035 4032 4033
f 4035 4033 4034
f 4036 4046 4051
f 4036 4051 4032
f 4036 4032 4035
f 4042 4043 4044
f 4037 4045 4046
f 4037 4046 4036
f 4019 4020 3743
f 4019 3743 3742
f 4038 4044 4045
f 4038 4045 4037
f 4018 4019 3742
f 4017 4018 3742
f 4039 4044 4038
f 4039 4041 4042
f 4039 4042 4044
f 3854 3772 3773
f 3854 3773 3774
f 3853 3774 3775
f 3853 3854 3774
f 3855 3772 3854
f 3855 3734 3772
f 3852 3775 3776
f 3852 3853 3775
f 3856 3734 3855
f 3851 3776 3777
f 3851 3777 3778
f 3851 3852 3776
f 4040 4041 4039
f 3857 3734 3856
f 3857 3735 3734
f 3850 3778 3779
f 3850 3851 3778
f 3849 3779 3780
f 3849 3780 3781
f 3849 3850 3779
f 3848 3781 3782
f 3848 3849 3781
f 3848 3782 3833
f 4006 4007 4008
f 4006 4008 4009
f 4006 4009 4010
f 4005 4006 4010
f 3844 3845 3846
f 3844 3846 3847
f 3844 3847 3848
f 3858 3736 3735
f 3858 3735 3857
f 3859 3736 3858
f 3860 3736 3859
f 3843 3844 3848
f 3843 3833 3834
f 3843 3848 3833
f 3983 4017 3742
f 3983 3984 4016
f 3983 4016 4017
f 3985 4016 3984
f 3985 4015 4016
f 3982 3983 3742
f 3986 4015 3985
f 3986 4014 4015
f 3987 4014 3986
f 3987 4013 4014
f 3981 3742 3741
f 3981 3982 3742
f 3988 4013 3987
f 3989 4012 4013
f 3989 4013 3988
f 3990 4012 3989
f 3990 4011 4012
f 3991 4011 3990
f 3842 3834 3835
f 3842 3843 3834
f 3980 3981 3741
f 3838 3836 3837
f 3992 4011 3991
f 3992 4010 4011
f 3979 3980 3741
f 3841 3842 3835
f 3841 3835 3836
f 3839 3836 3838
f 3839 3841 3836
f 3993 4010 3992
f 3978 3741 3740
f 3978 3979 3741
f 3977 3978 3740
f 3976 3977 3740
f 3840 3841 3839
f 3896 3736 3860
f 3895 3860 3861
f 3895 3861 3862
f 3895 3896 3860
f 3897 3736 3896
f 3898 3737 3736
f 3898 3736 3897
f 3894 3862 3863
f 3894 3895 3862
f 3893 3863 3864
f 3893 3894 3863
f 3873 3870 3871
f 3873 3871 3872
f 3892 3864 3865
f 3892 3865 3866
f 3892 3893 3864
f 3891 3866 3867
f 3891 3892 3866
f 3890 3867 3868
f 3890 3868 3869
f 3890 3891 3867
f 3996 3993 3994
f 3996 3994 3995
f 3874 3870 3873
f 3997 4010 3993
f 3997 4005 4010
f 3997 3993 3996
f 3899 3738 3737
f 3899 3737 3898
f 3900 3738 3899
f 3901 3738 3900
f 3940 3976 3740
f 3940 3975 3976
f 3940 3740 3939
f 3938 3740 3739
f 3938 3939 3740
f 3941 3975 3940
f 3942 3974 3975
f 3942 3975 3941
f 3943 3974 3942
f 3943 3973 3974
f 3944 3973 3943
f 3944 3972 3973
f 3945 3972 3944
f 3998 4004 4005
f 3998 4005 3997
f 3946 3972 3945
f 3946 3971 3972
f 3937 3739 3738
f 3937 3938 3739
f 3936 3937 3738
f 3935 3936 3738
f 3935 3738 3901
f 3947 3971 3946
f 3947 3970 3971
f 3934 3935 3901
f 3934 3901 3902
f 3934 3902 3903
f 3889 3870 3874
f 3889 3869 3870
f 3889 3890 3869
f 3933 3934 3903
f 3933 3903 3904
f 3948 3970 3947
f 3932 3933 3904
f 3932 3904 3905
f 3931 3932 3905
f 3931 3905 3906
f 3931 3906 3907
f 3930 3931 3907
f 3930 3907 3908
f 3929 3930 3908
f 3929 3908 3909
f 3910 3929 3909
f 3949 3969 3970
f 3949 3970 3948
f 3999 4004 3998
f 3999 4003 4004
f 3965 3966 3967
f 3965 3967 3968
f 3965 3968 3969
f 3885 3886 3887
f 3885 3887 3888
f 3885 3888 3889
f 3964 3965 3969
f 3884 3874 3875
f 3884 3885 3889
f 3884 3889 3874
f 4000 4003 3999
f 4000 4002 4003
f 3950 3969 3949
f 3928 3929 3910
f 3928 3910 3911
f 4001 4002 4000
f 3914 3911 3912
f 3914 3912 3913
f 3953 3950 3951
f 3953 3951 3952
f 3883 3875 3876
f 3883 3884 3875
f 3915 3928 3911
f 3915 3911 3914
f 3954 3950 3953
f 3954 3969 3950
f 3954 3964 3969
f 3924 3925 3926
f 3924 3926 3927
f 3924 3927 3928
f 3923 3928 3915
f 3923 3924 3928
f 3916 3923 3915
f 3955 3964 3954
f 3955 3963 3964
f 3882 3883 3876
f 3882 3876 3877
f 3922 3923 3916
f 3879 3877 3878
f 3880 3877 3879
f 3880 3882 3877
f 3956 3963 3955
f 3956 3962 3963
f 3917 3922 3916
f 3881 3882 3880
f 3957 3962 3956
f 3921 3922 3917
f 3918 3921 3917
f 3960 3961 3962
f 3960 3962 3957
f 3959 3960 3957
f 3958 3959 3957
f 3920 3918 3919
f 3920 3921 3918
f 4532 920 921
f 4532 921 922
f 4533 922 923
f 4533 923 924
f 4533 924 17
f 4533 4532 922
f 4534 4527 920
f 4534 920 4532
f 4535 17 931
f 4535 4534 4532
f 4535 4533 17
f 4535 4532 4533
f 4536 4528 4527
f 4536 4529 4528
f 4536 4527 4534
f 4536 4534 4535
f 4537 4530 4529
f 4537 4531 4530
f 4537 931 4531
f 4537 4536 4535
f 4537 4535 931
f 4537 4529 4536
f 4538 851 991
f 4538 991 992
f 4538 992 993
f 4539 993 994
f 4539 994 995
f 4539 995 990
f 4539 4538 993
f 4540 3770 851
f 4540 851 4538
f 4541 990 3837
f 4541 4540 4538
f 4541 4538 4539
f 4541 4539 990
f 4542 3832 3770
f 4542 3833 3832
f 4542 3834 3833
f 4542 3770 4540
f 4543 3835 3834
f 4543 3836 3835
f 4543 3837 3836
f 4543 4542 4540
f 4543 4541 3837
f 4543 3834 4542
f 4543 4540 4541
f 4544 1002 1003
f 4545 1003 1004
f 4545 1004 920
f 4545 4544 1003
f 4546 4524 1002
f 4546 1002 4544
f 4547 4546 4544
f 4547 4545 920
f 4547 4544 4545
f 4548 4525 4524
f 4548 4524 4546
f 4549 4526 4525
f 4549 4546 4547
f 4549 4525 4548
f 4549 4548 4546
f 4550 920 4527
f 4550 4527 4526
f 4550 4547 920
f 4550 4526 4549
f 4550 4549 4547
f 4551 990 1012
f 4551 4552 990
f 4553 3837 990
f 4553 990 4552
f 4554 4553 4552
f 4554 4551 1012
f 4554 4552 4551
f 4555 3838 3837
f 4555 3837 4553
f 4556 3839 3838
f 4556 4553 4554
f 4556 3838 4555
f 4556 4555 4553
f 4557 1012 3840
f 4557 3840 3839
f 4557 4554 1012
f 4557 3839 4556
f 4557 4556 4554
f 4558 1020 1021
f 4558 1021 1022
f 4558 1022 1023
f 4559 1023 1024
f 4559 1024 1025
f 4559 1025 1002
f 4559 4558 1023
f 4560 4518 1020
f 4560 1020 4558
f 4561 1002 4524
f 4561 4560 4558
f 4561 4558 4559
f 4561 4559 1002
f 4562 4519 4518
f 4562 4520 4519
f 4562 4521 4520
f 4562 4518 4560
f 4563 4522 4521
f 4563 4523 4522
f 4563 4524 4523
f 4563 4562 4560
f 4563 4561 4524
f 4563 4521 4562
f 4563 4560 4561
f 4564 1012 1033
f 4564 1033 1034
f 4565 1034 1035
f 4565 1035 1036
f 4565 1036 1032
f 4565 4564 1034
f 4566 3840 1012
f 4566 1012 4564
f 4567 1032 3845
f 4567 4566 4564
f 4567 4565 1032
f 4567 4564 4565
f 4568 3841 3840
f 4568 3842 3841
f 4568 3840 4566
f 4569 3843 3842
f 4569 3844 3843
f 4569 3845 3844
f 4569 4566 4567
f 4569 4567 3845
f 4569 4568 4566
f 4569 3842 4568
f 4570 1056 1020
f 4571 1020 4518
f 4571 4570 1020
f 4572 4517 4516
f 4572 4518 4517
f 4572 4571 4518
f 4573 4574 4575
f 4576 4574 4573
f 4576 4570 4574
f 4577 4578 4579
f 4580 4577 4579
f 4581 4516 4515
f 4581 4572 4516
f 4581 4582 4572
f 4583 4575 1043
f 4584 1051 1052
f 4584 1052 1053
f 4584 1053 1054
f 4584 1054 1055
f 4584 1055 1056
f 4584 4570 4576
f 4584 1056 4570
f 4585 4586 4571
f 4585 4572 4582
f 4585 4571 4572
f 4587 4581 4588
f 4587 4585 4582
f 4587 4588 4580
f 4587 4579 4585
f 4587 4580 4579
f 4587 4582 4581
f 4589 4579 4578
f 4590 4589 4578
f 4590 4580 4588
f 4590 4504 4589
f 4590 4578 4577
f 4590 4577 4580
f 4591 1047 1048
f 4591 1048 1049
f 4591 1049 1050
f 4591 1050 1051
f 4592 4591 1051
f 4592 1051 4584
f 4592 4584 4576
f 4593 4504 1043
f 4593 4579 4589
f 4593 1043 4575
f 4593 4589 4504
f 4593 4585 4579
f 4594 4505 4504
f 4594 4506 4505
f 4594 4507 4506
f 4594 4508 4507
f 4594 4504 4590
f 4595 4508 4594
f 4596 4509 4508
f 4596 4508 4595
f 4597 4510 4509
f 4597 4509 4596
f 4598 1043 1044
f 4598 1044 1045
f 4598 1045 1046
f 4598 1046 1047
f 4598 4591 4583
f 4598 4583 1043
f 4598 1047 4591
f 4599 4575 4583
f 4599 4591 4592
f 4599 4583 4591
f 4599 4592 4576
f 4599 4573 4575
f 4599 4576 4573
f 4600 4593 4575
f 4600 4575 4574
f 4601 4600 4574
f 4601 4574 4570
f 4602 4585 4593
f 4602 4586 4585
f 4603 4571 4586
f 4603 4601 4570
f 4603 4586 4602
f 4603 4570 4571
f 4604 4588 4581
f 4604 4595 4594
f 4604 4581 4597
f 4604 4596 4595
f 4604 4597 4596
f 4604 4590 4588
f 4604 4594 4590
f 4605 4511 4510
f 4605 4512 4511
f 4605 4513 4512
f 4605 4514 4513
f 4605 4515 4514
f 4605 4510 4597
f 4605 4597 4581
f 4605 4581 4515
f 4606 4600 4601
f 4607 4601 4603
f 4607 4603 4602
f 4607 4606 4601
f 4608 4593 4600
f 4608 4600 4606
f 4609 4602 4593
f 4609 4607 4602
f 4609 4606 4607
f 4609 4608 4606
f 4609 4593 4608
f 4610 1032 1105
f 4611 3845 1032
f 4611 1032 4610
f 4612 3846 3845
f 4612 3847 3846
f 4612 3848 3847
f 4612 3845 4611
f 4613 3849 3848
f 4613 4612 4614
f 4613 3848 4612
f 4615 4616 4617
f 4618 4615 4617
f 4619 1115 1104
f 4620 1105 1106
f 4620 1106 1107
f 4620 4610 1105
f 4620 4621 4610
f 4622 4619 1104
f 4623 4610 4621
f 4623 4621 4624
f 4625 4626 4622
f 4625 1104 3857
f 4625 4622 1104
f 4627 4612 4611
f 4627 4611 4628
f 4627 4614 4612
f 4629 4614 4627
f 4629 4627 4617
f 4629 4613 4614
f 4629 4616 4613
f 4629 4617 4616
f 4630 4625 3857
f 4630 4618 4617
f 4631 4630 3857
f 4632 1108 1109
f 4632 1109 1110
f 4632 1110 1111
f 4632 1111 1112
f 4632 4633 1108
f 4634 4632 1112
f 4635 1112 1113
f 4635 1113 1114
f 4635 1114 1115
f 4635 4634 1112
f 4635 1115 4619
f 4636 4637 4638
f 4636 4633 4632
f 4636 4638 4633
f 4636 4639 4637
f 4640 4619 4622
f 4640 4622 4639
f 4640 4639 4636
f 4640 4636 4619
f 4641 1107 1108
f 4641 4620 1107
f 4641 1108 4633
f 4642 4620 4641
f 4643 4621 4620
f 4643 4620 4642
f 4644 4624 4626
f 4644 4623 4624
f 4644 4626 4625
f 4645 4630 4617
f 4645 4617 4627
f 4645 4625 4630
f 4646 4613 4616
f 4646 4616 4615
f 4646 4615 4618
f 4647 4618 4630
f 4647 4631 4646
f 4647 4630 4631
f 4647 4646 4618
f 4648 3850 3849
f 4648 3851 3850
f 4648 3852 3851
f 4648 3853 3852
f 4648 4613 4646
f 4648 3849 4613
f 4649 3853 4648
f 4650 3854 3853
f 4650 3853 4649
f 4651 3855 3854
f 4651 3856 3855
f 4651 3857 3856
f 4651 4631 3857
f 4651 3854 4650
f 4652 4632 4634
f 4652 4634 4635
f 4652 4635 4619
f 4652 4636 4632
f 4652 4619 4636
f 4653 4641 4633
f 4653 4642 4641
f 4653 4633 4638
f 4654 4639 4622
f 4654 4638 4637
f 4654 4653 4638
f 4654 4637 4639
f 4655 4622 4626
f 4655 4654 4622
f 4655 4643 4642
f 4655 4642 4653
f 4655 4653 4654
f 4656 4626 4624
f 4656 4621 4643
f 4656 4624 4621
f 4656 4655 4626
f 4656 4643 4655
f 4657 4610 4623
f 4657 4628 4611
f 4657 4611 4610
f 4658 4623 4644
f 4658 4644 4625
f 4658 4659 4623
f 4658 4645 4659
f 4658 4625 4645
f 4660 4645 4627
f 4660 4627 4628
f 4660 4659 4645
f 4661 4646 4631
f 4661 4648 4646
f 4661 4649 4648
f 4661 4650 4649
f 4661 4631 4651
f 4661 4651 4650
f 4662 4659 4660
f 4662 4623 4659
f 4662 4657 4623
f 4662 4628 4657
f 4662 4660 4628
f 4663 1169 1170
f 4664 1170 1171
f 4664 1171 1043
f 4664 4663 1170
f 4665 4501 1169
f 4665 1169 4663
f 4666 4665 4663
f 4666 4664 1043
f 4666 4663 4664
f 4667 4502 4501
f 4667 4501 4665
f 4668 4503 4502
f 4668 4665 4666
f 4668 4502 4667
f 4668 4667 4665
f 4669 1043 4504
f 4669 4504 4503
f 4669 4666 1043
f 4669 4503 4668
f 4669 4668 4666
f 4670 1104 1179
f 4670 4671 1104
f 4672 3857 1104
f 4672 1104 4671
f 4673 4672 4671
f 4673 4670 1179
f 4673 4671 4670
f 4674 3857 4672
f 4675 3858 3857
f 4675 4672 4673
f 4675 3857 4674
f 4675 4674 4672
f 4676 1179 3858
f 4676 4673 1179
f 4676 3858 4675
f 4676 4675 4673
f 4677 1187 1188
f 4677 1188 1189
f 4677 1189 1190
f 4678 4489 1187
f 4678 1187 4677
f 4679 4490 4489
f 4679 4491 4490
f 4679 4492 4491
f 4679 4489 4678
f 4680 4677 1190
f 4680 4681 4677
f 4682 4683 4684
f 4682 4684 4685
f 4686 4493 4492
f 4686 4679 4687
f 4686 4492 4679
f 4688 4689 4690
f 4691 4688 4690
f 4692 1198 1169
f 4693 4692 1169
f 4693 4682 4685
f 4694 4683 4682
f 4694 4680 4683
f 4694 4681 4680
f 4695 4681 4694
f 4695 4694 4682
f 4695 4696 4678
f 4695 4677 4681
f 4695 4678 4677
f 4697 4679 4678
f 4697 4678 4696
f 4697 4687 4679
f 4697 4695 4682
f 4697 4696 4695
f 4697 4682 4690
f 4698 4697 4690
f 4698 4687 4697
f 4698 4686 4687
f 4698 4689 4686
f 4698 4690 4689
f 4699 4682 4693
f 4699 1169 4501
f 4699 4690 4682
f 4699 4691 4690
f 4699 4693 1169
f 4700 4699 4501
f 4701 1195 1196
f 4701 1196 1197
f 4701 1197 1198
f 4701 1198 4692
f 4702 4684 4683
f 4702 4683 4680
f 4702 4685 4684
f 4703 4693 4685
f 4703 4692 4693
f 4703 4702 4692
f 4703 4685 4702
f 4704 4686 4689
f 4704 4689 4688
f 4704 4688 4691
f 4705 4691 4699
f 4705 4704 4691
f 4705 4700 4704
f 4705 4699 4700
f 4706 4494 4493
f 4706 4495 4494
f 4706 4496 4495
f 4706 4497 4496
f 4706 4686 4704
f 4706 4493 4686
f 4707 4497 4706
f 4708 4498 4497
f 4708 4497 4707
f 4709 4499 4498
f 4709 4500 4499
f 4709 4501 4500
f 4709 4498 4708
f 4709 4700 4501
f 4710 1191 1192
f 4710 1192 1193
f 4711 1193 1194
f 4711 1194 1195
f 4711 1195 4701
f 4711 4710 1193
f 4712 1190 1191
f 4712 4702 4680
f 4712 1191 4710
f 4712 4680 1190
f 4712 4711 4701
f 4712 4710 4711
f 4713 4706 4704
f 4713 4707 4706
f 4713 4708 4707
f 4713 4709 4708
f 4713 4700 4709
f 4713 4704 4700
f 4714 4701 4692
f 4714 4702 4712
f 4714 4712 4701
f 4714 4692 4702
f 4715 1260 1261
f 4715 1261 1248
f 4716 1248 3872
f 4716 4715 1248
f 4717 3871 3870
f 4717 3872 3871
f 4717 4716 3872
f 4718 1258 1259
f 4718 1259 1260
f 4718 4715 4719
f 4718 1260 4715
f 4720 4721 4722
f 4720 4722 4723
f 4724 4725 4726
f 4727 4724 4726
f 4728 3870 3869
f 4728 4717 3870
f 4728 4729 4717
f 4730 1179 4731
f 4730 4721 4720
f 4732 4718 4719
f 4732 4720 4723
f 4732 4723 4718
f 4733 4720 4732
f 4733 4715 4716
f 4733 4719 4715
f 4733 4732 4719
f 4733 4716 4734
f 4735 4720 4733
f 4735 4733 4734
f 4735 4716 4717
f 4735 4734 4716
f 4735 4717 4729
f 4735 4726 4720
f 4736 4727 4726
f 4736 4729 4728
f 4736 4728 4737
f 4736 4735 4729
f 4736 4726 4735
f 4736 4737 4727
f 4738 3858 1179
f 4738 4730 4720
f 4738 1179 4730
f 4738 4720 4726
f 4738 4726 4725
f 4739 3858 4738
f 4740 1179 1249
f 4740 1249 1250
f 4740 1250 1251
f 4740 1251 1252
f 4740 4731 1179
f 4741 4740 1252
f 4742 1252 1253
f 4742 4741 1252
f 4743 1253 1254
f 4743 1254 1255
f 4743 1255 1256
f 4743 1256 1257
f 4743 1257 1258
f 4743 1258 4718
f 4743 4742 1253
f 4744 4721 4730
f 4744 4730 4731
f 4745 4721 4744
f 4745 4743 4718
f 4745 4744 4731
f 4745 4722 4721
f 4745 4723 4722
f 4745 4718 4723
f 4746 4738 4725
f 4746 4739 4738
f 4747 4746 4725
f 4748 4724 4727
f 4748 4737 4728
f 4748 4747 4725
f 4748 4727 4737
f 4748 4725 4724
f 4749 3859 3858
f 4749 3860 3859
f 4749 3861 3860
f 4749 3862 3861
f 4749 3858 4739
f 4750 3862 4749
f 4751 3863 3862
f 4751 3862 4750
f 4752 3864 3863
f 4752 3863 4751
f 4753 4731 4740
f 4753 4740 4741
f 4753 4741 4742
f 4753 4742 4743
f 4753 4743 4745
f 4753 4745 4731
f 4754 4752 4751
f 4754 4749 4739
f 4754 4750 4749
f 4754 4751 4750
f 4755 3865 3864
f 4755 3866 3865
f 4755 3867 3866
f 4755 3868 3867
f 4755 3864 4752
f 4756 3869 3868
f 4756 4748 4728
f 4756 3868 4755
f 4756 4752 4754
f 4756 4755 4752
f 4756 4728 3869
f 4757 4739 4746
f 4757 4748 4756
f 4757 4746 4747
f 4757 4747 4748
f 4757 4754 4739
f 4757 4756 4754
f 4758 1312 1313
f 4758 1313 1314
f 4759 1314 1315
f 4759 1315 1316
f 4759 1316 1187
f 4759 4758 1314
f 4760 4484 1312
f 4760 1312 4758
f 4761 1187 4489
f 4761 4760 4758
f 4761 4759 1187
f 4761 4758 4759
f 4762 4485 4484
f 4762 4486 4485
f 4762 4484 4760
f 4763 4487 4486
f 4763 4488 4487
f 4763 4489 4488
f 4763 4760 4761
f 4763 4761 4489
f 4763 4762 4760
f 4763 4486 4762
f 4764 1248 1324
f 4764 1324 1325
f 4764 1325 1326
f 4765 1326 1327
f 4765 1327 1328
f 4765 1328 1323
f 4765 4764 1326
f 4766 3872 1248
f 4766 1248 4764
f 4767 1323 3878
f 4767 4766 4764
f 4767 4764 4765
f 4767 4765 1323
f 4768 3873 3872
f 4768 3874 3873
f 4768 3875 3874
f 4768 3872 4766
f 4769 3876 3875
f 4769 3877 3876
f 4769 3878 3877
f 4769 4768 4766
f 4769 4767 3878
f 4769 3875 4768
f 4769 4766 4767
f 4770 1335 1336
f 4771 1336 1337
f 4771 1337 1312
f 4771 4770 1336
f 4772 4483 1335
f 4772 1335 4770
f 4773 4772 4770
f 4773 4771 1312
f 4773 4770 4771
f 4774 4483 4772
f 4775 4484 4483
f 4775 4772 4773
f 4775 4483 4774
f 4775 4774 4772
f 4776 1312 4484
f 4776 4773 1312
f 4776 4484 4775
f 4776 4775 4773
f 4777 1323 1345
f 4777 4778 1323
f 4779 3878 1323
f 4779 1323 4778
f 4780 4779 4778
f 4780 4777 1345
f 4780 4778 4777
f 4781 3879 3878
f 4781 3878 4779
f 4782 3880 3879
f 4782 4779 4780
f 4782 3879 4781
f 4782 4781 4779
f 4783 1345 3881
f 4783 3881 3880
f 4783 4780 1345
f 4783 3880 4782
f 4783 4782 4780
f 4784 1353 1354
f 4784 1354 1355
f 4784 1355 1356
f 4785 1356 1357
f 4785 1357 1358
f 4785 1358 1335
f 4785 4784 1356
f 4786 4477 1353
f 4786 1353 4784
f 4787 1335 4483
f 4787 4786 4784
f 4787 4784 4785
f 4787 4785 1335
f 4788 4478 4477
f 4788 4479 4478
f 4788 4480 4479
f 4788 4477 4786
f 4789 4481 4480
f 4789 4482 4481
f 4789 4483 4482
f 4789 4788 4786
f 4789 4787 4483
f 4789 4480 4788
f 4789 4786 4787
f 4790 1345 1366
f 4790 1366 1367
f 4791 1367 1368
f 4791 1368 1369
f 4791 1369 1365
f 4791 4790 1367
f 4792 3881 1345
f 4792 1345 4790
f 4793 1365 3886
f 4793 4792 4790
f 4793 4791 1365
f 4793 4790 4791
f 4794 3882 3881
f 4794 3883 3882
f 4794 3881 4792
f 4795 3884 3883
f 4795 3885 3884
f 4795 3886 3885
f 4795 4792 4793
f 4795 4793 3886
f 4795 4794 4792
f 4795 3883 4794
f 4796 1389 1353
f 4797 1353 4477
f 4797 4796 1353
f 4798 4476 4475
f 4798 4477 4476
f 4798 4797 4477
f 4799 4800 4801
f 4802 4796 4800
f 4802 4800 4799
f 4803 4804 4805
f 4806 4803 4805
f 4807 4475 4474
f 4807 4798 4475
f 4807 4808 4798
f 4809 4801 4810
f 4811 1384 1385
f 4811 1385 1386
f 4811 1386 1387
f 4811 1387 1388
f 4811 1388 1389
f 4811 1389 4796
f 4811 4796 4802
f 4812 4797 4798
f 4812 4813 4797
f 4812 4798 4808
f 4814 4808 4807
f 4814 4812 4808
f 4814 4807 4815
f 4814 4805 4812
f 4814 4806 4805
f 4814 4815 4806
f 4816 4805 4804
f 4817 4463 4816
f 4818 1380 1381
f 4818 1381 1382
f 4818 1382 1383
f 4818 1383 1384
f 4818 4809 4810
f 4819 4818 1384
f 4819 4811 4802
f 4819 1384 4811
f 4820 4801 4800
f 4821 4463 1376
f 4821 4810 4801
f 4821 4805 4816
f 4821 1376 4810
f 4821 4801 4820
f 4821 4816 4463
f 4821 4812 4805
f 4822 4812 4821
f 4822 4813 4812
f 4823 4816 4804
f 4823 4817 4816
f 4824 4823 4804
f 4825 4824 4804
f 4825 4815 4807
f 4825 4804 4803
f 4825 4803 4806
f 4825 4806 4815
f 4826 4463 4817
f 4826 4464 4463
f 4826 4465 4464
f 4826 4466 4465
f 4826 4467 4466
f 4827 4467 4826
f 4828 4468 4467
f 4828 4467 4827
f 4829 4469 4468
f 4829 4468 4828
f 4830 1376 1377
f 4830 1377 1378
f 4830 1378 1379
f 4830 1379 1380
f 4830 4818 4810
f 4830 4810 1376
f 4830 1380 4818
f 4831 4801 4809
f 4831 4818 4819
f 4831 4819 4802
f 4831 4799 4801
f 4831 4809 4818
f 4831 4802 4799
f 4832 4800 4796
f 4833 4820 4800
f 4833 4800 4832
f 4833 4832 4796
f 4834 4796 4797
f 4834 4833 4796
f 4834 4797 4813
f 4835 4827 4826
f 4835 4828 4827
f 4835 4829 4828
f 4835 4826 4817
f 4836 4470 4469
f 4836 4471 4470
f 4836 4472 4471
f 4836 4473 4472
f 4836 4469 4829
f 4837 4820 4833
f 4838 4837 4833
f 4838 4813 4822
f 4838 4834 4813
f 4838 4833 4834
f 4838 4822 4837
f 4839 4474 4473
f 4839 4825 4807
f 4839 4807 4474
f 4839 4473 4836
f 4839 4829 4835
f 4839 4836 4829
f 4840 4821 4820
f 4840 4822 4821
f 4840 4820 4837
f 4840 4837 4822
f 4841 4817 4823
f 4841 4825 4839
f 4841 4835 4817
f 4841 4823 4824
f 4841 4839 4835
f 4841 4824 4825
f 4842 1365 1439
f 4843 3886 1365
f 4843 1365 4842
f 4844 3887 3886
f 4844 3888 3887
f 4844 3889 3888
f 4844 3886 4843
f 4845 3890 3889
f 4845 4844 4846
f 4845 3889 4844
f 4847 4848 4849
f 4850 4847 4849
f 4851 1449 1438
f 4852 1439 1440
f 4852 1440 1441
f 4852 4842 1439
f 4852 4853 4842
f 4854 4851 1438
f 4855 4842 4853
f 4855 4853 4856
f 4857 4858 4854
f 4857 1438 3898
f 4857 4854 1438
f 4859 4844 4843
f 4859 4843 4860
f 4859 4846 4844
f 4861 4846 4859
f 4861 4859 4849
f 4861 4845 4846
f 4861 4849 4848
f 4861 4848 4845
f 4862 4857 3898
f 4862 4850 4849
f 4863 4862 3898
f 4864 1442 1443
f 4864 1443 1444
f 4864 1444 1445
f 4864 1445 1446
f 4864 4865 1442
f 4866 4864 1446
f 4867 1446 1447
f 4867 1447 1448
f 4867 1448 1449
f 4867 4866 1446
f 4867 1449 4851
f 4868 4869 4870
f 4868 4865 4864
f 4868 4870 4865
f 4868 4871 4869
f 4872 4851 4854
f 4872 4854 4871
f 4872 4871 4868
f 4872 4868 4851
f 4873 1441 1442
f 4873 4852 1441
f 4873 1442 4865
f 4874 4852 4873
f 4875 4853 4852
f 4875 4852 4874
f 4876 4856 4858
f 4876 4858 4857
f 4876 4855 4856
f 4877 4857 4862
f 4877 4849 4859
f 4877 4862 4849
f 4878 4845 4848
f 4878 4848 4847
f 4878 4847 4850
f 4879 4850 4862
f 4879 4878 4850
f 4879 4863 4878
f 4879 4862 4863
f 4880 3891 3890
f 4880 3892 3891
f 4880 3893 3892
f 4880 3894 3893
f 4880 4845 4878
f 4880 3890 4845
f 4881 3894 4880
f 4882 3895 3894
f 4882 3894 4881
f 4883 3896 3895
f 4883 3897 3896
f 4883 3898 3897
f 4883 4863 3898
f 4883 3895 4882
f 4884 4864 4866
f 4884 4866 4867
f 4884 4867 4851
f 4884 4868 4864
f 4884 4851 4868
f 4885 4873 4865
f 4885 4874 4873
f 4885 4865 4870
f 4886 4871 4854
f 4886 4870 4869
f 4886 4885 4870
f 4886 4869 4871
f 4887 4854 4858
f 4887 4886 4854
f 4887 4875 4874
f 4887 4874 4885
f 4887 4885 4886
f 4888 4858 4856
f 4888 4853 4875
f 4888 4856 4853
f 4888 4887 4858
f 4888 4875 4887
f 4889 4842 4855
f 4889 4860 4843
f 4889 4843 4842
f 4890 4876 4857
f 4890 4855 4876
f 4890 4891 4855
f 4890 4877 4891
f 4890 4857 4877
f 4892 4859 4860
f 4892 4877 4859
f 4892 4891 4877
f 4893 4878 4863
f 4893 4880 4878
f 4893 4882 4881
f 4893 4863 4883
f 4893 4883 4882
f 4893 4881 4880
f 4894 4855 4891
f 4894 4889 4855
f 4894 4860 4889
f 4894 4892 4860
f 4894 4891 4892
f 4895 1508 1509
f 4896 1509 1510
f 4896 1510 1376
f 4896 4895 1509
f 4897 4460 1508
f 4897 1508 4895
f 4898 4897 4895
f 4898 4896 1376
f 4898 4895 4896
f 4899 4461 4460
f 4899 4460 4897
f 4900 4462 4461
f 4900 4897 4898
f 4900 4461 4899
f 4900 4899 4897
f 4901 1376 4463
f 4901 4463 4462
f 4901 4898 1376
f 4901 4462 4900
f 4901 4900 4898
f 4902 1438 1518
f 4902 4903 1438
f 4904 3898 1438
f 4904 1438 4903
f 4905 4904 4903
f 4905 4902 1518
f 4905 4903 4902
f 4906 3898 4904
f 4907 3899 3898
f 4907 4904 4905
f 4907 3898 4906
f 4907 4906 4904
f 4908 1518 3899
f 4908 4905 1518
f 4908 3899 4907
f 4908 4907 4905
f 4909 1526 1527
f 4910 4448 1526
f 4910 1526 4909
f 4911 4449 4448
f 4911 4450 4449
f 4911 4451 4450
f 4911 4448 4910
f 4912 4452 4451
f 4912 4911 4913
f 4912 4451 4911
f 4914 4915 4916
f 4917 4914 4916
f 4918 1537 1508
f 4919 1527 1528
f 4919 1528 1529
f 4919 4909 1527
f 4919 4920 4909
f 4921 4918 1508
f 4922 4909 4920
f 4922 4920 4923
f 4924 4925 4921
f 4924 1508 4460
f 4924 4921 1508
f 4926 4924 4916
f 4926 4911 4910
f 4926 4910 4927
f 4926 4913 4911
f 4928 4913 4926
f 4928 4926 4916
f 4928 4912 4913
f 4928 4915 4912
f 4928 4916 4915
f 4929 4916 4924
f 4929 4924 4460
f 4929 4917 4916
f 4930 4929 4460
f 4931 1530 1531
f 4931 1531 1532
f 4931 1532 1533
f 4931 1533 1534
f 4931 4932 1530
f 4933 4931 1534
f 4934 1534 1535
f 4934 1535 1536
f 4934 1536 1537
f 4934 4933 1534
f 4934 1537 4918
f 4935 4936 4937
f 4935 4932 4931
f 4935 4937 4932
f 4935 4938 4936
f 4939 4921 4938
f 4939 4918 4921
f 4939 4935 4918
f 4939 4938 4935
f 4940 1529 1530
f 4940 4919 1529
f 4940 1530 4932
f 4941 4919 4940
f 4942 4920 4919
f 4942 4919 4941
f 4943 4925 4924
f 4943 4923 4925
f 4943 4922 4923
f 4944 4926 4927
f 4945 4912 4915
f 4945 4915 4914
f 4945 4914 4917
f 4946 4917 4929
f 4946 4930 4945
f 4946 4929 4930
f 4946 4945 4917
f 4947 4453 4452
f 4947 4454 4453
f 4947 4455 4454
f 4947 4456 4455
f 4947 4912 4945
f 4947 4452 4912
f 4948 4456 4947
f 4949 4457 4456
f 4949 4456 4948
f 4950 4458 4457
f 4950 4459 4458
f 4950 4460 4459
f 4950 4930 4460
f 4950 4457 4949
f 4951 4931 4933
f 4951 4933 4934
f 4951 4934 4918
f 4951 4935 4931
f 4951 4918 4935
f 4952 4940 4932
f 4952 4941 4940
f 4952 4932 4937
f 4953 4938 4921
f 4953 4937 4936
f 4953 4952 4937
f 4953 4936 4938
f 4954 4921 4925
f 4954 4953 4921
f 4954 4942 4941
f 4954 4941 4952
f 4954 4952 4953
f 4955 4925 4923
f 4955 4920 4942
f 4955 4923 4920
f 4955 4954 4925
f 4955 4942 4954
f 4956 4909 4922
f 4956 4927 4910
f 4956 4910 4909
f 4957 4924 4926
f 4957 4922 4943
f 4957 4926 4944
f 4957 4944 4922
f 4957 4943 4924
f 4958 4945 4930
f 4958 4947 4945
f 4958 4948 4947
f 4958 4949 4948
f 4958 4930 4950
f 4958 4950 4949
f 4959 4944 4927
f 4959 4922 4944
f 4959 4956 4922
f 4959 4927 4956
f 4960 1596 1583
f 4961 1583 3913
f 4961 4960 1583
f 4962 3912 3911
f 4962 3913 3912
f 4962 4961 3913
f 4963 4960 4964
f 4965 4966 4967
f 4965 4967 4968
f 4969 4970 4971
f 4972 4969 4971
f 4973 3911 3910
f 4973 4962 3911
f 4973 4974 4962
f 4975 1518 4976
f 4975 4966 4965
f 4977 1591 1592
f 4977 1592 1593
f 4977 1593 1594
f 4977 1594 1595
f 4977 1595 1596
f 4977 1596 4960
f 4977 4960 4963
f 4978 4968 4963
f 4978 4965 4968
f 4978 4963 4964
f 4979 4965 4978
f 4979 4978 4964
f 4979 4960 4961
f 4979 4964 4960
f 4979 4961 4980
f 4981 4965 4979
f 4981 4979 4980
f 4981 4961 4962
f 4981 4980 4961
f 4981 4962 4974
f 4981 4971 4965
f 4982 4972 4971
f 4982 4974 4973
f 4982 4973 4983
f 4982 4981 4974
f 4982 4971 4981
f 4982 4983 4972
f 4984 3899 1518
f 4984 4975 4965
f 4984 1518 4975
f 4984 4965 4971
f 4984 4971 4970
f 4985 3899 4984
f 4986 1518 1584
f 4986 1584 1585
f 4986 1585 1586
f 4986 1586 1587
f 4986 4976 1518
f 4987 1587 1588
f 4987 1588 1589
f 4987 1589 1590
f 4987 4986 1587
f 4988 1590 1591
f 4988 4977 4963
f 4988 1591 4977
f 4988 4987 1590
f 4989 4966 4975
f 4989 4975 4976
f 4990 4988 4963
f 4990 4966 4989
f 4990 4963 4968
f 4990 4967 4966
f 4990 4968 4967
f 4991 4984 4970
f 4991 4985 4984
f 4992 4991 4970
f 4993 4969 4972
f 4993 4983 4973
f 4993 4992 4970
f 4993 4972 4983
f 4993 4970 4969
f 4994 3900 3899
f 4994 3901 3900
f 4994 3902 3901
f 4994 3903 3902
f 4994 3899 4985
f 4995 3903 4994
f 4996 3904 3903
f 4996 3903 4995
f 4997 3905 3904
f 4997 3904 4996
f 4998 4976 4986
f 4998 4986 4987
f 4998 4987 4988
f 4998 4988 4990
f 4998 4989 4976
f 4998 4990 4989
f 4999 4997 4996
f 4999 4994 4985
f 4999 4995 4994
f 4999 4996 4995
f 5000 3906 3905
f 5000 3907 3906
f 5000 3908 3907
f 5000 3909 3908
f 5000 3905 4997
f 5001 3910 3909
f 5001 4993 4973
f 5001 3909 5000
f 5001 4997 4999
f 5001 5000 4997
f 5001 4973 3910
f 5002 4985 4991
f 5002 4993 5001
f 5002 4991 4992
f 5002 4992 4993
f 5002 4999 4985
f 5002 5001 4999
f 5003 1644 1645
f 5003 1645 1646
f 5004 1646 1647
f 5004 1647 1648
f 5004 1648 1526
f 5004 5003 1646
f 5005 4443 1644
f 5005 1644 5003
f 5006 1526 4448
f 5006 5005 5003
f 5006 5004 1526
f 5006 5003 5004
f 5007 4444 4443
f 5007 4445 4444
f 5007 4443 5005
f 5008 4446 4445
f 5008 4447 4446
f 5008 4448 4447
f 5008 5005 5006
f 5008 5006 4448
f 5008 5007 5005
f 5008 4445 5007
f 5009 1583 1656
f 5009 1656 1657
f 5009 1657 1658
f 5010 1658 1659
f 5010 1659 1660
f 5010 1660 1655
f 5010 5009 1658
f 5011 3913 1583
f 5011 1583 5009
f 5012 1655 3919
f 5012 5011 5009
f 5012 5009 5010
f 5012 5010 1655
f 5013 3914 3913
f 5013 3915 3914
f 5013 3916 3915
f 5013 3913 5011
f 5014 3917 3916
f 5014 3918 3917
f 5014 3919 3918
f 5014 5013 5011
f 5014 5012 3919
f 5014 3916 5013
f 5014 5011 5012
f 5015 1667 1644
f 5015 5016 1667
f 5017 4442 1667
f 5017 1667 5016
f 5018 5017 5016
f 5018 5015 1644
f 5018 5016 5015
f 5019 4442 5017
f 5020 4443 4442
f 5020 5017 5018
f 5020 4442 5019
f 5020 5019 5017
f 5021 1644 4443
f 5021 5018 1644
f 5021 4443 5020
f 5021 5020 5018
f 5022 1655 1676
f 5023 1676 1677
f 5023 1677 1675
f 5023 5022 1676
f 5024 3919 1655
f 5024 1655 5022
f 5025 5024 5022
f 5025 5023 1675
f 5025 5022 5023
f 5026 3919 5024
f 5027 3920 3919
f 5027 5024 5025
f 5027 3919 5026
f 5027 5026 5024
f 5028 1675 3920
f 5028 5025 1675
f 5028 3920 5027
f 5028 5027 5025
f 5029 1685 1686
f 5029 1686 1687
f 5029 1687 1688
f 5030 1688 1689
f 5030 1689 1690
f 5030 1690 1667
f 5030 5029 1688
f 5031 4436 1685
f 5031 1685 5029
f 5032 1667 4442
f 5032 5031 5029
f 5032 5029 5030
f 5032 5030 1667
f 5033 4437 4436
f 5033 4438 4437
f 5033 4439 4438
f 5033 4436 5031
f 5034 4440 4439
f 5034 4441 4440
f 5034 4442 4441
f 5034 5033 5031
f 5034 5032 4442
f 5034 4439 5033
f 5034 5031 5032
f 5035 1675 1698
f 5035 1698 1699
f 5036 1699 1700
f 5036 1700 1701
f 5036 1701 1697
f 5036 5035 1699
f 5037 3920 1675
f 5037 1675 5035
f 5038 1697 3925
f 5038 5037 5035
f 5038 5036 1697
f 5038 5035 5036
f 5039 3921 3920
f 5039 3922 3921
f 5039 3920 5037
f 5040 3923 3922
f 5040 3924 3923
f 5040 3925 3924
f 5040 5037 5038
f 5040 5038 3925
f 5040 5039 5037
f 5040 3922 5039
f 5041 1721 1685
f 5042 1685 4436
f 5042 5041 1685
f 5043 4435 4434
f 5043 4436 4435
f 5043 5042 4436
f 5044 5045 5046
f 5047 5041 5045
f 5047 5045 5044
f 5048 5049 5050
f 5051 5048 5050
f 5052 4434 4433
f 5052 5043 4434
f 5052 5053 5043
f 5054 1708 1709
f 5054 1709 1710
f 5055 5046 5054
f 5055 1710 1711
f 5055 1711 1712
f 5055 5054 1710
f 5056 1716 1717
f 5056 1717 1718
f 5056 1718 1719
f 5056 1719 1720
f 5056 1720 1721
f 5056 5041 5047
f 5056 1721 5041
f 5057 5042 5043
f 5057 5058 5042
f 5057 5043 5053
f 5059 5053 5052
f 5059 5057 5053
f 5059 5052 5060
f 5059 5050 5057
f 5059 5051 5050
f 5059 5060 5051
f 5061 5050 5049
f 5062 4422 5061
f 5063 1714 1715
f 5063 1715 1716
f 5063 1716 5056
f 5063 5056 5047
f 5064 5046 5045
f 5065 4422 1708
f 5065 5054 5046
f 5065 5050 5061
f 5065 1708 5054
f 5065 5061 4422
f 5065 5046 5064
f 5065 5057 5050
f 5066 5065 5064
f 5067 5061 5049
f 5067 5062 5061
f 5068 5067 5049
f 5069 5068 5049
f 5069 5060 5052
f 5069 5049 5048
f 5069 5048 5051
f 5069 5051 5060
f 5070 4422 5062
f 5070 4423 4422
f 5070 4424 4423
f 5070 4425 4424
f 5070 4426 4425
f 5071 4426 5070
f 5072 4427 4426
f 5072 4426 5071
f 5073 4428 4427
f 5073 4427 5072
f 5074 5046 5055
f 5074 1712 1713
f 5074 1714 5063
f 5074 1713 1714
f 5074 5063 5047
f 5074 5044 5046
f 5074 5055 1712
f 5074 5047 5044
f 5075 5045 5041
f 5076 5066 5064
f 5076 5064 5045
f 5076 5075 5041
f 5076 5045 5075
f 5077 5058 5057
f 5078 5076 5041
f 5078 5041 5042
f 5078 5058 5077
f 5078 5042 5058
f 5079 5071 5070
f 5079 5072 5071
f 5079 5073 5072
f 5079 5070 5062
f 5080 4429 4428
f 5080 4430 4429
f 5080 4431 4430
f 5080 4432 4431
f 5080 4428 5073
f 5081 5057 5065
f 5081 5065 5066
f 5081 5077 5057
f 5082 5066 5076
f 5082 5076 5078
f 5082 5078 5077
f 5082 5081 5066
f 5082 5077 5081
f 5083 4433 4432
f 5083 5069 5052
f 5083 5052 4433
f 5083 4432 5080
f 5083 5073 5079
f 5083 5080 5073
f 5084 5062 5067
f 5084 5069 5083
f 5084 5079 5062
f 5084 5067 5068
f 5084 5083 5079
f 5084 5068 5069
f 5085 1697 1770
f 5086 3925 1697
f 5086 1697 5085
f 5087 3926 3925
f 5087 3927 3926
f 5087 3928 3927
f 5087 3925 5086
f 5088 3929 3928
f 5088 5087 5089
f 5088 3928 5087
f 5090 5091 5092
f 5093 5090 5092
f 5094 1780 1769
f 5095 1770 1771
f 5095 1771 1772
f 5095 5085 1770
f 5095 5096 5085
f 5097 5094 1769
f 5098 5085 5096
f 5098 5096 5099
f 5100 5101 5097
f 5100 1769 3937
f 5100 3937 5092
f 5100 5097 1769
f 5102 5087 5086
f 5102 5086 5103
f 5102 5089 5087
f 5104 5089 5102
f 5104 5102 5092
f 5104 5088 5089
f 5104 5091 5088
f 5104 5092 5091
f 5105 5092 3937
f 5105 5093 5092
f 5106 1773 1774
f 5106 1774 1775
f 5106 1775 1776
f 5106 1776 1777
f 5106 5107 1773
f 5108 5106 1777
f 5109 1777 1778
f 5109 1778 1779
f 5109 1779 1780
f 5109 5108 1777
f 5109 1780 5094
f 5110 5107 5106
f 5110 5111 5112
f 5110 5112 5107
f 5110 5113 5111
f 5114 5094 5097
f 5114 5097 5113
f 5114 5113 5110
f 5114 5110 5094
f 5115 1772 1773
f 5115 5095 1772
f 5115 1773 5107
f 5116 5095 5115
f 5117 5096 5095
f 5117 5095 5116
f 5118 5099 5101
f 5118 5098 5099
f 5118 5101 5100
f 5119 5100 5092
f 5119 5092 5102
f 5120 5093 5105
f 5120 5088 5091
f 5120 5091 5090
f 5120 5090 5093
f 5121 3930 3929
f 5121 3931 3930
f 5121 3932 3931
f 5121 3933 3932
f 5121 5088 5120
f 5121 3929 5088
f 5122 3933 5121
f 5123 3934 3933
f 5123 3933 5122
f 5124 3935 3934
f 5124 3936 3935
f 5124 3937 3936
f 5124 5105 3937
f 5124 3934 5123
f 5125 5106 5108
f 5125 5108 5109
f 5125 5109 5094
f 5125 5094 5110
f 5125 5110 5106
f 5126 5115 5107
f 5126 5116 5115
f 5126 5107 5112
f 5127 5113 5097
f 5127 5112 5111
f 5127 5126 5112
f 5127 5111 5113
f 5128 5097 5101
f 5128 5127 5097
f 5128 5117 5116
f 5128 5116 5126
f 5128 5126 5127
f 5129 5101 5099
f 5129 5096 5117
f 5129 5099 5096
f 5129 5128 5101
f 5129 5117 5128
f 5130 5085 5098
f 5130 5103 5086
f 5130 5086 5085
f 5131 5098 5118
f 5131 5118 5100
f 5131 5100 5119
f 5131 5119 5132
f 5131 5132 5098
f 5133 5102 5103
f 5133 5119 5102
f 5133 5132 5119
f 5134 5120 5105
f 5134 5121 5120
f 5134 5122 5121
f 5134 5123 5122
f 5134 5105 5124
f 5134 5124 5123
f 5135 5133 5103
f 5135 5098 5132
f 5135 5130 5098
f 5135 5103 5130
f 5135 5132 5133
f 5136 1826 1827
f 5137 1827 1828
f 5137 1828 1708
f 5137 5136 1827
f 5138 4421 1826
f 5138 1826 5136
f 5139 5138 5136
f 5139 5137 1708
f 5139 5136 5137
f 5140 4421 5138
f 5141 4422 4421
f 5141 5138 5139
f 5141 4421 5140
f 5141 5140 5138
f 5142 1708 4422
f 5142 5139 1708
f 5142 4422 5141
f 5142 5141 5139
f 5143 1769 1836
f 5143 5144 1769
f 5145 3937 1769
f 5145 1769 5144
f 5146 5145 5144
f 5146 5143 1836
f 5146 5144 5143
f 5147 3937 5145
f 5148 3938 3937
f 5148 5145 5146
f 5148 3937 5147
f 5148 5147 5145
f 5149 1836 3938
f 5149 5146 1836
f 5149 3938 5148
f 5149 5148 5146
f 5150 1843 1844
f 5151 4409 1843
f 5151 1843 5150
f 5152 4410 4409
f 5152 4411 4410
f 5152 4412 4411
f 5152 4409 5151
f 5153 4413 4412
f 5153 5152 5154
f 5153 4412 5152
f 5155 5156 5157
f 5158 5155 5157
f 5159 1854 1826
f 5160 1844 1845
f 5160 1845 1846
f 5160 5150 1844
f 5160 5161 5150
f 5162 5159 1826
f 5163 5150 5161
f 5163 5161 5164
f 5165 5166 5162
f 5165 1826 4421
f 5165 5162 1826
f 5167 5152 5151
f 5167 5151 5168
f 5167 5154 5152
f 5169 5154 5167
f 5169 5167 5157
f 5169 5153 5154
f 5169 5157 5156
f 5169 5156 5153
f 5170 5165 4421
f 5170 5158 5157
f 5171 5170 4421
f 5172 1847 1848
f 5172 1848 1849
f 5172 1849 1850
f 5172 1850 1851
f 5172 5173 1847
f 5174 5172 1851
f 5175 1851 1852
f 5175 1852 1853
f 5175 1853 1854
f 5175 5174 1851
f 5175 1854 5159
f 5176 5177 5178
f 5176 5173 5172
f 5176 5178 5173
f 5176 5179 5177
f 5180 5159 5162
f 5180 5162 5179
f 5180 5179 5176
f 5180 5176 5159
f 5181 1846 1847
f 5181 5160 1846
f 5181 1847 5173
f 5182 5160 5181
f 5183 5161 5160
f 5183 5160 5182
f 5184 5164 5166
f 5184 5166 5165
f 5184 5163 5164
f 5185 5165 5170
f 5185 5157 5167
f 5185 5170 5157
f 5186 5153 5156
f 5186 5156 5155
f 5186 5155 5158
f 5187 5158 5170
f 5187 5186 5158
f 5187 5171 5186
f 5187 5170 5171
f 5188 4414 4413
f 5188 4415 4414
f 5188 4416 4415
f 5188 4417 4416
f 5188 5153 5186
f 5188 4413 5153
f 5189 4417 5188
f 5190 4418 4417
f 5190 4417 5189
f 5191 4419 4418
f 5191 4420 4419
f 5191 4421 4420
f 5191 5171 4421
f 5191 4418 5190
f 5192 5172 5174
f 5192 5174 5175
f 5192 5175 5159
f 5192 5176 5172
f 5192 5159 5176
f 5193 5181 5173
f 5193 5182 5181
f 5193 5173 5178
f 5194 5179 5162
f 5194 5178 5177
f 5194 5193 5178
f 5194 5177 5179
f 5195 5162 5166
f 5195 5194 5162
f 5195 5183 5182
f 5195 5182 5193
f 5195 5193 5194
f 5196 5166 5164
f 5196 5161 5183
f 5196 5164 5161
f 5196 5195 5166
f 5196 5183 5195
f 5197 5150 5163
f 5197 5168 5151
f 5197 5151 5150
f 5198 5184 5165
f 5198 5163 5184
f 5198 5199 5163
f 5198 5185 5199
f 5198 5165 5185
f 5200 5167 5168
f 5200 5185 5167
f 5200 5199 5185
f 5201 5186 5171
f 5201 5188 5186
f 5201 5190 5189
f 5201 5171 5191
f 5201 5191 5190
f 5201 5189 5188
f 5202 5163 5199
f 5202 5197 5163
f 5202 5168 5197
f 5202 5200 5168
f 5202 5199 5200
f 5203 1904 1891
f 5204 1891 3952
f 5204 5203 1891
f 5205 3951 3950
f 5205 3952 3951
f 5205 5204 3952
f 5206 5203 5207
f 5208 5209 5210
f 5208 5210 5211
f 5212 5213 5214
f 5215 5212 5214
f 5216 3950 3949
f 5216 5217 5205
f 5216 5205 3950
f 5218 1836 5219
f 5218 5209 5208
f 5218 5208 5214
f 5220 1899 1900
f 5220 1900 1901
f 5220 1901 1902
f 5220 1902 1903
f 5220 1903 1904
f 5220 1904 5203
f 5220 5203 5206
f 5221 5206 5207
f 5221 5208 5211
f 5221 5211 5206
f 5222 5208 5221
f 5222 5203 5204
f 5222 5207 5203
f 5222 5221 5207
f 5222 5204 5223
f 5224 5208 5222
f 5224 5222 5223
f 5224 5205 5217
f 5224 5204 5205
f 5224 5223 5204
f 5224 5214 5208
f 5225 5215 5214
f 5225 5216 5226
f 5225 5224 5217
f 5225 5214 5224
f 5225 5226 5215
f 5225 5217 5216
f 5227 3938 1836
f 5227 5218 5214
f 5227 1836 5218
f 5227 5214 5213
f 5228 3938 5227
f 5229 1836 1892
f 5229 1892 1893
f 5229 1893 1894
f 5229 1894 1895
f 5229 5219 1836
f 5230 1895 1896
f 5230 1896 1897
f 5230 1897 1898
f 5230 5229 1895
f 5231 1898 1899
f 5231 5220 5206
f 5231 1899 5220
f 5231 5230 1898
f 5232 5209 5218
f 5232 5218 5219
f 5233 5209 5232
f 5233 5231 5206
f 5233 5210 5209
f 5233 5211 5210
f 5233 5206 5211
f 5234 5227 5213
f 5234 5228 5227
f 5235 5234 5213
f 5236 5212 5215
f 5236 5226 5216
f 5236 5235 5213
f 5236 5215 5226
f 5236 5213 5212
f 5237 3939 3938
f 5237 3940 3939
f 5237 3941 3940
f 5237 3942 3941
f 5237 3938 5228
f 5238 3942 5237
f 5239 3943 3942
f 5239 3942 5238
f 5240 3944 3943
f 5240 3943 5239
f 5241 5233 5232
f 5241 5219 5229
f 5241 5229 5230
f 5241 5230 5231
f 5241 5232 5219
f 5241 5231 5233
f 5242 5240 5239
f 5242 5237 5228
f 5242 5238 5237
f 5242 5239 5238
f 5243 3945 3944
f 5243 3946 3945
f 5243 3947 3946
f 5243 3948 3947
f 5243 3944 5240
f 5244 3949 3948
f 5244 5236 5216
f 5244 5216 3949
f 5244 3948 5243
f 5244 5240 5242
f 5244 5243 5240
f 5245 5228 5234
f 5245 5234 5235
f 5245 5235 5236
f 5245 5242 5228
f 5245 5244 5242
f 5245 5236 5244
f 5246 1954 1955
f 5246 1955 1956
f 5247 1956 1957
f 5247 1957 1958
f 5247 1958 1843
f 5247 5246 1956
f 5248 4404 1954
f 5248 1954 5246
f 5249 1843 4409
f 5249 5248 5246
f 5249 5247 1843
f 5249 5246 5247
f 5250 4405 4404
f 5250 4406 4405
f 5250 4404 5248
f 5251 4407 4406
f 5251 4408 4407
f 5251 4409 4408
f 5251 5248 5249
f 5251 5249 4409
f 5251 5250 5248
f 5251 4406 5250
f 5252 1891 1966
f 5252 1966 1967
f 5252 1967 1968
f 5253 1968 1969
f 5253 1969 1970
f 5253 1970 1965
f 5253 5252 1968
f 5254 3952 1891
f 5254 1891 5252
f 5255 1965 3958
f 5255 5254 5252
f 5255 5252 5253
f 5255 5253 1965
f 5256 3953 3952
f 5256 3954 3953
f 5256 3955 3954
f 5256 3952 5254
f 5257 3956 3955
f 5257 3957 3956
f 5257 3958 3957
f 5257 5256 5254
f 5257 5255 3958
f 5257 3955 5256
f 5257 5254 5255
f 5258 1977 1954
f 5258 5259 1977
f 5260 4403 1977
f 5260 1977 5259
f 5261 5260 5259
f 5261 5258 1954
f 5261 5259 5258
f 5262 4403 5260
f 5263 4404 4403
f 5263 5260 5261
f 5263 4403 5262
f 5263 5262 5260
f 5264 1954 4404
f 5264 5261 1954
f 5264 4404 5263
f 5264 5263 5261
f 5265 1965 1986
f 5266 1986 1987
f 5266 1987 1985
f 5266 5265 1986
f 5267 3958 1965
f 5267 1965 5265
f 5268 5267 5265
f 5268 5266 1985
f 5268 5265 5266
f 5269 3959 3958
f 5269 3958 5267
f 5270 3960 3959
f 5270 5267 5268
f 5270 3959 5269
f 5270 5269 5267
f 5271 1985 3961
f 5271 3961 3960
f 5271 5268 1985
f 5271 3960 5270
f 5271 5270 5268
f 5272 1995 1996
f 5272 1996 1997
f 5272 1997 1998
f 5273 1998 1999
f 5273 1999 2000
f 5273 2000 1977
f 5273 5272 1998
f 5274 4397 1995
f 5274 1995 5272
f 5275 1977 4403
f 5275 5274 5272
f 5275 5272 5273
f 5275 5273 1977
f 5276 4398 4397
f 5276 4399 4398
f 5276 4400 4399
f 5276 4397 5274
f 5277 4401 4400
f 5277 4402 4401
f 5277 4403 4402
f 5277 5276 5274
f 5277 5275 4403
f 5277 4400 5276
f 5277 5274 5275
f 5278 1985 2008
f 5278 2008 2009
f 5279 2009 2010
f 5279 2010 2011
f 5279 2011 2007
f 5279 5278 2009
f 5280 3961 1985
f 5280 1985 5278
f 5281 2007 3966
f 5281 5280 5278
f 5281 5279 2007
f 5281 5278 5279
f 5282 3962 3961
f 5282 3963 3962
f 5282 3961 5280
f 5283 3964 3963
f 5283 3965 3964
f 5283 3966 3965
f 5283 5280 5281
f 5283 5281 3966
f 5283 5282 5280
f 5283 3963 5282
f 5284 2031 1995
f 5285 1995 4397
f 5285 5284 1995
f 5286 4396 4395
f 5286 4397 4396
f 5286 5285 4397
f 5287 5284 5288
f 5289 5290 5291
f 5289 5291 5292
f 5293 4395 4394
f 5293 5286 4395
f 5294 2018 5295
f 5294 5290 5289
f 5296 2026 2027
f 5296 2027 2028
f 5296 2028 2029
f 5296 2029 2030
f 5296 2030 2031
f 5296 2031 5284
f 5296 5284 5287
f 5297 5287 5288
f 5297 5289 5292
f 5297 5292 5287
f 5298 5289 5297
f 5298 5284 5285
f 5298 5288 5284
f 5298 5297 5288
f 5298 5285 5299
f 5300 4383 2018
f 5300 2018 5294
f 5301 5286 5302
f 5303 5293 5304
f 5303 5286 5293
f 5303 5302 5286
f 5303 5305 5306
f 5303 5307 5305
f 5303 5304 5307
f 5308 4383 5300
f 5309 2018 2019
f 5309 2019 2020
f 5309 2020 2021
f 5309 2021 2022
f 5309 5295 2018
f 5310 2022 2023
f 5310 2023 2024
f 5310 2024 2025
f 5310 5309 2022
f 5311 2025 2026
f 5311 5296 5287
f 5311 2026 5296
f 5311 5310 2025
f 5312 5294 5295
f 5312 5290 5294
f 5313 5311 5287
f 5313 5290 5312
f 5313 5291 5290
f 5313 5292 5291
f 5313 5287 5292
f 5314 5294 5289
f 5314 5289 5298
f 5314 5300 5294
f 5315 5285 5286
f 5315 5299 5285
f 5316 5317 5301
f 5316 5303 5306
f 5316 5300 5317
f 5316 5306 5308
f 5316 5308 5300
f 5318 5308 5306
f 5319 5318 5306
f 5320 5304 5293
f 5320 5319 5306
f 5320 5306 5305
f 5320 5305 5307
f 5320 5307 5304
f 5321 4385 4384
f 5321 4386 4385
f 5321 4387 4386
f 5322 4388 4387
f 5322 4387 5321
f 5323 4389 4388
f 5323 4388 5322
f 5324 5310 5311
f 5324 5295 5309
f 5324 5309 5310
f 5324 5312 5295
f 5324 5313 5312
f 5324 5311 5313
f 5325 5298 5299
f 5325 5314 5298
f 5325 5326 5314
f 5325 5315 5326
f 5325 5299 5315
f 5327 5300 5314
f 5327 5314 5326
f 5328 5326 5315
f 5328 5327 5326
f 5329 5301 5317
f 5329 5315 5286
f 5329 5286 5301
f 5329 5328 5315
f 5330 5316 5301
f 5330 5303 5316
f 5330 5301 5302
f 5330 5302 5303
f 5331 4384 4383
f 5331 5321 4384
f 5331 4383 5308
f 5331 5322 5321
f 5331 5323 5322
f 5332 4390 4389
f 5332 4391 4390
f 5332 4392 4391
f 5332 4393 4392
f 5332 4389 5323
f 5333 5327 5328
f 5333 5328 5329
f 5334 4393 5332
f 5334 5293 4394
f 5334 5332 5323
f 5334 4394 4393
f 5334 5320 5293
f 5334 5323 5331
f 5335 5327 5333
f 5335 5317 5300
f 5335 5300 5327
f 5336 5320 5334
f 5336 5334 5331
f 5336 5318 5319
f 5336 5319 5320
f 5336 5331 5308
f 5336 5308 5318
f 5337 5333 5329
f 5337 5317 5335
f 5337 5329 5317
f 5337 5335 5333
f 5338 2007 2082
f 5339 3966 2007
f 5339 2007 5338
f 5340 3967 3966
f 5340 3968 3967
f 5340 3969 3968
f 5340 3966 5339
f 5341 3970 3969
f 5341 5340 5342
f 5341 3969 5340
f 5343 5344 5345
f 5346 5343 5345
f 5347 2092 2081
f 5348 2082 2083
f 5348 2083 2084
f 5348 5338 2082
f 5348 5349 5338
f 5350 5347 2081
f 5351 5338 5349
f 5351 5349 5352
f 5353 5354 5350
f 5353 2081 3978
f 5353 5350 2081
f 5355 5340 5339
f 5355 5339 5356
f 5355 5342 5340
f 5357 5342 5355
f 5357 5355 5345
f 5357 5341 5342
f 5357 5344 5341
f 5357 5345 5344
f 5358 5353 3978
f 5358 5346 5345
f 5359 5358 3978
f 5360 2085 2086
f 5360 2086 2087
f 5360 2087 2088
f 5360 2088 2089
f 5360 5361 2085
f 5362 5360 2089
f 5363 2089 2090
f 5363 2090 2091
f 5363 2091 2092
f 5363 5362 2089
f 5363 2092 5347
f 5364 5365 5366
f 5364 5361 5360
f 5364 5366 5361
f 5364 5367 5365
f 5368 5350 5367
f 5368 5347 5350
f 5368 5364 5347
f 5368 5367 5364
f 5369 2084 2085
f 5369 5348 2084
f 5369 2085 5361
f 5370 5348 5369
f 5371 5349 5348
f 5371 5348 5370
f 5372 5354 5353
f 5372 5352 5354
f 5372 5351 5352
f 5373 5345 5355
f 5373 5353 5358
f 5373 5358 5345
f 5374 5341 5344
f 5374 5344 5343
f 5374 5343 5346
f 5375 5346 5358
f 5375 5374 5346
f 5375 5359 5374
f 5375 5358 5359
f 5376 3971 3970
f 5376 3972 3971
f 5376 3973 3972
f 5376 3974 3973
f 5376 5341 5374
f 5376 3970 5341
f 5377 3974 5376
f 5378 3975 3974
f 5378 3974 5377
f 5379 3976 3975
f 5379 3977 3976
f 5379 3978 3977
f 5379 5359 3978
f 5379 3975 5378
f 5380 5360 5362
f 5380 5362 5363
f 5380 5363 5347
f 5380 5364 5360
f 5380 5347 5364
f 5381 5369 5361
f 5381 5370 5369
f 5381 5361 5366
f 5382 5367 5350
f 5382 5366 5365
f 5382 5381 5366
f 5382 5365 5367
f 5383 5350 5354
f 5383 5382 5350
f 5383 5371 5370
f 5383 5370 5381
f 5383 5381 5382
f 5384 5354 5352
f 5384 5349 5371
f 5384 5352 5349
f 5384 5383 5354
f 5384 5371 5383
f 5385 5338 5351
f 5385 5356 5339
f 5385 5339 5338
f 5386 5372 5353
f 5386 5353 5373
f 5386 5351 5372
f 5386 5373 5387
f 5386 5387 5351
f 5388 5387 5373
f 5388 5373 5355
f 5388 5355 5356
f 5389 5374 5359
f 5389 5376 5374
f 5389 5378 5377
f 5389 5359 5379
f 5389 5379 5378
f 5389 5377 5376
f 5390 5388 5356
f 5390 5351 5387
f 5390 5387 5388
f 5390 5385 5351
f 5390 5356 5385
f 5391 2138 2139
f 5392 2139 2140
f 5392 2140 2018
f 5392 5391 2139
f 5393 4382 2138
f 5393 2138 5391
f 5394 5393 5391
f 5394 5392 2018
f 5394 5391 5392
f 5395 4382 5393
f 5396 4383 4382
f 5396 5393 5394
f 5396 4382 5395
f 5396 5395 5393
f 5397 2018 4383
f 5397 5394 2018
f 5397 4383 5396
f 5397 5396 5394
f 5398 2081 2149
f 5399 2149 2150
f 5399 2150 2148
f 5399 5398 2149
f 5400 3978 2081
f 5400 2081 5398
f 5401 5400 5398
f 5401 5399 2148
f 5401 5398 5399
f 5402 3979 3978
f 5402 3978 5400
f 5403 3980 3979
f 5403 5400 5401
f 5403 3979 5402
f 5403 5402 5400
f 5404 2148 3981
f 5404 3981 3980
f 5404 5401 2148
f 5404 3980 5403
f 5404 5403 5401
f 5405 2158 2159
f 5406 4370 2158
f 5406 2158 5405
f 5407 4371 4370
f 5407 4372 4371
f 5407 4373 4372
f 5407 4370 5406
f 5408 4374 4373
f 5408 5407 5409
f 5408 4373 5407
f 5410 5411 5412
f 5413 5410 5412
f 5414 2169 2138
f 5415 2159 2160
f 5415 2160 2161
f 5415 5405 2159
f 5415 5416 5405
f 5417 5414 2138
f 5418 5419 5406
f 5418 5405 5416
f 5418 5416 5420
f 5418 5406 5405
f 5421 5422 5417
f 5421 2138 4382
f 5421 5417 2138
f 5423 5407 5406
f 5423 5406 5419
f 5423 5409 5407
f 5424 5409 5423
f 5424 5423 5412
f 5424 5408 5409
f 5424 5412 5411
f 5424 5411 5408
f 5425 5421 4382
f 5425 5413 5412
f 5426 5425 4382
f 5427 2162 2163
f 5427 2163 2164
f 5427 2164 2165
f 5427 2165 2166
f 5427 5428 2162
f 5429 5427 2166
f 5430 2166 2167
f 5430 2167 2168
f 5430 2168 2169
f 5430 5429 2166
f 5430 2169 5414
f 5431 5432 5433
f 5431 5428 5427
f 5431 5433 5428
f 5431 5434 5432
f 5435 5414 5417
f 5435 5417 5434
f 5435 5434 5431
f 5435 5431 5414
f 5436 2161 2162
f 5436 5415 2161
f 5436 2162 5428
f 5437 5415 5436
f 5438 5416 5415
f 5438 5415 5437
f 5439 5420 5422
f 5439 5422 5421
f 5439 5418 5420
f 5440 5421 5425
f 5440 5412 5423
f 5440 5439 5421
f 5440 5425 5412
f 5441 5408 5411
f 5441 5411 5410
f 5441 5410 5413
f 5442 5413 5425
f 5442 5426 5441
f 5442 5425 5426
f 5442 5441 5413
f 5443 4375 4374
f 5443 4376 4375
f 5443 4377 4376
f 5443 4378 4377
f 5443 5408 5441
f 5443 4374 5408
f 5444 4378 5443
f 5445 4379 4378
f 5445 4378 5444
f 5446 4380 4379
f 5446 4381 4380
f 5446 4382 4381
f 5446 5426 4382
f 5446 4379 5445
f 5447 5427 5429
f 5447 5429 5430
f 5447 5430 5414
f 5447 5431 5427
f 5447 5414 5431
f 5448 5436 5428
f 5448 5437 5436
f 5448 5428 5433
f 5449 5434 5417
f 5449 5433 5432
f 5449 5448 5433
f 5449 5432 5434
f 5450 5417 5422
f 5450 5449 5417
f 5450 5438 5437
f 5450 5437 5448
f 5450 5448 5449
f 5451 5422 5420
f 5451 5416 5438
f 5451 5420 5416
f 5451 5450 5422
f 5451 5438 5450
f 5452 5440 5423
f 5452 5423 5419
f 5452 5418 5439
f 5452 5439 5440
f 5452 5419 5418
f 5453 5441 5426
f 5453 5443 5441
f 5453 5445 5444
f 5453 5426 5446
f 5453 5446 5445
f 5453 5444 5443
f 5454 2236 2223
f 5455 2223 3995
f 5455 5456 5457
f 5455 5457 5454
f 5455 5454 2223
f 5458 3994 3993
f 5458 3995 3994
f 5458 5455 3995
f 5459 5457 5456
f 5459 5456 2148
f 5460 5457 5459
f 5461 5457 5460
f 5461 5454 5457
f 5462 5463 5464
f 5465 5462 5464
f 5466 3993 3992
f 5466 5458 3993
f 5466 5467 5458
f 5468 2233 2234
f 5468 2234 2235
f 5468 2235 2236
f 5468 2236 5454
f 5469 5456 5455
f 5469 5464 2148
f 5469 5458 5467
f 5469 2148 5456
f 5469 5455 5458
f 5470 5466 5471
f 5470 5469 5467
f 5470 5471 5465
f 5470 5464 5469
f 5470 5465 5464
f 5470 5467 5466
f 5472 3981 2148
f 5472 2148 5464
f 5472 5464 5463
f 5473 3981 5472
f 5474 2230 2231
f 5474 2231 2232
f 5474 2232 2233
f 5474 2233 5468
f 5475 5460 5459
f 5475 5461 5460
f 5476 5468 5454
f 5476 5461 5475
f 5476 5454 5461
f 5477 5472 5463
f 5477 5473 5472
f 5478 5473 5477
f 5478 5477 5463
f 5479 5471 5466
f 5479 5473 5478
f 5479 5478 5463
f 5479 5465 5471
f 5479 5463 5462
f 5479 5462 5465
f 5480 3982 3981
f 5480 3983 3982
f 5480 3984 3983
f 5480 3985 3984
f 5480 3981 5473
f 5481 3985 5480
f 5482 3986 3985
f 5482 3985 5481
f 5483 3987 3986
f 5483 3986 5482
f 5484 2227 2228
f 5484 2228 2229
f 5484 2229 2230
f 5484 2230 5474
f 5485 5475 5459
f 5486 5484 5474
f 5486 5475 5485
f 5487 5480 5473
f 5487 5481 5480
f 5487 5479 5483
f 5487 5473 5479
f 5487 5482 5481
f 5487 5483 5482
f 5488 5479 5466
f 5488 3988 3987
f 5488 3989 3988
f 5488 3990 3989
f 5488 3991 3990
f 5488 3992 3991
f 5488 3987 5483
f 5488 5483 5479
f 5488 5466 3992
f 5489 2148 2224
f 5489 2224 2225
f 5489 2225 2226
f 5489 5459 2148
f 5489 5485 5459
f 5490 5475 5486
f 5490 5476 5475
f 5490 5474 5468
f 5490 5486 5474
f 5490 5468 5476
f 5491 2226 2227
f 5491 5489 2226
f 5491 5484 5486
f 5491 5486 5485
f 5491 5485 5489
f 5491 2227 5484
f 5492 2284 2285
f 5492 2285 2286
f 5493 2286 2287
f 5493 2287 2288
f 5493 2288 2158
f 5493 5492 2286
f 5494 4365 2284
f 5494 2284 5492
f 5495 2158 4370
f 5495 5494 5492
f 5495 5493 2158
f 5495 5492 5493
f 5496 4366 4365
f 5496 4367 4366
f 5496 4365 5494
f 5497 4368 4367
f 5497 4369 4368
f 5497 4370 4369
f 5497 5494 5495
f 5497 5495 4370
f 5497 5496 5494
f 5497 4367 5496
f 5498 2223 2296
f 5498 2296 2297
f 5498 2297 2298
f 5499 2298 2299
f 5499 2299 2300
f 5499 2300 2295
f 5499 5498 2298
f 5500 3995 2223
f 5500 2223 5498
f 5501 2295 4001
f 5501 5500 5498
f 5501 5498 5499
f 5501 5499 2295
f 5502 3996 3995
f 5502 3997 3996
f 5502 3998 3997
f 5502 3995 5500
f 5503 3999 3998
f 5503 4000 3999
f 5503 4001 4000
f 5503 5502 5500
f 5503 5501 4001
f 5503 3998 5502
f 5503 5500 5501
f 5504 2307 2284
f 5504 5505 2307
f 5506 4364 2307
f 5506 2307 5505
f 5507 5506 5505
f 5507 5504 2284
f 5507 5505 5504
f 5508 4364 5506
f 5509 4365 4364
f 5509 5506 5507
f 5509 4364 5508
f 5509 5508 5506
f 5510 2284 4365
f 5510 5507 2284
f 5510 4365 5509
f 5510 5509 5507
f 5511 2295 2315
f 5511 5512 2295
f 5513 4001 2295
f 5513 2295 5512
f 5514 5513 5512
f 5514 5511 2315
f 5514 5512 5511
f 5515 4001 5513
f 5516 4002 4001
f 5516 5513 5514
f 5516 4001 5515
f 5516 5515 5513
f 5517 2315 4002
f 5517 5514 2315
f 5517 4002 5516
f 5517 5516 5514
f 5518 2323 2324
f 5518 2324 2325
f 5518 2325 2326
f 5519 2326 2327
f 5519 2327 2328
f 5519 2328 2307
f 5519 5518 2326
f 5520 4358 2323
f 5520 2323 5518
f 5521 2307 4364
f 5521 5520 5518
f 5521 5518 5519
f 5521 5519 2307
f 5522 4359 4358
f 5522 4360 4359
f 5522 4361 4360
f 5522 4358 5520
f 5523 4362 4361
f 5523 4363 4362
f 5523 4364 4363
f 5523 5522 5520
f 5523 5521 4364
f 5523 4361 5522
f 5523 5520 5521
f 5524 2315 2336
f 5524 2336 2337
f 5525 2337 2338
f 5525 2338 2339
f 5525 2339 2335
f 5525 5524 2337
f 5526 4002 2315
f 5526 2315 5524
f 5527 2335 4007
f 5527 5526 5524
f 5527 5525 2335
f 5527 5524 5525
f 5528 4003 4002
f 5528 4004 4003
f 5528 4002 5526
f 5529 4005 4004
f 5529 4006 4005
f 5529 4007 4006
f 5529 5526 5527
f 5529 5527 4007
f 5529 5528 5526
f 5529 4004 5528
f 5530 2359 2323
f 5531 2323 4358
f 5531 5530 2323
f 5532 4357 4356
f 5532 4358 4357
f 5532 5531 4358
f 5533 5534 5535
f 5536 5530 5534
f 5536 5534 5533
f 5537 5538 5539
f 5540 5537 5539
f 5541 4356 4355
f 5541 5532 4356
f 5541 5542 5532
f 5543 5535 5544
f 5545 2354 2355
f 5545 2355 2356
f 5545 2356 2357
f 5545 2357 2358
f 5545 2358 2359
f 5545 2359 5530
f 5545 5530 5536
f 5546 5531 5532
f 5546 5547 5531
f 5546 5532 5542
f 5548 5542 5541
f 5548 5546 5542
f 5548 5541 5549
f 5548 5539 5546
f 5548 5540 5539
f 5548 5549 5540
f 5550 5539 5538
f 5551 4344 5550
f 5552 2350 2351
f 5552 2351 2352
f 5552 2352 2353
f 5552 2353 2354
f 5552 5543 5544
f 5553 5545 5536
f 5553 2354 5545
f 5553 5552 2354
f 5554 5535 5534
f 5555 4344 2346
f 5555 5544 5535
f 5555 5539 5550
f 5555 2346 5544
f 5555 5550 4344
f 5555 5535 5554
f 5555 5546 5539
f 5556 5555 5554
f 5557 5550 5538
f 5557 5551 5550
f 5558 5557 5538
f 5559 5558 5538
f 5559 5549 5541
f 5559 5538 5537
f 5559 5537 5540
f 5559 5540 5549
f 5560 4344 5551
f 5560 4345 4344
f 5560 4346 4345
f 5560 4347 4346
f 5560 4348 4347
f 5561 4348 5560
f 5562 4349 4348
f 5562 4348 5561
f 5563 4350 4349
f 5563 4349 5562
f 5564 2346 2347
f 5564 2347 2348
f 5564 2348 2349
f 5564 2349 2350
f 5564 5552 5544
f 5564 5544 2346
f 5564 2350 5552
f 5565 5535 5543
f 5565 5552 5553
f 5565 5543 5552
f 5565 5553 5536
f 5565 5533 5535
f 5565 5536 5533
f 5566 5534 5530
f 5567 5566 5530
f 5567 5554 5534
f 5567 5556 5554
f 5567 5534 5566
f 5568 5547 5546
f 5569 5530 5531
f 5569 5567 5530
f 5569 5531 5547
f 5569 5547 5568
f 5570 5561 5560
f 5570 5562 5561
f 5570 5563 5562
f 5570 5560 5551
f 5571 4351 4350
f 5571 4352 4351
f 5571 4353 4352
f 5571 4354 4353
f 5571 4350 5563
f 5572 5546 5555
f 5572 5568 5546
f 5572 5555 5556
f 5573 5567 5569
f 5573 5556 5567
f 5573 5569 5568
f 5573 5568 5572
f 5573 5572 5556
f 5574 4355 4354
f 5574 5559 5541
f 5574 5541 4355
f 5574 4354 5571
f 5574 5563 5570
f 5574 5571 5563
f 5575 5551 5557
f 5575 5559 5574
f 5575 5570 5551
f 5575 5557 5558
f 5575 5558 5559
f 5575 5574 5570
f 5576 2335 2408
f 5576 2408 2409
f 5576 2409 2410
f 5577 4007 2335
f 5577 2335 5576
f 5578 4008 4007
f 5578 4009 4008
f 5578 4010 4009
f 5578 4007 5577
f 5579 2410 2411
f 5579 5580 5576
f 5579 5576 2410
f 5581 5582 5583
f 5581 5583 5584
f 5585 4011 4010
f 5585 5578 5586
f 5585 4010 5578
f 5587 5588 5589
f 5590 5587 5589
f 5591 2418 2407
f 5592 5591 2407
f 5592 5581 5584
f 5593 5582 5581
f 5593 5579 5582
f 5593 5580 5579
f 5594 5580 5593
f 5594 5576 5580
f 5595 5581 5592
f 5595 2407 4019
f 5595 5592 2407
f 5596 5578 5577
f 5596 5577 5597
f 5596 5586 5578
f 5598 5586 5596
f 5598 5596 5589
f 5598 5585 5586
f 5598 5588 5585
f 5598 5589 5588
f 5599 5595 4019
f 5599 5590 5589
f 5600 5599 4019
f 5601 2411 2412
f 5601 2412 2413
f 5601 2413 2414
f 5601 2414 2415
f 5601 5579 2411
f 5602 5601 2415
f 5603 2415 2416
f 5603 2416 2417
f 5603 2417 2418
f 5603 5602 2415
f 5603 2418 5591
f 5604 5579 5601
f 5604 5583 5582
f 5604 5582 5579
f 5604 5584 5583
f 5605 5591 5592
f 5605 5592 5584
f 5605 5584 5604
f 5605 5604 5591
f 5606 5593 5581
f 5606 5581 5595
f 5606 5594 5593
f 5607 5599 5589
f 5607 5589 5596
f 5607 5595 5599
f 5608 5585 5588
f 5608 5588 5587
f 5608 5587 5590
f 5609 5599 5600
f 5609 5590 5599
f 5609 5600 5608
f 5609 5608 5590
f 5610 4012 4011
f 5610 4013 4012
f 5610 4014 4013
f 5610 4015 4014
f 5610 5585 5608
f 5610 4011 5585
f 5611 4015 5610
f 5612 4016 4015
f 5612 4015 5611
f 5613 4017 4016
f 5613 4018 4017
f 5613 4019 4018
f 5613 4016 5612
f 5613 5600 4019
f 5614 5601 5602
f 5614 5602 5603
f 5614 5603 5591
f 5614 5591 5604
f 5614 5604 5601
f 5615 5576 5594
f 5615 5597 5577
f 5615 5577 5576
f 5616 5607 5617
f 5616 5606 5595
f 5616 5594 5606
f 5616 5595 5607
f 5616 5617 5594
f 5618 5617 5607
f 5618 5607 5596
f 5618 5596 5597
f 5619 5608 5600
f 5619 5610 5608
f 5619 5611 5610
f 5619 5612 5611
f 5619 5613 5612
f 5619 5600 5613
f 5620 5615 5594
f 5620 5617 5618
f 5620 5597 5615
f 5620 5594 5617
f 5620 5618 5597
f 5621 2464 2465
f 5622 2465 2466
f 5622 2466 2346
f 5622 5621 2465
f 5623 4343 2464
f 5623 2464 5621
f 5624 5623 5621
f 5624 5622 2346
f 5624 5621 5622
f 5625 4343 5623
f 5626 4344 4343
f 5626 5623 5624
f 5626 4343 5625
f 5626 5625 5623
f 5627 2346 4344
f 5627 5624 2346
f 5627 4344 5626
f 5627 5626 5624
f 5628 2407 2475
f 5629 2475 2476
f 5629 2476 2474
f 5629 5628 2475
f 5630 4019 2407
f 5630 2407 5628
f 5631 5630 5628
f 5631 5629 2474
f 5631 5628 5629
f 5632 4019 5630
f 5633 4020 4019
f 5633 5630 5631
f 5633 4019 5632
f 5633 5632 5630
f 5634 2474 4020
f 5634 5631 2474
f 5634 4020 5633
f 5634 5633 5631
f 5635 2484 2485
f 5636 4331 2484
f 5636 2484 5635
f 5637 4332 4331
f 5637 4333 4332
f 5637 4334 4333
f 5637 4331 5636
f 5638 4335 4334
f 5638 5637 5639
f 5638 4334 5637
f 5640 5641 5642
f 5643 5640 5642
f 5644 2495 2464
f 5645 2485 2486
f 5645 2486 2487
f 5645 5635 2485
f 5645 5646 5635
f 5647 5644 2464
f 5648 5635 5646
f 5648 5646 5649
f 5650 5651 5647
f 5650 2464 4343
f 5650 5647 2464
f 5652 5637 5636
f 5652 5636 5653
f 5652 5639 5637
f 5654 5639 5652
f 5654 5652 5642
f 5654 5638 5639
f 5654 5641 5638
f 5654 5642 5641
f 5655 5650 4343
f 5655 5643 5642
f 5656 5655 4343
f 5657 2488 2489
f 5657 2489 2490
f 5657 2490 2491
f 5657 2491 2492
f 5657 5658 2488
f 5659 5657 2492
f 5660 2492 2493
f 5660 2493 2494
f 5660 2494 2495
f 5660 5659 2492
f 5660 2495 5644
f 5661 5662 5663
f 5661 5658 5657
f 5661 5663 5658
f 5661 5664 5662
f 5665 5644 5647
f 5665 5647 5664
f 5665 5664 5661
f 5665 5661 5644
f 5666 2487 2488
f 5666 5645 2487
f 5666 2488 5658
f 5667 5645 5666
f 5668 5646 5645
f 5668 5645 5667
f 5669 5649 5651
f 5669 5648 5649
f 5669 5651 5650
f 5670 5655 5642
f 5670 5642 5652
f 5670 5650 5655
f 5671 5638 5641
f 5671 5641 5640
f 5671 5640 5643
f 5672 5643 5655
f 5672 5656 5671
f 5672 5655 5656
f 5672 5671 5643
f 5673 4336 4335
f 5673 4337 4336
f 5673 4338 4337
f 5673 4339 4338
f 5673 5638 5671
f 5673 4335 5638
f 5674 4339 5673
f 5675 4340 4339
f 5675 4339 5674
f 5676 4341 4340
f 5676 4342 4341
f 5676 4343 4342
f 5676 5656 4343
f 5676 4340 5675
f 5677 5657 5659
f 5677 5659 5660
f 5677 5660 5644
f 5677 5661 5657
f 5677 5644 5661
f 5678 5666 5658
f 5678 5667 5666
f 5678 5658 5663
f 5679 5664 5647
f 5679 5663 5662
f 5679 5678 5663
f 5679 5662 5664
f 5680 5647 5651
f 5680 5679 5647
f 5680 5668 5667
f 5680 5667 5678
f 5680 5678 5679
f 5681 5651 5649
f 5681 5646 5668
f 5681 5649 5646
f 5681 5680 5651
f 5681 5668 5680
f 5682 5635 5648
f 5682 5653 5636
f 5682 5636 5635
f 5683 5648 5669
f 5683 5669 5650
f 5683 5684 5648
f 5683 5670 5684
f 5683 5650 5670
f 5685 5670 5652
f 5685 5652 5653
f 5685 5684 5670
f 5686 5671 5656
f 5686 5673 5671
f 5686 5674 5673
f 5686 5675 5674
f 5686 5656 5676
f 5686 5676 5675
f 5687 5684 5685
f 5687 5648 5684
f 5687 5682 5648
f 5687 5653 5682
f 5687 5685 5653
f 5688 2554 2541
f 5689 2541 4034
f 5689 5688 2541
f 5690 4033 4032
f 5690 4034 4033
f 5690 5689 4034
f 5691 5688 5692
f 5693 5694 5695
f 5693 5695 5696
f 5697 4032 4031
f 5697 5690 4032
f 5698 2474 5699
f 5698 5694 5693
f 5700 2549 2550
f 5700 2550 2551
f 5700 2551 2552
f 5700 2552 2553
f 5700 2553 2554
f 5700 2554 5688
f 5700 5688 5691
f 5701 5693 5696
f 5701 5696 5691
f 5701 5691 5692
f 5702 5701 5692
f 5702 5689 5703
f 5702 5693 5701
f 5702 5688 5689
f 5702 5692 5688
f 5704 4020 2474
f 5704 2474 5698
f 5705 5690 5706
f 5707 5697 5708
f 5707 5690 5697
f 5707 5706 5690
f 5707 5709 5710
f 5707 5711 5709
f 5707 5708 5711
f 5712 4020 5704
f 5713 2474 2542
f 5713 2542 2543
f 5713 2543 2544
f 5713 2544 2545
f 5713 5699 2474
f 5714 2545 2546
f 5714 2546 2547
f 5714 2547 2548
f 5714 5713 2545
f 5715 2548 2549
f 5715 5700 5691
f 5715 2549 5700
f 5715 5714 2548
f 5716 5698 5699
f 5716 5694 5698
f 5717 5694 5716
f 5717 5715 5691
f 5717 5695 5694
f 5717 5691 5696
f 5717 5696 5695
f 5718 5698 5693
f 5718 5693 5702
f 5718 5704 5698
f 5719 5703 5689
f 5719 5689 5690
f 5720 5704 5721
f 5720 5721 5705
f 5720 5712 5704
f 5720 5710 5712
f 5720 5707 5710
f 5722 5712 5710
f 5723 5722 5710
f 5723 5712 5722
f 5724 5708 5697
f 5724 5723 5710
f 5724 5712 5723
f 5724 5710 5709
f 5724 5709 5711
f 5724 5711 5708
f 5725 4021 4020
f 5725 4022 4021
f 5725 4023 4022
f 5725 4024 4023
f 5725 4020 5712
f 5726 4024 5725
f 5727 4025 4024
f 5727 4024 5726
f 5728 4026 4025
f 5728 4025 5727
f 5729 5699 5713
f 5729 5713 5714
f 5729 5714 5715
f 5729 5716 5699
f 5729 5717 5716
f 5729 5715 5717
f 5730 5718 5702
f 5730 5731 5718
f 5730 5703 5719
f 5730 5719 5731
f 5730 5702 5703
f 5732 5704 5718
f 5732 5718 5731
f 5733 5731 5719
f 5733 5732 5731
f 5734 5719 5690
f 5734 5690 5705
f 5734 5705 5721
f 5734 5733 5719
f 5735 5707 5720
f 5735 5720 5705
f 5735 5705 5706
f 5735 5706 5707
f 5736 5712 5724
f 5736 5725 5712
f 5736 5726 5725
f 5736 5727 5726
f 5736 5728 5727
f 5736 5724 5728
f 5737 5697 4031
f 5737 4027 4026
f 5737 4028 4027
f 5737 4029 4028
f 5737 4030 4029
f 5737 4031 4030
f 5737 5724 5697
f 5737 4026 5728
f 5737 5728 5724
f 5738 5732 5733
f 5738 5733 5734
f 5739 5732 5738
f 5739 5738 5734
f 5739 5734 5721
f 5739 5721 5704
f 5739 5704 5732
f 5740 2598 2599
f 5740 2599 2600
f 5741 2600 2601
f 5741 2601 2602
f 5741 2602 2484
f 5741 5740 2600
f 5742 4326 2598
f 5742 2598 5740
f 5743 2484 4331
f 5743 5742 5740
f 5743 5741 2484
f 5743 5740 5741
f 5744 4327 4326
f 5744 4328 4327
f 5744 4326 5742
f 5745 4329 4328
f 5745 4330 4329
f 5745 4331 4330
f 5745 5742 5743
f 5745 5743 4331
f 5745 5744 5742
f 5745 4328 5744
f 5746 2541 2610
f 5746 2610 2611
f 5746 2611 2612
f 5747 2612 2613
f 5747 2613 2614
f 5747 2614 2609
f 5747 5746 2612
f 5748 4034 2541
f 5748 2541 5746
f 5749 2609 4040
f 5749 5748 5746
f 5749 5746 5747
f 5749 5747 2609
f 5750 4035 4034
f 5750 4036 4035
f 5750 4037 4036
f 5750 4034 5748
f 5751 4038 4037
f 5751 4039 4038
f 5751 4040 4039
f 5751 5750 5748
f 5751 5749 4040
f 5751 4037 5750
f 5751 5748 5749
f 5752 2621 2622
f 5753 2622 2623
f 5753 2623 2598
f 5753 5752 2622
f 5754 4323 2621
f 5754 2621 5752
f 5755 5754 5752
f 5755 5753 2598
f 5755 5752 5753
f 5756 4324 4323
f 5756 4323 5754
f 5757 4325 4324
f 5757 5754 5755
f 5757 4324 5756
f 5757 5756 5754
f 5758 2598 4326
f 5758 4326 4325
f 5758 5755 2598
f 5758 4325 5757
f 5758 5757 5755
f 5759 2609 2632
f 5760 2632 2633
f 5760 2633 2631
f 5760 5759 2632
f 5761 4040 2609
f 5761 2609 5759
f 5762 5761 5759
f 5762 5760 2631
f 5762 5759 5760
f 5763 4041 4040
f 5763 4040 5761
f 5764 4042 4041
f 5764 5761 5762
f 5764 4041 5763
f 5764 5763 5761
f 5765 2631 4043
f 5765 4043 4042
f 5765 5762 2631
f 5765 4042 5764
f 5765 5764 5762
f 5766 2641 2642
f 5766 2642 2643
f 5766 2643 2644
f 5767 2644 2645
f 5767 2645 2646
f 5767 2646 2621
f 5767 5766 2644
f 5768 4317 2641
f 5768 2641 5766
f 5769 2621 4323
f 5769 5768 5766
f 5769 5766 5767
f 5769 5767 2621
f 5770 4318 4317
f 5770 4319 4318
f 5770 4320 4319
f 5770 4317 5768
f 5771 4321 4320
f 5771 4322 4321
f 5771 4323 4322
f 5771 5770 5768
f 5771 5769 4323
f 5771 4320 5770
f 5771 5768 5769
f 5772 2631 2654
f 5772 2654 2655
f 5773 2655 2656
f 5773 2656 2657
f 5773 2657 2653
f 5773 5772 2655
f 5774 4043 2631
f 5774 2631 5772
f 5775 2653 4048
f 5775 5774 5772
f 5775 5773 2653
f 5775 5772 5773
f 5776 4044 4043
f 5776 4045 4044
f 5776 4043 5774
f 5777 4046 4045
f 5777 4047 4046
f 5777 4048 4047
f 5777 5774 5775
f 5777 5775 4048
f 5777 5776 5774
f 5777 4045 5776
f 5778 2677 2641
f 5779 2641 4317
f 5779 5778 2641
f 5780 4316 4315
f 5780 4317 4316
f 5780 5779 4317
f 5781 5782 5783
f 5784 5778 5782
f 5784 5782 5781
f 5785 5786 5787
f 5788 5785 5787
f 5789 4315 4314
f 5789 5780 4315
f 5789 5790 5780
f 5791 2664 2665
f 5791 5783 2664
f 5792 2672 2673
f 5792 2673 2674
f 5792 2674 2675
f 5792 2675 2676
f 5792 2676 2677
f 5792 5778 5784
f 5792 2677 5778
f 5793 5779 5780
f 5793 5794 5779
f 5793 5780 5790
f 5795 5790 5789
f 5795 5793 5790
f 5795 5787 5793
f 5795 5789 5796
f 5795 5788 5787
f 5795 5796 5788
f 5797 5787 5786
f 5798 4303 5797
f 5799 2665 2666
f 5799 2666 2667
f 5799 2667 2668
f 5799 2668 2669
f 5799 2669 2670
f 5799 2670 2671
f 5799 2671 2672
f 5799 5791 2665
f 5800 5799 2672
f 5800 2672 5792
f 5800 5792 5784
f 5801 4303 2664
f 5801 5787 5797
f 5801 2664 5783
f 5801 5793 5787
f 5801 5797 4303
f 5801 5794 5793
f 5802 5797 5786
f 5802 5798 5797
f 5803 5802 5786
f 5804 5803 5786
f 5804 5786 5785
f 5804 5796 5789
f 5804 5785 5788
f 5804 5788 5796
f 5805 4304 4303
f 5805 4305 4304
f 5805 4306 4305
f 5805 4307 4306
f 5805 4303 5798
f 5806 4307 5805
f 5807 4308 4307
f 5807 4307 5806
f 5808 4309 4308
f 5808 4308 5807
f 5809 5783 5791
f 5809 5799 5800
f 5809 5791 5799
f 5809 5800 5784
f 5809 5781 5783
f 5809 5784 5781
f 5810 5801 5783
f 5810 5783 5782
f 5811 5782 5778
f 5811 5810 5782
f 5812 5778 5779
f 5812 5811 5778
f 5812 5779 5794
f 5813 5805 5798
f 5813 5806 5805
f 5813 5807 5806
f 5813 5808 5807
f 5814 4310 4309
f 5814 4311 4310
f 5814 4312 4311
f 5814 4313 4312
f 5814 4309 5808
f 5815 5810 5811
f 5816 5812 5794
f 5816 5815 5811
f 5816 5811 5812
f 5817 4314 4313
f 5817 5804 5789
f 5817 5789 4314
f 5817 4313 5814
f 5817 5808 5813
f 5817 5814 5808
f 5818 5801 5810
f 5818 5810 5815
f 5819 5801 5818
f 5819 5794 5801
f 5819 5815 5816
f 5819 5816 5794
f 5819 5818 5815
f 5820 5813 5798
f 5820 5798 5802
f 5820 5803 5804
f 5820 5802 5803
f 5820 5804 5817
f 5820 5817 5813
f 5821 2653 2727
f 5822 4048 2653
f 5822 2653 5821
f 5823 4049 4048
f 5823 4050 4049
f 5823 4051 4050
f 5823 4048 5822
f 5824 4052 4051
f 5824 5823 5825
f 5824 4051 5823
f 5826 5827 5828
f 5829 5826 5828
f 5830 2737 2726
f 5831 2727 2728
f 5831 2728 2729
f 5831 5821 2727
f 5831 5832 5821
f 5833 5830 2726
f 5834 5821 5832
f 5834 5832 5835
f 5836 5837 5833
f 5836 2726 4060
f 5836 5833 2726
f 5838 5823 5822
f 5838 5822 5839
f 5838 5825 5823
f 5840 5825 5838
f 5840 5838 5828
f 5840 5824 5825
f 5840 5827 5824
f 5840 5828 5827
f 5841 5836 4060
f 5841 5829 5828
f 5842 5841 4060
f 5843 2730 2731
f 5843 2731 2732
f 5843 2732 2733
f 5843 2733 2734
f 5843 5844 2730
f 5845 5843 2734
f 5846 2734 2735
f 5846 2735 2736
f 5846 2736 2737
f 5846 5845 2734
f 5846 2737 5830
f 5847 5848 5849
f 5847 5844 5843
f 5847 5849 5844
f 5847 5850 5848
f 5851 5830 5833
f 5851 5833 5850
f 5851 5850 5847
f 5851 5847 5830
f 5852 2729 2730
f 5852 5831 2729
f 5852 2730 5844
f 5853 5831 5852
f 5854 5832 5831
f 5854 5831 5853
f 5855 5835 5837
f 5855 5834 5835
f 5855 5837 5836
f 5856 5841 5828
f 5856 5828 5838
f 5856 5836 5841
f 5857 5824 5827
f 5857 5827 5826
f 5857 5826 5829
f 5858 5829 5841
f 5858 5842 5857
f 5858 5841 5842
f 5858 5857 5829
f 5859 4053 4052
f 5859 4054 4053
f 5859 4055 4054
f 5859 4056 4055
f 5859 5824 5857
f 5859 4052 5824
f 5860 4056 5859
f 5861 4057 4056
f 5861 4056 5860
f 5862 4058 4057
f 5862 4059 4058
f 5862 4060 4059
f 5862 5842 4060
f 5862 4057 5861
f 5863 5843 5845
f 5863 5845 5846
f 5863 5846 5830
f 5863 5847 5843
f 5863 5830 5847
f 5864 5852 5844
f 5864 5853 5852
f 5864 5844 5849
f 5865 5850 5833
f 5865 5849 5848
f 5865 5864 5849
f 5865 5848 5850
f 5866 5833 5837
f 5866 5865 5833
f 5866 5854 5853
f 5866 5853 5864
f 5866 5864 5865
f 5867 5837 5835
f 5867 5832 5854
f 5867 5835 5832
f 5867 5866 5837
f 5867 5854 5866
f 5868 5821 5834
f 5868 5839 5822
f 5868 5822 5821
f 5869 5834 5855
f 5869 5855 5836
f 5869 5870 5834
f 5869 5856 5870
f 5869 5836 5856
f 5871 5856 5838
f 5871 5838 5839
f 5871 5870 5856
f 5872 5857 5842
f 5872 5859 5857
f 5872 5860 5859
f 5872 5861 5860
f 5872 5842 5862
f 5872 5862 5861
f 5873 5870 5871
f 5873 5834 5870
f 5873 5868 5834
f 5873 5839 5868
f 5873 5871 5839
f 5874 2782 2783
f 5875 2783 2784
f 5875 2784 2664
f 5875 5874 2783
f 5876 4302 2782
f 5876 2782 5874
f 5877 5876 5874
f 5877 5875 2664
f 5877 5874 5875
f 5878 4302 5876
f 5879 4303 4302
f 5879 5876 5877
f 5879 4302 5878
f 5879 5878 5876
f 5880 2664 4303
f 5880 5877 2664
f 5880 4303 5879
f 5880 5879 5877
f 5881 2726 2793
f 5882 2793 2794
f 5882 2794 2792
f 5882 5881 2793
f 5883 4060 2726
f 5883 2726 5881
f 5884 5883 5881
f 5884 5882 2792
f 5884 5881 5882
f 5885 4060 5883
f 5886 4061 4060
f 5886 5883 5884
f 5886 4060 5885
f 5886 5885 5883
f 5887 2792 4061
f 5887 5884 2792
f 5887 4061 5886
f 5887 5886 5884
f 5888 2802 2803
f 5888 2803 2804
f 5888 2804 2805
f 5889 4290 2802
f 5889 2802 5888
f 5890 4291 4290
f 5890 4292 4291
f 5890 4293 4292
f 5890 4290 5889
f 5891 5892 5888
f 5891 5888 2805
f 5893 5894 5895
f 5893 5895 5896
f 5897 4294 4293
f 5897 5890 5898
f 5897 4293 5890
f 5899 5900 5901
f 5902 5899 5901
f 5903 2813 2782
f 5904 5903 2782
f 5904 5893 5896
f 5905 5894 5893
f 5905 5891 5894
f 5905 5892 5891
f 5906 5892 5905
f 5906 5905 5893
f 5906 5907 5889
f 5906 5888 5892
f 5906 5889 5888
f 5908 5890 5889
f 5908 5889 5907
f 5908 5898 5890
f 5908 5906 5893
f 5908 5907 5906
f 5908 5893 5901
f 5909 5908 5901
f 5909 5898 5908
f 5909 5897 5898
f 5909 5900 5897
f 5909 5901 5900
f 5910 5893 5904
f 5910 2782 4302
f 5910 5901 5893
f 5910 5902 5901
f 5910 5904 2782
f 5911 5910 4302
f 5912 2810 2811
f 5912 2811 2812
f 5912 2812 2813
f 5912 2813 5903
f 5913 5895 5894
f 5913 5894 5891
f 5913 5896 5895
f 5914 5904 5896
f 5914 5903 5904
f 5914 5913 5903
f 5914 5896 5913
f 5915 5897 5900
f 5915 5900 5899
f 5915 5899 5902
f 5916 5902 5910
f 5916 5915 5902
f 5916 5911 5915
f 5916 5910 5911
f 5917 4295 4294
f 5917 4296 4295
f 5917 4297 4296
f 5917 4298 4297
f 5917 4294 5897
f 5917 5897 5915
f 5918 4298 5917
f 5919 4299 4298
f 5919 4298 5918
f 5920 4300 4299
f 5920 4301 4300
f 5920 4302 4301
f 5920 4299 5919
f 5920 5911 4302
f 5921 2806 2807
f 5921 2807 2808
f 5922 2808 2809
f 5922 2809 2810
f 5922 2810 5912
f 5922 5921 2808
f 5923 2805 2806
f 5923 5913 5891
f 5923 2806 5921
f 5923 5891 2805
f 5923 5922 5912
f 5923 5921 5922
f 5924 5915 5911
f 5924 5917 5915
f 5924 5918 5917
f 5924 5919 5918
f 5924 5920 5919
f 5924 5911 5920
f 5925 5912 5903
f 5925 5913 5923
f 5925 5923 5912
f 5925 5903 5913
f 5926 2879 2866
f 5927 2866 4075
f 5927 5926 2866
f 5928 4074 4073
f 5928 4075 4074
f 5928 5927 4075
f 5929 5926 5930
f 5929 5930 5931
f 5932 5933 5934
f 5935 5932 5934
f 5936 4073 4072
f 5936 5928 4073
f 5936 5937 5928
f 5938 2876 2877
f 5938 2877 2878
f 5938 2878 2879
f 5938 2879 5926
f 5939 5927 5928
f 5939 5940 5927
f 5939 5928 5937
f 5941 5939 5937
f 5941 5936 5942
f 5941 5935 5934
f 5941 5934 5939
f 5941 5942 5935
f 5941 5937 5936
f 5943 5934 5933
f 5944 4061 5943
f 5945 2873 2874
f 5945 2874 2875
f 5945 2875 2876
f 5945 2876 5938
f 5946 5938 5926
f 5946 5945 5938
f 5946 5929 5931
f 5946 5926 5929
f 5947 4061 2792
f 5947 5934 5943
f 5947 2792 5931
f 5947 5943 4061
f 5947 5939 5934
f 5948 5943 5933
f 5948 5944 5943
f 5949 5948 5933
f 5950 5949 5933
f 5950 5933 5932
f 5950 5932 5935
f 5950 5942 5936
f 5950 5935 5942
f 5951 4062 4061
f 5951 4063 4062
f 5951 4064 4063
f 5951 4065 4064
f 5951 4061 5944
f 5952 4065 5951
f 5953 4066 4065
f 5953 4065 5952
f 5954 4067 4066
f 5954 4066 5953
f 5955 2869 2870
f 5956 2870 2871
f 5956 5955 2870
f 5957 2871 2872
f 5957 2872 2873
f 5957 5956 2871
f 5957 2873 5945
f 5958 5945 5946
f 5958 5946 5931
f 5958 5955 5956
f 5958 5956 5957
f 5958 5957 5945
f 5959 5947 5931
f 5959 5931 5930
f 5960 5930 5926
f 5960 5959 5930
f 5961 5940 5939
f 5961 5939 5947
f 5962 5926 5927
f 5962 5960 5926
f 5962 5940 5961
f 5962 5927 5940
f 5963 5952 5951
f 5963 5953 5952
f 5963 5954 5953
f 5963 5951 5944
f 5964 4068 4067
f 5964 4069 4068
f 5964 4070 4069
f 5964 4071 4070
f 5964 4067 5954
f 5965 2792 2867
f 5965 2867 2868
f 5965 5931 2792
f 5965 5958 5931
f 5966 5965 2868
f 5966 2868 2869
f 5966 5955 5958
f 5966 2869 5955
f 5966 5958 5965
f 5967 5959 5960
f 5968 5960 5962
f 5968 5962 5961
f 5968 5967 5960
f 5969 4072 4071
f 5969 5950 5936
f 5969 4071 5964
f 5969 5954 5963
f 5969 5964 5954
f 5969 5936 4072
f 5970 5959 5967
f 5970 5947 5959
f 5971 5961 5947
f 5971 5968 5961
f 5971 5967 5968
f 5971 5970 5967
f 5971 5947 5970
f 5972 5948 5949
f 5972 5963 5944
f 5972 5949 5950
f 5972 5950 5969
f 5972 5969 5963
f 5972 5944 5948
f 5973 2931 2932
f 5973 2932 2933
f 5974 2933 2934
f 5974 2934 2935
f 5974 2935 2802
f 5974 5973 2933
f 5975 4285 2931
f 5975 2931 5973
f 5976 2802 4290
f 5976 5975 5973
f 5976 5974 2802
f 5976 5973 5974
f 5977 4286 4285
f 5977 4287 4286
f 5977 4285 5975
f 5978 4288 4287
f 5978 4289 4288
f 5978 4290 4289
f 5978 5975 5976
f 5978 5976 4290
f 5978 5977 5975
f 5978 4287 5977
f 5979 2866 2943
f 5979 2943 2944
f 5979 2944 2945
f 5980 2945 2946
f 5980 2946 2947
f 5980 2947 2942
f 5980 5979 2945
f 5981 4075 2866
f 5981 2866 5979
f 5982 2942 4081
f 5982 5981 5979
f 5982 5979 5980
f 5982 5980 2942
f 5983 4076 4075
f 5983 4077 4076
f 5983 4078 4077
f 5983 4075 5981
f 5984 4079 4078
f 5984 4080 4079
f 5984 4081 4080
f 5984 5983 5981
f 5984 5982 4081
f 5984 4078 5983
f 5984 5981 5982
f 5985 2954 2955
f 5986 2955 2956
f 5986 2956 2931
f 5986 5985 2955
f 5987 4282 2954
f 5987 2954 5985
f 5988 5987 5985
f 5988 5986 2931
f 5988 5985 5986
f 5989 4283 4282
f 5989 4282 5987
f 5990 4284 4283
f 5990 5987 5988
f 5990 4283 5989
f 5990 5989 5987
f 5991 2931 4285
f 5991 4285 4284
f 5991 5988 2931
f 5991 4284 5990
f 5991 5990 5988
f 5992 2942 2965
f 5993 2965 2966
f 5993 2966 2964
f 5993 5992 2965
f 5994 4081 2942
f 5994 2942 5992
f 5995 5994 5992
f 5995 5993 2964
f 5995 5992 5993
f 5996 4081 5994
f 5997 4082 4081
f 5997 5994 5995
f 5997 4081 5996
f 5997 5996 5994
f 5998 2964 4082
f 5998 5995 2964
f 5998 4082 5997
f 5998 5997 5995
f 5999 2974 2975
f 5999 2975 2976
f 5999 2976 2977
f 6000 2977 2978
f 6000 2978 2979
f 6000 2979 2954
f 6000 5999 2977
f 6001 4276 2974
f 6001 2974 5999
f 6002 2954 4282
f 6002 6001 5999
f 6002 5999 6000
f 6002 6000 2954
f 6003 4277 4276
f 6003 4278 4277
f 6003 4279 4278
f 6003 4276 6001
f 6004 4280 4279
f 6004 4281 4280
f 6004 4282 4281
f 6004 6003 6001
f 6004 6002 4282
f 6004 4279 6003
f 6004 6001 6002
f 6005 2964 2987
f 6005 2987 2988
f 6006 2988 2989
f 6006 2989 2990
f 6006 2990 2986
f 6006 6005 2988
f 6007 4082 2964
f 6007 2964 6005
f 6008 2986 4087
f 6008 6007 6005
f 6008 6006 2986
f 6008 6005 6006
f 6009 4083 4082
f 6009 4084 4083
f 6009 4082 6007
f 6010 4085 4084
f 6010 4086 4085
f 6010 4087 4086
f 6010 6007 6008
f 6010 6008 4087
f 6010 6009 6007
f 6010 4084 6009
f 6011 3010 2974
f 6012 2974 4276
f 6012 6011 2974
f 6013 4275 4274
f 6013 4276 4275
f 6013 6012 4276
f 6014 6011 6015
f 6016 6017 6018
f 6016 6018 6019
f 6020 6021 6022
f 6023 6020 6022
f 6024 4274 4273
f 6024 6013 4274
f 6024 6025 6013
f 6026 2997 6027
f 6026 6017 6016
f 6028 3005 3006
f 6028 3006 3007
f 6028 3007 3008
f 6028 3008 3009
f 6028 3009 3010
f 6028 3010 6011
f 6028 6011 6014
f 6029 6019 6014
f 6029 6016 6019
f 6029 6014 6015
f 6030 6016 6029
f 6030 6029 6015
f 6030 6011 6012
f 6030 6015 6011
f 6030 6012 6031
f 6032 6016 6030
f 6032 6030 6031
f 6032 6012 6013
f 6032 6031 6012
f 6032 6013 6025
f 6032 6022 6016
f 6033 6023 6022
f 6033 6025 6024
f 6033 6024 6034
f 6033 6032 6025
f 6033 6022 6032
f 6033 6034 6023
f 6035 4262 2997
f 6035 6026 6016
f 6035 2997 6026
f 6035 6016 6022
f 6035 6022 6021
f 6036 4262 6035
f 6037 2997 2998
f 6037 2998 2999
f 6037 2999 3000
f 6037 3000 3001
f 6037 6027 2997
f 6038 3001 3002
f 6038 3002 3003
f 6038 3003 3004
f 6038 6037 3001
f 6039 3004 3005
f 6039 6028 6014
f 6039 3005 6028
f 6039 6038 3004
f 6040 6017 6026
f 6040 6026 6027
f 6041 6039 6014
f 6041 6017 6040
f 6041 6014 6019
f 6041 6018 6017
f 6041 6019 6018
f 6042 6035 6021
f 6042 6036 6035
f 6043 6042 6021
f 6044 6020 6023
f 6044 6034 6024
f 6044 6043 6021
f 6044 6023 6034
f 6044 6021 6020
f 6045 4263 4262
f 6045 4264 4263
f 6045 4265 4264
f 6045 4266 4265
f 6045 4262 6036
f 6046 4266 6045
f 6047 4267 4266
f 6047 4266 6046
f 6048 4267 6047
f 6048 4268 4267
f 6049 6027 6037
f 6049 6037 6038
f 6049 6038 6039
f 6049 6039 6041
f 6049 6040 6027
f 6049 6041 6040
f 6050 6048 6047
f 6050 6045 6036
f 6050 6046 6045
f 6050 6047 6046
f 6051 4269 4268
f 6051 4270 4269
f 6051 4271 4270
f 6051 4272 4271
f 6051 4268 6048
f 6052 4273 4272
f 6052 6044 6024
f 6052 6048 6050
f 6052 6051 6048
f 6052 6024 4273
f 6052 4272 6051
f 6053 6036 6042
f 6053 6044 6052
f 6053 6042 6043
f 6053 6043 6044
f 6053 6050 6036
f 6053 6052 6050
f 6054 2986 3063
f 6055 4087 2986
f 6055 2986 6054
f 6056 4088 4087
f 6056 4089 4088
f 6056 4090 4089
f 6056 4087 6055
f 6057 4091 4090
f 6057 6056 6058
f 6057 4090 6056
f 6059 6060 6061
f 6062 6059 6061
f 6063 3073 3062
f 6064 3063 3064
f 6064 3064 3065
f 6064 6054 3063
f 6064 6065 6054
f 6066 6063 3062
f 6067 6054 6065
f 6067 6065 6068
f 6069 6070 6066
f 6069 3062 4099
f 6069 6066 3062
f 6071 6056 6055
f 6071 6055 6072
f 6071 6058 6056
f 6073 6058 6071
f 6073 6071 6061
f 6073 6057 6058
f 6073 6060 6057
f 6073 6061 6060
f 6074 6069 4099
f 6074 6062 6061
f 6075 6074 4099
f 6076 3066 3067
f 6076 3067 3068
f 6076 3068 3069
f 6076 3069 3070
f 6076 6077 3066
f 6078 6076 3070
f 6079 3070 3071
f 6079 3071 3072
f 6079 3072 3073
f 6079 6078 3070
f 6079 3073 6063
f 6080 6081 6082
f 6080 6077 6076
f 6080 6082 6077
f 6080 6083 6081
f 6084 6063 6066
f 6084 6066 6083
f 6084 6083 6080
f 6084 6080 6063
f 6085 3065 3066
f 6085 6064 3065
f 6085 3066 6077
f 6086 6064 6085
f 6087 6065 6064
f 6087 6064 6086
f 6088 6068 6070
f 6088 6067 6068
f 6088 6070 6069
f 6089 6074 6061
f 6089 6061 6071
f 6089 6069 6074
f 6090 6057 6060
f 6090 6060 6059
f 6090 6059 6062
f 6091 6062 6074
f 6091 6075 6090
f 6091 6074 6075
f 6091 6090 6062
f 6092 4092 4091
f 6092 4093 4092
f 6092 4094 4093
f 6092 4095 4094
f 6092 6057 6090
f 6092 4091 6057
f 6093 4095 6092
f 6094 4096 4095
f 6094 4095 6093
f 6095 4097 4096
f 6095 4098 4097
f 6095 4099 4098
f 6095 6075 4099
f 6095 4096 6094
f 6096 6076 6078
f 6096 6078 6079
f 6096 6079 6063
f 6096 6080 6076
f 6096 6063 6080
f 6097 6085 6077
f 6097 6086 6085
f 6097 6077 6082
f 6098 6083 6066
f 6098 6082 6081
f 6098 6097 6082
f 6098 6081 6083
f 6099 6066 6070
f 6099 6098 6066
f 6099 6087 6086
f 6099 6086 6097
f 6099 6097 6098
f 6100 6070 6068
f 6100 6065 6087
f 6100 6068 6065
f 6100 6099 6070
f 6100 6087 6099
f 6101 6054 6067
f 6101 6072 6055
f 6101 6055 6054
f 6102 6067 6088
f 6102 6088 6069
f 6102 6103 6067
f 6102 6089 6103
f 6102 6069 6089
f 6104 6089 6071
f 6104 6071 6072
f 6104 6103 6089
f 6105 6090 6075
f 6105 6092 6090
f 6105 6093 6092
f 6105 6094 6093
f 6105 6075 6095
f 6105 6095 6094
f 6106 6103 6104
f 6106 6067 6103
f 6106 6101 6067
f 6106 6072 6101
f 6106 6104 6072
f 6107 3126 3127
f 6108 3127 3128
f 6108 3128 2997
f 6108 6107 3127
f 6109 4261 3126
f 6109 3126 6107
f 6110 6109 6107
f 6110 6108 2997
f 6110 6107 6108
f 6111 4261 6109
f 6112 4262 4261
f 6112 6109 6110
f 6112 4261 6111
f 6112 6111 6109
f 6113 2997 4262
f 6113 6110 2997
f 6113 4262 6112
f 6113 6112 6110
f 6114 3062 3137
f 6115 3137 3138
f 6115 3138 3136
f 6115 6114 3137
f 6116 4099 3062
f 6116 3062 6114
f 6117 6116 6114
f 6117 6115 3136
f 6117 6114 6115
f 6118 4100 4099
f 6118 4099 6116
f 6119 4101 4100
f 6119 6116 6117
f 6119 4100 6118
f 6119 6118 6116
f 6120 3136 4102
f 6120 4102 4101
f 6120 6117 3136
f 6120 4101 6119
f 6120 6119 6117
f 6121 3146 3147
f 6122 4249 3146
f 6122 3146 6121
f 6123 4250 4249
f 6123 4251 4250
f 6123 4252 4251
f 6123 4249 6122
f 6124 4253 4252
f 6124 6123 6125
f 6124 4252 6123
f 6126 6127 6128
f 6129 6126 6128
f 6130 3157 3126
f 6131 3147 3148
f 6131 3148 3149
f 6131 6121 3147
f 6131 6132 6121
f 6133 6130 3126
f 6134 6121 6132
f 6134 6132 6135
f 6136 6137 6133
f 6136 3126 4261
f 6136 6133 3126
f 6138 6123 6122
f 6138 6122 6139
f 6138 6125 6123
f 6140 6125 6138
f 6140 6138 6128
f 6140 6124 6125
f 6140 6127 6124
f 6140 6128 6127
f 6141 6136 4261
f 6141 6129 6128
f 6142 6141 4261
f 6143 3150 3151
f 6143 3151 3152
f 6143 3152 3153
f 6143 3153 3154
f 6143 6144 3150
f 6145 6143 3154
f 6146 3154 3155
f 6146 3155 3156
f 6146 3156 3157
f 6146 6145 3154
f 6146 3157 6130
f 6147 6148 6149
f 6147 6144 6143
f 6147 6149 6144
f 6147 6150 6148
f 6151 6133 6150
f 6151 6130 6133
f 6151 6147 6130
f 6151 6150 6147
f 6152 3149 3150
f 6152 6131 3149
f 6152 3150 6144
f 6153 6131 6152
f 6154 6132 6131
f 6154 6131 6153
f 6155 6137 6136
f 6155 6135 6137
f 6155 6134 6135
f 6156 6128 6138
f 6156 6141 6128
f 6156 6136 6141
f 6157 6124 6127
f 6157 6127 6126
f 6157 6126 6129
f 6158 6129 6141
f 6158 6141 6142
f 6158 6142 6157
f 6158 6157 6129
f 6159 4254 4253
f 6159 4255 4254
f 6159 4256 4255
f 6159 4257 4256
f 6159 6124 6157
f 6159 4253 6124
f 6160 4257 6159
f 6161 4258 4257
f 6161 4257 6160
f 6162 4259 4258
f 6162 4260 4259
f 6162 4261 4260
f 6162 6142 4261
f 6162 4258 6161
f 6163 6143 6145
f 6163 6145 6146
f 6163 6146 6130
f 6163 6147 6143
f 6163 6130 6147
f 6164 6152 6144
f 6164 6153 6152
f 6164 6144 6149
f 6165 6150 6133
f 6165 6149 6148
f 6165 6164 6149
f 6165 6148 6150
f 6166 6133 6137
f 6166 6165 6133
f 6166 6154 6153
f 6166 6153 6164
f 6166 6164 6165
f 6167 6137 6135
f 6167 6132 6154
f 6167 6135 6132
f 6167 6166 6137
f 6167 6154 6166
f 6168 6121 6134
f 6168 6139 6122
f 6168 6122 6121
f 6169 6134 6155
f 6169 6170 6134
f 6169 6156 6170
f 6169 6136 6156
f 6169 6155 6136
f 6171 6156 6138
f 6171 6170 6156
f 6171 6138 6139
f 6172 6157 6142
f 6172 6159 6157
f 6172 6160 6159
f 6172 6161 6160
f 6172 6142 6162
f 6172 6162 6161
f 6173 6170 6171
f 6173 6134 6170
f 6173 6168 6134
f 6173 6139 6168
f 6173 6171 6139
f 6174 3222 3209
f 6175 3209 4116
f 6175 6174 3209
f 6176 4115 4114
f 6176 4116 4115
f 6176 6175 4116
f 6177 6174 6178
f 6179 6180 6181
f 6179 6181 6182
f 6183 6184 6185
f 6186 6183 6185
f 6187 4114 4113
f 6187 6176 4114
f 6187 6188 6176
f 6189 3136 3210
f 6190 4102 3136
f 6190 3136 6189
f 6190 6180 6179
f 6191 3217 3218
f 6191 3218 3219
f 6191 3219 3220
f 6191 3220 3221
f 6191 3221 3222
f 6191 3222 6174
f 6191 6174 6177
f 6192 6177 6178
f 6192 6179 6182
f 6192 6182 6177
f 6193 6179 6192
f 6193 6174 6175
f 6193 6178 6174
f 6193 6192 6178
f 6193 6175 6194
f 6195 6179 6193
f 6195 6193 6194
f 6195 6175 6176
f 6195 6194 6175
f 6195 6176 6188
f 6195 6185 6179
f 6196 6186 6185
f 6196 6188 6187
f 6196 6187 6197
f 6196 6195 6188
f 6196 6185 6195
f 6196 6197 6186
f 6198 4102 6190
f 6198 6190 6179
f 6198 6179 6185
f 6198 6185 6184
f 6199 4102 6198
f 6200 3210 3211
f 6200 3211 3212
f 6200 3212 3213
f 6200 3213 3214
f 6200 3214 3215
f 6200 3215 3216
f 6200 6189 3210
f 6201 3216 3217
f 6201 6191 6177
f 6201 3217 6191
f 6201 6200 3216
f 6202 6180 6190
f 6202 6190 6189
f 6203 6201 6177
f 6203 6180 6202
f 6203 6181 6180
f 6203 6182 6181
f 6203 6177 6182
f 6204 6198 6184
f 6204 6199 6198
f 6205 6204 6184
f 6206 6183 6186
f 6206 6197 6187
f 6206 6205 6184
f 6206 6186 6197
f 6206 6184 6183
f 6207 4103 4102
f 6207 4104 4103
f 6207 4105 4104
f 6207 4106 4105
f 6207 4102 6199
f 6208 4106 6207
f 6209 4107 4106
f 6209 4106 6208
f 6210 4107 6209
f 6210 4108 4107
f 6211 6200 6201
f 6211 6189 6200
f 6211 6202 6189
f 6211 6203 6202
f 6211 6201 6203
f 6212 6210 6209
f 6212 6207 6199
f 6212 6208 6207
f 6212 6209 6208
f 6213 4109 4108
f 6213 4110 4109
f 6213 4111 4110
f 6213 4112 4111
f 6213 4108 6210
f 6214 4113 4112
f 6214 6206 6187
f 6214 6210 6212
f 6214 6213 6210
f 6214 6187 4113
f 6214 4112 6213
f 6215 6199 6204
f 6215 6204 6205
f 6215 6206 6214
f 6215 6205 6206
f 6215 6212 6199
f 6215 6214 6212
f 6216 3259 3260
f 6216 3260 3261
f 6217 3261 3262
f 6217 3262 3263
f 6217 3263 3146
f 6217 6216 3261
f 6218 4244 3259
f 6218 3259 6216
f 6219 3146 4249
f 6219 6218 6216
f 6219 6217 3146
f 6219 6216 6217
f 6220 4245 4244
f 6220 4246 4245
f 6220 4244 6218
f 6221 4247 4246
f 6221 4248 4247
f 6221 4249 4248
f 6221 6218 6219
f 6221 6219 4249
f 6221 6220 6218
f 6221 4246 6220
f 6222 3209 3271
f 6222 3271 3272
f 6222 3272 3273
f 6223 3273 3274
f 6223 3274 3275
f 6223 3275 3270
f 6223 6222 3273
f 6224 4116 3209
f 6224 3209 6222
f 6225 3270 4122
f 6225 6224 6222
f 6225 6222 6223
f 6225 6223 3270
f 6226 4117 4116
f 6226 4118 4117
f 6226 4119 4118
f 6226 4116 6224
f 6227 4120 4119
f 6227 4121 4120
f 6227 4122 4121
f 6227 6226 6224
f 6227 6225 4122
f 6227 4119 6226
f 6227 6224 6225
f 6228 3282 3259
f 6228 6229 3282
f 6230 4243 3282
f 6230 3282 6229
f 6231 6230 6229
f 6231 6228 3259
f 6231 6229 6228
f 6232 4243 6230
f 6233 4244 4243
f 6233 6230 6231
f 6233 4243 6232
f 6233 6232 6230
f 6234 3259 4244
f 6234 6231 3259
f 6234 4244 6233
f 6234 6233 6231
f 6235 3270 3291
f 6236 3291 3292
f 6236 3292 3290
f 6236 6235 3291
f 6237 4122 3270
f 6237 3270 6235
f 6238 6237 6235
f 6238 6236 3290
f 6238 6235 6236
f 6239 4123 4122
f 6239 4122 6237
f 6240 4124 4123
f 6240 6237 6238
f 6240 4123 6239
f 6240 6239 6237
f 6241 3290 4125
f 6241 4125 4124
f 6241 6238 3290
f 6241 4124 6240
f 6241 6240 6238
f 6242 3300 3301
f 6242 3301 3302
f 6242 3302 3303
f 6243 3303 3304
f 6243 3304 3305
f 6243 3305 3282
f 6243 6242 3303
f 6244 4237 3300
f 6244 3300 6242
f 6245 3282 4243
f 6245 6244 6242
f 6245 6242 6243
f 6245 6243 3282
f 6246 4238 4237
f 6246 4239 4238
f 6246 4240 4239
f 6246 4237 6244
f 6247 4241 4240
f 6247 4242 4241
f 6247 4243 4242
f 6247 6246 6244
f 6247 6245 4243
f 6247 4240 6246
f 6247 6244 6245
f 6248 3290 3313
f 6248 3313 3314
f 6249 3314 3315
f 6249 3315 3316
f 6249 3316 3312
f 6249 6248 3314
f 6250 4125 3290
f 6250 3290 6248
f 6251 3312 4130
f 6251 6250 6248
f 6251 6249 3312
f 6251 6248 6249
f 6252 4126 4125
f 6252 4127 4126
f 6252 4125 6250
f 6253 4128 4127
f 6253 4129 4128
f 6253 4130 4129
f 6253 6250 6251
f 6253 6251 4130
f 6253 6252 6250
f 6253 4127 6252
f 6254 3336 3300
f 6255 3300 4237
f 6255 6254 3300
f 6256 4236 4235
f 6256 4237 4236
f 6256 6255 4237
f 6257 6254 6258
f 6259 6260 6261
f 6259 6261 6262
f 6263 6264 6265
f 6266 6263 6265
f 6267 4235 4234
f 6267 6256 4235
f 6267 6268 6256
f 6269 3323 6270
f 6269 6260 6259
f 6271 3331 3332
f 6271 3332 3333
f 6271 3333 3334
f 6271 3334 3335
f 6271 3335 3336
f 6271 3336 6254
f 6271 6254 6257
f 6272 6257 6258
f 6272 6259 6262
f 6272 6262 6257
f 6273 6259 6272
f 6273 6254 6255
f 6273 6258 6254
f 6273 6272 6258
f 6273 6255 6274
f 6275 6259 6273
f 6275 6273 6274
f 6275 6255 6256
f 6275 6274 6255
f 6275 6256 6268
f 6275 6265 6259
f 6276 6266 6265
f 6276 6268 6267
f 6276 6267 6277
f 6276 6275 6268
f 6276 6265 6275
f 6276 6277 6266
f 6278 4223 3323
f 6278 6269 6259
f 6278 3323 6269
f 6278 6259 6265
f 6278 6265 6264
f 6279 4223 6278
f 6280 3323 3324
f 6280 3324 3325
f 6280 3325 3326
f 6280 3326 3327
f 6280 6270 3323
f 6281 3327 3328
f 6281 3328 3329
f 6281 3329 3330
f 6281 6280 3327
f 6282 3330 3331
f 6282 6271 6257
f 6282 3331 6271
f 6282 6281 3330
f 6283 6260 6269
f 6283 6269 6270
f 6284 6282 6257
f 6284 6260 6283
f 6284 6261 6260
f 6284 6262 6261
f 6284 6257 6262
f 6285 6278 6264
f 6285 6279 6278
f 6286 6263 6266
f 6286 6277 6267
f 6286 6285 6264
f 6286 6266 6277
f 6286 6264 6263
f 6287 4225 4224
f 6287 4226 4225
f 6287 4227 4226
f 6288 4228 4227
f 6288 4227 6287
f 6289 4229 4228
f 6289 4228 6288
f 6290 6281 6282
f 6290 6270 6280
f 6290 6280 6281
f 6290 6283 6270
f 6290 6284 6283
f 6290 6282 6284
f 6291 4224 4223
f 6291 6288 6287
f 6291 6289 6288
f 6291 6287 4224
f 6291 4223 6279
f 6292 4230 4229
f 6292 4231 4230
f 6292 4232 4231
f 6292 4233 4232
f 6292 4229 6289
f 6293 4233 6292
f 6293 4234 4233
f 6293 6286 6267
f 6293 6292 6289
f 6293 6267 4234
f 6293 6289 6291
f 6294 6286 6293
f 6294 6279 6285
f 6294 6285 6286
f 6294 6291 6279
f 6294 6293 6291
f 6295 3312 3380
f 6296 4130 3312
f 6296 3312 6295
f 6297 4131 4130
f 6297 4132 4131
f 6297 4133 4132
f 6297 4130 6296
f 6298 4134 4133
f 6298 6297 6299
f 6298 4133 6297
f 6300 6301 6302
f 6303 6300 6302
f 6304 3390 3379
f 6305 3380 3381
f 6305 3381 3382
f 6305 6295 3380
f 6305 6306 6295
f 6307 6304 3379
f 6308 6295 6306
f 6308 6306 6309
f 6310 6311 6307
f 6310 3379 4142
f 6310 6307 3379
f 6312 6297 6296
f 6312 6296 6313
f 6312 6299 6297
f 6314 6299 6312
f 6314 6312 6302
f 6314 6298 6299
f 6314 6301 6298
f 6314 6302 6301
f 6315 6310 4142
f 6315 6303 6302
f 6316 6315 4142
f 6317 3383 3384
f 6317 3384 3385
f 6317 3385 3386
f 6317 3386 3387
f 6317 6318 3383
f 6319 6317 3387
f 6320 3387 3388
f 6320 3388 3389
f 6320 3389 3390
f 6320 6319 3387
f 6320 3390 6304
f 6321 6322 6323
f 6321 6318 6317
f 6321 6323 6318
f 6321 6324 6322
f 6325 6307 6324
f 6325 6304 6307
f 6325 6321 6304
f 6325 6324 6321
f 6326 3382 3383
f 6326 6305 3382
f 6326 3383 6318
f 6327 6305 6326
f 6328 6306 6305
f 6328 6305 6327
f 6329 6311 6310
f 6329 6309 6311
f 6329 6308 6309
f 6330 6302 6312
f 6330 6315 6302
f 6330 6310 6315
f 6331 6298 6301
f 6331 6301 6300
f 6331 6300 6303
f 6332 6303 6315
f 6332 6316 6331
f 6332 6315 6316
f 6332 6331 6303
f 6333 4135 4134
f 6333 4136 4135
f 6333 4137 4136
f 6333 4138 4137
f 6333 6298 6331
f 6333 4134 6298
f 6334 4138 6333
f 6335 4139 4138
f 6335 4138 6334
f 6336 4140 4139
f 6336 4141 4140
f 6336 4142 4141
f 6336 6316 4142
f 6336 4139 6335
f 6337 6317 6319
f 6337 6319 6320
f 6337 6320 6304
f 6337 6321 6317
f 6337 6304 6321
f 6338 6326 6318
f 6338 6327 6326
f 6338 6318 6323
f 6339 6324 6307
f 6339 6323 6322
f 6339 6338 6323
f 6339 6322 6324
f 6340 6307 6311
f 6340 6339 6307
f 6340 6328 6327
f 6340 6327 6338
f 6340 6338 6339
f 6341 6311 6309
f 6341 6306 6328
f 6341 6309 6306
f 6341 6340 6311
f 6341 6328 6340
f 6342 6295 6308
f 6342 6313 6296
f 6342 6296 6295
f 6343 6308 6329
f 6343 6344 6308
f 6343 6330 6344
f 6343 6310 6330
f 6343 6329 6310
f 6345 6330 6312
f 6345 6344 6330
f 6345 6312 6313
f 6346 6331 6316
f 6346 6333 6331
f 6346 6334 6333
f 6346 6335 6334
f 6346 6316 6336
f 6346 6336 6335
f 6347 6345 6313
f 6347 6308 6344
f 6347 6342 6308
f 6347 6313 6342
f 6347 6344 6345
f 6348 3427 3323
f 6348 6349 3427
f 6350 4222 3427
f 6350 3427 6349
f 6351 6350 6349
f 6351 6348 3323
f 6351 6349 6348
f 6352 4222 6350
f 6353 4223 4222
f 6353 6350 6351
f 6353 4222 6352
f 6353 6352 6350
f 6354 3323 4223
f 6354 6351 3323
f 6354 4223 6353
f 6354 6353 6351
f 6355 3379 3435
f 6355 6356 3379
f 6357 4142 3379
f 6357 3379 6356
f 6358 6357 6356
f 6358 6355 3435
f 6358 6356 6355
f 6359 4143 4142
f 6359 4142 6357
f 6360 4144 4143
f 6360 6357 6358
f 6360 4143 6359
f 6360 6359 6357
f 6361 3435 4145
f 6361 4145 4144
f 6361 6358 3435
f 6361 4144 6360
f 6361 6360 6358
f 6362 3443 3444
f 6363 4210 3443
f 6363 3443 6362
f 6364 4211 4210
f 6364 4212 4211
f 6364 4213 4212
f 6364 4210 6363
f 6365 4214 4213
f 6365 6364 6366
f 6365 4213 6364
f 6367 6368 6369
f 6370 6367 6369
f 6371 3454 3427
f 6372 3444 3445
f 6372 3445 3446
f 6372 6362 3444
f 6372 6373 6362
f 6374 6371 3427
f 6375 6362 6373
f 6375 6373 6376
f 6377 6378 6374
f 6377 3427 4222
f 6377 6374 3427
f 6379 6364 6363
f 6379 6363 6380
f 6379 6366 6364
f 6381 6366 6379
f 6381 6379 6369
f 6381 6365 6366
f 6381 6368 6365
f 6381 6369 6368
f 6382 6377 4222
f 6382 6370 6369
f 6383 6382 4222
f 6384 3447 3448
f 6384 3448 3449
f 6384 3449 3450
f 6384 3450 3451
f 6384 6385 3447
f 6386 6384 3451
f 6387 3451 3452
f 6387 3452 3453
f 6387 3453 3454
f 6387 6386 3451
f 6387 3454 6371
f 6388 6389 6390
f 6388 6385 6384
f 6388 6390 6385
f 6388 6391 6389
f 6392 6371 6374
f 6392 6374 6391
f 6392 6391 6388
f 6392 6388 6371
f 6393 3446 3447
f 6393 6372 3446
f 6393 3447 6385
f 6394 6372 6393
f 6395 6373 6372
f 6395 6372 6394
f 6396 6376 6378
f 6396 6378 6377
f 6396 6375 6376
f 6397 6377 6382
f 6397 6369 6379
f 6397 6382 6369
f 6398 6365 6368
f 6398 6368 6367
f 6398 6367 6370
f 6399 6370 6382
f 6399 6382 6383
f 6399 6398 6370
f 6399 6383 6398
f 6400 4215 4214
f 6400 4216 4215
f 6400 4217 4216
f 6400 4218 4217
f 6400 6365 6398
f 6400 4214 6365
f 6401 4218 6400
f 6402 4219 4218
f 6402 4218 6401
f 6403 4220 4219
f 6403 4221 4220
f 6403 4222 4221
f 6403 6383 4222
f 6403 4219 6402
f 6404 6384 6386
f 6404 6386 6387
f 6404 6387 6371
f 6404 6388 6384
f 6404 6371 6388
f 6405 6393 6385
f 6405 6394 6393
f 6405 6385 6390
f 6406 6391 6374
f 6406 6390 6389
f 6406 6405 6390
f 6406 6389 6391
f 6407 6374 6378
f 6407 6406 6374
f 6407 6395 6394
f 6407 6394 6405
f 6407 6405 6406
f 6408 6378 6376
f 6408 6373 6395
f 6408 6376 6373
f 6408 6407 6378
f 6408 6395 6407
f 6409 6362 6375
f 6409 6380 6363
f 6409 6363 6362
f 6410 6396 6377
f 6410 6375 6396
f 6410 6411 6375
f 6410 6397 6411
f 6410 6377 6397
f 6412 6379 6380
f 6412 6397 6379
f 6412 6411 6397
f 6413 6398 6383
f 6413 6400 6398
f 6413 6402 6401
f 6413 6383 6403
f 6413 6403 6402
f 6413 6401 6400
f 6414 6375 6411
f 6414 6409 6375
f 6414 6380 6409
f 6414 6412 6380
f 6414 6411 6412
f 6415 3513 3500
f 6416 3500 4159
f 6416 6415 3500
f 6417 4158 4157
f 6417 4159 4158
f 6417 6416 4159
f 6418 6415 6419
f 6420 6421 6422
f 6420 6422 6423
f 6424 6425 6426
f 6427 6424 6426
f 6428 4157 4156
f 6428 6417 4157
f 6428 6429 6417
f 6430 3435 6431
f 6430 6421 6420
f 6432 3508 3509
f 6432 3509 3510
f 6432 3510 3511
f 6432 3511 3512
f 6432 3512 3513
f 6432 3513 6415
f 6432 6415 6418
f 6433 6418 6419
f 6433 6420 6423
f 6433 6423 6418
f 6434 6420 6433
f 6434 6415 6416
f 6434 6419 6415
f 6434 6433 6419
f 6434 6416 6435
f 6436 6420 6434
f 6436 6434 6435
f 6436 6416 6417
f 6436 6435 6416
f 6436 6417 6429
f 6436 6426 6420
f 6437 6427 6426
f 6437 6429 6428
f 6437 6428 6438
f 6437 6436 6429
f 6437 6426 6436
f 6437 6438 6427
f 6439 4145 3435
f 6439 6430 6420
f 6439 3435 6430
f 6439 6420 6426
f 6439 6426 6425
f 6440 4145 6439
f 6441 3435 3501
f 6441 3501 3502
f 6441 3502 3503
f 6441 3503 3504
f 6441 6431 3435
f 6442 3504 3505
f 6442 3505 3506
f 6442 3506 3507
f 6442 6441 3504
f 6443 3507 3508
f 6443 6432 6418
f 6443 3508 6432
f 6443 6442 3507
f 6444 6421 6430
f 6444 6430 6431
f 6445 6421 6444
f 6445 6443 6418
f 6445 6422 6421
f 6445 6423 6422
f 6445 6418 6423
f 6446 6439 6425
f 6446 6440 6439
f 6447 6446 6425
f 6448 6424 6427
f 6448 6438 6428
f 6448 6447 6425
f 6448 6427 6438
f 6448 6425 6424
f 6449 4146 4145
f 6449 4147 4146
f 6449 4148 4147
f 6449 4149 4148
f 6449 4145 6440
f 6450 4149 6449
f 6451 4150 4149
f 6451 4149 6450
f 6452 4151 4150
f 6452 4150 6451
f 6453 6445 6444
f 6453 6431 6441
f 6453 6441 6442
f 6453 6442 6443
f 6453 6444 6431
f 6453 6443 6445
f 6454 6452 6451
f 6454 6449 6440
f 6454 6450 6449
f 6454 6451 6450
f 6455 4152 4151
f 6455 4153 4152
f 6455 4154 4153
f 6455 4155 4154
f 6455 4151 6452
f 6456 4156 4155
f 6456 6448 6428
f 6456 4155 6455
f 6456 6452 6454
f 6456 6455 6452
f 6456 6428 4156
f 6457 6440 6446
f 6457 6446 6447
f 6457 6447 6448
f 6457 6454 6440
f 6457 6456 6454
f 6457 6448 6456
f 6458 3560 3561
f 6458 3561 3562
f 6459 3562 3563
f 6459 3563 3564
f 6459 3564 3443
f 6459 6458 3562
f 6460 4205 3560
f 6460 3560 6458
f 6461 3443 4210
f 6461 6460 6458
f 6461 6459 3443
f 6461 6458 6459
f 6462 4206 4205
f 6462 4207 4206
f 6462 4205 6460
f 6462 6460 6461
f 6463 4208 4207
f 6463 4209 4208
f 6463 4210 4209
f 6463 6462 6461
f 6463 6461 4210
f 6463 4207 6462
f 6464 3500 3572
f 6464 3572 3573
f 6464 3573 3574
f 6465 3574 3575
f 6465 3575 3576
f 6465 3576 3571
f 6465 6464 3574
f 6466 4159 3500
f 6466 3500 6464
f 6467 3571 4165
f 6467 6466 6464
f 6467 6464 6465
f 6467 6465 3571
f 6468 4160 4159
f 6468 4161 4160
f 6468 4162 4161
f 6468 4159 6466
f 6469 4163 4162
f 6469 4164 4163
f 6469 4165 4164
f 6469 6468 6466
f 6469 6467 4165
f 6469 4162 6468
f 6469 6466 6467
f 6470 3583 3560
f 6470 6471 3583
f 6472 4204 3583
f 6472 3583 6471
f 6473 6472 6471
f 6473 6470 3560
f 6473 6471 6470
f 6474 4204 6472
f 6475 4205 4204
f 6475 6472 6473
f 6475 4204 6474
f 6475 6474 6472
f 6476 3560 4205
f 6476 6473 3560
f 6476 4205 6475
f 6476 6475 6473
f 6477 3571 3591
f 6477 6478 3571
f 6479 4165 3571
f 6479 3571 6478
f 6480 6479 6478
f 6480 6477 3591
f 6480 6478 6477
f 6481 4165 6479
f 6482 4166 4165
f 6482 6479 6480
f 6482 4165 6481
f 6482 6481 6479
f 6483 3591 4166
f 6483 6480 3591
f 6483 4166 6482
f 6483 6482 6480
f 6484 3599 3600
f 6484 3600 3601
f 6484 3601 3602
f 6485 3602 3603
f 6485 3603 3604
f 6485 3604 3583
f 6485 6484 3602
f 6486 4198 3599
f 6486 3599 6484
f 6487 3583 4204
f 6487 6486 6484
f 6487 6484 6485
f 6487 6485 3583
f 6488 4199 4198
f 6488 4200 4199
f 6488 4201 4200
f 6488 4198 6486
f 6489 4202 4201
f 6489 4203 4202
f 6489 4204 4203
f 6489 6488 6486
f 6489 6487 4204
f 6489 4201 6488
f 6489 6486 6487
f 6490 3591 3612
f 6490 3612 3613
f 6491 3613 3614
f 6491 3614 3615
f 6491 3615 3611
f 6491 6490 3613
f 6492 4166 3591
f 6492 3591 6490
f 6493 3611 4171
f 6493 6492 6490
f 6493 6491 3611
f 6493 6490 6491
f 6494 4167 4166
f 6494 4168 4167
f 6494 4166 6492
f 6494 6492 6493
f 6495 4169 4168
f 6495 4170 4169
f 6495 4171 4170
f 6495 6494 6493
f 6495 6493 4171
f 6495 4168 6494
f 6496 3635 3599
f 6497 3599 4198
f 6497 6496 3599
f 6498 4197 4196
f 6498 4198 4197
f 6498 6497 4198
f 6499 6500 6501
f 6502 6496 6500
f 6502 6500 6499
f 6503 6504 6505
f 6506 6503 6505
f 6507 4196 4195
f 6507 6498 4196
f 6507 6508 6498
f 6509 3622 3623
f 6510 6501 6509
f 6511 3630 3631
f 6511 3631 3632
f 6511 3632 3633
f 6511 3633 3634
f 6511 3634 3635
f 6511 6496 6502
f 6511 3635 6496
f 6512 6497 6498
f 6512 6513 6497
f 6512 6498 6508
f 6514 6508 6507
f 6514 6512 6508
f 6514 6507 6515
f 6514 6505 6512
f 6514 6506 6505
f 6514 6515 6506
f 6516 6505 6504
f 6517 4184 6516
f 6518 3623 3624
f 6518 3624 3625
f 6518 3625 3626
f 6518 3626 3627
f 6518 3627 3628
f 6518 3628 3629
f 6518 3629 3630
f 6518 6510 6509
f 6518 6509 3623
f 6519 6518 3630
f 6519 3630 6511
f 6519 6511 6502
f 6520 6501 6500
f 6521 4184 3622
f 6521 6509 6501
f 6521 6505 6516
f 6521 3622 6509
f 6521 6516 4184
f 6521 6501 6520
f 6521 6512 6505
f 6522 6516 6504
f 6522 6517 6516
f 6523 6522 6504
f 6524 6523 6504
f 6524 6515 6507
f 6524 6504 6503
f 6524 6503 6506
f 6524 6506 6515
f 6525 4186 4185
f 6525 4187 4186
f 6525 4188 4187
f 6526 4189 4188
f 6526 4188 6525
f 6527 4190 4189
f 6527 4189 6526
f 6528 6501 6510
f 6528 6518 6519
f 6528 6519 6502
f 6528 6499 6501
f 6528 6510 6518
f 6528 6502 6499
f 6529 6500 6496
f 6530 6529 6496
f 6530 6520 6500
f 6530 6500 6529
f 6531 6513 6512
f 6532 6496 6497
f 6532 6530 6496
f 6532 6513 6531
f 6532 6497 6513
f 6533 4184 6517
f 6533 4185 4184
f 6533 6525 4185
f 6533 6526 6525
f 6533 6527 6526
f 6534 4191 4190
f 6534 4192 4191
f 6534 4193 4192
f 6534 4194 4193
f 6534 4190 6527
f 6535 6520 6530
f 6536 6512 6521
f 6536 6531 6512
f 6536 6521 6537
f 6536 6537 6535
f 6538 6530 6532
f 6538 6535 6530
f 6538 6536 6535
f 6538 6532 6531
f 6538 6531 6536
f 6539 4195 4194
f 6539 6524 6507
f 6539 6507 4195
f 6539 6527 6533
f 6539 6534 6527
f 6539 4194 6534
f 6540 6537 6521
f 6540 6535 6537
f 6540 6521 6520
f 6540 6520 6535
f 6541 6517 6522
f 6541 6533 6517
f 6541 6524 6539
f 6541 6522 6523
f 6541 6539 6533
f 6541 6523 6524
f 6542 3611 3679
f 6543 4171 3611
f 6543 3611 6542
f 6544 4172 4171
f 6544 4173 4172
f 6544 4174 4173
f 6544 4171 6543
f 6545 4175 4174
f 6545 6544 6546
f 6545 4174 6544
f 6547 6548 6549
f 6550 6547 6549
f 6551 3689 3678
f 6552 3679 3680
f 6552 3680 3681
f 6552 6542 3679
f 6552 6553 6542
f 6554 6551 3678
f 6555 6542 6553
f 6555 6553 6556
f 6557 6558 6554
f 6557 3678 4183
f 6557 6554 3678
f 6559 6544 6543
f 6559 6543 6560
f 6559 6546 6544
f 6561 6546 6559
f 6561 6559 6549
f 6561 6545 6546
f 6561 6549 6548
f 6561 6548 6545
f 6562 6557 4183
f 6562 6550 6549
f 6563 6562 4183
f 6564 3686 3687
f 6564 3687 3688
f 6564 3688 3689
f 6564 3689 6551
f 6565 6566 6567
f 6565 6567 6568
f 6565 6569 6566
f 6570 6551 6554
f 6570 6554 6569
f 6570 6565 6551
f 6570 6569 6565
f 6571 6552 3681
f 6572 6552 6571
f 6573 6553 6552
f 6573 6552 6572
f 6574 6556 6558
f 6574 6555 6556
f 6574 6558 6557
f 6575 6562 6549
f 6575 6549 6559
f 6575 6557 6562
f 6576 6545 6548
f 6576 6548 6547
f 6576 6547 6550
f 6577 6550 6562
f 6577 6562 6563
f 6577 6563 6576
f 6577 6576 6550
f 6578 4176 4175
f 6578 4177 4176
f 6578 4178 4177
f 6578 4179 4178
f 6578 6545 6576
f 6578 4175 6545
f 6579 4179 6578
f 6580 4180 4179
f 6580 4179 6579
f 6581 4181 4180
f 6581 4182 4181
f 6581 4183 4182
f 6581 6563 4183
f 6581 4180 6580
f 6582 3682 3683
f 6582 3683 3684
f 6583 3684 3685
f 6583 3685 3686
f 6583 3686 6564
f 6583 6582 3684
f 6584 6571 3681
f 6584 3681 3682
f 6584 6565 6568
f 6584 6568 6571
f 6584 6583 6564
f 6584 6582 6583
f 6584 3682 6582
f 6585 6571 6568
f 6585 6572 6571
f 6585 6568 6567
f 6586 6569 6554
f 6586 6567 6566
f 6586 6585 6567
f 6586 6566 6569
f 6587 6554 6558
f 6587 6586 6554
f 6587 6573 6572
f 6587 6572 6585
f 6587 6585 6586
f 6588 6558 6556
f 6588 6553 6573
f 6588 6556 6553
f 6588 6587 6558
f 6588 6573 6587
f 6589 6542 6555
f 6589 6560 6543
f 6589 6543 6542
f 6590 6555 6574
f 6590 6574 6557
f 6590 6575 6591
f 6590 6557 6575
f 6590 6591 6555
f 6592 6591 6575
f 6592 6559 6560
f 6592 6575 6559
f 6593 6576 6563
f 6593 6578 6576
f 6593 6579 6578
f 6593 6580 6579
f 6593 6563 6581
f 6593 6581 6580
f 6594 6565 6584
f 6594 6551 6565
f 6594 6564 6551
f 6594 6584 6564
f 6595 6592 6560
f 6595 6555 6591
f 6595 6589 6555
f 6595 6560 6589
f 6595 6591 6592
f 6596 3678 3622
f 6596 6597 3678
f 6598 4183 3678
f 6598 3678 6597
f 6599 6598 6597
f 6599 6596 3622
f 6599 6597 6596
f 6600 4183 6598
f 6601 4184 4183
f 6601 6598 6599
f 6601 4183 6600
f 6601 6600 6598
f 6602 3622 4184
f 6602 6599 3622
f 6602 4184 6601
f 6602 6601 6599
