# SimpleCAD BREP tessellation for MuJoCo
v 20.35 -4.98431247253e-15 14.4
v 20.0572837756 3.43916669355 14.4
v 19.1875560151 6.779394823 14.4
v 17.7658372028 9.92459210661 14.4
v 15.8330276004 12.784276945 14.4
v 13.444730621 15.2761814119 14.4
v 10.6696532204 17.3286179529 14.4
v 7.58762932283 18.8825417055 14.4
v 4.28732314441 19.8932491126 14.4
v 0.863678485042 20.3316639623 14.4
v -2.58481263185 20.1851738575 14.4
v -5.95894339548 19.4579930519 14.4
v -9.16164620704 18.1710412133 14.4
v -12.1007851378 16.361341603 14.4
v -14.691806512 14.0809559837 14.4
v -16.8601713621 11.3954868979 14.4
v -18.5434997794 8.38219040177 14.4
v -19.6933654701 5.12775354919 14.4
v -20.2766888918 1.72580056308 14.4
v -20.2766888918 -1.72580056308 14.4
v -19.6933654701 -5.12775354919 14.4
v -18.5434997794 -8.38219040177 14.4
v -16.8601713621 -11.3954868979 14.4
v -14.691806512 -14.0809559837 14.4
v -12.1007851378 -16.361341603 14.4
v -9.16164620704 -18.1710412133 14.4
v -5.95894339548 -19.4579930519 14.4
v -2.58481263185 -20.1851738575 14.4
v 0.863678485042 -20.3316639623 14.4
v 4.28732314441 -19.8932491126 14.4
v 7.58762932283 -18.8825417055 14.4
v 10.6696532204 -17.3286179529 14.4
v 13.444730621 -15.2761814119 14.4
v 15.8330276004 -12.784276945 14.4
v 17.7658372028 -9.92459210661 14.4
v 19.1875560151 -6.779394823 14.4
v 20.0572837756 -3.43916669355 14.4
v 20.35 -4.98431247253e-15 12
v 20.0572837756 3.43916669355 12
v 19.1875560151 6.779394823 12
v 17.7658372028 9.92459210661 12
v 15.8330276004 12.784276945 12
v 13.444730621 15.2761814119 12
v 10.6696532204 17.3286179529 12
v 7.58762932283 18.8825417055 12
v 4.28732314441 19.8932491126 12
v 0.863678485042 20.3316639623 12
v -2.58481263185 20.1851738575 12
v -5.95894339548 19.4579930519 12
v -9.16164620704 18.1710412133 12
v -12.1007851378 16.361341603 12
v -14.691806512 14.0809559837 12
v -16.8601713621 11.3954868979 12
v -18.5434997794 8.38219040177 12
v -19.6933654701 5.12775354919 12
v -20.2766888918 1.72580056308 12
v -20.2766888918 -1.72580056308 12
v -19.6933654701 -5.12775354919 12
v -18.5434997794 -8.38219040177 12
v -16.8601713621 -11.3954868979 12
v -14.691806512 -14.0809559837 12
v -12.1007851378 -16.361341603 12
v -9.16164620704 -18.1710412133 12
v -5.95894339548 -19.4579930519 12
v -2.58481263185 -20.1851738575 12
v 0.863678485042 -20.3316639623 12
v 4.28732314441 -19.8932491126 12
v 7.58762932283 -18.8825417055 12
v 10.6696532204 -17.3286179529 12
v 13.444730621 -15.2761814119 12
v 15.8330276004 -12.784276945 12
v 17.7658372028 -9.92459210661 12
v 19.1875560151 -6.779394823 12
v 20.0572837756 -3.43916669355 12
v 17.5 -4.28626379702e-15 14.4
v 17.2771693402 2.78377793464 14.4
v 16.6143520469 5.49666317512 14.4
v 15.5284276647 8.06956840624 14.4
v 14.0470507359 10.4369710943 14.4
v 12.2079465405 12.5385821074 14.4
v 10.0579503699 14.3208810607 14.4
v 10.0579503699 -14.3208810607 14.4
v 12.2079465405 -12.5385821074 14.4
v 14.0470507359 -10.4369710943 14.4
v 15.5284276647 -8.06956840624 14.4
v 16.6143520469 -5.49666317512 14.4
v 17.2771693402 -2.78377793464 14.4
v 10.6423393759 -15.3330725104 14.4
v 7.95766062413 -16.8830725104 14.4
v 7.37327161821 -15.8708810607 14.4
v -17.4312219881 -1.55 14.4
v -16.8984238904 -4.54898560334 14.4
v -15.8536910917 -7.41016050907 14.4
v -14.3286735834 -10.0468459399 14.4
v -12.3695714957 -12.3791639869 14.4
v -10.0357354726 -14.3364574956 14.4
v -7.39786865518 -15.8594306128 14.4
v -4.5358847424 -16.9019451426 14.4
v -1.53648702022 -17.4324182957 14.4
v 1.50945829886 -17.4347794837 14.4
v 4.50967485127 -16.9089571747 14.4
v -18.6 -1.55 14.4
v -18.6 1.55 14.4
v -17.4312219881 1.55 14.4
v 7.37327161821 15.8708810607 14.4
v 4.50967485127 16.9089571747 14.4
v 1.50945829885 17.4347794837 14.4
v -1.53648702022 17.4324182957 14.4
v -4.5358847424 16.9019451426 14.4
v -7.39786865518 15.8594306128 14.4
v -10.0357354726 14.3364574956 14.4
v -12.3695714957 12.3791639869 14.4
v -14.3286735834 10.0468459399 14.4
v -15.8536910917 7.41016050907 14.4
v -16.8984238904 4.54898560334 14.4
v 7.95766062413 16.8830725104 14.4
v 10.6423393759 15.3330725104 14.4
v -10.1471723822 -10.0369590954 12
v -10.1623646291 -9.86331091772 12
v -10.2074797614 -9.69493895206 12
v -10.2811469784 -9.53695909538 12
v -10.381127939 -9.3941714857 12
v -10.5043847725 -9.27091465226 12
v -10.6471723822 -9.1709336916 12
v -10.8051522388 -9.0972664746 12
v -10.9735242045 -9.05215134237 12
v -11.1471723822 -9.03695909538 12
v -11.3208205598 -9.05215134237 12
v -11.4891925255 -9.0972664746 12
v -11.6471723822 -9.1709336916 12
v -11.7899599918 -9.27091465226 12
v -11.9132168253 -9.3941714857 12
v -12.0131977859 -9.53695909538 12
v -12.0868650029 -9.69493895206 12
v -12.1319801352 -9.86331091772 12
v -12.1471723822 -10.0369590954 12
v -12.1319801352 -10.210607273 12
v -12.0868650029 -10.3789792387 12
v -12.0131977859 -10.5369590954 12
v -11.9132168253 -10.6797467051 12
v -11.7899599918 -10.8030035385 12
v -11.6471723822 -10.9029844992 12
v -11.4891925255 -10.9766517162 12
v -11.3208205598 -11.0217668484 12
v -11.1471723822 -11.0369590954 12
v -10.9735242045 -11.0217668484 12
v -10.8051522388 -10.9766517162 12
v -10.6471723822 -10.9029844992 12
v -10.5043847725 -10.8030035385 12
v -10.381127939 -10.6797467051 12
v -10.2811469784 -10.5369590954 12
v -10.2074797614 -10.3789792387 12
v -10.1623646291 -10.210607273 12
v -2.11867536227 -14.672214011 12
v -2.13386760925 -14.4985658333 12
v -2.17898274148 -14.3301938677 12
v -2.25264995848 -14.172214011 12
v -2.35263091915 -14.0294264013 12
v -2.47588775258 -13.9061695679 12
v -2.61867536227 -13.8061886072 12
v -2.77665521894 -13.7325213902 12
v -2.9450271846 -13.687406258 12
v -3.11867536227 -13.672214011 12
v -3.29232353993 -13.687406258 12
v -3.46069550559 -13.7325213902 12
v -3.61867536227 -13.8061886072 12
v -3.76146297195 -13.9061695679 12
v -3.88471980539 -14.0294264013 12
v -3.98470076605 -14.172214011 12
v -4.05836798305 -14.3301938677 12
v -4.10348311528 -14.4985658333 12
v -4.11867536227 -14.672214011 12
v -4.10348311528 -14.8458621887 12
v -4.05836798305 -15.0142341543 12
v -3.98470076605 -15.172214011 12
v -3.88471980539 -15.3150016207 12
v -3.76146297195 -15.4382584541 12
v -3.61867536227 -15.5382394148 12
v -3.46069550559 -15.6119066318 12
v -3.29232353993 -15.657021764 12
v -3.11867536227 -15.672214011 12
v -2.9450271846 -15.657021764 12
v -2.77665521894 -15.6119066318 12
v -2.61867536227 -15.5382394148 12
v -2.47588775258 -15.4382584541 12
v -2.35263091915 -15.3150016207 12
v -2.25264995848 -15.172214011 12
v -2.17898274148 -15.0142341543 12
v -2.13386760925 -14.8458621887 12
v 0.6 -5.25 12
v 0.590884651807 -5.1458110934 12
v 0.563815572472 -5.044787914 12
v 0.519615242271 -4.95 12
v 0.459626665871 -4.86432743419 12
v 0.385672565812 -4.79037333413 12
v 0.3 -4.73038475773 12
v 0.205212085995 -4.68618442753 12
v 0.1041889066 -4.65911534819 12
v -1.32735023922e-15 -4.65 12
v -0.1041889066 -4.65911534819 12
v -0.205212085995 -4.68618442753 12
v -0.3 -4.73038475773 12
v -0.385672565812 -4.79037333413 12
v -0.459626665871 -4.86432743419 12
v -0.519615242271 -4.95 12
v -0.563815572472 -5.044787914 12
v -0.590884651807 -5.1458110934 12
v -0.6 -5.25 12
v -0.590884651807 -5.3541889066 12
v -0.563815572472 -5.455212086 12
v -0.519615242271 -5.55 12
v -0.459626665871 -5.63567256581 12
v -0.385672565812 -5.70962666587 12
v -0.3 -5.76961524227 12
v -0.205212085995 -5.81381557247 12
v -0.1041889066 -5.84088465181 12
v 5.24093589208e-16 -5.85 12
v 0.1041889066 -5.84088465181 12
v 0.205212085995 -5.81381557247 12
v 0.3 -5.76961524227 12
v 0.385672565812 -5.70962666587 12
v 0.459626665871 -5.63567256581 12
v 0.519615242271 -5.55 12
v 0.563815572472 -5.455212086 12
v 0.590884651807 -5.3541889066 12
v 1.7 -4.1637991171e-16 12
v 1.67417318012 0.295201902034 12
v 1.59747745534 0.581434243654 12
v 1.47224318643 0.85 12
v 1.3022755533 1.09273893647 12
v 1.09273893647 1.3022755533 12
v 0.85 1.47224318643 12
v 0.581434243654 1.59747745534 12
v 0.295201902034 1.67417318012 12
v -1.02833250719e-15 1.7 12
v -0.295201902034 1.67417318012 12
v -0.581434243654 1.59747745534 12
v -0.85 1.47224318643 12
v -1.09273893647 1.3022755533 12
v -1.3022755533 1.09273893647 12
v -1.47224318643 0.85 12
v -1.59747745534 0.581434243654 12
v -1.67417318012 0.295201902034 12
v -1.7 -3.56656832787e-15 12
v -1.67417318012 -0.295201902034 12
v -1.59747745534 -0.581434243654 12
v -1.47224318643 -0.85 12
v -1.3022755533 -1.09273893647 12
v -1.09273893647 -1.3022755533 12
v -0.85 -1.47224318643 12
v -0.581434243654 -1.59747745534 12
v -0.295201902034 -1.67417318012 12
v 4.21742500669e-15 -1.7 12
v 0.295201902034 -1.67417318012 12
v 0.581434243654 -1.59747745534 12
v 0.85 -1.47224318643 12
v 1.09273893647 -1.3022755533 12
v 1.3022755533 -1.09273893647 12
v 1.47224318643 -0.85 12
v 1.59747745534 -0.581434243654 12
v 1.67417318012 -0.295201902034 12
v 15.2658477444 -4.63525491562 12
v 15.2506554974 -4.46160673796 12
v 15.2055403652 -4.2932347723 12
v 15.1318731482 -4.13525491562 12
v 15.0318921875 -3.99246730594 12
v 14.9086353541 -3.86921047251 12
v 14.7658477444 -3.76922951184 12
v 14.6078678878 -3.69556229484 12
v 14.4394959221 -3.65044716261 12
v 14.2658477444 -3.63525491562 12
v 14.0921995668 -3.65044716261 12
v 13.9238276011 -3.69556229484 12
v 13.7658477444 -3.76922951184 12
v 13.6230601347 -3.86921047251 12
v 13.4998033013 -3.99246730594 12
v 13.3998223406 -4.13525491562 12
v 13.3261551236 -4.2932347723 12
v 13.2810399914 -4.46160673796 12
v 13.2658477444 -4.63525491562 12
v 13.2810399914 -4.80890309329 12
v 13.3261551236 -4.97727505895 12
v 13.3998223406 -5.13525491562 12
v 13.4998033013 -5.27804252531 12
v 13.6230601347 -5.40129935874 12
v 13.7658477444 -5.50128031941 12
v 13.9238276011 -5.57494753641 12
v 14.0921995668 -5.62006266864 12
v 14.2658477444 -5.63525491562 12
v 14.4394959221 -5.62006266864 12
v 14.6078678878 -5.57494753641 12
v 14.7658477444 -5.50128031941 12
v 14.9086353541 -5.40129935874 12
v 15.0318921875 -5.27804252531 12
v 15.1318731482 -5.13525491562 12
v 15.2055403652 -4.97727505895 12
v 15.2506554974 -4.80890309329 12
v -3.94663336987 2.625 12
v -3.95574871806 2.7291889066 12
v -3.9828177974 2.830212086 12
v -4.0270181276 2.925 12
v -4.087006704 3.01067256581 12
v -4.16096080406 3.08462666587 12
v -4.24663336987 3.14461524227 12
v -4.34142128387 3.18881557247 12
v -4.44244446327 3.21588465181 12
v -4.54663336987 3.225 12
v -4.65082227647 3.21588465181 12
v -4.75184545586 3.18881557247 12
v -4.84663336987 3.14461524227 12
v -4.93230593568 3.08462666587 12
v -5.00626003574 3.01067256581 12
v -5.06624861214 2.925 12
v -5.11044894234 2.830212086 12
v -5.13751802168 2.7291889066 12
v -5.14663336987 2.625 12
v -5.13751802168 2.5208110934 12
v -5.11044894234 2.419787914 12
v -5.06624861214 2.325 12
v -5.00626003574 2.23932743419 12
v -4.93230593568 2.16537333413 12
v -4.84663336987 2.10538475773 12
v -4.75184545586 2.06118442753 12
v -4.65082227647 2.03411534819 12
v -4.54663336987 2.025 12
v -4.44244446327 2.03411534819 12
v -4.34142128387 2.06118442753 12
v -4.24663336987 2.10538475773 12
v -4.16096080406 2.16537333413 12
v -4.087006704 2.23932743419 12
v -4.0270181276 2.325 12
v -3.9828177974 2.419787914 12
v -3.95574871806 2.5208110934 12
v -10.1471723822 10.0369590954 12
v -10.1623646291 10.210607273 12
v -10.2074797614 10.3789792387 12
v -10.2811469784 10.5369590954 12
v -10.381127939 10.6797467051 12
v -10.5043847725 10.8030035385 12
v -10.6471723822 10.9029844992 12
v -10.8051522388 10.9766517162 12
v -10.9735242045 11.0217668484 12
v -11.1471723822 11.0369590954 12
v -11.3208205598 11.0217668484 12
v -11.4891925255 10.9766517162 12
v -11.6471723822 10.9029844992 12
v -11.7899599918 10.8030035385 12
v -11.9132168253 10.6797467051 12
v -12.0131977859 10.5369590954 12
v -12.0868650029 10.3789792387 12
v -12.1319801352 10.210607273 12
v -12.1471723822 10.0369590954 12
v -12.1319801352 9.86331091772 12
v -12.0868650029 9.69493895206 12
v -12.0131977859 9.53695909538 12
v -11.9132168253 9.3941714857 12
v -11.7899599918 9.27091465226 12
v -11.6471723822 9.1709336916 12
v -11.4891925255 9.0972664746 12
v -11.3208205598 9.05215134237 12
v -11.1471723822 9.03695909538 12
v -10.9735242045 9.05215134237 12
v -10.8051522388 9.0972664746 12
v -10.6471723822 9.1709336916 12
v -10.5043847725 9.27091465226 12
v -10.381127939 9.3941714857 12
v -10.2811469784 9.53695909538 12
v -10.2074797614 9.69493895206 12
v -10.1623646291 9.86331091772 12
v -2.11867536227 14.672214011 12
v -2.13386760925 14.8458621887 12
v -2.17898274148 15.0142341543 12
v -2.25264995848 15.172214011 12
v -2.35263091915 15.3150016207 12
v -2.47588775258 15.4382584541 12
v -2.61867536227 15.5382394148 12
v -2.77665521894 15.6119066318 12
v -2.9450271846 15.657021764 12
v -3.11867536227 15.672214011 12
v -3.29232353993 15.657021764 12
v -3.46069550559 15.6119066318 12
v -3.61867536227 15.5382394148 12
v -3.76146297195 15.4382584541 12
v -3.88471980539 15.3150016207 12
v -3.98470076605 15.172214011 12
v -4.05836798305 15.0142341543 12
v -4.10348311528 14.8458621887 12
v -4.11867536227 14.672214011 12
v -4.10348311528 14.4985658333 12
v -4.05836798305 14.3301938677 12
v -3.98470076605 14.172214011 12
v -3.88471980539 14.0294264013 12
v -3.76146297195 13.9061695679 12
v -3.61867536227 13.8061886072 12
v -3.46069550559 13.7325213902 12
v -3.29232353993 13.687406258 12
v -3.11867536227 13.672214011 12
v -2.9450271846 13.687406258 12
v -2.77665521894 13.7325213902 12
v -2.61867536227 13.8061886072 12
v -2.47588775258 13.9061695679 12
v -2.35263091915 14.0294264013 12
v -2.25264995848 14.172214011 12
v -2.17898274148 14.3301938677 12
v -2.13386760925 14.4985658333 12
v 5.14663336987 2.625 12
v 5.13751802168 2.7291889066 12
v 5.11044894234 2.830212086 12
v 5.06624861214 2.925 12
v 5.00626003574 3.01067256581 12
v 4.93230593568 3.08462666587 12
v 4.84663336987 3.14461524227 12
v 4.75184545586 3.18881557247 12
v 4.65082227647 3.21588465181 12
v 4.54663336987 3.225 12
v 4.44244446327 3.21588465181 12
v 4.34142128387 3.18881557247 12
v 4.24663336987 3.14461524227 12
v 4.16096080406 3.08462666587 12
v 4.087006704 3.01067256581 12
v 4.0270181276 2.925 12
v 3.9828177974 2.830212086 12
v 3.95574871806 2.7291889066 12
v 3.94663336987 2.625 12
v 3.95574871806 2.5208110934 12
v 3.9828177974 2.419787914 12
v 4.0270181276 2.325 12
v 4.087006704 2.23932743419 12
v 4.16096080406 2.16537333413 12
v 4.24663336987 2.10538475773 12
v 4.34142128387 2.06118442753 12
v 4.44244446327 2.03411534819 12
v 4.54663336987 2.025 12
v 4.65082227647 2.03411534819 12
v 4.75184545586 2.06118442753 12
v 4.84663336987 2.10538475773 12
v 4.93230593568 2.16537333413 12
v 5.00626003574 2.23932743419 12
v 5.06624861214 2.325 12
v 5.11044894234 2.419787914 12
v 5.13751802168 2.5208110934 12
v 15.2658477444 4.63525491562 12
v 15.2506554974 4.80890309329 12
v 15.2055403652 4.97727505895 12
v 15.1318731482 5.13525491562 12
v 15.0318921875 5.27804252531 12
v 14.9086353541 5.40129935874 12
v 14.7658477444 5.50128031941 12
v 14.6078678878 5.57494753641 12
v 14.4394959221 5.62006266864 12
v 14.2658477444 5.63525491562 12
v 14.0921995668 5.62006266864 12
v 13.9238276011 5.57494753641 12
v 13.7658477444 5.50128031941 12
v 13.6230601347 5.40129935874 12
v 13.4998033013 5.27804252531 12
v 13.3998223406 5.13525491562 12
v 13.3261551236 4.97727505895 12
v 13.2810399914 4.80890309329 12
v 13.2658477444 4.63525491562 12
v 13.2810399914 4.46160673796 12
v 13.3261551236 4.2932347723 12
v 13.3998223406 4.13525491562 12
v 13.4998033013 3.99246730594 12
v 13.6230601347 3.86921047251 12
v 13.7658477444 3.76922951184 12
v 13.9238276011 3.69556229484 12
v 14.0921995668 3.65044716261 12
v 14.2658477444 3.63525491562 12
v 14.4394959221 3.65044716261 12
v 14.6078678878 3.69556229484 12
v 14.7658477444 3.76922951184 12
v 14.9086353541 3.86921047251 12
v 15.0318921875 3.99246730594 12
v 15.1318731482 4.13525491562 12
v 15.2055403652 4.2932347723 12
v 15.2506554974 4.46160673796 12
v 17.5 -4.28626379702e-15 14.85
v 10.0579503699 14.3208810607 14.85
v 17.2771693402 2.78377793464 14.85
v 16.6143520469 5.49666317512 14.85
v 15.5284276647 8.06956840624 14.85
v 14.0470507359 10.4369710943 14.85
v 12.2079465405 12.5385821074 14.85
v 10.6423393759 15.3330725104 14.15
v 6.29233937587 7.79865149747 14.15
v 6.29233937587 7.79865149747 14.4
v 6.7874633414 8.65623136181 14.4
v 6.7874633414 8.65623136181 14.85
v 7.95766062413 16.8830725104 14.15
v 3.60766062413 9.34865149747 14.15
v 3.60766062413 9.34865149747 14.4
v 4.10278458967 10.2062313618 14.4
v 4.10278458967 10.2062313618 14.85
v 7.37327161821 15.8708810607 14.85
v -17.4312219881 1.55 14.85
v 4.50967485127 16.9089571747 14.85
v 1.50945829885 17.4347794837 14.85
v -1.53648702022 17.4324182957 14.85
v -4.5358847424 16.9019451426 14.85
v -7.39786865518 15.8594306128 14.85
v -10.0357354726 14.3364574956 14.85
v -12.3695714957 12.3791639869 14.85
v -14.3286735834 10.0468459399 14.85
v -15.8536910917 7.41016050907 14.85
v -16.8984238904 4.54898560334 14.85
v -18.6 1.55 14.15
v -9.9 1.55 14.15
v -9.9 1.55 14.4
v -10.8902479311 1.55 14.4
v -10.8902479311 1.55 14.85
v -18.6 -1.55 14.15
v -9.9 -1.55 14.15
v -9.9 -1.55 14.4
v -10.8902479311 -1.55 14.4
v -10.8902479311 -1.55 14.85
v -17.4312219881 -1.55 14.85
v 7.37327161821 -15.8708810607 14.85
v -16.8984238904 -4.54898560334 14.85
v -15.8536910917 -7.41016050907 14.85
v -14.3286735834 -10.0468459399 14.85
v -12.3695714957 -12.3791639869 14.85
v -10.0357354726 -14.3364574956 14.85
v -7.39786865518 -15.8594306128 14.85
v -4.5358847424 -16.9019451426 14.85
v -1.53648702022 -17.4324182957 14.85
v 1.50945829886 -17.4347794837 14.85
v 4.50967485127 -16.9089571747 14.85
v 7.95766062413 -16.8830725104 14.15
v 3.60766062413 -9.34865149747 14.15
v 3.60766062413 -9.34865149747 14.4
v 4.10278458967 -10.2062313618 14.4
v 4.10278458967 -10.2062313618 14.85
v 10.6423393759 -15.3330725104 14.15
v 6.29233937587 -7.79865149747 14.15
v 6.29233937587 -7.79865149747 14.4
v 6.7874633414 -8.65623136181 14.4
v 6.7874633414 -8.65623136181 14.85
v 10.0579503699 -14.3208810607 14.85
v 12.2079465405 -12.5385821074 14.85
v 14.0470507359 -10.4369710943 14.85
v 15.5284276647 -8.06956840624 14.85
v 16.6143520469 -5.49666317512 14.85
v 17.2771693402 -2.78377793464 14.85
v -10.1471723822 -10.0369590954 14.4
v -10.1623646291 -9.86331091772 14.4
v -10.2074797614 -9.69493895206 14.4
v -10.2811469784 -9.53695909538 14.4
v -10.381127939 -9.3941714857 14.4
v -10.5043847725 -9.27091465226 14.4
v -10.6471723822 -9.1709336916 14.4
v -10.8051522388 -9.0972664746 14.4
v -10.9735242045 -9.05215134237 14.4
v -11.1471723822 -9.03695909538 14.4
v -11.3208205598 -9.05215134237 14.4
v -11.4891925255 -9.0972664746 14.4
v -11.6471723822 -9.1709336916 14.4
v -11.7899599918 -9.27091465226 14.4
v -11.9132168253 -9.3941714857 14.4
v -12.0131977859 -9.53695909538 14.4
v -12.0868650029 -9.69493895206 14.4
v -12.1319801352 -9.86331091772 14.4
v -12.1471723822 -10.0369590954 14.4
v -12.1319801352 -10.210607273 14.4
v -12.0868650029 -10.3789792387 14.4
v -12.0131977859 -10.5369590954 14.4
v -11.9132168253 -10.6797467051 14.4
v -11.7899599918 -10.8030035385 14.4
v -11.6471723822 -10.9029844992 14.4
v -11.4891925255 -10.9766517162 14.4
v -11.3208205598 -11.0217668484 14.4
v -11.1471723822 -11.0369590954 14.4
v -10.9735242045 -11.0217668484 14.4
v -10.8051522388 -10.9766517162 14.4
v -10.6471723822 -10.9029844992 14.4
v -10.5043847725 -10.8030035385 14.4
v -10.381127939 -10.6797467051 14.4
v -10.2811469784 -10.5369590954 14.4
v -10.2074797614 -10.3789792387 14.4
v -10.1623646291 -10.210607273 14.4
v -2.11867536227 -14.672214011 14.4
v -2.13386760925 -14.4985658333 14.4
v -2.17898274148 -14.3301938677 14.4
v -2.25264995848 -14.172214011 14.4
v -2.35263091915 -14.0294264013 14.4
v -2.47588775258 -13.9061695679 14.4
v -2.61867536227 -13.8061886072 14.4
v -2.77665521894 -13.7325213902 14.4
v -2.9450271846 -13.687406258 14.4
v -3.11867536227 -13.672214011 14.4
v -3.29232353993 -13.687406258 14.4
v -3.46069550559 -13.7325213902 14.4
v -3.61867536227 -13.8061886072 14.4
v -3.76146297195 -13.9061695679 14.4
v -3.88471980539 -14.0294264013 14.4
v -3.98470076605 -14.172214011 14.4
v -4.05836798305 -14.3301938677 14.4
v -4.10348311528 -14.4985658333 14.4
v -4.11867536227 -14.672214011 14.4
v -4.10348311528 -14.8458621887 14.4
v -4.05836798305 -15.0142341543 14.4
v -3.98470076605 -15.172214011 14.4
v -3.88471980539 -15.3150016207 14.4
v -3.76146297195 -15.4382584541 14.4
v -3.61867536227 -15.5382394148 14.4
v -3.46069550559 -15.6119066318 14.4
v -3.29232353993 -15.657021764 14.4
v -3.11867536227 -15.672214011 14.4
v -2.9450271846 -15.657021764 14.4
v -2.77665521894 -15.6119066318 14.4
v -2.61867536227 -15.5382394148 14.4
v -2.47588775258 -15.4382584541 14.4
v -2.35263091915 -15.3150016207 14.4
v -2.25264995848 -15.172214011 14.4
v -2.17898274148 -15.0142341543 14.4
v -2.13386760925 -14.8458621887 14.4
v 0.6 -5.25 14.65
v 0.590884651807 -5.1458110934 14.65
v 0.563815572472 -5.044787914 14.65
v 0.519615242271 -4.95 14.65
v 0.459626665871 -4.86432743419 14.65
v 0.385672565812 -4.79037333413 14.65
v 0.3 -4.73038475773 14.65
v 0.205212085995 -4.68618442753 14.65
v 0.1041889066 -4.65911534819 14.65
v -1.32735023922e-15 -4.65 14.65
v -0.1041889066 -4.65911534819 14.65
v -0.205212085995 -4.68618442753 14.65
v -0.3 -4.73038475773 14.65
v -0.385672565812 -4.79037333413 14.65
v -0.459626665871 -4.86432743419 14.65
v -0.519615242271 -4.95 14.65
v -0.563815572472 -5.044787914 14.65
v -0.590884651807 -5.1458110934 14.65
v -0.6 -5.25 14.65
v -0.590884651807 -5.3541889066 14.65
v -0.563815572472 -5.455212086 14.65
v -0.519615242271 -5.55 14.65
v -0.459626665871 -5.63567256581 14.65
v -0.385672565812 -5.70962666587 14.65
v -0.3 -5.76961524227 14.65
v -0.205212085995 -5.81381557247 14.65
v -0.1041889066 -5.84088465181 14.65
v 5.24093589208e-16 -5.85 14.65
v 0.1041889066 -5.84088465181 14.65
v 0.205212085995 -5.81381557247 14.65
v 0.3 -5.76961524227 14.65
v 0.385672565812 -5.70962666587 14.65
v 0.459626665871 -5.63567256581 14.65
v 0.519615242271 -5.55 14.65
v 0.563815572472 -5.455212086 14.65
v 0.590884651807 -5.3541889066 14.65
v 1.7 -4.1637991171e-16 15
v 1.67417318012 0.295201902034 15
v 1.59747745534 0.581434243654 15
v 1.47224318643 0.85 15
v 1.3022755533 1.09273893647 15
v 1.09273893647 1.3022755533 15
v 0.85 1.47224318643 15
v 0.581434243654 1.59747745534 15
v 0.295201902034 1.67417318012 15
v -1.02833250719e-15 1.7 15
v -0.295201902034 1.67417318012 15
v -0.581434243654 1.59747745534 15
v -0.85 1.47224318643 15
v -1.09273893647 1.3022755533 15
v -1.3022755533 1.09273893647 15
v -1.47224318643 0.85 15
v -1.59747745534 0.581434243654 15
v -1.67417318012 0.295201902034 15
v -1.7 -3.56656832787e-15 15
v -1.67417318012 -0.295201902034 15
v -1.59747745534 -0.581434243654 15
v -1.47224318643 -0.85 15
v -1.3022755533 -1.09273893647 15
v -1.09273893647 -1.3022755533 15
v -0.85 -1.47224318643 15
v -0.581434243654 -1.59747745534 15
v -0.295201902034 -1.67417318012 15
v 4.21742500669e-15 -1.7 15
v 0.295201902034 -1.67417318012 15
v 0.581434243654 -1.59747745534 15
v 0.85 -1.47224318643 15
v 1.09273893647 -1.3022755533 15
v 1.3022755533 -1.09273893647 15
v 1.47224318643 -0.85 15
v 1.59747745534 -0.581434243654 15
v 1.67417318012 -0.295201902034 15
v 15.2658477444 -4.63525491562 14.4
v 15.2506554974 -4.46160673796 14.4
v 15.2055403652 -4.2932347723 14.4
v 15.1318731482 -4.13525491562 14.4
v 15.0318921875 -3.99246730594 14.4
v 14.9086353541 -3.86921047251 14.4
v 14.7658477444 -3.76922951184 14.4
v 14.6078678878 -3.69556229484 14.4
v 14.4394959221 -3.65044716261 14.4
v 14.2658477444 -3.63525491562 14.4
v 14.0921995668 -3.65044716261 14.4
v 13.9238276011 -3.69556229484 14.4
v 13.7658477444 -3.76922951184 14.4
v 13.6230601347 -3.86921047251 14.4
v 13.4998033013 -3.99246730594 14.4
v 13.3998223406 -4.13525491562 14.4
v 13.3261551236 -4.2932347723 14.4
v 13.2810399914 -4.46160673796 14.4
v 13.2658477444 -4.63525491562 14.4
v 13.2810399914 -4.80890309329 14.4
v 13.3261551236 -4.97727505895 14.4
v 13.3998223406 -5.13525491562 14.4
v 13.4998033013 -5.27804252531 14.4
v 13.6230601347 -5.40129935874 14.4
v 13.7658477444 -5.50128031941 14.4
v 13.9238276011 -5.57494753641 14.4
v 14.0921995668 -5.62006266864 14.4
v 14.2658477444 -5.63525491562 14.4
v 14.4394959221 -5.62006266864 14.4
v 14.6078678878 -5.57494753641 14.4
v 14.7658477444 -5.50128031941 14.4
v 14.9086353541 -5.40129935874 14.4
v 15.0318921875 -5.27804252531 14.4
v 15.1318731482 -5.13525491562 14.4
v 15.2055403652 -4.97727505895 14.4
v 15.2506554974 -4.80890309329 14.4
v -3.94663336987 2.625 14.65
v -3.95574871806 2.7291889066 14.65
v -3.9828177974 2.830212086 14.65
v -4.0270181276 2.925 14.65
v -4.087006704 3.01067256581 14.65
v -4.16096080406 3.08462666587 14.65
v -4.24663336987 3.14461524227 14.65
v -4.34142128387 3.18881557247 14.65
v -4.44244446327 3.21588465181 14.65
v -4.54663336987 3.225 14.65
v -4.65082227647 3.21588465181 14.65
v -4.75184545586 3.18881557247 14.65
v -4.84663336987 3.14461524227 14.65
v -4.93230593568 3.08462666587 14.65
v -5.00626003574 3.01067256581 14.65
v -5.06624861214 2.925 14.65
v -5.11044894234 2.830212086 14.65
v -5.13751802168 2.7291889066 14.65
v -5.14663336987 2.625 14.65
v -5.13751802168 2.5208110934 14.65
v -5.11044894234 2.419787914 14.65
v -5.06624861214 2.325 14.65
v -5.00626003574 2.23932743419 14.65
v -4.93230593568 2.16537333413 14.65
v -4.84663336987 2.10538475773 14.65
v -4.75184545586 2.06118442753 14.65
v -4.65082227647 2.03411534819 14.65
v -4.54663336987 2.025 14.65
v -4.44244446327 2.03411534819 14.65
v -4.34142128387 2.06118442753 14.65
v -4.24663336987 2.10538475773 14.65
v -4.16096080406 2.16537333413 14.65
v -4.087006704 2.23932743419 14.65
v -4.0270181276 2.325 14.65
v -3.9828177974 2.419787914 14.65
v -3.95574871806 2.5208110934 14.65
v -10.1471723822 10.0369590954 14.4
v -10.1623646291 10.210607273 14.4
v -10.2074797614 10.3789792387 14.4
v -10.2811469784 10.5369590954 14.4
v -10.381127939 10.6797467051 14.4
v -10.5043847725 10.8030035385 14.4
v -10.6471723822 10.9029844992 14.4
v -10.8051522388 10.9766517162 14.4
v -10.9735242045 11.0217668484 14.4
v -11.1471723822 11.0369590954 14.4
v -11.3208205598 11.0217668484 14.4
v -11.4891925255 10.9766517162 14.4
v -11.6471723822 10.9029844992 14.4
v -11.7899599918 10.8030035385 14.4
v -11.9132168253 10.6797467051 14.4
v -12.0131977859 10.5369590954 14.4
v -12.0868650029 10.3789792387 14.4
v -12.1319801352 10.210607273 14.4
v -12.1471723822 10.0369590954 14.4
v -12.1319801352 9.86331091772 14.4
v -12.0868650029 9.69493895206 14.4
v -12.0131977859 9.53695909538 14.4
v -11.9132168253 9.3941714857 14.4
v -11.7899599918 9.27091465226 14.4
v -11.6471723822 9.1709336916 14.4
v -11.4891925255 9.0972664746 14.4
v -11.3208205598 9.05215134237 14.4
v -11.1471723822 9.03695909538 14.4
v -10.9735242045 9.05215134237 14.4
v -10.8051522388 9.0972664746 14.4
v -10.6471723822 9.1709336916 14.4
v -10.5043847725 9.27091465226 14.4
v -10.381127939 9.3941714857 14.4
v -10.2811469784 9.53695909538 14.4
v -10.2074797614 9.69493895206 14.4
v -10.1623646291 9.86331091772 14.4
v -2.11867536227 14.672214011 14.4
v -2.13386760925 14.8458621887 14.4
v -2.17898274148 15.0142341543 14.4
v -2.25264995848 15.172214011 14.4
v -2.35263091915 15.3150016207 14.4
v -2.47588775258 15.4382584541 14.4
v -2.61867536227 15.5382394148 14.4
v -2.77665521894 15.6119066318 14.4
v -2.9450271846 15.657021764 14.4
v -3.11867536227 15.672214011 14.4
v -3.29232353993 15.657021764 14.4
v -3.46069550559 15.6119066318 14.4
v -3.61867536227 15.5382394148 14.4
v -3.76146297195 15.4382584541 14.4
v -3.88471980539 15.3150016207 14.4
v -3.98470076605 15.172214011 14.4
v -4.05836798305 15.0142341543 14.4
v -4.10348311528 14.8458621887 14.4
v -4.11867536227 14.672214011 14.4
v -4.10348311528 14.4985658333 14.4
v -4.05836798305 14.3301938677 14.4
v -3.98470076605 14.172214011 14.4
v -3.88471980539 14.0294264013 14.4
v -3.76146297195 13.9061695679 14.4
v -3.61867536227 13.8061886072 14.4
v -3.46069550559 13.7325213902 14.4
v -3.29232353993 13.687406258 14.4
v -3.11867536227 13.672214011 14.4
v -2.9450271846 13.687406258 14.4
v -2.77665521894 13.7325213902 14.4
v -2.61867536227 13.8061886072 14.4
v -2.47588775258 13.9061695679 14.4
v -2.35263091915 14.0294264013 14.4
v -2.25264995848 14.172214011 14.4
v -2.17898274148 14.3301938677 14.4
v -2.13386760925 14.4985658333 14.4
v 5.14663336987 2.625 14.65
v 5.13751802168 2.7291889066 14.65
v 5.11044894234 2.830212086 14.65
v 5.06624861214 2.925 14.65
v 5.00626003574 3.01067256581 14.65
v 4.93230593568 3.08462666587 14.65
v 4.84663336987 3.14461524227 14.65
v 4.75184545586 3.18881557247 14.65
v 4.65082227647 3.21588465181 14.65
v 4.54663336987 3.225 14.65
v 4.44244446327 3.21588465181 14.65
v 4.34142128387 3.18881557247 14.65
v 4.24663336987 3.14461524227 14.65
v 4.16096080406 3.08462666587 14.65
v 4.087006704 3.01067256581 14.65
v 4.0270181276 2.925 14.65
v 3.9828177974 2.830212086 14.65
v 3.95574871806 2.7291889066 14.65
v 3.94663336987 2.625 14.65
v 3.95574871806 2.5208110934 14.65
v 3.9828177974 2.419787914 14.65
v 4.0270181276 2.325 14.65
v 4.087006704 2.23932743419 14.65
v 4.16096080406 2.16537333413 14.65
v 4.24663336987 2.10538475773 14.65
v 4.34142128387 2.06118442753 14.65
v 4.44244446327 2.03411534819 14.65
v 4.54663336987 2.025 14.65
v 4.65082227647 2.03411534819 14.65
v 4.75184545586 2.06118442753 14.65
v 4.84663336987 2.10538475773 14.65
v 4.93230593568 2.16537333413 14.65
v 5.00626003574 2.23932743419 14.65
v 5.06624861214 2.325 14.65
v 5.11044894234 2.419787914 14.65
v 5.13751802168 2.5208110934 14.65
v 15.2658477444 4.63525491562 14.4
v 15.2506554974 4.80890309329 14.4
v 15.2055403652 4.97727505895 14.4
v 15.1318731482 5.13525491562 14.4
v 15.0318921875 5.27804252531 14.4
v 14.9086353541 5.40129935874 14.4
v 14.7658477444 5.50128031941 14.4
v 14.6078678878 5.57494753641 14.4
v 14.4394959221 5.62006266864 14.4
v 14.2658477444 5.63525491562 14.4
v 14.0921995668 5.62006266864 14.4
v 13.9238276011 5.57494753641 14.4
v 13.7658477444 5.50128031941 14.4
v 13.6230601347 5.40129935874 14.4
v 13.4998033013 5.27804252531 14.4
v 13.3998223406 5.13525491562 14.4
v 13.3261551236 4.97727505895 14.4
v 13.2810399914 4.80890309329 14.4
v 13.2658477444 4.63525491562 14.4
v 13.2810399914 4.46160673796 14.4
v 13.3261551236 4.2932347723 14.4
v 13.3998223406 4.13525491562 14.4
v 13.4998033013 3.99246730594 14.4
v 13.6230601347 3.86921047251 14.4
v 13.7658477444 3.76922951184 14.4
v 13.9238276011 3.69556229484 14.4
v 14.0921995668 3.65044716261 14.4
v 14.2658477444 3.63525491562 14.4
v 14.4394959221 3.65044716261 14.4
v 14.6078678878 3.69556229484 14.4
v 14.7658477444 3.76922951184 14.4
v 14.9086353541 3.86921047251 14.4
v 15.0318921875 3.99246730594 14.4
v 15.1318731482 4.13525491562 14.4
v 15.2055403652 4.2932347723 14.4
v 15.2506554974 4.46160673796 14.4
v 11 -2.69422295812e-15 14.85
v 10.8748828028 1.65436514246 14.85
v 10.5023774501 3.27109582498 14.85
v 9.89095791001 4.81341371818 14.85
v 9.05453310978 6.24623327806 14.85
v 8.01213052694 7.53695989238 14.85
v 8.01213052694 -7.53695989238 14.85
v 9.05453310978 -6.24623327806 14.85
v 9.89095791001 -4.81341371818 14.85
v 10.5023774501 -3.27109582498 14.85
v 10.8748828028 -1.65436514246 14.85
v 15.8658477444 -4.63525491562 14.85
v 15.8415401492 -4.35741783136 14.85
v 15.7693559377 -4.0880226863 14.85
v 15.6514883905 -3.83525491562 14.85
v 15.4915188534 -3.60679474013 14.85
v 15.2943079199 -3.40958380663 14.85
v 15.0658477444 -3.24961426957 14.85
v 14.8130799737 -3.13174672237 14.85
v 14.5436848287 -3.0595625108 14.85
v 14.2658477444 -3.03525491562 14.85
v 13.9880106602 -3.0595625108 14.85
v 13.7186155151 -3.13174672237 14.85
v 13.4658477444 -3.24961426957 14.85
v 13.2373875689 -3.40958380663 14.85
v 13.0401766354 -3.60679474013 14.85
v 12.8802070984 -3.83525491562 14.85
v 12.7623395512 -4.0880226863 14.85
v 12.6901553396 -4.35741783136 14.85
v 12.6658477444 -4.63525491562 14.85
v 12.6901553396 -4.91309199989 14.85
v 12.7623395512 -5.18248714495 14.85
v 12.8802070984 -5.43525491562 14.85
v 13.0401766354 -5.66371509112 14.85
v 13.2373875689 -5.86092602461 14.85
v 13.4658477444 -6.02089556168 14.85
v 13.7186155151 -6.13876310888 14.85
v 13.9880106602 -6.21094732044 14.85
v 14.2658477444 -6.23525491562 14.85
v 14.5436848287 -6.21094732044 14.85
v 14.8130799737 -6.13876310888 14.85
v 15.0658477444 -6.02089556168 14.85
v 15.2943079199 -5.86092602461 14.85
v 15.4915188534 -5.66371509112 14.85
v 15.6514883905 -5.43525491562 14.85
v 15.7693559377 -5.18248714495 14.85
v 15.8415401492 -4.91309199989 14.85
v 15.8658477444 4.63525491562 14.85
v 15.8415401492 4.91309199989 14.85
v 15.7693559377 5.18248714495 14.85
v 15.6514883905 5.43525491562 14.85
v 15.4915188534 5.66371509112 14.85
v 15.2943079199 5.86092602461 14.85
v 15.0658477444 6.02089556168 14.85
v 14.8130799737 6.13876310888 14.85
v 14.5436848287 6.21094732044 14.85
v 14.2658477444 6.23525491562 14.85
v 13.9880106602 6.21094732044 14.85
v 13.7186155151 6.13876310888 14.85
v 13.4658477444 6.02089556168 14.85
v 13.2373875689 5.86092602461 14.85
v 13.0401766354 5.66371509112 14.85
v 12.8802070984 5.43525491562 14.85
v 12.7623395512 5.18248714495 14.85
v 12.6901553396 4.91309199989 14.85
v 12.6658477444 4.63525491562 14.85
v 12.6901553396 4.35741783136 14.85
v 12.7623395512 4.0880226863 14.85
v 12.8802070984 3.83525491562 14.85
v 13.0401766354 3.60679474013 14.85
v 13.2373875689 3.40958380663 14.85
v 13.4658477444 3.24961426957 14.85
v 13.7186155151 3.13174672237 14.85
v 13.9880106602 3.0595625108 14.85
v 14.2658477444 3.03525491562 14.85
v 14.5436848287 3.0595625108 14.85
v 14.8130799737 3.13174672237 14.85
v 15.0658477444 3.24961426957 14.85
v 15.2943079199 3.40958380663 14.85
v 15.4915188534 3.60679474013 14.85
v 15.6514883905 3.83525491562 14.85
v 15.7693559377 4.0880226863 14.85
v 15.8415401492 4.35741783136 14.85
v 11 -2.69422295812e-15 14.4
v 10.8748828028 1.65436514246 14.4
v 10.5023774501 3.27109582498 14.4
v 9.89095791001 4.81341371818 14.4
v 9.05453310978 6.24623327806 14.4
v 8.01213052694 7.53695989238 14.4
v 6.4 -1.56754790291e-15 14.4
v 6.30276961928 1.11134833707 14.4
v 6.01403277303 2.18892891728 14.4
v 5.54256258422 3.2 14.4
v 4.90268443596 4.11384070199 14.4
v 4.11384070199 4.90268443596 14.4
v 3.2 5.54256258422 14.4
v 2.18892891728 6.01403277303 14.4
v 1.11134833707 6.30276961928 14.4
v -3.87136943883e-15 6.4 14.4
v -1.11134833707 6.30276961928 14.4
v -2.18892891728 6.01403277303 14.4
v -3.2 5.54256258422 14.4
v -4.11384070199 4.90268443596 14.4
v -4.90268443596 4.11384070199 14.4
v -5.54256258422 3.2 14.4
v -6.01403277303 2.18892891728 14.4
v -6.30276961928 1.11134833707 14.4
v -6.4 -1.34270807637e-14 14.4
v -6.30276961928 -1.11134833707 14.4
v -6.01403277303 -2.18892891728 14.4
v -5.54256258422 -3.2 14.4
v -4.90268443596 -4.11384070199 14.4
v -4.11384070199 -4.90268443596 14.4
v -3.2 -5.54256258422 14.4
v -2.18892891728 -6.01403277303 14.4
v -1.11134833707 -6.30276961928 14.4
v 1.58773647311e-14 -6.4 14.4
v 1.11134833707 -6.30276961928 14.4
v 2.18892891728 -6.01403277303 14.4
v 3.2 -5.54256258422 14.4
v 4.11384070199 -4.90268443596 14.4
v 4.90268443596 -4.11384070199 14.4
v 5.54256258422 -3.2 14.4
v 6.01403277303 -2.18892891728 14.4
v 6.30276961928 -1.11134833707 14.4
v 2.37394968248 10.7407803676 14.4
v 0.58086877562 10.9846525419 14.4
v -1.22793213383 10.9312479926 14.4
v -3.0035016197 10.5820120025 14.4
v -4.69778759502 9.94639591571 14.4
v -6.2649377416 9.04160135672 14.4
v -7.66254040745 7.8921147042 14.4
v -8.8527723897 6.5290444183 14.4
v -9.80342254081 4.98927915498 14.4
v -10.4887634961 3.31448945147 14.4
v -10.4887634961 -3.31448945147 14.4
v -9.80342254081 -4.98927915498 14.4
v -8.8527723897 -6.5290444183 14.4
v -7.66254040745 -7.8921147042 14.4
v -6.2649377416 -9.04160135672 14.4
v -4.69778759502 -9.94639591571 14.4
v -3.0035016197 -10.5820120025 14.4
v -1.22793213383 -10.9312479926 14.4
v 0.58086877562 -10.9846525419 14.4
v 2.37394968248 -10.7407803676 14.4
v 8.01213052694 -7.53695989238 14.4
v 9.05453310978 -6.24623327806 14.4
v 9.89095791001 -4.81341371818 14.4
v 10.5023774501 -3.27109582498 14.4
v 10.8748828028 -1.65436514246 14.4
v 2.37394968248 10.7407803676 14.85
v 0.58086877562 10.9846525419 14.85
v -1.22793213383 10.9312479926 14.85
v -3.0035016197 10.5820120025 14.85
v -4.69778759502 9.94639591571 14.85
v -6.2649377416 9.04160135672 14.85
v -7.66254040745 7.8921147042 14.85
v -8.8527723897 6.5290444183 14.85
v -9.80342254081 4.98927915498 14.85
v -10.4887634961 3.31448945147 14.85
v -9.54717238216 10.0369590954 14.85
v -9.57147997734 10.3147961796 14.85
v -9.6436641889 10.5841913247 14.85
v -9.76153173611 10.8369590954 14.85
v -9.92150127317 11.0654192709 14.85
v -10.1187122067 11.2626302044 14.85
v -10.3471723822 11.4225997414 14.85
v -10.5999401528 11.5404672886 14.85
v -10.8693352979 11.6126515002 14.85
v -11.1471723822 11.6369590954 14.85
v -11.4250094664 11.6126515002 14.85
v -11.6944046115 11.5404672886 14.85
v -11.9471723822 11.4225997414 14.85
v -12.1756325577 11.2626302044 14.85
v -12.3728434912 11.0654192709 14.85
v -12.5328130282 10.8369590954 14.85
v -12.6506805754 10.5841913247 14.85
v -12.722864787 10.3147961796 14.85
v -12.7471723822 10.0369590954 14.85
v -12.722864787 9.75912201112 14.85
v -12.6506805754 9.48972686606 14.85
v -12.5328130282 9.23695909538 14.85
v -12.3728434912 9.00849891988 14.85
v -12.1756325577 8.81128798639 14.85
v -11.9471723822 8.65131844933 14.85
v -11.6944046115 8.53345090213 14.85
v -11.4250094664 8.46126669056 14.85
v -11.1471723822 8.43695909538 14.85
v -10.8693352979 8.46126669056 14.85
v -10.5999401528 8.53345090213 14.85
v -10.3471723822 8.65131844933 14.85
v -10.1187122067 8.81128798639 14.85
v -9.92150127317 9.00849891988 14.85
v -9.76153173611 9.23695909538 14.85
v -9.6436641889 9.48972686606 14.85
v -9.57147997734 9.75912201112 14.85
v -1.51867536227 14.672214011 14.85
v -1.54298295745 14.9500510953 14.85
v -1.61516716901 15.2194462403 14.85
v -1.73303471621 15.472214011 14.85
v -1.89300425328 15.7006741865 14.85
v -2.09021518677 15.89788512 14.85
v -2.31867536227 16.0578546571 14.85
v -2.57144313295 16.1757222043 14.85
v -2.840838278 16.2479064158 14.85
v -3.11867536227 16.272214011 14.85
v -3.39651244653 16.2479064158 14.85
v -3.66590759159 16.1757222043 14.85
v -3.91867536227 16.0578546571 14.85
v -4.14713553776 15.89788512 14.85
v -4.34434647126 15.7006741865 14.85
v -4.50431600832 15.472214011 14.85
v -4.62218355552 15.2194462403 14.85
v -4.69436776709 14.9500510953 14.85
v -4.71867536227 14.672214011 14.85
v -4.69436776709 14.3943769267 14.85
v -4.62218355552 14.1249817817 14.85
v -4.50431600832 13.872214011 14.85
v -4.34434647126 13.6437538355 14.85
v -4.14713553776 13.446542902 14.85
v -3.91867536227 13.286573365 14.85
v -3.66590759159 13.1687058177 14.85
v -3.39651244653 13.0965216062 14.85
v -3.11867536227 13.072214011 14.85
v -2.840838278 13.0965216062 14.85
v -2.57144313295 13.1687058177 14.85
v -2.31867536227 13.286573365 14.85
v -2.09021518677 13.446542902 14.85
v -1.89300425328 13.6437538355 14.85
v -1.73303471621 13.872214011 14.85
v -1.61516716901 14.1249817817 14.85
v -1.54298295745 14.3943769267 14.85
v -10.4887634961 -3.31448945147 14.85
v -9.80342254081 -4.98927915498 14.85
v -8.8527723897 -6.5290444183 14.85
v -7.66254040745 -7.8921147042 14.85
v -6.2649377416 -9.04160135672 14.85
v -4.69778759502 -9.94639591571 14.85
v -3.0035016197 -10.5820120025 14.85
v -1.22793213383 -10.9312479926 14.85
v 0.58086877562 -10.9846525419 14.85
v 2.37394968248 -10.7407803676 14.85
v -1.51867536227 -14.672214011 14.85
v -1.54298295745 -14.3943769267 14.85
v -1.61516716901 -14.1249817817 14.85
v -1.73303471621 -13.872214011 14.85
v -1.89300425328 -13.6437538355 14.85
v -2.09021518677 -13.446542902 14.85
v -2.31867536227 -13.286573365 14.85
v -2.57144313295 -13.1687058177 14.85
v -2.840838278 -13.0965216062 14.85
v -3.11867536227 -13.072214011 14.85
v -3.39651244653 -13.0965216062 14.85
v -3.66590759159 -13.1687058177 14.85
v -3.91867536227 -13.286573365 14.85
v -4.14713553776 -13.446542902 14.85
v -4.34434647126 -13.6437538355 14.85
v -4.50431600832 -13.872214011 14.85
v -4.62218355552 -14.1249817817 14.85
v -4.69436776709 -14.3943769267 14.85
v -4.71867536227 -14.672214011 14.85
v -4.69436776709 -14.9500510953 14.85
v -4.62218355552 -15.2194462403 14.85
v -4.50431600832 -15.472214011 14.85
v -4.34434647126 -15.7006741865 14.85
v -4.14713553776 -15.89788512 14.85
v -3.91867536227 -16.0578546571 14.85
v -3.66590759159 -16.1757222043 14.85
v -3.39651244653 -16.2479064158 14.85
v -3.11867536227 -16.272214011 14.85
v -2.840838278 -16.2479064158 14.85
v -2.57144313295 -16.1757222043 14.85
v -2.31867536227 -16.0578546571 14.85
v -2.09021518677 -15.89788512 14.85
v -1.89300425328 -15.7006741865 14.85
v -1.73303471621 -15.472214011 14.85
v -1.61516716901 -15.2194462403 14.85
v -1.54298295745 -14.9500510953 14.85
v -9.54717238216 -10.0369590954 14.85
v -9.57147997734 -9.75912201112 14.85
v -9.6436641889 -9.48972686606 14.85
v -9.76153173611 -9.23695909538 14.85
v -9.92150127317 -9.00849891988 14.85
v -10.1187122067 -8.81128798639 14.85
v -10.3471723822 -8.65131844933 14.85
v -10.5999401528 -8.53345090213 14.85
v -10.8693352979 -8.46126669056 14.85
v -11.1471723822 -8.43695909538 14.85
v -11.4250094664 -8.46126669056 14.85
v -11.6944046115 -8.53345090213 14.85
v -11.9471723822 -8.65131844933 14.85
v -12.1756325577 -8.81128798639 14.85
v -12.3728434912 -9.00849891988 14.85
v -12.5328130282 -9.23695909538 14.85
v -12.6506805754 -9.48972686606 14.85
v -12.722864787 -9.75912201112 14.85
v -12.7471723822 -10.0369590954 14.85
v -12.722864787 -10.3147961796 14.85
v -12.6506805754 -10.5841913247 14.85
v -12.5328130282 -10.8369590954 14.85
v -12.3728434912 -11.0654192709 14.85
v -12.1756325577 -11.2626302044 14.85
v -11.9471723822 -11.4225997414 14.85
v -11.6944046115 -11.5404672886 14.85
v -11.4250094664 -11.6126515002 14.85
v -11.1471723822 -11.6369590954 14.85
v -10.8693352979 -11.6126515002 14.85
v -10.5999401528 -11.5404672886 14.85
v -10.3471723822 -11.4225997414 14.85
v -10.1187122067 -11.2626302044 14.85
v -9.92150127317 -11.0654192709 14.85
v -9.76153173611 -10.8369590954 14.85
v -9.6436641889 -10.5841913247 14.85
v -9.57147997734 -10.3147961796 14.85
v -9.54717238216 -10.0369590954 14.4
v -9.57147997734 -9.75912201112 14.4
v -9.6436641889 -9.48972686606 14.4
v -9.76153173611 -9.23695909538 14.4
v -9.92150127317 -9.00849891988 14.4
v -10.1187122067 -8.81128798639 14.4
v -10.3471723822 -8.65131844933 14.4
v -10.5999401528 -8.53345090213 14.4
v -10.8693352979 -8.46126669056 14.4
v -11.1471723822 -8.43695909538 14.4
v -11.4250094664 -8.46126669056 14.4
v -11.6944046115 -8.53345090213 14.4
v -11.9471723822 -8.65131844933 14.4
v -12.1756325577 -8.81128798639 14.4
v -12.3728434912 -9.00849891988 14.4
v -12.5328130282 -9.23695909538 14.4
v -12.6506805754 -9.48972686606 14.4
v -12.722864787 -9.75912201112 14.4
v -12.7471723822 -10.0369590954 14.4
v -12.722864787 -10.3147961796 14.4
v -12.6506805754 -10.5841913247 14.4
v -12.5328130282 -10.8369590954 14.4
v -12.3728434912 -11.0654192709 14.4
v -12.1756325577 -11.2626302044 14.4
v -11.9471723822 -11.4225997414 14.4
v -11.6944046115 -11.5404672886 14.4
v -11.4250094664 -11.6126515002 14.4
v -11.1471723822 -11.6369590954 14.4
v -10.8693352979 -11.6126515002 14.4
v -10.5999401528 -11.5404672886 14.4
v -10.3471723822 -11.4225997414 14.4
v -10.1187122067 -11.2626302044 14.4
v -9.92150127317 -11.0654192709 14.4
v -9.76153173611 -10.8369590954 14.4
v -9.6436641889 -10.5841913247 14.4
v -9.57147997734 -10.3147961796 14.4
v -1.51867536227 -14.672214011 14.4
v -1.54298295745 -14.3943769267 14.4
v -1.61516716901 -14.1249817817 14.4
v -1.73303471621 -13.872214011 14.4
v -1.89300425328 -13.6437538355 14.4
v -2.09021518677 -13.446542902 14.4
v -2.31867536227 -13.286573365 14.4
v -2.57144313295 -13.1687058177 14.4
v -2.840838278 -13.0965216062 14.4
v -3.11867536227 -13.072214011 14.4
v -3.39651244653 -13.0965216062 14.4
v -3.66590759159 -13.1687058177 14.4
v -3.91867536227 -13.286573365 14.4
v -4.14713553776 -13.446542902 14.4
v -4.34434647126 -13.6437538355 14.4
v -4.50431600832 -13.872214011 14.4
v -4.62218355552 -14.1249817817 14.4
v -4.69436776709 -14.3943769267 14.4
v -4.71867536227 -14.672214011 14.4
v -4.69436776709 -14.9500510953 14.4
v -4.62218355552 -15.2194462403 14.4
v -4.50431600832 -15.472214011 14.4
v -4.34434647126 -15.7006741865 14.4
v -4.14713553776 -15.89788512 14.4
v -3.91867536227 -16.0578546571 14.4
v -3.66590759159 -16.1757222043 14.4
v -3.39651244653 -16.2479064158 14.4
v -3.11867536227 -16.272214011 14.4
v -2.840838278 -16.2479064158 14.4
v -2.57144313295 -16.1757222043 14.4
v -2.31867536227 -16.0578546571 14.4
v -2.09021518677 -15.89788512 14.4
v -1.89300425328 -15.7006741865 14.4
v -1.73303471621 -15.472214011 14.4
v -1.61516716901 -15.2194462403 14.4
v -1.54298295745 -14.9500510953 14.4
v 1.05 -5.25 14.65
v 1.03404814066 -5.06766941345 14.65
v 0.986677251825 -4.89087884951 14.65
v 0.909326673974 -4.725 14.65
v 0.804346665275 -4.57507300983 14.65
v 0.674926990171 -4.44565333473 14.65
v 0.525 -4.34067332603 14.65
v 0.359121150492 -4.26332274817 14.65
v 0.18233058655 -4.21595185934 14.65
v -1.59955590289e-15 -4.2 14.65
v -0.18233058655 -4.21595185934 14.65
v -0.359121150492 -4.26332274817 14.65
v -0.525 -4.34067332603 14.65
v -0.674926990171 -4.44565333473 14.65
v -0.804346665275 -4.57507300983 14.65
v -0.909326673974 -4.725 14.65
v -0.986677251825 -4.89087884951 14.65
v -1.03404814066 -5.06766941345 14.65
v -1.05 -5.25 14.65
v -1.03404814066 -5.43233058655 14.65
v -0.986677251825 -5.60912115049 14.65
v -0.909326673974 -5.775 14.65
v -0.804346665275 -5.92492699017 14.65
v -0.674926990171 -6.05434666527 14.65
v -0.525 -6.15932667397 14.65
v -0.359121150492 -6.23667725183 14.65
v -0.18233058655 -6.28404814066 14.65
v 1.64047079686e-15 -6.3 14.65
v 0.18233058655 -6.28404814066 14.65
v 0.359121150492 -6.23667725183 14.65
v 0.525 -6.15932667397 14.65
v 0.674926990171 -6.05434666527 14.65
v 0.804346665275 -5.92492699017 14.65
v 0.909326673974 -5.775 14.65
v 0.986677251825 -5.60912115049 14.65
v 1.03404814066 -5.43233058655 14.65
v 6.4 -1.56754790291e-15 15
v 6.30276961928 1.11134833707 15
v 6.01403277303 2.18892891728 15
v 5.54256258422 3.2 15
v 4.90268443596 4.11384070199 15
v 4.11384070199 4.90268443596 15
v 3.2 5.54256258422 15
v 2.18892891728 6.01403277303 15
v 1.11134833707 6.30276961928 15
v -3.87136943883e-15 6.4 15
v -1.11134833707 6.30276961928 15
v -2.18892891728 6.01403277303 15
v -3.2 5.54256258422 15
v -4.11384070199 4.90268443596 15
v -4.90268443596 4.11384070199 15
v -5.54256258422 3.2 15
v -6.01403277303 2.18892891728 15
v -6.30276961928 1.11134833707 15
v -6.4 -1.34270807637e-14 15
v -6.30276961928 -1.11134833707 15
v -6.01403277303 -2.18892891728 15
v -5.54256258422 -3.2 15
v -4.90268443596 -4.11384070199 15
v -4.11384070199 -4.90268443596 15
v -3.2 -5.54256258422 15
v -2.18892891728 -6.01403277303 15
v -1.11134833707 -6.30276961928 15
v 1.58773647311e-14 -6.4 15
v 1.11134833707 -6.30276961928 15
v 2.18892891728 -6.01403277303 15
v 3.2 -5.54256258422 15
v 4.11384070199 -4.90268443596 15
v 4.90268443596 -4.11384070199 15
v 5.54256258422 -3.2 15
v 6.01403277303 -2.18892891728 15
v 6.30276961928 -1.11134833707 15
v 1.05 -5.25 15
v 1.03404814066 -5.06766941345 15
v 0.986677251825 -4.89087884951 15
v 0.909326673974 -4.725 15
v 0.804346665275 -4.57507300983 15
v 0.674926990171 -4.44565333473 15
v 0.525 -4.34067332603 15
v 0.359121150492 -4.26332274817 15
v 0.18233058655 -4.21595185934 15
v -1.59955590289e-15 -4.2 15
v -0.18233058655 -4.21595185934 15
v -0.359121150492 -4.26332274817 15
v -0.525 -4.34067332603 15
v -0.674926990171 -4.44565333473 15
v -0.804346665275 -4.57507300983 15
v -0.909326673974 -4.725 15
v -0.986677251825 -4.89087884951 15
v -1.03404814066 -5.06766941345 15
v -1.05 -5.25 15
v -1.03404814066 -5.43233058655 15
v -0.986677251825 -5.60912115049 15
v -0.909326673974 -5.775 15
v -0.804346665275 -5.92492699017 15
v -0.674926990171 -6.05434666527 15
v -0.525 -6.15932667397 15
v -0.359121150492 -6.23667725183 15
v -0.18233058655 -6.28404814066 15
v 1.64047079686e-15 -6.3 15
v 0.18233058655 -6.28404814066 15
v 0.359121150492 -6.23667725183 15
v 0.525 -6.15932667397 15
v 0.674926990171 -6.05434666527 15
v 0.804346665275 -5.92492699017 15
v 0.909326673974 -5.775 15
v 0.986677251825 -5.60912115049 15
v 1.03404814066 -5.43233058655 15
v -3.49663336987 2.625 15
v -3.51258522921 2.80733058655 15
v -3.55995611804 2.98412115049 15
v -3.63730669589 3.15 15
v -3.74228670459 3.29992699017 15
v -3.8717063797 3.42934666527 15
v -4.02163336987 3.53432667397 15
v -4.18751221938 3.61167725183 15
v -4.36430278332 3.65904814066 15
v -4.54663336987 3.675 15
v -4.72896395642 3.65904814066 15
v -4.90575452036 3.61167725183 15
v -5.07163336987 3.53432667397 15
v -5.22156036004 3.42934666527 15
v -5.35098003514 3.29992699017 15
v -5.45596004384 3.15 15
v -5.53331062169 2.98412115049 15
v -5.58068151053 2.80733058655 15
v -5.59663336987 2.625 15
v -5.58068151053 2.44266941345 15
v -5.53331062169 2.26587884951 15
v -5.45596004384 2.1 15
v -5.35098003514 1.95007300983 15
v -5.22156036004 1.82065333473 15
v -5.07163336987 1.71567332603 15
v -4.90575452036 1.63832274817 15
v -4.72896395642 1.59095185934 15
v -4.54663336987 1.575 15
v -4.36430278332 1.59095185934 15
v -4.18751221938 1.63832274817 15
v -4.02163336987 1.71567332603 15
v -3.8717063797 1.82065333473 15
v -3.74228670459 1.95007300983 15
v -3.63730669589 2.1 15
v -3.55995611804 2.26587884951 15
v -3.51258522921 2.44266941345 15
v 5.59663336987 2.625 15
v 5.58068151053 2.80733058655 15
v 5.53331062169 2.98412115049 15
v 5.45596004384 3.15 15
v 5.35098003514 3.29992699017 15
v 5.22156036004 3.42934666527 15
v 5.07163336987 3.53432667397 15
v 4.90575452036 3.61167725183 15
v 4.72896395642 3.65904814066 15
v 4.54663336987 3.675 15
v 4.36430278332 3.65904814066 15
v 4.18751221938 3.61167725183 15
v 4.02163336987 3.53432667397 15
v 3.8717063797 3.42934666527 15
v 3.74228670459 3.29992699017 15
v 3.63730669589 3.15 15
v 3.55995611804 2.98412115049 15
v 3.51258522921 2.80733058655 15
v 3.49663336987 2.625 15
v 3.51258522921 2.44266941345 15
v 3.55995611804 2.26587884951 15
v 3.63730669589 2.1 15
v 3.74228670459 1.95007300983 15
v 3.8717063797 1.82065333473 15
v 4.02163336987 1.71567332603 15
v 4.18751221938 1.63832274817 15
v 4.36430278332 1.59095185934 15
v 4.54663336987 1.575 15
v 4.72896395642 1.59095185934 15
v 4.90575452036 1.63832274817 15
v 5.07163336987 1.71567332603 15
v 5.22156036004 1.82065333473 15
v 5.35098003514 1.95007300983 15
v 5.45596004384 2.1 15
v 5.53331062169 2.26587884951 15
v 5.58068151053 2.44266941345 15
v 15.8658477444 -4.63525491562 14.4
v 15.8415401492 -4.35741783136 14.4
v 15.7693559377 -4.0880226863 14.4
v 15.6514883905 -3.83525491562 14.4
v 15.4915188534 -3.60679474013 14.4
v 15.2943079199 -3.40958380663 14.4
v 15.0658477444 -3.24961426957 14.4
v 14.8130799737 -3.13174672237 14.4
v 14.5436848287 -3.0595625108 14.4
v 14.2658477444 -3.03525491562 14.4
v 13.9880106602 -3.0595625108 14.4
v 13.7186155151 -3.13174672237 14.4
v 13.4658477444 -3.24961426957 14.4
v 13.2373875689 -3.40958380663 14.4
v 13.0401766354 -3.60679474013 14.4
v 12.8802070984 -3.83525491562 14.4
v 12.7623395512 -4.0880226863 14.4
v 12.6901553396 -4.35741783136 14.4
v 12.6658477444 -4.63525491562 14.4
v 12.6901553396 -4.91309199989 14.4
v 12.7623395512 -5.18248714495 14.4
v 12.8802070984 -5.43525491562 14.4
v 13.0401766354 -5.66371509112 14.4
v 13.2373875689 -5.86092602461 14.4
v 13.4658477444 -6.02089556168 14.4
v 13.7186155151 -6.13876310888 14.4
v 13.9880106602 -6.21094732044 14.4
v 14.2658477444 -6.23525491562 14.4
v 14.5436848287 -6.21094732044 14.4
v 14.8130799737 -6.13876310888 14.4
v 15.0658477444 -6.02089556168 14.4
v 15.2943079199 -5.86092602461 14.4
v 15.4915188534 -5.66371509112 14.4
v 15.6514883905 -5.43525491562 14.4
v 15.7693559377 -5.18248714495 14.4
v 15.8415401492 -4.91309199989 14.4
v -3.49663336987 2.625 14.65
v -3.51258522921 2.80733058655 14.65
v -3.55995611804 2.98412115049 14.65
v -3.63730669589 3.15 14.65
v -3.74228670459 3.29992699017 14.65
v -3.8717063797 3.42934666527 14.65
v -4.02163336987 3.53432667397 14.65
v -4.18751221938 3.61167725183 14.65
v -4.36430278332 3.65904814066 14.65
v -4.54663336987 3.675 14.65
v -4.72896395642 3.65904814066 14.65
v -4.90575452036 3.61167725183 14.65
v -5.07163336987 3.53432667397 14.65
v -5.22156036004 3.42934666527 14.65
v -5.35098003514 3.29992699017 14.65
v -5.45596004384 3.15 14.65
v -5.53331062169 2.98412115049 14.65
v -5.58068151053 2.80733058655 14.65
v -5.59663336987 2.625 14.65
v -5.58068151053 2.44266941345 14.65
v -5.53331062169 2.26587884951 14.65
v -5.45596004384 2.1 14.65
v -5.35098003514 1.95007300983 14.65
v -5.22156036004 1.82065333473 14.65
v -5.07163336987 1.71567332603 14.65
v -4.90575452036 1.63832274817 14.65
v -4.72896395642 1.59095185934 14.65
v -4.54663336987 1.575 14.65
v -4.36430278332 1.59095185934 14.65
v -4.18751221938 1.63832274817 14.65
v -4.02163336987 1.71567332603 14.65
v -3.8717063797 1.82065333473 14.65
v -3.74228670459 1.95007300983 14.65
v -3.63730669589 2.1 14.65
v -3.55995611804 2.26587884951 14.65
v -3.51258522921 2.44266941345 14.65
v -9.54717238216 10.0369590954 14.4
v -9.57147997734 10.3147961796 14.4
v -9.6436641889 10.5841913247 14.4
v -9.76153173611 10.8369590954 14.4
v -9.92150127317 11.0654192709 14.4
v -10.1187122067 11.2626302044 14.4
v -10.3471723822 11.4225997414 14.4
v -10.5999401528 11.5404672886 14.4
v -10.8693352979 11.6126515002 14.4
v -11.1471723822 11.6369590954 14.4
v -11.4250094664 11.6126515002 14.4
v -11.6944046115 11.5404672886 14.4
v -11.9471723822 11.4225997414 14.4
v -12.1756325577 11.2626302044 14.4
v -12.3728434912 11.0654192709 14.4
v -12.5328130282 10.8369590954 14.4
v -12.6506805754 10.5841913247 14.4
v -12.722864787 10.3147961796 14.4
v -12.7471723822 10.0369590954 14.4
v -12.722864787 9.75912201112 14.4
v -12.6506805754 9.48972686606 14.4
v -12.5328130282 9.23695909538 14.4
v -12.3728434912 9.00849891988 14.4
v -12.1756325577 8.81128798639 14.4
v -11.9471723822 8.65131844933 14.4
v -11.6944046115 8.53345090213 14.4
v -11.4250094664 8.46126669056 14.4
v -11.1471723822 8.43695909538 14.4
v -10.8693352979 8.46126669056 14.4
v -10.5999401528 8.53345090213 14.4
v -10.3471723822 8.65131844933 14.4
v -10.1187122067 8.81128798639 14.4
v -9.92150127317 9.00849891988 14.4
v -9.76153173611 9.23695909538 14.4
v -9.6436641889 9.48972686606 14.4
v -9.57147997734 9.75912201112 14.4
v -1.51867536227 14.672214011 14.4
v -1.54298295745 14.9500510953 14.4
v -1.61516716901 15.2194462403 14.4
v -1.73303471621 15.472214011 14.4
v -1.89300425328 15.7006741865 14.4
v -2.09021518677 15.89788512 14.4
v -2.31867536227 16.0578546571 14.4
v -2.57144313295 16.1757222043 14.4
v -2.840838278 16.2479064158 14.4
v -3.11867536227 16.272214011 14.4
v -3.39651244653 16.2479064158 14.4
v -3.66590759159 16.1757222043 14.4
v -3.91867536227 16.0578546571 14.4
v -4.14713553776 15.89788512 14.4
v -4.34434647126 15.7006741865 14.4
v -4.50431600832 15.472214011 14.4
v -4.62218355552 15.2194462403 14.4
v -4.69436776709 14.9500510953 14.4
v -4.71867536227 14.672214011 14.4
v -4.69436776709 14.3943769267 14.4
v -4.62218355552 14.1249817817 14.4
v -4.50431600832 13.872214011 14.4
v -4.34434647126 13.6437538355 14.4
v -4.14713553776 13.446542902 14.4
v -3.91867536227 13.286573365 14.4
v -3.66590759159 13.1687058177 14.4
v -3.39651244653 13.0965216062 14.4
v -3.11867536227 13.072214011 14.4
v -2.840838278 13.0965216062 14.4
v -2.57144313295 13.1687058177 14.4
v -2.31867536227 13.286573365 14.4
v -2.09021518677 13.446542902 14.4
v -1.89300425328 13.6437538355 14.4
v -1.73303471621 13.872214011 14.4
v -1.61516716901 14.1249817817 14.4
v -1.54298295745 14.3943769267 14.4
v 5.59663336987 2.625 14.65
v 5.58068151053 2.80733058655 14.65
v 5.53331062169 2.98412115049 14.65
v 5.45596004384 3.15 14.65
v 5.35098003514 3.29992699017 14.65
v 5.22156036004 3.42934666527 14.65
v 5.07163336987 3.53432667397 14.65
v 4.90575452036 3.61167725183 14.65
v 4.72896395642 3.65904814066 14.65
v 4.54663336987 3.675 14.65
v 4.36430278332 3.65904814066 14.65
v 4.18751221938 3.61167725183 14.65
v 4.02163336987 3.53432667397 14.65
v 3.8717063797 3.42934666527 14.65
v 3.74228670459 3.29992699017 14.65
v 3.63730669589 3.15 14.65
v 3.55995611804 2.98412115049 14.65
v 3.51258522921 2.80733058655 14.65
v 3.49663336987 2.625 14.65
v 3.51258522921 2.44266941345 14.65
v 3.55995611804 2.26587884951 14.65
v 3.63730669589 2.1 14.65
v 3.74228670459 1.95007300983 14.65
v 3.8717063797 1.82065333473 14.65
v 4.02163336987 1.71567332603 14.65
v 4.18751221938 1.63832274817 14.65
v 4.36430278332 1.59095185934 14.65
v 4.54663336987 1.575 14.65
v 4.72896395642 1.59095185934 14.65
v 4.90575452036 1.63832274817 14.65
v 5.07163336987 1.71567332603 14.65
v 5.22156036004 1.82065333473 14.65
v 5.35098003514 1.95007300983 14.65
v 5.45596004384 2.1 14.65
v 5.53331062169 2.26587884951 14.65
v 5.58068151053 2.44266941345 14.65
v 15.8658477444 4.63525491562 14.4
v 15.8415401492 4.91309199989 14.4
v 15.7693559377 5.18248714495 14.4
v 15.6514883905 5.43525491562 14.4
v 15.4915188534 5.66371509112 14.4
v 15.2943079199 5.86092602461 14.4
v 15.0658477444 6.02089556168 14.4
v 14.8130799737 6.13876310888 14.4
v 14.5436848287 6.21094732044 14.4
v 14.2658477444 6.23525491562 14.4
v 13.9880106602 6.21094732044 14.4
v 13.7186155151 6.13876310888 14.4
v 13.4658477444 6.02089556168 14.4
v 13.2373875689 5.86092602461 14.4
v 13.0401766354 5.66371509112 14.4
v 12.8802070984 5.43525491562 14.4
v 12.7623395512 5.18248714495 14.4
v 12.6901553396 4.91309199989 14.4
v 12.6658477444 4.63525491562 14.4
v 12.6901553396 4.35741783136 14.4
v 12.7623395512 4.0880226863 14.4
v 12.8802070984 3.83525491562 14.4
v 13.0401766354 3.60679474013 14.4
v 13.2373875689 3.40958380663 14.4
v 13.4658477444 3.24961426957 14.4
v 13.7186155151 3.13174672237 14.4
v 13.9880106602 3.0595625108 14.4
v 14.2658477444 3.03525491562 14.4
v 14.5436848287 3.0595625108 14.4
v 14.8130799737 3.13174672237 14.4
v 15.0658477444 3.24961426957 14.4
v 15.2943079199 3.40958380663 14.4
v 15.4915188534 3.60679474013 14.4
v 15.6514883905 3.83525491562 14.4
v 15.7693559377 4.0880226863 14.4
v 15.8415401492 4.35741783136 14.4
f 2 1 38
f 2 38 39
f 3 39 40
f 3 2 39
f 4 40 41
f 4 3 40
f 5 41 42
f 5 4 41
f 6 42 43
f 6 5 42
f 7 6 43
f 7 43 44
f 8 7 44
f 8 44 45
f 9 8 45
f 9 45 46
f 9 46 47
f 10 9 47
f 11 10 47
f 11 47 48
f 12 11 48
f 12 48 49
f 13 12 49
f 13 49 50
f 14 13 50
f 14 50 51
f 15 14 51
f 15 51 52
f 15 52 53
f 16 15 53
f 17 16 53
f 17 53 54
f 18 17 54
f 18 54 55
f 19 18 55
f 19 55 56
f 20 56 57
f 20 19 56
f 21 57 58
f 21 20 57
f 22 58 59
f 22 21 58
f 23 59 60
f 23 22 59
f 24 60 61
f 24 23 60
f 25 61 62
f 25 62 63
f 25 24 61
f 26 63 64
f 26 25 63
f 27 26 64
f 28 64 65
f 28 27 64
f 29 65 66
f 29 66 67
f 29 28 65
f 30 67 68
f 30 29 67
f 31 68 69
f 31 30 68
f 32 69 70
f 32 31 69
f 33 32 70
f 33 70 71
f 34 33 71
f 35 34 71
f 35 71 72
f 35 72 73
f 36 35 73
f 36 73 74
f 37 36 74
f 1 37 74
f 1 74 38
f 95 24 25
f 94 23 24
f 94 24 95
f 96 25 26
f 96 95 25
f 93 23 94
f 93 22 23
f 97 26 27
f 97 96 26
f 92 22 93
f 92 21 22
f 98 27 28
f 98 97 27
f 102 21 92
f 102 20 21
f 91 102 92
f 99 98 28
f 99 28 29
f 19 20 102
f 103 19 102
f 100 99 29
f 30 100 29
f 18 19 103
f 101 100 30
f 115 18 103
f 115 103 104
f 31 101 30
f 17 18 115
f 89 101 31
f 90 101 89
f 114 17 115
f 32 89 31
f 16 17 114
f 88 89 32
f 113 16 114
f 33 88 32
f 15 16 113
f 83 82 88
f 83 88 33
f 112 15 113
f 34 83 33
f 84 83 34
f 14 15 112
f 111 14 112
f 35 85 84
f 35 84 34
f 13 111 110
f 13 14 111
f 36 86 85
f 36 85 35
f 12 110 109
f 12 13 110
f 37 87 86
f 37 86 36
f 11 109 108
f 11 12 109
f 1 76 75
f 1 75 87
f 1 87 37
f 10 108 107
f 10 11 108
f 2 76 1
f 2 77 76
f 9 107 106
f 9 10 107
f 116 106 105
f 3 77 2
f 3 78 77
f 117 81 80
f 8 9 106
f 8 106 116
f 4 78 3
f 4 79 78
f 7 8 116
f 7 116 117
f 5 79 4
f 5 80 79
f 6 80 5
f 6 117 80
f 6 7 117
f 141 61 140
f 142 61 141
f 139 61 60
f 139 140 61
f 138 139 60
f 143 61 142
f 137 138 60
f 144 61 143
f 144 62 61
f 136 137 60
f 145 62 144
f 135 136 60
f 146 62 145
f 134 60 59
f 134 135 60
f 147 62 146
f 133 134 59
f 148 62 147
f 148 63 62
f 132 133 59
f 149 63 148
f 131 132 59
f 131 59 58
f 130 131 58
f 129 58 57
f 129 130 58
f 128 129 57
f 177 64 176
f 175 64 63
f 175 176 64
f 178 64 177
f 174 175 63
f 179 64 178
f 173 174 63
f 180 65 64
f 180 64 179
f 172 173 63
f 181 65 180
f 171 63 149
f 171 172 63
f 182 65 181
f 170 171 149
f 170 149 150
f 183 65 182
f 169 150 151
f 169 170 150
f 184 65 183
f 168 169 151
f 168 151 152
f 185 65 184
f 185 66 65
f 167 152 153
f 167 168 152
f 186 66 185
f 166 167 153
f 166 153 118
f 187 66 186
f 188 66 187
f 165 118 119
f 165 166 118
f 67 188 189
f 67 189 154
f 67 66 188
f 67 154 155
f 68 67 155
f 68 155 156
f 212 164 165
f 213 164 212
f 213 163 164
f 211 165 119
f 211 119 120
f 211 212 165
f 214 163 213
f 214 162 163
f 210 120 121
f 210 211 120
f 215 161 162
f 215 162 214
f 216 160 161
f 216 161 215
f 209 121 122
f 209 210 121
f 208 122 123
f 208 209 122
f 217 159 160
f 217 160 216
f 207 208 123
f 218 158 159
f 218 159 217
f 219 157 158
f 219 158 218
f 220 156 157
f 220 157 219
f 221 69 68
f 221 68 156
f 221 156 220
f 222 69 221
f 223 69 222
f 320 126 127
f 321 125 126
f 321 126 320
f 319 320 127
f 319 127 128
f 319 128 57
f 322 125 321
f 322 124 125
f 323 124 322
f 318 57 56
f 318 319 57
f 317 318 56
f 357 55 54
f 356 357 54
f 355 356 54
f 358 55 357
f 248 205 206
f 248 206 207
f 249 204 205
f 249 205 248
f 359 56 55
f 359 55 358
f 354 54 53
f 354 355 54
f 247 248 207
f 247 123 124
f 247 124 323
f 247 207 123
f 250 203 204
f 250 204 249
f 360 316 317
f 360 56 359
f 360 317 56
f 353 354 53
f 246 247 323
f 246 323 324
f 246 324 325
f 251 201 202
f 251 202 203
f 251 203 250
f 361 315 316
f 361 316 360
f 352 353 53
f 245 325 326
f 245 246 325
f 252 200 201
f 252 201 251
f 351 352 53
f 362 314 315
f 362 315 361
f 350 351 53
f 363 314 362
f 363 313 314
f 244 326 327
f 244 245 326
f 253 198 199
f 253 199 200
f 253 200 252
f 349 350 53
f 364 312 313
f 364 313 363
f 243 244 327
f 243 327 328
f 243 328 329
f 254 197 198
f 254 198 253
f 365 311 312
f 365 312 364
f 242 329 330
f 242 243 329
f 255 195 196
f 255 196 197
f 255 197 254
f 366 310 311
f 366 311 365
f 367 309 310
f 367 310 366
f 241 330 331
f 241 331 332
f 241 242 330
f 256 194 195
f 256 195 255
f 52 349 53
f 52 346 347
f 52 347 348
f 52 348 349
f 368 308 309
f 368 309 367
f 345 346 52
f 369 307 308
f 369 308 368
f 344 345 52
f 257 193 194
f 257 194 256
f 240 332 333
f 240 241 332
f 258 191 192
f 258 192 193
f 258 193 257
f 239 298 299
f 239 333 298
f 239 240 333
f 238 299 300
f 238 239 299
f 259 191 258
f 237 300 301
f 237 238 300
f 236 301 302
f 236 302 303
f 236 237 301
f 235 236 303
f 51 340 341
f 51 341 342
f 51 342 343
f 51 343 344
f 51 344 52
f 428 228 229
f 429 227 228
f 429 228 428
f 430 227 429
f 427 428 229
f 431 226 227
f 431 227 430
f 426 229 230
f 426 427 229
f 425 426 230
f 425 230 231
f 432 226 431
f 432 261 226
f 433 260 261
f 433 261 432
f 424 425 231
f 423 231 232
f 423 424 231
f 434 260 433
f 435 259 260
f 435 260 434
f 422 232 233
f 422 423 232
f 421 422 233
f 421 233 234
f 420 421 234
f 419 420 234
f 419 234 235
f 284 69 223
f 284 70 69
f 285 70 284
f 283 284 223
f 283 223 224
f 286 71 70
f 286 70 285
f 282 224 225
f 282 283 224
f 287 71 286
f 288 71 287
f 281 282 225
f 281 225 190
f 280 190 191
f 280 281 190
f 280 191 259
f 289 72 71
f 289 71 288
f 290 72 289
f 279 435 436
f 279 280 259
f 279 259 435
f 50 340 51
f 50 339 340
f 278 436 437
f 278 279 436
f 291 72 290
f 277 278 437
f 277 437 438
f 292 72 291
f 276 438 439
f 276 277 438
f 293 72 292
f 275 276 439
f 393 335 336
f 393 336 392
f 394 334 335
f 394 335 393
f 394 369 334
f 391 336 337
f 391 392 336
f 395 307 369
f 395 369 394
f 390 337 338
f 390 391 337
f 389 338 339
f 389 339 50
f 389 390 338
f 396 306 307
f 396 307 395
f 397 305 306
f 397 306 396
f 388 389 50
f 387 388 50
f 398 305 397
f 398 304 305
f 399 303 304
f 399 235 303
f 399 304 398
f 386 387 50
f 400 235 399
f 400 418 419
f 400 419 235
f 385 386 50
f 401 417 418
f 401 418 400
f 402 417 401
f 402 416 417
f 403 415 416
f 403 416 402
f 404 415 403
f 73 293 294
f 73 294 295
f 73 295 296
f 73 296 297
f 73 297 262
f 73 72 293
f 49 383 384
f 49 384 385
f 49 385 50
f 49 380 381
f 49 381 382
f 49 382 383
f 74 73 262
f 74 262 263
f 74 263 264
f 74 264 265
f 74 265 266
f 74 266 267
f 464 440 441
f 465 440 464
f 465 439 440
f 465 275 439
f 463 464 441
f 463 441 406
f 466 275 465
f 466 274 275
f 48 380 49
f 48 375 376
f 48 376 377
f 48 377 378
f 48 378 379
f 48 379 380
f 462 406 407
f 462 463 406
f 467 272 273
f 467 273 274
f 467 274 466
f 461 407 408
f 461 462 407
f 468 272 467
f 460 408 409
f 460 461 408
f 469 272 468
f 469 270 271
f 469 271 272
f 470 270 469
f 459 409 410
f 459 460 409
f 458 410 411
f 458 459 410
f 471 270 470
f 471 269 270
f 457 458 411
f 457 411 412
f 456 457 412
f 456 412 413
f 38 269 471
f 38 267 268
f 38 268 269
f 38 471 472
f 38 472 473
f 38 74 267
f 47 375 48
f 47 372 373
f 47 373 374
f 47 374 375
f 39 38 473
f 39 473 474
f 39 474 475
f 39 475 476
f 39 476 477
f 39 477 442
f 46 405 370
f 46 372 47
f 46 370 371
f 46 371 372
f 40 39 442
f 40 442 443
f 40 443 444
f 40 444 445
f 40 445 446
f 40 446 447
f 45 404 405
f 45 405 46
f 45 414 415
f 45 415 404
f 41 447 448
f 41 448 449
f 41 40 447
f 41 449 450
f 41 450 451
f 44 413 414
f 44 414 45
f 42 451 452
f 42 452 453
f 42 453 454
f 42 41 451
f 43 413 44
f 43 454 455
f 43 455 456
f 43 42 454
f 43 456 413
f 480 478 75
f 480 75 76
f 481 76 77
f 481 480 76
f 482 77 78
f 482 481 77
f 483 78 79
f 483 482 78
f 484 79 80
f 484 483 79
f 479 80 81
f 479 484 80
f 488 486 487
f 479 488 489
f 479 81 488
f 117 485 81
f 485 486 488
f 485 488 81
f 117 490 485
f 117 116 490
f 493 492 491
f 495 494 493
f 495 493 105
f 116 105 490
f 490 493 491
f 490 105 493
f 497 495 105
f 497 105 106
f 498 106 107
f 498 497 106
f 499 107 108
f 499 498 107
f 500 108 109
f 500 499 108
f 501 109 110
f 501 500 109
f 502 110 111
f 502 501 110
f 503 111 112
f 503 502 111
f 504 112 113
f 504 503 112
f 505 113 114
f 505 504 113
f 506 114 115
f 506 505 114
f 496 115 104
f 496 506 115
f 510 508 509
f 496 510 511
f 496 104 510
f 103 507 104
f 507 508 510
f 507 510 104
f 103 512 507
f 103 102 512
f 515 514 513
f 517 516 515
f 517 515 91
f 102 91 512
f 512 515 513
f 512 91 515
f 519 517 91
f 519 91 92
f 520 92 93
f 520 519 92
f 521 93 94
f 521 520 93
f 522 94 95
f 522 521 94
f 523 95 96
f 523 522 95
f 524 96 97
f 524 523 96
f 525 97 98
f 525 524 97
f 526 98 99
f 526 525 98
f 527 99 100
f 527 526 99
f 528 100 101
f 528 527 100
f 518 101 90
f 518 528 101
f 532 530 531
f 518 532 533
f 518 90 532
f 89 529 90
f 529 530 532
f 529 532 90
f 529 88 534
f 89 88 529
f 537 536 535
f 539 538 537
f 539 537 82
f 88 82 534
f 534 537 535
f 534 82 537
f 540 539 82
f 540 82 83
f 541 83 84
f 541 540 83
f 542 84 85
f 542 541 84
f 543 85 86
f 543 542 85
f 544 86 87
f 544 87 75
f 544 543 86
f 478 544 75
f 546 118 545
f 546 119 118
f 547 120 119
f 547 119 546
f 548 121 120
f 548 120 547
f 549 122 121
f 549 121 548
f 550 123 122
f 550 122 549
f 551 124 123
f 551 123 550
f 552 124 551
f 552 125 124
f 553 125 552
f 553 126 125
f 554 126 553
f 554 127 126
f 555 127 554
f 555 128 127
f 556 128 555
f 556 129 128
f 556 130 129
f 557 130 556
f 558 130 557
f 558 131 130
f 559 131 558
f 559 132 131
f 560 132 559
f 560 133 132
f 560 134 133
f 561 134 560
f 562 134 561
f 562 135 134
f 563 135 562
f 563 136 135
f 564 137 136
f 564 136 563
f 565 138 137
f 565 137 564
f 566 139 138
f 566 138 565
f 567 140 139
f 567 141 140
f 567 139 566
f 568 141 567
f 569 142 141
f 569 141 568
f 570 143 142
f 570 144 143
f 570 142 569
f 571 145 144
f 571 144 570
f 572 145 571
f 573 146 145
f 573 147 146
f 573 145 572
f 574 147 573
f 575 148 147
f 575 147 574
f 576 148 575
f 576 149 148
f 577 149 576
f 577 150 149
f 578 150 577
f 578 151 150
f 578 152 151
f 579 152 578
f 580 152 579
f 580 153 152
f 545 153 580
f 545 118 153
f 582 154 581
f 582 155 154
f 583 156 155
f 583 155 582
f 584 157 156
f 584 156 583
f 585 158 157
f 585 157 584
f 586 159 158
f 586 158 585
f 587 160 159
f 587 159 586
f 588 160 587
f 588 161 160
f 589 161 588
f 589 162 161
f 590 162 589
f 590 163 162
f 591 163 590
f 591 164 163
f 592 164 591
f 592 165 164
f 592 166 165
f 593 166 592
f 594 166 593
f 594 167 166
f 595 167 594
f 595 168 167
f 596 168 595
f 596 169 168
f 596 170 169
f 597 170 596
f 598 170 597
f 598 171 170
f 599 171 598
f 599 172 171
f 600 173 172
f 600 172 599
f 601 174 173
f 601 173 600
f 602 175 174
f 602 174 601
f 603 176 175
f 603 177 176
f 603 175 602
f 604 177 603
f 605 178 177
f 605 177 604
f 606 179 178
f 606 180 179
f 606 178 605
f 607 181 180
f 607 180 606
f 608 181 607
f 609 182 181
f 609 183 182
f 609 181 608
f 610 183 609
f 611 184 183
f 611 183 610
f 612 184 611
f 612 185 184
f 613 185 612
f 613 186 185
f 614 186 613
f 614 187 186
f 614 188 187
f 615 188 614
f 616 188 615
f 616 189 188
f 581 189 616
f 581 154 189
f 618 190 617
f 618 191 190
f 619 192 191
f 619 191 618
f 620 193 192
f 620 192 619
f 621 194 193
f 621 195 194
f 621 193 620
f 622 196 195
f 622 195 621
f 623 196 622
f 624 196 623
f 624 197 196
f 625 197 624
f 625 198 197
f 626 198 625
f 626 199 198
f 627 199 626
f 627 200 199
f 627 201 200
f 628 201 627
f 629 201 628
f 629 202 201
f 630 202 629
f 630 203 202
f 631 203 630
f 631 204 203
f 632 204 631
f 632 205 204
f 633 205 632
f 633 206 205
f 633 207 206
f 634 207 633
f 635 207 634
f 635 208 207
f 636 209 208
f 636 208 635
f 637 210 209
f 637 209 636
f 638 211 210
f 638 212 211
f 638 210 637
f 639 212 638
f 640 213 212
f 640 214 213
f 640 212 639
f 641 214 640
f 642 215 214
f 642 214 641
f 643 216 215
f 643 217 216
f 643 215 642
f 644 218 217
f 644 217 643
f 645 218 644
f 646 219 218
f 646 218 645
f 647 220 219
f 647 219 646
f 648 220 647
f 648 221 220
f 649 221 648
f 649 222 221
f 650 222 649
f 650 223 222
f 651 223 650
f 651 224 223
f 651 225 224
f 652 225 651
f 617 225 652
f 617 190 225
f 654 226 653
f 654 227 226
f 655 228 227
f 655 227 654
f 656 229 228
f 656 230 229
f 656 228 655
f 657 230 656
f 658 231 230
f 658 230 657
f 659 232 231
f 659 231 658
f 660 232 659
f 660 233 232
f 661 233 660
f 661 234 233
f 662 234 661
f 662 235 234
f 663 235 662
f 663 236 235
f 664 236 663
f 664 237 236
f 664 238 237
f 665 238 664
f 666 238 665
f 666 239 238
f 667 239 666
f 667 240 239
f 668 240 667
f 668 241 240
f 668 242 241
f 669 242 668
f 670 242 669
f 670 243 242
f 670 244 243
f 671 244 670
f 672 245 244
f 672 244 671
f 673 246 245
f 673 245 672
f 674 247 246
f 674 248 247
f 674 246 673
f 675 248 674
f 676 248 675
f 676 249 248
f 676 250 249
f 677 250 676
f 678 251 250
f 678 250 677
f 679 252 251
f 679 251 678
f 680 253 252
f 680 252 679
f 681 254 253
f 681 253 680
f 682 255 254
f 682 254 681
f 683 256 255
f 683 255 682
f 684 256 683
f 684 257 256
f 684 258 257
f 685 258 684
f 686 258 685
f 686 259 258
f 687 259 686
f 687 260 259
f 688 260 687
f 688 261 260
f 653 261 688
f 653 226 261
f 690 262 689
f 690 263 262
f 691 264 263
f 691 263 690
f 692 265 264
f 692 264 691
f 693 266 265
f 693 265 692
f 694 267 266
f 694 266 693
f 695 268 267
f 695 267 694
f 696 268 695
f 696 269 268
f 697 269 696
f 697 270 269
f 698 270 697
f 698 271 270
f 699 271 698
f 699 272 271
f 700 272 699
f 700 273 272
f 700 274 273
f 701 274 700
f 702 274 701
f 702 275 274
f 703 275 702
f 703 276 275
f 704 276 703
f 704 277 276
f 704 278 277
f 705 278 704
f 706 278 705
f 706 279 278
f 707 279 706
f 707 280 279
f 708 281 280
f 708 280 707
f 709 282 281
f 709 281 708
f 710 283 282
f 710 282 709
f 711 284 283
f 711 285 284
f 711 283 710
f 712 285 711
f 713 286 285
f 713 285 712
f 714 287 286
f 714 288 287
f 714 286 713
f 715 289 288
f 715 288 714
f 716 289 715
f 717 290 289
f 717 291 290
f 717 289 716
f 718 291 717
f 719 292 291
f 719 291 718
f 720 292 719
f 720 293 292
f 721 293 720
f 721 294 293
f 722 294 721
f 722 295 294
f 722 296 295
f 723 296 722
f 724 296 723
f 724 297 296
f 689 297 724
f 689 262 297
f 726 298 725
f 726 299 298
f 727 300 299
f 727 299 726
f 728 301 300
f 728 300 727
f 729 302 301
f 729 303 302
f 729 301 728
f 730 304 303
f 730 303 729
f 731 304 730
f 732 304 731
f 732 305 304
f 733 305 732
f 733 306 305
f 734 306 733
f 734 307 306
f 735 307 734
f 735 308 307
f 735 309 308
f 736 309 735
f 737 309 736
f 737 310 309
f 738 310 737
f 738 311 310
f 739 311 738
f 739 312 311
f 740 312 739
f 740 313 312
f 741 313 740
f 741 314 313
f 741 315 314
f 742 315 741
f 743 315 742
f 743 316 315
f 744 317 316
f 744 316 743
f 745 318 317
f 745 317 744
f 746 319 318
f 746 320 319
f 746 318 745
f 747 320 746
f 748 321 320
f 748 322 321
f 748 320 747
f 749 322 748
f 750 323 322
f 750 322 749
f 751 324 323
f 751 325 324
f 751 323 750
f 752 326 325
f 752 325 751
f 753 326 752
f 754 327 326
f 754 326 753
f 755 328 327
f 755 327 754
f 756 328 755
f 756 329 328
f 757 329 756
f 757 330 329
f 758 330 757
f 758 331 330
f 759 331 758
f 759 332 331
f 759 333 332
f 760 333 759
f 725 333 760
f 725 298 333
f 762 334 761
f 762 335 334
f 763 336 335
f 763 335 762
f 764 337 336
f 764 336 763
f 765 338 337
f 765 337 764
f 766 339 338
f 766 338 765
f 767 340 339
f 767 339 766
f 768 340 767
f 768 341 340
f 769 341 768
f 769 342 341
f 770 342 769
f 770 343 342
f 771 343 770
f 771 344 343
f 772 344 771
f 772 345 344
f 772 346 345
f 773 346 772
f 774 346 773
f 774 347 346
f 775 347 774
f 775 348 347
f 776 348 775
f 776 349 348
f 776 350 349
f 777 350 776
f 778 350 777
f 778 351 350
f 779 351 778
f 779 352 351
f 780 353 352
f 780 352 779
f 781 354 353
f 781 353 780
f 782 355 354
f 782 354 781
f 783 356 355
f 783 357 356
f 783 355 782
f 784 357 783
f 785 358 357
f 785 357 784
f 786 359 358
f 786 360 359
f 786 358 785
f 787 361 360
f 787 360 786
f 788 361 787
f 789 362 361
f 789 363 362
f 789 361 788
f 790 363 789
f 791 364 363
f 791 363 790
f 792 364 791
f 792 365 364
f 793 365 792
f 793 366 365
f 794 366 793
f 794 367 366
f 794 368 367
f 795 368 794
f 796 368 795
f 796 369 368
f 761 369 796
f 761 334 369
f 798 370 797
f 798 371 370
f 799 372 371
f 799 371 798
f 800 373 372
f 800 372 799
f 801 374 373
f 801 373 800
f 802 375 374
f 802 374 801
f 803 376 375
f 803 375 802
f 804 376 803
f 804 377 376
f 805 377 804
f 805 378 377
f 806 378 805
f 806 379 378
f 807 379 806
f 807 380 379
f 808 380 807
f 808 381 380
f 808 382 381
f 809 382 808
f 810 382 809
f 810 383 382
f 811 383 810
f 811 384 383
f 812 384 811
f 812 385 384
f 812 386 385
f 813 386 812
f 814 386 813
f 814 387 386
f 815 387 814
f 815 388 387
f 816 389 388
f 816 388 815
f 817 390 389
f 817 389 816
f 818 391 390
f 818 390 817
f 819 392 391
f 819 393 392
f 819 391 818
f 820 393 819
f 821 394 393
f 821 393 820
f 822 395 394
f 822 396 395
f 822 394 821
f 823 397 396
f 823 396 822
f 824 397 823
f 825 398 397
f 825 399 398
f 825 397 824
f 826 399 825
f 827 400 399
f 827 399 826
f 828 400 827
f 828 401 400
f 829 401 828
f 829 402 401
f 830 402 829
f 830 403 402
f 830 404 403
f 831 404 830
f 832 404 831
f 832 405 404
f 797 405 832
f 797 370 405
f 834 406 833
f 834 407 406
f 835 408 407
f 835 407 834
f 836 409 408
f 836 408 835
f 837 410 409
f 837 411 410
f 837 409 836
f 838 412 411
f 838 411 837
f 839 412 838
f 840 412 839
f 840 413 412
f 841 413 840
f 841 414 413
f 842 414 841
f 842 415 414
f 843 415 842
f 843 416 415
f 843 417 416
f 844 417 843
f 845 417 844
f 845 418 417
f 846 418 845
f 846 419 418
f 847 419 846
f 847 420 419
f 848 420 847
f 848 421 420
f 849 421 848
f 849 422 421
f 849 423 422
f 850 423 849
f 851 423 850
f 851 424 423
f 852 425 424
f 852 424 851
f 853 426 425
f 853 425 852
f 854 427 426
f 854 428 427
f 854 426 853
f 855 428 854
f 856 429 428
f 856 430 429
f 856 428 855
f 857 430 856
f 858 431 430
f 858 430 857
f 859 432 431
f 859 433 432
f 859 431 858
f 860 434 433
f 860 433 859
f 861 434 860
f 862 435 434
f 862 434 861
f 863 436 435
f 863 435 862
f 864 436 863
f 864 437 436
f 865 437 864
f 865 438 437
f 866 438 865
f 866 439 438
f 867 439 866
f 867 440 439
f 867 441 440
f 868 441 867
f 833 441 868
f 833 406 441
f 870 442 869
f 870 443 442
f 871 444 443
f 871 443 870
f 872 445 444
f 872 444 871
f 873 446 445
f 873 445 872
f 874 447 446
f 874 446 873
f 875 448 447
f 875 447 874
f 876 448 875
f 876 449 448
f 877 449 876
f 877 450 449
f 878 450 877
f 878 451 450
f 879 451 878
f 879 452 451
f 880 452 879
f 880 453 452
f 880 454 453
f 881 454 880
f 882 454 881
f 882 455 454
f 883 455 882
f 883 456 455
f 884 456 883
f 884 457 456
f 884 458 457
f 885 458 884
f 886 458 885
f 886 459 458
f 887 459 886
f 887 460 459
f 888 461 460
f 888 460 887
f 889 462 461
f 889 461 888
f 890 463 462
f 890 462 889
f 891 464 463
f 891 465 464
f 891 463 890
f 892 465 891
f 893 466 465
f 893 465 892
f 894 467 466
f 894 468 467
f 894 466 893
f 895 469 468
f 895 468 894
f 896 469 895
f 897 470 469
f 897 471 470
f 897 469 896
f 898 471 897
f 899 472 471
f 899 471 898
f 900 472 899
f 900 473 472
f 901 473 900
f 901 474 473
f 902 474 901
f 902 475 474
f 902 476 475
f 903 476 902
f 904 476 903
f 904 477 476
f 869 477 904
f 869 442 477
f 540 538 539
f 911 538 540
f 541 911 540
f 541 912 911
f 939 912 541
f 939 938 912
f 937 912 938
f 937 913 912
f 940 939 541
f 936 913 937
f 941 940 541
f 935 913 936
f 942 541 542
f 942 941 541
f 934 914 913
f 934 913 935
f 943 942 542
f 933 914 934
f 944 943 542
f 932 914 933
f 945 944 542
f 931 914 932
f 946 945 542
f 930 915 914
f 930 914 931
f 947 946 542
f 929 915 930
f 928 915 929
f 927 915 928
f 905 927 926
f 905 915 927
f 543 947 542
f 543 948 947
f 543 949 948
f 543 950 949
f 543 951 950
f 925 905 926
f 916 951 543
f 917 916 543
f 544 918 917
f 544 919 918
f 544 920 919
f 544 921 920
f 544 922 921
f 544 923 922
f 544 917 543
f 974 906 975
f 974 907 906
f 973 907 974
f 976 975 906
f 972 907 973
f 977 976 906
f 977 906 905
f 971 907 972
f 978 977 905
f 970 907 971
f 970 908 907
f 979 978 905
f 979 905 925
f 478 923 544
f 478 979 925
f 478 924 923
f 478 925 924
f 969 908 970
f 980 979 478
f 968 908 969
f 981 980 478
f 967 909 908
f 967 908 968
f 966 909 967
f 965 909 966
f 480 981 478
f 480 982 981
f 480 983 982
f 480 984 983
f 480 985 984
f 480 986 985
f 987 986 480
f 481 987 480
f 481 953 952
f 481 954 953
f 481 955 954
f 481 956 955
f 481 957 956
f 481 952 987
f 482 957 481
f 482 958 957
f 482 959 958
f 482 960 959
f 482 961 960
f 482 962 961
f 483 910 909
f 483 909 965
f 483 963 962
f 483 964 963
f 483 965 964
f 483 962 482
f 484 479 489
f 484 489 910
f 484 910 483
f 906 988 905
f 906 989 988
f 907 990 989
f 907 989 906
f 908 991 990
f 908 990 907
f 909 992 991
f 909 991 908
f 910 993 992
f 910 992 909
f 489 488 993
f 489 993 910
f 514 515 1040
f 1016 1042 1043
f 1017 1043 1044
f 1017 1016 1043
f 1015 1041 1042
f 1015 1042 1016
f 1018 1017 1044
f 1018 1044 1045
f 1014 1041 1015
f 1014 1040 1041
f 1014 514 1040
f 1019 1045 1046
f 1019 1018 1045
f 1013 514 1014
f 1020 1019 1046
f 1020 1046 1047
f 1039 510 509
f 1012 514 1013
f 1012 509 514
f 1021 1020 1047
f 1021 1047 1048
f 531 1049 532
f 1011 509 1012
f 1022 1021 1048
f 1022 1049 531
f 1022 1048 1049
f 1010 1039 509
f 1010 509 1011
f 1010 1038 1039
f 1023 1022 531
f 1009 1038 1010
f 1024 1023 531
f 1037 1038 1009
f 536 1024 531
f 1008 1037 1009
f 1025 1024 536
f 1036 1037 1008
f 1050 536 537
f 1007 1036 1008
f 1026 1025 536
f 1035 1007 1006
f 1035 1036 1007
f 1051 1027 1026
f 1051 1026 536
f 1051 536 1050
f 1052 1028 1027
f 1052 1027 1051
f 1034 1006 1005
f 1034 1035 1006
f 1053 1029 1028
f 1053 1028 1052
f 1033 1005 1004
f 1033 1034 1005
f 1054 994 1029
f 1054 1029 1053
f 1032 1004 1003
f 1032 1033 1004
f 988 994 1054
f 1031 1003 1002
f 1031 1032 1003
f 989 995 994
f 989 994 988
f 492 1001 1000
f 492 1002 1001
f 1030 1002 492
f 1030 1031 1002
f 990 996 995
f 990 995 989
f 487 999 998
f 487 1000 999
f 487 492 1000
f 493 1030 492
f 991 997 996
f 991 996 990
f 992 998 997
f 992 487 998
f 992 997 991
f 993 487 992
f 993 488 487
f 487 486 491
f 487 491 492
f 490 491 486
f 490 486 485
f 511 506 496
f 1064 506 511
f 1064 505 506
f 1063 505 1064
f 1088 1087 505
f 1086 504 505
f 1086 505 1087
f 1089 1088 505
f 1085 504 1086
f 1090 505 1063
f 1090 1089 505
f 1084 504 1085
f 1091 1090 1063
f 1083 504 1084
f 1092 1091 1063
f 1082 504 1083
f 1093 1092 1063
f 1062 1093 1063
f 1081 504 1082
f 1094 1093 1062
f 1080 504 1081
f 1095 1094 1062
f 1096 1095 1062
f 503 1077 1076
f 503 1078 1077
f 503 504 1080
f 503 1079 1078
f 503 1080 1079
f 1075 503 1076
f 1061 1096 1062
f 1061 1097 1096
f 1061 1098 1097
f 1061 1099 1098
f 1061 1100 1099
f 1074 503 1075
f 1060 1066 1065
f 1060 1067 1066
f 1060 1068 1067
f 1060 1065 1100
f 1060 1100 1061
f 502 1070 1069
f 502 1071 1070
f 502 1072 1071
f 502 1073 1072
f 502 1074 1073
f 502 503 1074
f 1059 1068 1060
f 1123 1059 1124
f 1122 1059 1123
f 1122 1068 1059
f 1125 1124 1059
f 1121 1068 1122
f 1121 501 502
f 1121 1069 1068
f 1121 502 1069
f 1126 1125 1059
f 1126 1059 1058
f 1120 501 1121
f 1127 1126 1058
f 1119 501 1120
f 1128 1127 1058
f 1118 501 1119
f 1129 1128 1058
f 1117 501 1118
f 1130 1058 1057
f 1130 1129 1058
f 1116 501 1117
f 1131 1130 1057
f 1132 1131 1057
f 1133 1057 1056
f 1133 1132 1057
f 1134 1133 1056
f 500 1114 1113
f 500 1115 1114
f 500 1116 1115
f 500 501 1116
f 1112 500 1113
f 1135 1134 1056
f 1111 500 1112
f 1136 1135 1056
f 1110 500 1111
f 499 500 1110
f 499 1105 1104
f 499 1106 1105
f 499 1107 1106
f 499 1108 1107
f 499 1109 1108
f 499 1110 1109
f 498 1056 1055
f 498 1102 1101
f 498 1103 1102
f 498 1104 1103
f 498 1136 1056
f 498 499 1104
f 498 1101 1136
f 497 1055 494
f 497 498 1055
f 495 497 494
f 1055 493 494
f 1055 1030 493
f 1056 1031 1030
f 1056 1030 1055
f 1057 1032 1031
f 1057 1031 1056
f 1058 1033 1032
f 1058 1032 1057
f 1059 1034 1033
f 1059 1033 1058
f 1060 1035 1034
f 1060 1034 1059
f 1061 1036 1035
f 1061 1035 1060
f 1062 1037 1036
f 1062 1036 1061
f 1063 1038 1037
f 1063 1037 1062
f 1064 1039 1038
f 1064 510 1039
f 1064 1038 1063
f 511 510 1064
f 509 508 513
f 509 513 514
f 512 513 508
f 512 508 507
f 1206 1205 522
f 1204 521 522
f 1204 522 1205
f 1207 1206 522
f 1203 521 1204
f 1208 1207 522
f 1202 521 1203
f 1209 1208 522
f 1201 521 1202
f 1210 522 523
f 1210 1209 522
f 1200 521 1201
f 1211 1210 523
f 1199 521 1200
f 1212 1211 523
f 1198 520 521
f 1198 521 1199
f 1213 1212 523
f 1197 520 1198
f 1214 1213 523
f 1196 520 1197
f 1215 1214 523
f 1195 520 1196
f 1194 520 1195
f 1170 1169 525
f 1168 524 525
f 1168 525 1169
f 1171 1170 525
f 1167 524 1168
f 1172 1171 525
f 1166 524 1167
f 1173 1172 525
f 1165 524 1166
f 1174 1173 525
f 1164 524 1165
f 526 1175 1174
f 526 1174 525
f 1163 523 524
f 1163 1215 523
f 1163 524 1164
f 1176 1175 526
f 1162 1215 1163
f 1162 1216 1215
f 1177 1176 526
f 1178 1177 526
f 1179 1178 526
f 1180 1179 526
f 527 1148 1147
f 527 1180 526
f 527 1181 1180
f 527 1182 1181
f 527 1147 1182
f 1140 1185 1184
f 1140 1186 1185
f 1140 1187 1186
f 1140 1188 1187
f 1139 1188 1140
f 1139 1189 1188
f 1139 1190 1189
f 1139 1191 1190
f 1141 1140 1184
f 1141 1184 1183
f 1141 1217 1216
f 1141 1218 1217
f 1141 1183 1218
f 1138 1191 1139
f 1138 520 1194
f 1138 1192 1191
f 1138 1193 1192
f 1138 1194 1193
f 1142 1141 1216
f 1142 1216 1162
f 1142 1159 1158
f 1142 1160 1159
f 1142 1161 1160
f 1142 1162 1161
f 1137 519 520
f 1137 520 1138
f 1143 1142 1158
f 1143 1155 1154
f 1143 1156 1155
f 1143 1157 1156
f 1143 1158 1157
f 516 517 519
f 516 519 1137
f 1144 1143 1154
f 1144 1152 1151
f 1144 1153 1152
f 1144 1154 1153
f 1145 1149 1148
f 1145 1150 1149
f 1145 1151 1150
f 1145 1148 527
f 1145 1144 1151
f 1146 527 528
f 1146 1145 527
f 533 528 518
f 533 1146 528
f 1137 515 516
f 1137 1040 515
f 1138 1041 1040
f 1138 1040 1137
f 1139 1042 1041
f 1139 1041 1138
f 1140 1043 1042
f 1140 1042 1139
f 1141 1044 1043
f 1141 1043 1140
f 1142 1045 1044
f 1142 1044 1141
f 1143 1046 1045
f 1143 1045 1142
f 1144 1047 1046
f 1144 1046 1143
f 1145 1048 1047
f 1145 1047 1144
f 1146 1049 1048
f 1146 1048 1145
f 533 532 1049
f 533 1049 1146
f 531 530 535
f 531 535 536
f 534 535 530
f 534 530 529
f 911 537 538
f 911 1050 537
f 912 1051 1050
f 912 1050 911
f 913 1052 1051
f 913 1051 912
f 914 1053 1052
f 914 1052 913
f 915 1054 1053
f 915 988 1054
f 915 1053 914
f 905 988 915
f 568 1241 1242
f 568 567 1241
f 566 1240 1241
f 566 1241 567
f 569 1242 1243
f 569 568 1242
f 565 1240 566
f 565 1239 1240
f 570 1243 1244
f 570 569 1243
f 564 1238 1239
f 564 1239 565
f 571 1244 1245
f 571 570 1244
f 563 1238 564
f 563 1237 1238
f 572 571 1245
f 572 1245 1246
f 562 1236 1237
f 562 1237 563
f 573 1246 1247
f 573 572 1246
f 561 1236 562
f 561 1235 1236
f 574 573 1247
f 574 1247 1248
f 560 1234 1235
f 560 1235 561
f 575 574 1248
f 575 1248 1249
f 559 1233 1234
f 559 1234 560
f 576 1249 1250
f 576 575 1249
f 558 1233 559
f 1232 1233 558
f 1251 576 1250
f 1251 577 576
f 578 577 1251
f 1231 558 557
f 1231 1232 558
f 1252 578 1251
f 1230 557 556
f 1230 1231 557
f 1253 578 1252
f 1253 579 578
f 1229 555 554
f 1229 556 555
f 1229 1230 556
f 1254 580 579
f 1254 579 1253
f 1228 1229 554
f 1219 545 580
f 1219 580 1254
f 1227 554 553
f 1227 1228 554
f 1220 546 545
f 1220 545 1219
f 1221 546 1220
f 1221 547 546
f 1226 1227 553
f 1226 552 551
f 1226 553 552
f 1225 1226 551
f 1222 547 1221
f 1222 548 547
f 1224 1225 551
f 1224 550 549
f 1224 551 550
f 1223 1224 549
f 1223 549 548
f 1223 548 1222
f 604 1277 1278
f 604 603 1277
f 602 1276 1277
f 602 1277 603
f 605 1278 1279
f 605 604 1278
f 601 1276 602
f 601 1275 1276
f 606 1279 1280
f 606 605 1279
f 600 1275 601
f 600 1274 1275
f 607 1280 1281
f 607 606 1280
f 599 1273 1274
f 599 1274 600
f 608 607 1281
f 608 1281 1282
f 598 1273 599
f 598 1272 1273
f 609 608 1282
f 609 1282 1283
f 597 1271 1272
f 597 1272 598
f 610 609 1283
f 610 1283 1284
f 596 1271 597
f 596 1270 1271
f 611 610 1284
f 611 1284 1285
f 595 1269 1270
f 595 1270 596
f 612 611 1285
f 612 1285 1286
f 613 612 1286
f 1268 1269 595
f 1268 595 594
f 1287 613 1286
f 1267 594 593
f 1267 1268 594
f 1288 614 613
f 1288 613 1287
f 592 1267 593
f 615 614 1288
f 1266 1267 592
f 1289 615 1288
f 1265 592 591
f 1265 1266 592
f 1290 615 1289
f 1290 616 615
f 1264 591 590
f 1264 1265 591
f 1255 581 616
f 1255 616 1290
f 1263 590 589
f 1263 1264 590
f 1256 582 581
f 1256 581 1255
f 1257 583 582
f 1257 582 1256
f 1262 1263 589
f 1262 589 588
f 1261 1262 588
f 1261 588 587
f 1258 583 1257
f 1258 584 583
f 1260 1261 587
f 1260 587 586
f 1259 584 1258
f 1259 1260 586
f 1259 585 584
f 1259 586 585
f 640 1313 1314
f 640 639 1313
f 638 1312 1313
f 638 1313 639
f 641 1314 1315
f 641 640 1314
f 637 1312 638
f 637 1311 1312
f 642 641 1315
f 642 1315 1316
f 636 1310 1311
f 636 1311 637
f 643 1316 1317
f 643 642 1316
f 635 1309 1310
f 635 1310 636
f 644 643 1317
f 644 1317 1318
f 634 1308 1309
f 634 1309 635
f 645 644 1318
f 645 1318 1319
f 633 1307 1308
f 633 1308 634
f 646 645 1319
f 646 1319 1320
f 632 1307 633
f 632 1306 1307
f 647 646 1320
f 647 1320 1321
f 631 1306 632
f 631 1305 1306
f 648 1321 1322
f 648 647 1321
f 1304 1305 631
f 1304 631 630
f 1323 648 1322
f 1323 649 648
f 1303 630 629
f 1303 1304 630
f 1324 649 1323
f 1324 650 649
f 1302 629 628
f 1302 1303 629
f 1325 650 1324
f 1325 651 650
f 1325 652 651
f 1301 628 627
f 1301 1302 628
f 1326 652 1325
f 1300 627 626
f 1300 1301 627
f 1291 617 652
f 1291 652 1326
f 1299 625 624
f 1299 626 625
f 1299 1300 626
f 1292 618 617
f 1292 619 618
f 1292 617 1291
f 1298 1299 624
f 1293 619 1292
f 1297 1298 624
f 1297 623 622
f 1297 624 623
f 1294 619 1293
f 1294 620 619
f 1296 1297 622
f 1296 622 621
f 1295 1296 621
f 1295 621 620
f 1295 620 1294
f 1386 1385 1353
f 1384 1353 1385
f 1387 1386 1353
f 1383 1353 1384
f 1383 1352 1353
f 1388 1387 1353
f 1382 1352 1383
f 1354 1388 1353
f 1354 1389 1388
f 1381 1352 1382
f 1390 1389 1354
f 1380 1352 1381
f 1380 1351 1352
f 1391 1390 1354
f 1379 1351 1380
f 1392 1391 1354
f 1378 1350 1351
f 1378 1351 1379
f 1377 1350 1378
f 1355 1392 1354
f 1355 1393 1392
f 1355 1394 1393
f 1395 1394 1355
f 1396 1395 1355
f 1397 1396 1355
f 1356 1364 1363
f 1356 1397 1355
f 1356 1398 1397
f 1356 1363 1398
f 1421 1343 1344
f 1422 1421 1344
f 1420 1343 1421
f 1423 1422 1344
f 1419 1343 1420
f 1424 1344 1345
f 1424 1423 1344
f 1418 1343 1419
f 1425 1424 1345
f 1417 1343 1418
f 1426 1345 1346
f 1426 1425 1345
f 1416 1343 1417
f 1427 1426 1346
f 675 1349 1350
f 676 1350 1377
f 676 1377 1376
f 676 675 1350
f 1342 1343 1416
f 1342 1416 1415
f 1357 1365 1364
f 1357 1366 1365
f 1357 1364 1356
f 674 1349 675
f 674 1348 1349
f 677 1376 1375
f 677 676 1376
f 1414 1342 1415
f 673 1348 674
f 673 1347 1348
f 678 677 1375
f 678 1375 1374
f 1413 1342 1414
f 672 1428 1427
f 672 1346 1347
f 672 1347 673
f 672 1427 1346
f 679 678 1374
f 679 1374 1373
f 1412 1342 1413
f 671 1429 1428
f 671 1428 672
f 680 679 1373
f 680 1372 1371
f 680 1373 1372
f 670 1430 1429
f 670 1429 671
f 681 680 1371
f 681 1371 1370
f 669 1431 1430
f 669 1430 670
f 682 681 1370
f 682 1370 1369
f 1341 1342 1412
f 1341 1409 1408
f 1341 1410 1409
f 1341 1411 1410
f 1341 1412 1411
f 1358 1367 1366
f 1358 1366 1357
f 1407 1341 1408
f 668 1432 1431
f 668 1433 1432
f 668 1431 669
f 683 1369 1368
f 683 682 1369
f 667 1434 1433
f 667 1433 668
f 684 1368 1367
f 684 1367 1358
f 684 683 1368
f 666 1399 1434
f 666 1434 667
f 665 1400 1399
f 665 1399 666
f 1340 1341 1407
f 1340 1405 1404
f 1340 1406 1405
f 1340 1407 1406
f 1359 684 1358
f 1359 685 684
f 664 1401 1400
f 664 1400 665
f 1339 1403 1402
f 1339 1404 1403
f 1339 1340 1404
f 1360 686 685
f 1360 687 686
f 1360 685 1359
f 1338 1401 664
f 1338 664 663
f 1338 1402 1401
f 1338 1339 1402
f 1361 687 1360
f 1337 663 662
f 1337 1338 663
f 1362 688 687
f 1362 687 1361
f 1457 656 655
f 1458 655 654
f 1458 1457 655
f 1456 656 1457
f 1459 654 653
f 1459 1458 654
f 1455 657 656
f 1455 656 1456
f 1460 653 688
f 1460 1459 653
f 1454 658 657
f 1454 657 1455
f 1461 688 1362
f 1461 1460 688
f 1453 659 658
f 1453 658 1454
f 1462 1461 1362
f 1452 660 659
f 1452 659 1453
f 1336 662 661
f 1336 1337 662
f 1327 1462 1362
f 1327 1463 1462
f 1451 660 1452
f 1464 1463 1327
f 1335 1336 661
f 1328 1465 1464
f 1328 1466 1465
f 1328 1467 1466
f 1328 1464 1327
f 1329 1468 1467
f 1329 1469 1468
f 1329 1470 1469
f 1329 1467 1328
f 1334 661 660
f 1334 660 1451
f 1334 1451 1450
f 1334 1335 661
f 1435 1470 1329
f 1436 1435 1329
f 1333 1334 1450
f 1333 1449 1448
f 1333 1450 1449
f 1330 1436 1329
f 1330 1437 1436
f 1330 1438 1437
f 1330 1439 1438
f 1330 1440 1439
f 1332 1333 1448
f 1332 1446 1445
f 1332 1447 1446
f 1332 1448 1447
f 1331 1332 1445
f 1331 1440 1330
f 1331 1441 1440
f 1331 1442 1441
f 1331 1443 1442
f 1331 1444 1443
f 1331 1445 1444
f 712 1493 1494
f 712 711 1493
f 710 1492 1493
f 710 1493 711
f 713 1494 1495
f 713 712 1494
f 709 1492 710
f 709 1491 1492
f 714 1495 1496
f 714 713 1495
f 708 1490 1491
f 708 1491 709
f 715 1496 1497
f 715 714 1496
f 707 1490 708
f 707 1489 1490
f 716 715 1497
f 716 1497 1498
f 706 1489 707
f 706 1488 1489
f 717 716 1498
f 717 1498 1499
f 705 1487 1488
f 705 1488 706
f 718 717 1499
f 718 1499 1500
f 704 1486 1487
f 704 1487 705
f 719 718 1500
f 719 1500 1501
f 703 1485 1486
f 703 1486 704
f 720 1501 1502
f 720 719 1501
f 702 1485 703
f 721 720 1502
f 1484 1485 702
f 1503 721 1502
f 1483 702 701
f 1483 1484 702
f 1504 721 1503
f 1504 722 721
f 1482 1483 701
f 1482 701 700
f 1505 722 1504
f 1505 723 722
f 1481 1482 700
f 1481 700 699
f 1506 724 723
f 1506 723 1505
f 1480 698 697
f 1480 699 698
f 1480 1481 699
f 1471 689 724
f 1471 724 1506
f 1479 1480 697
f 1472 690 689
f 1472 689 1471
f 1478 1479 697
f 1478 697 696
f 1473 690 1472
f 1473 691 690
f 1477 1478 696
f 1477 696 695
f 1474 692 691
f 1474 691 1473
f 1476 1477 695
f 1476 694 693
f 1476 695 694
f 1475 1476 693
f 1475 693 692
f 1475 692 1474
f 748 1529 1530
f 748 747 1529
f 746 1528 1529
f 746 1529 747
f 749 1530 1531
f 749 748 1530
f 745 1528 746
f 745 1527 1528
f 750 749 1531
f 750 1531 1532
f 744 1526 1527
f 744 1527 745
f 751 1532 1533
f 751 750 1532
f 743 1525 1526
f 743 1526 744
f 752 1533 1534
f 752 751 1533
f 742 1525 743
f 742 1524 1525
f 753 752 1534
f 753 1534 1535
f 741 1523 1524
f 741 1524 742
f 754 753 1535
f 754 1535 1536
f 740 1522 1523
f 740 1523 741
f 755 1536 1537
f 755 754 1536
f 739 1521 1522
f 739 1522 740
f 756 1537 1538
f 756 755 1537
f 1520 1521 739
f 1520 739 738
f 1539 756 1538
f 1539 757 756
f 1519 738 737
f 1519 1520 738
f 1540 757 1539
f 1540 758 757
f 1540 759 758
f 1518 737 736
f 1518 1519 737
f 1541 759 1540
f 1541 760 759
f 1517 736 735
f 1517 1518 736
f 1542 760 1541
f 1516 734 733
f 1516 735 734
f 1516 1517 735
f 1507 725 760
f 1507 760 1542
f 1515 1516 733
f 1508 725 1507
f 1508 726 725
f 1508 727 726
f 1514 1515 733
f 1514 732 731
f 1514 733 732
f 1509 727 1508
f 1513 1514 731
f 1510 728 727
f 1510 727 1509
f 1512 731 730
f 1512 1513 731
f 1511 728 1510
f 1511 1512 730
f 1511 729 728
f 1511 730 729
f 784 1565 1566
f 784 783 1565
f 782 1564 1565
f 782 1565 783
f 785 1566 1567
f 785 784 1566
f 781 1564 782
f 781 1563 1564
f 786 1567 1568
f 786 785 1567
f 780 1562 1563
f 780 1563 781
f 787 1568 1569
f 787 786 1568
f 779 1562 780
f 779 1561 1562
f 788 787 1569
f 788 1569 1570
f 778 1560 1561
f 778 1561 779
f 789 1570 1571
f 789 788 1570
f 777 1560 778
f 777 1559 1560
f 790 789 1571
f 790 1571 1572
f 776 1558 1559
f 776 1559 777
f 791 790 1572
f 791 1572 1573
f 775 1557 1558
f 775 1558 776
f 792 1573 1574
f 792 791 1573
f 774 1557 775
f 1556 1557 774
f 1575 792 1574
f 1575 793 792
f 794 793 1575
f 1555 774 773
f 1555 1556 774
f 1576 794 1575
f 1554 773 772
f 1554 1555 773
f 1577 794 1576
f 1577 795 794
f 1553 771 770
f 1553 772 771
f 1553 1554 772
f 1578 796 795
f 1578 795 1577
f 1552 1553 770
f 1543 761 796
f 1543 796 1578
f 1551 770 769
f 1551 1552 770
f 1544 762 761
f 1544 761 1543
f 1545 762 1544
f 1545 763 762
f 1550 1551 769
f 1550 768 767
f 1550 769 768
f 1549 1550 767
f 1546 763 1545
f 1546 764 763
f 1548 1549 767
f 1548 766 765
f 1548 767 766
f 1547 1548 765
f 1547 765 764
f 1547 764 1546
f 820 1601 1602
f 820 819 1601
f 818 1600 1601
f 818 1601 819
f 821 1602 1603
f 821 820 1602
f 817 1600 818
f 817 1599 1600
f 822 1603 1604
f 822 821 1603
f 816 1599 817
f 816 1598 1599
f 823 1604 1605
f 823 822 1604
f 815 1597 1598
f 815 1598 816
f 824 823 1605
f 824 1605 1606
f 814 1597 815
f 814 1596 1597
f 825 824 1606
f 825 1606 1607
f 813 1595 1596
f 813 1596 814
f 826 825 1607
f 826 1607 1608
f 812 1595 813
f 812 1594 1595
f 827 826 1608
f 827 1608 1609
f 811 1593 1594
f 811 1594 812
f 828 827 1609
f 828 1609 1610
f 829 828 1610
f 1592 1593 811
f 1592 811 810
f 1611 829 1610
f 1591 810 809
f 1591 1592 810
f 1612 830 829
f 1612 829 1611
f 808 1591 809
f 831 830 1612
f 1590 1591 808
f 1613 831 1612
f 1589 808 807
f 1589 1590 808
f 1614 831 1613
f 1614 832 831
f 1588 807 806
f 1588 1589 807
f 1579 797 832
f 1579 832 1614
f 1587 806 805
f 1587 1588 806
f 1580 798 797
f 1580 797 1579
f 1581 799 798
f 1581 798 1580
f 1586 1587 805
f 1586 805 804
f 1585 1586 804
f 1585 804 803
f 1582 799 1581
f 1582 800 799
f 1584 1585 803
f 1584 803 802
f 1583 800 1582
f 1583 1584 802
f 1583 801 800
f 1583 802 801
f 856 1637 1638
f 856 855 1637
f 854 1636 1637
f 854 1637 855
f 857 1638 1639
f 857 856 1638
f 853 1636 854
f 853 1635 1636
f 858 857 1639
f 858 1639 1640
f 852 1635 853
f 852 1634 1635
f 859 1640 1641
f 859 858 1640
f 851 1634 852
f 851 1633 1634
f 860 1641 1642
f 860 859 1641
f 850 1632 1633
f 850 1633 851
f 861 860 1642
f 861 1642 1643
f 849 1631 1632
f 849 1632 850
f 862 861 1643
f 862 1643 1644
f 848 1630 1631
f 848 1631 849
f 863 1644 1645
f 863 862 1644
f 847 1629 1630
f 847 1630 848
f 864 1645 1646
f 864 863 1645
f 865 864 1646
f 1628 1629 847
f 1628 847 846
f 1647 865 1646
f 1627 846 845
f 1627 1628 846
f 1648 865 1647
f 1648 866 865
f 1626 845 844
f 1626 1627 845
f 1649 866 1648
f 1649 867 866
f 1625 844 843
f 1625 1626 844
f 1650 867 1649
f 1650 868 867
f 1650 833 868
f 1624 1625 843
f 1624 843 842
f 1615 833 1650
f 1623 842 841
f 1623 1624 842
f 1616 834 833
f 1616 833 1615
f 1622 841 840
f 1622 1623 841
f 1617 834 1616
f 1617 835 834
f 1617 836 835
f 1621 1622 840
f 1621 840 839
f 1618 836 1617
f 1620 1621 839
f 1620 839 838
f 1619 836 1618
f 1619 837 836
f 1619 838 837
f 1619 1620 838
f 892 1673 1674
f 892 891 1673
f 890 1672 1673
f 890 1673 891
f 893 1674 1675
f 893 892 1674
f 889 1672 890
f 889 1671 1672
f 894 1675 1676
f 894 893 1675
f 888 1670 1671
f 888 1671 889
f 895 1676 1677
f 895 894 1676
f 887 1670 888
f 887 1669 1670
f 896 895 1677
f 896 1677 1678
f 886 1668 1669
f 886 1669 887
f 897 1678 1679
f 897 896 1678
f 885 1668 886
f 885 1667 1668
f 898 897 1679
f 898 1679 1680
f 884 1666 1667
f 884 1667 885
f 899 898 1680
f 899 1680 1681
f 883 1665 1666
f 883 1666 884
f 900 1681 1682
f 900 899 1681
f 882 1665 883
f 1664 1665 882
f 1683 900 1682
f 1683 901 900
f 902 901 1683
f 1663 882 881
f 1663 1664 882
f 1684 902 1683
f 1662 881 880
f 1662 1663 881
f 1685 902 1684
f 1685 903 902
f 1661 879 878
f 1661 880 879
f 1661 1662 880
f 1686 904 903
f 1686 903 1685
f 1660 1661 878
f 1651 869 904
f 1651 904 1686
f 1659 878 877
f 1659 1660 878
f 1652 870 869
f 1652 869 1651
f 1653 870 1652
f 1653 871 870
f 1658 1659 877
f 1658 876 875
f 1658 877 876
f 1657 1658 875
f 1654 871 1653
f 1654 872 871
f 1656 1657 875
f 1656 874 873
f 1656 875 874
f 1655 1656 873
f 1655 873 872
f 1655 872 1654
f 917 1471 916
f 917 1472 1471
f 918 1473 1472
f 918 1472 917
f 919 1474 1473
f 919 1473 918
f 920 1475 1474
f 920 1474 919
f 921 1476 1475
f 921 1475 920
f 922 1477 1476
f 922 1476 921
f 923 1477 922
f 923 1478 1477
f 923 1479 1478
f 924 1479 923
f 925 1479 924
f 925 1480 1479
f 926 1480 925
f 926 1481 1480
f 926 1482 1481
f 927 1482 926
f 927 1483 1482
f 928 1483 927
f 928 1484 1483
f 929 1484 928
f 930 1484 929
f 930 1485 1484
f 931 1485 930
f 931 1486 1485
f 931 1487 1486
f 932 1487 931
f 932 1488 1487
f 933 1488 932
f 933 1489 1488
f 934 1489 933
f 934 1490 1489
f 935 1491 1490
f 935 1490 934
f 936 1491 935
f 937 1492 1491
f 937 1493 1492
f 937 1491 936
f 938 1493 937
f 939 1493 938
f 939 1494 1493
f 940 1495 1494
f 940 1496 1495
f 940 1494 939
f 941 1497 1496
f 941 1496 940
f 942 1497 941
f 943 1498 1497
f 943 1497 942
f 944 1499 1498
f 944 1500 1499
f 944 1498 943
f 945 1500 944
f 946 1501 1500
f 946 1500 945
f 947 1501 946
f 947 1502 1501
f 948 1502 947
f 948 1503 1502
f 949 1503 948
f 949 1504 1503
f 950 1504 949
f 950 1505 1504
f 951 1505 950
f 951 1506 1505
f 916 1506 951
f 916 1471 1506
f 953 1651 952
f 953 1652 1651
f 954 1653 1652
f 954 1652 953
f 955 1654 1653
f 955 1653 954
f 956 1655 1654
f 956 1654 955
f 957 1656 1655
f 957 1655 956
f 958 1657 1656
f 958 1656 957
f 959 1657 958
f 959 1658 1657
f 959 1659 1658
f 960 1659 959
f 961 1659 960
f 961 1660 1659
f 962 1660 961
f 962 1661 1660
f 962 1662 1661
f 963 1662 962
f 963 1663 1662
f 964 1663 963
f 964 1664 1663
f 965 1664 964
f 966 1664 965
f 966 1665 1664
f 967 1665 966
f 967 1666 1665
f 967 1667 1666
f 968 1667 967
f 968 1668 1667
f 969 1668 968
f 969 1669 1668
f 970 1669 969
f 970 1670 1669
f 971 1671 1670
f 971 1670 970
f 972 1671 971
f 973 1672 1671
f 973 1673 1672
f 973 1671 972
f 974 1673 973
f 975 1673 974
f 975 1674 1673
f 976 1675 1674
f 976 1676 1675
f 976 1674 975
f 977 1677 1676
f 977 1676 976
f 978 1677 977
f 979 1678 1677
f 979 1677 978
f 980 1679 1678
f 980 1680 1679
f 980 1678 979
f 981 1680 980
f 982 1681 1680
f 982 1680 981
f 983 1681 982
f 983 1682 1681
f 984 1682 983
f 984 1683 1682
f 985 1683 984
f 985 1684 1683
f 986 1684 985
f 986 1685 1684
f 987 1685 986
f 987 1686 1685
f 952 1686 987
f 952 1651 1686
f 1328 1327 994
f 1328 994 995
f 1329 995 996
f 1329 1328 995
f 1330 996 997
f 1330 1329 996
f 1331 997 998
f 1331 1330 997
f 1332 998 999
f 1332 1331 998
f 1333 999 1000
f 1333 1332 999
f 1334 1333 1000
f 1334 1000 1001
f 1335 1334 1001
f 1335 1001 1002
f 1336 1335 1002
f 1336 1002 1003
f 1337 1336 1003
f 1337 1003 1004
f 1338 1337 1004
f 1338 1004 1005
f 1339 1338 1005
f 1339 1005 1006
f 1340 1339 1006
f 1340 1006 1007
f 1341 1340 1007
f 1341 1007 1008
f 1342 1341 1008
f 1342 1008 1009
f 1343 1342 1009
f 1343 1009 1010
f 1344 1343 1010
f 1344 1010 1011
f 1344 1011 1012
f 1345 1344 1012
f 1346 1345 1012
f 1346 1012 1013
f 1347 1346 1013
f 1347 1013 1014
f 1348 1014 1015
f 1348 1347 1014
f 1349 1015 1016
f 1349 1016 1017
f 1349 1348 1015
f 1350 1349 1017
f 1351 1017 1018
f 1351 1018 1019
f 1351 1350 1017
f 1352 1351 1019
f 1353 1019 1020
f 1353 1352 1019
f 1354 1020 1021
f 1354 1353 1020
f 1355 1021 1022
f 1355 1354 1021
f 1356 1022 1023
f 1356 1355 1022
f 1357 1023 1024
f 1357 1024 1025
f 1357 1356 1023
f 1358 1357 1025
f 1359 1025 1026
f 1359 1358 1025
f 1360 1359 1026
f 1360 1026 1027
f 1361 1360 1027
f 1361 1027 1028
f 1362 1361 1028
f 1362 1028 1029
f 1327 1362 1029
f 1327 1029 994
f 1066 1543 1065
f 1066 1544 1543
f 1067 1545 1544
f 1067 1544 1066
f 1068 1546 1545
f 1068 1545 1067
f 1069 1547 1546
f 1069 1546 1068
f 1070 1548 1547
f 1070 1547 1069
f 1071 1549 1548
f 1071 1548 1070
f 1072 1549 1071
f 1072 1550 1549
f 1072 1551 1550
f 1073 1551 1072
f 1074 1551 1073
f 1074 1552 1551
f 1075 1552 1074
f 1075 1553 1552
f 1075 1554 1553
f 1076 1554 1075
f 1076 1555 1554
f 1077 1555 1076
f 1077 1556 1555
f 1078 1556 1077
f 1079 1556 1078
f 1079 1557 1556
f 1080 1557 1079
f 1080 1558 1557
f 1080 1559 1558
f 1081 1559 1080
f 1081 1560 1559
f 1082 1560 1081
f 1082 1561 1560
f 1083 1561 1082
f 1083 1562 1561
f 1084 1563 1562
f 1084 1562 1083
f 1085 1563 1084
f 1086 1564 1563
f 1086 1565 1564
f 1086 1563 1085
f 1087 1565 1086
f 1088 1565 1087
f 1088 1566 1565
f 1089 1567 1566
f 1089 1568 1567
f 1089 1566 1088
f 1090 1569 1568
f 1090 1568 1089
f 1091 1569 1090
f 1092 1570 1569
f 1092 1569 1091
f 1093 1571 1570
f 1093 1572 1571
f 1093 1570 1092
f 1094 1572 1093
f 1095 1573 1572
f 1095 1572 1094
f 1096 1573 1095
f 1096 1574 1573
f 1097 1574 1096
f 1097 1575 1574
f 1098 1575 1097
f 1098 1576 1575
f 1099 1576 1098
f 1099 1577 1576
f 1100 1577 1099
f 1100 1578 1577
f 1065 1578 1100
f 1065 1543 1578
f 1102 1579 1101
f 1102 1580 1579
f 1103 1581 1580
f 1103 1580 1102
f 1104 1582 1581
f 1104 1581 1103
f 1105 1583 1582
f 1105 1582 1104
f 1106 1584 1583
f 1106 1583 1105
f 1107 1585 1584
f 1107 1584 1106
f 1108 1585 1107
f 1108 1586 1585
f 1108 1587 1586
f 1109 1587 1108
f 1110 1587 1109
f 1110 1588 1587
f 1111 1588 1110
f 1111 1589 1588
f 1111 1590 1589
f 1112 1590 1111
f 1112 1591 1590
f 1113 1591 1112
f 1113 1592 1591
f 1114 1592 1113
f 1115 1592 1114
f 1115 1593 1592
f 1116 1593 1115
f 1116 1594 1593
f 1116 1595 1594
f 1117 1595 1116
f 1117 1596 1595
f 1118 1596 1117
f 1118 1597 1596
f 1119 1597 1118
f 1119 1598 1597
f 1120 1599 1598
f 1120 1598 1119
f 1121 1599 1120
f 1122 1600 1599
f 1122 1601 1600
f 1122 1599 1121
f 1123 1601 1122
f 1124 1601 1123
f 1124 1602 1601
f 1125 1603 1602
f 1125 1604 1603
f 1125 1602 1124
f 1126 1605 1604
f 1126 1604 1125
f 1127 1605 1126
f 1128 1606 1605
f 1128 1605 1127
f 1129 1607 1606
f 1129 1608 1607
f 1129 1606 1128
f 1130 1608 1129
f 1131 1609 1608
f 1131 1608 1130
f 1132 1609 1131
f 1132 1610 1609
f 1133 1610 1132
f 1133 1611 1610
f 1134 1611 1133
f 1134 1612 1611
f 1135 1612 1134
f 1135 1613 1612
f 1136 1613 1135
f 1136 1614 1613
f 1101 1614 1136
f 1101 1579 1614
f 1148 1255 1147
f 1148 1256 1255
f 1149 1257 1256
f 1149 1256 1148
f 1150 1258 1257
f 1150 1257 1149
f 1151 1259 1258
f 1151 1258 1150
f 1152 1260 1259
f 1152 1259 1151
f 1153 1261 1260
f 1153 1260 1152
f 1154 1261 1153
f 1154 1262 1261
f 1154 1263 1262
f 1155 1263 1154
f 1156 1263 1155
f 1156 1264 1263
f 1157 1264 1156
f 1157 1265 1264
f 1157 1266 1265
f 1158 1266 1157
f 1158 1267 1266
f 1159 1267 1158
f 1159 1268 1267
f 1160 1268 1159
f 1161 1268 1160
f 1161 1269 1268
f 1162 1269 1161
f 1162 1270 1269
f 1162 1271 1270
f 1163 1271 1162
f 1163 1272 1271
f 1164 1272 1163
f 1164 1273 1272
f 1165 1273 1164
f 1165 1274 1273
f 1166 1275 1274
f 1166 1274 1165
f 1167 1275 1166
f 1168 1276 1275
f 1168 1277 1276
f 1168 1275 1167
f 1169 1277 1168
f 1170 1277 1169
f 1170 1278 1277
f 1171 1279 1278
f 1171 1280 1279
f 1171 1278 1170
f 1172 1281 1280
f 1172 1280 1171
f 1173 1281 1172
f 1174 1282 1281
f 1174 1281 1173
f 1175 1283 1282
f 1175 1284 1283
f 1175 1282 1174
f 1176 1284 1175
f 1177 1285 1284
f 1177 1284 1176
f 1178 1285 1177
f 1178 1286 1285
f 1179 1286 1178
f 1179 1287 1286
f 1180 1287 1179
f 1180 1288 1287
f 1181 1288 1180
f 1181 1289 1288
f 1182 1289 1181
f 1182 1290 1289
f 1147 1290 1182
f 1147 1255 1290
f 1184 1219 1183
f 1184 1220 1219
f 1185 1221 1220
f 1185 1220 1184
f 1186 1222 1221
f 1186 1221 1185
f 1187 1223 1222
f 1187 1222 1186
f 1188 1224 1223
f 1188 1223 1187
f 1189 1225 1224
f 1189 1224 1188
f 1190 1225 1189
f 1190 1226 1225
f 1190 1227 1226
f 1191 1227 1190
f 1192 1227 1191
f 1192 1228 1227
f 1193 1228 1192
f 1193 1229 1228
f 1193 1230 1229
f 1194 1230 1193
f 1194 1231 1230
f 1195 1231 1194
f 1195 1232 1231
f 1196 1232 1195
f 1197 1232 1196
f 1197 1233 1232
f 1198 1233 1197
f 1198 1234 1233
f 1198 1235 1234
f 1199 1235 1198
f 1199 1236 1235
f 1200 1236 1199
f 1200 1237 1236
f 1201 1237 1200
f 1201 1238 1237
f 1202 1239 1238
f 1202 1238 1201
f 1203 1239 1202
f 1204 1240 1239
f 1204 1241 1240
f 1204 1239 1203
f 1205 1241 1204
f 1206 1241 1205
f 1206 1242 1241
f 1207 1243 1242
f 1207 1244 1243
f 1207 1242 1206
f 1208 1245 1244
f 1208 1244 1207
f 1209 1245 1208
f 1210 1246 1245
f 1210 1245 1209
f 1211 1247 1246
f 1211 1248 1247
f 1211 1246 1210
f 1212 1248 1211
f 1213 1249 1248
f 1213 1248 1212
f 1214 1249 1213
f 1214 1250 1249
f 1215 1250 1214
f 1215 1251 1250
f 1216 1251 1215
f 1216 1252 1251
f 1217 1252 1216
f 1217 1253 1252
f 1218 1253 1217
f 1218 1254 1253
f 1183 1254 1218
f 1183 1219 1254
f 1364 1291 1363
f 1364 1292 1291
f 1365 1293 1292
f 1365 1292 1364
f 1366 1294 1293
f 1366 1293 1365
f 1367 1295 1294
f 1367 1294 1366
f 1368 1296 1295
f 1368 1295 1367
f 1369 1297 1296
f 1369 1296 1368
f 1370 1297 1369
f 1370 1298 1297
f 1371 1298 1370
f 1371 1299 1298
f 1372 1299 1371
f 1372 1300 1299
f 1373 1300 1372
f 1373 1301 1300
f 1374 1301 1373
f 1374 1302 1301
f 1375 1302 1374
f 1375 1303 1302
f 1376 1303 1375
f 1376 1304 1303
f 1377 1304 1376
f 1377 1305 1304
f 1378 1305 1377
f 1378 1306 1305
f 1379 1306 1378
f 1379 1307 1306
f 1379 1308 1307
f 1380 1308 1379
f 1381 1308 1380
f 1381 1309 1308
f 1382 1310 1309
f 1382 1309 1381
f 1383 1311 1310
f 1383 1310 1382
f 1384 1312 1311
f 1384 1311 1383
f 1385 1313 1312
f 1385 1314 1313
f 1385 1312 1384
f 1386 1314 1385
f 1387 1315 1314
f 1387 1316 1315
f 1387 1314 1386
f 1388 1317 1316
f 1388 1316 1387
f 1389 1318 1317
f 1389 1317 1388
f 1390 1318 1389
f 1391 1319 1318
f 1391 1318 1390
f 1392 1320 1319
f 1392 1319 1391
f 1393 1321 1320
f 1393 1322 1321
f 1393 1320 1392
f 1394 1322 1393
f 1394 1323 1322
f 1395 1323 1394
f 1395 1324 1323
f 1396 1324 1395
f 1396 1325 1324
f 1397 1325 1396
f 1397 1326 1325
f 1398 1326 1397
f 1363 1326 1398
f 1363 1291 1326
f 1400 1507 1399
f 1400 1508 1507
f 1401 1509 1508
f 1401 1508 1400
f 1402 1510 1509
f 1402 1509 1401
f 1403 1511 1510
f 1403 1510 1402
f 1404 1512 1511
f 1404 1511 1403
f 1405 1513 1512
f 1405 1512 1404
f 1406 1513 1405
f 1406 1514 1513
f 1407 1514 1406
f 1407 1515 1514
f 1408 1515 1407
f 1408 1516 1515
f 1409 1516 1408
f 1409 1517 1516
f 1410 1517 1409
f 1410 1518 1517
f 1411 1518 1410
f 1411 1519 1518
f 1412 1519 1411
f 1412 1520 1519
f 1413 1520 1412
f 1413 1521 1520
f 1414 1521 1413
f 1414 1522 1521
f 1415 1522 1414
f 1415 1523 1522
f 1415 1524 1523
f 1416 1524 1415
f 1417 1524 1416
f 1417 1525 1524
f 1418 1526 1525
f 1418 1525 1417
f 1419 1527 1526
f 1419 1526 1418
f 1420 1528 1527
f 1420 1527 1419
f 1421 1529 1528
f 1421 1530 1529
f 1421 1528 1420
f 1422 1530 1421
f 1423 1531 1530
f 1423 1532 1531
f 1423 1530 1422
f 1424 1533 1532
f 1424 1532 1423
f 1425 1534 1533
f 1425 1533 1424
f 1426 1534 1425
f 1427 1535 1534
f 1427 1534 1426
f 1428 1536 1535
f 1428 1535 1427
f 1429 1537 1536
f 1429 1538 1537
f 1429 1536 1428
f 1430 1538 1429
f 1430 1539 1538
f 1431 1539 1430
f 1431 1540 1539
f 1432 1540 1431
f 1432 1541 1540
f 1433 1541 1432
f 1433 1542 1541
f 1434 1542 1433
f 1399 1542 1434
f 1399 1507 1542
f 1436 1615 1435
f 1436 1616 1615
f 1437 1617 1616
f 1437 1616 1436
f 1438 1618 1617
f 1438 1617 1437
f 1439 1619 1618
f 1439 1618 1438
f 1440 1620 1619
f 1440 1619 1439
f 1441 1621 1620
f 1441 1620 1440
f 1442 1621 1441
f 1442 1622 1621
f 1443 1622 1442
f 1443 1623 1622
f 1444 1623 1443
f 1444 1624 1623
f 1445 1624 1444
f 1445 1625 1624
f 1446 1625 1445
f 1446 1626 1625
f 1447 1626 1446
f 1447 1627 1626
f 1448 1627 1447
f 1448 1628 1627
f 1449 1628 1448
f 1449 1629 1628
f 1450 1629 1449
f 1450 1630 1629
f 1451 1630 1450
f 1451 1631 1630
f 1451 1632 1631
f 1452 1632 1451
f 1453 1632 1452
f 1453 1633 1632
f 1454 1634 1633
f 1454 1633 1453
f 1455 1635 1634
f 1455 1634 1454
f 1456 1636 1635
f 1456 1635 1455
f 1457 1637 1636
f 1457 1638 1637
f 1457 1636 1456
f 1458 1638 1457
f 1459 1639 1638
f 1459 1640 1639
f 1459 1638 1458
f 1460 1641 1640
f 1460 1640 1459
f 1461 1642 1641
f 1461 1641 1460
f 1462 1642 1461
f 1463 1643 1642
f 1463 1642 1462
f 1464 1644 1643
f 1464 1643 1463
f 1465 1645 1644
f 1465 1646 1645
f 1465 1644 1464
f 1466 1646 1465
f 1466 1647 1646
f 1467 1647 1466
f 1467 1648 1647
f 1468 1648 1467
f 1468 1649 1648
f 1469 1649 1468
f 1469 1650 1649
f 1470 1650 1469
f 1435 1650 1470
f 1435 1615 1650
