# SimpleCAD BREP tessellation for MuJoCo
v 21.7 -5.3149671083e-15 0
v 21.4040402838 3.57170260909 0
v 20.5242341449 7.04597848174 0
v 19.0845804012 10.3280584289 0
v 17.1243490539 13.3284158654 0
v 14.6970101043 15.9652088616 0
v 11.8687750313 18.1665125783 0
v 8.71679071497 19.8722811884 0
v 5.32703507096 21.0359857709 0
v 1.79197179675 21.6258834982 0
v -1.79197179675 21.6258834982 0
v -5.32703507096 21.0359857709 0
v -8.71679071497 19.8722811884 0
v -11.8687750313 18.1665125783 0
v -14.6970101043 15.9652088616 0
v -17.1243490539 13.3284158654 0
v -19.0845804012 10.3280584289 0
v -20.5242341449 7.04597848174 0
v -21.4040402838 3.57170260909 0
v -21.7 -2.62527240071e-14 0
v -21.4040402838 -3.57170260909 0
v -20.5242341449 -7.04597848174 0
v -19.0845804012 -10.3280584289 0
v -17.1243490539 -13.3284158654 0
v -14.6970101043 -15.9652088616 0
v -11.8687750313 -18.1665125783 0
v -8.71679071497 -19.8722811884 0
v -5.32703507096 -21.0359857709 0
v -1.79197179675 -21.6258834982 0
v 1.79197179675 -21.6258834982 0
v 5.32703507096 -21.0359857709 0
v 8.71679071497 -19.8722811884 0
v 11.8687750313 -18.1665125783 0
v 14.6970101043 -15.9652088616 0
v 17.1243490539 -13.3284158654 0
v 19.0845804012 -10.3280584289 0
v 20.5242341449 -7.04597848174 0
v 21.4040402838 -3.57170260909 0
v -18.88200006 1.448785693 0
v -18.8922288677 1.30866139998 0
v -18.9014178202 1.16846507637 0
v -18.9095664118 1.02820443877 -3.5527136788e-15
v -18.1257930562 1.71576762573 -7.28540471252e-17
v -17.6394599963 1.83708161411 1.01112365205e-16
v -17.1437950167 1.91122798896 -1.7763568394e-15
v -17.0542965703 2.59103618119 0
v -17.0871312264 2.3648353966 0
v -17.1169657879 2.13821940306 0
v -17.6031785881 2.83656343833 3.92971009569e-17
v -18.1220572694 3.14077702192 -1.34572795039e-16
v -18.6135848396 3.48760170753 -3.5527136788e-15
v -18.5313574521 3.90098669989 -2.22044604925e-16
v -18.5597886414 3.76339631694 0
v -18.5871982734 3.62559879129 0
v -17.7467717689 4.06697974443 -8.76299172117e-17
v -17.2487647029 4.12377667237 -1.00288875964e-16
v -16.7476621619 4.1325914523 0
v -16.5701966123 4.79490189979 0
v -17.0823351304 5.10997211697 3.7301207765e-16
v -17.557066892 5.47931036967 1.19660750208e-16
v -17.9991196701 5.88732514412 -1.7763568394e-15
v -17.8636381803 6.28644074278 -2.22044604925e-16
v -16.0649721641 6.28324513011 -1.7763568394e-15
v -16.6630815638 6.34505329701 0
v -17.2645504751 6.34103594609 0
v -15.8025759962 6.91672551748 2.22044604925e-16
v -15.8928369096 6.70673057204 0
v -15.9803074181 6.49555808396 0
v -16.2692081825 7.29594775593 -1.1103833933e-16
v -16.6916702323 7.72409119784 -5.52010160259e-17
v -17.0766845727 8.18631481522 0
v -16.8902671065 8.56433204164 4.4408920985e-16
v -16.089453371 8.52160329303 -1.59977989176e-17
v -15.5937153575 8.44757119929 -1.00704115142e-16
v -15.1074060386 8.32639074171 1.7763568394e-15
v -14.7645689235 8.92020204389 0
v -14.8814674828 8.72378504765 0
v -14.9957532098 8.52583636189 0
v -15.177710572 9.35708770597 -1.86506038825e-16
v -15.5406744671 9.8367106841 -5.98303751039e-17
v -15.8620626678 10.3452343702 1.7763568394e-15
v -15.6278988797 10.6956852448 0
v -15.7068194336 10.5794484512 0
v -15.7848754617 10.4626293497 0
v -14.8395134375 10.548794879 -1.88827078259e-16
v -14.3576796588 10.4106893448 -1.21333500667e-16
v -13.8913480072 10.2270694992 -1.7763568394e-15
v -13.473935983 10.7710514402 0
v -13.6154720215 10.5915731424 0
v -13.7546175065 10.4102352159 0
v -14.3760364728 12.3271440968 -1.7763568394e-15
v -14.0301021075 11.6036402613 0
v -13.7719946468 11.1739689129 0
v -14.0981329702 12.644032308 0
v -13.3356653148 12.3954936598 1.35672438354e-17
v -12.8759800804 12.1956777092 -7.92442512616e-17
v -12.43760516 11.9527602621 0
v -11.9527602621 12.43760516 0
v -12.2387501204 12.9665332311 -7.04771734962e-17
v -12.4652107596 13.5237554213 -2.35797962473e-16
v -12.644032308 14.0981329702 0
v -12.3271440968 14.3760364728 0
v -12.4334597939 14.2841864943 0
v -12.5390911357 14.1915502938 0
v -11.6036402613 14.0301021075 1.19625515047e-16
v -11.1739689129 13.7719946468 3.01697106249e-16
v -10.7710514402 13.473935983 0
v -10.2270694992 13.8913480072 0
v -10.4102352159 13.7546175065 0
v -10.5915731424 13.6154720215 0
v -10.6956852448 15.6278988797 0
v -10.548794879 14.8395134375 0
v -10.4106893448 14.3576796588 0
v -10.3452343702 15.8620626678 0
v -8.92020204389 14.7645689235 8.881784197e-16
v -9.35708770597 15.177710572 0
v -9.8367106841 15.5406744671 0
v -8.32639074171 15.1074060386 0
v -8.56433204164 16.8902671065 0
v -8.52160329303 16.089453371 0
v -8.44757119929 15.5937153575 0
v -8.18631481522 17.0766845727 0
v -7.57699817721 16.5552810632 -5.56343193765e-17
v -7.22877065151 16.1947612729 1.0111935432e-16
v -6.91672551748 15.8025759962 -8.881784197e-16
v -6.28324513011 16.0649721641 0
v -6.28644074278 17.8636381803 -4.4408920985e-16
v -6.34860471213 17.0640982964 0
v -6.33991276844 16.5629382631 0
v -5.88732514412 17.9991196701 0
v -5.35127810911 17.4026450593 0
v -5.05308699362 16.9997567528 0
v -4.79490189979 16.5701966123 4.4408920985e-16
v -4.1325914523 16.7476621619 0
v -4.35413900631 16.6914341359 0
v -4.57492207689 16.6322754905 0
v -3.90098669989 18.5313574521 -2.22044604925e-16
v -4.06697974443 17.7467717689 0
v -4.12377667237 17.2487647029 0
v -3.48760170753 18.6135848396 0
v -3.03399618892 17.9522449734 2.34389919929e-16
v -2.7909436163 17.5138816814 2.4349747969e-16
v -2.59103618119 17.0542965703 1.66533453694e-16
v -1.91122798896 17.1437950167 0
v -2.13821940306 17.1169657879 0
v -2.3648353966 17.0871312264 0
v -1.81612798995 17.7375214635 0
v -1.65657591767 18.3174560517 0
v -1.448785693 18.88200006 2.22044604925e-16
v -1.02820443877 18.9095664118 4.4408920985e-16
v -1.16846507637 18.9014178202 0
v -1.30866139998 18.8922288677 0
v -0.664801752746 18.1946769988 -1.35636616544e-16
v -0.481046419899 17.7283392386 -2.10586029341e-17
v -0.342837115163 17.2465927856 0
v 0.342837115163 17.2465927856 0
v 0.114285727008 17.2496214095 0
v -0.114285727008 17.2496214095 0
v 0.514620372819 17.8228267796 5.99958703351e-19
v 0.748504108538 18.3769742225 8.86304971689e-17
v 1.02820443877 18.9095664118 0
v 1.448785693 18.88200006 -4.4408920985e-16
v 1.71576762573 18.1257930562 0
v 1.83708161411 17.6394599963 0
v 1.91122798896 17.1437950167 8.881784197e-16
v 2.59103618119 17.0542965703 0
v 2.3648353966 17.0871312264 0
v 2.13821940306 17.1169657879 0
v 2.83656343833 17.6031785881 0
v 3.14077702192 18.1220572694 0
v 3.48760170753 18.6135848396 0
v 3.90098669989 18.5313574521 0
v 4.06697974443 17.7467717689 0
v 4.12377667237 17.2487647029 0
v 4.1325914523 16.7476621619 -8.881784197e-16
v 4.79490189979 16.5701966123 2.22044604925e-16
v 5.10997211697 17.0823351304 0
v 5.47931036967 17.557066892 0
v 5.88732514412 17.9991196701 0
v 6.28644074278 17.8636381803 0
v 6.34860471213 17.0640982964 0
v 6.33991276844 16.5629382631 0
v 6.28324513011 16.0649721641 0
v 6.91672551748 15.8025759962 0
v 6.70673057204 15.8928369096 0
v 6.49555808396 15.9803074181 0
v 7.29594775593 16.2692081825 -1.46608979165e-16
v 7.72409119784 16.6916702323 -1.05772672974e-16
v 8.18631481522 17.0766845727 0
v 8.56433204164 16.8902671065 4.4408920985e-16
v 8.52160329303 16.089453371 1.72197277487e-17
v 8.44757119929 15.5937153575 6.98911567195e-21
v 8.32639074171 15.1074060386 0
v 8.92020204389 14.7645689235 2.22044604925e-16
v 8.72378504765 14.8814674828 0
v 8.52583636189 14.9957532098 0
v 9.35708770597 15.177710572 0
v 9.8367106841 15.5406744671 0
v 10.3452343702 15.8620626678 0
v 10.6956852448 15.6278988797 0
v 10.2270694992 13.8913480072 -1.7763568394e-15
v 10.4415737076 14.4530801926 0
v 10.5933648538 15.0350943146 0
v 10.7710514402 13.473935983 0
v 10.5915731424 13.6154720215 0
v 10.4102352159 13.7546175065 0
v 12.3271440968 14.3760364728 1.7763568394e-15
v 11.6036402613 14.0301021075 0
v 11.1739689129 13.7719946468 0
v 12.644032308 14.0981329702 0
v 12.3954936598 13.3356653148 0
v 12.1956777092 12.8759800804 0
v 11.9527602621 12.43760516 0
v 12.43760516 11.9527602621 0
v 12.2781364841 12.116512059 0
v 12.116512059 12.2781364841 0
v 12.9665332311 12.2387501204 7.5799752582e-17
v 13.5237554213 12.4652107596 -6.26979652107e-17
v 14.0981329702 12.644032308 0
v 14.3760364728 12.3271440968 0
v 14.2841864943 12.4334597939 0
v 14.1915502938 12.5390911357 0
v 14.0301021075 11.6036402613 0
v 13.7719946468 11.1739689129 0
v 13.473935983 10.7710514402 0
v 13.8913480072 10.2270694992 2.22044604925e-16
v 15.6278988797 10.6956852448 0
v 14.8395134375 10.548794879 0
v 14.3576796588 10.4106893448 0
v 15.8620626678 10.3452343702 0
v 15.7848754617 10.4626293497 0
v 15.7068194336 10.5794484512 0
v 14.7645689235 8.92020204389 3.5527136788e-15
v 15.177710572 9.35708770597 0
v 15.5406744671 9.8367106841 0
v 15.1074060386 8.32639074171 2.22044604925e-16
v 16.8902671065 8.56433204164 0
v 16.089453371 8.52160329303 0
v 15.5937153575 8.44757119929 0
v 17.0766845727 8.18631481522 0
v 17.0154808335 8.31278041653 0
v 16.9533405381 8.43878847055 0
v 16.5552810632 7.57699817721 0
v 16.1947612729 7.22877065151 0
v 15.8025759962 6.91672551748 0
v 16.0649721641 6.28324513011 0
v 16.6630815638 6.34505329701 0
v 17.2645504751 6.34103594609 0
v 17.8636381803 6.28644074278 3.5527136788e-15
v 17.9991196701 5.88732514412 0
v 16.5701966123 4.79490189979 0
v 17.0823351304 5.10997211697 0
v 17.557066892 5.47931036967 0
v 16.7476621619 4.1325914523 0
v 16.6914341359 4.35413900631 0
v 16.6322754905 4.57492207689 0
v 17.3487222374 4.11580189929 1.1103833933e-16
v 17.9445211292 4.03331147063 5.52010160259e-17
v 18.5313574521 3.90098669989 3.5527136788e-15
v 18.6135848396 3.48760170753 0
v 17.0542965703 2.59103618119 -3.5527136788e-15
v 17.6031785881 2.83656343833 0
v 18.1220572694 3.14077702192 0
v 17.1437950167 1.91122798896 4.4408920985e-16
v 17.7375214635 1.81612798995 1.11338318682e-16
v 18.3174560517 1.65657591767 9.95162646104e-17
v 18.88200006 1.448785693 0
v 18.9095664118 1.02820443877 0
v 18.1946769988 0.664801752746 -3.19955978352e-17
v 17.7283392386 0.481046419899 -2.01408230285e-16
v 17.2465927856 0.342837115163 3.5527136788e-15
v 17.2465927856 -0.342837115163 0
v 17.8228267796 -0.514620372819 -1.5093539899e-16
v 18.3769742225 -0.748504108538 -9.25871815601e-18
v 18.9095664118 -1.02820443877 0
v 18.88200006 -1.448785693 0
v 18.1257930562 -1.71576762573 1.0484964496e-16
v 17.6394599963 -1.83708161411 1.0029586508e-16
v 17.1437950167 -1.91122798896 0
v 17.0542965703 -2.59103618119 0
v 17.0871312264 -2.3648353966 0
v 17.1169657879 -2.13821940306 0
v 17.6031785881 -2.83656343833 2.99979351676e-19
v 18.1220572694 -3.14077702192 4.43152485844e-17
v 18.6135848396 -3.48760170753 0
v 18.5313574521 -3.90098669989 4.4408920985e-16
v 18.5597886414 -3.76339631694 0
v 18.5871982734 -3.62559879129 0
v 16.7476621619 -4.1325914523 0
v 17.3487222374 -4.11580189929 0
v 17.9445211292 -4.03331147063 0
v 16.5701966123 -4.79490189979 0
v 16.6322754905 -4.57492207689 0
v 16.6914341359 -4.35413900631 0
v 17.0823351304 -5.10997211697 7.54676994952e-17
v 17.557066892 -5.47931036967 4.629359078e-18
v 17.9991196701 -5.88732514412 3.5527136788e-15
v 17.8636381803 -6.28644074278 2.22044604925e-16
v 16.0649721641 -6.28324513011 3.5527136788e-15
v 16.6630815638 -6.34505329701 0
v 17.2645504751 -6.34103594609 0
v 15.8025759962 -6.91672551748 0
v 15.8928369096 -6.70673057204 0
v 15.9803074181 -6.49555808396 0
v 16.2692081825 -7.29594775593 0
v 16.6916702323 -7.72409119784 0
v 17.0766845727 -8.18631481522 0
v 16.8902671065 -8.56433204164 0
v 16.9533405381 -8.43878847055 0
v 17.0154808335 -8.31278041653 0
v 15.1074060386 -8.32639074171 0
v 15.6923309448 -8.46573907364 0
v 16.2891785757 -8.54026353844 0
v 14.7645689235 -8.92020204389 0
v 15.177710572 -9.35708770597 1.86506038825e-16
v 15.5406744671 -9.8367106841 5.98303751039e-17
v 15.8620626678 -10.3452343702 0
v 15.6278988797 -10.6956852448 0
v 15.7068194336 -10.5794484512 0
v 15.7848754617 -10.4626293497 0
v 14.8395134375 -10.548794879 1.01197161047e-16
v 14.3576796588 -10.4106893448 2.10446247028e-17
v 13.8913480072 -10.2270694992 0
v 13.473935983 -10.7710514402 0
v 13.6154720215 -10.5915731424 0
v 13.7546175065 -10.4102352159 0
v 14.3760364728 -12.3271440968 0
v 14.0301021075 -11.6036402613 0
v 13.7719946468 -11.1739689129 0
v 14.0981329702 -12.644032308 0
v 14.1915502938 -12.5390911357 0
v 14.2841864943 -12.4334597939 0
v 13.3356653148 -12.3954936598 -1.35672438354e-17
v 12.8759800804 -12.1956777092 7.92442512616e-17
v 12.43760516 -11.9527602621 -1.7763568394e-15
v 11.9527602621 -12.43760516 0
v 12.116512059 -12.2781364841 0
v 12.2781364841 -12.116512059 0
v 12.2387501204 -12.9665332311 0
v 12.4652107596 -13.5237554213 0
v 12.644032308 -14.0981329702 0
v 12.3271440968 -14.3760364728 0
v 11.6036402613 -14.0301021075 1.03627716129e-16
v 11.1739689129 -13.7719946468 2.00992991107e-16
v 10.7710514402 -13.473935983 0
v 10.2270694992 -13.8913480072 0
v 10.6956852448 -15.6278988797 0
v 10.548794879 -14.8395134375 0
v 10.4106893448 -14.3576796588 0
v 10.3452343702 -15.8620626678 0
v 8.92020204389 -14.7645689235 0
v 9.35708770597 -15.177710572 0
v 9.8367106841 -15.5406744671 0
v 8.32639074171 -15.1074060386 0
v 8.56433204164 -16.8902671065 0
v 8.52160329303 -16.089453371 0
v 8.44757119929 -15.5937153575 0
v 8.18631481522 -17.0766845727 0
v 8.31278041653 -17.0154808335 0
v 8.43878847055 -16.9533405381 0
v 7.57699817721 -16.5552810632 -1.59262035506e-16
v 7.22877065151 -16.1947612729 -9.98736367863e-17
v 6.91672551748 -15.8025759962 0
v 6.28324513011 -16.0649721641 0
v 6.49555808396 -15.9803074181 0
v 6.70673057204 -15.8928369096 0
v 6.34505329701 -16.6630815638 0
v 6.34103594609 -17.2645504751 0
v 6.28644074278 -17.8636381803 0
v 5.88732514412 -17.9991196701 0
v 4.79490189979 -16.5701966123 0
v 5.10997211697 -17.0823351304 0
v 5.47931036967 -17.557066892 0
v 4.1325914523 -16.7476621619 0
v 4.35413900631 -16.6914341359 0
v 4.57492207689 -16.6322754905 0
v 3.90098669989 -18.5313574521 -8.881784197e-16
v 4.06697974443 -17.7467717689 0
v 4.12377667237 -17.2487647029 0
v 3.48760170753 -18.6135848396 0
v 3.62559879129 -18.5871982734 0
v 3.76339631694 -18.5597886414 0
v 2.59103618119 -17.0542965703 0
v 2.83656343833 -17.6031785881 0
v 3.14077702192 -18.1220572694 0
v 1.91122798896 -17.1437950167 0
v 1.81612798995 -17.7375214635 0
v 1.65657591767 -18.3174560517 0
v 1.448785693 -18.88200006 0
v 1.02820443877 -18.9095664118 -4.4408920985e-16
v 1.16846507637 -18.9014178202 0
v 1.30866139998 -18.8922288677 0
v 0.664801752746 -18.1946769988 3.44394554974e-17
v 0.481046419899 -17.7283392386 1.39782313442e-20
v 0.342837115163 -17.2465927856 0
v -0.342837115163 -17.2465927856 0
v -0.514620372819 -17.8228267796 -3.58385454515e-17
v -0.748504108538 -18.3769742225 -2.06529478406e-16
v -1.02820443877 -18.9095664118 0
v -1.448785693 -18.88200006 4.4408920985e-16
v -1.71576762573 -18.1257930562 0
v -1.83708161411 -17.6394599963 0
v -1.91122798896 -17.1437950167 -1.11022302463e-16
v -2.59103618119 -17.0542965703 0
v -3.48760170753 -18.6135848396 0
v -3.03399618892 -17.9522449734 0
v -2.7909436163 -17.5138816814 0
v -3.90098669989 -18.5313574521 0
v -3.76339631694 -18.5597886414 0
v -3.62559879129 -18.5871982734 0
v -4.06697974443 -17.7467717689 0
v -4.12377667237 -17.2487647029 0
v -4.1325914523 -16.7476621619 0
v -4.79490189979 -16.5701966123 -4.4408920985e-16
v -4.57492207689 -16.6322754905 0
v -4.35413900631 -16.6914341359 0
v -5.10997211697 -17.0823351304 0
v -5.47931036967 -17.557066892 0
v -5.88732514412 -17.9991196701 4.4408920985e-16
v -6.28644074278 -17.8636381803 0
v -6.28324513011 -16.0649721641 8.881784197e-16
v -6.34505329701 -16.6630815638 0
v -6.34103594609 -17.2645504751 0
v -6.91672551748 -15.8025759962 0
v -7.29594775593 -16.2692081825 3.98970596603e-17
v -7.72409119784 -16.6916702323 -4.59422978699e-17
v -8.18631481522 -17.0766845727 0
v -8.56433204164 -16.8902671065 -4.4408920985e-16
v -8.43878847055 -16.9533405381 0
v -8.31278041653 -17.0154808335 0
v -8.52160329303 -16.089453371 -6.67577055497e-17
v -8.44757119929 -15.5937153575 -2.10306464714e-17
v -8.32639074171 -15.1074060386 -8.881784197e-16
v -8.92020204389 -14.7645689235 0
v -9.35708770597 -15.177710572 1.5093539899e-16
v -9.8367106841 -15.5406744671 9.25871815601e-18
v -10.3452343702 -15.8620626678 0
v -10.6956852448 -15.6278988797 -2.22044604925e-16
v -10.5794484512 -15.7068194336 0
v -10.4626293497 -15.7848754617 0
v -10.548794879 -14.8395134375 0
v -10.4106893448 -14.3576796588 0
v -10.2270694992 -13.8913480072 0
v -10.7710514402 -13.473935983 0
v -12.3271440968 -14.3760364728 0
v -11.6036402613 -14.0301021075 0
v -11.1739689129 -13.7719946468 0
v -12.644032308 -14.0981329702 0
v -12.5390911357 -14.1915502938 0
v -12.4334597939 -14.2841864943 0
v -12.3954936598 -13.3356653148 -2.02394322094e-16
v -12.1956777092 -12.8759800804 -4.20892494055e-17
v -11.9527602621 -12.43760516 0
v -12.43760516 -11.9527602621 0
v -12.2781364841 -12.116512059 0
v -12.116512059 -12.2781364841 0
v -12.9665332311 -12.2387501204 -7.5799752582e-17
v -13.5237554213 -12.4652107596 6.26979652107e-17
v -14.0981329702 -12.644032308 -1.7763568394e-15
v -14.3760364728 -12.3271440968 0
v -13.473935983 -10.7710514402 0
v -13.8265181255 -11.2581252911 0
v -14.1237734532 -11.7810213233 0
v -13.8913480072 -10.2270694992 -2.22044604925e-16
v -15.6278988797 -10.6956852448 -1.7763568394e-15
v -14.8395134375 -10.548794879 0
v -14.3576796588 -10.4106893448 0
v -15.8620626678 -10.3452343702 0
v -15.7848754617 -10.4626293497 0
v -15.7068194336 -10.5794484512 0
v -14.7645689235 -8.92020204389 0
v -15.177710572 -9.35708770597 0
v -15.5406744671 -9.8367106841 0
v -15.1074060386 -8.32639074171 4.4408920985e-16
v -16.8902671065 -8.56433204164 0
v -16.089453371 -8.52160329303 0
v -15.5937153575 -8.44757119929 0
v -17.0766845727 -8.18631481522 0
v -16.5552810632 -7.57699817721 -8.76299172117e-17
v -16.1947612729 -7.22877065151 -1.00288875964e-16
v -15.8025759962 -6.91672551748 0
v -16.0649721641 -6.28324513011 -2.22044604925e-16
v -17.8636381803 -6.28644074278 -3.5527136788e-15
v -17.0640982964 -6.34860471213 0
v -16.5629382631 -6.33991276844 0
v -17.9991196701 -5.88732514412 0
v -17.9549466108 -6.0206975057 0
v -17.9097852856 -6.15373847951 0
v -16.5701966123 -4.79490189979 0
v -17.0823351304 -5.10997211697 0
v -17.557066892 -5.47931036967 0
v -16.7476621619 -4.1325914523 0
v -16.6914341359 -4.35413900631 0
v -16.6322754905 -4.57492207689 0
v -18.5313574521 -3.90098669989 -3.5527136788e-15
v -17.7467717689 -4.06697974443 0
v -17.2487647029 -4.12377667237 0
v -18.6135848396 -3.48760170753 -2.22044604925e-16
v -18.5871982734 -3.62559879129 0
v -18.5597886414 -3.76339631694 0
v -17.9522449734 -3.03399618892 -9.00737748739e-17
v -17.5138816814 -2.7909436163 1.01105376089e-16
v -17.0542965703 -2.59103618119 0
v -17.1437950167 -1.91122798896 -4.4408920985e-16
v -17.1169657879 -2.13821940306 0
v -17.0871312264 -2.3648353966 0
v -18.88200006 -1.448785693 0
v -18.1257930562 -1.71576762573 0
v -17.6394599963 -1.83708161411 0
v -18.9095664118 -1.02820443877 0
v -18.9014178202 -1.16846507637 0
v -18.8922288677 -1.30866139998 0
v -18.1946769988 -0.664801752746 -1.59977989176e-17
v -17.7283392386 -0.481046419899 -1.00704115142e-16
v -17.2465927856 -0.342837115163 0
v -17.2465927856 0.342837115163 -2.22044604925e-16
v -17.8228267796 0.514620372819 -7.54676994952e-17
v -18.3769742225 0.748504108538 -4.629359078e-18
v 21.7 -5.3149671083e-15 4.6
v 21.4040402838 3.57170260909 4.6
v 20.5242341449 7.04597848174 4.6
v 19.0845804012 10.3280584289 4.6
v 17.1243490539 13.3284158654 4.6
v 14.6970101043 15.9652088616 4.6
v 11.8687750313 18.1665125783 4.6
v 8.71679071497 19.8722811884 4.6
v 5.32703507096 21.0359857709 4.6
v 1.79197179675 21.6258834982 4.6
v -1.79197179675 21.6258834982 4.6
v -5.32703507096 21.0359857709 4.6
v -8.71679071497 19.8722811884 4.6
v -11.8687750313 18.1665125783 4.6
v -14.6970101043 15.9652088616 4.6
v -17.1243490539 13.3284158654 4.6
v -19.0845804012 10.3280584289 4.6
v -20.5242341449 7.04597848174 4.6
v -21.4040402838 3.57170260909 4.6
v -21.7 -2.62527240071e-14 4.6
v -21.4040402838 -3.57170260909 4.6
v -20.5242341449 -7.04597848174 4.6
v -19.0845804012 -10.3280584289 4.6
v -17.1243490539 -13.3284158654 4.6
v -14.6970101043 -15.9652088616 4.6
v -11.8687750313 -18.1665125783 4.6
v -8.71679071497 -19.8722811884 4.6
v -5.32703507096 -21.0359857709 4.6
v -1.79197179675 -21.6258834982 4.6
v 1.79197179675 -21.6258834982 4.6
v 5.32703507096 -21.0359857709 4.6
v 8.71679071497 -19.8722811884 4.6
v 11.8687750313 -18.1665125783 4.6
v 14.6970101043 -15.9652088616 4.6
v 17.1243490539 -13.3284158654 4.6
v 19.0845804012 -10.3280584289 4.6
v 20.5242341449 -7.04597848174 4.6
v 21.4040402838 -3.57170260909 4.6
v 18.8026086513 -2.25628326135 2.3
v 18.7477376679 -2.67417998346 2.3
v 18.8742915468 -1.54597052178 0.574999999919
v 18.8598579035 -1.71308671909 1.15
v 18.8466295796 -1.85295972381 1.15
v 18.8294779002 -2.01981886608 1.72500000008
v 18.8139747851 -2.15945804189 1.72500000008
v 18.7974361219 -2.29897835806 1.72500000008
v 17.1877483109 -1.46417485289 2.3
v 17.751585241 -1.67308397125 2.3
v 18.2893421538 -1.94252504656 2.3
v 17.6760669444 -0.85187778825 0.766666666606
v 17.6534185854 -1.23525326859 1.53333333339
v 16.9831287548 -3.02255482952 2.3
v 17.975762945 -2.89139741407 2.3
v 17.4825675607 -2.98081353031 2.3
v 18.6493819435 -1.93124913474 0.766666666603
v 18.6030816993 -2.33549167971 1.5333333334
v 17.5559655873 -2.22645698027 0.766666666607
v 17.5035167192 -2.60690253922 1.53333333339
v 17.2323583067 -0.779953325599 2.3
v 17.2477150749 -0.280757357397 0.574999999926
v 17.2467865748 -0.332945703731 1.15
v 17.2408609051 -0.561440333929 1.15
v 17.2390831215 -0.613606655354 1.72500000007
v 17.2294393064 -0.841974574338 1.72500000007
v 17.2167704109 -1.07019466258 1.72500000007
v 16.8495915732 -3.69509997392 2.3
v 16.8970732972 -3.47151465357 2.3
v 16.9415882963 -3.24731981767 2.3
v 17.0955325469 -2.30331650787 0.574999999926
v 17.0635122926 -2.5296340125 0.574999999926
v 17.0557797899 -2.58125468672 1.15
v 17.0200802811 -2.80702105858 1.15
v 17.0115086354 -2.85850904257 1.72500000007
v 16.9721393296 -3.08366447189 1.72500000007
v 16.9297901191 -3.30827848295 1.72500000007
v 18.9363987038 -0.204231192448 2.3
v 18.1993808957 -0.520353218909 2.3
v 17.7220760115 -0.673379283406 2.3
v 18.7419124915 0.519505781674 0.766666666603
v 18.7487725924 0.112678193142 1.5333333334
v 17.6963828198 0.0841040066972 0.766666666606
v 17.6940407692 -0.299932738792 1.53333333339
v 18.3472456651 -4.69121335633 2.3
v 17.3813366884 -3.97581733332 2.3
v 17.8793238987 -4.31314466505 2.3
v 17.4136533774 -3.15177956736 0.766666666607
v 17.3411582366 -3.52891901325 1.53333333339
v 18.9362537904 0.217252465789 2.3
v 18.9146090116 0.930844876805 0.574999999919
v 18.9221118911 0.763274413226 1.15
v 18.927253828 0.622871398702 1.15
v 18.9320283721 0.455201016131 1.72500000008
v 18.9348844581 0.314732910231 1.72500000008
v 18.9366983411 0.174247480982 1.72500000008
v 18.2382976427 -5.09837281352 2.3
v 18.2756202327 -4.96292367073 2.3
v 18.3119369064 -4.82720136155 2.3
v 18.5401688447 -3.85889173935 0.57499999992
v 18.5110297207 -3.9963339361 0.57499999992
v 18.4749065183 -4.16013646268 1.15
v 18.4435342738 -4.2970861917 1.15
v 18.404749841 -4.46027908749 1.72500000008
v 18.3711527872 -4.59670006821 1.72500000008
v 18.336544559 -4.73286804 1.72500000008
v 17.2318179098 0.79180270581 2.3
v 17.8180992485 0.658276321438 2.3
v 18.3864246939 0.461331714044 2.3
v 17.6360381052 1.462599856 0.766666666607
v 17.6636240477 1.07954800198 1.53333333339
v 16.4433131613 -5.2134395823 2.3
v 17.4445747064 -5.21296899783 2.3
v 16.9439275319 -5.23724523127 2.3
v 18.2377552999 -4.34895984302 0.766666666604
v 18.1390869206 -4.74370064239 1.5333333334
v 17.1151609162 -4.49892267102 0.766666666608
v 17.0135026453 -4.86926751443 1.53333333339
v 17.1867374302 1.47599339597 2.3
v 17.1368046702 1.97292313394 0.574999999926
v 17.1426960597 1.92106007256 1.15
v 17.166645619 1.6937467905 1.15
v 17.1716921159 1.64179471186 1.72500000007
v 17.1919387999 1.41412174162 1.72500000007
v 17.2091669876 1.18620048518 1.72500000007
v 16.223133652 -5.86280090991 2.3
v 16.2993929038 -5.64732600161 2.3
v 16.3727903692 -5.43085955694 2.3
v 16.6486347628 -4.51502608316 0.574999999928
v 16.5873480842 -4.73522792831 0.574999999928
v 16.572943884 -4.78539768636 1.15
v 16.5080813646 -5.00457287467 1.15
v 16.49286252 -5.05450154754 1.72500000007
v 16.4244413432 -5.27259201538 1.72500000007
v 16.3531364246 -5.48975674124 1.72500000007
v 18.8010527077 2.26921205089 2.3
v 17.7504305739 1.68529017868 2.3
v 18.2880020826 1.95510097051 2.3
v 18.5137637205 2.96137181013 0.766666666604
v 18.5736667883 2.55892011086 1.5333333334
v 17.5340100358 2.3932259508 0.766666666607
v 17.5818148758 2.01216899395 1.53333333339
v 17.5779562187 -7.04587549013 2.3
v 16.7136886461 -6.21052335852 2.3
v 17.1633854546 -6.6099651825 2.3
v 16.8532873731 -5.39775352422 0.766666666609
v 16.7321858625 -5.7622039752 1.53333333339
v 18.7458943771 2.68707094301 2.3
v 18.6312922722 3.39173326146 0.57499999992
v 18.6606032979 3.22657570871 1.15
v 18.6840275157 3.08804501889 1.15
v 18.7106465896 2.92243228275 1.72500000008
v 18.7318130084 2.783538695 1.72500000008
v 18.7519484015 2.64449189732 1.72500000008
v 17.4167952882 -7.43533107122 2.3
v 17.8310390438 -6.37831896879 0.574999999923
v 17.7738443603 -6.53600511799 1.15
v 17.7248649831 -6.66768832348 1.15
v 17.6651114092 -6.82442269709 1.72500000008
v 17.6139952717 -6.95529128191 1.72500000008
v 17.5619096348 -7.08577703758 1.72500000008
v 16.9810463266 3.03423230069 2.3
v 17.5797406377 2.97837332376 2.3
v 18.1689104099 2.85729496112 2.3
v 17.2942517645 3.7520520112 0.766666666608
v 17.3716000053 3.37587790693 1.53333333339
v 15.6221479207 -7.31512093838 2.3
v 16.6149049581 -7.44534523672 2.3
v 16.1153722052 -7.40406621429 2.3
v 17.5140756067 -6.69225864263 0.766666666607
v 17.3647273355 -7.07074357189 1.53333333339
v 16.3815110966 -6.69441054753 0.76666666661
v 16.2323828241 -7.04831797245 1.53333333339
v 16.8470467112 3.7066854613 2.3
v 16.9393513217 3.25896867104 2.3
v 16.894682169 3.48313284389 2.3
v 16.6756536845 4.41419009465 0.574999999928
v 16.7326787865 4.19284636345 0.574999999928
v 16.7452892622 4.14219597839 1.15
v 16.7987042668 3.91995343774 1.15
v 16.8104886972 3.86910451636 1.72500000007
v 16.8602794539 3.64602204251 1.72500000007
v 16.9071099458 3.42229941376 1.72500000007
v 15.3190934161 -7.93018769686 2.3
v 15.4228253787 -7.72651003602 2.3
v 15.5238494594 -7.52147578348 2.3
v 15.9168742221 -6.64948231038 0.574999999931
v 15.8273697511 -6.85980078141 0.574999999931
v 15.8065403133 -6.90766120482 1.15
v 15.713624599 -7.11649506134 1.15
v 15.6920189542 -7.16401012966 1.72500000007
v 15.5957166118 -7.37130404764 1.72500000007
v 15.4966760318 -7.57730373965 1.72500000007
v 18.3440154871 4.70382844688 2.3
v 17.3785986698 3.98776840065 2.3
v 17.8763538045 4.32543808583 2.3
v 17.9688393193 5.35256794587 0.766666666606
v 18.0807603959 4.96137819602 1.53333333339
v 17.0716254788 4.66139913535 0.766666666609
v 17.1687592554 4.28984195733 1.53333333339
v 16.5079030679 -9.27998074081 2.3
v 15.7600647571 -8.33896560717 2.3
v 16.1537767267 -8.79368736304 2.3
v 16.0045569492 -7.55137042175 0.766666666612
v 15.8369211492 -7.89689602954 1.53333333339
v 18.2347875136 5.11091289139 2.3
v 18.0291889563 5.79458814965 0.574999999923
v 18.0798066087 5.63466939925 1.15
v 18.1211123125 5.50038133263 1.15
v 18.1691204563 5.33965992276 1.72500000008
v 18.2082350446 5.20471736096 1.72500000008
v 18.2463474257 5.06948832409 1.72500000008
v 16.2972867375 -9.64506875282 2.3
v 16.3683944088 -9.52389472474 2.3
v 16.4386011404 -9.40219648792 2.3
v 16.9096732358 -8.52595198832 0.574999999927
v 16.8459543451 -8.65116919552 0.574999999927
v 16.7686667975 -8.80004091361 1.15
v 16.7029183382 -8.92420445941 1.15
v 16.6232180235 -9.07179854226 1.72500000007
v 16.5554574136 -9.1948755334 1.72500000007
v 16.4867855677 -9.31744642549 1.72500000007
v 16.4397243327 5.22474533965 2.3
v 17.4409859647 5.2249632573 2.3
v 16.9403222153 5.24889522273 2.3
v 16.6565559812 5.97730551622 0.76666666661
v 16.7823430705 5.61444560492 1.53333333339
v 14.5336833979 -9.29163854708 2.3
v 15.1083030449 -9.46874688906 2.3
v 15.6990376001 -9.58194439593 2.3
v 16.490725224 -8.92105104141 0.76666666661
v 16.2932524514 -9.27680411848 1.53333333339
v 15.3675690804 -8.77535520353 0.766666666614
v 15.1735224323 -9.1067697558 1.53333333339
v 16.2190983522 5.87395511071 2.3
v 16.0422521295 6.34102882921 0.574999999931
v 16.0613659227 6.29245776259 1.15
v 16.1433324272 6.07908859485 1.15
v 16.1616531562 6.03021286987 1.72500000007
v 16.2401360519 5.81553789539 1.72500000007
v 16.3157675654 5.59984185053 1.72500000007
v 14.1529392447 -9.86188677366 2.3
v 14.7965807334 -8.86700054125 0.574999999936
v 14.7696824555 -8.9117327249 1.15
v 14.65030336 -9.10665204444 1.15
v 14.6226805935 -9.15094051223 1.72500000006
v 14.5001448452 -9.34389102394 1.72500000006
v 14.3750632157 -9.53520097025 1.72500000006
v 17.5731070757 7.05796103401 2.3
v 17.0131660698 6.48385785947 2.3
v 16.6307543961 6.15982353918 2.3
v 17.1164630954 7.65218016005 0.766666666609
v 17.2784871801 7.27894572469 1.53333333339
v 16.3171406767 6.84981448831 0.766666666612
v 16.461941404 6.49411453545 1.53333333339
v 15.1553951188 -11.3553029481 2.3
v 14.5367817905 -10.3247258423 2.3
v 14.8677724004 -10.8269471147 2.3
v 14.8819841187 -9.57578127773 0.766666666615
v 14.6706823243 -9.89647000339 1.53333333338
v 17.4116783801 7.44730570319 2.3
v 17.5202608633 7.18814061707 2.3
v 17.4664503109 7.31792455463 2.3
v 17.0580493322 8.22507502876 0.574999999927
v 17.1186012188 8.09829602804 0.574999999927
v 17.1896594157 7.94635233413 1.15
v 17.2481398535 7.81860459678 1.15
v 17.3167156347 7.66552450106 1.72500000007
v 17.373109131 7.53684186984 1.72500000007
v 17.4285463866 7.40774440012 1.72500000007
v 14.8989270922 -11.6897766339 2.3
v 14.985242812 -11.57892068 2.3
v 15.0707337227 -11.4674274059 2.3
v 15.652148589 -10.6601665463 0.574999999932
v 15.5726306971 -10.7759955188 0.574999999932
v 15.4765726967 -10.9135055694 1.15
v 15.3951801297 -11.0280249828 1.15
v 15.2968967686 -11.1639533992 1.72500000007
v 15.2136510891 -11.2771329152 1.72500000007
v 15.1295680285 -11.3896917218 1.72500000007
v 15.6171140976 7.32586153728 2.3
v 16.6097813535 7.45676845885 2.3
v 16.1102771036 7.41514595021 2.3
v 15.7338619069 8.10028566664 0.766666666614
v 15.9059355929 7.75694858199 1.53333333339
v 13.1965435226 -11.1091736441 2.3
v 13.7431299414 -11.3597697142 2.3
v 14.3140354411 -11.5491051328 2.3
v 15.1852139606 -10.9972017835 0.766666666614
v 14.9429955004 -11.3241359746 1.53333333339
v 14.0906836964 -10.706151099 0.766666666618
v 13.8550388648 -11.0094021838 1.53333333338
v 15.3136367235 7.94071975961 2.3
v 15.0773380908 8.38071453364 0.574999999936
v 15.1026281593 8.33505384988 1.15
v 15.2117436939 8.13420886066 1.15
v 15.2362872489 8.08814260929 1.72500000006
v 15.3421194195 7.8855482825 1.72500000006
v 15.4452578783 7.68156944067 1.72500000006
v 12.7446243588 -11.6248462335 2.3
v 12.8975373982 -11.4549565282 2.3
v 13.0481859362 -11.2830556045 2.3
v 13.6535072229 -10.5424968822 0.57499999994
v 13.512618117 -10.7224834634 0.574999999941
v 13.480111236 -10.7633220273 1.15
v 13.3363113686 -10.9409916862 1.15
v 13.3031441137 -10.9812957655 1.72500000006
v 13.15647158 -11.1566014342 1.72500000006
v 13.0074890824 -11.3299482686 1.72500000006
v 16.5015179299 9.291329951 2.3
v 15.7543268704 8.34980080039 2.3
v 16.1477260646 8.8047931787 2.3
v 15.9712194423 9.8208614501 0.766666666613
v 16.1805742582 9.47196847391 1.53333333339
v 15.2834650737 8.92102761625 0.766666666615
v 15.4734551711 8.58727101335 1.53333333338
v 13.5435741573 -13.2363327737 2.3
v 13.0647704572 -12.1338271557 2.3
v 13.3273763662 -12.6749547995 2.3
v 13.5047764138 -11.4363478611 0.76666666662
v 13.2534240573 -11.7267126317 1.53333333338
v 16.2906506021 9.65627304963 2.3
v 16.432131979 9.41349801482 2.3
v 16.3618415801 9.53514794629 2.3
v 15.8385276312 10.3812305977 0.574999999933
v 15.9151094683 10.2634398161 0.574999999932
v 16.0053923843 10.1220709774 1.15
v 16.0800469395 10.0030493685 1.15
v 16.1680170074 9.86022982986 1.72500000007
v 16.2407245034 9.74000892473 1.72500000007
v 16.3125380867 9.61925191564 1.72500000007
v 13.2456426736 -13.5344691958 2.3
v 13.345689556 -13.4358280922 2.3
v 13.4450018727 -13.3364474615 2.3
v 14.1268113403 -12.6119826991 0.574999999938
v 14.0328550202 -12.716441571 0.574999999939
v 13.919670146 -12.840237119 1.15
v 13.8240261208 -12.9431529412 1.15
v 13.7088413688 -13.0650899182 1.72500000006
v 13.6115349764 -13.1664354262 1.72500000006
v 13.5134793857 -13.2670562349 1.72500000006
v 14.5272907103 9.3016302129 2.3
v 15.4943787783 9.56098628467 2.3
v 15.0045806841 9.45452147462 2.3
v 14.5419570932 10.0846676835 0.766666666618
v 14.7573731472 9.76672801819 1.53333333338
v 11.633607129 -12.7366277 2.3
v 12.1428080743 -13.0564237299 2.3
v 12.684116167 -13.3186574788 2.3
v 13.6198794762 -12.8851873541 0.766666666619
v 13.3370597535 -13.1777087245 1.53333333338
v 12.5727028078 -12.4537617809 0.766666666623
v 12.299491741 -12.723660688 1.53333333338
v 14.1461545248 9.87161649183 2.3
v 13.8544466171 10.2770038888 0.574999999941
v 13.8854802408 10.2350348549 1.15
v 14.0198778085 10.0501505576 1.15
v 14.0502242424 10.0076819862 1.72500000006
v 14.1815948702 9.82063475221 1.72500000006
v 14.3104755466 9.63186324795 1.72500000006
v 11.1182454167 -13.1889013513 2.3
v 11.2920253201 -13.0404242327 2.3
v 11.4638226121 -12.8896575253 2.3
v 12.1606276014 -12.2344446682 0.574999999947
v 11.9974508581 -12.3945017207 0.574999999947
v 11.9598915758 -12.4307479056 1.15
v 11.7941313921 -12.5881279268 1.15
v 11.7559871497 -12.6237580036 1.72500000005
v 11.5876874385 -12.7784193007 1.72500000005
v 11.4173532046 -12.9308370108 1.72500000005
v 15.1475832373 11.3657216365 2.3
v 14.755310594 10.6662571568 2.3
v 14.4697955355 10.254288614 2.3
v 14.5527037966 11.8215050779 0.766666666618
v 14.8058072247 11.5029232164 1.53333333338
v 13.9882851458 10.8395994883 0.76666666662
v 14.2202138301 10.5334969034 1.53333333338
v 11.700018887 -14.8908852757 2.3
v 11.3692172792 -13.7353153223 2.3
v 11.5589452274 -14.3060904935 2.3
v 11.8964982403 -13.1012353619 0.766666666625
v 11.6093960301 -13.3563079555 1.53333333337
v 14.8908852757 11.700018887 2.3
v 15.0628447606 11.4777878516 2.3
v 14.9772772035 11.5892223129 2.3
v 14.3480043312 12.3597604329 0.574999999939
v 14.4393057823 12.2529733034 0.574999999939
v 14.5472686516 12.12459818 1.15
v 14.6368199642 12.0163391923 1.15
v 14.7426791264 11.8862238925 1.72500000006
v 14.8304565767 11.7765217265 1.72500000006
v 14.9174177375 11.6661713639 1.72500000006
v 11.3657216365 -15.1475832373 2.3
v 12.2529733034 -14.4393057823 0.574999999946
v 12.12459818 -14.5472686516 1.15
v 12.0163391923 -14.6368199642 1.15
v 11.8862238925 -14.7426791264 1.72500000005
v 11.7765217265 -14.8304565767 1.72500000005
v 11.6661713639 -14.9174177375 1.72500000005
v 13.1889013513 11.1182454167 2.3
v 14.1138630863 11.5016129843 2.3
v 13.6421517289 11.3321275153 2.3
v 13.1012353619 11.8964982403 0.766666666623
v 13.3563079555 11.6093960301 1.53333333338
v 9.87161649183 -14.1461545248 2.3
v 10.6662571568 -14.755310594 2.3
v 10.254288614 -14.4697955355 2.3
v 11.8215050779 -14.5527037966 0.766666666625
v 11.5029232164 -14.8058072247 1.53333333337
v 10.8395994883 -13.9882851458 0.766666666629
v 10.5334969034 -14.2202138301 1.53333333337
v 12.7366277 11.633607129 2.3
v 13.0404242327 11.2920253201 2.3
v 12.8896575253 11.4638226121 2.3
v 12.2344446682 12.1606276014 0.574999999948
v 12.3945017207 11.9974508581 0.574999999947
v 12.4307479056 11.9598915758 1.15
v 12.5881279268 11.7941313921 1.15
v 12.6237580036 11.7559871497 1.72500000005
v 12.7784193007 11.5876874385 1.72500000005
v 12.9308370108 11.4173532046 1.72500000005
v 9.3016302129 -14.5272907103 2.3
v 10.2770038888 -13.8544466171 0.574999999955
v 10.2350348549 -13.8854802408 1.15
v 10.0501505576 -14.0198778085 1.15
v 10.0076819862 -14.0502242424 1.72500000005
v 9.82063475221 -14.1815948702 1.72500000005
v 9.63186324795 -14.3104755466 1.72500000004
v 13.5344691958 13.2456426736 2.3
v 13.2368509345 12.5009603551 2.3
v 13.0075511821 12.0552490669 2.3
v 12.8851873541 13.6198794762 0.766666666624
v 13.1777087245 13.3370597535 1.53333333338
v 12.4537617809 12.5727028078 0.766666666625
v 12.723660688 12.299491741 1.53333333337
v 9.65627304963 -16.2906506021 2.3
v 9.56098628467 -15.4943787783 2.3
v 9.45452147462 -15.0045806841 2.3
v 10.0846676835 -14.5419570932 0.766666666631
v 9.76672801819 -14.7573731472 1.53333333337
v 13.2363327737 13.5435741573 2.3
v 12.716441571 14.0328550202 0.574999999946
v 12.840237119 13.919670146 1.15
v 12.9431529412 13.8240261208 1.15
v 13.0650899182 13.7088413688 1.72500000005
v 13.1664354262 13.6115349764 1.72500000005
v 13.2670562349 13.5134793857 1.72500000005
v 9.291329951 -16.5015179299 2.3
v 10.2634398161 -15.9151094683 0.574999999955
v 10.1220709774 -16.0053923843 1.15
v 10.0030493685 -16.0800469395 1.15
v 9.86022982986 -16.1680170074 1.72500000005
v 9.74000892473 -16.2407245034 1.72500000005
v 9.61925191564 -16.3125380867 1.72500000004
v 11.6248462335 12.7446243588 2.3
v 12.4918552838 13.245443897 2.3
v 12.0463017754 13.0158377123 2.3
v 11.4363478611 13.5047764138 0.766666666629
v 11.7267126317 13.2534240573 1.53333333337
v 7.94071975961 -15.3136367235 2.3
v 8.34980080039 -15.7543268704 2.3
v 8.8047931787 -16.1477260646 2.3
v 9.8208614501 -15.9712194423 0.766666666632
v 9.47196847391 -16.1805742582 1.53333333337
v 8.92102761625 -15.2834650737 0.766666666635
v 8.58727101335 -15.4734551711 1.53333333336
v 11.1091736441 13.1965435226 2.3
v 11.4549565282 12.8975373982 2.3
v 11.2830556045 13.0481859362 2.3
v 10.5424968822 13.6535072229 0.574999999956
v 10.7224834634 13.512618117 0.574999999955
v 10.7633220273 13.480111236 1.15
v 10.9409916862 13.3363113686 1.15
v 10.9812957655 13.3031441137 1.72500000004
v 11.1566014342 13.15647158 1.72500000005
v 11.3299482686 13.0074890824 1.72500000005
v 7.32586153728 -15.6171140976 2.3
v 8.38071453364 -15.0773380908 0.574999999963
v 8.33505384988 -15.1026281593 1.15
v 8.13420886066 -15.2117436939 1.15
v 8.08814260929 -15.2362872489 1.72500000004
v 7.8855482825 -15.3421194195 1.72500000004
v 7.68156944067 -15.4452578783 1.72500000004
v 11.6897766339 14.8989270922 2.3
v 11.4919050855 14.1217686557 2.3
v 11.3227440216 13.6499408658 2.3
v 10.9972017835 15.1852139606 0.76666666663
v 11.3241359746 14.9429955004 1.53333333337
v 10.706151099 14.0906836964 0.766666666631
v 11.0094021838 13.8550388648 1.53333333337
v 7.44730570319 -17.4116783801 2.3
v 7.42685939874 -16.2098657618 2.3
v 7.4623950391 -16.810297447 2.3
v 8.10028566664 -15.7338619069 0.766666666638
v 7.75694858199 -15.9059355929 1.53333333336
v 11.3553029481 15.1553951188 2.3
v 10.7759955188 15.5726306971 0.574999999955
v 10.9135055694 15.4765726967 1.15
v 11.0280249828 15.3951801297 1.15
v 11.1639533992 15.2968967686 1.72500000004
v 11.2771329152 15.2136510891 1.72500000005
v 11.3896917218 15.1295680285 1.72500000005
v 7.05796103401 -17.5731070757 2.3
v 7.18814061707 -17.5202608633 2.3
v 7.31792455463 -17.4664503109 2.3
v 8.22507502876 -17.0580493322 0.574999999963
v 8.09829602804 -17.1186012188 0.574999999964
v 7.94635233413 -17.1896594157 1.15
v 7.81860459678 -17.2481398535 1.15
v 7.66552450106 -17.3167156347 1.72500000004
v 7.53684186984 -17.373109131 1.72500000004
v 7.40774440012 -17.4285463866 1.72500000004
v 9.86188677366 14.1529392447 2.3
v 10.3247258423 14.5367817905 2.3
v 10.8269471147 14.8677724004 2.3
v 9.57578127773 14.8819841187 0.766666666635
v 9.89647000339 14.6706823243 1.53333333336
v 5.87395511071 -16.2190983522 2.3
v 6.48385785947 -17.0131660698 2.3
v 6.15982353918 -16.6307543961 2.3
v 7.65218016005 -17.1164630954 0.766666666639
v 7.27894572469 -17.2784871801 1.53333333336
v 6.84981448831 -16.3171406767 0.766666666642
v 6.49411453545 -16.461941404 1.53333333336
v 9.29163854708 14.5336833979 2.3
v 8.67016405168 14.9127715504 0.574999999964
v 8.86700054125 14.7965807334 0.574999999963
v 8.9117327249 14.7696824555 1.15
v 9.10665204444 14.65030336 1.15
v 9.15094051223 14.6226805935 1.72500000004
v 9.34389102394 14.5001448452 1.72500000004
v 9.53520097025 14.3750632157 1.72500000004
v 5.22474533965 -16.4397243327 2.3
v 5.44211676899 -16.3690520517 2.3
v 5.65853269184 -16.2955057539 2.3
v 6.55303566469 -15.9568237308 0.574999999971
v 6.34102882921 -16.0422521295 0.574999999972
v 6.29245776259 -16.0613659227 1.15
v 6.07908859485 -16.1433324272 1.15
v 6.03021286987 -16.1616531562 1.72500000003
v 5.81553789539 -16.2401360519 1.72500000003
v 5.59984185053 -16.3157675654 1.72500000003
v 9.64506875282 16.2972867375 2.3
v 9.55032955438 15.5009495794 2.3
v 9.44420157158 15.0110783921 2.3
v 8.92105104141 16.490725224 0.766666666638
v 9.27680411848 16.2932524514 1.53333333336
v 8.77535520353 15.3675690804 0.766666666638
v 9.1067697558 15.1735224323 1.53333333336
v 5.11091289139 -18.2347875136 2.3
v 5.24750953275 -17.0405877906 2.3
v 5.20436909922 -17.6405210313 2.3
v 5.97730551622 -16.6565559812 0.766666666645
v 5.61444560492 -16.7823430705 1.53333333335
v 9.27998074081 16.5079030679 2.3
v 8.65116919552 16.8459543451 0.574999999964
v 8.80004091361 16.7686667975 1.15
v 8.92420445941 16.7029183382 1.15
v 9.07179854226 16.6232180235 1.72500000004
v 9.1948755334 16.5554574136 1.72500000004
v 9.31744642549 16.4867855677 1.72500000004
v 4.70382844688 -18.3440154871 2.3
v 5.79458814965 -18.0291889563 0.574999999974
v 5.63466939925 -18.0798066087 1.15
v 5.50038133263 -18.1211123125 1.15
v 5.33965992276 -18.1691204563 1.72500000003
v 5.20471736096 -18.2082350446 1.72500000003
v 5.06948832409 -18.2463474257 1.72500000003
v 7.93018769686 15.3190934161 2.3
v 8.33896560717 15.7600647571 2.3
v 8.79368736304 16.1537767267 2.3
v 7.55137042175 16.0045569492 0.766666666642
v 7.89689602954 15.8369211492 1.53333333336
v 3.7066854613 -16.8470467112 2.3
v 3.98776840065 -17.3785986698 2.3
v 4.32543808583 -17.8763538045 2.3
v 5.35256794587 -17.9688393193 0.766666666647
v 4.96137819602 -18.0807603959 1.53333333335
v 4.66139913535 -17.0716254788 0.76666666665
v 4.28984195733 -17.1687592554 1.53333333335
v 7.31512093838 15.6221479207 2.3
v 7.72651003602 15.4228253787 2.3
v 7.52147578348 15.5238494594 2.3
v 6.64948231038 15.9168742221 0.574999999972
v 6.85980078141 15.8273697511 0.574999999972
v 6.90766120482 15.8065403133 1.15
v 7.11649506134 15.713624599 1.15
v 7.16401012966 15.6920189542 1.72500000003
v 7.37130404764 15.5957166118 1.72500000003
v 7.57730373965 15.4966760318 1.72500000003
v 3.03423230069 -16.9810463266 2.3
v 3.25896867104 -16.9393513217 2.3
v 3.48313284389 -16.894682169 2.3
v 4.41419009465 -16.6756536845 0.57499999998
v 4.19284636345 -16.7326787865 0.574999999981
v 4.14219597839 -16.7452892622 1.15
v 3.91995343774 -16.7987042668 1.15
v 3.86910451636 -16.8104886972 1.72500000002
v 3.64602204251 -16.8602794539 1.72500000002
v 3.42229941376 -16.9071099458 1.72500000002
v 7.43533107122 17.4167952882 2.3
v 7.41571117946 16.2149688944 2.3
v 7.45083393385 16.8154248732 2.3
v 6.69225864263 17.5140756067 0.766666666645
v 7.07074357189 17.3647273355 1.53333333335
v 6.69441054753 16.3815110966 0.766666666645
v 7.04831797245 16.2323828241 1.53333333335
v 2.68707094301 -18.7458943771 2.3
v 2.90375748579 -17.9737704704 2.3
v 2.99283444271 -17.4805137172 2.3
v 3.7520520112 -17.2942517645 0.766666666653
v 3.37587790693 -17.3716000053 1.53333333335
v 7.04587549013 17.5779562187 2.3
v 6.37831896879 17.8310390438 0.574999999974
v 6.53600511799 17.7738443603 1.15
v 6.66768832348 17.7248649831 1.15
v 6.82442269709 17.6651114092 1.72500000003
v 6.95529128191 17.6139952717 1.72500000003
v 7.08577703758 17.5619096348 1.72500000003
v 2.26921205089 -18.8010527077 2.3
v 2.40863347843 -18.7837001418 2.3
v 2.54792233136 -18.7653136942 2.3
v 3.52986435398 -18.6056164609 0.574999999983
v 3.39173326146 -18.6312922722 0.574999999984
v 3.22657570871 -18.6606032979 1.15
v 3.08804501889 -18.6840275157 1.15
v 2.92243228275 -18.7106465896 1.72500000002
v 2.783538695 -18.7318130084 1.72500000002
v 2.64449189731 -18.7519484015 1.72500000002
v 5.86280090991 16.223133652 2.3
v 6.21052335852 16.7136886461 2.3
v 6.6099651825 17.1633854546 2.3
v 5.39775352422 16.8532873731 0.76666666665
v 5.7622039752 16.7321858625 1.53333333335
v 1.47599339597 -17.1867374302 2.3
v 1.68529017868 -17.7504305739 2.3
v 1.95510097051 -18.2880020826 2.3
v 2.96137181013 -18.5137637205 0.766666666655
v 2.55892011086 -18.5736667883 1.53333333334
v 2.3932259508 -17.5340100358 0.766666666657
v 2.01216899395 -17.5818148758 1.53333333334
v 5.2134395823 16.4433131613 2.3
v 4.73522792831 16.5873480842 0.574999999981
v 4.78539768636 16.572943884 1.15
v 5.00457287467 16.5080813646 1.15
v 5.05450154754 16.49286252 1.72500000002
v 5.27259201538 16.4244413432 1.72500000002
v 5.48975674124 16.3531364246 1.72500000002
v 0.79180270581 -17.2318179098 2.3
v 1.97292313394 -17.1368046702 0.57499999999
v 1.92106007256 -17.1426960597 1.15
v 1.6937467905 -17.166645619 1.15
v 1.64179471186 -17.1716921159 1.72500000001
v 1.41412174162 -17.1919387999 1.72500000001
v 1.18620048518 -17.2091669876 1.72500000001
v 5.09837281352 18.2382976427 2.3
v 5.23579059555 17.0441921306 2.3
v 5.19223763741 17.6440955646 2.3
v 4.34895984302 18.2377552999 0.766666666653
v 4.74370064239 18.1390869206 1.53333333335
v 4.49892267102 17.1151609162 0.766666666653
v 4.86926751443 17.0135026453 1.53333333335
v 0.217252465789 -18.9362537904 2.3
v 0.532867618618 -18.1990187802 2.3
v 0.685565435617 -17.7216087828 2.3
v 1.462599856 -17.6360381052 0.76666666666
v 1.07954800198 -17.6636240477 1.53333333334
v 4.69121335633 18.3472456651 2.3
v 3.9963339361 18.5110297207 0.574999999984
v 4.16013646268 18.4749065183 1.15
v 4.2970861917 18.4435342738 1.15
v 4.46027908749 18.404749841 1.72500000002
v 4.59670006821 18.3711527872 1.72500000002
v 4.73286804 18.336544559 1.72500000002
v -0.204231192448 -18.9363987038 2.3
v -0.0637375701885 -18.9373927396 2.3
v 0.0767595602782 -18.9373444342 2.3
v 1.07114560455 -18.907182586 0.574999999994
v 0.930844876805 -18.9146090116 0.574999999995
v 0.763274413226 -18.9221118911 1.15
v 0.622871398702 -18.927253828 1.15
v 0.455201016131 -18.9320283721 1.72500000001
v 0.314732910231 -18.9348844581 1.72500000001
v 0.174247480982 -18.9366983411 1.725
v 3.69509997392 16.8495915732 2.3
v 3.97581733332 17.3813366884 2.3
v 4.31314466505 17.8793238987 2.3
v 3.15177956736 17.4136533774 0.766666666657
v 3.52891901325 17.3411582366 1.53333333334
v -0.779953325599 -17.2323583067 2.3
v -0.520353218909 -18.1993808957 2.3
v -0.673379283406 -17.7220760115 2.3
v 0.519505781674 -18.7419124915 0.766666666664
v 0.112678193142 -18.7487725924 1.53333333334
v 0.0841040066972 -17.6963828198 0.766666666665
v -0.299932738792 -17.6940407692 1.53333333333
v 3.02255482952 16.9831287548 2.3
v 3.47151465357 16.8970732972 2.3
v 3.24731981767 16.9415882963 2.3
v 2.30331650787 17.0955325469 0.574999999991
v 2.5296340125 17.0635122926 0.57499999999
v 2.58125468672 17.0557797899 1.15
v 2.80702105858 17.0200802811 1.15
v 2.85850904257 17.0115086354 1.72500000001
v 3.08366447189 16.9721393296 1.72500000001
v 3.30827848295 16.9297901191 1.72500000001
v -1.46417485289 -17.1877483109 2.3
v -0.280757357396 -17.2477150749 0.575
v -0.332945703731 -17.2467865748 1.15
v -0.561440333929 -17.2408609051 1.15
v -0.613606655354 -17.2390831215 1.725
v -0.841974574338 -17.2294393064 1.725
v -1.07019466258 -17.2167704109 1.725
v 2.67417998346 18.7477376679 2.3
v 2.89139741407 17.975762945 2.3
v 2.98081353031 17.4825675607 2.3
v 1.93124913474 18.6493819435 0.766666666661
v 2.33549167971 18.6030816993 1.53333333334
v 2.22645698027 17.5559655873 0.76666666666
v 2.60690253922 17.5035167192 1.53333333334
v -2.25628326135 -18.8026086513 2.3
v -1.67308397125 -17.751585241 2.3
v -1.94252504656 -18.2893421538 2.3
v -0.85187778825 -17.6760669444 0.766666666668
v -1.23525326859 -17.6534185854 1.53333333333
v 2.25628326135 18.8026086513 2.3
v 1.54597052178 18.8742915468 0.574999999995
v 1.71308671909 18.8598579035 1.15
v 1.85295972381 18.8466295796 1.15
v 2.01981886608 18.8294779002 1.725
v 2.15945804189 18.8139747851 1.72500000001
v 2.29897835806 18.7974361219 1.72500000001
v -2.67417998346 -18.7477376679 2.3
v -1.54597052178 -18.8742915468 0.575000000005
v -1.71308671909 -18.8598579035 1.15
v -1.85295972381 -18.8466295796 1.15
v -2.01981886608 -18.8294779002 1.725
v -2.15945804189 -18.8139747851 1.72499999999
v -2.29897835806 -18.7974361219 1.72499999999
v 1.46417485289 17.1877483109 2.3
v 1.67308397125 17.751585241 2.3
v 1.94252504656 18.2893421538 2.3
v 0.85187778825 17.6760669444 0.766666666665
v 1.23525326859 17.6534185854 1.53333333333
v -3.02255482952 -16.9831287548 2.3
v -2.96628418291 -17.5817845138 2.3
v -2.84480071542 -18.170870889 2.3
v -1.93124913474 -18.6493819435 0.766666666672
v -2.33549167971 -18.6030816993 1.53333333333
v -2.22645698027 -17.5559655873 0.766666666673
v -2.60690253922 -17.5035167192 1.53333333333
v 0.779953325599 17.2323583067 2.3
v 1.23630472732 17.2056400817 2.3
v 1.00821753599 17.2205109506 2.3
v 0.0521965485179 17.2499210293 0.575000000001
v 0.280757357396 17.2477150749 0.575
v 0.332945703731 17.2467865748 1.15
v 0.561440333929 17.2408609051 1.15
v 0.613606655354 17.2390831215 1.725
v 0.841974574338 17.2294393064 1.725
v 1.07019466258 17.2167704109 1.725
v -3.69509997392 -16.8495915732 2.3
v -2.5296340125 -17.0635122926 0.57500000001
v -2.58125468672 -17.0557797899 1.15
v -2.80702105858 -17.0200802811 1.15
v -2.85850904257 -17.0115086354 1.72499999999
v -3.08366447189 -16.9721393296 1.72499999999
v -3.30827848295 -16.9297901191 1.72499999999
v 0.204231192448 18.9363987038 2.3
v 0.520353218909 18.1993808957 2.3
v 0.673379283406 17.7220760115 2.3
v -0.519505781674 18.7419124915 0.76666666667
v -0.112678193142 18.7487725924 1.53333333333
v -0.0841040066972 17.6963828198 0.766666666668
v 0.299932738792 17.6940407692 1.53333333333
v -4.69121335633 -18.3472456651 2.3
v -3.97581733332 -17.3813366884 2.3
v -4.31314466505 -17.8793238987 2.3
v -3.15177956736 -17.4136533774 0.766666666676
v -3.52891901325 -17.3411582366 1.53333333332
v -0.217252465789 18.9362537904 2.3
v 0.0637375701885 18.9373927396 2.3
v -0.0767595602782 18.9373444342 2.3
v -1.07114560455 18.907182586 0.575000000006
v -0.930844876805 18.9146090116 0.575000000005
v -0.763274413226 18.9221118911 1.15
v -0.622871398702 18.927253828 1.15
v -0.455201016131 18.9320283721 1.72499999999
v -0.314732910231 18.9348844581 1.72499999999
v -0.174247480982 18.9366983411 1.725
v -5.09837281352 -18.2382976427 2.3
v -4.96292367073 -18.2756202327 2.3
v -4.82720136155 -18.3119369064 2.3
v -3.85889173935 -18.5401688447 0.575000000015
v -3.9963339361 -18.5110297207 0.575000000016
v -4.16013646268 -18.4749065183 1.15
v -4.2970861917 -18.4435342738 1.15
v -4.46027908749 -18.404749841 1.72499999998
v -4.59670006821 -18.3711527872 1.72499999998
v -4.73286804 -18.336544559 1.72499999998
v -0.79180270581 17.2318179098 2.3
v -0.658276321438 17.8180992485 2.3
v -0.461331714044 18.3864246939 2.3
v -1.462599856 17.6360381052 0.766666666673
v -1.07954800198 17.6636240477 1.53333333333
v -5.2134395823 -16.4433131613 2.3
v -5.21296899783 -17.4445747064 2.3
v -5.23724523127 -16.9439275319 2.3
v -4.34895984302 -18.2377552999 0.76666666668
v -4.74370064239 -18.1390869206 1.53333333332
v -4.49892267102 -17.1151609162 0.766666666681
v -4.86926751443 -17.0135026453 1.53333333332
v -1.47599339597 17.1867374302 2.3
v -1.02005871558 17.2198135941 2.3
v -1.24813562726 17.2047858881 2.3
v -2.19981650825 17.1091585804 0.575000000011
v -1.97292313394 17.1368046702 0.57500000001
v -1.92106007256 17.1426960597 1.15
v -1.6937467905 17.166645619 1.15
v -1.64179471186 17.1716921159 1.72499999999
v -1.41412174162 17.1919387999 1.72499999999
v -1.18620048518 17.2091669876 1.72499999999
v -5.86280090991 -16.223133652 2.3
v -5.64732600161 -16.2993929038 2.3
v -5.43085955694 -16.3727903692 2.3
v -4.51502608316 -16.6486347628 0.575000000018
v -4.73522792831 -16.5873480842 0.575000000019
v -4.78539768636 -16.572943884 1.15
v -5.00457287467 -16.5080813646 1.15
v -5.05450154754 -16.49286252 1.72499999998
v -5.27259201538 -16.4244413432 1.72499999998
v -5.48975674124 -16.3531364246 1.72499999998
v -2.26921205089 18.8010527077 2.3
v -1.85959436409 18.1116023935 2.3
v -1.64557666973 17.6583548283 2.3
v -2.96137181013 18.5137637205 0.766666666678
v -2.55892011086 18.5736667883 1.53333333332
v -2.3932259508 17.5340100358 0.766666666676
v -2.01216899395 17.5818148758 1.53333333332
v -7.04587549013 -17.5779562187 2.3
v -6.21052335852 -16.7136886461 2.3
v -6.6099651825 -17.1633854546 2.3
v -5.39775352422 -16.8532873731 0.766666666684
v -5.7622039752 -16.7321858625 1.53333333332
v -2.68707094301 18.7458943771 2.3
v -3.39173326146 18.6312922722 0.575000000016
v -3.22657570871 18.6606032979 1.15
v -3.08804501889 18.6840275157 1.15
v -2.92243228275 18.7106465896 1.72499999998
v -2.783538695 18.7318130084 1.72499999998
v -2.64449189732 18.7519484015 1.72499999998
v -7.43533107122 -17.4167952882 2.3
v -6.37831896879 -17.8310390438 0.575000000026
v -6.53600511799 -17.7738443603 1.15
v -6.66768832348 -17.7248649831 1.15
v -6.82442269709 -17.6651114092 1.72499999997
v -6.95529128191 -17.6139952717 1.72499999997
v -7.08577703758 -17.5619096348 1.72499999997
v -3.03423230069 16.9810463266 2.3
v -2.97837332376 17.5797406377 2.3
v -2.85729496112 18.1689104099 2.3
v -3.7520520112 17.2942517645 0.766666666681
v -3.37587790693 17.3716000053 1.53333333332
v -7.31512093838 -15.6221479207 2.3
v -7.41571117946 -16.2149688944 2.3
v -7.45083393385 -16.8154248732 2.3
v -6.69225864263 -17.5140756067 0.766666666688
v -7.07074357189 -17.3647273355 1.53333333331
v -6.69441054753 -16.3815110966 0.766666666688
v -7.04831797245 -16.2323828241 1.53333333331
v -3.7066854613 16.8470467112 2.3
v -3.25896867104 16.9393513217 2.3
v -3.48313284389 16.894682169 2.3
v -4.41419009465 16.6756536845 0.57500000002
v -4.19284636345 16.7326787865 0.575000000019
v -4.14219597839 16.7452892622 1.15
v -3.91995343774 16.7987042668 1.15
v -3.86910451636 16.8104886972 1.72499999998
v -3.64602204251 16.8602794539 1.72499999998
v -3.42229941376 16.9071099458 1.72499999998
v -7.93018769686 -15.3190934161 2.3
v -6.85980078141 -15.8273697511 0.575000000028
v -6.90766120482 -15.8065403133 1.15
v -7.11649506134 -15.713624599 1.15
v -7.16401012966 -15.6920189542 1.72499999997
v -7.37130404764 -15.5957166118 1.72499999997
v -7.57730373965 -15.4966760318 1.72499999997
v -4.70382844688 18.3440154871 2.3
v -3.98776840065 17.3785986698 2.3
v -4.32543808583 17.8763538045 2.3
v -5.35256794587 17.9688393193 0.766666666686
v -4.96137819602 18.0807603959 1.53333333331
v -4.66139913535 17.0716254788 0.766666666684
v -4.28984195733 17.1687592554 1.53333333332
v -9.27998074081 -16.5079030679 2.3
v -8.33896560717 -15.7600647571 2.3
v -8.79368736304 -16.1537767267 2.3
v -7.55137042175 -16.0045569492 0.766666666691
v -7.89689602954 -15.8369211492 1.53333333331
v -5.11091289139 18.2347875136 2.3
v -5.79458814965 18.0291889563 0.575000000026
v -5.63466939925 18.0798066087 1.15
v -5.50038133263 18.1211123125 1.15
v -5.33965992276 18.1691204563 1.72499999997
v -5.20471736096 18.2082350446 1.72499999997
v -5.06948832409 18.2463474257 1.72499999997
v -9.64506875282 -16.2972867375 2.3
v -9.52389472474 -16.3683944088 2.3
v -9.40219648792 -16.4386011404 2.3
v -8.52595198832 -16.9096732358 0.575000000036
v -8.65116919552 -16.8459543451 0.575000000036
v -8.80004091361 -16.7686667975 1.15
v -8.92420445941 -16.7029183382 1.15
v -9.07179854226 -16.6232180235 1.72499999996
v -9.1948755334 -16.5554574136 1.72499999996
v -9.31744642549 -16.4867855677 1.72499999996
v -5.22474533965 16.4397243327 2.3
v -5.24750953275 17.0405877906 2.3
v -5.20436909922 17.6405210313 2.3
v -5.97730551622 16.6565559812 0.766666666688
v -5.61444560492 16.7823430705 1.53333333331
v -9.29163854708 -14.5336833979 2.3
v -9.55032955438 -15.5009495794 2.3
v -9.44420157158 -15.0110783921 2.3
v -8.92105104141 -16.490725224 0.766666666696
v -9.27680411848 -16.2932524514 1.5333333333
v -8.77535520353 -15.3675690804 0.766666666695
v -9.1067697558 -15.1735224323 1.5333333333
v -5.87395511071 16.2190983522 2.3
v -5.44211676899 16.3690520517 2.3
v -5.65853269184 16.2955057539 2.3
v -6.34102882921 16.0422521295 0.575000000028
v -6.55303566469 15.9568237308 0.575000000029
v -6.29245776259 16.0613659227 1.15
v -6.07908859485 16.1433324272 1.15
v -6.03021286987 16.1616531562 1.72499999997
v -5.81553789539 16.2401360519 1.72499999997
v -5.59984185053 16.3157675654 1.72499999997
v -9.86188677366 -14.1529392447 2.3
v -8.86700054125 -14.7965807334 0.575000000037
v -8.9117327249 -14.7696824555 1.15
v -9.10665204444 -14.65030336 1.15
v -9.15094051223 -14.6226805935 1.72499999996
v -9.34389102394 -14.5001448452 1.72499999996
v -9.53520097025 -14.3750632157 1.72499999996
v -7.05796103401 17.5731070757 2.3
v -6.48385785947 17.0131660698 2.3
v -6.15982353918 16.6307543961 2.3
v -7.65218016005 17.1164630954 0.766666666694
v -7.27894572469 17.2784871801 1.53333333331
v -6.84981448831 16.3171406767 0.766666666691
v -6.49411453545 16.461941404 1.53333333331
v -11.3553029481 -15.1553951188 2.3
v -10.656108374 -14.7626415923 2.3
v -10.2443362586 -14.4768433175 2.3
v -9.57578127773 -14.8819841187 0.766666666698
v -9.89647000339 -14.6706823243 1.5333333333
v -7.44730570319 17.4116783801 2.3
v -8.09829602804 17.1186012188 0.575000000036
v -7.94635233413 17.1896594157 1.15
v -7.81860459678 17.2481398535 1.15
v -7.66552450106 17.3167156347 1.72499999996
v -7.53684186984 17.373109131 1.72499999996
v -7.40774440012 17.4285463866 1.72499999996
v -11.6897766339 -14.8989270922 2.3
v -11.57892068 -14.985242812 2.3
v -11.4674274059 -15.0707337227 2.3
v -10.6601665463 -15.652148589 0.575000000045
v -10.7759955188 -15.5726306971 0.575000000045
v -10.9135055694 -15.4765726967 1.15
v -11.0280249828 -15.3951801297 1.15
v -11.1639533992 -15.2968967686 1.72499999996
v -11.2771329152 -15.2136510891 1.72499999995
v -11.3896917218 -15.1295680285 1.72499999995
v -7.32586153728 15.6171140976 2.3
v -7.42685939874 16.2098657618 2.3
v -7.4623950391 16.810297447 2.3
v -8.10028566664 15.7338619069 0.766666666695
v -7.75694858199 15.9059355929 1.5333333333
v -11.1091736441 -13.1965435226 2.3
v -11.3597697142 -13.7431299414 2.3
v -11.5491051328 -14.3140354411 2.3
v -10.9972017835 -15.1852139606 0.766666666703
v -11.3241359746 -14.9429955004 1.5333333333
v -10.706151099 -14.0906836964 0.766666666702
v -11.0094021838 -13.8550388648 1.5333333333
v -7.94071975961 15.3136367235 2.3
v -8.38071453364 15.0773380908 0.575000000037
v -8.33505384988 15.1026281593 1.15
v -8.13420886066 15.2117436939 1.15
v -8.08814260929 15.2362872489 1.72499999996
v -7.8855482825 15.3421194195 1.72499999996
v -7.68156944067 15.4452578783 1.72499999996
v -11.6248462335 -12.7446243588 2.3
v -10.7224834634 -13.512618117 0.575000000045
v -10.7633220273 -13.480111236 1.15
v -10.9409916862 -13.3363113686 1.15
v -10.9812957655 -13.3031441137 1.72499999996
v -11.1566014342 -13.15647158 1.72499999995
v -11.3299482686 -13.0074890824 1.72499999995
v -9.291329951 16.5015179299 2.3
v -8.34980080039 15.7543268704 2.3
v -8.8047931787 16.1477260646 2.3
v -9.8208614501 15.9712194423 0.766666666701
v -9.47196847391 16.1805742582 1.5333333333
v -8.92102761625 15.2834650737 0.766666666698
v -8.58727101335 15.4734551711 1.5333333333
v -13.2363327737 -13.5435741573 2.3
v -12.1338271557 -13.0647704572 2.3
v -12.6749547995 -13.3273763662 2.3
v -11.4363478611 -13.5047764138 0.766666666705
v -11.7267126317 -13.2534240573 1.5333333333
v -9.65627304963 16.2906506021 2.3
v -10.2634398161 15.9151094683 0.575000000045
v -10.1220709774 16.0053923843 1.15
v -10.0030493685 16.0800469395 1.15
v -9.86022982986 16.1680170074 1.72499999995
v -9.74000892473 16.2407245034 1.72499999995
v -9.61925191564 16.3125380867 1.72499999996
v -13.5344691958 -13.2456426736 2.3
v -13.4358280922 -13.345689556 2.3
v -13.3364474615 -13.4450018727 2.3
v -12.6119826991 -14.1268113403 0.575000000053
v -12.716441571 -14.0328550202 0.575000000054
v -12.840237119 -13.919670146 1.15
v -12.9431529412 -13.8240261208 1.15
v -13.0650899182 -13.7088413688 1.72499999995
v -13.1664354262 -13.6115349764 1.72499999995
v -13.2670562349 -13.5134793857 1.72499999995
v -9.3016302129 14.5272907103 2.3
v -9.47913364132 15.1017884356 2.3
v -9.5927373309 15.6924450127 2.3
v -10.0846676835 14.5419570932 0.766666666702
v -9.76672801819 14.7573731472 1.5333333333
v -12.7366277 -11.633607129 2.3
v -13.0564237299 -12.1428080743 2.3
v -13.3186574788 -12.684116167 2.3
v -12.8851873541 -13.6198794762 0.76666666671
v -13.1777087245 -13.3370597535 1.53333333329
v -12.4537617809 -12.5727028078 0.766666666708
v -12.723660688 -12.299491741 1.53333333329
v -9.87161649183 14.1461545248 2.3
v -9.49330355811 14.4027666632 2.3
v -9.68331010464 14.2757138321 2.3
v -10.45967627 13.7170577138 0.575000000046
v -10.2770038888 13.8544466171 0.575000000045
v -10.2350348549 13.8854802408 1.15
v -10.0501505576 14.0198778085 1.15
v -10.0076819862 14.0502242424 1.72499999995
v -9.82063475221 14.1815948702 1.72499999995
v -9.63186324795 14.3104755466 1.72499999996
v -13.1889013513 -11.1182454167 2.3
v -13.0404242327 -11.2920253201 2.3
v -12.8896575253 -11.4638226121 2.3
v -12.2344446682 -12.1606276014 0.575000000052
v -12.3945017207 -11.9974508581 0.575000000053
v -12.4307479056 -11.9598915758 1.15
v -12.5881279268 -11.7941313921 1.15
v -12.6237580036 -11.7559871497 1.72499999995
v -12.7784193007 -11.5876874385 1.72499999995
v -12.9308370108 -11.4173532046 1.72499999995
v -11.3657216365 15.1475832373 2.3
v -10.6662571568 14.755310594 2.3
v -10.254288614 14.4697955355 2.3
v -11.8215050779 14.5527037966 0.766666666708
v -11.5029232164 14.8058072247 1.53333333329
v -10.8395994883 13.9882851458 0.766666666705
v -10.5334969034 14.2202138301 1.5333333333
v -14.8908852757 -11.700018887 2.3
v -13.7353153223 -11.3692172792 2.3
v -14.3060904935 -11.5589452274 2.3
v -13.1012353619 -11.8964982403 0.76666666671
v -13.3563079555 -11.6093960301 1.53333333329
v -11.700018887 14.8908852757 2.3
v -12.3597604329 14.3480043312 0.575000000054
v -12.2529733034 14.4393057823 0.575000000054
v -12.12459818 14.5472686516 1.15
v -12.0163391923 14.6368199642 1.15
v -11.8862238925 14.7426791264 1.72499999995
v -11.7765217265 14.8304565767 1.72499999995
v -11.6661713639 14.9174177375 1.72499999995
v -15.1475832373 -11.3657216365 2.3
v -14.4393057823 -12.2529733034 0.575000000061
v -14.5472686516 -12.12459818 1.15
v -14.6368199642 -12.0163391923 1.15
v -14.7426791264 -11.8862238925 1.72499999994
v -14.8304565767 -11.7765217265 1.72499999994
v -14.9174177375 -11.6661713639 1.72499999994
v -11.1182454167 13.1889013513 2.3
v -11.3692172792 13.7353153223 2.3
v -11.5589452274 14.3060904935 2.3
v -11.8964982403 13.1012353619 0.766666666708
v -11.6093960301 13.3563079555 1.53333333329
v -14.1461545248 -9.87161649183 2.3
v -14.5296787157 -10.3347193944 2.3
v -14.8603239027 -10.8371681487 2.3
v -14.5527037966 -11.8215050779 0.766666666715
v -14.8058072247 -11.5029232164 1.53333333328
v -13.9882851458 -10.8395994883 0.766666666713
v -14.2202138301 -10.5334969034 1.53333333329
v -11.633607129 12.7366277 2.3
v -11.9974508581 12.3945017207 0.575000000053
v -11.9598915758 12.4307479056 1.15
v -11.7941313921 12.5881279268 1.15
v -11.7559871497 12.6237580036 1.72499999995
v -11.5876874385 12.7784193007 1.72499999995
v -11.4173532046 12.9308370108 1.72499999995
v -14.5272907103 -9.3016302129 2.3
v -13.8544466171 -10.2770038888 0.575000000059
v -13.8854802408 -10.2350348549 1.15
v -14.0198778085 -10.0501505576 1.15
v -14.0502242424 -10.0076819862 1.72499999994
v -14.1815948702 -9.82063475221 1.72499999994
v -14.3104755466 -9.63186324795 1.72499999994
v -13.2456426736 13.5344691958 2.3
v -12.1428080743 13.0564237299 2.3
v -12.684116167 13.3186574788 2.3
v -13.6198794762 12.8851873541 0.766666666714
v -13.3370597535 13.1777087245 1.53333333329
v -12.5727028078 12.4537617809 0.76666666671
v -12.299491741 12.723660688 1.53333333329
v -16.2906506021 -9.65627304963 2.3
v -15.4943787783 -9.56098628467 2.3
v -15.0045806841 -9.45452147462 2.3
v -14.5419570932 -10.0846676835 0.766666666715
v -14.7573731472 -9.76672801819 1.53333333328
v -13.5435741573 13.2363327737 2.3
v -13.345689556 13.4358280922 2.3
v -13.4450018727 13.3364474615 2.3
v -14.0328550202 12.716441571 0.575000000061
v -14.1268113403 12.6119826991 0.575000000062
v -13.919670146 12.840237119 1.15
v -13.8240261208 12.9431529412 1.15
v -13.7088413688 13.0650899182 1.72499999994
v -13.6115349764 13.1664354262 1.72499999994
v -13.5134793857 13.2670562349 1.72499999994
v -16.5015179299 -9.291329951 2.3
v -16.432131979 -9.41349801482 2.3
v -16.3618415801 -9.53514794629 2.3
v -15.8385276312 -10.3812305977 0.575000000067
v -15.9151094683 -10.2634398161 0.575000000068
v -16.0053923843 -10.1220709774 1.15
v -16.0800469395 -10.0030493685 1.15
v -16.1680170074 -9.86022982986 1.72499999993
v -16.2407245034 -9.74000892473 1.72499999993
v -16.3125380867 -9.61925191564 1.72499999993
v -12.7446243588 11.6248462335 2.3
v -13.245443897 12.4918552838 2.3
v -13.0158377123 12.0463017754 2.3
v -13.5047764138 11.4363478611 0.766666666713
v -13.2534240573 11.7267126317 1.53333333329
v -15.3136367235 -7.94071975961 2.3
v -15.7543268704 -8.34980080039 2.3
v -16.1477260646 -8.8047931787 2.3
v -15.9712194423 -9.8208614501 0.76666666672
v -16.1805742582 -9.47196847391 1.53333333328
v -15.2834650737 -8.92102761625 0.766666666718
v -15.4734551711 -8.58727101335 1.53333333328
v -13.1965435226 11.1091736441 2.3
v -12.8975373982 11.4549565282 2.3
v -13.0481859362 11.2830556045 2.3
v -13.6535072229 10.5424968822 0.57500000006
v -13.512618117 10.7224834634 0.575000000059
v -13.480111236 10.7633220273 1.15
v -13.3363113686 10.9409916862 1.15
v -13.3031441137 10.9812957655 1.72499999994
v -13.15647158 11.1566014342 1.72499999994
v -13.0074890824 11.3299482686 1.72499999994
v -15.6171140976 -7.32586153728 2.3
v -15.0773380908 -8.38071453364 0.575000000064
v -15.1026281593 -8.33505384988 1.15
v -15.2117436939 -8.13420886066 1.15
v -15.2362872489 -8.08814260929 1.72499999994
v -15.3421194195 -7.8855482825 1.72499999994
v -15.4452578783 -7.68156944067 1.72499999994
v -14.8989270922 11.6897766339 2.3
v -14.1217686557 11.4919050855 2.3
v -13.6499408658 11.3227440216 2.3
v -15.1852139606 10.9972017835 0.766666666719
v -14.9429955004 11.3241359746 1.53333333328
v -14.0906836964 10.706151099 0.766666666715
v -13.8550388648 11.0094021838 1.53333333328
v -17.4116783801 -7.44730570319 2.3
v -16.2098657618 -7.42685939874 2.3
v -16.810297447 -7.4623950391 2.3
v -15.7338619069 -8.10028566664 0.76666666672
v -15.9059355929 -7.75694858199 1.53333333328
v -15.1553951188 11.3553029481 2.3
v -14.985242812 11.57892068 2.3
v -15.0707337227 11.4674274059 2.3
v -15.652148589 10.6601665463 0.575000000068
v -15.5726306971 10.7759955188 0.575000000068
v -15.4765726967 10.9135055694 1.15
v -15.3951801297 11.0280249828 1.15
v -15.2968967686 11.1639533992 1.72499999993
v -15.2136510891 11.2771329152 1.72499999993
v -15.1295680285 11.3896917218 1.72499999993
v -17.5731070757 -7.05796103401 2.3
v -17.1186012188 -8.09829602804 0.575000000073
v -17.1896594157 -7.94635233413 1.15
v -17.2481398535 -7.81860459678 1.15
v -17.3167156347 -7.66552450106 1.72499999993
v -17.373109131 -7.53684186984 1.72499999993
v -17.4285463866 -7.40774440012 1.72499999993
v -14.1529392447 9.86188677366 2.3
v -14.5367817905 10.3247258423 2.3
v -14.8677724004 10.8269471147 2.3
v -14.8819841187 9.57578127773 0.766666666718
v -14.6706823243 9.89647000339 1.53333333328
v -16.2190983522 -5.87395511071 2.3
v -17.0131660698 -6.48385785947 2.3
v -16.6307543961 -6.15982353918 2.3
v -17.1164630954 -7.65218016005 0.766666666724
v -17.2784871801 -7.27894572469 1.53333333328
v -16.3171406767 -6.84981448831 0.766666666722
v -16.461941404 -6.49411453545 1.53333333328
v -14.5336833979 9.29163854708 2.3
v -14.9127715504 8.67016405168 0.575000000065
v -14.7965807334 8.86700054125 0.575000000064
v -14.7696824555 8.9117327249 1.15
v -14.65030336 9.10665204444 1.15
v -14.6226805935 9.15094051223 1.72499999994
v -14.5001448452 9.34389102394 1.72499999994
v -14.3750632157 9.53520097025 1.72499999994
v -16.4397243327 -5.22474533965 2.3
v -16.0422521295 -6.34102882921 0.575000000069
v -16.0613659227 -6.29245776259 1.15
v -16.1433324272 -6.07908859485 1.15
v -16.1616531562 -6.03021286987 1.72499999993
v -16.2401360519 -5.81553789539 1.72499999993
v -16.3157675654 -5.59984185053 1.72499999993
v -16.2972867375 9.64506875282 2.3
v -15.5009495794 9.55032955438 2.3
v -15.0110783921 9.44420157158 2.3
v -16.490725224 8.92105104141 0.766666666723
v -16.2932524514 9.27680411848 1.53333333328
v -15.3675690804 8.77535520353 0.76666666672
v -15.1735224323 9.1067697558 1.53333333328
v -18.2347875136 -5.11091289139 2.3
v -17.0405877906 -5.24750953275 2.3
v -17.6405210313 -5.20436909922 2.3
v -16.6565559812 -5.97730551622 0.766666666723
v -16.7823430705 -5.61444560492 1.53333333328
v -16.5079030679 9.27998074081 2.3
v -16.8459543451 8.65116919552 0.575000000073
v -16.7686667975 8.80004091361 1.15
v -16.7029183382 8.92420445941 1.15
v -16.6232180235 9.07179854226 1.72499999993
v -16.5554574136 9.1948755334 1.72499999993
v -16.4867855677 9.31744642549 1.72499999993
v -18.3440154871 -4.70382844688 2.3
v -18.3086132268 -4.83979214043 2.3
v -18.2722032342 -4.97548944493 2.3
v -17.9857030797 -5.92818614564 0.575000000077
v -18.0291889563 -5.79458814965 0.575000000077
v -18.0798066087 -5.63466939925 1.15
v -18.1211123125 -5.50038133263 1.15
v -18.1691204563 -5.33965992276 1.72499999992
v -18.2082350446 -5.20471736096 1.72499999992
v -18.2463474257 -5.06948832409 1.72499999992
v -15.3190934161 7.93018769686 2.3
v -15.7600647571 8.33896560717 2.3
v -16.1537767267 8.79368736304 2.3
v -16.0045569492 7.55137042175 0.766666666722
v -15.8369211492 7.89689602954 1.53333333328
v -16.8470467112 -3.7066854613 2.3
v -17.3785986698 -3.98776840065 2.3
v -17.8763538045 -4.32543808583 2.3
v -17.9688393193 -5.35256794587 0.766666666727
v -18.0807603959 -4.96137819602 1.53333333327
v -17.0716254788 -4.66139913535 0.766666666724
v -17.1687592554 -4.28984195733 1.53333333328
v -15.6221479207 7.31512093838 2.3
v -15.4228253787 7.72651003602 2.3
v -15.5238494594 7.52147578348 2.3
v -15.9168742221 6.64948231038 0.575000000069
v -15.8273697511 6.85980078141 0.575000000069
v -15.8065403133 6.90766120482 1.15
v -15.713624599 7.11649506134 1.15
v -15.6920189542 7.16401012966 1.72499999993
v -15.5957166118 7.37130404764 1.72499999993
v -15.4966760318 7.57730373965 1.72499999993
v -16.9810463266 -3.03423230069 2.3
v -16.9393513217 -3.25896867104 2.3
v -16.894682169 -3.48313284389 2.3
v -16.6756536845 -4.41419009465 0.575000000072
v -16.7326787865 -4.19284636345 0.575000000072
v -16.7452892622 -4.14219597839 1.15
v -16.7987042668 -3.91995343774 1.15
v -16.8104886972 -3.86910451636 1.72499999993
v -16.8602794539 -3.64602204251 1.72499999993
v -16.9071099458 -3.42229941376 1.72499999993
v -17.4167952882 7.43533107122 2.3
v -16.6149049581 7.44534523672 2.3
v -16.1153722052 7.40406621429 2.3
v -17.5140756067 6.69225864263 0.766666666727
v -17.3647273355 7.07074357189 1.53333333327
v -16.3815110966 6.69441054753 0.766666666723
v -16.2323828241 7.04831797245 1.53333333328
v -18.7458943771 -2.68707094301 2.3
v -17.9737704704 -2.90375748579 2.3
v -17.4805137172 -2.99283444271 2.3
v -17.2942517645 -3.7520520112 0.766666666725
v -17.3716000053 -3.37587790693 1.53333333327
v -17.5779562187 7.04587549013 2.3
v -17.8310390438 6.37831896879 0.575000000077
v -17.7738443603 6.53600511799 1.15
v -17.7248649831 6.66768832348 1.15
v -17.6651114092 6.82442269709 1.72499999992
v -17.6139952717 6.95529128191 1.72499999992
v -17.5619096348 7.08577703758 1.72499999992
v -18.8010527077 -2.26921205089 2.3
v -18.7837001418 -2.40863347843 2.3
v -18.7653136942 -2.54792233136 2.3
v -18.6056164609 -3.52986435398 0.57500000008
v -18.6312922722 -3.39173326146 0.57500000008
v -18.6606032979 -3.22657570871 1.15
v -18.6840275157 -3.08804501889 1.15
v -18.7106465896 -2.92243228275 1.72499999992
v -18.7318130084 -2.783538695 1.72499999992
v -18.7519484015 -2.64449189731 1.72499999992
v -16.223133652 5.86280090991 2.3
v -16.7136886461 6.21052335852 2.3
v -17.1633854546 6.6099651825 2.3
v -16.8532873731 5.39775352422 0.766666666724
v -16.7321858625 5.7622039752 1.53333333328
v -17.1867374302 -1.47599339597 2.3
v -18.1116023935 -1.85959436409 2.3
v -17.6583548283 -1.64557666973 2.3
v -18.5137637205 -2.96137181013 0.766666666729
v -18.5736667883 -2.55892011086 1.53333333327
v -17.5340100358 -2.3932259508 0.766666666726
v -17.5818148758 -2.01216899395 1.53333333327
v -16.4433131613 5.2134395823 2.3
v -16.5873480842 4.73522792831 0.575000000072
v -16.572943884 4.78539768636 1.15
v -16.5080813646 5.00457287467 1.15
v -16.49286252 5.05450154754 1.72499999993
v -16.4244413432 5.27259201538 1.72499999993
v -16.3531364246 5.48975674124 1.72499999993
v -17.2318179098 -0.79180270581 2.3
v -17.2198135941 -1.02005871558 2.3
v -17.2047858881 -1.24813562726 2.3
v -17.1091585804 -2.19981650825 0.575000000074
v -17.1368046702 -1.97292313394 0.575000000074
v -17.1426960597 -1.92106007256 1.15
v -17.166645619 -1.6937467905 1.15
v -17.1716921159 -1.64179471186 1.72499999993
v -17.1919387999 -1.41412174162 1.72499999993
v -17.2091669876 -1.18620048518 1.72499999993
v -18.2382976427 5.09837281352 2.3
v -17.0441921306 5.23579059555 2.3
v -17.6440955646 5.19223763741 2.3
v -18.2377552999 4.34895984302 0.766666666729
v -18.1390869206 4.74370064239 1.53333333327
v -17.1151609162 4.49892267102 0.766666666725
v -17.0135026453 4.86926751443 1.53333333327
v -18.9362537904 -0.217252465789 2.3
v -17.8180992485 -0.658276321438 2.3
v -18.3864246939 -0.461331714044 2.3
v -17.6360381052 -1.462599856 0.766666666727
v -17.6636240477 -1.07954800198 1.53333333327
v -18.3472456651 4.69121335633 2.3
v -18.2756202327 4.96292367073 2.3
v -18.3119369064 4.82720136155 2.3
v -18.5401688447 3.85889173935 0.57500000008
v -18.5110297207 3.9963339361 0.57500000008
v -18.4749065183 4.16013646268 1.15
v -18.4435342738 4.2970861917 1.15
v -18.404749841 4.46027908749 1.72499999992
v -18.3711527872 4.59670006821 1.72499999992
v -18.336544559 4.73286804 1.72499999992
v -18.9363987038 0.204231192448 2.3
v -18.9373927396 0.0637375701885 2.3
v -18.9373444342 -0.0767595602782 2.3
v -18.907182586 -1.07114560455 0.575000000081
v -18.9146090116 -0.930844876805 0.575000000081
v -18.9221118911 -0.763274413226 1.15
v -18.927253828 -0.622871398702 1.15
v -18.9320283721 -0.455201016131 1.72499999992
v -18.9348844581 -0.314732910231 1.72499999992
v -18.9366983411 -0.174247480982 1.72499999992
v -16.8495915732 3.69509997392 2.3
v -17.3813366884 3.97581733332 2.3
v -17.8793238987 4.31314466505 2.3
v -17.4136533774 3.15177956736 0.766666666726
v -17.3411582366 3.52891901325 1.53333333327
v -17.2323583067 0.779953325599 2.3
v -18.1993808957 0.520353218909 2.3
v -17.7220760115 0.673379283406 2.3
v -18.7419124915 -0.519505781674 0.76666666673
v -18.7487725924 -0.112678193142 1.53333333327
v -17.6963828198 -0.0841040066972 0.766666666727
v -17.6940407692 0.299932738792 1.53333333327
v -16.9831287548 3.02255482952 2.3
v -16.8970732972 3.47151465357 2.3
v -16.9415882963 3.24731981767 2.3
v -17.0955325469 2.30331650787 0.575000000074
v -17.0635122926 2.5296340125 0.575000000074
v -17.0557797899 2.58125468672 1.15
v -17.0200802811 2.80702105858 1.15
v -17.0115086354 2.85850904257 1.72499999993
v -16.9721393296 3.08366447189 1.72499999993
v -16.9297901191 3.30827848295 1.72499999993
v -17.1877483109 1.46417485289 2.3
v -17.2477150749 0.280757357397 0.575000000074
v -17.2467865748 0.332945703731 1.15
v -17.2408609051 0.561440333929 1.15
v -17.2390831215 0.613606655354 1.72499999993
v -17.2294393064 0.841974574338 1.72499999993
v -17.2167704109 1.07019466258 1.72499999993
v -18.7477376679 2.67417998346 2.3
v -17.975762945 2.89139741407 2.3
v -17.4825675607 2.98081353031 2.3
v -18.6493819435 1.93124913474 0.76666666673
v -18.6030816993 2.33549167971 1.53333333327
v -17.5559655873 2.22645698027 0.766666666727
v -17.5035167192 2.60690253922 1.53333333327
v -18.8026086513 2.25628326135 2.3
v -18.1128768329 1.84713976125 2.3
v -17.6594822088 1.63343378616 2.3
v -17.6760669444 0.85187778825 0.766666666727
v -17.6534185854 1.23525326859 1.53333333327
v -18.7670612971 2.53501805131 2.3
v -18.7853519605 2.39571658816 2.3
v -18.8852415751 1.40590074315 0.575000000081
v -18.8742915468 1.54597052178 0.575000000081
v -18.8598579035 1.71308671909 1.15
v -18.8466295796 1.85295972381 1.15
v -18.8294779002 2.01981886608 1.72499999992
v -18.8139747851 2.15945804189 1.72499999992
v -18.7974361219 2.29897835806 1.72499999992
v -18.88200006 1.448785693 4.6
v -18.8922288677 1.30866139998 4.6
v -18.9014178202 1.16846507637 4.6
v -18.9095664118 1.02820443877 4.6
v -18.1257930562 1.71576762573 4.6
v -17.6394599963 1.83708161411 4.6
v -17.1437950167 1.91122798896 4.6
v -17.0542965703 2.59103618119 4.6
v -17.0871312264 2.3648353966 4.6
v -17.1169657879 2.13821940306 4.6
v -17.6031785881 2.83656343833 4.6
v -18.1220572694 3.14077702192 4.6
v -18.6135848396 3.48760170753 4.6
v -18.5313574521 3.90098669989 4.6
v -18.5597886414 3.76339631694 4.6
v -18.5871982734 3.62559879129 4.6
v -16.7476621619 4.1325914523 4.6
v -17.3487222374 4.11580189929 4.6
v -17.9445211292 4.03331147063 4.6
v -16.5701966123 4.79490189979 4.6
v -17.9991196701 5.88732514412 4.6
v -17.4026450593 5.35127810911 4.6
v -16.9997567528 5.05308699362 4.6
v -17.8636381803 6.28644074278 4.6
v -17.0640982964 6.34860471213 4.6
v -16.5629382631 6.33991276844 4.6
v -16.0649721641 6.28324513011 4.6
v -15.8025759962 6.91672551748 4.6
v -15.8928369096 6.70673057204 4.6
v -15.9803074181 6.49555808396 4.6
v -16.2692081825 7.29594775593 4.6
v -16.6916702323 7.72409119784 4.6
v -17.0766845727 8.18631481522 4.6
v -16.8902671065 8.56433204164 4.6
v -16.089453371 8.52160329303 4.6
v -15.5937153575 8.44757119929 4.6
v -15.1074060386 8.32639074171 4.6
v -14.7645689235 8.92020204389 4.6
v -14.8814674828 8.72378504765 4.6
v -14.9957532098 8.52583636189 4.6
v -15.8620626678 10.3452343702 4.6
v -15.4246516182 9.67307370575 4.6
v -15.1126689376 9.28076803935 4.6
v -15.6278988797 10.6956852448 4.6
v -13.8913480072 10.2270694992 4.6
v -14.4530801926 10.4415737076 4.6
v -15.0350943146 10.5933648538 4.6
v -13.473935983 10.7710514402 4.6
v -13.6154720215 10.5915731424 4.6
v -13.7546175065 10.4102352159 4.6
v -14.3760364728 12.3271440968 4.6
v -14.0301021075 11.6036402613 4.6
v -13.7719946468 11.1739689129 4.6
v -14.0981329702 12.644032308 4.6
v -13.3356653148 12.3954936598 4.6
v -12.8759800804 12.1956777092 4.6
v -12.43760516 11.9527602621 4.6
v -11.9527602621 12.43760516 4.6
v -12.2387501204 12.9665332311 4.6
v -12.4652107596 13.5237554213 4.6
v -12.644032308 14.0981329702 4.6
v -12.3271440968 14.3760364728 4.6
v -12.4334597939 14.2841864943 4.6
v -12.5390911357 14.1915502938 4.6
v -11.6036402613 14.0301021075 4.6
v -11.1739689129 13.7719946468 4.6
v -10.7710514402 13.473935983 4.6
v -10.2270694992 13.8913480072 4.6
v -10.4102352159 13.7546175065 4.6
v -10.5915731424 13.6154720215 4.6
v -10.4415737076 14.4530801926 4.6
v -10.5933648538 15.0350943146 4.6
v -10.6956852448 15.6278988797 4.6
v -10.3452343702 15.8620626678 4.6
v -10.4626293497 15.7848754617 4.6
v -10.5794484512 15.7068194336 4.6
v -9.67307370575 15.4246516182 4.6
v -9.28076803935 15.1126689376 4.6
v -8.92020204389 14.7645689235 4.6
v -8.32639074171 15.1074060386 4.6
v -8.46573907364 15.6923309448 4.6
v -8.54026353844 16.2891785757 4.6
v -8.56433204164 16.8902671065 4.6
v -8.18631481522 17.0766845727 4.6
v -7.57699817721 16.5552810632 4.6
v -7.22877065151 16.1947612729 4.6
v -6.91672551748 15.8025759962 4.6
v -6.28324513011 16.0649721641 4.6
v -6.34505329701 16.6630815638 4.6
v -6.34103594609 17.2645504751 4.6
v -6.28644074278 17.8636381803 4.6
v -5.88732514412 17.9991196701 4.6
v -4.79490189979 16.5701966123 4.6
v -5.10997211697 17.0823351304 4.6
v -5.47931036967 17.557066892 4.6
v -4.1325914523 16.7476621619 4.6
v -4.35413900631 16.6914341359 4.6
v -4.57492207689 16.6322754905 4.6
v -3.90098669989 18.5313574521 4.6
v -4.06697974443 17.7467717689 4.6
v -4.12377667237 17.2487647029 4.6
v -3.48760170753 18.6135848396 4.6
v -3.03399618892 17.9522449734 4.6
v -2.7909436163 17.5138816814 4.6
v -2.59103618119 17.0542965703 4.6
v -1.91122798896 17.1437950167 4.6
v -2.13821940306 17.1169657879 4.6
v -2.3648353966 17.0871312264 4.6
v -1.81612798995 17.7375214635 4.6
v -1.65657591767 18.3174560517 4.6
v -1.448785693 18.88200006 4.6
v -1.02820443877 18.9095664118 4.6
v -1.16846507637 18.9014178202 4.6
v -1.30866139998 18.8922288677 4.6
v -0.664801752746 18.1946769988 4.6
v -0.481046419899 17.7283392386 4.6
v -0.342837115163 17.2465927856 4.6
v 0.342837115163 17.2465927856 4.6
v 0.114285727008 17.2496214095 4.6
v -0.114285727008 17.2496214095 4.6
v 1.02820443877 18.9095664118 4.6
v 0.664801752746 18.1946769988 4.6
v 0.481046419899 17.7283392386 4.6
v 1.448785693 18.88200006 4.6
v 1.71576762573 18.1257930562 4.6
v 1.83708161411 17.6394599963 4.6
v 1.91122798896 17.1437950167 4.6
v 2.59103618119 17.0542965703 4.6
v 2.3648353966 17.0871312264 4.6
v 2.13821940306 17.1169657879 4.6
v 2.83656343833 17.6031785881 4.6
v 3.14077702192 18.1220572694 4.6
v 3.48760170753 18.6135848396 4.6
v 3.90098669989 18.5313574521 4.6
v 4.1325914523 16.7476621619 4.6
v 4.11580189929 17.3487222374 4.6
v 4.03331147063 17.9445211292 4.6
v 4.79490189979 16.5701966123 4.6
v 5.10997211697 17.0823351304 4.6
v 5.47931036967 17.557066892 4.6
v 5.88732514412 17.9991196701 4.6
v 6.28644074278 17.8636381803 4.6
v 6.15373847951 17.9097852856 4.6
v 6.0206975057 17.9549466108 4.6
v 6.28324513011 16.0649721641 4.6
v 6.34505329701 16.6630815638 4.6
v 6.34103594609 17.2645504751 4.6
v 6.91672551748 15.8025759962 4.6
v 6.70673057204 15.8928369096 4.6
v 6.49555808396 15.9803074181 4.6
v 7.29594775593 16.2692081825 4.6
v 7.72409119784 16.6916702323 4.6
v 8.18631481522 17.0766845727 4.6
v 8.56433204164 16.8902671065 4.6
v 8.52160329303 16.089453371 4.6
v 8.44757119929 15.5937153575 4.6
v 8.32639074171 15.1074060386 4.6
v 8.92020204389 14.7645689235 4.6
v 8.72378504765 14.8814674828 4.6
v 8.52583636189 14.9957532098 4.6
v 9.35708770597 15.177710572 4.6
v 9.8367106841 15.5406744671 4.6
v 10.3452343702 15.8620626678 4.6
v 10.6956852448 15.6278988797 4.6
v 10.2270694992 13.8913480072 4.6
v 10.4415737076 14.4530801926 4.6
v 10.5933648538 15.0350943146 4.6
v 10.7710514402 13.473935983 4.6
v 10.5915731424 13.6154720215 4.6
v 10.4102352159 13.7546175065 4.6
v 12.3271440968 14.3760364728 4.6
v 11.6036402613 14.0301021075 4.6
v 11.1739689129 13.7719946468 4.6
v 12.644032308 14.0981329702 4.6
v 12.3954936598 13.3356653148 4.6
v 12.1956777092 12.8759800804 4.6
v 11.9527602621 12.43760516 4.6
v 12.43760516 11.9527602621 4.6
v 12.2781364841 12.116512059 4.6
v 12.116512059 12.2781364841 4.6
v 14.0981329702 12.644032308 4.6
v 13.3356653148 12.3954936598 4.6
v 12.8759800804 12.1956777092 4.6
v 14.3760364728 12.3271440968 4.6
v 14.0301021075 11.6036402613 4.6
v 13.7719946468 11.1739689129 4.6
v 13.473935983 10.7710514402 4.6
v 13.8913480072 10.2270694992 4.6
v 14.4530801926 10.4415737076 4.6
v 15.0350943146 10.5933648538 4.6
v 15.6278988797 10.6956852448 4.6
v 15.8620626678 10.3452343702 4.6
v 15.7848754617 10.4626293497 4.6
v 15.7068194336 10.5794484512 4.6
v 15.4246516182 9.67307370575 4.6
v 15.1126689376 9.28076803935 4.6
v 14.7645689235 8.92020204389 4.6
v 15.1074060386 8.32639074171 4.6
v 15.6923309448 8.46573907364 4.6
v 16.2891785757 8.54026353844 4.6
v 16.8902671065 8.56433204164 4.6
v 17.0766845727 8.18631481522 4.6
v 17.0154808335 8.31278041653 4.6
v 16.9533405381 8.43878847055 4.6
v 16.5552810632 7.57699817721 4.6
v 16.1947612729 7.22877065151 4.6
v 15.8025759962 6.91672551748 4.6
v 16.0649721641 6.28324513011 4.6
v 17.8636381803 6.28644074278 4.6
v 17.0640982964 6.34860471213 4.6
v 16.5629382631 6.33991276844 4.6
v 17.9991196701 5.88732514412 4.6
v 17.4026450593 5.35127810911 4.6
v 16.9997567528 5.05308699362 4.6
v 16.5701966123 4.79490189979 4.6
v 16.7476621619 4.1325914523 4.6
v 18.5313574521 3.90098669989 4.6
v 17.7467717689 4.06697974443 4.6
v 17.2487647029 4.12377667237 4.6
v 18.6135848396 3.48760170753 4.6
v 17.9522449734 3.03399618892 4.6
v 17.5138816814 2.7909436163 4.6
v 17.0542965703 2.59103618119 4.6
v 17.1437950167 1.91122798896 4.6
v 18.88200006 1.448785693 4.6
v 18.1257930562 1.71576762573 4.6
v 17.6394599963 1.83708161411 4.6
v 18.9095664118 1.02820443877 4.6
v 18.1946769988 0.664801752746 4.6
v 17.7283392386 0.481046419899 4.6
v 17.2465927856 0.342837115163 4.6
v 17.2465927856 -0.342837115163 4.6
v 18.9095664118 -1.02820443877 4.6
v 18.1946769988 -0.664801752746 4.6
v 17.7283392386 -0.481046419899 4.6
v 18.88200006 -1.448785693 4.6
v 18.1257930562 -1.71576762573 4.6
v 17.6394599963 -1.83708161411 4.6
v 17.1437950167 -1.91122798896 4.6
v 17.0542965703 -2.59103618119 4.6
v 17.0871312264 -2.3648353966 4.6
v 17.1169657879 -2.13821940306 4.6
v 17.6031785881 -2.83656343833 4.6
v 18.1220572694 -3.14077702192 4.6
v 18.6135848396 -3.48760170753 4.6
v 18.5313574521 -3.90098669989 4.6
v 18.5597886414 -3.76339631694 4.6
v 18.5871982734 -3.62559879129 4.6
v 16.7476621619 -4.1325914523 4.6
v 17.3487222374 -4.11580189929 4.6
v 17.9445211292 -4.03331147063 4.6
v 16.5701966123 -4.79490189979 4.6
v 16.6322754905 -4.57492207689 4.6
v 16.6914341359 -4.35413900631 4.6
v 17.0823351304 -5.10997211697 4.6
v 17.557066892 -5.47931036967 4.6
v 17.9991196701 -5.88732514412 4.6
v 17.8636381803 -6.28644074278 4.6
v 16.0649721641 -6.28324513011 4.6
v 16.6630815638 -6.34505329701 4.6
v 17.2645504751 -6.34103594609 4.6
v 15.8025759962 -6.91672551748 4.6
v 15.8928369096 -6.70673057204 4.6
v 15.9803074181 -6.49555808396 4.6
v 16.2692081825 -7.29594775593 4.6
v 16.6916702323 -7.72409119784 4.6
v 17.0766845727 -8.18631481522 4.6
v 16.8902671065 -8.56433204164 4.6
v 16.9533405381 -8.43878847055 4.6
v 17.0154808335 -8.31278041653 4.6
v 16.089453371 -8.52160329303 4.6
v 15.5937153575 -8.44757119929 4.6
v 15.1074060386 -8.32639074171 4.6
v 14.7645689235 -8.92020204389 4.6
v 15.177710572 -9.35708770597 4.6
v 15.5406744671 -9.8367106841 4.6
v 15.8620626678 -10.3452343702 4.6
v 15.6278988797 -10.6956852448 4.6
v 13.8913480072 -10.2270694992 4.6
v 14.4530801926 -10.4415737076 4.6
v 15.0350943146 -10.5933648538 4.6
v 13.473935983 -10.7710514402 4.6
v 13.6154720215 -10.5915731424 4.6
v 13.7546175065 -10.4102352159 4.6
v 14.3760364728 -12.3271440968 4.6
v 14.0301021075 -11.6036402613 4.6
v 13.7719946468 -11.1739689129 4.6
v 14.0981329702 -12.644032308 4.6
v 14.1915502938 -12.5390911357 4.6
v 14.2841864943 -12.4334597939 4.6
v 13.3356653148 -12.3954936598 4.6
v 12.8759800804 -12.1956777092 4.6
v 12.43760516 -11.9527602621 4.6
v 11.9527602621 -12.43760516 4.6
v 12.116512059 -12.2781364841 4.6
v 12.2781364841 -12.116512059 4.6
v 12.644032308 -14.0981329702 4.6
v 12.3954936598 -13.3356653148 4.6
v 12.1956777092 -12.8759800804 4.6
v 12.3271440968 -14.3760364728 4.6
v 10.7710514402 -13.473935983 4.6
v 11.2581252911 -13.8265181255 4.6
v 11.7810213233 -14.1237734532 4.6
v 10.2270694992 -13.8913480072 4.6
v 10.4415737076 -14.4530801926 4.6
v 10.5933648538 -15.0350943146 4.6
v 10.6956852448 -15.6278988797 4.6
v 10.3452343702 -15.8620626678 4.6
v 10.4626293497 -15.7848754617 4.6
v 10.5794484512 -15.7068194336 4.6
v 9.67307370575 -15.4246516182 4.6
v 9.28076803935 -15.1126689376 4.6
v 8.92020204389 -14.7645689235 4.6
v 8.32639074171 -15.1074060386 4.6
v 8.52583636189 -14.9957532098 4.6
v 8.72378504765 -14.8814674828 4.6
v 8.56433204164 -16.8902671065 4.6
v 8.52160329303 -16.089453371 4.6
v 8.44757119929 -15.5937153575 4.6
v 8.18631481522 -17.0766845727 4.6
v 8.31278041653 -17.0154808335 4.6
v 8.43878847055 -16.9533405381 4.6
v 7.57699817721 -16.5552810632 4.6
v 7.22877065151 -16.1947612729 4.6
v 6.91672551748 -15.8025759962 4.6
v 6.28324513011 -16.0649721641 4.6
v 6.49555808396 -15.9803074181 4.6
v 6.70673057204 -15.8928369096 4.6
v 6.28644074278 -17.8636381803 4.6
v 6.34860471213 -17.0640982964 4.6
v 6.33991276844 -16.5629382631 4.6
v 5.88732514412 -17.9991196701 4.6
v 4.79490189979 -16.5701966123 4.6
v 5.10997211697 -17.0823351304 4.6
v 5.47931036967 -17.557066892 4.6
v 4.1325914523 -16.7476621619 4.6
v 4.35413900631 -16.6914341359 4.6
v 4.57492207689 -16.6322754905 4.6
v 3.90098669989 -18.5313574521 4.6
v 4.06697974443 -17.7467717689 4.6
v 4.12377667237 -17.2487647029 4.6
v 3.48760170753 -18.6135848396 4.6
v 3.62559879129 -18.5871982734 4.6
v 3.76339631694 -18.5597886414 4.6
v 3.03399618892 -17.9522449734 4.6
v 2.7909436163 -17.5138816814 4.6
v 2.59103618119 -17.0542965703 4.6
v 1.91122798896 -17.1437950167 4.6
v 1.448785693 -18.88200006 4.6
v 1.71576762573 -18.1257930562 4.6
v 1.83708161411 -17.6394599963 4.6
v 1.02820443877 -18.9095664118 4.6
v 1.16846507637 -18.9014178202 4.6
v 1.30866139998 -18.8922288677 4.6
v 0.342837115163 -17.2465927856 4.6
v 0.514620372819 -17.8228267796 4.6
v 0.748504108538 -18.3769742225 4.6
v -0.342837115163 -17.2465927856 4.6
v -0.514620372819 -17.8228267796 4.6
v -0.748504108538 -18.3769742225 4.6
v -1.02820443877 -18.9095664118 4.6
v -1.448785693 -18.88200006 4.6
v -1.71576762573 -18.1257930562 4.6
v -1.83708161411 -17.6394599963 4.6
v -1.91122798896 -17.1437950167 4.6
v -2.59103618119 -17.0542965703 4.6
v -2.83656343833 -17.6031785881 4.6
v -3.14077702192 -18.1220572694 4.6
v -3.48760170753 -18.6135848396 4.6
v -3.90098669989 -18.5313574521 4.6
v -3.76339631694 -18.5597886414 4.6
v -3.62559879129 -18.5871982734 4.6
v -4.1325914523 -16.7476621619 4.6
v -4.11580189929 -17.3487222374 4.6
v -4.03331147063 -17.9445211292 4.6
v -4.79490189979 -16.5701966123 4.6
v -4.57492207689 -16.6322754905 4.6
v -4.35413900631 -16.6914341359 4.6
v -5.10997211697 -17.0823351304 4.6
v -5.47931036967 -17.557066892 4.6
v -5.88732514412 -17.9991196701 4.6
v -6.28644074278 -17.8636381803 4.6
v -6.34860471213 -17.0640982964 4.6
v -6.33991276844 -16.5629382631 4.6
v -6.28324513011 -16.0649721641 4.6
v -6.91672551748 -15.8025759962 4.6
v -8.18631481522 -17.0766845727 4.6
v -7.57699817721 -16.5552810632 4.6
v -7.22877065151 -16.1947612729 4.6
v -8.56433204164 -16.8902671065 4.6
v -8.43878847055 -16.9533405381 4.6
v -8.31278041653 -17.0154808335 4.6
v -8.52160329303 -16.089453371 4.6
v -8.44757119929 -15.5937153575 4.6
v -8.32639074171 -15.1074060386 4.6
v -8.92020204389 -14.7645689235 4.6
v -10.3452343702 -15.8620626678 4.6
v -9.67307370575 -15.4246516182 4.6
v -9.28076803935 -15.1126689376 4.6
v -10.6956852448 -15.6278988797 4.6
v -10.5794484512 -15.7068194336 4.6
v -10.4626293497 -15.7848754617 4.6
v -10.2270694992 -13.8913480072 4.6
v -10.4415737076 -14.4530801926 4.6
v -10.5933648538 -15.0350943146 4.6
v -10.7710514402 -13.473935983 4.6
v -12.3271440968 -14.3760364728 4.6
v -11.6036402613 -14.0301021075 4.6
v -11.1739689129 -13.7719946468 4.6
v -12.644032308 -14.0981329702 4.6
v -12.5390911357 -14.1915502938 4.6
v -12.4334597939 -14.2841864943 4.6
v -11.9527602621 -12.43760516 4.6
v -12.2387501204 -12.9665332311 4.6
v -12.4652107596 -13.5237554213 4.6
v -12.43760516 -11.9527602621 4.6
v -12.2781364841 -12.116512059 4.6
v -12.116512059 -12.2781364841 4.6
v -14.0981329702 -12.644032308 4.6
v -13.3356653148 -12.3954936598 4.6
v -12.8759800804 -12.1956777092 4.6
v -14.3760364728 -12.3271440968 4.6
v -14.0301021075 -11.6036402613 4.6
v -13.7719946468 -11.1739689129 4.6
v -13.473935983 -10.7710514402 4.6
v -13.8913480072 -10.2270694992 4.6
v -15.6278988797 -10.6956852448 4.6
v -14.8395134375 -10.548794879 4.6
v -14.3576796588 -10.4106893448 4.6
v -15.8620626678 -10.3452343702 4.6
v -15.7848754617 -10.4626293497 4.6
v -15.7068194336 -10.5794484512 4.6
v -14.7645689235 -8.92020204389 4.6
v -15.177710572 -9.35708770597 4.6
v -15.5406744671 -9.8367106841 4.6
v -15.1074060386 -8.32639074171 4.6
v -15.6923309448 -8.46573907364 4.6
v -16.2891785757 -8.54026353844 4.6
v -16.8902671065 -8.56433204164 4.6
v -17.0766845727 -8.18631481522 4.6
v -16.5552810632 -7.57699817721 4.6
v -16.1947612729 -7.22877065151 4.6
v -15.8025759962 -6.91672551748 4.6
v -16.0649721641 -6.28324513011 4.6
v -17.8636381803 -6.28644074278 4.6
v -17.0640982964 -6.34860471213 4.6
v -16.5629382631 -6.33991276844 4.6
v -17.9991196701 -5.88732514412 4.6
v -17.9549466108 -6.0206975057 4.6
v -17.9097852856 -6.15373847951 4.6
v -16.5701966123 -4.79490189979 4.6
v -17.0823351304 -5.10997211697 4.6
v -17.557066892 -5.47931036967 4.6
v -16.7476621619 -4.1325914523 4.6
v -16.6914341359 -4.35413900631 4.6
v -16.6322754905 -4.57492207689 4.6
v -18.5313574521 -3.90098669989 4.6
v -17.7467717689 -4.06697974443 4.6
v -17.2487647029 -4.12377667237 4.6
v -18.6135848396 -3.48760170753 4.6
v -18.5871982734 -3.62559879129 4.6
v -18.5597886414 -3.76339631694 4.6
v -17.9522449734 -3.03399618892 4.6
v -17.5138816814 -2.7909436163 4.6
v -17.0542965703 -2.59103618119 4.6
v -17.1437950167 -1.91122798896 4.6
v -17.1169657879 -2.13821940306 4.6
v -17.0871312264 -2.3648353966 4.6
v -17.7375214635 -1.81612798995 4.6
v -18.3174560517 -1.65657591767 4.6
v -18.88200006 -1.448785693 4.6
v -18.9095664118 -1.02820443877 4.6
v -18.9014178202 -1.16846507637 4.6
v -18.8922288677 -1.30866139998 4.6
v -17.2465927856 -0.342837115163 4.6
v -17.8228267796 -0.514620372819 4.6
v -18.3769742225 -0.748504108538 4.6
v -17.2465927856 0.342837115163 4.6
v -17.8228267796 0.514620372819 4.6
v -18.3769742225 0.748504108538 4.6
v 18.8139747851 -2.15945804189 2.87499999992
v 18.8598579035 -1.71308671909 3.45
v 18.8466295796 -1.85295972381 3.45
v 18.8852415751 -1.40590074315 4.02500000008
v 18.8742915468 -1.54597052178 4.02500000008
v 18.8623026506 -1.68595520798 4.02500000008
v 17.6534185854 -1.23525326859 3.06666666661
v 17.6760669444 -0.85187778825 3.83333333339
v 18.6030816993 -2.33549167971 3.0666666666
v 18.6493819435 -1.93124913474 3.8333333334
v 17.5035167192 -2.60690253922 3.06666666661
v 17.5559655873 -2.22645698027 3.83333333339
v 17.2294393064 -0.841974574338 2.87499999993
v 17.2467865748 -0.332945703731 3.45
v 17.2408609051 -0.561440333929 3.45
v 17.2499210293 -0.0521965485179 4.02500000007
v 17.2477150749 -0.280757357397 4.02500000007
v 17.2424808312 -0.50926887195 4.02500000007
v 17.0115086354 -2.85850904257 2.87499999993
v 16.9721393296 -3.08366447189 2.87499999993
v 17.0557797899 -2.58125468672 3.45
v 17.0200802811 -2.80702105858 3.45
v 17.0955325469 -2.30331650787 4.02500000007
v 17.0635122926 -2.5296340125 4.02500000007
v 17.0284960908 -2.75550737348 4.02500000007
v 18.7487725924 0.112678193142 3.0666666666
v 18.7419124915 0.519505781674 3.8333333334
v 17.6940407692 -0.299932738792 3.06666666661
v 17.6963828198 0.0841040066972 3.83333333339
v 17.3411582366 -3.52891901325 3.06666666661
v 17.4136533774 -3.15177956736 3.83333333339
v 18.9348844581 0.314732910231 2.87499999992
v 18.9221118911 0.763274413226 3.45
v 18.927253828 0.622871398702 3.45
v 18.907182586 1.07114560455 4.02500000008
v 18.9146090116 0.930844876805 4.02500000008
v 18.9209943502 0.790492914033 4.02500000008
v 18.404749841 -4.46027908749 2.87499999992
v 18.3711527872 -4.59670006821 2.87499999992
v 18.4749065183 -4.16013646268 3.45
v 18.4435342738 -4.2970861917 3.45
v 18.5401688447 -3.85889173935 4.02500000008
v 18.5110297207 -3.9963339361 4.02500000008
v 18.4808717231 -4.13355616895 4.02500000008
v 17.6636240477 1.07954800198 3.06666666661
v 17.6360381052 1.462599856 3.83333333339
v 18.1390869206 -4.74370064239 3.06666666661
v 18.2377552999 -4.34895984302 3.83333333339
v 17.0135026453 -4.86926751443 3.06666666661
v 17.1151609162 -4.49892267102 3.83333333339
v 17.1919387999 1.41412174162 2.87499999993
v 17.1426960597 1.92106007256 3.45
v 17.166645619 1.6937467905 3.45
v 17.1091585804 2.19981650825 4.02500000007
v 17.1368046702 1.97292313394 4.02500000007
v 17.1614419441 1.74568336117 4.02500000007
v 16.49286252 -5.05450154754 2.87499999993
v 16.4244413432 -5.27259201538 2.87499999993
v 16.572943884 -4.78539768636 3.45
v 16.5080813646 -5.00457287467 3.45
v 16.6486347628 -4.51502608316 4.02500000007
v 16.5873480842 -4.73522792831 4.02500000007
v 16.523149061 -4.95459837987 4.02500000007
v 18.5736667883 2.55892011086 3.0666666666
v 18.5137637205 2.96137181013 3.8333333334
v 17.5818148758 2.01216899395 3.06666666661
v 17.5340100358 2.3932259508 3.83333333339
v 16.7321858625 -5.7622039752 3.06666666661
v 16.8532873731 -5.39775352422 3.83333333339
v 18.7318130084 2.783538695 2.87499999992
v 18.6606032979 3.22657570871 3.45
v 18.6840275157 3.08804501889 3.45
v 18.6056164609 3.52986435398 4.02500000008
v 18.6312922722 3.39173326146 4.02500000008
v 18.6559425905 3.25341548312 4.02500000008
v 17.6139952717 -6.95529128191 2.87499999992
v 17.7738443603 -6.53600511799 3.45
v 17.7248649831 -6.66768832348 3.45
v 17.8778686852 -6.24585602799 4.02500000008
v 17.8310390438 -6.37831896879 4.02500000008
v 17.7832279565 -6.51043083783 4.02500000008
v 17.3716000053 3.37587790693 3.06666666661
v 17.2942517645 3.7520520112 3.83333333339
v 17.3647273355 -7.07074357189 3.06666666661
v 17.5140756067 -6.69225864263 3.83333333339
v 16.2323828241 -7.04831797245 3.06666666661
v 16.3815110966 -6.69441054753 3.83333333339
v 16.8104886972 3.86910451636 2.87499999993
v 16.8602794539 3.64602204251 2.87499999993
v 16.7452892622 4.14219597839 3.45
v 16.7987042668 3.91995343774 3.45
v 16.6756536845 4.41419009465 4.02500000007
v 16.7326787865 4.19284636345 4.02500000007
v 16.7867660273 3.97076646799 4.02500000007
v 15.6920189542 -7.16401012966 2.87499999993
v 15.5957166118 -7.37130404764 2.87499999993
v 15.8065403133 -6.90766120482 3.45
v 15.713624599 -7.11649506134 3.45
v 15.9168742221 -6.64948231038 4.02500000007
v 15.8273697511 -6.85980078141 4.02500000007
v 15.7350863697 -7.06891483431 4.02500000007
v 18.0807603959 4.96137819602 3.0666666666
v 17.9688393193 5.35256794587 3.8333333334
v 17.1687592554 4.28984195733 3.06666666661
v 17.0716254788 4.66139913535 3.83333333339
v 15.8369211492 -7.89689602954 3.06666666661
v 16.0045569492 -7.55137042175 3.83333333339
v 18.2082350446 5.20471736096 2.87499999992
v 18.0798066087 5.63466939925 3.45
v 18.1211123125 5.50038133263 3.45
v 17.9857030797 5.92818614564 4.02500000008
v 18.0291889563 5.79458814965 4.02500000008
v 18.0716824808 5.66067121127 4.02500000008
v 16.6232180235 -9.07179854226 2.87499999993
v 16.5554574136 -9.1948755334 2.87499999993
v 16.7686667975 -8.80004091361 3.45
v 16.7029183382 -8.92420445941 3.45
v 16.9096732358 -8.52595198832 4.02500000007
v 16.8459543451 -8.65116919552 4.02500000007
v 16.7813082292 -8.77591023004 4.02500000007
v 16.7823430705 5.61444560492 3.06666666661
v 16.6565559812 5.97730551622 3.83333333339
v 16.2932524514 -9.27680411848 3.06666666661
v 16.490725224 -8.92105104141 3.83333333339
v 15.1735224323 -9.1067697558 3.06666666662
v 15.3675690804 -8.77535520353 3.83333333338
v 16.2401360519 5.81553789539 2.87499999993
v 16.0613659227 6.29245776259 3.45
v 16.1433324272 6.07908859485 3.45
v 15.9568237308 6.55303566469 4.02500000007
v 16.0422521295 6.34102882921 4.02500000007
v 16.1248638896 6.12790865963 4.02500000007
v 14.5001448452 -9.34389102394 2.87499999994
v 14.7696824555 -8.9117327249 3.45
v 14.65030336 -9.10665204444 3.45
v 14.9127715504 -8.67016405168 4.02500000006
v 14.7965807334 -8.86700054125 4.02500000006
v 14.6777919881 -9.06228019606 4.02500000006
v 17.2784871801 7.27894572469 3.06666666661
v 17.1164630954 7.65218016005 3.83333333339
v 16.461941404 6.49411453545 3.06666666661
v 16.3171406767 6.84981448831 3.83333333339
v 14.6706823243 -9.89647000339 3.06666666662
v 14.8819841187 -9.57578127773 3.83333333338
v 17.3167156347 7.66552450106 2.87499999992
v 17.373109131 7.53684186984 2.87499999992
v 17.1896594157 7.94635233413 3.45
v 17.2481398535 7.81860459678 3.45
v 17.0580493322 8.22507502876 4.02500000008
v 17.1186012188 8.09829602804 4.02500000008
v 17.1782108733 7.97107128557 4.02500000008
v 15.2968967686 -11.1639533992 2.87499999993
v 15.2136510891 -11.2771329152 2.87499999994
v 15.4765726967 -10.9135055694 3.45
v 15.3951801297 -11.0280249828 3.45
v 15.652148589 -10.6601665463 4.02500000007
v 15.5726306971 -10.7759955188 4.02500000006
v 15.4922556653 -10.8912313651 4.02500000006
v 15.9059355929 7.75694858199 3.06666666661
v 15.7338619069 8.10028566664 3.83333333339
v 14.9429955004 -11.3241359746 3.06666666662
v 15.1852139606 -10.9972017835 3.83333333338
v 13.8550388648 -11.0094021838 3.06666666662
v 14.0906836964 -10.706151099 3.83333333338
v 15.3421194195 7.8855482825 2.87499999993
v 15.1026281593 8.33505384988 3.45
v 15.2117436939 8.13420886066 3.45
v 14.9649680989 8.57975697766 4.02500000007
v 15.0773380908 8.38071453364 4.02500000007
v 15.1870608601 8.18020063513 4.02500000007
v 13.3031441137 -10.9812957655 2.87499999994
v 13.15647158 -11.1566014342 2.87499999994
v 13.480111236 -10.7633220273 3.45
v 13.3363113686 -10.9409916862 3.45
v 13.6535072229 -10.5424968822 4.02500000006
v 13.512618117 -10.7224834634 4.02500000006
v 13.3693565161 -10.9005874311 4.02500000006
v 16.1805742582 9.47196847391 3.06666666661
v 15.9712194423 9.8208614501 3.83333333339
v 15.4734551711 8.58727101335 3.06666666661
v 15.2834650737 8.92102761625 3.83333333339
v 13.2534240573 -11.7267126317 3.06666666662
v 13.5047764138 -11.4363478611 3.83333333338
v 16.1680170074 9.86022982986 2.87499999993
v 16.2407245034 9.74000892473 2.87499999993
v 16.0053923843 10.1220709774 3.45
v 16.0800469395 10.0030493685 3.45
v 15.8385276312 10.3812305977 4.02500000007
v 15.9151094683 10.2634398161 4.02500000007
v 15.9908153151 10.1450841202 4.02500000007
v 13.7088413688 -13.0650899182 2.87499999994
v 13.6115349764 -13.1664354262 2.87499999994
v 13.919670146 -12.840237119 3.45
v 13.8240261208 -12.9431529412 3.45
v 14.1268113403 -12.6119826991 4.02500000006
v 14.0328550202 -12.716441571 4.02500000006
v 13.9381263118 -12.8202005118 4.02500000006
v 14.7573731472 9.76672801819 3.06666666662
v 14.5419570932 10.0846676835 3.83333333338
v 13.3370597535 -13.1777087245 3.06666666662
v 13.6198794762 -12.8851873541 3.83333333338
v 12.299491741 -12.723660688 3.06666666663
v 12.5727028078 -12.4537617809 3.83333333337
v 14.1815948702 9.82063475221 2.87499999994
v 13.8854802408 10.2350348549 3.45
v 14.0198778085 10.0501505576 3.45
v 13.7170577138 10.45967627 4.02500000006
v 13.8544466171 10.2770038888 4.02500000006
v 13.9894030086 10.0925271098 4.02500000006
v 11.7559871497 -12.6237580036 2.87499999995
v 11.5876874385 -12.7784193007 2.87499999995
v 11.9598915758 -12.4307479056 3.45
v 11.7941313921 -12.5881279268 3.45
v 12.1606276014 -12.2344446682 4.02500000005
v 11.9974508581 -12.3945017207 4.02500000005
v 11.8321676474 -12.552382593 4.02500000005
v 14.8058072247 11.5029232164 3.06666666662
v 14.5527037966 11.8215050779 3.83333333338
v 14.2202138301 10.5334969034 3.06666666662
v 13.9882851458 10.8395994883 3.83333333338
v 11.6093960301 -13.3563079555 3.06666666663
v 11.8964982403 -13.1012353619 3.83333333337
v 14.7426791264 11.8862238925 2.87499999994
v 14.8304565767 11.7765217265 2.87499999994
v 14.5472686516 12.12459818 3.45
v 14.6368199642 12.0163391923 3.45
v 14.3480043312 12.3597604329 4.02500000006
v 14.4393057823 12.2529733034 4.02500000006
v 14.5298124734 12.1455117527 4.02500000007
v 11.7765217265 -14.8304565767 2.87499999995
v 12.12459818 -14.5472686516 3.45
v 12.0163391923 -14.6368199642 3.45
v 12.3597604329 -14.3480043312 4.02500000005
v 12.2529733034 -14.4393057823 4.02500000005
v 12.1455117527 -14.5298124734 4.02500000005
v 13.3563079555 11.6093960301 3.06666666662
v 13.1012353619 11.8964982403 3.83333333338
v 11.5029232164 -14.8058072247 3.06666666663
v 11.8215050779 -14.5527037966 3.83333333337
v 10.5334969034 -14.2202138301 3.06666666663
v 10.8395994883 -13.9882851458 3.83333333337
v 12.6237580036 11.7559871497 2.87499999994
v 12.7784193007 11.5876874385 2.87499999994
v 12.4307479056 11.9598915758 3.45
v 12.5881279268 11.7941313921 3.45
v 12.2344446682 12.1606276014 4.02500000006
v 12.3945017207 11.9974508581 4.02500000006
v 12.552382593 11.8321676474 4.02500000006
v 9.82063475221 -14.1815948702 2.87499999996
v 10.2350348549 -13.8854802408 3.45
v 10.0501505576 -14.0198778085 3.45
v 10.45967627 -13.7170577138 4.02500000004
v 10.2770038888 -13.8544466171 4.02500000004
v 10.0925271098 -13.9894030086 4.02500000004
v 13.1777087245 13.3370597535 3.06666666662
v 12.8851873541 13.6198794762 3.83333333338
v 12.723660688 12.299491741 3.06666666662
v 12.4537617809 12.5727028078 3.83333333338
v 9.76672801819 -14.7573731472 3.06666666663
v 10.0846676835 -14.5419570932 3.83333333337
v 13.1664354262 13.6115349764 2.87499999994
v 12.840237119 13.919670146 3.45
v 12.9431529412 13.8240261208 3.45
v 12.6119826991 14.1268113403 4.02500000006
v 12.716441571 14.0328550202 4.02500000006
v 12.8202005118 13.9381263118 4.02500000006
v 9.74000892473 -16.2407245034 2.87499999996
v 9.86022982986 -16.1680170074 2.87499999996
v 10.1220709774 -16.0053923843 3.45
v 10.0030493685 -16.0800469395 3.45
v 10.3812305977 -15.8385276312 4.02500000004
v 10.2634398161 -15.9151094683 4.02500000004
v 10.1450841202 -15.9908153151 4.02500000004
v 11.7267126317 13.2534240573 3.06666666663
v 11.4363478611 13.5047764138 3.83333333337
v 9.47196847391 -16.1805742582 3.06666666664
v 9.8208614501 -15.9712194423 3.83333333336
v 8.58727101335 -15.4734551711 3.06666666664
v 8.92102761625 -15.2834650737 3.83333333336
v 10.9812957655 13.3031441137 2.87499999995
v 11.1566014342 13.15647158 2.87499999995
v 10.7633220273 13.480111236 3.45
v 10.9409916862 13.3363113686 3.45
v 10.5424968822 13.6535072229 4.02500000005
v 10.7224834634 13.512618117 4.02500000005
v 10.9005874311 13.3693565161 4.02500000005
v 7.8855482825 -15.3421194195 2.87499999997
v 8.08814260929 -15.2362872489 2.87499999997
v 8.33505384988 -15.1026281593 3.45
v 8.13420886066 -15.2117436939 3.45
v 8.57975697766 -14.9649680989 4.02500000003
v 8.38071453364 -15.0773380908 4.02500000003
v 8.18020063513 -15.1870608601 4.02500000003
v 11.3241359746 14.9429955004 3.06666666663
v 10.9972017835 15.1852139606 3.83333333337
v 11.0094021838 13.8550388648 3.06666666663
v 10.706151099 14.0906836964 3.83333333337
v 7.75694858199 -15.9059355929 3.06666666664
v 8.10028566664 -15.7338619069 3.83333333336
v 11.2771329152 15.2136510891 2.87499999995
v 10.9135055694 15.4765726967 3.45
v 11.0280249828 15.3951801297 3.45
v 10.6601665463 15.652148589 4.02500000005
v 10.7759955188 15.5726306971 4.02500000005
v 10.8912313651 15.4922556653 4.02500000005
v 7.66552450106 -17.3167156347 2.87499999997
v 7.53684186984 -17.373109131 2.87499999997
v 7.94635233413 -17.1896594157 3.45
v 7.81860459678 -17.2481398535 3.45
v 8.22507502876 -17.0580493322 4.02500000003
v 8.09829602804 -17.1186012188 4.02500000003
v 7.97107128557 -17.1782108733 4.02500000003
v 9.89647000339 14.6706823243 3.06666666663
v 9.57578127773 14.8819841187 3.83333333337
v 7.27894572469 -17.2784871801 3.06666666664
v 7.65218016005 -17.1164630954 3.83333333336
v 6.49411453545 -16.461941404 3.06666666665
v 6.84981448831 -16.3171406767 3.83333333335
v 9.34389102394 14.5001448452 2.87499999996
v 9.15094051223 14.6226805935 2.87499999996
v 8.9117327249 14.7696824555 3.45
v 9.10665204444 14.65030336 3.45
v 8.67016405168 14.9127715504 4.02500000004
v 8.86700054125 14.7965807334 4.02500000004
v 9.06228019606 14.6777919881 4.02500000004
v 6.03021286987 -16.1616531562 2.87499999998
v 5.81553789539 -16.2401360519 2.87499999998
v 6.29245776259 -16.0613659227 3.45
v 6.07908859485 -16.1433324272 3.45
v 6.55303566469 -15.9568237308 4.02500000002
v 6.34102882921 -16.0422521295 4.02500000002
v 6.12790865963 -16.1248638896 4.02500000002
v 9.27680411848 16.2932524514 3.06666666663
v 8.92105104141 16.490725224 3.83333333337
v 9.1067697558 15.1735224323 3.06666666663
v 8.77535520353 15.3675690804 3.83333333337
v 5.61444560492 -16.7823430705 3.06666666665
v 5.97730551622 -16.6565559812 3.83333333335
v 9.1948755334 16.5554574136 2.87499999996
v 8.80004091361 16.7686667975 3.45
v 8.92420445941 16.7029183382 3.45
v 8.52595198832 16.9096732358 4.02500000004
v 8.65116919552 16.8459543451 4.02500000004
v 8.77591023004 16.7813082292 4.02500000004
v 5.20471736096 -18.2082350446 2.87499999998
v 5.63466939925 -18.0798066087 3.45
v 5.50038133263 -18.1211123125 3.45
v 5.92818614564 -17.9857030797 4.02500000002
v 5.79458814965 -18.0291889563 4.02500000002
v 5.66067121127 -18.0716824808 4.02500000002
v 7.89689602954 15.8369211492 3.06666666664
v 7.55137042175 16.0045569492 3.83333333336
v 4.96137819602 -18.0807603959 3.06666666665
v 5.35256794587 -17.9688393193 3.83333333335
v 4.28984195733 -17.1687592554 3.06666666665
v 4.66139913535 -17.0716254788 3.83333333335
v 7.16401012966 15.6920189542 2.87499999997
v 7.37130404764 15.5957166118 2.87499999997
v 6.90766120482 15.8065403133 3.45
v 7.11649506134 15.713624599 3.45
v 6.64948231038 15.9168742221 4.02500000003
v 6.85980078141 15.8273697511 4.02500000003
v 7.06891483431 15.7350863697 4.02500000003
v 3.86910451636 -16.8104886972 2.87499999998
v 3.64602204251 -16.8602794539 2.87499999999
v 4.14219597839 -16.7452892622 3.45
v 3.91995343774 -16.7987042668 3.45
v 4.41419009465 -16.6756536845 4.02500000002
v 4.19284636345 -16.7326787865 4.02500000001
v 3.97076646799 -16.7867660273 4.02500000001
v 7.07074357189 17.3647273355 3.06666666664
v 6.69225864263 17.5140756067 3.83333333336
v 7.04831797245 16.2323828241 3.06666666664
v 6.69441054753 16.3815110966 3.83333333336
v 3.37587790693 -17.3716000053 3.06666666666
v 3.7520520112 -17.2942517645 3.83333333334
v 6.95529128191 17.6139952717 2.87499999997
v 6.82442269709 17.6651114092 2.87499999997
v 6.53600511799 17.7738443603 3.45
v 6.66768832348 17.7248649831 3.45
v 6.24585602799 17.8778686852 4.02500000003
v 6.37831896879 17.8310390438 4.02500000003
v 6.51043083783 17.7832279565 4.02500000003
v 2.92243228275 -18.7106465896 2.87499999999
v 2.783538695 -18.7318130084 2.87499999999
v 3.22657570871 -18.6606032979 3.45
v 3.08804501889 -18.6840275157 3.45
v 3.52986435398 -18.6056164609 4.02500000001
v 3.39173326146 -18.6312922722 4.02500000001
v 3.25341548312 -18.6559425905 4.02500000001
v 5.7622039752 16.7321858625 3.06666666665
v 5.39775352422 16.8532873731 3.83333333335
v 2.55892011086 -18.5736667883 3.06666666666
v 2.96137181013 -18.5137637205 3.83333333334
v 2.01216899395 -17.5818148758 3.06666666666
v 2.3932259508 -17.5340100358 3.83333333334
v 5.27259201538 16.4244413432 2.87499999998
v 4.78539768636 16.572943884 3.45
v 5.00457287467 16.5080813646 3.45
v 4.51502608316 16.6486347628 4.02500000002
v 4.73522792831 16.5873480842 4.02500000002
v 4.95459837987 16.523149061 4.02500000002
v 1.41412174162 -17.1919387999 2.875
v 1.92106007256 -17.1426960597 3.45
v 1.6937467905 -17.166645619 3.45
v 2.19981650825 -17.1091585804 4.02500000001
v 1.97292313394 -17.1368046702 4.025
v 1.74568336117 -17.1614419441 4.025
v 4.74370064239 18.1390869206 3.06666666665
v 4.34895984302 18.2377552999 3.83333333335
v 4.86926751443 17.0135026453 3.06666666665
v 4.49892267102 17.1151609162 3.83333333335
v 1.07954800198 -17.6636240477 3.06666666666
v 1.462599856 -17.6360381052 3.83333333334
v 4.59670006821 18.3711527872 2.87499999998
v 4.16013646268 18.4749065183 3.45
v 4.2970861917 18.4435342738 3.45
v 3.85889173935 18.5401688447 4.02500000002
v 3.9963339361 18.5110297207 4.02500000002
v 4.13355616895 18.4808717231 4.02500000002
v 0.455201016131 -18.9320283721 2.875
v 0.314732910231 -18.9348844581 2.875
v 0.763274413226 -18.9221118911 3.45
v 0.622871398702 -18.927253828 3.45
v 1.07114560455 -18.907182586 4.025
v 0.930844876805 -18.9146090116 4.025
v 0.790492914033 -18.9209943502 4.025
v 3.52891901325 17.3411582366 3.06666666665
v 3.15177956736 17.4136533774 3.83333333335
v 0.112678193142 -18.7487725924 3.06666666667
v 0.519505781674 -18.7419124915 3.83333333333
v -0.299932738792 -17.6940407692 3.06666666667
v 0.0841040066972 -17.6963828198 3.83333333333
v 2.85850904257 17.0115086354 2.87499999999
v 3.08366447189 16.9721393296 2.87499999999
v 2.58125468672 17.0557797899 3.45
v 2.80702105858 17.0200802811 3.45
v 2.30331650787 17.0955325469 4.02500000001
v 2.5296340125 17.0635122926 4.02500000001
v 2.75550737348 17.0284960908 4.02500000002
v -0.841974574338 -17.2294393064 2.875
v -0.332945703731 -17.2467865748 3.45
v -0.561440333929 -17.2408609051 3.45
v -0.0521965485179 -17.2499210293 4.025
v -0.280757357396 -17.2477150749 4.025
v -0.50926887195 -17.2424808312 4.02499999999
v 2.33549167971 18.6030816993 3.06666666666
v 1.93124913474 18.6493819435 3.83333333334
v 2.60690253922 17.5035167192 3.06666666666
v 2.22645698027 17.5559655873 3.83333333334
v -1.23525326859 -17.6534185854 3.06666666667
v -0.85187778825 -17.6760669444 3.83333333333
v 2.15945804189 18.8139747851 2.87499999999
v 1.71308671909 18.8598579035 3.45
v 1.85295972381 18.8466295796 3.45
v 1.40590074315 18.8852415751 4.02500000001
v 1.54597052178 18.8742915468 4.02500000001
v 1.68595520798 18.8623026506 4.02500000001
v -2.15945804189 -18.8139747851 2.87500000001
v -1.71308671909 -18.8598579035 3.45
v -1.85295972381 -18.8466295796 3.45
v -1.40590074315 -18.8852415751 4.02499999999
v -1.54597052178 -18.8742915468 4.02499999999
v -1.68595520798 -18.8623026506 4.02499999999
v 1.23525326859 17.6534185854 3.06666666666
v 0.85187778825 17.6760669444 3.83333333334
v -2.33549167971 -18.6030816993 3.06666666668
v -1.93124913474 -18.6493819435 3.83333333332
v -2.60690253922 -17.5035167192 3.06666666668
v -2.22645698027 -17.5559655873 3.83333333332
v 0.613606655354 17.2390831215 2.875
v 0.841974574338 17.2294393064 2.875
v 0.332945703731 17.2467865748 3.45
v 0.561440333929 17.2408609051 3.45
v 0.0521965485179 17.2499210293 4.025
v 0.280757357396 17.2477150749 4.025
v 0.50926887195 17.2424808312 4.02500000001
v -3.08366447189 -16.9721393296 2.87500000001
v -2.58125468672 -17.0557797899 3.45
v -2.80702105858 -17.0200802811 3.45
v -2.30331650787 -17.0955325469 4.02499999999
v -2.5296340125 -17.0635122926 4.02499999999
v -2.75550737348 -17.0284960908 4.02499999998
v -0.112678193142 18.7487725924 3.06666666667
v -0.519505781674 18.7419124915 3.83333333333
v 0.299932738792 17.6940407692 3.06666666666
v -0.0841040066972 17.6963828198 3.83333333334
v -3.52891901325 -17.3411582366 3.06666666668
v -3.15177956736 -17.4136533774 3.83333333332
v -0.455201016131 18.9320283721 2.875
v -0.314732910231 18.9348844581 2.875
v -0.763274413226 18.9221118911 3.45
v -0.622871398702 18.927253828 3.45
v -1.07114560455 18.907182586 4.025
v -0.930844876805 18.9146090116 4.025
v -0.790492914033 18.9209943502 4.025
v -4.46027908749 -18.404749841 2.87500000002
v -4.59670006821 -18.3711527872 2.87500000002
v -4.16013646268 -18.4749065183 3.45
v -4.2970861917 -18.4435342738 3.45
v -3.85889173935 -18.5401688447 4.02499999998
v -3.9963339361 -18.5110297207 4.02499999998
v -4.13355616895 -18.4808717231 4.02499999998
v -1.07954800198 17.6636240477 3.06666666667
v -1.462599856 17.6360381052 3.83333333333
v -4.74370064239 -18.1390869206 3.06666666668
v -4.34895984302 -18.2377552999 3.83333333332
v -4.86926751443 -17.0135026453 3.06666666668
v -4.49892267102 -17.1151609162 3.83333333332
v -1.64179471186 17.1716921159 2.87500000001
v -1.41412174162 17.1919387999 2.875
v -1.92106007256 17.1426960597 3.45
v -1.6937467905 17.166645619 3.45
v -2.19981650825 17.1091585804 4.02499999999
v -1.97292313394 17.1368046702 4.025
v -1.74568336117 17.1614419441 4.025
v -5.05450154754 -16.49286252 2.87500000002
v -5.27259201538 -16.4244413432 2.87500000002
v -4.78539768636 -16.572943884 3.45
v -5.00457287467 -16.5080813646 3.45
v -4.51502608316 -16.6486347628 4.02499999998
v -4.73522792831 -16.5873480842 4.02499999998
v -4.95459837987 -16.523149061 4.02499999998
v -2.55892011086 18.5736667883 3.06666666667
v -2.96137181013 18.5137637205 3.83333333333
v -2.01216899395 17.5818148758 3.06666666667
v -2.3932259508 17.5340100358 3.83333333333
v -5.7622039752 -16.7321858625 3.06666666669
v -5.39775352422 -16.8532873731 3.83333333331
v -2.783538695 18.7318130084 2.87500000001
v -3.22657570871 18.6606032979 3.45
v -3.08804501889 18.6840275157 3.45
v -3.52986435398 18.6056164609 4.02499999999
v -3.39173326146 18.6312922722 4.02499999999
v -3.25341548312 18.6559425905 4.02499999999
v -6.95529128191 -17.6139952717 2.87500000003
v -6.53600511799 -17.7738443603 3.45
v -6.66768832348 -17.7248649831 3.45
v -6.24585602799 -17.8778686852 4.02499999997
v -6.37831896879 -17.8310390438 4.02499999997
v -6.51043083783 -17.7832279565 4.02499999997
v -3.37587790693 17.3716000053 3.06666666668
v -3.7520520112 17.2942517645 3.83333333332
v -7.07074357189 -17.3647273355 3.06666666669
v -6.69225864263 -17.5140756067 3.83333333331
v -7.04831797245 -16.2323828241 3.06666666669
v -6.69441054753 -16.3815110966 3.83333333331
v -3.86910451636 16.8104886972 2.87500000002
v -3.64602204251 16.8602794539 2.87500000001
v -4.14219597839 16.7452892622 3.45
v -3.91995343774 16.7987042668 3.45
v -4.41419009465 16.6756536845 4.02499999998
v -4.19284636345 16.7326787865 4.02499999999
v -3.97076646799 16.7867660273 4.02499999999
v -7.37130404764 -15.5957166118 2.87500000003
v -6.90766120482 -15.8065403133 3.45
v -7.11649506134 -15.713624599 3.45
v -6.64948231038 -15.9168742221 4.02499999997
v -6.85980078141 -15.8273697511 4.02499999997
v -7.06891483431 -15.7350863697 4.02499999997
v -4.96137819602 18.0807603959 3.06666666668
v -5.35256794587 17.9688393193 3.83333333332
v -4.28984195733 17.1687592554 3.06666666668
v -4.66139913535 17.0716254788 3.83333333332
v -7.89689602954 -15.8369211492 3.06666666669
v -7.55137042175 -16.0045569492 3.83333333331
v -5.20471736096 18.2082350446 2.87500000002
v -5.63466939925 18.0798066087 3.45
v -5.50038133263 18.1211123125 3.45
v -5.92818614564 17.9857030797 4.02499999998
v -5.79458814965 18.0291889563 4.02499999998
v -5.66067121127 18.0716824808 4.02499999998
v -9.07179854226 -16.6232180235 2.87500000004
v -9.1948755334 -16.5554574136 2.87500000004
v -8.80004091361 -16.7686667975 3.45
v -8.92420445941 -16.7029183382 3.45
v -8.52595198832 -16.9096732358 4.02499999996
v -8.65116919552 -16.8459543451 4.02499999996
v -8.77591023004 -16.7813082292 4.02499999996
v -5.61444560492 16.7823430705 3.06666666668
v -5.97730551622 16.6565559812 3.83333333332
v -9.27680411848 -16.2932524514 3.0666666667
v -8.92105104141 -16.490725224 3.8333333333
v -9.1067697558 -15.1735224323 3.0666666667
v -8.77535520353 -15.3675690804 3.8333333333
v -6.03021286987 16.1616531562 2.87500000002
v -5.81553789539 16.2401360519 2.87500000002
v -6.29245776259 16.0613659227 3.45
v -6.07908859485 16.1433324272 3.45
v -6.55303566469 15.9568237308 4.02499999998
v -6.34102882921 16.0422521295 4.02499999998
v -6.12790865963 16.1248638896 4.02499999998
v -9.34389102394 -14.5001448452 2.87500000004
v -8.9117327249 -14.7696824555 3.45
v -9.10665204444 -14.65030336 3.45
v -8.67016405168 -14.9127715504 4.02499999996
v -8.86700054125 -14.7965807334 4.02499999996
v -9.06228019606 -14.6777919881 4.02499999996
v -7.27894572469 17.2784871801 3.06666666669
v -7.65218016005 17.1164630954 3.83333333331
v -6.49411453545 16.461941404 3.06666666669
v -6.84981448831 16.3171406767 3.83333333331
v -9.89647000339 -14.6706823243 3.0666666667
v -9.57578127773 -14.8819841187 3.8333333333
v -7.53684186984 17.373109131 2.87500000003
v -7.94635233413 17.1896594157 3.45
v -7.81860459678 17.2481398535 3.45
v -8.22507502876 17.0580493322 4.02499999997
v -8.09829602804 17.1186012188 4.02499999997
v -7.97107128557 17.1782108733 4.02499999997
v -11.1639533992 -15.2968967686 2.87500000005
v -11.2771329152 -15.2136510891 2.87500000005
v -10.9135055694 -15.4765726967 3.45
v -11.0280249828 -15.3951801297 3.45
v -10.6601665463 -15.652148589 4.02499999995
v -10.7759955188 -15.5726306971 4.02499999995
v -10.8912313651 -15.4922556653 4.02499999995
v -7.75694858199 15.9059355929 3.06666666669
v -8.10028566664 15.7338619069 3.83333333331
v -11.3241359746 -14.9429955004 3.06666666671
v -10.9972017835 -15.1852139606 3.83333333329
v -11.0094021838 -13.8550388648 3.06666666671
v -10.706151099 -14.0906836964 3.83333333329
v -7.8855482825 15.3421194195 2.87500000003
v -8.33505384988 15.1026281593 3.45
v -8.13420886066 15.2117436939 3.45
v -8.57975697766 14.9649680989 4.02499999997
v -8.38071453364 15.0773380908 4.02499999997
v -8.18020063513 15.1870608601 4.02499999997
v -11.1566014342 -13.15647158 2.87500000005
v -10.7633220273 -13.480111236 3.45
v -10.9409916862 -13.3363113686 3.45
v -10.5424968822 -13.6535072229 4.02499999995
v -10.7224834634 -13.512618117 4.02499999995
v -10.9005874311 -13.3693565161 4.02499999995
v -9.47196847391 16.1805742582 3.0666666667
v -9.8208614501 15.9712194423 3.8333333333
v -8.58727101335 15.4734551711 3.06666666669
v -8.92102761625 15.2834650737 3.83333333331
v -11.7267126317 -13.2534240573 3.06666666671
v -11.4363478611 -13.5047764138 3.83333333329
v -9.74000892473 16.2407245034 2.87500000004
v -9.86022982986 16.1680170074 2.87500000004
v -10.1220709774 16.0053923843 3.45
v -10.0030493685 16.0800469395 3.45
v -10.3812305977 15.8385276312 4.02499999996
v -10.2634398161 15.9151094683 4.02499999996
v -10.1450841202 15.9908153151 4.02499999996
v -13.0650899182 -13.7088413688 2.87500000006
v -13.1664354262 -13.6115349764 2.87500000006
v -12.840237119 -13.919670146 3.45
v -12.9431529412 -13.8240261208 3.45
v -12.6119826991 -14.1268113403 4.02499999994
v -12.716441571 -14.0328550202 4.02499999994
v -12.8202005118 -13.9381263118 4.02499999994
v -9.76672801819 14.7573731472 3.0666666667
v -10.0846676835 14.5419570932 3.8333333333
v -13.1777087245 -13.3370597535 3.06666666671
v -12.8851873541 -13.6198794762 3.83333333329
v -12.723660688 -12.299491741 3.06666666671
v -12.4537617809 -12.5727028078 3.83333333329
v -10.0076819862 14.0502242424 2.87500000004
v -9.82063475221 14.1815948702 2.87500000004
v -10.2350348549 13.8854802408 3.45
v -10.0501505576 14.0198778085 3.45
v -10.45967627 13.7170577138 4.02499999996
v -10.2770038888 13.8544466171 4.02499999996
v -10.0925271098 13.9894030086 4.02499999996
v -12.6237580036 -11.7559871497 2.87500000006
v -12.7784193007 -11.5876874385 2.87500000006
v -12.4307479056 -11.9598915758 3.45
v -12.5881279268 -11.7941313921 3.45
v -12.2344446682 -12.1606276014 4.02499999994
v -12.3945017207 -11.9974508581 4.02499999994
v -12.552382593 -11.8321676474 4.02499999994
v -11.5029232164 14.8058072247 3.0666666667
v -11.8215050779 14.5527037966 3.8333333333
v -10.5334969034 14.2202138301 3.0666666667
v -10.8395994883 13.9882851458 3.8333333333
v -13.3563079555 -11.6093960301 3.06666666671
v -13.1012353619 -11.8964982403 3.83333333329
v -11.7765217265 14.8304565767 2.87500000005
v -11.8862238925 14.7426791264 2.87500000005
v -12.12459818 14.5472686516 3.45
v -12.0163391923 14.6368199642 3.45
v -12.3597604329 14.3480043312 4.02499999995
v -12.2529733034 14.4393057823 4.02499999995
v -12.1455117527 14.5298124734 4.02499999995
v -14.8304565767 -11.7765217265 2.87500000006
v -14.5472686516 -12.12459818 3.45
v -14.6368199642 -12.0163391923 3.45
v -14.3480043312 -12.3597604329 4.02499999994
v -14.4393057823 -12.2529733034 4.02499999994
v -14.5298124734 -12.1455117527 4.02499999993
v -11.6093960301 13.3563079555 3.06666666671
v -11.8964982403 13.1012353619 3.83333333329
v -14.8058072247 -11.5029232164 3.06666666672
v -14.5527037966 -11.8215050779 3.83333333328
v -14.2202138301 -10.5334969034 3.06666666672
v -13.9882851458 -10.8395994883 3.83333333328
v -11.5876874385 12.7784193007 2.87500000005
v -11.9598915758 12.4307479056 3.45
v -11.7941313921 12.5881279268 3.45
v -12.1606276014 12.2344446682 4.02499999995
v -11.9974508581 12.3945017207 4.02499999995
v -11.8321676474 12.552382593 4.02499999995
v -14.1815948702 -9.82063475221 2.87500000006
v -13.8854802408 -10.2350348549 3.45
v -14.0198778085 -10.0501505576 3.45
v -13.7170577138 -10.45967627 4.02499999994
v -13.8544466171 -10.2770038888 4.02499999994
v -13.9894030086 -10.0925271098 4.02499999994
v -13.3370597535 13.1777087245 3.06666666671
v -13.6198794762 12.8851873541 3.83333333329
v -12.299491741 12.723660688 3.06666666671
v -12.5727028078 12.4537617809 3.83333333329
v -14.7573731472 -9.76672801819 3.06666666672
v -14.5419570932 -10.0846676835 3.83333333328
v -13.7088413688 13.0650899182 2.87500000006
v -13.6115349764 13.1664354262 2.87500000006
v -13.919670146 12.840237119 3.45
v -13.8240261208 12.9431529412 3.45
v -14.1268113403 12.6119826991 4.02499999994
v -14.0328550202 12.716441571 4.02499999994
v -13.9381263118 12.8202005118 4.02499999994
v -16.1680170074 -9.86022982986 2.87500000007
v -16.2407245034 -9.74000892473 2.87500000007
v -16.0053923843 -10.1220709774 3.45
v -16.0800469395 -10.0030493685 3.45
v -15.8385276312 -10.3812305977 4.02499999993
v -15.9151094683 -10.2634398161 4.02499999993
v -15.9908153151 -10.1450841202 4.02499999993
v -13.2534240573 11.7267126317 3.06666666671
v -13.5047764138 11.4363478611 3.83333333329
v -16.1805742582 -9.47196847391 3.06666666672
v -15.9712194423 -9.8208614501 3.83333333328
v -15.4734551711 -8.58727101335 3.06666666672
v -15.2834650737 -8.92102761625 3.83333333328
v -13.3031441137 10.9812957655 2.87500000006
v -13.15647158 11.1566014342 2.87500000006
v -13.480111236 10.7633220273 3.45
v -13.3363113686 10.9409916862 3.45
v -13.6535072229 10.5424968822 4.02499999994
v -13.512618117 10.7224834634 4.02499999994
v -13.3693565161 10.9005874311 4.02499999994
v -15.3421194195 -7.8855482825 2.87500000007
v -15.1026281593 -8.33505384988 3.45
v -15.2117436939 -8.13420886066 3.45
v -14.9649680989 -8.57975697766 4.02499999993
v -15.0773380908 -8.38071453364 4.02499999993
v -15.1870608601 -8.18020063513 4.02499999993
v -14.9429955004 11.3241359746 3.06666666672
v -15.1852139606 10.9972017835 3.83333333328
v -13.8550388648 11.0094021838 3.06666666671
v -14.0906836964 10.706151099 3.83333333329
v -15.9059355929 -7.75694858199 3.06666666672
v -15.7338619069 -8.10028566664 3.83333333328
v -15.2968967686 11.1639533992 2.87500000007
v -15.2136510891 11.2771329152 2.87500000006
v -15.4765726967 10.9135055694 3.45
v -15.3951801297 11.0280249828 3.45
v -15.652148589 10.6601665463 4.02499999993
v -15.5726306971 10.7759955188 4.02499999994
v -15.4922556653 10.8912313651 4.02499999994
v -17.373109131 -7.53684186984 2.87500000008
v -17.1896594157 -7.94635233413 3.45
v -17.2481398535 -7.81860459678 3.45
v -17.0580493322 -8.22507502876 4.02499999992
v -17.1186012188 -8.09829602804 4.02499999992
v -17.1782108733 -7.97107128557 4.02499999992
v -14.6706823243 9.89647000339 3.06666666672
v -14.8819841187 9.57578127773 3.83333333328
v -17.2784871801 -7.27894572469 3.06666666673
v -17.1164630954 -7.65218016005 3.83333333327
v -16.461941404 -6.49411453545 3.06666666672
v -16.3171406767 -6.84981448831 3.83333333328
v -14.5001448452 9.34389102394 2.87500000006
v -14.6226805935 9.15094051223 2.87500000006
v -14.7696824555 8.9117327249 3.45
v -14.65030336 9.10665204444 3.45
v -14.9127715504 8.67016405168 4.02499999994
v -14.7965807334 8.86700054125 4.02499999994
v -14.6777919881 9.06228019606 4.02499999994
v -16.2401360519 -5.81553789539 2.87500000007
v -16.0613659227 -6.29245776259 3.45
v -16.1433324272 -6.07908859485 3.45
v -15.9568237308 -6.55303566469 4.02499999993
v -16.0422521295 -6.34102882921 4.02499999993
v -16.1248638896 -6.12790865963 4.02499999993
v -16.2932524514 9.27680411848 3.06666666672
v -16.490725224 8.92105104141 3.83333333328
v -15.1735224323 9.1067697558 3.06666666672
v -15.3675690804 8.77535520353 3.83333333328
v -16.7823430705 -5.61444560492 3.06666666672
v -16.6565559812 -5.97730551622 3.83333333328
v -16.5554574136 9.1948755334 2.87500000007
v -16.7686667975 8.80004091361 3.45
v -16.7029183382 8.92420445941 3.45
v -16.9096732358 8.52595198832 4.02499999993
v -16.8459543451 8.65116919552 4.02499999993
v -16.7813082292 8.77591023004 4.02499999993
v -18.1691204563 -5.33965992276 2.87500000008
v -18.2082350446 -5.20471736096 2.87500000008
v -18.0798066087 -5.63466939925 3.45
v -18.1211123125 -5.50038133263 3.45
v -17.9857030797 -5.92818614564 4.02499999992
v -18.0291889563 -5.79458814965 4.02499999992
v -18.0716824808 -5.66067121127 4.02499999992
v -15.8369211492 7.89689602954 3.06666666672
v -16.0045569492 7.55137042175 3.83333333328
v -18.0807603959 -4.96137819602 3.06666666673
v -17.9688393193 -5.35256794587 3.83333333327
v -17.1687592554 -4.28984195733 3.06666666673
v -17.0716254788 -4.66139913535 3.83333333327
v -15.6920189542 7.16401012966 2.87500000007
v -15.5957166118 7.37130404764 2.87500000007
v -15.8065403133 6.90766120482 3.45
v -15.713624599 7.11649506134 3.45
v -15.9168742221 6.64948231038 4.02499999993
v -15.8273697511 6.85980078141 4.02499999993
v -15.7350863697 7.06891483431 4.02499999993
v -16.8104886972 -3.86910451636 2.87500000007
v -16.8602794539 -3.64602204251 2.87500000007
v -16.7452892622 -4.14219597839 3.45
v -16.7987042668 -3.91995343774 3.45
v -16.6756536845 -4.41419009465 4.02499999993
v -16.7326787865 -4.19284636345 4.02499999993
v -16.7867660273 -3.97076646799 4.02499999993
v -17.3647273355 7.07074357189 3.06666666673
v -17.5140756067 6.69225864263 3.83333333327
v -16.2323828241 7.04831797245 3.06666666672
v -16.3815110966 6.69441054753 3.83333333328
v -17.3716000053 -3.37587790693 3.06666666673
v -17.2942517645 -3.7520520112 3.83333333327
v -17.6139952717 6.95529128191 2.87500000008
v -17.7738443603 6.53600511799 3.45
v -17.7248649831 6.66768832348 3.45
v -17.8778686852 6.24585602799 4.02499999992
v -17.8310390438 6.37831896879 4.02499999992
v -17.7832279565 6.51043083783 4.02499999992
v -18.7106465896 -2.92243228275 2.87500000008
v -18.7318130084 -2.783538695 2.87500000008
v -18.6606032979 -3.22657570871 3.45
v -18.6840275157 -3.08804501889 3.45
v -18.6056164609 -3.52986435398 4.02499999992
v -18.6312922722 -3.39173326146 4.02499999992
v -18.6559425905 -3.25341548312 4.02499999992
v -16.7321858625 5.7622039752 3.06666666672
v -16.8532873731 5.39775352422 3.83333333328
v -18.5736667883 -2.55892011086 3.06666666673
v -18.5137637205 -2.96137181013 3.83333333327
v -17.5818148758 -2.01216899395 3.06666666673
v -17.5340100358 -2.3932259508 3.83333333327
v -16.4244413432 5.27259201538 2.87500000007
v -16.572943884 4.78539768636 3.45
v -16.5080813646 5.00457287467 3.45
v -16.6486347628 4.51502608316 4.02499999993
v -16.5873480842 4.73522792831 4.02499999993
v -16.523149061 4.95459837987 4.02499999993
v -17.1716921159 -1.64179471186 2.87500000007
v -17.1919387999 -1.41412174162 2.87500000007
v -17.1426960597 -1.92106007256 3.45
v -17.166645619 -1.6937467905 3.45
v -17.1091585804 -2.19981650825 4.02499999993
v -17.1368046702 -1.97292313394 4.02499999993
v -17.1614419441 -1.74568336117 4.02499999993
v -18.1390869206 4.74370064239 3.06666666673
v -18.2377552999 4.34895984302 3.83333333327
v -17.0135026453 4.86926751443 3.06666666672
v -17.1151609162 4.49892267102 3.83333333328
v -17.6636240477 -1.07954800198 3.06666666673
v -17.6360381052 -1.462599856 3.83333333327
v -18.404749841 4.46027908749 2.87500000008
v -18.3711527872 4.59670006821 2.87500000008
v -18.4749065183 4.16013646268 3.45
v -18.4435342738 4.2970861917 3.45
v -18.5401688447 3.85889173935 4.02499999992
v -18.5110297207 3.9963339361 4.02499999992
v -18.4808717231 4.13355616895 4.02499999992
v -18.9320283721 -0.455201016131 2.87500000008
v -18.9348844581 -0.314732910231 2.87500000008
v -18.9221118911 -0.763274413226 3.45
v -18.927253828 -0.622871398702 3.45
v -18.907182586 -1.07114560455 4.02499999992
v -18.9146090116 -0.930844876805 4.02499999992
v -18.9209943502 -0.790492914033 4.02499999992
v -17.3411582366 3.52891901325 3.06666666673
v -17.4136533774 3.15177956736 3.83333333327
v -18.7487725924 -0.112678193142 3.06666666673
v -18.7419124915 -0.519505781674 3.83333333327
v -17.6940407692 0.299932738792 3.06666666673
v -17.6963828198 -0.0841040066972 3.83333333327
v -17.0115086354 2.85850904257 2.87500000007
v -16.9721393296 3.08366447189 2.87500000007
v -17.0557797899 2.58125468672 3.45
v -17.0200802811 2.80702105858 3.45
v -17.0955325469 2.30331650787 4.02499999993
v -17.0635122926 2.5296340125 4.02499999993
v -17.0284960908 2.75550737348 4.02499999993
v -17.2294393064 0.841974574338 2.87500000007
v -17.2467865748 0.332945703731 3.45
v -17.2408609051 0.561440333929 3.45
v -17.2499210293 0.0521965485179 4.02499999993
v -17.2477150749 0.280757357397 4.02499999993
v -17.2424808312 0.50926887195 4.02499999993
v -18.6030816993 2.33549167971 3.06666666673
v -18.6493819435 1.93124913474 3.83333333327
v -17.5035167192 2.60690253922 3.06666666673
v -17.5559655873 2.22645698027 3.83333333327
v -17.6534185854 1.23525326859 3.06666666673
v -17.6760669444 0.85187778825 3.83333333327
v -18.8294779002 2.01981886608 2.87500000008
v -18.8139747851 2.15945804189 2.87500000008
v -18.8598579035 1.71308671909 3.45
v -18.8466295796 1.85295972381 3.45
v -18.8852415751 1.40590074315 4.02499999992
v -18.8742915468 1.54597052178 4.02499999992
v -18.8623026506 1.68595520798 4.02499999992
f 459 25 24
f 448 25 459
f 449 25 448
f 450 25 449
f 445 26 25
f 445 25 450
f 460 459 24
f 438 26 445
f 465 460 24
f 439 26 438
f 470 465 24
f 440 26 439
f 469 470 24
f 437 26 440
f 468 24 23
f 468 469 24
f 458 448 459
f 463 460 465
f 451 448 458
f 446 438 445
f 475 468 23
f 428 27 26
f 428 26 437
f 429 27 428
f 466 463 465
f 441 438 446
f 473 468 475
f 436 428 437
f 430 27 429
f 427 27 430
f 478 23 22
f 478 475 23
f 457 451 458
f 462 463 466
f 452 451 457
f 467 462 466
f 442 446 447
f 442 441 446
f 431 428 436
f 476 473 475
f 472 473 476
f 435 431 436
f 455 452 457
f 456 452 455
f 453 452 456
f 454 455 457
f 461 462 467
f 420 427 426
f 420 28 27
f 420 27 427
f 483 478 22
f 479 478 483
f 443 442 447
f 443 447 444
f 464 461 467
f 488 483 22
f 432 431 435
f 477 472 476
f 487 488 22
f 419 28 420
f 486 487 22
f 434 432 435
f 471 472 477
f 423 420 426
f 433 432 434
f 474 471 477
f 484 479 483
f 422 426 425
f 422 423 426
f 485 479 484
f 485 480 479
f 408 419 418
f 408 28 419
f 495 22 21
f 495 486 22
f 495 491 486
f 421 425 424
f 421 422 425
f 482 480 485
f 482 481 480
f 409 28 408
f 500 495 21
f 410 28 409
f 499 500 21
f 405 29 28
f 405 28 410
f 498 499 21
f 411 418 417
f 411 408 418
f 496 491 495
f 496 490 491
f 412 411 417
f 497 490 496
f 415 417 414
f 415 412 417
f 494 489 490
f 494 490 497
f 416 412 415
f 493 494 497
f 413 412 416
f 492 493 497
f 507 21 20
f 507 498 21
f 400 29 405
f 512 507 20
f 511 512 20
f 399 29 400
f 510 511 20
f 401 405 406
f 401 400 405
f 508 498 507
f 508 501 498
f 402 406 407
f 402 401 406
f 509 501 508
f 509 502 501
f 506 503 502
f 505 502 509
f 505 506 502
f 403 407 404
f 403 402 407
f 504 505 509
f 390 30 29
f 390 29 399
f 390 399 398
f 42 510 20
f 391 30 390
f 41 42 20
f 518 513 510
f 518 510 42
f 392 30 391
f 40 41 20
f 393 390 398
f 393 398 397
f 389 30 392
f 39 20 19
f 39 40 20
f 517 514 513
f 517 513 518
f 394 397 396
f 394 393 397
f 395 394 396
f 516 514 517
f 516 515 514
f 380 31 30
f 380 30 389
f 51 39 19
f 385 380 389
f 385 389 388
f 50 39 51
f 50 43 39
f 48 45 44
f 381 31 380
f 54 51 19
f 382 31 381
f 53 54 19
f 384 385 388
f 384 388 387
f 49 43 50
f 49 44 43
f 47 48 44
f 47 44 49
f 377 31 382
f 52 53 19
f 383 384 387
f 383 387 386
f 46 47 49
f 18 52 19
f 375 379 374
f 370 31 377
f 61 52 18
f 373 377 378
f 373 370 377
f 60 55 52
f 60 52 61
f 376 379 375
f 372 378 379
f 372 373 378
f 372 379 376
f 59 56 55
f 59 55 60
f 371 372 376
f 58 57 56
f 58 56 59
f 369 31 370
f 62 61 18
f 32 31 369
f 365 367 364
f 68 63 64
f 361 368 367
f 69 68 64
f 69 64 65
f 69 67 68
f 70 69 65
f 362 367 365
f 362 361 367
f 362 365 366
f 71 70 65
f 71 65 62
f 71 62 18
f 358 368 361
f 358 369 368
f 358 32 369
f 363 362 366
f 66 67 69
f 17 71 18
f 359 32 358
f 360 32 359
f 355 32 360
f 72 71 17
f 78 75 74
f 33 32 355
f 77 78 74
f 351 357 354
f 352 356 357
f 352 357 351
f 79 77 74
f 79 74 73
f 79 76 77
f 353 355 356
f 353 356 352
f 80 79 73
f 80 73 72
f 350 33 355
f 350 355 353
f 81 72 17
f 81 80 72
f 347 33 350
f 16 81 17
f 16 82 83
f 16 83 84
f 16 84 81
f 90 87 86
f 89 90 86
f 344 346 345
f 344 348 349
f 344 349 346
f 93 88 89
f 93 89 86
f 343 348 344
f 343 347 348
f 92 93 86
f 92 85 82
f 92 86 85
f 91 92 82
f 91 82 16
f 342 347 343
f 342 33 347
f 94 91 16
f 34 33 342
f 34 342 341
f 337 339 336
f 98 97 96
f 334 339 337
f 334 337 338
f 334 338 335
f 99 98 96
f 99 96 95
f 333 339 334
f 333 340 339
f 100 99 95
f 100 95 94
f 15 94 16
f 330 34 341
f 330 341 340
f 330 340 333
f 101 100 94
f 101 94 15
f 104 101 15
f 103 104 15
f 102 103 15
f 325 329 324
f 110 107 106
f 326 329 325
f 35 330 331
f 35 331 332
f 35 332 327
f 35 34 330
f 322 326 323
f 322 329 326
f 113 106 105
f 113 108 109
f 113 109 110
f 113 110 106
f 321 327 328
f 321 328 329
f 321 329 322
f 112 105 102
f 112 113 105
f 318 35 327
f 318 327 321
f 111 112 102
f 319 35 318
f 320 35 319
f 317 35 320
f 14 114 111
f 14 102 15
f 14 111 102
f 311 315 314
f 121 115 116
f 121 118 115
f 312 315 311
f 120 121 116
f 120 116 117
f 313 316 315
f 313 317 316
f 313 315 312
f 119 114 14
f 119 117 114
f 119 120 117
f 308 317 313
f 36 308 309
f 36 309 310
f 36 317 308
f 36 35 317
f 307 36 310
f 303 305 302
f 304 305 303
f 126 125 124
f 129 126 124
f 300 304 299
f 300 305 304
f 128 123 122
f 128 124 123
f 128 129 124
f 301 306 305
f 301 305 300
f 13 122 119
f 13 119 14
f 298 307 306
f 298 306 301
f 127 122 13
f 127 128 122
f 293 295 292
f 136 133 132
f 135 136 132
f 139 134 135
f 139 135 132
f 290 295 293
f 290 293 294
f 290 294 289
f 37 36 307
f 37 307 298
f 37 298 297
f 138 139 132
f 138 131 130
f 138 132 131
f 291 296 295
f 291 297 296
f 291 295 290
f 137 138 130
f 286 297 291
f 286 37 297
f 142 146 143
f 283 280 281
f 145 146 142
f 12 137 130
f 12 130 127
f 12 140 137
f 12 127 13
f 278 283 281
f 278 281 282
f 278 282 279
f 147 142 141
f 147 144 145
f 147 145 142
f 277 283 278
f 277 284 283
f 148 141 140
f 148 147 141
f 154 158 155
f 157 158 154
f 149 148 140
f 276 284 277
f 276 285 284
f 38 37 286
f 38 285 276
f 38 286 287
f 38 287 288
f 38 288 285
f 270 272 271
f 270 273 272
f 159 157 154
f 159 154 153
f 159 156 157
f 269 273 270
f 269 274 273
f 160 153 150
f 160 159 153
f 164 167 168
f 164 168 165
f 11 150 151
f 11 151 152
f 11 152 149
f 11 149 140
f 11 140 12
f 268 274 269
f 268 275 274
f 161 160 150
f 161 150 11
f 169 167 164
f 169 164 163
f 169 166 167
f 262 264 261
f 262 265 264
f 263 265 262
f 263 266 265
f 263 267 266
f 170 169 163
f 170 163 162
f 174 176 175
f 257 254 255
f 1 38 276
f 1 275 268
f 1 268 267
f 1 276 275
f 260 267 263
f 171 170 162
f 252 257 255
f 252 255 256
f 252 256 251
f 252 258 257
f 177 176 174
f 177 174 173
f 182 185 186
f 182 186 183
f 253 259 258
f 253 258 252
f 178 177 173
f 178 173 172
f 10 161 11
f 10 171 162
f 10 162 161
f 244 246 245
f 244 247 246
f 187 182 181
f 187 184 185
f 187 185 182
f 250 259 253
f 179 178 172
f 239 236 233
f 192 195 196
f 192 196 193
f 243 248 247
f 243 247 244
f 188 181 180
f 188 187 181
f 197 195 192
f 197 194 195
f 234 239 233
f 238 239 234
f 191 197 192
f 202 206 201
f 224 226 225
f 224 229 226
f 209 204 205
f 209 205 206
f 209 206 202
f 2 1 267
f 2 267 260
f 2 260 259
f 212 215 216
f 212 216 213
f 217 214 215
f 217 215 212
f 240 248 243
f 240 249 248
f 189 188 180
f 235 238 234
f 198 197 191
f 228 229 224
f 237 238 235
f 190 198 191
f 208 209 202
f 208 202 203
f 223 228 224
f 211 217 212
f 218 217 211
f 230 237 235
f 199 198 190
f 9 179 172
f 9 171 10
f 9 172 171
f 9 180 179
f 220 227 228
f 220 228 223
f 207 203 200
f 207 208 203
f 210 218 211
f 210 219 218
f 3 259 250
f 3 249 240
f 3 250 249
f 3 2 259
f 8 180 9
f 8 189 180
f 8 190 189
f 4 240 241
f 4 241 242
f 4 242 237
f 4 3 240
f 4 237 230
f 7 207 200
f 7 199 190
f 7 190 8
f 7 200 199
f 5 220 221
f 5 227 220
f 5 221 222
f 5 222 219
f 5 230 231
f 5 231 232
f 5 232 227
f 5 4 230
f 6 210 207
f 6 219 210
f 6 5 219
f 6 207 7
f 520 519 1
f 520 1 2
f 521 2 3
f 521 520 2
f 522 3 4
f 522 521 3
f 523 4 5
f 523 522 4
f 524 523 5
f 524 5 6
f 525 524 6
f 525 6 7
f 526 525 7
f 526 7 8
f 526 8 9
f 527 526 9
f 528 527 9
f 528 9 10
f 528 10 11
f 529 528 11
f 530 529 11
f 530 11 12
f 531 530 12
f 531 12 13
f 532 531 13
f 532 13 14
f 532 14 15
f 533 532 15
f 534 533 15
f 534 15 16
f 534 16 17
f 535 534 17
f 536 535 17
f 536 17 18
f 537 536 18
f 537 18 19
f 538 19 20
f 538 537 19
f 539 20 21
f 539 21 22
f 539 538 20
f 540 539 22
f 541 22 23
f 541 23 24
f 541 540 22
f 542 541 24
f 543 24 25
f 543 542 24
f 544 25 26
f 544 543 25
f 545 26 27
f 545 544 26
f 546 27 28
f 546 545 27
f 547 28 29
f 547 29 30
f 547 546 28
f 548 547 30
f 549 548 30
f 549 30 31
f 550 549 31
f 550 31 32
f 551 550 32
f 551 32 33
f 552 551 33
f 552 33 34
f 553 552 34
f 553 34 35
f 553 35 36
f 554 36 37
f 554 553 36
f 555 554 37
f 556 555 37
f 556 37 38
f 519 556 38
f 519 38 1
f 559 275 276
f 560 557 275
f 560 275 559
f 561 559 276
f 561 560 559
f 562 557 560
f 563 558 557
f 563 557 562
f 563 560 561
f 563 562 560
f 564 276 558
f 564 561 276
f 564 558 563
f 564 563 561
f 568 272 273
f 568 273 274
f 568 274 275
f 569 565 272
f 569 275 557
f 569 566 565
f 569 567 566
f 569 557 567
f 569 272 568
f 569 568 275
f 573 276 277
f 574 558 276
f 574 571 558
f 574 276 573
f 575 277 278
f 575 278 279
f 575 573 277
f 576 279 570
f 576 572 571
f 576 570 572
f 576 573 575
f 576 571 574
f 576 574 573
f 576 575 279
f 578 271 272
f 579 577 271
f 579 271 578
f 580 578 272
f 580 579 578
f 581 577 579
f 582 565 577
f 582 577 581
f 582 579 580
f 582 581 579
f 583 272 565
f 583 580 272
f 583 565 582
f 583 582 580
f 587 279 282
f 588 281 280
f 588 282 281
f 588 587 282
f 589 570 279
f 589 279 587
f 590 589 587
f 590 588 280
f 590 587 588
f 591 586 570
f 591 570 589
f 592 585 586
f 592 586 591
f 592 589 590
f 592 591 589
f 593 280 584
f 593 584 585
f 593 590 280
f 593 585 592
f 593 592 590
f 597 268 269
f 598 594 268
f 598 595 594
f 598 268 597
f 599 269 270
f 599 270 271
f 599 597 269
f 600 271 577
f 600 596 595
f 600 577 596
f 600 597 599
f 600 595 598
f 600 598 597
f 600 599 271
f 604 280 283
f 604 283 284
f 604 284 285
f 605 584 280
f 605 285 601
f 605 602 584
f 605 603 602
f 605 601 603
f 605 280 604
f 605 604 285
f 607 267 268
f 608 606 267
f 608 267 607
f 609 607 268
f 609 608 607
f 610 606 608
f 611 594 606
f 611 606 610
f 611 608 609
f 611 610 608
f 612 268 594
f 612 609 268
f 612 594 611
f 612 611 609
f 616 285 288
f 617 287 286
f 617 288 287
f 617 616 288
f 618 601 285
f 618 285 616
f 619 618 616
f 619 617 286
f 619 616 617
f 620 615 601
f 620 601 618
f 621 614 615
f 621 615 620
f 621 618 619
f 621 620 618
f 622 286 613
f 622 613 614
f 622 619 286
f 622 614 621
f 622 621 619
f 626 264 265
f 626 265 266
f 626 266 267
f 627 623 264
f 627 267 606
f 627 624 623
f 627 625 624
f 627 606 625
f 627 264 626
f 627 626 267
f 631 286 291
f 632 613 286
f 632 629 613
f 632 286 631
f 633 290 289
f 633 291 290
f 633 631 291
f 634 289 628
f 634 630 629
f 634 628 630
f 634 629 632
f 634 632 631
f 634 633 289
f 634 631 633
f 636 261 264
f 637 635 261
f 637 261 636
f 638 636 264
f 638 637 636
f 639 635 637
f 640 623 635
f 640 635 639
f 640 637 638
f 640 639 637
f 641 264 623
f 641 638 264
f 641 623 640
f 641 640 638
f 645 289 294
f 646 293 292
f 646 294 293
f 646 645 294
f 647 628 289
f 647 289 645
f 648 647 645
f 648 646 292
f 648 645 646
f 649 644 628
f 649 628 647
f 650 643 644
f 650 644 649
f 650 647 648
f 650 649 647
f 651 292 642
f 651 642 643
f 651 648 292
f 651 643 650
f 651 650 648
f 655 260 263
f 656 652 260
f 656 654 652
f 656 260 655
f 657 262 261
f 657 263 262
f 657 655 263
f 658 261 635
f 658 635 653
f 658 653 654
f 658 654 656
f 658 656 655
f 658 655 657
f 658 657 261
f 662 292 295
f 662 295 296
f 662 296 297
f 663 642 292
f 663 297 659
f 663 660 642
f 663 661 660
f 663 659 661
f 663 292 662
f 663 662 297
f 665 259 260
f 666 664 259
f 666 259 665
f 667 665 260
f 667 666 665
f 668 664 666
f 669 652 664
f 669 664 668
f 669 666 667
f 669 668 666
f 670 260 652
f 670 667 260
f 670 652 669
f 670 669 667
f 672 297 298
f 673 659 297
f 673 297 672
f 674 672 298
f 674 673 672
f 675 659 673
f 676 671 659
f 676 659 675
f 676 673 674
f 676 675 673
f 677 298 671
f 677 674 298
f 677 671 676
f 677 676 674
f 681 254 257
f 681 257 258
f 681 258 259
f 682 678 254
f 682 259 664
f 682 679 678
f 682 680 679
f 682 664 680
f 682 254 681
f 682 681 259
f 686 298 301
f 687 671 298
f 687 684 671
f 687 298 686
f 688 300 299
f 688 301 300
f 688 686 301
f 689 299 683
f 689 685 684
f 689 683 685
f 689 684 687
f 689 687 686
f 689 688 299
f 689 686 688
f 693 251 256
f 694 255 254
f 694 256 255
f 694 693 256
f 695 690 251
f 695 251 693
f 696 695 693
f 696 694 254
f 696 693 694
f 697 692 690
f 697 690 695
f 698 691 692
f 698 692 697
f 698 695 696
f 698 697 695
f 699 254 678
f 699 678 691
f 699 696 254
f 699 691 698
f 699 698 696
f 703 299 304
f 704 303 302
f 704 304 303
f 704 703 304
f 705 683 299
f 705 299 703
f 706 705 703
f 706 704 302
f 706 703 704
f 707 702 683
f 707 683 705
f 708 701 702
f 708 702 707
f 708 705 706
f 708 707 705
f 709 302 700
f 709 700 701
f 709 706 302
f 709 701 708
f 709 708 706
f 713 250 253
f 714 710 250
f 714 712 710
f 714 250 713
f 715 252 251
f 715 253 252
f 715 713 253
f 716 251 690
f 716 690 711
f 716 711 712
f 716 712 714
f 716 714 713
f 716 713 715
f 716 715 251
f 720 302 305
f 720 305 306
f 720 306 307
f 721 700 302
f 721 307 717
f 721 718 700
f 721 719 718
f 721 717 719
f 721 302 720
f 721 720 307
f 723 249 250
f 724 722 249
f 724 249 723
f 725 723 250
f 725 724 723
f 726 722 724
f 727 710 722
f 727 722 726
f 727 724 725
f 727 726 724
f 728 250 710
f 728 725 250
f 728 710 727
f 728 727 725
f 732 307 310
f 733 309 308
f 733 310 309
f 733 732 310
f 734 717 307
f 734 307 732
f 735 734 732
f 735 733 308
f 735 732 733
f 736 731 717
f 736 717 734
f 737 730 731
f 737 731 736
f 737 734 735
f 737 736 734
f 738 308 729
f 738 729 730
f 738 735 308
f 738 730 737
f 738 737 735
f 742 246 247
f 742 247 248
f 742 248 249
f 743 739 246
f 743 249 722
f 743 722 740
f 743 740 741
f 743 741 739
f 743 246 742
f 743 742 249
f 747 308 313
f 748 729 308
f 748 746 729
f 748 308 747
f 749 312 311
f 749 313 312
f 749 747 313
f 750 311 744
f 750 744 745
f 750 745 746
f 750 746 748
f 750 748 747
f 750 747 749
f 750 749 311
f 752 245 246
f 753 751 245
f 753 245 752
f 754 752 246
f 754 753 752
f 755 751 753
f 756 739 751
f 756 751 755
f 756 753 754
f 756 755 753
f 757 246 739
f 757 754 246
f 757 739 756
f 757 756 754
f 759 311 314
f 760 744 311
f 760 311 759
f 761 759 314
f 761 760 759
f 762 744 760
f 763 758 744
f 763 744 762
f 763 760 761
f 763 762 760
f 764 314 758
f 764 761 314
f 764 758 763
f 764 763 761
f 768 240 243
f 769 765 240
f 769 766 765
f 769 240 768
f 770 243 244
f 770 244 245
f 770 768 243
f 771 245 751
f 771 767 766
f 771 751 767
f 771 768 770
f 771 766 769
f 771 769 768
f 771 770 245
f 775 314 315
f 775 315 316
f 775 316 317
f 776 758 314
f 776 317 772
f 776 773 758
f 776 774 773
f 776 772 774
f 776 314 775
f 776 775 317
f 780 237 242
f 781 241 240
f 781 242 241
f 781 780 242
f 782 777 237
f 782 237 780
f 783 782 780
f 783 781 240
f 783 780 781
f 784 779 777
f 784 777 782
f 785 778 779
f 785 779 784
f 785 782 783
f 785 784 782
f 786 240 765
f 786 765 778
f 786 783 240
f 786 778 785
f 786 785 783
f 790 317 320
f 791 319 318
f 791 320 319
f 791 790 320
f 792 772 317
f 792 317 790
f 793 792 790
f 793 791 318
f 793 790 791
f 794 789 772
f 794 772 792
f 795 788 789
f 795 789 794
f 795 792 793
f 795 794 792
f 796 318 787
f 796 787 788
f 796 793 318
f 796 788 795
f 796 795 793
f 800 238 237
f 800 239 238
f 800 236 239
f 801 797 236
f 801 237 777
f 801 777 798
f 801 798 799
f 801 799 797
f 801 236 800
f 801 800 237
f 805 318 321
f 806 787 318
f 806 804 787
f 806 318 805
f 807 321 322
f 807 322 323
f 807 805 321
f 808 323 802
f 808 802 803
f 808 803 804
f 808 804 806
f 808 807 323
f 808 806 805
f 808 805 807
f 810 233 236
f 811 809 233
f 811 233 810
f 812 810 236
f 812 811 810
f 813 809 811
f 814 797 809
f 814 809 813
f 814 811 812
f 814 813 811
f 815 236 797
f 815 812 236
f 815 797 814
f 815 814 812
f 819 323 326
f 820 325 324
f 820 326 325
f 820 819 326
f 821 802 323
f 821 323 819
f 822 821 819
f 822 820 324
f 822 819 820
f 823 818 802
f 823 802 821
f 824 817 818
f 824 818 823
f 824 821 822
f 824 823 821
f 825 324 816
f 825 816 817
f 825 822 324
f 825 817 824
f 825 824 822
f 829 230 235
f 830 826 230
f 830 828 826
f 830 230 829
f 831 234 233
f 831 235 234
f 831 829 235
f 832 233 809
f 832 809 827
f 832 827 828
f 832 828 830
f 832 830 829
f 832 829 831
f 832 831 233
f 836 328 327
f 836 329 328
f 836 324 329
f 837 816 324
f 837 327 833
f 837 834 816
f 837 835 834
f 837 833 835
f 837 324 836
f 837 836 327
f 841 227 232
f 842 231 230
f 842 232 231
f 842 841 232
f 843 838 227
f 843 227 841
f 844 843 841
f 844 842 230
f 844 841 842
f 845 840 838
f 845 838 843
f 846 839 840
f 846 840 845
f 846 843 844
f 846 845 843
f 847 230 826
f 847 826 839
f 847 844 230
f 847 839 846
f 847 846 844
f 851 327 332
f 852 331 330
f 852 332 331
f 852 851 332
f 853 833 327
f 853 327 851
f 854 853 851
f 854 852 330
f 854 851 852
f 855 850 833
f 855 833 853
f 856 849 850
f 856 850 855
f 856 853 854
f 856 855 853
f 857 330 848
f 857 848 849
f 857 854 330
f 857 849 856
f 857 856 854
f 861 228 227
f 861 229 228
f 861 226 229
f 862 858 226
f 862 227 838
f 862 838 859
f 862 859 860
f 862 860 858
f 862 226 861
f 862 861 227
f 866 330 333
f 867 848 330
f 867 865 848
f 867 330 866
f 868 333 334
f 868 334 335
f 868 866 333
f 869 335 863
f 869 863 864
f 869 864 865
f 869 865 867
f 869 868 335
f 869 867 866
f 869 866 868
f 871 225 226
f 872 870 225
f 872 225 871
f 873 871 226
f 873 872 871
f 874 870 872
f 875 858 870
f 875 870 874
f 875 872 873
f 875 874 872
f 876 226 858
f 876 873 226
f 876 858 875
f 876 875 873
f 880 335 338
f 881 337 336
f 881 338 337
f 881 880 338
f 882 863 335
f 882 335 880
f 883 882 880
f 883 881 336
f 883 880 881
f 884 879 863
f 884 863 882
f 885 878 879
f 885 879 884
f 885 882 883
f 885 884 882
f 886 336 877
f 886 877 878
f 886 883 336
f 886 878 885
f 886 885 883
f 890 220 223
f 891 887 220
f 891 888 887
f 891 220 890
f 892 223 224
f 892 224 225
f 892 890 223
f 893 225 870
f 893 889 888
f 893 870 889
f 893 890 892
f 893 888 891
f 893 891 890
f 893 892 225
f 897 336 339
f 897 339 340
f 897 340 341
f 898 877 336
f 898 341 894
f 898 895 877
f 898 896 895
f 898 894 896
f 898 336 897
f 898 897 341
f 902 219 222
f 903 221 220
f 903 222 221
f 903 902 222
f 904 899 219
f 904 219 902
f 905 904 902
f 905 903 220
f 905 902 903
f 906 901 899
f 906 899 904
f 907 900 901
f 907 901 906
f 907 904 905
f 907 906 904
f 908 220 887
f 908 887 900
f 908 905 220
f 908 900 907
f 908 907 905
f 910 341 342
f 911 894 341
f 911 341 910
f 912 910 342
f 912 911 910
f 913 894 911
f 914 909 894
f 914 894 913
f 914 911 912
f 914 913 911
f 915 342 909
f 915 912 342
f 915 909 914
f 915 914 912
f 919 214 217
f 919 217 218
f 919 218 219
f 920 916 214
f 920 219 899
f 920 899 917
f 920 917 918
f 920 918 916
f 920 214 919
f 920 919 219
f 924 342 343
f 925 909 342
f 925 922 909
f 925 342 924
f 926 343 344
f 926 344 345
f 926 924 343
f 927 345 921
f 927 923 922
f 927 921 923
f 927 924 926
f 927 922 925
f 927 925 924
f 927 926 345
f 931 213 216
f 932 215 214
f 932 216 215
f 932 931 216
f 933 928 213
f 933 213 931
f 934 933 931
f 934 932 214
f 934 931 932
f 935 930 928
f 935 928 933
f 936 929 930
f 936 930 935
f 936 933 934
f 936 935 933
f 937 214 916
f 937 916 929
f 937 934 214
f 937 929 936
f 937 936 934
f 939 345 346
f 940 921 345
f 940 345 939
f 941 939 346
f 941 940 939
f 942 921 940
f 943 938 921
f 943 921 942
f 943 940 941
f 943 942 940
f 944 346 938
f 944 941 346
f 944 938 943
f 944 943 941
f 948 210 211
f 949 945 210
f 949 946 945
f 949 210 948
f 950 211 212
f 950 212 213
f 950 948 211
f 951 213 928
f 951 947 946
f 951 928 947
f 951 948 950
f 951 946 949
f 951 949 948
f 951 950 213
f 955 348 347
f 955 349 348
f 955 346 349
f 956 938 346
f 956 347 952
f 956 952 953
f 956 953 954
f 956 954 938
f 956 346 955
f 956 955 347
f 958 207 210
f 959 957 207
f 959 207 958
f 960 958 210
f 960 959 958
f 961 957 959
f 962 945 957
f 962 957 961
f 962 959 960
f 962 961 959
f 963 210 945
f 963 960 210
f 963 945 962
f 963 962 960
f 965 347 350
f 966 952 347
f 966 347 965
f 967 965 350
f 967 966 965
f 968 952 966
f 969 964 952
f 969 952 968
f 969 966 967
f 969 968 966
f 970 350 964
f 970 967 350
f 970 964 969
f 970 969 967
f 974 208 207
f 974 209 208
f 974 204 209
f 975 971 204
f 975 207 957
f 975 957 972
f 975 972 973
f 975 973 971
f 975 204 974
f 975 974 207
f 979 350 353
f 980 964 350
f 980 978 964
f 980 350 979
f 981 352 351
f 981 353 352
f 981 979 353
f 982 351 976
f 982 976 977
f 982 977 978
f 982 978 980
f 982 980 979
f 982 979 981
f 982 981 351
f 986 201 206
f 987 205 204
f 987 206 205
f 987 986 206
f 988 983 201
f 988 201 986
f 989 988 986
f 989 987 204
f 989 986 987
f 990 985 983
f 990 983 988
f 991 984 985
f 991 985 990
f 991 988 989
f 991 990 988
f 992 204 971
f 992 971 984
f 992 989 204
f 992 984 991
f 992 991 989
f 994 351 354
f 995 976 351
f 995 351 994
f 996 994 354
f 996 995 994
f 997 976 995
f 998 993 976
f 998 976 997
f 998 995 996
f 998 997 995
f 999 354 993
f 999 996 354
f 999 993 998
f 999 998 996
f 1003 200 203
f 1004 1000 200
f 1004 1001 1000
f 1004 200 1003
f 1005 202 201
f 1005 203 202
f 1005 1003 203
f 1006 201 983
f 1006 1002 1001
f 1006 983 1002
f 1006 1001 1004
f 1006 1004 1003
f 1006 1005 201
f 1006 1003 1005
f 1010 356 355
f 1010 357 356
f 1010 354 357
f 1011 993 354
f 1011 355 1007
f 1011 1008 993
f 1011 1009 1008
f 1011 1007 1009
f 1011 354 1010
f 1011 1010 355
f 1013 199 200
f 1014 1012 199
f 1014 199 1013
f 1015 1013 200
f 1015 1014 1013
f 1016 1012 1014
f 1017 1000 1012
f 1017 1012 1016
f 1017 1014 1015
f 1017 1016 1014
f 1018 200 1000
f 1018 1015 200
f 1018 1000 1017
f 1018 1017 1015
f 1022 355 360
f 1023 359 358
f 1023 360 359
f 1023 1022 360
f 1024 1007 355
f 1024 355 1022
f 1025 1024 1022
f 1025 1023 358
f 1025 1022 1023
f 1026 1021 1007
f 1026 1007 1024
f 1027 1020 1021
f 1027 1021 1026
f 1027 1024 1025
f 1027 1026 1024
f 1028 358 1019
f 1028 1019 1020
f 1028 1025 358
f 1028 1020 1027
f 1028 1027 1025
f 1032 194 197
f 1032 197 198
f 1032 198 199
f 1033 1029 194
f 1033 199 1012
f 1033 1030 1029
f 1033 1031 1030
f 1033 1012 1031
f 1033 194 1032
f 1033 1032 199
f 1037 358 361
f 1038 1019 358
f 1038 1035 1019
f 1038 358 1037
f 1039 361 362
f 1039 362 363
f 1039 1037 361
f 1040 363 1034
f 1040 1036 1035
f 1040 1034 1036
f 1040 1037 1039
f 1040 1035 1038
f 1040 1038 1037
f 1040 1039 363
f 1042 193 196
f 1043 195 194
f 1043 196 195
f 1043 1042 196
f 1044 1041 193
f 1044 193 1042
f 1045 1044 1042
f 1045 1043 194
f 1045 1042 1043
f 1046 1041 1044
f 1047 1029 1041
f 1047 1044 1045
f 1047 1041 1046
f 1047 1046 1044
f 1048 194 1029
f 1048 1045 194
f 1048 1029 1047
f 1048 1047 1045
f 1052 363 366
f 1053 365 364
f 1053 366 365
f 1053 1052 366
f 1054 1034 363
f 1054 363 1052
f 1055 1054 1052
f 1055 1053 364
f 1055 1052 1053
f 1056 1051 1034
f 1056 1034 1054
f 1057 1050 1051
f 1057 1051 1056
f 1057 1054 1055
f 1057 1056 1054
f 1058 364 1049
f 1058 1049 1050
f 1058 1055 364
f 1058 1050 1057
f 1058 1057 1055
f 1062 190 191
f 1063 1059 190
f 1063 1060 1059
f 1063 190 1062
f 1064 191 192
f 1064 192 193
f 1064 1062 191
f 1065 193 1041
f 1065 1061 1060
f 1065 1041 1061
f 1065 1062 1064
f 1065 1060 1063
f 1065 1063 1062
f 1065 1064 193
f 1069 364 367
f 1069 367 368
f 1069 368 369
f 1070 1049 364
f 1070 369 1066
f 1070 1067 1049
f 1070 1068 1067
f 1070 1066 1068
f 1070 364 1069
f 1070 1069 369
f 1072 189 190
f 1073 1071 189
f 1073 189 1072
f 1074 1072 190
f 1074 1073 1072
f 1075 1071 1073
f 1076 1059 1071
f 1076 1071 1075
f 1076 1073 1074
f 1076 1075 1073
f 1077 190 1059
f 1077 1074 190
f 1077 1059 1076
f 1077 1076 1074
f 1079 369 370
f 1080 1066 369
f 1080 369 1079
f 1081 1079 370
f 1081 1080 1079
f 1082 1066 1080
f 1083 1078 1066
f 1083 1066 1082
f 1083 1080 1081
f 1083 1082 1080
f 1084 370 1078
f 1084 1081 370
f 1084 1078 1083
f 1084 1083 1081
f 1088 184 187
f 1088 187 188
f 1088 188 189
f 1089 1085 184
f 1089 189 1071
f 1089 1086 1085
f 1089 1087 1086
f 1089 1071 1087
f 1089 184 1088
f 1089 1088 189
f 1093 370 373
f 1094 1078 370
f 1094 1092 1078
f 1094 370 1093
f 1095 372 371
f 1095 373 372
f 1095 1093 373
f 1096 371 1090
f 1096 1090 1091
f 1096 1091 1092
f 1096 1092 1094
f 1096 1094 1093
f 1096 1093 1095
f 1096 1095 371
f 1100 183 186
f 1101 185 184
f 1101 186 185
f 1101 1100 186
f 1102 1097 183
f 1102 183 1100
f 1103 1102 1100
f 1103 1101 184
f 1103 1100 1101
f 1104 1099 1097
f 1104 1097 1102
f 1105 1098 1099
f 1105 1099 1104
f 1105 1102 1103
f 1105 1104 1102
f 1106 184 1085
f 1106 1085 1098
f 1106 1103 184
f 1106 1098 1105
f 1106 1105 1103
f 1110 371 376
f 1111 375 374
f 1111 376 375
f 1111 1110 376
f 1112 1090 371
f 1112 371 1110
f 1113 1112 1110
f 1113 1111 374
f 1113 1110 1111
f 1114 1109 1090
f 1114 1090 1112
f 1115 1108 1109
f 1115 1109 1114
f 1115 1112 1113
f 1115 1114 1112
f 1116 374 1107
f 1116 1107 1108
f 1116 1113 374
f 1116 1108 1115
f 1116 1115 1113
f 1120 180 181
f 1121 1117 180
f 1121 1119 1117
f 1121 180 1120
f 1122 181 182
f 1122 182 183
f 1122 1120 181
f 1123 183 1097
f 1123 1097 1118
f 1123 1118 1119
f 1123 1119 1121
f 1123 1122 183
f 1123 1121 1120
f 1123 1120 1122
f 1127 378 377
f 1127 379 378
f 1127 374 379
f 1128 1107 374
f 1128 377 1124
f 1128 1124 1125
f 1128 1125 1126
f 1128 1126 1107
f 1128 374 1127
f 1128 1127 377
f 1130 179 180
f 1131 1129 179
f 1131 179 1130
f 1132 1130 180
f 1132 1131 1130
f 1133 1129 1131
f 1134 1117 1129
f 1134 1129 1133
f 1134 1131 1132
f 1134 1133 1131
f 1135 180 1117
f 1135 1132 180
f 1135 1117 1134
f 1135 1134 1132
f 1139 377 382
f 1140 381 380
f 1140 382 381
f 1140 1139 382
f 1141 1124 377
f 1141 377 1139
f 1142 1141 1139
f 1142 1140 380
f 1142 1139 1140
f 1143 1138 1124
f 1143 1124 1141
f 1144 1137 1138
f 1144 1138 1143
f 1144 1141 1142
f 1144 1143 1141
f 1145 380 1136
f 1145 1136 1137
f 1145 1142 380
f 1145 1137 1144
f 1145 1144 1142
f 1149 176 177
f 1149 177 178
f 1149 178 179
f 1150 1146 176
f 1150 179 1129
f 1150 1147 1146
f 1150 1148 1147
f 1150 1129 1148
f 1150 176 1149
f 1150 1149 179
f 1154 380 385
f 1155 1136 380
f 1155 1153 1136
f 1155 380 1154
f 1156 384 383
f 1156 385 384
f 1156 1154 385
f 1157 383 1151
f 1157 1151 1152
f 1157 1152 1153
f 1157 1153 1155
f 1157 1155 1154
f 1157 1154 1156
f 1157 1156 383
f 1159 175 176
f 1160 1158 175
f 1160 175 1159
f 1161 1159 176
f 1161 1160 1159
f 1162 1158 1160
f 1163 1146 1158
f 1163 1158 1162
f 1163 1160 1161
f 1163 1162 1160
f 1164 176 1146
f 1164 1161 176
f 1164 1146 1163
f 1164 1163 1161
f 1166 383 386
f 1167 1151 383
f 1167 383 1166
f 1168 1166 386
f 1168 1167 1166
f 1169 1151 1167
f 1170 1165 1151
f 1170 1151 1169
f 1170 1167 1168
f 1170 1169 1167
f 1171 386 1165
f 1171 1168 386
f 1171 1165 1170
f 1171 1170 1168
f 1175 172 173
f 1176 1172 172
f 1176 1174 1172
f 1176 172 1175
f 1177 173 174
f 1177 174 175
f 1177 1175 173
f 1177 1176 1175
f 1178 175 1158
f 1178 1158 1173
f 1178 1173 1174
f 1178 1176 1177
f 1178 1174 1176
f 1178 1177 175
f 1182 386 387
f 1182 387 388
f 1182 388 389
f 1183 1165 386
f 1183 389 1179
f 1183 1179 1180
f 1183 1180 1181
f 1183 1181 1165
f 1183 386 1182
f 1183 1182 389
f 1185 171 172
f 1186 1184 171
f 1186 171 1185
f 1187 1185 172
f 1187 1186 1185
f 1188 1184 1186
f 1189 1172 1184
f 1189 1184 1188
f 1189 1186 1187
f 1189 1188 1186
f 1190 172 1172
f 1190 1187 172
f 1190 1172 1189
f 1190 1189 1187
f 1194 389 392
f 1195 391 390
f 1195 392 391
f 1195 1194 392
f 1196 1179 389
f 1196 389 1194
f 1197 1196 1194
f 1197 1195 390
f 1197 1194 1195
f 1198 1193 1179
f 1198 1179 1196
f 1199 1192 1193
f 1199 1193 1198
f 1199 1196 1197
f 1199 1198 1196
f 1200 390 1191
f 1200 1191 1192
f 1200 1197 390
f 1200 1192 1199
f 1200 1199 1197
f 1204 166 169
f 1204 169 170
f 1204 170 171
f 1205 1201 166
f 1205 171 1184
f 1205 1202 1201
f 1205 1203 1202
f 1205 1184 1203
f 1205 166 1204
f 1205 1204 171
f 1209 390 393
f 1210 1191 390
f 1210 1207 1191
f 1210 390 1209
f 1211 393 394
f 1211 394 395
f 1211 1209 393
f 1212 395 1206
f 1212 1208 1207
f 1212 1206 1208
f 1212 1209 1211
f 1212 1207 1210
f 1212 1210 1209
f 1212 1211 395
f 1216 165 168
f 1217 167 166
f 1217 168 167
f 1217 1216 168
f 1218 1213 165
f 1218 165 1216
f 1219 1218 1216
f 1219 1217 166
f 1219 1216 1217
f 1220 1215 1213
f 1220 1213 1218
f 1221 1214 1215
f 1221 1215 1220
f 1221 1218 1219
f 1221 1220 1218
f 1222 166 1201
f 1222 1201 1214
f 1222 1219 166
f 1222 1214 1221
f 1222 1221 1219
f 1224 395 396
f 1225 1206 395
f 1225 395 1224
f 1226 1224 396
f 1226 1225 1224
f 1227 1206 1225
f 1228 1223 1206
f 1228 1206 1227
f 1228 1225 1226
f 1228 1227 1225
f 1229 396 1223
f 1229 1226 396
f 1229 1223 1228
f 1229 1228 1226
f 1233 162 163
f 1234 1230 162
f 1234 1231 1230
f 1234 162 1233
f 1235 163 164
f 1235 164 165
f 1235 1233 163
f 1236 165 1213
f 1236 1232 1231
f 1236 1213 1232
f 1236 1233 1235
f 1236 1231 1234
f 1236 1234 1233
f 1236 1235 165
f 1240 396 397
f 1240 397 398
f 1240 398 399
f 1241 1223 396
f 1241 399 1237
f 1241 1238 1223
f 1241 1239 1238
f 1241 1237 1239
f 1241 396 1240
f 1241 1240 399
f 1243 161 162
f 1244 1242 161
f 1244 161 1243
f 1245 1243 162
f 1245 1244 1243
f 1246 1242 1244
f 1247 1230 1242
f 1247 1242 1246
f 1247 1244 1245
f 1247 1246 1244
f 1248 162 1230
f 1248 1245 162
f 1248 1230 1247
f 1248 1247 1245
f 1250 399 400
f 1251 1237 399
f 1251 399 1250
f 1252 1250 400
f 1252 1251 1250
f 1253 1237 1251
f 1254 1249 1237
f 1254 1237 1253
f 1254 1251 1252
f 1254 1253 1251
f 1255 400 1249
f 1255 1252 400
f 1255 1249 1254
f 1255 1254 1252
f 1259 156 159
f 1259 159 160
f 1259 160 161
f 1260 1256 156
f 1260 161 1242
f 1260 1257 1256
f 1260 1258 1257
f 1260 1242 1258
f 1260 156 1259
f 1260 1259 161
f 1264 400 401
f 1265 1249 400
f 1265 1263 1249
f 1265 400 1264
f 1266 401 402
f 1266 402 403
f 1266 1264 401
f 1267 403 1261
f 1267 1261 1262
f 1267 1262 1263
f 1267 1263 1265
f 1267 1266 403
f 1267 1265 1264
f 1267 1264 1266
f 1271 155 158
f 1272 157 156
f 1272 158 157
f 1272 1271 158
f 1273 1268 155
f 1273 155 1271
f 1274 1273 1271
f 1274 1272 156
f 1274 1271 1272
f 1275 1270 1268
f 1275 1268 1273
f 1276 1269 1270
f 1276 1270 1275
f 1276 1273 1274
f 1276 1275 1273
f 1277 156 1256
f 1277 1256 1269
f 1277 1274 156
f 1277 1269 1276
f 1277 1276 1274
f 1279 403 404
f 1280 1261 403
f 1280 403 1279
f 1281 1279 404
f 1281 1280 1279
f 1282 1261 1280
f 1283 1278 1261
f 1283 1261 1282
f 1283 1280 1281
f 1283 1282 1280
f 1284 404 1278
f 1284 1281 404
f 1284 1278 1283
f 1284 1283 1281
f 1288 150 153
f 1289 1285 150
f 1289 1286 1285
f 1289 150 1288
f 1290 153 154
f 1290 154 155
f 1290 1288 153
f 1291 155 1268
f 1291 1287 1286
f 1291 1268 1287
f 1291 1288 1290
f 1291 1286 1289
f 1291 1289 1288
f 1291 1290 155
f 1295 406 405
f 1295 407 406
f 1295 404 407
f 1296 1278 404
f 1296 405 1292
f 1296 1293 1278
f 1296 1294 1293
f 1296 1292 1294
f 1296 404 1295
f 1296 1295 405
f 1300 149 152
f 1301 151 150
f 1301 152 151
f 1301 1300 152
f 1302 1297 149
f 1302 149 1300
f 1303 1302 1300
f 1303 1301 150
f 1303 1300 1301
f 1304 1299 1297
f 1304 1297 1302
f 1305 1298 1299
f 1305 1299 1304
f 1305 1302 1303
f 1305 1304 1302
f 1306 150 1285
f 1306 1285 1298
f 1306 1303 150
f 1306 1298 1305
f 1306 1305 1303
f 1310 405 410
f 1311 409 408
f 1311 410 409
f 1311 1310 410
f 1312 1292 405
f 1312 405 1310
f 1313 1312 1310
f 1313 1311 408
f 1313 1310 1311
f 1314 1309 1292
f 1314 1292 1312
f 1315 1308 1309
f 1315 1309 1314
f 1315 1312 1313
f 1315 1314 1312
f 1316 408 1307
f 1316 1307 1308
f 1316 1313 408
f 1316 1308 1315
f 1316 1315 1313
f 1320 144 147
f 1320 147 148
f 1320 148 149
f 1321 1317 144
f 1321 149 1297
f 1321 1318 1317
f 1321 1319 1318
f 1321 1297 1319
f 1321 144 1320
f 1321 1320 149
f 1325 408 411
f 1326 1307 408
f 1326 1323 1307
f 1326 408 1325
f 1327 411 412
f 1327 412 413
f 1327 1325 411
f 1328 413 1322
f 1328 1324 1323
f 1328 1322 1324
f 1328 1325 1327
f 1328 1323 1326
f 1328 1326 1325
f 1328 1327 413
f 1332 143 146
f 1333 145 144
f 1333 146 145
f 1333 1332 146
f 1334 1329 143
f 1334 143 1332
f 1335 1334 1332
f 1335 1333 144
f 1335 1332 1333
f 1336 1331 1329
f 1336 1329 1334
f 1337 1330 1331
f 1337 1331 1336
f 1337 1334 1335
f 1337 1336 1334
f 1338 144 1317
f 1338 1317 1330
f 1338 1335 144
f 1338 1330 1337
f 1338 1337 1335
f 1342 413 416
f 1343 415 414
f 1343 416 415
f 1343 1342 416
f 1344 1322 413
f 1344 413 1342
f 1345 1344 1342
f 1345 1343 414
f 1345 1342 1343
f 1346 1341 1322
f 1346 1322 1344
f 1347 1340 1341
f 1347 1341 1346
f 1347 1344 1345
f 1347 1346 1344
f 1348 414 1339
f 1348 1339 1340
f 1348 1345 414
f 1348 1340 1347
f 1348 1347 1345
f 1352 140 141
f 1353 1349 140
f 1353 1350 1349
f 1353 140 1352
f 1354 141 142
f 1354 142 143
f 1354 1352 141
f 1355 143 1329
f 1355 1351 1350
f 1355 1329 1351
f 1355 1352 1354
f 1355 1350 1353
f 1355 1353 1352
f 1355 1354 143
f 1359 414 417
f 1359 417 418
f 1359 418 419
f 1360 1339 414
f 1360 419 1356
f 1360 1357 1339
f 1360 1358 1357
f 1360 1356 1358
f 1360 414 1359
f 1360 1359 419
f 1362 137 140
f 1363 1361 137
f 1363 137 1362
f 1364 1362 140
f 1364 1363 1362
f 1365 1361 1363
f 1366 1349 1361
f 1366 1361 1365
f 1366 1363 1364
f 1366 1365 1363
f 1367 140 1349
f 1367 1364 140
f 1367 1349 1366
f 1367 1366 1364
f 1369 419 420
f 1370 1356 419
f 1370 419 1369
f 1371 1369 420
f 1371 1370 1369
f 1372 1356 1370
f 1373 1368 1356
f 1373 1356 1372
f 1373 1370 1371
f 1373 1372 1370
f 1374 420 1368
f 1374 1371 420
f 1374 1368 1373
f 1374 1373 1371
f 1378 138 137
f 1378 139 138
f 1378 134 139
f 1379 1375 134
f 1379 137 1361
f 1379 1376 1375
f 1379 1377 1376
f 1379 1361 1377
f 1379 134 1378
f 1379 1378 137
f 1383 420 423
f 1384 1368 420
f 1384 1382 1368
f 1384 420 1383
f 1385 422 421
f 1385 423 422
f 1385 1383 423
f 1386 421 1380
f 1386 1380 1381
f 1386 1381 1382
f 1386 1382 1384
f 1386 1384 1383
f 1386 1383 1385
f 1386 1385 421
f 1390 133 136
f 1391 135 134
f 1391 136 135
f 1391 1390 136
f 1392 1387 133
f 1392 133 1390
f 1393 1392 1390
f 1393 1391 134
f 1393 1390 1391
f 1394 1389 1387
f 1394 1387 1392
f 1395 1388 1389
f 1395 1389 1394
f 1395 1392 1393
f 1395 1394 1392
f 1396 134 1375
f 1396 1375 1388
f 1396 1393 134
f 1396 1388 1395
f 1396 1395 1393
f 1398 421 424
f 1399 1380 421
f 1399 421 1398
f 1400 1398 424
f 1400 1399 1398
f 1401 1380 1399
f 1402 1397 1380
f 1402 1380 1401
f 1402 1399 1400
f 1402 1401 1399
f 1403 424 1397
f 1403 1400 424
f 1403 1397 1402
f 1403 1402 1400
f 1407 130 131
f 1408 1404 130
f 1408 1406 1404
f 1408 130 1407
f 1409 131 132
f 1409 132 133
f 1409 1407 131
f 1410 133 1387
f 1410 1387 1405
f 1410 1405 1406
f 1410 1406 1408
f 1410 1409 133
f 1410 1408 1407
f 1410 1407 1409
f 1414 424 425
f 1414 425 426
f 1414 426 427
f 1415 1397 424
f 1415 427 1411
f 1415 1412 1397
f 1415 1413 1412
f 1415 1411 1413
f 1415 424 1414
f 1415 1414 427
f 1417 127 130
f 1418 1416 127
f 1418 127 1417
f 1419 1417 130
f 1419 1418 1417
f 1420 1416 1418
f 1421 1404 1416
f 1421 1416 1420
f 1421 1418 1419
f 1421 1420 1418
f 1422 130 1404
f 1422 1419 130
f 1422 1404 1421
f 1422 1421 1419
f 1426 427 430
f 1427 429 428
f 1427 430 429
f 1427 1426 430
f 1428 1411 427
f 1428 427 1426
f 1429 1428 1426
f 1429 1427 428
f 1429 1426 1427
f 1430 1425 1411
f 1430 1411 1428
f 1431 1424 1425
f 1431 1425 1430
f 1431 1428 1429
f 1431 1430 1428
f 1432 428 1423
f 1432 1423 1424
f 1432 1429 428
f 1432 1424 1431
f 1432 1431 1429
f 1436 128 127
f 1436 129 128
f 1436 126 129
f 1437 1433 126
f 1437 127 1416
f 1437 1434 1433
f 1437 1435 1434
f 1437 1416 1435
f 1437 126 1436
f 1437 1436 127
f 1441 428 431
f 1442 1423 428
f 1442 1439 1423
f 1442 428 1441
f 1443 431 432
f 1443 432 433
f 1443 1441 431
f 1444 433 1438
f 1444 1440 1439
f 1444 1438 1440
f 1444 1441 1443
f 1444 1439 1442
f 1444 1442 1441
f 1444 1443 433
f 1448 125 126
f 1448 1449 125
f 1450 1445 125
f 1450 125 1449
f 1451 1450 1449
f 1451 1448 126
f 1451 1449 1448
f 1452 1447 1445
f 1452 1445 1450
f 1453 1446 1447
f 1453 1447 1452
f 1453 1450 1451
f 1453 1452 1450
f 1454 126 1433
f 1454 1433 1446
f 1454 1446 1453
f 1454 1451 126
f 1454 1453 1451
f 1456 433 434
f 1457 1438 433
f 1457 433 1456
f 1458 1456 434
f 1458 1457 1456
f 1459 1438 1457
f 1460 1455 1438
f 1460 1438 1459
f 1460 1457 1458
f 1460 1459 1457
f 1461 434 1455
f 1461 1458 434
f 1461 1455 1460
f 1461 1460 1458
f 1465 122 123
f 1466 1462 122
f 1466 1463 1462
f 1466 122 1465
f 1467 123 124
f 1467 124 125
f 1467 1465 123
f 1468 125 1445
f 1468 1464 1463
f 1468 1445 1464
f 1468 1465 1467
f 1468 1463 1466
f 1468 1466 1465
f 1468 1467 125
f 1472 434 435
f 1472 435 436
f 1472 436 437
f 1473 1455 434
f 1473 437 1469
f 1473 1469 1470
f 1473 1470 1471
f 1473 1471 1455
f 1473 434 1472
f 1473 1472 437
f 1475 119 122
f 1476 1474 119
f 1476 119 1475
f 1477 1475 122
f 1477 1476 1475
f 1478 1474 1476
f 1479 1462 1474
f 1479 1474 1478
f 1479 1476 1477
f 1479 1478 1476
f 1480 122 1462
f 1480 1477 122
f 1480 1462 1479
f 1480 1479 1477
f 1484 437 440
f 1485 439 438
f 1485 440 439
f 1485 1484 440
f 1486 1469 437
f 1486 437 1484
f 1487 1486 1484
f 1487 1485 438
f 1487 1484 1485
f 1488 1483 1469
f 1488 1469 1486
f 1489 1482 1483
f 1489 1483 1488
f 1489 1486 1487
f 1489 1488 1486
f 1490 438 1481
f 1490 1481 1482
f 1490 1487 438
f 1490 1482 1489
f 1490 1489 1487
f 1494 120 119
f 1494 121 120
f 1494 118 121
f 1495 1491 118
f 1495 119 1474
f 1495 1492 1491
f 1495 1493 1492
f 1495 1474 1493
f 1495 118 1494
f 1495 1494 119
f 1499 438 441
f 1500 1481 438
f 1500 1498 1481
f 1500 438 1499
f 1501 441 442
f 1501 442 443
f 1501 1499 441
f 1502 443 1496
f 1502 1496 1497
f 1502 1497 1498
f 1502 1498 1500
f 1502 1501 443
f 1502 1500 1499
f 1502 1499 1501
f 1504 115 118
f 1505 1503 115
f 1505 115 1504
f 1506 1504 118
f 1506 1505 1504
f 1507 1503 1505
f 1508 1491 1503
f 1508 1503 1507
f 1508 1505 1506
f 1508 1507 1505
f 1509 118 1491
f 1509 1506 118
f 1509 1491 1508
f 1509 1508 1506
f 1511 443 444
f 1512 1496 443
f 1512 443 1511
f 1513 1511 444
f 1513 1512 1511
f 1514 1496 1512
f 1515 1510 1496
f 1515 1496 1514
f 1515 1512 1513
f 1515 1514 1512
f 1516 444 1510
f 1516 1513 444
f 1516 1510 1515
f 1516 1515 1513
f 1520 114 117
f 1521 1517 114
f 1521 1519 1517
f 1521 114 1520
f 1522 116 115
f 1522 117 116
f 1522 1520 117
f 1523 115 1503
f 1523 1503 1518
f 1523 1518 1519
f 1523 1519 1521
f 1523 1521 1520
f 1523 1520 1522
f 1523 1522 115
f 1527 446 445
f 1527 447 446
f 1527 444 447
f 1528 1510 444
f 1528 445 1524
f 1528 1525 1510
f 1528 1526 1525
f 1528 1524 1526
f 1528 444 1527
f 1528 1527 445
f 1530 111 114
f 1531 1529 111
f 1531 111 1530
f 1532 1530 114
f 1532 1531 1530
f 1533 1529 1531
f 1534 1517 1529
f 1534 1529 1533
f 1534 1531 1532
f 1534 1533 1531
f 1535 114 1517
f 1535 1532 114
f 1535 1517 1534
f 1535 1534 1532
f 1539 445 450
f 1540 449 448
f 1540 450 449
f 1540 1539 450
f 1541 1524 445
f 1541 445 1539
f 1542 1541 1539
f 1542 1540 448
f 1542 1539 1540
f 1543 1538 1524
f 1543 1524 1541
f 1544 1537 1538
f 1544 1538 1543
f 1544 1541 1542
f 1544 1543 1541
f 1545 448 1536
f 1545 1536 1537
f 1545 1542 448
f 1545 1537 1544
f 1545 1544 1542
f 1549 112 111
f 1549 113 112
f 1549 108 113
f 1550 1546 108
f 1550 111 1529
f 1550 1547 1546
f 1550 1548 1547
f 1550 1529 1548
f 1550 108 1549
f 1550 1549 111
f 1554 448 451
f 1555 1536 448
f 1555 1553 1536
f 1555 448 1554
f 1556 451 452
f 1556 452 453
f 1556 1554 451
f 1557 453 1551
f 1557 1551 1552
f 1557 1552 1553
f 1557 1553 1555
f 1557 1556 453
f 1557 1555 1554
f 1557 1554 1556
f 1561 107 110
f 1562 109 108
f 1562 110 109
f 1562 1561 110
f 1563 1558 107
f 1563 107 1561
f 1564 1563 1561
f 1564 1562 108
f 1564 1561 1562
f 1565 1560 1558
f 1565 1558 1563
f 1566 1559 1560
f 1566 1560 1565
f 1566 1563 1564
f 1566 1565 1563
f 1567 108 1546
f 1567 1546 1559
f 1567 1564 108
f 1567 1559 1566
f 1567 1566 1564
f 1571 453 456
f 1572 455 454
f 1572 456 455
f 1572 1571 456
f 1573 1551 453
f 1573 453 1571
f 1574 1573 1571
f 1574 1572 454
f 1574 1571 1572
f 1575 1570 1551
f 1575 1551 1573
f 1576 1569 1570
f 1576 1570 1575
f 1576 1573 1574
f 1576 1575 1573
f 1577 454 1568
f 1577 1568 1569
f 1577 1574 454
f 1577 1569 1576
f 1577 1576 1574
f 1581 102 105
f 1582 1578 102
f 1582 1579 1578
f 1582 102 1581
f 1583 105 106
f 1583 106 107
f 1583 1581 105
f 1584 107 1558
f 1584 1580 1579
f 1584 1558 1580
f 1584 1581 1583
f 1584 1579 1582
f 1584 1582 1581
f 1584 1583 107
f 1588 454 457
f 1588 457 458
f 1588 458 459
f 1589 1568 454
f 1589 459 1585
f 1589 1586 1568
f 1589 1587 1586
f 1589 1585 1587
f 1589 454 1588
f 1589 1588 459
f 1591 101 104
f 1592 103 102
f 1592 104 103
f 1592 1591 104
f 1593 1590 101
f 1593 101 1591
f 1594 1593 1591
f 1594 1592 102
f 1594 1591 1592
f 1595 1590 1593
f 1596 1578 1590
f 1596 1593 1594
f 1596 1590 1595
f 1596 1595 1593
f 1597 102 1578
f 1597 1594 102
f 1597 1578 1596
f 1597 1596 1594
f 1599 459 460
f 1600 1585 459
f 1600 459 1599
f 1601 1599 460
f 1601 1600 1599
f 1602 1585 1600
f 1603 1598 1585
f 1603 1585 1602
f 1603 1600 1601
f 1603 1602 1600
f 1604 460 1598
f 1604 1601 460
f 1604 1598 1603
f 1604 1603 1601
f 1608 98 99
f 1608 99 100
f 1608 100 101
f 1609 1605 98
f 1609 101 1590
f 1609 1606 1605
f 1609 1607 1606
f 1609 1590 1607
f 1609 98 1608
f 1609 1608 101
f 1613 460 463
f 1614 1598 460
f 1614 1612 1598
f 1614 460 1613
f 1615 462 461
f 1615 463 462
f 1615 1613 463
f 1616 461 1610
f 1616 1610 1611
f 1616 1611 1612
f 1616 1612 1614
f 1616 1614 1613
f 1616 1613 1615
f 1616 1615 461
f 1618 97 98
f 1619 1617 97
f 1619 97 1618
f 1620 1618 98
f 1620 1619 1618
f 1621 1617 1619
f 1622 1605 1617
f 1622 1617 1621
f 1622 1619 1620
f 1622 1621 1619
f 1623 98 1605
f 1623 1620 98
f 1623 1605 1622
f 1623 1622 1620
f 1625 461 464
f 1626 1610 461
f 1626 461 1625
f 1627 1625 464
f 1627 1626 1625
f 1628 1610 1626
f 1629 1624 1610
f 1629 1610 1628
f 1629 1626 1627
f 1629 1628 1626
f 1630 464 1624
f 1630 1627 464
f 1630 1624 1629
f 1630 1629 1627
f 1634 94 95
f 1635 1631 94
f 1635 1633 1631
f 1635 94 1634
f 1636 95 96
f 1636 96 97
f 1636 1634 95
f 1637 97 1617
f 1637 1617 1632
f 1637 1632 1633
f 1637 1633 1635
f 1637 1636 97
f 1637 1635 1634
f 1637 1634 1636
f 1641 466 465
f 1641 467 466
f 1641 464 467
f 1642 1624 464
f 1642 465 1638
f 1642 1638 1639
f 1642 1639 1640
f 1642 1640 1624
f 1642 464 1641
f 1642 1641 465
f 1646 91 94
f 1646 1647 91
f 1648 1643 91
f 1648 91 1647
f 1649 1648 1647
f 1649 1646 94
f 1649 1647 1646
f 1650 1645 1643
f 1650 1643 1648
f 1651 1644 1645
f 1651 1645 1650
f 1651 1648 1649
f 1651 1650 1648
f 1652 94 1631
f 1652 1631 1644
f 1652 1644 1651
f 1652 1649 94
f 1652 1651 1649
f 1656 465 470
f 1657 469 468
f 1657 470 469
f 1657 1656 470
f 1658 1638 465
f 1658 465 1656
f 1659 1658 1656
f 1659 1657 468
f 1659 1656 1657
f 1660 1655 1638
f 1660 1638 1658
f 1661 1654 1655
f 1661 1655 1660
f 1661 1658 1659
f 1661 1660 1658
f 1662 468 1653
f 1662 1653 1654
f 1662 1659 468
f 1662 1654 1661
f 1662 1661 1659
f 1666 92 91
f 1666 93 92
f 1666 88 93
f 1667 1663 88
f 1667 91 1643
f 1667 1643 1664
f 1667 1664 1665
f 1667 1665 1663
f 1667 88 1666
f 1667 1666 91
f 1671 468 473
f 1672 1653 468
f 1672 1670 1653
f 1672 468 1671
f 1673 472 471
f 1673 473 472
f 1673 1671 473
f 1674 471 1668
f 1674 1668 1669
f 1674 1669 1670
f 1674 1670 1672
f 1674 1672 1671
f 1674 1671 1673
f 1674 1673 471
f 1678 87 90
f 1679 89 88
f 1679 90 89
f 1679 1678 90
f 1680 1675 87
f 1680 87 1678
f 1681 1680 1678
f 1681 1679 88
f 1681 1678 1679
f 1682 1677 1675
f 1682 1675 1680
f 1683 1676 1677
f 1683 1677 1682
f 1683 1680 1681
f 1683 1682 1680
f 1684 88 1663
f 1684 1663 1676
f 1684 1681 88
f 1684 1676 1683
f 1684 1683 1681
f 1686 471 474
f 1687 1668 471
f 1687 471 1686
f 1688 1686 474
f 1688 1687 1686
f 1689 1668 1687
f 1690 1685 1668
f 1690 1668 1689
f 1690 1687 1688
f 1690 1689 1687
f 1691 474 1685
f 1691 1688 474
f 1691 1685 1690
f 1691 1690 1688
f 1695 82 85
f 1696 1692 82
f 1696 1693 1692
f 1696 82 1695
f 1697 85 86
f 1697 86 87
f 1697 1695 85
f 1698 87 1675
f 1698 1694 1693
f 1698 1675 1694
f 1698 1695 1697
f 1698 1693 1696
f 1698 1696 1695
f 1698 1697 87
f 1702 476 475
f 1702 477 476
f 1702 474 477
f 1703 1685 474
f 1703 475 1699
f 1703 1700 1685
f 1703 1701 1700
f 1703 1699 1701
f 1703 474 1702
f 1703 1702 475
f 1707 81 84
f 1708 83 82
f 1708 84 83
f 1708 1707 84
f 1709 1704 81
f 1709 81 1707
f 1710 1709 1707
f 1710 1708 82
f 1710 1707 1708
f 1711 1706 1704
f 1711 1704 1709
f 1712 1705 1706
f 1712 1706 1711
f 1712 1709 1710
f 1712 1711 1709
f 1713 82 1692
f 1713 1692 1705
f 1713 1710 82
f 1713 1705 1712
f 1713 1712 1710
f 1715 475 478
f 1716 1699 475
f 1716 475 1715
f 1717 1715 478
f 1717 1716 1715
f 1718 1699 1716
f 1719 1714 1699
f 1719 1699 1718
f 1719 1716 1717
f 1719 1718 1716
f 1720 478 1714
f 1720 1717 478
f 1720 1714 1719
f 1720 1719 1717
f 1724 76 79
f 1724 79 80
f 1724 80 81
f 1725 1721 76
f 1725 81 1704
f 1725 1722 1721
f 1725 1723 1722
f 1725 1704 1723
f 1725 76 1724
f 1725 1724 81
f 1729 478 479
f 1730 1714 478
f 1730 1727 1714
f 1730 478 1729
f 1731 479 480
f 1731 480 481
f 1731 1729 479
f 1732 481 1726
f 1732 1728 1727
f 1732 1726 1728
f 1732 1729 1731
f 1732 1727 1730
f 1732 1730 1729
f 1732 1731 481
f 1734 75 78
f 1735 77 76
f 1735 78 77
f 1735 1734 78
f 1736 1733 75
f 1736 75 1734
f 1737 1736 1734
f 1737 1735 76
f 1737 1734 1735
f 1738 1733 1736
f 1739 1721 1733
f 1739 1736 1737
f 1739 1733 1738
f 1739 1738 1736
f 1740 76 1721
f 1740 1737 76
f 1740 1721 1739
f 1740 1739 1737
f 1742 481 482
f 1743 1726 481
f 1743 481 1742
f 1744 1742 482
f 1744 1743 1742
f 1745 1726 1743
f 1746 1741 1726
f 1746 1726 1745
f 1746 1743 1744
f 1746 1745 1743
f 1747 482 1741
f 1747 1744 482
f 1747 1741 1746
f 1747 1746 1744
f 1751 72 73
f 1752 1748 72
f 1752 1749 1748
f 1752 72 1751
f 1753 73 74
f 1753 74 75
f 1753 1751 73
f 1754 75 1733
f 1754 1750 1749
f 1754 1733 1750
f 1754 1751 1753
f 1754 1749 1752
f 1754 1752 1751
f 1754 1753 75
f 1758 484 483
f 1758 485 484
f 1758 482 485
f 1759 1741 482
f 1759 483 1755
f 1759 1756 1741
f 1759 1757 1756
f 1759 1755 1757
f 1759 482 1758
f 1759 1758 483
f 1761 71 72
f 1762 1760 71
f 1762 71 1761
f 1763 1761 72
f 1763 1762 1761
f 1764 1760 1762
f 1765 1748 1760
f 1765 1760 1764
f 1765 1762 1763
f 1765 1764 1762
f 1766 72 1748
f 1766 1763 72
f 1766 1748 1765
f 1766 1765 1763
f 1770 483 488
f 1771 487 486
f 1771 488 487
f 1771 1770 488
f 1772 1755 483
f 1772 483 1770
f 1773 1772 1770
f 1773 1771 486
f 1773 1770 1771
f 1774 1769 1755
f 1774 1755 1772
f 1775 1768 1769
f 1775 1769 1774
f 1775 1772 1773
f 1775 1774 1772
f 1776 486 1767
f 1776 1767 1768
f 1776 1773 486
f 1776 1768 1775
f 1776 1775 1773
f 1780 66 69
f 1780 69 70
f 1780 70 71
f 1781 1777 66
f 1781 71 1760
f 1781 1778 1777
f 1781 1779 1778
f 1781 1760 1779
f 1781 66 1780
f 1781 1780 71
f 1785 486 491
f 1786 1767 486
f 1786 1784 1767
f 1786 486 1785
f 1787 490 489
f 1787 491 490
f 1787 1785 491
f 1788 489 1782
f 1788 1782 1783
f 1788 1783 1784
f 1788 1784 1786
f 1788 1786 1785
f 1788 1785 1787
f 1788 1787 489
f 1792 63 68
f 1793 67 66
f 1793 68 67
f 1793 1792 68
f 1794 1789 63
f 1794 63 1792
f 1795 1794 1792
f 1795 1793 66
f 1795 1792 1793
f 1796 1791 1789
f 1796 1789 1794
f 1797 1790 1791
f 1797 1791 1796
f 1797 1794 1795
f 1797 1796 1794
f 1798 66 1777
f 1798 1777 1790
f 1798 1795 66
f 1798 1790 1797
f 1798 1797 1795
f 1802 489 494
f 1803 493 492
f 1803 494 493
f 1803 1802 494
f 1804 1782 489
f 1804 489 1802
f 1805 1804 1802
f 1805 1803 492
f 1805 1802 1803
f 1806 1801 1782
f 1806 1782 1804
f 1807 1800 1801
f 1807 1801 1806
f 1807 1804 1805
f 1807 1806 1804
f 1808 492 1799
f 1808 1799 1800
f 1808 1805 492
f 1808 1800 1807
f 1808 1807 1805
f 1812 62 65
f 1813 1809 62
f 1813 1810 1809
f 1813 62 1812
f 1814 64 63
f 1814 65 64
f 1814 1812 65
f 1815 63 1789
f 1815 1811 1810
f 1815 1789 1811
f 1815 1810 1813
f 1815 1813 1812
f 1815 1814 63
f 1815 1812 1814
f 1819 496 495
f 1819 497 496
f 1819 492 497
f 1820 1799 492
f 1820 495 1816
f 1820 1816 1817
f 1820 1817 1818
f 1820 1818 1799
f 1820 492 1819
f 1820 1819 495
f 1822 61 62
f 1823 1821 61
f 1823 61 1822
f 1824 1822 62
f 1824 1823 1822
f 1825 1821 1823
f 1826 1809 1821
f 1826 1821 1825
f 1826 1823 1824
f 1826 1825 1823
f 1827 62 1809
f 1827 1824 62
f 1827 1809 1826
f 1827 1826 1824
f 1831 495 500
f 1832 499 498
f 1832 500 499
f 1832 1831 500
f 1833 1816 495
f 1833 495 1831
f 1834 1833 1831
f 1834 1832 498
f 1834 1831 1832
f 1835 1830 1816
f 1835 1816 1833
f 1836 1829 1830
f 1836 1830 1835
f 1836 1833 1834
f 1836 1835 1833
f 1837 498 1828
f 1837 1828 1829
f 1837 1834 498
f 1837 1829 1836
f 1837 1836 1834
f 1841 58 59
f 1841 59 60
f 1841 60 61
f 1842 1838 58
f 1842 61 1821
f 1842 1839 1838
f 1842 1840 1839
f 1842 1821 1840
f 1842 58 1841
f 1842 1841 61
f 1846 498 501
f 1847 1828 498
f 1847 1844 1828
f 1847 498 1846
f 1848 501 502
f 1848 502 503
f 1848 1846 501
f 1849 503 1843
f 1849 1845 1844
f 1849 1843 1845
f 1849 1846 1848
f 1849 1844 1847
f 1849 1847 1846
f 1849 1848 503
f 1851 57 58
f 1852 1850 57
f 1852 57 1851
f 1853 1851 58
f 1853 1852 1851
f 1854 1850 1852
f 1855 1838 1850
f 1855 1850 1854
f 1855 1852 1853
f 1855 1854 1852
f 1856 58 1838
f 1856 1853 58
f 1856 1838 1855
f 1856 1855 1853
f 1860 503 506
f 1861 505 504
f 1861 506 505
f 1861 1860 506
f 1862 1843 503
f 1862 503 1860
f 1863 1862 1860
f 1863 1861 504
f 1863 1860 1861
f 1864 1859 1843
f 1864 1843 1862
f 1865 1858 1859
f 1865 1859 1864
f 1865 1862 1863
f 1865 1864 1862
f 1866 504 1857
f 1866 1857 1858
f 1866 1863 504
f 1866 1858 1865
f 1866 1865 1863
f 1870 52 55
f 1871 1867 52
f 1871 1869 1867
f 1871 52 1870
f 1872 55 56
f 1872 56 57
f 1872 1870 55
f 1873 57 1850
f 1873 1850 1868
f 1873 1868 1869
f 1873 1869 1871
f 1873 1872 57
f 1873 1871 1870
f 1873 1870 1872
f 1877 508 507
f 1877 509 508
f 1877 504 509
f 1878 1857 504
f 1878 507 1874
f 1878 1875 1857
f 1878 1876 1875
f 1878 1874 1876
f 1878 504 1877
f 1878 1877 507
f 1882 51 54
f 1883 53 52
f 1883 54 53
f 1883 1882 54
f 1884 1879 51
f 1884 51 1882
f 1885 1884 1882
f 1885 1883 52
f 1885 1882 1883
f 1886 1881 1879
f 1886 1879 1884
f 1887 1880 1881
f 1887 1881 1886
f 1887 1884 1885
f 1887 1886 1884
f 1888 52 1867
f 1888 1867 1880
f 1888 1885 52
f 1888 1880 1887
f 1888 1887 1885
f 1892 507 512
f 1893 511 510
f 1893 512 511
f 1893 1892 512
f 1894 1874 507
f 1894 507 1892
f 1895 1894 1892
f 1895 1893 510
f 1895 1892 1893
f 1896 1891 1874
f 1896 1874 1894
f 1897 1890 1891
f 1897 1891 1896
f 1897 1894 1895
f 1897 1896 1894
f 1898 510 1889
f 1898 1889 1890
f 1898 1895 510
f 1898 1890 1897
f 1898 1897 1895
f 1902 46 49
f 1902 49 50
f 1902 50 51
f 1903 1899 46
f 1903 51 1879
f 1903 1900 1899
f 1903 1901 1900
f 1903 1879 1901
f 1903 46 1902
f 1903 1902 51
f 1907 510 513
f 1908 1889 510
f 1908 1905 1889
f 1908 510 1907
f 1909 513 514
f 1909 514 515
f 1909 1907 513
f 1910 515 1904
f 1910 1906 1905
f 1910 1904 1906
f 1910 1907 1909
f 1910 1905 1908
f 1910 1908 1907
f 1910 1909 515
f 1914 45 48
f 1915 47 46
f 1915 48 47
f 1915 1914 48
f 1916 1911 45
f 1916 45 1914
f 1917 1916 1914
f 1917 1915 46
f 1917 1914 1915
f 1918 1913 1911
f 1918 1911 1916
f 1919 1912 1913
f 1919 1913 1918
f 1919 1916 1917
f 1919 1918 1916
f 1920 46 1899
f 1920 1899 1912
f 1920 1917 46
f 1920 1912 1919
f 1920 1919 1917
f 1922 515 516
f 1923 1904 515
f 1923 515 1922
f 1924 1922 516
f 1924 1923 1922
f 1925 1904 1923
f 1926 1921 1904
f 1926 1904 1925
f 1926 1923 1924
f 1926 1925 1923
f 1927 516 1921
f 1927 1924 516
f 1927 1921 1926
f 1927 1926 1924
f 1931 39 43
f 1932 1928 39
f 1932 1929 1928
f 1932 39 1931
f 1933 43 44
f 1933 44 45
f 1933 1931 43
f 1934 45 1911
f 1934 1930 1929
f 1934 1911 1930
f 1934 1931 1933
f 1934 1929 1932
f 1934 1932 1931
f 1934 1933 45
f 1938 516 517
f 1938 517 518
f 1938 518 42
f 1939 1921 516
f 1939 42 1935
f 1939 1935 1936
f 1939 1936 1937
f 1939 1937 1921
f 1939 516 1938
f 1939 1938 42
f 1942 42 41
f 1943 40 39
f 1943 41 40
f 1943 1942 41
f 1944 1935 42
f 1944 42 1942
f 1945 1944 1942
f 1945 1943 39
f 1945 1942 1943
f 1946 1941 1935
f 1946 1935 1944
f 1947 1940 1941
f 1947 1941 1946
f 1947 1944 1945
f 1947 1946 1944
f 1948 39 1928
f 1948 1928 1940
f 1948 1945 39
f 1948 1940 1947
f 1948 1947 1945
f 2367 542 543
f 2358 2367 543
f 2359 2358 543
f 2360 2359 543
f 2355 543 544
f 2355 2360 543
f 2370 542 2367
f 2348 2355 544
f 2375 542 2370
f 2349 2348 544
f 2380 542 2375
f 2350 2349 544
f 2379 542 2380
f 2345 2350 544
f 2378 541 542
f 2378 542 2379
f 2363 2367 2358
f 2368 2367 2363
f 2353 2356 2355
f 2353 2355 2348
f 2387 541 2378
f 2338 544 545
f 2338 2345 544
f 2339 2338 545
f 2376 2375 2370
f 2376 2370 2371
f 2383 2387 2378
f 2340 2339 545
f 2335 2340 545
f 2388 540 541
f 2388 541 2387
f 2362 2368 2363
f 2369 2368 2362
f 2352 2357 2356
f 2352 2356 2353
f 2386 2387 2383
f 2377 2371 2372
f 2377 2376 2371
f 2341 2346 2345
f 2341 2345 2338
f 2366 2365 2369
f 2366 2369 2362
f 2361 2366 2362
f 2364 2369 2365
f 2373 2377 2372
f 2385 2386 2383
f 2385 2383 2382
f 2330 545 546
f 2330 2335 545
f 2393 540 2388
f 2389 2393 2388
f 2351 2357 2352
f 2351 2354 2357
f 2374 2377 2373
f 2398 540 2393
f 2342 2347 2346
f 2342 2346 2341
f 2397 540 2398
f 2329 2330 546
f 2396 540 2397
f 2381 2385 2382
f 2343 2344 2347
f 2343 2347 2342
f 2384 2385 2381
f 2331 2336 2335
f 2331 2335 2330
f 2394 2393 2389
f 2332 2337 2336
f 2332 2336 2331
f 2395 2394 2389
f 2395 2389 2390
f 2318 2328 2329
f 2318 2329 546
f 2405 539 540
f 2405 540 2396
f 2405 2396 2401
f 2333 2334 2337
f 2333 2337 2332
f 2392 2395 2390
f 2392 2390 2391
f 2319 2318 546
f 2410 539 2405
f 2320 2319 546
f 2409 539 2410
f 2317 546 547
f 2317 2320 546
f 2408 539 2409
f 2323 2327 2328
f 2323 2328 2318
f 2406 2405 2401
f 2406 2401 2400
f 2322 2327 2323
f 2407 2406 2400
f 2325 2324 2327
f 2404 2407 2400
f 2404 2400 2399
f 2326 2327 2322
f 2326 2325 2327
f 2403 2407 2404
f 2321 2326 2322
f 2402 2407 2403
f 2419 538 539
f 2419 539 2408
f 2310 2316 2317
f 2310 2317 547
f 2422 538 2419
f 2421 538 2422
f 2418 2419 2408
f 2418 2408 2411
f 2309 2310 547
f 2420 538 2421
f 2311 2315 2316
f 2311 2316 2310
f 2417 2418 2411
f 2417 2411 2412
f 2312 2314 2315
f 2312 2315 2311
f 2416 2412 2413
f 2415 2417 2412
f 2415 2412 2416
f 2313 2314 2312
f 2414 2417 2415
f 2300 547 548
f 2300 2309 547
f 2300 2308 2309
f 1952 538 2420
f 2301 2300 548
f 1951 538 1952
f 2305 2308 2300
f 2428 2420 2425
f 2428 1952 2420
f 2302 2301 548
f 1950 538 1951
f 2297 2302 548
f 1949 537 538
f 1949 538 1950
f 2304 2308 2305
f 2304 2307 2308
f 2427 2425 2424
f 2427 2428 2425
f 2303 2307 2304
f 2303 2306 2307
f 2426 2424 2423
f 2426 2427 2424
f 2290 548 549
f 2290 2297 548
f 1961 537 1949
f 1960 1961 1949
f 1960 1949 1953
f 1958 1954 1955
f 2291 2290 549
f 1964 537 1961
f 2293 2297 2290
f 2293 2298 2297
f 2292 2291 549
f 1963 537 1964
f 1959 1960 1953
f 1959 1953 1954
f 2294 2298 2293
f 2294 2299 2298
f 1957 1959 1954
f 1957 1954 1958
f 2287 2292 549
f 1962 537 1963
f 2295 2299 2294
f 2295 2296 2299
f 1956 1959 1957
f 536 537 1962
f 2285 2284 2289
f 2280 2287 549
f 1969 1962 1967
f 1969 536 1962
f 2283 2288 2287
f 2283 2287 2280
f 2286 2285 2289
f 1970 1967 1966
f 1970 1969 1967
f 2282 2289 2288
f 2282 2288 2283
f 2282 2286 2289
f 1971 1966 1965
f 1971 1970 1966
f 2281 2286 2282
f 1968 1971 1965
f 2277 2280 549
f 1972 536 1969
f 550 2277 549
f 2275 2274 2279
f 1978 1974 1975
f 2276 2275 2279
f 1977 1974 1978
f 2271 2279 2278
f 1979 1973 1974
f 1979 1974 1977
f 1980 1973 1979
f 1980 1972 1973
f 2272 2276 2279
f 2272 2279 2271
f 1981 1972 1980
f 1981 536 1972
f 2268 2271 2278
f 2268 2278 2277
f 2268 2277 550
f 2273 2276 2272
f 1976 1979 1977
f 535 536 1981
f 2269 2268 550
f 2270 2269 550
f 2265 2270 550
f 1982 535 1981
f 2263 2262 2267
f 1988 1984 1985
f 551 2265 550
f 2264 2263 2267
f 2260 2261 2264
f 2260 2267 2266
f 2260 2264 2267
f 1991 1984 1988
f 1991 1987 1986
f 1991 1988 1987
f 2259 2266 2265
f 2259 2260 2266
f 1990 1984 1991
f 1990 1983 1984
f 2256 2265 551
f 2256 2259 2265
f 1989 535 1982
f 1989 1983 1990
f 1989 1982 1983
f 2257 2256 551
f 2258 2257 551
f 2255 2258 551
f 534 535 1989
f 534 1989 1992
f 1998 1994 1993
f 2249 2252 2253
f 2001 1997 1996
f 2001 1998 1997
f 2001 1994 1998
f 2250 2249 2253
f 2250 2253 2254
f 2000 1994 2001
f 2000 1995 1994
f 2251 2250 2254
f 1999 1995 2000
f 1999 1992 1995
f 1999 534 1992
f 2248 2254 2255
f 2248 2251 2254
f 2248 2255 551
f 2002 534 1999
f 552 2248 551
f 552 2245 2248
f 2243 2242 2247
f 2244 2243 2247
f 2006 2004 2005
f 2240 2241 2244
f 2240 2244 2247
f 2007 2004 2006
f 2007 2003 2004
f 2239 2246 2245
f 2239 2247 2246
f 2239 2240 2247
f 2008 2003 2007
f 2008 2002 2003
f 533 534 2002
f 2236 2245 552
f 2236 2239 2245
f 2009 2002 2008
f 2009 533 2002
f 2012 533 2009
f 2011 533 2012
f 2010 533 2011
f 2231 2230 2235
f 2018 2014 2015
f 2232 2231 2235
f 2017 2014 2018
f 553 2236 552
f 553 2237 2236
f 553 2238 2237
f 553 2233 2238
f 2228 2227 2232
f 2228 2235 2234
f 2228 2232 2235
f 2019 2013 2014
f 2019 2017 2016
f 2019 2014 2017
f 2229 2234 2233
f 2229 2228 2234
f 2020 2010 2013
f 2020 2013 2019
f 2226 2233 553
f 2226 2229 2233
f 2021 2010 2020
f 2225 2226 553
f 532 2010 2021
f 532 2023 2022
f 532 2024 2023
f 532 2021 2024
f 532 533 2010
f 2028 2026 2027
f 2220 2221 2222
f 2220 2222 2223
f 2029 2025 2026
f 2029 2026 2028
f 2219 2220 2223
f 2219 2223 2224
f 2030 2022 2025
f 2030 2025 2029
f 2031 532 2022
f 2031 2022 2030
f 2216 2224 2225
f 2216 2219 2224
f 554 2217 2216
f 554 2218 2217
f 554 2216 2225
f 554 2225 553
f 2215 2218 554
f 2211 2210 2213
f 2212 2211 2213
f 2036 2034 2035
f 2208 2213 2214
f 2208 2212 2213
f 2208 2207 2212
f 2037 2033 2034
f 2037 2034 2036
f 2209 2214 2215
f 2209 2208 2214
f 2038 2032 2033
f 2038 2033 2037
f 531 532 2031
f 531 2031 2032
f 2206 2209 2215
f 2039 531 2032
f 2039 2032 2038
f 2201 2200 2203
f 2046 2042 2041
f 2202 2201 2203
f 2049 2045 2044
f 2049 2046 2045
f 2049 2042 2046
f 2198 2202 2203
f 2198 2197 2202
f 2198 2203 2204
f 555 2215 554
f 555 2206 2215
f 555 2205 2206
f 2048 2042 2049
f 2048 2043 2042
f 2199 2198 2204
f 2047 2043 2048
f 2047 2040 2043
f 2194 2205 555
f 2194 2204 2205
f 2194 2199 2204
f 2052 2053 2056
f 2191 2189 2188
f 2055 2052 2056
f 530 2039 2040
f 530 2047 2050
f 530 531 2039
f 530 2040 2047
f 2186 2189 2191
f 2186 2190 2189
f 2186 2187 2190
f 2057 2051 2052
f 2057 2055 2054
f 2057 2052 2055
f 2185 2186 2191
f 2185 2191 2192
f 2058 2051 2057
f 2058 2050 2051
f 2064 2065 2068
f 2067 2064 2068
f 2059 2050 2058
f 2184 2185 2192
f 2184 2192 2193
f 2179 2180 2183
f 556 2194 555
f 556 2195 2194
f 556 2196 2195
f 556 2193 2196
f 556 2184 2193
f 2178 2179 2183
f 2071 2067 2066
f 2071 2064 2067
f 2070 2064 2071
f 2070 2060 2063
f 2070 2063 2064
f 2177 2178 2183
f 2177 2183 2182
f 2074 2078 2077
f 2074 2075 2078
f 529 530 2050
f 529 2061 2060
f 529 2062 2061
f 529 2059 2062
f 529 2050 2059
f 2176 2177 2182
f 2176 2182 2181
f 2069 2060 2070
f 2170 2171 2172
f 2170 2175 2174
f 2170 2172 2175
f 2079 2074 2077
f 2079 2073 2074
f 2079 2077 2076
f 2169 2170 2174
f 2080 2073 2079
f 2080 2072 2073
f 2084 2083 2086
f 519 2176 2181
f 519 2184 556
f 519 2173 2176
f 519 2181 2184
f 2162 2163 2164
f 2162 2164 2167
f 2168 2169 2174
f 2168 2174 2173
f 2081 2072 2080
f 2087 2084 2086
f 2087 2085 2084
f 2161 2167 2166
f 2161 2162 2167
f 2094 2098 2097
f 2094 2093 2098
f 2088 2085 2087
f 528 2060 2069
f 528 2069 2072
f 528 2072 2081
f 528 529 2060
f 2154 2155 2156
f 2154 2156 2159
f 2099 2097 2096
f 2099 2094 2097
f 2095 2094 2099
f 2160 2166 2165
f 2160 2161 2166
f 2089 2082 2085
f 2089 2085 2088
f 2104 2108 2107
f 2104 2105 2108
f 2153 2154 2159
f 2153 2159 2158
f 2144 2145 2146
f 2144 2146 2147
f 2100 2095 2099
f 2109 2104 2107
f 2109 2107 2106
f 2103 2104 2109
f 2114 2113 2118
f 2134 2135 2136
f 2134 2136 2137
f 2121 2117 2116
f 2121 2118 2117
f 2121 2114 2118
f 520 2165 2168
f 520 2173 519
f 520 2168 2173
f 2131 2127 2126
f 2131 2128 2127
f 2124 2125 2128
f 2124 2128 2131
f 2143 2147 2148
f 2143 2144 2147
f 2150 2158 2157
f 2150 2153 2158
f 2101 2095 2100
f 2101 2090 2095
f 2110 2103 2109
f 2102 2103 2110
f 2120 2115 2114
f 2120 2114 2121
f 2133 2134 2137
f 2133 2137 2138
f 2123 2131 2130
f 2123 2124 2131
f 2140 2148 2149
f 2140 2143 2148
f 2111 2102 2110
f 527 528 2081
f 527 2082 2089
f 527 2081 2082
f 527 2092 2091
f 527 2089 2092
f 2132 2138 2139
f 2132 2133 2138
f 2119 2112 2115
f 2119 2115 2120
f 2129 2122 2123
f 2129 2123 2130
f 521 2160 2165
f 521 2165 520
f 521 2157 2160
f 521 2150 2157
f 526 527 2091
f 526 2090 2101
f 526 2091 2090
f 526 2101 2102
f 522 2140 2149
f 522 2151 2150
f 522 2152 2151
f 522 2149 2152
f 522 2150 521
f 525 2112 2119
f 525 2102 2111
f 525 526 2102
f 525 2111 2112
f 523 2140 522
f 523 2129 2132
f 523 2132 2139
f 523 2141 2140
f 523 2142 2141
f 523 2139 2142
f 524 2119 2122
f 524 525 2119
f 524 2129 523
f 524 2122 2129
f 2429 557 558
f 2430 2181 557
f 2430 557 2429
f 2431 2429 558
f 2431 2430 2429
f 2432 2181 2430
f 2433 2184 2181
f 2433 2181 2432
f 2433 2430 2431
f 2433 2432 2430
f 2434 558 2184
f 2434 2431 558
f 2434 2184 2433
f 2434 2433 2431
f 2435 565 566
f 2435 566 567
f 2435 567 557
f 2436 2180 565
f 2436 557 2181
f 2436 2181 2182
f 2436 2182 2183
f 2436 2183 2180
f 2436 565 2435
f 2436 2435 557
f 2437 558 571
f 2438 2184 558
f 2438 2185 2184
f 2438 558 2437
f 2439 571 572
f 2439 572 570
f 2439 2437 571
f 2440 570 2187
f 2440 2186 2185
f 2440 2187 2186
f 2440 2437 2439
f 2440 2185 2438
f 2440 2438 2437
f 2440 2439 570
f 2441 577 565
f 2442 2179 577
f 2442 577 2441
f 2443 2441 565
f 2443 2442 2441
f 2444 2179 2442
f 2445 2180 2179
f 2445 2179 2444
f 2445 2442 2443
f 2445 2444 2442
f 2446 565 2180
f 2446 2443 565
f 2446 2180 2445
f 2446 2445 2443
f 2447 570 586
f 2448 585 584
f 2448 586 585
f 2448 2447 586
f 2449 2187 570
f 2449 570 2447
f 2450 2449 2447
f 2450 2448 584
f 2450 2447 2448
f 2451 2190 2187
f 2451 2187 2449
f 2452 2189 2190
f 2452 2190 2451
f 2452 2449 2450
f 2452 2451 2449
f 2453 584 2188
f 2453 2188 2189
f 2453 2450 584
f 2453 2189 2452
f 2453 2452 2450
f 2454 594 595
f 2455 2176 594
f 2455 2177 2176
f 2455 594 2454
f 2456 595 596
f 2456 596 577
f 2456 2454 595
f 2457 577 2179
f 2457 2178 2177
f 2457 2179 2178
f 2457 2454 2456
f 2457 2177 2455
f 2457 2455 2454
f 2457 2456 577
f 2458 584 602
f 2458 602 603
f 2458 603 601
f 2459 2188 584
f 2459 601 2193
f 2459 2191 2188
f 2459 2192 2191
f 2459 2193 2192
f 2459 584 2458
f 2459 2458 601
f 2460 606 594
f 2461 2173 606
f 2461 606 2460
f 2462 2460 594
f 2462 2461 2460
f 2463 2173 2461
f 2464 2176 2173
f 2464 2173 2463
f 2464 2461 2462
f 2464 2463 2461
f 2465 594 2176
f 2465 2462 594
f 2465 2176 2464
f 2465 2464 2462
f 2466 601 615
f 2467 614 613
f 2467 615 614
f 2467 2466 615
f 2468 2193 601
f 2468 601 2466
f 2469 2468 2466
f 2469 2467 613
f 2469 2466 2467
f 2470 2196 2193
f 2470 2193 2468
f 2471 2195 2196
f 2471 2196 2470
f 2471 2468 2469
f 2471 2470 2468
f 2472 613 2194
f 2472 2194 2195
f 2472 2469 613
f 2472 2195 2471
f 2472 2471 2469
f 2473 623 624
f 2473 624 625
f 2473 625 606
f 2474 2172 623
f 2474 606 2173
f 2474 2173 2174
f 2474 2174 2175
f 2474 2175 2172
f 2474 623 2473
f 2474 2473 606
f 2475 613 629
f 2476 2194 613
f 2476 2199 2194
f 2476 613 2475
f 2477 629 630
f 2477 630 628
f 2477 2475 629
f 2478 628 2197
f 2478 2197 2198
f 2478 2198 2199
f 2478 2199 2476
f 2478 2477 628
f 2478 2476 2475
f 2478 2475 2477
f 2479 635 623
f 2480 2171 635
f 2480 635 2479
f 2481 2479 623
f 2481 2480 2479
f 2482 2171 2480
f 2483 2172 2171
f 2483 2171 2482
f 2483 2480 2481
f 2483 2482 2480
f 2484 623 2172
f 2484 2481 623
f 2484 2172 2483
f 2484 2483 2481
f 2485 628 644
f 2486 643 642
f 2486 644 643
f 2486 2485 644
f 2487 2197 628
f 2487 628 2485
f 2488 2487 2485
f 2488 2486 642
f 2488 2485 2486
f 2489 2202 2197
f 2489 2197 2487
f 2490 2201 2202
f 2490 2202 2489
f 2490 2487 2488
f 2490 2489 2487
f 2491 642 2200
f 2491 2200 2201
f 2491 2488 642
f 2491 2201 2490
f 2491 2490 2488
f 2492 652 654
f 2493 2168 652
f 2493 2169 2168
f 2493 652 2492
f 2494 653 635
f 2494 654 653
f 2494 2492 654
f 2495 635 2171
f 2495 2170 2169
f 2495 2171 2170
f 2495 2169 2493
f 2495 2493 2492
f 2495 2494 635
f 2495 2492 2494
f 2496 642 660
f 2496 660 661
f 2496 661 659
f 2497 2200 642
f 2497 659 2205
f 2497 2203 2200
f 2497 2204 2203
f 2497 2205 2204
f 2497 642 2496
f 2497 2496 659
f 2498 664 652
f 2499 2165 664
f 2499 664 2498
f 2500 2498 652
f 2500 2499 2498
f 2501 2165 2499
f 2502 2168 2165
f 2502 2165 2501
f 2502 2499 2500
f 2502 2501 2499
f 2503 652 2168
f 2503 2500 652
f 2503 2168 2502
f 2503 2502 2500
f 2504 659 671
f 2505 2205 659
f 2505 659 2504
f 2506 2504 671
f 2506 2505 2504
f 2507 2205 2505
f 2508 2206 2205
f 2508 2205 2507
f 2508 2505 2506
f 2508 2507 2505
f 2509 671 2206
f 2509 2506 671
f 2509 2206 2508
f 2509 2508 2506
f 2510 678 679
f 2510 679 680
f 2510 680 664
f 2511 2164 678
f 2511 664 2165
f 2511 2165 2166
f 2511 2166 2167
f 2511 2167 2164
f 2511 678 2510
f 2511 2510 664
f 2512 671 684
f 2513 2206 671
f 2513 2209 2206
f 2513 671 2512
f 2514 684 685
f 2514 685 683
f 2514 2512 684
f 2515 683 2207
f 2515 2207 2208
f 2515 2208 2209
f 2515 2209 2513
f 2515 2514 683
f 2515 2513 2512
f 2515 2512 2514
f 2516 690 692
f 2517 691 678
f 2517 692 691
f 2517 2516 692
f 2518 2163 690
f 2518 690 2516
f 2519 2518 2516
f 2519 2517 678
f 2519 2516 2517
f 2520 2163 2518
f 2521 2164 2163
f 2521 2518 2519
f 2521 2163 2520
f 2521 2520 2518
f 2522 678 2164
f 2522 2519 678
f 2522 2164 2521
f 2522 2521 2519
f 2523 683 702
f 2524 701 700
f 2524 702 701
f 2524 2523 702
f 2525 2207 683
f 2525 683 2523
f 2526 2525 2523
f 2526 2524 700
f 2526 2523 2524
f 2527 2212 2207
f 2527 2207 2525
f 2528 2211 2212
f 2528 2212 2527
f 2528 2525 2526
f 2528 2527 2525
f 2529 700 2210
f 2529 2210 2211
f 2529 2526 700
f 2529 2211 2528
f 2529 2528 2526
f 2530 710 712
f 2531 2160 710
f 2531 2161 2160
f 2531 710 2530
f 2532 711 690
f 2532 712 711
f 2532 2530 712
f 2533 690 2163
f 2533 2162 2161
f 2533 2163 2162
f 2533 2161 2531
f 2533 2531 2530
f 2533 2532 690
f 2533 2530 2532
f 2534 700 718
f 2534 718 719
f 2534 719 717
f 2535 2210 700
f 2535 717 2215
f 2535 2213 2210
f 2535 2214 2213
f 2535 2215 2214
f 2535 700 2534
f 2535 2534 717
f 2536 722 710
f 2537 2157 722
f 2537 722 2536
f 2538 2536 710
f 2538 2537 2536
f 2539 2157 2537
f 2540 2160 2157
f 2540 2157 2539
f 2540 2537 2538
f 2540 2539 2537
f 2541 710 2160
f 2541 2538 710
f 2541 2160 2540
f 2541 2540 2538
f 2542 717 731
f 2543 730 729
f 2543 731 730
f 2543 2542 731
f 2544 2215 717
f 2544 717 2542
f 2545 2544 2542
f 2545 2543 729
f 2545 2542 2543
f 2546 2218 2215
f 2546 2215 2544
f 2547 2217 2218
f 2547 2218 2546
f 2547 2544 2545
f 2547 2546 2544
f 2548 729 2216
f 2548 2216 2217
f 2548 2545 729
f 2548 2217 2547
f 2548 2547 2545
f 2549 740 722
f 2549 741 740
f 2549 739 741
f 2550 2156 739
f 2550 722 2157
f 2550 2157 2158
f 2550 2158 2159
f 2550 2159 2156
f 2550 739 2549
f 2550 2549 722
f 2551 729 746
f 2552 2216 729
f 2552 2219 2216
f 2552 729 2551
f 2553 745 744
f 2553 746 745
f 2553 2551 746
f 2554 744 2221
f 2554 2220 2219
f 2554 2221 2220
f 2554 2219 2552
f 2554 2552 2551
f 2554 2553 744
f 2554 2551 2553
f 2555 751 739
f 2556 2155 751
f 2556 751 2555
f 2557 2555 739
f 2557 2556 2555
f 2558 2155 2556
f 2559 2156 2155
f 2559 2155 2558
f 2559 2556 2557
f 2559 2558 2556
f 2560 739 2156
f 2560 2557 739
f 2560 2156 2559
f 2560 2559 2557
f 2561 744 758
f 2562 2221 744
f 2562 744 2561
f 2563 2561 758
f 2563 2562 2561
f 2564 2221 2562
f 2565 2222 2221
f 2565 2221 2564
f 2565 2562 2563
f 2565 2564 2562
f 2566 758 2222
f 2566 2563 758
f 2566 2222 2565
f 2566 2565 2563
f 2567 765 766
f 2568 2150 765
f 2568 2153 2150
f 2568 765 2567
f 2569 766 767
f 2569 767 751
f 2569 2567 766
f 2570 751 2155
f 2570 2154 2153
f 2570 2155 2154
f 2570 2567 2569
f 2570 2153 2568
f 2570 2568 2567
f 2570 2569 751
f 2571 758 773
f 2571 773 774
f 2571 774 772
f 2572 2222 758
f 2572 772 2225
f 2572 2223 2222
f 2572 2224 2223
f 2572 2225 2224
f 2572 758 2571
f 2572 2571 772
f 2573 777 779
f 2574 778 765
f 2574 779 778
f 2574 2573 779
f 2575 2149 777
f 2575 777 2573
f 2576 2575 2573
f 2576 2574 765
f 2576 2573 2574
f 2577 2152 2149
f 2577 2149 2575
f 2578 2151 2152
f 2578 2152 2577
f 2578 2575 2576
f 2578 2577 2575
f 2579 765 2150
f 2579 2150 2151
f 2579 2576 765
f 2579 2151 2578
f 2579 2578 2576
f 2580 772 789
f 2581 788 787
f 2581 789 788
f 2581 2580 789
f 2582 2225 772
f 2582 772 2580
f 2583 2582 2580
f 2583 2581 787
f 2583 2580 2581
f 2584 2225 2582
f 2585 2226 2225
f 2585 2582 2583
f 2585 2225 2584
f 2585 2584 2582
f 2586 787 2226
f 2586 2583 787
f 2586 2226 2585
f 2586 2585 2583
f 2587 798 777
f 2587 799 798
f 2587 797 799
f 2588 2146 797
f 2588 777 2149
f 2588 2147 2146
f 2588 2148 2147
f 2588 2149 2148
f 2588 797 2587
f 2588 2587 777
f 2589 787 804
f 2590 2226 787
f 2590 2229 2226
f 2590 787 2589
f 2591 803 802
f 2591 804 803
f 2591 2589 804
f 2592 802 2227
f 2592 2227 2228
f 2592 2228 2229
f 2592 2229 2590
f 2592 2590 2589
f 2592 2589 2591
f 2592 2591 802
f 2593 809 797
f 2594 2145 809
f 2594 809 2593
f 2595 2593 797
f 2595 2594 2593
f 2596 2145 2594
f 2597 2146 2145
f 2597 2145 2596
f 2597 2594 2595
f 2597 2596 2594
f 2598 797 2146
f 2598 2595 797
f 2598 2146 2597
f 2598 2597 2595
f 2599 802 818
f 2600 817 816
f 2600 818 817
f 2600 2599 818
f 2601 2227 802
f 2601 802 2599
f 2602 2601 2599
f 2602 2600 816
f 2602 2599 2600
f 2603 2232 2227
f 2603 2227 2601
f 2604 2231 2232
f 2604 2232 2603
f 2604 2601 2602
f 2604 2603 2601
f 2605 816 2230
f 2605 2230 2231
f 2605 2602 816
f 2605 2231 2604
f 2605 2604 2602
f 2606 826 828
f 2607 2140 826
f 2607 2143 2140
f 2607 826 2606
f 2608 827 809
f 2608 828 827
f 2608 2606 828
f 2609 809 2145
f 2609 2144 2143
f 2609 2145 2144
f 2609 2143 2607
f 2609 2607 2606
f 2609 2608 809
f 2609 2606 2608
f 2610 816 834
f 2610 834 835
f 2610 835 833
f 2611 2230 816
f 2611 833 2233
f 2611 2233 2234
f 2611 2234 2235
f 2611 2235 2230
f 2611 816 2610
f 2611 2610 833
f 2612 838 840
f 2613 839 826
f 2613 840 839
f 2613 2612 840
f 2614 2139 838
f 2614 838 2612
f 2615 2614 2612
f 2615 2613 826
f 2615 2612 2613
f 2616 2142 2139
f 2616 2139 2614
f 2617 2141 2142
f 2617 2142 2616
f 2617 2614 2615
f 2617 2616 2614
f 2618 826 2140
f 2618 2140 2141
f 2618 2615 826
f 2618 2141 2617
f 2618 2617 2615
f 2619 833 850
f 2620 849 848
f 2620 850 849
f 2620 2619 850
f 2621 2233 833
f 2621 833 2619
f 2622 2621 2619
f 2622 2620 848
f 2622 2619 2620
f 2623 2238 2233
f 2623 2233 2621
f 2624 2237 2238
f 2624 2238 2623
f 2624 2621 2622
f 2624 2623 2621
f 2625 848 2236
f 2625 2236 2237
f 2625 2622 848
f 2625 2237 2624
f 2625 2624 2622
f 2626 859 838
f 2626 860 859
f 2626 858 860
f 2627 2136 858
f 2627 838 2139
f 2627 2137 2136
f 2627 2138 2137
f 2627 2139 2138
f 2627 858 2626
f 2627 2626 838
f 2628 848 865
f 2629 2236 848
f 2629 2239 2236
f 2629 848 2628
f 2630 864 863
f 2630 865 864
f 2630 2628 865
f 2631 863 2241
f 2631 2240 2239
f 2631 2241 2240
f 2631 2239 2629
f 2631 2629 2628
f 2631 2630 863
f 2631 2628 2630
f 2632 870 858
f 2633 2135 870
f 2633 870 2632
f 2634 2632 858
f 2634 2633 2632
f 2635 2135 2633
f 2636 2136 2135
f 2636 2135 2635
f 2636 2633 2634
f 2636 2635 2633
f 2637 858 2136
f 2637 2634 858
f 2637 2136 2636
f 2637 2636 2634
f 2638 863 879
f 2639 878 877
f 2639 879 878
f 2639 2638 879
f 2640 2241 863
f 2640 863 2638
f 2641 2640 2638
f 2641 2639 877
f 2641 2638 2639
f 2642 2244 2241
f 2642 2241 2640
f 2643 2243 2244
f 2643 2244 2642
f 2643 2640 2641
f 2643 2642 2640
f 2644 877 2242
f 2644 2242 2243
f 2644 2641 877
f 2644 2243 2643
f 2644 2643 2641
f 2645 887 888
f 2646 2132 887
f 2646 2133 2132
f 2646 887 2645
f 2647 888 889
f 2647 889 870
f 2647 2645 888
f 2648 870 2135
f 2648 2134 2133
f 2648 2135 2134
f 2648 2645 2647
f 2648 2133 2646
f 2648 2646 2645
f 2648 2647 870
f 2649 877 895
f 2649 895 896
f 2649 896 894
f 2650 2242 877
f 2650 894 2245
f 2650 2245 2246
f 2650 2246 2247
f 2650 2247 2242
f 2650 877 2649
f 2650 2649 894
f 2651 899 901
f 2652 900 887
f 2652 901 900
f 2652 2651 901
f 2653 2129 899
f 2653 899 2651
f 2654 2653 2651
f 2654 2652 887
f 2654 2651 2652
f 2655 2129 2653
f 2656 2132 2129
f 2656 2653 2654
f 2656 2129 2655
f 2656 2655 2653
f 2657 887 2132
f 2657 2654 887
f 2657 2132 2656
f 2657 2656 2654
f 2658 894 909
f 2659 2245 894
f 2659 894 2658
f 2660 2658 909
f 2660 2659 2658
f 2661 2245 2659
f 2662 2248 2245
f 2662 2245 2661
f 2662 2659 2660
f 2662 2661 2659
f 2663 909 2248
f 2663 2660 909
f 2663 2248 2662
f 2663 2662 2660
f 2664 917 899
f 2664 918 917
f 2664 916 918
f 2665 2126 916
f 2665 899 2129
f 2665 2129 2130
f 2665 2130 2131
f 2665 2131 2126
f 2665 916 2664
f 2665 2664 899
f 2666 909 922
f 2667 2248 909
f 2667 2251 2248
f 2667 909 2666
f 2668 922 923
f 2668 923 921
f 2668 2666 922
f 2669 921 2249
f 2669 2249 2250
f 2669 2250 2251
f 2669 2251 2667
f 2669 2668 921
f 2669 2667 2666
f 2669 2666 2668
f 2670 928 930
f 2671 929 916
f 2671 930 929
f 2671 2670 930
f 2672 2125 928
f 2672 928 2670
f 2673 2672 2670
f 2673 2671 916
f 2673 2670 2671
f 2674 2128 2125
f 2674 2125 2672
f 2675 2127 2128
f 2675 2128 2674
f 2675 2672 2673
f 2675 2674 2672
f 2676 916 2126
f 2676 2126 2127
f 2676 2673 916
f 2676 2127 2675
f 2676 2675 2673
f 2677 921 938
f 2678 2249 921
f 2678 921 2677
f 2679 2677 938
f 2679 2678 2677
f 2680 2249 2678
f 2681 2252 2249
f 2681 2249 2680
f 2681 2678 2679
f 2681 2680 2678
f 2682 938 2252
f 2682 2679 938
f 2682 2252 2681
f 2682 2681 2679
f 2683 945 946
f 2684 2122 945
f 2684 2123 2122
f 2684 945 2683
f 2685 946 947
f 2685 947 928
f 2685 2683 946
f 2686 928 2125
f 2686 2124 2123
f 2686 2125 2124
f 2686 2683 2685
f 2686 2123 2684
f 2686 2684 2683
f 2686 2685 928
f 2687 953 952
f 2687 954 953
f 2687 938 954
f 2688 2252 938
f 2688 952 2255
f 2688 2253 2252
f 2688 2254 2253
f 2688 2255 2254
f 2688 938 2687
f 2688 2687 952
f 2689 957 945
f 2690 2119 957
f 2690 957 2689
f 2691 2689 945
f 2691 2690 2689
f 2692 2119 2690
f 2693 2122 2119
f 2693 2119 2692
f 2693 2690 2691
f 2693 2692 2690
f 2694 945 2122
f 2694 2691 945
f 2694 2122 2693
f 2694 2693 2691
f 2695 952 964
f 2695 2696 952
f 2697 2255 952
f 2697 952 2696
f 2698 2697 2696
f 2698 2695 964
f 2698 2696 2695
f 2699 2258 2255
f 2699 2255 2697
f 2700 2257 2258
f 2700 2258 2699
f 2700 2697 2698
f 2700 2699 2697
f 2701 964 2256
f 2701 2256 2257
f 2701 2257 2700
f 2701 2698 964
f 2701 2700 2698
f 2702 972 957
f 2702 973 972
f 2702 971 973
f 2703 2116 971
f 2703 957 2119
f 2703 2119 2120
f 2703 2120 2121
f 2703 2121 2116
f 2703 971 2702
f 2703 2702 957
f 2704 964 978
f 2705 2256 964
f 2705 2259 2256
f 2705 964 2704
f 2706 977 976
f 2706 978 977
f 2706 2704 978
f 2707 976 2261
f 2707 2260 2259
f 2707 2261 2260
f 2707 2259 2705
f 2707 2705 2704
f 2707 2706 976
f 2707 2704 2706
f 2708 983 985
f 2709 984 971
f 2709 985 984
f 2709 2708 985
f 2710 2113 983
f 2710 983 2708
f 2711 2710 2708
f 2711 2709 971
f 2711 2708 2709
f 2712 2118 2113
f 2712 2113 2710
f 2713 2117 2118
f 2713 2118 2712
f 2713 2710 2711
f 2713 2712 2710
f 2714 971 2116
f 2714 2116 2117
f 2714 2711 971
f 2714 2117 2713
f 2714 2713 2711
f 2715 976 993
f 2715 2716 976
f 2717 2261 976
f 2717 976 2716
f 2718 2717 2716
f 2718 2715 993
f 2718 2716 2715
f 2719 2264 2261
f 2719 2261 2717
f 2720 2263 2264
f 2720 2264 2719
f 2720 2717 2718
f 2720 2719 2717
f 2721 993 2262
f 2721 2262 2263
f 2721 2263 2720
f 2721 2718 993
f 2721 2720 2718
f 2722 1000 1001
f 2723 2112 1000
f 2723 2115 2112
f 2723 1000 2722
f 2724 1001 1002
f 2724 1002 983
f 2724 2722 1001
f 2725 983 2113
f 2725 2113 2114
f 2725 2114 2115
f 2725 2115 2723
f 2725 2724 983
f 2725 2723 2722
f 2725 2722 2724
f 2726 993 1008
f 2726 1008 1009
f 2726 1009 1007
f 2727 2262 993
f 2727 1007 2265
f 2727 2265 2266
f 2727 2266 2267
f 2727 2267 2262
f 2727 993 2726
f 2727 2726 1007
f 2728 1012 1000
f 2729 2111 1012
f 2729 1012 2728
f 2730 2728 1000
f 2730 2729 2728
f 2731 2111 2729
f 2732 2112 2111
f 2732 2111 2731
f 2732 2729 2730
f 2732 2731 2729
f 2733 1000 2112
f 2733 2730 1000
f 2733 2112 2732
f 2733 2732 2730
f 2734 1007 1021
f 2735 1020 1019
f 2735 1021 1020
f 2735 2734 1021
f 2736 2265 1007
f 2736 1007 2734
f 2737 2736 2734
f 2737 2735 1019
f 2737 2734 2735
f 2738 2270 2265
f 2738 2265 2736
f 2739 2269 2270
f 2739 2270 2738
f 2739 2736 2737
f 2739 2738 2736
f 2740 1019 2268
f 2740 2268 2269
f 2740 2737 1019
f 2740 2269 2739
f 2740 2739 2737
f 2741 1029 1030
f 2741 1030 1031
f 2741 1031 1012
f 2742 2106 1029
f 2742 1012 2111
f 2742 2109 2106
f 2742 2110 2109
f 2742 2111 2110
f 2742 1029 2741
f 2742 2741 1012
f 2743 1019 1035
f 2744 2268 1019
f 2744 2271 2268
f 2744 1019 2743
f 2745 1035 1036
f 2745 1036 1034
f 2745 2743 1035
f 2746 1034 2273
f 2746 2272 2271
f 2746 2273 2272
f 2746 2743 2745
f 2746 2271 2744
f 2746 2744 2743
f 2746 2745 1034
f 2747 1041 1029
f 2747 2748 1041
f 2749 2105 1041
f 2749 1041 2748
f 2750 2749 2748
f 2750 2747 1029
f 2750 2748 2747
f 2751 2108 2105
f 2751 2105 2749
f 2752 2107 2108
f 2752 2108 2751
f 2752 2749 2750
f 2752 2751 2749
f 2753 1029 2106
f 2753 2106 2107
f 2753 2107 2752
f 2753 2750 1029
f 2753 2752 2750
f 2754 1034 1051
f 2755 1050 1049
f 2755 1051 1050
f 2755 2754 1051
f 2756 2273 1034
f 2756 1034 2754
f 2757 2756 2754
f 2757 2755 1049
f 2757 2754 2755
f 2758 2276 2273
f 2758 2273 2756
f 2759 2275 2276
f 2759 2276 2758
f 2759 2756 2757
f 2759 2758 2756
f 2760 1049 2274
f 2760 2274 2275
f 2760 2757 1049
f 2760 2275 2759
f 2760 2759 2757
f 2761 1059 1060
f 2762 2102 1059
f 2762 2103 2102
f 2762 1059 2761
f 2763 1060 1061
f 2763 1061 1041
f 2763 2761 1060
f 2764 1041 2105
f 2764 2104 2103
f 2764 2105 2104
f 2764 2761 2763
f 2764 2103 2762
f 2764 2762 2761
f 2764 2763 1041
f 2765 1049 1067
f 2765 1067 1068
f 2765 1068 1066
f 2766 2274 1049
f 2766 1066 2277
f 2766 2277 2278
f 2766 2278 2279
f 2766 2279 2274
f 2766 1049 2765
f 2766 2765 1066
f 2767 1071 1059
f 2768 2101 1071
f 2768 1071 2767
f 2769 2767 1059
f 2769 2768 2767
f 2770 2101 2768
f 2771 2102 2101
f 2771 2101 2770
f 2771 2768 2769
f 2771 2770 2768
f 2772 1059 2102
f 2772 2769 1059
f 2772 2102 2771
f 2772 2771 2769
f 2773 1066 1078
f 2774 2277 1066
f 2774 1066 2773
f 2775 2773 1078
f 2775 2774 2773
f 2776 2277 2774
f 2777 2280 2277
f 2777 2277 2776
f 2777 2774 2775
f 2777 2776 2774
f 2778 1078 2280
f 2778 2775 1078
f 2778 2280 2777
f 2778 2777 2775
f 2779 1085 1086
f 2779 1086 1087
f 2779 1087 1071
f 2780 2096 1085
f 2780 1071 2101
f 2780 2099 2096
f 2780 2100 2099
f 2780 2101 2100
f 2780 1085 2779
f 2780 2779 1071
f 2781 1078 1092
f 2782 2280 1078
f 2782 2283 2280
f 2782 1078 2781
f 2783 1091 1090
f 2783 1092 1091
f 2783 2781 1092
f 2784 1090 2281
f 2784 2281 2282
f 2784 2282 2283
f 2784 2283 2782
f 2784 2782 2781
f 2784 2781 2783
f 2784 2783 1090
f 2785 1097 1099
f 2786 1098 1085
f 2786 1099 1098
f 2786 2785 1099
f 2787 2093 1097
f 2787 1097 2785
f 2788 2787 2785
f 2788 2786 1085
f 2788 2785 2786
f 2789 2098 2093
f 2789 2093 2787
f 2790 2097 2098
f 2790 2098 2789
f 2790 2787 2788
f 2790 2789 2787
f 2791 1085 2096
f 2791 2096 2097
f 2791 2788 1085
f 2791 2097 2790
f 2791 2790 2788
f 2792 1090 1109
f 2793 1108 1107
f 2793 1109 1108
f 2793 2792 1109
f 2794 2281 1090
f 2794 1090 2792
f 2795 2794 2792
f 2795 2793 1107
f 2795 2792 2793
f 2796 2286 2281
f 2796 2281 2794
f 2797 2285 2286
f 2797 2286 2796
f 2797 2794 2795
f 2797 2796 2794
f 2798 1107 2284
f 2798 2284 2285
f 2798 2795 1107
f 2798 2285 2797
f 2798 2797 2795
f 2799 1117 1119
f 2800 2090 1117
f 2800 2095 2090
f 2800 1117 2799
f 2801 1118 1097
f 2801 1119 1118
f 2801 2799 1119
f 2802 1097 2093
f 2802 2093 2094
f 2802 2094 2095
f 2802 2095 2800
f 2802 2800 2799
f 2802 2799 2801
f 2802 2801 1097
f 2803 1125 1124
f 2803 1126 1125
f 2803 1107 1126
f 2804 2284 1107
f 2804 1124 2287
f 2804 2287 2288
f 2804 2288 2289
f 2804 2289 2284
f 2804 1107 2803
f 2804 2803 1124
f 2805 1129 1117
f 2805 2806 1129
f 2807 2089 1129
f 2807 1129 2806
f 2808 2807 2806
f 2808 2805 1117
f 2808 2806 2805
f 2809 2092 2089
f 2809 2089 2807
f 2810 2091 2092
f 2810 2092 2809
f 2810 2807 2808
f 2810 2809 2807
f 2811 1117 2090
f 2811 2090 2091
f 2811 2091 2810
f 2811 2808 1117
f 2811 2810 2808
f 2812 1124 1138
f 2813 1137 1136
f 2813 1138 1137
f 2813 2812 1138
f 2814 2287 1124
f 2814 1124 2812
f 2815 2814 2812
f 2815 2813 1136
f 2815 2812 2813
f 2816 2292 2287
f 2816 2287 2814
f 2817 2291 2292
f 2817 2292 2816
f 2817 2814 2815
f 2817 2816 2814
f 2818 1136 2290
f 2818 2290 2291
f 2818 2815 1136
f 2818 2291 2817
f 2818 2817 2815
f 2819 1146 1147
f 2819 1147 1148
f 2819 1148 1129
f 2820 2086 1146
f 2820 1129 2089
f 2820 2087 2086
f 2820 2088 2087
f 2820 2089 2088
f 2820 1146 2819
f 2820 2819 1129
f 2821 1136 1153
f 2822 2290 1136
f 2822 2293 2290
f 2822 1136 2821
f 2823 1152 1151
f 2823 1153 1152
f 2823 2821 1153
f 2824 1151 2295
f 2824 2294 2293
f 2824 2295 2294
f 2824 2293 2822
f 2824 2822 2821
f 2824 2823 1151
f 2824 2821 2823
f 2825 1158 1146
f 2826 2083 1158
f 2826 1158 2825
f 2827 2825 1146
f 2827 2826 2825
f 2828 2083 2826
f 2829 2086 2083
f 2829 2083 2828
f 2829 2826 2827
f 2829 2828 2826
f 2830 1146 2086
f 2830 2827 1146
f 2830 2086 2829
f 2830 2829 2827
f 2831 1151 1165
f 2832 2295 1151
f 2832 1151 2831
f 2833 2831 1165
f 2833 2832 2831
f 2834 2295 2832
f 2834 2832 2833
f 2835 2296 2295
f 2835 2295 2834
f 2835 2834 2833
f 2836 1165 2296
f 2836 2296 2835
f 2836 2833 1165
f 2836 2835 2833
f 2837 1172 1174
f 2838 2082 1172
f 2838 2085 2082
f 2838 1172 2837
f 2839 1173 1158
f 2839 1174 1173
f 2839 2837 1174
f 2840 1158 2083
f 2840 2083 2084
f 2840 2084 2085
f 2840 2085 2838
f 2840 2838 2837
f 2840 2837 2839
f 2840 2839 1158
f 2841 1180 1179
f 2841 1181 1180
f 2841 1165 1181
f 2842 2296 1165
f 2842 1179 2297
f 2842 2297 2298
f 2842 2298 2299
f 2842 2299 2296
f 2842 1165 2841
f 2842 2841 1179
f 2843 1184 1172
f 2844 2081 1184
f 2844 1184 2843
f 2845 2843 1172
f 2845 2844 2843
f 2846 2081 2844
f 2847 2082 2081
f 2847 2081 2846
f 2847 2844 2845
f 2847 2846 2844
f 2848 1172 2082
f 2848 2845 1172
f 2848 2082 2847
f 2848 2847 2845
f 2849 1179 1193
f 2850 1192 1191
f 2850 1193 1192
f 2850 2849 1193
f 2851 2297 1179
f 2851 1179 2849
f 2852 2851 2849
f 2852 2850 1191
f 2852 2849 2850
f 2853 2302 2297
f 2853 2297 2851
f 2854 2301 2302
f 2854 2302 2853
f 2854 2851 2852
f 2854 2853 2851
f 2855 1191 2300
f 2855 2300 2301
f 2855 2852 1191
f 2855 2301 2854
f 2855 2854 2852
f 2856 1201 1202
f 2856 1202 1203
f 2856 1203 1184
f 2857 2076 1201
f 2857 1184 2081
f 2857 2079 2076
f 2857 2080 2079
f 2857 2081 2080
f 2857 1201 2856
f 2857 2856 1184
f 2858 1191 1207
f 2859 2300 1191
f 2859 2305 2300
f 2859 1191 2858
f 2860 1207 1208
f 2860 1208 1206
f 2860 2858 1207
f 2861 1206 2303
f 2861 2303 2304
f 2861 2304 2305
f 2861 2305 2859
f 2861 2860 1206
f 2861 2859 2858
f 2861 2858 2860
f 2862 1213 1215
f 2863 1214 1201
f 2863 1215 1214
f 2863 2862 1215
f 2864 2075 1213
f 2864 1213 2862
f 2865 2864 2862
f 2865 2863 1201
f 2865 2862 2863
f 2866 2078 2075
f 2866 2075 2864
f 2867 2077 2078
f 2867 2078 2866
f 2867 2864 2865
f 2867 2866 2864
f 2868 1201 2076
f 2868 2076 2077
f 2868 2865 1201
f 2868 2077 2867
f 2868 2867 2865
f 2869 1206 1223
f 2870 2303 1206
f 2870 1206 2869
f 2871 2869 1223
f 2871 2870 2869
f 2872 2303 2870
f 2873 2306 2303
f 2873 2303 2872
f 2873 2870 2871
f 2873 2872 2870
f 2874 1223 2306
f 2874 2871 1223
f 2874 2306 2873
f 2874 2873 2871
f 2875 1230 1231
f 2876 2072 1230
f 2876 2073 2072
f 2876 1230 2875
f 2877 1231 1232
f 2877 1232 1213
f 2877 2875 1231
f 2878 1213 2075
f 2878 2074 2073
f 2878 2075 2074
f 2878 2875 2877
f 2878 2073 2876
f 2878 2876 2875
f 2878 2877 1213
f 2879 1223 1238
f 2879 1238 1239
f 2879 1239 1237
f 2880 2306 1223
f 2880 1237 2309
f 2880 2307 2306
f 2880 2308 2307
f 2880 2309 2308
f 2880 1223 2879
f 2880 2879 1237
f 2881 1242 1230
f 2882 2069 1242
f 2882 1242 2881
f 2883 2881 1230
f 2883 2882 2881
f 2884 2069 2882
f 2885 2072 2069
f 2885 2069 2884
f 2885 2882 2883
f 2885 2884 2882
f 2886 1230 2072
f 2886 2883 1230
f 2886 2072 2885
f 2886 2885 2883
f 2887 1237 1249
f 2888 2309 1237
f 2888 1237 2887
f 2889 2887 1249
f 2889 2888 2887
f 2890 2309 2888
f 2891 2310 2309
f 2891 2309 2890
f 2891 2888 2889
f 2891 2890 2888
f 2892 1249 2310
f 2892 2889 1249
f 2892 2310 2891
f 2892 2891 2889
f 2893 1256 1257
f 2893 1257 1258
f 2893 1258 1242
f 2894 2066 1256
f 2894 1242 2069
f 2894 2069 2070
f 2894 2070 2071
f 2894 2071 2066
f 2894 1256 2893
f 2894 2893 1242
f 2895 1249 1263
f 2896 2310 1249
f 2896 2311 2310
f 2896 1249 2895
f 2897 1262 1261
f 2897 1263 1262
f 2897 2895 1263
f 2898 1261 2313
f 2898 2312 2311
f 2898 2313 2312
f 2898 2311 2896
f 2898 2896 2895
f 2898 2897 1261
f 2898 2895 2897
f 2899 1268 1270
f 2900 1269 1256
f 2900 1270 1269
f 2900 2899 1270
f 2901 2065 1268
f 2901 1268 2899
f 2902 2901 2899
f 2902 2900 1256
f 2902 2899 2900
f 2903 2068 2065
f 2903 2065 2901
f 2904 2067 2068
f 2904 2068 2903
f 2904 2901 2902
f 2904 2903 2901
f 2905 1256 2066
f 2905 2066 2067
f 2905 2902 1256
f 2905 2067 2904
f 2905 2904 2902
f 2906 1261 1278
f 2907 2313 1261
f 2907 1261 2906
f 2908 2906 1278
f 2908 2907 2906
f 2909 2313 2907
f 2910 2314 2313
f 2910 2313 2909
f 2910 2907 2908
f 2910 2909 2907
f 2911 1278 2314
f 2911 2908 1278
f 2911 2314 2910
f 2911 2910 2908
f 2912 1285 1286
f 2913 2060 1285
f 2913 2063 2060
f 2913 1285 2912
f 2914 1286 1287
f 2914 1287 1268
f 2914 2912 1286
f 2915 1268 2065
f 2915 2064 2063
f 2915 2065 2064
f 2915 2912 2914
f 2915 2063 2913
f 2915 2913 2912
f 2915 2914 1268
f 2916 1278 1293
f 2916 1293 1294
f 2916 1294 1292
f 2917 2314 1278
f 2917 1292 2317
f 2917 2315 2314
f 2917 2316 2315
f 2917 2317 2316
f 2917 1278 2916
f 2917 2916 1292
f 2918 1297 1299
f 2919 1298 1285
f 2919 1299 1298
f 2919 2918 1299
f 2920 2059 1297
f 2920 1297 2918
f 2921 2920 2918
f 2921 2919 1285
f 2921 2918 2919
f 2922 2062 2059
f 2922 2059 2920
f 2923 2061 2062
f 2923 2062 2922
f 2923 2920 2921
f 2923 2922 2920
f 2924 1285 2060
f 2924 2060 2061
f 2924 2921 1285
f 2924 2061 2923
f 2924 2923 2921
f 2925 1292 1309
f 2926 1308 1307
f 2926 1309 1308
f 2926 2925 1309
f 2927 2317 1292
f 2927 1292 2925
f 2928 2927 2925
f 2928 2926 1307
f 2928 2925 2926
f 2929 2320 2317
f 2929 2317 2927
f 2930 2319 2320
f 2930 2320 2929
f 2930 2927 2928
f 2930 2929 2927
f 2931 1307 2318
f 2931 2318 2319
f 2931 2928 1307
f 2931 2319 2930
f 2931 2930 2928
f 2932 1317 1318
f 2932 1318 1319
f 2932 1319 1297
f 2933 2054 1317
f 2933 1297 2059
f 2933 2057 2054
f 2933 2058 2057
f 2933 2059 2058
f 2933 1317 2932
f 2933 2932 1297
f 2934 1307 1323
f 2935 2318 1307
f 2935 2323 2318
f 2935 1307 2934
f 2936 1323 1324
f 2936 1324 1322
f 2936 2934 1323
f 2937 1322 2321
f 2937 2321 2322
f 2937 2322 2323
f 2937 2323 2935
f 2937 2936 1322
f 2937 2935 2934
f 2937 2934 2936
f 2938 1329 1331
f 2939 1330 1317
f 2939 1331 1330
f 2939 2938 1331
f 2940 2053 1329
f 2940 1329 2938
f 2941 2940 2938
f 2941 2939 1317
f 2941 2938 2939
f 2942 2056 2053
f 2942 2053 2940
f 2943 2055 2056
f 2943 2056 2942
f 2943 2940 2941
f 2943 2942 2940
f 2944 1317 2054
f 2944 2054 2055
f 2944 2941 1317
f 2944 2055 2943
f 2944 2943 2941
f 2945 1322 1341
f 2946 1340 1339
f 2946 1341 1340
f 2946 2945 1341
f 2947 2321 1322
f 2947 1322 2945
f 2948 2947 2945
f 2948 2946 1339
f 2948 2945 2946
f 2949 2326 2321
f 2949 2321 2947
f 2950 2325 2326
f 2950 2326 2949
f 2950 2947 2948
f 2950 2949 2947
f 2951 1339 2324
f 2951 2324 2325
f 2951 2948 1339
f 2951 2325 2950
f 2951 2950 2948
f 2952 1349 1350
f 2953 2050 1349
f 2953 2051 2050
f 2953 1349 2952
f 2954 1350 1351
f 2954 1351 1329
f 2954 2952 1350
f 2955 1329 2053
f 2955 2052 2051
f 2955 2053 2052
f 2955 2952 2954
f 2955 2051 2953
f 2955 2953 2952
f 2955 2954 1329
f 2956 1339 1357
f 2956 1357 1358
f 2956 1358 1356
f 2957 2324 1339
f 2957 1356 2329
f 2957 2327 2324
f 2957 2328 2327
f 2957 2329 2328
f 2957 1339 2956
f 2957 2956 1356
f 2958 1361 1349
f 2959 2047 1361
f 2959 1361 2958
f 2960 2958 1349
f 2960 2959 2958
f 2961 2047 2959
f 2962 2050 2047
f 2962 2047 2961
f 2962 2959 2960
f 2962 2961 2959
f 2963 1349 2050
f 2963 2960 1349
f 2963 2050 2962
f 2963 2962 2960
f 2964 1356 1368
f 2965 2329 1356
f 2965 1356 2964
f 2966 2964 1368
f 2966 2965 2964
f 2967 2329 2965
f 2968 2330 2329
f 2968 2329 2967
f 2968 2965 2966
f 2968 2967 2965
f 2969 1368 2330
f 2969 2966 1368
f 2969 2330 2968
f 2969 2968 2966
f 2970 1375 1376
f 2970 1376 1377
f 2970 1377 1361
f 2971 2044 1375
f 2971 1361 2047
f 2971 2047 2048
f 2971 2048 2049
f 2971 2049 2044
f 2971 1375 2970
f 2971 2970 1361
f 2972 1368 1382
f 2973 2330 1368
f 2973 2331 2330
f 2973 1368 2972
f 2974 1381 1380
f 2974 1382 1381
f 2974 2972 1382
f 2975 1380 2333
f 2975 2332 2331
f 2975 2333 2332
f 2975 2331 2973
f 2975 2973 2972
f 2975 2974 1380
f 2975 2972 2974
f 2976 1387 1389
f 2977 1388 1375
f 2977 1389 1388
f 2977 2976 1389
f 2978 2041 1387
f 2978 1387 2976
f 2979 2978 2976
f 2979 2977 1375
f 2979 2976 2977
f 2980 2046 2041
f 2980 2041 2978
f 2981 2045 2046
f 2981 2046 2980
f 2981 2978 2979
f 2981 2980 2978
f 2982 1375 2044
f 2982 2044 2045
f 2982 2979 1375
f 2982 2045 2981
f 2982 2981 2979
f 2983 1380 1397
f 2984 2333 1380
f 2984 1380 2983
f 2985 2983 1397
f 2985 2984 2983
f 2986 2333 2984
f 2987 2334 2333
f 2987 2333 2986
f 2987 2984 2985
f 2987 2986 2984
f 2988 1397 2334
f 2988 2985 1397
f 2988 2334 2987
f 2988 2987 2985
f 2989 1404 1406
f 2990 2040 1404
f 2990 2043 2040
f 2990 1404 2989
f 2991 1405 1387
f 2991 1406 1405
f 2991 2989 1406
f 2992 1387 2041
f 2992 2041 2042
f 2992 2042 2043
f 2992 2043 2990
f 2992 2990 2989
f 2992 2989 2991
f 2992 2991 1387
f 2993 1397 1412
f 2993 1412 1413
f 2993 1413 1411
f 2994 2334 1397
f 2994 1411 2335
f 2994 2335 2336
f 2994 2336 2337
f 2994 2337 2334
f 2994 1397 2993
f 2994 2993 1411
f 2995 1416 1404
f 2996 2039 1416
f 2996 1416 2995
f 2997 2995 1404
f 2997 2996 2995
f 2998 2039 2996
f 2999 2040 2039
f 2999 2039 2998
f 2999 2996 2997
f 2999 2998 2996
f 3000 1404 2040
f 3000 2997 1404
f 3000 2040 2999
f 3000 2999 2997
f 3001 1411 1425
f 3002 1424 1423
f 3002 1425 1424
f 3002 3001 1425
f 3003 2335 1411
f 3003 1411 3001
f 3004 3003 3001
f 3004 3002 1423
f 3004 3001 3002
f 3005 2340 2335
f 3005 2335 3003
f 3006 2339 2340
f 3006 2340 3005
f 3006 3003 3004
f 3006 3005 3003
f 3007 1423 2338
f 3007 2338 2339
f 3007 3004 1423
f 3007 2339 3006
f 3007 3006 3004
f 3008 1433 1434
f 3008 1434 1435
f 3008 1435 1416
f 3009 2036 1433
f 3009 1416 2039
f 3009 2037 2036
f 3009 2038 2037
f 3009 2039 2038
f 3009 1433 3008
f 3009 3008 1416
f 3010 1423 1439
f 3011 2338 1423
f 3011 2341 2338
f 3011 1423 3010
f 3012 1439 1440
f 3012 1440 1438
f 3012 3010 1439
f 3013 1438 2343
f 3013 2342 2341
f 3013 2343 2342
f 3013 3010 3012
f 3013 2341 3011
f 3013 3011 3010
f 3013 3012 1438
f 3014 1445 1447
f 3015 1446 1433
f 3015 1447 1446
f 3015 3014 1447
f 3016 2035 1445
f 3016 1445 3014
f 3017 3016 3014
f 3017 3015 1433
f 3017 3014 3015
f 3018 2035 3016
f 3019 2036 2035
f 3019 3016 3017
f 3019 2035 3018
f 3019 3018 3016
f 3020 1433 2036
f 3020 3017 1433
f 3020 2036 3019
f 3020 3019 3017
f 3021 1438 1455
f 3022 2343 1438
f 3022 1438 3021
f 3023 3021 1455
f 3023 3022 3021
f 3024 2343 3022
f 3025 2344 2343
f 3025 2343 3024
f 3025 3022 3023
f 3025 3024 3022
f 3026 1455 2344
f 3026 3023 1455
f 3026 2344 3025
f 3026 3025 3023
f 3027 1462 1463
f 3028 2032 1462
f 3028 2033 2032
f 3028 1462 3027
f 3029 1463 1464
f 3029 1464 1445
f 3029 3027 1463
f 3030 1445 2035
f 3030 2034 2033
f 3030 2035 2034
f 3030 3027 3029
f 3030 2033 3028
f 3030 3028 3027
f 3030 3029 1445
f 3031 1470 1469
f 3031 1471 1470
f 3031 1455 1471
f 3032 2344 1455
f 3032 1469 2345
f 3032 2345 2346
f 3032 2346 2347
f 3032 2347 2344
f 3032 1455 3031
f 3032 3031 1469
f 3033 1474 1462
f 3034 2031 1474
f 3034 1474 3033
f 3035 3033 1462
f 3035 3034 3033
f 3036 2031 3034
f 3037 2032 2031
f 3037 2031 3036
f 3037 3034 3035
f 3037 3036 3034
f 3038 1462 2032
f 3038 3035 1462
f 3038 2032 3037
f 3038 3037 3035
f 3039 1469 1483
f 3040 1482 1481
f 3040 1483 1482
f 3040 3039 1483
f 3041 2345 1469
f 3041 1469 3039
f 3042 3041 3039
f 3042 3040 1481
f 3042 3039 3040
f 3043 2350 2345
f 3043 2345 3041
f 3044 2349 2350
f 3044 2350 3043
f 3044 3041 3042
f 3044 3043 3041
f 3045 1481 2348
f 3045 2348 2349
f 3045 3042 1481
f 3045 2349 3044
f 3045 3044 3042
f 3046 1491 1492
f 3046 1492 1493
f 3046 1493 1474
f 3047 2028 1491
f 3047 1474 2031
f 3047 2029 2028
f 3047 2030 2029
f 3047 2031 2030
f 3047 1491 3046
f 3047 3046 1474
f 3048 1481 1498
f 3049 2348 1481
f 3049 2353 2348
f 3049 1481 3048
f 3050 1497 1496
f 3050 1498 1497
f 3050 3048 1498
f 3051 1496 2351
f 3051 2351 2352
f 3051 2352 2353
f 3051 2353 3049
f 3051 3049 3048
f 3051 3048 3050
f 3051 3050 1496
f 3052 1503 1491
f 3053 2027 1503
f 3053 1503 3052
f 3054 3052 1491
f 3054 3053 3052
f 3055 2027 3053
f 3056 2028 2027
f 3056 2027 3055
f 3056 3053 3054
f 3056 3055 3053
f 3057 1491 2028
f 3057 3054 1491
f 3057 2028 3056
f 3057 3056 3054
f 3058 1496 1510
f 3059 2351 1496
f 3059 1496 3058
f 3060 3058 1510
f 3060 3059 3058
f 3061 2351 3059
f 3062 2354 2351
f 3062 2351 3061
f 3062 3059 3060
f 3062 3061 3059
f 3063 1510 2354
f 3063 3060 1510
f 3063 2354 3062
f 3063 3062 3060
f 3064 1517 1519
f 3065 2022 1517
f 3065 2025 2022
f 3065 1517 3064
f 3066 1518 1503
f 3066 1519 1518
f 3066 3064 1519
f 3067 1503 2027
f 3067 2026 2025
f 3067 2027 2026
f 3067 2025 3065
f 3067 3065 3064
f 3067 3066 1503
f 3067 3064 3066
f 3068 1510 1525
f 3068 1525 1526
f 3068 1526 1524
f 3069 2354 1510
f 3069 1524 2355
f 3069 2355 2356
f 3069 2356 2357
f 3069 2357 2354
f 3069 1510 3068
f 3069 3068 1524
f 3070 1529 1517
f 3070 3071 1529
f 3072 2021 1529
f 3072 1529 3071
f 3073 3072 3071
f 3073 3070 1517
f 3073 3071 3070
f 3074 2024 2021
f 3074 2021 3072
f 3075 2023 2024
f 3075 2024 3074
f 3075 3072 3073
f 3075 3074 3072
f 3076 1517 2022
f 3076 2022 2023
f 3076 2023 3075
f 3076 3073 1517
f 3076 3075 3073
f 3077 1524 1538
f 3078 1537 1536
f 3078 1538 1537
f 3078 3077 1538
f 3079 2355 1524
f 3079 1524 3077
f 3080 3079 3077
f 3080 3078 1536
f 3080 3077 3078
f 3081 2360 2355
f 3081 2355 3079
f 3082 2359 2360
f 3082 2360 3081
f 3082 3079 3080
f 3082 3081 3079
f 3083 1536 2358
f 3083 2358 2359
f 3083 3080 1536
f 3083 2359 3082
f 3083 3082 3080
f 3084 1546 1547
f 3084 1547 1548
f 3084 1548 1529
f 3085 2016 1546
f 3085 1529 2021
f 3085 2019 2016
f 3085 2020 2019
f 3085 2021 2020
f 3085 1546 3084
f 3085 3084 1529
f 3086 1536 1553
f 3087 2358 1536
f 3087 2363 2358
f 3087 1536 3086
f 3088 1552 1551
f 3088 1553 1552
f 3088 3086 1553
f 3089 1551 2361
f 3089 2361 2362
f 3089 2362 2363
f 3089 2363 3087
f 3089 3087 3086
f 3089 3086 3088
f 3089 3088 1551
f 3090 1558 1560
f 3091 1559 1546
f 3091 1560 1559
f 3091 3090 1560
f 3092 2015 1558
f 3092 1558 3090
f 3093 3092 3090
f 3093 3091 1546
f 3093 3090 3091
f 3094 2018 2015
f 3094 2015 3092
f 3095 2017 2018
f 3095 2018 3094
f 3095 3092 3093
f 3095 3094 3092
f 3096 1546 2016
f 3096 2016 2017
f 3096 3093 1546
f 3096 2017 3095
f 3096 3095 3093
f 3097 1551 1570
f 3098 1569 1568
f 3098 1570 1569
f 3098 3097 1570
f 3099 2361 1551
f 3099 1551 3097
f 3100 3099 3097
f 3100 3098 1568
f 3100 3097 3098
f 3101 2366 2361
f 3101 2361 3099
f 3102 2365 2366
f 3102 2366 3101
f 3102 3099 3100
f 3102 3101 3099
f 3103 1568 2364
f 3103 2364 2365
f 3103 3100 1568
f 3103 2365 3102
f 3103 3102 3100
f 3104 1578 1579
f 3105 2010 1578
f 3105 2013 2010
f 3105 1578 3104
f 3106 1579 1580
f 3106 1580 1558
f 3106 3104 1579
f 3107 1558 2015
f 3107 2014 2013
f 3107 2015 2014
f 3107 3104 3106
f 3107 2013 3105
f 3107 3105 3104
f 3107 3106 1558
f 3108 1568 1586
f 3108 1586 1587
f 3108 1587 1585
f 3109 2364 1568
f 3109 1585 2367
f 3109 2367 2368
f 3109 2368 2369
f 3109 2369 2364
f 3109 1568 3108
f 3109 3108 1585
f 3110 1590 1578
f 3110 3111 1590
f 3112 2009 1590
f 3112 1590 3111
f 3113 3112 3111
f 3113 3110 1578
f 3113 3111 3110
f 3114 2012 2009
f 3114 2009 3112
f 3115 2011 2012
f 3115 2012 3114
f 3115 3112 3113
f 3115 3114 3112
f 3116 1578 2010
f 3116 2010 2011
f 3116 2011 3115
f 3116 3113 1578
f 3116 3115 3113
f 3117 1585 1598
f 3118 2367 1585
f 3118 1585 3117
f 3119 3117 1598
f 3119 3118 3117
f 3120 2367 3118
f 3121 2370 2367
f 3121 2367 3120
f 3121 3118 3119
f 3121 3120 3118
f 3122 1598 2370
f 3122 3119 1598
f 3122 2370 3121
f 3122 3121 3119
f 3123 1605 1606
f 3123 1606 1607
f 3123 1607 1590
f 3124 2006 1605
f 3124 1590 2009
f 3124 2007 2006
f 3124 2008 2007
f 3124 2009 2008
f 3124 1605 3123
f 3124 3123 1590
f 3125 1598 1612
f 3126 2370 1598
f 3126 2371 2370
f 3126 1598 3125
f 3127 1611 1610
f 3127 1612 1611
f 3127 3125 1612
f 3128 1610 2373
f 3128 2372 2371
f 3128 2373 2372
f 3128 2371 3126
f 3128 3126 3125
f 3128 3127 1610
f 3128 3125 3127
f 3129 1617 1605
f 3130 2005 1617
f 3130 1617 3129
f 3131 3129 1605
f 3131 3130 3129
f 3132 2005 3130
f 3133 2006 2005
f 3133 2005 3132
f 3133 3130 3131
f 3133 3132 3130
f 3134 1605 2006
f 3134 3131 1605
f 3134 2006 3133
f 3134 3133 3131
f 3135 1610 1624
f 3136 2373 1610
f 3136 1610 3135
f 3137 3135 1624
f 3137 3136 3135
f 3138 2373 3136
f 3139 2374 2373
f 3139 2373 3138
f 3139 3136 3137
f 3139 3138 3136
f 3140 1624 2374
f 3140 3137 1624
f 3140 2374 3139
f 3140 3139 3137
f 3141 1631 1633
f 3142 2002 1631
f 3142 2003 2002
f 3142 1631 3141
f 3143 1632 1617
f 3143 1633 1632
f 3143 3141 1633
f 3144 1617 2005
f 3144 2004 2003
f 3144 2005 2004
f 3144 2003 3142
f 3144 3142 3141
f 3144 3143 1617
f 3144 3141 3143
f 3145 1639 1638
f 3145 1640 1639
f 3145 1624 1640
f 3146 2374 1624
f 3146 1638 2375
f 3146 2375 2376
f 3146 2376 2377
f 3146 2377 2374
f 3146 1624 3145
f 3146 3145 1638
f 3147 1643 1645
f 3148 1644 1631
f 3148 1645 1644
f 3148 3147 1645
f 3149 1999 1643
f 3149 1643 3147
f 3150 3149 3147
f 3150 3148 1631
f 3150 3147 3148
f 3151 1999 3149
f 3152 2002 1999
f 3152 3149 3150
f 3152 1999 3151
f 3152 3151 3149
f 3153 1631 2002
f 3153 3150 1631
f 3153 2002 3152
f 3153 3152 3150
f 3154 1638 1655
f 3155 1654 1653
f 3155 1655 1654
f 3155 3154 1655
f 3156 2375 1638
f 3156 1638 3154
f 3157 3156 3154
f 3157 3155 1653
f 3157 3154 3155
f 3158 2380 2375
f 3158 2375 3156
f 3159 2379 2380
f 3159 2380 3158
f 3159 3156 3157
f 3159 3158 3156
f 3160 1653 2378
f 3160 2378 2379
f 3160 3157 1653
f 3160 2379 3159
f 3160 3159 3157
f 3161 1664 1643
f 3161 1665 1664
f 3161 1663 1665
f 3162 1996 1663
f 3162 1643 1999
f 3162 1999 2000
f 3162 2000 2001
f 3162 2001 1996
f 3162 1663 3161
f 3162 3161 1643
f 3163 1653 1670
f 3164 2378 1653
f 3164 2383 2378
f 3164 1653 3163
f 3165 1669 1668
f 3165 1670 1669
f 3165 3163 1670
f 3166 1668 2381
f 3166 2381 2382
f 3166 2382 2383
f 3166 2383 3164
f 3166 3164 3163
f 3166 3163 3165
f 3166 3165 1668
f 3167 1675 1677
f 3168 1676 1663
f 3168 1677 1676
f 3168 3167 1677
f 3169 1993 1675
f 3169 1675 3167
f 3170 3169 3167
f 3170 3168 1663
f 3170 3167 3168
f 3171 1998 1993
f 3171 1993 3169
f 3172 1997 1998
f 3172 1998 3171
f 3172 3169 3170
f 3172 3171 3169
f 3173 1663 1996
f 3173 1996 1997
f 3173 3170 1663
f 3173 1997 3172
f 3173 3172 3170
f 3174 1668 1685
f 3175 2381 1668
f 3175 1668 3174
f 3176 3174 1685
f 3176 3175 3174
f 3177 2381 3175
f 3178 2384 2381
f 3178 2381 3177
f 3178 3175 3176
f 3178 3177 3175
f 3179 1685 2384
f 3179 3176 1685
f 3179 2384 3178
f 3179 3178 3176
f 3180 1692 1693
f 3181 1992 1692
f 3181 1995 1992
f 3181 1692 3180
f 3182 1693 1694
f 3182 1694 1675
f 3182 3180 1693
f 3183 1675 1993
f 3183 1993 1994
f 3183 1994 1995
f 3183 1995 3181
f 3183 3182 1675
f 3183 3181 3180
f 3183 3180 3182
f 3184 1685 1700
f 3184 1700 1701
f 3184 1701 1699
f 3185 2384 1685
f 3185 1699 2387
f 3185 2385 2384
f 3185 2386 2385
f 3185 2387 2386
f 3185 1685 3184
f 3185 3184 1699
f 3186 1704 1706
f 3187 1705 1692
f 3187 1706 1705
f 3187 3186 1706
f 3188 1989 1704
f 3188 1704 3186
f 3189 3188 3186
f 3189 3187 1692
f 3189 3186 3187
f 3190 1989 3188
f 3191 1992 1989
f 3191 3188 3189
f 3191 1989 3190
f 3191 3190 3188
f 3192 1692 1992
f 3192 3189 1692
f 3192 1992 3191
f 3192 3191 3189
f 3193 1699 1714
f 3194 2387 1699
f 3194 1699 3193
f 3195 3193 1714
f 3195 3194 3193
f 3196 2387 3194
f 3197 2388 2387
f 3197 2387 3196
f 3197 3194 3195
f 3197 3196 3194
f 3198 1714 2388
f 3198 3195 1714
f 3198 2388 3197
f 3198 3197 3195
f 3199 1721 1722
f 3199 1722 1723
f 3199 1723 1704
f 3200 1986 1721
f 3200 1704 1989
f 3200 1989 1990
f 3200 1990 1991
f 3200 1991 1986
f 3200 1721 3199
f 3200 3199 1704
f 3201 1714 1727
f 3202 2388 1714
f 3202 2389 2388
f 3202 1714 3201
f 3203 1727 1728
f 3203 1728 1726
f 3203 3201 1727
f 3204 1726 2391
f 3204 2390 2389
f 3204 2391 2390
f 3204 3201 3203
f 3204 2389 3202
f 3204 3202 3201
f 3204 3203 1726
f 3205 1733 1721
f 3205 3206 1733
f 3207 1985 1733
f 3207 1733 3206
f 3208 3207 3206
f 3208 3205 1721
f 3208 3206 3205
f 3209 1988 1985
f 3209 1985 3207
f 3210 1987 1988
f 3210 1988 3209
f 3210 3207 3208
f 3210 3209 3207
f 3211 1721 1986
f 3211 1986 1987
f 3211 1987 3210
f 3211 3208 1721
f 3211 3210 3208
f 3212 1726 1741
f 3213 2391 1726
f 3213 1726 3212
f 3214 3212 1741
f 3214 3213 3212
f 3215 2391 3213
f 3216 2392 2391
f 3216 2391 3215
f 3216 3213 3214
f 3216 3215 3213
f 3217 1741 2392
f 3217 3214 1741
f 3217 2392 3216
f 3217 3216 3214
f 3218 1748 1749
f 3219 1982 1748
f 3219 1983 1982
f 3219 1748 3218
f 3220 1749 1750
f 3220 1750 1733
f 3220 3218 1749
f 3221 1733 1985
f 3221 1984 1983
f 3221 1985 1984
f 3221 3218 3220
f 3221 1983 3219
f 3221 3219 3218
f 3221 3220 1733
f 3222 1741 1756
f 3222 1756 1757
f 3222 1757 1755
f 3223 2392 1741
f 3223 1755 2393
f 3223 2393 2394
f 3223 2394 2395
f 3223 2395 2392
f 3223 1741 3222
f 3223 3222 1755
f 3224 1760 1748
f 3225 1981 1760
f 3225 1760 3224
f 3226 3224 1748
f 3226 3225 3224
f 3227 1981 3225
f 3228 1982 1981
f 3228 1981 3227
f 3228 3225 3226
f 3228 3227 3225
f 3229 1748 1982
f 3229 3226 1748
f 3229 1982 3228
f 3229 3228 3226
f 3230 1755 1769
f 3231 1768 1767
f 3231 1769 1768
f 3231 3230 1769
f 3232 2393 1755
f 3232 1755 3230
f 3233 3232 3230
f 3233 3231 1767
f 3233 3230 3231
f 3234 2398 2393
f 3234 2393 3232
f 3235 2397 2398
f 3235 2398 3234
f 3235 3232 3233
f 3235 3234 3232
f 3236 1767 2396
f 3236 2396 2397
f 3236 3233 1767
f 3236 2397 3235
f 3236 3235 3233
f 3237 1777 1778
f 3237 1778 1779
f 3237 1779 1760
f 3238 1976 1777
f 3238 1760 1981
f 3238 1979 1976
f 3238 1980 1979
f 3238 1981 1980
f 3238 1777 3237
f 3238 3237 1760
f 3239 1767 1784
f 3240 2396 1767
f 3240 2401 2396
f 3240 1767 3239
f 3241 1783 1782
f 3241 1784 1783
f 3241 3239 1784
f 3242 1782 2399
f 3242 2399 2400
f 3242 2400 2401
f 3242 2401 3240
f 3242 3240 3239
f 3242 3239 3241
f 3242 3241 1782
f 3243 1789 1791
f 3244 1790 1777
f 3244 1791 1790
f 3244 3243 1791
f 3245 1975 1789
f 3245 1789 3243
f 3246 3245 3243
f 3246 3244 1777
f 3246 3243 3244
f 3247 1978 1975
f 3247 1975 3245
f 3248 1977 1978
f 3248 1978 3247
f 3248 3245 3246
f 3248 3247 3245
f 3249 1777 1976
f 3249 1976 1977
f 3249 3246 1777
f 3249 1977 3248
f 3249 3248 3246
f 3250 1782 1801
f 3251 1800 1799
f 3251 1801 1800
f 3251 3250 1801
f 3252 2399 1782
f 3252 1782 3250
f 3253 3252 3250
f 3253 3251 1799
f 3253 3250 3251
f 3254 2404 2399
f 3254 2399 3252
f 3255 2403 2404
f 3255 2404 3254
f 3255 3252 3253
f 3255 3254 3252
f 3256 1799 2402
f 3256 2402 2403
f 3256 3253 1799
f 3256 2403 3255
f 3256 3255 3253
f 3257 1809 1810
f 3258 1972 1809
f 3258 1973 1972
f 3258 1809 3257
f 3259 1810 1811
f 3259 1811 1789
f 3259 3257 1810
f 3260 1789 1975
f 3260 1974 1973
f 3260 1975 1974
f 3260 3257 3259
f 3260 1973 3258
f 3260 3258 3257
f 3260 3259 1789
f 3261 1817 1816
f 3261 1818 1817
f 3261 1799 1818
f 3262 2402 1799
f 3262 1816 2405
f 3262 2405 2406
f 3262 2406 2407
f 3262 2407 2402
f 3262 1799 3261
f 3262 3261 1816
f 3263 1821 1809
f 3264 1969 1821
f 3264 1821 3263
f 3265 3263 1809
f 3265 3264 3263
f 3266 1969 3264
f 3267 1972 1969
f 3267 1969 3266
f 3267 3264 3265
f 3267 3266 3264
f 3268 1809 1972
f 3268 3265 1809
f 3268 1972 3267
f 3268 3267 3265
f 3269 1816 1830
f 3270 1829 1828
f 3270 1830 1829
f 3270 3269 1830
f 3271 2405 1816
f 3271 1816 3269
f 3272 3271 3269
f 3272 3270 1828
f 3272 3269 3270
f 3273 2410 2405
f 3273 2405 3271
f 3274 2409 2410
f 3274 2410 3273
f 3274 3271 3272
f 3274 3273 3271
f 3275 1828 2408
f 3275 2408 2409
f 3275 3272 1828
f 3275 2409 3274
f 3275 3274 3272
f 3276 1838 1839
f 3276 1839 1840
f 3276 1840 1821
f 3277 1968 1838
f 3277 1821 1969
f 3277 1969 1970
f 3277 1970 1971
f 3277 1971 1968
f 3277 1838 3276
f 3277 3276 1821
f 3278 1828 1844
f 3279 2408 1828
f 3279 2411 2408
f 3279 1828 3278
f 3280 1844 1845
f 3280 1845 1843
f 3280 3278 1844
f 3281 1843 2413
f 3281 2412 2411
f 3281 2413 2412
f 3281 3278 3280
f 3281 2411 3279
f 3281 3279 3278
f 3281 3280 1843
f 3282 1850 1838
f 3283 1965 1850
f 3283 1850 3282
f 3284 3282 1838
f 3284 3283 3282
f 3285 1965 3283
f 3286 1968 1965
f 3286 1965 3285
f 3286 3283 3284
f 3286 3285 3283
f 3287 1838 1968
f 3287 3284 1838
f 3287 1968 3286
f 3287 3286 3284
f 3288 1843 1859
f 3289 1858 1857
f 3289 1859 1858
f 3289 3288 1859
f 3290 2413 1843
f 3290 1843 3288
f 3291 3290 3288
f 3291 3289 1857
f 3291 3288 3289
f 3292 2416 2413
f 3292 2413 3290
f 3293 2415 2416
f 3293 2416 3292
f 3293 3290 3291
f 3293 3292 3290
f 3294 1857 2414
f 3294 2414 2415
f 3294 3291 1857
f 3294 2415 3293
f 3294 3293 3291
f 3295 1962 1867
f 3295 1867 1869
f 3296 1967 1962
f 3296 1962 3295
f 3297 1868 1850
f 3297 1869 1868
f 3297 3295 1869
f 3298 1850 1965
f 3298 1965 1966
f 3298 1966 1967
f 3298 3295 3297
f 3298 1967 3296
f 3298 3296 3295
f 3298 3297 1850
f 3299 1857 1875
f 3299 1875 1876
f 3299 1876 1874
f 3300 2414 1857
f 3300 1874 2419
f 3300 2417 2414
f 3300 2418 2417
f 3300 2419 2418
f 3300 1857 3299
f 3300 3299 1874
f 3301 1879 1881
f 3302 1880 1867
f 3302 1881 1880
f 3302 3301 1881
f 3303 1961 1879
f 3303 1879 3301
f 3304 3303 3301
f 3304 3302 1867
f 3304 3301 3302
f 3305 1964 1961
f 3305 1961 3303
f 3306 1963 1964
f 3306 1964 3305
f 3306 3303 3304
f 3306 3305 3303
f 3307 1867 1962
f 3307 1962 1963
f 3307 3304 1867
f 3307 1963 3306
f 3307 3306 3304
f 3308 1874 1891
f 3309 1890 1889
f 3309 1891 1890
f 3309 3308 1891
f 3310 2419 1874
f 3310 1874 3308
f 3311 3310 3308
f 3311 3309 1889
f 3311 3308 3309
f 3312 2422 2419
f 3312 2419 3310
f 3313 2421 2422
f 3313 2422 3312
f 3313 3310 3311
f 3313 3312 3310
f 3314 1889 2420
f 3314 2420 2421
f 3314 3311 1889
f 3314 2421 3313
f 3314 3313 3311
f 3315 1899 1900
f 3315 1900 1901
f 3315 1901 1879
f 3316 1956 1899
f 3316 1879 1961
f 3316 1959 1956
f 3316 1960 1959
f 3316 1961 1960
f 3316 1899 3315
f 3316 3315 1879
f 3317 1889 1905
f 3318 2420 1889
f 3318 2425 2420
f 3318 1889 3317
f 3319 1905 1906
f 3319 1906 1904
f 3319 3317 1905
f 3320 1904 2423
f 3320 2423 2424
f 3320 2424 2425
f 3320 2425 3318
f 3320 3319 1904
f 3320 3318 3317
f 3320 3317 3319
f 3321 1911 1913
f 3322 1912 1899
f 3322 1913 1912
f 3322 3321 1913
f 3323 1955 1911
f 3323 1911 3321
f 3324 3323 3321
f 3324 3322 1899
f 3324 3321 3322
f 3325 1958 1955
f 3325 1955 3323
f 3326 1957 1958
f 3326 1958 3325
f 3326 3323 3324
f 3326 3325 3323
f 3327 1899 1956
f 3327 1956 1957
f 3327 3324 1899
f 3327 1957 3326
f 3327 3326 3324
f 3328 1904 1921
f 3329 2423 1904
f 3329 1904 3328
f 3330 3328 1921
f 3330 3329 3328
f 3331 2423 3329
f 3332 2426 2423
f 3332 2423 3331
f 3332 3329 3330
f 3332 3331 3329
f 3333 1921 2426
f 3333 3330 1921
f 3333 2426 3332
f 3333 3332 3330
f 3334 1928 1929
f 3335 1949 1928
f 3335 1953 1949
f 3335 1928 3334
f 3336 1929 1930
f 3336 1930 1911
f 3336 3334 1929
f 3337 1911 1955
f 3337 1954 1953
f 3337 1955 1954
f 3337 3334 3336
f 3337 1953 3335
f 3337 3335 3334
f 3337 3336 1911
f 3338 1936 1935
f 3338 1937 1936
f 3338 1921 1937
f 3339 2426 1921
f 3339 1935 1952
f 3339 2427 2426
f 3339 2428 2427
f 3339 1952 2428
f 3339 1921 3338
f 3339 3338 1935
f 3340 1935 1941
f 3341 1940 1928
f 3341 1941 1940
f 3341 3340 1941
f 3342 1952 1935
f 3342 1935 3340
f 3343 3342 3340
f 3343 3341 1928
f 3343 3340 3341
f 3344 1951 1952
f 3344 1952 3342
f 3345 1950 1951
f 3345 1951 3344
f 3345 3342 3343
f 3345 3344 3342
f 3346 1928 1949
f 3346 1949 1950
f 3346 3343 1928
f 3346 1950 3345
f 3346 3345 3343
