# SimpleCAD BREP tessellation for MuJoCo
v 3.30834540554 -1.32146014985 0
v 3.5370541319 -0.425034490335 2.3
v 3.42870295937 -0.967161964928 -2.61315353096e-17
v 3.48478501804 -0.740053800777 -4.08252409461e-19
v 3.52584124062 -0.509754642906 -2.22044604925e-16
v 3.53820982438 0.415304091822 2.3
v 3.56212495357 -0.051692022208 2.3
v 3.55783780299 0.182198840949 2.3
v 3.42815082903 -0.969117157916 0.574999999973
v 3.49380844905 -0.696210236725 0.574999999973
v 3.48393854178 -0.744028604136 1.15
v 3.53170174451 -0.467428191767 1.15
v 3.52496376608 -0.515787378879 1.72500000003
v 3.55463016457 -0.236665513916 1.72500000003
v 3.56222917781 0.0439255866173 1.72500000003
v 3.92694033423 -1.56854697029 0
v 4.19841305314 -0.504507504186 2.3
v 3.88136632631 -1.55291537976 -2.81019666474e-17
v 3.83037606002 -1.54028878669 -4.35937569051e-17
v 3.72716789702 -1.52493764722 -3.91435548035e-17
v 3.40925896909 -1.49904312243 1.21376967741e-16
v 3.36989430733 -1.48904604291 1.42533077347e-16
v 3.34297394667 -1.47797694416 1.53139365184e-16
v 3.32066797187 -1.4633573799 1.56276976459e-16
v 3.30651391545 -1.44823733057 1.51812882261e-16
v 3.2980585605 -1.43335894703 1.42469757509e-16
v 3.29127186152 -1.40344666952 1.1402046875e-16
v 3.29300062064 -1.37404321332 7.7732149142e-17
v 3.29869340263 -1.34921640123 4.27018758541e-17
v 4.15035077726 -0.501137866669 2.3
v 4.09782863257 -0.502066535163 2.3
v 3.99414778927 -0.51380813336 2.3
v 3.68029088608 -0.570645244428 2.3
v 3.63967941499 -0.571121280064 2.3
v 3.6108165992 -0.567357156058 2.3
v 3.58549836537 -0.558974125171 2.3
v 3.56792830415 -0.548008444466 2.3
v 3.55592701568 -0.535808919912 2.3
v 3.54166703428 -0.508652768502 2.3
v 3.53576639364 -0.479795632739 2.3
v 3.53487455432 -0.454340122761 2.3
v 3.70916224724 -1.27831928137 0.574999999971
v 3.78447127563 -1.03429304962 1.15
v 3.8437443686 -0.785884209227 1.72500000003
v 3.3667328986 -1.35465778432 0.287499999977
v 3.44691545157 -1.2629489747 0.574999999973
v 3.3560938135 -1.34482558304 0.287499999977
v 3.34895125225 -1.33579194277 0.287499999977
v 3.34458233903 -1.3285103611 0.287499999977
v 3.34098271976 -1.3206565551 0.287499999977
v 3.38219647036 -1.21121687002 0.574999999974
v 3.53882375343 -0.654138551279 2.01250000002
v 3.54452279458 -0.660433768863 2.01250000002
v 3.51083369055 -0.761804481229 1.72500000003
v 3.53376832244 -0.647132686231 2.01250000002
v 3.40702511703 -1.24283952431 0.574999999974
v 3.44567108621 -1.131291783 0.862499999984
v 3.5217800943 -1.03601707235 1.15
v 3.51197268795 -0.904719941014 1.43750000002
v 3.58172190262 -0.804695256155 1.72500000003
v 3.53955816731 -0.789935574246 1.72500000003
v 3.55328278252 -0.667909425956 2.01250000002
v 3.66921889442 -0.748728035677 1.86875000003
v 3.73581445608 -0.623394772522 2.15625000002
v 3.51909966218 -0.603291163278 2.01250000002
v 3.5284525864 -0.545935025119 2.15625000001
v 3.63040156264 -0.66021028232 2.08437500002
v 3.53574488441 -0.613067467508 2.08437500002
v 3.55706884452 -0.571221262459 2.22812500001
v 3.54915627562 -0.561608369637 2.22812500001
v 3.54359325682 -0.552393605645 2.22812500001
v 3.57301538601 -0.64742421801 2.08437500002
v 3.53262269039 -0.475965601033 -1.69938651628e-16
v 3.54303527959 -0.446552358669 -1.21013454401e-16
v 3.55443097253 -0.426753578579 -8.46882984304e-17
v 3.5674198962 -0.412176021397 -5.44557408554e-17
v 3.5820503681 -0.401816165712 -2.8941515748e-17
v 3.59865753855 -0.395059881729 -7.09983584006e-18
v 3.61784521853 -0.391708148474 1.17156230351e-17
v 3.6374657366 -0.391725079501 2.59095237409e-17
v 3.65914178164 -0.394637424536 3.72609934751e-17
v 3.71042083973 -0.40940038076 5.18700981861e-17
v 3.86772138551 -0.483082526548 4.52191890743e-17
v 4.04921038191 -0.567603514978 1.22821643189e-17
v 4.12052444126 -0.591327944693 3.14492326155e-18
v 4.18510357373 -0.605068643811 0
v 4.27624836778 -0.605521388886 -1.90035677821e-16
v 4.39694335224 -0.590637695635 -2.24635100293e-17
v 4.57437966043 -0.548218125705 -8.040140301e-17
v 4.76778311999 -0.479734678799 -1.15063772048e-16
v 5.01307869447 -0.362362783651 -1.1963789766e-16
v 5.24534199755 -0.221104791368 8.881784197e-16
v 5.24948237613 -0.0737209788915 0
v 5.24948237613 0.0737209788915 0
v 5.24534199755 0.221104791368 0
v 4.94189034461 0.399814998904 -1.08521686662e-16
v 4.61686663321 0.535056915087 -9.76209519542e-17
v 4.40046937061 0.590016997476 -1.9348317314e-17
v 4.29320348543 0.604260004923 -1.69931183474e-16
v 4.2336323199 0.607189057988 -2.00624220819e-16
v 4.18510357373 0.605068643811 0
v 4.13781952986 0.59581899435 1.73642629951e-18
v 4.08734736737 0.581258811576 6.80391096763e-18
v 3.99029090659 0.542949206833 2.25703138819e-17
v 3.70202643652 0.406420059153 5.03884841692e-17
v 3.66293709967 0.395395453101 3.8870299908e-17
v 3.63408883408 0.391521393487 2.3764432619e-17
v 3.60746151112 0.393029320122 2.24894688511e-18
v 3.58764371404 0.399046638744 -2.08784086394e-17
v 3.57288197008 0.407704019381 -4.40751032204e-17
v 3.5520483776 0.4302154621 -9.13378724905e-17
v 3.53884379881 0.456543981685 -1.38144551034e-16
v 3.53136048659 0.480891022652 -1.77752904922e-16
v 3.52584124062 0.509754642906 0
v 3.47476386223 0.785762274321 0
v 3.402114914 1.05689184022 0
v 3.30834540554 1.32146014985 0
v 3.29732379238 1.35411304337 4.98732999343e-17
v 3.29163473797 1.38479195307 9.17470543982e-17
v 3.2916043075 1.40763604606 1.18607186797e-16
v 3.29556426677 1.42675504274 1.37147692047e-16
v 3.30305469927 1.44304217689 1.49018004825e-16
v 3.31405878877 1.45719687568 1.55205258688e-16
v 3.32899994045 1.46969340182 1.56047514424e-16
v 3.34600027305 1.47948899816 1.52214152387e-16
v 3.36622845122 1.48780485589 1.44235415476e-16
v 3.41801889632 1.50065928981 1.1620764483e-16
v 3.59108623788 1.51549895264 1.34452800325e-17
v 3.79052081349 1.53304612771 -4.67084927196e-17
v 3.86414281539 1.54815719856 -3.49828318659e-17
v 3.92694033423 1.56854697029 0
v 4.00610041383 1.61372727858 -1.03538499079e-16
v 4.10318348986 1.68696442727 -1.9958918738e-16
v 4.23563805534 1.81241900654 -2.13563667181e-16
v 4.36888864104 1.96842914108 -1.54009544726e-16
v 4.5226348924 2.19272397121 -1.21025008197e-16
v 4.6531518171 2.43118863255 -8.881784197e-16
v 4.58304558389 2.56089694755 0
v 4.509324605 2.68858542858 0
v 4.43204702573 2.814153365 0
v 4.0798950817 2.81719511817 -5.71314798324e-18
v 3.7307953327 2.77180619754 -1.06127846621e-16
v 3.51590976479 2.71120439379 -2.02696287611e-16
v 3.41589327954 2.66990625747 -5.21134214516e-17
v 3.36283861032 2.64265730907 -4.84451430466e-18
v 3.32187169041 2.61655660344 0
v 3.28554733196 2.58490415009 0
v 3.24911724845 2.54705858068 0
v 3.18421869018 2.46535325938 0
v 3.00283890993 2.20298331409 0
v 2.97449885423 2.17389105676 0
v 2.95145255318 2.15611188993 0
v 2.92763865174 2.14410413122 0
v 2.90746727671 2.13940638347 0
v 2.89035454112 2.13952302305 0
v 2.86105639942 2.14860170808 0
v 2.83645663895 2.16480058549 0
v 2.81780237998 2.18214408536 0
v 2.79859076263 2.20438109076 8.881784197e-16
v 2.55193831089 2.48576288238 7.74842866325e-17
v 2.38329790066 2.64788545196 2.91308674602e-16
v 2.20438109076 2.79859076263 2.22044604925e-16
v 2.17850964702 2.82135819134 1.96521682672e-16
v 2.15824332652 2.8450823793 1.7359710377e-16
v 2.14679492647 2.86485072892 1.5728824289e-16
v 2.14066485346 2.88338824538 1.44190843548e-16
v 2.13900819121 2.90123853356 1.33443385857e-16
v 2.14146066287 2.91899890704 1.24380386427e-16
v 2.14815181672 2.93729179197 1.1650244782e-16
v 2.15797673845 2.95427519354 1.10252160724e-16
v 2.17133692575 2.97159102668 1.04643459885e-16
v 2.20976154992 3.00861851556 9.37650077928e-17
v 2.35222243287 3.10800371134 5.11687761839e-17
v 2.5161642542 3.22291729851 -6.17500012313e-17
v 2.5723672427 3.2728148707 -1.3576733647e-16
v 2.61655660344 3.32187169041 -2.22044604925e-16
v 2.6625210892 3.40057902495 2.61552770092e-16
v 2.70997892497 3.51254579423 -4.67038824394e-17
v 2.76196065389 3.68741992963 -5.26323829637e-17
v 2.79935397891 3.88915396224 8.74168465793e-17
v 2.82035472326 4.16027210875 2.12326835507e-16
v 2.814153365 4.43204702573 0
v 2.68858542858 4.509324605 0
v 2.56089694755 4.58304558389 0
v 2.43118863255 4.6531518171 2.22044604925e-16
v 2.12469522644 4.4797100806 5.64165706236e-17
v 1.84506043567 4.26585224779 2.03063891723e-16
v 1.68926497683 4.10592676227 2.02696287611e-16
v 1.62329722796 4.02015328446 5.21134214516e-17
v 1.59097501083 3.97002766831 4.84451430465e-18
v 1.56854697029 3.92694033423 0
v 1.55291537976 3.88136632631 3.16737677619e-17
v 1.54028878669 3.83037606002 5.80725782132e-17
v 1.52493764722 3.72716789702 9.12521775502e-17
v 1.49904312243 3.40925896909 1.11533831387e-16
v 1.48904604291 3.36989430733 1.13713776657e-16
v 1.47797694416 3.34297394667 1.17560727712e-16
v 1.4633573799 3.32066797187 1.24154995698e-16
v 1.44823733057 3.30651391545 1.32210149432e-16
v 1.43335894703 3.2980585605 1.41014833029e-16
v 1.40344666952 3.29127186152 1.6059022475e-16
v 1.37404321332 3.29300062064 1.81579136612e-16
v 1.34921640123 3.29869340263 2.00289033766e-16
v 1.32146014985 3.30834540554 0
v 0.967161964928 3.42870295937 -2.91014882576e-17
v 0.740053800777 3.48478501804 -2.08508016032e-16
v 0.509754642906 3.52584124062 -2.22044604925e-16
v 0.475965601033 3.53262269039 -1.95429449372e-16
v 0.446552358669 3.54303527959 -1.69171869928e-16
v 0.426753578579 3.55443097253 -1.48569816223e-16
v 0.412176021397 3.5674198962 -1.30401362406e-16
v 0.401816165712 3.5820503681 -1.14033082739e-16
v 0.395059881729 3.59865753855 -9.89049554182e-17
v 0.391708148474 3.61784521853 -8.45805666311e-17
v 0.391725079501 3.6374657366 -7.2453921674e-17
v 0.394637424536 3.65914178164 -6.12648469124e-17
v 0.40940038076 3.71042083973 -4.12677730639e-17
v 0.483082526548 3.86772138551 -1.05725708289e-17
v 0.567603514978 4.04921038191 -7.80970951474e-19
v 0.591327944693 4.12052444126 -8.38554879509e-20
v 0.605068643811 4.18510357373 0
v 0.605521388886 4.27624836778 0
v 0.590637695635 4.39694335224 0
v 0.548218125705 4.57437966043 0
v 0.479734678799 4.76778311999 0
v 0.362362783651 5.01307869447 0
v 0.221104791368 5.24534199755 0
v 0.0737209788915 5.24948237613 0
v -0.0737209788915 5.24948237613 0
v -0.221104791368 5.24534199755 -2.22044604925e-16
v -0.399814998904 4.94189034461 0
v -0.535056915087 4.61686663321 0
v -0.590016997476 4.40046937061 0
v -0.604260004923 4.29320348543 0
v -0.607189057988 4.2336323199 0
v -0.605068643811 4.18510357373 -2.22044604925e-16
v -0.59581899435 4.13781952986 0
v -0.581258811576 4.08734736737 0
v -0.542949206833 3.99029090659 0
v -0.406420059153 3.70202643652 0
v -0.395395453101 3.66293709967 0
v -0.391521393487 3.63408883408 0
v -0.393029320122 3.60746151112 0
v -0.399046638744 3.58764371404 0
v -0.407704019381 3.57288197008 0
v -0.4302154621 3.5520483776 0
v -0.456543981685 3.53884379881 0
v -0.480891022652 3.53136048659 0
v -0.509754642906 3.52584124062 -4.4408920985e-16
v -0.876764648483 3.45292484731 1.19868959742e-16
v -1.10148711738 3.38793925274 1.09042317341e-16
v -1.32146014985 3.30834540554 -2.22044604925e-16
v -1.35411304337 3.29732379238 0
v -1.38479195307 3.29163473797 0
v -1.40763604606 3.2916043075 0
v -1.42675504274 3.29556426677 0
v -1.44304217689 3.30305469927 0
v -1.45719687568 3.31405878877 0
v -1.46969340182 3.32899994045 0
v -1.47948899816 3.34600027305 0
v -1.48780485589 3.36622845122 0
v -1.50065928981 3.41801889632 0
v -1.51549895264 3.59108623788 0
v -1.53304612771 3.79052081349 0
v -1.54815719856 3.86414281539 0
v -1.56854697029 3.92694033423 0
v -1.61372727858 4.00610041383 0
v -1.68696442727 4.10318348986 0
v -1.81241900654 4.23563805534 0
v -1.96842914108 4.36888864104 0
v -2.19272397121 4.5226348924 0
v -2.43118863255 4.6531518171 2.77555756156e-17
v -2.814153365 4.43204702573 -2.22044604925e-16
v -2.81719511817 4.0798950817 0
v -2.77180619754 3.7307953327 0
v -2.71120439379 3.51590976479 0
v -2.66990625747 3.41589327954 0
v -2.64265730907 3.36283861032 0
v -2.61655660344 3.32187169041 2.22044604925e-16
v -2.58490415009 3.28554733196 0
v -2.54705858068 3.24911724845 0
v -2.46535325938 3.18421869018 0
v -2.20298331409 3.00283890993 0
v -2.17389105676 2.97449885423 0
v -2.15611188993 2.95145255318 0
v -2.14410413122 2.92763865174 0
v -2.13940638347 2.90746727671 0
v -2.13952302305 2.89035454112 0
v -2.14860170808 2.86105639942 0
v -2.16480058549 2.83645663895 0
v -2.18214408536 2.81780237998 0
v -2.20438109076 2.79859076263 6.93889390391e-17
v -2.41787202201 2.61635263968 0
v -2.61635263968 2.41787202201 0
v -2.79859076263 2.20438109076 0
v -2.82135819134 2.17850964702 -5.31821243422e-17
v -2.8450823793 2.15824332652 -1.05311841552e-16
v -2.86485072892 2.14679492647 -1.45637311041e-16
v -2.88338824538 2.14066485346 -1.80424275298e-16
v -2.90123853356 2.13900819121 -2.10758566257e-16
v -2.91899890704 2.14146066287 -2.37490650634e-16
v -2.93729179197 2.14815181672 -2.6105912543e-16
v -2.95427519354 2.15797673845 -2.79037868322e-16
v -2.97159102668 2.17133692575 -2.93246559047e-16
v -3.00861851556 2.20976154992 -3.08841074899e-16
v -3.10800371134 2.35222243287 -2.50317964935e-16
v -3.22291729851 2.5161642542 -3.64300616179e-17
v -3.2728148707 2.5723672427 8.7953245094e-17
v -3.32187169041 2.61655660344 2.22044604925e-16
v -3.40057902495 2.6625210892 -3.48062428537e-16
v -3.51254579423 2.70997892497 1.54654074837e-16
v -3.68741992963 2.76196065389 6.14987552993e-17
v -3.88915396224 2.79935397891 1.45147552469e-17
v -4.16027210875 2.82035472326 1.70920906376e-16
v -4.43204702573 2.814153365 -4.4408920985e-16
v -4.509324605 2.68858542858 0
v -4.58304558389 2.56089694755 0
v -4.6531518171 2.43118863255 -4.4408920985e-16
v -4.4797100806 2.12469522644 0
v -4.26585224779 1.84506043567 0
v -4.10592676227 1.68926497683 0
v -4.02015328446 1.62329722796 0
v -3.97002766831 1.59097501083 0
v -3.92694033423 1.56854697029 0
v -3.88136632631 1.55291537976 -3.51796031995e-17
v -3.83037606002 1.54028878669 -7.19707332728e-17
v -3.72716789702 1.52493764722 -1.38715470308e-16
v -3.40925896909 1.49904312243 -2.56355409988e-16
v -3.36989430733 1.48904604291 -2.50956461202e-16
v -3.34297394667 1.47797694416 -2.39480002169e-16
v -3.32066797187 1.4633573799 -2.20630915598e-16
v -3.30651391545 1.44823733057 -1.99046615144e-16
v -3.2980585605 1.43335894703 -1.76742892248e-16
v -3.29127186152 1.40344666952 -1.30343292595e-16
v -3.29300062064 1.37404321332 -8.38234971513e-17
v -3.29869340263 1.34921640123 -4.4282130411e-17
v -3.30834540554 1.32146014985 6.66133814775e-16
v -3.42870295937 0.967161964928 -2.50670362276e-16
v -3.48478501804 0.740053800777 -4.16896382153e-16
v -3.52584124062 0.509754642906 0
v -3.53262269039 0.475965601033 -2.65990932983e-17
v -3.54303527959 0.446552358669 -5.27281921829e-17
v -3.55443097253 0.426753578579 -7.30373665809e-17
v -3.5674198962 0.412176021397 -9.06891726055e-17
v -3.5820503681 0.401816165712 -1.06256696148e-16
v -3.59865753855 0.395059881729 -1.20210100047e-16
v -3.61784521853 0.391708148474 -1.32841054575e-16
v -3.6374657366 0.391725079501 -1.42876183858e-16
v -3.65914178164 0.394637424536 -1.51342105687e-16
v -3.71042083973 0.40940038076 -1.6320596892e-16
v -3.86772138551 0.483082526548 -1.53929999677e-16
v -4.04921038191 0.567603514978 -8.58978985306e-17
v -4.12052444126 0.591327944693 -4.46691681144e-17
v -4.18510357373 0.605068643811 0
v -4.27624836778 0.605521388886 7.15295719742e-17
v -4.39694335224 0.590637695635 8.09248383117e-21
v -4.57437966043 0.548218125705 0
v -4.76778311999 0.479734678799 0
v -5.01307869447 0.362362783651 0
v -5.24534199755 0.221104791368 -4.4408920985e-16
v -5.24948237613 0.0737209788915 0
v -5.24948237613 -0.0737209788915 0
v -5.24534199755 -0.221104791368 0
v -4.94189034461 -0.399814998904 0
v -4.61686663321 -0.535056915087 0
v -4.40046937061 -0.590016997476 6.03268419173e-22
v -4.29320348543 -0.604260004923 4.66234114662e-17
v -4.2336323199 -0.607189057988 1.42746968943e-16
v -4.18510357373 -0.605068643811 0
v -4.13781952986 -0.59581899435 -3.34101940614e-17
v -4.08734736737 -0.581258811576 -6.48764891809e-17
v -3.99029090659 -0.542949206833 -1.13822491432e-16
v -3.70202643652 -0.406420059153 -1.61922315556e-16
v -3.66293709967 -0.395395453101 -1.52584076565e-16
v -3.63408883408 -0.391521393487 -1.41325160331e-16
v -3.60746151112 -0.393029320122 -1.26403942583e-16
v -3.58764371404 -0.399046638744 -1.11331740793e-16
v -3.57288197008 -0.407704019381 -9.69397298087e-17
v -3.5520483776 -0.4302154621 -6.92523522591e-17
v -3.53884379881 -0.456543981685 -4.3434585578e-17
v -3.53136048659 -0.480891022652 -2.25361288448e-17
v -3.52584124062 -0.509754642906 2.22044604925e-16
v -3.45292484731 -0.876764648483 -4.32816463829e-16
v -3.38793925274 -1.10148711738 -5.01952951412e-16
v -3.30834540554 -1.32146014985 0
v -3.29732379238 -1.35411304337 0
v -3.29163473797 -1.38479195307 0
v -3.2916043075 -1.40763604606 0
v -3.29556426677 -1.42675504274 0
v -3.30305469927 -1.44304217689 0
v -3.31405878877 -1.45719687568 0
v -3.32899994045 -1.46969340182 0
v -3.34600027305 -1.47948899816 0
v -3.36622845122 -1.48780485589 0
v -3.41801889632 -1.50065928981 0
v -3.59108623788 -1.51549895264 0
v -3.79052081349 -1.53304612771 0
v -3.86414281539 -1.54815719856 0
v -3.92694033423 -1.56854697029 0
v -4.00610041383 -1.61372727858 7.15295719742e-17
v -4.10318348986 -1.68696442727 8.09248383117e-21
v -4.23563805534 -1.81241900654 8.01444466157e-17
v -4.36888864104 -1.96842914108 9.24660776298e-17
v -4.5226348924 -2.19272397121 -6.85141991101e-17
v -4.6531518171 -2.43118863255 -4.4408920985e-16
v -4.58304558389 -2.56089694755 0
v -4.509324605 -2.68858542858 0
v -4.43204702573 -2.814153365 0
v -4.0798950817 -2.81719511817 1.20637759644e-16
v -3.7307953327 -2.77180619754 2.81725147211e-17
v -3.51590976479 -2.71120439379 1.63999652984e-16
v -3.41589327954 -2.66990625747 -2.87748945496e-16
v -3.36283861032 -2.64265730907 -3.79828057532e-16
v -3.32187169041 -2.61655660344 2.22044604925e-16
v -3.28554733196 -2.58490415009 0
v -3.24911724845 -2.54705858068 0
v -3.18421869018 -2.46535325938 0
v -3.00283890993 -2.20298331409 0
v -2.97449885423 -2.17389105676 0
v -2.95145255318 -2.15611188993 0
v -2.92763865174 -2.14410413122 0
v -2.90746727671 -2.13940638347 0
v -2.89035454112 -2.13952302305 0
v -2.86105639942 -2.14860170808 0
v -2.83645663895 -2.16480058549 0
v -2.81780237998 -2.18214408536 0
v -2.79859076263 -2.20438109076 -2.77555756156e-17
v -2.55193831089 -2.48576288238 -3.70712190875e-17
v -2.38329790066 -2.64788545196 -3.71882119752e-18
v -2.20438109076 -2.79859076263 0
v -2.17850964702 -2.82135819134 1.60622544072e-20
v -2.15824332652 -2.8450823793 1.44542813932e-19
v -2.14679492647 -2.86485072892 4.37422121083e-19
v -2.14066485346 -2.88338824538 9.54069913294e-19
v -2.13900819121 -2.90123853356 1.75482603846e-18
v -2.14146066287 -2.91899890704 2.92954945991e-18
v -2.14815181672 -2.93729179197 4.6229837193e-18
v -2.15797673845 -2.95427519354 6.71449939328e-18
v -2.17133692575 -2.97159102668 9.43765232605e-18
v -2.20976154992 -3.00861851556 1.75708629411e-17
v -2.35222243287 -3.10800371134 5.75420344189e-17
v -2.5161642542 -3.22291729851 1.35365735443e-16
v -2.5723672427 -3.2728148707 1.77291581323e-16
v -2.61655660344 -3.32187169041 2.22044604925e-16
v -2.6625210892 -3.40057902495 -1.43046664245e-16
v -2.70997892497 -3.51254579423 6.9159299985e-17
v -2.76196065389 -3.68741992963 1.41386245521e-16
v -2.79935397891 -3.88915396224 8.43831384583e-17
v -2.82035472326 -4.16027210875 -8.57453895042e-17
v -2.814153365 -4.43204702573 4.4408920985e-16
v -2.68858542858 -4.509324605 0
v -2.56089694755 -4.58304558389 0
v -2.43118863255 -4.6531518171 0
v -2.12469522644 -4.4797100806 0
v -1.84506043567 -4.26585224779 0
v -1.68926497683 -4.10592676227 0
v -1.62329722796 -4.02015328446 0
v -1.59097501083 -3.97002766831 0
v -1.56854697029 -3.92694033423 0
v -1.55291537976 -3.88136632631 -3.16737677619e-17
v -1.54028878669 -3.83037606002 -5.80725782132e-17
v -1.52493764722 -3.72716789702 -9.12521775502e-17
v -1.49904312243 -3.40925896909 -1.11533831387e-16
v -1.48904604291 -3.36989430733 -1.13713776657e-16
v -1.47797694416 -3.34297394667 -1.17560727712e-16
v -1.4633573799 -3.32066797187 -1.24154995698e-16
v -1.44823733057 -3.30651391545 -1.32210149432e-16
v -1.43335894703 -3.2980585605 -1.41014833029e-16
v -1.40344666952 -3.29127186152 -1.6059022475e-16
v -1.37404321332 -3.29300062064 -1.81579136612e-16
v -1.34921640123 -3.29869340263 -2.00289033766e-16
v -1.32146014985 -3.30834540554 0
v -1.05689184022 -3.402114914 0
v -0.785762274321 -3.47476386223 0
v -0.509754642906 -3.52584124062 2.22044604925e-16
v -0.475965601033 -3.53262269039 1.96521682672e-16
v -0.446552358669 -3.54303527959 1.7359710377e-16
v -0.426753578579 -3.55443097253 1.5728824289e-16
v -0.412176021397 -3.5674198962 1.44190843548e-16
v -0.401816165712 -3.5820503681 1.33443385857e-16
v -0.395059881729 -3.59865753855 1.24380386427e-16
v -0.391708148474 -3.61784521853 1.1650244782e-16
v -0.391725079501 -3.6374657366 1.10252160724e-16
v -0.394637424536 -3.65914178164 1.04643459885e-16
v -0.40940038076 -3.71042083973 9.37650077928e-17
v -0.483082526548 -3.86772138551 5.11687761839e-17
v -0.567603514978 -4.04921038191 -6.17500012312e-17
v -0.591327944693 -4.12052444126 -1.3576733647e-16
v -0.605068643811 -4.18510357373 -2.22044604925e-16
v -0.605521388886 -4.27624836778 0
v -0.590637695635 -4.39694335224 0
v -0.548218125705 -4.57437966043 0
v -0.479734678799 -4.76778311999 0
v -0.362362783651 -5.01307869447 0
v -0.221104791368 -5.24534199755 0
v 0.221104791368 -5.24534199755 2.22044604925e-16
v 0.399814998904 -4.94189034461 0
v 0.535056915087 -4.61686663321 0
v 0.590016997476 -4.40046937061 0
v 0.604260004923 -4.29320348543 0
v 0.607189057988 -4.2336323199 0
v 0.605068643811 -4.18510357373 0
v 0.59581899435 -4.13781952986 -3.29828385027e-20
v 0.581258811576 -4.08734736737 -2.90333124292e-19
v 0.542949206833 -3.99029090659 -2.32266499434e-18
v 0.406420059153 -3.70202643652 -4.4044610263e-17
v 0.395395453101 -3.66293709967 -5.95020847292e-17
v 0.391521393487 -3.63408883408 -7.43904092193e-17
v 0.393029320122 -3.60746151112 -9.1978026129e-17
v 0.399046638744 -3.58764371404 -1.08593282991e-16
v 0.407704019381 -3.57288197008 -1.23878265659e-16
v 0.4302154621 -3.5520483776 -1.52428812827e-16
v 0.456543981685 -3.53884379881 -1.78533462608e-16
v 0.480891022652 -3.53136048659 -1.99498906488e-16
v 0.509754642906 -3.52584124062 -4.4408920985e-16
v 0.785762274321 -3.47476386223 0
v 1.05689184022 -3.402114914 0
v 1.32146014985 -3.30834540554 2.22044604925e-16
v 1.35411304337 -3.29732379238 1.96537744926e-16
v 1.38479195307 -3.29163473797 1.73741646584e-16
v 1.40763604606 -3.2916043075 1.57725665011e-16
v 1.42675504274 -3.29556426677 1.45144913461e-16
v 1.44304217689 -3.30305469927 1.35198211896e-16
v 1.45719687568 -3.31405878877 1.27309935887e-16
v 1.46969340182 -3.32899994045 1.2112543154e-16
v 1.47948899816 -3.34600027305 1.16966660117e-16
v 1.48780485589 -3.36622845122 1.14081112211e-16
v 1.50065928981 -3.41801889632 1.11335870734e-16
v 1.51549895264 -3.59108623788 1.08710810603e-16
v 1.53304612771 -3.79052081349 7.36157342117e-17
v 1.54815719856 -3.86414281539 4.15242448529e-17
v 1.56854697029 -3.92694033423 0
v 1.61372727858 -4.00610041383 0
v 1.68696442727 -4.10318348986 0
v 1.81241900654 -4.23563805534 0
v 1.96842914108 -4.36888864104 0
v 2.19272397121 -4.5226348924 0
v 2.43118863255 -4.6531518171 0
v 2.56089694755 -4.58304558389 0
v 2.68858542858 -4.509324605 0
v 2.814153365 -4.43204702573 0
v 2.81719511817 -4.0798950817 0
v 2.77180619754 -3.7307953327 0
v 2.71120439379 -3.51590976479 0
v 2.66990625747 -3.41589327954 0
v 2.64265730907 -3.36283861032 0
v 2.61655660344 -3.32187169041 -2.22044604925e-16
v 2.58490415009 -3.28554733196 -1.56927660263e-16
v 2.54705858068 -3.24911724845 -9.88052044067e-17
v 2.46535325938 -3.18421869018 -1.46472709484e-17
v 2.20298331409 -3.00283890993 9.54561522803e-17
v 2.17389105676 -2.97449885423 1.03755333026e-16
v 2.15611188993 -2.95145255318 1.11231692336e-16
v 2.14410413122 -2.92763865174 1.20492359486e-16
v 2.13940638347 -2.90746727671 1.30090568291e-16
v 2.13952302305 -2.89035454112 1.39788223572e-16
v 2.14860170808 -2.86105639942 1.60226784911e-16
v 2.16480058549 -2.83645663895 1.81502579873e-16
v 2.18214408536 -2.81780237998 2.00279464174e-16
v 2.20438109076 -2.79859076263 0
v 2.48576288238 -2.55193831089 6.85022519219e-18
v 2.64788545196 -2.38329790066 1.26115609872e-16
v 2.79859076263 -2.20438109076 0
v 2.82135819134 -2.17850964702 5.31981865966e-17
v 2.8450823793 -2.15824332652 1.05456384366e-16
v 2.86485072892 -2.14679492647 1.46074733162e-16
v 2.88338824538 -2.14066485346 1.81378345211e-16
v 2.90123853356 -2.13900819121 2.12513392295e-16
v 2.91899890704 -2.14146066287 2.40420200094e-16
v 2.93729179197 -2.14815181672 2.65682109149e-16
v 2.95427519354 -2.15797673845 2.85752367715e-16
v 2.97159102668 -2.17133692575 3.02684211373e-16
v 3.00861851556 -2.20976154992 3.2641193784e-16
v 3.10800371134 -2.35222243287 3.07859999354e-16
v 3.22291729851 -2.5161642542 1.71795797061e-16
v 3.2728148707 -2.5723672427 8.93383362289e-17
v 3.32187169041 -2.61655660344 0
v 3.40057902495 -2.6625210892 -3.20089271044e-17
v 3.51254579423 -2.70997892497 -1.99581094896e-16
v 3.68741992963 -2.76196065389 -1.33162264171e-16
v 3.88915396224 -2.79935397891 -3.89457726782e-17
v 4.16027210875 -2.82035472326 -1.38711053778e-18
v 4.43204702573 -2.814153365 -8.881784197e-16
v 4.6531518171 -2.43118863255 0
v 4.4797100806 -2.12469522644 -1.14234834645e-16
v 4.26585224779 -1.84506043567 -2.03748798575e-16
v 4.10592676227 -1.68926497683 -2.02696890879e-16
v 4.02015328446 -1.62329722796 -9.87368329177e-17
v 3.97002766831 -1.59097501083 -1.47591483247e-16
v 1.56 -3.82089801334e-16 0
v 1.5363000947 0.27089115716 0
v 1.46592048843 0.533551423588 0
v 1.3509996299 0.78 0
v 1.19502933127 1.00274867111 0
v 1.00274867111 1.19502933127 0
v 0.78 1.3509996299 0
v 0.533551423588 1.46592048843 0
v 0.27089115716 1.5363000947 0
v -9.43646300716e-16 1.56 0
v -0.27089115716 1.5363000947 0
v -0.533551423588 1.46592048843 0
v -0.78 1.3509996299 0
v -1.00274867111 1.19502933127 0
v -1.19502933127 1.00274867111 0
v -1.3509996299 0.78 0
v -1.46592048843 0.533551423588 0
v -1.5363000947 0.27089115716 0
v -1.56 -3.27285093616e-15 0
v -1.5363000947 -0.27089115716 0
v -1.46592048843 -0.533551423588 0
v -1.3509996299 -0.78 0
v -1.19502933127 -1.00274867111 0
v -1.00274867111 -1.19502933127 0
v -0.78 -1.3509996299 0
v -0.533551423588 -1.46592048843 0
v -0.27089115716 -1.5363000947 0
v 3.8701076532e-15 -1.56 0
v 0.27089115716 -1.5363000947 0
v 0.533551423588 -1.46592048843 0
v 0.78 -1.3509996299 0
v 1.00274867111 -1.19502933127 0
v 1.19502933127 -1.00274867111 0
v 1.3509996299 -0.78 0
v 1.46592048843 -0.533551423588 0
v 1.5363000947 -0.27089115716 0
v 4.19978483717 0.492957714274 2.3
v 3.53606225582 0.449699954378 2.3
v 3.53855011413 0.480802549147 2.3
v 3.54446355842 0.502868012821 2.3
v 3.55326092581 0.520298550348 2.3
v 3.56473050746 0.534076286551 2.3
v 3.57903802016 0.54488094128 2.3
v 3.59671566894 0.553060300222 2.3
v 3.61567895956 0.558096034999 2.3
v 3.63737400783 0.560863265087 2.3
v 3.69072529951 0.55980196788 2.3
v 3.86169425059 0.529107700099 2.3
v 4.05882693636 0.494168359795 2.3
v 4.13384515958 0.489606582631 2.3
v 3.91584586253 -0.241113961337 0.574999999969
v 3.92323646963 0.0141616357408 1.15
v 3.91400315172 0.269377225737 1.72500000003
v 3.61513430962 -0.276152000508 0.287499999975
v 3.66773874204 -0.154786185246 0.574999999971
v 3.58813336899 -0.177758816044 0.574999999972
v 3.58846309111 -0.288068919789 0.287499999975
v 3.59780952781 -0.282522232277 0.287499999975
v 3.58044679051 -0.294448723145 0.287499999975
v 3.57614004525 0.413851948862 2.01250000002
v 3.56951434923 0.406037659493 2.01250000002
v 3.58083863931 0.289644453669 1.72500000003
v 3.58423227604 0.421107114066 2.01250000002
v 3.59999131948 0.430718589895 2.01250000002
v 3.65678724175 0.32275890629 1.72500000003
v 3.54898779177 -0.390779170367 0.143749999985
v 3.55487793759 -0.332964726169 0.287499999975
v 3.62318705765 -0.158068898044 0.574999999971
v 3.6064009106 -0.278820826275 0.287499999975
v 3.62641220737 -0.0400603901521 0.862499999982
v 3.67003851671 0.0841646759603 1.15
v 3.62133547034 0.195958525858 1.43750000002
v 3.61303895525 0.313719204197 1.72500000003
v 3.59194193898 0.42640554421 2.01250000002
v 3.5455234429 0.421053704396 2.15625000002
v 3.57704246379 -0.377895671168 0.0718749999914
v 3.57077121101 -0.330817897794 0.215624999979
v 3.57416197937 -0.32716886934 0.215624999979
v 3.57755142957 -0.323919419715 0.215624999979
v 3.56061137101 0.426490547932 2.08437500002
v 3.56316015017 0.430770319366 2.08437500002
v 3.56579155977 0.434659146828 2.08437500002
v 3.55661502284 0.490200165831 2.22812500001
v 3.56230916939 0.497987256582 2.22812500001
v 3.6137898065 -0.377589642299 0.0359374999955
v 3.61335212352 -0.348711177324 0.107812499988
v 3.59472297321 0.505845628281 2.19218750001
v 3.59364618857 0.536430587215 2.2640625
v 3.56255615909 0.472797838123 2.17421875001
v 3.30834540554 -1.32146014985 4.6
v 3.52584124062 -0.509754642906 4.6
v 3.42870295937 -0.967161964928 4.6
v 3.48478501804 -0.740053800777 4.6
v 3.52496376608 -0.515787378879 2.87499999997
v 3.55463016457 -0.236665513916 2.87499999997
v 3.48393854178 -0.744028604136 3.45
v 3.53170174451 -0.467428191767 3.45
v 3.42815082903 -0.969117157916 4.02500000003
v 3.49380844905 -0.696210236725 4.02500000003
v 3.53777626914 -0.418981195142 4.02500000003
v 5.12225924874 -1.15106915029 2.3
v 4.87574671117 -0.899570019533 2.3
v 4.59709670876 -0.684430611186 2.3
v 4.40244793942 -0.575067717534 2.3
v 4.30258060808 -0.533410191009 2.3
v 4.24582252428 -0.515084715879 2.3
v 4.72989865899 -2.00452721658 0.574999999964
v 4.85029217436 -1.69255334643 1.15
v 4.26221426619 -1.46117963437 0.574999999967
v 4.95013355273 -1.3734076221 1.72500000004
v 4.34824846471 -1.18078444721 1.15
v 4.41585783542 -0.895385923583 1.72500000003
v 4.2363759004 -0.802775950921 1.72500000003
v 3.92694033423 -1.56854697029 4.6
v 3.88136632631 -1.55291537976 4.6
v 3.83037606002 -1.54028878669 4.6
v 3.72716789702 -1.52493764722 4.6
v 3.40925896909 -1.49904312243 4.6
v 3.36989430733 -1.48904604291 4.6
v 3.34297394667 -1.47797694416 4.6
v 3.32066797187 -1.4633573799 4.6
v 3.30651391545 -1.44823733057 4.6
v 3.2980585605 -1.43335894703 4.6
v 3.29127186152 -1.40344666952 4.6
v 3.29300062064 -1.37404321332 4.6
v 3.29869340263 -1.34921640123 4.6
v 3.8437443686 -0.785884209227 2.87499999997
v 3.78447127563 -1.03429304962 3.45
v 3.70916224724 -1.27831928137 4.02500000003
v 3.51083369055 -0.761804481229 2.87499999997
v 3.54452279458 -0.660433768863 2.58749999998
v 3.53882375343 -0.654138551279 2.58749999998
v 3.53376832244 -0.647132686231 2.58749999998
v 3.3667328986 -1.35465778432 4.31250000002
v 3.44691545157 -1.2629489747 4.02500000003
v 3.34458233903 -1.3285103611 4.31250000002
v 3.34895125225 -1.33579194277 4.31250000002
v 3.38219647036 -1.21121687002 4.02500000003
v 3.34098271976 -1.3206565551 4.31250000002
v 3.5284525864 -0.545935025119 2.44374999998
v 3.66921889442 -0.748728035677 2.73124999997
v 3.58172190262 -0.804695256155 2.87499999997
v 3.55328278252 -0.667909425956 2.58749999998
v 3.51909966218 -0.603291163278 2.58749999998
v 3.53955816731 -0.789935574246 2.87499999997
v 3.51197268795 -0.904719941014 3.16249999998
v 3.5217800943 -1.03601707235 3.45
v 3.44567108621 -1.131291783 3.73750000002
v 3.40702511703 -1.24283952431 4.02500000003
v 3.3560938135 -1.34482558304 4.31250000002
v 3.3351016663 -1.27480176321 4.31250000002
v 3.31391146296 -1.32891441477 4.45625000002
v 3.55706884452 -0.571221262459 2.37187499999
v 3.54915627562 -0.561608369637 2.37187499999
v 3.54359325682 -0.552393605645 2.37187499999
v 3.53574488441 -0.613067467508 2.51562499998
v 3.3305854129 -1.34897451597 4.38437500002
v 3.3281322327 -1.34196849777 4.38437500002
v 3.31349852664 -1.4141287103 4.52812500001
v 3.30814433284 -1.40288820035 4.52812500001
v 3.30497377084 -1.39260196731 4.52812500001
v 3.60854947534 -0.582061113562 2.3359375
v 3.56669310051 -0.603960506282 2.42578124999
v 3.54177181795 -0.581653970871 2.43476562499
v 5.12540592846 1.13697584343 2.3
v 4.28797288452 0.515989144191 2.3
v 4.40076572972 0.561448771037 2.3
v 4.56129640621 0.648126134172 2.3
v 4.73054463752 0.764099910808 2.3
v 4.93734692045 0.940675380237 2.3
v 4.43205904871 -0.30184954442 0.574999999965
v 4.54414515191 -0.269202951917 0.574999999964
v 4.44230744176 -0.0128604628947 1.15
v 4.55203208925 0.0270092803933 1.15
v 4.43373245102 0.276183112253 1.72500000003
v 4.5406307067 0.323107066313 1.72500000004
v 5.00721966047 -1.57805300033 2.3
v 4.70778345488 -2.32363395855 0.574999999964
v 4.64067596438 -2.4549188225 0.574999999965
v 4.79056096885 -2.14779556061 1.15
v 4.8489848953 -2.01242283121 1.15
v 4.9201469353 -1.83157144727 1.72500000004
v 4.96963973807 -1.69268446711 1.72500000004
v 5.01521288011 -1.55246243066 1.72500000004
v 5.01154120932 1.56427449871 2.3
v 5.24640268713 0.194315917679 0.574999999958
v 5.23887704672 0.341565690237 0.574999999958
v 5.22264527771 0.535234966804 1.15
v 5.2055555175 0.681683152666 1.15
v 5.17675795996 0.873886065471 1.72500000004
v 5.15017649438 1.01891211992 1.72500000004
v 5.11953297489 1.16313453668 1.72500000004
v 3.88359921655 -1.67297851503 2.3
v 3.97148802083 -1.69712673532 2.3
v 4.09189930356 -1.71415396622 2.3
v 4.27426162905 -1.71935450605 2.3
v 4.47882178523 -1.70354238497 2.3
v 4.74620555053 -1.65402468423 2.3
v 3.68735095505 -2.47743889794 0.574999999972
v 3.80074366408 -2.50520917109 0.574999999971
v 3.84072086454 -2.23229120845 1.15
v 3.95568006833 -2.25262532167 1.15
v 3.9778164923 -1.9776846342 1.72500000003
v 4.09385507436 -1.99049642578 1.72500000003
v 3.8881861117 1.66229021155 2.3
v 4.67230552405 1.65882286618 2.3
v 4.32341783903 1.70581405797 2.3
v 4.10016561314 1.70320071743 2.3
v 3.99284920393 1.68934352799 2.3
v 3.93453252393 1.67683481309 2.3
v 5.0984760043 0.628977837362 0.574999999959
v 5.04675291199 0.959351891906 1.15
v 4.42177564808 0.865688450238 0.574999999965
v 4.97364521984 1.28566088587 1.72500000004
v 4.35608585601 1.15153490468 1.15
v 4.27193802677 1.4325019617 1.72500000004
v 4.07019712518 1.42296358315 1.72500000003
v 3.27183163774 -1.40944101838 2.3
v 3.28716972009 -1.37857954334 2.3
v 3.30487556597 -1.3528878353 2.3
v 3.32102949079 -1.33673530536 2.3
v 3.3373635032 -1.32603870075 2.3
v 3.35418532038 -1.31984162202 2.3
v 3.37197831721 -1.31763827289 2.3
v 3.3913772896 -1.31939356465 2.3
v 3.41031784841 -1.32451413572 2.3
v 3.43048992639 -1.3329651683 2.3
v 3.47616285171 -1.36055992448 2.3
v 3.60887917271 -1.47262641567 2.3
v 3.76213141635 -1.60145111485 2.3
v 3.82481821483 -1.64291084137 2.3
v 3.27066501359 -2.16673374699 0.574999999975
v 3.40470326562 -1.9493538985 1.15
v 3.09896183243 -1.9679181396 0.574999999977
v 3.22042892632 -1.76213051087 1.15
v 3.52431477275 -1.72371405517 1.72500000002
v 2.96366573755 -2.04370654813 0.28749999998
v 2.97453333292 -2.04357619419 0.28749999998
v 2.98382439168 -2.04466637396 0.28749999998
v 2.99272214997 -2.04672180256 0.28749999998
v 3.30395410111 -1.42966372151 2.01250000002
v 3.29430893535 -1.4331182466 2.01250000002
v 3.24591945533 -1.53957986471 1.72500000002
v 3.31458976115 -1.42742667953 2.01250000002
v 3.33304323102 -1.42698241901 2.01250000002
v 3.32825010073 -1.54887620873 1.72500000002
v 2.89400457743 -2.10262555449 0.143749999988
v 3.23414777587 -1.64096267369 1.43750000001
v 3.28584312221 -1.53483067713 1.72500000002
v 3.32391574018 -1.42669293589 2.01250000002
v 3.25768732994 -1.46133361024 2.01250000002
v 3.28104022346 -1.40811851708 2.15625000001
v 2.90701810858 -2.11601537751 0.0718749999931
v 2.9164494587 -2.11532284338 0.071874999993
v 2.92523069248 -2.11571845176 0.071874999993
v 2.94390974982 -2.06804356366 0.215624999983
v 3.29682517427 -1.41095403652 2.08437500002
v 3.30117236748 -1.40852203532 2.08437500002
v 3.30539564878 -1.40646991675 2.08437500002
v 3.32521904418 -1.35378171487 2.22812500001
v 3.33404386512 -1.34988496973 2.22812500001
v 2.96751621877 -2.1490571923 0.0359374999963
v 3.36604422851 -1.35928632212 2.19218750001
v 3.38040418512 -1.33226057839 2.2640625
v 3.32166305524 -1.37182314088 2.17421875001
v 3.27569597796 1.40043639984 2.3
v 3.84487814106 1.6411772653 2.3
v 3.79985696374 1.61411194244 2.3
v 3.71593751866 1.55210299847 2.3
v 3.47254802288 1.34595216482 2.3
v 3.43761547505 1.32523417032 2.3
v 3.41073748134 1.31406258943 2.3
v 3.38461973222 1.30866339023 2.3
v 3.36392077251 1.30937491768 2.3
v 3.34742758954 1.31393937162 2.3
v 3.32150000768 1.33032729791 2.3
v 3.30196133511 1.35236799024 2.3
v 3.28846122461 1.37396718889 2.3
v 3.85138837355 0.747524151807 0.574999999969
v 3.7945947894 0.996511581883 1.15
v 3.56795956438 0.863672943736 1.15
v 3.61659083311 0.629711830009 0.574999999971
v 3.72172237347 1.24127649468 1.72500000003
v 3.59300511011 0.510198394645 0.287499999975
v 3.5788752915 0.513393788177 0.287499999975
v 3.56817283187 0.517645869513 0.287499999975
v 3.56074845119 0.521767447613 0.287499999975
v 3.55370418647 0.526769233491 0.287499999975
v 3.53467649893 0.642153656248 0.574999999972
v 3.39178054562 1.20291127371 2.01250000002
v 3.39986366883 1.20030897594 2.01250000002
v 3.4213734051 1.09567481182 1.72500000003
v 3.38389948144 1.20645081532 2.01250000002
v 3.57199006483 0.627181957636 0.574999999971
v 3.49381753567 0.972475891748 1.43750000002
v 3.50420978504 1.09397441718 1.72500000003
v 3.46031507819 1.085674809 1.72500000003
v 3.41118786947 1.19821486095 2.01250000002
v 3.55200079245 1.18619194779 1.86875000003
v 3.54700760905 1.32803151845 2.15625000002
v 3.34927528754 1.23708435781 2.01250000002
v 3.32869708843 1.29143269263 2.15625000002
v 3.47412512035 1.24344190499 2.08437500002
v 3.36857862495 1.23694044111 2.08437500002
v 3.36612261359 1.28384229779 2.22812500001
v 3.3544636815 1.28821102272 2.22812500001
v 3.34503858391 1.29340973303 2.22812500001
v 3.41803420141 1.22582187318 2.08437500002
v 2.85066148762 -2.13661773207 2.3
v 3.01002912211 -1.90555265842 2.3
v 3.15071029157 -1.66265778457 2.3
v 2.48430712699 -2.55335549252 0.574999999982
v 2.67762175447 -2.3498399759 0.57499999998
v 2.64516498033 -2.38631694321 1.15
v 2.82482933345 -2.17065556077 1.15
v 2.7948144794 -2.2091668561 1.72500000002
v 2.96006726662 -1.98227342954 1.72500000002
v 3.10694375539 -1.74307391502 1.72500000002
v 2.85652754592 2.128768806 2.3
v 3.11073671235 1.73629587238 2.3
v 2.99007849946 1.9367077263 2.3
v 3.45342428491 0.874795336518 0.574999999972
v 3.3738319912 1.14396847315 0.574999999973
v 3.38919358447 1.09762159856 1.15
v 3.29225752522 1.36104618374 1.15
v 3.31060185828 1.31579690998 1.72500000003
v 3.19673278054 1.57235673504 1.72500000003
v 3.06301816877 1.81915526279 1.72500000003
v 3.38367860751 -2.5361228416 2.3
v 3.34374027439 -2.50917351196 2.3
v 3.29779042858 -2.48371669012 2.3
v 3.2021293853 -2.4420447908 2.3
v 2.90190277845 -2.33433872127 2.3
v 2.86649419498 -2.31444524467 2.3
v 2.84338032528 -2.29675400976 2.3
v 2.82564560705 -2.27683497514 2.3
v 2.81591232804 -2.25855338647 2.3
v 2.81161866963 -2.24198764406 2.3
v 2.81284723918 -2.21133973637 2.3
v 2.82216570237 -2.1833984034 2.3
v 2.83412110185 -2.16090736543 2.3
v 2.57306909218 -2.96163809543 0.574999999981
v 2.76030173977 -2.78795969374 1.15
v 2.93583816425 -2.60246787392 1.72500000002
v 2.23834732579 -2.85653450396 0.287499999985
v 2.35364185841 -2.81720362156 0.574999999983
v 2.23404970846 -2.84270002533 0.287499999985
v 2.2323808891 -2.83130538274 0.287499999985
v 2.2322380901 -2.82281489141 0.287499999985
v 2.23304763137 -2.81421348627 0.287499999985
v 2.32345962891 -2.74004281411 0.574999999983
v 2.73764199434 -2.33591247972 2.01250000001
v 2.73942989997 -2.34421381864 2.01250000001
v 2.65956892387 -2.41515887874 1.72500000002
v 2.73676679521 -2.32731750711 2.01250000001
v 2.32915054052 -2.77984315939 0.574999999983
v 2.41839280224 -2.70256296627 0.862499999989
v 2.53194249203 -2.65810715056 1.15
v 2.58909759466 -2.5394967962 1.43750000001
v 2.69951452888 -2.48774748545 1.72500000002
v 2.67037950394 -2.4538833583 1.72500000002
v 2.74327844351 -2.35506792157 2.01250000001
v 2.80327275677 -2.48302694663 1.86875000002
v 2.92361283653 -2.40778293763 2.15625000001
v 2.74598412426 -2.28201530437 2.01250000001
v 2.78276206331 -2.23701989377 2.15625000001
v 2.81391483803 -2.38695965765 2.08437500001
v 2.75551115745 -2.2988044433 2.08437500001
v 2.79490135113 -2.27322654673 2.22812500001
v 2.79285531187 -2.26094525289 2.22812500001
v 2.79264497826 -2.25018352379 2.22812500001
v 2.7706099834 -2.34719351283 2.08437500001
v 3.39064150228 2.52680632214 2.3
v 2.83746976571 2.15748271248 2.3
v 2.82407301683 2.18566227883 2.3
v 2.81816147797 2.20772825306 2.3
v 2.81706495286 2.22722222506 2.3
v 2.82010903383 2.24488888544 2.3
v 2.82709737593 2.26139974727 2.3
v 2.83831698938 2.27732210429 2.3
v 2.85222181341 2.29116482384 2.3
v 2.8696266613 2.30440883953 2.3
v 2.91636088383 2.33016537503 2.3
v 3.07977147261 2.38906783492 2.3
v 3.26796305656 2.45737582151 2.3
v 3.33521163219 2.49093431821 2.3
v 3.51177897492 1.74911211554 0.574999999971
v 3.39054162988 1.97388257112 1.15
v 3.25493754702 2.19028909655 1.72500000003
v 3.26887415048 1.56841250707 0.287499999977
v 3.25374801767 1.69982060244 0.574999999973
v 3.19629405773 1.64012303405 0.574999999974
v 3.25173465734 1.54475654298 0.287499999977
v 3.2570555652 1.55423333362 0.287499999977
v 3.24798223906 1.5352233209 0.287499999977
v 2.89010215225 2.14647632375 2.01250000002
v 2.88827127586 2.13639610263 2.01250000002
v 2.95627500166 2.0412587746 1.72500000003
v 2.89348264708 2.15680559652 2.01250000002
v 2.90232464112 2.17300890047 2.01250000002
v 3.00549119444 2.10791103302 1.72500000003
v 3.26890317058 1.43606920708 0.143749999986
v 3.24509696439 1.48908305737 0.287499999977
v 3.21680648361 1.67470184757 0.574999999974
v 3.26264521795 1.56173453664 0.287499999977
v 3.16059529125 1.77851278813 0.862499999984
v 3.13626425036 1.90790800584 1.15
v 3.03818925001 1.98037279665 1.43750000002
v 2.97212391801 2.07820827811 1.72500000003
v 2.89751019597 2.16524900309 2.01250000002
v 2.89439569484 2.09057318019 2.01250000002
v 2.85998651906 2.13740492581 2.15625000001
v 3.28343212518 1.45219836889 0.0718749999921
v 3.28675747964 1.46125398068 0.0718749999921
v 3.25778752873 1.49888890199 0.215624999981
v 3.25889950604 1.50374443751 0.215624999981
v 3.26021013121 1.50825326853 0.215624999981
v 2.87033462634 2.14965733449 2.08437500002
v 2.87040204812 2.15463811485 2.08437500002
v 2.87073650195 2.15932164303 2.08437500002
v 2.83501887835 2.20283330797 2.22812500001
v 2.83605660854 2.21242419966 2.22812500001
v 3.31842859751 1.47989268081 0.0359374999958
v 3.30361032045 1.50468332361 0.107812499989
v 2.86019860022 2.23543665109 2.19218750001
v 2.8439735979 2.26138561018 2.2640625
v 3.27615447616 1.47721224973 0.125781249987
v 2.84886521712 2.19073301822 2.17421875001
v 3.86047205903 -3.55798475003 2.3
v 3.77273550452 -3.21692384498 2.3
v 3.63898722785 -2.8912826508 2.3
v 3.52509789561 -2.69924722199 2.3
v 3.45943901292 -2.61323708009 2.3
v 3.41944780805 -2.56898771119 2.3
v 3.09394878772 -4.10092082163 0.574999999978
v 3.35419956555 -3.89094028245 1.15
v 2.96059601371 -3.39652581595 0.574999999978
v 3.60023759774 -3.66447266686 1.72500000002
v 3.1753014088 -3.19671356003 1.15
v 3.37655210318 -2.98335587372 1.72500000002
v 3.26742117426 -2.81341231724 1.72500000002
v 3.87024381703 3.54735292813 2.3
v 3.45549887664 2.59084614921 2.3
v 3.53045053252 2.6866117635 2.3
v 3.62613549488 2.84194190015 2.3
v 3.71472187442 3.02700225255 2.3
v 3.80553017029 3.28332223623 2.3
v 3.98920049947 1.95462015077 0.574999999967
v 4.069946616 2.03893598082 0.574999999967
v 3.85358132743 2.21001623331 1.15
v 3.92867078794 2.29940676759 1.15
v 3.70163338004 2.45604781682 1.72500000003
v 3.77074800805 2.55013428092 1.72500000003
v 3.54735292813 -3.87024381703 2.3
v 3.65463590859 -3.76910286085 2.3
v 3.75903639985 -3.66498913294 2.3
v 2.79148386464 -4.4463600467 0.57499999998
v 2.91524308817 -4.36621776464 0.574999999979
v 3.0748497171 -4.25532600205 1.15
v 3.19313268629 -4.16730174264 1.15
v 3.34518651269 -4.04626086983 1.72500000002
v 3.45749202727 -3.95072761815 1.72500000002
v 3.56707054423 -3.85207834343 1.72500000002
v 3.55798475003 3.86047205903 2.3
v 3.76910286085 3.65463590859 2.3
v 3.66498913294 3.75903639985 2.3
v 4.4463600467 2.79148386464 0.574999999963
v 4.36621776464 2.91524308817 0.574999999964
v 4.25532600205 3.0748497171 1.15
v 4.16730174264 3.19313268629 1.15
v 4.04626086983 3.34518651269 1.72500000004
v 3.95072761815 3.45749202727 1.72500000004
v 3.85207834343 3.56707054423 1.72500000004
v 2.52680632214 -3.39064150228 2.3
v 2.59084614921 -3.45549887664 2.3
v 2.6866117635 -3.53045053252 2.3
v 2.84194190015 -3.62613549488 2.3
v 3.02700225255 -3.71472187442 2.3
v 3.28332223623 -3.80553017029 2.3
v 1.95462015077 -3.98920049947 0.574999999987
v 2.03893598082 -4.069946616 0.574999999986
v 2.21001623331 -3.85358132743 1.15
v 2.29940676759 -3.92867078794 1.15
v 2.45604781682 -3.70163338004 1.72500000001
v 2.55013428092 -3.77074800805 1.72500000001
v 2.5361228416 3.38367860751 2.3
v 3.21692384498 3.77273550452 2.3
v 2.8912826508 3.63898722785 2.3
v 2.69924722199 3.52509789561 2.3
v 2.61323708009 3.45943901292 2.3
v 2.56898771119 3.41944780805 2.3
v 4.10092082163 3.09394878772 0.574999999966
v 3.89094028245 3.35419956555 1.15
v 3.39652581595 2.96059601371 0.574999999972
v 3.66447266686 3.60023759774 1.72500000003
v 3.19671356003 3.1753014088 1.15
v 2.98335587372 3.37655210318 1.72500000003
v 2.81341231724 3.26742117426 1.72500000003
v 2.128768806 -2.85652754592 2.3
v 2.15748271248 -2.83746976571 2.3
v 2.18566227883 -2.82407301683 2.3
v 2.20772825306 -2.81816147797 2.3
v 2.22722222506 -2.81706495286 2.3
v 2.24488888544 -2.82010903383 2.3
v 2.26139974727 -2.82709737593 2.3
v 2.27732210429 -2.83831698938 2.3
v 2.29116482384 -2.85222181341 2.3
v 2.30440883953 -2.86962666131 2.3
v 2.33016537503 -2.91636088383 2.3
v 2.38906783492 -3.07977147261 2.3
v 2.45737582151 -3.26796305656 2.3
v 2.49093431821 -3.33521163219 2.3
v 1.74911211554 -3.51177897492 0.574999999988
v 1.97388257112 -3.39054162988 1.15
v 1.69982060244 -3.25374801767 0.574999999988
v 1.90790800584 -3.13626425036 1.15
v 2.19028909655 -3.25493754702 1.72500000001
v 1.54475654298 -3.25173465734 0.28749999999
v 1.55423333362 -3.2570555652 0.28749999999
v 1.56173453664 -3.26264521795 0.28749999999
v 1.56841250707 -3.26887415048 0.28749999999
v 2.14647632375 -2.89010215225 2.01250000001
v 2.13639610263 -2.88827127586 2.01250000001
v 2.0412587746 -2.95627500166 1.72500000001
v 2.15680559652 -2.89348264708 2.01250000001
v 2.17300890047 -2.90232464112 2.01250000001
v 2.10791103302 -3.00549119444 1.72500000001
v 1.45496870548 -3.26792943354 0.143749999994
v 1.98037279665 -3.03818925001 1.43750000001
v 2.07820827811 -2.97212391801 1.72500000001
v 2.16524900309 -2.89751019597 2.01250000001
v 2.09057318019 -2.89439569484 2.01250000001
v 2.13740492581 -2.85998651906 2.15625000001
v 1.45954384253 -3.28603212601 0.0718749999966
v 1.46805789839 -3.29014804892 0.0718749999965
v 1.47546486574 -3.29488127272 0.0718749999965
v 1.51547884797 -3.26293313717 0.215624999992
v 2.14965733449 -2.87033462634 2.08437500001
v 2.15463811485 -2.87040204812 2.08437500001
v 2.15932164303 -2.87073650195 2.08437500001
v 2.20283330797 -2.83501887835 2.228125
v 2.21242419966 -2.83605660854 2.228125
v 2.23543665109 -2.86019860022 2.19218750001
v 2.26138561018 -2.8439735979 2.2640625
v 2.19073301822 -2.84886521712 2.17421875001
v 2.13661773207 2.85066148762 2.3
v 2.50917351196 3.34374027439 2.3
v 2.48371669012 3.29779042858 2.3
v 2.4420447908 3.2021293853 2.3
v 2.33433872127 2.90190277845 2.3
v 2.31444524467 2.86649419498 2.3
v 2.29675400976 2.84338032528 2.3
v 2.27683497514 2.82564560705 2.3
v 2.25855338647 2.81591232804 2.3
v 2.24198764406 2.81161866963 2.3
v 2.21133973637 2.81284723918 2.3
v 2.1833984034 2.82216570237 2.3
v 2.16090736543 2.83412110185 2.3
v 2.96163809543 2.57306909218 0.574999999975
v 2.78795969374 2.76030173977 1.15
v 2.60246787392 2.93583816425 1.72500000002
v 2.85653450396 2.23834732579 0.28749999998
v 2.81720362156 2.35364185841 0.574999999977
v 2.74004281411 2.32345962891 0.574999999977
v 2.82281489141 2.2322380901 0.28749999998
v 2.81421348627 2.23304763137 0.28749999998
v 2.83130538274 2.2323808891 0.28749999998
v 2.33591247972 2.73764199434 2.01250000002
v 2.34421381864 2.73942989997 2.01250000002
v 2.41515887874 2.65956892387 1.72500000002
v 2.32731750711 2.73676679521 2.01250000002
v 2.80782937412 2.20547430543 0.143749999988
v 2.77156154488 2.25088188562 0.28749999998
v 2.77984315939 2.32915054052 0.574999999977
v 2.84270002533 2.23404970846 0.28749999998
v 2.70256296627 2.41839280224 0.862499999986
v 2.61924705585 2.42643104555 0.862499999986
v 2.5394967962 2.58909759466 1.43750000001
v 2.48774748545 2.69951452888 1.72500000002
v 2.65810715056 2.53194249203 1.15
v 2.4538833583 2.67037950394 1.72500000002
v 2.35506792157 2.74327844351 2.01250000002
v 2.48302694663 2.80327275677 1.86875000002
v 2.40778293763 2.92361283653 2.15625000001
v 2.28201530437 2.74598412426 2.01250000002
v 2.23701989377 2.78276206331 2.15625000001
v 2.88142065066 2.16250954432 0.0718749999931
v 2.8690089866 2.16349293145 0.0718749999931
v 2.85851556647 2.16589026074 0.0718749999931
v 2.83353890634 2.20988431907 0.215624999983
v 2.8262449265 2.21126281179 0.215624999983
v 2.66296893064 2.411409514 0.862499999986
v 2.58307347343 2.4968041289 1.15
v 2.38695965765 2.81391483803 2.08437500002
v 2.2988044433 2.75551115745 2.08437500002
v 2.27322654673 2.79490135113 2.22812500001
v 2.26094525289 2.79285531187 2.22812500001
v 2.25018352379 2.79264497826 2.22812500001
v 2.72033864329 2.56467357046 1.078125
v 2.63274255791 2.43447955552 0.934374999989
v 2.64359625345 2.45570823449 1.00624999999
v 2.62241924575 2.50507239229 1.15
v 2.34719351283 2.7706099834 2.08437500002
v 2.68446348662 2.49509429332 1.04218749999
v 1.40043639984 -3.27569597796 2.3
v 1.73629587238 -3.11073671235 2.3
v 1.9367077263 -2.99007849946 2.3
v 0.874795336518 -3.45342428491 0.574999999995
v 1.14396847315 -3.3738319912 0.574999999993
v 1.09762159856 -3.38919358447 1.15
v 1.36104618374 -3.29225752522 1.15
v 1.31579690998 -3.31060185828 1.72500000001
v 1.57235673504 -3.19673278054 1.72500000001
v 1.81915526279 -3.06301816877 1.72500000001
v 1.40944101838 3.27183163774 2.3
v 1.82582908119 3.05904469014 2.3
v 1.62113007669 3.17227734041 2.3
v 2.55335549252 2.48430712699 0.574999999979
v 2.3498399759 2.67762175447 0.57499999998
v 2.38631694321 2.64516498033 1.15
v 2.17065556077 2.82482933345 1.15
v 2.2091668561 2.7948144794 1.72500000002
v 1.98227342954 2.96006726662 1.72500000002
v 1.74307391502 3.10694375539 1.72500000002
v 1.66229021155 -3.8881861117 2.3
v 1.6411772653 -3.84487814106 2.3
v 1.61411194244 -3.79985696374 2.3
v 1.55210299847 -3.71593751866 2.3
v 1.34595216482 -3.47254802288 2.3
v 1.32523417032 -3.43761547505 2.3
v 1.31406258943 -3.41073748134 2.3
v 1.30866339023 -3.38461973222 2.3
v 1.30937491768 -3.36392077251 2.3
v 1.31393937162 -3.34742758954 2.3
v 1.33032729791 -3.32150000768 2.3
v 1.35236799024 -3.30196133511 2.3
v 1.37396718889 -3.28846122461 2.3
v 0.747524151807 -3.85138837355 0.574999999996
v 0.996511581883 -3.7945947894 1.15
v 1.24127649468 -3.72172237347 1.725
v 0.510198394645 -3.59300511011 0.287499999997
v 0.629711830009 -3.61659083311 0.574999999997
v 0.513393788177 -3.5788752915 0.287499999997
v 0.517645869513 -3.56817283187 0.287499999997
v 0.521767447613 -3.56074845119 0.287499999997
v 0.526769233491 -3.55370418647 0.287499999997
v 0.642153656248 -3.53467649893 0.574999999997
v 1.20291127371 -3.39178054562 2.0125
v 1.20030897594 -3.39986366883 2.0125
v 1.09567481182 -3.4213734051 1.725
v 1.20645081532 -3.38389948144 2.0125
v 0.627181957636 -3.57199006483 0.574999999997
v 0.743108119936 -3.54968458524 0.862499999998
v 0.791727398048 -3.48155001193 0.862499999998
v 0.972475891748 -3.49381753567 1.4375
v 1.09397441718 -3.50420978504 1.725
v 0.863672943736 -3.56795956438 1.15
v 1.085674809 -3.46031507819 1.725
v 1.19821486095 -3.41118786947 2.0125
v 1.18619194779 -3.55200079245 1.86875
v 1.32803151845 -3.54700760905 2.15625
v 1.23708435781 -3.34927528754 2.0125
v 1.29143269263 -3.32869708843 2.15625
v 0.756857432733 -3.51190350043 0.862499999998
v 0.870759067187 -3.48540931228 1.15
v 1.24344190499 -3.47412512035 2.084375
v 1.23694044111 -3.36857862495 2.084375
v 1.28384229779 -3.36612261359 2.228125
v 1.28821102272 -3.3544636815 2.228125
v 1.29340973303 -3.34503858391 2.228125
v 0.860903142787 -3.63821915721 1.078125
v 0.791949861123 -3.49726171453 0.934374999998
v 0.804907588625 -3.51727563008 1.00625
v 0.858246707171 -3.52361788234 1.15
v 1.22582187318 -3.41803420141 2.084375
v 0.818583299538 -3.5723607216 1.0421875
v 1.67297851503 3.88359921655 2.3
v 1.37857954334 3.28716972009 2.3
v 1.3528878353 3.30487556597 2.3
v 1.33673530536 3.32102949079 2.3
v 1.32603870075 3.3373635032 2.3
v 1.31984162202 3.35418532038 2.3
v 1.31763827289 3.37197831721 2.3
v 1.31939356465 3.3913772896 2.3
v 1.32451413572 3.41031784841 2.3
v 1.3329651683 3.43048992639 2.3
v 1.36055992448 3.47616285171 2.3
v 1.47262641567 3.60887917271 2.3
v 1.60145111485 3.76213141635 2.3
v 1.64291084137 3.82481821483 2.3
v 2.16673374699 3.27066501359 0.574999999981
v 1.9493538985 3.40470326562 1.15
v 1.72371405517 3.52431477275 1.72500000002
v 2.04357619419 2.97453333292 0.287499999985
v 1.9679181396 3.09896183243 0.574999999983
v 2.04370654813 2.96366573755 0.287499999985
v 2.04466637396 2.98382439168 0.287499999985
v 2.04672180256 2.99272214997 0.287499999985
v 1.42966372151 3.30395410111 2.01250000001
v 1.4331182466 3.29430893535 2.01250000001
v 1.53957986471 3.24591945533 1.72500000002
v 1.42742667953 3.31458976115 2.01250000001
v 1.42698241901 3.33304323102 2.01250000001
v 1.54887620873 3.32825010073 1.72500000002
v 2.10262555449 2.89400457743 0.143749999991
v 1.64096267369 3.23414777587 1.43750000001
v 1.76213051087 3.22042892632 1.15
v 1.53483067713 3.28584312221 1.72500000002
v 1.42669293589 3.32391574018 2.01250000001
v 1.46133361024 3.25768732994 2.01250000001
v 1.40811851708 3.28104022346 2.15625000001
v 2.11601537751 2.90701810858 0.0718749999949
v 2.11532284338 2.9164494587 0.0718749999949
v 2.11571845176 2.92523069248 0.0718749999949
v 2.06804356366 2.94390974982 0.215624999988
v 1.90689403016 3.02971438037 0.718749999985
v 1.41095403652 3.29682517427 2.08437500001
v 1.40852203532 3.30117236748 2.08437500001
v 1.40646991675 3.30539564878 2.08437500001
v 1.35378171487 3.32521904418 2.22812500001
v 1.34988496973 3.33404386512 2.22812500001
v 2.1490571923 2.96751621877 0.0359374999973
v 1.92158006439 3.06444524345 0.646874999984
v 1.96733972956 3.14557753917 0.646874999984
v 1.8208228083 3.12536381858 0.934374999992
v 1.86391759852 3.20794248101 0.934374999992
v 1.35928632212 3.36604422851 2.19218750001
v 1.33226057839 3.38040418512 2.2640625
v 1.91240302816 3.08732845374 0.682812499985
v 1.86190105385 3.11804535628 0.826562499988
v 1.37182314088 3.32166305524 2.17421875001
v 1.90255024032 3.05853339034 0.700781249985
v 1.87759641099 3.07391536339 0.772656249987
v 1.56427449871 -5.01154120932 2.3
v 1.65882286618 -4.67230552405 2.3
v 1.70581405797 -4.32341783903 2.3
v 1.70320071743 -4.10016561314 2.3
v 1.68934352799 -3.99284920393 2.3
v 1.67683481309 -3.93453252393 2.3
v 0.628977837362 -5.0984760043 0.574999999998
v 0.959351891906 -5.04675291199 1.15
v 0.865688450238 -4.42177564808 0.574999999995
v 1.28566088587 -4.97364521984 1.725
v 1.15153490468 -4.35608585601 1.15
v 1.4325019617 -4.27193802677 1.725
v 1.42296358315 -4.07019712518 1.725
v 1.57805300033 5.00721966047 2.3
v 1.69712673532 3.97148802083 2.3
v 1.71415396622 4.09189930356 2.3
v 1.71935450605 4.27426162905 2.3
v 1.70354238497 4.47882178523 2.3
v 1.65402468423 4.74620555053 2.3
v 2.47743889794 3.68735095505 0.574999999979
v 2.50520917109 3.80074366408 0.574999999978
v 2.23229120845 3.84072086454 1.15
v 2.25262532167 3.95568006833 1.15
v 1.9776846342 3.9778164923 1.72500000002
v 1.99049642578 4.09385507436 1.72500000002
v 1.13697584343 -5.12540592846 2.3
v 0.341565690237 -5.23887704672 0.575
v 0.194315917679 -5.24640268713 0.575000000001
v 0.535234966804 -5.22264527771 1.15
v 0.681683152666 -5.2055555175 1.15
v 0.873886065471 -5.17675795996 1.725
v 1.01891211992 -5.15017649438 1.725
v 1.16313453668 -5.11953297489 1.725
v 1.15106915029 5.12225924874 2.3
v 1.43682087267 5.04955896885 2.3
v 1.29445549379 5.08791558249 2.3
v 2.4549188225 4.64067596438 0.574999999978
v 2.32363395855 4.70778345488 0.574999999979
v 2.14779556061 4.79056096885 1.15
v 2.01242283121 4.8489848953 1.15
v 1.83157144727 4.9201469353 1.72500000002
v 1.69268446711 4.96963973807 1.72500000002
v 1.55246243066 5.01521288011 1.72500000002
v 0.492957714274 -4.19978483717 2.3
v 0.515989144191 -4.28797288452 2.3
v 0.561448771037 -4.40076572972 2.3
v 0.648126134172 -4.56129640621 2.3
v 0.764099910808 -4.73054463752 2.3
v 0.940675380237 -4.93734692045 2.3
v -0.30184954442 -4.43205904871 0.575000000005
v -0.269202951917 -4.54414515191 0.575000000004
v -0.0128604628947 -4.44230744176 1.15
v 0.0270092803933 -4.55203208925 1.15
v 0.276183112253 -4.43373245102 1.725
v 0.323107066313 -4.5406307067 1.725
v 0.504507504186 4.19841305314 2.3
v 0.899570019534 4.87574671117 2.3
v 0.684430611186 4.59709670876 2.3
v 0.575067717534 4.40244793942 2.3
v 0.533410191009 4.30258060808 2.3
v 0.515084715879 4.24582252428 2.3
v 2.00452721658 4.72989865899 0.574999999982
v 1.69255334643 4.85029217436 1.15
v 1.46117963437 4.26221426619 0.574999999986
v 1.3734076221 4.95013355273 1.72500000002
v 1.18078444721 4.34824846471 1.15
v 0.895385923583 4.41585783542 1.72500000001
v 0.802775950921 4.2363759004 1.72500000001
v 0.415304091822 -3.53820982438 2.3
v 0.449699954378 -3.53606225582 2.3
v 0.480802549147 -3.53855011413 2.3
v 0.502868012821 -3.54446355842 2.3
v 0.520298550348 -3.55326092581 2.3
v 0.534076286551 -3.56473050746 2.3
v 0.54488094128 -3.57903802016 2.3
v 0.553060300222 -3.59671566894 2.3
v 0.558096034999 -3.61567895956 2.3
v 0.560863265087 -3.63737400783 2.3
v 0.55980196788 -3.69072529951 2.3
v 0.529107700099 -3.86169425059 2.3
v 0.494168359795 -4.05882693636 2.3
v 0.489606582631 -4.13384515958 2.3
v -0.241113961337 -3.91584586253 0.575000000004
v 0.0141616357408 -3.92323646963 1.15
v 0.269377225737 -3.91400315172 1.725
v -0.276152000508 -3.61513430962 0.287500000003
v -0.154786185246 -3.66773874204 0.575000000003
v -0.177758816044 -3.58813336899 0.575000000003
v -0.288068919789 -3.58846309111 0.287500000003
v -0.282522232277 -3.59780952781 0.287500000003
v -0.294448723145 -3.58044679051 0.287500000003
v 0.430718589895 -3.59999131948 2.0125
v -0.390779170367 -3.54898779177 0.143750000002
v -0.332964726169 -3.55487793759 0.287500000003
v -0.158068898044 -3.62318705765 0.575000000003
v -0.278820826275 -3.6064009106 0.287500000003
v -0.0400603901521 -3.62641220737 0.862500000002
v 0.0841646759603 -3.67003851671 1.15
v 0.13143465002 -3.56801733336 1.4375
v 0.25487259545 -3.61766640778 1.58125
v 0.32275890629 -3.65678724175 1.725
v 0.372482763129 -3.60745433835 1.86875
v 0.421107114066 -3.58423227604 2.0125
v 0.413851948862 -3.57614004525 2.0125
v 0.42640554421 -3.59194193898 2.0125
v 0.406037659493 -3.56951434923 2.0125
v 0.374451631966 -3.61229404202 1.86875
v 0.421053704396 -3.5455234429 2.15625
v -0.384075383802 -3.56963481645 0.071875000001
v -0.377895671168 -3.57704246379 0.071875000001
v -0.330817897794 -3.57077121101 0.215625000002
v -0.32716886934 -3.57416197937 0.215625000002
v -0.323919419715 -3.57755142957 0.215625000002
v 0.0560615936731 -3.59209639695 1.15
v 0.202141527681 -3.58684236427 1.509375
v 0.426490547932 -3.56061137101 2.084375
v 0.430770319366 -3.56316015017 2.084375
v 0.434659146828 -3.56579155977 2.084375
v 0.490200165831 -3.55661502284 2.228125
v 0.497987256582 -3.56230916939 2.228125
v -0.348711177324 -3.61335212352 0.107812500001
v 0.0779903873622 -3.62579479433 1.15
v 0.536430587215 -3.59364618857 2.2640625
v -0.358773903029 -3.57583912794 0.125781250002
v 0.425034490335 3.5370541319 2.3
v 0.501137866669 4.15035077726 2.3
v 0.502066535163 4.09782863257 2.3
v 0.51380813336 3.99414778927 2.3
v 0.570645244428 3.68029088608 2.3
v 0.571121280064 3.63967941499 2.3
v 0.567357156058 3.6108165992 2.3
v 0.558974125171 3.58549836537 2.3
v 0.548008444466 3.56792830415 2.3
v 0.535808919912 3.55592701568 2.3
v 0.508652768502 3.54166703428 2.3
v 0.479795632739 3.53576639364 2.3
v 0.454340122761 3.53487455432 2.3
v 1.27831928137 3.70916224724 0.574999999988
v 1.03429304962 3.78447127563 1.15
v 0.785884209227 3.8437443686 1.72500000001
v 1.35465778432 3.3667328986 0.28749999999
v 1.2629489747 3.44691545157 0.574999999988
v 1.21121687002 3.38219647036 0.574999999989
v 1.3285103611 3.34458233903 0.28749999999
v 1.3206565551 3.34098271976 0.28749999999
v 1.33579194277 3.34895125225 0.28749999999
v 0.654138551279 3.53882375343 2.01250000001
v 0.660433768863 3.54452279458 2.01250000001
v 0.761804481229 3.51083369055 1.72500000001
v 0.647132686231 3.53376832244 2.01250000001
v 1.32891441477 3.31391146296 0.143749999994
v 1.27480176321 3.3351016663 0.28749999999
v 1.24283952431 3.40702511703 0.574999999988
v 1.34482558304 3.3560938135 0.28749999999
v 1.131291783 3.44567108621 0.862499999993
v 1.05511896638 3.4109744539 0.862499999993
v 0.904719941014 3.51197268795 1.43750000001
v 0.804695256155 3.58172190262 1.72500000001
v 1.03601707235 3.5217800943 1.15
v 0.789935574246 3.53955816731 1.72500000001
v 0.667909425956 3.55328278252 2.01250000001
v 0.748728035677 3.66921889442 1.86875000001
v 0.623394772522 3.73581445608 2.15625000001
v 0.603291163278 3.51909966218 2.01250000001
v 0.545935025119 3.5284525864 2.15625000001
v 1.4141287103 3.31349852664 0.0718749999965
v 1.40288820035 3.30814433284 0.0718749999966
v 1.39260196731 3.30497377084 0.0718749999966
v 1.34897451597 3.3305854129 0.215624999992
v 1.34196849777 3.3281322327 0.215624999992
v 1.10049398642 3.41982636338 0.862499999993
v 0.988605183381 3.45383254062 1.15
v 0.66021028232 3.63040156264 2.08437500001
v 0.613067467508 3.53574488441 2.08437500001
v 0.571221262459 3.55706884452 2.228125
v 0.561608369637 3.54915627562 2.228125
v 0.552393605645 3.54359325682 2.228125
v 1.07354558675 3.58124178607 1.078125
v 1.06278215901 3.42469241903 0.934374999995
v 1.06156739559 3.44850384208 1.00625
v 1.01854549004 3.48066595292 1.15
v 0.64742421801 3.57301538601 2.08437500001
v 1.07726642829 3.50304678616 1.0421875
v -0.425034490335 -3.5370541319 2.3
v -0.145242449386 -3.55953801509 2.3
v 0.135451266545 -3.55992404475 2.3
v -0.969117157916 -3.42815082903 0.575000000009
v -0.696210236725 -3.49380844905 0.575000000007
v -0.744028604136 -3.48393854178 1.15
v -0.467428191767 -3.53170174451 1.15
v -0.515787378879 -3.52496376608 1.72499999999
v -0.236665513916 -3.55463016457 1.72499999999
v 0.0439255866173 -3.56222917781 1.72499999999
v -0.415304091822 3.53820982438 2.3
v 0.051692022208 3.56212495357 2.3
v -0.182198840949 3.55783780299 2.3
v 0.969117157916 3.42815082903 0.574999999991
v 0.696210236725 3.49380844905 0.574999999993
v 0.744028604136 3.48393854178 1.15
v 0.467428191767 3.53170174451 1.15
v 0.515787378879 3.52496376608 1.72500000001
v 0.236665513916 3.55463016457 1.72500000001
v -0.0439255866173 3.56222917781 1.72500000001
v -0.504507504186 -4.19841305314 2.3
v -0.501137866669 -4.15035077726 2.3
v -0.502066535163 -4.09782863257 2.3
v -0.51380813336 -3.99414778927 2.3
v -0.570645244428 -3.68029088608 2.3
v -0.571121280064 -3.63967941499 2.3
v -0.567357156058 -3.6108165992 2.3
v -0.558974125171 -3.58549836537 2.3
v -0.548008444466 -3.56792830415 2.3
v -0.535808919912 -3.55592701568 2.3
v -0.508652768502 -3.54166703428 2.3
v -0.479795632739 -3.53576639364 2.3
v -0.454340122761 -3.53487455432 2.3
v -1.27831928137 -3.70916224724 0.575000000012
v -1.03429304962 -3.78447127563 1.15
v -0.785884209227 -3.8437443686 1.72499999999
v -1.35465778432 -3.3667328986 0.28750000001
v -1.2629489747 -3.44691545157 0.575000000012
v -1.34482558304 -3.3560938135 0.28750000001
v -1.33579194277 -3.34895125225 0.28750000001
v -1.3285103611 -3.34458233903 0.28750000001
v -1.3206565551 -3.34098271976 0.28750000001
v -1.21121687002 -3.38219647036 0.575000000011
v -0.654138551279 -3.53882375343 2.01249999999
v -0.660433768863 -3.54452279458 2.01249999999
v -0.761804481229 -3.51083369055 1.72499999999
v -0.647132686231 -3.53376832244 2.01249999999
v -1.24283952431 -3.40702511703 0.575000000012
v -1.131291783 -3.44567108621 0.862500000007
v -1.05511896638 -3.4109744539 0.862500000007
v -0.904719941014 -3.51197268795 1.43749999999
v -0.804695256155 -3.58172190262 1.72499999999
v -1.03601707235 -3.5217800943 1.15
v -0.789935574246 -3.53955816731 1.72499999999
v -0.667909425956 -3.55328278252 2.01249999999
v -0.748728035677 -3.66921889442 1.86874999999
v -0.623394772522 -3.73581445608 2.15624999999
v -0.603291163278 -3.51909966218 2.01249999999
v -0.545935025119 -3.5284525864 2.15624999999
v -1.10049398642 -3.41982636338 0.862500000007
v -0.988605183381 -3.45383254062 1.15
v -0.66021028232 -3.63040156264 2.08437499999
v -0.613067467508 -3.53574488441 2.08437499999
v -0.571221262459 -3.55706884452 2.228125
v -0.561608369637 -3.54915627562 2.228125
v -0.552393605645 -3.54359325682 2.228125
v -1.07354558675 -3.58124178607 1.078125
v -1.06278215901 -3.42469241903 0.934375000005
v -1.06156739559 -3.44850384208 1.00625
v -1.01854549004 -3.48066595292 1.15
v -0.64742421801 -3.57301538601 2.08437499999
v -1.07726642829 -3.50304678616 1.0421875
v -0.492957714274 4.19978483717 2.3
v -0.449699954378 3.53606225582 2.3
v -0.480802549147 3.53855011413 2.3
v -0.502868012821 3.54446355842 2.3
v -0.520298550348 3.55326092581 2.3
v -0.534076286551 3.56473050746 2.3
v -0.54488094128 3.57903802016 2.3
v -0.553060300222 3.59671566894 2.3
v -0.558096034999 3.61567895956 2.3
v -0.560863265087 3.63737400783 2.3
v -0.55980196788 3.69072529951 2.3
v -0.529107700099 3.86169425059 2.3
v -0.494168359795 4.05882693636 2.3
v -0.489606582631 4.13384515958 2.3
v 0.241113961337 3.91584586253 0.574999999996
v -0.0141616357408 3.92323646963 1.15
v -0.269377225737 3.91400315172 1.725
v 0.276152000508 3.61513430962 0.287499999997
v 0.154786185246 3.66773874204 0.574999999997
v 0.177758816044 3.58813336899 0.574999999997
v 0.288068919789 3.58846309111 0.287499999997
v 0.282522232277 3.59780952781 0.287499999997
v 0.294448723145 3.58044679051 0.287499999997
v -0.413851948862 3.57614004525 2.0125
v -0.406037659493 3.56951434923 2.0125
v -0.289644453669 3.58083863931 1.725
v -0.421107114066 3.58423227604 2.0125
v -0.430718589895 3.59999131948 2.0125
v -0.32275890629 3.65678724175 1.725
v 0.390779170367 3.54898779177 0.143749999998
v 0.332964726169 3.55487793759 0.287499999997
v 0.158068898044 3.62318705765 0.574999999997
v 0.278820826275 3.6064009106 0.287499999997
v 0.0400603901521 3.62641220737 0.862499999998
v -0.0841646759603 3.67003851671 1.15
v -0.195958525858 3.62133547034 1.4375
v -0.313719204197 3.61303895525 1.725
v -0.42640554421 3.59194193898 2.0125
v -0.363291635094 3.55190679043 2.0125
v -0.421053704396 3.5455234429 2.15625
v 0.384075383802 3.56963481645 0.071874999999
v 0.377895671168 3.57704246379 0.071874999999
v 0.330817897794 3.57077121101 0.215624999998
v 0.32716886934 3.57416197937 0.215624999998
v 0.323919419715 3.57755142957 0.215624999998
v -0.426490547932 3.56061137101 2.084375
v -0.430770319366 3.56316015017 2.084375
v -0.434659146828 3.56579155977 2.084375
v -0.490200165831 3.55661502284 2.228125
v -0.497987256582 3.56230916939 2.228125
v 0.348711177324 3.61335212352 0.107812499999
v -0.505845628281 3.59472297321 2.1921875
v -0.536430587215 3.59364618857 2.2640625
v 0.358773903029 3.57583912794 0.125781249998
v -0.472797838123 3.56255615909 2.17421875
v -1.15106915029 -5.12225924874 2.3
v -0.899570019533 -4.87574671117 2.3
v -0.684430611186 -4.59709670876 2.3
v -0.575067717534 -4.40244793942 2.3
v -0.533410191009 -4.30258060808 2.3
v -0.515084715879 -4.24582252428 2.3
v -2.00452721658 -4.72989865899 0.575000000018
v -1.69255334643 -4.85029217436 1.15
v -1.46117963437 -4.26221426619 0.575000000014
v -1.3734076221 -4.95013355273 1.72499999998
v -1.18078444721 -4.34824846471 1.15
v -0.895385923583 -4.41585783542 1.72499999999
v -0.802775950921 -4.2363759004 1.72499999999
v -1.13697584343 5.12540592846 2.3
v -0.515989144191 4.28797288452 2.3
v -0.561448771037 4.40076572972 2.3
v -0.648126134172 4.56129640621 2.3
v -0.764099910808 4.73054463752 2.3
v -0.940675380237 4.93734692045 2.3
v 0.30184954442 4.43205904871 0.574999999995
v 0.269202951917 4.54414515191 0.574999999996
v 0.0128604628947 4.44230744176 1.15
v -0.0270092803933 4.55203208925 1.15
v -0.276183112253 4.43373245102 1.725
v -0.323107066313 4.5406307067 1.725
v -1.57805300033 -5.00721966047 2.3
v -1.43682087267 -5.04955896885 2.3
v -1.29445549379 -5.08791558249 2.3
v -2.4549188225 -4.64067596438 0.575000000022
v -2.32363395855 -4.70778345488 0.575000000021
v -2.14779556061 -4.79056096885 1.15
v -2.01242283121 -4.8489848953 1.15
v -1.83157144727 -4.9201469353 1.72499999998
v -1.69268446711 -4.96963973807 1.72499999998
v -1.55246243066 -5.01521288011 1.72499999998
v -1.56427449871 5.01154120932 2.3
v -1.280456108 5.09145678126 2.3
v -1.42292644955 5.05349189365 2.3
v -0.194315917679 5.24640268713 0.574999999999
v -0.341565690237 5.23887704672 0.575
v -0.535234966804 5.22264527771 1.15
v -0.681683152666 5.2055555175 1.15
v -0.873886065471 5.17675795996 1.725
v -1.01891211992 5.15017649438 1.725
v -1.16313453668 5.11953297489 1.725
v -1.67297851503 -3.88359921655 2.3
v -1.69712673532 -3.97148802083 2.3
v -1.71415396622 -4.09189930356 2.3
v -1.71935450605 -4.27426162905 2.3
v -1.70354238497 -4.47882178523 2.3
v -1.65402468423 -4.74620555053 2.3
v -2.47743889794 -3.68735095505 0.575000000021
v -2.50520917109 -3.80074366408 0.575000000022
v -2.23229120845 -3.84072086454 1.15
v -2.25262532167 -3.95568006833 1.15
v -1.9776846342 -3.9778164923 1.72499999998
v -1.99049642578 -4.09385507436 1.72499999998
v -1.66229021155 3.8881861117 2.3
v -1.65882286618 4.67230552405 2.3
v -1.70581405797 4.32341783903 2.3
v -1.70320071743 4.10016561314 2.3
v -1.68934352799 3.99284920393 2.3
v -1.67683481309 3.93453252393 2.3
v -0.628977837362 5.0984760043 0.575000000002
v -0.959351891906 5.04675291199 1.15
v -0.865688450238 4.42177564808 0.575000000005
v -1.28566088587 4.97364521984 1.725
v -1.15153490468 4.35608585601 1.15
v -1.4325019617 4.27193802677 1.725
v -1.42296358315 4.07019712518 1.725
v -1.40944101838 -3.27183163774 2.3
v -1.37857954334 -3.28716972009 2.3
v -1.3528878353 -3.30487556597 2.3
v -1.33673530536 -3.32102949079 2.3
v -1.32603870075 -3.3373635032 2.3
v -1.31984162202 -3.35418532038 2.3
v -1.31763827289 -3.37197831721 2.3
v -1.31939356465 -3.3913772896 2.3
v -1.32451413572 -3.41031784841 2.3
v -1.3329651683 -3.43048992639 2.3
v -1.36055992448 -3.47616285171 2.3
v -1.47262641567 -3.60887917271 2.3
v -1.60145111485 -3.76213141635 2.3
v -1.64291084137 -3.82481821483 2.3
v -2.16673374699 -3.27066501359 0.575000000019
v -1.9493538985 -3.40470326562 1.15
v -1.72371405517 -3.52431477275 1.72499999998
v -2.04672180256 -2.99272214997 0.287500000015
v -1.9679181396 -3.09896183243 0.575000000017
v -1.94801033494 -3.01853524169 0.575000000017
v -2.04370654813 -2.96366573755 0.287500000015
v -2.04357619419 -2.97453333292 0.287500000015
v -2.04522346961 -2.95353351591 0.287500000015
v -1.42698241901 -3.33304323102 2.01249999999
v -2.11291858469 -2.87812400021 0.143750000009
v -2.06579488022 -2.91213223822 0.287500000015
v -1.94848521008 -3.05873758556 0.575000000017
v -2.04466637396 -2.98382439168 0.287500000015
v -1.84789941924 -3.1205349011 0.862500000011
v -1.76213051087 -3.22042892632 1.15
v -1.67018292083 -3.15571097684 1.43749999999
v -1.5881070615 -3.26042730928 1.58124999999
v -1.54887620873 -3.32825010073 1.72499999998
v -1.48114763384 -3.31038848157 1.86874999998
v -1.42742667953 -3.31458976115 2.01249999999
v -1.42966372151 -3.30395410111 2.01249999999
v -1.42669293589 -3.32391574018 2.01249999999
v -1.4331182466 -3.29430893535 2.01249999999
v -1.48186239524 -3.31556422231 1.86874999998
v -1.40811851708 -3.28104022346 2.15624999999
v -2.11743644757 -2.89935674138 0.0718750000051
v -2.11578848311 -2.90886180847 0.0718750000051
v -2.07188230902 -2.92696963094 0.215625000012
v -2.07041754186 -2.9317306367 0.215625000012
v -2.06929816104 -2.93629071149 0.215625000012
v -1.74749743418 -3.13887752943 1.15
v -1.56594471154 -3.23328261236 1.65312499998
v -1.618361484 -3.20736737066 1.50937499999
v -1.41095403652 -3.29682517427 2.08437499999
v -1.40852203532 -3.30117236748 2.08437499999
v -1.40646991675 -3.30539564878 2.08437499999
v -1.35378171487 -3.32521904418 2.22812499999
v -1.34988496973 -3.33404386512 2.22812499999
v -2.13389712568 -2.94083895521 0.0359375000027
v -2.10866879991 -2.95489914313 0.107812500007
v -1.74535574046 -3.17902559448 1.15
v -1.69220322364 -3.18677773528 1.29374999999
v -1.67448507983 -3.17082383615 1.36562499999
v -1.77773391394 -3.28898996478 1.221875
v -1.54818845089 -3.2795705148 1.68906249998
v -1.35928632212 -3.36604422851 2.19218749999
v -1.33226057839 -3.38040418512 2.2640625
v -2.09862687821 -2.91738057313 0.125781250008
v -1.71973829846 -3.2364084922 1.2578125
v -1.37182314088 -3.32166305524 2.17421874999
v -1.68585135716 -3.20281629727 1.31171874999
v -1.6602834415 -3.22151765089 1.38359374999
v -1.65459584868 -3.1878322274 1.41054687499
v -1.40043639984 3.27569597796 2.3
v -1.6411772653 3.84487814106 2.3
v -1.61411194244 3.79985696374 2.3
v -1.55210299847 3.71593751866 2.3
v -1.34595216482 3.47254802288 2.3
v -1.32523417032 3.43761547505 2.3
v -1.31406258943 3.41073748134 2.3
v -1.30866339023 3.38461973222 2.3
v -1.30937491768 3.36392077251 2.3
v -1.31393937162 3.34742758954 2.3
v -1.33032729791 3.32150000768 2.3
v -1.35236799024 3.30196133511 2.3
v -1.37396718889 3.28846122461 2.3
v -0.747524151807 3.85138837355 0.575000000004
v -0.996511581883 3.7945947894 1.15
v -1.24127649468 3.72172237347 1.725
v -0.510198394645 3.59300511011 0.287500000003
v -0.629711830009 3.61659083311 0.575000000003
v -0.642153656248 3.53467649893 0.575000000003
v -0.521767447613 3.56074845119 0.287500000003
v -0.526769233491 3.55370418647 0.287500000003
v -0.517645869513 3.56817283187 0.287500000003
v -1.20291127371 3.39178054562 2.0125
v -1.20030897594 3.39986366883 2.0125
v -1.09567481182 3.4213734051 1.725
v -1.20645081532 3.38389948144 2.0125
v -0.506082088837 3.5343887202 0.143750000002
v -0.56354012142 3.52568364883 0.287500000003
v -0.627181957636 3.57199006483 0.575000000003
v -0.513393788177 3.5788752915 0.287500000003
v -0.743108119936 3.54968458524 0.862500000002
v -0.791727398048 3.48155001193 0.862500000002
v -0.972475891748 3.49381753567 1.4375
v -1.09397441718 3.50420978504 1.725
v -0.863672943736 3.56795956438 1.15
v -1.085674809 3.46031507819 1.725
v -1.19821486095 3.41118786947 2.0125
v -1.18619194779 3.55200079245 1.86875
v -1.32803151845 3.54700760905 2.15625
v -1.23708435781 3.34927528754 2.0125
v -1.29143269263 3.32869708843 2.15625
v -0.439135346243 3.5663811318 0.071875000001
v -0.446458204369 3.55849222805 0.071875000001
v -0.497046506568 3.55885883503 0.215625000002
v -0.501887306206 3.55323130956 0.215625000002
v -0.756857432733 3.51190350043 0.862500000002
v -0.804907588625 3.51727563008 1.00625
v -0.870759067187 3.48540931228 1.15
v -1.24344190499 3.47412512035 2.084375
v -1.23694044111 3.36857862495 2.084375
v -1.28384229779 3.36612261359 2.228125
v -1.28821102272 3.3544636815 2.228125
v -1.29340973303 3.34503858391 2.228125
v -0.436472194173 3.60622782813 0.107812500001
v -0.860903142787 3.63821915721 1.078125
v -0.858246707171 3.52361788234 1.15
v -1.22582187318 3.41803420141 2.084375
v -0.459719932455 3.56513532332 0.125781250002
v -0.818583299538 3.5723607216 1.0421875
v -2.13661773207 -2.85066148762 2.3
v -1.82582908119 -3.05904469014 2.3
v -1.62113007669 -3.17227734041 2.3
v -2.55335549252 -2.48430712699 0.575000000021
v -2.3498399759 -2.67762175447 0.57500000002
v -2.38631694321 -2.64516498033 1.15
v -2.17065556077 -2.82482933345 1.15
v -2.2091668561 -2.7948144794 1.72499999998
v -1.98227342954 -2.96006726662 1.72499999998
v -1.74307391502 -3.10694375539 1.72499999998
v -2.128768806 2.85652754592 2.3
v -1.73629587238 3.11073671235 2.3
v -1.9367077263 2.99007849946 2.3
v -0.874795336518 3.45342428491 0.575000000005
v -1.14396847315 3.3738319912 0.575000000007
v -1.09762159856 3.38919358447 1.15
v -1.36104618374 3.29225752522 1.15
v -1.31579690998 3.31060185828 1.72499999999
v -1.57235673504 3.19673278054 1.72499999999
v -1.81915526279 3.06301816877 1.72499999999
v -2.5361228416 -3.38367860751 2.3
v -2.50917351196 -3.34374027439 2.3
v -2.48371669012 -3.29779042858 2.3
v -2.4420447908 -3.2021293853 2.3
v -2.33433872127 -2.90190277845 2.3
v -2.31444524467 -2.86649419498 2.3
v -2.29675400976 -2.84338032528 2.3
v -2.27683497514 -2.82564560705 2.3
v -2.25855338647 -2.81591232804 2.3
v -2.24198764406 -2.81161866963 2.3
v -2.21133973637 -2.81284723918 2.3
v -2.1833984034 -2.82216570237 2.3
v -2.16090736543 -2.83412110185 2.3
v -2.96163809543 -2.57306909218 0.575000000025
v -2.78795969374 -2.76030173977 1.15
v -2.60246787392 -2.93583816425 1.72499999998
v -2.85653450396 -2.23834732579 0.28750000002
v -2.81720362156 -2.35364185841 0.575000000023
v -2.74004281411 -2.32345962891 0.575000000023
v -2.82281489141 -2.2322380901 0.28750000002
v -2.81421348627 -2.23304763137 0.28750000002
v -2.83130538274 -2.2323808891 0.28750000002
v -2.33591247972 -2.73764199434 2.01249999998
v -2.34421381864 -2.73942989997 2.01249999998
v -2.41515887874 -2.65956892387 1.72499999998
v -2.32731750711 -2.73676679521 2.01249999998
v -2.80782937412 -2.20547430543 0.143750000012
v -2.77156154488 -2.25088188562 0.28750000002
v -2.77984315939 -2.32915054052 0.575000000023
v -2.84270002533 -2.23404970846 0.28750000002
v -2.70256296627 -2.41839280224 0.862500000014
v -2.61924705585 -2.42643104555 0.862500000014
v -2.5394967962 -2.58909759466 1.43749999999
v -2.48774748545 -2.69951452888 1.72499999998
v -2.65810715056 -2.53194249203 1.15
v -2.4538833583 -2.67037950394 1.72499999998
v -2.35506792157 -2.74327844351 2.01249999998
v -2.48302694663 -2.80327275677 1.86874999998
v -2.40778293763 -2.92361283653 2.15624999999
v -2.28201530437 -2.74598412426 2.01249999998
v -2.23701989377 -2.78276206331 2.15624999999
v -2.8690089866 -2.16349293145 0.0718750000069
v -2.85851556647 -2.16589026074 0.0718750000069
v -2.83353890634 -2.20988431907 0.215625000017
v -2.8262449265 -2.21126281179 0.215625000017
v -2.66296893064 -2.411409514 0.862500000014
v -2.58307347343 -2.4968041289 1.15
v -2.38695965765 -2.81391483803 2.08437499998
v -2.2988044433 -2.75551115745 2.08437499998
v -2.27322654673 -2.79490135113 2.22812499999
v -2.26094525289 -2.79285531187 2.22812499999
v -2.25018352379 -2.79264497826 2.22812499999
v -2.92244445359 -2.15737364441 0.0359375000037
v -2.9048488139 -2.18110992226 0.10781250001
v -2.72033864329 -2.56467357046 1.078125
v -2.63274255791 -2.43447955552 0.934375000011
v -2.64359625345 -2.45570823449 1.00625000001
v -2.62241924575 -2.50507239229 1.15
v -2.34719351283 -2.7706099834 2.08437499998
v -2.8576377917 -2.18069680179 0.125781250011
v -2.68446348662 -2.49509429332 1.04218750001
v -2.52680632214 3.39064150228 2.3
v -2.15748271248 2.83746976571 2.3
v -2.18566227883 2.82407301683 2.3
v -2.20772825306 2.81816147797 2.3
v -2.22722222506 2.81706495286 2.3
v -2.24488888544 2.82010903383 2.3
v -2.26139974727 2.82709737593 2.3
v -2.27732210429 2.83831698938 2.3
v -2.29116482384 2.85222181341 2.3
v -2.30440883953 2.86962666131 2.3
v -2.33016537503 2.91636088383 2.3
v -2.38906783492 3.07977147261 2.3
v -2.45737582151 3.26796305656 2.3
v -2.49093431821 3.33521163219 2.3
v -1.74911211554 3.51177897492 0.575000000012
v -1.97388257112 3.39054162988 1.15
v -2.19028909655 3.25493754702 1.72499999999
v -1.55423333362 3.2570555652 0.28750000001
v -1.69982060244 3.25374801767 0.575000000012
v -1.54475654298 3.25173465734 0.28750000001
v -1.56173453664 3.26264521795 0.28750000001
v -1.56841250707 3.26887415048 0.28750000001
v -2.14647632375 2.89010215225 2.01249999999
v -2.13639610263 2.88827127586 2.01249999999
v -2.0412587746 2.95627500166 1.72499999999
v -2.15680559652 2.89348264708 2.01249999999
v -2.17300890047 2.90232464112 2.01249999999
v -2.10791103302 3.00549119444 1.72499999999
v -1.44259509572 3.2682551537 0.143750000006
v -1.98037279665 3.03818925001 1.43749999999
v -1.90790800584 3.13626425036 1.15
v -2.07820827811 2.97212391801 1.72499999999
v -2.16524900309 2.89751019597 2.01249999999
v -2.09057318019 2.89439569484 2.01249999999
v -2.13740492581 2.85998651906 2.15624999999
v -1.45954384253 3.28603212601 0.0718750000034
v -1.45496870548 3.26792943354 0.143750000006
v -1.46805789839 3.29014804892 0.0718750000035
v -1.47546486574 3.29488127272 0.0718750000035
v -1.51547884797 3.26293313717 0.215625000008
v -1.68689876381 3.19202892433 0.646875000011
v -1.67036260453 3.16627586263 0.71875000001
v -1.72016017868 3.15599111226 0.790625000009
v -2.14965733449 2.87033462634 2.08437499999
v -2.15463811485 2.87040204812 2.08437499999
v -2.15932164303 2.87073650195 2.08437499999
v -2.20283330797 2.83501887835 2.228125
v -2.21242419966 2.83605660854 2.228125
v -1.49541583544 3.3448962321 0.0359375000019
v -1.71477289644 3.19703212505 0.68281250001
v -1.75834449399 3.28497300814 0.682812500011
v -1.81791893495 3.13952724831 0.970312500005
v -1.86432968 3.22600340601 0.970312500005
v -2.23543665109 2.86019860022 2.19218749999
v -2.26138561018 2.8439735979 2.2640625
v -1.69575825865 3.17615998945 0.70078125001
v -1.74842453411 3.20366922117 0.73671875001
v -1.8003351235 3.17478791861 0.880468750007
v -2.19073301822 2.84886521712 2.17421874999
v -3.55798475003 -3.86047205903 2.3
v -3.21692384498 -3.77273550452 2.3
v -2.8912826508 -3.63898722785 2.3
v -2.69924722199 -3.52509789561 2.3
v -2.61323708009 -3.45943901292 2.3
v -2.56898771119 -3.41944780805 2.3
v -4.10092082163 -3.09394878772 0.575000000034
v -3.89094028245 -3.35419956555 1.15
v -3.39652581595 -2.96059601371 0.575000000028
v -3.66447266686 -3.60023759774 1.72499999997
v -3.19671356003 -3.1753014088 1.15
v -2.98335587372 -3.37655210318 1.72499999997
v -2.81341231724 -3.26742117426 1.72499999997
v -3.54735292813 3.87024381703 2.3
v -2.59084614921 3.45549887664 2.3
v -2.6866117635 3.53045053252 2.3
v -2.84194190015 3.62613549488 2.3
v -3.02700225255 3.71472187442 2.3
v -3.28332223623 3.80553017029 2.3
v -1.95462015077 3.98920049947 0.575000000013
v -2.03893598082 4.069946616 0.575000000014
v -2.21001623331 3.85358132743 1.15
v -2.29940676759 3.92867078794 1.15
v -2.45604781682 3.70163338004 1.72499999999
v -2.55013428092 3.77074800805 1.72499999999
v -3.87024381703 -3.54735292813 2.3
v -4.4463600467 -2.79148386464 0.575000000037
v -4.36621776464 -2.91524308817 0.575000000036
v -4.25532600205 -3.0748497171 1.15
v -4.16730174264 -3.19313268629 1.15
v -4.04626086983 -3.34518651269 1.72499999996
v -3.95072761815 -3.45749202727 1.72499999996
v -3.85207834343 -3.56707054423 1.72499999996
v -3.86047205903 3.55798475003 2.3
v -3.65463590859 3.76910286085 2.3
v -3.75903639985 3.66498913294 2.3
v -2.91524308817 4.36621776464 0.575000000021
v -2.79148386464 4.4463600467 0.57500000002
v -3.0748497171 4.25532600205 1.15
v -3.19313268629 4.16730174264 1.15
v -3.34518651269 4.04626086983 1.72499999998
v -3.45749202727 3.95072761815 1.72499999998
v -3.56707054423 3.85207834343 1.72499999998
v -3.39064150228 -2.52680632214 2.3
v -3.45549887664 -2.59084614921 2.3
v -3.53045053252 -2.6866117635 2.3
v -3.62613549488 -2.84194190015 2.3
v -3.71472187442 -3.02700225255 2.3
v -3.80553017029 -3.28332223623 2.3
v -3.98920049947 -1.95462015077 0.575000000033
v -4.069946616 -2.03893598082 0.575000000033
v -3.85358132743 -2.21001623331 1.15
v -3.92867078794 -2.29940676759 1.15
v -3.70163338004 -2.45604781682 1.72499999997
v -3.77074800805 -2.55013428092 1.72499999997
v -3.38367860751 2.5361228416 2.3
v -3.77273550452 3.21692384498 2.3
v -3.63898722785 2.8912826508 2.3
v -3.52509789561 2.69924722199 2.3
v -3.45943901292 2.61323708009 2.3
v -3.41944780805 2.56898771119 2.3
v -3.09394878772 4.10092082163 0.575000000022
v -3.35419956555 3.89094028245 1.15
v -2.96059601371 3.39652581595 0.575000000022
v -3.60023759774 3.66447266686 1.72499999998
v -3.1753014088 3.19671356003 1.15
v -3.37655210318 2.98335587372 1.72499999998
v -3.26742117426 2.81341231724 1.72499999998
v -2.85652754592 -2.128768806 2.3
v -2.83746976571 -2.15748271248 2.3
v -2.82407301683 -2.18566227883 2.3
v -2.81816147797 -2.20772825306 2.3
v -2.81706495286 -2.22722222506 2.3
v -2.82010903383 -2.24488888544 2.3
v -2.82709737593 -2.26139974727 2.3
v -2.83831698938 -2.27732210429 2.3
v -2.85222181341 -2.29116482384 2.3
v -2.8696266613 -2.30440883953 2.3
v -2.91636088383 -2.33016537503 2.3
v -3.07977147261 -2.38906783492 2.3
v -3.26796305656 -2.45737582151 2.3
v -3.33521163219 -2.49093431821 2.3
v -3.51177897492 -1.74911211554 0.575000000029
v -3.39054162988 -1.97388257112 1.15
v -3.25493754702 -2.19028909655 1.72499999997
v -3.26887415048 -1.56841250707 0.287500000023
v -3.25374801767 -1.69982060244 0.575000000027
v -3.19629405773 -1.64012303405 0.575000000026
v -3.25173465734 -1.54475654298 0.287500000023
v -3.2570555652 -1.55423333362 0.287500000023
v -3.24798223906 -1.5352233209 0.287500000023
v -2.89010215225 -2.14647632375 2.01249999998
v -2.88827127586 -2.13639610263 2.01249999998
v -2.95627500166 -2.0412587746 1.72499999997
v -2.89348264708 -2.15680559652 2.01249999998
v -2.90232464112 -2.17300890047 2.01249999998
v -3.00549119444 -2.10791103302 1.72499999997
v -3.26890317058 -1.43606920708 0.143750000014
v -3.24509696439 -1.48908305737 0.287500000023
v -3.21680648361 -1.67470184757 0.575000000026
v -3.26264521795 -1.56173453664 0.287500000023
v -3.16059529125 -1.77851278813 0.862500000016
v -3.13626425036 -1.90790800584 1.15
v -3.03818925001 -1.98037279665 1.43749999998
v -2.97212391801 -2.07820827811 1.72499999997
v -2.89751019597 -2.16524900309 2.01249999998
v -2.85998651906 -2.13740492581 2.15624999999
v -3.28343212518 -1.45219836889 0.0718750000079
v -3.28675747964 -1.46125398068 0.0718750000079
v -3.25778752873 -1.49888890199 0.215625000019
v -3.25889950604 -1.50374443751 0.215625000019
v -3.26021013121 -1.50825326853 0.215625000019
v -2.87033462634 -2.14965733449 2.08437499998
v -2.87040204812 -2.15463811485 2.08437499998
v -2.87073650195 -2.15932164303 2.08437499998
v -2.83501887835 -2.20283330797 2.22812499999
v -2.83605660854 -2.21242419966 2.22812499999
v -3.30361032045 -1.50468332361 0.107812500011
v -2.86019860022 -2.23543665109 2.19218749999
v -2.8439735979 -2.26138561018 2.2640625
v -3.27615447616 -1.47721224973 0.125781250013
v -2.84886521712 -2.19073301822 2.17421874999
v -2.85066148762 2.13661773207 2.3
v -3.34374027439 2.50917351196 2.3
v -3.29779042858 2.48371669012 2.3
v -3.2021293853 2.4420447908 2.3
v -2.90190277845 2.33433872127 2.3
v -2.86649419498 2.31444524467 2.3
v -2.84338032528 2.29675400976 2.3
v -2.82564560705 2.27683497514 2.3
v -2.81591232804 2.25855338647 2.3
v -2.81161866963 2.24198764406 2.3
v -2.81284723918 2.21133973637 2.3
v -2.82216570237 2.1833984034 2.3
v -2.83412110185 2.16090736543 2.3
v -2.57306909218 2.96163809543 0.575000000019
v -2.76030173977 2.78795969374 1.15
v -2.93583816425 2.60246787392 1.72499999998
v -2.23834732579 2.85653450396 0.287500000015
v -2.35364185841 2.81720362156 0.575000000017
v -2.23404970846 2.84270002533 0.287500000015
v -2.2323808891 2.83130538274 0.287500000015
v -2.2322380901 2.82281489141 0.287500000015
v -2.23304763137 2.81421348627 0.287500000015
v -2.32345962891 2.74004281411 0.575000000017
v -2.73764199434 2.33591247972 2.01249999999
v -2.73942989997 2.34421381864 2.01249999999
v -2.65956892387 2.41515887874 1.72499999998
v -2.73676679521 2.32731750711 2.01249999999
v -2.32915054052 2.77984315939 0.575000000017
v -2.41839280224 2.70256296627 0.862500000011
v -2.42643104555 2.61924705585 0.862500000011
v -2.58909759466 2.5394967962 1.43749999999
v -2.69951452888 2.48774748545 1.72499999998
v -2.53194249203 2.65810715056 1.15
v -2.67037950394 2.4538833583 1.72499999998
v -2.74327844351 2.35506792157 2.01249999999
v -2.80327275677 2.48302694663 1.86874999998
v -2.92361283653 2.40778293763 2.15624999999
v -2.74598412426 2.28201530437 2.01249999999
v -2.78276206331 2.23701989377 2.15624999999
v -2.411409514 2.66296893064 0.862500000011
v -2.4968041289 2.58307347343 1.15
v -2.81391483803 2.38695965765 2.08437499999
v -2.75551115745 2.2988044433 2.08437499999
v -2.79490135113 2.27322654673 2.22812499999
v -2.79285531187 2.26094525289 2.22812499999
v -2.79264497826 2.25018352379 2.22812499999
v -2.56467357046 2.72033864329 1.078125
v -2.43447955552 2.63274255791 0.934375000008
v -2.45570823449 2.64359625345 1.00625000001
v -2.50507239229 2.62241924575 1.15
v -2.7706099834 2.34719351283 2.08437499999
v -2.49509429332 2.68446348662 1.0421875
v -3.27569597796 -1.40043639984 2.3
v -3.1552715715 -1.65398535667 2.3
v -3.01525902502 -1.89726626018 2.3
v -3.45342428491 -0.874795336518 0.575000000028
v -3.3738319912 -1.14396847315 0.575000000027
v -3.38919358447 -1.09762159856 1.15
v -3.29225752522 -1.36104618374 1.15
v -3.31060185828 -1.31579690998 1.72499999997
v -3.19673278054 -1.57235673504 1.72499999997
v -3.06301816877 -1.81915526279 1.72499999997
v -3.27183163774 1.40944101838 2.3
v -3.05904469014 1.82582908119 2.3
v -3.17227734041 1.62113007669 2.3
v -2.48430712699 2.55335549252 0.575000000018
v -2.67762175447 2.3498399759 0.57500000002
v -2.64516498033 2.38631694321 1.15
v -2.82482933345 2.17065556077 1.15
v -2.7948144794 2.2091668561 1.72499999998
v -2.96006726662 1.98227342954 1.72499999998
v -3.10694375539 1.74307391502 1.72499999998
v -3.8881861117 -1.66229021155 2.3
v -3.84487814106 -1.6411772653 2.3
v -3.79985696374 -1.61411194244 2.3
v -3.71593751866 -1.55210299847 2.3
v -3.47254802288 -1.34595216482 2.3
v -3.43761547505 -1.32523417032 2.3
v -3.41073748134 -1.31406258943 2.3
v -3.38461973222 -1.30866339023 2.3
v -3.36392077251 -1.30937491768 2.3
v -3.34742758954 -1.31393937162 2.3
v -3.32150000768 -1.33032729791 2.3
v -3.30196133511 -1.35236799024 2.3
v -3.28846122461 -1.37396718889 2.3
v -3.85138837355 -0.747524151807 0.575000000031
v -3.7945947894 -0.996511581883 1.15
v -3.72172237347 -1.24127649468 1.72499999997
v -3.59300511011 -0.510198394645 0.287500000025
v -3.61659083311 -0.629711830009 0.575000000029
v -3.53467649893 -0.642153656248 0.575000000028
v -3.56074845119 -0.521767447613 0.287500000025
v -3.55370418647 -0.526769233491 0.287500000025
v -3.56817283187 -0.517645869513 0.287500000025
v -3.39178054562 -1.20291127371 2.01249999998
v -3.39986366883 -1.20030897594 2.01249999998
v -3.4213734051 -1.09567481182 1.72499999997
v -3.38389948144 -1.20645081532 2.01249999998
v -3.5343887202 -0.506082088837 0.143750000015
v -3.52568364883 -0.56354012142 0.287500000025
v -3.57199006483 -0.627181957636 0.575000000029
v -3.5788752915 -0.513393788177 0.287500000025
v -3.54968458524 -0.743108119936 0.862500000018
v -3.48155001193 -0.791727398048 0.862500000018
v -3.49381753567 -0.972475891748 1.43749999998
v -3.50420978504 -1.09397441718 1.72499999997
v -3.56795956438 -0.863672943736 1.15
v -3.46031507819 -1.085674809 1.72499999997
v -3.41118786947 -1.19821486095 2.01249999998
v -3.55200079245 -1.18619194779 1.86874999997
v -3.54700760905 -1.32803151845 2.15624999998
v -3.34927528754 -1.23708435781 2.01249999998
v -3.32869708843 -1.29143269263 2.15624999998
v -3.5663811318 -0.439135346243 0.0718750000086
v -3.55849222805 -0.446458204369 0.0718750000085
v -3.55885883503 -0.497046506568 0.215625000021
v -3.55323130956 -0.501887306206 0.215625000021
v -3.51190350043 -0.756857432733 0.862500000018
v -3.48540931228 -0.870759067187 1.15
v -3.47412512035 -1.24344190499 2.08437499998
v -3.36857862495 -1.23694044111 2.08437499998
v -3.36612261359 -1.28384229779 2.22812499999
v -3.3544636815 -1.28821102272 2.22812499999
v -3.34503858391 -1.29340973303 2.22812499999
v -3.60959796016 -0.407118154716 0.0359375000045
v -3.60622782813 -0.436472194173 0.107812500012
v -3.63821915721 -0.860903142787 1.078125
v -3.49726171453 -0.791949861123 0.934375000014
v -3.51727563008 -0.804907588625 1.00625000001
v -3.52361788234 -0.858246707171 1.15
v -3.41803420141 -1.22582187318 2.08437499998
v -3.5723607216 -0.818583299538 1.04218750001
v -3.88359921655 1.67297851503 2.3
v -3.28716972009 1.37857954334 2.3
v -3.30487556597 1.3528878353 2.3
v -3.32102949079 1.33673530536 2.3
v -3.3373635032 1.32603870075 2.3
v -3.35418532038 1.31984162202 2.3
v -3.37197831721 1.31763827289 2.3
v -3.3913772896 1.31939356465 2.3
v -3.41031784841 1.32451413572 2.3
v -3.43048992639 1.3329651683 2.3
v -3.47616285171 1.36055992448 2.3
v -3.60887917271 1.47262641567 2.3
v -3.76213141635 1.60145111485 2.3
v -3.82481821483 1.64291084137 2.3
v -3.27066501359 2.16673374699 0.575000000025
v -3.40470326562 1.9493538985 1.15
v -3.52431477275 1.72371405517 1.72499999998
v -2.99272214997 2.04672180256 0.28750000002
v -3.09896183243 1.9679181396 0.575000000023
v -3.01853524169 1.94801033494 0.575000000023
v -2.96366573755 2.04370654813 0.28750000002
v -2.97453333292 2.04357619419 0.28750000002
v -2.95353351591 2.04522346961 0.28750000002
v -3.30395410111 1.42966372151 2.01249999998
v -3.29430893535 1.4331182466 2.01249999998
v -3.24591945533 1.53957986471 1.72499999998
v -3.31458976115 1.42742667953 2.01249999998
v -3.33304323102 1.42698241901 2.01249999998
v -3.32825010073 1.54887620873 1.72499999998
v -2.87812400021 2.11291858469 0.143750000012
v -2.91213223822 2.06579488022 0.28750000002
v -3.05873758556 1.94848521008 0.575000000023
v -2.98382439168 2.04466637396 0.28750000002
v -3.1205349011 1.84789941924 0.862500000014
v -3.22042892632 1.76213051087 1.15
v -3.23414777587 1.64096267369 1.43749999999
v -3.28584312221 1.53483067713 1.72499999998
v -3.32391574018 1.42669293589 2.01249999998
v -3.28104022346 1.40811851708 2.15624999999
v -2.89935674138 2.11743644757 0.0718750000069
v -2.90886180847 2.11578848311 0.0718750000069
v -2.92696963094 2.07188230902 0.215625000017
v -2.9317306367 2.07041754186 0.215625000017
v -2.93629071149 2.06929816104 0.215625000017
v -3.29682517427 1.41095403652 2.08437499998
v -3.30117236748 1.40852203532 2.08437499998
v -3.30539564878 1.40646991675 2.08437499998
v -3.32521904418 1.35378171487 2.22812499999
v -3.33404386512 1.34988496973 2.22812499999
v -2.94083895521 2.13389712568 0.0359375000037
v -2.95489914313 2.10866879991 0.10781250001
v -3.36604422851 1.35928632212 2.19218749999
v -3.38040418512 1.33226057839 2.2640625
v -2.91738057313 2.09862687821 0.125781250011
v -3.32166305524 1.37182314088 2.17421874999
v -5.01154120932 -1.56427449871 2.3
v -4.67230552405 -1.65882286618 2.3
v -4.32341783903 -1.70581405797 2.3
v -4.10016561314 -1.70320071743 2.3
v -3.99284920393 -1.68934352799 2.3
v -3.93453252393 -1.67683481309 2.3
v -5.0984760043 -0.628977837362 0.575000000041
v -5.04675291199 -0.959351891906 1.15
v -4.42177564808 -0.865688450238 0.575000000035
v -4.97364521984 -1.28566088587 1.72499999996
v -4.35608585601 -1.15153490468 1.15
v -4.27193802677 -1.4325019617 1.72499999996
v -4.07019712518 -1.42296358315 1.72499999997
v -5.00721966047 1.57805300033 2.3
v -3.97148802083 1.69712673532 2.3
v -4.09189930356 1.71415396622 2.3
v -4.27426162905 1.71935450605 2.3
v -4.47882178523 1.70354238497 2.3
v -4.74620555053 1.65402468423 2.3
v -3.68735095505 2.47743889794 0.575000000028
v -3.80074366408 2.50520917109 0.575000000029
v -3.84072086454 2.23229120845 1.15
v -3.95568006833 2.25262532167 1.15
v -3.9778164923 1.9776846342 1.72499999997
v -4.09385507436 1.99049642578 1.72499999997
v -5.12540592846 -1.13697584343 2.3
v -5.24640268713 -0.194315917679 0.575000000042
v -5.23887704672 -0.341565690237 0.575000000042
v -5.22264527771 -0.535234966804 1.15
v -5.2055555175 -0.681683152666 1.15
v -5.17675795996 -0.873886065471 1.72499999996
v -5.15017649438 -1.01891211992 1.72499999996
v -5.11953297489 -1.16313453668 1.72499999996
v -5.12225924874 1.15106915029 2.3
v -5.04955896885 1.43682087267 2.3
v -5.08791558249 1.29445549379 2.3
v -4.64067596438 2.4549188225 0.575000000035
v -4.70778345488 2.32363395855 0.575000000036
v -4.79056096885 2.14779556061 1.15
v -4.8489848953 2.01242283121 1.15
v -4.9201469353 1.83157144727 1.72499999996
v -4.96963973807 1.69268446711 1.72499999996
v -5.01521288011 1.55246243066 1.72499999996
v -4.19978483717 -0.492957714274 2.3
v -4.28797288452 -0.515989144191 2.3
v -4.40076572972 -0.561448771037 2.3
v -4.56129640621 -0.648126134172 2.3
v -4.73054463752 -0.764099910808 2.3
v -4.93734692045 -0.940675380237 2.3
v -4.43205904871 0.30184954442 0.575000000035
v -4.54414515191 0.269202951917 0.575000000036
v -4.44230744176 0.0128604628947 1.15
v -4.55203208925 -0.0270092803933 1.15
v -4.43373245102 -0.276183112253 1.72499999997
v -4.5406307067 -0.323107066313 1.72499999996
v -4.19841305314 0.504507504186 2.3
v -4.87574671117 0.899570019534 2.3
v -4.59709670876 0.684430611186 2.3
v -4.40244793942 0.575067717534 2.3
v -4.30258060808 0.533410191009 2.3
v -4.24582252428 0.515084715879 2.3
v -4.72989865899 2.00452721658 0.575000000036
v -4.85029217436 1.69255334643 1.15
v -4.26221426619 1.46117963437 0.575000000033
v -4.95013355273 1.3734076221 1.72499999996
v -4.34824846471 1.18078444721 1.15
v -4.41585783542 0.895385923583 1.72499999997
v -4.2363759004 0.802775950921 1.72499999997
v -3.53820982438 -0.415304091822 2.3
v -3.53606225582 -0.449699954378 2.3
v -3.53855011413 -0.480802549147 2.3
v -3.54446355842 -0.502868012821 2.3
v -3.55326092581 -0.520298550348 2.3
v -3.56473050746 -0.534076286551 2.3
v -3.57903802016 -0.54488094128 2.3
v -3.59671566894 -0.553060300222 2.3
v -3.61567895956 -0.558096034999 2.3
v -3.63737400783 -0.560863265087 2.3
v -3.69072529951 -0.55980196788 2.3
v -3.86169425059 -0.529107700099 2.3
v -4.05882693636 -0.494168359795 2.3
v -4.13384515958 -0.489606582631 2.3
v -3.91584586253 0.241113961337 0.575000000031
v -3.92323646963 -0.0141616357408 1.15
v -3.91400315172 -0.269377225737 1.72499999997
v -3.61513430962 0.276152000508 0.287500000025
v -3.66773874204 0.154786185246 0.575000000029
v -3.58813336899 0.177758816044 0.575000000028
v -3.58846309111 0.288068919789 0.287500000025
v -3.59780952781 0.282522232277 0.287500000025
v -3.58044679051 0.294448723145 0.287500000025
v -3.59999131948 -0.430718589895 2.01249999998
v -3.54898779177 0.390779170367 0.143750000015
v -3.55487793759 0.332964726169 0.287500000025
v -3.62318705765 0.158068898044 0.575000000029
v -3.6064009106 0.278820826275 0.287500000025
v -3.62641220737 0.0400603901521 0.862500000018
v -3.67003851671 -0.0841646759603 1.15
v -3.56801733336 -0.13143465002 1.43749999998
v -3.6225676287 -0.256682901989 1.58124999998
v -3.65678724175 -0.32275890629 1.72499999997
v -3.61229404202 -0.374451631966 1.86874999997
v -3.59194193898 -0.42640554421 2.01249999998
v -3.58423227604 -0.421107114066 2.01249999998
v -3.57614004525 -0.413851948862 2.01249999998
v -3.54680543537 -0.427485161756 2.15624999998
v -3.56963481645 0.384075383802 0.0718750000085
v -3.57704246379 0.377895671168 0.0718750000086
v -3.57416197937 0.32716886934 0.215625000021
v -3.57755142957 0.323919419715 0.215625000021
v -3.59209639695 -0.0560615936731 1.15
v -3.58473621717 -0.262482650704 1.65312499997
v -3.58853350253 -0.204103508615 1.50937499998
v -3.56767895777 -0.437176392296 2.08437499998
v -3.55009997044 -0.439416563628 2.15624999998
v -3.57060111214 -0.440700004853 2.08437499998
v -3.56744492026 -0.503592015208 2.22812499999
v -3.57403757807 -0.509406087433 2.22812499999
v -3.6137898065 0.377589642299 0.0359375000045
v -3.61335212352 0.348711177324 0.107812500012
v -3.62579479433 -0.0779903873622 1.15
v -3.60593208679 -0.127897887602 1.29374999999
v -3.58325653294 -0.135265300683 1.36562499999
v -3.73721581926 -0.104932251752 1.221875
v -3.61548859376 -0.299504089547 1.68906249997
v -3.62330578561 -0.544292667988 2.2640625
v -3.57583912794 0.358773903029 0.125781250014
v -3.66268112049 -0.12886719177 1.25781249999
v -3.61664595568 -0.141418046329 1.31171874999
v -3.62125558705 -0.173388965012 1.38359374999
v -3.58845914026 -0.161495629116 1.41054687498
v -3.5370541319 0.425034490335 2.3
v -4.15035077726 0.501137866669 2.3
v -4.09782863257 0.502066535163 2.3
v -3.99414778927 0.51380813336 2.3
v -3.68029088608 0.570645244428 2.3
v -3.63967941499 0.571121280064 2.3
v -3.6108165992 0.567357156058 2.3
v -3.58549836537 0.558974125171 2.3
v -3.56792830415 0.548008444466 2.3
v -3.55592701568 0.535808919912 2.3
v -3.54166703428 0.508652768502 2.3
v -3.53576639364 0.479795632739 2.3
v -3.53487455432 0.454340122761 2.3
v -3.70916224724 1.27831928137 0.575000000029
v -3.78447127563 1.03429304962 1.15
v -3.8437443686 0.785884209227 1.72499999997
v -3.3667328986 1.35465778432 0.287500000023
v -3.44691545157 1.2629489747 0.575000000027
v -3.3560938135 1.34482558304 0.287500000023
v -3.34895125225 1.33579194277 0.287500000023
v -3.34458233903 1.3285103611 0.287500000023
v -3.34098271976 1.3206565551 0.287500000023
v -3.38219647036 1.21121687002 0.575000000026
v -3.53882375343 0.654138551279 2.01249999998
v -3.54452279458 0.660433768863 2.01249999998
v -3.51083369055 0.761804481229 1.72499999997
v -3.53376832244 0.647132686231 2.01249999998
v -3.40702511703 1.24283952431 0.575000000026
v -3.44567108621 1.131291783 0.862500000016
v -3.4109744539 1.05511896638 0.862500000016
v -3.51197268795 0.904719941014 1.43749999998
v -3.58172190262 0.804695256155 1.72499999997
v -3.5217800943 1.03601707235 1.15
v -3.53955816731 0.789935574246 1.72499999997
v -3.55328278252 0.667909425956 2.01249999998
v -3.66921889442 0.748728035677 1.86874999997
v -3.73581445608 0.623394772522 2.15624999998
v -3.51909966218 0.603291163278 2.01249999998
v -3.5284525864 0.545935025119 2.15624999999
v -3.41982636338 1.10049398642 0.862500000016
v -3.45383254062 0.988605183381 1.15
v -3.63040156264 0.66021028232 2.08437499998
v -3.53574488441 0.613067467508 2.08437499998
v -3.55706884452 0.571221262459 2.22812499999
v -3.54915627562 0.561608369637 2.22812499999
v -3.54359325682 0.552393605645 2.22812499999
v -3.58124178607 1.07354558675 1.078125
v -3.42469241903 1.06278215901 0.934375000013
v -3.44850384208 1.06156739559 1.00625000001
v -3.48066595292 1.01854549004 1.15
v -3.57301538601 0.64742421801 2.08437499998
v -3.50304678616 1.07726642829 1.04218750001
v -3.56212495357 0.051692022208 2.3
v -3.55783780299 -0.182198840949 2.3
v -3.42815082903 0.969117157916 0.575000000027
v -3.49380844905 0.696210236725 0.575000000027
v -3.48393854178 0.744028604136 1.15
v -3.53170174451 0.467428191767 1.15
v -3.52496376608 0.515787378879 1.72499999997
v -3.55463016457 0.236665513916 1.72499999997
v -3.56222917781 -0.0439255866173 1.72499999997
v 1.56 -3.82089801334e-16 4.6
v 1.5363000947 0.27089115716 4.6
v 1.46592048843 0.533551423588 4.6
v 1.3509996299 0.78 4.6
v 1.19502933127 1.00274867111 4.6
v 1.00274867111 1.19502933127 4.6
v 0.78 1.3509996299 4.6
v 0.533551423588 1.46592048843 4.6
v 0.27089115716 1.5363000947 4.6
v -9.43646300716e-16 1.56 4.6
v -0.27089115716 1.5363000947 4.6
v -0.533551423588 1.46592048843 4.6
v -0.78 1.3509996299 4.6
v -1.00274867111 1.19502933127 4.6
v -1.19502933127 1.00274867111 4.6
v -1.3509996299 0.78 4.6
v -1.46592048843 0.533551423588 4.6
v -1.5363000947 0.27089115716 4.6
v -1.56 -3.27285093616e-15 4.6
v -1.5363000947 -0.27089115716 4.6
v -1.46592048843 -0.533551423588 4.6
v -1.3509996299 -0.78 4.6
v -1.19502933127 -1.00274867111 4.6
v -1.00274867111 -1.19502933127 4.6
v -0.78 -1.3509996299 4.6
v -0.533551423588 -1.46592048843 4.6
v -0.27089115716 -1.5363000947 4.6
v 3.8701076532e-15 -1.56 4.6
v 0.27089115716 -1.5363000947 4.6
v 0.533551423588 -1.46592048843 4.6
v 0.78 -1.3509996299 4.6
v 1.00274867111 -1.19502933127 4.6
v 1.19502933127 -1.00274867111 4.6
v 1.3509996299 -0.78 4.6
v 1.46592048843 -0.533551423588 4.6
v 1.5363000947 -0.27089115716 4.6
v 4.18510357373 -0.605068643811 4.6
v 3.53262269039 -0.475965601033 4.6
v 3.54303527959 -0.446552358669 4.6
v 3.55443097253 -0.426753578579 4.6
v 3.5674198962 -0.412176021397 4.6
v 3.5820503681 -0.401816165712 4.6
v 3.59865753855 -0.395059881729 4.6
v 3.61784521853 -0.391708148474 4.6
v 3.6374657366 -0.391725079501 4.6
v 3.65914178164 -0.394637424536 4.6
v 3.71042083973 -0.40940038076 4.6
v 3.86772138551 -0.483082526548 4.6
v 4.04921038191 -0.567603514978 4.6
v 4.12052444126 -0.591327944693 4.6
v 3.91400315172 0.269377225737 2.87499999997
v 3.92323646963 0.0141616357408 3.45
v 3.91584586253 -0.241113961337 4.02500000003
v 3.59999131948 0.430718589895 2.58749999998
v 3.65678724175 0.32275890629 2.87499999997
v 3.58083863931 0.289644453669 2.87499999997
v 3.57614004525 0.413851948862 2.58749999998
v 3.58423227604 0.421107114066 2.58749999998
v 3.56951434923 0.406037659493 2.58749999998
v 3.58846309111 -0.288068919789 4.31250000002
v 3.58044679051 -0.294448723145 4.31250000002
v 3.58813336899 -0.177758816044 4.02500000003
v 3.59780952781 -0.282522232277 4.31250000002
v 3.61513430962 -0.276152000508 4.31250000002
v 3.66773874204 -0.154786185246 4.02500000003
v 3.5455234429 0.421053704396 2.44374999998
v 3.55190679043 0.363291635094 2.58749999998
v 3.61303895525 0.313719204197 2.87499999997
v 3.59194193898 0.42640554421 2.58749999998
v 3.56801733336 0.13143465002 3.16249999998
v 3.62133547034 0.195958525858 3.16249999998
v 3.62641220737 -0.0400603901521 3.73750000002
v 3.67003851671 0.0841646759603 3.45
v 3.62318705765 -0.158068898044 4.02500000003
v 3.6064009106 -0.278820826275 4.31250000002
v 3.55487793759 -0.332964726169 4.31250000002
v 3.54898779177 -0.390779170367 4.45625000002
v 3.55661502284 0.490200165831 2.37187499999
v 3.56230916939 0.497987256582 2.37187499999
v 3.56061137101 0.426490547932 2.51562499998
v 3.56316015017 0.430770319366 2.51562499998
v 3.56579155977 0.434659146828 2.51562499998
v 3.58836864722 0.172944561717 3.16249999998
v 3.59209639695 0.0560615936731 3.45
v 3.57077121101 -0.330817897794 4.38437500002
v 3.57416197937 -0.32716886934 4.38437500002
v 3.57755142957 -0.323919419715 4.38437500002
v 3.56963481645 -0.384075383802 4.52812500001
v 3.57704246379 -0.377895671168 4.52812500001
v 3.59364618857 0.536430587215 2.3359375
v 3.59472297321 0.505845628281 2.40781249999
v 3.58325653294 0.135265300683 3.23437499999
v 3.60593208679 0.127897887602 3.30624999999
v 3.62579479433 0.0779903873622 3.45
v 3.73721581926 0.104932251752 3.378125
v 3.6137898065 -0.377589642299 4.5640625
v 3.56255615909 0.472797838123 2.42578124999
v 3.66268112049 0.12886719177 3.34218749999
v 4.27624836778 -0.605521388886 4.6
v 4.39694335224 -0.590637695635 4.6
v 4.57437966043 -0.548218125705 4.6
v 4.76778311999 -0.479734678799 4.6
v 5.01307869447 -0.362362783651 4.6
v 5.24534199755 -0.221104791368 4.6
v 5.24534199755 0.221104791368 4.6
v 4.94189034461 0.399814998904 4.6
v 4.61686663321 0.535056915087 4.6
v 4.40046937061 0.590016997476 4.6
v 4.29320348543 0.604260004923 4.6
v 4.2336323199 0.607189057988 4.6
v 4.18510357373 0.605068643811 4.6
v 4.13781952986 0.59581899435 4.6
v 4.08734736737 0.581258811576 4.6
v 3.99029090659 0.542949206833 4.6
v 3.70202643652 0.406420059153 4.6
v 3.66293709967 0.395395453101 4.6
v 3.63408883408 0.391521393487 4.6
v 3.60746151112 0.393029320122 4.6
v 3.58764371404 0.399046638744 4.6
v 3.57288197008 0.407704019381 4.6
v 3.5520483776 0.4302154621 4.6
v 3.53884379881 0.456543981685 4.6
v 3.53136048659 0.480891022652 4.6
v 3.52584124062 0.509754642906 4.6
v 3.47476386223 0.785762274321 4.6
v 3.402114914 1.05689184022 4.6
v 3.30834540554 1.32146014985 4.6
v 3.29732379238 1.35411304337 4.6
v 3.29163473797 1.38479195307 4.6
v 3.2916043075 1.40763604606 4.6
v 3.29556426677 1.42675504274 4.6
v 3.30305469927 1.44304217689 4.6
v 3.31405878877 1.45719687568 4.6
v 3.32899994045 1.46969340182 4.6
v 3.34600027305 1.47948899816 4.6
v 3.36622845122 1.48780485589 4.6
v 3.41801889632 1.50065928981 4.6
v 3.59108623788 1.51549895264 4.6
v 3.79052081349 1.53304612771 4.6
v 3.86414281539 1.54815719856 4.6
v 3.92694033423 1.56854697029 4.6
v 4.00610041383 1.61372727858 4.6
v 4.10318348986 1.68696442727 4.6
v 4.23563805534 1.81241900654 4.6
v 4.36888864104 1.96842914108 4.6
v 4.5226348924 2.19272397121 4.6
v 4.6531518171 2.43118863255 4.6
v 4.58304558389 2.56089694755 4.6
v 4.509324605 2.68858542858 4.6
v 4.43204702573 2.814153365 4.6
v 4.0798950817 2.81719511817 4.6
v 3.7307953327 2.77180619754 4.6
v 3.51590976479 2.71120439379 4.6
v 3.41589327954 2.66990625747 4.6
v 3.36283861032 2.64265730907 4.6
v 3.32187169041 2.61655660344 4.6
v 3.28554733196 2.58490415009 4.6
v 3.24911724845 2.54705858068 4.6
v 3.18421869018 2.46535325938 4.6
v 3.00283890993 2.20298331409 4.6
v 2.97449885423 2.17389105676 4.6
v 2.95145255318 2.15611188993 4.6
v 2.92763865174 2.14410413122 4.6
v 2.90746727671 2.13940638347 4.6
v 2.89035454112 2.13952302305 4.6
v 2.86105639942 2.14860170808 4.6
v 2.83645663895 2.16480058549 4.6
v 2.81780237998 2.18214408536 4.6
v 2.79859076263 2.20438109076 4.6
v 2.61635263968 2.41787202201 4.6
v 2.41787202201 2.61635263968 4.6
v 2.20438109076 2.79859076263 4.6
v 2.17850964702 2.82135819134 4.6
v 2.15824332652 2.8450823793 4.6
v 2.14679492647 2.86485072892 4.6
v 2.14066485346 2.88338824538 4.6
v 2.13900819121 2.90123853356 4.6
v 2.14146066287 2.91899890704 4.6
v 2.14815181672 2.93729179197 4.6
v 2.15797673845 2.95427519354 4.6
v 2.17133692575 2.97159102668 4.6
v 2.20976154992 3.00861851556 4.6
v 2.35222243287 3.10800371134 4.6
v 2.5161642542 3.22291729851 4.6
v 2.5723672427 3.2728148707 4.6
v 2.61655660344 3.32187169041 4.6
v 2.6625210892 3.40057902495 4.6
v 2.70997892497 3.51254579423 4.6
v 2.76196065389 3.68741992963 4.6
v 2.79935397891 3.88915396224 4.6
v 2.82035472326 4.16027210875 4.6
v 2.814153365 4.43204702573 4.6
v 2.68858542858 4.509324605 4.6
v 2.56089694755 4.58304558389 4.6
v 2.43118863255 4.6531518171 4.6
v 2.12469522644 4.4797100806 4.6
v 1.84506043567 4.26585224779 4.6
v 1.68926497683 4.10592676227 4.6
v 1.62329722796 4.02015328446 4.6
v 1.59097501083 3.97002766831 4.6
v 1.56854697029 3.92694033423 4.6
v 1.55291537976 3.88136632631 4.6
v 1.54028878669 3.83037606002 4.6
v 1.52493764722 3.72716789702 4.6
v 1.49904312243 3.40925896909 4.6
v 1.48904604291 3.36989430733 4.6
v 1.47797694416 3.34297394667 4.6
v 1.4633573799 3.32066797187 4.6
v 1.44823733057 3.30651391545 4.6
v 1.43335894703 3.2980585605 4.6
v 1.40344666952 3.29127186152 4.6
v 1.37404321332 3.29300062064 4.6
v 1.34921640123 3.29869340263 4.6
v 1.32146014985 3.30834540554 4.6
v 0.967161964928 3.42870295937 4.6
v 0.740053800777 3.48478501804 4.6
v 0.509754642906 3.52584124062 4.6
v 0.475965601033 3.53262269039 4.6
v 0.446552358669 3.54303527959 4.6
v 0.426753578579 3.55443097253 4.6
v 0.412176021397 3.5674198962 4.6
v 0.401816165712 3.5820503681 4.6
v 0.395059881729 3.59865753855 4.6
v 0.391708148474 3.61784521853 4.6
v 0.391725079501 3.6374657366 4.6
v 0.394637424536 3.65914178164 4.6
v 0.40940038076 3.71042083973 4.6
v 0.483082526548 3.86772138551 4.6
v 0.567603514978 4.04921038191 4.6
v 0.591327944693 4.12052444126 4.6
v 0.605068643811 4.18510357373 4.6
v 0.605521388886 4.27624836778 4.6
v 0.590637695635 4.39694335224 4.6
v 0.548218125705 4.57437966043 4.6
v 0.479734678799 4.76778311999 4.6
v 0.362362783651 5.01307869447 4.6
v 0.221104791368 5.24534199755 4.6
v -0.221104791368 5.24534199755 4.6
v -0.399814998904 4.94189034461 4.6
v -0.535056915087 4.61686663321 4.6
v -0.590016997476 4.40046937061 4.6
v -0.604260004923 4.29320348543 4.6
v -0.607189057988 4.2336323199 4.6
v -0.605068643811 4.18510357373 4.6
v -0.59581899435 4.13781952986 4.6
v -0.581258811576 4.08734736737 4.6
v -0.542949206833 3.99029090659 4.6
v -0.406420059153 3.70202643652 4.6
v -0.395395453101 3.66293709967 4.6
v -0.391521393487 3.63408883408 4.6
v -0.393029320122 3.60746151112 4.6
v -0.399046638744 3.58764371404 4.6
v -0.407704019381 3.57288197008 4.6
v -0.4302154621 3.5520483776 4.6
v -0.456543981685 3.53884379881 4.6
v -0.480891022652 3.53136048659 4.6
v -0.509754642906 3.52584124062 4.6
v -0.876764648483 3.45292484731 4.6
v -1.10148711738 3.38793925274 4.6
v -1.32146014985 3.30834540554 4.6
v -1.35411304337 3.29732379238 4.6
v -1.38479195307 3.29163473797 4.6
v -1.40763604606 3.2916043075 4.6
v -1.42675504274 3.29556426677 4.6
v -1.44304217689 3.30305469927 4.6
v -1.45719687568 3.31405878877 4.6
v -1.46969340182 3.32899994045 4.6
v -1.47948899816 3.34600027305 4.6
v -1.48780485589 3.36622845122 4.6
v -1.50065928981 3.41801889632 4.6
v -1.51549895264 3.59108623788 4.6
v -1.53304612771 3.79052081349 4.6
v -1.54815719856 3.86414281539 4.6
v -1.56854697029 3.92694033423 4.6
v -1.61372727858 4.00610041383 4.6
v -1.68696442727 4.10318348986 4.6
v -1.81241900654 4.23563805534 4.6
v -1.96842914108 4.36888864104 4.6
v -2.19272397121 4.5226348924 4.6
v -2.43118863255 4.6531518171 4.6
v -2.814153365 4.43204702573 4.6
v -2.81719511817 4.0798950817 4.6
v -2.77180619754 3.7307953327 4.6
v -2.71120439379 3.51590976479 4.6
v -2.66990625747 3.41589327954 4.6
v -2.64265730907 3.36283861032 4.6
v -2.61655660344 3.32187169041 4.6
v -2.58490415009 3.28554733196 4.6
v -2.54705858068 3.24911724845 4.6
v -2.46535325938 3.18421869018 4.6
v -2.20298331409 3.00283890993 4.6
v -2.17389105676 2.97449885423 4.6
v -2.15611188993 2.95145255318 4.6
v -2.14410413122 2.92763865174 4.6
v -2.13940638347 2.90746727671 4.6
v -2.13952302305 2.89035454112 4.6
v -2.14860170808 2.86105639942 4.6
v -2.16480058549 2.83645663895 4.6
v -2.18214408536 2.81780237998 4.6
v -2.20438109076 2.79859076263 4.6
v -2.48576288238 2.55193831089 4.6
v -2.64788545196 2.38329790066 4.6
v -2.79859076263 2.20438109076 4.6
v -2.82135819134 2.17850964702 4.6
v -2.8450823793 2.15824332652 4.6
v -2.86485072892 2.14679492647 4.6
v -2.88338824538 2.14066485346 4.6
v -2.90123853356 2.13900819121 4.6
v -2.91899890704 2.14146066287 4.6
v -2.93729179197 2.14815181672 4.6
v -2.95427519354 2.15797673845 4.6
v -2.97159102668 2.17133692575 4.6
v -3.00861851556 2.20976154992 4.6
v -3.10800371134 2.35222243287 4.6
v -3.22291729851 2.5161642542 4.6
v -3.2728148707 2.5723672427 4.6
v -3.32187169041 2.61655660344 4.6
v -3.40057902495 2.6625210892 4.6
v -3.51254579423 2.70997892497 4.6
v -3.68741992963 2.76196065389 4.6
v -3.88915396224 2.79935397891 4.6
v -4.16027210875 2.82035472326 4.6
v -4.43204702573 2.814153365 4.6
v -4.509324605 2.68858542858 4.6
v -4.58304558389 2.56089694755 4.6
v -4.6531518171 2.43118863255 4.6
v -4.4797100806 2.12469522644 4.6
v -4.26585224779 1.84506043567 4.6
v -4.10592676227 1.68926497683 4.6
v -4.02015328446 1.62329722796 4.6
v -3.97002766831 1.59097501083 4.6
v -3.92694033423 1.56854697029 4.6
v -3.88136632631 1.55291537976 4.6
v -3.83037606002 1.54028878669 4.6
v -3.72716789702 1.52493764722 4.6
v -3.40925896909 1.49904312243 4.6
v -3.36989430733 1.48904604291 4.6
v -3.34297394667 1.47797694416 4.6
v -3.32066797187 1.4633573799 4.6
v -3.30651391545 1.44823733057 4.6
v -3.2980585605 1.43335894703 4.6
v -3.29127186152 1.40344666952 4.6
v -3.29300062064 1.37404321332 4.6
v -3.29869340263 1.34921640123 4.6
v -3.30834540554 1.32146014985 4.6
v -3.42870295937 0.967161964928 4.6
v -3.48478501804 0.740053800777 4.6
v -3.52584124062 0.509754642906 4.6
v -3.53262269039 0.475965601033 4.6
v -3.54303527959 0.446552358669 4.6
v -3.55443097253 0.426753578579 4.6
v -3.5674198962 0.412176021397 4.6
v -3.5820503681 0.401816165712 4.6
v -3.59865753855 0.395059881729 4.6
v -3.61784521853 0.391708148474 4.6
v -3.6374657366 0.391725079501 4.6
v -3.65914178164 0.394637424536 4.6
v -3.71042083973 0.40940038076 4.6
v -3.86772138551 0.483082526548 4.6
v -4.04921038191 0.567603514978 4.6
v -4.12052444126 0.591327944693 4.6
v -4.18510357373 0.605068643811 4.6
v -4.27624836778 0.605521388886 4.6
v -4.39694335224 0.590637695635 4.6
v -4.57437966043 0.548218125705 4.6
v -4.76778311999 0.479734678799 4.6
v -5.01307869447 0.362362783651 4.6
v -5.24534199755 0.221104791368 4.6
v -5.24534199755 -0.221104791368 4.6
v -4.94189034461 -0.399814998904 4.6
v -4.61686663321 -0.535056915087 4.6
v -4.40046937061 -0.590016997476 4.6
v -4.29320348543 -0.604260004923 4.6
v -4.2336323199 -0.607189057988 4.6
v -4.18510357373 -0.605068643811 4.6
v -4.13781952986 -0.59581899435 4.6
v -4.08734736737 -0.581258811576 4.6
v -3.99029090659 -0.542949206833 4.6
v -3.70202643652 -0.406420059153 4.6
v -3.66293709967 -0.395395453101 4.6
v -3.63408883408 -0.391521393487 4.6
v -3.60746151112 -0.393029320122 4.6
v -3.58764371404 -0.399046638744 4.6
v -3.57288197008 -0.407704019381 4.6
v -3.5520483776 -0.4302154621 4.6
v -3.53884379881 -0.456543981685 4.6
v -3.53136048659 -0.480891022652 4.6
v -3.52584124062 -0.509754642906 4.6
v -3.45292484731 -0.876764648483 4.6
v -3.38793925274 -1.10148711738 4.6
v -3.30834540554 -1.32146014985 4.6
v -3.29732379238 -1.35411304337 4.6
v -3.29163473797 -1.38479195307 4.6
v -3.2916043075 -1.40763604606 4.6
v -3.29556426677 -1.42675504274 4.6
v -3.30305469927 -1.44304217689 4.6
v -3.31405878877 -1.45719687568 4.6
v -3.32899994045 -1.46969340182 4.6
v -3.34600027305 -1.47948899816 4.6
v -3.36622845122 -1.48780485589 4.6
v -3.41801889632 -1.50065928981 4.6
v -3.59108623788 -1.51549895264 4.6
v -3.79052081349 -1.53304612771 4.6
v -3.86414281539 -1.54815719856 4.6
v -3.92694033423 -1.56854697029 4.6
v -4.00610041383 -1.61372727858 4.6
v -4.10318348986 -1.68696442727 4.6
v -4.23563805534 -1.81241900654 4.6
v -4.36888864104 -1.96842914108 4.6
v -4.5226348924 -2.19272397121 4.6
v -4.6531518171 -2.43118863255 4.6
v -4.58304558389 -2.56089694755 4.6
v -4.509324605 -2.68858542858 4.6
v -4.43204702573 -2.814153365 4.6
v -4.0798950817 -2.81719511817 4.6
v -3.7307953327 -2.77180619754 4.6
v -3.51590976479 -2.71120439379 4.6
v -3.41589327954 -2.66990625747 4.6
v -3.36283861032 -2.64265730907 4.6
v -3.32187169041 -2.61655660344 4.6
v -3.28554733196 -2.58490415009 4.6
v -3.24911724845 -2.54705858068 4.6
v -3.18421869018 -2.46535325938 4.6
v -3.00283890993 -2.20298331409 4.6
v -2.97449885423 -2.17389105676 4.6
v -2.95145255318 -2.15611188993 4.6
v -2.92763865174 -2.14410413122 4.6
v -2.90746727671 -2.13940638347 4.6
v -2.89035454112 -2.13952302305 4.6
v -2.86105639942 -2.14860170808 4.6
v -2.83645663895 -2.16480058549 4.6
v -2.81780237998 -2.18214408536 4.6
v -2.79859076263 -2.20438109076 4.6
v -2.55193831089 -2.48576288238 4.6
v -2.38329790066 -2.64788545196 4.6
v -2.20438109076 -2.79859076263 4.6
v -2.17850964702 -2.82135819134 4.6
v -2.15824332652 -2.8450823793 4.6
v -2.14679492647 -2.86485072892 4.6
v -2.14066485346 -2.88338824538 4.6
v -2.13900819121 -2.90123853356 4.6
v -2.14146066287 -2.91899890704 4.6
v -2.14815181672 -2.93729179197 4.6
v -2.15797673845 -2.95427519354 4.6
v -2.17133692575 -2.97159102668 4.6
v -2.20976154992 -3.00861851556 4.6
v -2.35222243287 -3.10800371134 4.6
v -2.5161642542 -3.22291729851 4.6
v -2.5723672427 -3.2728148707 4.6
v -2.61655660344 -3.32187169041 4.6
v -2.6625210892 -3.40057902495 4.6
v -2.70997892497 -3.51254579423 4.6
v -2.76196065389 -3.68741992963 4.6
v -2.79935397891 -3.88915396224 4.6
v -2.82035472326 -4.16027210875 4.6
v -2.814153365 -4.43204702573 4.6
v -2.68858542858 -4.509324605 4.6
v -2.56089694755 -4.58304558389 4.6
v -2.43118863255 -4.6531518171 4.6
v -2.12469522644 -4.4797100806 4.6
v -1.84506043567 -4.26585224779 4.6
v -1.68926497683 -4.10592676227 4.6
v -1.62329722796 -4.02015328446 4.6
v -1.59097501083 -3.97002766831 4.6
v -1.56854697029 -3.92694033423 4.6
v -1.55291537976 -3.88136632631 4.6
v -1.54028878669 -3.83037606002 4.6
v -1.52493764722 -3.72716789702 4.6
v -1.49904312243 -3.40925896909 4.6
v -1.48904604291 -3.36989430733 4.6
v -1.47797694416 -3.34297394667 4.6
v -1.4633573799 -3.32066797187 4.6
v -1.44823733057 -3.30651391545 4.6
v -1.43335894703 -3.2980585605 4.6
v -1.40344666952 -3.29127186152 4.6
v -1.37404321332 -3.29300062064 4.6
v -1.34921640123 -3.29869340263 4.6
v -1.32146014985 -3.30834540554 4.6
v -1.05689184022 -3.402114914 4.6
v -0.785762274321 -3.47476386223 4.6
v -0.509754642906 -3.52584124062 4.6
v -0.475965601033 -3.53262269039 4.6
v -0.446552358669 -3.54303527959 4.6
v -0.426753578579 -3.55443097253 4.6
v -0.412176021397 -3.5674198962 4.6
v -0.401816165712 -3.5820503681 4.6
v -0.395059881729 -3.59865753855 4.6
v -0.391708148474 -3.61784521853 4.6
v -0.391725079501 -3.6374657366 4.6
v -0.394637424536 -3.65914178164 4.6
v -0.40940038076 -3.71042083973 4.6
v -0.483082526548 -3.86772138551 4.6
v -0.567603514978 -4.04921038191 4.6
v -0.591327944693 -4.12052444126 4.6
v -0.605068643811 -4.18510357373 4.6
v -0.605521388886 -4.27624836778 4.6
v -0.590637695635 -4.39694335224 4.6
v -0.548218125705 -4.57437966043 4.6
v -0.479734678799 -4.76778311999 4.6
v -0.362362783651 -5.01307869447 4.6
v -0.221104791368 -5.24534199755 4.6
v -0.0737209788915 -5.24948237613 4.6
v 0.0737209788915 -5.24948237613 4.6
v 0.221104791368 -5.24534199755 4.6
v 0.399814998904 -4.94189034461 4.6
v 0.535056915087 -4.61686663321 4.6
v 0.590016997476 -4.40046937061 4.6
v 0.604260004923 -4.29320348543 4.6
v 0.607189057988 -4.2336323199 4.6
v 0.605068643811 -4.18510357373 4.6
v 0.59581899435 -4.13781952986 4.6
v 0.581258811576 -4.08734736737 4.6
v 0.542949206833 -3.99029090659 4.6
v 0.406420059153 -3.70202643652 4.6
v 0.395395453101 -3.66293709967 4.6
v 0.391521393487 -3.63408883408 4.6
v 0.393029320122 -3.60746151112 4.6
v 0.399046638744 -3.58764371404 4.6
v 0.407704019381 -3.57288197008 4.6
v 0.4302154621 -3.5520483776 4.6
v 0.456543981685 -3.53884379881 4.6
v 0.480891022652 -3.53136048659 4.6
v 0.509754642906 -3.52584124062 4.6
v 0.876764648483 -3.45292484731 4.6
v 1.10148711738 -3.38793925274 4.6
v 1.32146014985 -3.30834540554 4.6
v 1.35411304337 -3.29732379238 4.6
v 1.38479195307 -3.29163473797 4.6
v 1.40763604606 -3.2916043075 4.6
v 1.42675504274 -3.29556426677 4.6
v 1.44304217689 -3.30305469927 4.6
v 1.45719687568 -3.31405878877 4.6
v 1.46969340182 -3.32899994045 4.6
v 1.47948899816 -3.34600027305 4.6
v 1.48780485589 -3.36622845122 4.6
v 1.50065928981 -3.41801889632 4.6
v 1.51549895264 -3.59108623788 4.6
v 1.53304612771 -3.79052081349 4.6
v 1.54815719856 -3.86414281539 4.6
v 1.56854697029 -3.92694033423 4.6
v 1.61372727858 -4.00610041383 4.6
v 1.68696442727 -4.10318348986 4.6
v 1.81241900654 -4.23563805534 4.6
v 1.96842914108 -4.36888864104 4.6
v 2.19272397121 -4.5226348924 4.6
v 2.43118863255 -4.6531518171 4.6
v 2.814153365 -4.43204702573 4.6
v 2.81719511817 -4.0798950817 4.6
v 2.77180619754 -3.7307953327 4.6
v 2.71120439379 -3.51590976479 4.6
v 2.66990625747 -3.41589327954 4.6
v 2.64265730907 -3.36283861032 4.6
v 2.61655660344 -3.32187169041 4.6
v 2.58490415009 -3.28554733196 4.6
v 2.54705858068 -3.24911724845 4.6
v 2.46535325938 -3.18421869018 4.6
v 2.20298331409 -3.00283890993 4.6
v 2.17389105676 -2.97449885423 4.6
v 2.15611188993 -2.95145255318 4.6
v 2.14410413122 -2.92763865174 4.6
v 2.13940638347 -2.90746727671 4.6
v 2.13952302305 -2.89035454112 4.6
v 2.14860170808 -2.86105639942 4.6
v 2.16480058549 -2.83645663895 4.6
v 2.18214408536 -2.81780237998 4.6
v 2.20438109076 -2.79859076263 4.6
v 2.48576288238 -2.55193831089 4.6
v 2.64788545196 -2.38329790066 4.6
v 2.79859076263 -2.20438109076 4.6
v 2.82135819134 -2.17850964702 4.6
v 2.8450823793 -2.15824332652 4.6
v 2.86485072892 -2.14679492647 4.6
v 2.88338824538 -2.14066485346 4.6
v 2.90123853356 -2.13900819121 4.6
v 2.91899890704 -2.14146066287 4.6
v 2.93729179197 -2.14815181672 4.6
v 2.95427519354 -2.15797673845 4.6
v 2.97159102668 -2.17133692575 4.6
v 3.00861851556 -2.20976154992 4.6
v 3.10800371134 -2.35222243287 4.6
v 3.22291729851 -2.5161642542 4.6
v 3.2728148707 -2.5723672427 4.6
v 3.32187169041 -2.61655660344 4.6
v 3.40057902495 -2.6625210892 4.6
v 3.51254579423 -2.70997892497 4.6
v 3.68741992963 -2.76196065389 4.6
v 3.88915396224 -2.79935397891 4.6
v 4.16027210875 -2.82035472326 4.6
v 4.43204702573 -2.814153365 4.6
v 4.509324605 -2.68858542858 4.6
v 4.58304558389 -2.56089694755 4.6
v 4.6531518171 -2.43118863255 4.6
v 4.4797100806 -2.12469522644 4.6
v 4.26585224779 -1.84506043567 4.6
v 4.10592676227 -1.68926497683 4.6
v 4.02015328446 -1.62329722796 4.6
v 3.97002766831 -1.59097501083 4.6
v 4.95013355273 -1.3734076221 2.87499999996
v 4.85029217436 -1.69255334643 3.45
v 4.41585783542 -0.895385923583 2.87499999996
v 4.72989865899 -2.00452721658 4.02500000004
v 4.34824846471 -1.18078444721 3.45
v 4.26221426619 -1.46117963437 4.02500000004
v 4.09627662384 -1.34604896562 4.02500000003
v 4.43373245102 0.276183112253 2.87499999997
v 4.5406307067 0.323107066313 2.87499999996
v 4.44230744176 -0.0128604628947 3.45
v 4.55203208925 0.0270092803933 3.45
v 4.43205904871 -0.30184954442 4.02500000003
v 4.54414515191 -0.269202951917 4.02500000004
v 4.96963973807 -1.69268446711 2.87499999996
v 4.9201469353 -1.83157144727 2.87499999996
v 4.79056096885 -2.14779556061 3.45
v 4.8489848953 -2.01242283121 3.45
v 4.64067596438 -2.4549188225 4.02500000004
v 4.70778345488 -2.32363395855 4.02500000004
v 4.77117781628 -2.19051639501 4.02500000004
v 5.15017649438 1.01891211992 2.87499999996
v 5.17675795996 0.873886065471 2.87499999996
v 5.22264527771 0.535234966804 3.45
v 5.2055555175 0.681683152666 3.45
v 5.24640268713 0.194315917679 4.02500000004
v 5.23887704672 0.341565690237 4.02500000004
v 5.22721939238 0.488546062658 4.02500000004
v 3.9778164923 -1.9776846342 2.87499999997
v 4.09385507436 -1.99049642578 2.87499999997
v 3.84072086454 -2.23229120845 3.45
v 3.95568006833 -2.25262532167 3.45
v 3.68735095505 -2.47743889794 4.02500000003
v 3.80074366408 -2.50520917109 4.02500000003
v 4.97364521984 1.28566088587 2.87499999996
v 5.04675291199 0.959351891906 3.45
v 4.27193802677 1.4325019617 2.87499999997
v 5.0984760043 0.628977837362 4.02500000004
v 4.35608585601 1.15153490468 3.45
v 4.42177564808 0.865688450238 4.02500000003
v 4.22050409998 0.882425712958 4.02500000003
v 3.52431477275 -1.72371405517 2.87499999997
v 3.40470326562 -1.9493538985 3.45
v 3.27066501359 -2.16673374699 4.02500000003
v 3.33304323102 -1.42698241901 2.58749999998
v 2.96366573755 -2.04370654813 4.31250000002
v 2.95353351591 -2.04522346961 4.31250000002
v 3.01853524169 -1.94801033494 4.02500000003
v 2.97453333292 -2.04357619419 4.31250000002
v 2.99272214997 -2.04672180256 4.31250000002
v 3.09896183243 -1.9679181396 4.02500000003
v 3.29418504219 -1.39450407828 2.44374999999
v 3.30395410111 -1.42966372151 2.58749999998
v 3.31556422231 -1.48186239524 2.73124999997
v 3.32825010073 -1.54887620873 2.87499999997
v 3.31458976115 -1.42742667953 2.58749999998
v 3.32391574018 -1.42669293589 2.58749999998
v 3.26557704437 -1.58898990051 3.01874999998
v 3.22042892632 -1.76213051087 3.45
v 3.1205349011 -1.84789941924 3.73750000002
v 3.05873758556 -1.94848521008 4.02500000003
v 2.98382439168 -2.04466637396 4.31250000002
v 2.91213223822 -2.06579488022 4.31250000002
v 2.87812400021 -2.11291858469 4.45625000001
v 3.33230968951 -1.35055081157 2.37187499999
v 3.34129393515 -1.34759898182 2.37187499999
v 3.3499103804 -1.34586017647 2.37187499999
v 3.30828880612 -1.40523361722 2.51562499998
v 3.31258127232 -1.40364315642 2.51562499998
v 2.92696963094 -2.07188230902 4.38437500002
v 2.9317306367 -2.07041754186 4.38437500002
v 2.93629071149 -2.06929816104 4.38437500002
v 2.89935674138 -2.11743644757 4.52812500001
v 2.90886180847 -2.11578848311 4.52812500001
v 3.41002119001 -1.34028161523 2.3359375
v 2.95489914313 -2.10866879991 4.49218750001
v 2.94083895521 -2.13389712568 4.5640625
v 2.91738057313 -2.09862687821 4.47421875001
v 3.72172237347 1.24127649468 2.87499999997
v 3.7945947894 0.996511581883 3.45
v 3.85138837355 0.747524151807 4.02500000003
v 3.4213734051 1.09567481182 2.87499999997
v 3.39986366883 1.20030897594 2.58749999998
v 3.39178054562 1.20291127371 2.58749999998
v 3.38389948144 1.20645081532 2.58749999998
v 3.59300511011 0.510198394645 4.31250000002
v 3.61659083311 0.629711830009 4.02500000003
v 3.56074845119 0.521767447613 4.31250000002
v 3.56817283187 0.517645869513 4.31250000002
v 3.53467649893 0.642153656248 4.02500000003
v 3.55370418647 0.526769233491 4.31250000002
v 3.54700760905 1.32803151845 2.44374999998
v 3.32869708843 1.29143269263 2.44374999999
v 3.55200079245 1.18619194779 2.73124999997
v 3.50420978504 1.09397441718 2.87499999997
v 3.34927528754 1.23708435781 2.58749999998
v 3.46031507819 1.085674809 2.87499999997
v 3.41118786947 1.19821486095 2.58749999998
v 3.49381753567 0.972475891748 3.16249999998
v 3.56795956438 0.863672943736 3.45
v 3.54968458524 0.743108119936 3.73750000002
v 3.57199006483 0.627181957636 4.02500000003
v 3.5788752915 0.513393788177 4.31250000002
v 3.52568364883 0.56354012142 4.31250000002
v 3.5343887202 0.506082088837 4.45625000001
v 3.36612261359 1.28384229779 2.37187499999
v 3.3544636815 1.28821102272 2.37187499999
v 3.47412512035 1.24344190499 2.51562499998
v 3.34503858391 1.29340973303 2.37187499999
v 3.36857862495 1.23694044111 2.51562499998
v 3.55885883503 0.497046506568 4.38437500002
v 3.55323130956 0.501887306206 4.38437500002
v 3.57663825462 0.432077875979 4.52812500001
v 3.5663811318 0.439135346243 4.52812500001
v 3.55849222805 0.446458204369 4.52812500001
v 3.41803420141 1.22582187318 2.51562499998
v 2.7948144794 -2.2091668561 2.87499999998
v 2.96006726662 -1.98227342954 2.87499999998
v 2.64516498033 -2.38631694321 3.45
v 2.82482933345 -2.17065556077 3.45
v 2.48430712699 -2.55335549252 4.02500000002
v 2.67762175447 -2.3498399759 4.02500000002
v 2.85431352441 -2.13173649327 4.02500000003
v 3.31060185828 1.31579690998 2.87499999997
v 3.19673278054 1.57235673504 2.87499999998
v 3.38919358447 1.09762159856 3.45
v 3.29225752522 1.36104618374 3.45
v 3.45342428491 0.874795336518 4.02500000003
v 3.3738319912 1.14396847315 4.02500000002
v 3.27329471955 1.40603977587 4.02500000002
v 2.93583816425 -2.60246787392 2.87499999998
v 2.76030173977 -2.78795969374 3.45
v 2.57306909218 -2.96163809543 4.02500000002
v 2.65956892387 -2.41515887874 2.87499999998
v 2.73942989997 -2.34421381864 2.58749999998
v 2.73764199434 -2.33591247972 2.58749999998
v 2.73676679521 -2.32731750711 2.58749999998
v 2.23834732579 -2.85653450396 4.31250000002
v 2.35364185841 -2.81720362156 4.02500000002
v 2.2322380901 -2.82281489141 4.31250000002
v 2.2323808891 -2.83130538274 4.31250000002
v 2.32345962891 -2.74004281411 4.02500000002
v 2.23304763137 -2.81421348627 4.31250000002
v 2.92361283653 -2.40778293763 2.44374999999
v 2.80327275677 -2.48302694663 2.73124999998
v 2.69951452888 -2.48774748545 2.87499999998
v 2.67037950394 -2.4538833583 2.87499999998
v 2.74327844351 -2.35506792157 2.58749999998
v 2.58909759466 -2.5394967962 3.16249999999
v 2.53194249203 -2.65810715056 3.45
v 2.41839280224 -2.70256296627 3.73750000001
v 2.32915054052 -2.77984315939 4.02500000002
v 2.23404970846 -2.84270002533 4.31250000002
v 2.25088188562 -2.77156154488 4.31250000002
v 2.20547430543 -2.80782937412 4.45625000001
v 2.81391483803 -2.38695965765 2.51562499998
v 2.20988431907 -2.83353890634 4.38437500002
v 2.21126281179 -2.8262449265 4.38437500002
v 2.16250954432 -2.88142065066 4.52812500001
v 2.16349293145 -2.8690089866 4.52812500001
v 2.16589026074 -2.85851556647 4.52812500001
v 2.80248179477 -2.31773615666 2.40781249999
v 2.76557158493 -2.36454909948 2.55156249998
v 2.7995025889 -2.26746413845 2.35390624999
v 2.79751519947 -2.25597053291 2.35390624999
v 3.25493754702 2.19028909655 2.87499999998
v 3.39054162988 1.97388257112 3.45
v 3.51177897492 1.74911211554 4.02500000002
v 2.90232464112 2.17300890047 2.58749999998
v 3.25173465734 1.54475654298 4.31250000002
v 3.24798223906 1.5352233209 4.31250000002
v 3.19629405773 1.64012303405 4.02500000002
v 3.2570555652 1.55423333362 4.31250000002
v 3.26887415048 1.56841250707 4.31250000002
v 3.25374801767 1.69982060244 4.02500000002
v 2.85476847856 2.15559589217 2.44374999999
v 2.94111259035 2.13043164678 2.73124999998
v 3.00549119444 2.10791103302 2.87499999998
v 3.00889414238 2.03357772819 3.01874999998
v 3.16059529125 1.77851278813 3.73750000001
v 3.13626425036 1.90790800584 3.45
v 3.21680648361 1.67470184757 4.02500000002
v 3.26264521795 1.56173453664 4.31250000002
v 3.24509696439 1.48908305737 4.31250000002
v 3.26890317058 1.43606920708 4.45625000001
v 2.83770191994 2.21984593844 2.37187499999
v 2.84050429297 2.22817740159 2.37187499999
v 2.87188126747 2.16695795572 2.51562499998
v 2.87111241383 2.16244534055 2.51562499998
v 2.89010215225 2.14647632375 2.58749999998
v 2.89348264708 2.15680559652 2.58749999998
v 2.89751019597 2.16524900309 2.58749999998
v 2.90535484692 2.0939048921 2.65937499998
v 3.25778752873 1.49888890199 4.38437500002
v 3.25889950604 1.50374443751 4.38437500002
v 3.26021013121 1.50825326853 4.38437500002
v 3.28343212518 1.45219836889 4.52812500001
v 3.28675747964 1.46125398068 4.52812500001
v 2.86572852202 2.28302417037 2.3359375
v 2.9171450516 2.11467454219 2.69531249998
v 2.95117668488 2.06691554155 2.83906249998
v 3.03195617044 1.94277845318 3.19843749999
v 3.30361032045 1.50468332361 4.49218750001
v 3.31842859751 1.47989268081 4.5640625
v 3.16575561734 1.97684941682 3.32421874999
v 3.27615447616 1.47721224973 4.47421875001
v 3.08318479862 1.96702075921 3.26132812499
v 3.60023759774 -3.66447266686 2.87499999997
v 3.35419956555 -3.89094028245 3.45
v 3.37655210318 -2.98335587372 2.87499999997
v 3.09394878772 -4.10092082163 4.02500000003
v 3.1753014088 -3.19671356003 3.45
v 2.96059601371 -3.39652581595 4.02500000003
v 2.87445513436 -3.21385091088 4.02500000003
v 3.70163338004 2.45604781682 2.87499999997
v 3.77074800805 2.55013428092 2.87499999997
v 3.85358132743 2.21001623331 3.45
v 3.92867078794 2.29940676759 3.45
v 3.98920049947 1.95462015077 4.02500000003
v 4.069946616 2.03893598082 4.02500000003
v 3.34518651269 -4.04626086983 2.87499999997
v 3.45749202727 -3.95072761815 2.87499999997
v 3.0748497171 -4.25532600205 3.45
v 3.19313268629 -4.16730174264 3.45
v 2.79148386464 -4.4463600467 4.02500000003
v 2.91524308817 -4.36621776464 4.02500000003
v 3.03670299737 -4.28263175363 4.02500000003
v 4.04626086983 3.34518651269 2.87499999997
v 3.95072761815 3.45749202727 2.87499999997
v 4.25532600205 3.0748497171 3.45
v 4.16730174264 3.19313268629 3.45
v 4.4463600467 2.79148386464 4.02500000003
v 4.36621776464 2.91524308817 4.02500000003
v 4.28263175363 3.03670299737 4.02500000003
v 2.45604781682 -3.70163338004 2.87499999998
v 2.55013428092 -3.77074800805 2.87499999998
v 2.21001623331 -3.85358132743 3.45
v 2.29940676759 -3.92867078794 3.45
v 1.95462015077 -3.98920049947 4.02500000002
v 2.03893598082 -4.069946616 4.02500000002
v 3.66447266686 3.60023759774 2.87499999997
v 3.89094028245 3.35419956555 3.45
v 2.98335587372 3.37655210318 2.87499999998
v 4.10092082163 3.09394878772 4.02500000003
v 3.19671356003 3.1753014088 3.45
v 3.39652581595 2.96059601371 4.02500000002
v 3.21385091088 2.87445513436 4.02500000002
v 2.19028909655 -3.25493754702 2.87499999998
v 1.97388257112 -3.39054162988 3.45
v 1.74911211554 -3.51177897492 4.02500000002
v 2.17300890047 -2.90232464112 2.58749999998
v 2.10791103302 -3.00549119444 2.87499999998
v 2.0412587746 -2.95627500166 2.87499999998
v 2.14647632375 -2.89010215225 2.58749999998
v 2.15680559652 -2.89348264708 2.58749999998
v 2.13639610263 -2.88827127586 2.58749999998
v 1.54475654298 -3.25173465734 4.31250000002
v 1.5352233209 -3.24798223906 4.31250000002
v 1.64012303405 -3.19629405773 4.02500000002
v 1.55423333362 -3.2570555652 4.31250000002
v 1.56841250707 -3.26887415048 4.31250000002
v 1.69982060244 -3.25374801767 4.02500000002
v 2.13740492581 -2.85998651906 2.44374999999
v 2.09057318019 -2.89439569484 2.58749999998
v 2.07820827811 -2.97212391801 2.87499999998
v 2.16524900309 -2.89751019597 2.58749999998
v 1.89783441254 -3.02427632682 3.16249999999
v 1.98037279665 -3.03818925001 3.16249999999
v 1.77851278813 -3.16059529125 3.73750000001
v 1.90790800584 -3.13626425036 3.45
v 1.67470184757 -3.21680648361 4.02500000002
v 1.56173453664 -3.26264521795 4.31250000002
v 1.48908305737 -3.24509696439 4.31250000002
v 1.43606920708 -3.26890317058 4.45625000001
v 2.14965733449 -2.87033462634 2.51562499999
v 2.15463811485 -2.87040204812 2.51562499999
v 2.15932164303 -2.87073650195 2.51562499999
v 1.94395870751 -3.02114612578 3.16249999999
v 1.84459896277 -3.08281593576 3.45
v 1.49888890199 -3.25778752873 4.38437500001
v 1.50374443751 -3.25889950604 4.38437500001
v 1.50825326853 -3.26021013121 4.38437500001
v 1.45219836889 -3.28343212518 4.52812500001
v 1.46125398068 -3.28675747964 4.52812500001
v 2.22769463746 -2.85506039557 2.40781249999
v 2.23543665109 -2.86019860022 2.40781249999
v 1.90877145311 -3.03555853547 3.23437499999
v 1.91372886315 -3.05887984768 3.30624999999
v 1.88043905387 -3.10103520712 3.45
v 1.95948190532 -3.18405771303 3.378125
v 1.50468332361 -3.30361032045 4.49218750001
v 1.47989268081 -3.31842859751 4.5640625
v 2.18606862816 -2.84844479031 2.42578124999
v 1.94294282203 -3.10754130043 3.3421875
v 1.47721224973 -3.27615447616 4.47421875001
v 2.60246787392 2.93583816425 2.87499999998
v 2.78795969374 2.76030173977 3.45
v 2.96163809543 2.57306909218 4.02500000002
v 2.41515887874 2.65956892387 2.87499999998
v 2.34421381864 2.73942989997 2.58749999998
v 2.33591247972 2.73764199434 2.58749999998
v 2.32731750711 2.73676679521 2.58749999998
v 2.85653450396 2.23834732579 4.31250000002
v 2.81720362156 2.35364185841 4.02500000002
v 2.82281489141 2.2322380901 4.31250000002
v 2.83130538274 2.2323808891 4.31250000002
v 2.74004281411 2.32345962891 4.02500000002
v 2.81421348627 2.23304763137 4.31250000002
v 2.40778293763 2.92361283653 2.44374999999
v 2.48302694663 2.80327275677 2.73124999998
v 2.48774748545 2.69951452888 2.87499999998
v 2.4538833583 2.67037950394 2.87499999998
v 2.35506792157 2.74327844351 2.58749999998
v 2.5394967962 2.58909759466 3.16249999999
v 2.65810715056 2.53194249203 3.45
v 2.70256296627 2.41839280224 3.73750000001
v 2.77984315939 2.32915054052 4.02500000002
v 2.84270002533 2.23404970846 4.31250000002
v 2.77156154488 2.25088188562 4.31250000002
v 2.80782937412 2.20547430543 4.45625000001
v 2.38695965765 2.81391483803 2.51562499999
v 2.83353890634 2.20988431907 4.38437500001
v 2.8262449265 2.21126281179 4.38437500001
v 2.88142065066 2.16250954432 4.52812500001
v 2.8690089866 2.16349293145 4.52812500001
v 2.85851556647 2.16589026074 4.52812500001
v 2.31773615666 2.80248179477 2.40781249999
v 2.36454909948 2.76557158493 2.55156249999
v 2.26746413845 2.7995025889 2.35390625
v 2.25597053291 2.79751519947 2.35390625
v 1.31579690998 -3.31060185828 2.87499999999
v 1.57235673504 -3.19673278054 2.87499999999
v 1.09762159856 -3.38919358447 3.45
v 1.36104618374 -3.29225752522 3.45
v 0.874795336518 -3.45342428491 4.02500000001
v 1.14396847315 -3.3738319912 4.02500000001
v 1.40603977587 -3.27329471955 4.02500000002
v 2.2091668561 2.7948144794 2.87499999998
v 1.98227342954 2.96006726662 2.87499999999
v 2.38631694321 2.64516498033 3.45
v 2.17065556077 2.82482933345 3.45
v 2.55335549252 2.48430712699 4.02500000002
v 2.3498399759 2.67762175447 4.02500000001
v 2.13173649327 2.85431352441 4.02500000001
v 1.24127649468 -3.72172237347 2.87499999999
v 0.996511581883 -3.7945947894 3.45
v 0.747524151807 -3.85138837355 4.02500000001
v 1.09567481182 -3.4213734051 2.87499999999
v 1.20030897594 -3.39986366883 2.58749999999
v 1.20291127371 -3.39178054562 2.58749999999
v 1.20645081532 -3.38389948144 2.58749999999
v 0.510198394645 -3.59300511011 4.31250000001
v 0.629711830009 -3.61659083311 4.02500000001
v 0.521767447613 -3.56074845119 4.31250000001
v 0.517645869513 -3.56817283187 4.31250000001
v 0.642153656248 -3.53467649893 4.02500000001
v 0.526769233491 -3.55370418647 4.31250000001
v 1.32803151845 -3.54700760905 2.44374999999
v 1.29143269263 -3.32869708843 2.44374999999
v 1.18619194779 -3.55200079245 2.73124999999
v 1.09397441718 -3.50420978504 2.87499999999
v 1.23708435781 -3.34927528754 2.58749999999
v 1.085674809 -3.46031507819 2.87499999999
v 1.19821486095 -3.41118786947 2.58749999999
v 0.972475891748 -3.49381753567 3.16249999999
v 0.863672943736 -3.56795956438 3.45
v 0.743108119936 -3.54968458524 3.73750000001
v 0.627181957636 -3.57199006483 4.02500000001
v 0.513393788177 -3.5788752915 4.31250000001
v 0.56354012142 -3.52568364883 4.31250000001
v 0.506082088837 -3.5343887202 4.45625000001
v 1.28384229779 -3.36612261359 2.371875
v 1.28821102272 -3.3544636815 2.371875
v 1.24344190499 -3.47412512035 2.51562499999
v 1.29340973303 -3.34503858391 2.371875
v 1.23694044111 -3.36857862495 2.51562499999
v 0.497046506568 -3.55885883503 4.38437500001
v 0.501887306206 -3.55323130956 4.38437500001
v 0.432077875979 -3.57663825462 4.528125
v 0.439135346243 -3.5663811318 4.528125
v 0.446458204369 -3.55849222805 4.528125
v 1.22582187318 -3.41803420141 2.51562499999
v 1.72371405517 3.52431477275 2.87499999999
v 1.9493538985 3.40470326562 3.45
v 2.16673374699 3.27066501359 4.02500000001
v 1.42698241901 3.33304323102 2.58749999999
v 2.04370654813 2.96366573755 4.31250000001
v 2.04522346961 2.95353351591 4.31250000001
v 1.94801033494 3.01853524169 4.02500000001
v 2.04357619419 2.97453333292 4.31250000001
v 2.04672180256 2.99272214997 4.31250000001
v 1.9679181396 3.09896183243 4.02500000001
v 1.39450407828 3.29418504219 2.44374999999
v 1.42742667953 3.31458976115 2.58749999999
v 1.42966372151 3.30395410111 2.58749999999
v 1.42669293589 3.32391574018 2.58749999999
v 1.48186239524 3.31556422231 2.73124999999
v 1.54887620873 3.32825010073 2.87499999999
v 1.58898990051 3.26557704437 3.01874999999
v 1.84789941924 3.1205349011 3.73750000001
v 1.76213051087 3.22042892632 3.45
v 1.94848521008 3.05873758556 4.02500000001
v 2.04466637396 2.98382439168 4.31250000001
v 2.06579488022 2.91213223822 4.31250000001
v 2.11291858469 2.87812400021 4.45625000001
v 1.35055081157 3.33230968951 2.371875
v 1.34759898182 3.34129393515 2.371875
v 1.34586017647 3.3499103804 2.371875
v 1.46915865839 3.26605225313 2.65937499999
v 2.07188230902 2.92696963094 4.38437500001
v 2.07041754186 2.9317306367 4.38437500001
v 2.06929816104 2.93629071149 4.38437500001
v 2.11743644757 2.89935674138 4.528125
v 2.11578848311 2.90886180847 4.528125
v 1.46898445011 3.28993440007 2.69531249999
v 1.52233620939 3.2655897089 2.83906249999
v 1.65436184017 3.1984735796 3.19843749999
v 2.13389712568 2.94083895521 4.5640625
v 1.75320007838 3.29487962309 3.32421875
v 1.68660598056 3.24508234656 3.261328125
v 1.28566088587 -4.97364521984 2.87499999999
v 0.959351891906 -5.04675291199 3.45
v 1.4325019617 -4.27193802677 2.87499999999
v 0.628977837362 -5.0984760043 4.02500000001
v 1.15153490468 -4.35608585601 3.45
v 0.865688450238 -4.42177564808 4.02500000001
v 0.882425712958 -4.22050409998 4.02500000001
v 1.9776846342 3.9778164923 2.87499999999
v 1.99049642578 4.09385507436 2.87499999999
v 2.23229120845 3.84072086454 3.45
v 2.25262532167 3.95568006833 3.45
v 2.47743889794 3.68735095505 4.02500000001
v 2.50520917109 3.80074366408 4.02500000001
v 1.01891211992 -5.15017649438 2.87499999999
v 0.873886065471 -5.17675795996 2.87499999999
v 0.535234966804 -5.22264527771 3.45
v 0.681683152666 -5.2055555175 3.45
v 0.194315917679 -5.24640268713 4.02500000001
v 0.341565690237 -5.23887704672 4.02500000001
v 0.488546062658 -5.22721939238 4.02500000001
v 1.83157144727 4.9201469353 2.87499999999
v 1.69268446711 4.96963973807 2.87499999999
v 2.14779556061 4.79056096885 3.45
v 2.01242283121 4.8489848953 3.45
v 2.4549188225 4.64067596438 4.02500000001
v 2.32363395855 4.70778345488 4.02500000001
v 2.19051639501 4.77117781628 4.02500000001
v 0.276183112253 -4.43373245102 2.875
v 0.323107066313 -4.5406307067 2.875
v -0.0128604628947 -4.44230744176 3.45
v 0.0270092803933 -4.55203208925 3.45
v -0.30184954442 -4.43205904871 4.025
v -0.269202951917 -4.54414515191 4.025
v 1.3734076221 4.95013355273 2.87499999999
v 1.69255334643 4.85029217436 3.45
v 0.895385923583 4.41585783542 2.875
v 2.00452721658 4.72989865899 4.02500000001
v 1.18078444721 4.34824846471 3.45
v 1.46117963437 4.26221426619 4.025
v 1.34604896562 4.09627662384 4.025
v 0.269377225737 -3.91400315172 2.875
v 0.0141616357408 -3.92323646963 3.45
v -0.241113961337 -3.91584586253 4.025
v 0.430718589895 -3.59999131948 2.5875
v 0.32275890629 -3.65678724175 2.875
v 0.289644453669 -3.58083863931 2.875
v 0.413851948862 -3.57614004525 2.5875
v 0.421107114066 -3.58423227604 2.5875
v 0.406037659493 -3.56951434923 2.5875
v -0.276152000508 -3.61513430962 4.3125
v 0.421053704396 -3.5455234429 2.44375
v 0.363291635094 -3.55190679043 2.5875
v 0.313719204197 -3.61303895525 2.875
v 0.42640554421 -3.59194193898 2.5875
v 0.195958525858 -3.62133547034 3.1625
v 0.0841646759603 -3.67003851671 3.45
v -0.0990777380089 -3.62527983468 3.88125
v -0.154786185246 -3.66773874204 4.025
v -0.217018243004 -3.62013443042 4.16875
v -0.390779170367 -3.54898779177 4.45625
v 0.490200165831 -3.55661502284 2.371875
v 0.497987256582 -3.56230916939 2.371875
v 0.426490547932 -3.56061137101 2.515625
v 0.430770319366 -3.56316015017 2.515625
v 0.434659146828 -3.56579155977 2.515625
v -0.281971478828 -3.56874012707 4.240625
v -0.288068919789 -3.58846309111 4.3125
v -0.294448723145 -3.58044679051 4.3125
v -0.330817897794 -3.57077121101 4.384375
v -0.32716886934 -3.57416197937 4.384375
v -0.323919419715 -3.57755142957 4.384375
v -0.282522232277 -3.59780952781 4.3125
v -0.278820826275 -3.6064009106 4.3125
v -0.384075383802 -3.56963481645 4.528125
v -0.377895671168 -3.57704246379 4.528125
v 0.536430587215 -3.59364618857 2.3359375
v 0.505845628281 -3.59472297321 2.4078125
v -0.185752362083 -3.5952116921 4.0609375
v -0.2361350259 -3.58476491574 4.16875
v -0.187549774325 -3.62178068074 4.096875
v -0.2442427318 -3.59171220021 4.2046875
v -0.348711177324 -3.61335212352 4.4921875
v -0.377589642299 -3.6137898065 4.5640625
v 0.472797838123 -3.56255615909 2.42578125
v -0.358773903029 -3.57583912794 4.47421875
v 0.785884209227 3.8437443686 2.875
v 1.03429304962 3.78447127563 3.45
v 1.27831928137 3.70916224724 4.025
v 0.761804481229 3.51083369055 2.875
v 0.660433768863 3.54452279458 2.5875
v 0.654138551279 3.53882375343 2.5875
v 0.647132686231 3.53376832244 2.5875
v 1.35465778432 3.3667328986 4.3125
v 1.2629489747 3.44691545157 4.025
v 1.3285103611 3.34458233903 4.3125
v 1.33579194277 3.34895125225 4.3125
v 1.21121687002 3.38219647036 4.025
v 1.3206565551 3.34098271976 4.3125
v 0.623394772522 3.73581445608 2.44375
v 0.748728035677 3.66921889442 2.73125
v 0.804695256155 3.58172190262 2.875
v 0.789935574246 3.53955816731 2.875
v 0.667909425956 3.55328278252 2.5875
v 0.904719941014 3.51197268795 3.1625
v 1.03601707235 3.5217800943 3.45
v 1.131291783 3.44567108621 3.7375
v 1.24283952431 3.40702511703 4.025
v 1.34482558304 3.3560938135 4.3125
v 1.27480176321 3.3351016663 4.3125
v 1.32891441477 3.31391146296 4.45625
v 0.66021028232 3.63040156264 2.515625
v 1.34897451597 3.3305854129 4.384375
v 1.34196849777 3.3281322327 4.384375
v 1.4141287103 3.31349852664 4.528125
v 1.40288820035 3.30814433284 4.528125
v 1.39260196731 3.30497377084 4.528125
v 0.605977493554 3.58588850625 2.4078125
v 0.664973796177 3.57732979827 2.5515625
v 0.563930251617 3.55817242917 2.35390625
v 0.554970191953 3.55070449667 2.35390625
v -0.515787378879 -3.52496376608 2.875
v -0.236665513916 -3.55463016457 2.875
v -0.744028604136 -3.48393854178 3.45
v -0.467428191767 -3.53170174451 3.45
v -0.969117157916 -3.42815082903 4.025
v -0.696210236725 -3.49380844905 4.025
v -0.418981195142 -3.53777626914 4.025
v 0.515787378879 3.52496376608 2.875
v 0.236665513916 3.55463016457 2.875
v 0.744028604136 3.48393854178 3.45
v 0.467428191767 3.53170174451 3.45
v 0.969117157916 3.42815082903 4.025
v 0.696210236725 3.49380844905 4.025
v 0.418981195142 3.53777626914 4.025
v -0.785884209227 -3.8437443686 2.875
v -1.03429304962 -3.78447127563 3.45
v -1.27831928137 -3.70916224724 4.025
v -0.761804481229 -3.51083369055 2.875
v -0.660433768863 -3.54452279458 2.5875
v -0.654138551279 -3.53882375343 2.5875
v -0.647132686231 -3.53376832244 2.5875
v -1.35465778432 -3.3667328986 4.3125
v -1.2629489747 -3.44691545157 4.025
v -1.3285103611 -3.34458233903 4.3125
v -1.33579194277 -3.34895125225 4.3125
v -1.21121687002 -3.38219647036 4.025
v -1.3206565551 -3.34098271976 4.3125
v -0.545935025119 -3.5284525864 2.44375
v -0.748728035677 -3.66921889442 2.73125
v -0.804695256155 -3.58172190262 2.875
v -0.603291163278 -3.51909966218 2.5875
v -0.789935574246 -3.53955816731 2.875
v -0.667909425956 -3.55328278252 2.5875
v -0.904719941014 -3.51197268795 3.1625
v -1.03601707235 -3.5217800943 3.45
v -1.131291783 -3.44567108621 3.7375
v -1.24283952431 -3.40702511703 4.025
v -1.34482558304 -3.3560938135 4.3125
v -1.27480176321 -3.3351016663 4.3125
v -1.32891441477 -3.31391146296 4.45625
v -0.561608369637 -3.54915627562 2.371875
v -0.552393605645 -3.54359325682 2.371875
v -0.613067467508 -3.53574488441 2.515625
v -1.34897451597 -3.3305854129 4.384375
v -1.34196849777 -3.3281322327 4.384375
v -1.4141287103 -3.31349852664 4.528125
v -1.40288820035 -3.30814433284 4.528125
v -1.39260196731 -3.30497377084 4.528125
v -0.602771089731 -3.5785519608 2.4078125
v -0.583326280529 -3.54570744988 2.42578125
v -0.269377225737 3.91400315172 2.875
v -0.0141616357408 3.92323646963 3.45
v 0.241113961337 3.91584586253 4.025
v -0.430718589895 3.59999131948 2.5875
v 0.288068919789 3.58846309111 4.3125
v 0.294448723145 3.58044679051 4.3125
v 0.177758816044 3.58813336899 4.025
v 0.282522232277 3.59780952781 4.3125
v 0.276152000508 3.61513430962 4.3125
v 0.154786185246 3.66773874204 4.025
v -0.427485161756 3.54680543537 2.44375
v -0.374451631966 3.61229404202 2.73125
v -0.42640554421 3.59194193898 2.5875
v -0.32275890629 3.65678724175 2.875
v -0.421107114066 3.58423227604 2.5875
v -0.256682901989 3.6225676287 3.01875
v -0.0841646759603 3.67003851671 3.45
v 0.0400603901521 3.62641220737 3.7375
v 0.158068898044 3.62318705765 4.025
v 0.278820826275 3.6064009106 4.3125
v 0.332964726169 3.55487793759 4.3125
v 0.390779170367 3.54898779177 4.45625
v -0.496543532833 3.56114025018 2.371875
v -0.439416563628 3.55009997044 2.44375
v -0.503592015208 3.56744492026 2.371875
v -0.509406087433 3.57403757807 2.371875
v -0.437176392296 3.56767895777 2.515625
v -0.413851948862 3.57614004525 2.5875
v -0.440700004853 3.57060111214 2.515625
v -0.351876397636 3.57892230252 2.73125
v 0.330817897794 3.57077121101 4.384375
v 0.32716886934 3.57416197937 4.384375
v 0.323919419715 3.57755142957 4.384375
v 0.377895671168 3.57704246379 4.528125
v -0.544292667988 3.62330578561 2.3359375
v -0.344105858944 3.61277140215 2.803125
v 0.348711177324 3.61335212352 4.4921875
v 0.377589642299 3.6137898065 4.5640625
v 0.358773903029 3.57583912794 4.47421875
v -1.3734076221 -4.95013355273 2.87500000001
v -1.69255334643 -4.85029217436 3.45
v -0.895385923583 -4.41585783542 2.875
v -2.00452721658 -4.72989865899 4.02499999999
v -1.18078444721 -4.34824846471 3.45
v -1.46117963437 -4.26221426619 4.025
v -1.34604896562 -4.09627662384 4.025
v -0.276183112253 4.43373245102 2.875
v -0.323107066313 4.5406307067 2.875
v 0.0128604628947 4.44230744176 3.45
v -0.0270092803933 4.55203208925 3.45
v 0.30184954442 4.43205904871 4.025
v 0.269202951917 4.54414515191 4.025
v -1.83157144727 -4.9201469353 2.87500000001
v -1.69268446711 -4.96963973807 2.87500000001
v -2.14779556061 -4.79056096885 3.45
v -2.01242283121 -4.8489848953 3.45
v -2.4549188225 -4.64067596438 4.02499999999
v -2.32363395855 -4.70778345488 4.02499999999
v -2.19051639501 -4.77117781628 4.02499999999
v -0.873886065471 5.17675795996 2.87500000001
v -1.01891211992 5.15017649438 2.87500000001
v -0.535234966804 5.22264527771 3.45
v -0.681683152666 5.2055555175 3.45
v -0.194315917679 5.24640268713 4.02499999999
v -0.341565690237 5.23887704672 4.02499999999
v -0.488546062658 5.22721939238 4.02499999999
v -1.9776846342 -3.9778164923 2.87500000001
v -1.99049642578 -4.09385507436 2.87500000001
v -2.23229120845 -3.84072086454 3.45
v -2.25262532167 -3.95568006833 3.45
v -2.47743889794 -3.68735095505 4.02499999999
v -2.50520917109 -3.80074366408 4.02499999999
v -1.28566088587 4.97364521984 2.87500000001
v -0.959351891906 5.04675291199 3.45
v -1.4325019617 4.27193802677 2.87500000001
v -0.628977837362 5.0984760043 4.02499999999
v -1.15153490468 4.35608585601 3.45
v -0.865688450238 4.42177564808 4.02499999999
v -0.882425712958 4.22050409998 4.02499999999
v -1.72371405517 -3.52431477275 2.87500000001
v -1.9493538985 -3.40470326562 3.45
v -2.16673374699 -3.27066501359 4.02499999999
v -1.42698241901 -3.33304323102 2.58750000001
v -1.54887620873 -3.32825010073 2.87500000001
v -1.53957986471 -3.24591945533 2.87500000001
v -1.4331182466 -3.29430893535 2.58750000001
v -1.42966372151 -3.30395410111 2.58750000001
v -1.42742667953 -3.31458976115 2.58750000001
v -2.04370654813 -2.96366573755 4.31249999999
v -2.04522346961 -2.95353351591 4.31249999999
v -1.94801033494 -3.01853524169 4.02499999999
v -2.04357619419 -2.97453333292 4.31249999999
v -2.04672180256 -2.99272214997 4.31249999999
v -1.9679181396 -3.09896183243 4.02499999999
v -1.40811851708 -3.28104022346 2.44375000001
v -1.46133361024 -3.25768732994 2.58750000001
v -1.53483067713 -3.28584312221 2.87500000001
v -1.42669293589 -3.32391574018 2.58750000001
v -1.67018292083 -3.15571097684 3.16250000001
v -1.64096267369 -3.23414777587 3.16250000001
v -1.84789941924 -3.1205349011 3.73749999999
v -1.76213051087 -3.22042892632 3.45
v -1.94848521008 -3.05873758556 4.02499999999
v -2.04466637396 -2.98382439168 4.31249999999
v -2.06579488022 -2.91213223822 4.31249999999
v -2.11291858469 -2.87812400021 4.45624999999
v -1.34988496973 -3.33404386512 2.371875
v -1.41095403652 -3.29682517427 2.51562500001
v -1.40852203532 -3.30117236748 2.51562500001
v -1.40646991675 -3.30539564878 2.51562500001
v -1.64440993972 -3.1940906875 3.16250000001
v -1.74749743418 -3.13887752943 3.45
v -2.07188230902 -2.92696963094 4.38437499999
v -2.07041754186 -2.9317306367 4.38437499999
v -2.06929816104 -2.93629071149 4.38437499999
v -2.11578848311 -2.90886180847 4.528125
v -1.33226057839 -3.38040418512 2.3359375
v -1.35928632212 -3.36604422851 2.4078125
v -1.67448507983 -3.17082383615 3.23437500001
v -1.69220322364 -3.18677773528 3.30625
v -1.74535574046 -3.17902559448 3.45
v -1.77773391394 -3.28898996478 3.378125
v -2.10866879991 -2.95489914313 4.4921875
v -2.13389712568 -2.94083895521 4.5640625
v -1.37182314088 -3.32166305524 2.42578125001
v -1.71973829846 -3.2364084922 3.3421875
v -2.09862687821 -2.91738057313 4.47421874999
v -1.24127649468 3.72172237347 2.87500000001
v -0.996511581883 3.7945947894 3.45
v -0.747524151807 3.85138837355 4.02499999999
v -1.19821486095 3.41118786947 2.58750000001
v -1.20030897594 3.39986366883 2.58750000001
v -1.20291127371 3.39178054562 2.58750000001
v -1.20645081532 3.38389948144 2.58750000001
v -1.09567481182 3.4213734051 2.87500000001
v -0.510198394645 3.59300511011 4.31249999999
v -0.629711830009 3.61659083311 4.02499999999
v -0.521767447613 3.56074845119 4.31249999999
v -0.517645869513 3.56817283187 4.31249999999
v -0.642153656248 3.53467649893 4.02499999999
v -0.526769233491 3.55370418647 4.31249999999
v -1.18619194779 3.55200079245 2.73125000001
v -1.09397441718 3.50420978504 2.87500000001
v -1.085674809 3.46031507819 2.87500000001
v -0.972475891748 3.49381753567 3.16250000001
v -0.863672943736 3.56795956438 3.45
v -0.743108119936 3.54968458524 3.73749999999
v -0.627181957636 3.57199006483 4.02499999999
v -0.513393788177 3.5788752915 4.31249999999
v -0.56354012142 3.52568364883 4.31249999999
v -0.506082088837 3.5343887202 4.45624999999
v -0.497046506568 3.55885883503 4.38437499999
v -0.501887306206 3.55323130956 4.38437499999
v -0.432077875979 3.57663825462 4.528125
v -0.439135346243 3.5663811318 4.528125
v -0.446458204369 3.55849222805 4.528125
v -2.2091668561 -2.7948144794 2.87500000002
v -1.98227342954 -2.96006726662 2.87500000001
v -2.38631694321 -2.64516498033 3.45
v -2.17065556077 -2.82482933345 3.45
v -2.55335549252 -2.48430712699 4.02499999998
v -2.3498399759 -2.67762175447 4.02499999999
v -2.13173649327 -2.85431352441 4.02499999999
v -1.31579690998 3.31060185828 2.87500000001
v -1.57235673504 3.19673278054 2.87500000001
v -1.09762159856 3.38919358447 3.45
v -1.36104618374 3.29225752522 3.45
v -0.874795336518 3.45342428491 4.02499999999
v -1.14396847315 3.3738319912 4.02499999999
v -1.40603977587 3.27329471955 4.02499999998
v -2.60246787392 -2.93583816425 2.87500000002
v -2.78795969374 -2.76030173977 3.45
v -2.96163809543 -2.57306909218 4.02499999998
v -2.41515887874 -2.65956892387 2.87500000002
v -2.32731750711 -2.73676679521 2.58750000002
v -2.85653450396 -2.23834732579 4.31249999998
v -2.81720362156 -2.35364185841 4.02499999998
v -2.82281489141 -2.2322380901 4.31249999998
v -2.83130538274 -2.2323808891 4.31249999998
v -2.74004281411 -2.32345962891 4.02499999998
v -2.81421348627 -2.23304763137 4.31249999998
v -2.40423664291 -2.91470527048 2.44375000001
v -2.34415948808 -2.80716794185 2.44375000001
v -2.47905827631 -2.79546738358 2.73125000002
v -2.48774748545 -2.69951452888 2.87500000002
v -2.5394967962 -2.58909759466 3.16250000001
v -2.4538833583 -2.67037950394 2.87500000002
v -2.65810715056 -2.53194249203 3.45
v -2.70256296627 -2.41839280224 3.73749999999
v -2.77984315939 -2.32915054052 4.02499999998
v -2.84270002533 -2.23404970846 4.31249999998
v -2.77156154488 -2.25088188562 4.31249999998
v -2.80782937412 -2.20547430543 4.45624999999
v -2.28203890247 -2.7976813146 2.37187500001
v -2.3806610915 -2.80480990177 2.51562500001
v -2.33807833102 -2.76501344848 2.51562500001
v -2.33591247972 -2.73764199434 2.58750000002
v -2.34421381864 -2.73942989997 2.58750000002
v -2.41532334459 -2.75269067488 2.65937500002
v -2.83353890634 -2.20988431907 4.38437499999
v -2.8262449265 -2.21126281179 4.38437499999
v -2.88142065066 -2.16250954432 4.52812499999
v -2.8690089866 -2.16349293145 4.52812499999
v -2.85851556647 -2.16589026074 4.52812499999
v -2.23572203727 -2.8019558049 2.3359375
v -2.22632258201 -2.80313885007 2.3359375
v -2.25563540077 -2.7839464337 2.40781250001
v -2.37354156027 -2.73727601001 2.62343750002
v -2.41777855571 -2.69828210895 2.76718750002
v -2.30324837297 -2.78540213123 2.42578125001
v -2.19028909655 3.25493754702 2.87500000002
v -1.97388257112 3.39054162988 3.45
v -1.74911211554 3.51177897492 4.02499999998
v -2.17300890047 2.90232464112 2.58750000002
v -2.10791103302 3.00549119444 2.87500000002
v -2.0412587746 2.95627500166 2.87500000002
v -2.14647632375 2.89010215225 2.58750000002
v -2.15680559652 2.89348264708 2.58750000002
v -2.13639610263 2.88827127586 2.58750000002
v -1.56841250707 3.26887415048 4.31249999998
v -2.13740492581 2.85998651906 2.44375000001
v -2.09057318019 2.89439569484 2.58750000002
v -2.07820827811 2.97212391801 2.87500000002
v -2.16524900309 2.89751019597 2.58750000002
v -1.98037279665 3.03818925001 3.16250000001
v -1.90790800584 3.13626425036 3.45
v -1.72683607927 3.18912330166 3.88124999998
v -1.69982060244 3.25374801767 4.02499999998
v -1.62212390369 3.24363750336 4.16874999998
v -1.43606920708 3.26890317058 4.45624999999
v -2.20283330797 2.83501887835 2.37187500001
v -2.21242419966 2.83605660854 2.37187500001
v -2.14965733449 2.87033462634 2.51562500001
v -2.15463811485 2.87040204812 2.51562500001
v -2.15932164303 2.87073650195 2.51562500001
v -1.54017559972 3.23160534896 4.24062499998
v -1.54475654298 3.25173465734 4.31249999998
v -1.5352233209 3.24798223906 4.31249999998
v -1.49888890199 3.25778752873 4.38437499999
v -1.50374443751 3.25889950604 4.38437499999
v -1.50825326853 3.26021013121 4.38437499999
v -1.55423333362 3.2570555652 4.31249999998
v -1.56173453664 3.26264521795 4.31249999998
v -1.45219836889 3.28343212518 4.52812499999
v -1.46125398068 3.28675747964 4.52812499999
v -2.26138561018 2.8439735979 2.3359375
v -2.23543665109 2.86019860022 2.40781250001
v -1.63673958167 3.20642083838 4.06093749998
v -1.58788352672 3.22256499658 4.16874999998
v -1.64846747133 3.23032896362 4.09687499998
v -1.58433568968 3.23263537437 4.20468749998
v -1.47989268081 3.31842859751 4.5640625
v -2.19073301822 2.84886521712 2.42578125001
v -3.66447266686 -3.60023759774 2.87500000003
v -3.89094028245 -3.35419956555 3.45
v -2.98335587372 -3.37655210318 2.87500000002
v -4.10092082163 -3.09394878772 4.02499999997
v -3.19671356003 -3.1753014088 3.45
v -3.39652581595 -2.96059601371 4.02499999998
v -3.21385091088 -2.87445513436 4.02499999998
v -2.45604781682 3.70163338004 2.87500000002
v -2.55013428092 3.77074800805 2.87500000002
v -2.21001623331 3.85358132743 3.45
v -2.29940676759 3.92867078794 3.45
v -1.95462015077 3.98920049947 4.02499999998
v -2.03893598082 4.069946616 4.02499999998
v -3.95072761815 -3.45749202727 2.87500000003
v -4.04626086983 -3.34518651269 2.87500000003
v -4.25532600205 -3.0748497171 3.45
v -4.16730174264 -3.19313268629 3.45
v -4.4463600467 -2.79148386464 4.02499999997
v -4.36621776464 -2.91524308817 4.02499999997
v -4.28263175363 -3.03670299737 4.02499999997
v -3.34518651269 4.04626086983 2.87500000003
v -3.45749202727 3.95072761815 2.87500000003
v -3.0748497171 4.25532600205 3.45
v -3.19313268629 4.16730174264 3.45
v -2.79148386464 4.4463600467 4.02499999997
v -2.91524308817 4.36621776464 4.02499999997
v -3.03670299737 4.28263175363 4.02499999997
v -3.70163338004 -2.45604781682 2.87500000003
v -3.77074800805 -2.55013428092 2.87500000003
v -3.85358132743 -2.21001623331 3.45
v -3.92867078794 -2.29940676759 3.45
v -3.98920049947 -1.95462015077 4.02499999997
v -4.069946616 -2.03893598082 4.02499999997
v -3.60023759774 3.66447266686 2.87500000003
v -3.35419956555 3.89094028245 3.45
v -3.37655210318 2.98335587372 2.87500000003
v -3.09394878772 4.10092082163 4.02499999997
v -3.1753014088 3.19671356003 3.45
v -2.96059601371 3.39652581595 4.02499999997
v -2.87445513436 3.21385091088 4.02499999997
v -3.25493754702 -2.19028909655 2.87500000002
v -3.39054162988 -1.97388257112 3.45
v -3.51177897492 -1.74911211554 4.02499999998
v -2.90232464112 -2.17300890047 2.58750000002
v -3.00549119444 -2.10791103302 2.87500000002
v -2.95627500166 -2.0412587746 2.87500000002
v -2.89010215225 -2.14647632375 2.58750000002
v -2.89348264708 -2.15680559652 2.58750000002
v -2.88827127586 -2.13639610263 2.58750000002
v -3.25173465734 -1.54475654298 4.31249999998
v -3.24798223906 -1.5352233209 4.31249999998
v -3.19629405773 -1.64012303405 4.02499999998
v -3.2570555652 -1.55423333362 4.31249999998
v -3.26887415048 -1.56841250707 4.31249999998
v -3.25374801767 -1.69982060244 4.02499999998
v -2.85998651906 -2.13740492581 2.44375000001
v -2.89439569484 -2.09057318019 2.58750000002
v -2.97212391801 -2.07820827811 2.87500000002
v -2.89751019597 -2.16524900309 2.58750000002
v -3.02427632682 -1.89783441254 3.16250000001
v -3.03818925001 -1.98037279665 3.16250000001
v -3.16059529125 -1.77851278813 3.73749999999
v -3.13626425036 -1.90790800584 3.45
v -3.21680648361 -1.67470184757 4.02499999998
v -3.26264521795 -1.56173453664 4.31249999998
v -3.24509696439 -1.48908305737 4.31249999998
v -3.26890317058 -1.43606920708 4.45624999999
v -2.83501887835 -2.20283330797 2.37187500001
v -2.83605660854 -2.21242419966 2.37187500001
v -2.87033462634 -2.14965733449 2.51562500002
v -2.87040204812 -2.15463811485 2.51562500002
v -2.87073650195 -2.15932164303 2.51562500002
v -3.02114612578 -1.94395870751 3.16250000001
v -3.08281593576 -1.84459896277 3.45
v -3.25778752873 -1.49888890199 4.38437499998
v -3.25889950604 -1.50374443751 4.38437499998
v -3.26021013121 -1.50825326853 4.38437499998
v -3.28343212518 -1.45219836889 4.52812499999
v -3.28675747964 -1.46125398068 4.52812499999
v -2.86019860022 -2.23543665109 2.40781250001
v -3.03555853547 -1.90877145311 3.23437500001
v -3.05887984768 -1.91372886315 3.30625000001
v -3.10103520712 -1.88043905387 3.45
v -3.18405771303 -1.95948190532 3.378125
v -3.30361032045 -1.50468332361 4.49218749999
v -3.31842859751 -1.47989268081 4.5640625
v -2.84886521712 -2.19073301822 2.42578125001
v -3.10754130043 -1.94294282203 3.34218750001
v -3.27615447616 -1.47721224973 4.47421874999
v -2.93583816425 2.60246787392 2.87500000002
v -2.76030173977 2.78795969374 3.45
v -2.57306909218 2.96163809543 4.02499999998
v -2.65956892387 2.41515887874 2.87500000002
v -2.73942989997 2.34421381864 2.58750000002
v -2.73764199434 2.33591247972 2.58750000002
v -2.73676679521 2.32731750711 2.58750000002
v -2.23834732579 2.85653450396 4.31249999998
v -2.35364185841 2.81720362156 4.02499999998
v -2.2322380901 2.82281489141 4.31249999998
v -2.2323808891 2.83130538274 4.31249999998
v -2.32345962891 2.74004281411 4.02499999998
v -2.23304763137 2.81421348627 4.31249999998
v -2.92361283653 2.40778293763 2.44375000001
v -2.78276206331 2.23701989377 2.44375000001
v -2.80327275677 2.48302694663 2.73125000002
v -2.69951452888 2.48774748545 2.87500000002
v -2.74598412426 2.28201530437 2.58750000002
v -2.67037950394 2.4538833583 2.87500000002
v -2.74327844351 2.35506792157 2.58750000002
v -2.58909759466 2.5394967962 3.16250000001
v -2.53194249203 2.65810715056 3.45
v -2.41839280224 2.70256296627 3.73749999999
v -2.42643104555 2.61924705585 3.73749999999
v -2.32915054052 2.77984315939 4.02499999998
v -2.23404970846 2.84270002533 4.31249999998
v -2.25088188562 2.77156154488 4.31249999998
v -2.20547430543 2.80782937412 4.45624999999
v -2.79490135113 2.27322654673 2.37187500001
v -2.79285531187 2.26094525289 2.37187500001
v -2.81391483803 2.38695965765 2.51562500002
v -2.79264497826 2.25018352379 2.37187500001
v -2.75551115745 2.2988044433 2.51562500002
v -2.4968041289 2.58307347343 3.45
v -2.411409514 2.66296893064 3.73749999999
v -2.20988431907 2.83353890634 4.38437499998
v -2.21126281179 2.8262449265 4.38437499998
v -2.16250954432 2.88142065066 4.52812499999
v -2.16349293145 2.8690089866 4.52812499999
v -2.16589026074 2.85851556647 4.52812499999
v -2.7706099834 2.34719351283 2.51562500002
v -2.56467357046 2.72033864329 3.521875
v -2.50507239229 2.62241924575 3.45
v -2.45570823449 2.64359625345 3.59374999999
v -2.43447955552 2.63274255791 3.66562499999
v -2.49509429332 2.68446348662 3.55781249999
v -3.31060185828 -1.31579690998 2.87500000003
v -3.19673278054 -1.57235673504 2.87500000002
v -3.38919358447 -1.09762159856 3.45
v -3.29225752522 -1.36104618374 3.45
v -3.45342428491 -0.874795336518 4.02499999997
v -3.3738319912 -1.14396847315 4.02499999998
v -3.27329471955 -1.40603977587 4.02499999998
v -2.7948144794 2.2091668561 2.87500000002
v -2.96006726662 1.98227342954 2.87500000002
v -2.64516498033 2.38631694321 3.45
v -2.82482933345 2.17065556077 3.45
v -2.48430712699 2.55335549252 4.02499999998
v -2.67762175447 2.3498399759 4.02499999998
v -2.85431352441 2.13173649327 4.02499999997
v -3.72172237347 -1.24127649468 2.87500000003
v -3.7945947894 -0.996511581883 3.45
v -3.85138837355 -0.747524151807 4.02499999997
v -3.41118786947 -1.19821486095 2.58750000002
v -3.39986366883 -1.20030897594 2.58750000002
v -3.39178054562 -1.20291127371 2.58750000002
v -3.38389948144 -1.20645081532 2.58750000002
v -3.4213734051 -1.09567481182 2.87500000003
v -3.59300511011 -0.510198394645 4.31249999998
v -3.61659083311 -0.629711830009 4.02499999997
v -3.56074845119 -0.521767447613 4.31249999998
v -3.56817283187 -0.517645869513 4.31249999998
v -3.53467649893 -0.642153656248 4.02499999997
v -3.55370418647 -0.526769233491 4.31249999998
v -3.55200079245 -1.18619194779 2.73125000003
v -3.50420978504 -1.09397441718 2.87500000003
v -3.46031507819 -1.085674809 2.87500000003
v -3.49381753567 -0.972475891748 3.16250000002
v -3.56795956438 -0.863672943736 3.45
v -3.54968458524 -0.743108119936 3.73749999998
v -3.57199006483 -0.627181957636 4.02499999997
v -3.5788752915 -0.513393788177 4.31249999998
v -3.52568364883 -0.56354012142 4.31249999998
v -3.5343887202 -0.506082088837 4.45624999999
v -3.55885883503 -0.497046506568 4.38437499998
v -3.55323130956 -0.501887306206 4.38437499998
v -3.57663825462 -0.432077875979 4.52812499999
v -3.5663811318 -0.439135346243 4.52812499999
v -3.55849222805 -0.446458204369 4.52812499999
v -3.52431477275 1.72371405517 2.87500000003
v -3.40470326562 1.9493538985 3.45
v -3.32825010073 1.54887620873 2.87500000003
v -3.22042892632 1.76213051087 3.45
v -3.27066501359 2.16673374699 4.02499999997
v -3.31458976115 1.42742667953 2.58750000002
v -3.32391574018 1.42669293589 2.58750000002
v -3.33304323102 1.42698241901 2.58750000002
v -2.96366573755 2.04370654813 4.31249999998
v -2.95353351591 2.04522346961 4.31249999998
v -3.01853524169 1.94801033494 4.02499999997
v -2.97453333292 2.04357619419 4.31249999998
v -2.99272214997 2.04672180256 4.31249999998
v -3.09896183243 1.9679181396 4.02499999997
v -3.29903936864 1.39044828382 2.44375000001
v -3.30894082523 1.38363014704 2.44375000001
v -3.1205349011 1.84789941924 3.73749999998
v -3.05873758556 1.94848521008 4.02499999997
v -2.98382439168 2.04466637396 4.31249999998
v -2.91213223822 2.06579488022 4.31249999998
v -2.87812400021 2.11291858469 4.45624999999
v -3.34926720799 1.34595532375 2.37187500001
v -3.35804316734 1.34511037595 2.37187500001
v -3.36723631307 1.34521079922 2.37187500001
v -2.92696963094 2.07188230902 4.38437499998
v -2.9317306367 2.07041754186 4.38437499998
v -2.93629071149 2.06929816104 4.38437499998
v -2.89935674138 2.11743644757 4.52812499999
v -2.90886180847 2.11578848311 4.52812499999
v -2.95489914313 2.10866879991 4.49218749999
v -2.94083895521 2.13389712568 4.5640625
v -2.91738057313 2.09862687821 4.47421874999
v -4.97364521984 -1.28566088587 2.87500000004
v -5.04675291199 -0.959351891906 3.45
v -4.27193802677 -1.4325019617 2.87500000003
v -5.0984760043 -0.628977837362 4.02499999996
v -4.35608585601 -1.15153490468 3.45
v -4.42177564808 -0.865688450238 4.02499999997
v -4.22050409998 -0.882425712958 4.02499999997
v -3.9778164923 1.9776846342 2.87500000003
v -4.09385507436 1.99049642578 2.87500000003
v -3.84072086454 2.23229120845 3.45
v -3.95568006833 2.25262532167 3.45
v -3.68735095505 2.47743889794 4.02499999997
v -3.80074366408 2.50520917109 4.02499999997
v -5.15017649438 -1.01891211992 2.87500000004
v -5.17675795996 -0.873886065471 2.87500000004
v -5.22264527771 -0.535234966804 3.45
v -5.2055555175 -0.681683152666 3.45
v -5.24640268713 -0.194315917679 4.02499999996
v -5.23887704672 -0.341565690237 4.02499999996
v -5.22721939238 -0.488546062658 4.02499999996
v -4.9201469353 1.83157144727 2.87500000004
v -4.96963973807 1.69268446711 2.87500000004
v -4.79056096885 2.14779556061 3.45
v -4.8489848953 2.01242283121 3.45
v -4.64067596438 2.4549188225 4.02499999996
v -4.70778345488 2.32363395855 4.02499999996
v -4.77117781628 2.19051639501 4.02499999996
v -4.43373245102 -0.276183112253 2.87500000003
v -4.5406307067 -0.323107066313 2.87500000004
v -4.44230744176 0.0128604628947 3.45
v -4.55203208925 -0.0270092803933 3.45
v -4.43205904871 0.30184954442 4.02499999997
v -4.54414515191 0.269202951917 4.02499999996
v -4.95013355273 1.3734076221 2.87500000004
v -4.85029217436 1.69255334643 3.45
v -4.41585783542 0.895385923583 2.87500000004
v -4.72989865899 2.00452721658 4.02499999996
v -4.34824846471 1.18078444721 3.45
v -4.26221426619 1.46117963437 4.02499999996
v -4.09627662384 1.34604896562 4.02499999997
v -3.91400315172 -0.269377225737 2.87500000003
v -3.92323646963 -0.0141616357408 3.45
v -3.91584586253 0.241113961337 4.02499999997
v -3.59999131948 -0.430718589895 2.58750000002
v -3.58846309111 0.288068919789 4.31249999998
v -3.58044679051 0.294448723145 4.31249999998
v -3.58813336899 0.177758816044 4.02499999997
v -3.59780952781 0.282522232277 4.31249999998
v -3.61513430962 0.276152000508 4.31249999998
v -3.66773874204 0.154786185246 4.02499999997
v -3.54680543537 -0.427485161756 2.44375000002
v -3.61229404202 -0.374451631966 2.73125000003
v -3.58423227604 -0.421107114066 2.58750000002
v -3.59194193898 -0.42640554421 2.58750000002
v -3.57614004525 -0.413851948862 2.58750000002
v -3.65678724175 -0.32275890629 2.87500000003
v -3.6225676287 -0.256682901989 3.01875000002
v -3.56801733336 -0.13143465002 3.16250000002
v -3.62641220737 0.0400603901521 3.73749999998
v -3.67003851671 -0.0841646759603 3.45
v -3.62318705765 0.158068898044 4.02499999997
v -3.6064009106 0.278820826275 4.31249999998
v -3.55487793759 0.332964726169 4.31249999998
v -3.54898779177 0.390779170367 4.45624999998
v -3.56114025018 -0.496543532833 2.37187500001
v -3.55009997044 -0.439416563628 2.44375000002
v -3.56744492026 -0.503592015208 2.37187500001
v -3.57403757807 -0.509406087433 2.37187500001
v -3.56767895777 -0.437176392296 2.51562500002
v -3.57060111214 -0.440700004853 2.51562500002
v -3.58853350253 -0.204103508615 3.09062500002
v -3.60593208679 -0.127897887602 3.30625000001
v -3.57077121101 0.330817897794 4.38437499998
v -3.57416197937 0.32716886934 4.38437499998
v -3.57755142957 0.323919419715 4.38437499998
v -3.56963481645 0.384075383802 4.52812499999
v -3.57704246379 0.377895671168 4.52812499999
v -3.62330578561 -0.544292667988 2.3359375
v -3.73721581926 -0.104932251752 3.378125
v -3.61335212352 0.348711177324 4.49218749999
v -3.6137898065 0.377589642299 4.5640625
v -3.66268112049 -0.12886719177 3.34218750001
v -3.57583912794 0.358773903029 4.47421874999
v -3.62125558705 -0.173388965012 3.21640625001
v -3.8437443686 0.785884209227 2.87500000003
v -3.78447127563 1.03429304962 3.45
v -3.70916224724 1.27831928137 4.02499999997
v -3.51083369055 0.761804481229 2.87500000003
v -3.54452279458 0.660433768863 2.58750000002
v -3.53882375343 0.654138551279 2.58750000002
v -3.53376832244 0.647132686231 2.58750000002
v -3.3667328986 1.35465778432 4.31249999998
v -3.44691545157 1.2629489747 4.02499999997
v -3.34458233903 1.3285103611 4.31249999998
v -3.34895125225 1.33579194277 4.31249999998
v -3.38219647036 1.21121687002 4.02499999997
v -3.34098271976 1.3206565551 4.31249999998
v -3.5284525864 0.545935025119 2.44375000002
v -3.66921889442 0.748728035677 2.73125000003
v -3.58172190262 0.804695256155 2.87500000003
v -3.55328278252 0.667909425956 2.58750000002
v -3.51909966218 0.603291163278 2.58750000002
v -3.53955816731 0.789935574246 2.87500000003
v -3.51197268795 0.904719941014 3.16250000002
v -3.5217800943 1.03601707235 3.45
v -3.44567108621 1.131291783 3.73749999998
v -3.40702511703 1.24283952431 4.02499999997
v -3.3560938135 1.34482558304 4.31249999998
v -3.3351016663 1.27480176321 4.31249999998
v -3.31391146296 1.32891441477 4.45624999998
v -3.55706884452 0.571221262459 2.37187500001
v -3.54915627562 0.561608369637 2.37187500001
v -3.54359325682 0.552393605645 2.37187500001
v -3.53574488441 0.613067467508 2.51562500002
v -3.3305854129 1.34897451597 4.38437499998
v -3.3281322327 1.34196849777 4.38437499998
v -3.31349852664 1.4141287103 4.52812499999
v -3.30814433284 1.40288820035 4.52812499999
v -3.30497377084 1.39260196731 4.52812499999
v -3.60854947534 0.582061113562 2.3359375
v -3.52496376608 0.515787378879 2.87500000003
v -3.55463016457 0.236665513916 2.87500000003
v -3.48393854178 0.744028604136 3.45
v -3.53170174451 0.467428191767 3.45
v -3.42815082903 0.969117157916 4.02499999997
v -3.49380844905 0.696210236725 4.02499999997
v -3.53777626914 0.418981195142 4.02499999997
f 9 1 3
f 10 3 4
f 10 4 5
f 10 9 3
f 11 2 1
f 11 1 9
f 12 11 9
f 12 10 5
f 12 9 10
f 13 7 2
f 13 2 11
f 14 8 7
f 14 11 12
f 14 7 13
f 14 13 11
f 15 5 6
f 15 6 8
f 15 12 5
f 15 8 14
f 15 14 12
f 42 16 18
f 42 18 19
f 42 19 20
f 43 17 16
f 43 16 42
f 44 30 17
f 44 31 30
f 44 17 43
f 45 20 21
f 45 21 22
f 45 22 23
f 45 23 24
f 45 42 20
f 45 46 42
f 47 24 25
f 47 45 24
f 48 25 26
f 48 47 25
f 49 48 26
f 50 26 27
f 50 27 28
f 50 28 29
f 50 29 1
f 50 49 26
f 51 49 50
f 51 48 49
f 51 50 1
f 52 53 54
f 55 52 54
f 56 47 48
f 56 48 51
f 56 45 47
f 56 46 45
f 57 46 56
f 57 42 46
f 57 58 43
f 57 43 42
f 57 56 51
f 59 57 51
f 59 44 43
f 59 60 44
f 59 43 58
f 59 58 57
f 59 51 54
f 61 60 59
f 61 59 54
f 61 54 53
f 61 53 62
f 63 61 62
f 63 44 60
f 63 60 61
f 64 44 63
f 64 32 31
f 64 33 32
f 64 34 33
f 64 31 44
f 65 55 54
f 65 1 2
f 65 51 1
f 65 54 51
f 66 2 41
f 66 65 2
f 67 64 63
f 67 34 64
f 67 63 62
f 68 53 52
f 68 55 65
f 68 52 55
f 68 65 66
f 69 35 34
f 69 36 35
f 69 37 36
f 69 38 37
f 69 68 66
f 69 34 67
f 70 69 66
f 70 38 69
f 71 66 41
f 71 39 38
f 71 40 39
f 71 41 40
f 71 70 66
f 71 38 70
f 72 53 68
f 72 67 62
f 72 69 67
f 72 68 69
f 72 62 53
f 449 451 450
f 449 452 451
f 409 408 407
f 404 406 405
f 404 407 406
f 404 409 407
f 454 449 448
f 454 453 452
f 454 452 449
f 403 410 409
f 403 409 404
f 455 448 447
f 455 454 448
f 402 411 410
f 402 410 403
f 415 414 413
f 443 445 444
f 416 415 413
f 416 413 412
f 456 455 447
f 456 447 446
f 401 411 402
f 401 412 411
f 442 445 443
f 417 416 412
f 457 456 446
f 457 445 442
f 457 446 445
f 400 412 401
f 460 459 458
f 398 400 399
f 461 460 458
f 461 458 457
f 397 417 412
f 397 412 400
f 397 400 398
f 362 364 363
f 462 457 442
f 462 461 457
f 462 442 441
f 396 418 417
f 396 417 397
f 496 495 494
f 395 418 396
f 463 462 441
f 463 440 439
f 463 441 440
f 464 463 439
f 394 418 395
f 394 419 418
f 394 420 419
f 393 420 394
f 465 438 437
f 465 439 438
f 465 464 439
f 392 420 393
f 392 421 420
f 466 437 436
f 466 465 437
f 391 421 392
f 391 422 421
f 467 466 436
f 467 436 435
f 390 422 391
f 390 423 422
f 370 369 368
f 468 467 435
f 468 435 434
f 389 423 390
f 389 424 423
f 488 490 489
f 388 424 389
f 469 468 434
f 469 433 432
f 469 434 433
f 387 425 424
f 387 424 388
f 371 370 368
f 371 368 367
f 470 469 432
f 359 364 362
f 359 361 360
f 359 362 361
f 487 490 488
f 497 496 494
f 497 494 493
f 372 371 367
f 358 364 359
f 358 365 364
f 498 493 492
f 498 497 493
f 357 365 358
f 357 366 365
f 499 492 491
f 499 498 492
f 356 366 357
f 356 367 366
f 500 491 490
f 500 499 491
f 500 490 487
f 355 367 356
f 503 502 501
f 353 355 354
f 504 501 500
f 504 503 501
f 352 355 353
f 352 367 355
f 352 372 367
f 505 500 487
f 505 487 486
f 505 504 500
f 351 373 372
f 351 372 352
f 350 373 351
f 506 485 484
f 506 486 485
f 506 505 486
f 507 506 484
f 349 374 373
f 349 375 374
f 349 373 350
f 348 375 349
f 508 483 482
f 508 484 483
f 508 507 484
f 347 376 375
f 347 375 348
f 509 508 482
f 509 482 481
f 346 377 376
f 346 376 347
f 510 481 480
f 510 509 481
f 345 378 377
f 345 377 346
f 511 480 479
f 511 510 480
f 344 379 378
f 344 378 345
f 343 379 344
f 512 478 477
f 512 479 478
f 512 511 479
f 342 380 379
f 342 379 343
f 513 512 477
f 325 324 323
f 531 533 532
f 326 325 323
f 326 323 322
f 530 533 531
f 327 326 322
f 612 427 426
f 612 428 427
f 613 429 428
f 613 430 429
f 613 431 430
f 613 428 612
f 611 612 426
f 611 387 386
f 611 425 387
f 611 426 425
f 614 470 432
f 614 432 431
f 614 431 613
f 614 471 470
f 539 538 537
f 317 319 318
f 610 611 386
f 610 384 383
f 610 385 384
f 610 386 385
f 615 473 472
f 615 474 473
f 615 471 614
f 615 472 471
f 540 539 537
f 609 382 381
f 609 383 382
f 609 610 383
f 616 475 474
f 616 476 475
f 616 474 615
f 608 381 380
f 608 609 381
f 608 342 341
f 608 380 342
f 617 477 476
f 617 476 616
f 617 514 513
f 617 513 477
f 314 316 315
f 314 317 316
f 314 319 317
f 607 608 341
f 607 339 338
f 607 340 339
f 607 341 340
f 618 514 617
f 618 515 514
f 618 516 515
f 618 517 516
f 542 540 537
f 542 537 536
f 542 541 540
f 313 320 319
f 313 319 314
f 543 542 536
f 543 536 535
f 606 607 338
f 606 337 336
f 606 338 337
f 619 518 517
f 619 519 518
f 619 517 618
f 312 321 320
f 312 320 313
f 544 543 535
f 544 535 534
f 311 321 312
f 311 322 321
f 304 329 328
f 304 330 329
f 551 527 552
f 551 528 527
f 551 529 528
f 305 304 328
f 303 330 304
f 553 552 527
f 553 526 525
f 553 527 526
f 302 330 303
f 302 331 330
f 554 553 525
f 554 525 524
f 301 332 331
f 301 331 302
f 555 524 523
f 555 554 524
f 300 333 332
f 300 332 301
f 306 328 327
f 306 305 328
f 556 523 522
f 556 555 523
f 545 533 530
f 545 544 534
f 545 534 533
f 299 333 300
f 299 334 333
f 310 322 311
f 550 530 529
f 550 545 530
f 550 529 551
f 298 334 299
f 557 521 520
f 557 522 521
f 557 556 522
f 307 306 327
f 307 327 322
f 307 322 310
f 549 546 545
f 549 545 550
f 548 546 549
f 548 547 546
f 308 307 310
f 308 310 309
f 297 335 334
f 297 334 298
f 558 557 520
f 605 335 297
f 605 297 296
f 605 606 336
f 605 336 335
f 620 519 619
f 620 558 520
f 620 520 519
f 620 559 558
f 604 295 294
f 604 296 295
f 604 605 296
f 621 559 620
f 621 560 559
f 561 560 621
f 622 561 621
f 293 603 604
f 293 604 294
f 562 561 622
f 563 562 622
f 292 603 293
f 291 602 603
f 291 603 292
f 564 622 623
f 564 563 622
f 290 602 291
f 565 564 623
f 278 280 279
f 278 281 280
f 578 576 575
f 578 577 576
f 277 282 281
f 277 281 278
f 258 287 286
f 24 570 569
f 25 24 569
f 25 569 568
f 259 286 285
f 259 258 286
f 257 288 287
f 257 287 258
f 26 25 568
f 26 568 567
f 23 570 24
f 23 571 570
f 23 572 571
f 260 259 285
f 256 289 288
f 256 288 257
f 261 284 283
f 261 285 284
f 261 260 285
f 22 572 23
f 255 289 256
f 27 26 567
f 27 566 565
f 27 567 566
f 254 290 289
f 254 289 255
f 254 602 290
f 21 574 573
f 21 572 22
f 21 573 572
f 262 261 283
f 28 565 623
f 28 27 565
f 253 601 602
f 253 602 254
f 29 28 623
f 29 623 624
f 1 29 624
f 252 601 253
f 263 283 282
f 263 262 283
f 20 575 574
f 20 574 21
f 584 583 582
f 264 263 282
f 264 282 277
f 251 601 252
f 271 273 272
f 271 274 273
f 585 582 581
f 585 584 582
f 589 18 16
f 589 19 18
f 267 264 277
f 267 265 264
f 267 266 265
f 588 579 578
f 588 20 19
f 588 575 20
f 588 578 575
f 588 19 589
f 270 275 274
f 270 274 271
f 268 277 276
f 268 267 277
f 587 580 579
f 587 579 588
f 586 581 580
f 586 585 581
f 586 580 587
f 269 276 275
f 269 268 276
f 269 275 270
f 3 624 625
f 3 1 624
f 250 600 601
f 250 601 251
f 4 3 625
f 5 4 625
f 249 600 250
f 248 599 600
f 248 600 249
f 73 5 625
f 73 625 590
f 247 599 248
f 74 73 590
f 235 237 236
f 235 238 237
f 87 85 84
f 87 86 85
f 234 239 238
f 234 238 235
f 211 246 245
f 110 77 76
f 210 246 211
f 111 110 76
f 111 75 74
f 111 76 75
f 212 211 245
f 212 245 244
f 109 78 77
f 109 77 110
f 209 246 210
f 209 599 247
f 209 247 246
f 213 212 244
f 213 244 243
f 112 111 74
f 112 74 590
f 108 79 78
f 108 78 109
f 208 599 209
f 208 598 599
f 214 213 243
f 214 243 242
f 113 112 590
f 113 590 591
f 107 80 79
f 107 81 80
f 107 79 108
f 215 214 242
f 114 113 591
f 207 598 208
f 216 215 242
f 216 241 240
f 216 242 241
f 106 81 107
f 105 82 81
f 105 83 82
f 105 81 106
f 217 216 240
f 206 598 207
f 115 114 591
f 218 217 240
f 218 240 239
f 205 597 598
f 205 598 206
f 116 591 592
f 116 115 591
f 104 84 83
f 104 83 105
f 219 218 239
f 219 239 234
f 117 116 592
f 204 597 205
f 203 596 597
f 203 597 204
f 118 117 592
f 118 592 593
f 202 596 203
f 119 118 593
f 100 102 101
f 100 103 102
f 222 220 219
f 222 221 220
f 222 219 234
f 99 88 87
f 99 103 100
f 99 104 103
f 99 84 104
f 99 87 84
f 223 222 234
f 223 234 233
f 98 89 88
f 98 88 99
f 163 595 596
f 158 593 594
f 157 119 593
f 157 593 158
f 162 595 163
f 159 158 594
f 164 163 596
f 164 202 201
f 164 596 202
f 156 119 157
f 156 120 119
f 156 121 120
f 165 164 201
f 166 201 200
f 166 165 201
f 155 121 156
f 155 122 121
f 161 595 162
f 160 594 595
f 160 159 594
f 160 595 161
f 167 200 199
f 167 166 200
f 154 122 155
f 154 123 122
f 168 167 199
f 168 199 198
f 153 124 123
f 153 123 154
f 169 198 197
f 169 168 198
f 152 124 153
f 152 125 124
f 152 126 125
f 170 169 197
f 224 223 233
f 224 233 232
f 171 196 195
f 171 197 196
f 171 170 197
f 151 126 152
f 97 90 89
f 97 89 98
f 93 92 91
f 229 231 230
f 150 126 151
f 150 127 126
f 150 128 127
f 172 171 195
f 225 232 231
f 225 224 232
f 94 93 91
f 96 91 90
f 96 90 97
f 96 94 91
f 226 229 228
f 226 225 231
f 226 231 229
f 173 195 194
f 173 172 195
f 95 94 96
f 227 226 228
f 190 192 191
f 190 193 192
f 132 130 129
f 132 131 130
f 189 194 193
f 189 193 190
f 149 129 128
f 149 128 150
f 174 173 194
f 174 194 189
f 145 147 146
f 145 148 147
f 177 175 174
f 177 176 175
f 177 174 189
f 144 129 149
f 144 132 129
f 144 148 145
f 144 133 132
f 144 149 148
f 178 177 189
f 178 189 188
f 143 133 144
f 143 134 133
f 179 188 187
f 179 178 188
f 142 135 134
f 142 134 143
f 180 187 186
f 180 179 187
f 141 135 142
f 141 136 135
f 181 180 186
f 184 186 185
f 184 181 186
f 138 137 136
f 183 181 184
f 139 136 141
f 139 138 136
f 182 181 183
f 140 139 141
f 640 83 84
f 640 84 85
f 640 85 86
f 641 86 626
f 641 640 86
f 642 638 637
f 642 639 638
f 642 626 639
f 642 641 626
f 643 82 83
f 643 640 644
f 643 83 640
f 645 646 647
f 645 648 646
f 649 650 651
f 652 649 651
f 653 637 636
f 653 642 637
f 653 654 642
f 655 5 73
f 655 73 74
f 656 6 5
f 656 648 645
f 656 5 655
f 656 651 6
f 656 645 651
f 657 643 644
f 657 658 643
f 657 645 647
f 657 647 658
f 659 645 657
f 659 640 641
f 659 644 640
f 659 641 660
f 659 657 644
f 661 659 660
f 661 642 654
f 661 645 659
f 661 641 642
f 661 660 641
f 661 651 645
f 662 653 663
f 662 663 652
f 662 654 653
f 662 651 661
f 662 661 654
f 662 652 651
f 664 627 6
f 664 6 651
f 664 651 650
f 665 74 75
f 665 75 76
f 665 76 77
f 665 655 74
f 666 656 655
f 666 648 656
f 667 666 655
f 667 648 666
f 668 648 667
f 668 643 658
f 668 647 646
f 668 646 648
f 668 667 655
f 668 658 647
f 669 664 650
f 670 669 650
f 671 650 649
f 671 663 653
f 671 652 663
f 671 670 650
f 671 649 652
f 672 628 627
f 672 629 628
f 672 630 629
f 672 627 664
f 673 631 630
f 673 630 672
f 674 77 78
f 674 78 79
f 674 79 80
f 674 80 81
f 674 665 77
f 675 81 82
f 675 655 665
f 675 674 81
f 675 643 668
f 675 668 655
f 675 82 643
f 675 665 674
f 676 653 636
f 676 636 635
f 676 671 653
f 677 676 635
f 677 632 631
f 677 633 632
f 677 634 633
f 677 635 634
f 677 631 673
f 677 673 676
f 678 664 669
f 678 669 670
f 678 670 671
f 678 672 664
f 678 673 672
f 678 676 673
f 678 671 676
f 683 2 7
f 684 7 8
f 684 8 6
f 684 683 7
f 685 679 2
f 685 2 683
f 686 685 683
f 686 684 6
f 686 683 684
f 687 681 679
f 687 679 685
f 688 682 681
f 688 685 686
f 688 681 687
f 688 687 685
f 689 6 680
f 689 680 682
f 689 686 6
f 689 682 688
f 689 688 686
f 696 584 585
f 697 690 584
f 697 584 696
f 698 585 586
f 698 586 587
f 698 587 588
f 698 588 589
f 698 589 16
f 698 696 585
f 699 691 690
f 699 690 697
f 700 696 698
f 700 697 696
f 700 698 16
f 701 692 691
f 701 693 692
f 701 697 700
f 701 699 697
f 701 691 699
f 702 16 17
f 702 694 693
f 702 695 694
f 702 17 695
f 702 701 700
f 702 700 16
f 702 693 701
f 716 17 30
f 716 30 31
f 716 31 32
f 717 703 17
f 717 17 716
f 718 704 703
f 718 705 704
f 718 706 705
f 718 703 717
f 719 720 721
f 719 721 722
f 723 707 706
f 723 708 707
f 723 706 718
f 723 718 724
f 725 726 727
f 728 725 727
f 729 41 2
f 730 32 33
f 730 716 32
f 730 731 716
f 730 33 732
f 733 729 2
f 733 719 722
f 734 731 730
f 734 730 732
f 734 720 719
f 734 732 720
f 735 731 734
f 735 734 719
f 735 716 731
f 735 736 717
f 735 717 716
f 737 736 735
f 737 718 717
f 737 719 727
f 737 735 719
f 737 724 718
f 737 717 736
f 738 737 727
f 738 724 737
f 738 723 724
f 738 739 723
f 738 727 726
f 738 726 739
f 740 728 727
f 740 719 733
f 740 2 679
f 740 727 719
f 740 733 2
f 741 679 715
f 741 740 679
f 742 36 37
f 742 37 38
f 743 742 38
f 744 38 39
f 744 39 40
f 744 40 41
f 744 743 38
f 744 41 729
f 745 733 722
f 745 721 720
f 745 729 733
f 745 720 732
f 745 722 721
f 746 726 725
f 746 725 728
f 746 723 739
f 746 739 726
f 747 740 741
f 747 741 746
f 747 746 728
f 747 728 740
f 748 709 708
f 748 710 709
f 748 711 710
f 748 712 711
f 748 746 741
f 748 723 746
f 748 708 723
f 749 748 741
f 749 712 748
f 750 713 712
f 750 714 713
f 750 715 714
f 750 749 741
f 750 741 715
f 750 712 749
f 751 33 34
f 751 34 35
f 751 35 36
f 751 36 742
f 752 745 732
f 752 732 33
f 752 751 742
f 752 33 751
f 753 742 743
f 753 745 752
f 753 743 744
f 753 744 729
f 753 729 745
f 753 752 742
f 760 86 87
f 760 87 88
f 761 88 89
f 761 89 90
f 761 90 91
f 761 91 92
f 761 760 88
f 762 626 86
f 762 86 760
f 763 92 754
f 763 762 760
f 763 761 92
f 763 760 761
f 764 755 626
f 764 756 755
f 764 626 762
f 765 757 756
f 765 758 757
f 765 759 758
f 765 754 759
f 765 756 764
f 765 762 763
f 765 763 754
f 765 764 762
f 767 583 584
f 767 768 583
f 769 766 583
f 769 583 768
f 770 769 768
f 770 767 584
f 770 768 767
f 771 766 769
f 772 690 766
f 772 769 770
f 772 766 771
f 772 771 769
f 773 584 690
f 773 770 584
f 773 690 772
f 773 772 770
f 775 92 93
f 776 93 94
f 776 94 95
f 776 775 93
f 777 754 92
f 777 92 775
f 778 777 775
f 778 776 95
f 778 775 776
f 779 754 777
f 780 774 754
f 780 777 778
f 780 754 779
f 780 779 777
f 781 95 774
f 781 778 95
f 781 774 780
f 781 780 778
f 788 577 578
f 788 578 579
f 789 579 580
f 789 580 581
f 789 581 582
f 789 582 583
f 789 788 579
f 790 782 577
f 790 577 788
f 791 583 766
f 791 790 788
f 791 789 583
f 791 788 789
f 792 783 782
f 792 784 783
f 792 782 790
f 793 785 784
f 793 786 785
f 793 787 786
f 793 766 787
f 793 784 792
f 793 790 791
f 793 791 766
f 793 792 790
f 800 95 96
f 801 774 95
f 801 95 800
f 802 96 97
f 802 97 98
f 802 98 99
f 802 99 100
f 802 100 101
f 802 800 96
f 803 795 774
f 803 774 801
f 804 800 802
f 804 801 800
f 804 802 101
f 805 796 795
f 805 797 796
f 805 801 804
f 805 803 801
f 805 795 803
f 806 101 794
f 806 798 797
f 806 799 798
f 806 794 799
f 806 805 804
f 806 804 101
f 806 797 805
f 821 574 575
f 821 575 576
f 821 576 577
f 822 577 782
f 822 823 821
f 822 824 823
f 822 821 577
f 825 819 818
f 825 820 819
f 825 782 820
f 825 822 782
f 826 823 824
f 827 823 826
f 828 823 827
f 829 573 574
f 829 823 828
f 829 821 823
f 829 574 821
f 830 831 832
f 833 830 832
f 834 818 817
f 834 825 818
f 834 835 825
f 836 563 564
f 836 564 565
f 836 826 563
f 837 825 835
f 837 822 825
f 837 824 822
f 837 563 826
f 837 832 563
f 837 826 824
f 838 839 833
f 838 835 834
f 838 832 837
f 838 837 835
f 838 834 839
f 838 833 832
f 840 807 563
f 840 832 831
f 840 563 832
f 841 808 807
f 841 807 840
f 842 565 566
f 842 566 567
f 842 567 568
f 842 836 565
f 843 836 842
f 843 842 568
f 844 568 569
f 844 569 570
f 844 843 568
f 844 836 843
f 845 826 836
f 845 836 844
f 845 829 828
f 845 827 826
f 845 828 827
f 846 840 831
f 846 841 840
f 847 846 831
f 848 833 839
f 848 847 831
f 848 839 834
f 848 831 830
f 848 830 833
f 849 809 808
f 849 810 809
f 849 811 810
f 849 808 841
f 850 812 811
f 850 811 849
f 851 845 844
f 851 570 571
f 851 571 572
f 851 572 573
f 851 829 845
f 851 573 829
f 851 844 570
f 852 817 816
f 852 848 834
f 852 834 817
f 853 813 812
f 853 814 813
f 853 815 814
f 853 816 815
f 853 812 850
f 853 850 852
f 853 852 816
f 854 847 848
f 854 841 846
f 854 846 847
f 854 849 841
f 854 850 849
f 854 848 852
f 854 852 850
f 868 101 102
f 868 102 103
f 868 103 104
f 869 794 101
f 869 101 868
f 870 868 871
f 870 869 868
f 872 856 794
f 872 857 856
f 872 794 869
f 873 104 105
f 873 105 106
f 873 106 107
f 873 107 108
f 873 868 104
f 873 871 868
f 874 108 109
f 874 873 108
f 875 109 110
f 875 874 109
f 876 875 110
f 877 110 111
f 877 111 112
f 877 112 113
f 877 113 114
f 877 876 110
f 878 876 877
f 878 875 876
f 878 877 114
f 879 880 881
f 882 879 881
f 883 874 875
f 883 875 878
f 883 870 871
f 883 873 874
f 883 871 873
f 883 878 870
f 884 872 869
f 884 885 872
f 884 869 870
f 884 870 878
f 884 878 881
f 886 884 881
f 886 885 884
f 886 880 887
f 886 881 880
f 888 885 886
f 888 886 887
f 888 872 885
f 889 872 888
f 889 858 857
f 889 859 858
f 889 860 859
f 889 857 872
f 890 882 881
f 890 114 855
f 890 878 114
f 890 881 878
f 891 855 867
f 891 890 855
f 892 889 888
f 892 860 889
f 892 888 887
f 893 880 879
f 893 882 890
f 893 879 882
f 893 890 891
f 894 861 860
f 894 862 861
f 894 863 862
f 894 864 863
f 894 893 891
f 894 860 892
f 895 894 891
f 895 864 894
f 896 891 867
f 896 865 864
f 896 866 865
f 896 867 866
f 896 895 891
f 896 864 895
f 897 880 893
f 897 892 887
f 897 894 892
f 897 893 894
f 897 887 880
f 901 560 561
f 902 561 562
f 902 562 563
f 902 901 561
f 903 898 560
f 903 560 901
f 904 903 901
f 904 902 563
f 904 901 902
f 905 899 898
f 905 898 903
f 906 900 899
f 906 903 904
f 906 899 905
f 906 905 903
f 907 563 807
f 907 807 900
f 907 904 563
f 907 900 906
f 907 906 904
f 911 114 115
f 912 115 116
f 912 116 117
f 912 911 115
f 913 855 114
f 913 114 911
f 914 913 911
f 914 911 912
f 914 912 117
f 915 909 855
f 915 855 913
f 916 910 909
f 916 913 914
f 916 909 915
f 916 915 913
f 917 117 908
f 917 908 910
f 917 914 117
f 917 910 916
f 917 916 914
f 931 547 548
f 931 548 549
f 931 549 550
f 932 918 547
f 932 547 931
f 933 919 918
f 933 920 919
f 933 918 932
f 934 550 551
f 934 551 552
f 934 552 553
f 934 553 554
f 934 931 550
f 934 935 931
f 936 554 555
f 936 934 554
f 937 555 556
f 937 936 555
f 938 937 556
f 939 556 557
f 939 557 558
f 939 558 559
f 939 559 560
f 939 938 556
f 940 938 939
f 940 937 938
f 940 939 560
f 941 942 943
f 944 941 943
f 945 936 937
f 945 937 940
f 945 934 936
f 945 935 934
f 946 935 945
f 946 931 935
f 946 947 932
f 946 932 931
f 946 945 940
f 948 946 940
f 948 933 932
f 948 949 933
f 948 932 947
f 948 947 946
f 948 940 943
f 950 949 948
f 950 948 943
f 950 942 951
f 950 943 942
f 952 950 951
f 952 933 949
f 952 949 950
f 953 933 952
f 953 921 920
f 953 922 921
f 953 923 922
f 953 920 933
f 954 944 943
f 954 560 898
f 954 940 560
f 954 943 940
f 955 898 930
f 955 954 898
f 956 953 952
f 956 923 953
f 956 952 951
f 957 942 941
f 957 941 944
f 957 954 955
f 957 944 954
f 958 924 923
f 958 925 924
f 958 926 925
f 958 957 955
f 958 927 926
f 958 923 956
f 959 927 958
f 959 958 955
f 960 928 927
f 960 929 928
f 960 930 929
f 960 927 959
f 960 955 930
f 960 959 955
f 961 942 957
f 961 956 951
f 961 958 956
f 961 957 958
f 961 951 942
f 976 128 129
f 976 129 130
f 976 130 131
f 977 131 962
f 977 976 131
f 978 974 973
f 978 975 974
f 978 962 975
f 978 977 962
f 979 127 128
f 979 976 980
f 979 128 976
f 981 982 983
f 981 984 982
f 985 986 987
f 988 985 987
f 989 973 972
f 989 978 973
f 989 990 978
f 991 117 118
f 992 984 981
f 992 117 991
f 993 979 980
f 993 994 979
f 993 981 983
f 993 983 994
f 995 981 993
f 995 976 977
f 995 980 976
f 995 977 996
f 995 993 980
f 997 995 996
f 997 978 990
f 997 981 995
f 997 977 978
f 997 996 977
f 997 987 981
f 998 989 999
f 998 999 988
f 998 990 989
f 998 987 997
f 998 997 990
f 998 988 987
f 1000 908 117
f 1000 992 981
f 1000 117 992
f 1000 981 987
f 1000 987 986
f 1001 963 908
f 1001 908 1000
f 1002 118 119
f 1002 119 120
f 1002 120 121
f 1002 991 118
f 1003 121 122
f 1003 1002 121
f 1004 992 991
f 1004 984 992
f 1005 984 1004
f 1006 979 994
f 1006 983 982
f 1006 982 984
f 1006 984 1005
f 1006 994 983
f 1007 1000 986
f 1007 1001 1000
f 1008 1007 986
f 1009 986 985
f 1009 999 989
f 1009 988 999
f 1009 1008 986
f 1009 985 988
f 1010 964 963
f 1010 965 964
f 1010 966 965
f 1010 963 1001
f 1011 967 966
f 1011 966 1010
f 1012 122 123
f 1012 123 124
f 1012 124 125
f 1012 125 126
f 1012 1003 122
f 1013 126 127
f 1013 979 1006
f 1013 127 979
f 1013 1012 126
f 1013 1003 1012
f 1014 989 972
f 1014 972 971
f 1014 1009 989
f 1015 1014 971
f 1015 968 967
f 1015 969 968
f 1015 970 969
f 1015 971 970
f 1015 967 1011
f 1015 1011 1014
f 1016 1004 991
f 1016 1005 1004
f 1016 991 1002
f 1016 1002 1003
f 1016 1006 1005
f 1016 1013 1006
f 1016 1003 1013
f 1017 1001 1007
f 1017 1007 1008
f 1017 1008 1009
f 1017 1010 1001
f 1017 1011 1010
f 1017 1014 1011
f 1017 1009 1014
f 1024 541 542
f 1025 1018 541
f 1025 541 1024
f 1026 542 543
f 1026 543 544
f 1026 544 545
f 1026 545 546
f 1026 546 547
f 1026 1024 542
f 1027 1019 1018
f 1027 1018 1025
f 1028 1024 1026
f 1028 1025 1024
f 1028 1026 547
f 1029 1020 1019
f 1029 1021 1020
f 1029 1025 1028
f 1029 1027 1025
f 1029 1019 1027
f 1030 547 918
f 1030 1022 1021
f 1030 1023 1022
f 1030 918 1023
f 1030 1029 1028
f 1030 1028 547
f 1030 1021 1029
f 1037 131 132
f 1037 132 133
f 1038 133 134
f 1038 134 135
f 1038 135 136
f 1038 136 137
f 1038 1037 133
f 1039 962 131
f 1039 131 1037
f 1040 137 1031
f 1040 1039 1037
f 1040 1038 137
f 1040 1037 1038
f 1041 1032 962
f 1041 1033 1032
f 1041 962 1039
f 1042 1034 1033
f 1042 1035 1034
f 1042 1036 1035
f 1042 1031 1036
f 1042 1033 1041
f 1042 1039 1040
f 1042 1040 1031
f 1042 1041 1039
f 1046 538 539
f 1047 539 540
f 1047 540 541
f 1047 1046 539
f 1048 1043 538
f 1048 538 1046
f 1049 1048 1046
f 1049 1047 541
f 1049 1046 1047
f 1050 1044 1043
f 1050 1043 1048
f 1051 1045 1044
f 1051 1048 1049
f 1051 1044 1050
f 1051 1050 1048
f 1052 541 1018
f 1052 1018 1045
f 1052 1049 541
f 1052 1045 1051
f 1052 1051 1049
f 1056 137 138
f 1057 138 139
f 1057 139 140
f 1057 1056 138
f 1058 1031 137
f 1058 137 1056
f 1059 1058 1056
f 1059 1057 140
f 1059 1056 1057
f 1060 1054 1031
f 1060 1031 1058
f 1061 1055 1054
f 1061 1058 1059
f 1061 1054 1060
f 1061 1060 1058
f 1062 140 1053
f 1062 1053 1055
f 1062 1059 140
f 1062 1055 1061
f 1062 1061 1059
f 1069 532 533
f 1069 533 534
f 1070 534 535
f 1070 535 536
f 1070 536 537
f 1070 537 538
f 1070 1069 534
f 1071 1063 532
f 1071 532 1069
f 1072 538 1043
f 1072 1071 1069
f 1072 1070 538
f 1072 1069 1070
f 1073 1064 1063
f 1073 1065 1064
f 1073 1063 1071
f 1074 1066 1065
f 1074 1067 1066
f 1074 1068 1067
f 1074 1043 1068
f 1074 1065 1073
f 1074 1071 1072
f 1074 1072 1043
f 1074 1073 1071
f 1081 140 141
f 1082 1053 140
f 1082 140 1081
f 1083 141 142
f 1083 142 143
f 1083 143 144
f 1083 144 145
f 1083 145 146
f 1083 1081 141
f 1084 1076 1053
f 1084 1053 1082
f 1085 1081 1083
f 1085 1082 1081
f 1085 1083 146
f 1086 1077 1076
f 1086 1078 1077
f 1086 1082 1085
f 1086 1084 1082
f 1086 1076 1084
f 1087 146 1075
f 1087 1079 1078
f 1087 1080 1079
f 1087 1075 1080
f 1087 1086 1085
f 1087 1085 146
f 1087 1078 1086
f 1102 529 530
f 1102 530 531
f 1102 531 532
f 1103 532 1063
f 1103 1104 1102
f 1103 1105 1104
f 1103 1102 532
f 1106 1100 1099
f 1106 1101 1100
f 1106 1063 1101
f 1106 1103 1063
f 1107 1104 1105
f 1108 1104 1107
f 1109 1104 1108
f 1110 528 529
f 1110 1102 1104
f 1110 1104 1109
f 1110 529 1102
f 1111 1112 1113
f 1114 1111 1113
f 1115 1099 1098
f 1115 1106 1099
f 1115 1116 1106
f 1117 518 519
f 1117 519 520
f 1117 1107 518
f 1118 1106 1116
f 1118 1113 518
f 1118 1103 1106
f 1118 1105 1103
f 1118 518 1107
f 1118 1107 1105
f 1119 1120 1114
f 1119 1116 1115
f 1119 1115 1120
f 1119 1113 1118
f 1119 1118 1116
f 1119 1114 1113
f 1121 1088 518
f 1121 518 1113
f 1121 1113 1112
f 1122 1089 1088
f 1122 1088 1121
f 1123 520 521
f 1123 521 522
f 1123 522 523
f 1123 1117 520
f 1124 1117 1123
f 1124 1123 523
f 1125 523 524
f 1125 524 525
f 1125 525 526
f 1125 526 527
f 1125 527 528
f 1125 1124 523
f 1125 1117 1124
f 1125 528 1110
f 1126 1107 1117
f 1126 1117 1125
f 1126 1125 1110
f 1126 1108 1107
f 1126 1110 1109
f 1126 1109 1108
f 1127 1121 1112
f 1127 1122 1121
f 1128 1127 1112
f 1129 1114 1120
f 1129 1128 1112
f 1129 1120 1115
f 1129 1112 1111
f 1129 1111 1114
f 1130 1090 1089
f 1130 1091 1090
f 1130 1092 1091
f 1130 1089 1122
f 1131 1093 1092
f 1131 1092 1130
f 1132 1098 1097
f 1132 1129 1115
f 1132 1115 1098
f 1133 1094 1093
f 1133 1095 1094
f 1133 1096 1095
f 1133 1097 1096
f 1133 1093 1131
f 1133 1131 1132
f 1133 1132 1097
f 1134 1128 1129
f 1134 1122 1127
f 1134 1127 1128
f 1134 1130 1122
f 1134 1131 1130
f 1134 1129 1132
f 1134 1132 1131
f 1148 146 147
f 1148 147 148
f 1148 148 149
f 1149 1075 146
f 1149 146 1148
f 1150 1136 1075
f 1150 1137 1136
f 1150 1075 1149
f 1151 149 150
f 1151 150 151
f 1151 1148 149
f 1151 1152 1148
f 1153 1154 1155
f 1153 1156 1154
f 1157 1158 1159
f 1160 1157 1159
f 1161 158 159
f 1162 1161 159
f 1162 1153 1155
f 1163 1164 1156
f 1163 1156 1153
f 1163 1151 1164
f 1163 1152 1151
f 1165 1152 1163
f 1165 1148 1152
f 1166 1153 1162
f 1166 159 1135
f 1166 1162 159
f 1167 1150 1149
f 1167 1168 1150
f 1167 1149 1169
f 1170 1168 1167
f 1170 1167 1159
f 1170 1158 1171
f 1170 1159 1158
f 1172 1170 1171
f 1172 1150 1168
f 1172 1168 1170
f 1173 1138 1137
f 1173 1139 1138
f 1173 1140 1139
f 1173 1150 1172
f 1173 1137 1150
f 1174 1160 1159
f 1174 1166 1135
f 1175 1135 1147
f 1175 1174 1135
f 1176 151 152
f 1176 152 153
f 1176 153 154
f 1176 154 155
f 1176 1151 151
f 1177 1176 155
f 1177 1161 1176
f 1178 155 156
f 1178 156 157
f 1178 157 158
f 1178 158 1161
f 1178 1161 1177
f 1178 1177 155
f 1179 1156 1164
f 1179 1151 1176
f 1179 1176 1161
f 1179 1164 1151
f 1179 1155 1154
f 1179 1154 1156
f 1180 1162 1155
f 1180 1179 1161
f 1180 1155 1179
f 1180 1161 1162
f 1181 1153 1166
f 1181 1165 1163
f 1181 1163 1153
f 1182 1174 1159
f 1182 1159 1167
f 1182 1166 1174
f 1183 1172 1171
f 1183 1173 1172
f 1183 1140 1173
f 1184 1158 1157
f 1184 1157 1160
f 1184 1174 1175
f 1184 1160 1174
f 1185 1141 1140
f 1185 1142 1141
f 1185 1143 1142
f 1185 1144 1143
f 1185 1184 1175
f 1185 1140 1183
f 1186 1144 1185
f 1186 1185 1175
f 1187 1145 1144
f 1187 1146 1145
f 1187 1147 1146
f 1187 1175 1147
f 1187 1186 1175
f 1187 1144 1186
f 1188 1148 1165
f 1188 1169 1149
f 1188 1149 1148
f 1189 1181 1166
f 1189 1190 1165
f 1189 1165 1181
f 1189 1182 1190
f 1189 1166 1182
f 1191 1182 1167
f 1191 1167 1169
f 1191 1190 1182
f 1192 1158 1184
f 1192 1183 1171
f 1192 1184 1185
f 1192 1185 1183
f 1192 1171 1158
f 1193 1165 1190
f 1193 1188 1165
f 1193 1169 1188
f 1193 1191 1169
f 1193 1190 1191
f 1197 515 516
f 1198 516 517
f 1198 517 518
f 1198 1197 516
f 1199 1194 515
f 1199 515 1197
f 1200 1199 1197
f 1200 1197 1198
f 1200 1198 518
f 1201 1195 1194
f 1201 1194 1199
f 1202 1196 1195
f 1202 1199 1200
f 1202 1195 1201
f 1202 1201 1199
f 1203 518 1088
f 1203 1088 1196
f 1203 1200 518
f 1203 1196 1202
f 1203 1202 1200
f 1207 159 160
f 1208 160 161
f 1208 161 162
f 1208 1207 160
f 1209 1135 159
f 1209 159 1207
f 1210 1209 1207
f 1210 1208 162
f 1210 1207 1208
f 1211 1205 1135
f 1211 1135 1209
f 1212 1206 1205
f 1212 1209 1210
f 1212 1205 1211
f 1212 1211 1209
f 1213 162 1204
f 1213 1204 1206
f 1213 1210 162
f 1213 1206 1212
f 1213 1212 1210
f 1227 502 503
f 1227 503 504
f 1227 504 505
f 1228 1214 502
f 1228 502 1227
f 1229 1215 1214
f 1229 1216 1215
f 1229 1214 1228
f 1230 505 506
f 1230 506 507
f 1230 507 508
f 1230 508 509
f 1230 1227 505
f 1230 1231 1227
f 1232 509 510
f 1232 1230 509
f 1233 510 511
f 1233 1232 510
f 1234 1233 511
f 1235 511 512
f 1235 512 513
f 1235 513 514
f 1235 514 515
f 1235 1234 511
f 1236 1234 1235
f 1236 1233 1234
f 1236 1235 515
f 1237 1238 1239
f 1240 1237 1239
f 1241 1232 1233
f 1241 1233 1236
f 1241 1230 1232
f 1241 1231 1230
f 1242 1231 1241
f 1242 1227 1231
f 1243 515 1194
f 1243 1236 515
f 1244 1229 1228
f 1244 1245 1229
f 1244 1228 1246
f 1247 1245 1244
f 1247 1244 1239
f 1247 1238 1248
f 1247 1239 1238
f 1249 1247 1248
f 1249 1229 1245
f 1249 1245 1247
f 1250 1217 1216
f 1250 1218 1217
f 1250 1219 1218
f 1250 1229 1249
f 1250 1216 1229
f 1251 1240 1239
f 1251 1243 1194
f 1252 1194 1226
f 1252 1251 1194
f 1253 1242 1241
f 1253 1236 1243
f 1253 1241 1236
f 1254 1251 1239
f 1254 1239 1244
f 1254 1243 1251
f 1255 1250 1249
f 1255 1219 1250
f 1255 1249 1248
f 1256 1238 1237
f 1256 1237 1240
f 1256 1251 1252
f 1256 1240 1251
f 1257 1220 1219
f 1257 1221 1220
f 1257 1222 1221
f 1257 1223 1222
f 1257 1256 1252
f 1257 1219 1255
f 1258 1257 1252
f 1258 1223 1257
f 1259 1224 1223
f 1259 1225 1224
f 1259 1226 1225
f 1259 1252 1226
f 1259 1258 1252
f 1259 1223 1258
f 1260 1227 1242
f 1260 1246 1228
f 1260 1228 1227
f 1261 1254 1262
f 1261 1262 1242
f 1261 1253 1243
f 1261 1243 1254
f 1261 1242 1253
f 1263 1262 1254
f 1263 1254 1244
f 1263 1244 1246
f 1264 1238 1256
f 1264 1255 1248
f 1264 1256 1257
f 1264 1257 1255
f 1264 1248 1238
f 1265 1242 1262
f 1265 1260 1242
f 1265 1262 1263
f 1265 1246 1260
f 1265 1263 1246
f 1280 173 174
f 1280 174 175
f 1280 175 176
f 1281 176 1266
f 1281 1280 176
f 1282 1278 1277
f 1282 1279 1278
f 1282 1266 1279
f 1282 1281 1266
f 1283 1284 1285
f 1286 1284 1283
f 1287 172 173
f 1287 1284 1286
f 1287 173 1280
f 1287 1280 1284
f 1288 1289 1290
f 1291 1288 1290
f 1292 1277 1276
f 1292 1282 1277
f 1292 1293 1282
f 1294 162 163
f 1294 163 164
f 1295 1296 1281
f 1295 1282 1293
f 1295 1281 1282
f 1297 1298 1291
f 1297 1293 1292
f 1297 1290 1295
f 1297 1292 1298
f 1297 1295 1293
f 1297 1291 1290
f 1299 1290 1289
f 1300 1267 1204
f 1300 1204 1299
f 1301 164 165
f 1301 165 166
f 1301 166 167
f 1301 1294 164
f 1302 1294 1301
f 1302 1301 167
f 1303 167 168
f 1303 168 169
f 1303 1302 167
f 1303 1294 1302
f 1304 1285 1294
f 1304 1294 1303
f 1304 1287 1286
f 1304 1283 1285
f 1304 1286 1283
f 1305 1204 162
f 1305 1294 1285
f 1305 1295 1290
f 1305 1290 1299
f 1305 162 1294
f 1305 1299 1204
f 1306 1299 1289
f 1306 1300 1299
f 1307 1306 1289
f 1308 1291 1298
f 1308 1307 1289
f 1308 1298 1292
f 1308 1289 1288
f 1308 1288 1291
f 1309 1268 1267
f 1309 1269 1268
f 1309 1270 1269
f 1309 1267 1300
f 1310 1271 1270
f 1310 1270 1309
f 1311 1304 1303
f 1311 169 170
f 1311 170 171
f 1311 171 172
f 1311 1287 1304
f 1311 1303 169
f 1311 172 1287
f 1312 1305 1285
f 1312 1285 1284
f 1313 1312 1284
f 1313 1284 1280
f 1314 1295 1305
f 1314 1296 1295
f 1315 1281 1296
f 1315 1313 1280
f 1315 1296 1314
f 1315 1280 1281
f 1316 1276 1275
f 1316 1308 1292
f 1316 1292 1276
f 1317 1272 1271
f 1317 1273 1272
f 1317 1274 1273
f 1317 1275 1274
f 1317 1271 1310
f 1317 1316 1275
f 1317 1310 1316
f 1318 1312 1313
f 1319 1313 1315
f 1319 1315 1314
f 1319 1318 1313
f 1320 1307 1308
f 1320 1300 1306
f 1320 1306 1307
f 1320 1309 1300
f 1320 1310 1309
f 1320 1308 1316
f 1320 1316 1310
f 1321 1312 1318
f 1321 1305 1312
f 1322 1314 1305
f 1322 1318 1319
f 1322 1319 1314
f 1322 1321 1318
f 1322 1305 1321
f 1329 496 497
f 1330 1323 496
f 1330 496 1329
f 1331 497 498
f 1331 498 499
f 1331 499 500
f 1331 500 501
f 1331 501 502
f 1331 1329 497
f 1332 1324 1323
f 1332 1323 1330
f 1333 1329 1331
f 1333 1330 1329
f 1333 1331 502
f 1334 1325 1324
f 1334 1326 1325
f 1334 1330 1333
f 1334 1332 1330
f 1334 1324 1332
f 1335 502 1214
f 1335 1327 1326
f 1335 1328 1327
f 1335 1214 1328
f 1335 1334 1333
f 1335 1333 502
f 1335 1326 1334
f 1342 176 177
f 1342 177 178
f 1343 178 179
f 1343 179 180
f 1343 180 181
f 1343 181 182
f 1343 1342 178
f 1344 1266 176
f 1344 176 1342
f 1345 182 1336
f 1345 1344 1342
f 1345 1343 182
f 1345 1342 1343
f 1346 1337 1266
f 1346 1338 1337
f 1346 1266 1344
f 1347 1339 1338
f 1347 1340 1339
f 1347 1341 1340
f 1347 1336 1341
f 1347 1338 1346
f 1347 1344 1345
f 1347 1345 1336
f 1347 1346 1344
f 1349 495 496
f 1349 1350 495
f 1351 1348 495
f 1351 495 1350
f 1352 1351 1350
f 1352 1349 496
f 1352 1350 1349
f 1353 1348 1351
f 1354 1323 1348
f 1354 1351 1352
f 1354 1348 1353
f 1354 1353 1351
f 1355 496 1323
f 1355 1352 496
f 1355 1323 1354
f 1355 1354 1352
f 1359 182 183
f 1360 183 184
f 1360 184 185
f 1360 1359 183
f 1361 1336 182
f 1361 182 1359
f 1362 1361 1359
f 1362 1360 185
f 1362 1359 1360
f 1363 1357 1336
f 1363 1336 1361
f 1364 1358 1357
f 1364 1361 1362
f 1364 1357 1363
f 1364 1363 1361
f 1365 185 1356
f 1365 1356 1358
f 1365 1362 185
f 1365 1358 1364
f 1365 1364 1362
f 1372 489 490
f 1372 490 491
f 1373 491 492
f 1373 492 493
f 1373 493 494
f 1373 494 495
f 1373 1372 491
f 1374 1366 489
f 1374 489 1372
f 1375 495 1348
f 1375 1374 1372
f 1375 1373 495
f 1375 1372 1373
f 1376 1367 1366
f 1376 1368 1367
f 1376 1366 1374
f 1377 1369 1368
f 1377 1370 1369
f 1377 1371 1370
f 1377 1348 1371
f 1377 1368 1376
f 1377 1374 1375
f 1377 1375 1348
f 1377 1376 1374
f 1384 185 186
f 1385 1356 185
f 1385 185 1384
f 1386 186 187
f 1386 187 188
f 1386 188 189
f 1386 189 190
f 1386 190 191
f 1386 1384 186
f 1387 1379 1356
f 1387 1356 1385
f 1388 1384 1386
f 1388 1385 1384
f 1388 1386 191
f 1389 1380 1379
f 1389 1381 1380
f 1389 1385 1388
f 1389 1387 1385
f 1389 1379 1387
f 1390 191 1378
f 1390 1382 1381
f 1390 1383 1382
f 1390 1378 1383
f 1390 1389 1388
f 1390 1388 191
f 1390 1381 1389
f 1405 486 487
f 1405 487 488
f 1405 488 489
f 1406 489 1366
f 1406 1405 489
f 1407 1403 1402
f 1407 1404 1403
f 1407 1366 1404
f 1407 1406 1366
f 1408 485 486
f 1408 1405 1409
f 1408 486 1405
f 1410 1411 1412
f 1410 1413 1411
f 1414 1402 1401
f 1414 1407 1402
f 1415 475 476
f 1416 1413 1410
f 1416 475 1415
f 1417 1408 1409
f 1417 1418 1408
f 1417 1410 1412
f 1417 1412 1418
f 1419 1410 1417
f 1419 1405 1406
f 1419 1409 1405
f 1419 1406 1420
f 1419 1417 1409
f 1421 1391 475
f 1421 475 1416
f 1422 1407 1423
f 1422 1406 1407
f 1422 1420 1406
f 1424 1425 1426
f 1424 1414 1427
f 1424 1428 1421
f 1424 1422 1423
f 1424 1426 1428
f 1424 1427 1425
f 1429 1414 1424
f 1429 1407 1414
f 1429 1424 1423
f 1429 1423 1407
f 1430 1392 1391
f 1430 1421 1428
f 1430 1391 1421
f 1431 476 477
f 1431 477 478
f 1431 478 479
f 1431 1415 476
f 1432 479 480
f 1432 480 481
f 1432 1431 479
f 1433 1413 1416
f 1433 1416 1415
f 1434 1413 1433
f 1435 1408 1418
f 1435 1413 1434
f 1435 1412 1411
f 1435 1411 1413
f 1435 1418 1412
f 1436 1416 1410
f 1436 1410 1419
f 1436 1421 1416
f 1437 1420 1422
f 1437 1424 1421
f 1437 1422 1424
f 1437 1421 1420
f 1438 1430 1428
f 1439 1430 1438
f 1439 1438 1428
f 1440 1426 1425
f 1440 1427 1414
f 1440 1430 1439
f 1440 1439 1428
f 1440 1428 1426
f 1440 1425 1427
f 1441 1393 1392
f 1441 1394 1393
f 1441 1395 1394
f 1441 1392 1430
f 1442 1395 1441
f 1442 1396 1395
f 1442 1430 1440
f 1442 1441 1430
f 1443 481 482
f 1443 482 483
f 1443 483 484
f 1443 484 485
f 1443 1408 1435
f 1443 485 1408
f 1443 1432 481
f 1444 1419 1420
f 1444 1436 1419
f 1444 1421 1436
f 1444 1420 1421
f 1445 1397 1396
f 1445 1398 1397
f 1445 1399 1398
f 1445 1400 1399
f 1445 1401 1400
f 1445 1414 1401
f 1445 1442 1440
f 1445 1440 1414
f 1445 1396 1442
f 1446 1433 1415
f 1446 1434 1433
f 1446 1415 1431
f 1446 1431 1432
f 1446 1435 1434
f 1446 1443 1435
f 1446 1432 1443
f 1460 191 192
f 1460 192 193
f 1460 193 194
f 1461 1378 191
f 1461 191 1460
f 1462 1448 1378
f 1462 1449 1448
f 1462 1378 1461
f 1463 194 195
f 1463 195 196
f 1463 1460 194
f 1463 1464 1460
f 1465 1466 1467
f 1465 1468 1466
f 1469 1470 1471
f 1472 1469 1471
f 1473 203 204
f 1474 1473 204
f 1474 1465 1467
f 1475 1476 1468
f 1475 1468 1465
f 1475 1463 1476
f 1475 1464 1463
f 1477 1464 1475
f 1477 1460 1464
f 1478 1474 204
f 1478 1465 1474
f 1478 204 1447
f 1479 1462 1461
f 1479 1480 1462
f 1479 1461 1481
f 1482 1480 1479
f 1482 1479 1471
f 1482 1470 1483
f 1482 1471 1470
f 1484 1482 1483
f 1484 1462 1480
f 1484 1480 1482
f 1485 1450 1449
f 1485 1451 1450
f 1485 1452 1451
f 1485 1462 1484
f 1485 1449 1462
f 1486 1472 1471
f 1486 1478 1447
f 1487 1447 1459
f 1487 1486 1447
f 1488 196 197
f 1488 197 198
f 1488 198 199
f 1488 199 200
f 1488 1463 196
f 1489 1488 200
f 1489 1473 1488
f 1490 200 201
f 1490 201 202
f 1490 202 203
f 1490 203 1473
f 1490 1473 1489
f 1490 1489 200
f 1491 1468 1476
f 1491 1467 1466
f 1491 1463 1488
f 1491 1488 1473
f 1491 1476 1463
f 1491 1466 1468
f 1492 1474 1467
f 1492 1491 1473
f 1492 1467 1491
f 1492 1473 1474
f 1493 1477 1475
f 1493 1465 1478
f 1493 1475 1465
f 1494 1486 1471
f 1494 1471 1479
f 1494 1478 1486
f 1495 1484 1483
f 1495 1485 1484
f 1495 1452 1485
f 1496 1470 1469
f 1496 1469 1472
f 1496 1486 1487
f 1496 1472 1486
f 1497 1453 1452
f 1497 1454 1453
f 1497 1455 1454
f 1497 1456 1455
f 1497 1496 1487
f 1497 1452 1495
f 1498 1456 1497
f 1498 1497 1487
f 1499 1457 1456
f 1499 1458 1457
f 1499 1459 1458
f 1499 1487 1459
f 1499 1498 1487
f 1499 1456 1498
f 1500 1460 1477
f 1500 1481 1461
f 1500 1461 1460
f 1501 1502 1477
f 1501 1493 1478
f 1501 1477 1493
f 1501 1494 1502
f 1501 1478 1494
f 1503 1494 1479
f 1503 1479 1481
f 1503 1502 1494
f 1504 1470 1496
f 1504 1495 1483
f 1504 1496 1497
f 1504 1497 1495
f 1504 1483 1470
f 1505 1477 1502
f 1505 1500 1477
f 1505 1481 1500
f 1505 1503 1481
f 1505 1502 1503
f 1509 472 473
f 1510 473 474
f 1510 474 475
f 1510 1509 473
f 1511 1506 472
f 1511 472 1509
f 1512 1511 1509
f 1512 1510 475
f 1512 1509 1510
f 1513 1507 1506
f 1513 1506 1511
f 1514 1508 1507
f 1514 1511 1512
f 1514 1507 1513
f 1514 1513 1511
f 1515 475 1391
f 1515 1391 1508
f 1515 1512 475
f 1515 1508 1514
f 1515 1514 1512
f 1519 204 205
f 1520 205 206
f 1520 206 207
f 1520 1519 205
f 1521 1447 204
f 1521 204 1519
f 1522 1521 1519
f 1522 1520 207
f 1522 1519 1520
f 1523 1517 1447
f 1523 1447 1521
f 1524 1518 1517
f 1524 1521 1522
f 1524 1517 1523
f 1524 1523 1521
f 1525 207 1516
f 1525 1516 1518
f 1525 1522 207
f 1525 1518 1524
f 1525 1524 1522
f 1539 459 460
f 1539 460 461
f 1539 461 462
f 1540 1526 459
f 1540 459 1539
f 1541 1527 1526
f 1541 1528 1527
f 1541 1526 1540
f 1542 462 463
f 1542 463 464
f 1542 464 465
f 1542 465 466
f 1542 1539 462
f 1542 1543 1539
f 1544 466 467
f 1544 1542 466
f 1545 467 468
f 1545 1544 467
f 1546 1545 468
f 1547 468 469
f 1547 469 470
f 1547 470 471
f 1547 471 472
f 1547 1546 468
f 1548 1546 1547
f 1548 1545 1546
f 1548 1547 472
f 1549 1550 1551
f 1552 1549 1551
f 1553 1544 1545
f 1553 1545 1548
f 1553 1542 1544
f 1553 1543 1542
f 1554 1543 1553
f 1554 1539 1543
f 1555 472 1506
f 1555 1548 472
f 1556 1541 1540
f 1556 1557 1541
f 1556 1540 1558
f 1559 1557 1556
f 1559 1556 1551
f 1559 1550 1560
f 1559 1551 1550
f 1561 1559 1560
f 1561 1541 1557
f 1561 1557 1559
f 1562 1529 1528
f 1562 1530 1529
f 1562 1531 1530
f 1562 1541 1561
f 1562 1528 1541
f 1563 1552 1551
f 1563 1555 1506
f 1564 1506 1538
f 1564 1563 1506
f 1565 1554 1553
f 1565 1548 1555
f 1565 1553 1548
f 1566 1563 1551
f 1566 1551 1556
f 1566 1555 1563
f 1567 1562 1561
f 1567 1531 1562
f 1567 1561 1560
f 1568 1550 1549
f 1568 1549 1552
f 1568 1563 1564
f 1568 1552 1563
f 1569 1532 1531
f 1569 1533 1532
f 1569 1534 1533
f 1569 1535 1534
f 1569 1568 1564
f 1569 1531 1567
f 1570 1569 1564
f 1570 1535 1569
f 1571 1536 1535
f 1571 1537 1536
f 1571 1538 1537
f 1571 1564 1538
f 1571 1570 1564
f 1571 1535 1570
f 1572 1539 1554
f 1572 1558 1540
f 1572 1540 1539
f 1573 1566 1574
f 1573 1565 1555
f 1573 1574 1554
f 1573 1555 1566
f 1573 1554 1565
f 1575 1574 1566
f 1575 1566 1556
f 1575 1556 1558
f 1576 1550 1568
f 1576 1567 1560
f 1576 1568 1569
f 1576 1569 1567
f 1576 1560 1550
f 1577 1572 1554
f 1577 1554 1574
f 1577 1574 1575
f 1577 1558 1572
f 1577 1575 1558
f 1592 218 219
f 1592 219 220
f 1592 220 221
f 1593 221 1578
f 1593 1592 221
f 1594 1590 1589
f 1594 1591 1590
f 1594 1578 1591
f 1594 1593 1578
f 1595 217 218
f 1595 218 1592
f 1595 1592 1596
f 1597 1598 1599
f 1597 1600 1598
f 1601 1602 1603
f 1604 1601 1603
f 1605 1589 1588
f 1605 1594 1589
f 1605 1606 1594
f 1607 207 208
f 1608 207 1607
f 1608 1600 1597
f 1609 1599 1610
f 1609 1610 1595
f 1609 1595 1596
f 1609 1597 1599
f 1611 1609 1596
f 1611 1597 1609
f 1611 1593 1612
f 1611 1592 1593
f 1611 1596 1592
f 1613 1611 1612
f 1613 1612 1593
f 1613 1594 1606
f 1613 1597 1611
f 1613 1593 1594
f 1613 1603 1597
f 1614 1605 1615
f 1614 1615 1604
f 1614 1606 1605
f 1614 1613 1606
f 1614 1603 1613
f 1614 1604 1603
f 1616 1516 207
f 1616 1608 1597
f 1616 207 1608
f 1616 1597 1603
f 1616 1603 1602
f 1617 1516 1616
f 1617 1579 1516
f 1618 208 209
f 1618 209 210
f 1618 210 211
f 1618 1607 208
f 1619 211 212
f 1619 212 213
f 1619 1618 211
f 1620 1600 1608
f 1620 1608 1607
f 1621 1600 1620
f 1622 1610 1599
f 1622 1595 1610
f 1622 1600 1621
f 1622 1599 1598
f 1622 1598 1600
f 1623 1616 1602
f 1623 1617 1616
f 1624 1623 1602
f 1625 1602 1601
f 1625 1615 1605
f 1625 1604 1615
f 1625 1624 1602
f 1625 1601 1604
f 1626 1580 1579
f 1626 1581 1580
f 1626 1582 1581
f 1626 1579 1617
f 1627 1583 1582
f 1627 1582 1626
f 1628 213 214
f 1628 214 215
f 1628 215 216
f 1628 216 217
f 1628 1595 1622
f 1628 217 1595
f 1628 1619 213
f 1629 1605 1588
f 1629 1588 1587
f 1629 1625 1605
f 1630 1629 1587
f 1630 1584 1583
f 1630 1585 1584
f 1630 1586 1585
f 1630 1587 1586
f 1630 1583 1627
f 1630 1627 1629
f 1631 1607 1618
f 1631 1620 1607
f 1631 1621 1620
f 1631 1622 1621
f 1631 1619 1628
f 1631 1628 1622
f 1631 1618 1619
f 1632 1617 1623
f 1632 1623 1624
f 1632 1624 1625
f 1632 1626 1617
f 1632 1627 1626
f 1632 1629 1627
f 1632 1625 1629
f 1639 453 454
f 1640 1633 453
f 1640 453 1639
f 1641 454 455
f 1641 455 456
f 1641 456 457
f 1641 457 458
f 1641 458 459
f 1641 1639 454
f 1642 1634 1633
f 1642 1633 1640
f 1643 1639 1641
f 1643 1640 1639
f 1643 1641 459
f 1644 1635 1634
f 1644 1636 1635
f 1644 1640 1643
f 1644 1642 1640
f 1644 1634 1642
f 1645 459 1526
f 1645 1637 1636
f 1645 1638 1637
f 1645 1526 1638
f 1645 1644 1643
f 1645 1643 459
f 1645 1636 1644
f 1652 221 222
f 1652 222 223
f 1653 223 224
f 1653 224 225
f 1653 225 226
f 1653 226 227
f 1653 1652 223
f 1654 1578 221
f 1654 221 1652
f 1655 227 1646
f 1655 1654 1652
f 1655 1653 227
f 1655 1652 1653
f 1656 1647 1578
f 1656 1648 1647
f 1656 1578 1654
f 1657 1649 1648
f 1657 1650 1649
f 1657 1651 1650
f 1657 1646 1651
f 1657 1648 1656
f 1657 1654 1655
f 1657 1655 1646
f 1657 1656 1654
f 1661 450 451
f 1662 451 452
f 1662 452 453
f 1662 1661 451
f 1663 1658 450
f 1663 450 1661
f 1664 1663 1661
f 1664 1662 453
f 1664 1661 1662
f 1665 1659 1658
f 1665 1658 1663
f 1666 1660 1659
f 1666 1663 1664
f 1666 1659 1665
f 1666 1665 1663
f 1667 453 1633
f 1667 1633 1660
f 1667 1664 453
f 1667 1660 1666
f 1667 1666 1664
f 1671 227 228
f 1672 228 229
f 1672 229 230
f 1672 1671 228
f 1673 1646 227
f 1673 227 1671
f 1674 1673 1671
f 1674 1672 230
f 1674 1671 1672
f 1675 1669 1646
f 1675 1646 1673
f 1676 1670 1669
f 1676 1673 1674
f 1676 1669 1675
f 1676 1675 1673
f 1677 230 1668
f 1677 1668 1670
f 1677 1674 230
f 1677 1670 1676
f 1677 1676 1674
f 1684 444 445
f 1684 445 446
f 1685 446 447
f 1685 447 448
f 1685 448 449
f 1685 449 450
f 1685 1684 446
f 1686 1678 444
f 1686 444 1684
f 1687 450 1658
f 1687 1686 1684
f 1687 1685 450
f 1687 1684 1685
f 1688 1679 1678
f 1688 1680 1679
f 1688 1678 1686
f 1689 1681 1680
f 1689 1682 1681
f 1689 1683 1682
f 1689 1658 1683
f 1689 1680 1688
f 1689 1686 1687
f 1689 1687 1658
f 1689 1688 1686
f 1696 230 231
f 1697 1668 230
f 1697 230 1696
f 1698 231 232
f 1698 232 233
f 1698 233 234
f 1698 234 235
f 1698 235 236
f 1698 1696 231
f 1699 1691 1668
f 1699 1668 1697
f 1700 1696 1698
f 1700 1697 1696
f 1700 1698 236
f 1701 1692 1691
f 1701 1693 1692
f 1701 1697 1700
f 1701 1699 1697
f 1701 1691 1699
f 1702 236 1690
f 1702 1694 1693
f 1702 1695 1694
f 1702 1690 1695
f 1702 1701 1700
f 1702 1700 236
f 1702 1693 1701
f 1717 441 442
f 1717 442 443
f 1717 443 444
f 1718 444 1678
f 1718 1717 444
f 1719 1715 1714
f 1719 1716 1715
f 1719 1678 1716
f 1719 1718 1678
f 1720 440 441
f 1720 1717 1721
f 1720 441 1717
f 1722 1723 1724
f 1722 1725 1723
f 1726 1714 1713
f 1726 1719 1714
f 1727 430 431
f 1728 1725 1722
f 1728 430 1727
f 1729 1720 1721
f 1729 1730 1720
f 1729 1722 1724
f 1729 1724 1730
f 1731 1722 1729
f 1731 1717 1718
f 1731 1721 1717
f 1731 1718 1732
f 1731 1729 1721
f 1733 1703 430
f 1733 430 1728
f 1734 1719 1735
f 1736 1737 1738
f 1736 1726 1739
f 1736 1738 1740
f 1736 1739 1737
f 1741 1726 1736
f 1741 1719 1726
f 1741 1736 1735
f 1741 1735 1719
f 1742 1704 1703
f 1742 1703 1733
f 1743 431 432
f 1743 432 433
f 1743 433 434
f 1743 1727 431
f 1744 434 435
f 1744 1743 434
f 1745 1725 1728
f 1745 1728 1727
f 1746 1725 1745
f 1747 1720 1730
f 1747 1725 1746
f 1747 1724 1723
f 1747 1723 1725
f 1747 1730 1724
f 1748 1728 1722
f 1748 1722 1731
f 1748 1733 1728
f 1749 1736 1740
f 1749 1742 1733
f 1749 1740 1742
f 1749 1750 1734
f 1749 1733 1750
f 1751 1742 1740
f 1752 1751 1740
f 1753 1738 1737
f 1753 1739 1726
f 1753 1752 1740
f 1753 1740 1738
f 1753 1737 1739
f 1754 1705 1704
f 1754 1706 1705
f 1754 1707 1706
f 1754 1704 1742
f 1755 1707 1754
f 1755 1708 1707
f 1756 435 436
f 1756 436 437
f 1756 437 438
f 1756 438 439
f 1756 1744 435
f 1757 439 440
f 1757 1720 1747
f 1757 440 1720
f 1757 1744 1756
f 1757 1756 439
f 1758 1731 1732
f 1758 1748 1731
f 1758 1759 1748
f 1760 1733 1748
f 1760 1748 1759
f 1761 1718 1719
f 1761 1732 1718
f 1762 1734 1735
f 1762 1749 1734
f 1762 1735 1736
f 1762 1736 1749
f 1763 1713 1712
f 1763 1726 1713
f 1763 1753 1726
f 1764 1763 1712
f 1764 1709 1708
f 1764 1710 1709
f 1764 1711 1710
f 1764 1712 1711
f 1764 1708 1755
f 1764 1755 1763
f 1765 1746 1745
f 1765 1727 1743
f 1765 1743 1744
f 1765 1747 1746
f 1765 1757 1747
f 1765 1744 1757
f 1765 1745 1727
f 1766 1758 1732
f 1766 1759 1758
f 1766 1732 1761
f 1767 1742 1751
f 1767 1751 1752
f 1767 1752 1753
f 1767 1755 1754
f 1767 1754 1742
f 1767 1753 1763
f 1767 1763 1755
f 1768 1759 1766
f 1768 1760 1759
f 1769 1760 1768
f 1769 1719 1734
f 1769 1768 1766
f 1769 1734 1750
f 1769 1761 1719
f 1769 1766 1761
f 1770 1760 1769
f 1770 1769 1750
f 1770 1733 1760
f 1770 1750 1733
f 1784 236 237
f 1784 237 238
f 1784 238 239
f 1785 1690 236
f 1785 236 1784
f 1786 1772 1690
f 1786 1773 1772
f 1786 1690 1785
f 1787 239 240
f 1787 1784 239
f 1787 1788 1784
f 1789 1790 1791
f 1789 1792 1790
f 1793 1794 1795
f 1796 1793 1795
f 1797 248 249
f 1798 1797 249
f 1798 1789 1791
f 1799 1800 1792
f 1799 1792 1789
f 1799 1787 1800
f 1799 1788 1787
f 1801 1788 1799
f 1801 1784 1788
f 1802 1789 1798
f 1802 249 1771
f 1802 1798 249
f 1803 1786 1785
f 1803 1804 1786
f 1803 1785 1805
f 1806 1804 1803
f 1806 1803 1795
f 1806 1794 1807
f 1806 1795 1794
f 1808 1806 1807
f 1808 1786 1804
f 1808 1804 1806
f 1809 1774 1773
f 1809 1775 1774
f 1809 1776 1775
f 1809 1786 1808
f 1809 1773 1786
f 1810 1796 1795
f 1810 1802 1771
f 1811 1771 1783
f 1811 1810 1771
f 1812 243 244
f 1812 244 245
f 1813 245 246
f 1813 246 247
f 1813 247 248
f 1813 248 1797
f 1813 1812 245
f 1814 1792 1800
f 1814 1800 1787
f 1814 1791 1790
f 1814 1790 1792
f 1815 1797 1798
f 1815 1791 1814
f 1815 1798 1791
f 1816 1789 1802
f 1816 1801 1799
f 1816 1799 1789
f 1817 1816 1802
f 1817 1801 1816
f 1818 1810 1795
f 1818 1817 1802
f 1818 1795 1803
f 1818 1802 1810
f 1819 1808 1807
f 1819 1809 1808
f 1819 1776 1809
f 1820 1794 1793
f 1820 1793 1796
f 1820 1810 1811
f 1820 1796 1810
f 1821 1777 1776
f 1821 1778 1777
f 1821 1779 1778
f 1821 1780 1779
f 1821 1820 1811
f 1821 1776 1819
f 1822 1780 1821
f 1822 1821 1811
f 1823 1781 1780
f 1823 1782 1781
f 1823 1783 1782
f 1823 1811 1783
f 1823 1822 1811
f 1823 1780 1822
f 1824 240 241
f 1824 241 242
f 1824 242 243
f 1824 1814 1787
f 1824 1787 240
f 1824 243 1812
f 1825 1784 1801
f 1825 1805 1785
f 1825 1785 1784
f 1826 1817 1818
f 1826 1803 1805
f 1826 1818 1803
f 1827 1794 1820
f 1827 1819 1807
f 1827 1820 1821
f 1827 1821 1819
f 1827 1807 1794
f 1828 1797 1815
f 1828 1813 1797
f 1828 1812 1813
f 1828 1815 1814
f 1828 1814 1824
f 1828 1824 1812
f 1829 1801 1817
f 1829 1825 1801
f 1829 1817 1826
f 1829 1805 1825
f 1829 1826 1805
f 1833 427 428
f 1834 428 429
f 1834 429 430
f 1834 1833 428
f 1835 1830 427
f 1835 427 1833
f 1836 1835 1833
f 1836 1834 430
f 1836 1833 1834
f 1837 1831 1830
f 1837 1830 1835
f 1838 1832 1831
f 1838 1835 1836
f 1838 1831 1837
f 1838 1837 1835
f 1839 430 1703
f 1839 1703 1832
f 1839 1836 430
f 1839 1832 1838
f 1839 1838 1836
f 1843 249 250
f 1844 250 251
f 1844 251 252
f 1844 1843 250
f 1845 1771 249
f 1845 249 1843
f 1846 1845 1843
f 1846 1844 252
f 1846 1843 1844
f 1847 1841 1771
f 1847 1771 1845
f 1848 1842 1841
f 1848 1845 1846
f 1848 1841 1847
f 1848 1847 1845
f 1849 252 1840
f 1849 1840 1842
f 1849 1846 252
f 1849 1842 1848
f 1849 1848 1846
f 1863 414 415
f 1863 415 416
f 1863 416 417
f 1864 1850 414
f 1864 414 1863
f 1865 1851 1850
f 1865 1852 1851
f 1865 1850 1864
f 1866 417 418
f 1866 1863 417
f 1866 1867 1863
f 1868 1869 1870
f 1868 1871 1869
f 1872 1873 1874
f 1875 1872 1874
f 1876 426 427
f 1877 1876 427
f 1877 1868 1870
f 1878 1879 1871
f 1878 1871 1868
f 1878 1866 1879
f 1878 1867 1866
f 1880 1867 1878
f 1880 1863 1867
f 1881 1868 1877
f 1881 427 1830
f 1881 1877 427
f 1882 1865 1864
f 1882 1883 1865
f 1882 1864 1884
f 1885 1883 1882
f 1885 1882 1874
f 1885 1873 1886
f 1885 1874 1873
f 1887 1885 1886
f 1887 1865 1883
f 1887 1883 1885
f 1888 1853 1852
f 1888 1854 1853
f 1888 1855 1854
f 1888 1865 1887
f 1888 1852 1865
f 1889 1875 1874
f 1889 1881 1830
f 1890 1830 1862
f 1890 1889 1830
f 1891 422 423
f 1892 423 424
f 1892 424 425
f 1892 425 426
f 1892 426 1876
f 1892 1891 423
f 1893 1871 1879
f 1893 1870 1869
f 1893 1879 1866
f 1893 1869 1871
f 1894 1877 1870
f 1894 1870 1893
f 1894 1876 1877
f 1895 1868 1881
f 1895 1880 1878
f 1895 1878 1868
f 1896 1889 1874
f 1896 1874 1882
f 1896 1881 1889
f 1897 1887 1886
f 1897 1888 1887
f 1897 1855 1888
f 1898 1873 1872
f 1898 1872 1875
f 1898 1889 1890
f 1898 1875 1889
f 1899 1856 1855
f 1899 1857 1856
f 1899 1858 1857
f 1899 1859 1858
f 1899 1898 1890
f 1899 1855 1897
f 1900 1859 1899
f 1900 1899 1890
f 1901 1860 1859
f 1901 1861 1860
f 1901 1862 1861
f 1901 1890 1862
f 1901 1900 1890
f 1901 1859 1900
f 1902 419 420
f 1902 420 421
f 1902 421 422
f 1902 422 1891
f 1903 418 419
f 1903 419 1902
f 1903 1893 1866
f 1903 1866 418
f 1903 1902 1891
f 1904 1863 1880
f 1904 1884 1864
f 1904 1864 1863
f 1905 1895 1881
f 1905 1896 1906
f 1905 1906 1880
f 1905 1880 1895
f 1905 1881 1896
f 1907 1906 1896
f 1907 1882 1884
f 1907 1896 1882
f 1908 1873 1898
f 1908 1897 1886
f 1908 1898 1899
f 1908 1899 1897
f 1908 1886 1873
f 1909 1892 1876
f 1909 1891 1892
f 1909 1903 1891
f 1909 1894 1893
f 1909 1876 1894
f 1909 1893 1903
f 1910 1880 1906
f 1910 1904 1880
f 1910 1906 1907
f 1910 1884 1904
f 1910 1907 1884
f 1925 263 264
f 1925 264 265
f 1925 265 266
f 1926 266 1911
f 1926 1925 266
f 1927 1923 1922
f 1927 1924 1923
f 1927 1911 1924
f 1927 1926 1911
f 1928 1929 1930
f 1931 1929 1928
f 1932 262 263
f 1932 263 1925
f 1932 1925 1929
f 1932 1929 1931
f 1933 1934 1935
f 1936 1933 1935
f 1937 1922 1921
f 1937 1927 1922
f 1937 1938 1927
f 1939 252 253
f 1939 253 254
f 1940 1941 1926
f 1940 1927 1938
f 1940 1926 1927
f 1942 1943 1936
f 1942 1938 1937
f 1942 1940 1938
f 1942 1935 1940
f 1942 1937 1943
f 1942 1936 1935
f 1944 1935 1934
f 1945 1912 1840
f 1945 1840 1944
f 1946 254 255
f 1946 255 256
f 1946 256 257
f 1946 1939 254
f 1946 1947 1939
f 1948 1947 1946
f 1948 1946 257
f 1949 257 258
f 1949 258 259
f 1949 1948 257
f 1949 1947 1948
f 1950 1930 1939
f 1950 1932 1931
f 1950 1931 1928
f 1950 1928 1930
f 1950 1947 1949
f 1950 1939 1947
f 1951 1930 1929
f 1952 1840 252
f 1952 1939 1930
f 1952 1940 1935
f 1952 1930 1951
f 1952 1935 1944
f 1952 252 1939
f 1952 1944 1840
f 1953 1940 1952
f 1954 1944 1934
f 1954 1945 1944
f 1955 1954 1934
f 1956 1936 1943
f 1956 1955 1934
f 1956 1943 1937
f 1956 1934 1933
f 1956 1933 1936
f 1957 1913 1912
f 1957 1914 1913
f 1957 1915 1914
f 1957 1912 1945
f 1958 1916 1915
f 1958 1915 1957
f 1959 1950 1949
f 1959 259 260
f 1959 1932 1950
f 1959 260 261
f 1959 261 262
f 1959 1949 259
f 1959 262 1932
f 1960 1951 1929
f 1961 1960 1929
f 1961 1929 1925
f 1962 1940 1953
f 1962 1941 1940
f 1963 1941 1962
f 1963 1926 1941
f 1963 1961 1925
f 1963 1925 1926
f 1964 1921 1920
f 1964 1956 1937
f 1964 1937 1921
f 1965 1917 1916
f 1965 1918 1917
f 1965 1919 1918
f 1965 1920 1919
f 1965 1916 1958
f 1965 1958 1964
f 1965 1964 1920
f 1966 1952 1951
f 1966 1953 1952
f 1966 1951 1960
f 1967 1960 1961
f 1967 1953 1966
f 1967 1966 1960
f 1968 1963 1962
f 1968 1962 1953
f 1968 1961 1963
f 1968 1967 1961
f 1968 1953 1967
f 1969 1955 1956
f 1969 1954 1955
f 1969 1945 1954
f 1969 1957 1945
f 1969 1958 1957
f 1969 1956 1964
f 1969 1964 1958
f 1976 408 409
f 1977 1970 408
f 1977 408 1976
f 1978 409 410
f 1978 410 411
f 1978 411 412
f 1978 412 413
f 1978 413 414
f 1978 1976 409
f 1979 1971 1970
f 1979 1970 1977
f 1980 1976 1978
f 1980 1977 1976
f 1980 1978 414
f 1981 1972 1971
f 1981 1973 1972
f 1981 1977 1980
f 1981 1979 1977
f 1981 1971 1979
f 1982 414 1850
f 1982 1974 1973
f 1982 1975 1974
f 1982 1850 1975
f 1982 1981 1980
f 1982 1980 414
f 1982 1973 1981
f 1989 266 267
f 1989 267 268
f 1990 268 269
f 1990 269 270
f 1990 270 271
f 1990 271 272
f 1990 1989 268
f 1991 1911 266
f 1991 266 1989
f 1992 272 1983
f 1992 1991 1989
f 1992 1990 272
f 1992 1989 1990
f 1993 1984 1911
f 1993 1985 1984
f 1993 1911 1991
f 1994 1986 1985
f 1994 1987 1986
f 1994 1988 1987
f 1994 1983 1988
f 1994 1985 1993
f 1994 1991 1992
f 1994 1992 1983
f 1994 1993 1991
f 1996 405 406
f 1997 406 407
f 1997 407 408
f 1997 1996 406
f 1998 1995 405
f 1998 405 1996
f 1999 1998 1996
f 1999 1997 408
f 1999 1996 1997
f 2000 1995 1998
f 2001 1970 1995
f 2001 1998 1999
f 2001 1995 2000
f 2001 2000 1998
f 2002 408 1970
f 2002 1999 408
f 2002 1970 2001
f 2002 2001 1999
f 2006 272 273
f 2006 2007 272
f 2008 1983 272
f 2008 272 2007
f 2009 2008 2007
f 2009 2006 273
f 2009 2007 2006
f 2010 2004 1983
f 2010 1983 2008
f 2011 2005 2004
f 2011 2008 2009
f 2011 2004 2010
f 2011 2010 2008
f 2012 273 2003
f 2012 2003 2005
f 2012 2009 273
f 2012 2005 2011
f 2012 2011 2009
f 2019 399 400
f 2019 400 401
f 2020 401 402
f 2020 402 403
f 2020 403 404
f 2020 404 405
f 2020 2019 401
f 2021 2013 399
f 2021 399 2019
f 2022 405 1995
f 2022 2021 2019
f 2022 2020 405
f 2022 2019 2020
f 2023 2014 2013
f 2023 2015 2014
f 2023 2013 2021
f 2024 2016 2015
f 2024 2017 2016
f 2024 2018 2017
f 2024 1995 2018
f 2024 2015 2023
f 2024 2021 2022
f 2024 2022 1995
f 2024 2023 2021
f 2031 273 274
f 2032 2003 273
f 2032 273 2031
f 2033 274 275
f 2033 275 276
f 2033 276 277
f 2033 277 278
f 2033 278 279
f 2033 2031 274
f 2034 2026 2003
f 2034 2003 2032
f 2035 2031 2033
f 2035 2032 2031
f 2035 2033 279
f 2036 2027 2026
f 2036 2028 2027
f 2036 2032 2035
f 2036 2034 2032
f 2036 2026 2034
f 2037 279 2025
f 2037 2029 2028
f 2037 2030 2029
f 2037 2025 2030
f 2037 2028 2036
f 2037 2036 2035
f 2037 2035 279
f 2052 396 397
f 2052 397 398
f 2052 398 399
f 2053 399 2013
f 2053 2052 399
f 2054 2050 2049
f 2054 2051 2050
f 2054 2013 2051
f 2054 2053 2013
f 2055 395 396
f 2055 2052 2056
f 2055 396 2052
f 2057 2058 2059
f 2057 2060 2058
f 2061 2062 2063
f 2064 2061 2063
f 2065 2049 2048
f 2065 2054 2049
f 2065 2066 2054
f 2067 385 386
f 2068 2038 385
f 2068 2060 2057
f 2068 2063 2038
f 2068 385 2067
f 2068 2057 2063
f 2069 2055 2056
f 2069 2070 2055
f 2069 2057 2059
f 2069 2059 2070
f 2071 2057 2069
f 2071 2052 2053
f 2071 2056 2052
f 2071 2053 2072
f 2071 2069 2056
f 2073 2057 2071
f 2073 2071 2072
f 2073 2054 2066
f 2073 2053 2054
f 2073 2072 2053
f 2073 2063 2057
f 2074 2065 2075
f 2074 2075 2064
f 2074 2066 2065
f 2074 2073 2066
f 2074 2063 2073
f 2074 2064 2063
f 2076 2039 2038
f 2076 2038 2063
f 2076 2063 2062
f 2077 386 387
f 2077 387 388
f 2077 388 389
f 2077 2067 386
f 2078 389 390
f 2078 390 391
f 2078 2077 389
f 2079 2068 2067
f 2079 2060 2068
f 2080 2060 2079
f 2081 2060 2080
f 2081 2055 2070
f 2081 2059 2058
f 2081 2058 2060
f 2081 2070 2059
f 2082 2076 2062
f 2083 2082 2062
f 2084 2062 2061
f 2084 2075 2065
f 2084 2064 2075
f 2084 2083 2062
f 2084 2061 2064
f 2085 2040 2039
f 2085 2041 2040
f 2085 2042 2041
f 2085 2039 2076
f 2086 2043 2042
f 2086 2042 2085
f 2087 391 392
f 2087 392 393
f 2087 393 394
f 2087 394 395
f 2087 395 2055
f 2087 2078 391
f 2087 2055 2081
f 2088 2065 2048
f 2088 2048 2047
f 2088 2084 2065
f 2089 2088 2047
f 2089 2044 2043
f 2089 2045 2044
f 2089 2046 2045
f 2089 2047 2046
f 2089 2043 2086
f 2089 2086 2088
f 2090 2067 2077
f 2090 2077 2078
f 2090 2081 2080
f 2090 2080 2079
f 2090 2078 2087
f 2090 2087 2081
f 2090 2079 2067
f 2091 2076 2082
f 2091 2082 2083
f 2091 2083 2084
f 2091 2085 2076
f 2091 2086 2085
f 2091 2088 2086
f 2091 2084 2088
f 2105 279 280
f 2105 280 281
f 2105 281 282
f 2106 2025 279
f 2106 279 2105
f 2107 2093 2025
f 2107 2094 2093
f 2107 2025 2106
f 2108 282 283
f 2108 283 284
f 2108 284 285
f 2108 285 286
f 2108 2105 282
f 2108 2109 2105
f 2110 286 287
f 2110 2108 286
f 2111 287 288
f 2111 2110 287
f 2112 2111 288
f 2113 288 289
f 2113 289 290
f 2113 290 291
f 2113 291 292
f 2113 2112 288
f 2114 2112 2113
f 2114 2111 2112
f 2114 2113 292
f 2115 2116 2117
f 2118 2115 2117
f 2119 2110 2111
f 2119 2111 2114
f 2119 2108 2110
f 2119 2109 2108
f 2120 2109 2119
f 2120 2105 2109
f 2121 292 2092
f 2121 2114 292
f 2122 2107 2106
f 2122 2123 2107
f 2122 2106 2124
f 2125 2123 2122
f 2125 2122 2117
f 2125 2116 2126
f 2125 2117 2116
f 2127 2125 2126
f 2127 2107 2123
f 2127 2123 2125
f 2128 2095 2094
f 2128 2096 2095
f 2128 2097 2096
f 2128 2107 2127
f 2128 2094 2107
f 2129 2118 2117
f 2129 2121 2092
f 2130 2092 2104
f 2130 2129 2092
f 2131 2120 2119
f 2131 2114 2121
f 2131 2119 2114
f 2132 2129 2117
f 2132 2117 2122
f 2132 2121 2129
f 2133 2128 2127
f 2133 2097 2128
f 2133 2127 2126
f 2134 2116 2115
f 2134 2115 2118
f 2134 2129 2130
f 2134 2118 2129
f 2135 2098 2097
f 2135 2099 2098
f 2135 2100 2099
f 2135 2101 2100
f 2135 2134 2130
f 2135 2097 2133
f 2136 2135 2130
f 2136 2101 2135
f 2137 2102 2101
f 2137 2103 2102
f 2137 2104 2103
f 2137 2130 2104
f 2137 2136 2130
f 2137 2101 2136
f 2138 2105 2120
f 2138 2124 2106
f 2138 2106 2105
f 2139 2132 2140
f 2139 2140 2120
f 2139 2131 2121
f 2139 2121 2132
f 2139 2120 2131
f 2141 2140 2132
f 2141 2132 2122
f 2141 2122 2124
f 2142 2116 2134
f 2142 2133 2126
f 2142 2134 2135
f 2142 2135 2133
f 2142 2126 2116
f 2143 2120 2140
f 2143 2138 2120
f 2143 2140 2141
f 2143 2124 2138
f 2143 2141 2124
f 2147 382 383
f 2148 383 384
f 2148 384 385
f 2148 2147 383
f 2149 2144 382
f 2149 382 2147
f 2150 2149 2147
f 2150 2148 385
f 2150 2147 2148
f 2151 2145 2144
f 2151 2144 2149
f 2152 2146 2145
f 2152 2149 2150
f 2152 2145 2151
f 2152 2151 2149
f 2153 385 2038
f 2153 2038 2146
f 2153 2150 385
f 2153 2146 2152
f 2153 2152 2150
f 2157 292 293
f 2158 293 294
f 2158 294 295
f 2158 2157 293
f 2159 2092 292
f 2159 292 2157
f 2160 2159 2157
f 2160 2157 2158
f 2160 2158 295
f 2161 2155 2092
f 2161 2092 2159
f 2162 2156 2155
f 2162 2159 2160
f 2162 2155 2161
f 2162 2161 2159
f 2163 295 2154
f 2163 2154 2156
f 2163 2160 295
f 2163 2156 2162
f 2163 2162 2160
f 2177 369 370
f 2177 370 371
f 2177 371 372
f 2178 2164 369
f 2178 369 2177
f 2179 2165 2164
f 2179 2166 2165
f 2179 2164 2178
f 2180 372 373
f 2180 2177 372
f 2180 2181 2177
f 2182 2183 2184
f 2182 2185 2183
f 2186 2187 2188
f 2189 2186 2188
f 2190 381 382
f 2191 2190 382
f 2191 2182 2184
f 2192 2193 2185
f 2192 2185 2182
f 2192 2180 2193
f 2192 2181 2180
f 2194 2181 2192
f 2194 2177 2181
f 2195 2182 2191
f 2195 382 2144
f 2195 2191 382
f 2196 2179 2178
f 2196 2197 2179
f 2196 2178 2198
f 2199 2197 2196
f 2199 2196 2188
f 2199 2187 2200
f 2199 2188 2187
f 2201 2199 2200
f 2201 2179 2197
f 2201 2197 2199
f 2202 2167 2166
f 2202 2168 2167
f 2202 2169 2168
f 2202 2179 2201
f 2202 2166 2179
f 2203 2189 2188
f 2203 2195 2144
f 2204 2144 2176
f 2204 2203 2144
f 2205 377 378
f 2206 378 379
f 2206 379 380
f 2206 380 381
f 2206 2190 2205
f 2206 381 2190
f 2206 2205 378
f 2207 2185 2193
f 2207 2184 2183
f 2207 2193 2180
f 2207 2183 2185
f 2208 2191 2184
f 2208 2184 2207
f 2208 2207 2190
f 2208 2190 2191
f 2209 2182 2195
f 2209 2194 2192
f 2209 2192 2182
f 2210 2203 2188
f 2210 2188 2196
f 2210 2195 2203
f 2211 2201 2200
f 2211 2202 2201
f 2211 2169 2202
f 2212 2187 2186
f 2212 2186 2189
f 2212 2203 2204
f 2212 2189 2203
f 2213 2170 2169
f 2213 2171 2170
f 2213 2172 2171
f 2213 2173 2172
f 2213 2212 2204
f 2213 2169 2211
f 2214 2173 2213
f 2214 2213 2204
f 2215 2174 2173
f 2215 2175 2174
f 2215 2176 2175
f 2215 2204 2176
f 2215 2214 2204
f 2215 2173 2214
f 2216 374 375
f 2216 375 376
f 2216 376 377
f 2216 377 2205
f 2217 373 374
f 2217 2205 2190
f 2217 2190 2207
f 2217 374 2216
f 2217 2207 2180
f 2217 2180 373
f 2217 2216 2205
f 2218 2177 2194
f 2218 2198 2178
f 2218 2178 2177
f 2219 2209 2195
f 2219 2210 2220
f 2219 2220 2194
f 2219 2194 2209
f 2219 2195 2210
f 2221 2220 2210
f 2221 2196 2198
f 2221 2210 2196
f 2222 2187 2212
f 2222 2211 2200
f 2222 2212 2213
f 2222 2213 2211
f 2222 2200 2187
f 2223 2194 2220
f 2223 2218 2194
f 2223 2220 2221
f 2223 2198 2218
f 2223 2221 2198
f 2238 306 307
f 2238 307 308
f 2238 308 309
f 2239 309 2224
f 2239 2238 309
f 2240 2236 2235
f 2240 2237 2236
f 2240 2224 2237
f 2240 2239 2224
f 2241 305 306
f 2241 2238 2242
f 2241 306 2238
f 2243 2244 2245
f 2243 2246 2244
f 2247 2248 2249
f 2250 2247 2249
f 2251 2235 2234
f 2251 2240 2235
f 2251 2252 2240
f 2253 295 296
f 2254 2154 295
f 2254 2246 2243
f 2254 2249 2154
f 2254 295 2253
f 2254 2243 2249
f 2255 2241 2242
f 2255 2256 2241
f 2255 2243 2245
f 2255 2245 2256
f 2257 2243 2255
f 2257 2238 2239
f 2257 2242 2238
f 2257 2239 2258
f 2257 2255 2242
f 2259 2257 2258
f 2259 2240 2252
f 2259 2243 2257
f 2259 2239 2240
f 2259 2258 2239
f 2259 2249 2243
f 2260 2251 2261
f 2260 2261 2250
f 2260 2252 2251
f 2260 2249 2259
f 2260 2259 2252
f 2260 2250 2249
f 2262 2225 2154
f 2262 2154 2249
f 2262 2249 2248
f 2263 296 297
f 2263 297 298
f 2263 298 299
f 2263 2253 296
f 2264 299 300
f 2264 2263 299
f 2265 2254 2253
f 2265 2246 2254
f 2266 2246 2265
f 2267 2246 2266
f 2267 2241 2256
f 2267 2245 2244
f 2267 2244 2246
f 2267 2256 2245
f 2268 2262 2248
f 2269 2268 2248
f 2270 2248 2247
f 2270 2261 2251
f 2270 2250 2261
f 2270 2269 2248
f 2270 2247 2250
f 2271 2226 2225
f 2271 2227 2226
f 2271 2228 2227
f 2271 2225 2262
f 2272 2229 2228
f 2272 2228 2271
f 2273 300 301
f 2273 301 302
f 2273 302 303
f 2273 303 304
f 2273 2264 300
f 2274 304 305
f 2274 305 2241
f 2274 2273 304
f 2274 2241 2267
f 2274 2264 2273
f 2275 2251 2234
f 2275 2234 2233
f 2275 2270 2251
f 2276 2275 2233
f 2276 2230 2229
f 2276 2231 2230
f 2276 2232 2231
f 2276 2233 2232
f 2276 2229 2272
f 2276 2272 2275
f 2277 2253 2263
f 2277 2263 2264
f 2277 2267 2266
f 2277 2266 2265
f 2277 2264 2274
f 2277 2274 2267
f 2277 2265 2253
f 2278 2262 2268
f 2278 2268 2269
f 2278 2269 2270
f 2278 2271 2262
f 2278 2272 2271
f 2278 2275 2272
f 2278 2270 2275
f 2285 363 364
f 2286 2279 363
f 2286 363 2285
f 2287 364 365
f 2287 365 366
f 2287 366 367
f 2287 367 368
f 2287 368 369
f 2287 2285 364
f 2288 2280 2279
f 2288 2279 2286
f 2289 2285 2287
f 2289 2286 2285
f 2289 2287 369
f 2290 2281 2280
f 2290 2282 2281
f 2290 2286 2289
f 2290 2288 2286
f 2290 2280 2288
f 2291 369 2164
f 2291 2283 2282
f 2291 2284 2283
f 2291 2164 2284
f 2291 2290 2289
f 2291 2289 369
f 2291 2282 2290
f 2298 309 310
f 2298 310 311
f 2299 311 312
f 2299 312 313
f 2299 313 314
f 2299 314 315
f 2299 2298 311
f 2300 2224 309
f 2300 309 2298
f 2301 315 2292
f 2301 2300 2298
f 2301 2299 315
f 2301 2298 2299
f 2302 2293 2224
f 2302 2294 2293
f 2302 2224 2300
f 2303 2295 2294
f 2303 2296 2295
f 2303 2297 2296
f 2303 2292 2297
f 2303 2294 2302
f 2303 2300 2301
f 2303 2301 2292
f 2303 2302 2300
f 2305 360 361
f 2306 361 362
f 2306 362 363
f 2306 2305 361
f 2307 2304 360
f 2307 360 2305
f 2308 2307 2305
f 2308 2306 363
f 2308 2305 2306
f 2309 2304 2307
f 2310 2279 2304
f 2310 2307 2308
f 2310 2304 2309
f 2310 2309 2307
f 2311 363 2279
f 2311 2308 363
f 2311 2279 2310
f 2311 2310 2308
f 2315 315 316
f 2316 316 317
f 2316 317 318
f 2316 2315 316
f 2317 2292 315
f 2317 315 2315
f 2318 2317 2315
f 2318 2316 318
f 2318 2315 2316
f 2319 2313 2292
f 2319 2292 2317
f 2320 2314 2313
f 2320 2317 2318
f 2320 2313 2319
f 2320 2319 2317
f 2321 318 2312
f 2321 2312 2314
f 2321 2318 318
f 2321 2314 2320
f 2321 2320 2318
f 2328 354 355
f 2328 355 356
f 2329 356 357
f 2329 357 358
f 2329 358 359
f 2329 359 360
f 2329 2328 356
f 2330 2322 354
f 2330 354 2328
f 2331 360 2304
f 2331 2330 2328
f 2331 2329 360
f 2331 2328 2329
f 2332 2323 2322
f 2332 2324 2323
f 2332 2322 2330
f 2333 2325 2324
f 2333 2326 2325
f 2333 2327 2326
f 2333 2304 2327
f 2333 2324 2332
f 2333 2330 2331
f 2333 2331 2304
f 2333 2332 2330
f 2340 318 319
f 2341 2312 318
f 2341 318 2340
f 2342 319 320
f 2342 320 321
f 2342 321 322
f 2342 322 323
f 2342 323 324
f 2342 2340 319
f 2343 2335 2312
f 2343 2312 2341
f 2344 2340 2342
f 2344 2341 2340
f 2344 2342 324
f 2345 2336 2335
f 2345 2337 2336
f 2345 2341 2344
f 2345 2343 2341
f 2345 2335 2343
f 2346 324 2334
f 2346 2338 2337
f 2346 2339 2338
f 2346 2334 2339
f 2346 2345 2344
f 2346 2344 324
f 2346 2337 2345
f 2361 351 352
f 2361 352 353
f 2361 353 354
f 2362 354 2322
f 2362 2361 354
f 2363 2359 2358
f 2363 2360 2359
f 2363 2322 2360
f 2363 2362 2322
f 2364 350 351
f 2364 2361 2365
f 2364 351 2361
f 2366 2367 2368
f 2366 2369 2367
f 2370 2358 2357
f 2370 2363 2358
f 2371 340 341
f 2372 2369 2366
f 2372 340 2371
f 2373 2364 2365
f 2373 2374 2364
f 2373 2366 2368
f 2373 2368 2374
f 2375 2366 2373
f 2375 2361 2362
f 2375 2365 2361
f 2375 2362 2376
f 2375 2373 2365
f 2377 2347 340
f 2377 340 2372
f 2378 2363 2379
f 2380 2381 2382
f 2380 2363 2370
f 2380 2379 2363
f 2380 2382 2383
f 2380 2370 2381
f 2384 2348 2347
f 2384 2349 2348
f 2384 2347 2377
f 2385 341 342
f 2385 342 343
f 2385 343 344
f 2385 2371 341
f 2386 344 345
f 2386 2385 344
f 2387 2369 2372
f 2387 2372 2371
f 2388 2369 2387
f 2388 2364 2374
f 2388 2368 2367
f 2388 2367 2369
f 2388 2374 2368
f 2389 2372 2366
f 2389 2366 2375
f 2389 2377 2372
f 2390 2391 2378
f 2390 2377 2391
f 2390 2384 2377
f 2390 2380 2383
f 2390 2383 2384
f 2392 2393 2384
f 2392 2384 2383
f 2394 2382 2381
f 2394 2392 2383
f 2394 2393 2392
f 2394 2383 2382
f 2394 2381 2370
f 2395 2350 2349
f 2395 2351 2350
f 2395 2352 2351
f 2395 2384 2393
f 2395 2349 2384
f 2396 2353 2352
f 2396 2354 2353
f 2396 2352 2395
f 2396 2393 2394
f 2396 2395 2393
f 2397 345 346
f 2397 346 347
f 2397 347 348
f 2397 348 349
f 2397 2386 345
f 2398 349 350
f 2398 2364 2388
f 2398 350 2364
f 2398 2397 349
f 2398 2386 2397
f 2399 2375 2376
f 2399 2389 2375
f 2399 2400 2389
f 2401 2377 2389
f 2401 2389 2400
f 2402 2362 2363
f 2402 2376 2362
f 2403 2380 2390
f 2403 2378 2379
f 2403 2390 2378
f 2403 2379 2380
f 2404 2370 2357
f 2404 2355 2354
f 2404 2356 2355
f 2404 2357 2356
f 2404 2394 2370
f 2404 2396 2394
f 2404 2354 2396
f 2405 2387 2371
f 2405 2371 2385
f 2405 2385 2386
f 2405 2386 2398
f 2405 2388 2387
f 2405 2398 2388
f 2406 2399 2376
f 2406 2400 2399
f 2406 2376 2402
f 2407 2401 2400
f 2407 2400 2406
f 2408 2363 2378
f 2408 2378 2391
f 2408 2402 2363
f 2408 2406 2402
f 2408 2407 2406
f 2408 2401 2407
f 2409 2401 2408
f 2409 2377 2401
f 2409 2391 2377
f 2409 2408 2391
f 2423 324 325
f 2423 325 326
f 2423 326 327
f 2424 2334 324
f 2424 324 2423
f 2425 2411 2334
f 2425 2412 2411
f 2425 2334 2424
f 2426 327 328
f 2426 328 329
f 2426 329 330
f 2426 330 331
f 2426 2423 327
f 2426 2427 2423
f 2428 331 332
f 2428 2426 331
f 2429 332 333
f 2429 2428 332
f 2430 2429 333
f 2431 333 334
f 2431 334 335
f 2431 335 336
f 2431 336 337
f 2431 2430 333
f 2432 2430 2431
f 2432 2429 2430
f 2432 2431 337
f 2433 2434 2435
f 2436 2433 2435
f 2437 2428 2429
f 2437 2429 2432
f 2437 2426 2428
f 2437 2427 2426
f 2438 2427 2437
f 2438 2423 2427
f 2439 337 2410
f 2439 2432 337
f 2440 2425 2424
f 2440 2441 2425
f 2440 2424 2442
f 2443 2441 2440
f 2443 2440 2435
f 2443 2434 2444
f 2443 2435 2434
f 2445 2443 2444
f 2445 2425 2441
f 2445 2441 2443
f 2446 2413 2412
f 2446 2414 2413
f 2446 2415 2414
f 2446 2425 2445
f 2446 2412 2425
f 2447 2436 2435
f 2447 2439 2410
f 2448 2410 2422
f 2448 2447 2410
f 2449 2438 2437
f 2449 2432 2439
f 2449 2437 2432
f 2450 2447 2435
f 2450 2435 2440
f 2450 2439 2447
f 2451 2446 2445
f 2451 2415 2446
f 2451 2445 2444
f 2452 2434 2433
f 2452 2433 2436
f 2452 2447 2448
f 2452 2436 2447
f 2453 2416 2415
f 2453 2417 2416
f 2453 2418 2417
f 2453 2419 2418
f 2453 2452 2448
f 2453 2415 2451
f 2454 2453 2448
f 2454 2419 2453
f 2455 2420 2419
f 2455 2421 2420
f 2455 2422 2421
f 2455 2448 2422
f 2455 2454 2448
f 2455 2419 2454
f 2456 2423 2438
f 2456 2442 2424
f 2456 2424 2423
f 2457 2450 2458
f 2457 2449 2439
f 2457 2458 2438
f 2457 2439 2450
f 2457 2438 2449
f 2459 2458 2450
f 2459 2450 2440
f 2459 2440 2442
f 2460 2434 2452
f 2460 2451 2444
f 2460 2452 2453
f 2460 2453 2451
f 2460 2444 2434
f 2461 2456 2438
f 2461 2438 2458
f 2461 2458 2459
f 2461 2442 2456
f 2461 2459 2442
f 2464 337 338
f 2465 338 339
f 2465 339 340
f 2465 2464 338
f 2466 2410 337
f 2466 337 2464
f 2467 2466 2464
f 2467 2465 340
f 2467 2464 2465
f 2468 2462 2410
f 2468 2410 2466
f 2469 2463 2462
f 2469 2466 2467
f 2469 2462 2468
f 2469 2468 2466
f 2470 340 2347
f 2470 2347 2463
f 2470 2467 340
f 2470 2463 2469
f 2470 2469 2467
f 2472 590 2471
f 2472 591 590
f 2472 592 591
f 2473 592 2472
f 2474 593 592
f 2474 594 593
f 2474 592 2473
f 2475 595 594
f 2475 594 2474
f 2476 596 595
f 2476 595 2475
f 2477 596 2476
f 2477 597 596
f 2478 597 2477
f 2479 597 2478
f 2479 598 597
f 2480 598 2479
f 2480 599 598
f 2480 600 599
f 2481 600 2480
f 2482 600 2481
f 2482 601 600
f 2483 601 2482
f 2483 602 601
f 2484 602 2483
f 2484 603 602
f 2485 603 2484
f 2485 604 603
f 2485 605 604
f 2486 605 2485
f 2487 605 2486
f 2487 606 605
f 2488 606 2487
f 2488 607 606
f 2488 608 607
f 2489 608 2488
f 2490 609 608
f 2490 608 2489
f 2491 610 609
f 2491 609 2490
f 2492 611 610
f 2492 610 2491
f 2493 612 611
f 2493 611 2492
f 2494 613 612
f 2494 612 2493
f 2495 614 613
f 2495 615 614
f 2495 613 2494
f 2496 615 2495
f 2497 616 615
f 2497 615 2496
f 2498 617 616
f 2498 618 617
f 2498 616 2497
f 2499 618 2498
f 2500 619 618
f 2500 618 2499
f 2501 620 619
f 2501 621 620
f 2501 619 2500
f 2502 621 2501
f 2503 622 621
f 2503 621 2502
f 2504 622 2503
f 2504 623 622
f 2505 623 2504
f 2505 624 623
f 2506 624 2505
f 2506 625 624
f 2471 625 2506
f 2471 590 625
f 2521 637 638
f 2521 638 639
f 2521 639 626
f 2522 626 2507
f 2522 2521 626
f 2523 2519 2518
f 2523 2520 2519
f 2523 2507 2520
f 2523 2522 2507
f 2524 636 637
f 2524 2521 2525
f 2524 637 2521
f 2526 2527 2528
f 2526 2529 2527
f 2530 2531 2532
f 2533 2530 2532
f 2534 2518 2517
f 2534 2523 2518
f 2534 2535 2523
f 2536 6 627
f 2537 2529 2526
f 2537 6 2536
f 2538 2524 2525
f 2538 2539 2524
f 2538 2526 2528
f 2538 2528 2539
f 2540 680 6
f 2540 2537 2526
f 2540 6 2537
f 2541 2525 2521
f 2541 2538 2525
f 2542 2523 2535
f 2542 2522 2523
f 2542 2543 2522
f 2544 2534 2545
f 2544 2545 2533
f 2544 2535 2534
f 2544 2542 2535
f 2544 2532 2542
f 2544 2533 2532
f 2546 680 2540
f 2546 2532 2531
f 2547 2508 680
f 2547 680 2546
f 2548 627 628
f 2548 628 629
f 2548 629 630
f 2548 2536 627
f 2549 630 631
f 2549 2548 630
f 2550 2537 2536
f 2550 2529 2537
f 2551 2529 2550
f 2552 2524 2539
f 2552 2528 2527
f 2552 2527 2529
f 2552 2529 2551
f 2552 2539 2528
f 2553 2526 2538
f 2553 2538 2541
f 2553 2540 2526
f 2554 2532 2546
f 2554 2546 2540
f 2554 2542 2532
f 2555 2546 2531
f 2555 2547 2546
f 2556 2547 2555
f 2556 2555 2531
f 2557 2531 2530
f 2557 2545 2534
f 2557 2533 2545
f 2557 2556 2531
f 2557 2530 2533
f 2557 2547 2556
f 2558 2509 2508
f 2558 2510 2509
f 2558 2511 2510
f 2558 2508 2547
f 2559 2512 2511
f 2559 2511 2558
f 2559 2547 2557
f 2559 2558 2547
f 2560 631 632
f 2560 632 633
f 2560 633 634
f 2560 634 635
f 2560 2549 631
f 2561 635 636
f 2561 2524 2552
f 2561 2560 635
f 2561 636 2524
f 2561 2549 2560
f 2562 2554 2540
f 2562 2553 2541
f 2562 2541 2563
f 2562 2540 2553
f 2562 2563 2554
f 2564 2554 2563
f 2564 2542 2554
f 2564 2543 2542
f 2565 2541 2521
f 2565 2521 2522
f 2565 2522 2543
f 2566 2534 2517
f 2566 2513 2512
f 2566 2514 2513
f 2566 2515 2514
f 2566 2516 2515
f 2566 2517 2516
f 2566 2512 2559
f 2566 2559 2557
f 2566 2557 2534
f 2567 2550 2536
f 2567 2536 2548
f 2567 2548 2549
f 2567 2549 2561
f 2567 2552 2551
f 2567 2551 2550
f 2567 2561 2552
f 2568 2541 2565
f 2568 2563 2541
f 2568 2564 2563
f 2568 2543 2564
f 2568 2565 2543
f 2925 2926 2927
f 2925 2927 2928
f 2885 2883 2884
f 2880 2881 2882
f 2880 2882 2883
f 2880 2883 2885
f 2930 2924 2925
f 2930 2928 2929
f 2930 2925 2928
f 2879 2885 2886
f 2879 2880 2885
f 2931 2923 2924
f 2931 2924 2930
f 2878 2886 2887
f 2878 2879 2886
f 2891 2889 2890
f 2919 2920 2921
f 2892 2889 2891
f 2892 2888 2889
f 2932 2923 2931
f 2932 2922 2923
f 2877 2878 2887
f 2877 2887 2888
f 2918 2919 2921
f 2893 2888 2892
f 2933 2918 2921
f 2933 2922 2932
f 2933 2921 2922
f 2876 2877 2888
f 2936 2934 2935
f 2874 2875 2876
f 2937 2934 2936
f 2937 2933 2934
f 2873 2876 2888
f 2873 2888 2893
f 2873 2874 2876
f 2972 2970 2971
f 2938 2933 2937
f 2938 2917 2918
f 2938 2918 2933
f 2973 2970 2972
f 2872 2873 2893
f 2872 2893 2894
f 2871 2872 2894
f 2939 2917 2938
f 2939 2915 2916
f 2939 2916 2917
f 2940 2915 2939
f 2870 2871 2894
f 2870 2894 2895
f 2870 2895 2896
f 2869 2870 2896
f 2941 2915 2940
f 2941 2913 2914
f 2941 2914 2915
f 2868 2896 2897
f 2868 2869 2896
f 2942 2913 2941
f 2942 2912 2913
f 2867 2868 2897
f 2867 2897 2898
f 2943 2912 2942
f 2943 2911 2912
f 2866 2867 2898
f 2866 2898 2899
f 2846 2844 2845
f 2944 2911 2943
f 2944 2910 2911
f 2865 2866 2899
f 2865 2899 2900
f 2964 2965 2966
f 2864 2865 2900
f 2945 2908 2909
f 2945 2909 2910
f 2945 2910 2944
f 2863 2900 2901
f 2863 2864 2900
f 2847 2844 2846
f 2847 2843 2844
f 2946 2908 2945
f 2837 2838 2839
f 2837 2839 2840
f 2963 2964 2966
f 2975 2969 2970
f 2975 2973 2974
f 2975 2970 2973
f 2848 2843 2847
f 2836 2837 2840
f 2836 2840 2841
f 2976 2968 2969
f 2976 2969 2975
f 2835 2836 2841
f 2835 2841 2842
f 2977 2967 2968
f 2977 2968 2976
f 2834 2842 2843
f 2834 2835 2842
f 2978 2966 2967
f 2978 2963 2966
f 2978 2967 2977
f 2833 2834 2843
f 2981 2979 2980
f 2831 2832 2833
f 2982 2978 2979
f 2982 2979 2981
f 2830 2831 2833
f 2830 2833 2843
f 2830 2843 2848
f 2983 2962 2963
f 2983 2978 2982
f 2983 2963 2978
f 2829 2830 2848
f 2829 2848 2849
f 2828 2829 2849
f 2984 2960 2961
f 2984 2961 2962
f 2984 2962 2983
f 2985 2960 2984
f 2827 2828 2849
f 2827 2849 2850
f 2827 2850 2851
f 2826 2827 2851
f 2986 2958 2959
f 2986 2959 2960
f 2986 2960 2985
f 2825 2826 2851
f 2825 2851 2852
f 2987 2957 2958
f 2987 2958 2986
f 2824 2825 2852
f 2824 2852 2853
f 2988 2956 2957
f 2988 2957 2987
f 2823 2853 2854
f 2823 2824 2853
f 2989 2955 2956
f 2989 2956 2988
f 2822 2854 2855
f 2822 2823 2854
f 2821 2822 2855
f 2990 2954 2955
f 2990 2955 2989
f 2990 2953 2954
f 2820 2855 2856
f 2820 2821 2855
f 2991 2953 2990
f 2803 2801 2802
f 3009 3010 3011
f 2804 2801 2803
f 2804 2800 2801
f 3008 3009 3011
f 2805 2800 2804
f 2493 2902 2903
f 2493 2903 2904
f 2494 2493 2904
f 2494 2904 2905
f 2494 2905 2906
f 2494 2906 2907
f 2492 2862 2863
f 2492 2902 2493
f 2492 2901 2902
f 2492 2863 2901
f 2495 2907 2908
f 2495 2494 2907
f 2495 2908 2946
f 2495 2946 2947
f 2795 2796 2797
f 2491 2859 2860
f 2491 2860 2861
f 2491 2861 2862
f 2491 2862 2492
f 2496 2495 2947
f 2496 2947 2948
f 2496 2948 2949
f 2490 2859 2491
f 2490 2857 2858
f 2490 2858 2859
f 2497 2496 2949
f 2497 2949 2950
f 2497 2950 2951
f 2497 2951 2952
f 3017 3015 3016
f 2489 2856 2857
f 2489 2819 2820
f 2489 2820 2856
f 2489 2857 2490
f 2498 2497 2952
f 2498 2991 2992
f 2498 2953 2991
f 2498 2952 2953
f 2792 2793 2794
f 2792 2794 2795
f 2792 2795 2797
f 2488 2819 2489
f 2488 2816 2817
f 2488 2817 2818
f 2488 2818 2819
f 2499 2992 2993
f 2499 2993 2994
f 2499 2498 2992
f 3018 3015 3017
f 3018 3014 3015
f 2791 2797 2798
f 2791 2792 2797
f 3019 3014 3018
f 3019 3013 3014
f 2487 2816 2488
f 2487 2814 2815
f 2487 2815 2816
f 2500 2994 2995
f 2500 2995 2996
f 2500 2996 2997
f 2500 2499 2994
f 2790 2791 2798
f 2790 2798 2799
f 3020 3013 3019
f 3020 3012 3013
f 2789 2799 2800
f 2789 2790 2799
f 2782 2806 2807
f 2782 2807 2808
f 3027 3005 3006
f 3027 3006 3007
f 3027 3028 3005
f 2783 2806 2782
f 2781 2782 2808
f 3029 3003 3004
f 3029 3004 3005
f 3029 3005 3028
f 2780 2808 2809
f 2780 2781 2808
f 3030 3002 3003
f 3030 3003 3029
f 2779 2809 2810
f 2779 2780 2809
f 3031 3002 3030
f 3031 3001 3002
f 2778 2810 2811
f 2778 2779 2810
f 2784 2805 2806
f 2784 2806 2783
f 3032 3000 3001
f 3032 3001 3031
f 3021 3008 3011
f 3021 3012 3020
f 3021 3011 3012
f 2777 2811 2812
f 2777 2778 2811
f 2788 2789 2800
f 3026 3008 3021
f 3026 3027 3007
f 3026 3007 3008
f 2776 2777 2812
f 3033 3000 3032
f 3033 2998 2999
f 3033 2999 3000
f 2785 2805 2784
f 2785 2800 2805
f 2785 2788 2800
f 3025 3021 3022
f 3025 3026 3021
f 3024 3022 3023
f 3024 3025 3022
f 2786 2787 2788
f 2786 2788 2785
f 2775 2812 2813
f 2775 2776 2812
f 3034 2998 3033
f 2486 2775 2813
f 2486 2774 2775
f 2486 2814 2487
f 2486 2813 2814
f 2501 2998 3034
f 2501 2997 2998
f 2501 2500 2997
f 2501 3034 3035
f 2485 2772 2773
f 2485 2773 2774
f 2485 2774 2486
f 2502 2501 3035
f 2502 3035 3036
f 3037 2502 3036
f 2771 2772 2485
f 2484 2771 2485
f 2503 2502 3037
f 3038 2503 3037
f 3039 2503 3038
f 2770 2771 2484
f 2769 2770 2484
f 2769 2484 2483
f 3040 2503 3039
f 3040 2504 2503
f 2768 2769 2483
f 3041 2504 3040
f 2756 2757 2758
f 2756 2758 2759
f 3054 3051 3052
f 3054 3052 3053
f 2755 2759 2760
f 2755 2756 2759
f 3060 3058 3059
f 2736 2764 2765
f 710 3045 3046
f 711 3045 710
f 711 3044 3045
f 2737 2763 2764
f 2737 2764 2736
f 2735 2765 2766
f 2735 2736 2765
f 712 3044 711
f 712 3043 3044
f 709 710 3046
f 709 3046 3047
f 709 3047 3048
f 2738 2763 2737
f 2734 2766 2767
f 2734 2735 2766
f 2739 2761 2762
f 2739 2762 2763
f 2739 2763 2738
f 708 709 3048
f 2733 2734 2767
f 713 3043 712
f 713 3041 3042
f 713 3042 3043
f 2732 2767 2768
f 2732 2733 2767
f 2732 2768 2483
f 707 708 3048
f 707 3048 3049
f 707 3049 3050
f 2740 2761 2739
f 714 2504 3041
f 714 3041 713
f 2731 2483 2482
f 2731 2732 2483
f 715 2504 714
f 715 2505 2504
f 679 2505 715
f 2730 2731 2482
f 3061 3058 3060
f 2741 2760 2761
f 2741 2761 2740
f 706 707 3050
f 706 3050 3051
f 2742 2755 2760
f 2742 2760 2741
f 2729 2730 2482
f 2749 2750 2751
f 2749 2751 2752
f 3063 3057 3058
f 3063 3061 3062
f 3063 3058 3061
f 3067 703 704
f 3067 704 705
f 2745 2755 2742
f 2745 2742 2743
f 2745 2743 2744
f 3066 705 706
f 3066 3067 705
f 3066 3051 3054
f 3066 706 3051
f 3066 3054 3055
f 2748 2752 2753
f 2748 2749 2752
f 2746 2754 2755
f 2746 2755 2745
f 3065 3055 3056
f 3065 3066 3055
f 3064 3056 3057
f 3064 3065 3056
f 3064 3057 3063
f 2747 2753 2754
f 2747 2748 2753
f 2747 2754 2746
f 681 2506 2505
f 681 2505 679
f 2728 2729 2482
f 2728 2482 2481
f 682 2506 681
f 2727 2728 2481
f 680 2506 682
f 2726 2727 2481
f 2726 2481 2480
f 2508 2506 680
f 2508 2471 2506
f 2725 2726 2480
f 2509 2471 2508
f 2713 2714 2715
f 2713 2715 2716
f 2569 2519 2520
f 2569 2520 2507
f 2712 2716 2717
f 2712 2713 2716
f 2691 2723 2724
f 2590 2511 2512
f 2690 2691 2724
f 2591 2509 2510
f 2591 2510 2511
f 2591 2511 2590
f 2692 2723 2691
f 2692 2722 2723
f 2589 2512 2513
f 2589 2590 2512
f 2689 2690 2724
f 2689 2724 2725
f 2689 2725 2480
f 2693 2722 2692
f 2693 2721 2722
f 2592 2509 2591
f 2592 2471 2509
f 2588 2513 2514
f 2588 2589 2513
f 2688 2689 2480
f 2688 2480 2479
f 2694 2721 2693
f 2694 2720 2721
f 2593 2471 2592
f 2593 2472 2471
f 2587 2514 2515
f 2587 2515 2516
f 2587 2588 2514
f 2695 2720 2694
f 2594 2472 2593
f 2687 2688 2479
f 2696 2720 2695
f 2696 2718 2719
f 2696 2719 2720
f 2586 2587 2516
f 2585 2516 2517
f 2585 2517 2518
f 2585 2586 2516
f 2697 2718 2696
f 2686 2687 2479
f 2595 2472 2594
f 2698 2718 2697
f 2698 2717 2718
f 2685 2686 2479
f 2685 2479 2478
f 2596 2473 2472
f 2596 2472 2595
f 2584 2518 2519
f 2584 2585 2518
f 2699 2717 2698
f 2699 2712 2717
f 2597 2473 2596
f 2684 2685 2478
f 2683 2478 2477
f 2683 2684 2478
f 2598 2474 2473
f 2598 2473 2597
f 2682 2683 2477
f 2599 2474 2598
f 2580 2581 2582
f 2580 2582 2583
f 2702 2699 2700
f 2702 2700 2701
f 2702 2712 2699
f 2579 2569 2570
f 2579 2580 2583
f 2579 2583 2584
f 2579 2584 2519
f 2579 2519 2569
f 2703 2712 2702
f 2703 2711 2712
f 2578 2570 2571
f 2578 2579 2570
f 2643 2477 2476
f 2638 2475 2474
f 2637 2638 2474
f 2637 2474 2599
f 2639 2475 2638
f 2642 2643 2476
f 2644 2477 2643
f 2644 2681 2682
f 2644 2682 2477
f 2636 2637 2599
f 2636 2599 2600
f 2636 2600 2601
f 2645 2681 2644
f 2646 2680 2681
f 2646 2681 2645
f 2635 2636 2601
f 2635 2601 2602
f 2641 2642 2476
f 2640 2476 2475
f 2640 2475 2639
f 2640 2641 2476
f 2647 2679 2680
f 2647 2680 2646
f 2634 2602 2603
f 2634 2635 2602
f 2648 2679 2647
f 2648 2678 2679
f 2633 2603 2604
f 2633 2634 2603
f 2649 2677 2678
f 2649 2678 2648
f 2632 2604 2605
f 2632 2605 2606
f 2632 2633 2604
f 2650 2677 2649
f 2704 2711 2703
f 2704 2710 2711
f 2651 2675 2676
f 2651 2676 2677
f 2651 2677 2650
f 2631 2632 2606
f 2577 2571 2572
f 2577 2578 2571
f 2630 2606 2607
f 2630 2607 2608
f 2630 2631 2606
f 2652 2675 2651
f 2705 2709 2710
f 2705 2710 2704
f 2576 2572 2573
f 2576 2577 2572
f 2706 2709 2705
f 2706 2708 2709
f 2653 2674 2675
f 2653 2675 2652
f 2575 2573 2574
f 2575 2576 2573
f 2707 2708 2706
f 2670 2671 2672
f 2670 2672 2673
f 2612 2609 2610
f 2612 2610 2611
f 2669 2673 2674
f 2669 2670 2673
f 2629 2608 2609
f 2629 2630 2608
f 2654 2669 2674
f 2654 2674 2653
f 2625 2626 2627
f 2625 2627 2628
f 2657 2654 2655
f 2657 2655 2656
f 2657 2669 2654
f 2624 2609 2612
f 2624 2629 2609
f 2624 2625 2628
f 2624 2612 2613
f 2624 2628 2629
f 2658 2668 2669
f 2658 2669 2657
f 2623 2624 2613
f 2623 2613 2614
f 2659 2667 2668
f 2659 2668 2658
f 2622 2623 2614
f 2622 2614 2615
f 2660 2667 2659
f 2660 2666 2667
f 2621 2622 2615
f 2621 2615 2616
f 2661 2666 2660
f 2618 2616 2617
f 2664 2665 2666
f 2664 2666 2661
f 2663 2664 2661
f 2619 2616 2618
f 2619 2621 2616
f 2662 2663 2661
f 2620 2621 2619
f 3068 690 691
f 3069 3062 690
f 3069 690 3068
f 3070 691 692
f 3070 692 693
f 3070 693 694
f 3070 694 695
f 3070 695 17
f 3070 3068 691
f 3071 3063 3062
f 3071 3062 3069
f 3072 3068 3070
f 3072 3069 3068
f 3072 3070 17
f 3073 3064 3063
f 3073 3065 3064
f 3073 3069 3072
f 3073 3071 3069
f 3073 3063 3071
f 3074 17 703
f 3074 3066 3065
f 3074 3067 3066
f 3074 703 3067
f 3074 3073 3072
f 3074 3072 17
f 3074 3065 3073
f 3075 626 755
f 3075 755 756
f 3076 756 757
f 3076 757 758
f 3076 758 759
f 3076 759 754
f 3076 3075 756
f 3077 2507 626
f 3077 626 3075
f 3078 754 2574
f 3078 3077 3075
f 3078 3076 754
f 3078 3075 3076
f 3079 2569 2507
f 3079 2570 2569
f 3079 2507 3077
f 3080 2571 2570
f 3080 2572 2571
f 3080 2573 2572
f 3080 2574 2573
f 3080 2570 3079
f 3080 3077 3078
f 3080 3078 2574
f 3080 3079 3077
f 3081 766 690
f 3081 3082 766
f 3083 3059 766
f 3083 766 3082
f 3084 3083 3082
f 3084 3081 690
f 3084 3082 3081
f 3085 3060 3059
f 3085 3059 3083
f 3086 3061 3060
f 3086 3083 3084
f 3086 3060 3085
f 3086 3085 3083
f 3087 690 3062
f 3087 3062 3061
f 3087 3084 690
f 3087 3061 3086
f 3087 3086 3084
f 3088 754 774
f 3088 3089 754
f 3090 2574 754
f 3090 754 3089
f 3091 3090 3089
f 3091 3088 774
f 3091 3089 3088
f 3092 2574 3090
f 3093 2575 2574
f 3093 3090 3091
f 3093 2574 3092
f 3093 3092 3090
f 3094 774 2575
f 3094 3091 774
f 3094 2575 3093
f 3094 3093 3091
f 3095 782 783
f 3095 783 784
f 3096 784 785
f 3096 785 786
f 3096 786 787
f 3096 787 766
f 3096 3095 784
f 3097 3053 782
f 3097 782 3095
f 3098 766 3059
f 3098 3097 3095
f 3098 3096 766
f 3098 3095 3096
f 3099 3054 3053
f 3099 3055 3054
f 3099 3053 3097
f 3100 3056 3055
f 3100 3057 3056
f 3100 3058 3057
f 3100 3059 3058
f 3100 3055 3099
f 3100 3097 3098
f 3100 3098 3059
f 3100 3099 3097
f 3101 774 795
f 3102 2575 774
f 3102 774 3101
f 3103 795 796
f 3103 796 797
f 3103 797 798
f 3103 798 799
f 3103 799 794
f 3103 3101 795
f 3104 2576 2575
f 3104 2575 3102
f 3105 3101 3103
f 3105 3102 3101
f 3105 3103 794
f 3106 2577 2576
f 3106 2578 2577
f 3106 3102 3105
f 3106 3104 3102
f 3106 2576 3104
f 3107 794 2581
f 3107 2579 2578
f 3107 2580 2579
f 3107 2581 2580
f 3107 3106 3105
f 3107 3105 794
f 3107 2578 3106
f 3108 818 819
f 3108 819 820
f 3108 820 782
f 3109 782 3053
f 3109 3108 782
f 3110 3051 3050
f 3110 3052 3051
f 3110 3053 3052
f 3110 3109 3053
f 3111 817 818
f 3111 818 3108
f 3112 3113 3114
f 3115 3112 3114
f 3116 3050 3049
f 3116 3110 3050
f 3116 3117 3110
f 3118 807 808
f 3118 808 809
f 3118 3119 807
f 3120 3111 3108
f 3120 3108 3121
f 3120 3122 3123
f 3120 3119 3122
f 3120 3123 3111
f 3124 3119 3120
f 3124 3108 3109
f 3124 3120 3121
f 3124 3121 3108
f 3124 3109 3125
f 3124 807 3119
f 3124 3114 807
f 3126 3124 3125
f 3126 3114 3124
f 3126 3110 3117
f 3126 3109 3110
f 3126 3125 3109
f 3127 3128 3115
f 3127 3117 3116
f 3127 3126 3117
f 3127 3116 3128
f 3127 3114 3126
f 3127 3115 3114
f 3129 3039 807
f 3129 3114 3113
f 3129 807 3114
f 3130 3040 3039
f 3130 3039 3129
f 3131 809 810
f 3131 810 811
f 3131 811 812
f 3131 3118 809
f 3132 3118 3131
f 3132 3131 812
f 3133 812 813
f 3133 813 814
f 3133 3132 812
f 3133 3118 3132
f 3134 3119 3118
f 3135 3134 3118
f 3135 3118 3133
f 3135 3123 3122
f 3135 3122 3119
f 3135 3119 3134
f 3135 3111 3123
f 3136 3129 3113
f 3136 3130 3129
f 3137 3136 3113
f 3138 3115 3128
f 3138 3137 3113
f 3138 3128 3116
f 3138 3113 3112
f 3138 3112 3115
f 3139 3041 3040
f 3139 3042 3041
f 3139 3043 3042
f 3139 3040 3130
f 3140 3044 3043
f 3140 3043 3139
f 3141 814 815
f 3141 815 816
f 3141 816 817
f 3141 3133 814
f 3141 3135 3133
f 3141 3111 3135
f 3141 817 3111
f 3142 3049 3048
f 3142 3138 3116
f 3142 3116 3049
f 3143 3045 3044
f 3143 3046 3045
f 3143 3047 3046
f 3143 3048 3047
f 3143 3044 3140
f 3143 3140 3142
f 3143 3142 3048
f 3144 3136 3137
f 3144 3130 3136
f 3144 3139 3130
f 3144 3140 3139
f 3144 3138 3142
f 3144 3142 3140
f 3144 3137 3138
f 3145 794 856
f 3145 856 857
f 3146 2581 794
f 3146 794 3145
f 3147 2582 2581
f 3147 2583 2582
f 3147 2584 2583
f 3147 2581 3146
f 3148 3149 3150
f 3148 3150 3151
f 3152 2585 2584
f 3152 2586 2585
f 3152 2584 3147
f 3152 3147 3153
f 3154 3155 3156
f 3157 3154 3156
f 3158 857 858
f 3158 858 859
f 3158 859 860
f 3158 3145 857
f 3159 867 855
f 3160 3145 3158
f 3160 3161 3145
f 3162 3148 3151
f 3162 3159 855
f 3163 3160 3164
f 3163 3161 3160
f 3163 3149 3148
f 3163 3164 3149
f 3165 3163 3148
f 3165 3145 3161
f 3165 3166 3146
f 3165 3146 3145
f 3165 3161 3163
f 3167 3165 3148
f 3167 3166 3165
f 3167 3147 3146
f 3167 3148 3156
f 3167 3153 3147
f 3167 3146 3166
f 3168 3167 3156
f 3168 3153 3167
f 3168 3152 3153
f 3168 3169 3152
f 3168 3156 3155
f 3168 3155 3169
f 3170 3157 3156
f 3170 855 2594
f 3170 3148 3162
f 3170 3156 3148
f 3170 3162 855
f 3171 3170 2594
f 3171 2594 2593
f 3172 860 861
f 3172 861 862
f 3172 862 863
f 3172 863 864
f 3173 3159 3172
f 3173 3172 864
f 3174 3164 3160
f 3174 3158 860
f 3174 3160 3158
f 3174 860 3172
f 3175 864 865
f 3175 865 866
f 3175 866 867
f 3175 3159 3173
f 3175 3173 864
f 3175 867 3159
f 3176 3172 3159
f 3176 3159 3162
f 3176 3150 3149
f 3176 3162 3151
f 3176 3151 3150
f 3177 3155 3154
f 3177 3154 3157
f 3177 3152 3169
f 3177 3169 3155
f 3178 3157 3170
f 3178 3170 3171
f 3178 3171 3177
f 3178 3177 3157
f 3179 2587 2586
f 3179 2588 2587
f 3179 2589 2588
f 3179 2590 2589
f 3179 3177 3171
f 3179 3152 3177
f 3179 2586 3152
f 3180 2590 3179
f 3180 3179 3171
f 3181 2591 2590
f 3181 2592 2591
f 3181 2593 2592
f 3181 3171 2593
f 3181 3180 3171
f 3181 2590 3180
f 3182 3164 3174
f 3182 3176 3149
f 3182 3174 3172
f 3182 3149 3164
f 3182 3172 3176
f 3183 898 899
f 3184 899 900
f 3184 900 807
f 3184 3183 899
f 3185 3036 898
f 3185 898 3183
f 3186 3185 3183
f 3186 3183 3184
f 3186 3184 807
f 3187 3037 3036
f 3187 3036 3185
f 3188 3038 3037
f 3188 3185 3186
f 3188 3037 3187
f 3188 3187 3185
f 3189 807 3039
f 3189 3039 3038
f 3189 3186 807
f 3189 3038 3188
f 3189 3188 3186
f 3190 855 909
f 3191 909 910
f 3191 910 908
f 3191 3190 909
f 3192 2594 855
f 3192 855 3190
f 3193 3192 3190
f 3193 3191 908
f 3193 3190 3191
f 3194 2595 2594
f 3194 2594 3192
f 3195 2596 2595
f 3195 3192 3193
f 3195 2595 3194
f 3195 3194 3192
f 3196 908 2597
f 3196 2597 2596
f 3196 3193 908
f 3196 2596 3195
f 3196 3195 3193
f 3197 918 919
f 3197 919 920
f 3198 3023 918
f 3198 918 3197
f 3199 3024 3023
f 3199 3025 3024
f 3199 3026 3025
f 3199 3023 3198
f 3200 3201 3202
f 3200 3203 898
f 3200 3202 3203
f 3204 3027 3026
f 3204 3028 3027
f 3204 3026 3199
f 3204 3199 3205
f 3206 3207 3208
f 3209 3206 3208
f 3210 920 921
f 3210 921 922
f 3210 3197 920
f 3211 3197 3210
f 3211 3212 3197
f 3213 3211 3214
f 3213 3212 3211
f 3213 3201 3200
f 3213 3214 3201
f 3215 3213 3200
f 3215 3197 3212
f 3215 3216 3198
f 3215 3212 3213
f 3215 3198 3197
f 3217 3215 3200
f 3217 3216 3215
f 3217 3199 3198
f 3217 3200 3208
f 3217 3205 3199
f 3217 3198 3216
f 3218 3217 3208
f 3218 3205 3217
f 3218 3204 3205
f 3218 3219 3204
f 3218 3208 3207
f 3218 3207 3219
f 3220 3209 3208
f 3220 898 3036
f 3220 3200 898
f 3220 3208 3200
f 3221 3036 3035
f 3221 3220 3036
f 3222 3211 3210
f 3223 3207 3206
f 3223 3206 3209
f 3223 3204 3219
f 3223 3219 3207
f 3224 3209 3220
f 3224 3221 3223
f 3224 3223 3209
f 3224 3220 3221
f 3225 3029 3028
f 3225 3030 3029
f 3225 3031 3030
f 3225 3032 3031
f 3225 3223 3221
f 3225 3204 3223
f 3225 3028 3204
f 3226 3225 3221
f 3226 3032 3225
f 3227 3033 3032
f 3227 3034 3033
f 3227 3035 3034
f 3227 3032 3226
f 3227 3226 3221
f 3227 3221 3035
f 3228 922 923
f 3228 923 924
f 3228 924 925
f 3228 3222 3210
f 3228 3210 922
f 3229 3214 3211
f 3229 3202 3201
f 3229 3228 3203
f 3229 3201 3214
f 3229 3211 3222
f 3229 3203 3202
f 3229 3222 3228
f 3230 925 926
f 3230 926 927
f 3230 3228 925
f 3231 3230 927
f 3231 927 928
f 3231 928 929
f 3231 929 930
f 3231 930 898
f 3231 3203 3228
f 3231 898 3203
f 3231 3228 3230
f 3232 973 974
f 3232 974 975
f 3232 975 962
f 3233 962 2611
f 3233 3232 962
f 3234 2609 2608
f 3234 2610 2609
f 3234 2611 2610
f 3234 3233 2611
f 3235 972 973
f 3235 973 3232
f 3236 3237 3238
f 3239 3236 3238
f 3240 2608 2607
f 3240 3234 2608
f 3240 3241 3234
f 3242 908 963
f 3242 963 964
f 3243 3235 3232
f 3243 3232 3244
f 3245 3244 3232
f 3246 3234 3241
f 3246 3233 3234
f 3246 3247 3233
f 3248 3249 3239
f 3248 3241 3240
f 3248 3246 3241
f 3248 3240 3249
f 3248 3238 3246
f 3248 3239 3238
f 3250 2597 908
f 3250 3238 3237
f 3251 2598 2597
f 3251 2597 3250
f 3252 964 965
f 3252 965 966
f 3252 966 967
f 3252 3242 964
f 3253 967 968
f 3253 968 969
f 3253 3242 3252
f 3253 3252 967
f 3254 3255 3242
f 3254 3256 3255
f 3254 3242 3253
f 3254 3257 3256
f 3254 3235 3258
f 3254 3258 3257
f 3259 3242 3255
f 3259 3255 3256
f 3259 3256 3257
f 3259 908 3242
f 3260 3250 3237
f 3260 3251 3250
f 3261 3260 3237
f 3262 3239 3249
f 3262 3261 3237
f 3262 3249 3240
f 3262 3237 3236
f 3262 3236 3239
f 3263 2599 2598
f 3263 2600 2599
f 3263 2601 2600
f 3263 2598 3251
f 3264 2602 2601
f 3264 2601 3263
f 3265 969 970
f 3265 970 971
f 3265 971 972
f 3265 3235 3254
f 3265 972 3235
f 3265 3254 3253
f 3265 3253 969
f 3266 3259 3257
f 3266 3235 3243
f 3266 3258 3235
f 3266 3257 3258
f 3267 3259 3266
f 3267 3244 3245
f 3267 3266 3243
f 3267 3243 3244
f 3268 3238 3250
f 3268 3267 3245
f 3268 908 3259
f 3268 3259 3267
f 3268 3247 3246
f 3268 3250 908
f 3268 3246 3238
f 3269 2607 2606
f 3269 3262 3240
f 3269 3240 2607
f 3270 2603 2602
f 3270 2604 2603
f 3270 2605 2604
f 3270 2606 2605
f 3270 2602 3264
f 3270 3264 3269
f 3270 3269 2606
f 3271 3232 3233
f 3271 3233 3247
f 3271 3245 3232
f 3272 3260 3261
f 3272 3251 3260
f 3272 3263 3251
f 3272 3264 3263
f 3272 3262 3269
f 3272 3269 3264
f 3272 3261 3262
f 3273 3268 3245
f 3273 3247 3268
f 3273 3245 3271
f 3273 3271 3247
f 3274 1018 1019
f 3275 3017 1018
f 3275 1018 3274
f 3276 1019 1020
f 3276 1020 1021
f 3276 1021 1022
f 3276 1022 1023
f 3276 1023 918
f 3276 3274 1019
f 3277 3018 3017
f 3277 3017 3275
f 3278 3274 3276
f 3278 3275 3274
f 3278 3276 918
f 3279 3019 3018
f 3279 3020 3019
f 3279 3275 3278
f 3279 3277 3275
f 3279 3018 3277
f 3280 918 3023
f 3280 3021 3020
f 3280 3022 3021
f 3280 3023 3022
f 3280 3279 3278
f 3280 3278 918
f 3280 3020 3279
f 3281 962 1032
f 3281 1032 1033
f 3282 1033 1034
f 3282 1034 1035
f 3282 1035 1036
f 3282 1036 1031
f 3282 3281 1033
f 3283 2611 962
f 3283 962 3281
f 3284 1031 2617
f 3284 3283 3281
f 3284 3282 1031
f 3284 3281 3282
f 3285 2612 2611
f 3285 2613 2612
f 3285 2611 3283
f 3286 2614 2613
f 3286 2615 2614
f 3286 2616 2615
f 3286 2617 2616
f 3286 2613 3285
f 3286 3283 3284
f 3286 3284 2617
f 3286 3285 3283
f 3287 1043 1044
f 3288 1044 1045
f 3288 1045 1018
f 3288 3287 1044
f 3289 3016 1043
f 3289 1043 3287
f 3290 3289 3287
f 3290 3288 1018
f 3290 3287 3288
f 3291 3016 3289
f 3292 3017 3016
f 3292 3289 3290
f 3292 3016 3291
f 3292 3291 3289
f 3293 1018 3017
f 3293 3290 1018
f 3293 3017 3292
f 3293 3292 3290
f 3294 1031 1054
f 3295 1054 1055
f 3295 1055 1053
f 3295 3294 1054
f 3296 2617 1031
f 3296 1031 3294
f 3297 3296 3294
f 3297 3295 1053
f 3297 3294 3295
f 3298 2618 2617
f 3298 2617 3296
f 3299 2619 2618
f 3299 3296 3297
f 3299 2618 3298
f 3299 3298 3296
f 3300 1053 2620
f 3300 2620 2619
f 3300 3297 1053
f 3300 2619 3299
f 3300 3299 3297
f 3301 1063 1064
f 3301 1064 1065
f 3302 1065 1066
f 3302 1066 1067
f 3302 1067 1068
f 3302 1068 1043
f 3302 3301 1065
f 3303 3010 1063
f 3303 1063 3301
f 3304 1043 3016
f 3304 3303 3301
f 3304 3302 1043
f 3304 3301 3302
f 3305 3011 3010
f 3305 3012 3011
f 3305 3010 3303
f 3306 3013 3012
f 3306 3014 3013
f 3306 3015 3014
f 3306 3016 3015
f 3306 3012 3305
f 3306 3303 3304
f 3306 3304 3016
f 3306 3305 3303
f 3307 1053 1076
f 3308 2620 1053
f 3308 1053 3307
f 3309 1076 1077
f 3309 1077 1078
f 3309 1078 1079
f 3309 1079 1080
f 3309 1080 1075
f 3309 3307 1076
f 3310 2621 2620
f 3310 2620 3308
f 3311 3307 3309
f 3311 3308 3307
f 3311 3309 1075
f 3312 2622 2621
f 3312 2623 2622
f 3312 3308 3311
f 3312 3310 3308
f 3312 2621 3310
f 3313 1075 2626
f 3313 2624 2623
f 3313 2625 2624
f 3313 2626 2625
f 3313 3312 3311
f 3313 3311 1075
f 3313 2623 3312
f 3314 1099 1100
f 3314 1100 1101
f 3314 1101 1063
f 3315 1063 3010
f 3315 3314 1063
f 3316 3008 3007
f 3316 3009 3008
f 3316 3010 3009
f 3316 3315 3010
f 3317 1098 1099
f 3317 3314 3318
f 3317 1099 3314
f 3319 3320 3321
f 3319 3322 3320
f 3323 3324 3325
f 3326 3323 3325
f 3327 3007 3006
f 3327 3316 3007
f 3327 3328 3316
f 3329 1088 1089
f 3329 1089 1090
f 3330 3322 3319
f 3330 1088 3329
f 3331 3317 3318
f 3331 3332 3317
f 3331 3319 3321
f 3331 3321 3332
f 3333 2996 1088
f 3333 3330 3319
f 3333 1088 3330
f 3334 3318 3314
f 3334 3331 3318
f 3335 3316 3328
f 3335 3315 3316
f 3335 3336 3315
f 3337 3327 3338
f 3337 3338 3326
f 3337 3328 3327
f 3337 3335 3328
f 3337 3325 3335
f 3337 3326 3325
f 3339 2996 3333
f 3339 3325 3324
f 3340 2997 2996
f 3340 2996 3339
f 3341 3330 3329
f 3341 3322 3330
f 3342 3322 3341
f 3343 3322 3342
f 3343 3317 3332
f 3343 3321 3320
f 3343 3320 3322
f 3343 3332 3321
f 3344 3319 3331
f 3344 3331 3334
f 3344 3333 3319
f 3345 3325 3339
f 3345 3339 3333
f 3345 3335 3325
f 3346 3339 3324
f 3346 3340 3339
f 3347 3346 3324
f 3348 3324 3323
f 3348 3338 3327
f 3348 3326 3338
f 3348 3347 3324
f 3348 3323 3326
f 3349 2998 2997
f 3349 2999 2998
f 3349 3000 2999
f 3349 2997 3340
f 3350 3001 3000
f 3350 3000 3349
f 3351 1092 1093
f 3351 1093 1094
f 3352 1094 1095
f 3352 1095 1096
f 3352 1096 1097
f 3352 3351 1094
f 3352 1097 1098
f 3352 1098 3317
f 3352 3343 3351
f 3352 3317 3343
f 3353 3345 3333
f 3353 3334 3354
f 3353 3344 3334
f 3353 3333 3344
f 3353 3354 3345
f 3355 3345 3354
f 3355 3335 3345
f 3355 3336 3335
f 3356 3334 3314
f 3356 3314 3315
f 3356 3315 3336
f 3357 3327 3006
f 3357 3006 3005
f 3357 3348 3327
f 3358 3357 3005
f 3358 3002 3001
f 3358 3003 3002
f 3358 3004 3003
f 3358 3005 3004
f 3358 3001 3350
f 3358 3350 3357
f 3359 1090 1091
f 3359 1091 1092
f 3359 3342 3341
f 3359 3343 3342
f 3359 1092 3351
f 3359 3341 3329
f 3359 3329 1090
f 3359 3351 3343
f 3360 3354 3334
f 3360 3334 3356
f 3360 3355 3354
f 3360 3336 3355
f 3360 3356 3336
f 3361 3340 3346
f 3361 3346 3347
f 3361 3347 3348
f 3361 3349 3340
f 3361 3350 3349
f 3361 3357 3350
f 3361 3348 3357
f 3362 1075 1136
f 3362 1136 1137
f 3363 2626 1075
f 3363 1075 3362
f 3364 2627 2626
f 3364 2628 2627
f 3364 2629 2628
f 3364 2626 3363
f 3365 3366 3367
f 3365 3368 1135
f 3365 3367 3368
f 3369 2630 2629
f 3369 2631 2630
f 3369 2629 3364
f 3369 3364 3370
f 3371 3372 3373
f 3374 3371 3373
f 3375 1137 1138
f 3375 1138 1139
f 3375 3362 1137
f 3376 3362 3375
f 3376 3377 3362
f 3378 3376 3379
f 3378 3377 3376
f 3378 3366 3365
f 3378 3379 3366
f 3380 3378 3365
f 3380 3362 3377
f 3380 3381 3363
f 3380 3377 3378
f 3380 3363 3362
f 3382 3380 3365
f 3382 3381 3380
f 3382 3364 3363
f 3382 3365 3373
f 3382 3370 3364
f 3382 3363 3381
f 3383 3382 3373
f 3383 3370 3382
f 3383 3369 3370
f 3383 3384 3369
f 3383 3373 3372
f 3383 3372 3384
f 3385 3374 3373
f 3385 1135 2639
f 3385 3365 1135
f 3385 3373 3365
f 3386 2639 2638
f 3386 3385 2639
f 3387 3376 3375
f 3388 3372 3371
f 3388 3371 3374
f 3388 3369 3384
f 3388 3384 3372
f 3389 3385 3386
f 3389 3386 3388
f 3389 3388 3374
f 3389 3374 3385
f 3390 2632 2631
f 3390 2633 2632
f 3390 2634 2633
f 3390 2635 2634
f 3390 3388 3386
f 3390 3369 3388
f 3390 2631 3369
f 3391 3390 3386
f 3391 2635 3390
f 3392 2636 2635
f 3392 2637 2636
f 3392 2638 2637
f 3392 3391 3386
f 3392 3386 2638
f 3392 2635 3391
f 3393 1139 1140
f 3393 1140 1141
f 3393 1141 1142
f 3393 3387 3375
f 3393 3375 1139
f 3394 3379 3376
f 3394 3367 3366
f 3394 3393 3368
f 3394 3366 3379
f 3394 3376 3387
f 3394 3368 3367
f 3394 3387 3393
f 3395 1142 1143
f 3395 1143 1144
f 3395 3393 1142
f 3396 3395 1144
f 3396 1144 1145
f 3396 1145 1146
f 3396 1146 1147
f 3396 1147 1135
f 3396 3368 3393
f 3396 1135 3368
f 3396 3393 3395
f 3397 1194 1195
f 3398 1195 1196
f 3398 1196 1088
f 3398 3397 1195
f 3399 2993 1194
f 3399 1194 3397
f 3400 3399 3397
f 3400 3398 1088
f 3400 3397 3398
f 3401 2994 2993
f 3401 2993 3399
f 3402 2995 2994
f 3402 3399 3400
f 3402 2994 3401
f 3402 3401 3399
f 3403 1088 2996
f 3403 2996 2995
f 3403 3400 1088
f 3403 2995 3402
f 3403 3402 3400
f 3404 1135 1205
f 3405 1205 1206
f 3405 1206 1204
f 3405 3404 1205
f 3406 2639 1135
f 3406 1135 3404
f 3407 3406 3404
f 3407 3405 1204
f 3407 3404 3405
f 3408 2640 2639
f 3408 2639 3406
f 3409 2641 2640
f 3409 3406 3407
f 3409 2640 3408
f 3409 3408 3406
f 3410 1204 2642
f 3410 2642 2641
f 3410 3407 1204
f 3410 2641 3409
f 3410 3409 3407
f 3411 1214 1215
f 3411 1215 1216
f 3412 2980 1214
f 3412 1214 3411
f 3413 2981 2980
f 3413 2982 2981
f 3413 2983 2982
f 3413 2980 3412
f 3414 3415 3416
f 3414 3416 3417
f 3418 2984 2983
f 3418 2985 2984
f 3418 2983 3413
f 3418 3413 3419
f 3420 3421 3422
f 3423 3420 3422
f 3424 1216 1217
f 3424 1217 1218
f 3424 1218 1219
f 3424 3411 1216
f 3425 1226 1194
f 3426 3411 3424
f 3426 3427 3411
f 3428 3422 3414
f 3428 3414 3417
f 3428 3425 1194
f 3429 3426 3430
f 3429 3427 3426
f 3429 3415 3414
f 3429 3430 3415
f 3431 3429 3414
f 3431 3411 3427
f 3431 3432 3412
f 3431 3412 3411
f 3431 3427 3429
f 3433 3431 3414
f 3433 3432 3431
f 3433 3413 3412
f 3433 3414 3422
f 3433 3419 3413
f 3433 3412 3432
f 3434 3433 3422
f 3434 3419 3433
f 3434 3418 3419
f 3434 3435 3418
f 3434 3422 3421
f 3434 3421 3435
f 3436 3423 3422
f 3436 3422 3428
f 3436 1194 2993
f 3436 3428 1194
f 3437 2993 2992
f 3437 3436 2993
f 3438 1219 1220
f 3438 1220 1221
f 3438 1221 1222
f 3438 1222 1223
f 3439 3425 3438
f 3439 3438 1223
f 3440 3430 3426
f 3440 3424 1219
f 3440 3426 3424
f 3440 1219 3438
f 3441 1223 1224
f 3441 1224 1225
f 3441 1225 1226
f 3441 3425 3439
f 3441 3439 1223
f 3441 1226 3425
f 3442 3438 3425
f 3442 3428 3417
f 3442 3416 3415
f 3442 3425 3428
f 3442 3417 3416
f 3443 3421 3420
f 3443 3420 3423
f 3443 3418 3435
f 3443 3435 3421
f 3444 3436 3437
f 3444 3437 3443
f 3444 3443 3423
f 3444 3423 3436
f 3445 2986 2985
f 3445 2987 2986
f 3445 2988 2987
f 3445 2989 2988
f 3445 3443 3437
f 3445 3418 3443
f 3445 2985 3418
f 3446 3445 3437
f 3446 2989 3445
f 3447 2990 2989
f 3447 2991 2990
f 3447 2992 2991
f 3447 3446 3437
f 3447 3437 2992
f 3447 2989 3446
f 3448 3440 3438
f 3448 3438 3442
f 3448 3442 3415
f 3448 3415 3430
f 3448 3430 3440
f 3449 1277 1278
f 3449 1278 1279
f 3449 1279 1266
f 3450 1266 2656
f 3450 3449 1266
f 3451 2654 2653
f 3451 2655 2654
f 3451 2656 2655
f 3451 3450 2656
f 3452 1276 1277
f 3452 1277 3449
f 3453 3454 3455
f 3456 3453 3455
f 3457 2653 2652
f 3457 3451 2653
f 3457 3458 3451
f 3459 1204 1267
f 3459 1267 1268
f 3459 3460 3461
f 3459 3452 3462
f 3459 3462 3460
f 3463 3452 3449
f 3463 3449 3464
f 3465 3464 3449
f 3466 3451 3458
f 3466 3450 3451
f 3466 3467 3450
f 3468 3469 3456
f 3468 3458 3457
f 3468 3466 3458
f 3468 3457 3469
f 3468 3455 3466
f 3468 3456 3455
f 3470 2642 1204
f 3470 3455 3454
f 3471 2643 2642
f 3471 2642 3470
f 3472 1268 1269
f 3472 1269 1270
f 3472 1270 1271
f 3472 3459 1268
f 3473 3459 3472
f 3473 3472 1271
f 3474 3452 3459
f 3474 1271 1272
f 3474 1272 1273
f 3474 1273 1274
f 3474 1274 1275
f 3474 1275 1276
f 3474 3473 1271
f 3474 3459 3473
f 3474 1276 3452
f 3475 3459 3461
f 3475 3461 3460
f 3475 1204 3459
f 3476 3470 3454
f 3476 3471 3470
f 3477 3476 3454
f 3477 3471 3476
f 3478 3456 3469
f 3478 3477 3454
f 3478 3471 3477
f 3478 3469 3457
f 3478 3454 3453
f 3478 3453 3456
f 3479 2644 2643
f 3479 2645 2644
f 3479 2646 2645
f 3479 2643 3471
f 3480 2647 2646
f 3480 3471 3478
f 3480 3479 3471
f 3480 2646 3479
f 3481 3475 3460
f 3481 3452 3463
f 3481 3462 3452
f 3481 3460 3462
f 3482 3464 3465
f 3482 3463 3464
f 3482 3481 3463
f 3482 3475 3481
f 3483 3455 3470
f 3483 3482 3465
f 3483 1204 3475
f 3483 3470 1204
f 3483 3475 3482
f 3483 3466 3455
f 3483 3467 3466
f 3484 2648 2647
f 3484 2649 2648
f 3484 2650 2649
f 3484 2651 2650
f 3484 2652 2651
f 3484 3478 3457
f 3484 2647 3480
f 3484 3480 3478
f 3484 3457 2652
f 3485 3449 3450
f 3485 3450 3467
f 3485 3465 3449
f 3486 3467 3483
f 3486 3485 3467
f 3486 3483 3465
f 3486 3465 3485
f 3487 1323 1324
f 3488 2974 1323
f 3488 1323 3487
f 3489 1324 1325
f 3489 1325 1326
f 3489 1326 1327
f 3489 1327 1328
f 3489 1328 1214
f 3489 3487 1324
f 3490 2975 2974
f 3490 2974 3488
f 3491 3487 3489
f 3491 3488 3487
f 3491 3489 1214
f 3492 2976 2975
f 3492 2977 2976
f 3492 3488 3491
f 3492 3490 3488
f 3492 2975 3490
f 3493 1214 2980
f 3493 2978 2977
f 3493 2979 2978
f 3493 2980 2979
f 3493 3492 3491
f 3493 3491 1214
f 3493 2977 3492
f 3494 1266 1337
f 3494 1337 1338
f 3495 1338 1339
f 3495 1339 1340
f 3495 1340 1341
f 3495 1341 1336
f 3495 3494 1338
f 3496 2656 1266
f 3496 1266 3494
f 3497 1336 2662
f 3497 3496 3494
f 3497 3495 1336
f 3497 3494 3495
f 3498 2657 2656
f 3498 2658 2657
f 3498 2656 3496
f 3499 2659 2658
f 3499 2660 2659
f 3499 2661 2660
f 3499 2662 2661
f 3499 2658 3498
f 3499 3496 3497
f 3499 3497 2662
f 3499 3498 3496
f 3500 1348 1323
f 3500 3501 1348
f 3502 2971 1348
f 3502 1348 3501
f 3503 3502 3501
f 3503 3500 1323
f 3503 3501 3500
f 3504 2972 2971
f 3504 2971 3502
f 3505 2973 2972
f 3505 3502 3503
f 3505 2972 3504
f 3505 3504 3502
f 3506 1323 2974
f 3506 2974 2973
f 3506 3503 1323
f 3506 2973 3505
f 3506 3505 3503
f 3507 1336 1357
f 3508 1357 1358
f 3508 1358 1356
f 3508 3507 1357
f 3509 2662 1336
f 3509 1336 3507
f 3510 3509 3507
f 3510 3508 1356
f 3510 3507 3508
f 3511 2663 2662
f 3511 2662 3509
f 3512 2664 2663
f 3512 3509 3510
f 3512 2663 3511
f 3512 3511 3509
f 3513 1356 2665
f 3513 2665 2664
f 3513 3510 1356
f 3513 2664 3512
f 3513 3512 3510
f 3514 1366 1367
f 3514 1367 1368
f 3515 1368 1369
f 3515 1369 1370
f 3515 1370 1371
f 3515 1371 1348
f 3515 3514 1368
f 3516 2965 1366
f 3516 1366 3514
f 3517 1348 2971
f 3517 3516 3514
f 3517 3515 1348
f 3517 3514 3515
f 3518 2966 2965
f 3518 2967 2966
f 3518 2965 3516
f 3519 2968 2967
f 3519 2969 2968
f 3519 2970 2969
f 3519 2971 2970
f 3519 2967 3518
f 3519 3516 3517
f 3519 3517 2971
f 3519 3518 3516
f 3520 1356 1379
f 3521 2665 1356
f 3521 1356 3520
f 3522 1379 1380
f 3522 1380 1381
f 3522 1381 1382
f 3522 1382 1383
f 3522 1383 1378
f 3522 3520 1379
f 3523 2666 2665
f 3523 2665 3521
f 3524 3520 3522
f 3524 3521 3520
f 3524 3522 1378
f 3525 2667 2666
f 3525 2668 2667
f 3525 3521 3524
f 3525 3523 3521
f 3525 2666 3523
f 3526 1378 2671
f 3526 2669 2668
f 3526 2670 2669
f 3526 2671 2670
f 3526 3525 3524
f 3526 3524 1378
f 3526 2668 3525
f 3527 1402 1403
f 3527 1403 1404
f 3527 1404 1366
f 3528 1366 2965
f 3528 3527 1366
f 3529 2963 2962
f 3529 2964 2963
f 3529 2965 2964
f 3529 3528 2965
f 3530 1401 1402
f 3530 1402 3527
f 3530 3527 3531
f 3532 3533 3534
f 3532 3535 3533
f 3536 2962 2961
f 3536 3529 2962
f 3537 1391 1392
f 3538 2951 1391
f 3538 1391 3537
f 3538 3535 3532
f 3539 3534 3540
f 3539 3540 3530
f 3539 3530 3531
f 3539 3532 3534
f 3541 3539 3531
f 3541 3532 3539
f 3541 3528 3542
f 3541 3527 3528
f 3541 3531 3527
f 3543 3541 3542
f 3543 3542 3528
f 3543 3529 3544
f 3543 3528 3529
f 3545 3529 3536
f 3545 3544 3529
f 3546 2952 2951
f 3547 1392 1393
f 3547 1393 1394
f 3547 1394 1395
f 3547 3537 1392
f 3548 1395 1396
f 3548 3547 1395
f 3549 3538 3537
f 3549 3535 3538
f 3550 3535 3549
f 3551 3540 3534
f 3551 3530 3540
f 3551 3535 3550
f 3551 3534 3533
f 3551 3533 3535
f 3552 2951 3538
f 3552 3538 3532
f 3552 3546 2951
f 3552 3553 3554
f 3555 3552 3554
f 3555 3546 3552
f 3556 3555 3554
f 3557 3553 3558
f 3557 3559 3536
f 3557 3556 3554
f 3557 3554 3553
f 3557 3558 3559
f 3560 2953 2952
f 3560 2954 2953
f 3560 2955 2954
f 3560 2952 3546
f 3561 2956 2955
f 3561 2955 3560
f 3562 1396 1397
f 3562 1397 1398
f 3562 1398 1399
f 3562 1399 1400
f 3562 3548 1396
f 3563 1400 1401
f 3563 3530 3551
f 3563 1401 3530
f 3563 3562 1400
f 3563 3548 3562
f 3564 3552 3532
f 3564 3543 3544
f 3564 3565 3552
f 3564 3532 3541
f 3564 3541 3543
f 3566 3565 3564
f 3566 3545 3565
f 3566 3544 3545
f 3566 3564 3544
f 3567 3558 3553
f 3567 3536 3559
f 3567 3565 3545
f 3567 3553 3552
f 3567 3545 3536
f 3567 3552 3565
f 3567 3559 3558
f 3568 2961 2960
f 3568 3557 3536
f 3568 3536 2961
f 3569 2957 2956
f 3569 2958 2957
f 3569 2959 2958
f 3569 2960 2959
f 3569 2956 3561
f 3569 3561 3568
f 3569 3568 2960
f 3570 3549 3537
f 3570 3537 3547
f 3570 3547 3548
f 3570 3551 3550
f 3570 3550 3549
f 3570 3548 3563
f 3570 3563 3551
f 3571 3546 3555
f 3571 3555 3556
f 3571 3556 3557
f 3571 3560 3546
f 3571 3561 3560
f 3571 3568 3561
f 3571 3557 3568
f 3572 1378 1448
f 3572 1448 1449
f 3573 2671 1378
f 3573 1378 3572
f 3574 2672 2671
f 3574 2673 2672
f 3574 2674 2673
f 3574 2671 3573
f 3575 3576 3577
f 3575 3578 1447
f 3575 3577 3578
f 3579 2675 2674
f 3579 2676 2675
f 3579 2674 3574
f 3579 3574 3580
f 3581 3582 3583
f 3584 3581 3583
f 3585 1449 1450
f 3585 1450 1451
f 3585 3572 1449
f 3586 3572 3585
f 3586 3587 3572
f 3588 3586 3589
f 3588 3587 3586
f 3588 3576 3575
f 3588 3589 3576
f 3590 3588 3575
f 3590 3572 3587
f 3590 3591 3573
f 3590 3587 3588
f 3590 3573 3572
f 3592 3590 3575
f 3592 3591 3590
f 3592 3574 3573
f 3592 3575 3583
f 3592 3580 3574
f 3592 3573 3591
f 3593 3592 3583
f 3593 3580 3592
f 3593 3579 3580
f 3593 3594 3579
f 3593 3583 3582
f 3593 3582 3594
f 3595 3584 3583
f 3595 1447 2684
f 3595 3575 1447
f 3595 3583 3575
f 3596 2684 2683
f 3596 3595 2684
f 3597 3586 3585
f 3598 3582 3581
f 3598 3581 3584
f 3598 3579 3594
f 3598 3594 3582
f 3599 3595 3596
f 3599 3596 3598
f 3599 3598 3584
f 3599 3584 3595
f 3600 2677 2676
f 3600 2678 2677
f 3600 2679 2678
f 3600 2680 2679
f 3600 3598 3596
f 3600 3579 3598
f 3600 2676 3579
f 3601 3600 3596
f 3601 2680 3600
f 3602 2681 2680
f 3602 2682 2681
f 3602 2683 2682
f 3602 3601 3596
f 3602 3596 2683
f 3602 2680 3601
f 3603 1451 1452
f 3603 1452 1453
f 3603 1453 1454
f 3603 3597 3585
f 3603 3585 1451
f 3604 3589 3586
f 3604 3577 3576
f 3604 3603 3578
f 3604 3586 3597
f 3604 3576 3589
f 3604 3578 3577
f 3604 3597 3603
f 3605 1454 1455
f 3605 1455 1456
f 3605 3603 1454
f 3606 3605 1456
f 3606 1456 1457
f 3606 1457 1458
f 3606 1458 1459
f 3606 1459 1447
f 3606 3578 3603
f 3606 1447 3578
f 3606 3603 3605
f 3607 1506 1507
f 3608 1507 1508
f 3608 1508 1391
f 3608 3607 1507
f 3609 2948 1506
f 3609 1506 3607
f 3610 3609 3607
f 3610 3608 1391
f 3610 3607 3608
f 3611 2949 2948
f 3611 2948 3609
f 3612 2950 2949
f 3612 3609 3610
f 3612 2949 3611
f 3612 3611 3609
f 3613 1391 2951
f 3613 2951 2950
f 3613 3610 1391
f 3613 2950 3612
f 3613 3612 3610
f 3614 1447 1517
f 3615 1517 1518
f 3615 1518 1516
f 3615 3614 1517
f 3616 2684 1447
f 3616 1447 3614
f 3617 3616 3614
f 3617 3615 1516
f 3617 3614 3615
f 3618 2685 2684
f 3618 2684 3616
f 3619 2686 2685
f 3619 3616 3617
f 3619 2685 3618
f 3619 3618 3616
f 3620 1516 2687
f 3620 2687 2686
f 3620 3617 1516
f 3620 2686 3619
f 3620 3619 3617
f 3621 1526 1527
f 3621 1527 1528
f 3621 1528 1529
f 3622 2935 1526
f 3622 1526 3621
f 3623 2936 2935
f 3623 2937 2936
f 3623 2938 2937
f 3623 2935 3622
f 3624 3625 3626
f 3624 3626 3627
f 3628 2939 2938
f 3628 2940 2939
f 3628 2938 3623
f 3628 3623 3629
f 3630 3631 3632
f 3633 3630 3632
f 3634 1538 1506
f 3635 1529 1530
f 3635 3621 1529
f 3635 3636 3621
f 3637 1506 2948
f 3637 3624 3627
f 3637 3634 1506
f 3638 3636 3635
f 3638 3635 3639
f 3638 3625 3624
f 3638 3639 3625
f 3640 3636 3638
f 3640 3638 3624
f 3640 3621 3636
f 3640 3641 3622
f 3640 3622 3621
f 3642 3641 3640
f 3642 3623 3622
f 3642 3624 3632
f 3642 3640 3624
f 3642 3629 3623
f 3642 3622 3641
f 3643 3642 3632
f 3643 3629 3642
f 3643 3628 3629
f 3643 3644 3628
f 3643 3632 3631
f 3643 3631 3644
f 3645 3633 3632
f 3645 3637 2948
f 3645 3624 3637
f 3645 3632 3624
f 3646 2948 2947
f 3646 3645 2948
f 3647 1533 1534
f 3647 1534 1535
f 3648 1535 1536
f 3648 1536 1537
f 3648 1537 1538
f 3648 3647 1535
f 3648 1538 3634
f 3649 3634 3637
f 3649 3626 3625
f 3649 3637 3627
f 3649 3627 3626
f 3649 3625 3639
f 3650 3631 3630
f 3650 3630 3633
f 3650 3628 3644
f 3650 3644 3631
f 3651 3633 3645
f 3651 3646 3650
f 3651 3650 3633
f 3651 3645 3646
f 3652 2941 2940
f 3652 2942 2941
f 3652 2943 2942
f 3652 2944 2943
f 3652 3650 3646
f 3652 3628 3650
f 3652 2940 3628
f 3653 3652 3646
f 3653 2944 3652
f 3654 2945 2944
f 3654 2946 2945
f 3654 2947 2946
f 3654 2944 3653
f 3654 3653 3646
f 3654 3646 2947
f 3655 1530 1531
f 3655 1531 1532
f 3655 3639 3635
f 3655 1532 1533
f 3655 3649 3639
f 3655 1533 3647
f 3655 3635 1530
f 3656 3647 3648
f 3656 3648 3634
f 3656 3649 3655
f 3656 3655 3647
f 3656 3634 3649
f 3657 1589 1590
f 3657 1590 1591
f 3657 1591 1578
f 3658 1578 2701
f 3658 3657 1578
f 3659 2699 2698
f 3659 2700 2699
f 3659 2701 2700
f 3659 3658 2701
f 3660 1588 1589
f 3660 1589 3657
f 3661 3662 3663
f 3664 3661 3663
f 3665 2698 2697
f 3665 3659 2698
f 3665 3666 3659
f 3667 1516 1579
f 3667 1579 1580
f 3668 3669 3660
f 3668 3657 3670
f 3668 3660 3657
f 3668 3671 3669
f 3672 3657 3658
f 3672 3670 3657
f 3672 3658 3673
f 3674 3672 3673
f 3674 3659 3666
f 3674 3658 3659
f 3674 3673 3658
f 3675 3676 3664
f 3675 3666 3665
f 3675 3674 3666
f 3675 3665 3676
f 3675 3663 3674
f 3675 3664 3663
f 3677 2687 1516
f 3677 3663 3662
f 3677 1516 3663
f 3678 2688 2687
f 3678 2689 2688
f 3678 2687 3677
f 3679 1580 1581
f 3679 1581 1582
f 3679 1582 1583
f 3679 3667 1580
f 3679 3680 3667
f 3681 3680 3679
f 3681 3679 1583
f 3682 1583 1584
f 3682 1584 1585
f 3682 3681 1583
f 3682 3680 3681
f 3683 3684 3667
f 3683 3667 3680
f 3685 3684 3683
f 3685 3660 3669
f 3685 3683 3680
f 3685 3671 3684
f 3685 3680 3682
f 3685 3669 3671
f 3686 3667 3684
f 3686 3671 3668
f 3686 1516 3667
f 3686 3684 3671
f 3686 3672 3674
f 3686 3663 1516
f 3686 3674 3663
f 3687 3677 3662
f 3687 3678 3677
f 3688 3687 3662
f 3689 3664 3676
f 3689 3676 3665
f 3689 3688 3662
f 3689 3662 3661
f 3689 3661 3664
f 3690 2690 2689
f 3690 2691 2690
f 3690 2692 2691
f 3690 2689 3678
f 3691 1585 1586
f 3691 1586 1587
f 3691 1587 1588
f 3691 3682 1585
f 3691 3685 3682
f 3691 1588 3660
f 3691 3660 3685
f 3692 3686 3668
f 3692 3670 3672
f 3692 3668 3670
f 3692 3672 3686
f 3693 2697 2696
f 3693 3689 3665
f 3693 3665 2697
f 3694 2693 2692
f 3694 2694 2693
f 3694 2695 2694
f 3694 2696 2695
f 3694 2692 3690
f 3694 3690 3693
f 3694 3693 2696
f 3695 3687 3688
f 3695 3689 3693
f 3695 3678 3687
f 3695 3688 3689
f 3695 3690 3678
f 3695 3693 3690
f 3696 1633 1634
f 3697 2929 1633
f 3697 1633 3696
f 3698 1634 1635
f 3698 1635 1636
f 3698 1636 1637
f 3698 1637 1638
f 3698 1638 1526
f 3698 3696 1634
f 3699 2930 2929
f 3699 2929 3697
f 3700 3696 3698
f 3700 3697 3696
f 3700 3698 1526
f 3701 2931 2930
f 3701 2932 2931
f 3701 3697 3700
f 3701 3699 3697
f 3701 2930 3699
f 3702 1526 2935
f 3702 2933 2932
f 3702 2934 2933
f 3702 2935 2934
f 3702 3701 3700
f 3702 3700 1526
f 3702 2932 3701
f 3703 1578 1647
f 3703 1647 1648
f 3704 1648 1649
f 3704 1649 1650
f 3704 1650 1651
f 3704 1651 1646
f 3704 3703 1648
f 3705 2701 1578
f 3705 1578 3703
f 3706 1646 2707
f 3706 3705 3703
f 3706 3704 1646
f 3706 3703 3704
f 3707 2702 2701
f 3707 2703 2702
f 3707 2701 3705
f 3708 2704 2703
f 3708 2705 2704
f 3708 2706 2705
f 3708 2707 2706
f 3708 2703 3707
f 3708 3705 3706
f 3708 3706 2707
f 3708 3707 3705
f 3709 1658 1659
f 3710 1659 1660
f 3710 1660 1633
f 3710 3709 1659
f 3711 2926 1658
f 3711 1658 3709
f 3712 3711 3709
f 3712 3710 1633
f 3712 3709 3710
f 3713 2927 2926
f 3713 2926 3711
f 3714 2928 2927
f 3714 3711 3712
f 3714 2927 3713
f 3714 3713 3711
f 3715 1633 2929
f 3715 2929 2928
f 3715 3712 1633
f 3715 2928 3714
f 3715 3714 3712
f 3716 1646 1669
f 3717 1669 1670
f 3717 1670 1668
f 3717 3716 1669
f 3718 2707 1646
f 3718 1646 3716
f 3719 3718 3716
f 3719 3717 1668
f 3719 3716 3717
f 3720 2707 3718
f 3721 2708 2707
f 3721 3718 3719
f 3721 2707 3720
f 3721 3720 3718
f 3722 1668 2708
f 3722 3719 1668
f 3722 2708 3721
f 3722 3721 3719
f 3723 1678 1679
f 3723 1679 1680
f 3724 1680 1681
f 3724 1681 1682
f 3724 1682 1683
f 3724 1683 1658
f 3724 3723 1680
f 3725 2920 1678
f 3725 1678 3723
f 3726 1658 2926
f 3726 3725 3723
f 3726 3724 1658
f 3726 3723 3724
f 3727 2921 2920
f 3727 2922 2921
f 3727 2920 3725
f 3728 2923 2922
f 3728 2924 2923
f 3728 2925 2924
f 3728 2926 2925
f 3728 2922 3727
f 3728 3725 3726
f 3728 3726 2926
f 3728 3727 3725
f 3729 1668 1691
f 3730 2708 1668
f 3730 1668 3729
f 3731 1691 1692
f 3731 1692 1693
f 3731 1693 1694
f 3731 1694 1695
f 3731 1695 1690
f 3731 3729 1691
f 3732 2709 2708
f 3732 2708 3730
f 3733 3729 3731
f 3733 3730 3729
f 3733 3731 1690
f 3734 2710 2709
f 3734 2711 2710
f 3734 3730 3733
f 3734 3732 3730
f 3734 2709 3732
f 3735 1690 2714
f 3735 2712 2711
f 3735 2713 2712
f 3735 2714 2713
f 3735 3734 3733
f 3735 3733 1690
f 3735 2711 3734
f 3736 1714 1715
f 3736 1715 1716
f 3736 1716 1678
f 3737 1678 2920
f 3737 3736 1678
f 3738 2918 2917
f 3738 2919 2918
f 3738 2920 2919
f 3738 3737 2920
f 3739 1713 1714
f 3739 3736 3740
f 3739 1714 3736
f 3741 3742 3743
f 3741 3743 3744
f 3745 3746 3747
f 3748 3745 3747
f 3749 2917 2916
f 3749 3738 2917
f 3749 3750 3738
f 3751 1703 1704
f 3751 1704 1705
f 3752 3742 3741
f 3752 1703 3751
f 3753 3744 3754
f 3753 3754 3739
f 3753 3741 3744
f 3753 3739 3740
f 3755 2906 1703
f 3755 3752 3741
f 3755 1703 3752
f 3756 3753 3740
f 3756 3740 3736
f 3757 3738 3750
f 3757 3737 3738
f 3757 3758 3737
f 3759 3749 3760
f 3759 3760 3748
f 3759 3750 3749
f 3759 3757 3750
f 3759 3747 3757
f 3759 3748 3747
f 3761 2906 3755
f 3761 3747 3746
f 3762 2907 2906
f 3762 2908 2907
f 3762 2906 3761
f 3763 1705 1706
f 3763 1706 1707
f 3763 1707 1708
f 3763 3751 1705
f 3764 3742 3752
f 3764 3752 3751
f 3765 3742 3764
f 3766 3754 3744
f 3766 3742 3765
f 3766 3739 3754
f 3766 3743 3742
f 3766 3744 3743
f 3767 3741 3753
f 3767 3753 3756
f 3767 3755 3741
f 3768 3747 3761
f 3768 3761 3755
f 3768 3757 3747
f 3769 3761 3746
f 3769 3762 3761
f 3770 3769 3746
f 3771 3746 3745
f 3771 3760 3749
f 3771 3748 3760
f 3771 3770 3746
f 3771 3745 3748
f 3772 2909 2908
f 3772 2910 2909
f 3772 2911 2910
f 3772 2908 3762
f 3773 1708 1709
f 3773 1709 1710
f 3773 1710 1711
f 3773 1711 1712
f 3773 3763 1708
f 3774 1712 1713
f 3774 3773 1712
f 3774 3739 3766
f 3774 1713 3739
f 3774 3763 3773
f 3775 3756 3776
f 3775 3768 3755
f 3775 3767 3756
f 3775 3755 3767
f 3775 3776 3768
f 3777 3768 3776
f 3777 3757 3768
f 3777 3758 3757
f 3778 3756 3736
f 3778 3736 3737
f 3778 3737 3758
f 3779 3749 2916
f 3779 2916 2915
f 3779 3771 3749
f 3780 3779 2915
f 3780 2912 2911
f 3780 2913 2912
f 3780 2914 2913
f 3780 2915 2914
f 3780 2911 3772
f 3780 3772 3779
f 3781 3751 3763
f 3781 3765 3764
f 3781 3764 3751
f 3781 3774 3766
f 3781 3766 3765
f 3781 3763 3774
f 3782 3776 3756
f 3782 3756 3778
f 3782 3777 3776
f 3782 3758 3777
f 3782 3778 3758
f 3783 3762 3769
f 3783 3769 3770
f 3783 3770 3771
f 3783 3772 3762
f 3783 3771 3779
f 3783 3779 3772
f 3784 1690 1772
f 3784 1772 1773
f 3784 1773 1774
f 3785 2714 1690
f 3785 1690 3784
f 3786 2715 2714
f 3786 2716 2715
f 3786 2717 2716
f 3786 2714 3785
f 3787 1775 1776
f 3787 1776 1777
f 3787 1777 1778
f 3787 1778 1779
f 3788 1779 1780
f 3788 3787 1779
f 3789 3788 1780
f 3790 1780 1781
f 3790 1781 1782
f 3790 1782 1783
f 3790 1783 1771
f 3790 3789 1780
f 3791 3788 3789
f 3791 3789 3790
f 3791 3790 1771
f 3792 2718 2717
f 3792 2719 2718
f 3792 2717 3786
f 3792 3786 3793
f 3794 3795 3796
f 3797 3794 3796
f 3798 1774 1775
f 3798 3784 1774
f 3798 3799 3784
f 3798 1775 3787
f 3800 3799 3798
f 3800 3798 3787
f 3800 3788 3791
f 3800 3787 3788
f 3801 3799 3800
f 3801 3800 3791
f 3801 3784 3799
f 3801 3802 3785
f 3801 3785 3784
f 3803 3802 3801
f 3803 3786 3785
f 3803 3791 3796
f 3803 3801 3791
f 3803 3793 3786
f 3803 3785 3802
f 3804 3803 3796
f 3804 3793 3803
f 3804 3792 3793
f 3804 3805 3792
f 3804 3796 3795
f 3804 3795 3805
f 3806 3797 3796
f 3806 1771 2727
f 3806 3791 1771
f 3806 3796 3791
f 3807 2727 2726
f 3807 3806 2727
f 3808 3795 3794
f 3808 3794 3797
f 3808 3792 3805
f 3808 3805 3795
f 3809 3797 3806
f 3809 3807 3808
f 3809 3808 3797
f 3809 3806 3807
f 3810 2720 2719
f 3810 2721 2720
f 3810 2722 2721
f 3810 2723 2722
f 3810 3808 3807
f 3810 3792 3808
f 3810 2719 3792
f 3811 3810 3807
f 3811 2723 3810
f 3812 2724 2723
f 3812 2725 2724
f 3812 2726 2725
f 3812 3811 3807
f 3812 2723 3811
f 3812 3807 2726
f 3813 1830 1831
f 3814 1831 1832
f 3814 1832 1703
f 3814 3813 1831
f 3815 2903 1830
f 3815 1830 3813
f 3816 3815 3813
f 3816 3814 1703
f 3816 3813 3814
f 3817 2904 2903
f 3817 2903 3815
f 3818 2905 2904
f 3818 3815 3816
f 3818 2904 3817
f 3818 3817 3815
f 3819 1703 2906
f 3819 2906 2905
f 3819 3816 1703
f 3819 2905 3818
f 3819 3818 3816
f 3820 1771 1841
f 3821 1841 1842
f 3821 1842 1840
f 3821 3820 1841
f 3822 2727 1771
f 3822 1771 3820
f 3823 3822 3820
f 3823 3821 1840
f 3823 3820 3821
f 3824 2728 2727
f 3824 2727 3822
f 3825 2729 2728
f 3825 3822 3823
f 3825 2728 3824
f 3825 3824 3822
f 3826 1840 2730
f 3826 2730 2729
f 3826 3823 1840
f 3826 2729 3825
f 3826 3825 3823
f 3827 1850 1851
f 3827 1851 1852
f 3828 2890 1850
f 3828 1850 3827
f 3829 2891 2890
f 3829 2892 2891
f 3829 2893 2892
f 3829 2890 3828
f 3830 3831 1830
f 3832 2894 2893
f 3832 2895 2894
f 3832 2893 3829
f 3832 3829 3833
f 3834 3835 3836
f 3837 3834 3836
f 3838 1852 1853
f 3838 1853 1854
f 3838 3827 1852
f 3839 1854 1855
f 3839 1855 1856
f 3839 3838 1854
f 3840 3827 3838
f 3840 3841 3827
f 3842 3841 3843
f 3842 3843 3830
f 3842 3827 3841
f 3842 3844 3828
f 3842 3828 3827
f 3845 3844 3842
f 3845 3829 3828
f 3845 3830 3836
f 3845 3842 3830
f 3845 3833 3829
f 3845 3828 3844
f 3846 3845 3836
f 3846 3833 3845
f 3846 3832 3833
f 3846 3847 3832
f 3846 3836 3835
f 3846 3835 3847
f 3848 1830 2903
f 3848 3836 3830
f 3848 3830 1830
f 3848 3837 3836
f 3849 2903 2902
f 3849 3848 2903
f 3850 1856 1857
f 3850 1857 1858
f 3850 3839 1856
f 3851 3838 3839
f 3851 3840 3838
f 3852 3851 3839
f 3852 3853 3854
f 3852 3831 3853
f 3855 3840 3851
f 3856 3834 3837
f 3856 3832 3847
f 3856 3847 3835
f 3856 3835 3834
f 3857 3837 3848
f 3857 3856 3837
f 3857 3849 3856
f 3857 3848 3849
f 3858 2896 2895
f 3858 2897 2896
f 3858 2898 2897
f 3858 2899 2898
f 3858 3856 3849
f 3858 2895 3832
f 3858 3832 3856
f 3859 3858 3849
f 3859 2899 3858
f 3860 2900 2899
f 3860 2901 2900
f 3860 2902 2901
f 3860 3859 3849
f 3860 2899 3859
f 3860 3849 2902
f 3861 1858 1859
f 3861 1859 1860
f 3861 3850 1858
f 3862 1860 1861
f 3862 1861 1862
f 3862 3861 1860
f 3863 3850 3861
f 3863 1862 1830
f 3863 3831 3852
f 3863 1830 3831
f 3863 3861 3862
f 3863 3862 1862
f 3864 3851 3852
f 3864 3852 3854
f 3864 3854 3853
f 3864 3855 3851
f 3864 3853 3831
f 3865 3841 3840
f 3865 3843 3841
f 3865 3830 3843
f 3865 3840 3855
f 3865 3855 3864
f 3865 3864 3831
f 3865 3831 3830
f 3866 3852 3839
f 3866 3863 3852
f 3866 3850 3863
f 3866 3839 3850
f 3867 1922 1923
f 3867 1923 1924
f 3867 1924 1911
f 3868 1911 2744
f 3868 3867 1911
f 3869 2742 2741
f 3869 2743 2742
f 3869 2744 2743
f 3869 3868 2744
f 3870 1921 1922
f 3870 3867 3871
f 3870 1922 3867
f 3872 3873 3874
f 3872 3875 3873
f 3876 2741 2740
f 3876 3869 2741
f 3877 1840 1912
f 3878 2730 1840
f 3878 3875 3872
f 3878 1840 3877
f 3879 3870 3871
f 3879 3880 3870
f 3879 3872 3874
f 3879 3874 3880
f 3881 3872 3879
f 3881 3867 3868
f 3881 3871 3867
f 3881 3868 3882
f 3881 3879 3871
f 3883 3881 3882
f 3883 3869 3884
f 3883 3868 3869
f 3883 3882 3868
f 3885 3869 3876
f 3885 3884 3869
f 3886 2731 2730
f 3887 1912 1913
f 3887 1913 1914
f 3887 1914 1915
f 3887 3877 1912
f 3888 1915 1916
f 3888 3887 1915
f 3889 3875 3878
f 3889 3878 3877
f 3890 3875 3889
f 3891 3875 3890
f 3891 3870 3880
f 3891 3874 3873
f 3891 3873 3875
f 3891 3880 3874
f 3892 3878 3872
f 3892 2730 3878
f 3892 3886 2730
f 3892 3893 3894
f 3895 3892 3894
f 3895 3886 3892
f 3896 3886 3895
f 3896 3895 3894
f 3897 3893 3898
f 3897 3899 3876
f 3897 3886 3896
f 3897 3896 3894
f 3897 3894 3893
f 3897 3898 3899
f 3900 2732 2731
f 3900 2733 2732
f 3900 2734 2733
f 3900 2731 3886
f 3901 2735 2734
f 3901 2734 3900
f 3901 3886 3897
f 3901 3900 3886
f 3902 1916 1917
f 3902 1917 1918
f 3902 1918 1919
f 3902 1919 1920
f 3902 3888 1916
f 3903 1920 1921
f 3903 3870 3891
f 3903 1921 3870
f 3903 3888 3902
f 3903 3902 1920
f 3904 3872 3881
f 3904 3881 3883
f 3904 3892 3872
f 3904 3905 3892
f 3904 3883 3884
f 3906 3884 3885
f 3906 3904 3884
f 3906 3905 3904
f 3906 3885 3905
f 3907 3898 3893
f 3907 3876 3899
f 3907 3893 3892
f 3907 3892 3905
f 3907 3885 3876
f 3907 3905 3885
f 3907 3899 3898
f 3908 2736 2735
f 3908 2737 2736
f 3908 2738 2737
f 3908 2739 2738
f 3908 2740 2739
f 3908 3901 3897
f 3908 3897 3876
f 3908 3876 2740
f 3908 2735 3901
f 3909 3877 3887
f 3909 3887 3888
f 3909 3891 3890
f 3909 3903 3891
f 3909 3889 3877
f 3909 3890 3889
f 3909 3888 3903
f 3910 1970 1971
f 3911 2884 1970
f 3911 1970 3910
f 3912 1971 1972
f 3912 1972 1973
f 3912 1973 1974
f 3912 1974 1975
f 3912 1975 1850
f 3912 3910 1971
f 3913 2885 2884
f 3913 2884 3911
f 3914 3910 3912
f 3914 3911 3910
f 3914 3912 1850
f 3915 2886 2885
f 3915 2887 2886
f 3915 3911 3914
f 3915 3913 3911
f 3915 2885 3913
f 3916 1850 2890
f 3916 2888 2887
f 3916 2889 2888
f 3916 2890 2889
f 3916 3915 3914
f 3916 3914 1850
f 3916 2887 3915
f 3917 1911 1984
f 3917 1984 1985
f 3918 1985 1986
f 3918 1986 1987
f 3918 1987 1988
f 3918 1988 1983
f 3918 3917 1985
f 3919 2744 1911
f 3919 1911 3917
f 3920 1983 2750
f 3920 3919 3917
f 3920 3918 1983
f 3920 3917 3918
f 3921 2745 2744
f 3921 2746 2745
f 3921 2744 3919
f 3922 2747 2746
f 3922 2748 2747
f 3922 2749 2748
f 3922 2750 2749
f 3922 2746 3921
f 3922 3919 3920
f 3922 3920 2750
f 3922 3921 3919
f 3923 1995 1970
f 3923 3924 1995
f 3925 2881 1995
f 3925 1995 3924
f 3926 3925 3924
f 3926 3923 1970
f 3926 3924 3923
f 3927 2882 2881
f 3927 2881 3925
f 3928 2883 2882
f 3928 3925 3926
f 3928 2882 3927
f 3928 3927 3925
f 3929 1970 2884
f 3929 2884 2883
f 3929 3926 1970
f 3929 2883 3928
f 3929 3928 3926
f 3930 1983 2004
f 3931 2004 2005
f 3931 2005 2003
f 3931 3930 2004
f 3932 2750 1983
f 3932 1983 3930
f 3933 3932 3930
f 3933 3931 2003
f 3933 3930 3931
f 3934 2750 3932
f 3935 2751 2750
f 3935 3932 3933
f 3935 2750 3934
f 3935 3934 3932
f 3936 2003 2751
f 3936 3933 2003
f 3936 2751 3935
f 3936 3935 3933
f 3937 2013 2014
f 3937 2014 2015
f 3938 2015 2016
f 3938 2016 2017
f 3938 2017 2018
f 3938 2018 1995
f 3938 3937 2015
f 3939 2875 2013
f 3939 2013 3937
f 3940 1995 2881
f 3940 3939 3937
f 3940 3938 1995
f 3940 3937 3938
f 3941 2876 2875
f 3941 2877 2876
f 3941 2875 3939
f 3942 2878 2877
f 3942 2879 2878
f 3942 2880 2879
f 3942 2881 2880
f 3942 2877 3941
f 3942 3939 3940
f 3942 3940 2881
f 3942 3941 3939
f 3943 2003 2026
f 3944 2751 2003
f 3944 2003 3943
f 3945 2026 2027
f 3945 2027 2028
f 3945 2028 2029
f 3945 2029 2030
f 3945 2030 2025
f 3945 3943 2026
f 3946 2752 2751
f 3946 2751 3944
f 3947 3943 3945
f 3947 3944 3943
f 3947 3945 2025
f 3948 2753 2752
f 3948 2754 2753
f 3948 3944 3947
f 3948 3946 3944
f 3948 2752 3946
f 3949 2025 2757
f 3949 2755 2754
f 3949 2756 2755
f 3949 2757 2756
f 3949 3948 3947
f 3949 3947 2025
f 3949 2754 3948
f 3950 2049 2050
f 3950 2050 2051
f 3950 2051 2013
f 3951 2013 2875
f 3951 3950 2013
f 3952 2873 2872
f 3952 2874 2873
f 3952 2875 2874
f 3952 3951 2875
f 3953 2048 2049
f 3953 3950 3954
f 3953 2049 3950
f 3955 3956 3957
f 3955 3958 3956
f 3959 3960 3961
f 3962 3959 3961
f 3963 2872 2871
f 3963 3952 2872
f 3963 3964 3952
f 3965 2038 2039
f 3966 3958 3955
f 3966 2038 3965
f 3967 3953 3954
f 3967 3968 3953
f 3967 3955 3957
f 3967 3957 3968
f 3969 2861 2038
f 3969 3966 3955
f 3969 2038 3966
f 3970 3954 3950
f 3970 3967 3954
f 3971 3952 3964
f 3971 3951 3952
f 3971 3972 3951
f 3973 3963 3974
f 3973 3974 3962
f 3973 3964 3963
f 3973 3971 3964
f 3973 3961 3971
f 3973 3962 3961
f 3975 2861 3969
f 3975 3961 3960
f 3976 2862 2861
f 3976 2861 3975
f 3977 2039 2040
f 3977 2040 2041
f 3977 2041 2042
f 3977 3965 2039
f 3978 2042 2043
f 3978 2043 2044
f 3978 3977 2042
f 3979 3966 3965
f 3979 3958 3966
f 3980 3958 3979
f 3981 3953 3968
f 3981 3957 3956
f 3981 3956 3958
f 3981 3958 3980
f 3981 3968 3957
f 3982 3955 3967
f 3982 3967 3970
f 3982 3969 3955
f 3983 3961 3975
f 3983 3975 3969
f 3983 3971 3961
f 3984 3975 3960
f 3984 3976 3975
f 3985 3984 3960
f 3986 3960 3959
f 3986 3974 3963
f 3986 3962 3974
f 3986 3985 3960
f 3986 3959 3962
f 3987 2863 2862
f 3987 2864 2863
f 3987 2865 2864
f 3987 2862 3976
f 3988 2866 2865
f 3988 2865 3987
f 3989 2044 2045
f 3989 2045 2046
f 3989 2046 2047
f 3989 2047 2048
f 3989 3953 3981
f 3989 2048 3953
f 3989 3978 2044
f 3990 3983 3969
f 3990 3970 3991
f 3990 3982 3970
f 3990 3969 3982
f 3990 3991 3983
f 3992 3983 3991
f 3992 3971 3983
f 3992 3972 3971
f 3993 3970 3950
f 3993 3950 3951
f 3993 3951 3972
f 3994 3963 2871
f 3994 2871 2870
f 3994 3986 3963
f 3995 3994 2870
f 3995 2867 2866
f 3995 2868 2867
f 3995 2869 2868
f 3995 2870 2869
f 3995 2866 3988
f 3995 3988 3994
f 3996 3979 3965
f 3996 3965 3977
f 3996 3977 3978
f 3996 3981 3980
f 3996 3980 3979
f 3996 3978 3989
f 3996 3989 3981
f 3997 3991 3970
f 3997 3970 3993
f 3997 3992 3991
f 3997 3972 3992
f 3997 3993 3972
f 3998 3976 3984
f 3998 3984 3985
f 3998 3985 3986
f 3998 3987 3976
f 3998 3988 3987
f 3998 3994 3988
f 3998 3986 3994
f 3999 2025 2093
f 3999 2093 2094
f 4000 2757 2025
f 4000 2025 3999
f 4001 2758 2757
f 4001 2759 2758
f 4001 2760 2759
f 4001 2757 4000
f 4002 4003 4004
f 4002 4004 4005
f 4006 2761 2760
f 4006 2762 2761
f 4006 2760 4001
f 4006 4001 4007
f 4008 4009 4010
f 4011 4008 4010
f 4012 2094 2095
f 4012 2095 2096
f 4012 2096 2097
f 4012 3999 2094
f 4013 2104 2092
f 4014 3999 4012
f 4014 4015 3999
f 4016 4002 4005
f 4016 4013 2092
f 4017 4014 4018
f 4017 4015 4014
f 4017 4003 4002
f 4017 4018 4003
f 4019 4017 4002
f 4019 3999 4015
f 4019 4020 4000
f 4019 4000 3999
f 4019 4015 4017
f 4021 4007 4001
f 4022 2092 2770
f 4022 4016 2092
f 4023 4007 4021
f 4023 4006 4007
f 4023 4024 4006
f 4023 4010 4009
f 4023 4009 4024
f 4025 4011 4010
f 4025 4010 4022
f 4025 4022 2770
f 4026 2770 2769
f 4026 4025 2770
f 4027 2097 2098
f 4027 2098 2099
f 4027 2099 2100
f 4027 2100 2101
f 4028 4013 4027
f 4028 4027 2101
f 4029 4018 4014
f 4029 4012 2097
f 4029 4014 4012
f 4029 2097 4027
f 4030 2101 2102
f 4030 2102 2103
f 4030 2103 2104
f 4030 4013 4028
f 4030 4028 2101
f 4030 2104 4013
f 4031 4027 4013
f 4031 4016 4005
f 4031 4004 4003
f 4031 4013 4016
f 4031 4005 4004
f 4032 4002 4016
f 4032 4019 4002
f 4032 4016 4022
f 4033 4022 4010
f 4033 4023 4021
f 4033 4010 4023
f 4034 4009 4008
f 4034 4008 4011
f 4034 4006 4024
f 4034 4024 4009
f 4035 4025 4026
f 4035 4011 4025
f 4035 4026 4034
f 4035 4034 4011
f 4036 2763 2762
f 4036 2764 2763
f 4036 2765 2764
f 4036 2766 2765
f 4036 2762 4006
f 4036 4034 4026
f 4036 4006 4034
f 4037 2766 4036
f 4037 4036 4026
f 4038 2767 2766
f 4038 2768 2767
f 4038 2769 2768
f 4038 4026 2769
f 4038 4037 4026
f 4038 2766 4037
f 4039 4029 4027
f 4039 4027 4031
f 4039 4031 4003
f 4039 4003 4018
f 4039 4018 4029
f 4040 4001 4000
f 4040 4021 4001
f 4040 4000 4020
f 4041 4020 4019
f 4041 4032 4042
f 4041 4019 4032
f 4043 4022 4033
f 4043 4032 4022
f 4043 4021 4042
f 4043 4042 4032
f 4043 4033 4021
f 4044 4020 4041
f 4044 4042 4021
f 4044 4021 4040
f 4044 4040 4020
f 4044 4041 4042
f 4045 2144 2145
f 4046 2145 2146
f 4046 2146 2038
f 4046 4045 2145
f 4047 2858 2144
f 4047 2144 4045
f 4048 4047 4045
f 4048 4045 4046
f 4048 4046 2038
f 4049 2859 2858
f 4049 2858 4047
f 4050 2860 2859
f 4050 4047 4048
f 4050 2859 4049
f 4050 4049 4047
f 4051 2038 2861
f 4051 2861 2860
f 4051 4048 2038
f 4051 2860 4050
f 4051 4050 4048
f 4052 2092 2155
f 4053 2155 2156
f 4053 2156 2154
f 4053 4052 2155
f 4054 2770 2092
f 4054 2092 4052
f 4055 4054 4052
f 4055 4053 2154
f 4055 4052 4053
f 4056 2771 2770
f 4056 2770 4054
f 4057 2772 2771
f 4057 4054 4055
f 4057 2771 4056
f 4057 4056 4054
f 4058 2154 2773
f 4058 2773 2772
f 4058 4055 2154
f 4058 2772 4057
f 4058 4057 4055
f 4059 2164 2165
f 4059 2165 2166
f 4059 2166 2167
f 4060 2845 2164
f 4060 2164 4059
f 4061 2846 2845
f 4061 2847 2846
f 4061 2848 2847
f 4061 2845 4060
f 4062 2168 2169
f 4062 2169 2170
f 4062 2170 2171
f 4062 2171 2172
f 4063 2172 2173
f 4063 4062 2172
f 4064 4063 2173
f 4065 2173 2174
f 4065 2174 2175
f 4065 2175 2176
f 4065 2176 2144
f 4065 4064 2173
f 4066 4063 4064
f 4066 4064 4065
f 4066 4065 2144
f 4067 2849 2848
f 4067 2850 2849
f 4067 2848 4061
f 4067 4061 4068
f 4069 4070 4071
f 4072 4069 4071
f 4073 2167 2168
f 4073 4059 2167
f 4073 4074 4059
f 4073 2168 4062
f 4075 4074 4073
f 4075 4073 4062
f 4075 4063 4066
f 4075 4062 4063
f 4076 4074 4075
f 4076 4075 4066
f 4076 4059 4074
f 4076 4077 4060
f 4076 4060 4059
f 4078 4077 4076
f 4078 4061 4060
f 4078 4066 4071
f 4078 4076 4066
f 4078 4068 4061
f 4078 4060 4077
f 4079 4078 4071
f 4079 4068 4078
f 4079 4067 4068
f 4079 4080 4067
f 4079 4071 4070
f 4079 4070 4080
f 4081 4072 4071
f 4081 2144 2858
f 4081 4066 2144
f 4081 4071 4066
f 4082 2858 2857
f 4082 4081 2858
f 4083 4070 4069
f 4083 4069 4072
f 4083 4067 4080
f 4083 4080 4070
f 4084 4081 4082
f 4084 4083 4072
f 4084 4082 4083
f 4084 4072 4081
f 4085 2851 2850
f 4085 2852 2851
f 4085 2853 2852
f 4085 2854 2853
f 4085 4067 4083
f 4085 4083 4082
f 4085 2850 4067
f 4086 4085 4082
f 4086 2854 4085
f 4087 2855 2854
f 4087 2856 2855
f 4087 2857 2856
f 4087 4086 4082
f 4087 4082 2857
f 4087 2854 4086
f 4088 2235 2236
f 4088 2236 2237
f 4088 2237 2224
f 4089 2224 2787
f 4089 4090 4088
f 4089 4091 4090
f 4089 4088 2224
f 4092 2785 2784
f 4092 2786 2785
f 4092 2787 2786
f 4092 4089 2787
f 4093 4090 4091
f 4093 4091 2154
f 4094 4090 4093
f 4095 2234 2235
f 4095 4090 4094
f 4095 4088 4090
f 4095 2235 4088
f 4096 4097 4098
f 4099 4096 4098
f 4100 2784 2783
f 4100 4092 2784
f 4100 4101 4092
f 4102 2154 2225
f 4102 2225 2226
f 4102 2226 2227
f 4102 4093 2154
f 4103 4093 4102
f 4103 4094 4093
f 4103 4095 4094
f 4104 4092 4101
f 4104 4098 2154
f 4104 4089 4092
f 4104 4091 4089
f 4104 2154 4091
f 4105 4100 4106
f 4105 4104 4101
f 4105 4098 4104
f 4105 4099 4098
f 4105 4106 4099
f 4105 4101 4100
f 4107 2773 2154
f 4107 2154 4098
f 4107 4098 4097
f 4108 2774 2773
f 4108 2773 4107
f 4109 4103 4102
f 4109 2227 2228
f 4109 2228 2229
f 4109 2229 2230
f 4109 4102 2227
f 4110 4109 2230
f 4110 4103 4109
f 4111 4095 4103
f 4111 2230 2231
f 4111 2231 2232
f 4111 2232 2233
f 4111 2233 2234
f 4111 4110 2230
f 4111 4103 4110
f 4111 2234 4095
f 4112 4107 4097
f 4112 4108 4107
f 4113 4112 4097
f 4114 4106 4100
f 4114 4113 4097
f 4114 4097 4096
f 4114 4096 4099
f 4114 4099 4106
f 4115 2775 2774
f 4115 2776 2775
f 4115 2777 2776
f 4115 2774 4108
f 4116 2778 2777
f 4116 2777 4115
f 4117 4114 4100
f 4117 2783 2782
f 4117 4100 2783
f 4118 2779 2778
f 4118 2780 2779
f 4118 2781 2780
f 4118 2782 2781
f 4118 2778 4116
f 4118 4116 4117
f 4118 4117 2782
f 4119 4112 4113
f 4119 4108 4112
f 4119 4113 4114
f 4119 4115 4108
f 4119 4116 4115
f 4119 4117 4116
f 4119 4114 4117
f 4120 2279 2280
f 4121 2839 2279
f 4121 2279 4120
f 4122 2280 2281
f 4122 2281 2282
f 4122 2282 2283
f 4122 2283 2284
f 4122 2284 2164
f 4122 4120 2280
f 4123 2840 2839
f 4123 2839 4121
f 4124 4120 4122
f 4124 4121 4120
f 4124 4122 2164
f 4125 2841 2840
f 4125 2842 2841
f 4125 4121 4124
f 4125 4123 4121
f 4125 2840 4123
f 4126 2164 2845
f 4126 2843 2842
f 4126 2844 2843
f 4126 2845 2844
f 4126 4125 4124
f 4126 4124 2164
f 4126 2842 4125
f 4127 2224 2293
f 4127 2293 2294
f 4128 2294 2295
f 4128 2295 2296
f 4128 2296 2297
f 4128 2297 2292
f 4128 4127 2294
f 4129 2787 2224
f 4129 2224 4127
f 4130 2292 2793
f 4130 4129 4127
f 4130 4128 2292
f 4130 4127 4128
f 4131 2788 2787
f 4131 2789 2788
f 4131 2787 4129
f 4132 2790 2789
f 4132 2791 2790
f 4132 2792 2791
f 4132 2793 2792
f 4132 2789 4131
f 4132 4129 4130
f 4132 4130 2793
f 4132 4131 4129
f 4133 2304 2279
f 4133 4134 2304
f 4135 2838 2304
f 4135 2304 4134
f 4136 4135 4134
f 4136 4133 2279
f 4136 4134 4133
f 4137 2838 4135
f 4138 2839 2838
f 4138 4135 4136
f 4138 2838 4137
f 4138 4137 4135
f 4139 2279 2839
f 4139 4136 2279
f 4139 2839 4138
f 4139 4138 4136
f 4140 2292 2313
f 4141 2313 2314
f 4141 2314 2312
f 4141 4140 2313
f 4142 2793 2292
f 4142 2292 4140
f 4143 4142 4140
f 4143 4141 2312
f 4143 4140 4141
f 4144 2794 2793
f 4144 2793 4142
f 4145 2795 2794
f 4145 4142 4143
f 4145 2794 4144
f 4145 4144 4142
f 4146 2312 2796
f 4146 2796 2795
f 4146 4143 2312
f 4146 2795 4145
f 4146 4145 4143
f 4147 2322 2323
f 4147 2323 2324
f 4148 2324 2325
f 4148 2325 2326
f 4148 2326 2327
f 4148 2327 2304
f 4148 4147 2324
f 4149 2832 2322
f 4149 2322 4147
f 4150 2304 2838
f 4150 4149 4147
f 4150 4148 2304
f 4150 4147 4148
f 4151 2833 2832
f 4151 2834 2833
f 4151 2832 4149
f 4152 2835 2834
f 4152 2836 2835
f 4152 2837 2836
f 4152 2838 2837
f 4152 2834 4151
f 4152 4149 4150
f 4152 4150 2838
f 4152 4151 4149
f 4153 2312 2335
f 4154 2796 2312
f 4154 2312 4153
f 4155 2335 2336
f 4155 2336 2337
f 4155 2337 2338
f 4155 2338 2339
f 4155 2339 2334
f 4155 4153 2335
f 4156 2797 2796
f 4156 2796 4154
f 4157 4153 4155
f 4157 4154 4153
f 4157 4155 2334
f 4158 2798 2797
f 4158 2799 2798
f 4158 4154 4157
f 4158 4156 4154
f 4158 2797 4156
f 4159 2334 2802
f 4159 2800 2799
f 4159 2801 2800
f 4159 2802 2801
f 4159 4158 4157
f 4159 4157 2334
f 4159 2799 4158
f 4160 2358 2359
f 4160 2359 2360
f 4160 2360 2322
f 4161 2322 2832
f 4161 4160 2322
f 4162 2830 2829
f 4162 2831 2830
f 4162 2832 2831
f 4162 4161 2832
f 4163 2357 2358
f 4163 2358 4160
f 4164 4165 4166
f 4167 4164 4166
f 4168 2829 2828
f 4168 4162 2829
f 4168 4169 4162
f 4170 2347 2348
f 4170 2348 2349
f 4171 4163 4160
f 4171 4172 4173
f 4171 4174 4172
f 4171 4160 4175
f 4171 4173 4163
f 4176 4171 4175
f 4176 4175 4160
f 4177 2818 2347
f 4177 4170 4174
f 4177 4174 4171
f 4177 2347 4170
f 4178 4166 4177
f 4178 4162 4169
f 4178 4161 4162
f 4178 4179 4161
f 4180 4181 4167
f 4180 4169 4168
f 4180 4178 4169
f 4180 4168 4181
f 4180 4166 4178
f 4180 4167 4166
f 4182 2818 4177
f 4182 4177 4166
f 4182 4166 4165
f 4183 2819 2818
f 4183 2818 4182
f 4184 2349 2350
f 4184 2350 2351
f 4184 2351 2352
f 4184 4170 2349
f 4184 4185 4170
f 4186 4185 4184
f 4186 4184 2352
f 4187 2352 2353
f 4187 2353 2354
f 4187 4186 2352
f 4187 4185 4186
f 4188 4174 4170
f 4188 4170 4185
f 4189 4174 4188
f 4189 4188 4185
f 4189 4185 4187
f 4189 4173 4172
f 4189 4172 4174
f 4189 4163 4173
f 4190 4171 4176
f 4190 4177 4171
f 4191 4179 4178
f 4191 4178 4177
f 4192 4182 4165
f 4192 4183 4182
f 4193 4192 4165
f 4194 4167 4181
f 4194 4181 4168
f 4194 4193 4165
f 4194 4165 4164
f 4194 4164 4167
f 4195 2820 2819
f 4195 2821 2820
f 4195 2822 2821
f 4195 2819 4183
f 4196 2823 2822
f 4196 2822 4195
f 4197 2354 2355
f 4197 2355 2356
f 4197 2356 2357
f 4197 4187 2354
f 4197 4163 4189
f 4197 2357 4163
f 4197 4189 4187
f 4198 4160 4161
f 4198 4161 4179
f 4199 2828 2827
f 4199 4194 4168
f 4199 4168 2828
f 4200 2824 2823
f 4200 2825 2824
f 4200 2826 2825
f 4200 2827 2826
f 4200 2823 4196
f 4200 4196 4199
f 4200 4199 2827
f 4201 4179 4191
f 4201 4198 4179
f 4202 4194 4199
f 4202 4183 4192
f 4202 4192 4193
f 4202 4193 4194
f 4202 4195 4183
f 4202 4196 4195
f 4202 4199 4196
f 4203 4160 4198
f 4203 4190 4176
f 4203 4177 4190
f 4203 4191 4177
f 4203 4176 4160
f 4203 4201 4191
f 4203 4198 4201
f 4204 2334 2411
f 4204 2411 2412
f 4204 2412 2413
f 4205 2802 2334
f 4205 2334 4204
f 4206 2803 2802
f 4206 2804 2803
f 4206 2805 2804
f 4206 2802 4205
f 4207 4208 4209
f 4207 4209 4210
f 4211 2806 2805
f 4211 2807 2806
f 4211 2805 4206
f 4211 4206 4212
f 4213 4214 4215
f 4216 4213 4215
f 4217 2422 2410
f 4218 2413 2414
f 4218 4204 2413
f 4218 4219 4204
f 4218 2414 4220
f 4221 4217 2410
f 4221 4207 4210
f 4222 4219 4218
f 4222 4218 4220
f 4222 4208 4207
f 4222 4220 4208
f 4223 4219 4222
f 4223 4222 4207
f 4223 4204 4219
f 4223 4224 4205
f 4223 4205 4204
f 4225 4224 4223
f 4225 4206 4205
f 4225 4207 4215
f 4225 4223 4207
f 4225 4212 4206
f 4225 4205 4224
f 4226 4225 4215
f 4226 4212 4225
f 4226 4211 4212
f 4226 4227 4211
f 4226 4215 4214
f 4226 4214 4227
f 4228 4216 4215
f 4228 4207 4221
f 4228 2410 2815
f 4228 4215 4207
f 4228 4221 2410
f 4229 2815 2814
f 4229 4228 2815
f 4230 2417 2418
f 4230 2418 2419
f 4231 4230 2419
f 4231 4217 4230
f 4232 2419 2420
f 4232 2420 2421
f 4232 2421 2422
f 4232 4231 2419
f 4232 4217 4231
f 4232 2422 4217
f 4233 4221 4210
f 4233 4209 4208
f 4233 4217 4221
f 4233 4230 4217
f 4233 4208 4220
f 4233 4210 4209
f 4234 4214 4213
f 4234 4213 4216
f 4234 4211 4227
f 4234 4227 4214
f 4235 4228 4229
f 4235 4229 4234
f 4235 4234 4216
f 4235 4216 4228
f 4236 2808 2807
f 4236 2809 2808
f 4236 2810 2809
f 4236 2811 2810
f 4236 4234 4229
f 4236 4211 4234
f 4236 2807 4211
f 4237 4236 4229
f 4237 2811 4236
f 4238 2812 2811
f 4238 2813 2812
f 4238 2814 2813
f 4238 4237 4229
f 4238 4229 2814
f 4238 2811 4237
f 4239 2414 2415
f 4239 2415 2416
f 4239 2416 2417
f 4239 4233 4220
f 4239 4230 4233
f 4239 4220 2414
f 4239 2417 4230
f 4240 2410 2462
f 4241 2462 2463
f 4241 2463 2347
f 4241 4240 2462
f 4242 2815 2410
f 4242 2410 4240
f 4243 4242 4240
f 4243 4241 2347
f 4243 4240 4241
f 4244 2816 2815
f 4244 2815 4242
f 4245 2817 2816
f 4245 4242 4243
f 4245 2816 4244
f 4245 4244 4242
f 4246 2347 2818
f 4246 2818 2817
f 4246 4243 2347
f 4246 2817 4245
f 4246 4245 4243
