# SimpleCAD BREP tessellation for MuJoCo
v 3.30834540554 -1.32146014985 0
v 2.85652754592 -2.128768806 2.3
v 3.42870295937 -0.967161964928 -2.61315353096e-17
v 3.48478501804 -0.740053800777 -4.08252409461e-19
v 3.52584124062 -0.509754642906 -2.22044604925e-16
v 3.27569597796 -1.40043639984 2.3
v 3.06405512516 -1.81740816549 2.3
v 3.17672431535 -1.61239848496 2.3
v 3.27329471955 -1.40603977587 0.574999999973
v 3.3738319912 -1.14396847315 0.574999999973
v 3.17488290786 -1.61602130185 1.15
v 3.29225752522 -1.36104618374 1.15
v 3.06301816877 -1.81915526279 1.72500000003
v 3.19673278054 -1.57235673504 1.72500000003
v 3.31060185828 -1.31579690998 1.72500000003
v 3.92694033423 -1.56854697029 0
v 3.39064150228 -2.52680632214 2.3
v 3.88136632631 -1.55291537976 0
v 3.83037606002 -1.54028878669 0
v 3.72716789702 -1.52493764722 0
v 3.40925896909 -1.49904312243 0
v 3.36989430733 -1.48904604291 0
v 3.34297394667 -1.47797694416 0
v 3.32066797187 -1.4633573799 0
v 3.30651391545 -1.44823733057 0
v 3.2980585605 -1.43335894703 0
v 3.29127186152 -1.40344666952 0
v 3.29300062064 -1.37404321332 0
v 3.29869340263 -1.34921640123 0
v 3.35062919516 -2.49996694622 2.3
v 3.30460950329 -2.47463660733 2.3
v 3.20883420186 -2.43322798468 2.3
v 2.90831248139 -2.32634810632 2.3
v 2.87284931416 -2.30655209752 2.3
v 2.84968687154 -2.28892450504 2.3
v 2.83189743239 -2.26905432572 2.3
v 2.82211390605 -2.25079957793 2.3
v 2.81777469923 -2.23424570804 2.3
v 2.818918966 -2.20359453706 2.3
v 2.82816054032 -2.17562767902 2.3
v 2.8400540322 -2.15310384239 2.3
v 3.51177897492 -1.74911211554 0.574999999971
v 3.39054162988 -1.97388257112 1.15
v 3.13626425036 -1.90790800584 1.15
v 3.25374801767 -1.69982060244 0.574999999973
v 3.25493754702 -2.19028909655 1.72500000003
v 3.24798223906 -1.5352233209 0.287499999977
v 3.19629405773 -1.64012303405 0.574999999974
v 3.25494917864 -1.5508450757 0.287499999977
v 3.25106326231 -1.54329467911 0.287499999977
v 2.90439819091 -2.17588126326 2.01250000002
v 3.00549119444 -2.10791103302 1.72500000003
v 2.88972723946 -2.14491195241 2.01250000002
v 2.89207389936 -2.15307295859 2.01250000002
v 2.95627500166 -2.0412587746 1.72500000003
v 2.88827127586 -2.13639610263 2.01250000002
v 3.44932783526 -1.56431076757 0.143749999985
v 3.35270570761 -1.66827018337 0.431249999972
v 3.21680648361 -1.67470184757 0.574999999974
v 3.26148887743 -1.56032427279 0.287499999977
v 3.03818925001 -1.98037279665 1.43750000002
v 2.97212391801 -2.07820827811 1.72500000003
v 2.89664954399 -2.16364113316 2.01250000002
v 2.89439569484 -2.09057318019 2.01250000002
v 2.85998651906 -2.13740492581 2.15625000001
v 3.33798973401 -1.57274208265 0.21562499998
v 2.87093295439 -2.16108199954 2.08437500002
v 2.8703664757 -2.15368054793 2.08437500002
v 2.83764564417 -2.21963954133 2.22812500001
v 2.83536631251 -2.20739939826 2.22812500001
v 2.83495126533 -2.19664361891 2.22812500001
v 3.30894204174 -1.50887629259 0.107812499989
v 3.28548094492 -1.56367950546 0.251562499979
v 3.53262269039 -0.475965601033 -1.69938651628e-16
v 3.54303527959 -0.446552358669 -1.21013454401e-16
v 3.55443097253 -0.426753578579 -8.46882984304e-17
v 3.5674198962 -0.412176021397 -5.44557408554e-17
v 3.5820503681 -0.401816165712 -2.8941515748e-17
v 3.59865753855 -0.395059881729 -7.09983584006e-18
v 3.61784521853 -0.391708148474 1.17156230351e-17
v 3.6374657366 -0.391725079501 2.59095237409e-17
v 3.65914178164 -0.394637424536 3.72609934751e-17
v 3.71042083973 -0.40940038076 5.18700981861e-17
v 3.86772138551 -0.483082526548 4.52191890743e-17
v 4.04921038191 -0.567603514978 1.22821643189e-17
v 4.12052444126 -0.591327944693 3.14492326155e-18
v 4.18510357373 -0.605068643811 0
v 4.27624836778 -0.605521388886 -1.90035677821e-16
v 4.39694335224 -0.590637695635 -2.24635100293e-17
v 4.57437966043 -0.548218125705 -8.040140301e-17
v 4.76778311999 -0.479734678799 -1.15063772048e-16
v 5.01307869447 -0.362362783651 -1.1963789766e-16
v 5.24534199755 -0.221104791368 8.881784197e-16
v 5.24534199755 0.221104791368 0
v 4.94189034461 0.399814998904 -1.08521686662e-16
v 4.61686663321 0.535056915087 -9.76209519543e-17
v 4.40046937061 0.590016997476 -1.93483173138e-17
v 4.29320348543 0.604260004923 -1.69931183474e-16
v 4.2336323199 0.607189057988 -2.00624220819e-16
v 4.18510357373 0.605068643811 0
v 4.13781952986 0.59581899435 1.73642629951e-18
v 4.08734736737 0.581258811576 6.80391096763e-18
v 3.99029090659 0.542949206833 2.25703138819e-17
v 3.70202643652 0.406420059153 5.03884841692e-17
v 3.66293709967 0.395395453101 3.8870299908e-17
v 3.63408883408 0.391521393487 2.3764432619e-17
v 3.60746151112 0.393029320122 2.24894688511e-18
v 3.58764371404 0.399046638744 -2.08784086394e-17
v 3.57288197008 0.407704019381 -4.40751032204e-17
v 3.5520483776 0.4302154621 -9.13378724905e-17
v 3.53884379881 0.456543981685 -1.38144551034e-16
v 3.53136048659 0.480891022652 -1.77752904922e-16
v 3.52584124062 0.509754642906 0
v 3.47476386223 0.785762274321 0
v 3.402114914 1.05689184022 0
v 3.30834540554 1.32146014985 0
v 3.29732379238 1.35411304337 4.98732999343e-17
v 3.29163473797 1.38479195307 9.17470543982e-17
v 3.2916043075 1.40763604606 1.18607186797e-16
v 3.29556426677 1.42675504274 1.37147692047e-16
v 3.30305469927 1.44304217689 1.49018004825e-16
v 3.31405878877 1.45719687568 1.55205258688e-16
v 3.32899994045 1.46969340182 1.56047514424e-16
v 3.34600027305 1.47948899816 1.52214152387e-16
v 3.36622845122 1.48780485589 1.44235415476e-16
v 3.41801889632 1.50065928981 1.1620764483e-16
v 3.59108623788 1.51549895264 1.34452800325e-17
v 3.79052081349 1.53304612771 -4.67084927196e-17
v 3.86414281539 1.54815719856 -3.49828318659e-17
v 3.92694033423 1.56854697029 0
v 4.00610041383 1.61372727858 0
v 4.10318348986 1.68696442727 0
v 4.23563805534 1.81241900654 0
v 4.36888864104 1.96842914108 0
v 4.5226348924 2.19272397121 0
v 4.6531518171 2.43118863255 -8.881784197e-16
v 4.43204702573 2.814153365 0
v 4.0798950817 2.81719511817 -5.71314798324e-18
v 3.7307953327 2.77180619754 -1.06127846621e-16
v 3.51590976479 2.71120439379 -2.02696287611e-16
v 3.41589327954 2.66990625747 -5.21134214515e-17
v 3.36283861032 2.64265730907 -4.84451430465e-18
v 3.32187169041 2.61655660344 0
v 3.28554733196 2.58490415009 0
v 3.24911724845 2.54705858068 0
v 3.18421869018 2.46535325938 0
v 3.00283890993 2.20298331409 0
v 2.97449885423 2.17389105676 0
v 2.95145255318 2.15611188993 0
v 2.92763865174 2.14410413122 0
v 2.90746727671 2.13940638347 0
v 2.89035454112 2.13952302305 0
v 2.86105639942 2.14860170808 0
v 2.83645663895 2.16480058549 0
v 2.81780237998 2.18214408536 0
v 2.79859076263 2.20438109076 8.881784197e-16
v 2.55193831089 2.48576288238 7.74842866325e-17
v 2.38329790066 2.64788545196 2.91308674602e-16
v 2.20438109076 2.79859076263 2.22044604925e-16
v 2.17850964702 2.82135819134 0
v 2.15824332652 2.8450823793 0
v 2.14679492647 2.86485072892 0
v 2.14066485346 2.88338824538 0
v 2.13900819121 2.90123853356 0
v 2.14146066287 2.91899890704 0
v 2.14815181672 2.93729179197 0
v 2.15797673845 2.95427519354 0
v 2.17133692575 2.97159102668 0
v 2.20976154992 3.00861851556 0
v 2.35222243287 3.10800371134 0
v 2.5161642542 3.22291729851 0
v 2.5723672427 3.2728148707 0
v 2.61655660344 3.32187169041 -2.22044604925e-16
v 2.6625210892 3.40057902495 2.61552770092e-16
v 2.70997892497 3.51254579423 -4.67038824394e-17
v 2.76196065389 3.68741992963 -5.26323829637e-17
v 2.79935397891 3.88915396224 8.74168465793e-17
v 2.82035472326 4.16027210875 2.12326835507e-16
v 2.814153365 4.43204702573 0
v 2.43118863255 4.6531518171 2.22044604925e-16
v 2.12469522644 4.4797100806 5.64165706236e-17
v 1.84506043567 4.26585224779 2.03063891723e-16
v 1.68926497683 4.10592676227 2.02696287611e-16
v 1.62329722796 4.02015328446 5.21134214515e-17
v 1.59097501083 3.97002766831 4.84451430465e-18
v 1.56854697029 3.92694033423 0
v 1.55291537976 3.88136632631 3.16737677619e-17
v 1.54028878669 3.83037606002 5.80725782132e-17
v 1.52493764722 3.72716789702 9.12521775502e-17
v 1.49904312243 3.40925896909 1.11533831387e-16
v 1.48904604291 3.36989430733 1.13713776657e-16
v 1.47797694416 3.34297394667 1.17560727712e-16
v 1.4633573799 3.32066797187 1.24154995698e-16
v 1.44823733057 3.30651391545 1.32210149432e-16
v 1.43335894703 3.2980585605 1.41014833029e-16
v 1.40344666952 3.29127186152 1.6059022475e-16
v 1.37404321332 3.29300062064 1.81579136612e-16
v 1.34921640123 3.29869340263 2.00289033766e-16
v 1.32146014985 3.30834540554 0
v 0.967161964928 3.42870295937 -2.91014882576e-17
v 0.740053800777 3.48478501804 -2.08508016032e-16
v 0.509754642906 3.52584124062 -2.22044604925e-16
v 0.475965601033 3.53262269039 0
v 0.446552358669 3.54303527959 0
v 0.426753578579 3.55443097253 0
v 0.412176021397 3.5674198962 0
v 0.401816165712 3.5820503681 0
v 0.395059881729 3.59865753855 0
v 0.391708148474 3.61784521853 0
v 0.391725079501 3.6374657366 0
v 0.394637424536 3.65914178164 0
v 0.40940038076 3.71042083973 0
v 0.483082526548 3.86772138551 0
v 0.567603514978 4.04921038191 0
v 0.591327944693 4.12052444126 0
v 0.605068643811 4.18510357373 0
v 0.605521388886 4.27624836778 0
v 0.590637695635 4.39694335224 0
v 0.548218125705 4.57437966043 0
v 0.479734678799 4.76778311999 0
v 0.362362783651 5.01307869447 0
v 0.221104791368 5.24534199755 0
v 0.0737209788915 5.24948237613 0
v -0.0737209788915 5.24948237613 0
v -0.221104791368 5.24534199755 -2.22044604925e-16
v -0.399814998904 4.94189034461 0
v -0.535056915087 4.61686663321 0
v -0.590016997476 4.40046937061 0
v -0.604260004923 4.29320348543 0
v -0.607189057988 4.2336323199 0
v -0.605068643811 4.18510357373 -2.22044604925e-16
v -0.59581899435 4.13781952986 -1.56927660263e-16
v -0.581258811576 4.08734736737 -9.88052044067e-17
v -0.542949206833 3.99029090659 -1.46472709484e-17
v -0.406420059153 3.70202643652 9.54561522803e-17
v -0.395395453101 3.66293709967 1.03755333026e-16
v -0.391521393487 3.63408883408 1.11231692336e-16
v -0.393029320122 3.60746151112 1.20492359486e-16
v -0.399046638744 3.58764371404 1.30090568291e-16
v -0.407704019381 3.57288197008 1.39788223572e-16
v -0.4302154621 3.5520483776 1.60226784911e-16
v -0.456543981685 3.53884379881 1.81502579873e-16
v -0.480891022652 3.53136048659 2.00279464174e-16
v -0.509754642906 3.52584124062 -4.4408920985e-16
v -0.876764648483 3.45292484731 1.19868959742e-16
v -1.10148711738 3.38793925274 1.09042317341e-16
v -1.32146014985 3.30834540554 -2.22044604925e-16
v -1.35411304337 3.29732379238 -1.96537744926e-16
v -1.38479195307 3.29163473797 -1.73741646584e-16
v -1.40763604606 3.2916043075 -1.57725665011e-16
v -1.42675504274 3.29556426677 -1.45144913461e-16
v -1.44304217689 3.30305469927 -1.35198211896e-16
v -1.45719687568 3.31405878877 -1.27309935887e-16
v -1.46969340182 3.32899994045 -1.2112543154e-16
v -1.47948899816 3.34600027305 -1.16966660117e-16
v -1.48780485589 3.36622845122 -1.14081112211e-16
v -1.50065928981 3.41801889632 -1.11335870734e-16
v -1.51549895264 3.59108623788 -1.08710810603e-16
v -1.53304612771 3.79052081349 -7.36157342117e-17
v -1.54815719856 3.86414281539 -4.15242448529e-17
v -1.56854697029 3.92694033423 0
v -1.61372727858 4.00610041383 0
v -1.68696442727 4.10318348986 0
v -1.81241900654 4.23563805534 0
v -1.96842914108 4.36888864104 0
v -2.19272397121 4.5226348924 0
v -2.43118863255 4.6531518171 2.77555756156e-17
v -2.814153365 4.43204702573 -2.22044604925e-16
v -2.81719511817 4.0798950817 -2.11360978058e-18
v -2.77180619754 3.7307953327 1.23053839266e-16
v -2.71120439379 3.51590976479 7.50988831136e-17
v -2.66990625747 3.41589327954 -9.27847739297e-17
v -2.64265730907 3.36283861032 -2.68918068084e-16
v -2.61655660344 3.32187169041 2.22044604925e-16
v -2.58490415009 3.28554733196 0
v -2.54705858068 3.24911724845 0
v -2.46535325938 3.18421869018 0
v -2.20298331409 3.00283890993 0
v -2.17389105676 2.97449885423 0
v -2.15611188993 2.95145255318 0
v -2.14410413122 2.92763865174 0
v -2.13940638347 2.90746727671 0
v -2.13952302305 2.89035454112 0
v -2.14860170808 2.86105639942 0
v -2.16480058549 2.83645663895 0
v -2.18214408536 2.81780237998 0
v -2.20438109076 2.79859076263 6.93889390391e-17
v -2.41787202201 2.61635263968 0
v -2.61635263968 2.41787202201 0
v -2.79859076263 2.20438109076 0
v -2.82135819134 2.17850964702 0
v -2.8450823793 2.15824332652 0
v -2.86485072892 2.14679492647 0
v -2.88338824538 2.14066485346 0
v -2.90123853356 2.13900819121 0
v -2.91899890704 2.14146066287 0
v -2.93729179197 2.14815181672 0
v -2.95427519354 2.15797673845 0
v -2.97159102668 2.17133692575 0
v -3.00861851556 2.20976154992 0
v -3.10800371134 2.35222243287 0
v -3.22291729851 2.5161642542 0
v -3.2728148707 2.5723672427 0
v -3.32187169041 2.61655660344 2.22044604925e-16
v -3.40057902495 2.6625210892 -3.48062428537e-16
v -3.51254579423 2.70997892497 1.54654074837e-16
v -3.68741992963 2.76196065389 6.14987552993e-17
v -3.88915396224 2.79935397891 1.45147552469e-17
v -4.16027210875 2.82035472326 1.70920906376e-16
v -4.43204702573 2.814153365 -4.4408920985e-16
v -4.509324605 2.68858542858 0
v -4.58304558389 2.56089694755 0
v -4.6531518171 2.43118863255 -4.4408920985e-16
v -4.4797100806 2.12469522644 -7.11484138143e-18
v -4.26585224779 1.84506043567 9.62511382496e-17
v -4.10592676227 1.68926497683 6.03268419108e-22
v -4.02015328446 1.62329722796 4.66234114661e-17
v -3.97002766831 1.59097501083 1.42746968943e-16
v -3.92694033423 1.56854697029 0
v -3.88136632631 1.55291537976 0
v -3.83037606002 1.54028878669 0
v -3.72716789702 1.52493764722 0
v -3.40925896909 1.49904312243 0
v -3.36989430733 1.48904604291 0
v -3.34297394667 1.47797694416 0
v -3.32066797187 1.4633573799 0
v -3.30651391545 1.44823733057 0
v -3.2980585605 1.43335894703 0
v -3.29127186152 1.40344666952 0
v -3.29300062064 1.37404321332 0
v -3.29869340263 1.34921640123 0
v -3.30834540554 1.32146014985 6.66133814775e-16
v -3.42870295937 0.967161964928 -2.50670362276e-16
v -3.48478501804 0.740053800777 -4.16896382153e-16
v -3.52584124062 0.509754642906 0
v -3.53262269039 0.475965601033 -2.65990932983e-17
v -3.54303527959 0.446552358669 -5.27281921829e-17
v -3.55443097253 0.426753578579 -7.30373665809e-17
v -3.5674198962 0.412176021397 -9.06891726055e-17
v -3.5820503681 0.401816165712 -1.06256696148e-16
v -3.59865753855 0.395059881729 -1.20210100047e-16
v -3.61784521853 0.391708148474 -1.32841054575e-16
v -3.6374657366 0.391725079501 -1.42876183858e-16
v -3.65914178164 0.394637424536 -1.51342105687e-16
v -3.71042083973 0.40940038076 -1.6320596892e-16
v -3.86772138551 0.483082526548 -1.53929999677e-16
v -4.04921038191 0.567603514978 -8.58978985306e-17
v -4.12052444126 0.591327944693 -4.46691681144e-17
v -4.18510357373 0.605068643811 0
v -4.27624836778 0.605521388886 0
v -4.39694335224 0.590637695635 0
v -4.57437966043 0.548218125705 0
v -4.76778311999 0.479734678799 0
v -5.01307869447 0.362362783651 0
v -5.24534199755 0.221104791368 -4.4408920985e-16
v -5.24534199755 -0.221104791368 0
v -4.94189034461 -0.399814998904 0
v -4.61686663321 -0.535056915087 0
v -4.40046937061 -0.590016997476 6.03268419136e-22
v -4.29320348543 -0.604260004923 4.66234114661e-17
v -4.2336323199 -0.607189057988 1.42746968943e-16
v -4.18510357373 -0.605068643811 0
v -4.13781952986 -0.59581899435 -3.34101940614e-17
v -4.08734736737 -0.581258811576 -6.48764891809e-17
v -3.99029090659 -0.542949206833 -1.13822491432e-16
v -3.70202643652 -0.406420059153 -1.61922315556e-16
v -3.66293709967 -0.395395453101 -1.52584076565e-16
v -3.63408883408 -0.391521393487 -1.41325160331e-16
v -3.60746151112 -0.393029320122 -1.26403942583e-16
v -3.58764371404 -0.399046638744 -1.11331740793e-16
v -3.57288197008 -0.407704019381 -9.69397298087e-17
v -3.5520483776 -0.4302154621 -6.92523522591e-17
v -3.53884379881 -0.456543981685 -4.3434585578e-17
v -3.53136048659 -0.480891022652 -2.25361288448e-17
v -3.52584124062 -0.509754642906 2.22044604925e-16
v -3.45292484731 -0.876764648483 -4.32816463829e-16
v -3.38793925274 -1.10148711738 -5.01952951412e-16
v -3.30834540554 -1.32146014985 0
v -3.29732379238 -1.35411304337 -5.20898910425e-17
v -3.29163473797 -1.38479195307 -1.0088660771e-16
v -3.2916043075 -1.40763604606 -1.36918884373e-16
v -3.29556426677 -1.42675504274 -1.66634794156e-16
v -3.30305469927 -1.44304217689 -1.91348263139e-16
v -3.31405878877 -1.45719687568 -2.12015219625e-16
v -3.32899994045 -1.46969340182 -2.29137244241e-16
v -3.34600027305 -1.47948899816 -2.41239629273e-16
v -3.36622845122 -1.48780485589 -2.49867946074e-16
v -3.41801889632 -1.50065928981 -2.5634384017e-16
v -3.59108623788 -1.51549895264 -2.0972175958e-16
v -3.79052081349 -1.53304612771 -9.89610338009e-17
v -3.86414281539 -1.54815719856 -4.78979468639e-17
v -3.92694033423 -1.56854697029 0
v -4.00610041383 -1.61372727858 0
v -4.10318348986 -1.68696442727 0
v -4.23563805534 -1.81241900654 0
v -4.36888864104 -1.96842914108 0
v -4.5226348924 -2.19272397121 0
v -4.6531518171 -2.43118863255 -4.4408920985e-16
v -4.58304558389 -2.56089694755 0
v -4.509324605 -2.68858542858 0
v -4.43204702573 -2.814153365 0
v -4.0798950817 -2.81719511817 0
v -3.7307953327 -2.77180619754 0
v -3.51590976479 -2.71120439379 0
v -3.41589327954 -2.66990625747 0
v -3.36283861032 -2.64265730907 0
v -3.32187169041 -2.61655660344 2.22044604925e-16
v -3.28554733196 -2.58490415009 1.21781039902e-16
v -3.24911724845 -2.54705858068 2.71248042582e-17
v -3.18421869018 -2.46535325938 -1.21745534366e-16
v -3.00283890993 -2.20298331409 -3.07766952005e-16
v -2.97449885423 -2.17389105676 -2.952097095e-16
v -2.95145255318 -2.15611188993 -2.76321285286e-16
v -2.92763865174 -2.14410413122 -2.49145248954e-16
v -2.90746727671 -2.13940638347 -2.20543900444e-16
v -2.89035454112 -2.13952302305 -1.9265285016e-16
v -2.86105639942 -2.14860170808 -1.38141264679e-16
v -2.83645663895 -2.16480058549 -8.67926144165e-17
v -2.81780237998 -2.18214408536 -4.50626880971e-17
v -2.79859076263 -2.20438109076 -2.77555756156e-17
v -2.55193831089 -2.48576288238 -3.70712190875e-17
v -2.38329790066 -2.64788545196 -3.71882119752e-18
v -2.20438109076 -2.79859076263 0
v -2.17850964702 -2.82135819134 1.60622544072e-20
v -2.15824332652 -2.8450823793 1.44542813932e-19
v -2.14679492647 -2.86485072892 4.37422121083e-19
v -2.14066485346 -2.88338824538 9.54069913294e-19
v -2.13900819121 -2.90123853356 1.75482603846e-18
v -2.14146066287 -2.91899890704 2.92954945991e-18
v -2.14815181672 -2.93729179197 4.6229837193e-18
v -2.15797673845 -2.95427519354 6.71449939328e-18
v -2.17133692575 -2.97159102668 9.43765232605e-18
v -2.20976154992 -3.00861851556 1.75708629411e-17
v -2.35222243287 -3.10800371134 5.75420344189e-17
v -2.5161642542 -3.22291729851 1.35365735443e-16
v -2.5723672427 -3.2728148707 1.77291581323e-16
v -2.61655660344 -3.32187169041 2.22044604925e-16
v -2.6625210892 -3.40057902495 -1.43046664245e-16
v -2.70997892497 -3.51254579423 6.9159299985e-17
v -2.76196065389 -3.68741992963 1.41386245521e-16
v -2.79935397891 -3.88915396224 8.43831384583e-17
v -2.82035472326 -4.16027210875 -8.57453895042e-17
v -2.814153365 -4.43204702573 4.4408920985e-16
v -2.68858542858 -4.509324605 0
v -2.56089694755 -4.58304558389 0
v -2.43118863255 -4.6531518171 0
v -2.12469522644 -4.4797100806 0
v -1.84506043567 -4.26585224779 0
v -1.68926497683 -4.10592676227 -1.27596197961e-16
v -1.62329722796 -4.02015328446 -5.16513724489e-17
v -1.59097501083 -3.97002766831 -4.84451430464e-18
v -1.56854697029 -3.92694033423 0
v -1.55291537976 -3.88136632631 -3.16737677619e-17
v -1.54028878669 -3.83037606002 -5.80725782132e-17
v -1.52493764722 -3.72716789702 -9.12521775502e-17
v -1.49904312243 -3.40925896909 -1.11533831387e-16
v -1.48904604291 -3.36989430733 -1.13713776657e-16
v -1.47797694416 -3.34297394667 -1.17560727712e-16
v -1.4633573799 -3.32066797187 -1.24154995698e-16
v -1.44823733057 -3.30651391545 -1.32210149432e-16
v -1.43335894703 -3.2980585605 -1.41014833029e-16
v -1.40344666952 -3.29127186152 -1.6059022475e-16
v -1.37404321332 -3.29300062064 -1.81579136612e-16
v -1.34921640123 -3.29869340263 -2.00289033766e-16
v -1.32146014985 -3.30834540554 0
v -1.05689184022 -3.402114914 0
v -0.785762274321 -3.47476386223 0
v -0.509754642906 -3.52584124062 2.22044604925e-16
v -0.475965601033 -3.53262269039 1.96521682672e-16
v -0.446552358669 -3.54303527959 1.7359710377e-16
v -0.426753578579 -3.55443097253 1.5728824289e-16
v -0.412176021397 -3.5674198962 1.44190843548e-16
v -0.401816165712 -3.5820503681 1.33443385857e-16
v -0.395059881729 -3.59865753855 1.24380386427e-16
v -0.391708148474 -3.61784521853 1.1650244782e-16
v -0.391725079501 -3.6374657366 1.10252160724e-16
v -0.394637424536 -3.65914178164 1.04643459885e-16
v -0.40940038076 -3.71042083973 9.37650077928e-17
v -0.483082526548 -3.86772138551 5.11687761839e-17
v -0.567603514978 -4.04921038191 -6.17500012312e-17
v -0.591327944693 -4.12052444126 -1.3576733647e-16
v -0.605068643811 -4.18510357373 -2.22044604925e-16
v -0.605521388886 -4.27624836778 0
v -0.590637695635 -4.39694335224 0
v -0.548218125705 -4.57437966043 0
v -0.479734678799 -4.76778311999 0
v -0.362362783651 -5.01307869447 0
v -0.221104791368 -5.24534199755 0
v 0.221104791368 -5.24534199755 2.22044604925e-16
v 0.399814998904 -4.94189034461 0
v 0.535056915087 -4.61686663321 0
v 0.590016997476 -4.40046937061 0
v 0.604260004923 -4.29320348543 0
v 0.607189057988 -4.2336323199 0
v 0.605068643811 -4.18510357373 0
v 0.59581899435 -4.13781952986 -3.29828385027e-20
v 0.581258811576 -4.08734736737 -2.90333124292e-19
v 0.542949206833 -3.99029090659 -2.32266499434e-18
v 0.406420059153 -3.70202643652 -4.4044610263e-17
v 0.395395453101 -3.66293709967 -5.95020847292e-17
v 0.391521393487 -3.63408883408 -7.43904092193e-17
v 0.393029320122 -3.60746151112 -9.1978026129e-17
v 0.399046638744 -3.58764371404 -1.08593282991e-16
v 0.407704019381 -3.57288197008 -1.23878265659e-16
v 0.4302154621 -3.5520483776 -1.52428812827e-16
v 0.456543981685 -3.53884379881 -1.78533462608e-16
v 0.480891022652 -3.53136048659 -1.99498906488e-16
v 0.509754642906 -3.52584124062 -4.4408920985e-16
v 0.785762274321 -3.47476386223 0
v 1.05689184022 -3.402114914 0
v 1.32146014985 -3.30834540554 2.22044604925e-16
v 1.35411304337 -3.29732379238 1.96537744926e-16
v 1.38479195307 -3.29163473797 1.73741646584e-16
v 1.40763604606 -3.2916043075 1.57725665011e-16
v 1.42675504274 -3.29556426677 1.45144913461e-16
v 1.44304217689 -3.30305469927 1.35198211896e-16
v 1.45719687568 -3.31405878877 1.27309935887e-16
v 1.46969340182 -3.32899994045 1.2112543154e-16
v 1.47948899816 -3.34600027305 1.16966660117e-16
v 1.48780485589 -3.36622845122 1.14081112211e-16
v 1.50065928981 -3.41801889632 1.11335870734e-16
v 1.51549895264 -3.59108623788 1.08710810603e-16
v 1.53304612771 -3.79052081349 7.36157342117e-17
v 1.54815719856 -3.86414281539 4.15242448529e-17
v 1.56854697029 -3.92694033423 0
v 1.61372727858 -4.00610041383 0
v 1.68696442727 -4.10318348986 0
v 1.81241900654 -4.23563805534 0
v 1.96842914108 -4.36888864104 0
v 2.19272397121 -4.5226348924 0
v 2.43118863255 -4.6531518171 0
v 2.56089694755 -4.58304558389 0
v 2.68858542858 -4.509324605 0
v 2.814153365 -4.43204702573 0
v 2.81719511817 -4.0798950817 1.60626802701e-16
v 2.77180619754 -3.7307953327 -7.82198781412e-18
v 2.71120439379 -3.51590976479 -5.57511690675e-17
v 2.66990625747 -3.41589327954 2.16092545937e-16
v 2.64265730907 -3.36283861032 3.2679531996e-16
v 2.61655660344 -3.32187169041 -2.22044604925e-16
v 2.58490415009 -3.28554733196 -1.56927660263e-16
v 2.54705858068 -3.24911724845 -9.88052044067e-17
v 2.46535325938 -3.18421869018 -1.46472709484e-17
v 2.20298331409 -3.00283890993 9.54561522803e-17
v 2.17389105676 -2.97449885423 1.03755333026e-16
v 2.15611188993 -2.95145255318 1.11231692336e-16
v 2.14410413122 -2.92763865174 1.20492359486e-16
v 2.13940638347 -2.90746727671 1.30090568291e-16
v 2.13952302305 -2.89035454112 1.39788223572e-16
v 2.14860170808 -2.86105639942 1.60226784911e-16
v 2.16480058549 -2.83645663895 1.81502579873e-16
v 2.18214408536 -2.81780237998 2.00279464174e-16
v 2.20438109076 -2.79859076263 0
v 2.48576288238 -2.55193831089 6.85022519219e-18
v 2.64788545196 -2.38329790066 1.26115609872e-16
v 2.79859076263 -2.20438109076 0
v 2.82135819134 -2.17850964702 5.31981865966e-17
v 2.8450823793 -2.15824332652 1.05456384366e-16
v 2.86485072892 -2.14679492647 1.46074733162e-16
v 2.88338824538 -2.14066485346 1.81378345211e-16
v 2.90123853356 -2.13900819121 2.12513392295e-16
v 2.91899890704 -2.14146066287 2.40420200094e-16
v 2.93729179197 -2.14815181672 2.65682109149e-16
v 2.95427519354 -2.15797673845 2.85752367715e-16
v 2.97159102668 -2.17133692575 3.02684211373e-16
v 3.00861851556 -2.20976154992 3.2641193784e-16
v 3.10800371134 -2.35222243287 3.07859999354e-16
v 3.22291729851 -2.5161642542 1.71795797061e-16
v 3.2728148707 -2.5723672427 8.93383362289e-17
v 3.32187169041 -2.61655660344 0
v 3.40057902495 -2.6625210892 -3.20089271044e-17
v 3.51254579423 -2.70997892497 -1.99581094896e-16
v 3.68741992963 -2.76196065389 -1.33162264171e-16
v 3.88915396224 -2.79935397891 -3.89457726782e-17
v 4.16027210875 -2.82035472326 -1.38711053778e-18
v 4.43204702573 -2.814153365 -8.881784197e-16
v 4.6531518171 -2.43118863255 0
v 4.4797100806 -2.12469522644 0
v 4.26585224779 -1.84506043567 0
v 4.10592676227 -1.68926497683 0
v 4.02015328446 -1.62329722796 0
v 3.97002766831 -1.59097501083 0
v 3.36 -8.22962649027e-16 0
v 3.30895405012 0.583457876961 0
v 3.15736720584 1.14918768157 0
v 2.90984535672 1.68 0
v 2.57390932888 2.15976636855 0
v 2.15976636855 2.57390932888 0
v 1.68 2.90984535672 0
v 1.14918768157 3.15736720584 0
v 0.583457876961 3.30895405012 0
v -2.03246895539e-15 3.36 0
v -0.583457876961 3.30895405012 0
v -1.14918768157 3.15736720584 0
v -1.68 2.90984535672 0
v -2.15976636855 2.57390932888 0
v -2.57390932888 2.15976636855 0
v -2.90984535672 1.68 0
v -3.15736720584 1.14918768157 0
v -3.30895405012 0.583457876961 0
v -3.36 -7.04921740097e-15 0
v -3.30895405012 -0.583457876961 0
v -3.15736720584 -1.14918768157 0
v -2.90984535672 -1.68 0
v -2.57390932888 -2.15976636855 0
v -2.15976636855 -2.57390932888 0
v -1.68 -2.90984535672 0
v -1.14918768157 -3.15736720584 0
v -0.583457876961 -3.30895405012 0
v 8.33561648381e-15 -3.36 0
v 0.583457876961 -3.30895405012 0
v 1.14918768157 -3.15736720584 0
v 1.68 -2.90984535672 0
v 2.15976636855 -2.57390932888 0
v 2.57390932888 -2.15976636855 0
v 2.90984535672 -1.68 0
v 3.15736720584 -1.14918768157 0
v 3.30895405012 -0.583457876961 0
v 3.8881861117 -1.66229021155 2.3
v 3.29094911673 -1.36953285361 2.3
v 3.30858422969 -1.34379254221 2.3
v 3.32469366531 -1.32759564143 2.3
v 3.34099819455 -1.31685415002 2.3
v 3.35780290281 -1.31061082573 2.3
v 3.37558977195 -1.30835854469 2.3
v 3.39499349895 -1.31006047226 2.3
v 3.41394807042 -1.31512892729 2.3
v 3.43414331696 -1.3235244439 2.3
v 3.47989196984 -1.35099347072 2.3
v 3.61291603161 -1.46269449712 2.3
v 3.76652203237 -1.59109718336 2.3
v 3.82932263013 -1.63238433082 2.3
v 3.85138837355 -0.747524151807 0.574999999969
v 3.7945947894 -0.996511581883 1.15
v 3.72172237347 -1.24127649468 1.72500000003
v 3.58950860191 -0.510768049912 0.287499999975
v 3.39328821733 -1.20235025385 2.01250000002
v 3.38389948144 -1.20645081532 2.01250000002
v 3.4213734051 -1.09567481182 1.72500000003
v 3.40374771896 -1.19939721353 2.01250000002
v 3.42212859748 -1.19770274538 2.01250000002
v 3.50420978504 -1.09397441718 1.72500000003
v 3.53728352347 -0.500197595442 0.143749999985
v 3.58690828612 -0.568305567189 0.431249999971
v 3.61659083311 -0.629711830009 0.574999999971
v 3.56651113973 -0.684748586571 0.718749999975
v 3.49381753567 -0.972475891748 1.43750000002
v 3.56795956438 -0.863672943736 1.15
v 3.46031507819 -1.085674809 1.72500000003
v 3.41300248418 -1.19803281429 2.01250000002
v 3.34927528754 -1.23708435781 2.01250000002
v 3.32869708843 -1.29143269263 2.15625000002
v 3.56891684772 -0.437158890442 0.0718749999914
v 3.543539191 -0.489516821328 0.143749999985
v 3.57682384624 -0.431971468817 0.0718749999914
v 3.58469127302 -0.428050988163 0.0718749999914
v 3.55994860737 -0.496207876357 0.215624999979
v 3.56367952559 -0.493555503666 0.215624999979
v 3.56211857415 -0.520924488322 0.287499999975
v 3.58062007179 -0.512863025254 0.287499999975
v 3.5718060772 -0.515997632744 0.287499999975
v 3.5357962235 -0.568919633667 0.359374999973
v 3.3651854411 -1.23910228386 2.08437500002
v 3.36940146543 -1.23644938779 2.08437500002
v 3.37351332834 -1.23418225768 2.08437500002
v 3.35037407381 -1.29027136249 2.22812500001
v 3.35912315827 -1.28620742248 2.22812500001
v 3.64128115823 -0.407026843261 0.0359374999954
v 3.55881076366 -0.562538549712 0.395312499972
v 3.54884890707 -0.581526681689 0.431249999971
v 3.54918359656 -0.620386556244 0.539062499971
v 3.57955580505 -0.597751022444 0.503124999971
v 3.51872444414 -0.765326481831 0.898437499984
v 3.40172321423 -1.26735639326 2.19218750001
v 3.39471021162 -1.29537380035 2.2640625
v 3.63752361969 -0.835681854367 1.02421874999
v 3.36288406946 -1.26742057653 2.17421875001
v 3.57211664621 -0.784335282574 0.961328124988
v 3.30834540554 -1.32146014985 4.6
v 3.52584124062 -0.509754642906 4.6
v 3.42870295937 -0.967161964928 4.6
v 3.48478501804 -0.740053800777 4.6
v 3.06301816877 -1.81915526279 2.87499999998
v 3.19673278054 -1.57235673504 2.87499999998
v 3.17488290786 -1.61602130185 3.45
v 3.29225752522 -1.36104618374 3.45
v 3.27329471955 -1.40603977587 4.02500000002
v 3.3738319912 -1.14396847315 4.02500000002
v 3.45342428491 -0.874795336518 4.02500000003
v 3.87024381703 -3.54735292813 2.3
v 3.7815694945 -3.20653463568 2.3
v 3.6469260363 -2.8812625526 2.3
v 3.53250893472 -2.68954110679 2.3
v 3.46661372652 -2.60371188729 2.3
v 3.42650096349 -2.55957268298 2.3
v 4.42958003135 -2.60170932892 0.574999999964
v 4.25092826063 -2.88438553771 1.15
v 4.03640562741 -2.00223524737 0.574999999967
v 4.05426403688 -3.15483974325 1.72500000004
v 3.89758860869 -2.2606016144 1.15
v 3.74225634261 -2.50938913702 1.72500000003
v 3.61155901621 -2.35541322687 1.72500000003
v 3.92694033423 -1.56854697029 4.6
v 3.88136632631 -1.55291537976 4.6
v 3.83037606002 -1.54028878669 4.6
v 3.72716789702 -1.52493764722 4.6
v 3.40925896909 -1.49904312243 4.6
v 3.36989430733 -1.48904604291 4.6
v 3.34297394667 -1.47797694416 4.6
v 3.32066797187 -1.4633573799 4.6
v 3.30651391545 -1.44823733057 4.6
v 3.2980585605 -1.43335894703 4.6
v 3.29127186152 -1.40344666952 4.6
v 3.29300062064 -1.37404321332 4.6
v 3.29869340263 -1.34921640123 4.6
v 3.25493754702 -2.19028909655 2.87499999998
v 3.39054162988 -1.97388257112 3.45
v 3.51177897492 -1.74911211554 4.02500000002
v 2.90439819091 -2.17588126326 2.58749999998
v 3.00549119444 -2.10791103302 2.87499999998
v 2.89664954399 -2.16364113316 2.58749999998
v 2.89207389936 -2.15307295859 2.58749999998
v 2.88972723946 -2.14491195241 2.58749999998
v 2.88827127586 -2.13639610263 2.58749999998
v 2.95627500166 -2.0412587746 2.87499999998
v 3.25106326231 -1.54329467911 4.31250000002
v 3.25494917864 -1.5508450757 4.31250000002
v 3.19629405773 -1.64012303405 4.02500000002
v 3.24798223906 -1.5352233209 4.31250000002
v 2.97212391801 -2.07820827811 2.87499999998
v 3.03818925001 -1.98037279665 3.16249999999
v 3.13626425036 -1.90790800584 3.45
v 3.16059529125 -1.77851278813 3.73750000001
v 3.25374801767 -1.69982060244 4.02500000002
v 3.21680648361 -1.67470184757 4.02500000002
v 3.26148887743 -1.56032427279 4.31250000002
v 3.35270570761 -1.66827018337 4.16875000002
v 3.44932783526 -1.56431076757 4.45625000001
v 3.24509696439 -1.48908305737 4.31250000002
v 3.26890317058 -1.43606920708 4.45625000001
v 3.33798973401 -1.57274208265 4.38437500002
v 3.2586636196 -1.50281569782 4.38437500002
v 3.29004354986 -1.46787122574 4.52812500001
v 3.28487301353 -1.45654506094 4.52812500001
v 3.28187028815 -1.44620858698 4.52812500001
v 3.28583085871 -1.54561076429 4.38437500002
v 5.01154120932 -1.56427449871 2.3
v 3.97614100403 -1.68619659926 2.3
v 4.09659866527 -1.70289257032 2.3
v 4.2789746052 -1.70759149655 2.3
v 4.4834904958 -1.69121678544 2.3
v 4.75073704949 -1.64096382364 2.3
v 4.35534529749 -0.874773055342 0.574999999965
v 4.47072150313 -0.856956610565 0.574999999964
v 4.28920520322 -1.15627830703 1.15
v 4.40549610566 -1.14600597984 1.15
v 4.20489046508 -1.4328840621 1.72500000003
v 4.32160330504 -1.4301993794 1.72500000004
v 3.55798475003 -3.86047205903 2.3
v 4.36621776464 -2.91524308817 0.574999999964
v 4.28263175363 -3.03670299737 0.574999999965
v 4.07599064356 -3.30889716371 1.15
v 4.16730174264 -3.19313268629 1.15
v 3.85207834343 -3.56707054423 1.72500000004
v 3.95072761815 -3.45749202727 1.72500000004
v 4.04626086983 -3.34518651269 1.72500000004
v 5.12540592846 -1.13697584343 2.3
v 5.23887704672 -0.341565690237 0.574999999958
v 5.22721939238 -0.488546062658 0.574999999958
v 5.18436002477 -0.827593680504 1.15
v 5.2055555175 -0.681683152666 1.15
v 5.11953297489 -1.16313453668 1.72500000004
v 5.15017649438 -1.01891211992 1.72500000004
v 5.17675795996 -0.873886065471 1.72500000004
v 2.5361228416 -3.38367860751 2.3
v 2.60034081889 -3.44835959275 2.3
v 2.69631222807 -3.52304755845 2.3
v 2.85190496198 -3.6183049179 2.3
v 3.03720827427 -3.7063819474 2.3
v 3.29377705974 -3.79648488271 2.3
v 3.33445314221 -2.93524833722 0.574999999972
v 3.44328008967 -2.97750694626 0.574999999971
v 3.13642151451 -3.14596898935 1.15
v 3.24226855386 -3.19521834426 1.15
v 2.92509993184 -3.34335923099 1.72500000003
v 3.02751855754 -3.39939064755 1.72500000003
v 4.19978483717 -0.492957714274 2.3
v 4.87820256625 -0.886155705362 2.3
v 4.59896186946 -0.671783547377 2.3
v 4.40401302996 -0.562956455642 2.3
v 4.30403149592 -0.521573775274 2.3
v 4.24722322196 -0.503404484553 2.3
v 5.13698349971 -0.0383563564356 0.574999999959
v 5.12360463222 -0.37248701965 1.15
v 4.496747437 0.284216225126 0.574999999965
v 5.08851552121 -0.705039344079 1.72500000004
v 4.50571155582 -0.00894412156264 1.15
v 4.49558362868 -0.302066569336 1.72500000004
v 4.30540846874 -0.234068182775 1.72500000003
v 2.13661773207 -2.85066148762 2.3
v 2.16527911084 -2.83152480091 2.3
v 2.19342172237 -2.81805059382 2.3
v 2.21547135324 -2.81207838409 2.3
v 2.23496223547 -2.81092824427 2.3
v 2.25263720187 -2.81392372097 2.3
v 2.26916722292 -2.82086662293 2.3
v 2.28512037964 -2.83204239894 2.3
v 2.29900129254 -2.84590909549 2.3
v 2.31229313077 -2.86327744942 2.3
v 2.33817811295 -2.90994065091 2.3
v 2.39752981655 -3.07318860829 2.3
v 2.46635517226 -3.26119159686 2.3
v 2.50009851157 -3.3283476143 2.3
v 2.96163809543 -2.57306909218 0.574999999975
v 2.78795969374 -2.76030173977 1.15
v 2.60246787392 -2.93583816425 1.72500000002
v 2.8532216114 -2.23709240762 0.28749999998
v 2.81720362156 -2.35364185841 0.574999999977
v 2.74004281411 -2.32345962891 0.574999999977
v 2.82442293234 -2.23219312741 0.28749999998
v 2.83527598388 -2.23277009685 0.28749999998
v 2.81421348627 -2.23304763137 0.28749999998
v 2.33749867165 -2.73790997275 2.01250000002
v 2.34803338592 -2.74058231563 2.01250000002
v 2.48774748545 -2.69951452888 1.72500000002
v 2.35673044733 -2.74402809384 2.01250000002
v 2.36479892774 -2.74830530243 2.01250000002
v 2.80782937412 -2.20547430543 0.143749999988
v 2.77156154488 -2.25088188562 0.28749999998
v 2.77984315939 -2.32915054052 0.574999999977
v 2.84447643084 -2.23446244443 0.28749999998
v 2.70256296627 -2.41839280224 0.862499999986
v 2.65810715056 -2.53194249203 1.15
v 2.86450972748 -2.16434531544 0.0718749999931
v 2.87404035747 -2.16285227181 0.0718749999931
v 2.82235195093 -2.21227868678 0.215624999983
v 2.82717877747 -2.21104805105 0.215624999983
v 2.83178805416 -2.21015258251 0.215624999983
v 2.43654811992 -2.6227175464 1.58125000002
v 2.90254093816 -2.1801764048 0.10781249999
v 2.55113485392 -2.56417738365 1.36562500001
v 2.6198325403 -2.62708226677 1.36562500001
v 2.4663263754 -2.64585124374 1.65312500002
v 2.53294028561 -2.71095871898 1.65312500002
v 2.85642814957 -2.18086276706 0.125781249989
v 2.53348591031 -2.6019860723 1.47343750002
v 2.49080098214 -2.64287585609 1.61718750002
v 2.46551386178 -2.62594084362 1.59921875002
v 3.53820982438 -0.415304091822 2.3
v 4.15171347479 -0.489720286468 2.3
v 4.09919408311 -0.49079341544 2.3
v 3.99554592768 -0.502820146997 2.3
v 3.68184654419 -0.560520317422 2.3
v 3.64123653607 -0.561108054524 2.3
v 3.6123634761 -0.557423332938 2.3
v 3.58702228023 -0.549109972447 2.3
v 3.56942212398 -0.538192660287 2.3
v 3.55738732569 -0.526026191843 2.3
v 3.54305270429 -0.498909365734 2.3
v 3.53707271341 -0.470068569048 2.3
v 3.5361108612 -0.444615608396 2.3
v 3.91584586253 0.241113961337 0.574999999969
v 3.92323646963 -0.0141616357408 1.15
v 3.91400315172 -0.269377225737 1.72500000003
v 3.58813336899 0.177758816044 0.574999999972
v 3.59429121458 0.284403356426 0.287499999975
v 3.58715071402 0.288999233522 0.287499999975
v 3.58044679051 0.294448723145 0.287499999975
v 3.60322324766 -0.432169354145 2.01250000002
v 3.65678724175 -0.32275890629 1.72500000003
v 3.57503317559 -0.412684619937 2.01250000002
v 3.58114594576 -0.418578928659 2.01250000002
v 3.58083863931 -0.289644453669 1.72500000003
v 3.56951434923 -0.406037659493 2.01250000002
v 3.76055992766 0.366127954873 0.143749999984
v 3.64208485508 0.332405577189 0.143749999984
v 3.62318705765 0.158068898044 0.574999999971
v 3.66773874204 0.154786185246 0.574999999971
v 3.62641220737 0.0400603901521 0.862499999982
v 3.67003851671 -0.0841646759603 1.15
v 3.62133547034 -0.195958525858 1.43750000002
v 3.61303895525 -0.313719204197 1.72500000003
v 3.59039265754 -0.425443413995 2.01250000002
v 3.55190679043 -0.363291635094 2.01250000002
v 3.5455234429 -0.421053704396 2.15625000002
v 3.59139977264 0.369553735587 0.0718749999914
v 3.66626576693 0.304960889057 0.215624999979
v 3.60801221176 0.306850993259 0.215624999979
v 3.56684187084 -0.436085434067 2.08437500002
v 3.56265056009 -0.429958828292 2.08437500002
v 3.56729298546 -0.503441407945 2.22812500001
v 3.5591989548 -0.493980798936 2.22812500001
v 3.55346162373 -0.484873544373 2.22812500001
v 3.56162215421 0.405286307695 0.0359374999955
v 3.55580198933 0.412761268295 0.0359374999955
v 3.56300535721 0.378472761746 0.107812499988
v 3.5977469997 0.345882388099 0.125781249986
v 1.40944101838 -3.27183163774 2.3
v 1.74484549424 -3.10594920294 2.3
v 1.94492471543 -2.98474020667 2.3
v 2.13173649327 -2.85431352441 0.574999999982
v 2.3498399759 -2.67762175447 0.57499999998
v 1.94151860132 -2.98695695439 1.15
v 2.17065556077 -2.82482933345 1.15
v 1.74307391502 -3.10694375539 1.72500000002
v 1.98227342954 -2.96006726662 1.72500000002
v 2.2091668561 -2.7948144794 1.72500000002
v 3.5370541319 0.425034490335 2.3
v 3.56225365973 -0.041894077778 2.3
v 3.55732320039 0.191984108677 2.3
v 3.53777626914 0.418981195142 0.574999999972
v 3.49380844905 0.696210236725 0.574999999973
v 3.55753990317 0.187925953467 1.15
v 3.53170174451 0.467428191767 1.15
v 3.56222917781 -0.0439255866173 1.72500000003
v 3.55463016457 0.236665513916 1.72500000003
v 3.52496376608 0.515787378879 1.72500000003
v 1.67297851503 -3.88359921655 2.3
v 1.65174652856 -3.84034948163 2.3
v 1.62455747577 -3.79540291873 2.3
v 1.56231794301 -3.71165434886 2.3
v 1.35549843787 -3.46883279881 2.3
v 1.33468443855 -3.43395736869 2.3
v 1.32343897106 -3.40711020447 2.3
v 1.3179679545 -3.38100740484 2.3
v 1.31862254605 -3.36030656634 2.3
v 1.32314161765 -3.34380089107 2.3
v 1.33945816723 -3.31782833173 2.3
v 1.36144503439 -3.29822910937 2.3
v 1.38300701881 -3.2846696406 2.3
v 2.16673374699 -3.27066501359 0.574999999981
v 1.9493538985 -3.40470326562 1.15
v 1.72371405517 -3.52431477275 1.72500000002
v 1.94801033494 -3.01853524169 0.574999999983
v 2.04344613888 -2.97054582221 0.287499999985
v 2.04385603491 -2.96206402878 0.287499999985
v 2.04522346961 -2.95353351591 0.287499999985
v 1.42734198441 -3.33656754506 2.01250000001
v 1.54887620873 -3.32825010073 1.72500000002
v 1.43012122318 -3.3024118594 2.01250000001
v 1.42807298717 -3.31065282802 2.01250000001
v 1.53957986471 -3.24591945533 1.72500000002
v 1.4331182466 -3.29430893535 2.01250000001
v 2.20505014754 -3.07939678176 0.14374999999
v 2.11291858469 -2.87812400021 0.143749999991
v 2.06939322252 -3.12111721298 0.431249999982
v 1.9679181396 -3.09896183243 0.574999999983
v 2.06579488022 -2.91213223822 0.287499999985
v 1.94848521008 -3.05873758556 0.574999999983
v 2.04437008561 -2.98202489709 0.287499999985
v 1.84789941924 -3.1205349011 0.862499999989
v 1.76213051087 -3.22042892632 1.15
v 1.64096267369 -3.23414777587 1.43750000001
v 1.53483067713 -3.28584312221 1.72500000002
v 1.42675152438 -3.32209295799 2.01250000001
v 1.46133361024 -3.25768732994 2.01250000001
v 1.40811851708 -3.28104022346 2.15625000001
v 2.11532568086 -2.91623554591 0.0718749999949
v 2.11651094746 -2.9038415313 0.0718749999949
v 2.1044128659 -3.03102946418 0.215624999987
v 2.11907874797 -2.89338851958 0.0718749999949
v 2.07067762805 -2.93080838132 0.215624999988
v 1.4057598713 -3.30701838846 2.08437500001
v 1.40897001216 -3.30032530399 2.08437500001
v 1.34765344413 -3.34108705212 2.22812500001
v 1.35179955654 -3.32934711145 2.22812500001
v 1.35681800481 -3.31982480971 2.22812500001
v 2.07280761404 -2.9814536156 0.215624999987
v 4.19841305314 0.504507504186 2.3
v 3.53481196445 0.459424315819 2.3
v 3.53721426458 0.490533635877 2.3
v 3.54306699467 0.512615281217 2.3
v 3.55181638549 0.530069950276 2.3
v 3.5632480276 0.543879181845 2.3
v 3.57752576761 0.554723149016 2.3
v 3.5951808519 0.562951100007 2.3
v 3.61413021982 0.568038974927 2.3
v 3.63581757467 0.570865867534 2.3
v 3.68917158367 0.569951318931 2.3
v 3.86022431368 0.539727423318 2.3
v 4.05745235562 0.505330435507 2.3
v 4.13248284239 0.500975015837 2.3
v 3.70916224724 1.27831928137 0.574999999971
v 3.78447127563 1.03429304962 1.15
v 3.8437443686 0.785884209227 1.72500000003
v 3.36398966131 1.35241619429 0.287499999977
v 3.44691545157 1.2629489747 0.574999999973
v 3.38219647036 1.21121687002 0.574999999974
v 3.34534742067 1.32992544673 0.287499999977
v 3.35127361662 1.33903598035 0.287499999977
v 3.34098271976 1.3206565551 0.287499999977
v 3.5398489255 0.655378244587 2.01250000002
v 3.53376832244 0.647132686231 2.01250000002
v 3.51083369055 0.761804481229 1.72500000003
v 3.54743059946 0.66316540333 2.01250000002
v 3.56250167313 0.673823295055 2.01250000002
v 3.58172190262 0.804695256155 1.72500000003
v 3.31391146296 1.32891441477 0.143749999986
v 3.3351016663 1.27480176321 0.287499999977
v 3.40702511703 1.24283952431 0.574999999974
v 3.3573394561 1.34615762736 0.287499999977
v 3.4109744539 1.05511896638 0.862499999984
v 3.44567108621 1.131291783 0.862499999984
v 3.51197268795 0.904719941014 1.43750000002
v 3.5217800943 1.03601707235 1.15
v 3.53955816731 0.789935574246 1.72500000003
v 3.55476326163 0.668974390344 2.01250000002
v 3.51909966218 0.603291163278 2.01250000002
v 3.5284525864 0.545935025119 2.15625000001
v 3.30663288947 1.39856553567 0.0718749999921
v 3.31010519076 1.40756582517 0.0718749999921
v 3.32706551846 1.33808914454 0.215624999981
v 3.32841316993 1.3428846168 0.215624999981
v 3.32994230978 1.34732410178 0.215624999981
v 3.41982636338 1.10049398642 0.862499999984
v 3.45383254062 0.988605183381 1.15
v 3.53388722237 0.609498664838 2.08437500002
v 3.53621195851 0.613904152395 2.08437500002
v 3.53863937119 0.617923476118 2.08437500002
v 3.55218970074 0.565673276729 2.22812500001
v 3.33036231887 1.45283775026 0.0359374999958
v 3.33935862037 1.42358598557 0.107812499989
v 3.42469241903 1.06278215901 0.934374999987
v 3.44850384208 1.06156739559 1.00624999999
v 3.48066595292 1.01854549004 1.15
v 3.58124178607 1.07354558675 1.078125
v 3.57965691679 0.603298774905 2.19218750001
v 3.58759218192 0.575528487312 2.2640625
v 3.31689663323 1.38330795808 0.125781249987
v 3.50304678616 1.07726642829 1.04218749999
v 3.5460533224 0.583823618179 2.17421875001
v 1.57805300033 -5.00721966047 2.3
v 1.67166793057 -4.66772519986 2.3
v 1.71769931686 -4.31870958367 2.3
v 1.71447192317 -4.09546539037 2.3
v 1.70031960862 -3.98818750179 2.3
v 1.68765053898 -3.92990544804 2.3
v 2.53527417078 -4.46793638779 0.574999999978
v 2.23921909451 -4.62341528028 1.15
v 2.49451218963 -3.75218940228 0.574999999978
v 1.93367577797 -4.75930338096 1.72500000002
v 2.24510994142 -3.90653273025 1.15
v 1.98619449166 -4.04432291195 1.72500000002
v 1.94999524187 -3.84562719898 1.72500000002
v 5.12225924874 1.15106915029 2.3
v 4.28653741815 0.527781411281 2.3
v 4.39920479839 0.573551106819 2.3
v 4.55949645853 0.660669687301 2.3
v 4.72842505971 0.777108548401 2.3
v 4.93474088338 0.954252166784 2.3
v 4.20922619755 1.42009696027 0.574999999967
v 4.30023670024 1.49321455687 0.574999999967
v 4.29269982155 1.14323621387 1.15
v 4.3882745337 1.2102777614 1.15
v 4.35798399394 0.861531234087 1.72500000003
v 4.45771793694 0.922212657484 1.72500000003
v 1.15106915029 -5.12225924874 2.3
v 1.29445549379 -5.08791558249 2.3
v 1.43682087267 -5.04955896885 2.3
v 2.19051639501 -4.77117781628 0.57499999998
v 2.32363395855 -4.70778345488 0.574999999979
v 1.87546286106 -4.90358432407 1.15
v 2.01242283121 -4.8489848953 1.15
v 1.55246243066 -5.01521288011 1.72500000002
v 1.69268446711 -4.96963973807 1.72500000002
v 1.83157144727 -4.9201469353 1.72500000002
v 5.00721966047 1.57805300033 2.3
v 4.70778345488 2.32363395855 0.574999999964
v 4.77117781628 2.19051639501 0.574999999963
v 4.90358432407 1.87546286106 1.15
v 4.8489848953 2.01242283121 1.15
v 5.01521288011 1.55246243066 1.72500000004
v 4.96963973807 1.69268446711 1.72500000004
v 4.9201469353 1.83157144727 1.72500000004
v 0.504507504186 -4.19841305314 2.3
v 0.527781411281 -4.28653741815 2.3
v 0.573551106819 -4.39920479839 2.3
v 0.660669687301 -4.55949645853 2.3
v 0.777108548401 -4.72842505971 2.3
v 0.954252166784 -4.93474088338 2.3
v 1.42009696027 -4.20922619755 0.574999999987
v 1.49321455687 -4.30023670024 0.574999999986
v 1.14323621387 -4.29269982155 1.15
v 1.2102777614 -4.3882745337 1.15
v 0.861531234087 -4.35798399394 1.72500000001
v 0.922212657484 -4.45771793694 1.72500000001
v 3.88359921655 1.67297851503 2.3
v 4.66772519986 1.67166793057 2.3
v 4.31870958367 1.71769931686 2.3
v 4.09546539037 1.71447192317 2.3
v 3.98818750179 1.70031960862 2.3
v 3.92990544804 1.68765053898 2.3
v 4.46793638779 2.53527417078 0.574999999966
v 4.62341528028 2.23921909451 1.15
v 3.75218940228 2.49451218963 0.574999999972
v 4.75930338096 1.93367577797 1.72500000003
v 3.90653273025 2.24510994142 1.15
v 4.04432291195 1.98619449166 1.72500000003
v 3.84562719898 1.94999524187 1.72500000003
v 0.425034490335 -3.5370541319 2.3
v 0.459424315819 -3.53481196445 2.3
v 0.490533635877 -3.53721426458 2.3
v 0.512615281217 -3.54306699467 2.3
v 0.530069950276 -3.55181638549 2.3
v 0.543879181845 -3.5632480276 2.3
v 0.554723149016 -3.57752576761 2.3
v 0.562951100007 -3.5951808519 2.3
v 0.568038974927 -3.61413021982 2.3
v 0.570865867534 -3.63581757467 2.3
v 0.569951318931 -3.68917158367 2.3
v 0.539727423318 -3.86022431368 2.3
v 0.505330435507 -4.05745235562 2.3
v 0.500975015837 -4.13248284239 2.3
v 1.27831928137 -3.70916224724 0.574999999988
v 1.03429304962 -3.78447127563 1.15
v 0.785884209227 -3.8437443686 1.72500000001
v 1.35241619429 -3.36398966131 0.28749999999
v 0.655378244587 -3.5398489255 2.01250000001
v 0.647132686231 -3.53376832244 2.01250000001
v 0.761804481229 -3.51083369055 1.72500000001
v 0.66316540333 -3.54743059946 2.01250000001
v 0.673823295055 -3.56250167313 2.01250000001
v 0.804695256155 -3.58172190262 1.72500000001
v 1.34783559265 -3.31355336938 0.143749999994
v 1.30128708476 -3.39050648042 0.431249999988
v 1.2629489747 -3.44691545157 0.574999999988
v 1.19024589869 -3.43106354317 0.71874999999
v 1.05511896638 -3.4109744539 0.862499999993
v 0.904719941014 -3.51197268795 1.43750000001
v 1.03601707235 -3.5217800943 1.15
v 0.789935574246 -3.53955816731 1.72500000001
v 0.668974390344 -3.55476326163 2.01250000001
v 0.603291163278 -3.51909966218 2.01250000001
v 0.545935025119 -3.5284525864 2.15625000001
v 1.40586771925 -3.30935209934 0.0718749999966
v 1.41431365741 -3.31360605011 0.0718749999965
v 1.42164260665 -3.31845920124 0.0718749999965
v 1.35440815844 -3.33301475194 0.215624999992
v 1.3502456772 -3.33110986833 0.215624999992
v 1.32992544673 -3.34534742067 0.28749999999
v 1.34615762736 -3.3573394561 0.28749999999
v 1.33903598035 -3.35127361662 0.28749999999
v 1.13062298524 -3.41187962951 0.790624999991
v 1.18600421999 -3.39302591779 0.646874999989
v 0.988605183381 -3.45383254062 1.15
v 0.609498664838 -3.53388722237 2.08437500001
v 0.613904152395 -3.53621195851 2.08437500001
v 0.617923476118 -3.53863937119 2.08437500001
v 0.565673276729 -3.55218970074 2.228125
v 1.46814499283 -3.35695540698 0.0359374999981
v 1.26288119993 -3.34015629123 0.32343749999
v 1.22975111736 -3.41308843434 0.610937499989
v 1.06278215901 -3.42469241903 0.934374999995
v 1.06156739559 -3.44850384208 1.00625
v 1.01854549004 -3.48066595292 1.15
v 1.07354558675 -3.58124178607 1.078125
v 0.603298774905 -3.57965691679 2.19218750001
v 0.575528487312 -3.58759218192 2.2640625
v 1.28957370172 -3.35552031122 0.377343749989
v 1.07726642829 -3.50304678616 1.0421875
v 0.583823618179 -3.5460533224 2.17421875001
v 1.10947853403 -3.45146536162 0.916406249994
v 1.07740922437 -3.45533158985 0.988281249996
v 1.08946279391 -3.42289214849 0.889453124994
v 3.27183163774 1.40944101838 2.3
v 3.84034948163 1.65174652856 2.3
v 3.79540291873 1.62455747577 2.3
v 3.71165434886 1.56231794301 2.3
v 3.46883279881 1.35549843787 2.3
v 3.43395736869 1.33468443855 2.3
v 3.40711020447 1.32343897106 2.3
v 3.38100740484 1.3179679545 2.3
v 3.36030656634 1.31862254605 2.3
v 3.34380089107 1.32314161765 2.3
v 3.31782833173 1.33945816723 2.3
v 3.29822910937 1.36144503439 2.3
v 3.2846696406 1.38300701881 2.3
v 3.27066501359 2.16673374699 0.574999999975
v 3.40470326562 1.9493538985 1.15
v 3.52431477275 1.72371405517 1.72500000002
v 3.33656754506 1.42734198441 2.01250000002
v 3.32825010073 1.54887620873 1.72500000002
v 3.3024118594 1.43012122318 2.01250000002
v 3.31065282802 1.42807298717 2.01250000002
v 3.24591945533 1.53957986471 1.72500000002
v 3.29430893535 1.4331182466 2.01250000002
v 3.06948913961 2.19182252353 0.143749999987
v 2.98382054692 2.10636829475 0.143749999987
v 2.96933563814 2.09893891069 0.143749999987
v 2.87812400021 2.11291858469 0.143749999988
v 3.11099249874 2.05823175667 0.431249999976
v 3.09896183243 1.9679181396 0.574999999977
v 2.91213223822 2.06579488022 0.28749999998
v 2.95353351591 2.04522346961 0.28749999998
v 3.1205349011 1.84789941924 0.862499999986
v 3.05873758556 1.94848521008 0.574999999977
v 3.01853524169 1.94801033494 0.574999999977
v 3.22042892632 1.76213051087 1.15
v 3.23414777587 1.64096267369 1.43750000001
v 3.28584312221 1.53483067713 1.72500000002
v 3.32209295799 1.42675152438 2.01250000002
v 3.25768732994 1.46133361024 2.01250000002
v 3.28104022346 1.40811851708 2.15625000001
v 3.01640710708 2.09240438266 0.215624999983
v 2.92467862494 2.09221244431 0.143749999987
v 3.03640883568 2.0340789815 0.359374999977
v 3.30701838846 1.4057598713 2.08437500002
v 3.30032530399 1.40897001216 2.08437500002
v 3.34108705212 1.34765344413 2.22812500001
v 3.32934711145 1.35179955654 2.22812500001
v 3.31982480971 1.35681800481 2.22812500001
v 2.98955140274 2.06054796395 0.251562499981
v 2.96206402878 2.04385603491 0.28749999998
v 2.99518385052 2.03309244475 0.323437499979
v 2.97513920353 2.03141996497 0.323437499979
v 3.02787734238 1.98407408569 0.467187499976
v 2.97070998845 2.01594510005 0.377343749978
v 3.00377677346 2.01749998496 0.368359374977
v -0.415304091822 -3.53820982438 2.3
v -0.041894077778 -3.56225365973 2.3
v 0.191984108677 -3.55732320039 2.3
v 0.418981195142 -3.53777626914 0.574999999995
v 0.696210236725 -3.49380844905 0.574999999993
v 0.187925953467 -3.55753990317 1.15
v 0.467428191767 -3.53170174451 1.15
v -0.0439255866173 -3.56222917781 1.72500000001
v 0.236665513916 -3.55463016457 1.72500000001
v 0.515787378879 -3.52496376608 1.72500000001
v 2.85066148762 2.13661773207 2.3
v 3.10594920294 1.74484549424 2.3
v 2.98474020667 1.94492471543 2.3
v 2.85431352441 2.13173649327 0.574999999979
v 2.67762175447 2.3498399759 0.57499999998
v 2.98695695439 1.94151860132 1.15
v 2.82482933345 2.17065556077 1.15
v 3.10694375539 1.74307391502 1.72500000002
v 2.96006726662 1.98227342954 1.72500000002
v 2.7948144794 2.2091668561 1.72500000002
v -0.492957714274 -4.19978483717 2.3
v -0.489720286468 -4.15171347479 2.3
v -0.49079341544 -4.09919408311 2.3
v -0.502820146997 -3.99554592768 2.3
v -0.560520317422 -3.68184654419 2.3
v -0.561108054524 -3.64123653607 2.3
v -0.557423332938 -3.6123634761 2.3
v -0.549109972447 -3.58702228023 2.3
v -0.538192660287 -3.56942212398 2.3
v -0.526026191843 -3.55738732569 2.3
v -0.498909365734 -3.54305270429 2.3
v -0.470068569048 -3.53707271341 2.3
v -0.444615608396 -3.5361108612 2.3
v 0.241113961337 -3.91584586253 0.574999999996
v -0.0141616357408 -3.92323646963 1.15
v -0.269377225737 -3.91400315172 1.725
v 0.177758816044 -3.58813336899 0.574999999997
v 0.284403356426 -3.59429121458 0.287499999997
v 0.288999233522 -3.58715071402 0.287499999997
v 0.294448723145 -3.58044679051 0.287499999997
v -0.432169354145 -3.60322324766 2.0125
v -0.32275890629 -3.65678724175 1.725
v -0.412684619937 -3.57503317559 2.0125
v -0.418578928659 -3.58114594576 2.0125
v -0.289644453669 -3.58083863931 1.725
v -0.406037659493 -3.56951434923 2.0125
v 0.366127954873 -3.76055992766 0.143749999998
v 0.332405577189 -3.64208485508 0.143749999998
v 0.158068898044 -3.62318705765 0.574999999997
v 0.154786185246 -3.66773874204 0.574999999997
v 0.0400603901521 -3.62641220737 0.862499999998
v -0.0841646759603 -3.67003851671 1.15
v -0.195958525858 -3.62133547034 1.4375
v -0.313719204197 -3.61303895525 1.725
v -0.425443413995 -3.59039265754 2.0125
v -0.363291635094 -3.55190679043 2.0125
v -0.421053704396 -3.5455234429 2.15625
v 0.369553735587 -3.59139977264 0.071874999999
v 0.304960889057 -3.66626576693 0.215624999998
v -0.436085434067 -3.56684187084 2.084375
v -0.429958828292 -3.56265056009 2.084375
v -0.503441407945 -3.56729298546 2.228125
v -0.493980798936 -3.5591989548 2.228125
v -0.484873544373 -3.55346162373 2.228125
v 0.412761268295 -3.55580198933 0.0359374999995
v 3.38367860751 2.5361228416 2.3
v 2.83152480091 2.16527911084 2.3
v 2.81805059382 2.19342172237 2.3
v 2.81207838409 2.21547135324 2.3
v 2.81092824427 2.23496223547 2.3
v 2.81392372097 2.25263720187 2.3
v 2.82086662293 2.26916722292 2.3
v 2.83204239894 2.28512037964 2.3
v 2.84590909549 2.29900129254 2.3
v 2.86327744942 2.31229313077 2.3
v 2.90994065091 2.33817811295 2.3
v 3.07318860829 2.39752981655 2.3
v 3.26119159686 2.46635517226 2.3
v 3.3283476143 2.50009851157 2.3
v 2.57306909218 2.96163809543 0.574999999981
v 2.76030173977 2.78795969374 1.15
v 2.93583816425 2.60246787392 1.72500000002
v 2.23709240762 2.8532216114 0.287499999985
v 2.73790997275 2.33749867165 2.01250000001
v 2.73676679521 2.32731750711 2.01250000001
v 2.65956892387 2.41515887874 1.72500000002
v 2.74058231563 2.34803338592 2.01250000001
v 2.74830530243 2.36479892774 2.01250000001
v 2.69951452888 2.48774748545 1.72500000002
v 2.19570359835 2.82403654805 0.143749999991
v 2.28562120136 2.82220091323 0.431249999983
v 2.35364185841 2.81720362156 0.574999999983
v 2.37626524104 2.7463149566 0.718749999985
v 2.42643104555 2.61924705585 0.862499999989
v 2.58909759466 2.5394967962 1.43750000001
v 2.53194249203 2.65810715056 1.15
v 2.67037950394 2.4538833583 1.72500000002
v 2.74402809384 2.35673044733 2.01250000001
v 2.74598412426 2.28201530437 2.01250000001
v 2.78276206331 2.23701989377 2.15625000001
v 2.16304912847 2.8721932089 0.0718749999949
v 2.16251018882 2.88163458129 0.0718749999949
v 2.16304866638 2.89040821308 0.0718749999949
v 2.20927136715 2.83945924827 0.215624999988
v 2.20970293017 2.83490199197 0.215624999988
v 2.23219312741 2.82442293234 0.287499999985
v 2.23277009685 2.83527598388 0.287499999985
v 2.23446244443 2.84447643084 0.287499999985
v 2.38946294118 2.68508804208 0.790624999987
v 2.34544453051 2.7236227424 0.646874999984
v 2.4968041289 2.58307347343 1.15
v 2.75568677626 2.29478493851 2.08437500001
v 2.75549731304 2.29976257072 2.08437500001
v 2.75558985222 2.30445711351 2.08437500001
v 2.79259481459 2.25637337885 2.22812500001
v 2.79344988154 2.26598227826 2.22812500001
v 2.1731361654 2.94992856372 0.0359374999973
v 2.26121960085 2.76376534671 0.323437499984
v 2.34094573082 2.77153992513 0.610937499983
v 2.43447955552 2.63274255791 0.934374999992
v 2.45570823449 2.64359625345 1.00624999999
v 2.50507239229 2.62241924575 1.15
v 2.56467357046 2.72033864329 1.078125
v 2.79842443932 2.31230052354 2.19218750001
v 2.81918172431 2.29221838158 2.2640625
v 2.26117898157 2.79456374136 0.377343749983
v 2.49509429332 2.68446348662 1.0421875
v 2.77906045128 2.27863274587 2.17421875001
v 2.43431741643 2.68656927623 0.916406249991
v 2.45370032312 2.6607295535 0.988281249994
v 2.41958015805 2.65494853025 0.88945312499
v -1.13697584343 -5.12540592846 2.3
v -0.886155705362 -4.87820256625 2.3
v -0.671783547377 -4.59896186946 2.3
v -0.562956455642 -4.40401302996 2.3
v -0.521573775274 -4.30403149592 2.3
v -0.503404484553 -4.24722322196 2.3
v -0.0383563564356 -5.13698349971 0.574999999998
v -0.37248701965 -5.12360463222 1.15
v 0.284216225126 -4.496747437 0.574999999995
v -0.705039344079 -5.08851552121 1.725
v -0.00894412156264 -4.50571155582 1.15
v -0.302066569336 -4.49558362868 1.725
v -0.234068182775 -4.30540846874 1.725
v 3.86047205903 3.55798475003 2.3
v 3.44835959275 2.60034081889 2.3
v 3.52304755845 2.69631222807 2.3
v 3.6183049179 2.85190496198 2.3
v 3.7063819474 3.03720827427 2.3
v 3.79648488271 3.29377705974 2.3
v 2.93524833722 3.33445314221 0.574999999979
v 2.97750694626 3.44328008967 0.574999999978
v 3.14596898935 3.13642151451 1.15
v 3.19521834426 3.24226855386 1.15
v 3.34335923099 2.92509993184 1.72500000002
v 3.39939064755 3.02751855754 1.72500000002
v -1.56427449871 -5.01154120932 2.3
v -1.42292644955 -5.05349189365 2.3
v -1.280456108 -5.09145678126 2.3
v -0.341565690237 -5.23887704672 0.575
v -0.488546062658 -5.22721939238 0.575000000001
v -0.827593680504 -5.18436002477 1.15
v -0.681683152666 -5.2055555175 1.15
v -1.16313453668 -5.11953297489 1.725
v -1.01891211992 -5.15017649438 1.725
v -0.873886065471 -5.17675795996 1.725
v 3.54735292813 3.87024381703 2.3
v 3.75903639985 3.66498913294 2.3
v 3.65463590859 3.76910286085 2.3
v 2.91524308817 4.36621776464 0.574999999979
v 3.03670299737 4.28263175363 0.574999999978
v 3.30889716371 4.07599064356 1.15
v 3.19313268629 4.16730174264 1.15
v 3.56707054423 3.85207834343 1.72500000002
v 3.45749202727 3.95072761815 1.72500000002
v 3.34518651269 4.04626086983 1.72500000002
v -1.66229021155 -3.8881861117 2.3
v -1.68619659926 -3.97614100403 2.3
v -1.70289257032 -4.09659866527 2.3
v -1.70759149655 -4.2789746052 2.3
v -1.69121678544 -4.4834904958 2.3
v -1.64096382364 -4.75073704949 2.3
v -0.874773055342 -4.35534529749 0.575000000005
v -0.856956610565 -4.47072150313 0.575000000004
v -1.15627830703 -4.28920520322 1.15
v -1.14600597984 -4.40549610566 1.15
v -1.4328840621 -4.20489046508 1.725
v -1.4301993794 -4.32160330504 1.725
v 2.52680632214 3.39064150228 2.3
v 3.20653463568 3.7815694945 2.3
v 2.8812625526 3.6469260363 2.3
v 2.68954110679 3.53250893472 2.3
v 2.60371188729 3.46661372652 2.3
v 2.55957268298 3.42650096349 2.3
v 2.60170932892 4.42958003135 0.574999999982
v 2.88438553771 4.25092826063 1.15
v 2.00223524737 4.03640562741 0.574999999986
v 3.15483974325 4.05426403688 1.72500000002
v 2.2606016144 3.89758860869 1.15
v 2.50938913702 3.74225634261 1.72500000001
v 2.35541322687 3.61155901621 1.72500000001
v -1.40043639984 -3.27569597796 2.3
v -1.36953285361 -3.29094911673 2.3
v -1.34379254221 -3.30858422969 2.3
v -1.32759564143 -3.32469366531 2.3
v -1.31685415002 -3.34099819455 2.3
v -1.31061082573 -3.35780290281 2.3
v -1.30835854469 -3.37558977195 2.3
v -1.31006047226 -3.39499349895 2.3
v -1.31512892729 -3.41394807042 2.3
v -1.3235244439 -3.43414331696 2.3
v -1.35099347072 -3.47989196984 2.3
v -1.46269449712 -3.61291603161 2.3
v -1.59109718336 -3.76652203237 2.3
v -1.63238433082 -3.82932263013 2.3
v -0.747524151807 -3.85138837355 0.575000000004
v -0.996511581883 -3.7945947894 1.15
v -0.629711830009 -3.61659083311 0.575000000003
v -0.863672943736 -3.56795956438 1.15
v -1.24127649468 -3.72172237347 1.725
v -0.515997632744 -3.5718060772 0.287500000003
v -0.512863025254 -3.58062007179 0.287500000003
v -0.510768049912 -3.58950860191 0.287500000003
v -1.20235025385 -3.39328821733 2.0125
v -1.20645081532 -3.38389948144 2.0125
v -1.09567481182 -3.4213734051 1.725
v -1.19939721353 -3.40374771896 2.0125
v -1.19770274538 -3.42212859748 2.0125
v -1.09397441718 -3.50420978504 1.725
v -0.484337832595 -3.54717127437 0.143750000002
v -0.475178615013 -3.55495809434 0.143750000002
v -0.972475891748 -3.49381753567 1.4375
v -1.085674809 -3.46031507819 1.725
v -1.19803281429 -3.41300248418 2.0125
v -1.23708435781 -3.34927528754 2.0125
v -1.29143269263 -3.32869708843 2.15625
v -0.428310178924 -3.58409499799 0.071875000001
v -0.425211282227 -3.59234898119 0.0718750000009
v -0.422916676628 -3.60125172225 0.0718750000009
v -1.23910228386 -3.3651854411 2.084375
v -1.23644938779 -3.36940146543 2.084375
v -1.23418225768 -3.37351332834 2.084375
v -1.29027136249 -3.35037407381 2.228125
v -1.28620742248 -3.35912315827 2.228125
v -1.26735639326 -3.40172321423 2.1921875
v -1.29537380035 -3.39471021162 2.2640625
v -1.26742057653 -3.36288406946 2.17421875
v 2.128768806 2.85652754592 2.3
v 2.49996694622 3.35062919516 2.3
v 2.47463660733 3.30460950329 2.3
v 2.43322798468 3.20883420186 2.3
v 2.32634810632 2.90831248139 2.3
v 2.30655209752 2.87284931416 2.3
v 2.28892450504 2.84968687154 2.3
v 2.26905432572 2.83189743239 2.3
v 2.25079957793 2.82211390605 2.3
v 2.23424570804 2.81777469923 2.3
v 2.20359453706 2.818918966 2.3
v 2.17562767902 2.82816054032 2.3
v 2.15310384239 2.8400540322 2.3
v 1.74911211554 3.51177897492 0.574999999988
v 1.97388257112 3.39054162988 1.15
v 2.19028909655 3.25493754702 1.72500000001
v 1.64012303405 3.19629405773 0.574999999989
v 1.5352233209 3.24798223906 0.28749999999
v 2.17588126326 2.90439819091 2.01250000001
v 2.10791103302 3.00549119444 1.72500000001
v 2.14491195241 2.88972723946 2.01250000001
v 2.15307295859 2.89207389936 2.01250000001
v 2.0412587746 2.95627500166 1.72500000001
v 2.13639610263 2.88827127586 2.01250000001
v 1.56320385388 3.43980440725 0.143749999993
v 1.53317075333 3.32034079583 0.143749999994
v 1.66646870451 3.34413664297 0.431249999988
v 1.69982060244 3.25374801767 0.574999999988
v 1.77851278813 3.16059529125 0.862499999993
v 1.67470184757 3.21680648361 0.574999999988
v 1.90790800584 3.13626425036 1.15
v 1.98037279665 3.03818925001 1.43750000001
v 2.07820827811 2.97212391801 1.72500000001
v 2.16364113316 2.89664954399 2.01250000001
v 2.09057318019 2.89439569484 2.01250000001
v 2.13740492581 2.85998651906 2.15625000001
v 1.47565696324 3.29502030605 0.0718749999965
v 1.56902900638 3.32755973572 0.215624999991
v 1.53826535054 3.27805572918 0.215624999991
v 1.54329467911 3.25106326231 0.28749999999
v 1.5508450757 3.25494917864 0.28749999999
v 1.61605647366 3.28625231601 0.359374999989
v 2.16108199954 2.87093295439 2.08437500001
v 2.15368054793 2.8703664757 2.08437500001
v 2.21963954133 2.83764564417 2.228125
v 2.20739939826 2.83536631251 2.228125
v 2.19664361891 2.83495126533 2.228125
v 1.42982283884 3.28709841808 0.0359374999982
v 1.42043925062 3.28579548774 0.0359374999982
v 1.45373565229 3.27488953404 0.107812499995
v 1.57972336135 3.26049897943 0.323437499989
v 1.63258138583 3.23435580951 0.467187499988
v 1.49933056504 3.28868149218 0.125781249994
v -2.128768806 -2.85652754592 2.3
v -1.89726626018 -3.01525902502 2.3
v -1.65398535667 -3.1552715715 2.3
v -1.40603977587 -3.27329471955 0.575000000009
v -1.14396847315 -3.3738319912 0.575000000007
v -1.61602130185 -3.17488290786 1.15
v -1.36104618374 -3.29225752522 1.15
v -1.81915526279 -3.06301816877 1.72499999999
v -1.57235673504 -3.19673278054 1.72499999999
v -1.31579690998 -3.31060185828 1.72499999999
v 1.40043639984 3.27569597796 2.3
v 1.81740816549 3.06405512516 2.3
v 1.61239848496 3.17672431535 2.3
v 1.40603977587 3.27329471955 0.574999999991
v 1.14396847315 3.3738319912 0.574999999993
v 1.61602130185 3.17488290786 1.15
v 1.36104618374 3.29225752522 1.15
v 1.81915526279 3.06301816877 1.72500000001
v 1.57235673504 3.19673278054 1.72500000001
v 1.31579690998 3.31060185828 1.72500000001
v -2.52680632214 -3.39064150228 2.3
v -2.49996694622 -3.35062919516 2.3
v -2.47463660733 -3.30460950329 2.3
v -2.43322798468 -3.20883420186 2.3
v -2.32634810632 -2.90831248139 2.3
v -2.30655209752 -2.87284931416 2.3
v -2.28892450504 -2.84968687154 2.3
v -2.26905432572 -2.83189743239 2.3
v -2.25079957793 -2.82211390605 2.3
v -2.23424570804 -2.81777469923 2.3
v -2.20359453706 -2.818918966 2.3
v -2.17562767902 -2.82816054032 2.3
v -2.15310384239 -2.8400540322 2.3
v -1.74911211554 -3.51177897492 0.575000000012
v -1.97388257112 -3.39054162988 1.15
v -2.19028909655 -3.25493754702 1.72499999999
v -1.64012303405 -3.19629405773 0.575000000011
v -1.5508450757 -3.25494917864 0.28750000001
v -1.54329467911 -3.25106326231 0.28750000001
v -1.5352233209 -3.24798223906 0.28750000001
v -2.17588126326 -2.90439819091 2.01249999999
v -2.10791103302 -3.00549119444 1.72499999999
v -2.14491195241 -2.88972723946 2.01249999999
v -2.15307295859 -2.89207389936 2.01249999999
v -2.0412587746 -2.95627500166 1.72499999999
v -2.13639610263 -2.88827127586 2.01249999999
v -1.56431076757 -3.44932783526 0.143750000007
v -1.43606920708 -3.26890317058 0.143750000006
v -1.66827018337 -3.35270570761 0.431250000012
v -1.69982060244 -3.25374801767 0.575000000012
v -1.48908305737 -3.24509696439 0.28750000001
v -1.67470184757 -3.21680648361 0.575000000012
v -1.56032427279 -3.26148887743 0.28750000001
v -1.77851278813 -3.16059529125 0.862500000007
v -1.90790800584 -3.13626425036 1.15
v -1.98037279665 -3.03818925001 1.43749999999
v -2.07820827811 -2.97212391801 1.72499999999
v -2.16364113316 -2.89664954399 2.01249999999
v -2.09057318019 -2.89439569484 2.01249999999
v -2.13740492581 -2.85998651906 2.15624999999
v -1.57274208265 -3.33798973401 0.215625000009
v -1.44620858698 -3.28187028815 0.0718750000034
v -1.45654506094 -3.28487301353 0.0718750000034
v -1.50281569782 -3.2586636196 0.215625000008
v -2.16108199954 -2.87093295439 2.08437499999
v -2.15368054793 -2.8703664757 2.08437499999
v -2.21963954133 -2.83764564417 2.228125
v -2.20739939826 -2.83536631251 2.228125
v -2.19664361891 -2.83495126533 2.228125
v -1.47099124938 -3.30841238995 0.0359375000018
v -1.52111675249 -3.30117306262 0.143750000006
v -1.54561076429 -3.28583085871 0.215625000009
v -1.48605182562 -3.27397103149 0.143750000006
v 1.66229021155 3.8881861117 2.3
v 1.36953285361 3.29094911673 2.3
v 1.34379254221 3.30858422969 2.3
v 1.32759564143 3.32469366531 2.3
v 1.31685415002 3.34099819455 2.3
v 1.31061082573 3.35780290281 2.3
v 1.30835854469 3.37558977195 2.3
v 1.31006047226 3.39499349895 2.3
v 1.31512892729 3.41394807042 2.3
v 1.3235244439 3.43414331696 2.3
v 1.35099347072 3.47989196984 2.3
v 1.46269449712 3.61291603161 2.3
v 1.59109718336 3.76652203237 2.3
v 1.63238433082 3.82932263013 2.3
v 0.747524151807 3.85138837355 0.574999999996
v 0.996511581883 3.7945947894 1.15
v 1.24127649468 3.72172237347 1.725
v 0.510768049912 3.58950860191 0.287499999997
v 0.629711830009 3.61659083311 0.574999999997
v 0.642153656248 3.53467649893 0.574999999997
v 0.520924488322 3.56211857415 0.287499999997
v 0.515997632744 3.5718060772 0.287499999997
v 0.526769233491 3.55370418647 0.287499999997
v 1.20235025385 3.39328821733 2.0125
v 1.20645081532 3.38389948144 2.0125
v 1.09567481182 3.4213734051 1.725
v 1.19939721353 3.40374771896 2.0125
v 1.19770274538 3.42212859748 2.0125
v 1.09397441718 3.50420978504 1.725
v 0.506082088837 3.5343887202 0.143749999998
v 0.56354012142 3.52568364883 0.287499999997
v 0.627181957636 3.57199006483 0.574999999997
v 0.512863025254 3.58062007179 0.287499999997
v 0.791727398048 3.48155001193 0.862499999998
v 0.743108119936 3.54968458524 0.862499999998
v 0.972475891748 3.49381753567 1.4375
v 0.863672943736 3.56795956438 1.15
v 1.085674809 3.46031507819 1.725
v 1.19803281429 3.41300248418 2.0125
v 1.23708435781 3.34927528754 2.0125
v 1.29143269263 3.32869708843 2.15625
v 0.504713567534 3.55036783131 0.215624999998
v 0.501234392465 3.55393266785 0.215624999998
v 0.498154255616 3.55747668429 0.215624999998
v 0.756857432733 3.51190350043 0.862499999998
v 0.870759067187 3.48540931228 1.15
v 1.23910228386 3.3651854411 2.084375
v 1.23644938779 3.36940146543 2.084375
v 1.23418225768 3.37351332834 2.084375
v 1.28620742248 3.35912315827 2.228125
v 0.436817682208 3.60376239037 0.107812499999
v 0.791949861123 3.49726171453 0.934374999998
v 0.804907588625 3.51727563008 1.00625
v 0.858246707171 3.52361788234 1.15
v 0.860903142787 3.63821915721 1.078125
v 1.26735639326 3.40172321423 2.1921875
v 1.29537380035 3.39471021162 2.2640625
v 0.460468483655 3.56417072514 0.125781249998
v 0.818583299538 3.5723607216 1.0421875
v 1.26742057653 3.36288406946 2.17421875
v -3.54735292813 -3.87024381703 2.3
v -3.20653463568 -3.7815694945 2.3
v -2.8812625526 -3.6469260363 2.3
v -2.68954110679 -3.53250893472 2.3
v -2.60371188729 -3.46661372652 2.3
v -2.55957268298 -3.42650096349 2.3
v -2.60170932892 -4.42958003135 0.575000000018
v -2.88438553771 -4.25092826063 1.15
v -2.00223524737 -4.03640562741 0.575000000014
v -3.15483974325 -4.05426403688 1.72499999998
v -2.2606016144 -3.89758860869 1.15
v -2.50938913702 -3.74225634261 1.72499999999
v -2.35541322687 -3.61155901621 1.72499999999
v 1.56427449871 5.01154120932 2.3
v 1.68619659926 3.97614100403 2.3
v 1.70289257032 4.09659866527 2.3
v 1.70759149655 4.2789746052 2.3
v 1.69121678544 4.4834904958 2.3
v 1.64096382364 4.75073704949 2.3
v 0.874773055342 4.35534529749 0.574999999995
v 0.856956610565 4.47072150313 0.574999999996
v 1.15627830703 4.28920520322 1.15
v 1.14600597984 4.40549610566 1.15
v 1.4328840621 4.20489046508 1.725
v 1.4301993794 4.32160330504 1.725
v -3.86047205903 -3.55798475003 2.3
v -3.75903639985 -3.66498913294 2.3
v -3.65463590859 -3.76910286085 2.3
v -3.03670299737 -4.28263175363 0.575000000022
v -2.91524308817 -4.36621776464 0.575000000021
v -3.30889716371 -4.07599064356 1.15
v -3.19313268629 -4.16730174264 1.15
v -3.56707054423 -3.85207834343 1.72499999998
v -3.45749202727 -3.95072761815 1.72499999998
v -3.34518651269 -4.04626086983 1.72499999998
v 1.13697584343 5.12540592846 2.3
v 1.42292644955 5.05349189365 2.3
v 1.280456108 5.09145678126 2.3
v 0.488546062658 5.22721939238 0.574999999999
v 0.341565690237 5.23887704672 0.575
v 0.827593680504 5.18436002477 1.15
v 0.681683152666 5.2055555175 1.15
v 1.16313453668 5.11953297489 1.725
v 1.01891211992 5.15017649438 1.725
v 0.873886065471 5.17675795996 1.725
v -3.38367860751 -2.5361228416 2.3
v -3.44835959275 -2.60034081889 2.3
v -3.52304755845 -2.69631222807 2.3
v -3.6183049179 -2.85190496198 2.3
v -3.7063819474 -3.03720827427 2.3
v -3.79648488271 -3.29377705974 2.3
v -2.93524833722 -3.33445314221 0.575000000021
v -2.97750694626 -3.44328008967 0.575000000022
v -3.14596898935 -3.13642151451 1.15
v -3.19521834426 -3.24226855386 1.15
v -3.34335923099 -2.92509993184 1.72499999998
v -3.39939064755 -3.02751855754 1.72499999998
v 0.492957714274 4.19978483717 2.3
v 0.886155705362 4.87820256625 2.3
v 0.671783547377 4.59896186946 2.3
v 0.562956455642 4.40401302996 2.3
v 0.521573775274 4.30403149592 2.3
v 0.503404484553 4.24722322196 2.3
v 0.0383563564356 5.13698349971 0.575000000002
v 0.37248701965 5.12360463222 1.15
v -0.284216225126 4.496747437 0.575000000005
v 0.705039344079 5.08851552121 1.725
v 0.00894412156264 4.50571155582 1.15
v 0.302066569336 4.49558362868 1.725
v 0.234068182775 4.30540846874 1.725
v -2.85066148762 -2.13661773207 2.3
v -2.83152480091 -2.16527911084 2.3
v -2.81805059382 -2.19342172237 2.3
v -2.81207838409 -2.21547135324 2.3
v -2.81092824427 -2.23496223547 2.3
v -2.81392372097 -2.25263720187 2.3
v -2.82086662293 -2.26916722292 2.3
v -2.83204239894 -2.28512037964 2.3
v -2.84590909549 -2.29900129254 2.3
v -2.86327744942 -2.31229313077 2.3
v -2.90994065091 -2.33817811295 2.3
v -3.07318860829 -2.39752981655 2.3
v -3.26119159686 -2.46635517226 2.3
v -3.3283476143 -2.50009851157 2.3
v -2.57306909218 -2.96163809543 0.575000000019
v -2.76030173977 -2.78795969374 1.15
v -2.93583816425 -2.60246787392 1.72499999998
v -2.23709240762 -2.8532216114 0.287500000015
v -2.35364185841 -2.81720362156 0.575000000017
v -2.32345962891 -2.74004281411 0.575000000017
v -2.23219312741 -2.82442293234 0.287500000015
v -2.23277009685 -2.83527598388 0.287500000015
v -2.23304763137 -2.81421348627 0.287500000015
v -2.73790997275 -2.33749867165 2.01249999999
v -2.73676679521 -2.32731750711 2.01249999999
v -2.65956892387 -2.41515887874 1.72499999998
v -2.74058231563 -2.34803338592 2.01249999999
v -2.74830530243 -2.36479892774 2.01249999999
v -2.69951452888 -2.48774748545 1.72499999998
v -2.20547430543 -2.80782937412 0.143750000009
v -2.25088188562 -2.77156154488 0.287500000015
v -2.32915054052 -2.77984315939 0.575000000017
v -2.23446244443 -2.84447643084 0.287500000015
v -2.42643104555 -2.61924705585 0.862500000011
v -2.41839280224 -2.70256296627 0.862500000011
v -2.58909759466 -2.5394967962 1.43749999999
v -2.53194249203 -2.65810715056 1.15
v -2.67037950394 -2.4538833583 1.72499999998
v -2.74402809384 -2.35673044733 2.01249999999
v -2.74598412426 -2.28201530437 2.01249999999
v -2.78276206331 -2.23701989377 2.15624999999
v -2.16434531544 -2.86450972748 0.0718750000051
v -2.16285227181 -2.87404035747 0.0718750000051
v -2.21227868678 -2.82235195093 0.215625000012
v -2.21104805105 -2.82717877747 0.215625000012
v -2.21015258251 -2.83178805416 0.215625000012
v -2.411409514 -2.66296893064 0.862500000011
v -2.45570823449 -2.64359625345 1.00625000001
v -2.4968041289 -2.58307347343 1.15
v -2.75568677626 -2.29478493851 2.08437499999
v -2.75549731304 -2.29976257072 2.08437499999
v -2.75558985222 -2.30445711351 2.08437499999
v -2.79344988154 -2.26598227826 2.22812499999
v -2.15775949681 -2.92337555874 0.0359375000027
v -2.1801764048 -2.90254093816 0.107812500007
v -2.50507239229 -2.62241924575 1.15
v -2.56467357046 -2.72033864329 1.078125
v -2.79842443932 -2.31230052354 2.19218749999
v -2.81918172431 -2.29221838158 2.2640625
v -2.18086276706 -2.85642814957 0.125781250008
v -2.49509429332 -2.68446348662 1.0421875
v -2.77906045128 -2.27863274587 2.17421874999
v 0.415304091822 3.53820982438 2.3
v 0.489720286468 4.15171347479 2.3
v 0.49079341544 4.09919408311 2.3
v 0.502820146997 3.99554592768 2.3
v 0.560520317422 3.68184654419 2.3
v 0.561108054524 3.64123653607 2.3
v 0.557423332938 3.6123634761 2.3
v 0.549109972447 3.58702228023 2.3
v 0.538192660287 3.56942212398 2.3
v 0.526026191843 3.55738732569 2.3
v 0.498909365734 3.54305270429 2.3
v 0.470068569048 3.53707271341 2.3
v 0.444615608396 3.5361108612 2.3
v -0.241113961337 3.91584586253 0.575000000004
v 0.0141616357408 3.92323646963 1.15
v 0.269377225737 3.91400315172 1.725
v -0.177758816044 3.58813336899 0.575000000003
v -0.284403356426 3.59429121458 0.287500000003
v -0.288999233522 3.58715071402 0.287500000003
v -0.294448723145 3.58044679051 0.287500000003
v 0.432169354145 3.60322324766 2.0125
v 0.32275890629 3.65678724175 1.725
v 0.412684619937 3.57503317559 2.0125
v 0.418578928659 3.58114594576 2.0125
v 0.289644453669 3.58083863931 1.725
v 0.406037659493 3.56951434923 2.0125
v -0.369931053505 3.7693609151 0.143750000002
v -0.158068898044 3.62318705765 0.575000000003
v -0.279463980333 3.60469435841 0.287500000003
v -0.154786185246 3.66773874204 0.575000000003
v -0.0400603901521 3.62641220737 0.862500000002
v 0.0841646759603 3.67003851671 1.15
v 0.195958525858 3.62133547034 1.4375
v 0.313719204197 3.61303895525 1.725
v 0.425443413995 3.59039265754 2.0125
v 0.363291635094 3.55190679043 2.0125
v 0.421053704396 3.5455234429 2.15625
v -0.30696026983 3.67715494855 0.215625000002
v 0.436085434067 3.56684187084 2.084375
v 0.429958828292 3.56265056009 2.084375
v 0.503441407945 3.56729298546 2.228125
v 0.493980798936 3.5591989548 2.228125
v 0.484873544373 3.55346162373 2.228125
v -0.347745820322 3.62006601409 0.107812500001
v -0.288554297353 3.62714971468 0.251562500003
v -0.381135072222 3.58236575759 0.0539062500007
v -0.387843865988 3.57282401921 0.0539062500008
v -3.27183163774 -1.40944101838 2.3
v -3.10594920294 -1.74484549424 2.3
v -2.98474020667 -1.94492471543 2.3
v -2.85431352441 -2.13173649327 0.575000000021
v -2.67762175447 -2.3498399759 0.57500000002
v -2.98695695439 -1.94151860132 1.15
v -2.82482933345 -2.17065556077 1.15
v -3.10694375539 -1.74307391502 1.72499999998
v -2.96006726662 -1.98227342954 1.72499999998
v -2.7948144794 -2.2091668561 1.72499999998
v -0.425034490335 3.5370541319 2.3
v 0.135451266545 3.55992404475 2.3
v -0.145242449386 3.55953801509 2.3
v -0.418981195142 3.53777626914 0.575000000005
v -0.696210236725 3.49380844905 0.575000000007
v -0.187925953467 3.55753990317 1.15
v -0.467428191767 3.53170174451 1.15
v 0.0439255866173 3.56222917781 1.72499999999
v -0.236665513916 3.55463016457 1.72499999999
v -0.515787378879 3.52496376608 1.72499999999
v -3.88359921655 -1.67297851503 2.3
v -3.84034948163 -1.65174652856 2.3
v -3.79540291873 -1.62455747577 2.3
v -3.71165434886 -1.56231794301 2.3
v -3.46883279881 -1.35549843787 2.3
v -3.43395736869 -1.33468443855 2.3
v -3.40711020447 -1.32343897106 2.3
v -3.38100740484 -1.3179679545 2.3
v -3.36030656634 -1.31862254605 2.3
v -3.34380089107 -1.32314161765 2.3
v -3.31782833173 -1.33945816723 2.3
v -3.29822910937 -1.36144503439 2.3
v -3.2846696406 -1.38300701881 2.3
v -3.27066501359 -2.16673374699 0.575000000025
v -3.40470326562 -1.9493538985 1.15
v -3.52431477275 -1.72371405517 1.72499999998
v -3.01853524169 -1.94801033494 0.575000000023
v -2.95353351591 -2.04522346961 0.28750000002
v -3.33656754506 -1.42734198441 2.01249999998
v -3.32825010073 -1.54887620873 1.72499999998
v -3.3024118594 -1.43012122318 2.01249999998
v -3.31065282802 -1.42807298717 2.01249999998
v -3.24591945533 -1.53957986471 1.72499999998
v -3.29430893535 -1.4331182466 2.01249999998
v -3.07367645237 -2.19735607379 0.143750000013
v -2.98793521864 -2.10891410175 0.143750000013
v -3.1152725542 -2.06287293429 0.431250000024
v -3.09896183243 -1.9679181396 0.575000000023
v -3.1205349011 -1.84789941924 0.862500000014
v -3.05873758556 -1.94848521008 0.575000000023
v -3.22042892632 -1.76213051087 1.15
v -3.23414777587 -1.64096267369 1.43749999999
v -3.28584312221 -1.53483067713 1.72499999998
v -3.32209295799 -1.42675152438 2.01249999998
v -3.25768732994 -1.46133361024 2.01249999998
v -3.28104022346 -1.40811851708 2.15624999999
v -2.92546657046 -2.1157428094 0.071875000007
v -3.02259884666 -2.09723676055 0.215625000017
v -2.97120473592 -2.06974686122 0.215625000017
v -2.96206402878 -2.04385603491 0.28750000002
v -2.97054582221 -2.04344613888 0.28750000002
v -3.04267211814 -2.03794975208 0.359375000023
v -3.30701838846 -1.4057598713 2.08437499998
v -3.30032530399 -1.40897001216 2.08437499998
v -3.34108705212 -1.34765344413 2.22812499999
v -3.32934711145 -1.35179955654 2.22812499999
v -3.31982480971 -1.35681800481 2.22812499999
v -2.87303421944 -2.13536273871 0.0359375000036
v -2.89641677229 -2.10926970492 0.10781250001
v -2.9983300516 -2.03381326453 0.323437500021
v -3.03103485863 -1.984743603 0.467187500024
v -2.94279910408 -2.09841643467 0.125781250011
v -0.504507504186 4.19841305314 2.3
v -0.459424315819 3.53481196445 2.3
v -0.490533635877 3.53721426458 2.3
v -0.512615281217 3.54306699467 2.3
v -0.530069950276 3.55181638549 2.3
v -0.543879181845 3.5632480276 2.3
v -0.554723149016 3.57752576761 2.3
v -0.562951100007 3.5951808519 2.3
v -0.568038974927 3.61413021982 2.3
v -0.570865867534 3.63581757467 2.3
v -0.569951318931 3.68917158367 2.3
v -0.539727423318 3.86022431368 2.3
v -0.505330435507 4.05745235562 2.3
v -0.500975015837 4.13248284239 2.3
v -1.27831928137 3.70916224724 0.575000000012
v -1.03429304962 3.78447127563 1.15
v -0.785884209227 3.8437443686 1.72499999999
v -1.35241619429 3.36398966131 0.28750000001
v -1.2629489747 3.44691545157 0.575000000012
v -1.21121687002 3.38219647036 0.575000000011
v -1.32992544673 3.34534742067 0.28750000001
v -1.33903598035 3.35127361662 0.28750000001
v -1.3206565551 3.34098271976 0.28750000001
v -0.655378244587 3.5398489255 2.01249999999
v -0.647132686231 3.53376832244 2.01249999999
v -0.761804481229 3.51083369055 1.72499999999
v -0.66316540333 3.54743059946 2.01249999999
v -0.673823295055 3.56250167313 2.01249999999
v -0.804695256155 3.58172190262 1.72499999999
v -1.32891441477 3.31391146296 0.143750000006
v -1.27480176321 3.3351016663 0.28750000001
v -1.24283952431 3.40702511703 0.575000000012
v -1.34615762736 3.3573394561 0.28750000001
v -1.05511896638 3.4109744539 0.862500000007
v -1.131291783 3.44567108621 0.862500000007
v -0.904719941014 3.51197268795 1.43749999999
v -1.03601707235 3.5217800943 1.15
v -0.789935574246 3.53955816731 1.72499999999
v -0.668974390344 3.55476326163 2.01249999999
v -0.545935025119 3.5284525864 2.15624999999
v -1.39856553567 3.30663288947 0.0718750000034
v -1.40756582517 3.31010519076 0.0718750000034
v -1.33808914454 3.32706551846 0.215625000008
v -1.3428846168 3.32841316993 0.215625000008
v -1.34732410178 3.32994230978 0.215625000008
v -1.10049398642 3.41982636338 0.862500000007
v -0.988605183381 3.45383254062 1.15
v -0.609498664838 3.53388722237 2.08437499999
v -0.613904152395 3.53621195851 2.08437499999
v -0.617923476118 3.53863937119 2.08437499999
v -0.557779259212 3.54664474134 2.228125
v -0.565673276729 3.55218970074 2.228125
v -1.45283775026 3.33036231887 0.0359375000018
v -1.42358598557 3.33935862037 0.107812500005
v -1.06278215901 3.42469241903 0.934375000005
v -1.06156739559 3.44850384208 1.00625
v -1.01854549004 3.48066595292 1.15
v -1.07354558675 3.58124178607 1.078125
v -0.603298774905 3.57965691679 2.19218749999
v -0.575528487312 3.58759218192 2.2640625
v -1.38330795808 3.31689663323 0.125781250006
v -1.07726642829 3.50304678616 1.0421875
v -0.583823618179 3.5460533224 2.17421874999
v -5.00721966047 -1.57805300033 2.3
v -4.66772519986 -1.67166793057 2.3
v -4.31870958367 -1.71769931686 2.3
v -4.09546539037 -1.71447192317 2.3
v -3.98818750179 -1.70031960862 2.3
v -3.92990544804 -1.68765053898 2.3
v -4.46793638779 -2.53527417078 0.575000000034
v -4.62341528028 -2.23921909451 1.15
v -3.75218940228 -2.49451218963 0.575000000028
v -4.75930338096 -1.93367577797 1.72499999997
v -3.90653273025 -2.24510994142 1.15
v -4.04432291195 -1.98619449166 1.72499999997
v -3.84562719898 -1.94999524187 1.72499999997
v -1.15106915029 5.12225924874 2.3
v -0.527781411281 4.28653741815 2.3
v -0.573551106819 4.39920479839 2.3
v -0.660669687301 4.55949645853 2.3
v -0.777108548401 4.72842505971 2.3
v -0.954252166784 4.93474088338 2.3
v -1.42009696027 4.20922619755 0.575000000013
v -1.49321455687 4.30023670024 0.575000000014
v -1.14323621387 4.29269982155 1.15
v -1.2102777614 4.3882745337 1.15
v -0.861531234087 4.35798399394 1.72499999999
v -0.922212657484 4.45771793694 1.72499999999
v -5.12225924874 -1.15106915029 2.3
v -4.77117781628 -2.19051639501 0.575000000037
v -4.70778345488 -2.32363395855 0.575000000036
v -4.90358432407 -1.87546286106 1.15
v -4.8489848953 -2.01242283121 1.15
v -5.01521288011 -1.55246243066 1.72499999996
v -4.96963973807 -1.69268446711 1.72499999996
v -4.9201469353 -1.83157144727 1.72499999996
v -1.57805300033 5.00721966047 2.3
v -2.32363395855 4.70778345488 0.575000000021
v -2.19051639501 4.77117781628 0.57500000002
v -1.87546286106 4.90358432407 1.15
v -2.01242283121 4.8489848953 1.15
v -1.55246243066 5.01521288011 1.72499999998
v -1.69268446711 4.96963973807 1.72499999998
v -1.83157144727 4.9201469353 1.72499999998
v -4.19841305314 -0.504507504186 2.3
v -4.28653741815 -0.527781411281 2.3
v -4.39920479839 -0.573551106819 2.3
v -4.55949645853 -0.660669687301 2.3
v -4.72842505971 -0.777108548401 2.3
v -4.93474088338 -0.954252166784 2.3
v -4.20922619755 -1.42009696027 0.575000000033
v -4.30023670024 -1.49321455687 0.575000000033
v -4.29269982155 -1.14323621387 1.15
v -4.3882745337 -1.2102777614 1.15
v -4.35798399394 -0.861531234087 1.72499999997
v -4.45771793694 -0.922212657484 1.72499999997
v -1.67297851503 3.88359921655 2.3
v -1.67166793057 4.66772519986 2.3
v -1.71769931686 4.31870958367 2.3
v -1.71447192317 4.09546539037 2.3
v -1.70031960862 3.98818750179 2.3
v -1.68765053898 3.92990544804 2.3
v -2.53527417078 4.46793638779 0.575000000022
v -2.23921909451 4.62341528028 1.15
v -2.49451218963 3.75218940228 0.575000000022
v -1.93367577797 4.75930338096 1.72499999998
v -2.24510994142 3.90653273025 1.15
v -1.98619449166 4.04432291195 1.72499999998
v -1.94999524187 3.84562719898 1.72499999998
v -3.5370541319 -0.425034490335 2.3
v -3.53481196445 -0.459424315819 2.3
v -3.53721426458 -0.490533635877 2.3
v -3.54306699467 -0.512615281217 2.3
v -3.55181638549 -0.530069950276 2.3
v -3.5632480276 -0.543879181845 2.3
v -3.57752576761 -0.554723149016 2.3
v -3.5951808519 -0.562951100007 2.3
v -3.61413021982 -0.568038974927 2.3
v -3.63581757467 -0.570865867534 2.3
v -3.68917158367 -0.569951318931 2.3
v -3.86022431368 -0.539727423318 2.3
v -4.05745235562 -0.505330435507 2.3
v -4.13248284239 -0.500975015837 2.3
v -3.70916224724 -1.27831928137 0.575000000029
v -3.78447127563 -1.03429304962 1.15
v -3.8437443686 -0.785884209227 1.72499999997
v -3.36398966131 -1.35241619429 0.287500000023
v -3.44691545157 -1.2629489747 0.575000000027
v -3.38219647036 -1.21121687002 0.575000000026
v -3.34534742067 -1.32992544673 0.287500000023
v -3.35127361662 -1.33903598035 0.287500000023
v -3.34098271976 -1.3206565551 0.287500000023
v -3.5398489255 -0.655378244587 2.01249999998
v -3.53376832244 -0.647132686231 2.01249999998
v -3.51083369055 -0.761804481229 1.72499999997
v -3.54743059946 -0.66316540333 2.01249999998
v -3.56250167313 -0.673823295055 2.01249999998
v -3.58172190262 -0.804695256155 1.72499999997
v -3.31391146296 -1.32891441477 0.143750000014
v -3.3351016663 -1.27480176321 0.287500000023
v -3.40702511703 -1.24283952431 0.575000000026
v -3.3573394561 -1.34615762736 0.287500000023
v -3.4109744539 -1.05511896638 0.862500000016
v -3.44567108621 -1.131291783 0.862500000016
v -3.5217800943 -1.03601707235 1.15
v -3.51197268795 -0.904719941014 1.43749999998
v -3.53955816731 -0.789935574246 1.72499999997
v -3.55476326163 -0.668974390344 2.01249999998
v -3.5284525864 -0.545935025119 2.15624999999
v -3.30663288947 -1.39856553567 0.0718750000079
v -3.31010519076 -1.40756582517 0.0718750000079
v -3.32706551846 -1.33808914454 0.215625000019
v -3.32841316993 -1.3428846168 0.215625000019
v -3.32994230978 -1.34732410178 0.215625000019
v -3.41982636338 -1.10049398642 0.862500000016
v -3.45383254062 -0.988605183381 1.15
v -3.53388722237 -0.609498664838 2.08437499998
v -3.53621195851 -0.613904152395 2.08437499998
v -3.53863937119 -0.617923476118 2.08437499998
v -3.54664474134 -0.557779259212 2.22812499999
v -3.55218970074 -0.565673276729 2.22812499999
v -3.33935862037 -1.42358598557 0.107812500011
v -3.48066595292 -1.01854549004 1.15
v -3.57965691679 -0.603298774905 2.19218749999
v -3.58759218192 -0.575528487312 2.2640625
v -3.31689663323 -1.38330795808 0.125781250013
v -3.5460533224 -0.583823618179 2.17421874999
v -1.40944101838 3.27183163774 2.3
v -1.65174652856 3.84034948163 2.3
v -1.62455747577 3.79540291873 2.3
v -1.56231794301 3.71165434886 2.3
v -1.35549843787 3.46883279881 2.3
v -1.33468443855 3.43395736869 2.3
v -1.32343897106 3.40711020447 2.3
v -1.3179679545 3.38100740484 2.3
v -1.31862254605 3.36030656634 2.3
v -1.32314161765 3.34380089107 2.3
v -1.33945816723 3.31782833173 2.3
v -1.36144503439 3.29822910937 2.3
v -1.38300701881 3.2846696406 2.3
v -2.16673374699 3.27066501359 0.575000000019
v -1.9493538985 3.40470326562 1.15
v -1.76213051087 3.22042892632 1.15
v -1.9679181396 3.09896183243 0.575000000017
v -1.72371405517 3.52431477275 1.72499999998
v -1.94801033494 3.01853524169 0.575000000017
v -2.04344613888 2.97054582221 0.287500000015
v -2.04385603491 2.96206402878 0.287500000015
v -2.04522346961 2.95353351591 0.287500000015
v -1.42734198441 3.33656754506 2.01249999999
v -1.54887620873 3.32825010073 1.72499999998
v -1.43012122318 3.3024118594 2.01249999999
v -1.42807298717 3.31065282802 2.01249999999
v -1.53957986471 3.24591945533 1.72499999998
v -1.4331182466 3.29430893535 2.01249999999
v -2.20505014754 3.07939678176 0.14375000001
v -2.06939322252 3.12111721298 0.431250000018
v -1.94848521008 3.05873758556 0.575000000017
v -2.04437008561 2.98202489709 0.287500000015
v -1.64096267369 3.23414777587 1.43749999999
v -1.53483067713 3.28584312221 1.72499999998
v -1.42675152438 3.32209295799 2.01249999999
v -1.46133361024 3.25768732994 2.01249999999
v -1.40811851708 3.28104022346 2.15624999999
v -2.1044128659 3.03102946418 0.215625000013
v -1.4057598713 3.30701838846 2.08437499999
v -1.40897001216 3.30032530399 2.08437499999
v -1.34765344413 3.34108705212 2.22812499999
v -1.35179955654 3.32934711145 2.22812499999
v -1.35681800481 3.31982480971 2.22812499999
v -2.06347020922 2.99692664756 0.251562500014
v -2.09747387703 2.92991640114 0.125781250008
v -2.12876651055 2.87513806539 0.0628906250046
v -2.13396174109 2.86622452193 0.0628906250046
v -3.53820982438 0.415304091822 2.3
v -3.55992404475 0.135451266545 2.3
v -3.55953801509 -0.145242449386 2.3
v -3.53777626914 -0.418981195142 0.575000000028
v -3.49380844905 -0.696210236725 0.575000000027
v -3.55753990317 -0.187925953467 1.15
v -3.53170174451 -0.467428191767 1.15
v -3.56222917781 0.0439255866173 1.72499999997
v -3.55463016457 -0.236665513916 1.72499999997
v -3.52496376608 -0.515787378879 1.72499999997
v -2.13661773207 2.85066148762 2.3
v -1.66265778457 3.15071029157 2.3
v -1.90555265842 3.01002912211 2.3
v -2.13173649327 2.85431352441 0.575000000018
v -2.3498399759 2.67762175447 0.57500000002
v -1.94151860132 2.98695695439 1.15
v -2.17065556077 2.82482933345 1.15
v -1.74307391502 3.10694375539 1.72499999998
v -1.98227342954 2.96006726662 1.72499999998
v -2.2091668561 2.7948144794 1.72499999998
v -4.19978483717 0.492957714274 2.3
v -4.15171347479 0.489720286468 2.3
v -4.09919408311 0.49079341544 2.3
v -3.99554592768 0.502820146997 2.3
v -3.68184654419 0.560520317422 2.3
v -3.64123653607 0.561108054524 2.3
v -3.6123634761 0.557423332938 2.3
v -3.58702228023 0.549109972447 2.3
v -3.56942212398 0.538192660287 2.3
v -3.55738732569 0.526026191843 2.3
v -3.54305270429 0.498909365734 2.3
v -3.53707271341 0.470068569048 2.3
v -3.5361108612 0.444615608396 2.3
v -3.91584586253 -0.241113961337 0.575000000031
v -3.92323646963 0.0141616357408 1.15
v -3.91400315172 0.269377225737 1.72499999997
v -3.58813336899 -0.177758816044 0.575000000028
v -3.59429121458 -0.284403356426 0.287500000025
v -3.58715071402 -0.288999233522 0.287500000025
v -3.58044679051 -0.294448723145 0.287500000025
v -3.60322324766 0.432169354145 2.01249999998
v -3.65678724175 0.32275890629 1.72499999997
v -3.57503317559 0.412684619937 2.01249999998
v -3.58114594576 0.418578928659 2.01249999998
v -3.58083863931 0.289644453669 1.72499999997
v -3.56951434923 0.406037659493 2.01249999998
v -3.7693609151 -0.369931053505 0.143750000016
v -3.54898779177 -0.390779170367 0.143750000015
v -3.73766340589 -0.231588494631 0.43125000003
v -3.66773874204 -0.154786185246 0.575000000029
v -3.55487793759 -0.332964726169 0.287500000025
v -3.62318705765 -0.158068898044 0.575000000029
v -3.60469435841 -0.279463980333 0.287500000025
v -3.62641220737 -0.0400603901521 0.862500000018
v -3.67003851671 0.0841646759603 1.15
v -3.62133547034 0.195958525858 1.43749999998
v -3.61303895525 0.313719204197 1.72499999997
v -3.59039265754 0.425443413995 2.01249999998
v -3.55190679043 0.363291635094 2.01249999998
v -3.5455234429 0.421053704396 2.15624999998
v -3.5831969066 -0.373808003949 0.0718750000086
v -3.5730560084 -0.381031482235 0.0718750000086
v -3.67715494855 -0.30696026983 0.215625000021
v -3.56528733496 -0.388481768576 0.0718750000085
v -3.56684187084 0.436085434067 2.08437499998
v -3.56265056009 0.429958828292 2.08437499998
v -3.56729298546 0.503441407945 2.22812499999
v -3.5591989548 0.493980798936 2.22812499999
v -3.55346162373 0.484873544373 2.22812499999
v -3.60025958114 -0.32373367305 0.179687500018
v -3.57112872217 -0.349966611969 0.161718750017
v -2.5361228416 3.38367860751 2.3
v -2.16527911084 2.83152480091 2.3
v -2.19342172237 2.81805059382 2.3
v -2.21547135324 2.81207838409 2.3
v -2.23496223547 2.81092824427 2.3
v -2.25263720187 2.81392372097 2.3
v -2.26916722292 2.82086662293 2.3
v -2.28512037964 2.83204239894 2.3
v -2.29900129254 2.84590909549 2.3
v -2.31229313077 2.86327744942 2.3
v -2.33817811295 2.90994065091 2.3
v -2.39752981655 3.07318860829 2.3
v -2.46635517226 3.26119159686 2.3
v -2.50009851157 3.3283476143 2.3
v -2.96163809543 2.57306909218 0.575000000025
v -2.78795969374 2.76030173977 1.15
v -2.60246787392 2.93583816425 1.72499999998
v -2.8532216114 2.23709240762 0.28750000002
v -2.33749867165 2.73790997275 2.01249999998
v -2.32731750711 2.73676679521 2.01249999998
v -2.41515887874 2.65956892387 1.72499999998
v -2.34803338592 2.74058231563 2.01249999998
v -2.36479892774 2.74830530243 2.01249999998
v -2.48774748545 2.69951452888 1.72499999998
v -2.82403654805 2.19570359835 0.143750000012
v -2.82220091323 2.28562120136 0.431250000024
v -2.81720362156 2.35364185841 0.575000000023
v -2.7463149566 2.37626524104 0.71875000002
v -2.5394967962 2.58909759466 1.43749999999
v -2.65810715056 2.53194249203 1.15
v -2.4538833583 2.67037950394 1.72499999998
v -2.35673044733 2.74402809384 2.01249999998
v -2.28201530437 2.74598412426 2.01249999998
v -2.23701989377 2.78276206331 2.15624999999
v -2.8721932089 2.16304912847 0.0718750000069
v -2.88163458129 2.16251018882 0.071875000007
v -2.89040821308 2.16304866638 0.071875000007
v -2.83945924827 2.20927136715 0.215625000017
v -2.82442293234 2.23219312741 0.28750000002
v -2.83490199197 2.20970293017 0.215625000017
v -2.84447643084 2.23446244443 0.28750000002
v -2.83527598388 2.23277009685 0.28750000002
v -2.77762953532 2.26059696722 0.359375000022
v -2.29478493851 2.75568677626 2.08437499998
v -2.29976257072 2.75549731304 2.08437499998
v -2.30445711351 2.75558985222 2.08437499998
v -2.25637337885 2.79259481459 2.22812499999
v -2.26598227826 2.79344988154 2.22812499999
v -2.94992856372 2.1731361654 0.0359375000037
v -2.80075125373 2.26657805649 0.395312500023
v -2.7634898792 2.31186231616 0.539062500023
v -2.66464151663 2.42215439753 0.898437500013
v -2.31230052354 2.79842443932 2.19218749999
v -2.29221838158 2.81918172431 2.2640625
v -2.73614741652 2.29738939094 0.449218750023
v -2.73234693433 2.54248352521 1.02421875001
v -2.27863274587 2.77906045128 2.17421874999
v -2.78063046491 2.28085042583 0.440234375023
v -2.70137611962 2.4653126029 0.96132812501
v -5.12540592846 1.13697584343 2.3
v -4.87820256625 0.886155705362 2.3
v -4.59896186946 0.671783547377 2.3
v -4.40401302996 0.562956455642 2.3
v -4.30403149592 0.521573775274 2.3
v -4.24722322196 0.503404484553 2.3
v -5.13698349971 0.0383563564356 0.575000000041
v -5.12360463222 0.37248701965 1.15
v -4.496747437 -0.284216225126 0.575000000035
v -5.08851552121 0.705039344079 1.72499999996
v -4.50571155582 0.00894412156264 1.15
v -4.49558362868 0.302066569336 1.72499999996
v -4.30540846874 0.234068182775 1.72499999997
v -3.55798475003 3.86047205903 2.3
v -2.60034081889 3.44835959275 2.3
v -2.69631222807 3.52304755845 2.3
v -2.85190496198 3.6183049179 2.3
v -3.03720827427 3.7063819474 2.3
v -3.29377705974 3.79648488271 2.3
v -3.33445314221 2.93524833722 0.575000000028
v -3.44328008967 2.97750694626 0.575000000029
v -3.13642151451 3.14596898935 1.15
v -3.24226855386 3.19521834426 1.15
v -2.92509993184 3.34335923099 1.72499999997
v -3.02751855754 3.39939064755 1.72499999997
v -5.01154120932 1.56427449871 2.3
v -5.23887704672 0.341565690237 0.575000000042
v -5.22721939238 0.488546062658 0.575000000042
v -5.18436002477 0.827593680504 1.15
v -5.2055555175 0.681683152666 1.15
v -5.11953297489 1.16313453668 1.72499999996
v -5.15017649438 1.01891211992 1.72499999996
v -5.17675795996 0.873886065471 1.72499999996
v -3.87024381703 3.54735292813 2.3
v -3.66498913294 3.75903639985 2.3
v -3.76910286085 3.65463590859 2.3
v -4.28263175363 3.03670299737 0.575000000035
v -4.36621776464 2.91524308817 0.575000000036
v -4.07599064356 3.30889716371 1.15
v -4.16730174264 3.19313268629 1.15
v -3.85207834343 3.56707054423 1.72499999996
v -3.95072761815 3.45749202727 1.72499999996
v -4.04626086983 3.34518651269 1.72499999996
v -3.8881861117 1.66229021155 2.3
v -3.97614100403 1.68619659926 2.3
v -4.09659866527 1.70289257032 2.3
v -4.2789746052 1.70759149655 2.3
v -4.4834904958 1.69121678544 2.3
v -4.75073704949 1.64096382364 2.3
v -4.35534529749 0.874773055342 0.575000000035
v -4.47072150313 0.856956610565 0.575000000036
v -4.28920520322 1.15627830703 1.15
v -4.40549610566 1.14600597984 1.15
v -4.20489046508 1.4328840621 1.72499999997
v -4.32160330504 1.4301993794 1.72499999996
v -3.39064150228 2.52680632214 2.3
v -3.7815694945 3.20653463568 2.3
v -3.6469260363 2.8812625526 2.3
v -3.53250893472 2.68954110679 2.3
v -3.46661372652 2.60371188729 2.3
v -3.42650096349 2.55957268298 2.3
v -4.42958003135 2.60170932892 0.575000000036
v -4.25092826063 2.88438553771 1.15
v -4.03640562741 2.00223524737 0.575000000033
v -4.05426403688 3.15483974325 1.72499999996
v -3.89758860869 2.2606016144 1.15
v -3.74225634261 2.50938913702 1.72499999997
v -3.61155901621 2.35541322687 1.72499999997
v -3.27569597796 1.40043639984 2.3
v -3.29094911673 1.36953285361 2.3
v -3.30858422969 1.34379254221 2.3
v -3.32469366531 1.32759564143 2.3
v -3.34099819455 1.31685415002 2.3
v -3.35780290281 1.31061082573 2.3
v -3.37558977195 1.30835854469 2.3
v -3.39499349895 1.31006047226 2.3
v -3.41394807042 1.31512892729 2.3
v -3.43414331696 1.3235244439 2.3
v -3.47989196984 1.35099347072 2.3
v -3.61291603161 1.46269449712 2.3
v -3.76652203237 1.59109718336 2.3
v -3.82932263013 1.63238433082 2.3
v -3.85138837355 0.747524151807 0.575000000031
v -3.7945947894 0.996511581883 1.15
v -3.72172237347 1.24127649468 1.72499999997
v -3.56795956438 0.863672943736 1.15
v -3.50420978504 1.09397441718 1.72499999997
v -3.58950860191 0.510768049912 0.287500000025
v -3.61659083311 0.629711830009 0.575000000029
v -3.53467649893 0.642153656248 0.575000000028
v -3.56211857415 0.520924488322 0.287500000025
v -3.5718060772 0.515997632744 0.287500000025
v -3.55370418647 0.526769233491 0.287500000025
v -3.39328821733 1.20235025385 2.01249999998
v -3.38389948144 1.20645081532 2.01249999998
v -3.4213734051 1.09567481182 1.72499999997
v -3.40374771896 1.19939721353 2.01249999998
v -3.42212859748 1.19770274538 2.01249999998
v -3.5343887202 0.506082088837 0.143750000015
v -3.52568364883 0.56354012142 0.287500000025
v -3.57199006483 0.627181957636 0.575000000029
v -3.58062007179 0.512863025254 0.287500000025
v -3.48155001193 0.791727398048 0.862500000018
v -3.54968458524 0.743108119936 0.862500000018
v -3.46031507819 1.085674809 1.72499999997
v -3.41300248418 1.19803281429 2.01249999998
v -3.34927528754 1.23708435781 2.01249999998
v -3.32869708843 1.29143269263 2.15624999998
v -3.5629108511 0.44212316199 0.0718750000085
v -3.57041809698 0.436064833285 0.0718750000086
v -3.55036783131 0.504713567534 0.215625000021
v -3.55393266785 0.501234392465 0.215625000021
v -3.55747668429 0.498154255616 0.215625000021
v -3.51190350043 0.756857432733 0.862500000018
v -3.51727563008 0.804907588625 1.00625000001
v -3.3651854411 1.23910228386 2.08437499998
v -3.36940146543 1.23644938779 2.08437499998
v -3.37351332834 1.23418225768 2.08437499998
v -3.35037407381 1.29027136249 2.22812499999
v -3.35912315827 1.28620742248 2.22812499999
v -3.61059724707 0.40698676013 0.0359375000045
v -3.60376239037 0.436817682208 0.107812500012
v -3.49726171453 0.791949861123 0.934375000014
v -3.63821915721 0.860903142787 1.078125
v -3.40172321423 1.26735639326 2.19218749999
v -3.39471021162 1.29537380035 2.2640625
v -3.56417072514 0.460468483655 0.125781250014
v -3.5723607216 0.818583299538 1.04218750001
v -3.36288406946 1.26742057653 2.17421874999
v -2.85652754592 2.128768806 2.3
v -3.35062919516 2.49996694622 2.3
v -3.30460950329 2.47463660733 2.3
v -3.20883420186 2.43322798468 2.3
v -2.90831248139 2.32634810632 2.3
v -2.87284931416 2.30655209752 2.3
v -2.84968687154 2.28892450504 2.3
v -2.83189743239 2.26905432572 2.3
v -2.82211390605 2.25079957793 2.3
v -2.81777469923 2.23424570804 2.3
v -2.818918966 2.20359453706 2.3
v -2.82816054032 2.17562767902 2.3
v -2.8400540322 2.15310384239 2.3
v -3.51177897492 1.74911211554 0.575000000029
v -3.39054162988 1.97388257112 1.15
v -3.25493754702 2.19028909655 1.72499999997
v -3.26148887743 1.56032427279 0.287500000023
v -3.25494917864 1.5508450757 0.287500000023
v -3.25106326231 1.54329467911 0.287500000023
v -3.24798223906 1.5352233209 0.287500000023
v -3.19629405773 1.64012303405 0.575000000026
v -2.90439819091 2.17588126326 2.01249999998
v -3.00549119444 2.10791103302 1.72499999997
v -2.88972723946 2.14491195241 2.01249999998
v -2.89207389936 2.15307295859 2.01249999998
v -2.95627500166 2.0412587746 1.72499999997
v -2.88827127586 2.13639610263 2.01249999998
v -3.35270570761 1.66827018337 0.431250000028
v -3.25374801767 1.69982060244 0.575000000027
v -3.21680648361 1.67470184757 0.575000000026
v -3.16059529125 1.77851278813 0.862500000016
v -3.13626425036 1.90790800584 1.15
v -3.03818925001 1.98037279665 1.43749999998
v -2.97212391801 2.07820827811 1.72499999997
v -2.89664954399 2.16364113316 2.01249999998
v -2.89439569484 2.09057318019 2.01249999998
v -2.85998651906 2.13740492581 2.15624999999
v -2.87093295439 2.16108199954 2.08437499998
v -2.8703664757 2.15368054793 2.08437499998
v -2.83764564417 2.21963954133 2.22812499999
v -2.83536631251 2.20739939826 2.22812499999
v -2.83495126533 2.19664361891 2.22812499999
v -3.06405512516 1.81740816549 2.3
v -3.17672431535 1.61239848496 2.3
v -3.27329471955 1.40603977587 0.575000000027
v -3.3738319912 1.14396847315 0.575000000027
v -3.17488290786 1.61602130185 1.15
v -3.29225752522 1.36104618374 1.15
v -3.06301816877 1.81915526279 1.72499999997
v -3.19673278054 1.57235673504 1.72499999997
v -3.31060185828 1.31579690998 1.72499999997
v 3.36 -8.22962649027e-16 4.6
v 3.30895405012 0.583457876961 4.6
v 3.15736720584 1.14918768157 4.6
v 2.90984535672 1.68 4.6
v 2.57390932888 2.15976636855 4.6
v 2.15976636855 2.57390932888 4.6
v 1.68 2.90984535672 4.6
v 1.14918768157 3.15736720584 4.6
v 0.583457876961 3.30895405012 4.6
v -2.03246895539e-15 3.36 4.6
v -0.583457876961 3.30895405012 4.6
v -1.14918768157 3.15736720584 4.6
v -1.68 2.90984535672 4.6
v -2.15976636855 2.57390932888 4.6
v -2.57390932888 2.15976636855 4.6
v -2.90984535672 1.68 4.6
v -3.15736720584 1.14918768157 4.6
v -3.30895405012 0.583457876961 4.6
v -3.36 -7.04921740097e-15 4.6
v -3.30895405012 -0.583457876961 4.6
v -3.15736720584 -1.14918768157 4.6
v -2.90984535672 -1.68 4.6
v -2.57390932888 -2.15976636855 4.6
v -2.15976636855 -2.57390932888 4.6
v -1.68 -2.90984535672 4.6
v -1.14918768157 -3.15736720584 4.6
v -0.583457876961 -3.30895405012 4.6
v 8.33561648381e-15 -3.36 4.6
v 0.583457876961 -3.30895405012 4.6
v 1.14918768157 -3.15736720584 4.6
v 1.68 -2.90984535672 4.6
v 2.15976636855 -2.57390932888 4.6
v 2.57390932888 -2.15976636855 4.6
v 2.90984535672 -1.68 4.6
v 3.15736720584 -1.14918768157 4.6
v 3.30895405012 -0.583457876961 4.6
v 4.18510357373 -0.605068643811 4.6
v 3.53262269039 -0.475965601033 4.6
v 3.54303527959 -0.446552358669 4.6
v 3.55443097253 -0.426753578579 4.6
v 3.5674198962 -0.412176021397 4.6
v 3.5820503681 -0.401816165712 4.6
v 3.59865753855 -0.395059881729 4.6
v 3.61784521853 -0.391708148474 4.6
v 3.6374657366 -0.391725079501 4.6
v 3.65914178164 -0.394637424536 4.6
v 3.71042083973 -0.40940038076 4.6
v 3.86772138551 -0.483082526548 4.6
v 4.04921038191 -0.567603514978 4.6
v 4.12052444126 -0.591327944693 4.6
v 3.72172237347 -1.24127649468 2.87499999997
v 3.7945947894 -0.996511581883 3.45
v 3.85138837355 -0.747524151807 4.02500000003
v 3.42212859748 -1.19770274538 2.58749999998
v 3.56211857415 -0.520924488322 4.31250000002
v 3.55370418647 -0.526769233491 4.31250000002
v 3.53467649893 -0.642153656248 4.02500000003
v 3.5718060772 -0.515997632744 4.31250000002
v 3.58950860191 -0.510768049912 4.31250000002
v 3.61659083311 -0.629711830009 4.02500000003
v 3.33740572327 -1.28130820193 2.44374999999
v 3.34606132524 -1.27313816748 2.44374999999
v 3.40374771896 -1.19939721353 2.58749999998
v 3.41300248418 -1.19803281429 2.58749999998
v 3.54968458524 -0.743108119936 3.73750000002
v 3.56795956438 -0.863672943736 3.45
v 3.57199006483 -0.627181957636 4.02500000003
v 3.58062007179 -0.512863025254 4.31250000002
v 3.52568364883 -0.56354012142 4.31250000002
v 3.5343887202 -0.506082088837 4.45625000001
v 3.36895701505 -1.28309201153 2.37187499999
v 3.37759783127 -1.28148992015 2.37187499999
v 3.38667177523 -1.28083227109 2.37187499999
v 3.41774470143 -1.17084282027 2.65937499997
v 3.45404173988 -1.05898415863 2.94687499997
v 3.50420978504 -1.09397441718 2.87499999997
v 3.4214713426 -1.05306596217 3.01874999998
v 3.55036783131 -0.504713567534 4.38437500002
v 3.55393266785 -0.501234392465 4.38437500002
v 3.55747668429 -0.498154255616 4.38437500002
v 3.5629108511 -0.44212316199 4.52812500001
v 3.57041809698 -0.436064833285 4.52812500001
v 3.55480887551 -1.17042990861 2.76718749997
v 3.47601696686 -1.04334109268 2.98281249998
v 3.56937293139 -1.07557468982 2.98281249998
v 3.50813323848 -0.929653630518 3.27031249999
v 3.60248885737 -0.958831672898 3.27031249999
v 3.60376239037 -0.436817682208 4.49218750001
v 3.61059724707 -0.40698676013 4.5640625
v 3.4470369009 -1.04181015217 3.00078124998
v 3.45180928159 -1.00925263482 3.09062499998
v 3.4635365819 -0.985568967251 3.14453124998
v 3.52153236135 -0.967455634171 3.18046874998
v 3.56417072514 -0.460468483655 4.47421875001
v 4.27624836778 -0.605521388886 4.6
v 4.39694335224 -0.590637695635 4.6
v 4.57437966043 -0.548218125705 4.6
v 4.76778311999 -0.479734678799 4.6
v 5.01307869447 -0.362362783651 4.6
v 5.24534199755 -0.221104791368 4.6
v 5.24948237613 -0.0737209788915 4.6
v 5.24948237613 0.0737209788915 4.6
v 5.24534199755 0.221104791368 4.6
v 4.94189034461 0.399814998904 4.6
v 4.61686663321 0.535056915087 4.6
v 4.40046937061 0.590016997476 4.6
v 4.29320348543 0.604260004923 4.6
v 4.2336323199 0.607189057988 4.6
v 4.18510357373 0.605068643811 4.6
v 4.13781952986 0.59581899435 4.6
v 4.08734736737 0.581258811576 4.6
v 3.99029090659 0.542949206833 4.6
v 3.70202643652 0.406420059153 4.6
v 3.66293709967 0.395395453101 4.6
v 3.63408883408 0.391521393487 4.6
v 3.60746151112 0.393029320122 4.6
v 3.58764371404 0.399046638744 4.6
v 3.57288197008 0.407704019381 4.6
v 3.5520483776 0.4302154621 4.6
v 3.53884379881 0.456543981685 4.6
v 3.53136048659 0.480891022652 4.6
v 3.52584124062 0.509754642906 4.6
v 3.45292484731 0.876764648483 4.6
v 3.38793925274 1.10148711738 4.6
v 3.30834540554 1.32146014985 4.6
v 3.29732379238 1.35411304337 4.6
v 3.29163473797 1.38479195307 4.6
v 3.2916043075 1.40763604606 4.6
v 3.29556426677 1.42675504274 4.6
v 3.30305469927 1.44304217689 4.6
v 3.31405878877 1.45719687568 4.6
v 3.32899994045 1.46969340182 4.6
v 3.34600027305 1.47948899816 4.6
v 3.36622845122 1.48780485589 4.6
v 3.41801889632 1.50065928981 4.6
v 3.59108623788 1.51549895264 4.6
v 3.79052081349 1.53304612771 4.6
v 3.86414281539 1.54815719856 4.6
v 3.92694033423 1.56854697029 4.6
v 4.00610041383 1.61372727858 4.6
v 4.10318348986 1.68696442727 4.6
v 4.23563805534 1.81241900654 4.6
v 4.36888864104 1.96842914108 4.6
v 4.5226348924 2.19272397121 4.6
v 4.6531518171 2.43118863255 4.6
v 4.43204702573 2.814153365 4.6
v 4.0798950817 2.81719511817 4.6
v 3.7307953327 2.77180619754 4.6
v 3.51590976479 2.71120439379 4.6
v 3.41589327954 2.66990625747 4.6
v 3.36283861032 2.64265730907 4.6
v 3.32187169041 2.61655660344 4.6
v 3.28554733196 2.58490415009 4.6
v 3.24911724845 2.54705858068 4.6
v 3.18421869018 2.46535325938 4.6
v 3.00283890993 2.20298331409 4.6
v 2.97449885423 2.17389105676 4.6
v 2.95145255318 2.15611188993 4.6
v 2.92763865174 2.14410413122 4.6
v 2.90746727671 2.13940638347 4.6
v 2.89035454112 2.13952302305 4.6
v 2.86105639942 2.14860170808 4.6
v 2.83645663895 2.16480058549 4.6
v 2.81780237998 2.18214408536 4.6
v 2.79859076263 2.20438109076 4.6
v 2.61635263968 2.41787202201 4.6
v 2.41787202201 2.61635263968 4.6
v 2.20438109076 2.79859076263 4.6
v 2.17850964702 2.82135819134 4.6
v 2.15824332652 2.8450823793 4.6
v 2.14679492647 2.86485072892 4.6
v 2.14066485346 2.88338824538 4.6
v 2.13900819121 2.90123853356 4.6
v 2.14146066287 2.91899890704 4.6
v 2.14815181672 2.93729179197 4.6
v 2.15797673845 2.95427519354 4.6
v 2.17133692575 2.97159102668 4.6
v 2.20976154992 3.00861851556 4.6
v 2.35222243287 3.10800371134 4.6
v 2.5161642542 3.22291729851 4.6
v 2.5723672427 3.2728148707 4.6
v 2.61655660344 3.32187169041 4.6
v 2.6625210892 3.40057902495 4.6
v 2.70997892497 3.51254579423 4.6
v 2.76196065389 3.68741992963 4.6
v 2.79935397891 3.88915396224 4.6
v 2.82035472326 4.16027210875 4.6
v 2.814153365 4.43204702573 4.6
v 2.43118863255 4.6531518171 4.6
v 2.12469522644 4.4797100806 4.6
v 1.84506043567 4.26585224779 4.6
v 1.68926497683 4.10592676227 4.6
v 1.62329722796 4.02015328446 4.6
v 1.59097501083 3.97002766831 4.6
v 1.56854697029 3.92694033423 4.6
v 1.55291537976 3.88136632631 4.6
v 1.54028878669 3.83037606002 4.6
v 1.52493764722 3.72716789702 4.6
v 1.49904312243 3.40925896909 4.6
v 1.48904604291 3.36989430733 4.6
v 1.47797694416 3.34297394667 4.6
v 1.4633573799 3.32066797187 4.6
v 1.44823733057 3.30651391545 4.6
v 1.43335894703 3.2980585605 4.6
v 1.40344666952 3.29127186152 4.6
v 1.37404321332 3.29300062064 4.6
v 1.34921640123 3.29869340263 4.6
v 1.32146014985 3.30834540554 4.6
v 1.05689184022 3.402114914 4.6
v 0.785762274321 3.47476386223 4.6
v 0.509754642906 3.52584124062 4.6
v 0.475965601033 3.53262269039 4.6
v 0.446552358669 3.54303527959 4.6
v 0.426753578579 3.55443097253 4.6
v 0.412176021397 3.5674198962 4.6
v 0.401816165712 3.5820503681 4.6
v 0.395059881729 3.59865753855 4.6
v 0.391708148474 3.61784521853 4.6
v 0.391725079501 3.6374657366 4.6
v 0.394637424536 3.65914178164 4.6
v 0.40940038076 3.71042083973 4.6
v 0.483082526548 3.86772138551 4.6
v 0.567603514978 4.04921038191 4.6
v 0.591327944693 4.12052444126 4.6
v 0.605068643811 4.18510357373 4.6
v 0.605521388886 4.27624836778 4.6
v 0.590637695635 4.39694335224 4.6
v 0.548218125705 4.57437966043 4.6
v 0.479734678799 4.76778311999 4.6
v 0.362362783651 5.01307869447 4.6
v 0.221104791368 5.24534199755 4.6
v -0.221104791368 5.24534199755 4.6
v -0.399814998904 4.94189034461 4.6
v -0.535056915087 4.61686663321 4.6
v -0.590016997476 4.40046937061 4.6
v -0.604260004923 4.29320348543 4.6
v -0.607189057988 4.2336323199 4.6
v -0.605068643811 4.18510357373 4.6
v -0.59581899435 4.13781952986 4.6
v -0.581258811576 4.08734736737 4.6
v -0.542949206833 3.99029090659 4.6
v -0.406420059153 3.70202643652 4.6
v -0.395395453101 3.66293709967 4.6
v -0.391521393487 3.63408883408 4.6
v -0.393029320122 3.60746151112 4.6
v -0.399046638744 3.58764371404 4.6
v -0.407704019381 3.57288197008 4.6
v -0.4302154621 3.5520483776 4.6
v -0.456543981685 3.53884379881 4.6
v -0.480891022652 3.53136048659 4.6
v -0.509754642906 3.52584124062 4.6
v -0.876764648483 3.45292484731 4.6
v -1.10148711738 3.38793925274 4.6
v -1.32146014985 3.30834540554 4.6
v -1.35411304337 3.29732379238 4.6
v -1.38479195307 3.29163473797 4.6
v -1.40763604606 3.2916043075 4.6
v -1.42675504274 3.29556426677 4.6
v -1.44304217689 3.30305469927 4.6
v -1.45719687568 3.31405878877 4.6
v -1.46969340182 3.32899994045 4.6
v -1.47948899816 3.34600027305 4.6
v -1.48780485589 3.36622845122 4.6
v -1.50065928981 3.41801889632 4.6
v -1.51549895264 3.59108623788 4.6
v -1.53304612771 3.79052081349 4.6
v -1.54815719856 3.86414281539 4.6
v -1.56854697029 3.92694033423 4.6
v -1.61372727858 4.00610041383 4.6
v -1.68696442727 4.10318348986 4.6
v -1.81241900654 4.23563805534 4.6
v -1.96842914108 4.36888864104 4.6
v -2.19272397121 4.5226348924 4.6
v -2.43118863255 4.6531518171 4.6
v -2.56089694755 4.58304558389 4.6
v -2.68858542858 4.509324605 4.6
v -2.814153365 4.43204702573 4.6
v -2.81719511817 4.0798950817 4.6
v -2.77180619754 3.7307953327 4.6
v -2.71120439379 3.51590976479 4.6
v -2.66990625747 3.41589327954 4.6
v -2.64265730907 3.36283861032 4.6
v -2.61655660344 3.32187169041 4.6
v -2.58490415009 3.28554733196 4.6
v -2.54705858068 3.24911724845 4.6
v -2.46535325938 3.18421869018 4.6
v -2.20298331409 3.00283890993 4.6
v -2.17389105676 2.97449885423 4.6
v -2.15611188993 2.95145255318 4.6
v -2.14410413122 2.92763865174 4.6
v -2.13940638347 2.90746727671 4.6
v -2.13952302305 2.89035454112 4.6
v -2.14860170808 2.86105639942 4.6
v -2.16480058549 2.83645663895 4.6
v -2.18214408536 2.81780237998 4.6
v -2.20438109076 2.79859076263 4.6
v -2.48576288238 2.55193831089 4.6
v -2.64788545196 2.38329790066 4.6
v -2.79859076263 2.20438109076 4.6
v -2.82135819134 2.17850964702 4.6
v -2.8450823793 2.15824332652 4.6
v -2.86485072892 2.14679492647 4.6
v -2.88338824538 2.14066485346 4.6
v -2.90123853356 2.13900819121 4.6
v -2.91899890704 2.14146066287 4.6
v -2.93729179197 2.14815181672 4.6
v -2.95427519354 2.15797673845 4.6
v -2.97159102668 2.17133692575 4.6
v -3.00861851556 2.20976154992 4.6
v -3.10800371134 2.35222243287 4.6
v -3.22291729851 2.5161642542 4.6
v -3.2728148707 2.5723672427 4.6
v -3.32187169041 2.61655660344 4.6
v -3.40057902495 2.6625210892 4.6
v -3.51254579423 2.70997892497 4.6
v -3.68741992963 2.76196065389 4.6
v -3.88915396224 2.79935397891 4.6
v -4.16027210875 2.82035472326 4.6
v -4.43204702573 2.814153365 4.6
v -4.509324605 2.68858542858 4.6
v -4.58304558389 2.56089694755 4.6
v -4.6531518171 2.43118863255 4.6
v -4.4797100806 2.12469522644 4.6
v -4.26585224779 1.84506043567 4.6
v -4.10592676227 1.68926497683 4.6
v -4.02015328446 1.62329722796 4.6
v -3.97002766831 1.59097501083 4.6
v -3.92694033423 1.56854697029 4.6
v -3.88136632631 1.55291537976 4.6
v -3.83037606002 1.54028878669 4.6
v -3.72716789702 1.52493764722 4.6
v -3.40925896909 1.49904312243 4.6
v -3.36989430733 1.48904604291 4.6
v -3.34297394667 1.47797694416 4.6
v -3.32066797187 1.4633573799 4.6
v -3.30651391545 1.44823733057 4.6
v -3.2980585605 1.43335894703 4.6
v -3.29127186152 1.40344666952 4.6
v -3.29300062064 1.37404321332 4.6
v -3.29869340263 1.34921640123 4.6
v -3.30834540554 1.32146014985 4.6
v -3.402114914 1.05689184022 4.6
v -3.47476386223 0.785762274321 4.6
v -3.52584124062 0.509754642906 4.6
v -3.53262269039 0.475965601033 4.6
v -3.54303527959 0.446552358669 4.6
v -3.55443097253 0.426753578579 4.6
v -3.5674198962 0.412176021397 4.6
v -3.5820503681 0.401816165712 4.6
v -3.59865753855 0.395059881729 4.6
v -3.61784521853 0.391708148474 4.6
v -3.6374657366 0.391725079501 4.6
v -3.65914178164 0.394637424536 4.6
v -3.71042083973 0.40940038076 4.6
v -3.86772138551 0.483082526548 4.6
v -4.04921038191 0.567603514978 4.6
v -4.12052444126 0.591327944693 4.6
v -4.18510357373 0.605068643811 4.6
v -4.27624836778 0.605521388886 4.6
v -4.39694335224 0.590637695635 4.6
v -4.57437966043 0.548218125705 4.6
v -4.76778311999 0.479734678799 4.6
v -5.01307869447 0.362362783651 4.6
v -5.24534199755 0.221104791368 4.6
v -5.24534199755 -0.221104791368 4.6
v -4.94189034461 -0.399814998904 4.6
v -4.61686663321 -0.535056915087 4.6
v -4.40046937061 -0.590016997476 4.6
v -4.29320348543 -0.604260004923 4.6
v -4.2336323199 -0.607189057988 4.6
v -4.18510357373 -0.605068643811 4.6
v -4.13781952986 -0.59581899435 4.6
v -4.08734736737 -0.581258811576 4.6
v -3.99029090659 -0.542949206833 4.6
v -3.70202643652 -0.406420059153 4.6
v -3.66293709967 -0.395395453101 4.6
v -3.63408883408 -0.391521393487 4.6
v -3.60746151112 -0.393029320122 4.6
v -3.58764371404 -0.399046638744 4.6
v -3.57288197008 -0.407704019381 4.6
v -3.5520483776 -0.4302154621 4.6
v -3.53884379881 -0.456543981685 4.6
v -3.53136048659 -0.480891022652 4.6
v -3.52584124062 -0.509754642906 4.6
v -3.45292484731 -0.876764648483 4.6
v -3.38793925274 -1.10148711738 4.6
v -3.30834540554 -1.32146014985 4.6
v -3.29732379238 -1.35411304337 4.6
v -3.29163473797 -1.38479195307 4.6
v -3.2916043075 -1.40763604606 4.6
v -3.29556426677 -1.42675504274 4.6
v -3.30305469927 -1.44304217689 4.6
v -3.31405878877 -1.45719687568 4.6
v -3.32899994045 -1.46969340182 4.6
v -3.34600027305 -1.47948899816 4.6
v -3.36622845122 -1.48780485589 4.6
v -3.41801889632 -1.50065928981 4.6
v -3.59108623788 -1.51549895264 4.6
v -3.79052081349 -1.53304612771 4.6
v -3.86414281539 -1.54815719856 4.6
v -3.92694033423 -1.56854697029 4.6
v -4.00610041383 -1.61372727858 4.6
v -4.10318348986 -1.68696442727 4.6
v -4.23563805534 -1.81241900654 4.6
v -4.36888864104 -1.96842914108 4.6
v -4.5226348924 -2.19272397121 4.6
v -4.6531518171 -2.43118863255 4.6
v -4.58304558389 -2.56089694755 4.6
v -4.509324605 -2.68858542858 4.6
v -4.43204702573 -2.814153365 4.6
v -4.0798950817 -2.81719511817 4.6
v -3.7307953327 -2.77180619754 4.6
v -3.51590976479 -2.71120439379 4.6
v -3.41589327954 -2.66990625747 4.6
v -3.36283861032 -2.64265730907 4.6
v -3.32187169041 -2.61655660344 4.6
v -3.28554733196 -2.58490415009 4.6
v -3.24911724845 -2.54705858068 4.6
v -3.18421869018 -2.46535325938 4.6
v -3.00283890993 -2.20298331409 4.6
v -2.97449885423 -2.17389105676 4.6
v -2.95145255318 -2.15611188993 4.6
v -2.92763865174 -2.14410413122 4.6
v -2.90746727671 -2.13940638347 4.6
v -2.89035454112 -2.13952302305 4.6
v -2.86105639942 -2.14860170808 4.6
v -2.83645663895 -2.16480058549 4.6
v -2.81780237998 -2.18214408536 4.6
v -2.79859076263 -2.20438109076 4.6
v -2.55193831089 -2.48576288238 4.6
v -2.38329790066 -2.64788545196 4.6
v -2.20438109076 -2.79859076263 4.6
v -2.17850964702 -2.82135819134 4.6
v -2.15824332652 -2.8450823793 4.6
v -2.14679492647 -2.86485072892 4.6
v -2.14066485346 -2.88338824538 4.6
v -2.13900819121 -2.90123853356 4.6
v -2.14146066287 -2.91899890704 4.6
v -2.14815181672 -2.93729179197 4.6
v -2.15797673845 -2.95427519354 4.6
v -2.17133692575 -2.97159102668 4.6
v -2.20976154992 -3.00861851556 4.6
v -2.35222243287 -3.10800371134 4.6
v -2.5161642542 -3.22291729851 4.6
v -2.5723672427 -3.2728148707 4.6
v -2.61655660344 -3.32187169041 4.6
v -2.6625210892 -3.40057902495 4.6
v -2.70997892497 -3.51254579423 4.6
v -2.76196065389 -3.68741992963 4.6
v -2.79935397891 -3.88915396224 4.6
v -2.82035472326 -4.16027210875 4.6
v -2.814153365 -4.43204702573 4.6
v -2.43118863255 -4.6531518171 4.6
v -2.12469522644 -4.4797100806 4.6
v -1.84506043567 -4.26585224779 4.6
v -1.68926497683 -4.10592676227 4.6
v -1.62329722796 -4.02015328446 4.6
v -1.59097501083 -3.97002766831 4.6
v -1.56854697029 -3.92694033423 4.6
v -1.55291537976 -3.88136632631 4.6
v -1.54028878669 -3.83037606002 4.6
v -1.52493764722 -3.72716789702 4.6
v -1.49904312243 -3.40925896909 4.6
v -1.48904604291 -3.36989430733 4.6
v -1.47797694416 -3.34297394667 4.6
v -1.4633573799 -3.32066797187 4.6
v -1.44823733057 -3.30651391545 4.6
v -1.43335894703 -3.2980585605 4.6
v -1.40344666952 -3.29127186152 4.6
v -1.37404321332 -3.29300062064 4.6
v -1.34921640123 -3.29869340263 4.6
v -1.32146014985 -3.30834540554 4.6
v -1.05689184022 -3.402114914 4.6
v -0.785762274321 -3.47476386223 4.6
v -0.509754642906 -3.52584124062 4.6
v -0.475965601033 -3.53262269039 4.6
v -0.446552358669 -3.54303527959 4.6
v -0.426753578579 -3.55443097253 4.6
v -0.412176021397 -3.5674198962 4.6
v -0.401816165712 -3.5820503681 4.6
v -0.395059881729 -3.59865753855 4.6
v -0.391708148474 -3.61784521853 4.6
v -0.391725079501 -3.6374657366 4.6
v -0.394637424536 -3.65914178164 4.6
v -0.40940038076 -3.71042083973 4.6
v -0.483082526548 -3.86772138551 4.6
v -0.567603514978 -4.04921038191 4.6
v -0.591327944693 -4.12052444126 4.6
v -0.605068643811 -4.18510357373 4.6
v -0.605521388886 -4.27624836778 4.6
v -0.590637695635 -4.39694335224 4.6
v -0.548218125705 -4.57437966043 4.6
v -0.479734678799 -4.76778311999 4.6
v -0.362362783651 -5.01307869447 4.6
v -0.221104791368 -5.24534199755 4.6
v 0.221104791368 -5.24534199755 4.6
v 0.399814998904 -4.94189034461 4.6
v 0.535056915087 -4.61686663321 4.6
v 0.590016997476 -4.40046937061 4.6
v 0.604260004923 -4.29320348543 4.6
v 0.607189057988 -4.2336323199 4.6
v 0.605068643811 -4.18510357373 4.6
v 0.59581899435 -4.13781952986 4.6
v 0.581258811576 -4.08734736737 4.6
v 0.542949206833 -3.99029090659 4.6
v 0.406420059153 -3.70202643652 4.6
v 0.395395453101 -3.66293709967 4.6
v 0.391521393487 -3.63408883408 4.6
v 0.393029320122 -3.60746151112 4.6
v 0.399046638744 -3.58764371404 4.6
v 0.407704019381 -3.57288197008 4.6
v 0.4302154621 -3.5520483776 4.6
v 0.456543981685 -3.53884379881 4.6
v 0.480891022652 -3.53136048659 4.6
v 0.509754642906 -3.52584124062 4.6
v 0.785762274321 -3.47476386223 4.6
v 1.05689184022 -3.402114914 4.6
v 1.32146014985 -3.30834540554 4.6
v 1.35411304337 -3.29732379238 4.6
v 1.38479195307 -3.29163473797 4.6
v 1.40763604606 -3.2916043075 4.6
v 1.42675504274 -3.29556426677 4.6
v 1.44304217689 -3.30305469927 4.6
v 1.45719687568 -3.31405878877 4.6
v 1.46969340182 -3.32899994045 4.6
v 1.47948899816 -3.34600027305 4.6
v 1.48780485589 -3.36622845122 4.6
v 1.50065928981 -3.41801889632 4.6
v 1.51549895264 -3.59108623788 4.6
v 1.53304612771 -3.79052081349 4.6
v 1.54815719856 -3.86414281539 4.6
v 1.56854697029 -3.92694033423 4.6
v 1.61372727858 -4.00610041383 4.6
v 1.68696442727 -4.10318348986 4.6
v 1.81241900654 -4.23563805534 4.6
v 1.96842914108 -4.36888864104 4.6
v 2.19272397121 -4.5226348924 4.6
v 2.43118863255 -4.6531518171 4.6
v 2.814153365 -4.43204702573 4.6
v 2.81719511817 -4.0798950817 4.6
v 2.77180619754 -3.7307953327 4.6
v 2.71120439379 -3.51590976479 4.6
v 2.66990625747 -3.41589327954 4.6
v 2.64265730907 -3.36283861032 4.6
v 2.61655660344 -3.32187169041 4.6
v 2.58490415009 -3.28554733196 4.6
v 2.54705858068 -3.24911724845 4.6
v 2.46535325938 -3.18421869018 4.6
v 2.20298331409 -3.00283890993 4.6
v 2.17389105676 -2.97449885423 4.6
v 2.15611188993 -2.95145255318 4.6
v 2.14410413122 -2.92763865174 4.6
v 2.13940638347 -2.90746727671 4.6
v 2.13952302305 -2.89035454112 4.6
v 2.14860170808 -2.86105639942 4.6
v 2.16480058549 -2.83645663895 4.6
v 2.18214408536 -2.81780237998 4.6
v 2.20438109076 -2.79859076263 4.6
v 2.48576288238 -2.55193831089 4.6
v 2.64788545196 -2.38329790066 4.6
v 2.79859076263 -2.20438109076 4.6
v 2.82135819134 -2.17850964702 4.6
v 2.8450823793 -2.15824332652 4.6
v 2.86485072892 -2.14679492647 4.6
v 2.88338824538 -2.14066485346 4.6
v 2.90123853356 -2.13900819121 4.6
v 2.91899890704 -2.14146066287 4.6
v 2.93729179197 -2.14815181672 4.6
v 2.95427519354 -2.15797673845 4.6
v 2.97159102668 -2.17133692575 4.6
v 3.00861851556 -2.20976154992 4.6
v 3.10800371134 -2.35222243287 4.6
v 3.22291729851 -2.5161642542 4.6
v 3.2728148707 -2.5723672427 4.6
v 3.32187169041 -2.61655660344 4.6
v 3.40057902495 -2.6625210892 4.6
v 3.51254579423 -2.70997892497 4.6
v 3.68741992963 -2.76196065389 4.6
v 3.88915396224 -2.79935397891 4.6
v 4.16027210875 -2.82035472326 4.6
v 4.43204702573 -2.814153365 4.6
v 4.509324605 -2.68858542858 4.6
v 4.58304558389 -2.56089694755 4.6
v 4.6531518171 -2.43118863255 4.6
v 4.4797100806 -2.12469522644 4.6
v 4.26585224779 -1.84506043567 4.6
v 4.10592676227 -1.68926497683 4.6
v 4.02015328446 -1.62329722796 4.6
v 3.97002766831 -1.59097501083 4.6
v 4.05426403688 -3.15483974325 2.87499999997
v 4.25092826063 -2.88438553771 3.45
v 3.74225634261 -2.50938913702 2.87499999997
v 4.42958003135 -2.60170932892 4.02500000003
v 3.89758860869 -2.2606016144 3.45
v 4.03640562741 -2.00223524737 4.02500000003
v 3.88682184737 -1.86653312954 4.02500000003
v 4.20489046508 -1.4328840621 2.87499999997
v 4.32160330504 -1.4301993794 2.87499999997
v 4.28920520322 -1.15627830703 3.45
v 4.40549610566 -1.14600597984 3.45
v 4.35534529749 -0.874773055342 4.02500000003
v 4.47072150313 -0.856956610565 4.02500000003
v 3.95072761815 -3.45749202727 2.87499999997
v 3.85207834343 -3.56707054423 2.87499999997
v 4.07599064356 -3.30889716371 3.45
v 4.16730174264 -3.19313268629 3.45
v 4.28263175363 -3.03670299737 4.02500000003
v 4.36621776464 -2.91524308817 4.02500000003
v 4.4463600467 -2.79148386464 4.02500000003
v 5.15017649438 -1.01891211992 2.87499999996
v 5.11953297489 -1.16313453668 2.87499999996
v 5.18436002477 -0.827593680504 3.45
v 5.2055555175 -0.681683152666 3.45
v 5.22721939238 -0.488546062658 4.02500000004
v 5.23887704672 -0.341565690237 4.02500000004
v 5.24640268713 -0.194315917679 4.02500000004
v 2.92509993184 -3.34335923099 2.87499999998
v 3.02751855754 -3.39939064755 2.87499999998
v 3.13642151451 -3.14596898935 3.45
v 3.24226855386 -3.19521834426 3.45
v 3.33445314221 -2.93524833722 4.02500000002
v 3.44328008967 -2.97750694626 4.02500000002
v 5.08851552121 -0.705039344079 2.87499999996
v 5.12360463222 -0.37248701965 3.45
v 4.49558362868 -0.302066569336 2.87499999996
v 5.13698349971 -0.0383563564356 4.02500000004
v 4.50571155582 -0.00894412156264 3.45
v 4.496747437 0.284216225126 4.02500000004
v 4.29935302457 0.326945816501 4.02500000003
v 2.60246787392 -2.93583816425 2.87499999998
v 2.78795969374 -2.76030173977 3.45
v 2.96163809543 -2.57306909218 4.02500000002
v 2.34803338592 -2.74058231563 2.58749999998
v 2.48774748545 -2.69951452888 2.87499999998
v 2.33749867165 -2.73790997275 2.58749999998
v 2.35673044733 -2.74402809384 2.58749999998
v 2.36479892774 -2.74830530243 2.58749999998
v 2.82442293234 -2.23219312741 4.31250000002
v 2.81421348627 -2.23304763137 4.31250000002
v 2.74004281411 -2.32345962891 4.02500000002
v 2.83527598388 -2.23277009685 4.31250000002
v 2.8532216114 -2.23709240762 4.31250000002
v 2.81720362156 -2.35364185841 4.02500000002
v 2.24315250955 -2.78043866662 2.44374999999
v 2.70256296627 -2.41839280224 3.73750000001
v 2.65810715056 -2.53194249203 3.45
v 2.77984315939 -2.32915054052 4.02500000002
v 2.84447643084 -2.23446244443 4.31250000002
v 2.77156154488 -2.25088188562 4.31250000002
v 2.80782937412 -2.20547430543 4.45625000001
v 2.26414232321 -2.79319439025 2.37187499999
v 2.25501534795 -2.77690520131 2.44374999999
v 2.27343397718 -2.79495368982 2.37187499999
v 2.28181724995 -2.79759704196 2.37187499999
v 2.31214229118 -2.75633938796 2.51562499999
v 2.45921450925 -2.64328206792 2.94687499998
v 2.43654811992 -2.6227175464 3.01874999998
v 2.48195556307 -2.59983221073 3.09062499999
v 2.82235195093 -2.21227868678 4.38437500001
v 2.82717877747 -2.21104805105 4.38437500001
v 2.83178805416 -2.21015258251 4.38437500001
v 2.86450972748 -2.16434531544 4.52812500001
v 2.87404035747 -2.16285227181 4.52812500001
v 2.3140925392 -2.84069974557 2.3359375
v 2.48743047541 -2.64086162549 2.98281249998
v 2.55237943305 -2.71443958369 2.98281249998
v 2.57206535615 -2.55850354713 3.27031249999
v 2.63937466229 -2.62992861565 3.27031249999
v 2.92337555874 -2.15775949681 4.5640625
v 2.46364070344 -2.62565474401 3.00078124998
v 2.52165007446 -2.63851581995 3.03671874998
v 2.56425993841 -2.59712453558 3.18046874999
v 3.91400315172 -0.269377225737 2.87499999997
v 3.92323646963 -0.0141616357408 3.45
v 3.91584586253 0.241113961337 4.02500000003
v 3.60322324766 -0.432169354145 2.58749999998
v 3.65678724175 -0.32275890629 2.87499999997
v 3.59039265754 -0.425443413995 2.58749999998
v 3.58114594576 -0.418578928659 2.58749999998
v 3.57503317559 -0.412684619937 2.58749999998
v 3.56951434923 -0.406037659493 2.58749999998
v 3.58083863931 -0.289644453669 2.87499999997
v 3.58715071402 0.288999233522 4.31250000002
v 3.59429121458 0.284403356426 4.31250000002
v 3.58813336899 0.177758816044 4.02500000003
v 3.58044679051 0.294448723145 4.31250000002
v 3.61303895525 -0.313719204197 2.87499999997
v 3.62133547034 -0.195958525858 3.16249999998
v 3.67003851671 -0.0841646759603 3.45
v 3.62641220737 0.0400603901521 3.73750000002
v 3.66773874204 0.154786185246 4.02500000003
v 3.62318705765 0.158068898044 4.02500000003
v 3.60469435841 0.279463980333 4.31250000002
v 3.73766340589 0.231588494631 4.16875000003
v 3.7693609151 0.369931053505 4.45625000002
v 3.55487793759 0.332964726169 4.31250000002
v 3.54898779177 0.390779170367 4.45625000002
v 3.67715494855 0.30696026983 4.38437500002
v 3.57349332588 0.327855238279 4.38437500002
v 3.5831969066 0.373808003949 4.52812500001
v 3.5730560084 0.381031482235 4.52812500001
v 3.56528733496 0.388481768576 4.52812500001
v 3.61841837833 0.304377243114 4.38437500002
v 1.74307391502 -3.10694375539 2.87499999999
v 1.98227342954 -2.96006726662 2.87499999999
v 1.94151860132 -2.98695695439 3.45
v 2.17065556077 -2.82482933345 3.45
v 2.13173649327 -2.85431352441 4.02500000001
v 2.3498399759 -2.67762175447 4.02500000001
v 2.55335549252 -2.48430712699 4.02500000002
v 3.56222917781 -0.0439255866173 2.87499999997
v 3.55463016457 0.236665513916 2.87499999997
v 3.55753990317 0.187925953467 3.45
v 3.53170174451 0.467428191767 3.45
v 3.53777626914 0.418981195142 4.02500000003
v 3.49380844905 0.696210236725 4.02500000003
v 3.42815082903 0.969117157916 4.02500000003
v 1.72371405517 -3.52431477275 2.87499999999
v 1.9493538985 -3.40470326562 3.45
v 1.76213051087 -3.22042892632 3.45
v 1.54887620873 -3.32825010073 2.87499999999
v 2.16673374699 -3.27066501359 4.02500000001
v 1.42734198441 -3.33656754506 2.58749999999
v 1.42675152438 -3.32209295799 2.58749999999
v 1.42807298717 -3.31065282802 2.58749999999
v 1.43012122318 -3.3024118594 2.58749999999
v 1.4331182466 -3.29430893535 2.58749999999
v 1.53957986471 -3.24591945533 2.87499999999
v 2.04385603491 -2.96206402878 4.31250000001
v 2.04344613888 -2.97054582221 4.31250000001
v 1.94801033494 -3.01853524169 4.02500000001
v 2.04522346961 -2.95353351591 4.31250000001
v 1.53483067713 -3.28584312221 2.87499999999
v 1.84789941924 -3.1205349011 3.73750000001
v 1.9679181396 -3.09896183243 4.02500000001
v 1.94848521008 -3.05873758556 4.02500000001
v 2.04437008561 -2.98202489709 4.31250000001
v 2.06939322252 -3.12111721298 4.16875000001
v 2.20505014754 -3.07939678176 4.45625000001
v 2.06579488022 -2.91213223822 4.31250000001
v 2.11291858469 -2.87812400021 4.45625000001
v 2.1044128659 -3.03102946418 4.38437500001
v 2.07067762805 -2.93080838132 4.38437500001
v 2.11532568086 -2.91623554591 4.528125
v 2.11651094746 -2.9038415313 4.528125
v 2.11907874797 -2.89338851958 4.528125
v 2.07280761404 -2.9814536156 4.38437500001
v 3.8437443686 0.785884209227 2.87499999997
v 3.78447127563 1.03429304962 3.45
v 3.70916224724 1.27831928137 4.02500000003
v 3.54743059946 0.66316540333 2.58749999998
v 3.58172190262 0.804695256155 2.87499999997
v 3.5398489255 0.655378244587 2.58749999998
v 3.55476326163 0.668974390344 2.58749999998
v 3.56250167313 0.673823295055 2.58749999998
v 3.34534742067 1.32992544673 4.31250000002
v 3.34098271976 1.3206565551 4.31250000002
v 3.38219647036 1.21121687002 4.02500000003
v 3.35127361662 1.33903598035 4.31250000002
v 3.36398966131 1.35241619429 4.31250000002
v 3.44691545157 1.2629489747 4.02500000003
v 3.52950677373 0.552407724522 2.44374999998
v 3.44567108621 1.131291783 3.73750000002
v 3.5217800943 1.03601707235 3.45
v 3.40702511703 1.24283952431 4.02500000003
v 3.3573394561 1.34615762736 4.31250000002
v 3.3351016663 1.27480176321 4.31250000002
v 3.31391146296 1.32891441477 4.45625000002
v 3.55104846127 0.56420757456 2.37187499999
v 3.53237812221 0.56444797659 2.44374999998
v 3.55721788638 0.571374733158 2.37187499999
v 3.56369873286 0.577313184273 2.37187499999
v 3.54313107702 0.624204267343 2.51562499998
v 3.48961408209 0.7987537962 3.01874999998
v 3.4924985216 0.849520463319 3.09062499998
v 3.32706551846 1.33808914454 4.38437500002
v 3.32841316993 1.3428846168 4.38437500002
v 3.32994230978 1.34732410178 4.38437500002
v 3.30663288947 1.39856553567 4.52812500001
v 3.31010519076 1.40756582517 4.52812500001
v 3.61716441378 0.583713052872 2.3359375
v 3.52453757941 0.81297567325 2.94687499997
v 3.53076849325 0.833747169107 2.98281249997
v 3.62696335304 0.853205637267 2.98281249997
v 3.59727232244 0.970801199818 3.27031249999
v 3.33935862037 1.42358598557 4.49218750001
v 3.33036231887 1.45283775026 4.5640625
v 3.5458467656 0.86455511396 3.03671874998
v 3.53130579381 0.922151980781 3.18046874998
v 3.31689663323 1.38330795808 4.47421875001
v 1.93367577797 -4.75930338096 2.87499999999
v 2.23921909451 -4.62341528028 3.45
v 1.98619449166 -4.04432291195 2.87499999999
v 2.53527417078 -4.46793638779 4.02500000001
v 2.24510994142 -3.90653273025 3.45
v 2.49451218963 -3.75218940228 4.02500000001
v 2.43281989504 -3.55987603087 4.02500000001
v 4.35798399394 0.861531234087 2.87499999997
v 4.45771793694 0.922212657484 2.87499999996
v 4.29269982155 1.14323621387 3.45
v 4.3882745337 1.2102777614 3.45
v 4.20922619755 1.42009696027 4.02500000003
v 4.30023670024 1.49321455687 4.02500000004
v 1.55246243066 -5.01521288011 2.87499999999
v 1.69268446711 -4.96963973807 2.87499999999
v 1.87546286106 -4.90358432407 3.45
v 2.01242283121 -4.8489848953 3.45
v 2.19051639501 -4.77117781628 4.02500000001
v 2.32363395855 -4.70778345488 4.02500000001
v 2.4549188225 -4.64067596438 4.02500000001
v 4.96963973807 1.69268446711 2.87499999996
v 5.01521288011 1.55246243066 2.87499999996
v 4.90358432407 1.87546286106 3.45
v 4.8489848953 2.01242283121 3.45
v 4.77117781628 2.19051639501 4.02500000004
v 4.70778345488 2.32363395855 4.02500000004
v 4.64067596438 2.4549188225 4.02500000004
v 0.861531234087 -4.35798399394 2.875
v 0.922212657484 -4.45771793694 2.875
v 1.14323621387 -4.29269982155 3.45
v 1.2102777614 -4.3882745337 3.45
v 1.42009696027 -4.20922619755 4.025
v 1.49321455687 -4.30023670024 4.025
v 4.75930338096 1.93367577797 2.87499999996
v 4.62341528028 2.23921909451 3.45
v 4.04432291195 1.98619449166 2.87499999997
v 4.46793638779 2.53527417078 4.02500000004
v 3.90653273025 2.24510994142 3.45
v 3.75218940228 2.49451218963 4.02500000003
v 3.55987603087 2.43281989504 4.02500000003
v 0.785884209227 -3.8437443686 2.875
v 1.03429304962 -3.78447127563 3.45
v 1.27831928137 -3.70916224724 4.025
v 0.66316540333 -3.54743059946 2.5875
v 0.804695256155 -3.58172190262 2.875
v 0.655378244587 -3.5398489255 2.5875
v 0.668974390344 -3.55476326163 2.5875
v 0.673823295055 -3.56250167313 2.5875
v 1.32992544673 -3.34534742067 4.3125
v 1.3206565551 -3.34098271976 4.3125
v 1.21121687002 -3.38219647036 4.025
v 1.33903598035 -3.35127361662 4.3125
v 1.35241619429 -3.36398966131 4.3125
v 1.2629489747 -3.44691545157 4.025
v 0.56444797659 -3.53237812221 2.44375
v 1.131291783 -3.44567108621 3.7375
v 1.03601707235 -3.5217800943 3.45
v 1.24283952431 -3.40702511703 4.025
v 1.34615762736 -3.3573394561 4.3125
v 1.27480176321 -3.3351016663 4.3125
v 1.32891441477 -3.31391146296 4.45625
v 0.56420757456 -3.55104846127 2.371875
v 0.571374733158 -3.55721788638 2.371875
v 0.577313184273 -3.56369873286 2.371875
v 0.624204267343 -3.54313107702 2.515625
v 0.7987537962 -3.48961408209 3.01875
v 1.33808914454 -3.32706551846 4.384375
v 1.3428846168 -3.32841316993 4.384375
v 1.34732410178 -3.32994230978 4.384375
v 1.39856553567 -3.30663288947 4.528125
v 1.40756582517 -3.31010519076 4.528125
v 0.583713052872 -3.61716441378 2.3359375
v 0.838111274121 -3.61422926205 2.946875
v 0.927258900154 -3.49621018101 3.234375
v 0.955300400176 -3.585036251 3.234375
v 1.45283775026 -3.33036231887 4.5640625
v 0.835658998263 -3.5341981215 2.9828125
v 0.893070122307 -3.52012899406 3.1265625
v 0.822227215874 -3.5068884103 3.00078125
v 0.850739600026 -3.50008086718 3.07265625
v 3.52431477275 1.72371405517 2.87499999997
v 3.40470326562 1.9493538985 3.45
v 3.22042892632 1.76213051087 3.45
v 3.32825010073 1.54887620873 2.87499999997
v 3.27066501359 2.16673374699 4.02500000003
v 3.33656754506 1.42734198441 2.58749999998
v 3.32209295799 1.42675152438 2.58749999998
v 3.31065282802 1.42807298717 2.58749999998
v 3.3024118594 1.43012122318 2.58749999998
v 3.29430893535 1.4331182466 2.58749999998
v 3.24591945533 1.53957986471 2.87499999997
v 2.96206402878 2.04385603491 4.31250000002
v 2.97054582221 2.04344613888 4.31250000002
v 3.01853524169 1.94801033494 4.02500000003
v 2.95353351591 2.04522346961 4.31250000002
v 3.28584312221 1.53483067713 2.87499999997
v 3.1205349011 1.84789941924 3.73750000002
v 3.09896183243 1.9679181396 4.02500000003
v 3.05873758556 1.94848521008 4.02500000003
v 2.98202489709 2.04437008561 4.31250000002
v 3.12111721298 2.06939322252 4.16875000003
v 3.07939678176 2.20505014754 4.45625000002
v 2.91213223822 2.06579488022 4.31250000002
v 2.87812400021 2.11291858469 4.45625000001
v 3.03102946418 2.1044128659 4.38437500002
v 2.93080838132 2.07067762805 4.38437500002
v 2.91623554591 2.11532568086 4.52812500001
v 2.9038415313 2.11651094746 4.52812500001
v 2.89338851958 2.11907874797 4.52812500001
v 2.9814536156 2.07280761404 4.38437500002
v -0.0439255866173 -3.56222917781 2.875
v 0.236665513916 -3.55463016457 2.875
v 0.187925953467 -3.55753990317 3.45
v 0.467428191767 -3.53170174451 3.45
v 0.418981195142 -3.53777626914 4.025
v 0.696210236725 -3.49380844905 4.025
v 0.969117157916 -3.42815082903 4.025
v 3.10694375539 1.74307391502 2.87499999997
v 2.96006726662 1.98227342954 2.87499999998
v 2.98695695439 1.94151860132 3.45
v 2.82482933345 2.17065556077 3.45
v 2.85431352441 2.13173649327 4.02500000003
v 2.67762175447 2.3498399759 4.02500000002
v 2.48430712699 2.55335549252 4.02500000002
v -0.269377225737 -3.91400315172 2.875
v -0.0141616357408 -3.92323646963 3.45
v 0.241113961337 -3.91584586253 4.025
v -0.432169354145 -3.60322324766 2.5875
v -0.32275890629 -3.65678724175 2.875
v -0.289644453669 -3.58083863931 2.875
v -0.412684619937 -3.57503317559 2.5875
v -0.406037659493 -3.56951434923 2.5875
v -0.418578928659 -3.58114594576 2.5875
v 0.288999233522 -3.58715071402 4.3125
v 0.284403356426 -3.59429121458 4.3125
v 0.177758816044 -3.58813336899 4.025
v 0.294448723145 -3.58044679051 4.3125
v -0.421053704396 -3.5455234429 2.44375
v -0.363291635094 -3.55190679043 2.5875
v -0.313719204197 -3.61303895525 2.875
v -0.425443413995 -3.59039265754 2.5875
v -0.13143465002 -3.56801733336 3.1625
v 0.0400603901521 -3.62641220737 3.7375
v 0.154786185246 -3.66773874204 4.025
v -0.0841646759603 -3.67003851671 3.45
v 0.158068898044 -3.62318705765 4.025
v 0.279463980333 -3.60469435841 4.3125
v 0.231588494631 -3.73766340589 4.16875
v 0.369931053505 -3.7693609151 4.45625
v 0.332964726169 -3.55487793759 4.3125
v 0.390779170367 -3.54898779177 4.45625
v -0.503441407945 -3.56729298546 2.371875
v -0.493980798936 -3.5591989548 2.371875
v -0.484873544373 -3.55346162373 2.371875
v -0.436085434067 -3.56684187084 2.515625
v -0.429958828292 -3.56265056009 2.515625
v -0.245193181107 -3.59985892666 3.01875
v -0.231325119306 -3.5850785215 3.01875
v -0.142464538584 -3.69382871366 3.30625
v -0.0560615936731 -3.59209639695 3.45
v -0.127897887602 -3.60593208679 3.30625
v 0.30696026983 -3.67715494855 4.384375
v 0.327855238279 -3.57349332588 4.384375
v 0.373808003949 -3.5831969066 4.528125
v 0.381031482235 -3.5730560084 4.528125
v 0.388481768576 -3.56528733496 4.528125
v -0.287220872604 -3.72763958615 2.946875
v -0.193567620356 -3.58058034528 3.090625
v -0.162368561695 -3.61343758046 3.234375
v -0.0779903873622 -3.62579479433 3.45
v 0.304377243114 -3.61841837833 4.384375
v -0.277758314913 -3.65440692072 2.9828125
v 2.93583816425 2.60246787392 2.87499999998
v 2.76030173977 2.78795969374 3.45
v 2.57306909218 2.96163809543 4.02500000002
v 2.74058231563 2.34803338592 2.58749999998
v 2.69951452888 2.48774748545 2.87499999998
v 2.73790997275 2.33749867165 2.58749999998
v 2.74402809384 2.35673044733 2.58749999998
v 2.74830530243 2.36479892774 2.58749999998
v 2.23219312741 2.82442293234 4.31250000002
v 2.23304763137 2.81421348627 4.31250000002
v 2.32345962891 2.74004281411 4.02500000002
v 2.23277009685 2.83527598388 4.31250000002
v 2.23709240762 2.8532216114 4.31250000002
v 2.35364185841 2.81720362156 4.02500000002
v 2.78043866662 2.24315250955 2.44374999999
v 2.41839280224 2.70256296627 3.73750000001
v 2.53194249203 2.65810715056 3.45
v 2.32915054052 2.77984315939 4.02500000002
v 2.23446244443 2.84447643084 4.31250000002
v 2.25088188562 2.77156154488 4.31250000002
v 2.20547430543 2.80782937412 4.45625000001
v 2.79319439025 2.26414232321 2.37187499999
v 2.77690520131 2.25501534795 2.44374999999
v 2.79495368982 2.27343397718 2.37187499999
v 2.79759704196 2.28181724995 2.37187499999
v 2.75633938796 2.31214229118 2.51562499998
v 2.64328206792 2.45921450925 2.94687499998
v 2.6227175464 2.43654811992 3.01874999998
v 2.59983221073 2.48195556307 3.09062499998
v 2.21227868678 2.82235195093 4.38437500002
v 2.21104805105 2.82717877747 4.38437500002
v 2.21015258251 2.83178805416 4.38437500002
v 2.16434531544 2.86450972748 4.52812500001
v 2.16285227181 2.87404035747 4.52812500001
v 2.64086162549 2.48743047541 2.98281249998
v 2.71443958369 2.55237943305 2.98281249998
v 2.55850354713 2.57206535615 3.27031249999
v 2.62992861565 2.63937466229 3.27031249999
v 2.1801764048 2.90254093816 4.49218750001
v 2.15775949681 2.92337555874 4.5640625
v 2.62565474401 2.46364070344 3.00078124998
v 2.63851581995 2.52165007446 3.03671874998
v 2.59712453558 2.56425993841 3.18046874999
v 2.18086276706 2.85642814957 4.47421875001
v -0.705039344079 -5.08851552121 2.87500000001
v -0.37248701965 -5.12360463222 3.45
v -0.302066569336 -4.49558362868 2.875
v -0.0383563564356 -5.13698349971 4.02499999999
v -0.00894412156264 -4.50571155582 3.45
v 0.284216225126 -4.496747437 4.025
v 0.326945816501 -4.29935302457 4.025
v 3.34335923099 2.92509993184 2.87499999997
v 3.39939064755 3.02751855754 2.87499999997
v 3.14596898935 3.13642151451 3.45
v 3.19521834426 3.24226855386 3.45
v 2.93524833722 3.33445314221 4.02500000003
v 2.97750694626 3.44328008967 4.02500000003
v -1.16313453668 -5.11953297489 2.87500000001
v -1.01891211992 -5.15017649438 2.87500000001
v -0.827593680504 -5.18436002477 3.45
v -0.681683152666 -5.2055555175 3.45
v -0.488546062658 -5.22721939238 4.02499999999
v -0.341565690237 -5.23887704672 4.02499999999
v -0.194315917679 -5.24640268713 4.02499999999
v 3.56707054423 3.85207834343 2.87499999997
v 3.45749202727 3.95072761815 2.87499999997
v 3.30889716371 4.07599064356 3.45
v 3.19313268629 4.16730174264 3.45
v 3.03670299737 4.28263175363 4.02500000003
v 2.91524308817 4.36621776464 4.02500000003
v 2.79148386464 4.4463600467 4.02500000003
v -1.4328840621 -4.20489046508 2.87500000001
v -1.4301993794 -4.32160330504 2.87500000001
v -1.15627830703 -4.28920520322 3.45
v -1.14600597984 -4.40549610566 3.45
v -0.874773055342 -4.35534529749 4.02499999999
v -0.856956610565 -4.47072150313 4.02499999999
v 3.15483974325 4.05426403688 2.87499999997
v 2.88438553771 4.25092826063 3.45
v 2.50938913702 3.74225634261 2.87499999998
v 2.60170932892 4.42958003135 4.02500000003
v 2.2606016144 3.89758860869 3.45
v 2.00223524737 4.03640562741 4.02500000002
v 1.86653312954 3.88682184737 4.02500000002
v -1.24127649468 -3.72172237347 2.87500000001
v -0.996511581883 -3.7945947894 3.45
v -0.747524151807 -3.85138837355 4.02499999999
v -1.19770274538 -3.42212859748 2.58750000001
v -1.09397441718 -3.50420978504 2.87500000001
v -1.09567481182 -3.4213734051 2.87500000001
v -1.20645081532 -3.38389948144 2.58750000001
v -1.20235025385 -3.39328821733 2.58750000001
v -1.19939721353 -3.40374771896 2.58750000001
v -0.520924488322 -3.56211857415 4.31249999999
v -0.526769233491 -3.55370418647 4.31249999999
v -0.642153656248 -3.53467649893 4.02499999999
v -0.515997632744 -3.5718060772 4.31249999999
v -0.510768049912 -3.58950860191 4.31249999999
v -0.629711830009 -3.61659083311 4.02499999999
v -1.29143269263 -3.32869708843 2.44375000001
v -1.23708435781 -3.34927528754 2.58750000001
v -1.085674809 -3.46031507819 2.87500000001
v -1.19803281429 -3.41300248418 2.58750000001
v -0.972475891748 -3.49381753567 3.16250000001
v -0.863672943736 -3.56795956438 3.45
v -0.743108119936 -3.54968458524 3.73749999999
v -0.627181957636 -3.57199006483 4.02499999999
v -0.512863025254 -3.58062007179 4.31249999999
v -0.56354012142 -3.52568364883 4.31249999999
v -0.506082088837 -3.5343887202 4.45624999999
v -1.29027136249 -3.35037407381 2.371875
v -1.28620742248 -3.35912315827 2.371875
v -1.23910228386 -3.3651854411 2.51562500001
v -1.23644938779 -3.36940146543 2.51562500001
v -1.23418225768 -3.37351332834 2.51562500001
v -0.504713567534 -3.55036783131 4.38437499999
v -0.501234392465 -3.55393266785 4.38437499999
v -0.498154255616 -3.55747668429 4.38437499999
v -0.436064833285 -3.57041809698 4.528125
v -1.29537380035 -3.39471021162 2.3359375
v -1.26735639326 -3.40172321423 2.4078125
v -0.436817682208 -3.60376239037 4.4921875
v -0.40698676013 -3.61059724707 4.5640625
v -1.26742057653 -3.36288406946 2.42578125001
v -0.460468483655 -3.56417072514 4.47421874999
v 2.19028909655 3.25493754702 2.87499999998
v 1.97388257112 3.39054162988 3.45
v 1.74911211554 3.51177897492 4.02500000002
v 2.17588126326 2.90439819091 2.58749999998
v 2.10791103302 3.00549119444 2.87499999998
v 2.16364113316 2.89664954399 2.58749999998
v 2.15307295859 2.89207389936 2.58749999998
v 2.14491195241 2.88972723946 2.58749999998
v 2.13639610263 2.88827127586 2.58749999998
v 2.0412587746 2.95627500166 2.87499999998
v 1.54329467911 3.25106326231 4.31250000002
v 1.5508450757 3.25494917864 4.31250000002
v 1.64012303405 3.19629405773 4.02500000002
v 1.5352233209 3.24798223906 4.31250000002
v 2.07820827811 2.97212391801 2.87499999998
v 1.98037279665 3.03818925001 3.16249999999
v 1.90790800584 3.13626425036 3.45
v 1.77851278813 3.16059529125 3.73750000001
v 1.69982060244 3.25374801767 4.02500000002
v 1.67470184757 3.21680648361 4.02500000002
v 1.56032427279 3.26148887743 4.31250000002
v 1.66827018337 3.35270570761 4.16875000002
v 1.56431076757 3.44932783526 4.45625000001
v 1.48908305737 3.24509696439 4.31250000002
v 1.43606920708 3.26890317058 4.45625000001
v 1.57274208265 3.33798973401 4.38437500001
v 1.50281569782 3.2586636196 4.38437500001
v 1.46787122574 3.29004354986 4.52812500001
v 1.45654506094 3.28487301353 4.52812500001
v 1.44620858698 3.28187028815 4.52812500001
v 1.54561076429 3.28583085871 4.38437500001
v -1.81915526279 -3.06301816877 2.87500000002
v -1.57235673504 -3.19673278054 2.87500000001
v -1.61602130185 -3.17488290786 3.45
v -1.36104618374 -3.29225752522 3.45
v -1.40603977587 -3.27329471955 4.02499999998
v -1.14396847315 -3.3738319912 4.02499999999
v -0.874795336518 -3.45342428491 4.02499999999
v 1.81915526279 3.06301816877 2.87499999998
v 1.57235673504 3.19673278054 2.87499999999
v 1.61602130185 3.17488290786 3.45
v 1.36104618374 3.29225752522 3.45
v 1.40603977587 3.27329471955 4.02500000002
v 1.14396847315 3.3738319912 4.02500000001
v 0.874795336518 3.45342428491 4.02500000001
v -2.19028909655 -3.25493754702 2.87500000002
v -1.97388257112 -3.39054162988 3.45
v -1.74911211554 -3.51177897492 4.02499999998
v -2.17588126326 -2.90439819091 2.58750000002
v -2.10791103302 -3.00549119444 2.87500000002
v -2.0412587746 -2.95627500166 2.87500000002
v -2.14491195241 -2.88972723946 2.58750000002
v -2.13639610263 -2.88827127586 2.58750000002
v -2.15307295859 -2.89207389936 2.58750000002
v -1.54329467911 -3.25106326231 4.31249999998
v -1.5508450757 -3.25494917864 4.31249999998
v -1.64012303405 -3.19629405773 4.02499999998
v -1.5352233209 -3.24798223906 4.31249999998
v -2.13740492581 -2.85998651906 2.44375000001
v -2.09057318019 -2.89439569484 2.58750000002
v -2.07820827811 -2.97212391801 2.87500000002
v -2.16364113316 -2.89664954399 2.58750000002
v -1.98037279665 -3.03818925001 3.16250000001
v -1.89783441254 -3.02427632682 3.16250000001
v -1.77851278813 -3.16059529125 3.73749999999
v -1.69982060244 -3.25374801767 4.02499999998
v -1.90790800584 -3.13626425036 3.45
v -1.67470184757 -3.21680648361 4.02499999998
v -1.56032427279 -3.26148887743 4.31249999998
v -1.66827018337 -3.35270570761 4.16874999998
v -1.56431076757 -3.44932783526 4.45624999999
v -1.48908305737 -3.24509696439 4.31249999998
v -1.43606920708 -3.26890317058 4.45624999999
v -2.21963954133 -2.83764564417 2.37187500001
v -2.20739939826 -2.83536631251 2.37187500001
v -2.19664361891 -2.83495126533 2.37187500001
v -2.16108199954 -2.87093295439 2.51562500001
v -2.15368054793 -2.8703664757 2.51562500001
v -1.94395870751 -3.02114612578 3.16250000001
v -1.91372886315 -3.05887984768 3.30625000001
v -1.84459896277 -3.08281593576 3.45
v -1.57274208265 -3.33798973401 4.38437499999
v -1.50281569782 -3.2586636196 4.38437499999
v -1.46787122574 -3.29004354986 4.52812499999
v -1.45654506094 -3.28487301353 4.52812499999
v -1.44620858698 -3.28187028815 4.52812499999
v -1.95948190532 -3.18405771303 3.378125
v -1.88043905387 -3.10103520712 3.45
v -1.54561076429 -3.28583085871 4.38437499999
v -1.94294282203 -3.10754130043 3.3421875
v 1.24127649468 3.72172237347 2.87499999999
v 0.996511581883 3.7945947894 3.45
v 0.747524151807 3.85138837355 4.02500000001
v 1.19939721353 3.40374771896 2.58749999999
v 1.09397441718 3.50420978504 2.87499999999
v 1.20235025385 3.39328821733 2.58749999999
v 1.19803281429 3.41300248418 2.58749999999
v 1.19770274538 3.42212859748 2.58749999999
v 0.520924488322 3.56211857415 4.31250000001
v 0.526769233491 3.55370418647 4.31250000001
v 0.642153656248 3.53467649893 4.02500000001
v 0.515997632744 3.5718060772 4.31250000001
v 0.510768049912 3.58950860191 4.31250000001
v 0.629711830009 3.61659083311 4.02500000001
v 1.28635426418 3.33284639114 2.44374999999
v 0.743108119936 3.54968458524 3.73750000001
v 0.863672943736 3.56795956438 3.45
v 0.627181957636 3.57199006483 4.02500000001
v 0.512863025254 3.58062007179 4.31250000001
v 0.56354012142 3.52568364883 4.31250000001
v 0.506082088837 3.5343887202 4.45625000001
v 1.28690613806 3.35740196481 2.371875
v 1.27736277426 3.3413531779 2.44374999999
v 1.28378390919 3.36632842298 2.371875
v 1.28188148291 3.37491022623 2.371875
v 1.23098878584 3.38054365531 2.51562499999
v 1.05954216556 3.45138327232 2.94687499999
v 1.05306596217 3.4214713426 3.01874999999
v 1.01054295853 3.44935267405 3.09062499999
v 0.504713567534 3.55036783131 4.38437500001
v 0.501234392465 3.55393266785 4.38437500001
v 0.498154255616 3.55747668429 4.38437500001
v 0.44212316199 3.5629108511 4.528125
v 0.436064833285 3.57041809698 4.528125
v 1.30307187458 3.42441279844 2.3359375
v 1.04333801785 3.47460879459 2.98281249999
v 1.07458391999 3.56764522096 2.98281249999
v 0.92969638941 3.50672571218 3.2703125
v 0.957897660153 3.60072981547 3.2703125
v 0.436817682208 3.60376239037 4.4921875
v 0.40698676013 3.61059724707 4.5640625
v 1.04206335816 3.44640280698 3.00078124999
v 1.02419669114 3.50307093391 3.03671874999
v 0.9670458554 3.51927651636 3.18046874999
v 0.460468483655 3.56417072514 4.47421875001
v -3.15483974325 -4.05426403688 2.87500000003
v -2.88438553771 -4.25092826063 3.45
v -2.50938913702 -3.74225634261 2.87500000002
v -2.60170932892 -4.42958003135 4.02499999997
v -2.2606016144 -3.89758860869 3.45
v -2.00223524737 -4.03640562741 4.02499999998
v -1.86653312954 -3.88682184737 4.02499999998
v 1.4328840621 4.20489046508 2.87499999999
v 1.4301993794 4.32160330504 2.87499999999
v 1.15627830703 4.28920520322 3.45
v 1.14600597984 4.40549610566 3.45
v 0.874773055342 4.35534529749 4.02500000001
v 0.856956610565 4.47072150313 4.02500000001
v -3.56707054423 -3.85207834343 2.87500000003
v -3.45749202727 -3.95072761815 2.87500000003
v -3.30889716371 -4.07599064356 3.45
v -3.19313268629 -4.16730174264 3.45
v -3.03670299737 -4.28263175363 4.02499999997
v -2.91524308817 -4.36621776464 4.02499999997
v -2.79148386464 -4.4463600467 4.02499999997
v 1.16313453668 5.11953297489 2.87499999999
v 1.01891211992 5.15017649438 2.87499999999
v 0.827593680504 5.18436002477 3.45
v 0.681683152666 5.2055555175 3.45
v 0.488546062658 5.22721939238 4.02500000001
v 0.341565690237 5.23887704672 4.02500000001
v 0.194315917679 5.24640268713 4.02500000001
v -3.34335923099 -2.92509993184 2.87500000003
v -3.39939064755 -3.02751855754 2.87500000003
v -3.14596898935 -3.13642151451 3.45
v -3.19521834426 -3.24226855386 3.45
v -2.93524833722 -3.33445314221 4.02499999997
v -2.97750694626 -3.44328008967 4.02499999997
v 0.705039344079 5.08851552121 2.87499999999
v 0.37248701965 5.12360463222 3.45
v 0.302066569336 4.49558362868 2.875
v 0.0383563564356 5.13698349971 4.02500000001
v 0.00894412156264 4.50571155582 3.45
v -0.284216225126 4.496747437 4.025
v -0.326945816501 4.29935302457 4.025
v -2.93583816425 -2.60246787392 2.87500000002
v -2.76030173977 -2.78795969374 3.45
v -2.57306909218 -2.96163809543 4.02499999998
v -2.74058231563 -2.34803338592 2.58750000002
v -2.69951452888 -2.48774748545 2.87500000002
v -2.73790997275 -2.33749867165 2.58750000002
v -2.74402809384 -2.35673044733 2.58750000002
v -2.74830530243 -2.36479892774 2.58750000002
v -2.23219312741 -2.82442293234 4.31249999998
v -2.23304763137 -2.81421348627 4.31249999998
v -2.32345962891 -2.74004281411 4.02499999998
v -2.23277009685 -2.83527598388 4.31249999998
v -2.23709240762 -2.8532216114 4.31249999998
v -2.35364185841 -2.81720362156 4.02499999998
v -2.78043866662 -2.24315250955 2.44375000001
v -2.41839280224 -2.70256296627 3.73749999999
v -2.53194249203 -2.65810715056 3.45
v -2.32915054052 -2.77984315939 4.02499999998
v -2.23446244443 -2.84447643084 4.31249999998
v -2.25088188562 -2.77156154488 4.31249999998
v -2.20547430543 -2.80782937412 4.45624999999
v -2.79319439025 -2.26414232321 2.37187500001
v -2.77690520131 -2.25501534795 2.44375000001
v -2.79495368982 -2.27343397718 2.37187500001
v -2.79759704196 -2.28181724995 2.37187500001
v -2.75633938796 -2.31214229118 2.51562500002
v -2.64328206792 -2.45921450925 2.94687500002
v -2.6227175464 -2.43654811992 3.01875000002
v -2.59983221073 -2.48195556307 3.09062500002
v -2.21227868678 -2.82235195093 4.38437499998
v -2.21104805105 -2.82717877747 4.38437499998
v -2.21015258251 -2.83178805416 4.38437499998
v -2.16434531544 -2.86450972748 4.52812499999
v -2.16285227181 -2.87404035747 4.52812499999
v -2.84069974557 -2.3140925392 2.3359375
v -2.64086162549 -2.48743047541 2.98281250002
v -2.71443958369 -2.55237943305 2.98281250002
v -2.55850354713 -2.57206535615 3.27031250001
v -2.62992861565 -2.63937466229 3.27031250001
v -2.1801764048 -2.90254093816 4.49218749999
v -2.15775949681 -2.92337555874 4.5640625
v -2.62565474401 -2.46364070344 3.00078125002
v -2.63851581995 -2.52165007446 3.03671875002
v -2.59712453558 -2.56425993841 3.18046875001
v -2.18086276706 -2.85642814957 4.47421874999
v 0.269377225737 3.91400315172 2.875
v 0.0141616357408 3.92323646963 3.45
v -0.241113961337 3.91584586253 4.025
v 0.432169354145 3.60322324766 2.5875
v 0.32275890629 3.65678724175 2.875
v 0.425443413995 3.59039265754 2.5875
v 0.418578928659 3.58114594576 2.5875
v 0.412684619937 3.57503317559 2.5875
v 0.406037659493 3.56951434923 2.5875
v 0.289644453669 3.58083863931 2.875
v -0.288999233522 3.58715071402 4.3125
v -0.284403356426 3.59429121458 4.3125
v -0.177758816044 3.58813336899 4.025
v -0.294448723145 3.58044679051 4.3125
v 0.313719204197 3.61303895525 2.875
v 0.195958525858 3.62133547034 3.1625
v 0.13143465002 3.56801733336 3.1625
v -0.0400603901521 3.62641220737 3.7375
v -0.154786185246 3.66773874204 4.025
v 0.0841646759603 3.67003851671 3.45
v -0.158068898044 3.62318705765 4.025
v -0.279463980333 3.60469435841 4.3125
v -0.231588494631 3.73766340589 4.16875
v -0.369931053505 3.7693609151 4.45625
v -0.332964726169 3.55487793759 4.3125
v -0.390779170367 3.54898779177 4.45625
v 0.172944561717 3.58836864722 3.1625
v 0.127897887602 3.60593208679 3.30625
v 0.0560615936731 3.59209639695 3.45
v -0.30696026983 3.67715494855 4.384375
v -0.327855238279 3.57349332588 4.384375
v -0.373808003949 3.5831969066 4.528125
v -0.381031482235 3.5730560084 4.528125
v -0.388481768576 3.56528733496 4.528125
v 0.104932251752 3.73721581926 3.378125
v 0.0779903873622 3.62579479433 3.45
v -0.304377243114 3.61841837833 4.384375
v 0.12886719177 3.66268112049 3.3421875
v -3.10694375539 -1.74307391502 2.87500000003
v -2.96006726662 -1.98227342954 2.87500000002
v -2.98695695439 -1.94151860132 3.45
v -2.82482933345 -2.17065556077 3.45
v -2.85431352441 -2.13173649327 4.02499999997
v -2.67762175447 -2.3498399759 4.02499999998
v -2.48430712699 -2.55335549252 4.02499999998
v 0.0439255866173 3.56222917781 2.875
v -0.236665513916 3.55463016457 2.875
v -0.187925953467 3.55753990317 3.45
v -0.467428191767 3.53170174451 3.45
v -0.418981195142 3.53777626914 4.025
v -0.696210236725 3.49380844905 4.025
v -0.969117157916 3.42815082903 4.025
v -3.52431477275 -1.72371405517 2.87500000003
v -3.40470326562 -1.9493538985 3.45
v -3.27066501359 -2.16673374699 4.02499999997
v -3.33656754506 -1.42734198441 2.58750000002
v -3.32825010073 -1.54887620873 2.87500000003
v -3.32209295799 -1.42675152438 2.58750000002
v -3.31065282802 -1.42807298717 2.58750000002
v -3.3024118594 -1.43012122318 2.58750000002
v -3.29430893535 -1.4331182466 2.58750000002
v -3.24591945533 -1.53957986471 2.87500000003
v -2.96206402878 -2.04385603491 4.31249999998
v -2.97054582221 -2.04344613888 4.31249999998
v -3.01853524169 -1.94801033494 4.02499999997
v -2.95353351591 -2.04522346961 4.31249999998
v -3.28584312221 -1.53483067713 2.87500000003
v -3.23414777587 -1.64096267369 3.16250000002
v -3.15571097684 -1.67018292083 3.16250000002
v -3.1205349011 -1.84789941924 3.73749999998
v -3.09896183243 -1.9679181396 4.02499999997
v -3.22042892632 -1.76213051087 3.45
v -3.05873758556 -1.94848521008 4.02499999997
v -2.98202489709 -2.04437008561 4.31249999998
v -3.12111721298 -2.06939322252 4.16874999997
v -3.07939678176 -2.20505014754 4.45624999998
v -2.91213223822 -2.06579488022 4.31249999998
v -2.87812400021 -2.11291858469 4.45624999999
v -3.1940906875 -1.64440993972 3.16250000002
v -3.13887752943 -1.74749743418 3.45
v -3.03102946418 -2.1044128659 4.38437499998
v -2.93080838132 -2.07067762805 4.38437499998
v -2.91623554591 -2.11532568086 4.52812499999
v -2.9038415313 -2.11651094746 4.52812499999
v -2.89338851958 -2.11907874797 4.52812499999
v -3.28898996478 -1.77773391394 3.378125
v -3.17082383615 -1.67448507983 3.23437500001
v -3.18677773528 -1.69220322364 3.30625000001
v -3.17902559448 -1.74535574046 3.45
v -2.9814536156 -2.07280761404 4.38437499998
v -3.2364084922 -1.71973829846 3.34218750001
v -0.785884209227 3.8437443686 2.875
v -1.03429304962 3.78447127563 3.45
v -1.27831928137 3.70916224724 4.025
v -0.673823295055 3.56250167313 2.5875
v -0.804695256155 3.58172190262 2.875
v -0.761804481229 3.51083369055 2.875
v -0.655378244587 3.5398489255 2.5875
v -0.66316540333 3.54743059946 2.5875
v -0.647132686231 3.53376832244 2.5875
v -1.35241619429 3.36398966131 4.3125
v -0.545935025119 3.5284525864 2.44375
v -0.603291163278 3.51909966218 2.5875
v -0.789935574246 3.53955816731 2.875
v -0.668974390344 3.55476326163 2.5875
v -0.904719941014 3.51197268795 3.1625
v -1.03601707235 3.5217800943 3.45
v -1.05511896638 3.4109744539 3.7375
v -1.18722288394 3.42680202255 3.88125
v -1.2629489747 3.44691545157 4.025
v -1.30128708476 3.39050648042 4.16875
v -1.33903598035 3.35127361662 4.3125
v -1.32992544673 3.34534742067 4.3125
v -1.34615762736 3.3573394561 4.3125
v -1.3206565551 3.34098271976 4.3125
v -1.32891441477 3.31391146296 4.45625
v -0.557779259212 3.54664474134 2.371875
v -0.565673276729 3.55218970074 2.371875
v -0.609498664838 3.53388722237 2.515625
v -0.613904152395 3.53621195851 2.515625
v -0.617923476118 3.53863937119 2.515625
v -1.06156739559 3.44850384208 3.59375
v -1.18600421999 3.39302591779 3.953125
v -1.12828861244 3.41075712274 3.809375
v -1.33808914454 3.32706551846 4.384375
v -1.3428846168 3.32841316993 4.384375
v -1.34732410178 3.32994230978 4.384375
v -1.39856553567 3.30663288947 4.528125
v -1.40756582517 3.31010519076 4.528125
v -0.575528487312 3.58759218192 2.3359375
v -0.603298774905 3.57965691679 2.4078125
v -1.06278215901 3.42469241903 3.665625
v -1.07354558675 3.58124178607 3.521875
v -1.22975111736 3.41308843434 3.9890625
v -1.42358598557 3.33935862037 4.4921875
v -1.45283775026 3.33036231887 4.5640625
v -0.583823618179 3.5460533224 2.42578125
v -1.07726642829 3.50304678616 3.5578125
v -1.38330795808 3.31689663323 4.47421875
v -1.07740922437 3.45533158985 3.61171875
v -1.1087056178 3.45043315167 3.68359375
v -1.08886989184 3.422619478 3.710546875
v -4.75930338096 -1.93367577797 2.87500000004
v -4.62341528028 -2.23921909451 3.45
v -4.04432291195 -1.98619449166 2.87500000003
v -4.46793638779 -2.53527417078 4.02499999996
v -3.90653273025 -2.24510994142 3.45
v -3.75218940228 -2.49451218963 4.02499999997
v -3.55987603087 -2.43281989504 4.02499999997
v -0.861531234087 4.35798399394 2.875
v -0.922212657484 4.45771793694 2.875
v -1.14323621387 4.29269982155 3.45
v -1.2102777614 4.3882745337 3.45
v -1.42009696027 4.20922619755 4.025
v -1.49321455687 4.30023670024 4.025
v -4.96963973807 -1.69268446711 2.87500000004
v -5.01521288011 -1.55246243066 2.87500000004
v -4.90358432407 -1.87546286106 3.45
v -4.8489848953 -2.01242283121 3.45
v -4.77117781628 -2.19051639501 4.02499999996
v -4.70778345488 -2.32363395855 4.02499999996
v -4.64067596438 -2.4549188225 4.02499999996
v -1.69268446711 4.96963973807 2.87500000001
v -1.55246243066 5.01521288011 2.87500000001
v -1.87546286106 4.90358432407 3.45
v -2.01242283121 4.8489848953 3.45
v -2.19051639501 4.77117781628 4.02499999999
v -2.32363395855 4.70778345488 4.02499999999
v -2.4549188225 4.64067596438 4.02499999999
v -4.35798399394 -0.861531234087 2.87500000003
v -4.45771793694 -0.922212657484 2.87500000004
v -4.29269982155 -1.14323621387 3.45
v -4.3882745337 -1.2102777614 3.45
v -4.20922619755 -1.42009696027 4.02499999997
v -4.30023670024 -1.49321455687 4.02499999996
v -1.93367577797 4.75930338096 2.87500000001
v -2.23921909451 4.62341528028 3.45
v -1.98619449166 4.04432291195 2.87500000001
v -2.53527417078 4.46793638779 4.02499999999
v -2.24510994142 3.90653273025 3.45
v -2.49451218963 3.75218940228 4.02499999999
v -2.43281989504 3.55987603087 4.02499999999
v -3.8437443686 -0.785884209227 2.87500000003
v -3.78447127563 -1.03429304962 3.45
v -3.70916224724 -1.27831928137 4.02499999997
v -3.54743059946 -0.66316540333 2.58750000002
v -3.58172190262 -0.804695256155 2.87500000003
v -3.5398489255 -0.655378244587 2.58750000002
v -3.55476326163 -0.668974390344 2.58750000002
v -3.56250167313 -0.673823295055 2.58750000002
v -3.34534742067 -1.32992544673 4.31249999998
v -3.34098271976 -1.3206565551 4.31249999998
v -3.38219647036 -1.21121687002 4.02499999997
v -3.35127361662 -1.33903598035 4.31249999998
v -3.36398966131 -1.35241619429 4.31249999998
v -3.44691545157 -1.2629489747 4.02499999997
v -3.52950677373 -0.552407724522 2.44375000002
v -3.53237812221 -0.56444797659 2.44375000002
v -3.44567108621 -1.131291783 3.73749999998
v -3.5217800943 -1.03601707235 3.45
v -3.40702511703 -1.24283952431 4.02499999997
v -3.3573394561 -1.34615762736 4.31249999998
v -3.3351016663 -1.27480176321 4.31249999998
v -3.31391146296 -1.32891441477 4.45624999998
v -3.55104846127 -0.56420757456 2.37187500001
v -3.55721788638 -0.571374733158 2.37187500001
v -3.56369873286 -0.577313184273 2.37187500001
v -3.51875667481 -0.80810120441 2.94687500003
v -3.48961408209 -0.7987537962 3.01875000002
v -3.4924985216 -0.849520463319 3.09062500002
v -3.32706551846 -1.33808914454 4.38437499998
v -3.32841316993 -1.3428846168 4.38437499998
v -3.32994230978 -1.34732410178 4.38437499998
v -3.30663288947 -1.39856553567 4.52812499999
v -3.31010519076 -1.40756582517 4.52812499999
v -3.53076849325 -0.833747169107 2.98281250003
v -3.62696335304 -0.853205637267 2.98281250003
v -3.50176174556 -0.948222165055 3.27031250001
v -3.59727232244 -0.970801199818 3.27031250001
v -3.33935862037 -1.42358598557 4.49218749999
v -3.33036231887 -1.45283775026 4.5640625
v -3.5458467656 -0.86455511396 3.03671875002
v -3.53130579381 -0.922151980781 3.18046875002
v -3.31689663323 -1.38330795808 4.47421874999
v -1.72371405517 3.52431477275 2.87500000001
v -1.9493538985 3.40470326562 3.45
v -2.16673374699 3.27066501359 4.02499999999
v -1.42734198441 3.33656754506 2.58750000001
v -1.54887620873 3.32825010073 2.87500000001
v -1.42675152438 3.32209295799 2.58750000001
v -1.42807298717 3.31065282802 2.58750000001
v -1.43012122318 3.3024118594 2.58750000001
v -1.4331182466 3.29430893535 2.58750000001
v -1.53957986471 3.24591945533 2.87500000001
v -2.04385603491 2.96206402878 4.31249999999
v -2.04344613888 2.97054582221 4.31249999999
v -1.94801033494 3.01853524169 4.02499999999
v -2.04522346961 2.95353351591 4.31249999999
v -1.53483067713 3.28584312221 2.87500000001
v -1.64096267369 3.23414777587 3.16250000001
v -1.76213051087 3.22042892632 3.45
v -1.84789941924 3.1205349011 3.73749999999
v -1.9679181396 3.09896183243 4.02499999999
v -1.94848521008 3.05873758556 4.02499999999
v -2.04437008561 2.98202489709 4.31249999999
v -2.06939322252 3.12111721298 4.16874999999
v -2.20505014754 3.07939678176 4.45624999999
v -2.06579488022 2.91213223822 4.31249999999
v -2.11291858469 2.87812400021 4.45624999999
v -2.1044128659 3.03102946418 4.38437499999
v -2.07067762805 2.93080838132 4.38437499999
v -2.11532568086 2.91623554591 4.528125
v -2.11651094746 2.9038415313 4.528125
v -2.11907874797 2.89338851958 4.528125
v -2.07280761404 2.9814536156 4.38437499999
v -3.56222917781 0.0439255866173 2.87500000003
v -3.55463016457 -0.236665513916 2.87500000003
v -3.55753990317 -0.187925953467 3.45
v -3.53170174451 -0.467428191767 3.45
v -3.53777626914 -0.418981195142 4.02499999997
v -3.49380844905 -0.696210236725 4.02499999997
v -3.42815082903 -0.969117157916 4.02499999997
v -1.74307391502 3.10694375539 2.87500000001
v -1.98227342954 2.96006726662 2.87500000001
v -1.94151860132 2.98695695439 3.45
v -2.17065556077 2.82482933345 3.45
v -2.13173649327 2.85431352441 4.02499999999
v -2.3498399759 2.67762175447 4.02499999999
v -2.55335549252 2.48430712699 4.02499999998
v -3.91400315172 0.269377225737 2.87500000003
v -3.92323646963 0.0141616357408 3.45
v -3.91584586253 -0.241113961337 4.02499999997
v -3.60322324766 0.432169354145 2.58750000002
v -3.65678724175 0.32275890629 2.87500000003
v -3.58083863931 0.289644453669 2.87500000003
v -3.57503317559 0.412684619937 2.58750000002
v -3.56951434923 0.406037659493 2.58750000002
v -3.58114594576 0.418578928659 2.58750000002
v -3.58715071402 -0.288999233522 4.31249999998
v -3.59429121458 -0.284403356426 4.31249999998
v -3.58813336899 -0.177758816044 4.02499999997
v -3.58044679051 -0.294448723145 4.31249999998
v -3.5455234429 0.421053704396 2.44375000002
v -3.55190679043 0.363291635094 2.58750000002
v -3.61303895525 0.313719204197 2.87500000003
v -3.59039265754 0.425443413995 2.58750000002
v -3.62133547034 0.195958525858 3.16250000002
v -3.56801733336 0.13143465002 3.16250000002
v -3.62641220737 -0.0400603901521 3.73749999998
v -3.66773874204 -0.154786185246 4.02499999997
v -3.67003851671 0.0841646759603 3.45
v -3.62318705765 -0.158068898044 4.02499999997
v -3.60469435841 -0.279463980333 4.31249999998
v -3.7693609151 -0.369931053505 4.45624999998
v -3.55487793759 -0.332964726169 4.31249999998
v -3.54898779177 -0.390779170367 4.45624999998
v -3.56729298546 0.503441407945 2.37187500001
v -3.5591989548 0.493980798936 2.37187500001
v -3.55346162373 0.484873544373 2.37187500001
v -3.56684187084 0.436085434067 2.51562500002
v -3.56265056009 0.429958828292 2.51562500002
v -3.58836864722 0.172944561717 3.16250000002
v -3.59209639695 0.0560615936731 3.45
v -3.67715494855 -0.30696026983 4.38437499998
v -3.57349332588 -0.327855238279 4.38437499998
v -3.5831969066 -0.373808003949 4.52812499999
v -3.5730560084 -0.381031482235 4.52812499999
v -3.56528733496 -0.388481768576 4.52812499999
v -3.73721581926 0.104932251752 3.378125
v -3.58325653294 0.135265300683 3.23437500001
v -3.60593208679 0.127897887602 3.30625000001
v -3.62579479433 0.0779903873622 3.45
v -3.61841837833 -0.304377243114 4.38437499998
v -3.66268112049 0.12886719177 3.34218750001
v -2.60246787392 2.93583816425 2.87500000002
v -2.78795969374 2.76030173977 3.45
v -2.96163809543 2.57306909218 4.02499999998
v -2.34803338592 2.74058231563 2.58750000002
v -2.48774748545 2.69951452888 2.87500000002
v -2.33749867165 2.73790997275 2.58750000002
v -2.35673044733 2.74402809384 2.58750000002
v -2.36479892774 2.74830530243 2.58750000002
v -2.82442293234 2.23219312741 4.31249999998
v -2.81421348627 2.23304763137 4.31249999998
v -2.74004281411 2.32345962891 4.02499999998
v -2.83527598388 2.23277009685 4.31249999998
v -2.8532216114 2.23709240762 4.31249999998
v -2.81720362156 2.35364185841 4.02499999998
v -2.25501534795 2.77690520131 2.44375000001
v -2.70256296627 2.41839280224 3.73749999999
v -2.65810715056 2.53194249203 3.45
v -2.77984315939 2.32915054052 4.02499999998
v -2.84447643084 2.23446244443 4.31249999998
v -2.77156154488 2.25088188562 4.31249999998
v -2.80782937412 2.20547430543 4.45624999999
v -2.26414232321 2.79319439025 2.37187500001
v -2.27343397718 2.79495368982 2.37187500001
v -2.28181724995 2.79759704196 2.37187500001
v -2.31214229118 2.75633938796 2.51562500001
v -2.43654811992 2.6227175464 3.01875000002
v -2.82235195093 2.21227868678 4.38437499999
v -2.82717877747 2.21104805105 4.38437499999
v -2.83178805416 2.21015258251 4.38437499999
v -2.86450972748 2.16434531544 4.52812499999
v -2.87404035747 2.16285227181 4.52812499999
v -2.3140925392 2.84069974557 2.3359375
v -2.4663263754 2.64585124374 2.94687500002
v -2.53294028561 2.71095871898 2.94687500002
v -2.55113485392 2.56417738365 3.23437500001
v -2.6198325403 2.62708226677 3.23437500001
v -2.90254093816 2.1801764048 4.49218749999
v -2.92337555874 2.15775949681 4.5640625
v -2.49080098214 2.64287585609 2.98281250002
v -2.53348591031 2.6019860723 3.12656250001
v -2.85642814957 2.18086276706 4.47421874999
v -2.46551386178 2.62594084362 3.00078125002
v -5.08851552121 0.705039344079 2.87500000004
v -5.12360463222 0.37248701965 3.45
v -4.49558362868 0.302066569336 2.87500000004
v -5.13698349971 0.0383563564356 4.02499999996
v -4.50571155582 0.00894412156264 3.45
v -4.496747437 -0.284216225126 4.02499999996
v -4.29935302457 -0.326945816501 4.02499999997
v -2.92509993184 3.34335923099 2.87500000002
v -3.02751855754 3.39939064755 2.87500000002
v -3.13642151451 3.14596898935 3.45
v -3.24226855386 3.19521834426 3.45
v -3.33445314221 2.93524833722 4.02499999998
v -3.44328008967 2.97750694626 4.02499999998
v -5.15017649438 1.01891211992 2.87500000004
v -5.11953297489 1.16313453668 2.87500000004
v -5.18436002477 0.827593680504 3.45
v -5.2055555175 0.681683152666 3.45
v -5.22721939238 0.488546062658 4.02499999996
v -5.23887704672 0.341565690237 4.02499999996
v -5.24640268713 0.194315917679 4.02499999996
v -3.85207834343 3.56707054423 2.87500000003
v -3.95072761815 3.45749202727 2.87500000003
v -4.07599064356 3.30889716371 3.45
v -4.16730174264 3.19313268629 3.45
v -4.28263175363 3.03670299737 4.02499999997
v -4.36621776464 2.91524308817 4.02499999997
v -4.4463600467 2.79148386464 4.02499999997
v -4.20489046508 1.4328840621 2.87500000003
v -4.32160330504 1.4301993794 2.87500000003
v -4.28920520322 1.15627830703 3.45
v -4.40549610566 1.14600597984 3.45
v -4.35534529749 0.874773055342 4.02499999997
v -4.47072150313 0.856956610565 4.02499999997
v -4.05426403688 3.15483974325 2.87500000003
v -4.25092826063 2.88438553771 3.45
v -3.74225634261 2.50938913702 2.87500000003
v -4.42958003135 2.60170932892 4.02499999997
v -3.89758860869 2.2606016144 3.45
v -4.03640562741 2.00223524737 4.02499999997
v -3.88682184737 1.86653312954 4.02499999997
v -3.72172237347 1.24127649468 2.87500000003
v -3.7945947894 0.996511581883 3.45
v -3.85138837355 0.747524151807 4.02499999997
v -3.42212859748 1.19770274538 2.58750000002
v -3.50420978504 1.09397441718 2.87500000003
v -3.56211857415 0.520924488322 4.31249999998
v -3.55370418647 0.526769233491 4.31249999998
v -3.53467649893 0.642153656248 4.02499999997
v -3.5718060772 0.515997632744 4.31249999998
v -3.58950860191 0.510768049912 4.31249999998
v -3.61659083311 0.629711830009 4.02499999997
v -3.33284639114 1.28635426418 2.44375000001
v -3.3413531779 1.27736277426 2.44375000001
v -3.39328821733 1.20235025385 2.58750000002
v -3.41300248418 1.19803281429 2.58750000002
v -3.40374771896 1.19939721353 2.58750000002
v -3.54968458524 0.743108119936 3.73749999998
v -3.56795956438 0.863672943736 3.45
v -3.57199006483 0.627181957636 4.02499999997
v -3.58062007179 0.512863025254 4.31249999998
v -3.52568364883 0.56354012142 4.31249999998
v -3.5343887202 0.506082088837 4.45624999999
v -3.35740196481 1.28690613806 2.37187500001
v -3.36632842298 1.28378390919 2.37187500001
v -3.37491022623 1.28188148291 2.37187500001
v -3.44935267405 1.01054295853 3.09062500002
v -3.55036783131 0.504713567534 4.38437499998
v -3.55393266785 0.501234392465 4.38437499998
v -3.55747668429 0.498154255616 4.38437499998
v -3.5629108511 0.44212316199 4.52812499999
v -3.57041809698 0.436064833285 4.52812499999
v -3.42441279844 1.30307187458 2.3359375
v -3.36512009806 1.19477181554 2.69531250003
v -3.56764522096 1.07458391999 2.98281250002
v -3.47460879459 1.04333801785 2.98281250002
v -3.50672571218 0.92969638941 3.27031250001
v -3.60072981547 0.957897660153 3.27031250001
v -3.60376239037 0.436817682208 4.49218749999
v -3.61059724707 0.40698676013 4.5640625
v -3.38304942089 1.19066851082 2.64140625003
v -3.38723595335 1.1879966111 2.64140625003
v -3.39132343858 1.18570967852 2.64140625003
v -3.42956462129 1.12296636806 2.78515625003
v -3.4180273589 1.10896863593 2.83906250003
v -3.50307093391 1.02419669114 3.03671875002
v -3.51927651636 0.9670458554 3.18046875002
v -3.56417072514 0.460468483655 4.47421874999
v -3.39608337864 1.15279217604 2.74023437503
v -3.25493754702 2.19028909655 2.87500000002
v -3.39054162988 1.97388257112 3.45
v -3.51177897492 1.74911211554 4.02499999998
v -2.90439819091 2.17588126326 2.58750000002
v -3.00549119444 2.10791103302 2.87500000002
v -2.95627500166 2.0412587746 2.87500000002
v -2.88972723946 2.14491195241 2.58750000002
v -2.88827127586 2.13639610263 2.58750000002
v -2.89207389936 2.15307295859 2.58750000002
v -3.25106326231 1.54329467911 4.31249999998
v -3.25494917864 1.5508450757 4.31249999998
v -3.19629405773 1.64012303405 4.02499999998
v -3.24798223906 1.5352233209 4.31249999998
v -2.85998651906 2.13740492581 2.44375000001
v -2.89439569484 2.09057318019 2.58750000002
v -2.97212391801 2.07820827811 2.87500000002
v -2.89664954399 2.16364113316 2.58750000002
v -3.03818925001 1.98037279665 3.16250000001
v -3.02427632682 1.89783441254 3.16250000001
v -3.16059529125 1.77851278813 3.73749999999
v -3.25374801767 1.69982060244 4.02499999998
v -3.13626425036 1.90790800584 3.45
v -3.21680648361 1.67470184757 4.02499999998
v -3.26148887743 1.56032427279 4.31249999998
v -3.44932783526 1.56431076757 4.45624999999
v -3.24509696439 1.48908305737 4.31249999998
v -3.26890317058 1.43606920708 4.45624999999
v -2.83536631251 2.20739939826 2.37187500001
v -2.83495126533 2.19664361891 2.37187500001
v -2.87093295439 2.16108199954 2.51562500002
v -2.8703664757 2.15368054793 2.51562500002
v -3.02114612578 1.94395870751 3.16250000001
v -3.08281593576 1.84459896277 3.45
v -3.33798973401 1.57274208265 4.38437499998
v -3.2586636196 1.50281569782 4.38437499998
v -3.29004354986 1.46787122574 4.52812499999
v -3.28487301353 1.45654506094 4.52812499999
v -3.28187028815 1.44620858698 4.52812499999
v -3.18405771303 1.95948190532 3.378125
v -3.03555853547 1.90877145311 3.23437500001
v -3.05887984768 1.91372886315 3.30625000001
v -3.10103520712 1.88043905387 3.45
v -3.28583085871 1.54561076429 4.38437499998
v -3.10754130043 1.94294282203 3.34218750001
v -3.06301816877 1.81915526279 2.87500000002
v -3.19673278054 1.57235673504 2.87500000002
v -3.17488290786 1.61602130185 3.45
v -3.29225752522 1.36104618374 3.45
v -3.27329471955 1.40603977587 4.02499999998
v -3.3738319912 1.14396847315 4.02499999998
v -3.45342428491 0.874795336518 4.02499999997
f 9 1 3
f 10 3 4
f 10 4 5
f 10 9 3
f 11 2 1
f 11 1 9
f 12 11 9
f 12 10 5
f 12 9 10
f 13 7 2
f 13 2 11
f 14 8 7
f 14 11 12
f 14 7 13
f 14 13 11
f 15 5 6
f 15 6 8
f 15 12 5
f 15 8 14
f 15 14 12
f 42 16 18
f 42 18 19
f 43 17 16
f 43 16 42
f 44 42 45
f 44 43 42
f 46 30 17
f 46 31 30
f 46 32 31
f 46 17 43
f 47 28 29
f 47 29 1
f 48 49 50
f 48 47 1
f 48 50 47
f 51 33 32
f 51 34 33
f 51 32 46
f 51 46 52
f 53 54 55
f 56 53 55
f 57 19 20
f 57 20 21
f 57 42 19
f 58 42 57
f 58 45 42
f 59 58 60
f 59 45 58
f 59 49 48
f 59 48 44
f 59 44 45
f 59 60 49
f 61 46 43
f 61 48 55
f 61 44 48
f 61 52 46
f 61 43 44
f 62 61 55
f 62 52 61
f 62 51 52
f 62 63 51
f 62 55 54
f 62 54 63
f 64 56 55
f 64 1 2
f 64 48 1
f 64 55 48
f 65 2 41
f 65 64 2
f 66 58 57
f 67 54 53
f 67 53 56
f 67 51 63
f 67 63 54
f 68 56 64
f 68 65 67
f 68 67 56
f 68 64 65
f 69 35 34
f 69 36 35
f 69 37 36
f 69 38 37
f 69 67 65
f 69 51 67
f 69 34 51
f 70 69 65
f 70 38 69
f 71 39 38
f 71 40 39
f 71 41 40
f 71 38 70
f 71 70 65
f 71 65 41
f 72 21 22
f 72 22 23
f 72 23 24
f 72 24 25
f 72 25 26
f 72 26 27
f 72 27 28
f 72 66 57
f 72 57 21
f 72 28 47
f 73 60 58
f 73 50 49
f 73 72 47
f 73 66 72
f 73 49 60
f 73 58 66
f 73 47 50
f 442 444 443
f 442 445 444
f 402 401 400
f 397 399 398
f 397 400 399
f 397 402 400
f 447 442 441
f 447 446 445
f 447 445 442
f 396 403 402
f 396 402 397
f 448 441 440
f 448 447 441
f 395 404 403
f 395 403 396
f 408 407 406
f 436 438 437
f 409 408 406
f 409 406 405
f 449 440 439
f 449 448 440
f 394 404 395
f 394 405 404
f 435 438 436
f 410 409 405
f 450 449 439
f 450 438 435
f 450 439 438
f 393 405 394
f 453 452 451
f 391 393 392
f 454 453 451
f 454 451 450
f 390 405 393
f 390 410 405
f 390 393 391
f 455 450 435
f 455 454 450
f 455 435 434
f 389 410 390
f 389 411 410
f 489 488 487
f 388 411 389
f 456 455 434
f 456 433 432
f 456 434 433
f 457 456 432
f 387 412 411
f 387 411 388
f 605 418 417
f 605 419 418
f 605 420 419
f 605 421 420
f 606 421 605
f 606 422 421
f 606 423 422
f 606 424 423
f 606 425 424
f 606 426 425
f 363 362 361
f 481 483 482
f 364 363 361
f 364 361 360
f 354 356 355
f 354 357 356
f 480 483 481
f 604 382 381
f 604 383 382
f 604 384 383
f 604 385 384
f 604 386 385
f 604 387 386
f 604 412 387
f 604 605 417
f 604 413 412
f 604 414 413
f 604 415 414
f 604 416 415
f 604 417 416
f 607 427 426
f 607 426 606
f 607 428 427
f 607 429 428
f 607 430 429
f 607 431 430
f 607 432 431
f 607 457 432
f 607 458 457
f 607 459 458
f 607 460 459
f 607 461 460
f 607 462 461
f 490 487 486
f 490 489 487
f 365 364 360
f 603 377 376
f 603 378 377
f 603 379 378
f 603 380 379
f 603 381 380
f 603 604 381
f 608 462 607
f 608 463 462
f 608 464 463
f 608 465 464
f 608 466 465
f 353 357 354
f 353 358 357
f 467 466 608
f 491 486 485
f 491 490 486
f 352 358 353
f 352 359 358
f 602 373 372
f 602 374 373
f 602 375 374
f 602 376 375
f 602 603 376
f 609 468 467
f 609 467 608
f 609 469 468
f 609 470 469
f 609 471 470
f 492 485 484
f 492 491 485
f 351 359 352
f 351 360 359
f 493 492 484
f 493 484 483
f 493 483 480
f 350 360 351
f 496 495 494
f 348 350 349
f 497 494 493
f 497 496 494
f 347 360 350
f 347 350 348
f 347 365 360
f 498 480 479
f 498 493 480
f 498 497 493
f 346 365 347
f 346 366 365
f 601 602 372
f 601 368 367
f 601 369 368
f 601 370 369
f 601 371 370
f 601 372 371
f 610 474 473
f 610 475 474
f 610 476 475
f 610 477 476
f 610 471 609
f 610 472 471
f 610 473 472
f 345 366 346
f 499 478 477
f 499 479 478
f 499 498 479
f 500 499 477
f 500 477 610
f 344 601 367
f 344 366 345
f 344 367 366
f 343 601 344
f 501 500 610
f 342 601 343
f 502 501 610
f 341 601 342
f 503 502 610
f 340 601 341
f 504 503 610
f 339 601 340
f 338 601 339
f 505 504 610
f 600 335 334
f 600 336 335
f 600 337 336
f 600 338 337
f 600 601 338
f 611 505 610
f 611 506 505
f 611 507 506
f 611 508 507
f 509 508 611
f 333 600 334
f 510 509 611
f 320 319 318
f 524 526 525
f 321 318 317
f 321 320 318
f 523 526 524
f 322 321 317
f 532 531 530
f 312 314 313
f 599 600 333
f 612 510 611
f 511 510 612
f 332 599 333
f 331 599 332
f 512 511 612
f 330 599 331
f 513 512 612
f 329 599 330
f 514 513 612
f 533 532 530
f 309 311 310
f 309 312 311
f 309 314 312
f 535 533 530
f 535 530 529
f 535 534 533
f 598 599 329
f 598 325 324
f 598 326 325
f 598 327 326
f 598 328 327
f 598 329 328
f 613 514 612
f 613 515 514
f 613 516 515
f 613 517 516
f 613 518 517
f 613 519 518
f 613 520 519
f 308 315 314
f 308 314 309
f 536 535 529
f 536 529 528
f 307 315 308
f 307 316 315
f 537 536 528
f 537 528 527
f 306 317 316
f 306 316 307
f 545 520 613
f 299 324 323
f 299 598 324
f 544 520 545
f 544 521 520
f 544 522 521
f 300 299 323
f 298 598 299
f 546 545 613
f 297 598 298
f 547 546 613
f 296 598 297
f 548 547 613
f 295 598 296
f 301 323 322
f 301 300 323
f 549 548 613
f 538 537 527
f 538 527 526
f 538 526 523
f 294 598 295
f 305 317 306
f 543 523 522
f 543 522 544
f 543 538 523
f 293 598 294
f 550 549 613
f 302 322 317
f 302 301 322
f 302 317 305
f 542 539 538
f 542 538 543
f 541 540 539
f 541 539 542
f 303 305 304
f 303 302 305
f 597 291 290
f 597 292 291
f 597 293 292
f 597 598 293
f 614 551 550
f 614 552 551
f 614 553 552
f 614 550 613
f 289 597 290
f 554 553 614
f 596 597 289
f 596 289 288
f 615 554 614
f 615 555 554
f 556 555 615
f 287 596 288
f 286 596 287
f 557 556 615
f 285 596 286
f 558 557 615
f 284 596 285
f 559 558 615
f 273 275 274
f 273 276 275
f 571 569 568
f 571 570 569
f 272 277 276
f 272 276 273
f 595 280 279
f 595 281 280
f 595 282 281
f 595 283 282
f 595 284 283
f 595 596 284
f 616 559 615
f 616 560 559
f 616 561 560
f 616 562 561
f 616 563 562
f 616 564 563
f 616 565 564
f 25 24 616
f 254 253 595
f 252 595 253
f 26 25 616
f 23 616 24
f 255 254 595
f 251 595 252
f 256 279 278
f 256 255 595
f 256 595 279
f 22 616 23
f 22 565 616
f 250 595 251
f 27 26 616
f 21 565 22
f 21 566 565
f 21 567 566
f 257 256 278
f 594 595 250
f 594 248 247
f 594 249 248
f 594 250 249
f 617 28 27
f 617 29 28
f 617 1 29
f 617 27 616
f 258 278 277
f 258 257 278
f 20 567 21
f 20 568 567
f 577 576 575
f 259 258 277
f 259 277 272
f 246 594 247
f 266 268 267
f 266 269 268
f 578 575 574
f 578 577 575
f 582 18 16
f 582 19 18
f 262 259 272
f 262 260 259
f 262 261 260
f 581 20 19
f 581 568 20
f 581 571 568
f 581 19 582
f 581 572 571
f 265 269 266
f 265 270 269
f 263 272 271
f 263 262 272
f 580 572 581
f 580 573 572
f 579 573 580
f 579 578 574
f 579 574 573
f 264 263 271
f 264 270 265
f 264 271 270
f 3 1 617
f 245 594 246
f 593 594 245
f 618 3 617
f 4 3 618
f 5 4 618
f 244 593 245
f 243 593 244
f 74 5 618
f 242 593 243
f 75 74 618
f 241 593 242
f 76 75 618
f 592 593 241
f 592 237 236
f 592 238 237
f 592 239 238
f 592 240 239
f 592 241 240
f 583 77 76
f 583 78 77
f 583 79 78
f 583 80 79
f 583 81 80
f 583 82 81
f 583 76 618
f 230 232 231
f 230 233 232
f 88 86 85
f 88 87 86
f 229 234 233
f 229 233 230
f 205 591 592
f 205 592 206
f 110 583 584
f 110 109 583
f 207 206 592
f 108 583 109
f 204 591 205
f 208 207 592
f 111 110 584
f 107 583 108
f 203 591 204
f 209 208 592
f 112 111 584
f 106 583 107
f 210 209 592
f 113 112 584
f 202 591 203
f 211 236 235
f 211 592 236
f 211 210 592
f 105 583 106
f 105 82 583
f 104 83 82
f 104 84 83
f 104 82 105
f 212 211 235
f 201 591 202
f 114 113 584
f 213 212 235
f 213 235 234
f 200 591 201
f 200 590 591
f 115 114 584
f 115 584 585
f 103 85 84
f 103 84 104
f 214 234 229
f 214 213 234
f 116 115 585
f 199 590 200
f 198 590 199
f 117 116 585
f 197 590 198
f 118 117 585
f 196 589 590
f 196 590 197
f 119 585 586
f 119 118 585
f 120 119 586
f 195 589 196
f 121 120 586
f 194 589 195
f 122 121 586
f 193 589 194
f 123 122 586
f 192 589 193
f 124 123 586
f 99 101 100
f 99 102 101
f 125 124 586
f 191 589 192
f 217 215 214
f 217 216 215
f 217 214 229
f 98 102 99
f 98 89 88
f 98 103 102
f 98 88 85
f 98 85 103
f 218 229 228
f 218 217 229
f 97 90 89
f 97 89 98
f 154 587 155
f 159 588 160
f 156 155 587
f 161 160 588
f 153 586 587
f 153 587 154
f 162 588 589
f 162 161 588
f 163 162 589
f 152 586 153
f 158 588 159
f 157 588 158
f 157 587 588
f 157 156 587
f 164 163 589
f 151 586 152
f 165 164 589
f 150 586 151
f 166 165 589
f 149 586 150
f 167 166 589
f 219 228 227
f 219 218 228
f 168 589 191
f 168 191 190
f 168 167 589
f 148 125 586
f 148 586 149
f 96 91 90
f 96 90 97
f 224 226 225
f 147 126 125
f 147 127 126
f 147 125 148
f 169 168 190
f 220 227 226
f 220 219 227
f 95 92 91
f 95 91 96
f 221 226 224
f 221 220 226
f 221 224 223
f 170 190 189
f 170 169 190
f 94 93 92
f 94 92 95
f 222 221 223
f 185 187 186
f 185 188 187
f 131 129 128
f 131 130 129
f 184 188 185
f 184 189 188
f 146 128 127
f 146 127 147
f 171 170 189
f 171 189 184
f 142 144 143
f 142 145 144
f 174 172 171
f 174 173 172
f 174 171 184
f 141 131 128
f 141 128 146
f 141 145 142
f 141 132 131
f 141 146 145
f 175 184 183
f 175 174 184
f 140 132 141
f 140 133 132
f 176 183 182
f 176 175 183
f 139 134 133
f 139 133 140
f 177 182 181
f 177 176 182
f 138 134 139
f 138 135 134
f 178 177 181
f 180 178 181
f 179 178 180
f 137 135 138
f 137 136 135
f 633 84 85
f 633 85 86
f 633 86 87
f 634 87 619
f 634 633 87
f 635 631 630
f 635 632 631
f 635 619 632
f 635 634 619
f 636 83 84
f 636 84 633
f 637 638 639
f 640 637 639
f 641 630 629
f 641 635 630
f 641 642 635
f 643 5 74
f 643 74 75
f 644 633 645
f 644 636 633
f 646 645 633
f 647 635 642
f 647 634 635
f 647 648 634
f 649 650 640
f 649 642 641
f 649 647 642
f 649 641 650
f 649 639 647
f 649 640 639
f 651 6 5
f 651 639 638
f 652 620 6
f 652 6 651
f 653 75 76
f 653 76 77
f 653 77 78
f 653 643 75
f 653 654 643
f 655 654 653
f 655 653 78
f 656 78 79
f 656 79 80
f 656 655 78
f 656 654 655
f 657 643 654
f 658 659 657
f 658 636 660
f 658 657 654
f 658 661 659
f 658 654 656
f 658 660 661
f 662 643 657
f 662 657 659
f 662 5 643
f 662 659 661
f 663 651 638
f 663 652 651
f 664 663 638
f 665 640 650
f 665 664 638
f 665 650 641
f 665 638 637
f 665 637 640
f 666 621 620
f 666 622 621
f 666 623 622
f 666 620 652
f 667 624 623
f 667 623 666
f 668 80 81
f 668 81 82
f 668 82 83
f 668 656 80
f 668 83 636
f 668 658 656
f 668 636 658
f 669 662 661
f 669 660 636
f 669 636 644
f 669 644 670
f 669 670 662
f 669 661 660
f 671 645 646
f 671 662 670
f 672 644 645
f 672 645 671
f 672 670 644
f 672 671 670
f 673 671 646
f 673 639 651
f 673 5 662
f 673 662 671
f 673 648 647
f 673 651 5
f 673 647 639
f 674 629 628
f 674 665 641
f 674 641 629
f 675 625 624
f 675 626 625
f 675 627 626
f 675 628 627
f 675 624 667
f 675 667 674
f 675 674 628
f 676 633 634
f 676 646 633
f 676 634 648
f 677 665 674
f 677 652 663
f 677 663 664
f 677 664 665
f 677 666 652
f 677 667 666
f 677 674 667
f 678 673 646
f 678 648 673
f 678 646 676
f 678 676 648
f 683 2 7
f 684 7 8
f 684 8 6
f 684 683 7
f 685 679 2
f 685 2 683
f 686 685 683
f 686 684 6
f 686 683 684
f 687 681 679
f 687 679 685
f 688 682 681
f 688 685 686
f 688 681 687
f 688 687 685
f 689 6 680
f 689 680 682
f 689 686 6
f 689 682 688
f 689 688 686
f 696 577 578
f 697 690 577
f 697 577 696
f 698 578 579
f 698 579 580
f 698 580 581
f 698 581 582
f 698 582 16
f 698 696 578
f 699 691 690
f 699 690 697
f 700 696 698
f 700 697 696
f 700 698 16
f 701 692 691
f 701 693 692
f 701 697 700
f 701 699 697
f 701 691 699
f 702 16 17
f 702 694 693
f 702 695 694
f 702 17 695
f 702 701 700
f 702 700 16
f 702 693 701
f 716 17 30
f 716 30 31
f 716 31 32
f 717 703 17
f 717 17 716
f 718 704 703
f 718 705 704
f 718 703 717
f 719 32 33
f 719 33 34
f 719 34 35
f 719 35 36
f 719 716 32
f 719 720 716
f 721 36 37
f 721 719 36
f 722 37 38
f 722 721 37
f 723 722 38
f 724 38 39
f 724 39 40
f 724 40 41
f 724 41 2
f 724 723 38
f 725 723 724
f 725 722 723
f 725 724 2
f 726 727 728
f 729 726 728
f 730 721 722
f 730 722 725
f 730 719 721
f 730 720 719
f 731 720 730
f 731 716 720
f 731 732 717
f 731 717 716
f 731 730 725
f 733 731 725
f 733 718 717
f 733 734 718
f 733 717 732
f 733 732 731
f 733 725 728
f 735 734 733
f 735 733 728
f 735 727 736
f 735 728 727
f 737 735 736
f 737 718 734
f 737 734 735
f 738 718 737
f 738 706 705
f 738 707 706
f 738 708 707
f 738 705 718
f 739 729 728
f 739 2 679
f 739 725 2
f 739 728 725
f 740 679 715
f 740 739 679
f 741 738 737
f 741 708 738
f 741 737 736
f 742 727 726
f 742 726 729
f 742 739 740
f 742 729 739
f 743 709 708
f 743 710 709
f 743 711 710
f 743 742 740
f 743 712 711
f 743 708 741
f 744 712 743
f 744 743 740
f 745 713 712
f 745 714 713
f 745 715 714
f 745 712 744
f 745 740 715
f 745 744 740
f 746 727 742
f 746 741 736
f 746 743 741
f 746 742 743
f 746 736 727
f 753 87 88
f 753 88 89
f 754 89 90
f 754 90 91
f 754 91 92
f 754 92 93
f 754 753 89
f 755 619 87
f 755 87 753
f 756 93 747
f 756 755 753
f 756 754 93
f 756 753 754
f 757 748 619
f 757 749 748
f 757 619 755
f 758 750 749
f 758 751 750
f 758 752 751
f 758 747 752
f 758 749 757
f 758 755 756
f 758 756 747
f 758 757 755
f 760 576 577
f 760 761 576
f 762 759 576
f 762 576 761
f 763 762 761
f 763 760 577
f 763 761 760
f 764 759 762
f 765 690 759
f 765 762 763
f 765 759 764
f 765 764 762
f 766 577 690
f 766 763 577
f 766 690 765
f 766 765 763
f 768 93 94
f 768 769 93
f 770 747 93
f 770 93 769
f 771 770 769
f 771 768 94
f 771 769 768
f 772 747 770
f 773 767 747
f 773 770 771
f 773 747 772
f 773 772 770
f 774 94 767
f 774 771 94
f 774 767 773
f 774 773 771
f 781 570 571
f 781 571 572
f 782 572 573
f 782 573 574
f 782 574 575
f 782 575 576
f 782 781 572
f 783 775 570
f 783 570 781
f 784 576 759
f 784 783 781
f 784 782 576
f 784 781 782
f 785 776 775
f 785 777 776
f 785 775 783
f 786 778 777
f 786 779 778
f 786 780 779
f 786 759 780
f 786 777 785
f 786 783 784
f 786 784 759
f 786 785 783
f 793 94 95
f 794 767 94
f 794 94 793
f 795 95 96
f 795 96 97
f 795 97 98
f 795 98 99
f 795 99 100
f 795 793 95
f 796 788 767
f 796 767 794
f 797 793 795
f 797 794 793
f 797 795 100
f 798 789 788
f 798 790 789
f 798 794 797
f 798 796 794
f 798 788 796
f 799 100 787
f 799 791 790
f 799 792 791
f 799 787 792
f 799 798 797
f 799 797 100
f 799 790 798
f 814 567 568
f 814 568 569
f 814 569 570
f 815 570 775
f 815 814 570
f 816 812 811
f 816 813 812
f 816 775 813
f 816 815 775
f 817 566 567
f 817 814 818
f 817 567 814
f 819 820 821
f 819 822 820
f 823 801 800
f 823 802 801
f 823 803 802
f 823 804 803
f 823 805 804
f 824 806 805
f 824 805 823
f 824 823 825
f 826 806 824
f 826 824 825
f 827 826 825
f 827 807 806
f 827 808 807
f 827 809 808
f 827 810 809
f 827 811 810
f 827 816 811
f 827 825 816
f 827 806 826
f 828 556 557
f 829 822 819
f 829 556 828
f 830 817 818
f 830 831 817
f 830 819 821
f 830 821 831
f 832 819 830
f 832 814 815
f 832 818 814
f 832 815 833
f 832 830 818
f 834 557 558
f 834 558 559
f 834 559 560
f 834 828 557
f 835 560 561
f 835 561 562
f 835 834 560
f 836 822 829
f 836 829 828
f 837 822 836
f 838 817 831
f 838 821 820
f 838 820 822
f 838 822 837
f 838 831 821
f 839 800 556
f 839 829 819
f 839 819 832
f 839 556 829
f 839 823 800
f 840 562 563
f 840 563 564
f 840 564 565
f 840 565 566
f 840 817 838
f 840 566 817
f 840 835 562
f 841 832 833
f 841 839 832
f 842 815 816
f 842 833 815
f 842 841 833
f 843 823 839
f 843 825 823
f 844 816 825
f 844 842 816
f 844 825 843
f 845 836 828
f 845 828 834
f 845 834 835
f 845 837 836
f 845 840 838
f 845 838 837
f 845 835 840
f 846 839 841
f 846 842 844
f 846 841 842
f 847 844 843
f 847 846 844
f 848 839 846
f 848 843 839
f 848 846 847
f 848 847 843
f 862 100 101
f 862 101 102
f 863 787 100
f 863 100 862
f 864 850 787
f 864 851 850
f 864 852 851
f 864 787 863
f 865 866 867
f 865 868 113
f 865 867 868
f 869 853 852
f 869 854 853
f 869 852 864
f 869 864 870
f 871 872 873
f 874 871 873
f 875 102 103
f 875 103 104
f 875 862 102
f 876 104 105
f 876 105 106
f 876 875 104
f 877 878 866
f 877 866 865
f 879 878 877
f 879 877 865
f 879 862 878
f 879 880 863
f 879 863 862
f 881 880 879
f 881 864 863
f 881 865 873
f 881 879 865
f 881 870 864
f 881 863 880
f 882 881 873
f 882 870 881
f 882 869 870
f 882 883 869
f 882 873 872
f 882 872 883
f 884 113 849
f 884 873 865
f 884 865 113
f 884 874 873
f 885 849 861
f 885 884 849
f 886 106 107
f 886 107 108
f 886 876 106
f 887 862 875
f 887 875 876
f 887 878 862
f 887 866 878
f 888 887 876
f 888 867 866
f 888 866 887
f 888 868 867
f 889 871 874
f 889 869 883
f 889 883 872
f 889 872 871
f 890 874 884
f 890 889 874
f 890 885 889
f 890 884 885
f 891 855 854
f 891 856 855
f 891 857 856
f 891 858 857
f 891 889 885
f 891 854 869
f 891 869 889
f 892 891 885
f 892 858 891
f 893 859 858
f 893 860 859
f 893 861 860
f 893 892 885
f 893 885 861
f 893 858 892
f 894 108 109
f 894 109 110
f 894 886 108
f 895 110 111
f 895 111 112
f 895 894 110
f 896 886 894
f 896 112 113
f 896 868 888
f 896 113 868
f 896 894 895
f 896 895 112
f 897 888 876
f 897 896 888
f 897 886 896
f 897 876 886
f 901 553 554
f 902 554 555
f 902 555 556
f 902 901 554
f 903 898 553
f 903 553 901
f 904 903 901
f 904 902 556
f 904 901 902
f 905 899 898
f 905 898 903
f 906 900 899
f 906 903 904
f 906 899 905
f 906 905 903
f 907 556 800
f 907 800 900
f 907 904 556
f 907 900 906
f 907 906 904
f 911 113 114
f 912 114 115
f 912 115 116
f 912 911 114
f 913 849 113
f 913 113 911
f 914 913 911
f 914 911 912
f 914 912 116
f 915 909 849
f 915 849 913
f 916 910 909
f 916 913 914
f 916 909 915
f 916 915 913
f 917 116 908
f 917 908 910
f 917 914 116
f 917 910 916
f 917 916 914
f 931 540 541
f 931 541 542
f 932 918 540
f 932 540 931
f 933 919 918
f 933 920 919
f 933 921 920
f 933 918 932
f 934 935 936
f 934 936 937
f 938 922 921
f 938 923 922
f 938 921 933
f 938 933 939
f 940 941 942
f 943 940 942
f 944 542 543
f 944 543 544
f 944 544 545
f 944 931 542
f 945 552 553
f 946 931 944
f 946 947 931
f 948 942 934
f 948 934 937
f 948 945 553
f 949 946 950
f 949 947 946
f 949 935 934
f 949 950 935
f 951 949 934
f 951 931 947
f 951 952 932
f 951 932 931
f 951 947 949
f 953 951 934
f 953 952 951
f 953 933 932
f 953 934 942
f 953 939 933
f 953 932 952
f 954 953 942
f 954 939 953
f 954 938 939
f 954 955 938
f 954 942 941
f 954 941 955
f 956 943 942
f 956 942 948
f 956 553 898
f 956 948 553
f 957 898 930
f 957 956 898
f 958 545 546
f 958 546 547
f 958 547 548
f 958 548 549
f 959 945 958
f 959 958 549
f 960 950 946
f 960 944 545
f 960 946 944
f 960 545 958
f 961 549 550
f 961 550 551
f 961 551 552
f 961 945 959
f 961 959 549
f 961 552 945
f 962 958 945
f 962 945 948
f 962 936 935
f 962 948 937
f 962 937 936
f 963 941 940
f 963 940 943
f 963 938 955
f 963 955 941
f 964 943 956
f 964 957 963
f 964 963 943
f 964 956 957
f 965 924 923
f 965 925 924
f 965 926 925
f 965 927 926
f 965 963 957
f 965 938 963
f 965 923 938
f 966 965 957
f 966 927 965
f 967 928 927
f 967 929 928
f 967 930 929
f 967 927 966
f 967 966 957
f 967 957 930
f 968 960 958
f 968 958 962
f 968 962 935
f 968 935 950
f 968 950 960
f 983 127 128
f 983 128 129
f 983 129 130
f 984 130 969
f 984 983 130
f 985 981 980
f 985 982 981
f 985 969 982
f 985 984 969
f 986 126 127
f 986 983 987
f 986 127 983
f 988 989 990
f 988 991 989
f 992 993 994
f 995 992 994
f 996 980 979
f 996 985 980
f 996 997 985
f 998 116 117
f 999 991 988
f 999 116 998
f 1000 986 987
f 1000 1001 986
f 1000 988 990
f 1000 990 1001
f 1002 908 116
f 1002 999 988
f 1002 116 999
f 1003 987 983
f 1003 1000 987
f 1004 985 997
f 1004 984 985
f 1004 1005 984
f 1006 996 1007
f 1006 1007 995
f 1006 997 996
f 1006 1004 997
f 1006 994 1004
f 1006 995 994
f 1008 908 1002
f 1008 994 993
f 1009 970 908
f 1009 971 970
f 1009 908 1008
f 1010 117 118
f 1010 118 119
f 1010 119 120
f 1010 998 117
f 1011 120 121
f 1011 1010 120
f 1012 999 998
f 1012 991 999
f 1013 991 1012
f 1014 986 1001
f 1014 990 989
f 1014 989 991
f 1014 991 1013
f 1014 1001 990
f 1015 988 1000
f 1015 1002 988
f 1015 1000 1003
f 1016 994 1008
f 1016 1008 1002
f 1016 1004 994
f 1017 1008 993
f 1017 1009 1008
f 1018 1017 993
f 1019 993 992
f 1019 1007 996
f 1019 995 1007
f 1019 1018 993
f 1019 992 995
f 1020 972 971
f 1020 973 972
f 1020 974 973
f 1020 971 1009
f 1021 121 122
f 1021 122 123
f 1021 123 124
f 1021 124 125
f 1021 1011 121
f 1022 125 126
f 1022 986 1014
f 1022 126 986
f 1022 1021 125
f 1022 1011 1021
f 1023 1003 1024
f 1023 1016 1002
f 1023 1015 1003
f 1023 1002 1015
f 1023 1024 1016
f 1025 1016 1024
f 1025 1004 1016
f 1025 1005 1004
f 1026 1003 983
f 1026 983 984
f 1026 984 1005
f 1027 996 979
f 1027 979 978
f 1027 1019 996
f 1028 1027 978
f 1028 975 974
f 1028 976 975
f 1028 977 976
f 1028 978 977
f 1028 974 1020
f 1028 1020 1027
f 1029 1012 998
f 1029 998 1010
f 1029 1010 1011
f 1029 1011 1022
f 1029 1014 1013
f 1029 1013 1012
f 1029 1022 1014
f 1030 1024 1003
f 1030 1003 1026
f 1030 1025 1024
f 1030 1005 1025
f 1030 1026 1005
f 1031 1009 1017
f 1031 1017 1018
f 1031 1018 1019
f 1031 1020 1009
f 1031 1019 1027
f 1031 1027 1020
f 1038 534 535
f 1039 1032 534
f 1039 534 1038
f 1040 535 536
f 1040 536 537
f 1040 537 538
f 1040 538 539
f 1040 539 540
f 1040 1038 535
f 1041 1033 1032
f 1041 1032 1039
f 1042 1038 1040
f 1042 1039 1038
f 1042 1040 540
f 1043 1034 1033
f 1043 1035 1034
f 1043 1039 1042
f 1043 1041 1039
f 1043 1033 1041
f 1044 540 918
f 1044 1036 1035
f 1044 1037 1036
f 1044 918 1037
f 1044 1043 1042
f 1044 1042 540
f 1044 1035 1043
f 1051 130 131
f 1051 131 132
f 1052 132 133
f 1052 133 134
f 1052 134 135
f 1052 135 136
f 1052 1051 132
f 1053 969 130
f 1053 130 1051
f 1054 136 1045
f 1054 1053 1051
f 1054 1052 136
f 1054 1051 1052
f 1055 1046 969
f 1055 1047 1046
f 1055 969 1053
f 1056 1048 1047
f 1056 1049 1048
f 1056 1050 1049
f 1056 1045 1050
f 1056 1047 1055
f 1056 1053 1054
f 1056 1054 1045
f 1056 1055 1053
f 1060 531 532
f 1061 532 533
f 1061 533 534
f 1061 1060 532
f 1062 1057 531
f 1062 531 1060
f 1063 1062 1060
f 1063 1061 534
f 1063 1060 1061
f 1064 1058 1057
f 1064 1057 1062
f 1065 1059 1058
f 1065 1062 1063
f 1065 1058 1064
f 1065 1064 1062
f 1066 534 1032
f 1066 1032 1059
f 1066 1063 534
f 1066 1059 1065
f 1066 1065 1063
f 1068 136 137
f 1068 1069 136
f 1070 1045 136
f 1070 136 1069
f 1071 1070 1069
f 1071 1068 137
f 1071 1069 1068
f 1072 1045 1070
f 1073 1067 1045
f 1073 1070 1071
f 1073 1045 1072
f 1073 1072 1070
f 1074 137 1067
f 1074 1071 137
f 1074 1067 1073
f 1074 1073 1071
f 1081 525 526
f 1081 526 527
f 1082 527 528
f 1082 528 529
f 1082 529 530
f 1082 530 531
f 1082 1081 527
f 1083 1075 525
f 1083 525 1081
f 1084 531 1057
f 1084 1083 1081
f 1084 1082 531
f 1084 1081 1082
f 1085 1076 1075
f 1085 1077 1076
f 1085 1075 1083
f 1086 1078 1077
f 1086 1079 1078
f 1086 1080 1079
f 1086 1057 1080
f 1086 1077 1085
f 1086 1083 1084
f 1086 1084 1057
f 1086 1085 1083
f 1093 137 138
f 1094 1067 137
f 1094 137 1093
f 1095 138 139
f 1095 139 140
f 1095 140 141
f 1095 141 142
f 1095 142 143
f 1095 1093 138
f 1096 1088 1067
f 1096 1067 1094
f 1097 1093 1095
f 1097 1094 1093
f 1097 1095 143
f 1098 1089 1088
f 1098 1090 1089
f 1098 1094 1097
f 1098 1096 1094
f 1098 1088 1096
f 1099 143 1087
f 1099 1091 1090
f 1099 1092 1091
f 1099 1087 1092
f 1099 1098 1097
f 1099 1097 143
f 1099 1090 1098
f 1114 522 523
f 1114 523 524
f 1114 524 525
f 1115 525 1075
f 1115 1114 525
f 1116 1112 1111
f 1116 1113 1112
f 1116 1075 1113
f 1116 1115 1075
f 1117 521 522
f 1117 522 1114
f 1118 1119 1120
f 1121 1118 1120
f 1122 1111 1110
f 1122 1116 1111
f 1122 1123 1116
f 1124 511 512
f 1124 512 513
f 1125 1114 1126
f 1125 1117 1114
f 1127 1126 1114
f 1128 1100 511
f 1129 1116 1123
f 1129 1115 1116
f 1129 1130 1115
f 1131 1132 1121
f 1131 1123 1122
f 1131 1129 1123
f 1131 1122 1132
f 1131 1120 1129
f 1131 1121 1120
f 1133 1100 1128
f 1133 1120 1119
f 1134 1101 1100
f 1134 1102 1101
f 1134 1100 1133
f 1135 513 514
f 1135 514 515
f 1135 515 516
f 1135 1124 513
f 1136 1124 1135
f 1136 1135 516
f 1137 516 517
f 1137 517 518
f 1137 1136 516
f 1137 1124 1136
f 1138 1139 1124
f 1138 1140 1139
f 1138 1124 1137
f 1138 1117 1141
f 1138 1142 1140
f 1138 1141 1142
f 1143 1128 1144
f 1143 1144 1127
f 1145 1133 1128
f 1145 1120 1133
f 1145 1129 1120
f 1146 1133 1119
f 1146 1134 1133
f 1147 1146 1119
f 1148 1121 1132
f 1148 1132 1122
f 1148 1147 1119
f 1148 1119 1118
f 1148 1118 1121
f 1149 1103 1102
f 1149 1104 1103
f 1149 1105 1104
f 1149 1102 1134
f 1150 518 519
f 1150 519 520
f 1150 520 521
f 1150 1117 1138
f 1150 521 1117
f 1150 1138 1137
f 1150 1137 518
f 1151 1124 1139
f 1151 1139 1140
f 1151 1128 511
f 1151 1144 1128
f 1151 511 1124
f 1152 1125 1126
f 1152 1144 1125
f 1152 1127 1144
f 1152 1126 1127
f 1153 1145 1128
f 1153 1154 1145
f 1155 1129 1145
f 1155 1145 1154
f 1155 1130 1129
f 1156 1114 1115
f 1156 1115 1130
f 1157 1110 1109
f 1157 1148 1122
f 1157 1122 1110
f 1158 1106 1105
f 1158 1107 1106
f 1158 1108 1107
f 1158 1109 1108
f 1158 1105 1149
f 1158 1157 1109
f 1158 1149 1157
f 1159 1125 1144
f 1159 1141 1117
f 1159 1117 1125
f 1159 1140 1142
f 1159 1144 1151
f 1159 1151 1140
f 1159 1142 1141
f 1160 1155 1154
f 1160 1130 1155
f 1160 1156 1130
f 1161 1148 1157
f 1161 1134 1146
f 1161 1146 1147
f 1161 1147 1148
f 1161 1149 1134
f 1161 1157 1149
f 1162 1143 1127
f 1162 1127 1114
f 1162 1114 1156
f 1162 1156 1160
f 1163 1153 1162
f 1163 1162 1160
f 1163 1154 1153
f 1163 1160 1154
f 1164 1162 1153
f 1164 1128 1143
f 1164 1153 1128
f 1164 1143 1162
f 1178 143 144
f 1178 144 145
f 1179 1087 143
f 1179 143 1178
f 1180 1166 1087
f 1180 1167 1166
f 1180 1168 1167
f 1180 1087 1179
f 1181 1169 1168
f 1181 1170 1169
f 1181 1168 1180
f 1181 1180 1182
f 1183 1184 1185
f 1186 1183 1185
f 1187 145 146
f 1187 146 147
f 1187 1178 145
f 1188 147 148
f 1188 148 149
f 1188 1187 147
f 1189 149 150
f 1189 150 151
f 1189 1188 149
f 1190 153 154
f 1190 154 155
f 1190 155 156
f 1191 1192 1178
f 1191 1178 1187
f 1193 1190 156
f 1193 1194 1190
f 1195 1192 1196
f 1195 1196 1197
f 1195 1178 1192
f 1195 1198 1179
f 1195 1179 1178
f 1199 1198 1195
f 1199 1180 1179
f 1199 1195 1197
f 1199 1182 1180
f 1199 1197 1185
f 1199 1179 1198
f 1200 1182 1199
f 1200 1199 1185
f 1200 1181 1182
f 1200 1201 1181
f 1200 1184 1201
f 1200 1185 1184
f 1202 1197 1193
f 1202 156 1165
f 1202 1185 1197
f 1202 1193 156
f 1202 1186 1185
f 1203 1165 1177
f 1203 1202 1165
f 1204 1188 1189
f 1204 1187 1188
f 1204 1191 1187
f 1205 1189 151
f 1205 1190 1194
f 1205 151 152
f 1205 152 153
f 1205 153 1190
f 1206 1191 1204
f 1207 1181 1201
f 1207 1201 1184
f 1207 1184 1183
f 1207 1183 1186
f 1208 1207 1186
f 1208 1186 1202
f 1208 1203 1207
f 1208 1202 1203
f 1209 1171 1170
f 1209 1172 1171
f 1209 1173 1172
f 1209 1174 1173
f 1209 1207 1203
f 1209 1170 1181
f 1209 1181 1207
f 1210 1174 1209
f 1210 1209 1203
f 1211 1175 1174
f 1211 1176 1175
f 1211 1177 1176
f 1211 1210 1203
f 1211 1203 1177
f 1211 1174 1210
f 1212 1204 1189
f 1212 1194 1213
f 1212 1205 1194
f 1212 1206 1204
f 1212 1189 1205
f 1214 1212 1213
f 1214 1206 1212
f 1215 1194 1193
f 1215 1213 1194
f 1215 1214 1213
f 1216 1196 1192
f 1216 1192 1191
f 1216 1197 1196
f 1216 1191 1206
f 1217 1193 1197
f 1217 1215 1193
f 1217 1197 1216
f 1218 1215 1217
f 1218 1214 1215
f 1218 1216 1206
f 1218 1217 1216
f 1218 1206 1214
f 1222 508 509
f 1223 509 510
f 1223 510 511
f 1223 1222 509
f 1224 1219 508
f 1224 508 1222
f 1225 1224 1222
f 1225 1222 1223
f 1225 1223 511
f 1226 1220 1219
f 1226 1219 1224
f 1227 1221 1220
f 1227 1224 1225
f 1227 1220 1226
f 1227 1226 1224
f 1228 511 1100
f 1228 1100 1221
f 1228 1225 511
f 1228 1221 1227
f 1228 1227 1225
f 1232 156 157
f 1233 157 158
f 1233 158 159
f 1233 1232 157
f 1234 1165 156
f 1234 156 1232
f 1235 1234 1232
f 1235 1233 159
f 1235 1232 1233
f 1236 1230 1165
f 1236 1165 1234
f 1237 1231 1230
f 1237 1234 1235
f 1237 1230 1236
f 1237 1236 1234
f 1238 159 1229
f 1238 1229 1231
f 1238 1235 159
f 1238 1231 1237
f 1238 1237 1235
f 1252 495 496
f 1252 496 497
f 1253 1239 495
f 1253 495 1252
f 1254 1240 1239
f 1254 1241 1240
f 1254 1242 1241
f 1254 1239 1253
f 1255 1256 1257
f 1255 1258 508
f 1255 1257 1258
f 1259 1243 1242
f 1259 1244 1243
f 1259 1242 1254
f 1259 1254 1260
f 1261 1262 1263
f 1264 1261 1263
f 1265 497 498
f 1265 498 499
f 1265 1252 497
f 1266 499 500
f 1266 500 501
f 1266 1257 1256
f 1266 1265 499
f 1266 1258 1257
f 1267 1268 1256
f 1267 1256 1255
f 1269 1268 1267
f 1269 1267 1255
f 1269 1252 1268
f 1269 1270 1253
f 1269 1253 1252
f 1271 1270 1269
f 1271 1254 1253
f 1271 1255 1263
f 1271 1269 1255
f 1271 1260 1254
f 1271 1253 1270
f 1272 1271 1263
f 1272 1260 1271
f 1272 1259 1260
f 1272 1273 1259
f 1272 1263 1262
f 1272 1262 1273
f 1274 508 1219
f 1274 1263 1255
f 1274 1255 508
f 1274 1264 1263
f 1275 1219 1251
f 1275 1274 1219
f 1276 1258 1266
f 1276 501 502
f 1276 502 503
f 1276 503 504
f 1276 1266 501
f 1277 1266 1256
f 1277 1252 1265
f 1277 1265 1266
f 1277 1268 1252
f 1277 1256 1268
f 1278 1261 1264
f 1278 1259 1273
f 1278 1273 1262
f 1278 1262 1261
f 1279 1264 1274
f 1279 1278 1264
f 1279 1275 1278
f 1279 1274 1275
f 1280 1245 1244
f 1280 1246 1245
f 1280 1247 1246
f 1280 1248 1247
f 1280 1278 1275
f 1280 1244 1259
f 1280 1259 1278
f 1281 1280 1275
f 1281 1248 1280
f 1282 1249 1248
f 1282 1250 1249
f 1282 1251 1250
f 1282 1281 1275
f 1282 1275 1251
f 1282 1248 1281
f 1283 1258 1276
f 1283 504 505
f 1283 505 506
f 1283 506 507
f 1283 507 508
f 1283 1276 504
f 1283 508 1258
f 1298 170 171
f 1298 171 172
f 1298 172 173
f 1299 173 1284
f 1299 1298 173
f 1300 1296 1295
f 1300 1297 1296
f 1300 1284 1297
f 1300 1299 1284
f 1301 169 170
f 1301 170 1298
f 1302 1303 1304
f 1305 1302 1304
f 1306 1295 1294
f 1306 1300 1295
f 1306 1307 1300
f 1308 159 160
f 1308 160 161
f 1309 1301 1298
f 1309 1298 1310
f 1311 1310 1298
f 1312 1229 159
f 1313 1300 1307
f 1313 1299 1300
f 1313 1314 1299
f 1315 1316 1305
f 1315 1307 1306
f 1315 1313 1307
f 1315 1306 1316
f 1315 1304 1313
f 1315 1305 1304
f 1317 1229 1312
f 1317 1304 1303
f 1318 1285 1229
f 1318 1229 1317
f 1319 161 162
f 1319 162 163
f 1319 163 164
f 1319 1308 161
f 1320 1308 1319
f 1320 1319 164
f 1321 164 165
f 1321 165 166
f 1321 1320 164
f 1321 1308 1320
f 1322 1323 1308
f 1322 1324 1323
f 1322 1308 1321
f 1322 1325 1324
f 1322 1301 1326
f 1322 1326 1325
f 1327 1312 1328
f 1327 1328 1311
f 1329 1317 1312
f 1329 1304 1317
f 1329 1313 1304
f 1330 1317 1303
f 1330 1318 1317
f 1331 1330 1303
f 1332 1305 1316
f 1332 1316 1306
f 1332 1331 1303
f 1332 1303 1302
f 1332 1302 1305
f 1333 1286 1285
f 1333 1287 1286
f 1333 1288 1287
f 1333 1285 1318
f 1334 1289 1288
f 1334 1288 1333
f 1335 166 167
f 1335 167 168
f 1335 168 169
f 1335 1321 166
f 1335 1301 1322
f 1335 169 1301
f 1335 1322 1321
f 1336 1308 1323
f 1336 1323 1324
f 1336 1312 159
f 1336 1328 1312
f 1336 159 1308
f 1337 1309 1310
f 1337 1328 1309
f 1337 1311 1328
f 1337 1310 1311
f 1338 1329 1312
f 1338 1339 1329
f 1340 1313 1329
f 1340 1314 1313
f 1340 1329 1339
f 1341 1298 1299
f 1341 1299 1314
f 1342 1294 1293
f 1342 1332 1306
f 1342 1306 1294
f 1343 1290 1289
f 1343 1291 1290
f 1343 1292 1291
f 1343 1293 1292
f 1343 1289 1334
f 1343 1342 1293
f 1343 1334 1342
f 1344 1309 1328
f 1344 1301 1309
f 1344 1324 1325
f 1344 1336 1324
f 1344 1328 1336
f 1344 1326 1301
f 1344 1325 1326
f 1345 1340 1339
f 1345 1314 1340
f 1345 1341 1314
f 1346 1332 1342
f 1346 1318 1330
f 1346 1330 1331
f 1346 1331 1332
f 1346 1333 1318
f 1346 1334 1333
f 1346 1342 1334
f 1347 1327 1311
f 1347 1298 1341
f 1347 1311 1298
f 1347 1341 1345
f 1348 1347 1345
f 1348 1338 1347
f 1348 1339 1338
f 1348 1345 1339
f 1349 1347 1338
f 1349 1312 1327
f 1349 1327 1347
f 1349 1338 1312
f 1356 489 490
f 1357 1350 489
f 1357 489 1356
f 1358 490 491
f 1358 491 492
f 1358 492 493
f 1358 493 494
f 1358 494 495
f 1358 1356 490
f 1359 1351 1350
f 1359 1350 1357
f 1360 1356 1358
f 1360 1357 1356
f 1360 1358 495
f 1361 1352 1351
f 1361 1353 1352
f 1361 1357 1360
f 1361 1359 1357
f 1361 1351 1359
f 1362 495 1239
f 1362 1354 1353
f 1362 1355 1354
f 1362 1239 1355
f 1362 1361 1360
f 1362 1360 495
f 1362 1353 1361
f 1369 173 174
f 1369 174 175
f 1370 175 176
f 1370 176 177
f 1370 177 178
f 1370 178 179
f 1370 1369 175
f 1371 1284 173
f 1371 173 1369
f 1372 179 1363
f 1372 1371 1369
f 1372 1370 179
f 1372 1369 1370
f 1373 1364 1284
f 1373 1365 1364
f 1373 1284 1371
f 1374 1366 1365
f 1374 1367 1366
f 1374 1368 1367
f 1374 1363 1368
f 1374 1365 1373
f 1374 1371 1372
f 1374 1372 1363
f 1374 1373 1371
f 1378 488 489
f 1378 1379 488
f 1380 1375 488
f 1380 488 1379
f 1381 1380 1379
f 1381 1378 489
f 1381 1379 1378
f 1382 1376 1375
f 1382 1375 1380
f 1383 1377 1376
f 1383 1380 1381
f 1383 1376 1382
f 1383 1382 1380
f 1384 489 1350
f 1384 1350 1377
f 1384 1381 489
f 1384 1377 1383
f 1384 1383 1381
f 1388 179 180
f 1388 1389 179
f 1390 1363 179
f 1390 179 1389
f 1391 1390 1389
f 1391 1388 180
f 1391 1389 1388
f 1392 1386 1363
f 1392 1363 1390
f 1393 1387 1386
f 1393 1390 1391
f 1393 1386 1392
f 1393 1392 1390
f 1394 180 1385
f 1394 1385 1387
f 1394 1391 180
f 1394 1387 1393
f 1394 1393 1391
f 1401 482 483
f 1401 483 484
f 1402 484 485
f 1402 485 486
f 1402 486 487
f 1402 487 488
f 1402 1401 484
f 1403 1395 482
f 1403 482 1401
f 1404 488 1375
f 1404 1403 1401
f 1404 1402 488
f 1404 1401 1402
f 1405 1396 1395
f 1405 1397 1396
f 1405 1395 1403
f 1406 1398 1397
f 1406 1399 1398
f 1406 1400 1399
f 1406 1375 1400
f 1406 1397 1405
f 1406 1403 1404
f 1406 1404 1375
f 1406 1405 1403
f 1413 180 181
f 1414 1385 180
f 1414 180 1413
f 1415 181 182
f 1415 182 183
f 1415 183 184
f 1415 184 185
f 1415 185 186
f 1415 1413 181
f 1416 1408 1385
f 1416 1385 1414
f 1417 1413 1415
f 1417 1414 1413
f 1417 1415 186
f 1418 1409 1408
f 1418 1410 1409
f 1418 1414 1417
f 1418 1416 1414
f 1418 1408 1416
f 1419 186 1407
f 1419 1411 1410
f 1419 1412 1411
f 1419 1407 1412
f 1419 1418 1417
f 1419 1417 186
f 1419 1410 1418
f 1434 479 480
f 1434 480 481
f 1434 481 482
f 1435 482 1395
f 1435 1436 1434
f 1435 1437 1436
f 1435 1434 482
f 1438 1432 1431
f 1438 1433 1432
f 1438 1395 1433
f 1438 1435 1395
f 1439 1436 1437
f 1439 1437 468
f 1440 1436 1439
f 1441 478 479
f 1441 1436 1440
f 1441 1434 1436
f 1441 479 1434
f 1442 1443 1444
f 1445 1442 1444
f 1446 1431 1430
f 1446 1438 1431
f 1446 1447 1438
f 1448 468 469
f 1448 469 470
f 1448 470 471
f 1448 1439 468
f 1449 1439 1448
f 1449 1440 1439
f 1449 1441 1440
f 1450 1438 1447
f 1450 1444 468
f 1450 1435 1438
f 1450 1437 1435
f 1450 468 1437
f 1451 1446 1452
f 1451 1450 1447
f 1451 1444 1450
f 1451 1445 1444
f 1451 1452 1445
f 1451 1447 1446
f 1453 1420 468
f 1453 468 1444
f 1453 1444 1443
f 1454 1421 1420
f 1454 1420 1453
f 1455 1449 1448
f 1455 471 472
f 1455 472 473
f 1455 473 474
f 1455 1448 471
f 1456 1449 1455
f 1456 1455 474
f 1457 1441 1449
f 1457 474 475
f 1457 475 476
f 1457 476 477
f 1457 477 478
f 1457 1456 474
f 1457 1449 1456
f 1457 478 1441
f 1458 1453 1443
f 1458 1454 1453
f 1459 1458 1443
f 1460 1452 1446
f 1460 1459 1443
f 1460 1443 1442
f 1460 1442 1445
f 1460 1445 1452
f 1461 1422 1421
f 1461 1423 1422
f 1461 1424 1423
f 1461 1421 1454
f 1462 1425 1424
f 1462 1424 1461
f 1463 1460 1446
f 1463 1430 1429
f 1463 1446 1430
f 1464 1426 1425
f 1464 1427 1426
f 1464 1428 1427
f 1464 1429 1428
f 1464 1425 1462
f 1464 1462 1463
f 1464 1463 1429
f 1465 1458 1459
f 1465 1454 1458
f 1465 1459 1460
f 1465 1461 1454
f 1465 1462 1461
f 1465 1463 1462
f 1465 1460 1463
f 1479 186 187
f 1479 187 188
f 1480 1407 186
f 1480 186 1479
f 1481 1467 1407
f 1481 1468 1467
f 1481 1469 1468
f 1481 1407 1480
f 1482 1483 199
f 1484 1470 1469
f 1484 1471 1470
f 1484 1469 1481
f 1484 1481 1485
f 1486 1487 1488
f 1489 1486 1488
f 1490 188 189
f 1490 189 190
f 1490 1479 188
f 1491 190 191
f 1491 191 192
f 1491 1490 190
f 1492 1479 1490
f 1492 1493 1479
f 1494 1493 1495
f 1494 1495 1482
f 1494 1479 1493
f 1494 1496 1480
f 1494 1480 1479
f 1497 1496 1494
f 1497 1481 1480
f 1497 1482 1488
f 1497 1494 1482
f 1497 1485 1481
f 1497 1480 1496
f 1498 1497 1488
f 1498 1485 1497
f 1498 1484 1485
f 1498 1499 1484
f 1498 1488 1487
f 1498 1487 1499
f 1500 199 1466
f 1500 1488 1482
f 1500 1482 199
f 1500 1489 1488
f 1501 1466 1478
f 1501 1500 1466
f 1502 192 193
f 1502 193 194
f 1502 1491 192
f 1503 1490 1491
f 1503 1492 1490
f 1504 1503 1491
f 1504 1505 1506
f 1504 1483 1505
f 1507 1492 1503
f 1508 1486 1489
f 1508 1484 1499
f 1508 1499 1487
f 1508 1487 1486
f 1509 1489 1500
f 1509 1508 1489
f 1509 1501 1508
f 1509 1500 1501
f 1510 1472 1471
f 1510 1473 1472
f 1510 1474 1473
f 1510 1475 1474
f 1510 1508 1501
f 1510 1471 1484
f 1510 1484 1508
f 1511 1510 1501
f 1511 1475 1510
f 1512 1476 1475
f 1512 1477 1476
f 1512 1478 1477
f 1512 1511 1501
f 1512 1475 1511
f 1512 1501 1478
f 1513 194 195
f 1513 195 196
f 1513 1502 194
f 1514 196 197
f 1514 197 198
f 1514 1513 196
f 1515 1502 1513
f 1515 198 199
f 1515 1483 1504
f 1515 199 1483
f 1515 1513 1514
f 1515 1514 198
f 1516 1503 1504
f 1516 1504 1506
f 1516 1506 1505
f 1516 1507 1503
f 1516 1505 1483
f 1517 1493 1492
f 1517 1495 1493
f 1517 1482 1495
f 1517 1492 1507
f 1517 1507 1516
f 1517 1516 1483
f 1517 1483 1482
f 1518 1504 1491
f 1518 1515 1504
f 1518 1502 1515
f 1518 1491 1502
f 1522 465 466
f 1523 466 467
f 1523 467 468
f 1523 1522 466
f 1524 1519 465
f 1524 465 1522
f 1525 1524 1522
f 1525 1523 468
f 1525 1522 1523
f 1526 1520 1519
f 1526 1519 1524
f 1527 1521 1520
f 1527 1524 1525
f 1527 1520 1526
f 1527 1526 1524
f 1528 468 1420
f 1528 1420 1521
f 1528 1525 468
f 1528 1521 1527
f 1528 1527 1525
f 1532 199 200
f 1533 200 201
f 1533 201 202
f 1533 1532 200
f 1534 1466 199
f 1534 199 1532
f 1535 1534 1532
f 1535 1533 202
f 1535 1532 1533
f 1536 1530 1466
f 1536 1466 1534
f 1537 1531 1530
f 1537 1534 1535
f 1537 1530 1536
f 1537 1536 1534
f 1538 202 1529
f 1538 1529 1531
f 1538 1535 202
f 1538 1531 1537
f 1538 1537 1535
f 1552 452 453
f 1552 453 454
f 1553 1539 452
f 1553 452 1552
f 1554 1540 1539
f 1554 1541 1540
f 1554 1542 1541
f 1554 1539 1553
f 1555 1556 1557
f 1555 1557 1558
f 1559 1543 1542
f 1559 1544 1543
f 1559 1542 1554
f 1559 1554 1560
f 1561 1562 1563
f 1564 1561 1563
f 1565 454 455
f 1565 455 456
f 1565 456 457
f 1565 1552 454
f 1566 464 465
f 1567 1552 1565
f 1567 1568 1552
f 1569 1555 1558
f 1569 1566 465
f 1570 1567 1571
f 1570 1568 1567
f 1570 1556 1555
f 1570 1571 1556
f 1572 1570 1555
f 1572 1552 1568
f 1572 1573 1553
f 1572 1553 1552
f 1572 1568 1570
f 1574 1573 1572
f 1574 1554 1553
f 1574 1555 1563
f 1574 1560 1554
f 1574 1553 1573
f 1574 1572 1555
f 1575 1574 1563
f 1575 1560 1574
f 1575 1559 1560
f 1575 1576 1559
f 1575 1563 1562
f 1575 1562 1576
f 1577 1564 1563
f 1577 465 1519
f 1577 1555 1569
f 1577 1563 1555
f 1577 1569 465
f 1578 1577 1519
f 1578 1519 1551
f 1579 1571 1567
f 1579 1567 1565
f 1580 461 462
f 1580 462 463
f 1580 463 464
f 1580 1581 461
f 1580 464 1566
f 1582 1566 1569
f 1582 1557 1556
f 1582 1569 1558
f 1582 1558 1557
f 1583 1562 1561
f 1583 1561 1564
f 1583 1559 1576
f 1583 1576 1562
f 1584 1564 1577
f 1584 1577 1578
f 1584 1578 1583
f 1584 1583 1564
f 1585 1545 1544
f 1585 1546 1545
f 1585 1547 1546
f 1585 1548 1547
f 1585 1583 1578
f 1585 1559 1583
f 1585 1544 1559
f 1586 1548 1585
f 1586 1585 1578
f 1587 1549 1548
f 1587 1550 1549
f 1587 1551 1550
f 1587 1578 1551
f 1587 1586 1578
f 1587 1548 1586
f 1588 457 458
f 1588 458 459
f 1588 459 460
f 1588 460 461
f 1588 461 1581
f 1589 1579 1565
f 1589 1565 457
f 1589 1588 1581
f 1589 457 1588
f 1590 1571 1579
f 1590 1579 1589
f 1590 1582 1556
f 1590 1556 1571
f 1591 1581 1580
f 1591 1580 1566
f 1591 1589 1581
f 1591 1590 1589
f 1591 1566 1582
f 1591 1582 1590
f 1606 213 214
f 1606 214 215
f 1606 215 216
f 1607 216 1592
f 1607 1606 216
f 1608 1604 1603
f 1608 1605 1604
f 1608 1592 1605
f 1608 1607 1592
f 1609 212 213
f 1609 1606 1610
f 1609 213 1606
f 1611 1612 1613
f 1611 1614 1612
f 1615 1616 1617
f 1618 1615 1617
f 1619 1603 1602
f 1619 1608 1603
f 1619 1620 1608
f 1621 202 203
f 1621 203 204
f 1622 1614 1611
f 1622 202 1621
f 1623 1609 1610
f 1623 1624 1609
f 1623 1611 1613
f 1623 1613 1624
f 1625 1529 202
f 1625 1622 1611
f 1625 202 1622
f 1626 1610 1606
f 1626 1623 1610
f 1627 1608 1620
f 1627 1607 1608
f 1627 1628 1607
f 1629 1619 1630
f 1629 1630 1618
f 1629 1620 1619
f 1629 1627 1620
f 1629 1617 1627
f 1629 1618 1617
f 1631 1529 1625
f 1631 1617 1616
f 1632 1593 1529
f 1632 1594 1593
f 1632 1529 1631
f 1633 1622 1621
f 1633 1614 1622
f 1634 1614 1633
f 1635 1614 1634
f 1635 1609 1624
f 1635 1613 1612
f 1635 1612 1614
f 1635 1624 1613
f 1636 1611 1623
f 1636 1623 1626
f 1636 1625 1611
f 1637 1617 1631
f 1637 1631 1625
f 1637 1627 1617
f 1638 1631 1616
f 1638 1632 1631
f 1639 1638 1616
f 1640 1616 1615
f 1640 1630 1619
f 1640 1618 1630
f 1640 1639 1616
f 1640 1615 1618
f 1641 1595 1594
f 1641 1596 1595
f 1641 1597 1596
f 1641 1594 1632
f 1642 207 208
f 1642 208 209
f 1642 209 210
f 1642 210 211
f 1642 211 212
f 1642 212 1609
f 1642 1609 1635
f 1643 1637 1625
f 1643 1636 1626
f 1643 1626 1644
f 1643 1625 1636
f 1643 1644 1637
f 1645 1637 1644
f 1645 1627 1637
f 1645 1628 1627
f 1646 1626 1606
f 1646 1606 1607
f 1646 1607 1628
f 1647 1619 1602
f 1647 1602 1601
f 1647 1640 1619
f 1648 1647 1601
f 1648 1598 1597
f 1648 1599 1598
f 1648 1600 1599
f 1648 1601 1600
f 1648 1597 1641
f 1648 1641 1647
f 1649 204 205
f 1649 205 206
f 1649 206 207
f 1649 1634 1633
f 1649 1635 1634
f 1649 207 1642
f 1649 1633 1621
f 1649 1621 204
f 1649 1642 1635
f 1650 1626 1646
f 1650 1644 1626
f 1650 1645 1644
f 1650 1628 1645
f 1650 1646 1628
f 1651 1632 1638
f 1651 1638 1639
f 1651 1639 1640
f 1651 1641 1632
f 1651 1640 1647
f 1651 1647 1641
f 1658 446 447
f 1659 1652 446
f 1659 446 1658
f 1660 447 448
f 1660 448 449
f 1660 449 450
f 1660 450 451
f 1660 451 452
f 1660 1658 447
f 1661 1653 1652
f 1661 1652 1659
f 1662 1658 1660
f 1662 1659 1658
f 1662 1660 452
f 1663 1654 1653
f 1663 1655 1654
f 1663 1659 1662
f 1663 1661 1659
f 1663 1653 1661
f 1664 452 1539
f 1664 1656 1655
f 1664 1657 1656
f 1664 1539 1657
f 1664 1663 1662
f 1664 1662 452
f 1664 1655 1663
f 1671 216 217
f 1671 217 218
f 1672 218 219
f 1672 219 220
f 1672 220 221
f 1672 221 222
f 1672 1671 218
f 1673 1592 216
f 1673 216 1671
f 1674 222 1665
f 1674 1673 1671
f 1674 1672 222
f 1674 1671 1672
f 1675 1666 1592
f 1675 1667 1666
f 1675 1592 1673
f 1676 1668 1667
f 1676 1669 1668
f 1676 1670 1669
f 1676 1665 1670
f 1676 1667 1675
f 1676 1673 1674
f 1676 1674 1665
f 1676 1675 1673
f 1680 443 444
f 1681 444 445
f 1681 445 446
f 1681 1680 444
f 1682 1677 443
f 1682 443 1680
f 1683 1682 1680
f 1683 1681 446
f 1683 1680 1681
f 1684 1678 1677
f 1684 1677 1682
f 1685 1679 1678
f 1685 1682 1683
f 1685 1678 1684
f 1685 1684 1682
f 1686 446 1652
f 1686 1652 1679
f 1686 1683 446
f 1686 1679 1685
f 1686 1685 1683
f 1690 222 223
f 1691 223 224
f 1691 224 225
f 1691 1690 223
f 1692 1665 222
f 1692 222 1690
f 1693 1692 1690
f 1693 1691 225
f 1693 1690 1691
f 1694 1688 1665
f 1694 1665 1692
f 1695 1689 1688
f 1695 1692 1693
f 1695 1688 1694
f 1695 1694 1692
f 1696 225 1687
f 1696 1687 1689
f 1696 1693 225
f 1696 1689 1695
f 1696 1695 1693
f 1703 437 438
f 1703 438 439
f 1704 439 440
f 1704 440 441
f 1704 441 442
f 1704 442 443
f 1704 1703 439
f 1705 1697 437
f 1705 437 1703
f 1706 443 1677
f 1706 1705 1703
f 1706 1704 443
f 1706 1703 1704
f 1707 1698 1697
f 1707 1699 1698
f 1707 1697 1705
f 1708 1700 1699
f 1708 1701 1700
f 1708 1702 1701
f 1708 1677 1702
f 1708 1699 1707
f 1708 1705 1706
f 1708 1706 1677
f 1708 1707 1705
f 1715 225 226
f 1716 1687 225
f 1716 225 1715
f 1717 226 227
f 1717 227 228
f 1717 228 229
f 1717 229 230
f 1717 230 231
f 1717 1715 226
f 1718 1710 1687
f 1718 1687 1716
f 1719 1715 1717
f 1719 1716 1715
f 1719 1717 231
f 1720 1711 1710
f 1720 1712 1711
f 1720 1716 1719
f 1720 1718 1716
f 1720 1710 1718
f 1721 231 1709
f 1721 1713 1712
f 1721 1714 1713
f 1721 1709 1714
f 1721 1720 1719
f 1721 1719 231
f 1721 1712 1720
f 1736 434 435
f 1736 435 436
f 1736 436 437
f 1737 437 1697
f 1737 1736 437
f 1738 1734 1733
f 1738 1735 1734
f 1738 1697 1735
f 1738 1737 1697
f 1739 433 434
f 1739 1736 1740
f 1739 434 1736
f 1741 1742 1743
f 1741 1744 1742
f 1745 1746 1747
f 1748 1745 1747
f 1749 1733 1732
f 1749 1738 1733
f 1749 1750 1738
f 1751 423 424
f 1752 1744 1741
f 1752 423 1751
f 1753 1739 1740
f 1753 1754 1739
f 1753 1741 1743
f 1753 1743 1754
f 1755 1722 423
f 1755 1752 1741
f 1755 423 1752
f 1756 1740 1736
f 1756 1753 1740
f 1757 1738 1750
f 1757 1737 1738
f 1757 1758 1737
f 1759 1749 1760
f 1759 1760 1748
f 1759 1750 1749
f 1759 1757 1750
f 1759 1747 1757
f 1759 1748 1747
f 1761 1722 1755
f 1761 1747 1746
f 1762 1723 1722
f 1762 1724 1723
f 1762 1722 1761
f 1763 424 425
f 1763 425 426
f 1763 426 427
f 1763 1751 424
f 1764 427 428
f 1764 1763 427
f 1765 1752 1751
f 1765 1744 1752
f 1766 1744 1765
f 1767 1739 1754
f 1767 1743 1742
f 1767 1742 1744
f 1767 1744 1766
f 1767 1754 1743
f 1768 1741 1753
f 1768 1755 1741
f 1768 1753 1756
f 1769 1768 1756
f 1769 1755 1768
f 1770 1747 1761
f 1770 1755 1769
f 1770 1761 1755
f 1770 1757 1747
f 1771 1761 1746
f 1771 1762 1761
f 1772 1771 1746
f 1773 1746 1745
f 1773 1760 1749
f 1773 1748 1760
f 1773 1772 1746
f 1773 1745 1748
f 1774 1725 1724
f 1774 1726 1725
f 1774 1727 1726
f 1774 1724 1762
f 1775 428 429
f 1775 429 430
f 1775 430 431
f 1775 431 432
f 1775 1764 428
f 1776 432 433
f 1776 1739 1767
f 1776 433 1739
f 1776 1775 432
f 1776 1764 1775
f 1777 1770 1769
f 1777 1757 1770
f 1777 1758 1757
f 1778 1756 1736
f 1778 1736 1737
f 1778 1737 1758
f 1779 1749 1732
f 1779 1732 1731
f 1779 1773 1749
f 1780 1779 1731
f 1780 1728 1727
f 1780 1729 1728
f 1780 1730 1729
f 1780 1731 1730
f 1780 1727 1774
f 1780 1774 1779
f 1781 1765 1751
f 1781 1751 1763
f 1781 1763 1764
f 1781 1764 1776
f 1781 1767 1766
f 1781 1766 1765
f 1781 1776 1767
f 1782 1756 1778
f 1782 1769 1756
f 1782 1777 1769
f 1782 1758 1777
f 1782 1778 1758
f 1783 1762 1771
f 1783 1771 1772
f 1783 1772 1773
f 1783 1774 1762
f 1783 1773 1779
f 1783 1779 1774
f 1797 231 232
f 1797 232 233
f 1798 1709 231
f 1798 231 1797
f 1799 1785 1709
f 1799 1786 1785
f 1799 1787 1786
f 1799 1709 1798
f 1800 1801 1802
f 1800 1803 244
f 1800 1802 1803
f 1804 1788 1787
f 1804 1789 1788
f 1804 1787 1799
f 1804 1799 1805
f 1806 1807 1808
f 1809 1806 1808
f 1810 233 234
f 1810 234 235
f 1810 1797 233
f 1811 1801 1800
f 1811 1812 1801
f 1811 1813 1812
f 1814 1813 1811
f 1814 1797 1813
f 1814 1815 1798
f 1814 1811 1800
f 1814 1798 1797
f 1816 1815 1814
f 1816 1799 1798
f 1816 1800 1808
f 1816 1814 1800
f 1816 1805 1799
f 1816 1798 1815
f 1817 1816 1808
f 1817 1805 1816
f 1817 1804 1805
f 1817 1818 1804
f 1817 1808 1807
f 1817 1807 1818
f 1819 1809 1808
f 1819 244 1784
f 1819 1800 244
f 1819 1808 1800
f 1820 1784 1796
f 1820 1819 1784
f 1821 1797 1810
f 1821 1813 1797
f 1822 1807 1806
f 1822 1806 1809
f 1822 1804 1818
f 1822 1818 1807
f 1823 1819 1820
f 1823 1822 1809
f 1823 1820 1822
f 1823 1809 1819
f 1824 1790 1789
f 1824 1791 1790
f 1824 1792 1791
f 1824 1793 1792
f 1824 1804 1822
f 1824 1822 1820
f 1824 1789 1804
f 1825 1824 1820
f 1825 1793 1824
f 1826 1794 1793
f 1826 1795 1794
f 1826 1796 1795
f 1826 1825 1820
f 1826 1820 1796
f 1826 1793 1825
f 1827 1821 1810
f 1827 235 236
f 1827 236 237
f 1827 237 238
f 1827 1810 235
f 1828 1813 1821
f 1828 1802 1801
f 1828 1827 1803
f 1828 1801 1812
f 1828 1803 1802
f 1828 1812 1813
f 1828 1821 1827
f 1829 238 239
f 1829 239 240
f 1829 1827 238
f 1830 240 241
f 1830 241 242
f 1830 242 243
f 1830 243 244
f 1830 1829 240
f 1830 1803 1827
f 1830 1827 1829
f 1830 244 1803
f 1834 420 421
f 1835 421 422
f 1835 422 423
f 1835 1834 421
f 1836 1831 420
f 1836 420 1834
f 1837 1836 1834
f 1837 1835 423
f 1837 1834 1835
f 1838 1832 1831
f 1838 1831 1836
f 1839 1833 1832
f 1839 1836 1837
f 1839 1832 1838
f 1839 1838 1836
f 1840 423 1722
f 1840 1722 1833
f 1840 1837 423
f 1840 1833 1839
f 1840 1839 1837
f 1844 244 245
f 1845 245 246
f 1845 246 247
f 1845 1844 245
f 1846 1784 244
f 1846 244 1844
f 1847 1846 1844
f 1847 1845 247
f 1847 1844 1845
f 1848 1842 1784
f 1848 1784 1846
f 1849 1843 1842
f 1849 1846 1847
f 1849 1842 1848
f 1849 1848 1846
f 1850 247 1841
f 1850 1841 1843
f 1850 1847 247
f 1850 1843 1849
f 1850 1849 1847
f 1864 407 408
f 1864 408 409
f 1865 1851 407
f 1865 407 1864
f 1866 1852 1851
f 1866 1853 1852
f 1866 1854 1853
f 1866 1851 1865
f 1867 1868 420
f 1869 1855 1854
f 1869 1856 1855
f 1869 1854 1866
f 1869 1866 1870
f 1871 1872 1873
f 1874 1871 1873
f 1875 409 410
f 1875 410 411
f 1875 1864 409
f 1876 411 412
f 1876 412 413
f 1876 1875 411
f 1877 1864 1875
f 1877 1878 1864
f 1879 1878 1880
f 1879 1880 1867
f 1879 1864 1878
f 1879 1881 1865
f 1879 1865 1864
f 1882 1881 1879
f 1882 1866 1865
f 1882 1867 1873
f 1882 1879 1867
f 1882 1870 1866
f 1882 1865 1881
f 1883 1882 1873
f 1883 1870 1882
f 1883 1869 1870
f 1883 1884 1869
f 1883 1873 1872
f 1883 1872 1884
f 1885 420 1831
f 1885 1873 1867
f 1885 1867 420
f 1885 1874 1873
f 1886 1831 1863
f 1886 1885 1831
f 1887 413 414
f 1887 414 415
f 1887 415 416
f 1887 1876 413
f 1888 1875 1876
f 1888 1877 1875
f 1889 1888 1876
f 1889 1890 1891
f 1889 1868 1890
f 1892 1877 1888
f 1893 1871 1874
f 1893 1869 1884
f 1893 1884 1872
f 1893 1872 1871
f 1894 1874 1885
f 1894 1893 1874
f 1894 1886 1893
f 1894 1885 1886
f 1895 1857 1856
f 1895 1858 1857
f 1895 1859 1858
f 1895 1860 1859
f 1895 1893 1886
f 1895 1856 1869
f 1895 1869 1893
f 1896 1895 1886
f 1896 1860 1895
f 1897 1861 1860
f 1897 1862 1861
f 1897 1863 1862
f 1897 1896 1886
f 1897 1860 1896
f 1897 1886 1863
f 1898 416 417
f 1898 417 418
f 1898 418 419
f 1898 1887 416
f 1899 419 420
f 1899 1887 1898
f 1899 1868 1889
f 1899 420 1868
f 1899 1898 419
f 1900 1888 1889
f 1900 1889 1891
f 1900 1891 1890
f 1900 1892 1888
f 1900 1890 1868
f 1901 1878 1877
f 1901 1880 1878
f 1901 1867 1880
f 1901 1877 1892
f 1901 1892 1900
f 1901 1900 1868
f 1901 1868 1867
f 1902 1889 1876
f 1902 1899 1889
f 1902 1887 1899
f 1902 1876 1887
f 1917 258 259
f 1917 259 260
f 1917 260 261
f 1918 261 1903
f 1918 1917 261
f 1919 1915 1914
f 1919 1916 1915
f 1919 1903 1916
f 1919 1918 1903
f 1920 257 258
f 1920 1917 1921
f 1920 258 1917
f 1922 1923 1924
f 1922 1925 1923
f 1926 1927 1928
f 1929 1926 1928
f 1930 1914 1913
f 1930 1919 1914
f 1930 1931 1919
f 1932 247 248
f 1933 1925 1922
f 1933 247 1932
f 1934 1920 1921
f 1934 1935 1920
f 1934 1922 1924
f 1934 1924 1935
f 1936 1841 247
f 1936 1933 1922
f 1936 1928 1841
f 1936 247 1933
f 1937 1921 1917
f 1937 1934 1921
f 1938 1919 1931
f 1938 1918 1919
f 1938 1939 1918
f 1940 1930 1941
f 1940 1941 1929
f 1940 1931 1930
f 1940 1938 1931
f 1940 1928 1938
f 1940 1929 1928
f 1942 1904 1841
f 1942 1841 1928
f 1942 1928 1927
f 1943 248 249
f 1943 249 250
f 1943 250 251
f 1943 1932 248
f 1944 251 252
f 1944 1943 251
f 1945 1933 1932
f 1945 1925 1933
f 1946 1925 1945
f 1947 1920 1935
f 1947 1924 1923
f 1947 1925 1946
f 1947 1923 1925
f 1947 1935 1924
f 1948 1922 1934
f 1948 1934 1937
f 1948 1936 1922
f 1949 1928 1936
f 1949 1938 1928
f 1950 1942 1927
f 1951 1950 1927
f 1952 1927 1926
f 1952 1941 1930
f 1952 1929 1941
f 1952 1951 1927
f 1952 1926 1929
f 1953 1905 1904
f 1953 1906 1905
f 1953 1907 1906
f 1953 1904 1942
f 1954 1908 1907
f 1954 1907 1953
f 1955 252 253
f 1955 253 254
f 1955 254 255
f 1955 255 256
f 1955 1944 252
f 1956 256 257
f 1956 1920 1947
f 1956 257 1920
f 1956 1944 1955
f 1956 1955 256
f 1957 1948 1937
f 1957 1937 1958
f 1957 1936 1948
f 1957 1958 1949
f 1957 1949 1936
f 1959 1949 1958
f 1959 1938 1949
f 1959 1939 1938
f 1960 1937 1917
f 1960 1917 1918
f 1960 1918 1939
f 1961 1930 1913
f 1961 1913 1912
f 1961 1952 1930
f 1962 1961 1912
f 1962 1909 1908
f 1962 1910 1909
f 1962 1911 1910
f 1962 1912 1911
f 1962 1908 1954
f 1962 1954 1961
f 1963 1944 1956
f 1963 1932 1943
f 1963 1943 1944
f 1963 1947 1946
f 1963 1946 1945
f 1963 1956 1947
f 1963 1945 1932
f 1964 1937 1960
f 1964 1958 1937
f 1964 1959 1958
f 1964 1939 1959
f 1964 1960 1939
f 1965 1942 1950
f 1965 1950 1951
f 1965 1951 1952
f 1965 1953 1942
f 1965 1954 1953
f 1965 1961 1954
f 1965 1952 1961
f 1972 401 402
f 1973 1966 401
f 1973 401 1972
f 1974 402 403
f 1974 403 404
f 1974 404 405
f 1974 405 406
f 1974 406 407
f 1974 1972 402
f 1975 1967 1966
f 1975 1966 1973
f 1976 1972 1974
f 1976 1973 1972
f 1976 1974 407
f 1977 1968 1967
f 1977 1969 1968
f 1977 1973 1976
f 1977 1975 1973
f 1977 1967 1975
f 1978 407 1851
f 1978 1970 1969
f 1978 1971 1970
f 1978 1851 1971
f 1978 1977 1976
f 1978 1976 407
f 1978 1969 1977
f 1985 261 262
f 1985 262 263
f 1986 263 264
f 1986 264 265
f 1986 265 266
f 1986 266 267
f 1986 1985 263
f 1987 1903 261
f 1987 261 1985
f 1988 267 1979
f 1988 1987 1985
f 1988 1986 267
f 1988 1985 1986
f 1989 1980 1903
f 1989 1981 1980
f 1989 1903 1987
f 1990 1982 1981
f 1990 1983 1982
f 1990 1984 1983
f 1990 1979 1984
f 1990 1981 1989
f 1990 1987 1988
f 1990 1988 1979
f 1990 1989 1987
f 1992 398 399
f 1993 399 400
f 1993 400 401
f 1993 1992 399
f 1994 1991 398
f 1994 398 1992
f 1995 1994 1992
f 1995 1993 401
f 1995 1992 1993
f 1996 1991 1994
f 1997 1966 1991
f 1997 1994 1995
f 1997 1991 1996
f 1997 1996 1994
f 1998 401 1966
f 1998 1995 401
f 1998 1966 1997
f 1998 1997 1995
f 2000 267 268
f 2000 2001 267
f 2002 1979 267
f 2002 267 2001
f 2003 2002 2001
f 2003 2000 268
f 2003 2001 2000
f 2004 1979 2002
f 2005 1999 1979
f 2005 2002 2003
f 2005 1979 2004
f 2005 2004 2002
f 2006 268 1999
f 2006 2003 268
f 2006 1999 2005
f 2006 2005 2003
f 2013 392 393
f 2013 393 394
f 2014 394 395
f 2014 395 396
f 2014 396 397
f 2014 397 398
f 2014 2013 394
f 2015 2007 392
f 2015 392 2013
f 2016 398 1991
f 2016 2015 2013
f 2016 2014 398
f 2016 2013 2014
f 2017 2008 2007
f 2017 2009 2008
f 2017 2007 2015
f 2018 2010 2009
f 2018 2011 2010
f 2018 2012 2011
f 2018 1991 2012
f 2018 2009 2017
f 2018 2015 2016
f 2018 2016 1991
f 2018 2017 2015
f 2025 268 269
f 2026 1999 268
f 2026 268 2025
f 2027 269 270
f 2027 270 271
f 2027 271 272
f 2027 272 273
f 2027 273 274
f 2027 2025 269
f 2028 2020 1999
f 2028 1999 2026
f 2029 2025 2027
f 2029 2026 2025
f 2029 2027 274
f 2030 2021 2020
f 2030 2022 2021
f 2030 2026 2029
f 2030 2028 2026
f 2030 2020 2028
f 2031 274 2019
f 2031 2023 2022
f 2031 2024 2023
f 2031 2019 2024
f 2031 2030 2029
f 2031 2029 274
f 2031 2022 2030
f 2046 389 390
f 2046 390 391
f 2046 391 392
f 2047 392 2007
f 2047 2046 392
f 2048 2044 2043
f 2048 2045 2044
f 2048 2007 2045
f 2048 2047 2007
f 2049 388 389
f 2049 2046 2050
f 2049 389 2046
f 2051 2052 2053
f 2051 2054 2052
f 2055 2056 2057
f 2058 2055 2057
f 2059 2043 2042
f 2059 2048 2043
f 2059 2060 2048
f 2061 378 379
f 2062 2054 2051
f 2062 378 2061
f 2063 2049 2050
f 2063 2064 2049
f 2063 2051 2053
f 2063 2053 2064
f 2065 2032 378
f 2065 2062 2051
f 2065 2057 2032
f 2065 378 2062
f 2066 2046 2047
f 2066 2050 2046
f 2066 2047 2067
f 2066 2063 2050
f 2068 2048 2060
f 2068 2047 2048
f 2068 2067 2047
f 2069 2059 2070
f 2069 2070 2058
f 2069 2060 2059
f 2069 2068 2060
f 2069 2057 2068
f 2069 2058 2057
f 2071 2033 2032
f 2071 2032 2057
f 2071 2057 2056
f 2072 379 380
f 2072 380 381
f 2072 381 382
f 2072 2061 379
f 2073 382 383
f 2073 383 384
f 2073 2072 382
f 2074 2062 2061
f 2074 2054 2062
f 2075 2054 2074
f 2076 2049 2064
f 2076 2053 2052
f 2076 2054 2075
f 2076 2052 2054
f 2076 2064 2053
f 2077 2051 2063
f 2077 2065 2051
f 2077 2063 2066
f 2078 2057 2065
f 2078 2065 2077
f 2078 2068 2057
f 2079 2071 2056
f 2080 2079 2056
f 2081 2056 2055
f 2081 2070 2059
f 2081 2058 2070
f 2081 2080 2056
f 2081 2055 2058
f 2082 2034 2033
f 2082 2035 2034
f 2082 2036 2035
f 2082 2033 2071
f 2083 2037 2036
f 2083 2036 2082
f 2084 384 385
f 2084 385 386
f 2084 386 387
f 2084 387 388
f 2084 2049 2076
f 2084 388 2049
f 2084 2073 384
f 2085 2066 2067
f 2085 2077 2066
f 2085 2078 2077
f 2085 2068 2078
f 2085 2067 2068
f 2086 2059 2042
f 2086 2042 2041
f 2086 2081 2059
f 2087 2086 2041
f 2087 2038 2037
f 2087 2039 2038
f 2087 2040 2039
f 2087 2041 2040
f 2087 2037 2083
f 2087 2083 2086
f 2088 2061 2072
f 2088 2072 2073
f 2088 2076 2075
f 2088 2075 2074
f 2088 2073 2084
f 2088 2084 2076
f 2088 2074 2061
f 2089 2071 2079
f 2089 2079 2080
f 2089 2080 2081
f 2089 2082 2071
f 2089 2083 2082
f 2089 2086 2083
f 2089 2081 2086
f 2103 274 275
f 2103 275 276
f 2104 2019 274
f 2104 274 2103
f 2105 2103 2106
f 2105 2104 2103
f 2107 2091 2019
f 2107 2092 2091
f 2107 2093 2092
f 2107 2019 2104
f 2108 2109 2110
f 2108 2111 287
f 2108 2110 2111
f 2112 2094 2093
f 2112 2095 2094
f 2112 2093 2107
f 2112 2107 2113
f 2114 2115 2116
f 2117 2114 2116
f 2118 276 277
f 2118 277 278
f 2118 278 279
f 2118 2103 276
f 2119 2103 2118
f 2119 2106 2103
f 2120 2119 2121
f 2120 2106 2119
f 2120 2109 2108
f 2120 2108 2105
f 2120 2105 2106
f 2120 2121 2109
f 2122 2107 2104
f 2122 2108 2116
f 2122 2105 2108
f 2122 2113 2107
f 2122 2104 2105
f 2123 2122 2116
f 2123 2113 2122
f 2123 2112 2113
f 2123 2124 2112
f 2123 2116 2115
f 2123 2115 2124
f 2125 2117 2116
f 2125 287 2090
f 2125 2108 287
f 2125 2116 2108
f 2126 2090 2102
f 2126 2125 2090
f 2127 2118 279
f 2127 2119 2118
f 2128 2115 2114
f 2128 2114 2117
f 2128 2112 2124
f 2128 2124 2115
f 2129 2125 2126
f 2129 2128 2117
f 2129 2126 2128
f 2129 2117 2125
f 2130 2096 2095
f 2130 2097 2096
f 2130 2098 2097
f 2130 2099 2098
f 2130 2112 2128
f 2130 2128 2126
f 2130 2095 2112
f 2131 2130 2126
f 2131 2099 2130
f 2132 2100 2099
f 2132 2101 2100
f 2132 2102 2101
f 2132 2131 2126
f 2132 2126 2102
f 2132 2099 2131
f 2133 2121 2119
f 2133 2110 2109
f 2133 2109 2121
f 2133 2119 2127
f 2134 2127 279
f 2134 279 280
f 2134 280 281
f 2134 281 282
f 2134 2110 2133
f 2134 2133 2127
f 2134 2111 2110
f 2135 282 283
f 2135 283 284
f 2135 2134 282
f 2136 284 285
f 2136 285 286
f 2136 286 287
f 2136 2111 2134
f 2136 2134 2135
f 2136 287 2111
f 2136 2135 284
f 2140 375 376
f 2141 376 377
f 2141 377 378
f 2141 2140 376
f 2142 2137 375
f 2142 375 2140
f 2143 2142 2140
f 2143 2141 378
f 2143 2140 2141
f 2144 2138 2137
f 2144 2137 2142
f 2145 2139 2138
f 2145 2142 2143
f 2145 2138 2144
f 2145 2144 2142
f 2146 378 2032
f 2146 2032 2139
f 2146 2143 378
f 2146 2139 2145
f 2146 2145 2143
f 2150 287 288
f 2151 288 289
f 2151 289 290
f 2151 2150 288
f 2152 2090 287
f 2152 287 2150
f 2153 2152 2150
f 2153 2151 290
f 2153 2150 2151
f 2154 2148 2090
f 2154 2090 2152
f 2155 2149 2148
f 2155 2152 2153
f 2155 2148 2154
f 2155 2154 2152
f 2156 290 2147
f 2156 2147 2149
f 2156 2153 290
f 2156 2149 2155
f 2156 2155 2153
f 2170 362 363
f 2170 363 364
f 2171 2157 362
f 2171 362 2170
f 2172 2158 2157
f 2172 2159 2158
f 2172 2160 2159
f 2172 2157 2171
f 2173 2174 2175
f 2173 2175 2176
f 2177 2161 2160
f 2177 2162 2161
f 2177 2160 2172
f 2177 2172 2178
f 2179 2180 2181
f 2182 2179 2181
f 2183 364 365
f 2183 365 366
f 2183 366 367
f 2183 2170 364
f 2184 374 375
f 2185 2170 2183
f 2185 2186 2170
f 2187 2173 2176
f 2187 2184 375
f 2188 2185 2189
f 2188 2186 2185
f 2188 2174 2173
f 2188 2189 2174
f 2190 2188 2173
f 2190 2170 2186
f 2190 2191 2171
f 2190 2171 2170
f 2190 2186 2188
f 2192 2190 2173
f 2192 2191 2190
f 2192 2172 2171
f 2192 2173 2181
f 2192 2178 2172
f 2192 2171 2191
f 2193 2192 2181
f 2193 2178 2192
f 2193 2177 2178
f 2193 2194 2177
f 2193 2181 2180
f 2193 2180 2194
f 2195 2182 2181
f 2195 375 2137
f 2195 2173 2187
f 2195 2181 2173
f 2195 2187 375
f 2196 2195 2137
f 2196 2137 2169
f 2197 367 368
f 2197 368 369
f 2197 369 370
f 2197 370 371
f 2198 2197 371
f 2199 2189 2185
f 2199 2183 367
f 2199 2185 2183
f 2200 371 372
f 2200 372 373
f 2200 373 374
f 2200 2198 371
f 2200 374 2184
f 2201 2180 2179
f 2201 2179 2182
f 2201 2177 2194
f 2201 2194 2180
f 2202 2182 2195
f 2202 2195 2196
f 2202 2196 2201
f 2202 2201 2182
f 2203 2163 2162
f 2203 2164 2163
f 2203 2165 2164
f 2203 2166 2165
f 2203 2201 2196
f 2203 2177 2201
f 2203 2162 2177
f 2204 2166 2203
f 2204 2203 2196
f 2205 2167 2166
f 2205 2168 2167
f 2205 2169 2168
f 2205 2196 2169
f 2205 2204 2196
f 2205 2166 2204
f 2206 2175 2174
f 2206 2176 2175
f 2206 2199 367
f 2206 2174 2189
f 2206 2189 2199
f 2206 367 2197
f 2207 2176 2206
f 2207 2184 2187
f 2207 2187 2176
f 2207 2197 2198
f 2207 2200 2184
f 2207 2198 2200
f 2207 2206 2197
f 2222 301 302
f 2222 302 303
f 2222 303 304
f 2223 304 2208
f 2223 2222 304
f 2224 2220 2219
f 2224 2221 2220
f 2224 2208 2221
f 2224 2223 2208
f 2225 300 301
f 2225 301 2222
f 2226 2227 2228
f 2229 2226 2228
f 2230 2219 2218
f 2230 2224 2219
f 2230 2231 2224
f 2232 290 291
f 2232 291 292
f 2233 2225 2222
f 2233 2222 2234
f 2235 2234 2222
f 2236 2224 2231
f 2236 2223 2224
f 2236 2237 2223
f 2238 2239 2229
f 2238 2231 2230
f 2238 2236 2231
f 2238 2230 2239
f 2238 2228 2236
f 2238 2229 2228
f 2240 2228 2227
f 2241 2209 2147
f 2241 2147 2240
f 2242 292 293
f 2242 293 294
f 2242 294 295
f 2242 2232 292
f 2243 2232 2242
f 2243 2242 295
f 2244 295 296
f 2244 296 297
f 2244 2243 295
f 2244 2232 2243
f 2245 2246 2247
f 2245 2232 2244
f 2245 2248 2249
f 2245 2249 2246
f 2245 2247 2232
f 2245 2225 2248
f 2250 2247 2246
f 2250 2246 2249
f 2250 290 2232
f 2250 2232 2247
f 2251 2240 2227
f 2251 2241 2240
f 2252 2251 2227
f 2253 2229 2239
f 2253 2252 2227
f 2253 2239 2230
f 2253 2227 2226
f 2253 2226 2229
f 2254 2210 2209
f 2254 2211 2210
f 2254 2212 2211
f 2254 2209 2241
f 2255 2213 2212
f 2255 2212 2254
f 2256 2245 2244
f 2256 297 298
f 2256 298 299
f 2256 299 300
f 2256 2244 297
f 2256 2225 2245
f 2256 300 2225
f 2257 2249 2248
f 2257 2250 2249
f 2257 2225 2233
f 2257 2248 2225
f 2258 2234 2235
f 2258 2233 2234
f 2259 2258 2235
f 2259 2228 2240
f 2259 2237 2236
f 2259 2236 2228
f 2260 2218 2217
f 2260 2253 2230
f 2260 2230 2218
f 2261 2214 2213
f 2261 2215 2214
f 2261 2216 2215
f 2261 2217 2216
f 2261 2213 2255
f 2261 2255 2260
f 2261 2260 2217
f 2262 2147 290
f 2262 290 2250
f 2262 2259 2240
f 2262 2258 2259
f 2262 2240 2147
f 2263 2222 2223
f 2263 2235 2222
f 2263 2223 2237
f 2264 2252 2253
f 2264 2251 2252
f 2264 2241 2251
f 2264 2254 2241
f 2264 2255 2254
f 2264 2253 2260
f 2264 2260 2255
f 2265 2262 2250
f 2265 2250 2257
f 2265 2257 2233
f 2265 2233 2258
f 2265 2258 2262
f 2266 2259 2235
f 2266 2237 2259
f 2266 2235 2263
f 2266 2263 2237
f 2273 356 357
f 2274 2267 356
f 2274 356 2273
f 2275 357 358
f 2275 358 359
f 2275 359 360
f 2275 360 361
f 2275 361 362
f 2275 2273 357
f 2276 2268 2267
f 2276 2267 2274
f 2277 2273 2275
f 2277 2274 2273
f 2277 2275 362
f 2278 2269 2268
f 2278 2270 2269
f 2278 2274 2277
f 2278 2276 2274
f 2278 2268 2276
f 2279 362 2157
f 2279 2271 2270
f 2279 2272 2271
f 2279 2157 2272
f 2279 2278 2277
f 2279 2277 362
f 2279 2270 2278
f 2286 304 305
f 2286 305 306
f 2287 306 307
f 2287 307 308
f 2287 308 309
f 2287 309 310
f 2287 2286 306
f 2288 2208 304
f 2288 304 2286
f 2289 310 2280
f 2289 2288 2286
f 2289 2287 310
f 2289 2286 2287
f 2290 2281 2208
f 2290 2282 2281
f 2290 2208 2288
f 2291 2283 2282
f 2291 2284 2283
f 2291 2285 2284
f 2291 2280 2285
f 2291 2282 2290
f 2291 2288 2289
f 2291 2289 2280
f 2291 2290 2288
f 2293 355 356
f 2293 2294 355
f 2295 2292 355
f 2295 355 2294
f 2296 2295 2294
f 2296 2293 356
f 2296 2294 2293
f 2297 2292 2295
f 2298 2267 2292
f 2298 2295 2296
f 2298 2292 2297
f 2298 2297 2295
f 2299 356 2267
f 2299 2296 356
f 2299 2267 2298
f 2299 2298 2296
f 2303 310 311
f 2304 311 312
f 2304 312 313
f 2304 2303 311
f 2305 2280 310
f 2305 310 2303
f 2306 2305 2303
f 2306 2304 313
f 2306 2303 2304
f 2307 2301 2280
f 2307 2280 2305
f 2308 2302 2301
f 2308 2305 2306
f 2308 2301 2307
f 2308 2307 2305
f 2309 313 2300
f 2309 2300 2302
f 2309 2306 313
f 2309 2302 2308
f 2309 2308 2306
f 2316 349 350
f 2316 350 351
f 2317 351 352
f 2317 352 353
f 2317 353 354
f 2317 354 355
f 2317 2316 351
f 2318 2310 349
f 2318 349 2316
f 2319 355 2292
f 2319 2318 2316
f 2319 2317 355
f 2319 2316 2317
f 2320 2311 2310
f 2320 2312 2311
f 2320 2310 2318
f 2321 2313 2312
f 2321 2314 2313
f 2321 2315 2314
f 2321 2292 2315
f 2321 2312 2320
f 2321 2318 2319
f 2321 2319 2292
f 2321 2320 2318
f 2328 313 314
f 2329 2300 313
f 2329 313 2328
f 2330 314 315
f 2330 315 316
f 2330 316 317
f 2330 317 318
f 2330 318 319
f 2330 2328 314
f 2331 2323 2300
f 2331 2300 2329
f 2332 2328 2330
f 2332 2329 2328
f 2332 2330 319
f 2333 2324 2323
f 2333 2325 2324
f 2333 2329 2332
f 2333 2331 2329
f 2333 2323 2331
f 2334 319 2322
f 2334 2326 2325
f 2334 2327 2326
f 2334 2322 2327
f 2334 2333 2332
f 2334 2332 319
f 2334 2325 2333
f 2349 346 347
f 2349 347 348
f 2349 348 349
f 2350 349 2310
f 2350 2349 349
f 2351 2347 2346
f 2351 2348 2347
f 2351 2310 2348
f 2351 2350 2310
f 2351 2352 2350
f 2351 2353 2352
f 2354 345 346
f 2354 2349 2355
f 2354 346 2349
f 2356 2357 2358
f 2356 2359 2357
f 2360 2361 2362
f 2363 2360 2362
f 2364 2346 2345
f 2364 2351 2346
f 2364 2353 2351
f 2365 335 336
f 2366 2359 2356
f 2366 335 2365
f 2367 2354 2355
f 2367 2368 2354
f 2367 2356 2358
f 2367 2358 2368
f 2369 2335 335
f 2369 2366 2356
f 2369 335 2366
f 2370 2355 2349
f 2370 2367 2355
f 2371 2364 2372
f 2371 2372 2363
f 2371 2353 2364
f 2371 2352 2353
f 2371 2362 2352
f 2371 2363 2362
f 2373 2335 2369
f 2373 2369 2362
f 2373 2362 2361
f 2374 2336 2335
f 2374 2335 2373
f 2375 336 337
f 2375 337 338
f 2375 338 339
f 2375 2365 336
f 2376 339 340
f 2376 2375 339
f 2377 2366 2365
f 2377 2359 2366
f 2378 2359 2377
f 2379 2354 2368
f 2379 2358 2357
f 2379 2359 2378
f 2379 2357 2359
f 2379 2368 2358
f 2380 2356 2367
f 2380 2369 2356
f 2380 2367 2370
f 2381 2352 2362
f 2382 2373 2361
f 2382 2374 2373
f 2383 2382 2361
f 2384 2361 2360
f 2384 2372 2364
f 2384 2363 2372
f 2384 2383 2361
f 2384 2360 2363
f 2385 2337 2336
f 2385 2338 2337
f 2385 2339 2338
f 2385 2336 2374
f 2386 2340 2339
f 2386 2339 2385
f 2387 340 341
f 2387 341 342
f 2387 342 343
f 2387 343 344
f 2387 2376 340
f 2388 344 345
f 2388 2354 2379
f 2388 345 2354
f 2388 2387 344
f 2388 2376 2387
f 2389 2362 2369
f 2389 2370 2381
f 2389 2380 2370
f 2389 2381 2362
f 2389 2369 2380
f 2390 2370 2349
f 2390 2349 2350
f 2390 2350 2352
f 2391 2364 2345
f 2391 2345 2344
f 2391 2384 2364
f 2392 2391 2344
f 2392 2341 2340
f 2392 2342 2341
f 2392 2343 2342
f 2392 2344 2343
f 2392 2340 2386
f 2392 2386 2391
f 2393 2376 2388
f 2393 2365 2375
f 2393 2375 2376
f 2393 2379 2378
f 2393 2378 2377
f 2393 2388 2379
f 2393 2377 2365
f 2394 2381 2370
f 2394 2370 2390
f 2394 2352 2381
f 2394 2390 2352
f 2395 2374 2382
f 2395 2382 2383
f 2395 2383 2384
f 2395 2385 2374
f 2395 2386 2385
f 2395 2391 2386
f 2395 2384 2391
f 2409 319 320
f 2409 320 321
f 2409 321 322
f 2410 2322 319
f 2410 319 2409
f 2411 2397 2322
f 2411 2398 2397
f 2411 2399 2398
f 2411 2322 2410
f 2412 323 324
f 2412 324 325
f 2412 325 326
f 2412 326 327
f 2413 327 328
f 2413 2412 327
f 2414 2413 328
f 2415 328 329
f 2415 329 330
f 2415 330 331
f 2415 331 332
f 2415 2414 328
f 2416 2413 2414
f 2416 2415 332
f 2416 2414 2415
f 2417 2400 2399
f 2417 2401 2400
f 2417 2399 2411
f 2417 2411 2418
f 2419 2420 2421
f 2422 2419 2421
f 2423 322 323
f 2423 2409 322
f 2423 2424 2409
f 2423 323 2412
f 2425 2424 2423
f 2425 2423 2412
f 2425 2413 2416
f 2425 2412 2413
f 2426 2424 2425
f 2426 2425 2416
f 2426 2409 2424
f 2426 2427 2410
f 2426 2410 2409
f 2428 2427 2426
f 2428 2411 2410
f 2428 2416 2421
f 2428 2426 2416
f 2428 2418 2411
f 2428 2410 2427
f 2429 2428 2421
f 2429 2418 2428
f 2429 2417 2418
f 2429 2430 2417
f 2429 2421 2420
f 2429 2420 2430
f 2431 2422 2421
f 2431 332 2396
f 2431 2416 332
f 2431 2421 2416
f 2432 2396 2408
f 2432 2431 2396
f 2433 2420 2419
f 2433 2419 2422
f 2433 2417 2430
f 2433 2430 2420
f 2434 2422 2431
f 2434 2432 2433
f 2434 2433 2422
f 2434 2431 2432
f 2435 2402 2401
f 2435 2403 2402
f 2435 2404 2403
f 2435 2405 2404
f 2435 2433 2432
f 2435 2417 2433
f 2435 2401 2417
f 2436 2435 2432
f 2436 2405 2435
f 2437 2406 2405
f 2437 2407 2406
f 2437 2408 2407
f 2437 2436 2432
f 2437 2405 2436
f 2437 2432 2408
f 2440 332 333
f 2441 333 334
f 2441 334 335
f 2441 2440 333
f 2442 2396 332
f 2442 332 2440
f 2443 2442 2440
f 2443 2441 335
f 2443 2440 2441
f 2444 2438 2396
f 2444 2396 2442
f 2445 2439 2438
f 2445 2442 2443
f 2445 2438 2444
f 2445 2444 2442
f 2446 335 2335
f 2446 2335 2439
f 2446 2443 335
f 2446 2439 2445
f 2446 2445 2443
f 2448 583 2447
f 2448 584 583
f 2448 585 584
f 2449 585 2448
f 2450 586 585
f 2450 587 586
f 2450 585 2449
f 2451 588 587
f 2451 587 2450
f 2452 589 588
f 2452 588 2451
f 2453 589 2452
f 2453 590 589
f 2454 590 2453
f 2455 590 2454
f 2455 591 590
f 2456 591 2455
f 2456 592 591
f 2456 593 592
f 2457 593 2456
f 2458 593 2457
f 2458 594 593
f 2459 594 2458
f 2459 595 594
f 2460 595 2459
f 2460 596 595
f 2461 596 2460
f 2461 597 596
f 2461 598 597
f 2462 598 2461
f 2463 598 2462
f 2463 599 598
f 2464 599 2463
f 2464 600 599
f 2464 601 600
f 2465 601 2464
f 2466 602 601
f 2466 601 2465
f 2467 603 602
f 2467 602 2466
f 2468 604 603
f 2468 603 2467
f 2469 605 604
f 2469 604 2468
f 2470 606 605
f 2470 605 2469
f 2471 607 606
f 2471 608 607
f 2471 606 2470
f 2472 608 2471
f 2473 609 608
f 2473 608 2472
f 2474 610 609
f 2474 611 610
f 2474 609 2473
f 2475 611 2474
f 2476 612 611
f 2476 611 2475
f 2477 613 612
f 2477 614 613
f 2477 612 2476
f 2478 614 2477
f 2479 615 614
f 2479 614 2478
f 2480 615 2479
f 2480 616 615
f 2481 616 2480
f 2481 617 616
f 2482 617 2481
f 2482 618 617
f 2447 618 2482
f 2447 583 618
f 2497 631 632
f 2497 632 619
f 2498 619 2483
f 2498 2497 619
f 2499 2495 2494
f 2499 2496 2495
f 2499 2483 2496
f 2499 2498 2483
f 2500 629 630
f 2501 2502 2503
f 2504 2501 2503
f 2505 2494 2493
f 2505 2499 2494
f 2505 2506 2499
f 2507 6 620
f 2507 620 621
f 2508 2509 2507
f 2508 2510 2509
f 2508 2500 2510
f 2511 2499 2506
f 2511 2498 2499
f 2511 2512 2498
f 2513 2505 2514
f 2513 2503 2511
f 2513 2511 2506
f 2513 2504 2503
f 2513 2514 2504
f 2513 2506 2505
f 2515 2503 2502
f 2516 2484 680
f 2516 680 2515
f 2517 621 622
f 2517 622 623
f 2517 623 624
f 2517 2508 2507
f 2517 2507 621
f 2518 624 625
f 2518 2517 624
f 2518 2508 2517
f 2519 2500 2508
f 2519 625 626
f 2519 626 627
f 2519 627 628
f 2519 628 629
f 2519 2508 2518
f 2519 629 2500
f 2519 2518 625
f 2520 2507 2509
f 2520 2509 2510
f 2520 2510 2500
f 2521 2520 2522
f 2523 680 6
f 2523 2507 2520
f 2523 2511 2503
f 2523 2503 2515
f 2523 6 2507
f 2523 2515 680
f 2523 2520 2521
f 2524 2515 2502
f 2524 2516 2515
f 2525 2524 2502
f 2526 2514 2505
f 2526 2525 2502
f 2526 2502 2501
f 2526 2501 2504
f 2526 2504 2514
f 2527 2485 2484
f 2527 2486 2485
f 2527 2487 2486
f 2527 2484 2516
f 2528 2488 2487
f 2528 2487 2527
f 2529 630 631
f 2529 2522 2520
f 2529 2520 2500
f 2529 2500 630
f 2529 2497 2522
f 2529 631 2497
f 2530 2521 2522
f 2531 2522 2497
f 2531 2530 2522
f 2532 2512 2511
f 2533 2497 2498
f 2533 2531 2497
f 2533 2512 2532
f 2533 2498 2512
f 2534 2526 2505
f 2534 2493 2492
f 2534 2505 2493
f 2535 2489 2488
f 2535 2490 2489
f 2535 2491 2490
f 2535 2492 2491
f 2535 2488 2528
f 2535 2528 2534
f 2535 2534 2492
f 2536 2537 2523
f 2536 2523 2521
f 2536 2530 2537
f 2536 2521 2530
f 2538 2523 2537
f 2538 2511 2523
f 2538 2532 2511
f 2539 2537 2530
f 2539 2538 2537
f 2539 2530 2531
f 2539 2531 2533
f 2539 2533 2532
f 2539 2532 2538
f 2540 2524 2525
f 2540 2516 2524
f 2540 2525 2526
f 2540 2527 2516
f 2540 2526 2534
f 2540 2528 2527
f 2540 2534 2528
f 2897 2898 2899
f 2857 2855 2856
f 2852 2853 2854
f 2852 2854 2855
f 2852 2855 2857
f 2900 2896 2897
f 2900 2897 2899
f 2851 2857 2858
f 2851 2852 2857
f 2901 2895 2896
f 2901 2896 2900
f 2850 2858 2859
f 2850 2851 2858
f 2863 2861 2862
f 2891 2892 2893
f 2864 2861 2863
f 2864 2860 2861
f 2902 2894 2895
f 2902 2895 2901
f 2849 2859 2860
f 2849 2850 2859
f 2890 2891 2893
f 2865 2860 2864
f 2903 2894 2902
f 2903 2890 2893
f 2903 2893 2894
f 2848 2849 2860
f 2906 2904 2905
f 2846 2847 2848
f 2907 2904 2906
f 2907 2903 2904
f 2845 2860 2865
f 2845 2848 2860
f 2845 2846 2848
f 2908 2903 2907
f 2908 2889 2890
f 2908 2890 2903
f 2844 2845 2865
f 2844 2865 2866
f 2942 2940 2941
f 2843 2844 2866
f 2909 2889 2908
f 2909 2887 2888
f 2909 2888 2889
f 2910 2887 2909
f 2842 2866 2867
f 2842 2843 2866
f 2469 2872 2873
f 2469 2873 2874
f 2469 2874 2875
f 2469 2875 2876
f 2470 2469 2876
f 2470 2876 2877
f 2470 2877 2878
f 2470 2878 2879
f 2470 2879 2880
f 2470 2880 2881
f 2818 2816 2817
f 2934 2935 2936
f 2819 2816 2818
f 2819 2815 2816
f 2809 2810 2811
f 2809 2811 2812
f 2933 2934 2936
f 2468 2836 2837
f 2468 2837 2838
f 2468 2838 2839
f 2468 2839 2840
f 2468 2840 2841
f 2468 2841 2842
f 2468 2867 2868
f 2468 2868 2869
f 2468 2869 2870
f 2468 2872 2469
f 2468 2870 2871
f 2468 2871 2872
f 2468 2842 2867
f 2471 2470 2881
f 2471 2881 2882
f 2471 2882 2883
f 2471 2883 2884
f 2471 2884 2885
f 2471 2885 2886
f 2471 2886 2887
f 2471 2887 2910
f 2471 2910 2911
f 2471 2911 2912
f 2471 2912 2913
f 2471 2913 2914
f 2471 2914 2915
f 2943 2939 2940
f 2943 2940 2942
f 2820 2815 2819
f 2467 2831 2832
f 2467 2832 2833
f 2467 2833 2834
f 2467 2834 2835
f 2467 2835 2836
f 2467 2836 2468
f 2472 2471 2915
f 2472 2915 2916
f 2472 2916 2917
f 2472 2917 2918
f 2472 2918 2919
f 2808 2809 2812
f 2808 2812 2813
f 2920 2472 2919
f 2944 2938 2939
f 2944 2939 2943
f 2807 2808 2813
f 2807 2813 2814
f 2466 2827 2828
f 2466 2828 2829
f 2466 2829 2830
f 2466 2830 2831
f 2466 2831 2467
f 2473 2472 2920
f 2473 2920 2921
f 2473 2921 2922
f 2473 2922 2923
f 2473 2923 2924
f 2945 2937 2938
f 2945 2938 2944
f 2806 2807 2814
f 2806 2814 2815
f 2946 2936 2937
f 2946 2937 2945
f 2946 2933 2936
f 2805 2806 2815
f 2949 2947 2948
f 2803 2804 2805
f 2950 2946 2947
f 2950 2947 2949
f 2802 2805 2815
f 2802 2803 2805
f 2802 2815 2820
f 2951 2932 2933
f 2951 2933 2946
f 2951 2946 2950
f 2801 2802 2820
f 2801 2820 2821
f 2465 2825 2826
f 2465 2826 2827
f 2465 2827 2466
f 2465 2822 2823
f 2465 2823 2824
f 2465 2824 2825
f 2474 2926 2927
f 2474 2927 2928
f 2474 2928 2929
f 2474 2929 2930
f 2474 2473 2924
f 2474 2924 2925
f 2474 2925 2926
f 2800 2801 2821
f 2952 2930 2931
f 2952 2931 2932
f 2952 2932 2951
f 2953 2930 2952
f 2953 2474 2930
f 2799 2822 2465
f 2799 2800 2821
f 2799 2821 2822
f 2798 2799 2465
f 2954 2474 2953
f 2797 2798 2465
f 2955 2474 2954
f 2796 2797 2465
f 2956 2474 2955
f 2795 2796 2465
f 2957 2474 2956
f 2794 2795 2465
f 2793 2794 2465
f 2958 2474 2957
f 2464 2793 2465
f 2464 2790 2791
f 2464 2791 2792
f 2464 2792 2793
f 2475 2958 2959
f 2475 2959 2960
f 2475 2960 2961
f 2475 2474 2958
f 2962 2475 2961
f 2789 2790 2464
f 2775 2773 2774
f 2977 2978 2979
f 2776 2772 2773
f 2776 2773 2775
f 2976 2977 2979
f 2777 2772 2776
f 2767 2768 2769
f 2463 2789 2464
f 2463 2788 2789
f 2476 2475 2962
f 2476 2962 2963
f 2964 2476 2963
f 2787 2788 2463
f 2786 2787 2463
f 2965 2476 2964
f 2785 2786 2463
f 2966 2476 2965
f 2784 2785 2463
f 2967 2476 2966
f 2985 2983 2984
f 2764 2767 2769
f 2764 2765 2766
f 2764 2766 2767
f 2986 2983 2985
f 2986 2982 2983
f 2462 2779 2780
f 2462 2780 2781
f 2462 2781 2782
f 2462 2782 2783
f 2462 2783 2784
f 2462 2784 2463
f 2477 2476 2967
f 2477 2967 2968
f 2477 2968 2969
f 2477 2969 2970
f 2477 2970 2971
f 2477 2971 2972
f 2477 2972 2973
f 2763 2769 2770
f 2763 2764 2769
f 2987 2982 2986
f 2987 2981 2982
f 2762 2770 2771
f 2762 2763 2770
f 2988 2981 2987
f 2988 2980 2981
f 2761 2771 2772
f 2761 2762 2771
f 2996 2477 2973
f 2754 2778 2779
f 2754 2779 2462
f 2995 2996 2973
f 2995 2973 2974
f 2995 2974 2975
f 2755 2778 2754
f 2753 2754 2462
f 2997 2477 2996
f 2752 2753 2462
f 2998 2477 2997
f 2751 2752 2462
f 2999 2477 2998
f 2750 2751 2462
f 2756 2777 2778
f 2756 2778 2755
f 3000 2477 2999
f 2989 2980 2988
f 2989 2979 2980
f 2989 2976 2979
f 2749 2750 2462
f 2760 2761 2772
f 2994 2995 2975
f 2994 2975 2976
f 2994 2976 2989
f 2748 2749 2462
f 3001 2477 3000
f 2757 2760 2772
f 2757 2772 2777
f 2757 2777 2756
f 2993 2989 2990
f 2993 2994 2989
f 2992 2990 2991
f 2992 2993 2990
f 2758 2759 2760
f 2758 2760 2757
f 2461 2745 2746
f 2461 2746 2747
f 2461 2747 2748
f 2461 2748 2462
f 2478 2477 3001
f 2478 3001 3002
f 2478 3002 3003
f 2478 3003 3004
f 2744 2745 2461
f 3005 2478 3004
f 2743 2744 2461
f 2460 2743 2461
f 2479 2478 3005
f 2479 3005 3006
f 3007 2479 3006
f 2742 2743 2460
f 2741 2742 2460
f 3008 2479 3007
f 2740 2741 2460
f 3009 2479 3008
f 2739 2740 2460
f 3010 2479 3009
f 2728 2729 2730
f 2728 2730 2731
f 3022 3019 3020
f 3022 3020 3021
f 2727 2731 2732
f 2727 2728 2731
f 2459 2734 2735
f 2459 2735 2736
f 2459 2736 2737
f 2459 2737 2738
f 2459 2738 2739
f 2459 2739 2460
f 2480 2479 3010
f 2480 3010 3011
f 2480 3011 3012
f 2480 3012 3013
f 2480 3013 3014
f 2480 3014 3015
f 2480 3015 3016
f 3028 3026 3027
f 2722 2723 2724
f 711 2480 710
f 2707 2459 2706
f 2705 2706 2459
f 712 2480 711
f 709 710 2480
f 2708 2459 2707
f 2704 2705 2459
f 2709 2733 2734
f 2709 2459 2708
f 2709 2734 2459
f 708 709 2480
f 708 2480 3016
f 2703 2704 2459
f 713 2480 712
f 707 3016 3017
f 707 708 3016
f 707 3017 3018
f 2710 2733 2709
f 2458 2703 2459
f 2458 2700 2701
f 2458 2701 2702
f 2458 2702 2703
f 2481 713 714
f 2481 714 715
f 2481 715 679
f 2481 2480 713
f 3029 3026 3028
f 2711 2732 2733
f 2711 2733 2710
f 706 707 3018
f 706 3018 3019
f 2712 2727 2732
f 2712 2732 2711
f 2699 2700 2458
f 2719 2722 2724
f 2719 2720 2721
f 2719 2721 2722
f 3031 3029 3030
f 3031 3026 3029
f 3031 3025 3026
f 3035 703 704
f 3035 704 705
f 2715 2727 2712
f 2715 2712 2713
f 2715 2713 2714
f 3034 705 706
f 3034 3019 3022
f 3034 3035 705
f 3034 3022 3023
f 3034 706 3019
f 2718 2724 2725
f 2718 2719 2724
f 2716 2726 2727
f 2716 2727 2715
f 3033 3023 3024
f 3033 3034 3023
f 3032 3033 3024
f 3032 3025 3031
f 3032 3024 3025
f 2717 2725 2726
f 2717 2718 2725
f 2717 2726 2716
f 681 2481 679
f 2698 2699 2458
f 2457 2698 2458
f 2482 2481 681
f 682 2482 681
f 2697 2698 2457
f 680 2482 682
f 2696 2697 2457
f 2484 2482 680
f 2695 2696 2457
f 2485 2482 2484
f 2694 2695 2457
f 2486 2482 2485
f 2456 2694 2457
f 2456 2689 2690
f 2456 2690 2691
f 2456 2691 2692
f 2456 2692 2693
f 2456 2693 2694
f 2447 2486 2487
f 2447 2487 2488
f 2447 2488 2489
f 2447 2489 2490
f 2447 2490 2491
f 2447 2491 2492
f 2447 2482 2486
f 2683 2684 2685
f 2683 2685 2686
f 2541 2495 2496
f 2541 2496 2483
f 2682 2686 2687
f 2682 2683 2686
f 2660 2456 2455
f 2660 2661 2456
f 2565 2448 2447
f 2565 2447 2564
f 2662 2456 2661
f 2563 2564 2447
f 2659 2660 2455
f 2663 2456 2662
f 2566 2448 2565
f 2562 2563 2447
f 2658 2659 2455
f 2664 2456 2663
f 2567 2448 2566
f 2561 2562 2447
f 2665 2456 2664
f 2568 2448 2567
f 2657 2658 2455
f 2666 2689 2456
f 2666 2688 2689
f 2666 2456 2665
f 2560 2561 2447
f 2560 2447 2492
f 2559 2492 2493
f 2559 2493 2494
f 2559 2560 2492
f 2667 2688 2666
f 2656 2657 2455
f 2569 2449 2448
f 2569 2448 2568
f 2668 2688 2667
f 2668 2687 2688
f 2655 2455 2454
f 2655 2656 2455
f 2570 2449 2569
f 2558 2494 2495
f 2558 2559 2494
f 2669 2682 2687
f 2669 2687 2668
f 2571 2449 2570
f 2654 2655 2454
f 2653 2654 2454
f 2572 2449 2571
f 2652 2653 2454
f 2573 2449 2572
f 2651 2454 2453
f 2651 2652 2454
f 2574 2450 2449
f 2574 2449 2573
f 2575 2450 2574
f 2650 2651 2453
f 2576 2450 2575
f 2649 2650 2453
f 2577 2450 2576
f 2648 2649 2453
f 2578 2450 2577
f 2647 2648 2453
f 2579 2450 2578
f 2554 2555 2556
f 2554 2556 2557
f 2580 2450 2579
f 2646 2647 2453
f 2672 2669 2670
f 2672 2670 2671
f 2672 2682 2669
f 2553 2554 2557
f 2553 2541 2542
f 2553 2557 2558
f 2553 2558 2495
f 2553 2495 2541
f 2673 2681 2682
f 2673 2682 2672
f 2552 2542 2543
f 2552 2553 2542
f 2609 2610 2451
f 2614 2615 2452
f 2611 2451 2610
f 2616 2452 2615
f 2608 2451 2450
f 2608 2609 2451
f 2617 2452 2616
f 2617 2453 2452
f 2618 2453 2617
f 2607 2608 2450
f 2613 2614 2452
f 2612 2613 2452
f 2612 2452 2451
f 2612 2451 2611
f 2619 2453 2618
f 2606 2607 2450
f 2620 2453 2619
f 2605 2606 2450
f 2621 2453 2620
f 2604 2605 2450
f 2622 2453 2621
f 2674 2681 2673
f 2674 2680 2681
f 2623 2646 2453
f 2623 2645 2646
f 2623 2453 2622
f 2603 2450 2580
f 2603 2604 2450
f 2551 2543 2544
f 2551 2552 2543
f 2547 2545 2546
f 2602 2580 2581
f 2602 2581 2582
f 2602 2603 2580
f 2624 2645 2623
f 2675 2679 2680
f 2675 2680 2674
f 2548 2545 2547
f 2550 2544 2545
f 2550 2551 2544
f 2550 2545 2548
f 2676 2679 2675
f 2676 2678 2679
f 2625 2644 2645
f 2625 2645 2624
f 2549 2550 2548
f 2677 2678 2676
f 2640 2641 2642
f 2640 2642 2643
f 2586 2583 2584
f 2586 2584 2585
f 2639 2640 2643
f 2639 2643 2644
f 2601 2582 2583
f 2601 2602 2582
f 2626 2639 2644
f 2626 2644 2625
f 2597 2598 2599
f 2597 2599 2600
f 2629 2626 2627
f 2629 2627 2628
f 2629 2639 2626
f 2596 2583 2586
f 2596 2601 2583
f 2596 2597 2600
f 2596 2586 2587
f 2596 2600 2601
f 2630 2638 2639
f 2630 2639 2629
f 2595 2596 2587
f 2595 2587 2588
f 2631 2637 2638
f 2631 2638 2630
f 2594 2595 2588
f 2594 2588 2589
f 2632 2636 2637
f 2632 2637 2631
f 2593 2594 2589
f 2593 2589 2590
f 2633 2636 2632
f 2635 2636 2633
f 2592 2593 2590
f 2592 2590 2591
f 2634 2635 2633
f 3036 690 691
f 3037 3030 690
f 3037 690 3036
f 3038 691 692
f 3038 692 693
f 3038 693 694
f 3038 694 695
f 3038 695 17
f 3038 3036 691
f 3039 3031 3030
f 3039 3030 3037
f 3040 3036 3038
f 3040 3037 3036
f 3040 3038 17
f 3041 3032 3031
f 3041 3033 3032
f 3041 3037 3040
f 3041 3039 3037
f 3041 3031 3039
f 3042 17 703
f 3042 3034 3033
f 3042 3035 3034
f 3042 703 3035
f 3042 3041 3040
f 3042 3040 17
f 3042 3033 3041
f 3043 619 748
f 3043 748 749
f 3044 749 750
f 3044 750 751
f 3044 751 752
f 3044 752 747
f 3044 3043 749
f 3045 2483 619
f 3045 619 3043
f 3046 747 2546
f 3046 3045 3043
f 3046 3044 747
f 3046 3043 3044
f 3047 2541 2483
f 3047 2542 2541
f 3047 2483 3045
f 3048 2543 2542
f 3048 2544 2543
f 3048 2545 2544
f 3048 2546 2545
f 3048 2542 3047
f 3048 3045 3046
f 3048 3046 2546
f 3048 3047 3045
f 3049 759 690
f 3049 3050 759
f 3051 3027 759
f 3051 759 3050
f 3052 3051 3050
f 3052 3049 690
f 3052 3050 3049
f 3053 3028 3027
f 3053 3027 3051
f 3054 3029 3028
f 3054 3051 3052
f 3054 3028 3053
f 3054 3053 3051
f 3055 690 3030
f 3055 3030 3029
f 3055 3052 690
f 3055 3029 3054
f 3055 3054 3052
f 3056 747 767
f 3056 3057 747
f 3058 2546 747
f 3058 747 3057
f 3059 3058 3057
f 3059 3056 767
f 3059 3057 3056
f 3060 2547 2546
f 3060 2546 3058
f 3061 2548 2547
f 3061 3058 3059
f 3061 2547 3060
f 3061 3060 3058
f 3062 767 2549
f 3062 2549 2548
f 3062 3059 767
f 3062 2548 3061
f 3062 3061 3059
f 3063 775 776
f 3063 776 777
f 3064 777 778
f 3064 778 779
f 3064 779 780
f 3064 780 759
f 3064 3063 777
f 3065 3021 775
f 3065 775 3063
f 3066 759 3027
f 3066 3065 3063
f 3066 3064 759
f 3066 3063 3064
f 3067 3022 3021
f 3067 3023 3022
f 3067 3021 3065
f 3068 3024 3023
f 3068 3025 3024
f 3068 3026 3025
f 3068 3027 3026
f 3068 3023 3067
f 3068 3065 3066
f 3068 3066 3027
f 3068 3067 3065
f 3069 767 788
f 3070 2549 767
f 3070 767 3069
f 3071 788 789
f 3071 789 790
f 3071 790 791
f 3071 791 792
f 3071 792 787
f 3071 3069 788
f 3072 2550 2549
f 3072 2549 3070
f 3073 3069 3071
f 3073 3070 3069
f 3073 3071 787
f 3074 2551 2550
f 3074 2552 2551
f 3074 3070 3073
f 3074 3072 3070
f 3074 2550 3072
f 3075 787 2555
f 3075 2553 2552
f 3075 2554 2553
f 3075 2555 2554
f 3075 3074 3073
f 3075 3073 787
f 3075 2552 3074
f 3076 811 812
f 3076 812 813
f 3076 813 775
f 3077 775 3021
f 3077 3076 775
f 3078 3019 3018
f 3078 3020 3019
f 3078 3021 3020
f 3078 3077 3021
f 3079 3080 3081
f 3082 3080 3079
f 3083 810 811
f 3083 3076 3080
f 3083 3080 3082
f 3083 811 3076
f 3084 3085 3086
f 3087 3084 3086
f 3088 3018 3017
f 3088 3078 3018
f 3088 3089 3078
f 3090 800 801
f 3090 801 802
f 3091 3078 3089
f 3091 3077 3078
f 3091 3092 3077
f 3093 3094 3087
f 3093 3089 3088
f 3093 3086 3091
f 3093 3088 3094
f 3093 3091 3089
f 3093 3087 3086
f 3095 3086 3085
f 3096 3008 3007
f 3096 3007 3095
f 3097 802 803
f 3097 803 804
f 3097 804 805
f 3097 3098 3090
f 3097 3090 802
f 3099 3098 3097
f 3099 3097 805
f 3100 805 806
f 3100 806 807
f 3100 3098 3099
f 3100 3099 805
f 3101 3090 3098
f 3101 3098 3100
f 3101 3079 3081
f 3101 3081 3090
f 3101 3083 3082
f 3101 3082 3079
f 3102 3081 3080
f 3103 3007 800
f 3103 3091 3086
f 3103 3086 3095
f 3103 3081 3102
f 3103 3090 3081
f 3103 800 3090
f 3103 3095 3007
f 3104 3091 3103
f 3105 3095 3085
f 3105 3096 3095
f 3106 3105 3085
f 3106 3096 3105
f 3107 3087 3094
f 3107 3106 3085
f 3107 3096 3106
f 3107 3094 3088
f 3107 3085 3084
f 3107 3084 3087
f 3108 3009 3008
f 3108 3010 3009
f 3108 3011 3010
f 3108 3008 3096
f 3109 3012 3011
f 3109 3011 3108
f 3109 3096 3107
f 3109 3108 3096
f 3110 3100 807
f 3110 807 808
f 3110 808 809
f 3110 809 810
f 3110 810 3083
f 3110 3083 3101
f 3110 3101 3100
f 3111 3102 3080
f 3112 3080 3076
f 3112 3111 3080
f 3113 3091 3104
f 3113 3092 3091
f 3114 3076 3077
f 3114 3092 3113
f 3114 3077 3092
f 3114 3112 3076
f 3115 3013 3012
f 3115 3014 3013
f 3115 3015 3014
f 3115 3016 3015
f 3115 3017 3016
f 3115 3107 3088
f 3115 3012 3109
f 3115 3109 3107
f 3115 3088 3017
f 3116 3104 3103
f 3116 3103 3102
f 3116 3102 3111
f 3117 3104 3116
f 3117 3111 3112
f 3117 3116 3111
f 3118 3104 3117
f 3118 3112 3114
f 3118 3113 3104
f 3118 3117 3112
f 3118 3114 3113
f 3119 787 850
f 3119 850 851
f 3119 851 852
f 3120 2555 787
f 3120 787 3119
f 3121 2556 2555
f 3121 2557 2556
f 3121 2555 3120
f 3122 852 853
f 3122 853 854
f 3122 854 855
f 3122 855 856
f 3122 3119 852
f 3122 3123 3119
f 3124 856 857
f 3124 3122 856
f 3125 857 858
f 3125 3124 857
f 3126 3125 858
f 3127 858 859
f 3127 859 860
f 3127 860 861
f 3127 861 849
f 3127 3126 858
f 3128 3126 3127
f 3128 3125 3126
f 3128 3127 849
f 3129 3130 3131
f 3132 3129 3131
f 3133 3124 3125
f 3133 3125 3128
f 3133 3122 3124
f 3133 3123 3122
f 3134 3123 3133
f 3134 3119 3123
f 3134 3135 3120
f 3134 3120 3119
f 3134 3133 3128
f 3136 3134 3128
f 3136 3121 3120
f 3136 3137 3121
f 3136 3120 3135
f 3136 3135 3134
f 3136 3128 3131
f 3138 3137 3136
f 3138 3136 3131
f 3138 3130 3139
f 3138 3131 3130
f 3140 3138 3139
f 3140 3121 3137
f 3140 3137 3138
f 3141 3121 3140
f 3141 2558 2557
f 3141 2559 2558
f 3141 2560 2559
f 3141 2557 3121
f 3142 3132 3131
f 3142 849 2568
f 3142 3128 849
f 3142 3131 3128
f 3143 2568 2567
f 3143 3142 2568
f 3144 3141 3140
f 3144 2560 3141
f 3144 3140 3139
f 3145 3130 3129
f 3145 3129 3132
f 3145 3142 3143
f 3145 3132 3142
f 3146 2561 2560
f 3146 2562 2561
f 3146 2563 2562
f 3146 3145 3143
f 3146 2564 2563
f 3146 2560 3144
f 3147 2564 3146
f 3147 3146 3143
f 3148 2565 2564
f 3148 2566 2565
f 3148 2567 2566
f 3148 2564 3147
f 3148 3143 2567
f 3148 3147 3143
f 3149 3130 3145
f 3149 3144 3139
f 3149 3146 3144
f 3149 3145 3146
f 3149 3139 3130
f 3150 898 899
f 3151 899 900
f 3151 900 800
f 3151 3150 899
f 3152 3004 898
f 3152 898 3150
f 3153 3152 3150
f 3153 3151 800
f 3153 3150 3151
f 3154 3005 3004
f 3154 3004 3152
f 3155 3006 3005
f 3155 3152 3153
f 3155 3005 3154
f 3155 3154 3152
f 3156 800 3007
f 3156 3007 3006
f 3156 3153 800
f 3156 3006 3155
f 3156 3155 3153
f 3157 849 909
f 3158 909 910
f 3158 910 908
f 3158 3157 909
f 3159 2568 849
f 3159 849 3157
f 3160 3159 3157
f 3160 3158 908
f 3160 3157 3158
f 3161 2569 2568
f 3161 2568 3159
f 3162 2570 2569
f 3162 3159 3160
f 3162 2569 3161
f 3162 3161 3159
f 3163 908 2571
f 3163 2571 2570
f 3163 3160 908
f 3163 2570 3162
f 3163 3162 3160
f 3164 918 919
f 3164 919 920
f 3164 920 921
f 3165 2991 918
f 3165 918 3164
f 3166 3164 3167
f 3166 3165 3164
f 3168 2992 2991
f 3168 2993 2992
f 3168 2991 3165
f 3169 921 922
f 3169 922 923
f 3169 923 924
f 3169 924 925
f 3169 3164 921
f 3169 3167 3164
f 3170 925 926
f 3170 3169 925
f 3171 926 927
f 3171 3170 926
f 3172 3171 927
f 3173 927 928
f 3173 928 929
f 3173 929 930
f 3173 930 898
f 3173 3172 927
f 3174 3172 3173
f 3174 3171 3172
f 3174 3173 898
f 3175 3176 3177
f 3178 3175 3177
f 3179 3170 3171
f 3179 3171 3174
f 3179 3166 3167
f 3179 3169 3170
f 3179 3167 3169
f 3179 3174 3166
f 3180 3168 3165
f 3180 3181 3168
f 3180 3165 3166
f 3180 3166 3174
f 3180 3174 3177
f 3182 3180 3177
f 3182 3181 3180
f 3182 3176 3183
f 3182 3177 3176
f 3184 3181 3182
f 3184 3182 3183
f 3184 3168 3181
f 3185 3168 3184
f 3185 2994 2993
f 3185 2995 2994
f 3185 2996 2995
f 3185 2993 3168
f 3186 3178 3177
f 3186 898 3004
f 3186 3174 898
f 3186 3177 3174
f 3187 3004 3003
f 3187 3186 3004
f 3188 3185 3184
f 3188 2996 3185
f 3188 3184 3183
f 3189 3176 3175
f 3189 3175 3178
f 3189 3186 3187
f 3189 3178 3186
f 3190 3189 3187
f 3190 2997 2996
f 3190 2998 2997
f 3190 2999 2998
f 3190 3000 2999
f 3190 2996 3188
f 3191 3190 3187
f 3191 3000 3190
f 3192 3001 3000
f 3192 3002 3001
f 3192 3003 3002
f 3192 3000 3191
f 3192 3191 3187
f 3192 3187 3003
f 3193 3176 3189
f 3193 3188 3183
f 3193 3189 3190
f 3193 3190 3188
f 3193 3183 3176
f 3194 980 981
f 3194 981 982
f 3194 982 969
f 3195 969 2585
f 3195 3194 969
f 3196 2583 2582
f 3196 2584 2583
f 3196 2585 2584
f 3196 3195 2585
f 3197 3198 3199
f 3200 3198 3197
f 3201 979 980
f 3201 3194 3198
f 3201 980 3194
f 3201 3198 3200
f 3202 3203 3204
f 3205 3202 3204
f 3206 2582 2581
f 3206 3196 2582
f 3206 3207 3196
f 3208 908 970
f 3208 970 971
f 3209 3196 3207
f 3209 3195 3196
f 3209 3210 3195
f 3211 3212 3205
f 3211 3207 3206
f 3211 3204 3209
f 3211 3206 3212
f 3211 3209 3207
f 3211 3205 3204
f 3213 3204 3203
f 3214 2572 2571
f 3214 2571 3213
f 3215 971 972
f 3215 972 973
f 3215 973 974
f 3215 3208 971
f 3215 3216 3208
f 3217 3216 3215
f 3217 3215 974
f 3218 974 975
f 3218 975 976
f 3218 3217 974
f 3218 3216 3217
f 3219 3199 3208
f 3219 3216 3218
f 3219 3200 3197
f 3219 3197 3199
f 3219 3208 3216
f 3219 3201 3200
f 3220 2571 908
f 3220 3208 3199
f 3220 3209 3204
f 3220 3204 3213
f 3220 3213 2571
f 3220 908 3208
f 3221 3209 3220
f 3221 3210 3209
f 3222 3213 3203
f 3222 3214 3213
f 3223 3222 3203
f 3224 3205 3212
f 3224 3223 3203
f 3224 3212 3206
f 3224 3203 3202
f 3224 3202 3205
f 3225 2573 2572
f 3225 2574 2573
f 3225 2575 2574
f 3225 2572 3214
f 3226 2576 2575
f 3226 2575 3225
f 3227 976 977
f 3227 977 978
f 3227 978 979
f 3227 3201 3219
f 3227 3218 976
f 3227 979 3201
f 3227 3219 3218
f 3228 3199 3198
f 3228 3220 3199
f 3229 3221 3220
f 3229 3220 3228
f 3229 3228 3198
f 3230 3198 3194
f 3230 3229 3198
f 3231 3194 3195
f 3231 3230 3194
f 3231 3195 3210
f 3232 2581 2580
f 3232 3224 3206
f 3232 3206 2581
f 3233 2577 2576
f 3233 2578 2577
f 3233 2579 2578
f 3233 2580 2579
f 3233 2576 3226
f 3233 3226 3232
f 3233 3232 2580
f 3234 3221 3229
f 3234 3229 3230
f 3235 3221 3234
f 3235 3210 3221
f 3235 3230 3231
f 3235 3231 3210
f 3235 3234 3230
f 3236 3223 3224
f 3236 3222 3223
f 3236 3214 3222
f 3236 3225 3214
f 3236 3226 3225
f 3236 3224 3232
f 3236 3232 3226
f 3237 1032 1033
f 3238 2985 1032
f 3238 1032 3237
f 3239 1033 1034
f 3239 1034 1035
f 3239 1035 1036
f 3239 1036 1037
f 3239 1037 918
f 3239 3237 1033
f 3240 2986 2985
f 3240 2985 3238
f 3241 3237 3239
f 3241 3238 3237
f 3241 3239 918
f 3242 2987 2986
f 3242 2988 2987
f 3242 3238 3241
f 3242 3240 3238
f 3242 2986 3240
f 3243 918 2991
f 3243 2989 2988
f 3243 2990 2989
f 3243 2991 2990
f 3243 3242 3241
f 3243 3241 918
f 3243 2988 3242
f 3244 969 1046
f 3244 1046 1047
f 3245 1047 1048
f 3245 1048 1049
f 3245 1049 1050
f 3245 1050 1045
f 3245 3244 1047
f 3246 2585 969
f 3246 969 3244
f 3247 1045 2591
f 3247 3246 3244
f 3247 3245 1045
f 3247 3244 3245
f 3248 2586 2585
f 3248 2587 2586
f 3248 2585 3246
f 3249 2588 2587
f 3249 2589 2588
f 3249 2590 2589
f 3249 2591 2590
f 3249 2587 3248
f 3249 3246 3247
f 3249 3247 2591
f 3249 3248 3246
f 3250 1057 1058
f 3251 1058 1059
f 3251 1059 1032
f 3251 3250 1058
f 3252 2984 1057
f 3252 1057 3250
f 3253 3252 3250
f 3253 3251 1032
f 3253 3250 3251
f 3254 2984 3252
f 3255 2985 2984
f 3255 3252 3253
f 3255 2984 3254
f 3255 3254 3252
f 3256 1032 2985
f 3256 3253 1032
f 3256 2985 3255
f 3256 3255 3253
f 3257 1045 1067
f 3257 3258 1045
f 3259 2591 1045
f 3259 1045 3258
f 3260 3259 3258
f 3260 3257 1067
f 3260 3258 3257
f 3261 2591 3259
f 3262 2592 2591
f 3262 3259 3260
f 3262 2591 3261
f 3262 3261 3259
f 3263 1067 2592
f 3263 3260 1067
f 3263 2592 3262
f 3263 3262 3260
f 3264 1075 1076
f 3264 1076 1077
f 3265 1077 1078
f 3265 1078 1079
f 3265 1079 1080
f 3265 1080 1057
f 3265 3264 1077
f 3266 2978 1075
f 3266 1075 3264
f 3267 1057 2984
f 3267 3266 3264
f 3267 3265 1057
f 3267 3264 3265
f 3268 2979 2978
f 3268 2980 2979
f 3268 2978 3266
f 3269 2981 2980
f 3269 2982 2981
f 3269 2983 2982
f 3269 2984 2983
f 3269 2980 3268
f 3269 3266 3267
f 3269 3267 2984
f 3269 3268 3266
f 3270 1067 1088
f 3271 2592 1067
f 3271 1067 3270
f 3272 1088 1089
f 3272 1089 1090
f 3272 1090 1091
f 3272 1091 1092
f 3272 1092 1087
f 3272 3270 1088
f 3273 2593 2592
f 3273 2592 3271
f 3274 3270 3272
f 3274 3271 3270
f 3274 3272 1087
f 3275 2594 2593
f 3275 2595 2594
f 3275 3271 3274
f 3275 3273 3271
f 3275 2593 3273
f 3276 1087 2598
f 3276 2596 2595
f 3276 2597 2596
f 3276 2598 2597
f 3276 3275 3274
f 3276 3274 1087
f 3276 2595 3275
f 3277 1111 1112
f 3277 1112 1113
f 3277 1113 1075
f 3278 1075 2978
f 3278 3277 1075
f 3279 2976 2975
f 3279 2977 2976
f 3279 2978 2977
f 3279 3278 2978
f 3280 3281 3282
f 3283 3281 3280
f 3284 1110 1111
f 3284 3277 3281
f 3284 3281 3283
f 3284 1111 3277
f 3285 3286 3287
f 3288 3285 3287
f 3289 2975 2974
f 3289 3279 2975
f 3289 3290 3279
f 3291 1100 1101
f 3291 1101 1102
f 3292 3279 3290
f 3292 3278 3279
f 3292 3293 3278
f 3294 3295 3288
f 3294 3290 3289
f 3294 3289 3295
f 3294 3287 3292
f 3294 3292 3290
f 3294 3288 3287
f 3296 3287 3286
f 3297 2965 2964
f 3297 2964 3296
f 3298 1102 1103
f 3298 1103 1104
f 3298 1104 1105
f 3298 3291 1102
f 3299 3291 3298
f 3299 3298 1105
f 3300 1105 1106
f 3300 1106 1107
f 3300 3299 1105
f 3300 3291 3299
f 3301 3282 3291
f 3301 3291 3300
f 3301 3280 3282
f 3301 3284 3283
f 3301 3283 3280
f 3302 2964 1100
f 3302 3291 3282
f 3302 3287 3296
f 3302 1100 3291
f 3302 3292 3287
f 3302 3282 3281
f 3302 3296 2964
f 3303 3296 3286
f 3303 3297 3296
f 3304 3303 3286
f 3304 3297 3303
f 3305 3288 3295
f 3305 3304 3286
f 3305 3297 3304
f 3305 3295 3289
f 3305 3286 3285
f 3305 3285 3288
f 3306 2966 2965
f 3306 2967 2966
f 3306 2968 2967
f 3306 2965 3297
f 3307 2969 2968
f 3307 2968 3306
f 3307 3297 3305
f 3307 3306 3297
f 3308 1107 1108
f 3308 1108 1109
f 3308 1109 1110
f 3308 3300 1107
f 3308 3284 3301
f 3308 1110 3284
f 3308 3301 3300
f 3309 3281 3277
f 3310 3293 3292
f 3310 3292 3302
f 3311 3277 3278
f 3311 3309 3277
f 3311 3293 3310
f 3311 3278 3293
f 3312 2970 2969
f 3312 2971 2970
f 3312 2972 2971
f 3312 2973 2972
f 3312 2974 2973
f 3312 3305 3289
f 3312 2969 3307
f 3312 3307 3305
f 3312 3289 2974
f 3313 3281 3309
f 3314 3309 3311
f 3314 3313 3309
f 3314 3311 3310
f 3315 3302 3281
f 3315 3281 3313
f 3316 3310 3302
f 3316 3302 3315
f 3316 3314 3310
f 3316 3313 3314
f 3316 3315 3313
f 3317 1087 1166
f 3317 1166 1167
f 3317 1167 1168
f 3318 2598 1087
f 3318 1087 3317
f 3319 3317 3320
f 3319 3318 3317
f 3321 2599 2598
f 3321 2600 2599
f 3321 2598 3318
f 3322 1168 1169
f 3322 1169 1170
f 3322 1170 1171
f 3322 1171 1172
f 3322 3317 1168
f 3322 3320 3317
f 3323 1172 1173
f 3323 3322 1172
f 3324 1173 1174
f 3324 3323 1173
f 3325 3324 1174
f 3326 1174 1175
f 3326 1175 1176
f 3326 1176 1177
f 3326 1177 1165
f 3326 3325 1174
f 3327 3325 3326
f 3327 3324 3325
f 3327 3326 1165
f 3328 3329 3330
f 3331 3328 3330
f 3332 3323 3324
f 3332 3324 3327
f 3332 3319 3320
f 3332 3322 3323
f 3332 3320 3322
f 3332 3327 3319
f 3333 3321 3318
f 3333 3334 3321
f 3333 3318 3319
f 3333 3319 3327
f 3333 3327 3330
f 3335 3333 3330
f 3335 3334 3333
f 3335 3329 3336
f 3335 3330 3329
f 3337 3334 3335
f 3337 3335 3336
f 3337 3321 3334
f 3338 3321 3337
f 3338 2601 2600
f 3338 2602 2601
f 3338 2603 2602
f 3338 2600 3321
f 3339 3331 3330
f 3339 1165 2611
f 3339 3327 1165
f 3339 3330 3327
f 3340 2611 2610
f 3340 3339 2611
f 3341 3338 3337
f 3341 2603 3338
f 3341 3337 3336
f 3342 3329 3328
f 3342 3328 3331
f 3342 3339 3340
f 3342 3331 3339
f 3343 3342 3340
f 3343 2604 2603
f 3343 2605 2604
f 3343 2606 2605
f 3343 2607 2606
f 3343 2603 3341
f 3344 3343 3340
f 3344 2607 3343
f 3345 2608 2607
f 3345 2609 2608
f 3345 2610 2609
f 3345 2607 3344
f 3345 3344 3340
f 3345 3340 2610
f 3346 3329 3342
f 3346 3341 3336
f 3346 3342 3343
f 3346 3343 3341
f 3346 3336 3329
f 3347 1219 1220
f 3348 1220 1221
f 3348 1221 1100
f 3348 3347 1220
f 3349 2961 1219
f 3349 1219 3347
f 3350 3349 3347
f 3350 3348 1100
f 3350 3347 3348
f 3351 2962 2961
f 3351 2961 3349
f 3352 2963 2962
f 3352 3349 3350
f 3352 2962 3351
f 3352 3351 3349
f 3353 1100 2964
f 3353 2964 2963
f 3353 3350 1100
f 3353 2963 3352
f 3353 3352 3350
f 3354 1165 1230
f 3355 1230 1231
f 3355 1231 1229
f 3355 3354 1230
f 3356 2611 1165
f 3356 1165 3354
f 3357 3356 3354
f 3357 3355 1229
f 3357 3354 3355
f 3358 2612 2611
f 3358 2611 3356
f 3359 2613 2612
f 3359 3356 3357
f 3359 2612 3358
f 3359 3358 3356
f 3360 1229 2614
f 3360 2614 2613
f 3360 3357 1229
f 3360 2613 3359
f 3360 3359 3357
f 3361 1239 1240
f 3361 1240 1241
f 3361 1241 1242
f 3362 2948 1239
f 3362 1239 3361
f 3363 2949 2948
f 3363 2950 2949
f 3363 2948 3362
f 3364 1242 1243
f 3364 1243 1244
f 3364 3361 1242
f 3364 3365 3361
f 3366 3367 3368
f 3366 3369 3367
f 3370 3371 3372
f 3373 3370 3372
f 3374 1251 1219
f 3375 3374 1219
f 3375 3366 3368
f 3376 3377 3369
f 3376 3369 3366
f 3376 3364 3377
f 3376 3365 3364
f 3378 3366 3375
f 3378 1219 2961
f 3378 3375 1219
f 3379 3363 3362
f 3379 3380 3363
f 3379 3362 3381
f 3382 3380 3379
f 3382 3379 3372
f 3382 3371 3383
f 3382 3372 3371
f 3384 3382 3383
f 3384 3363 3380
f 3384 3380 3382
f 3385 2951 2950
f 3385 2952 2951
f 3385 2953 2952
f 3385 3363 3384
f 3385 2950 3363
f 3386 3373 3372
f 3386 3372 3378
f 3386 3378 2961
f 3387 2961 2960
f 3387 3386 2961
f 3388 1244 1245
f 3388 1245 1246
f 3388 1246 1247
f 3388 1247 1248
f 3388 3364 1244
f 3389 3388 1248
f 3389 3374 3388
f 3390 1248 1249
f 3390 1249 1250
f 3390 1250 1251
f 3390 3374 3389
f 3390 1251 3374
f 3390 3389 1248
f 3391 3369 3377
f 3391 3364 3388
f 3391 3388 3374
f 3391 3377 3364
f 3391 3368 3367
f 3391 3367 3369
f 3392 3374 3375
f 3392 3391 3374
f 3392 3368 3391
f 3392 3375 3368
f 3393 3376 3366
f 3394 3366 3378
f 3394 3393 3366
f 3395 3381 3362
f 3395 3362 3361
f 3396 3378 3372
f 3396 3372 3379
f 3396 3397 3378
f 3398 3384 3383
f 3398 3385 3384
f 3398 2953 3385
f 3399 3371 3370
f 3399 3370 3373
f 3399 3386 3387
f 3399 3373 3386
f 3400 2954 2953
f 3400 2955 2954
f 3400 2956 2955
f 3400 2957 2956
f 3400 3399 3387
f 3400 2953 3398
f 3401 2957 3400
f 3401 3400 3387
f 3402 2958 2957
f 3402 2959 2958
f 3402 2960 2959
f 3402 3387 2960
f 3402 3401 3387
f 3402 2957 3401
f 3403 3361 3365
f 3403 3395 3361
f 3404 3394 3378
f 3404 3393 3394
f 3405 3404 3378
f 3405 3397 3395
f 3405 3378 3397
f 3405 3393 3404
f 3406 3381 3395
f 3406 3379 3381
f 3406 3395 3397
f 3406 3397 3396
f 3406 3396 3379
f 3407 3371 3399
f 3407 3398 3383
f 3407 3399 3400
f 3407 3400 3398
f 3407 3383 3371
f 3408 3365 3376
f 3408 3376 3393
f 3408 3403 3365
f 3408 3395 3403
f 3408 3405 3395
f 3408 3393 3405
f 3409 1295 1296
f 3409 1296 1297
f 3409 1297 1284
f 3410 1284 2628
f 3410 3409 1284
f 3411 2626 2625
f 3411 2627 2626
f 3411 2628 2627
f 3411 3410 2628
f 3412 3413 3414
f 3415 3413 3412
f 3416 1294 1295
f 3416 3409 3413
f 3416 1295 3409
f 3416 3413 3415
f 3417 3418 3419
f 3420 3417 3419
f 3421 2625 2624
f 3421 3411 2625
f 3421 3422 3411
f 3423 1229 1285
f 3423 1285 1286
f 3424 3411 3422
f 3424 3410 3411
f 3424 3425 3410
f 3426 3427 3420
f 3426 3422 3421
f 3426 3419 3424
f 3426 3421 3427
f 3426 3424 3422
f 3426 3420 3419
f 3428 3419 3418
f 3429 2615 2614
f 3429 2614 3428
f 3430 1286 1287
f 3430 1287 1288
f 3430 1288 1289
f 3430 3431 3423
f 3430 3423 1286
f 3432 3431 3430
f 3432 3430 1289
f 3433 3431 3432
f 3433 1289 1290
f 3433 1290 1291
f 3433 1291 1292
f 3433 1292 1293
f 3433 1293 1294
f 3433 3432 1289
f 3433 1294 3416
f 3434 3423 3431
f 3434 3433 3416
f 3434 3431 3433
f 3434 3412 3414
f 3434 3414 3423
f 3434 3416 3415
f 3434 3415 3412
f 3435 3414 3413
f 3436 2614 1229
f 3436 3424 3419
f 3436 3419 3428
f 3436 3414 3435
f 3436 3428 2614
f 3436 1229 3423
f 3436 3423 3414
f 3437 3424 3436
f 3438 3428 3418
f 3438 3429 3428
f 3439 3438 3418
f 3440 3420 3427
f 3440 3439 3418
f 3440 3427 3421
f 3440 3418 3417
f 3440 3417 3420
f 3441 2616 2615
f 3441 2617 2616
f 3441 2618 2617
f 3441 2615 3429
f 3442 2619 2618
f 3442 2618 3441
f 3443 3435 3413
f 3444 3413 3409
f 3444 3443 3413
f 3445 3425 3424
f 3445 3424 3437
f 3446 3409 3410
f 3446 3444 3409
f 3446 3425 3445
f 3446 3410 3425
f 3447 2624 2623
f 3447 3440 3421
f 3447 3421 2624
f 3448 2620 2619
f 3448 2621 2620
f 3448 2622 2621
f 3448 2623 2622
f 3448 2619 3442
f 3448 3447 2623
f 3448 3442 3447
f 3449 3436 3435
f 3449 3437 3436
f 3449 3435 3443
f 3450 3443 3444
f 3450 3437 3449
f 3450 3449 3443
f 3451 3444 3446
f 3451 3445 3437
f 3451 3450 3444
f 3451 3446 3445
f 3451 3437 3450
f 3452 3439 3440
f 3452 3438 3439
f 3452 3429 3438
f 3452 3441 3429
f 3452 3442 3441
f 3452 3440 3447
f 3452 3447 3442
f 3453 1350 1351
f 3454 2942 1350
f 3454 1350 3453
f 3455 1351 1352
f 3455 1352 1353
f 3455 1353 1354
f 3455 1354 1355
f 3455 1355 1239
f 3455 3453 1351
f 3456 2943 2942
f 3456 2942 3454
f 3457 3453 3455
f 3457 3454 3453
f 3457 3455 1239
f 3458 2944 2943
f 3458 2945 2944
f 3458 3454 3457
f 3458 2943 3456
f 3458 3456 3454
f 3459 1239 2948
f 3459 2946 2945
f 3459 2947 2946
f 3459 2948 2947
f 3459 3458 3457
f 3459 3457 1239
f 3459 2945 3458
f 3460 1284 1364
f 3460 1364 1365
f 3461 1365 1366
f 3461 1366 1367
f 3461 1367 1368
f 3461 1368 1363
f 3461 3460 1365
f 3462 2628 1284
f 3462 1284 3460
f 3463 1363 2634
f 3463 3462 3460
f 3463 3461 1363
f 3463 3460 3461
f 3464 2629 2628
f 3464 2630 2629
f 3464 2628 3462
f 3465 2631 2630
f 3465 2632 2631
f 3465 2633 2632
f 3465 2634 2633
f 3465 2630 3464
f 3465 3462 3463
f 3465 3463 2634
f 3465 3464 3462
f 3466 1375 1376
f 3467 1376 1377
f 3467 1377 1350
f 3467 3466 1376
f 3468 2941 1375
f 3468 1375 3466
f 3469 3468 3466
f 3469 3467 1350
f 3469 3466 3467
f 3470 2941 3468
f 3471 2942 2941
f 3471 3468 3469
f 3471 2941 3470
f 3471 3470 3468
f 3472 1350 2942
f 3472 3469 1350
f 3472 2942 3471
f 3472 3471 3469
f 3473 1363 1386
f 3474 1386 1387
f 3474 1387 1385
f 3474 3473 1386
f 3475 2634 1363
f 3475 1363 3473
f 3476 3475 3473
f 3476 3474 1385
f 3476 3473 3474
f 3477 2634 3475
f 3478 2635 2634
f 3478 3475 3476
f 3478 2634 3477
f 3478 3477 3475
f 3479 1385 2635
f 3479 3476 1385
f 3479 2635 3478
f 3479 3478 3476
f 3480 1395 1396
f 3480 1396 1397
f 3481 1397 1398
f 3481 1398 1399
f 3481 1399 1400
f 3481 1400 1375
f 3481 3480 1397
f 3482 2935 1395
f 3482 1395 3480
f 3483 1375 2941
f 3483 3482 3480
f 3483 3481 1375
f 3483 3480 3481
f 3484 2936 2935
f 3484 2937 2936
f 3484 2935 3482
f 3485 2938 2937
f 3485 2939 2938
f 3485 2940 2939
f 3485 2941 2940
f 3485 2937 3484
f 3485 3482 3483
f 3485 3483 2941
f 3485 3484 3482
f 3486 1385 1408
f 3487 2635 1385
f 3487 1385 3486
f 3488 1408 1409
f 3488 1409 1410
f 3488 1410 1411
f 3488 1411 1412
f 3488 1412 1407
f 3488 3486 1408
f 3489 2636 2635
f 3489 2635 3487
f 3490 3486 3488
f 3490 3487 3486
f 3490 3488 1407
f 3491 2637 2636
f 3491 2638 2637
f 3491 3487 3490
f 3491 2636 3489
f 3491 3489 3487
f 3492 1407 2641
f 3492 2639 2638
f 3492 2640 2639
f 3492 2641 2640
f 3492 3491 3490
f 3492 3490 1407
f 3492 2638 3491
f 3493 1431 1432
f 3493 1432 1433
f 3493 1433 1395
f 3494 1395 2935
f 3494 3493 1395
f 3495 2933 2932
f 3495 2934 2933
f 3495 2935 2934
f 3495 3494 2935
f 3496 1430 1431
f 3496 3493 3497
f 3496 1431 3493
f 3498 3499 3500
f 3498 3500 3501
f 3502 3503 3504
f 3505 3502 3504
f 3506 2932 2931
f 3506 3495 2932
f 3506 3507 3495
f 3508 1420 1421
f 3509 3499 3498
f 3509 1420 3508
f 3510 3501 3511
f 3510 3511 3496
f 3510 3498 3501
f 3510 3496 3497
f 3512 3510 3497
f 3512 3498 3510
f 3512 3493 3494
f 3512 3497 3493
f 3512 3494 3513
f 3514 3512 3513
f 3514 3495 3507
f 3514 3494 3495
f 3514 3498 3512
f 3514 3513 3494
f 3514 3504 3498
f 3515 3506 3516
f 3515 3516 3505
f 3515 3507 3506
f 3515 3504 3514
f 3515 3514 3507
f 3515 3505 3504
f 3517 2921 1420
f 3517 3509 3498
f 3517 1420 3509
f 3517 3498 3504
f 3517 3504 3503
f 3518 2921 3517
f 3518 2922 2921
f 3518 2923 2922
f 3519 1421 1422
f 3519 1422 1423
f 3519 1423 1424
f 3519 3508 1421
f 3520 1424 1425
f 3520 3519 1424
f 3521 3499 3509
f 3521 3509 3508
f 3522 3499 3521
f 3523 3511 3501
f 3523 3496 3511
f 3523 3499 3522
f 3523 3500 3499
f 3523 3501 3500
f 3524 3517 3503
f 3524 3518 3517
f 3525 3524 3503
f 3526 3503 3502
f 3526 3516 3506
f 3526 3505 3516
f 3526 3525 3503
f 3526 3502 3505
f 3527 2924 2923
f 3527 2925 2924
f 3527 2926 2925
f 3527 2923 3518
f 3528 1425 1426
f 3528 1426 1427
f 3528 1427 1428
f 3528 1428 1429
f 3528 3520 1425
f 3529 1429 1430
f 3529 3496 3523
f 3529 1430 3496
f 3529 3520 3528
f 3529 3528 1429
f 3530 3506 2931
f 3530 2931 2930
f 3530 3526 3506
f 3531 3530 2930
f 3531 2927 2926
f 3531 2928 2927
f 3531 2929 2928
f 3531 2930 2929
f 3531 2926 3527
f 3531 3527 3530
f 3532 3508 3519
f 3532 3521 3508
f 3532 3522 3521
f 3532 3523 3522
f 3532 3520 3529
f 3532 3529 3523
f 3532 3519 3520
f 3533 3518 3524
f 3533 3524 3525
f 3533 3525 3526
f 3533 3527 3518
f 3533 3530 3527
f 3533 3526 3530
f 3534 1407 1467
f 3534 1467 1468
f 3534 1468 1469
f 3535 2641 1407
f 3535 1407 3534
f 3536 2642 2641
f 3536 2643 2642
f 3536 2641 3535
f 3537 1469 1470
f 3537 1470 1471
f 3537 1471 1472
f 3537 1472 1473
f 3537 3534 1469
f 3537 3538 3534
f 3539 1473 1474
f 3539 3537 1473
f 3540 1474 1475
f 3540 3539 1474
f 3541 3540 1475
f 3542 1475 1476
f 3542 1476 1477
f 3542 1477 1478
f 3542 1478 1466
f 3542 3541 1475
f 3543 3541 3542
f 3543 3540 3541
f 3543 3542 1466
f 3544 3545 3546
f 3547 3544 3546
f 3548 3539 3540
f 3548 3540 3543
f 3548 3537 3539
f 3548 3538 3537
f 3549 3538 3548
f 3549 3534 3538
f 3549 3550 3535
f 3549 3535 3534
f 3549 3548 3543
f 3551 3549 3543
f 3551 3536 3535
f 3551 3552 3536
f 3551 3535 3550
f 3551 3550 3549
f 3551 3543 3546
f 3553 3552 3551
f 3553 3551 3546
f 3553 3545 3554
f 3553 3546 3545
f 3555 3553 3554
f 3555 3536 3552
f 3555 3552 3553
f 3556 3536 3555
f 3556 2644 2643
f 3556 2645 2644
f 3556 2646 2645
f 3556 2643 3536
f 3557 3547 3546
f 3557 1466 2654
f 3557 3543 1466
f 3557 3546 3543
f 3558 2654 2653
f 3558 3557 2654
f 3559 3556 3555
f 3559 2646 3556
f 3559 3555 3554
f 3560 3545 3544
f 3560 3547 3557
f 3560 3544 3547
f 3560 3557 3558
f 3561 2647 2646
f 3561 2648 2647
f 3561 2649 2648
f 3561 2650 2649
f 3561 3560 3558
f 3561 2646 3559
f 3562 3561 3558
f 3562 2650 3561
f 3563 3558 2653
f 3563 2651 2650
f 3563 2652 2651
f 3563 2653 2652
f 3563 2650 3562
f 3563 3562 3558
f 3564 3545 3560
f 3564 3559 3554
f 3564 3561 3559
f 3564 3560 3561
f 3564 3554 3545
f 3565 1519 1520
f 3566 1520 1521
f 3566 1521 1420
f 3566 3565 1520
f 3567 2918 1519
f 3567 1519 3565
f 3568 3567 3565
f 3568 3566 1420
f 3568 3565 3566
f 3569 2919 2918
f 3569 2918 3567
f 3570 2920 2919
f 3570 3567 3568
f 3570 2919 3569
f 3570 3569 3567
f 3571 1420 2921
f 3571 2921 2920
f 3571 3568 1420
f 3571 2920 3570
f 3571 3570 3568
f 3572 1466 1530
f 3573 1530 1531
f 3573 1531 1529
f 3573 3572 1530
f 3574 2654 1466
f 3574 1466 3572
f 3575 3574 3572
f 3575 3573 1529
f 3575 3572 3573
f 3576 2655 2654
f 3576 2654 3574
f 3577 2656 2655
f 3577 3574 3575
f 3577 2655 3576
f 3577 3576 3574
f 3578 1529 2657
f 3578 2657 2656
f 3578 3575 1529
f 3578 2656 3577
f 3578 3577 3575
f 3579 1539 1540
f 3579 1540 1541
f 3579 1541 1542
f 3580 2905 1539
f 3580 1539 3579
f 3581 2906 2905
f 3581 2907 2906
f 3581 2905 3580
f 3582 1542 1543
f 3582 1543 1544
f 3582 3579 1542
f 3582 3583 3579
f 3584 3585 3586
f 3584 3587 3585
f 3588 3589 3590
f 3591 3588 3590
f 3592 1551 1519
f 3593 3592 1519
f 3593 3584 3586
f 3594 3595 3587
f 3594 3587 3584
f 3594 3582 3595
f 3594 3583 3582
f 3596 3583 3594
f 3596 3579 3583
f 3597 3584 3593
f 3597 1519 2918
f 3597 3593 1519
f 3598 3581 3580
f 3598 3599 3581
f 3598 3580 3600
f 3601 3599 3598
f 3601 3598 3590
f 3601 3589 3602
f 3601 3590 3589
f 3603 3601 3602
f 3603 3581 3599
f 3603 3599 3601
f 3604 2908 2907
f 3604 2909 2908
f 3604 2910 2909
f 3604 3581 3603
f 3604 2907 3581
f 3605 3591 3590
f 3605 3597 2918
f 3606 2918 2917
f 3606 3605 2918
f 3607 1544 1545
f 3607 1545 1546
f 3607 1546 1547
f 3607 1547 1548
f 3607 3582 1544
f 3608 3607 1548
f 3608 3592 3607
f 3609 1548 1549
f 3609 1549 1550
f 3609 1550 1551
f 3609 1551 3592
f 3609 3592 3608
f 3609 3608 1548
f 3610 3587 3595
f 3610 3582 3607
f 3610 3607 3592
f 3610 3595 3582
f 3610 3586 3585
f 3610 3585 3587
f 3611 3593 3586
f 3611 3610 3592
f 3611 3586 3610
f 3611 3592 3593
f 3612 3584 3597
f 3612 3596 3594
f 3612 3594 3584
f 3613 3612 3597
f 3613 3596 3612
f 3614 3605 3590
f 3614 3590 3598
f 3614 3613 3597
f 3614 3597 3605
f 3615 3603 3602
f 3615 3604 3603
f 3615 2910 3604
f 3616 3589 3588
f 3616 3588 3591
f 3616 3605 3606
f 3616 3591 3605
f 3617 2911 2910
f 3617 2912 2911
f 3617 2913 2912
f 3617 2914 2913
f 3617 3616 3606
f 3617 2910 3615
f 3618 2914 3617
f 3618 3617 3606
f 3619 2915 2914
f 3619 2916 2915
f 3619 2917 2916
f 3619 3606 2917
f 3619 3618 3606
f 3619 2914 3618
f 3620 3579 3596
f 3620 3600 3580
f 3620 3580 3579
f 3621 3614 3598
f 3621 3598 3600
f 3621 3613 3614
f 3622 3589 3616
f 3622 3615 3602
f 3622 3616 3617
f 3622 3617 3615
f 3622 3602 3589
f 3623 3596 3613
f 3623 3620 3596
f 3623 3600 3620
f 3623 3621 3600
f 3623 3613 3621
f 3624 1603 1604
f 3624 1604 1605
f 3624 1605 1592
f 3625 1592 2671
f 3625 3624 1592
f 3626 2669 2668
f 3626 2670 2669
f 3626 2671 2670
f 3626 3625 2671
f 3627 3628 3629
f 3630 3628 3627
f 3631 1602 1603
f 3631 3624 3628
f 3631 3628 3630
f 3631 1603 3624
f 3632 3633 3634
f 3635 3632 3634
f 3636 2668 2667
f 3636 3626 2668
f 3636 3637 3626
f 3638 1529 1593
f 3638 1593 1594
f 3639 3626 3637
f 3639 3625 3626
f 3639 3640 3625
f 3641 3642 3635
f 3641 3637 3636
f 3641 3634 3639
f 3641 3636 3642
f 3641 3639 3637
f 3641 3635 3634
f 3643 3634 3633
f 3644 2658 2657
f 3644 2657 3643
f 3645 1594 1595
f 3645 1595 1596
f 3645 1596 1597
f 3645 3646 3638
f 3645 3638 1594
f 3647 3646 3645
f 3647 3645 1597
f 3648 1597 1598
f 3648 1598 1599
f 3648 3646 3647
f 3648 3647 1597
f 3649 3638 3646
f 3649 3646 3648
f 3649 3627 3629
f 3649 3629 3638
f 3649 3631 3630
f 3649 3630 3627
f 3650 3629 3628
f 3651 2657 1529
f 3651 3639 3634
f 3651 3634 3643
f 3651 3629 3650
f 3651 3638 3629
f 3651 1529 3638
f 3651 3643 2657
f 3652 3639 3651
f 3653 3643 3633
f 3653 3644 3643
f 3654 3653 3633
f 3655 3635 3642
f 3655 3654 3633
f 3655 3642 3636
f 3655 3633 3632
f 3655 3632 3635
f 3656 2659 2658
f 3656 2660 2659
f 3656 2661 2660
f 3656 2658 3644
f 3657 2662 2661
f 3657 2661 3656
f 3658 3648 1599
f 3658 1599 1600
f 3658 1600 1601
f 3658 1601 1602
f 3658 1602 3631
f 3658 3631 3649
f 3658 3649 3648
f 3659 3650 3628
f 3660 3628 3624
f 3660 3659 3628
f 3661 3639 3652
f 3661 3640 3639
f 3662 3624 3625
f 3662 3640 3661
f 3662 3625 3640
f 3662 3660 3624
f 3663 2667 2666
f 3663 3655 3636
f 3663 3636 2667
f 3664 2663 2662
f 3664 2664 2663
f 3664 2665 2664
f 3664 2666 2665
f 3664 2662 3657
f 3664 3657 3663
f 3664 3663 2666
f 3665 3652 3651
f 3665 3651 3650
f 3665 3650 3659
f 3666 3652 3665
f 3666 3659 3660
f 3666 3665 3659
f 3667 3652 3666
f 3667 3660 3662
f 3667 3661 3652
f 3667 3666 3660
f 3667 3662 3661
f 3668 3654 3655
f 3668 3653 3654
f 3668 3644 3653
f 3668 3656 3644
f 3668 3657 3656
f 3668 3655 3663
f 3668 3663 3657
f 3669 1652 1653
f 3670 2899 1652
f 3670 1652 3669
f 3671 1653 1654
f 3671 1654 1655
f 3671 1655 1656
f 3671 1656 1657
f 3671 1657 1539
f 3671 3669 1653
f 3672 2900 2899
f 3672 2899 3670
f 3673 3669 3671
f 3673 3670 3669
f 3673 3671 1539
f 3674 2901 2900
f 3674 2902 2901
f 3674 3670 3673
f 3674 3672 3670
f 3674 2900 3672
f 3675 1539 2905
f 3675 2903 2902
f 3675 2904 2903
f 3675 2905 2904
f 3675 3674 3673
f 3675 3673 1539
f 3675 2902 3674
f 3676 1592 1666
f 3676 1666 1667
f 3677 1667 1668
f 3677 1668 1669
f 3677 1669 1670
f 3677 1670 1665
f 3677 3676 1667
f 3678 2671 1592
f 3678 1592 3676
f 3679 1665 2677
f 3679 3678 3676
f 3679 3677 1665
f 3679 3676 3677
f 3680 2672 2671
f 3680 2673 2672
f 3680 2671 3678
f 3681 2674 2673
f 3681 2675 2674
f 3681 2676 2675
f 3681 2677 2676
f 3681 2673 3680
f 3681 3678 3679
f 3681 3679 2677
f 3681 3680 3678
f 3682 1677 1678
f 3683 1678 1679
f 3683 1679 1652
f 3683 3682 1678
f 3684 2898 1677
f 3684 1677 3682
f 3685 3684 3682
f 3685 3683 1652
f 3685 3682 3683
f 3686 2898 3684
f 3687 2899 2898
f 3687 3684 3685
f 3687 2898 3686
f 3687 3686 3684
f 3688 1652 2899
f 3688 3685 1652
f 3688 2899 3687
f 3688 3687 3685
f 3689 1665 1688
f 3690 1688 1689
f 3690 1689 1687
f 3690 3689 1688
f 3691 2677 1665
f 3691 1665 3689
f 3692 3691 3689
f 3692 3690 1687
f 3692 3689 3690
f 3693 2677 3691
f 3694 2678 2677
f 3694 3691 3692
f 3694 2677 3693
f 3694 3693 3691
f 3695 1687 2678
f 3695 3692 1687
f 3695 2678 3694
f 3695 3694 3692
f 3696 1697 1698
f 3696 1698 1699
f 3697 1699 1700
f 3697 1700 1701
f 3697 1701 1702
f 3697 1702 1677
f 3697 3696 1699
f 3698 2892 1697
f 3698 1697 3696
f 3699 1677 2898
f 3699 3698 3696
f 3699 3697 1677
f 3699 3696 3697
f 3700 2893 2892
f 3700 2894 2893
f 3700 2892 3698
f 3701 2895 2894
f 3701 2896 2895
f 3701 2897 2896
f 3701 2898 2897
f 3701 2894 3700
f 3701 3698 3699
f 3701 3699 2898
f 3701 3700 3698
f 3702 1687 1710
f 3703 2678 1687
f 3703 1687 3702
f 3704 1710 1711
f 3704 1711 1712
f 3704 1712 1713
f 3704 1713 1714
f 3704 1714 1709
f 3704 3702 1710
f 3705 2679 2678
f 3705 2678 3703
f 3706 3702 3704
f 3706 3703 3702
f 3706 3704 1709
f 3707 2680 2679
f 3707 2681 2680
f 3707 3703 3706
f 3707 3705 3703
f 3707 2679 3705
f 3708 1709 2684
f 3708 2682 2681
f 3708 2683 2682
f 3708 2684 2683
f 3708 3707 3706
f 3708 3706 1709
f 3708 2681 3707
f 3709 1733 1734
f 3709 1734 1735
f 3709 1735 1697
f 3710 1697 2892
f 3710 3709 1697
f 3711 2890 2889
f 3711 2891 2890
f 3711 2892 2891
f 3711 3710 2892
f 3712 3713 3714
f 3715 3713 3712
f 3716 1732 1733
f 3716 1733 3709
f 3716 3709 3713
f 3716 3713 3715
f 3717 3718 3719
f 3720 3717 3719
f 3721 2889 2888
f 3721 3711 2889
f 3721 3722 3711
f 3723 1722 1723
f 3723 1723 1724
f 3724 3725 3710
f 3724 3711 3722
f 3724 3710 3711
f 3726 3727 3720
f 3726 3722 3721
f 3726 3724 3722
f 3726 3719 3724
f 3726 3721 3727
f 3726 3720 3719
f 3728 3719 3718
f 3729 2879 2878
f 3729 2878 3728
f 3730 1724 1725
f 3730 1725 1726
f 3730 1726 1727
f 3730 3723 1724
f 3730 3731 3723
f 3732 3731 3730
f 3732 3730 1727
f 3733 1727 1728
f 3733 1728 1729
f 3733 3732 1727
f 3733 3731 3732
f 3734 3714 3723
f 3734 3716 3715
f 3734 3715 3712
f 3734 3712 3714
f 3734 3731 3733
f 3734 3723 3731
f 3735 3714 3713
f 3736 2878 1722
f 3736 3723 3714
f 3736 3724 3719
f 3736 3714 3735
f 3736 3719 3728
f 3736 3728 2878
f 3736 1722 3723
f 3737 3724 3736
f 3738 3728 3718
f 3738 3729 3728
f 3739 3738 3718
f 3740 3720 3727
f 3740 3739 3718
f 3740 3727 3721
f 3740 3718 3717
f 3740 3717 3720
f 3741 2880 2879
f 3741 2881 2880
f 3741 2882 2881
f 3741 2879 3729
f 3742 2883 2882
f 3742 2882 3741
f 3743 3734 3733
f 3743 1729 1730
f 3743 3716 3734
f 3743 1730 1731
f 3743 1731 1732
f 3743 3733 1729
f 3743 1732 3716
f 3744 3735 3713
f 3745 3744 3713
f 3745 3713 3709
f 3746 3724 3737
f 3746 3725 3724
f 3747 3725 3746
f 3747 3710 3725
f 3747 3745 3709
f 3747 3709 3710
f 3748 2888 2887
f 3748 3721 2888
f 3748 3740 3721
f 3749 2884 2883
f 3749 2885 2884
f 3749 2886 2885
f 3749 2887 2886
f 3749 2883 3742
f 3749 3742 3748
f 3749 3748 2887
f 3750 3736 3735
f 3750 3737 3736
f 3750 3735 3744
f 3751 3744 3745
f 3751 3737 3750
f 3751 3750 3744
f 3752 3747 3746
f 3752 3746 3737
f 3752 3745 3747
f 3752 3751 3745
f 3752 3737 3751
f 3753 3739 3740
f 3753 3738 3739
f 3753 3729 3738
f 3753 3741 3729
f 3753 3742 3741
f 3753 3740 3748
f 3753 3748 3742
f 3754 1709 1785
f 3754 1785 1786
f 3754 1786 1787
f 3755 2684 1709
f 3755 1709 3754
f 3756 2685 2684
f 3756 2686 2685
f 3756 2684 3755
f 3757 1787 1788
f 3757 1788 1789
f 3757 1789 1790
f 3757 1790 1791
f 3757 3754 1787
f 3757 3758 3754
f 3759 1791 1792
f 3759 3757 1791
f 3760 1792 1793
f 3760 3759 1792
f 3761 3760 1793
f 3762 1793 1794
f 3762 1794 1795
f 3762 1795 1796
f 3762 1796 1784
f 3762 3761 1793
f 3763 3761 3762
f 3763 3760 3761
f 3763 3762 1784
f 3764 3765 3766
f 3767 3764 3766
f 3768 3759 3760
f 3768 3760 3763
f 3768 3757 3759
f 3768 3758 3757
f 3769 3758 3768
f 3769 3754 3758
f 3770 1784 2697
f 3770 3763 1784
f 3771 3756 3755
f 3771 3772 3756
f 3771 3755 3773
f 3774 3772 3771
f 3774 3771 3766
f 3774 3765 3775
f 3774 3766 3765
f 3776 3774 3775
f 3776 3756 3772
f 3776 3772 3774
f 3777 2687 2686
f 3777 2688 2687
f 3777 2689 2688
f 3777 3756 3776
f 3777 2686 3756
f 3778 3767 3766
f 3778 3770 2697
f 3779 2697 2696
f 3779 3778 2697
f 3780 3769 3768
f 3780 3763 3770
f 3780 3768 3763
f 3781 3780 3770
f 3781 3769 3780
f 3782 3778 3766
f 3782 3781 3770
f 3782 3766 3771
f 3782 3770 3778
f 3783 3777 3776
f 3783 2689 3777
f 3783 3776 3775
f 3784 3765 3764
f 3784 3764 3767
f 3784 3778 3779
f 3784 3767 3778
f 3785 2690 2689
f 3785 2691 2690
f 3785 2692 2691
f 3785 2693 2692
f 3785 3784 3779
f 3785 2689 3783
f 3786 3785 3779
f 3786 2693 3785
f 3787 2694 2693
f 3787 2695 2694
f 3787 2696 2695
f 3787 3779 2696
f 3787 3786 3779
f 3787 2693 3786
f 3788 3754 3769
f 3788 3773 3755
f 3788 3755 3754
f 3789 3781 3782
f 3789 3782 3771
f 3789 3771 3773
f 3790 3765 3784
f 3790 3783 3775
f 3790 3784 3785
f 3790 3785 3783
f 3790 3775 3765
f 3791 3769 3781
f 3791 3788 3769
f 3791 3781 3789
f 3791 3773 3788
f 3791 3789 3773
f 3792 1831 1832
f 3793 1832 1833
f 3793 1833 1722
f 3793 3792 1832
f 3794 2875 1831
f 3794 1831 3792
f 3795 3794 3792
f 3795 3793 1722
f 3795 3792 3793
f 3796 2876 2875
f 3796 2875 3794
f 3797 2877 2876
f 3797 3794 3795
f 3797 2876 3796
f 3797 3796 3794
f 3798 1722 2878
f 3798 2878 2877
f 3798 3795 1722
f 3798 2877 3797
f 3798 3797 3795
f 3799 1784 1842
f 3800 1842 1843
f 3800 1843 1841
f 3800 3799 1842
f 3801 2697 1784
f 3801 1784 3799
f 3802 3801 3799
f 3802 3799 3800
f 3802 3800 1841
f 3803 2698 2697
f 3803 2697 3801
f 3804 2699 2698
f 3804 3801 3802
f 3804 2698 3803
f 3804 3803 3801
f 3805 1841 2700
f 3805 2700 2699
f 3805 3802 1841
f 3805 2699 3804
f 3805 3804 3802
f 3806 1851 1852
f 3806 1852 1853
f 3806 1853 1854
f 3807 2862 1851
f 3807 1851 3806
f 3808 2863 2862
f 3808 2864 2863
f 3808 2862 3807
f 3809 1854 1855
f 3809 1855 1856
f 3809 1856 1857
f 3809 1857 1858
f 3809 3806 1854
f 3809 3810 3806
f 3811 1858 1859
f 3811 3809 1858
f 3812 1859 1860
f 3812 3811 1859
f 3813 3812 1860
f 3814 1860 1861
f 3814 1861 1862
f 3814 1862 1863
f 3814 1863 1831
f 3814 3813 1860
f 3815 3813 3814
f 3815 3812 3813
f 3815 3814 1831
f 3816 3817 3818
f 3819 3816 3818
f 3820 3811 3812
f 3820 3812 3815
f 3820 3809 3811
f 3820 3810 3809
f 3821 3810 3820
f 3821 3806 3810
f 3822 1831 2875
f 3822 3815 1831
f 3823 3808 3807
f 3823 3824 3808
f 3823 3807 3825
f 3826 3824 3823
f 3826 3823 3818
f 3826 3817 3827
f 3826 3818 3817
f 3828 3826 3827
f 3828 3808 3824
f 3828 3824 3826
f 3829 2865 2864
f 3829 2866 2865
f 3829 2867 2866
f 3829 3808 3828
f 3829 2864 3808
f 3830 3819 3818
f 3830 3822 2875
f 3831 2875 2874
f 3831 3830 2875
f 3832 3821 3820
f 3832 3815 3822
f 3832 3820 3815
f 3833 3830 3818
f 3833 3818 3823
f 3833 3822 3830
f 3834 3829 3828
f 3834 2867 3829
f 3834 3828 3827
f 3835 3817 3816
f 3835 3816 3819
f 3835 3830 3831
f 3835 3819 3830
f 3836 2868 2867
f 3836 2869 2868
f 3836 2870 2869
f 3836 2871 2870
f 3836 3835 3831
f 3836 2867 3834
f 3837 3836 3831
f 3837 2871 3836
f 3838 2872 2871
f 3838 2873 2872
f 3838 2874 2873
f 3838 3831 2874
f 3838 3837 3831
f 3838 2871 3837
f 3839 3806 3821
f 3839 3825 3807
f 3839 3807 3806
f 3840 3833 3841
f 3840 3841 3821
f 3840 3832 3822
f 3840 3822 3833
f 3840 3821 3832
f 3842 3841 3833
f 3842 3833 3823
f 3842 3823 3825
f 3843 3817 3835
f 3843 3834 3827
f 3843 3835 3836
f 3843 3836 3834
f 3843 3827 3817
f 3844 3821 3841
f 3844 3839 3821
f 3844 3841 3842
f 3844 3825 3839
f 3844 3842 3825
f 3845 1914 1915
f 3845 1915 1916
f 3845 1916 1903
f 3846 1903 2714
f 3846 3845 1903
f 3847 2712 2711
f 3847 2713 2712
f 3847 2714 2713
f 3847 3846 2714
f 3848 1913 1914
f 3848 3845 3849
f 3848 1914 3845
f 3850 3851 3852
f 3850 3853 3851
f 3854 2711 2710
f 3854 3847 2711
f 3855 1841 1904
f 3856 3853 3850
f 3856 1841 3855
f 3857 3848 3849
f 3857 3858 3848
f 3857 3850 3852
f 3857 3852 3858
f 3859 3850 3857
f 3859 3845 3846
f 3859 3849 3845
f 3859 3846 3860
f 3859 3857 3849
f 3861 2700 1841
f 3861 3856 3850
f 3861 3850 3859
f 3861 1841 3856
f 3862 3847 3863
f 3864 3865 3866
f 3864 3847 3854
f 3864 3854 3867
f 3864 3863 3847
f 3864 3866 3868
f 3864 3867 3865
f 3869 2701 2700
f 3869 2700 3861
f 3870 1904 1905
f 3870 1905 1906
f 3870 1906 1907
f 3870 3855 1904
f 3871 1907 1908
f 3871 3870 1907
f 3872 3853 3856
f 3872 3856 3855
f 3873 3853 3872
f 3874 3853 3873
f 3874 3848 3858
f 3874 3852 3851
f 3874 3851 3853
f 3874 3858 3852
f 3875 3859 3860
f 3876 3864 3868
f 3876 3869 3861
f 3876 3868 3869
f 3876 3861 3877
f 3876 3877 3862
f 3878 3869 3868
f 3879 3878 3868
f 3880 3866 3865
f 3880 3867 3854
f 3880 3879 3868
f 3880 3868 3866
f 3880 3865 3867
f 3881 2702 2701
f 3881 2703 2702
f 3881 2704 2703
f 3881 2701 3869
f 3882 2705 2704
f 3882 2704 3881
f 3883 1908 1909
f 3883 1909 1910
f 3883 1910 1911
f 3883 1911 1912
f 3883 3871 1908
f 3884 1912 1913
f 3884 3848 3874
f 3884 1913 3848
f 3884 3871 3883
f 3884 3883 1912
f 3885 3859 3875
f 3885 3861 3859
f 3886 3846 3847
f 3886 3860 3846
f 3887 3876 3862
f 3887 3862 3863
f 3887 3863 3864
f 3887 3864 3876
f 3888 2710 2709
f 3888 3854 2710
f 3888 3880 3854
f 3889 2706 2705
f 3889 2707 2706
f 3889 2708 2707
f 3889 2709 2708
f 3889 2705 3882
f 3889 3882 3888
f 3889 3888 2709
f 3890 3872 3855
f 3890 3855 3870
f 3890 3870 3871
f 3890 3874 3873
f 3890 3884 3874
f 3890 3873 3872
f 3890 3871 3884
f 3891 3875 3860
f 3891 3860 3886
f 3892 3869 3878
f 3892 3878 3879
f 3892 3879 3880
f 3892 3881 3869
f 3892 3882 3881
f 3892 3880 3888
f 3892 3888 3882
f 3893 3885 3875
f 3893 3875 3891
f 3894 3885 3893
f 3894 3847 3862
f 3894 3886 3847
f 3894 3862 3877
f 3894 3891 3886
f 3894 3893 3891
f 3895 3894 3877
f 3895 3877 3861
f 3895 3885 3894
f 3895 3861 3885
f 3896 1966 1967
f 3897 2856 1966
f 3897 1966 3896
f 3898 1967 1968
f 3898 1968 1969
f 3898 1969 1970
f 3898 1970 1971
f 3898 1971 1851
f 3898 3896 1967
f 3899 2857 2856
f 3899 2856 3897
f 3900 3896 3898
f 3900 3897 3896
f 3900 3898 1851
f 3901 2858 2857
f 3901 2859 2858
f 3901 3897 3900
f 3901 3899 3897
f 3901 2857 3899
f 3902 1851 2862
f 3902 2860 2859
f 3902 2861 2860
f 3902 2862 2861
f 3902 3901 3900
f 3902 3900 1851
f 3902 2859 3901
f 3903 1903 1980
f 3903 1980 1981
f 3904 1981 1982
f 3904 1982 1983
f 3904 1983 1984
f 3904 1984 1979
f 3904 3903 1981
f 3905 2714 1903
f 3905 1903 3903
f 3906 1979 2720
f 3906 3905 3903
f 3906 3904 1979
f 3906 3903 3904
f 3907 2715 2714
f 3907 2716 2715
f 3907 2714 3905
f 3908 2717 2716
f 3908 2718 2717
f 3908 2719 2718
f 3908 2720 2719
f 3908 2716 3907
f 3908 3905 3906
f 3908 3906 2720
f 3908 3907 3905
f 3909 1991 1966
f 3909 3910 1991
f 3911 2853 1991
f 3911 1991 3910
f 3912 3911 3910
f 3912 3909 1966
f 3912 3910 3909
f 3913 2854 2853
f 3913 2853 3911
f 3914 2855 2854
f 3914 3911 3912
f 3914 2854 3913
f 3914 3913 3911
f 3915 1966 2856
f 3915 2856 2855
f 3915 3912 1966
f 3915 2855 3914
f 3915 3914 3912
f 3916 1979 1999
f 3916 3917 1979
f 3918 2720 1979
f 3918 1979 3917
f 3919 3918 3917
f 3919 3916 1999
f 3919 3917 3916
f 3920 2721 2720
f 3920 2720 3918
f 3921 2722 2721
f 3921 3918 3919
f 3921 2721 3920
f 3921 3920 3918
f 3922 1999 2723
f 3922 2723 2722
f 3922 3919 1999
f 3922 2722 3921
f 3922 3921 3919
f 3923 2007 2008
f 3923 2008 2009
f 3924 2009 2010
f 3924 2010 2011
f 3924 2011 2012
f 3924 2012 1991
f 3924 3923 2009
f 3925 2847 2007
f 3925 2007 3923
f 3926 1991 2853
f 3926 3925 3923
f 3926 3924 1991
f 3926 3923 3924
f 3927 2848 2847
f 3927 2849 2848
f 3927 2847 3925
f 3928 2850 2849
f 3928 2851 2850
f 3928 2852 2851
f 3928 2853 2852
f 3928 2849 3927
f 3928 3925 3926
f 3928 3926 2853
f 3928 3927 3925
f 3929 1999 2020
f 3930 2723 1999
f 3930 1999 3929
f 3931 2020 2021
f 3931 2021 2022
f 3931 2022 2023
f 3931 2023 2024
f 3931 2024 2019
f 3931 3929 2020
f 3932 2724 2723
f 3932 2723 3930
f 3933 3929 3931
f 3933 3930 3929
f 3933 3931 2019
f 3934 2725 2724
f 3934 2726 2725
f 3934 3930 3933
f 3934 3932 3930
f 3934 2724 3932
f 3935 2019 2729
f 3935 2727 2726
f 3935 2728 2727
f 3935 2729 2728
f 3935 3934 3933
f 3935 3933 2019
f 3935 2726 3934
f 3936 2043 2044
f 3936 2044 2045
f 3936 2045 2007
f 3937 2007 2847
f 3937 3936 2007
f 3938 2845 2844
f 3938 2846 2845
f 3938 2847 2846
f 3938 3937 2847
f 3939 3940 3941
f 3942 3940 3939
f 3943 2042 2043
f 3943 3936 3940
f 3943 2043 3936
f 3943 3940 3942
f 3944 3945 3946
f 3947 3944 3946
f 3948 2844 2843
f 3948 3938 2844
f 3948 3949 3938
f 3950 2032 2033
f 3950 2033 2034
f 3951 3941 3950
f 3951 3942 3939
f 3951 3939 3941
f 3951 3943 3942
f 3952 3938 3949
f 3952 3937 3938
f 3952 3953 3937
f 3954 3955 3947
f 3954 3949 3948
f 3954 3946 3952
f 3954 3948 3955
f 3954 3952 3949
f 3954 3947 3946
f 3956 3946 3945
f 3957 2834 2833
f 3957 2833 3956
f 3958 2034 2035
f 3958 2035 2036
f 3958 2036 2037
f 3958 3950 2034
f 3958 3951 3950
f 3959 3951 3958
f 3959 3958 2037
f 3960 2037 2038
f 3960 2038 2039
f 3960 2039 2040
f 3960 2040 2041
f 3960 3943 3951
f 3960 2041 2042
f 3960 3959 2037
f 3960 3951 3959
f 3960 2042 3943
f 3961 3941 3940
f 3962 2833 2032
f 3962 3950 3941
f 3962 3952 3946
f 3962 3941 3961
f 3962 3946 3956
f 3962 3956 2833
f 3962 2032 3950
f 3963 3952 3962
f 3964 3956 3945
f 3964 3957 3956
f 3965 3964 3945
f 3966 3947 3955
f 3966 3965 3945
f 3966 3955 3948
f 3966 3945 3944
f 3966 3944 3947
f 3967 2835 2834
f 3967 2836 2835
f 3967 2837 2836
f 3967 2834 3957
f 3968 2838 2837
f 3968 2837 3967
f 3969 3961 3940
f 3969 3962 3961
f 3969 3963 3962
f 3970 3940 3936
f 3970 3969 3940
f 3971 3952 3963
f 3971 3953 3952
f 3972 3936 3937
f 3972 3970 3936
f 3972 3953 3971
f 3972 3937 3953
f 3973 2843 2842
f 3973 3966 3948
f 3973 3948 2843
f 3974 2839 2838
f 3974 2840 2839
f 3974 2841 2840
f 3974 2842 2841
f 3974 2838 3968
f 3974 3968 3973
f 3974 3973 2842
f 3975 3963 3969
f 3975 3969 3970
f 3976 3963 3975
f 3976 3971 3963
f 3976 3970 3972
f 3976 3972 3971
f 3976 3975 3970
f 3977 3965 3966
f 3977 3964 3965
f 3977 3957 3964
f 3977 3967 3957
f 3977 3968 3967
f 3977 3966 3973
f 3977 3973 3968
f 3978 2019 2091
f 3978 2091 2092
f 3978 2092 2093
f 3979 2729 2019
f 3979 2019 3978
f 3980 2730 2729
f 3980 2731 2730
f 3980 2729 3979
f 3981 2093 2094
f 3981 2094 2095
f 3981 2095 2096
f 3981 2096 2097
f 3981 3978 2093
f 3981 3982 3978
f 3983 2097 2098
f 3983 3981 2097
f 3984 2098 2099
f 3984 3983 2098
f 3985 3984 2099
f 3986 2099 2100
f 3986 2100 2101
f 3986 2101 2102
f 3986 2102 2090
f 3986 3985 2099
f 3987 3985 3986
f 3987 3984 3985
f 3987 3986 2090
f 3988 3989 3990
f 3991 3988 3990
f 3992 3983 3984
f 3992 3984 3987
f 3992 3981 3983
f 3992 3982 3981
f 3993 3982 3992
f 3993 3978 3982
f 3993 3994 3979
f 3993 3979 3978
f 3993 3992 3987
f 3995 3993 3987
f 3995 3980 3979
f 3995 3996 3980
f 3995 3979 3994
f 3995 3994 3993
f 3995 3987 3990
f 3997 3996 3995
f 3997 3995 3990
f 3997 3989 3998
f 3997 3990 3989
f 3999 3997 3998
f 3999 3980 3996
f 3999 3996 3997
f 4000 3980 3999
f 4000 2732 2731
f 4000 2733 2732
f 4000 2734 2733
f 4000 2731 3980
f 4001 3991 3990
f 4001 2090 2742
f 4001 3987 2090
f 4001 3990 3987
f 4002 2742 2741
f 4002 4001 2742
f 4003 4000 3999
f 4003 2734 4000
f 4003 3999 3998
f 4004 3989 3988
f 4004 3988 3991
f 4004 4001 4002
f 4004 3991 4001
f 4005 2735 2734
f 4005 2736 2735
f 4005 2737 2736
f 4005 4004 4002
f 4005 2738 2737
f 4005 2734 4003
f 4006 2738 4005
f 4006 4005 4002
f 4007 2739 2738
f 4007 2740 2739
f 4007 2741 2740
f 4007 2738 4006
f 4007 4002 2741
f 4007 4006 4002
f 4008 3989 4004
f 4008 4003 3998
f 4008 4005 4003
f 4008 4004 4005
f 4008 3998 3989
f 4009 2137 2138
f 4010 2138 2139
f 4010 2139 2032
f 4010 4009 2138
f 4011 2830 2137
f 4011 2137 4009
f 4012 4011 4009
f 4012 4009 4010
f 4012 4010 2032
f 4013 2831 2830
f 4013 2830 4011
f 4014 2832 2831
f 4014 4011 4012
f 4014 2831 4013
f 4014 4013 4011
f 4015 2032 2833
f 4015 2833 2832
f 4015 4012 2032
f 4015 2832 4014
f 4015 4014 4012
f 4016 2090 2148
f 4017 2148 2149
f 4017 2149 2147
f 4017 4016 2148
f 4018 2742 2090
f 4018 2090 4016
f 4019 4018 4016
f 4019 4016 4017
f 4019 4017 2147
f 4020 2743 2742
f 4020 2742 4018
f 4021 2744 2743
f 4021 4018 4019
f 4021 2743 4020
f 4021 4020 4018
f 4022 2147 2745
f 4022 2745 2744
f 4022 4019 2147
f 4022 2744 4021
f 4022 4021 4019
f 4023 2157 2158
f 4023 2158 2159
f 4023 2159 2160
f 4024 2817 2157
f 4024 2157 4023
f 4025 2818 2817
f 4025 2819 2818
f 4025 2817 4024
f 4026 2160 2161
f 4026 2161 2162
f 4026 4023 2160
f 4026 4027 4023
f 4028 4029 4030
f 4028 4031 4029
f 4032 4033 4034
f 4035 4032 4034
f 4036 2169 2137
f 4037 4036 2137
f 4037 4028 4030
f 4038 4039 4031
f 4038 4031 4028
f 4038 4026 4039
f 4038 4027 4026
f 4040 4027 4038
f 4040 4023 4027
f 4041 4037 2137
f 4041 4028 4037
f 4041 2137 2830
f 4042 4025 4024
f 4042 4043 4025
f 4042 4024 4044
f 4045 4043 4042
f 4045 4042 4034
f 4045 4046 4043
f 4045 4033 4046
f 4045 4034 4033
f 4047 2820 2819
f 4047 2821 2820
f 4047 2822 2821
f 4047 2819 4025
f 4048 4035 4034
f 4048 4041 2830
f 4049 2830 2829
f 4049 4048 2830
f 4050 2162 2163
f 4050 2163 2164
f 4050 2164 2165
f 4050 2165 2166
f 4050 4026 2162
f 4051 4050 2166
f 4051 4036 4050
f 4052 2166 2167
f 4052 2167 2168
f 4052 2168 2169
f 4052 4036 4051
f 4052 2169 4036
f 4052 4051 2166
f 4053 4031 4039
f 4053 4026 4050
f 4053 4030 4029
f 4053 4050 4036
f 4053 4039 4026
f 4053 4029 4031
f 4054 4037 4030
f 4054 4053 4036
f 4054 4030 4053
f 4054 4036 4037
f 4055 4028 4041
f 4055 4040 4038
f 4055 4038 4028
f 4056 4048 4034
f 4056 4034 4042
f 4056 4041 4048
f 4057 4047 4025
f 4057 2822 4047
f 4057 4025 4043
f 4057 4043 4046
f 4058 4033 4032
f 4058 4032 4035
f 4058 4048 4049
f 4058 4035 4048
f 4059 2823 2822
f 4059 2824 2823
f 4059 2825 2824
f 4059 2826 2825
f 4059 4058 4049
f 4059 2822 4057
f 4060 2826 4059
f 4060 4059 4049
f 4061 2827 2826
f 4061 2828 2827
f 4061 2829 2828
f 4061 4049 2829
f 4061 4060 4049
f 4061 2826 4060
f 4062 4023 4040
f 4062 4044 4024
f 4062 4024 4023
f 4063 4055 4041
f 4063 4056 4064
f 4063 4064 4040
f 4063 4040 4055
f 4063 4041 4056
f 4065 4064 4056
f 4065 4042 4044
f 4065 4056 4042
f 4066 4033 4058
f 4066 4057 4046
f 4066 4058 4059
f 4066 4059 4057
f 4066 4046 4033
f 4067 4040 4064
f 4067 4062 4040
f 4067 4064 4065
f 4067 4044 4062
f 4067 4065 4044
f 4068 2219 2220
f 4068 2220 2221
f 4068 2221 2208
f 4069 2208 2759
f 4069 4068 2208
f 4070 2757 2756
f 4070 2758 2757
f 4070 2759 2758
f 4070 4069 2759
f 4071 4072 4073
f 4074 4072 4071
f 4075 2218 2219
f 4075 4072 4074
f 4075 2219 4068
f 4075 4068 4072
f 4076 4077 4078
f 4079 4076 4078
f 4080 2756 2755
f 4080 4070 2756
f 4080 4081 4070
f 4082 2147 2209
f 4082 2209 2210
f 4083 4084 4069
f 4083 4070 4081
f 4083 4069 4070
f 4085 4086 4079
f 4085 4081 4080
f 4085 4078 4083
f 4085 4080 4086
f 4085 4083 4081
f 4085 4079 4078
f 4087 4078 4077
f 4088 2746 2745
f 4088 2745 4087
f 4089 2210 2211
f 4089 2211 2212
f 4089 2212 2213
f 4089 4082 2210
f 4090 4082 4089
f 4090 4089 2213
f 4091 2213 2214
f 4091 2214 2215
f 4091 4090 2213
f 4091 4082 4090
f 4092 4073 4082
f 4092 4082 4091
f 4092 4075 4074
f 4092 4071 4073
f 4092 4074 4071
f 4093 2745 2147
f 4093 4082 4073
f 4093 4083 4078
f 4093 4078 4087
f 4093 2147 4082
f 4093 4087 2745
f 4094 4087 4077
f 4094 4088 4087
f 4095 4094 4077
f 4096 4079 4086
f 4096 4095 4077
f 4096 4086 4080
f 4096 4077 4076
f 4096 4076 4079
f 4097 2747 2746
f 4097 2748 2747
f 4097 2749 2748
f 4097 2746 4088
f 4098 2750 2749
f 4098 2749 4097
f 4099 4092 4091
f 4099 2215 2216
f 4099 2216 2217
f 4099 2217 2218
f 4099 4075 4092
f 4099 2218 4075
f 4099 4091 2215
f 4100 4073 4072
f 4100 4093 4073
f 4101 4100 4072
f 4101 4072 4068
f 4102 4084 4083
f 4102 4083 4093
f 4103 4069 4084
f 4103 4101 4068
f 4103 4084 4102
f 4103 4068 4069
f 4104 2755 2754
f 4104 4096 4080
f 4104 4080 2755
f 4105 2751 2750
f 4105 2752 2751
f 4105 2753 2752
f 4105 2754 2753
f 4105 2750 4098
f 4105 4098 4104
f 4105 4104 2754
f 4106 4100 4101
f 4107 4102 4093
f 4107 4103 4102
f 4107 4101 4103
f 4107 4106 4101
f 4108 4095 4096
f 4108 4088 4094
f 4108 4094 4095
f 4108 4097 4088
f 4108 4098 4097
f 4108 4096 4104
f 4108 4104 4098
f 4109 4093 4100
f 4109 4106 4107
f 4109 4100 4106
f 4109 4107 4093
f 4110 2267 2268
f 4111 2811 2267
f 4111 2267 4110
f 4112 2268 2269
f 4112 2269 2270
f 4112 2270 2271
f 4112 2271 2272
f 4112 2272 2157
f 4112 4110 2268
f 4113 2812 2811
f 4113 2811 4111
f 4114 4110 4112
f 4114 4111 4110
f 4114 4112 2157
f 4115 2813 2812
f 4115 2814 2813
f 4115 4111 4114
f 4115 4113 4111
f 4115 2812 4113
f 4116 2157 2817
f 4116 2815 2814
f 4116 2816 2815
f 4116 2817 2816
f 4116 4115 4114
f 4116 4114 2157
f 4116 2814 4115
f 4117 2208 2281
f 4117 2281 2282
f 4118 2282 2283
f 4118 2283 2284
f 4118 2284 2285
f 4118 2285 2280
f 4118 4117 2282
f 4119 2759 2208
f 4119 2208 4117
f 4120 2280 2765
f 4120 4119 4117
f 4120 4118 2280
f 4120 4117 4118
f 4121 2760 2759
f 4121 2761 2760
f 4121 2759 4119
f 4122 2762 2761
f 4122 2763 2762
f 4122 2764 2763
f 4122 2765 2764
f 4122 2761 4121
f 4122 4119 4120
f 4122 4120 2765
f 4122 4121 4119
f 4123 2292 2267
f 4123 4124 2292
f 4125 2810 2292
f 4125 2292 4124
f 4126 4125 4124
f 4126 4123 2267
f 4126 4124 4123
f 4127 2810 4125
f 4128 2811 2810
f 4128 4125 4126
f 4128 2810 4127
f 4128 4127 4125
f 4129 2267 2811
f 4129 4126 2267
f 4129 2811 4128
f 4129 4128 4126
f 4130 2280 2301
f 4131 2301 2302
f 4131 2302 2300
f 4131 4130 2301
f 4132 2765 2280
f 4132 2280 4130
f 4133 4132 4130
f 4133 4131 2300
f 4133 4130 4131
f 4134 2766 2765
f 4134 2765 4132
f 4135 2767 2766
f 4135 4132 4133
f 4135 2766 4134
f 4135 4134 4132
f 4136 2300 2768
f 4136 2768 2767
f 4136 4133 2300
f 4136 2767 4135
f 4136 4135 4133
f 4137 2310 2311
f 4137 2311 2312
f 4138 2312 2313
f 4138 2313 2314
f 4138 2314 2315
f 4138 2315 2292
f 4138 4137 2312
f 4139 2804 2310
f 4139 2310 4137
f 4140 2292 2810
f 4140 4139 4137
f 4140 4138 2292
f 4140 4137 4138
f 4141 2805 2804
f 4141 2806 2805
f 4141 2804 4139
f 4142 2807 2806
f 4142 2808 2807
f 4142 2809 2808
f 4142 2810 2809
f 4142 2806 4141
f 4142 4139 4140
f 4142 4140 2810
f 4142 4141 4139
f 4143 2300 2323
f 4144 2768 2300
f 4144 2300 4143
f 4145 2323 2324
f 4145 2324 2325
f 4145 2325 2326
f 4145 2326 2327
f 4145 2327 2322
f 4145 4143 2323
f 4146 2769 2768
f 4146 2768 4144
f 4147 4143 4145
f 4147 4144 4143
f 4147 4145 2322
f 4148 2770 2769
f 4148 2771 2770
f 4148 4144 4147
f 4148 4146 4144
f 4148 2769 4146
f 4149 2322 2774
f 4149 2772 2771
f 4149 2773 2772
f 4149 2774 2773
f 4149 4148 4147
f 4149 4147 2322
f 4149 2771 4148
f 4150 2346 2347
f 4150 2347 2348
f 4150 2348 2310
f 4151 2310 2804
f 4151 4150 2310
f 4152 2802 2801
f 4152 2803 2802
f 4152 2804 2803
f 4152 4151 2804
f 4153 2345 2346
f 4153 4150 4154
f 4153 2346 4150
f 4155 4156 4157
f 4158 4155 4157
f 4159 2801 2800
f 4159 4152 2801
f 4159 4160 4152
f 4161 2335 2336
f 4161 2336 2337
f 4162 4163 4161
f 4162 4164 4165
f 4162 4165 4163
f 4162 4153 4164
f 4166 4152 4160
f 4166 4151 4152
f 4166 4167 4151
f 4168 4169 4158
f 4168 4160 4159
f 4168 4157 4166
f 4168 4159 4169
f 4168 4166 4160
f 4168 4158 4157
f 4170 4157 4156
f 4171 2791 2790
f 4171 2790 4170
f 4172 2337 2338
f 4172 2338 2339
f 4172 2339 2340
f 4172 4161 2337
f 4172 4162 4161
f 4173 4162 4172
f 4173 4172 2340
f 4174 2340 2341
f 4174 2341 2342
f 4174 4153 4162
f 4174 4173 2340
f 4174 4162 4173
f 4175 4166 4157
f 4175 4157 4170
f 4176 4170 4156
f 4176 4171 4170
f 4177 4176 4156
f 4178 4158 4169
f 4178 4177 4156
f 4178 4169 4159
f 4178 4156 4155
f 4178 4155 4158
f 4179 2792 2791
f 4179 2793 2792
f 4179 2794 2793
f 4179 2791 4171
f 4180 2795 2794
f 4180 2794 4179
f 4181 2342 2343
f 4181 2343 2344
f 4181 2344 2345
f 4181 4174 2342
f 4181 2345 4153
f 4181 4153 4174
f 4182 2790 2335
f 4182 4175 4170
f 4182 4170 2790
f 4182 2335 4161
f 4183 4154 4150
f 4183 4184 4154
f 4185 4166 4175
f 4185 4167 4166
f 4186 4150 4151
f 4186 4183 4150
f 4186 4167 4185
f 4186 4151 4167
f 4187 2800 2799
f 4187 4178 4159
f 4187 4159 2800
f 4188 2796 2795
f 4188 2797 2796
f 4188 2798 2797
f 4188 2799 2798
f 4188 2795 4180
f 4188 4180 4187
f 4188 4187 2799
f 4189 4161 4163
f 4189 4182 4161
f 4190 4189 4163
f 4190 4182 4189
f 4191 4165 4164
f 4191 4163 4165
f 4191 4190 4163
f 4191 4164 4153
f 4192 4153 4154
f 4192 4191 4153
f 4193 4175 4182
f 4193 4184 4175
f 4193 4154 4184
f 4193 4192 4154
f 4194 4175 4184
f 4194 4184 4183
f 4195 4185 4175
f 4195 4183 4186
f 4195 4186 4185
f 4195 4175 4194
f 4195 4194 4183
f 4196 4177 4178
f 4196 4171 4176
f 4196 4176 4177
f 4196 4179 4171
f 4196 4180 4179
f 4196 4178 4187
f 4196 4187 4180
f 4197 4182 4190
f 4197 4190 4191
f 4197 4193 4182
f 4197 4191 4192
f 4197 4192 4193
f 4198 2322 2397
f 4198 2397 2398
f 4198 2398 2399
f 4199 2774 2322
f 4199 2322 4198
f 4200 2775 2774
f 4200 2776 2775
f 4200 2774 4199
f 4201 2399 2400
f 4201 2400 2401
f 4201 4198 2399
f 4201 4202 4198
f 4203 4204 4205
f 4203 4206 4204
f 4207 4208 4209
f 4210 4207 4209
f 4211 2408 2396
f 4212 4211 2396
f 4212 4203 4205
f 4213 4214 4206
f 4213 4206 4203
f 4213 4201 4214
f 4213 4202 4201
f 4215 4202 4213
f 4215 4198 4202
f 4216 4203 4212
f 4216 2396 2787
f 4216 4212 2396
f 4217 4200 4199
f 4217 4218 4200
f 4217 4199 4219
f 4220 4218 4217
f 4220 4217 4209
f 4220 4221 4218
f 4220 4208 4221
f 4220 4209 4208
f 4222 2777 2776
f 4222 2778 2777
f 4222 2779 2778
f 4222 2776 4200
f 4223 4210 4209
f 4223 4216 2787
f 4224 2787 2786
f 4224 4223 2787
f 4225 2401 2402
f 4225 2402 2403
f 4225 2403 2404
f 4225 2404 2405
f 4226 2405 2406
f 4226 2406 2407
f 4226 2407 2408
f 4226 4211 4225
f 4226 2408 4211
f 4226 4225 2405
f 4227 4206 4214
f 4227 4225 4211
f 4227 2401 4225
f 4227 4201 2401
f 4227 4214 4201
f 4227 4205 4204
f 4227 4204 4206
f 4228 4211 4212
f 4228 4227 4211
f 4228 4205 4227
f 4228 4212 4205
f 4229 4203 4216
f 4229 4215 4213
f 4229 4213 4203
f 4230 4223 4209
f 4230 4209 4217
f 4230 4216 4223
f 4231 4222 4200
f 4231 2779 4222
f 4231 4200 4218
f 4231 4218 4221
f 4232 4208 4207
f 4232 4207 4210
f 4232 4223 4224
f 4232 4210 4223
f 4233 2780 2779
f 4233 2781 2780
f 4233 2782 2781
f 4233 2783 2782
f 4233 4232 4224
f 4233 2779 4231
f 4234 4233 4224
f 4234 2783 4233
f 4235 2784 2783
f 4235 2785 2784
f 4235 2786 2785
f 4235 4224 2786
f 4235 4234 4224
f 4235 2783 4234
f 4236 4198 4215
f 4236 4219 4199
f 4236 4199 4198
f 4237 4229 4216
f 4237 4230 4238
f 4237 4238 4215
f 4237 4215 4229
f 4237 4216 4230
f 4239 4238 4230
f 4239 4230 4217
f 4239 4217 4219
f 4240 4208 4232
f 4240 4231 4221
f 4240 4232 4233
f 4240 4233 4231
f 4240 4221 4208
f 4241 4215 4238
f 4241 4236 4215
f 4241 4238 4239
f 4241 4219 4236
f 4241 4239 4219
f 4242 2396 2438
f 4243 2438 2439
f 4243 2439 2335
f 4243 4242 2438
f 4244 2787 2396
f 4244 2396 4242
f 4245 4244 4242
f 4245 4243 2335
f 4245 4242 4243
f 4246 2788 2787
f 4246 2787 4244
f 4247 2789 2788
f 4247 4244 4245
f 4247 2788 4246
f 4247 4246 4244
f 4248 2335 2790
f 4248 2790 2789
f 4248 4245 2335
f 4248 2789 4247
f 4248 4247 4245
