# SimpleCAD BREP tessellation for MuJoCo
v 21.7 -5.3149671083e-15 0
v 21.4040402838 3.57170260909 0
v 20.5242341449 7.04597848174 0
v 19.0845804012 10.3280584289 0
v 17.1243490539 13.3284158654 0
v 14.6970101043 15.9652088616 0
v 11.8687750313 18.1665125783 0
v 8.71679071497 19.8722811884 0
v 5.32703507096 21.0359857709 0
v 1.79197179675 21.6258834982 0
v -1.79197179675 21.6258834982 0
v -5.32703507096 21.0359857709 0
v -8.71679071497 19.8722811884 0
v -11.8687750313 18.1665125783 0
v -14.6970101043 15.9652088616 0
v -17.1243490539 13.3284158654 0
v -19.0845804012 10.3280584289 0
v -20.5242341449 7.04597848174 0
v -21.4040402838 3.57170260909 0
v -21.7 -2.62527240071e-14 0
v -21.4040402838 -3.57170260909 0
v -20.5242341449 -7.04597848174 0
v -19.0845804012 -10.3280584289 0
v -17.1243490539 -13.3284158654 0
v -14.6970101043 -15.9652088616 0
v -11.8687750313 -18.1665125783 0
v -8.71679071497 -19.8722811884 0
v -5.32703507096 -21.0359857709 0
v -1.79197179675 -21.6258834982 0
v 1.79197179675 -21.6258834982 0
v 5.32703507096 -21.0359857709 0
v 8.71679071497 -19.8722811884 0
v 11.8687750313 -18.1665125783 0
v 14.6970101043 -15.9652088616 0
v 17.1243490539 -13.3284158654 0
v 19.0845804012 -10.3280584289 0
v 20.5242341449 -7.04597848174 0
v 21.4040402838 -3.57170260909 0
v -14.3640415918 1.45454989569 0
v -14.3766855454 1.32375185694 0
v -14.3881384854 1.19284415407 0
v -14.3983994629 1.06183763193 0
v -12.6139682988 1.85749932903 0
v -13.0520469326 1.83170146445 0
v -13.4833737257 1.74878708818 0
v -13.9294648307 1.61882632955 0
v -12.4885551159 2.56875283285 0
v -12.8913909861 2.74282661295 0
v -13.2683472039 2.9682630921 8.35032055319e-18
v -13.6430865261 3.24295840162 8.66112015152e-17
v -13.9952692523 3.54596176041 0
v -13.8932395855 3.92674166077 2.22044604925e-16
v -13.9284042901 3.80012633763 0
v -13.9624151182 3.67319619907 0
v -12.0997824034 4.01967234867 0
v -12.5356853906 4.07033796806 0
v -12.9748572909 4.06358235908 0
v -13.4367387185 4.01305890385 0
v -11.8527666538 4.69834254294 0
v -13.1668998674 5.92234363516 1.7763568394e-15
v -12.6411782975 5.31519995369 0
v -12.2686045395 4.97875381875 0
v -12.0497957874 4.81701293955 0
v -13.0002985247 6.27962136751 -4.4408920985e-16
v -13.0569155185 6.1610359025 0
v -13.112450833 6.04194003628 0
v -12.1972721701 6.26715971607 -3.83749196949e-17
v -11.7000536827 6.19801506596 -1.35395667567e-21
v -11.4355054262 6.13436287044 0
v -11.2179507425 6.05970965806 0
v -10.8568378747 6.68517549234 0
v -10.9811390594 6.4789725233 0
v -11.1015243253 6.2704591263 0
v -11.17584303 6.98652932102 3.87695490811e-16
v -11.4529621893 7.32729693657 9.32027070307e-17
v -11.711150636 7.71359448859 3.06555719232e-18
v -11.9384608928 8.11877809539 -1.7763568394e-15
v -11.7123499717 8.44169795664 0
v -11.7886989761 8.33474550912 0
v -11.8640713645 8.22710258286 0
v -10.9236873349 8.28998156259 0
v -10.446029556 8.13554629085 0
v -10.1965534697 8.02692279256 -2.62979437188e-18
v -9.99526732476 7.91562575584 8.881784197e-16
v -9.53102957053 8.46888276726 0
v -9.7928587776 8.82105301804 1.93825813128e-16
v -10.0065941988 9.20476484482 -1.50743411934e-17
v -10.1937803168 9.63002762228 -1.06746360494e-16
v -10.3472778251 10.0685275915 8.881784197e-16
v -10.0685275915 10.3472778251 0
v -10.1622887806 10.255208091 0
v -10.255208091 10.1622887806 0
v -8.46888276726 9.53102957053 0
v -8.82105301804 9.7928587776 0
v -9.20476484482 10.0065941988 0
v -9.63002762228 10.1937803168 0
v -7.91562575584 9.99526732476 0
v -8.10295623094 9.8440134254 0
v -8.28739715887 9.6892491108 0
v -8.11232346665 10.3875534828 0
v -8.25618090703 10.8025506311 0
v -8.36667714104 11.2538572397 0
v -8.44169795664 11.7123499717 -8.881784197e-16
v -8.11877809539 11.9384608928 0
v -8.22710258286 11.8640713645 0
v -8.33474550912 11.7886989761 0
v -7.42956769814 11.5261556087 -1.87840067031e-16
v -7.03353618185 11.2176653415 -2.67532961297e-16
v -6.83625676898 11.0302667949 -2.62979437187e-18
v -6.68517549234 10.8568378747 4.4408920985e-16
v -6.05970965806 11.2179507425 0
v -6.2704591263 11.1015243253 0
v -6.4789725233 10.9811390594 0
v -6.1852993122 11.6384333913 -2.04650029899e-16
v -6.25490773627 12.0721063828 -4.66013535153e-17
v -6.28535671405 12.5357440996 -1.53277859616e-18
v -6.27962136751 13.0002985247 -4.4408920985e-16
v -5.92234363516 13.1668998674 0
v -6.04194003628 13.112450833 0
v -6.1610359025 13.0569155185 0
v -4.69834254294 11.8527666538 -4.4408920985e-16
v -4.93972346593 12.2192549472 0
v -5.22719281869 12.5513377193 0
v -5.56278768962 12.8726835693 0
v -4.01967234867 12.0997824034 0
v -4.24743729411 12.0217210262 0
v -4.47368758612 11.9393726544 0
v -3.92674166077 13.8932395855 -2.22044604925e-16
v -4.0539133929 13.1002490625 0
v -4.07216028965 12.5985775987 0
v -4.05541343664 12.3269953369 0
v -3.54596176041 13.9952692523 0
v -3.67319619907 13.9624151182 0
v -3.80012633763 13.9284042901 0
v -2.56875283285 12.4885551159 -5.55111512313e-17
v -2.74282661295 12.8913909861 0
v -2.9682630921 13.2683472039 0
v -3.24295840162 13.6430865261 0
v -1.85749932903 12.6139682988 0
v -1.83170146445 13.0520469326 -1.73945750265e-17
v -1.74878708818 13.4833737257 -1.7544325141e-16
v -1.61882632955 13.9294648307 -2.20511826329e-16
v -1.45454989569 14.3640415918 -2.22044604925e-16
v -1.06183763193 14.3983994629 2.22044604925e-16
v -1.19284415407 14.3881384854 0
v -1.32375185694 14.3766855454 0
v -0.671116561358 13.6967274142 1.88077799744e-17
v -0.482388341174 13.2315512478 -2.17829554349e-16
v -0.405238631263 12.9706196394 -6.64195066006e-17
v -0.361112867791 12.7448851504 0
v 0.361112867791 12.7448851504 0
v 0.462590361277 13.1718286332 1.93847745405e-16
v 0.619144193467 13.5822046728 5.49516740685e-17
v 0.824593463595 13.9989512026 8.81439801114e-17
v 1.06183763193 14.3983994629 -4.4408920985e-16
v 1.45454989569 14.3640415918 0
v 1.32375185694 14.3766855454 0
v 1.19284415407 14.3881384854 0
v 1.85749932903 12.6139682988 0
v 1.83170146445 13.0520469326 0
v 1.74878708818 13.4833737257 0
v 1.61882632955 13.9294648307 0
v 2.56875283285 12.4885551159 0
v 2.33247191544 12.534834453 0
v 2.09535922905 12.5766438171 0
v 2.74282661295 12.8913909861 -2.15826367087e-17
v 2.9682630921 13.2683472039 7.00260152619e-17
v 3.24295840162 13.6430865261 1.94890340605e-16
v 3.54596176041 13.9952692523 0
v 3.92674166077 13.8932395855 0
v 4.0539133929 13.1002490625 0
v 4.07216028965 12.5985775987 0
v 4.05541343664 12.3269953369 0
v 4.01967234867 12.0997824034 8.881784197e-16
v 4.69834254294 11.8527666538 0
v 5.92234363516 13.1668998674 0
v 5.31519995369 12.6411782975 0
v 4.97875381875 12.2686045395 0
v 4.81701293955 12.0497957874 0
v 6.27962136751 13.0002985247 0
v 6.1610359025 13.0569155185 0
v 6.04194003628 13.112450833 0
v 6.26715971607 12.1972721701 2.5326866779e-17
v 6.19801506596 11.7000536827 1.73743732582e-16
v 6.13436287044 11.4355054262 6.64195066006e-17
v 6.05970965806 11.2179507425 0
v 6.68517549234 10.8568378747 0
v 6.98652932102 11.17584303 2.39430010049e-17
v 7.32729693657 11.4529621893 2.10834472296e-16
v 7.71359448859 11.711150636 5.12429714479e-17
v 8.11877809539 11.9384608928 0
v 8.44169795664 11.7123499717 -2.22044604925e-16
v 8.33474550912 11.7886989761 0
v 8.22710258286 11.8640713645 0
v 7.91562575584 9.99526732476 0
v 8.11232346665 10.3875534828 0
v 8.25618090703 10.8025506311 0
v 8.36667714104 11.2538572397 0
v 8.46888276726 9.53102957053 0
v 8.82105301804 9.7928587776 0
v 9.20476484482 10.0065941988 0
v 9.63002762228 10.1937803168 0
v 10.0685275915 10.3472778251 0
v 10.3472778251 10.0685275915 -2.22044604925e-16
v 10.255208091 10.1622887806 0
v 10.1622887806 10.255208091 0
v 9.53102957053 8.46888276726 0
v 9.7928587776 8.82105301804 0
v 10.0065941988 9.20476484482 0
v 10.1937803168 9.63002762228 0
v 9.99526732476 7.91562575584 2.22044604925e-16
v 9.8440134254 8.10295623094 0
v 9.6892491108 8.28739715887 0
v 10.3875534828 8.11232346665 -2.11198455877e-16
v 10.8025506311 8.25618090703 -9.03428949545e-17
v 11.2538572397 8.36667714104 8.11248747696e-17
v 11.7123499717 8.44169795664 1.7763568394e-15
v 11.9384608928 8.11877809539 0
v 11.8640713645 8.22710258286 0
v 11.7886989761 8.33474550912 0
v 11.5261556087 7.42956769814 -2.32354393657e-16
v 11.2176653415 7.03353618185 -4.41277370857e-16
v 11.0302667949 6.83625676898 -1.971627146e-16
v 10.8568378747 6.68517549234 0
v 11.2179507425 6.05970965806 2.22044604925e-16
v 13.0002985247 6.27962136751 -1.7763568394e-15
v 12.1972721701 6.26715971607 0
v 11.7000536827 6.19801506596 0
v 11.4355054262 6.13436287044 0
v 13.1668998674 5.92234363516 0
v 13.112450833 6.04194003628 0
v 13.0569155185 6.1610359025 0
v 12.6411782975 5.31519995369 -3.83749196949e-17
v 12.2686045395 4.97875381875 -1.35395667558e-21
v 12.0497957874 4.81701293955 1.17595937641e-16
v 11.8527666538 4.69834254294 0
v 12.0997824034 4.01967234867 -2.22044604925e-16
v 12.5356853906 4.07033796806 -4.22440776309e-16
v 12.9748572909 4.06358235908 -3.04037179326e-16
v 13.4367387185 4.01305890385 -5.43085286402e-17
v 13.8932395855 3.92674166077 0
v 13.9952692523 3.54596176041 0
v 13.9624151182 3.67319619907 0
v 13.9284042901 3.80012633763 0
v 12.4885551159 2.56875283285 0
v 12.8913909861 2.74282661295 0
v 13.2683472039 2.9682630921 0
v 13.6430865261 3.24295840162 0
v 12.6139682988 1.85749932903 2.22044604925e-16
v 12.5766438171 2.09535922905 0
v 12.534834453 2.33247191544 0
v 13.0520469326 1.83170146445 0
v 13.4833737257 1.74878708818 0
v 13.9294648307 1.61882632955 0
v 14.3640415918 1.45454989569 0
v 14.3983994629 1.06183763193 0
v 13.6967274142 0.671116561358 0
v 13.2315512478 0.482388341174 0
v 12.9706196394 0.405238631263 0
v 12.7448851504 0.361112867791 1.7763568394e-15
v 12.7448851504 -0.361112867791 0
v 12.7494316496 -0.120385265889 0
v 12.7494316496 0.120385265889 0
v 13.1718286332 -0.462590361277 0
v 13.5822046728 -0.619144193467 0
v 13.9989512026 -0.824593463595 0
v 14.3983994629 -1.06183763193 0
v 14.3640415918 -1.45454989569 2.22044604925e-16
v 14.3766855454 -1.32375185694 0
v 14.3881384854 -1.19284415407 0
v 12.6139682988 -1.85749932903 -1.7763568394e-15
v 13.0520469326 -1.83170146444 0
v 13.4833737257 -1.74878708818 0
v 13.9294648307 -1.61882632955 0
v 12.4885551159 -2.56875283285 0
v 12.8913909861 -2.74282661295 0
v 13.2683472039 -2.9682630921 -8.35032055319e-18
v 13.6430865261 -3.24295840162 -8.66112015152e-17
v 13.9952692523 -3.54596176041 0
v 13.8932395855 -3.92674166077 0
v 13.1002490625 -4.0539133929 -2.32354393657e-16
v 12.5985775987 -4.07216028965 -4.41277370857e-16
v 12.3269953369 -4.05541343664 -2.62979437188e-18
v 12.0997824034 -4.01967234867 0
v 11.8527666538 -4.69834254294 0
v 11.9393726544 -4.47368758612 0
v 12.0217210262 -4.24743729411 0
v 13.1668998674 -5.92234363516 -1.7763568394e-15
v 12.6411782975 -5.31519995369 0
v 12.2686045395 -4.97875381875 0
v 12.0497957874 -4.81701293955 0
v 13.0002985247 -6.27962136751 0
v 12.1972721701 -6.26715971607 3.83749196949e-17
v 11.7000536827 -6.19801506596 1.35395667571e-21
v 11.4355054262 -6.13436287044 -9.918907854e-17
v 11.2179507425 -6.05970965806 -1.7763568394e-15
v 10.8568378747 -6.68517549234 2.22044604925e-16
v 10.9811390594 -6.4789725233 0
v 11.1015243253 -6.2704591263 0
v 11.17584303 -6.98652932102 -4.22440776309e-16
v 11.4529621893 -7.32729693657 -3.04037179326e-16
v 11.711150636 -7.71359448859 -5.43085286402e-17
v 11.9384608928 -8.11877809539 0
v 11.7123499717 -8.44169795664 0
v 11.7886989761 -8.33474550912 0
v 11.8640713645 -8.22710258286 0
v 10.9236873349 -8.28998156259 -2.94972485797e-17
v 10.446029556 -8.13554629085 -2.19233442911e-16
v 10.1965534697 -8.02692279256 2.62979437187e-18
v 9.99526732476 -7.91562575584 0
v 9.53102957053 -8.46888276726 0
v 9.6892491108 -8.28739715887 0
v 9.8440134254 -8.10295623094 0
v 10.3472778251 -10.0685275915 1.7763568394e-15
v 10.0609165143 -9.31819178762 0
v 9.82588305847 -8.87460810721 0
v 9.67558872745 -8.64778439579 0
v 10.0685275915 -10.3472778251 -2.22044604925e-16
v 8.46888276726 -9.53102957053 0
v 8.82105301804 -9.7928587776 0
v 9.20476484482 -10.0065941988 0
v 9.63002762228 -10.1937803168 0
v 7.91562575584 -9.99526732476 0
v 8.11232346665 -10.3875534828 0
v 8.25618090703 -10.8025506311 -8.35032055319e-18
v 8.36667714104 -11.2538572397 -8.66112015152e-17
v 8.44169795664 -11.7123499717 -1.7763568394e-15
v 8.11877809539 -11.9384608928 0
v 8.22710258286 -11.8640713645 0
v 8.33474550912 -11.7886989761 0
v 7.42956769814 -11.5261556087 1.81700660099e-16
v 7.03353618185 -11.2176653415 9.37899056929e-17
v 6.83625676898 -11.0302667949 -6.64195066006e-17
v 6.68517549234 -10.8568378747 -1.7763568394e-15
v 6.05970965806 -11.2179507425 0
v 6.2704591263 -11.1015243253 0
v 6.4789725233 -10.9811390594 0
v 6.27962136751 -13.0002985247 0
v 6.26715971607 -12.1972721701 0
v 6.19801506596 -11.7000536827 0
v 6.13436287044 -11.4355054262 0
v 5.92234363516 -13.1668998674 0
v 5.31519995369 -12.6411782975 0
v 4.97875381875 -12.2686045395 0
v 4.81701293955 -12.0497957874 2.35191875283e-16
v 4.69834254294 -11.8527666538 8.881784197e-16
v 4.01967234867 -12.0997824034 0
v 4.24743729411 -12.0217210262 0
v 4.47368758612 -11.9393726544 0
v 4.07033796806 -12.5356853906 0
v 4.06358235908 -12.9748572909 0
v 4.01305890385 -13.4367387185 0
v 3.92674166077 -13.8932395855 0
v 3.54596176041 -13.9952692523 0
v 3.67319619907 -13.9624151182 0
v 3.80012633763 -13.9284042901 0
v 2.56875283285 -12.4885551159 8.881784197e-16
v 2.74282661295 -12.8913909861 0
v 2.9682630921 -13.2683472039 0
v 3.24295840162 -13.6430865261 0
v 1.85749932903 -12.6139682988 0
v 1.83170146444 -13.0520469326 0
v 1.74878708818 -13.4833737257 0
v 1.61882632955 -13.9294648307 0
v 1.45454989569 -14.3640415918 0
v 1.06183763193 -14.3983994629 -2.22044604925e-16
v 1.19284415407 -14.3881384854 0
v 1.32375185694 -14.3766855454 0
v 0.671116561358 -13.6967274142 4.45143266264e-17
v 0.482388341174 -13.2315512478 1.73744409561e-16
v 0.405238631263 -12.9706196394 0
v 0.361112867791 -12.7448851504 0
v -0.361112867791 -12.7448851504 0
v -0.462590361277 -13.1718286332 -2.21978808093e-16
v -0.619144193467 -13.5822046728 -4.53678413522e-17
v -0.824593463595 -13.9989512026 1.61816108289e-17
v -1.06183763193 -14.3983994629 -2.22044604925e-16
v -1.45454989569 -14.3640415918 0
v -1.85749932903 -12.6139682988 2.77555756156e-16
v -1.83170146445 -13.0520469326 0
v -1.74878708818 -13.4833737257 0
v -1.61882632955 -13.9294648307 0
v -2.56875283285 -12.4885551159 4.4408920985e-16
v -2.33247191544 -12.534834453 0
v -2.09535922905 -12.5766438171 0
v -2.74282661295 -12.8913909861 -2.193227747e-20
v -2.9682630921 -13.2683472039 -7.00260152619e-17
v -3.24295840162 -13.6430865261 -1.94890340605e-16
v -3.54596176041 -13.9952692523 -2.22044604925e-16
v -3.92674166077 -13.8932395855 0
v -4.0539133929 -13.1002490625 -1.05867408096e-16
v -4.07216028965 -12.5985775987 -1.40591949635e-18
v -4.05541343664 -12.3269953369 -3.53993663113e-17
v -4.01967234867 -12.0997824034 -2.22044604925e-16
v -4.69834254294 -11.8527666538 0
v -4.47368758612 -11.9393726544 0
v -4.24743729411 -12.0217210262 0
v -5.92234363516 -13.1668998674 0
v -5.31519995369 -12.6411782975 0
v -4.97875381875 -12.2686045395 0
v -4.81701293955 -12.0497957874 0
v -6.27962136751 -13.0002985247 0
v -6.26715971607 -12.1972721701 -2.5326866779e-17
v -6.19801506596 -11.7000536827 -1.73743732582e-16
v -6.13436287044 -11.4355054262 -6.64195066007e-17
v -6.05970965806 -11.2179507425 0
v -6.68517549234 -10.8568378747 -2.22044604925e-16
v -6.98652932102 -11.17584303 -2.28593030903e-16
v -7.32729693657 -11.4529621893 -2.49085505258e-16
v -7.71359448859 -11.711150636 3.38354514712e-17
v -8.11877809539 -11.9384608928 8.881784197e-16
v -8.44169795664 -11.7123499717 2.22044604925e-16
v -8.28998156259 -10.9236873349 0
v -8.13554629085 -10.446029556 0
v -8.02692279256 -10.1965534697 0
v -7.91562575584 -9.99526732476 0
v -8.46888276726 -9.53102957053 0
v -8.28739715887 -9.6892491108 0
v -8.10295623094 -9.8440134254 0
v -8.82105301804 -9.7928587776 2.193227747e-20
v -9.20476484482 -10.0065941988 6.16756947087e-17
v -9.63002762228 -10.1937803168 1.0827913909e-16
v -10.0685275915 -10.3472778251 8.881784197e-16
v -10.3472778251 -10.0685275915 0
v -10.255208091 -10.1622887806 0
v -10.1622887806 -10.255208091 0
v -10.0609165143 -9.31819178762 -6.135308147e-17
v -9.82588305847 -8.87460810721 1.72338490064e-16
v -9.67558872745 -8.64778439579 -3.53993663112e-17
v -9.53102957053 -8.46888276726 8.881784197e-16
v -9.99526732476 -7.91562575584 -2.22044604925e-16
v -9.8440134254 -8.10295623094 0
v -9.6892491108 -8.28739715887 0
v -10.3875534828 -8.11232346665 0
v -10.8025506311 -8.25618090703 0
v -11.2538572397 -8.36667714104 0
v -11.7123499717 -8.44169795664 1.7763568394e-15
v -11.9384608928 -8.11877809539 0
v -11.8640713645 -8.22710258286 0
v -11.7886989761 -8.33474550912 0
v -11.5261556087 -7.42956769814 5.06537335579e-17
v -11.2176653415 -7.03353618185 3.47487465164e-16
v -11.0302667949 -6.83625676898 2.35191875283e-16
v -10.8568378747 -6.68517549234 0
v -11.2179507425 -6.05970965806 0
v -11.1015243253 -6.2704591263 0
v -10.9811390594 -6.4789725233 0
v -11.6384333913 -6.1852993122 0
v -12.0721063828 -6.25490773627 -1.67006411064e-17
v -12.5357440996 -6.28535671405 -1.7322240303e-16
v -13.0002985247 -6.27962136751 0
v -13.1668998674 -5.92234363516 0
v -13.112450833 -6.04194003628 0
v -13.0569155185 -6.1610359025 0
v -12.6411782975 -5.31519995369 2.81428661264e-16
v -12.2686045395 -4.97875381875 -7.85472304146e-17
v -12.0497957874 -4.81701293955 0
v -11.8527666538 -4.69834254294 0
v -12.0997824034 -4.01967234867 0
v -12.0217210262 -4.24743729411 0
v -11.9393726544 -4.47368758612 0
v -12.5356853906 -4.07033796806 3.94265849067e-16
v -12.9748572909 -4.06358235908 1.98619943178e-16
v -13.4367387185 -4.01305890385 2.86870429163e-17
v -13.8932395855 -3.92674166077 1.7763568394e-15
v -13.9952692523 -3.54596176041 0
v -13.3721051805 -3.03933254828 1.91874598475e-17
v -12.9467683969 -2.77269454024 6.76978337858e-22
v -12.7031978324 -2.65140660948 -3.53993663113e-17
v -12.4885551159 -2.56875283285 0
v -12.6139682988 -1.85749932903 2.22044604925e-16
v -12.5766438171 -2.09535922905 0
v -12.534834453 -2.33247191544 0
v -13.0520469326 -1.83170146445 0
v -13.4833737257 -1.74878708818 -8.35032055319e-18
v -13.9294648307 -1.61882632955 -8.66112015152e-17
v -14.3640415918 -1.45454989569 0
v -14.3983994629 -1.06183763193 0
v -13.6967274142 -0.671116561358 -5.48241153586e-17
v -13.2315512478 -0.482388341174 -3.92977175493e-16
v -12.9706196394 -0.405238631263 1.32839013201e-16
v -12.7448851504 -0.361112867791 1.7763568394e-15
v -12.7448851504 0.361112867791 0
v -13.6967274142 0.671116561358 0
v -13.2315512478 0.482388341174 0
v -12.9706196394 0.405238631263 0
v 21.7 -5.3149671083e-15 4.6
v 21.4040402838 3.57170260909 4.6
v 20.5242341449 7.04597848174 4.6
v 19.0845804012 10.3280584289 4.6
v 17.1243490539 13.3284158654 4.6
v 14.6970101043 15.9652088616 4.6
v 11.8687750313 18.1665125783 4.6
v 8.71679071497 19.8722811884 4.6
v 5.32703507096 21.0359857709 4.6
v 1.79197179675 21.6258834982 4.6
v -1.79197179675 21.6258834982 4.6
v -5.32703507096 21.0359857709 4.6
v -8.71679071497 19.8722811884 4.6
v -11.8687750313 18.1665125783 4.6
v -14.6970101043 15.9652088616 4.6
v -17.1243490539 13.3284158654 4.6
v -19.0845804012 10.3280584289 4.6
v -20.5242341449 7.04597848174 4.6
v -21.4040402838 3.57170260909 4.6
v -21.7 -2.62527240071e-14 4.6
v -21.4040402838 -3.57170260909 4.6
v -20.5242341449 -7.04597848174 4.6
v -19.0845804012 -10.3280584289 4.6
v -17.1243490539 -13.3284158654 4.6
v -14.6970101043 -15.9652088616 4.6
v -11.8687750313 -18.1665125783 4.6
v -8.71679071497 -19.8722811884 4.6
v -5.32703507096 -21.0359857709 4.6
v -1.79197179675 -21.6258834982 4.6
v 1.79197179675 -21.6258834982 4.6
v 5.32703507096 -21.0359857709 4.6
v 8.71679071497 -19.8722811884 4.6
v 11.8687750313 -18.1665125783 4.6
v 14.6970101043 -15.9652088616 4.6
v 17.1243490539 -13.3284158654 4.6
v 19.0845804012 -10.3280584289 4.6
v 20.5242341449 -7.04597848174 4.6
v 21.4040402838 -3.57170260909 4.6
v 14.2521226561 -2.30616695965 2.3
v 14.1838463758 -2.69442168913 2.3
v 14.2077827855 -2.56521238299 2.3
v 14.2305421741 -2.43579056592 2.3
v 14.3655647751 -1.43942868547 0.575
v 14.3518684216 -1.57012071432 0.575
v 14.3309459381 -1.75082688178 1.15
v 14.3144167528 -1.88119092029 1.15
v 14.2895778168 -2.06140051085 1.725
v 14.2702235842 -2.19137516294 1.725
v 14.2496871577 -2.32116827405 1.725
v 12.4054275653 -2.9441241349 2.3
v 12.8440932854 -2.95640441451 2.3
v 13.2809845361 -2.91119787373 2.3
v 13.7366633812 -2.82040215339 2.3
v 14.0989520127 -1.85173734814 0.575
v 14.0554487334 -2.15725287573 1.15
v 12.8969415727 -2.12533889259 0.575
v 14.0053259175 -2.46175242621 1.725
v 12.8477841048 -2.40470599826 1.15
v 12.7925758605 -2.68294058659 1.725
v 12.6655867478 -1.46472261295 2.3
v 13.0821245925 -1.60283359426 2.3
v 13.4773823114 -1.79437714527 2.3
v 13.8747473444 -2.03518433626 2.3
v 13.1389459069 -0.741565856438 0.575
v 13.1197597504 -1.02651038021 1.15
v 13.0943947281 -1.31097145993 1.725
v 12.2188216132 -3.64182624309 2.3
v 12.5052973126 -2.48596844739 0.575
v 12.4982428007 -2.52119552894 1.15
v 12.4484062971 -2.75675183193 1.15
v 12.4405890078 -2.79181753312 1.725
v 12.3856525958 -3.02623690009 1.725
v 12.3262994097 -3.25957709866 1.725
v 12.7282030366 -0.745216383982 2.3
v 12.690986983 -1.22529563655 2.3
v 12.7118615606 -0.985431714747 2.3
v 12.7499493837 -0.035926473695 0.575
v 12.7469976378 -0.276678911208 0.575
v 12.7461674183 -0.312595817371 1.15
v 12.737991966 -0.553227508865 1.15
v 12.7363825339 -0.589117941311 1.725
v 12.7229872253 -0.829515559187 1.725
v 12.7050548477 -1.06961736844 1.725
v 13.6351391987 -4.74598622872 2.3
v 12.6050485918 -3.85017004592 2.3
v 12.9610402693 -4.10743940259 2.3
v 13.3105527047 -4.4135899051 2.3
v 12.810564236 -3.01185381799 0.575
v 12.7421894629 -3.28913775306 1.15
v 12.6678136443 -3.56487263991 1.725
v 14.4362432946 -0.190488293885 2.3
v 13.703338211 -0.518903819332 2.3
v 13.2235510849 -0.666591058361 2.3
v 12.9569131952 -0.720827740849 2.3
v 14.2063080675 0.624652027031 0.575
v 14.2165179153 0.316223701613 1.15
v 13.158748395 0.170763410759 0.575
v 14.2200323697 0.00764644787535 1.725
v 13.1593553996 -0.114825667772 1.15
v 13.1537648907 -0.40036066815 1.725
v 13.5004804622 -5.1164864448 2.3
v 13.861182691 -4.03844285015 0.575
v 13.8091987704 -4.21277053376 1.15
v 13.7702832229 -4.33828378669 1.15
v 13.7145285791 -4.51144235267 1.725
v 13.6728985193 -4.63608157052 1.725
v 13.63013575 -4.76033671958 1.725
v 14.4360625785 0.203724025511 2.3
v 14.4064798926 0.945908744899 0.575
v 14.4172545653 0.764314759041 1.15
v 14.4236139732 0.63306098029 1.15
v 14.4304454634 0.451275942364 1.725
v 14.4339551266 0.319915070074 1.725
v 14.4362690317 0.188527694929 1.725
v 11.7057194549 -5.05357616377 2.3
v 12.6994502383 -5.17442778888 2.3
v 12.1980858058 -5.14911153597 2.3
v 11.9289781104 -5.108881817 2.3
v 13.5632064354 -4.271862621 0.575
v 13.467311854 -4.56518241607 1.15
v 12.3319468253 -4.33258062078 0.575
v 13.3650747243 -4.85635219853 1.725
v 12.235024581 -4.59916740765 1.15
v 12.1323401448 -4.86358817639 1.725
v 12.7275144382 0.756885872603 2.3
v 13.1617068573 0.693204145091 2.3
v 13.5842209119 0.573206353605 2.3
v 14.0173648071 0.405059278791 2.3
v 13.0681073552 1.55125420842 0.575
v 13.0986927767 1.2673069911 1.15
v 13.1231092543 0.982762924474 1.725
v 11.4007937669 -5.70827482569 2.3
v 11.5065510292 -5.49197445482 2.3
v 11.6082050086 -5.27371562352 2.3
v 11.9687457736 -4.39449935783 0.575
v 11.8836298566 -4.61972309025 0.575
v 11.8705654001 -4.65318999015 1.15
v 11.7805821022 -4.87651364557 1.15
v 11.7667944799 -4.90968916192 1.725
v 11.6719861795 -5.13100756413 1.725
v 11.5730156014 -5.35049622817 1.725
v 12.6642384994 1.47633438966 2.3
v 12.7109527286 0.997086119787 2.3
v 12.6898582416 1.236930802 2.3
v 12.5624875703 2.17862480599 0.575
v 12.6013868901 1.94101737368 0.575
v 12.6068061888 1.90550195993 1.15
v 12.6405401946 1.66710635211 1.15
v 12.6451875217 1.63148170104 1.725
v 12.6737403262 1.39241019223 1.725
v 12.6977736233 1.15284214427 1.725
v 12.6038589364 -7.04160110781 2.3
v 11.7449745682 -5.98052102901 2.3
v 12.0508835771 -6.29569919212 2.3
v 12.3419236564 -6.65789077807 2.3
v 12.0929400532 -5.19062812536 0.575
v 11.9774541965 -5.45182633966 1.15
v 11.8563274531 -5.71045696864 1.725
v 14.250002266 2.31923299178 2.3
v 13.5852604149 1.86853920394 2.3
v 13.1384079533 1.63978150582 2.3
v 12.8852389933 1.54006761675 2.3
v 13.8820126404 3.08206166645 0.575
v 13.9456253943 2.7800919818 1.15
v 12.9291846842 2.45316181001 0.575
v 14.002670334 2.47681298851 1.725
v 12.9793744902 2.17201687655 1.15
v 13.0234515461 1.88984901274 1.725
v 12.4069092814 -7.38308934891 2.3
v 12.9493319385 -6.38405894353 0.575
v 12.8678660859 -6.54671128484 1.15
v 12.8077466053 -6.66356009551 1.15
v 12.7227703304 -6.8244063015 1.725
v 12.6601293517 -6.93992298555 1.725
v 12.5964395648 -7.05486474274 1.725
v 14.1813700445 2.70742495925 2.3
v 14.2283029482 2.44883675759 2.3
v 14.2054249093 2.57823765342 2.3
v 13.9915288179 3.56069200945 0.575
v 14.023357762 3.43319724556 0.575
v 14.065502208 3.25623308267 1.15
v 14.0945569817 3.12807764333 1.15
v 14.1328513268 2.95024060443 1.725
v 14.1591182464 2.82148484557 1.725
v 14.1842121764 2.69249534529 1.725
v 10.6503389822 -7.00947783815 2.3
v 11.6079870977 -7.30105299515 2.3
v 11.1186356386 -7.18906033295 2.3
v 10.8606021112 -7.10271173291 2.3
v 12.6153496939 -6.5621895098 0.575
v 12.4699775188 -6.83440119878 1.15
v 11.4811920974 -6.43148874574 0.575
v 12.3187324987 -7.10339416673 1.725
v 11.3389232396 -6.67911964512 1.15
v 11.1913142167 -6.92360495466 1.725
v 12.4027230429 2.95549676392 2.3
v 12.8413773194 2.96817922727 2.3
v 13.2783098339 2.92337326748 2.3
v 13.7340717332 2.83299537262 2.3
v 12.6002009742 3.79694019912 0.575
v 12.6796286513 3.52261788078 1.15
v 12.7530847463 3.24663655472 1.725
v 10.236358571 -7.60128036623 2.3
v 10.3780693081 -7.40663063991 2.3
v 10.5160791835 -7.20933967896 2.3
v 11.0238168264 -6.40608793074 0.575
v 10.9008843207 -6.61310978471 0.575
v 10.8822068765 -6.64379962813 1.15
v 10.7548108813 -6.84810505973 1.15
v 10.735471856 -6.87838236995 1.725
v 10.6036723696 -7.07987515975 1.725
v 10.4680915704 -7.27884323726 1.725
v 12.2154774838 3.65302748994 2.3
v 12.0728893783 4.09973682787 0.575
v 12.0843935326 4.0657020244 1.15
v 12.1590120059 3.83678603018 1.15
v 12.1697748853 3.80250959747 1.725
v 12.2394082404 3.57202826454 1.725
v 12.3046769727 3.34027313179 1.725
v 11.1896167982 -9.12326050047 2.3
v 10.5280354355 -7.92915690693 2.3
v 10.7745668856 -8.29266734748 2.3
v 10.9982915032 -8.69989500879 2.3
v 11.0078780061 -7.21168782373 0.575
v 10.8487900453 -7.44886394169 1.15
v 10.6845927518 -7.68253195201 1.725
v 13.6307821293 4.75848555658 2.3
v 13.0544013556 4.19920760903 2.3
v 12.6540609444 3.89633013872 2.3
v 12.4220533249 3.75416879913 2.3
v 13.1359192838 5.44582442172 0.575
v 13.2510021025 5.15948857391 1.15
v 12.3067742393 4.66102212903 0.575
v 13.3598442459 4.87072281981 1.725
v 12.4050218547 4.39286378718 1.15
v 12.4974272165 4.12263658769 1.725
v 10.9363604402 -9.42536081918 2.3
v 11.0216946322 -9.32543048253 2.3
v 11.1061157494 -9.22472759544 2.3
v 11.7212296922 -8.4293641961 0.575
v 11.6440222877 -8.5356986364 0.575
v 11.5355498018 -8.68173352632 1.15
v 11.4560530881 -8.78636750275 1.15
v 11.3444371433 -8.93001411817 1.725
v 11.2626885601 -9.03289835244 1.725
v 11.1800069375 -9.13503427062 1.725
v 13.4957837579 5.12886215562 2.3
v 13.5869070152 4.88235230298 2.3
v 13.5419063154 5.00581457867 2.3
v 13.1606583777 5.936200579 0.575
v 13.214143002 5.81616978519 0.575
v 13.2863766836 5.64921241182 1.15
v 13.3372440084 5.52804925006 1.15
v 13.4058376541 5.35956369862 1.725
v 13.4540637231 5.23732523178 1.725
v 13.5011752116 5.11465288706 1.725
v 9.27135334892 -8.75240007538 2.3
v 10.163821143 -9.20583940067 2.3
v 9.70135135388 -9.01057316955 2.3
v 9.46223221259 -8.88072934695 2.3
v 11.2841819357 -8.65312759097 0.575
v 11.0937492268 -8.89596015945 1.15
v 10.189950691 -8.32746806538 0.575
v 10.8980918197 -9.13460309766 1.725
v 10.0068425624 -8.54663216707 1.15
v 9.81902162374 -8.76177115757 1.725
v 11.7010811839 5.06430638161 2.3
v 12.1308690297 5.1529676856 2.3
v 12.5689440308 5.18471496393 2.3
v 13.0334758395 5.17485233563 2.3
v 11.7494438626 5.92725808322 0.575
v 11.8753004255 5.67089580868 1.15
v 11.9955642117 5.41186277613 1.725
v 8.7608967998 -9.26332484928 2.3
v 8.93425520266 -9.09624010093 2.3
v 9.10442761376 -8.92591159635 2.3
v 9.74393478329 -8.22303076351 0.575
v 9.58692093092 -8.40556048476 0.575
v 9.56319800364 -8.43254077634 1.15
v 9.40226017398 -8.61162026695 1.15
v 9.37795735221 -8.6380794103 1.725
v 9.21317134034 -8.81362433123 1.725
v 9.04509987409 -8.98602627786 1.725
v 11.3955553662 5.71872519846 2.3
v 11.1775632319 6.13388785312 0.575
v 11.1948026939 6.10236779021 1.15
v 11.3080383902 5.88988690623 1.15
v 11.3245897973 5.85800016395 1.725
v 11.4331879287 5.64311206557 1.725
v 11.5377089388 5.42621161047 1.725
v 9.43538381582 -10.9277142394 2.3
v 9.21515419002 -10.1553765342 2.3
v 9.01946402741 -9.69308596855 2.3
v 8.88940102396 -9.45408597455 2.3
v 9.58834715617 -9.01362403686 0.575
v 9.39049089821 -9.21957158216 1.15
v 9.1882121064 -9.42117708956 1.725
v 12.5973975752 7.05315394565 2.3
v 11.739486415 5.99128684814 2.3
v 12.0451063256 6.30674535023 2.3
v 12.3358142087 6.66920362287 2.3
v 11.9906976669 7.64411855767 0.575
v 12.1537538172 7.38211671654 1.15
v 11.3104286867 6.72725964925 0.575
v 12.3110860508 7.11663820294 1.725
v 11.4537489074 6.48023575452 1.15
v 11.5916748849 6.23015993607 1.725
v 9.13351582116 -11.1812474704 2.3
v 9.23490631588 -11.0976534271 2.3
v 9.33553175948 -11.0131400163 2.3
v 9.98491491186 -10.4279854455 0.575
v 10.0794141442 -10.3366733894 0.575
v 9.85273167423 -10.5529656878 1.15
v 9.75627319496 -10.6422055795 1.15
v 9.62140897409 -10.7642879747 1.725
v 9.52303667584 -10.8514136738 1.725
v 9.42387545677 -10.9376404047 1.725
v 12.4001349109 7.39446147072 2.3
v 11.9299079923 8.13134069782 0.575
v 12.0034231936 8.02242094902 0.575
v 12.1035513269 7.87054328047 1.15
v 12.174685625 7.76005387766 1.15
v 12.271494388 7.6060391619 1.725
v 12.3402142817 7.49403214103 1.725
v 12.4079118699 7.38140428899 1.725
v 7.61066233563 -10.2293850652 2.3
v 8.41083262604 -10.8309110344 2.3
v 7.98929641737 -10.5583043 2.3
v 7.77635717631 -10.3889104937 2.3
v 9.61015001935 -10.481144769 0.575
v 9.38044297826 -10.6872198722 1.15
v 8.58909278918 -9.97042148176 0.575
v 9.14631813547 -10.8882617358 1.725
v 8.37070903763 -10.1544595954 1.15
v 8.14838302741 -10.3337153775 1.725
v 10.6439078943 7.01923961256 2.3
v 11.0517704231 7.18118582832 2.3
v 11.4776772235 7.28852171978 2.3
v 11.9368643776 7.35947402901 2.3
v 10.5416858447 7.8774792298 0.575
v 10.7101472054 7.64686643704 1.15
v 10.8735645286 7.41265228563 1.725
v 7.01923961256 -10.6439078943 2.3
v 7.98166379984 -9.94261248289 0.575
v 7.95361619866 -9.96506344013 1.15
v 7.76402654906 -10.1134757501 1.15
v 7.73549835974 -10.1353127789 1.725
v 7.54273276204 -10.2795759873 1.725
v 7.34727739515 -10.4201734572 1.725
v 10.2293850652 7.61066233563 2.3
v 10.5094649094 7.21897827382 2.3
v 10.3712742066 7.41614261804 2.3
v 9.79012096759 8.16798821244 0.575
v 9.94261248289 7.98166379984 0.575
v 9.96506344013 7.95361619866 1.15
v 10.1134757501 7.76402654906 1.15
v 10.1353127789 7.73549835974 1.725
v 10.2795759873 7.54273276204 1.725
v 10.4201734572 7.34727739515 1.725
v 7.39446147072 -12.4001349109 2.3
v 7.18118582832 -11.0517704231 2.3
v 7.28852171978 -11.4776772235 2.3
v 7.35947402901 -11.9368643776 2.3
v 7.8774792298 -10.5416858447 0.575
v 7.64686643704 -10.7101472054 1.15
v 7.41265228563 -10.8735645286 1.725
v 11.1812474704 9.13351582116 2.3
v 10.5207611948 7.93880616128 2.3
v 10.7669592582 8.30254248042 2.3
v 10.9903104168 8.70997509159 2.3
v 10.481144769 9.61015001935 0.575
v 10.6872198722 9.38044297826 1.15
v 9.97042148176 8.58909278918 0.575
v 10.8882617358 9.14631813547 1.725
v 10.1544595954 8.37070903763 1.15
v 10.3337153775 8.14838302741 1.725
v 7.05315394565 -12.5973975752 2.3
v 7.16752004423 -12.5326797879 2.3
v 7.28129236101 -12.4669237506 2.3
v 8.13134069782 -11.9299079923 0.575
v 8.02242094902 -12.0034231936 0.575
v 7.87054328047 -12.1035513269 1.15
v 7.76005387766 -12.174685625 1.15
v 7.6060391619 -12.271494388 1.725
v 7.49403214103 -12.3402142817 1.725
v 7.38140428899 -12.4079118699 1.725
v 10.9277142394 9.43538381582 2.3
v 11.0976534271 9.23490631588 2.3
v 11.0131400163 9.33553175948 2.3
v 10.3366733894 10.0794141442 0.575
v 10.4279854455 9.98491491186 0.575
v 10.5529656878 9.85273167423 1.15
v 10.6422055795 9.75627319496 1.15
v 10.7642879747 9.62140897409 1.725
v 10.8514136738 9.52303667584 1.725
v 10.9376404047 9.42387545677 1.725
v 5.71872519846 -11.3955553662 2.3
v 6.40228521582 -12.126890917 2.3
v 6.034490752 -11.785226697 2.3
v 5.85420146225 -11.5814298521 2.3
v 7.64411855767 -11.9906976669 0.575
v 7.38211671654 -12.1537538172 1.15
v 6.72725964925 -11.3104286867 0.575
v 7.11663820294 -12.3110860508 1.725
v 6.48023575452 -11.4537489074 1.15
v 6.23015993607 -11.5916748849 1.725
v 9.26332484928 8.7608967998 2.3
v 9.63686936457 8.99120727351 2.3
v 10.0376670018 9.17087043135 2.3
v 10.477557332 9.3204818281 2.3
v 9.01362403686 9.58834715617 0.575
v 9.21957158216 9.39049089821 1.15
v 9.42117708956 9.1882121064 1.725
v 5.06430638161 -11.7010811839 2.3
v 5.28435634311 -11.6033649447 2.3
v 5.50252188163 -11.5015108982 2.3
v 6.34386145297 -11.0597433001 0.575
v 6.13388785312 -11.1775632319 0.575
v 6.10236779021 -11.1948026939 1.15
v 5.88988690623 -11.3080383902 1.15
v 5.85800016395 -11.3245897973 1.725
v 5.64311206557 -11.4331879287 1.725
v 5.42621161047 -11.5377089388 1.725
v 8.75240007538 9.27135334892 2.3
v 8.40556048476 9.58692093092 0.575
v 8.43254077634 9.56319800364 1.15
v 8.61162026695 9.40226017398 1.15
v 8.6380794103 9.37795735221 1.725
v 8.81362433123 9.21317134034 1.725
v 8.98602627786 9.04509987409 1.725
v 5.12886215562 -13.4957837579 2.3
v 5.186069054 -12.6947007474 2.3
v 5.16029313777 -12.1933597367 2.3
v 5.11981670539 -11.9242890388 2.3
v 5.92725808322 -11.7494438626 0.575
v 5.67089580868 -11.8753004255 1.15
v 5.41186277613 -11.9955642117 1.725
v 9.42536081918 10.9363604402 2.3
v 8.9823679695 9.64510886645 2.3
v 9.16166358213 10.0460710586 2.3
v 9.31087160431 10.4860983746 2.3
v 8.65312759097 11.2841819357 0.575
v 8.89596015945 11.0937492268 1.15
v 8.32746806538 10.189950691 0.575
v 9.13460309766 10.8980918197 1.725
v 8.54663216707 10.0068425624 1.15
v 8.76177115757 9.81902162374 1.725
v 4.75848555658 -13.6307821293 2.3
v 5.81616978519 -13.214143002 0.575
v 5.64921241182 -13.2863766836 1.15
v 5.52804925006 -13.3372440084 1.15
v 5.35956369862 -13.4058376541 1.725
v 5.23732523178 -13.4540637231 1.725
v 5.11465288706 -13.5011752116 1.725
v 9.12326050047 11.1896167982 2.3
v 9.32543048253 11.0216946322 2.3
v 9.22472759544 11.1061157494 2.3
v 8.4293641961 11.7212296922 0.575
v 8.5356986364 11.6440222877 0.575
v 8.68173352632 11.5355498018 1.15
v 8.78636750275 11.4560530881 1.15
v 8.93001411817 11.3444371433 1.725
v 9.03289835244 11.2626885601 1.725
v 9.13503427062 11.1800069375 1.725
v 3.65302748994 -12.2154774838 2.3
v 4.19920760903 -13.0544013556 2.3
v 3.89633013872 -12.6540609444 2.3
v 3.75416879913 -12.4220533249 2.3
v 5.44582442172 -13.1359192838 0.575
v 5.15948857391 -13.2510021025 1.15
v 4.66102212903 -12.3067742393 0.575
v 4.87072281981 -13.3598442459 1.725
v 4.39286378718 -12.4050218547 1.15
v 4.12263658769 -12.4974272165 1.725
v 7.60128036623 10.236358571 2.3
v 8.40089881366 10.8386179202 2.3
v 7.97961272055 10.5656248166 2.3
v 7.76682887702 10.396035849 2.3
v 7.21168782373 11.0078780061 0.575
v 7.44886394169 10.8487900453 1.15
v 7.68253195201 10.6845927518 1.725
v 2.95549676392 -12.4027230429 2.3
v 3.18917191893 -12.3447026077 2.3
v 3.42170980225 -12.2822800013 2.3
v 4.32697967339 -11.9933209289 0.575
v 4.09973682787 -12.0728893783 0.575
v 4.0657020244 -12.0843935326 1.15
v 3.83678603018 -12.1590120059 1.15
v 3.80250959747 -12.1697748853 1.725
v 3.57202826454 -12.2394082404 1.725
v 3.34027313179 -12.3046769727 1.725
v 7.00947783815 10.6503389822 2.3
v 6.61310978471 10.9008843207 0.575
v 6.64379962813 10.8822068765 1.15
v 6.84810505973 10.7548108813 1.15
v 6.87838236995 10.735471856 1.725
v 7.07987515975 10.6036723696 1.725
v 7.27884323726 10.4680915704 1.725
v 2.70742495925 -14.1813700445 2.3
v 2.96817922727 -12.8413773194 2.3
v 2.92337326748 -13.2783098339 2.3
v 2.83299537262 -13.7340717332 2.3
v 3.79694019912 -12.6002009742 0.575
v 3.52261788078 -12.6796286513 1.15
v 3.24663655472 -12.7530847463 1.725
v 7.38308934891 12.4069092814 2.3
v 7.30105299515 11.6079870977 2.3
v 7.18906033295 11.1186356386 2.3
v 7.10271173291 10.8606021112 2.3
v 6.5621895098 12.6153496939 0.575
v 6.83440119878 12.4699775188 1.15
v 6.43148874574 11.4811920974 0.575
v 7.10339416673 12.3187324987 1.725
v 6.67911964512 11.3389232396 1.15
v 6.92360495466 11.1913142167 1.725
v 2.31923299178 -14.250002266 2.3
v 3.56069200945 -13.9915288179 0.575
v 3.43319724556 -14.023357762 0.575
v 3.25623308267 -14.065502208 1.15
v 3.12807764333 -14.0945569817 1.15
v 2.95024060443 -14.1328513268 1.725
v 2.82148484557 -14.1591182464 1.725
v 2.69249534529 -14.1842121764 1.725
v 7.04160110781 12.6038589364 2.3
v 7.26985905169 12.4735943344 2.3
v 7.15602649456 12.5392460323 2.3
v 6.26593303722 13.0069016073 0.575
v 6.38405894353 12.9493319385 0.575
v 6.54671128484 12.8678660859 1.15
v 6.66356009551 12.8077466053 1.15
v 6.8244063015 12.7227703304 1.725
v 6.93992298555 12.6601293517 1.725
v 7.05486474274 12.5964395648 1.725
v 1.47633438966 -12.6642384994 2.3
v 1.61482721398 -13.0806495425 2.3
v 1.80673307493 -13.4757314793 2.3
v 2.04790448725 -13.8728755622 2.3
v 3.08206166645 -13.8820126404 0.575
v 2.7800919818 -13.9456253943 1.15
v 2.45316181001 -12.9291846842 0.575
v 2.47681298851 -14.002670334 1.725
v 2.17201687655 -12.9793744902 1.15
v 1.88984901274 -13.0234515461 1.725
v 5.70827482569 11.4007937669 2.3
v 5.98052102901 11.7449745682 2.3
v 6.29569919212 12.0508835771 2.3
v 6.65789077807 12.3419236564 2.3
v 5.19062812536 12.0929400532 0.575
v 5.45182633966 11.9774541965 1.15
v 5.71045696864 11.8563274531 1.725
v 0.756885872603 -12.7275144382 2.3
v 0.997086119787 -12.7109527286 2.3
v 1.236930802 -12.6898582416 2.3
v 1.94101737368 -12.6013868901 0.575
v 2.17862480599 -12.5624875703 0.575
v 1.90550195993 -12.6068061888 1.15
v 1.66710635211 -12.6405401946 1.15
v 1.63148170104 -12.6451875217 1.725
v 1.39241019223 -12.6737403262 1.725
v 1.15284214427 -12.6977736233 1.725
v 5.05357616377 11.7057194549 2.3
v 4.61972309025 11.8836298566 0.575
v 4.65318999015 11.8705654001 1.15
v 4.87651364557 11.7805821022 1.15
v 4.90968916192 11.7667944799 1.725
v 5.13100756413 11.6719861795 1.725
v 5.35049622817 11.5730156014 1.725
v 0.203724025511 -14.4360625785 2.3
v 0.531467451841 -13.7028566965 2.3
v 0.678714737897 -13.2229343657 2.3
v 0.73270693171 -12.9562468613 2.3
v 1.55125420842 -13.0681073552 0.575
v 1.2673069911 -13.0986927767 1.15
v 0.982762924474 -13.1231092543 1.725
v 5.1164864448 13.5004804622 2.3
v 5.14184338123 12.1355884088 2.3
v 5.17318899892 12.5736923331 2.3
v 5.16290047064 13.0382149041 2.3
v 4.271862621 13.5632064354 0.575
v 4.56518241607 13.467311854 1.15
v 4.33258062078 12.3319468253 0.575
v 4.85635219853 13.3650747243 1.725
v 4.59916740765 12.235024581 1.15
v 4.86358817639 12.1323401448 1.725
v -0.190488293885 -14.4362432946 2.3
v -0.0590854535053 -14.4373790959 2.3
v 0.0723222817149 -14.4373188556 2.3
v 1.076993615 -14.397273735 0.575
v 0.945908744899 -14.4064798926 0.575
v 0.764314759041 -14.4172545653 1.15
v 0.63306098029 -14.4236139732 1.15
v 0.451275942364 -14.4304454634 1.725
v 0.319915070074 -14.4339551266 1.725
v 0.188527694929 -14.4362690317 1.725
v 4.74598622872 13.6351391987 2.3
v 4.03844285015 13.861182691 0.575
v 4.21277053376 13.8091987704 1.15
v 4.33828378669 13.7702832229 1.15
v 4.51144235267 13.7145285791 1.725
v 4.63608157052 13.6728985193 1.725
v 4.76033671958 13.63013575 1.725
v -0.745216383982 -12.7282030366 2.3
v -0.518903819332 -13.703338211 2.3
v -0.666591058361 -13.2235510849 2.3
v -0.720827740849 -12.9569131952 2.3
v 0.624652027031 -14.2063080675 0.575
v 0.316223701613 -14.2165179153 1.15
v 0.170763410759 -13.158748395 0.575
v 0.00764644787535 -14.2200323697 1.725
v -0.114825667772 -13.1593553996 1.15
v -0.40036066815 -13.1537648907 1.725
v 3.64182624309 12.2188216132 2.3
v 3.85017004592 12.6050485918 2.3
v 4.10743940259 12.9610402693 2.3
v 4.4135899051 13.3105527047 2.3
v 3.01185381799 12.810564236 0.575
v 3.28913775306 12.7421894629 1.15
v 3.56487263991 12.6678136443 1.725
v -1.46472261295 -12.6655867478 2.3
v -0.276678911208 -12.7469976378 0.575
v -0.312595817371 -12.7461674183 1.15
v -0.553227508865 -12.737991966 1.15
v -0.589117941311 -12.7363825339 1.725
v -0.829515559187 -12.7229872253 1.725
v -1.06961736844 -12.7050548477 1.725
v 2.9441241349 12.4054275653 2.3
v 3.410447405 12.2854120199 2.3
v 3.1778523875 12.3476213986 2.3
v 2.24938614566 12.5500104369 0.575
v 2.48596844739 12.5052973126 0.575
v 2.52119552894 12.4982428007 1.15
v 2.75675183193 12.4484062971 1.15
v 2.79181753312 12.4405890078 1.725
v 3.02623690009 12.3856525958 1.725
v 3.25957709866 12.3262994097 1.725
v -2.30616695965 -14.2521226561 2.3
v -1.60283359426 -13.0821245925 2.3
v -1.79437714527 -13.4773823114 2.3
v -2.03518433626 -13.8747473444 2.3
v -0.741565856438 -13.1389459069 0.575
v -1.02651038021 -13.1197597504 1.15
v -1.31097145993 -13.0943947281 1.725
v 2.69442168913 14.1838463758 2.3
v 2.95640441451 12.8440932854 2.3
v 2.91119787373 13.2809845361 2.3
v 2.82040215339 13.7366633812 2.3
v 1.85173734814 14.0989520127 0.575
v 2.15725287573 14.0554487334 1.15
v 2.12533889259 12.8969415727 0.575
v 2.46175242621 14.0053259175 1.725
v 2.40470599826 12.8477841048 1.15
v 2.68294058659 12.7925758605 1.725
v -2.69442168913 -14.1838463758 2.3
v -2.56521238299 -14.2077827855 2.3
v -2.43579056592 -14.2305421741 2.3
v -1.57012071432 -14.3518684216 0.575
v -1.43942868547 -14.3655647751 0.575
v -1.75082688178 -14.3309459381 1.15
v -1.88119092029 -14.3144167528 1.15
v -2.06140051085 -14.2895778168 1.725
v -2.19137516294 -14.2702235842 1.725
v -2.32116827405 -14.2496871577 1.725
v 2.30616695965 14.2521226561 2.3
v 2.56521238299 14.2077827855 2.3
v 2.43579056592 14.2305421741 2.3
v 1.43942868547 14.3655647751 0.575
v 1.57012071432 14.3518684216 0.575
v 1.75082688178 14.3309459381 1.15
v 1.88119092029 14.3144167528 1.15
v 2.06140051085 14.2895778168 1.725
v 2.19137516294 14.2702235842 1.725
v 2.32116827405 14.2496871577 1.725
v -2.9441241349 -12.4054275653 2.3
v -2.95640441451 -12.8440932854 2.3
v -2.91119787373 -13.2809845361 2.3
v -2.82040215339 -13.7366633812 2.3
v -1.85173734814 -14.0989520127 0.575
v -2.15725287573 -14.0554487334 1.15
v -2.12533889259 -12.8969415727 0.575
v -2.46175242621 -14.0053259175 1.725
v -2.40470599826 -12.8477841048 1.15
v -2.68294058659 -12.7925758605 1.725
v 1.46472261295 12.6655867478 2.3
v 1.60283359426 13.0821245925 2.3
v 1.79437714527 13.4773823114 2.3
v 2.03518433626 13.8747473444 2.3
v 0.741565856438 13.1389459069 0.575
v 1.02651038021 13.1197597504 1.15
v 1.31097145993 13.0943947281 1.725
v -3.64182624309 -12.2188216132 2.3
v -3.410447405 -12.2854120199 2.3
v -3.1778523875 -12.3476213986 2.3
v -2.24938614566 -12.5500104369 0.575
v -2.48596844739 -12.5052973126 0.575
v -2.52119552894 -12.4982428007 1.15
v -2.75675183193 -12.4484062971 1.15
v -2.79181753312 -12.4405890078 1.725
v -3.02623690009 -12.3856525958 1.725
v -3.25957709866 -12.3262994097 1.725
v 0.745216383982 12.7282030366 2.3
v 0.276678911208 12.7469976378 0.575
v 0.312595817371 12.7461674183 1.15
v 0.553227508865 12.737991966 1.15
v 0.589117941311 12.7363825339 1.725
v 0.829515559187 12.7229872253 1.725
v 1.06961736844 12.7050548477 1.725
v -4.74598622872 -13.6351391987 2.3
v -3.85017004592 -12.6050485918 2.3
v -4.10743940259 -12.9610402693 2.3
v -4.4135899051 -13.3105527047 2.3
v -3.01185381799 -12.810564236 0.575
v -3.28913775306 -12.7421894629 1.15
v -3.56487263991 -12.6678136443 1.725
v 0.190488293885 14.4362432946 2.3
v 0.518903819332 13.703338211 2.3
v 0.666591058361 13.2235510849 2.3
v 0.720827740849 12.9569131952 2.3
v -0.624652027031 14.2063080675 0.575
v -0.316223701613 14.2165179153 1.15
v -0.170763410759 13.158748395 0.575
v -0.00764644787535 14.2200323697 1.725
v 0.114825667772 13.1593553996 1.15
v 0.40036066815 13.1537648907 1.725
v -5.1164864448 -13.5004804622 2.3
v -4.99339663229 -13.5464901846 2.3
v -4.86989314978 -13.5913776697 2.3
v -4.03844285015 -13.861182691 0.575
v -3.91211467371 -13.8973653988 0.575
v -4.21277053376 -13.8091987704 1.15
v -4.33828378669 -13.7702832229 1.15
v -4.51144235267 -13.7145285791 1.725
v -4.63608157052 -13.6728985193 1.725
v -4.76033671958 -13.63013575 1.725
v -0.203724025511 14.4360625785 2.3
v 0.0590854535052 14.4373790959 2.3
v -0.0723222817149 14.4373188556 2.3
v -1.076993615 14.397273735 0.575
v -0.945908744899 14.4064798926 0.575
v -0.764314759041 14.4172545653 1.15
v -0.63306098029 14.4236139732 1.15
v -0.451275942364 14.4304454634 1.725
v -0.319915070074 14.4339551266 1.725
v -0.188527694929 14.4362690317 1.725
v -5.05357616377 -11.7057194549 2.3
v -5.17442778888 -12.6994502383 2.3
v -5.14911153597 -12.1980858058 2.3
v -5.108881817 -11.9289781104 2.3
v -4.271862621 -13.5632064354 0.575
v -4.56518241607 -13.467311854 1.15
v -4.33258062078 -12.3319468253 0.575
v -4.85635219853 -13.3650747243 1.725
v -4.59916740765 -12.235024581 1.15
v -4.86358817639 -12.1323401448 1.725
v -0.756885872603 12.7275144382 2.3
v -0.693204145091 13.1617068573 2.3
v -0.573206353605 13.5842209119 2.3
v -0.405059278791 14.0173648071 2.3
v -1.55125420842 13.0681073552 0.575
v -1.2673069911 13.0986927767 1.15
v -0.982762924474 13.1231092543 1.725
v -5.70827482569 -11.4007937669 2.3
v -5.49197445482 -11.5065510292 2.3
v -5.27371562352 -11.6082050086 2.3
v -4.39449935783 -11.9687457736 0.575
v -4.61972309025 -11.8836298566 0.575
v -4.65318999015 -11.8705654001 1.15
v -4.87651364557 -11.7805821022 1.15
v -4.90968916192 -11.7667944799 1.725
v -5.13100756413 -11.6719861795 1.725
v -5.35049622817 -11.5730156014 1.725
v -1.47633438966 12.6642384994 2.3
v -0.997086119787 12.7109527286 2.3
v -1.236930802 12.6898582416 2.3
v -1.94101737368 12.6013868901 0.575
v -2.17862480599 12.5624875703 0.575
v -1.90550195993 12.6068061888 1.15
v -1.66710635211 12.6405401946 1.15
v -1.63148170104 12.6451875217 1.725
v -1.39241019223 12.6737403262 1.725
v -1.15284214427 12.6977736233 1.725
v -7.04160110781 -12.6038589364 2.3
v -6.39116403368 -12.1327557295 2.3
v -6.02368297791 -11.7907544422 2.3
v -5.84358061426 -11.5867923854 2.3
v -5.19062812536 -12.0929400532 0.575
v -5.45182633966 -11.9774541965 1.15
v -5.71045696864 -11.8563274531 1.725
v -2.31923299178 14.250002266 2.3
v -1.61482721398 13.0806495425 2.3
v -1.80673307493 13.4757314793 2.3
v -2.04790448725 13.8728755622 2.3
v -3.08206166645 13.8820126404 0.575
v -2.7800919818 13.9456253943 1.15
v -2.45316181001 12.9291846842 0.575
v -2.47681298851 14.002670334 1.725
v -2.17201687655 12.9793744902 1.15
v -1.88984901274 13.0234515461 1.725
v -7.38308934891 -12.4069092814 2.3
v -6.38405894353 -12.9493319385 0.575
v -6.54671128484 -12.8678660859 1.15
v -6.66356009551 -12.8077466053 1.15
v -6.8244063015 -12.7227703304 1.725
v -6.93992298555 -12.6601293517 1.725
v -7.05486474274 -12.5964395648 1.725
v -2.70742495925 14.1813700445 2.3
v -2.44883675759 14.2283029482 2.3
v -2.57823765342 14.2054249093 2.3
v -3.56069200945 13.9915288179 0.575
v -3.43319724556 14.023357762 0.575
v -3.25623308267 14.065502208 1.15
v -3.12807764333 14.0945569817 1.15
v -2.95024060443 14.1328513268 1.725
v -2.82148484557 14.1591182464 1.725
v -2.69249534529 14.1842121764 1.725
v -7.00947783815 -10.6503389822 2.3
v -7.30105299515 -11.6079870977 2.3
v -7.18906033295 -11.1186356386 2.3
v -7.10271173291 -10.8606021112 2.3
v -6.5621895098 -12.6153496939 0.575
v -6.83440119878 -12.4699775188 1.15
v -6.43148874574 -11.4811920974 0.575
v -7.10339416673 -12.3187324987 1.725
v -6.67911964512 -11.3389232396 1.15
v -6.92360495466 -11.1913142167 1.725
v -2.95549676392 12.4027230429 2.3
v -2.90286936123 13.4023911587 2.3
v -2.96454199198 12.9041907035 2.3
v -2.9714041239 12.6321791355 2.3
v -3.79694019912 12.6002009742 0.575
v -3.52261788078 12.6796286513 1.15
v -3.24663655472 12.7530847463 1.725
v -7.60128036623 -10.236358571 2.3
v -6.61310978471 -10.9008843207 0.575
v -6.64379962813 -10.8822068765 1.15
v -6.84810505973 -10.7548108813 1.15
v -6.87838236995 -10.735471856 1.725
v -7.07987515975 -10.6036723696 1.725
v -7.27884323726 -10.4680915704 1.725
v -3.65302748994 12.2154774838 2.3
v -3.18917191893 12.3447026077 2.3
v -3.42170980225 12.2822800013 2.3
v -4.32697967339 11.9933209289 0.575
v -4.09973682787 12.0728893783 0.575
v -4.0657020244 12.0843935326 1.15
v -3.83678603018 12.1590120059 1.15
v -3.80250959747 12.1697748853 1.725
v -3.57202826454 12.2394082404 1.725
v -3.34027313179 12.3046769727 1.725
v -9.12326050047 -11.1896167982 2.3
v -8.40089881366 -10.8386179202 2.3
v -7.97961272055 -10.5656248166 2.3
v -7.76682887702 -10.396035849 2.3
v -7.21168782373 -11.0078780061 0.575
v -7.44886394169 -10.8487900453 1.15
v -7.68253195201 -10.6845927518 1.725
v -4.75848555658 13.6307821293 2.3
v -4.19920760903 13.0544013556 2.3
v -3.89633013872 12.6540609444 2.3
v -3.75416879913 12.4220533249 2.3
v -5.44582442172 13.1359192838 0.575
v -5.15948857391 13.2510021025 1.15
v -4.66102212903 12.3067742393 0.575
v -4.87072281981 13.3598442459 1.725
v -4.39286378718 12.4050218547 1.15
v -4.12263658769 12.4974272165 1.725
v -9.42536081918 -10.9363604402 2.3
v -8.5356986364 -11.6440222877 0.575
v -8.68173352632 -11.5355498018 1.15
v -8.78636750275 -11.4560530881 1.15
v -8.93001411817 -11.3444371433 1.725
v -9.03289835244 -11.2626885601 1.725
v -9.13503427062 -11.1800069375 1.725
v -5.12886215562 13.4957837579 2.3
v -4.88235230298 13.5869070152 2.3
v -5.00581457867 13.5419063154 2.3
v -5.936200579 13.1606583777 0.575
v -5.81616978519 13.214143002 0.575
v -5.64921241182 13.2863766836 1.15
v -5.52804925006 13.3372440084 1.15
v -5.35956369862 13.4058376541 1.725
v -5.23732523178 13.4540637231 1.725
v -5.11465288706 13.5011752116 1.725
v -8.75240007538 -9.27135334892 2.3
v -9.20583940067 -10.163821143 2.3
v -9.01057316955 -9.70135135388 2.3
v -8.88072934695 -9.46223221259 2.3
v -8.65312759097 -11.2841819357 0.575
v -8.89596015945 -11.0937492268 1.15
v -8.32746806538 -10.189950691 0.575
v -9.13460309766 -10.8980918197 1.725
v -8.54663216707 -10.0068425624 1.15
v -8.76177115757 -9.81902162374 1.725
v -5.06430638161 11.7010811839 2.3
v -5.1529676856 12.1308690297 2.3
v -5.18471496393 12.5689440308 2.3
v -5.17485233563 13.0334758395 2.3
v -5.92725808322 11.7494438626 0.575
v -5.67089580868 11.8753004255 1.15
v -5.41186277613 11.9955642117 1.725
v -9.26332484928 -8.7608967998 2.3
v -9.09624010093 -8.93425520266 2.3
v -8.92591159635 -9.10442761376 2.3
v -8.22303076351 -9.74393478329 0.575
v -8.40556048476 -9.58692093092 0.575
v -8.43254077634 -9.56319800364 1.15
v -8.61162026695 -9.40226017398 1.15
v -8.6380794103 -9.37795735221 1.725
v -8.81362433123 -9.21317134034 1.725
v -8.98602627786 -9.04509987409 1.725
v -5.71872519846 11.3955553662 2.3
v -5.28435634311 11.6033649447 2.3
v -5.50252188163 11.5015108982 2.3
v -6.34386145297 11.0597433001 0.575
v -6.13388785312 11.1775632319 0.575
v -6.10236779021 11.1948026939 1.15
v -5.88988690623 11.3080383902 1.15
v -5.85800016395 11.3245897973 1.725
v -5.64311206557 11.4331879287 1.725
v -5.42621161047 11.5377089388 1.725
v -10.9277142394 -9.43538381582 2.3
v -9.63686936457 -8.99120727351 2.3
v -10.0376670018 -9.17087043135 2.3
v -10.477557332 -9.3204818281 2.3
v -9.01362403686 -9.58834715617 0.575
v -9.21957158216 -9.39049089821 1.15
v -9.42117708956 -9.1882121064 1.725
v -7.05315394565 12.5973975752 2.3
v -6.40228521582 12.126890917 2.3
v -6.034490752 11.785226697 2.3
v -5.85420146225 11.5814298521 2.3
v -7.64411855767 11.9906976669 0.575
v -7.38211671654 12.1537538172 1.15
v -6.72725964925 11.3104286867 0.575
v -7.11663820294 12.3110860508 1.725
v -6.48023575452 11.4537489074 1.15
v -6.23015993607 11.5916748849 1.725
v -11.1812474704 -9.13351582116 2.3
v -11.0976534271 -9.23490631588 2.3
v -11.0131400163 -9.33553175948 2.3
v -10.3366733894 -10.0794141442 0.575
v -10.4279854455 -9.98491491186 0.575
v -10.5529656878 -9.85273167423 1.15
v -10.6422055795 -9.75627319496 1.15
v -10.7642879747 -9.62140897409 1.725
v -10.8514136738 -9.52303667584 1.725
v -10.9376404047 -9.42387545677 1.725
v -7.39446147072 12.4001349109 2.3
v -7.16752004423 12.5326797879 2.3
v -7.28129236101 12.4669237506 2.3
v -8.13134069782 11.9299079923 0.575
v -8.02242094902 12.0034231936 0.575
v -7.87054328047 12.1035513269 1.15
v -7.76005387766 12.174685625 1.15
v -7.6060391619 12.271494388 1.725
v -7.49403214103 12.3402142817 1.725
v -7.38140428899 12.4079118699 1.725
v -10.2293850652 -7.61066233563 2.3
v -10.5207611948 -7.93880616128 2.3
v -10.7669592582 -8.30254248042 2.3
v -10.9903104168 -8.70997509159 2.3
v -10.481144769 -9.61015001935 0.575
v -10.6872198722 -9.38044297826 1.15
v -9.97042148176 -8.58909278918 0.575
v -10.8882617358 -9.14631813547 1.725
v -10.1544595954 -8.37070903763 1.15
v -10.3337153775 -8.14838302741 1.725
v -7.01923961256 10.6439078943 2.3
v -7.18118582832 11.0517704231 2.3
v -7.28852171978 11.4776772235 2.3
v -7.35947402901 11.9368643776 2.3
v -7.8774792298 10.5416858447 0.575
v -7.64686643704 10.7101472054 1.15
v -7.41265228563 10.8735645286 1.725
v -10.6439078943 -7.01923961256 2.3
v -10.5094649094 -7.21897827382 2.3
v -10.3712742066 -7.41614261804 2.3
v -9.79012096759 -8.16798821244 0.575
v -9.94261248289 -7.98166379984 0.575
v -9.96506344013 -7.95361619866 1.15
v -10.1134757501 -7.76402654906 1.15
v -10.1353127789 -7.73549835974 1.725
v -10.2795759873 -7.54273276204 1.725
v -10.4201734572 -7.34727739515 1.725
v -7.61066233563 10.2293850652 2.3
v -7.21897827382 10.5094649094 2.3
v -7.41614261804 10.3712742066 2.3
v -8.16798821244 9.79012096759 0.575
v -7.98166379984 9.94261248289 0.575
v -7.95361619866 9.96506344013 1.15
v -7.76402654906 10.1134757501 1.15
v -7.73549835974 10.1353127789 1.725
v -7.54273276204 10.2795759873 1.725
v -7.34727739515 10.4201734572 1.725
v -12.4001349109 -7.39446147072 2.3
v -11.0517704231 -7.18118582832 2.3
v -11.4776772235 -7.28852171978 2.3
v -11.9368643776 -7.35947402901 2.3
v -10.5416858447 -7.8774792298 0.575
v -10.7101472054 -7.64686643704 1.15
v -10.8735645286 -7.41265228563 1.725
v -9.13351582116 11.1812474704 2.3
v -8.41083262604 10.8309110344 2.3
v -7.98929641737 10.5583043 2.3
v -7.77635717631 10.3889104937 2.3
v -9.61015001935 10.481144769 0.575
v -9.38044297826 10.6872198722 1.15
v -8.58909278918 9.97042148176 0.575
v -9.14631813547 10.8882617358 1.725
v -8.37070903763 10.1544595954 1.15
v -8.14838302741 10.3337153775 1.725
v -12.5973975752 -7.05315394565 2.3
v -12.5326797879 -7.16752004423 2.3
v -12.4669237506 -7.28129236101 2.3
v -11.9299079923 -8.13134069782 0.575
v -12.0034231936 -8.02242094902 0.575
v -12.1035513269 -7.87054328047 1.15
v -12.174685625 -7.76005387766 1.15
v -12.271494388 -7.6060391619 1.725
v -12.3402142817 -7.49403214103 1.725
v -12.4079118699 -7.38140428899 1.725
v -9.43538381582 10.9277142394 2.3
v -9.23490631588 11.0976534271 2.3
v -9.33553175948 11.0131400163 2.3
v -10.0794141442 10.3366733894 0.575
v -9.98491491186 10.4279854455 0.575
v -9.85273167423 10.5529656878 1.15
v -9.75627319496 10.6422055795 1.15
v -9.62140897409 10.7642879747 1.725
v -9.52303667584 10.8514136738 1.725
v -9.42387545677 10.9376404047 1.725
v -11.3955553662 -5.71872519846 2.3
v -12.126890917 -6.40228521582 2.3
v -11.785226697 -6.034490752 2.3
v -11.5814298521 -5.85420146225 2.3
v -11.9906976669 -7.64411855767 0.575
v -12.1537538172 -7.38211671654 1.15
v -11.3104286867 -6.72725964925 0.575
v -12.3110860508 -7.11663820294 1.725
v -11.4537489074 -6.48023575452 1.15
v -11.5916748849 -6.23015993607 1.725
v -8.7608967998 9.26332484928 2.3
v -8.99120727351 9.63686936457 2.3
v -9.17087043135 10.0376670018 2.3
v -9.3204818281 10.477557332 2.3
v -9.58834715617 9.01362403686 0.575
v -9.39049089821 9.21957158216 1.15
v -9.1882121064 9.42117708956 1.725
v -11.7010811839 -5.06430638161 2.3
v -11.6033649447 -5.28435634311 2.3
v -11.5015108982 -5.50252188163 2.3
v -11.0597433001 -6.34386145297 0.575
v -11.1775632319 -6.13388785312 0.575
v -11.1948026939 -6.10236779021 1.15
v -11.3080383902 -5.88988690623 1.15
v -11.3245897973 -5.85800016395 1.725
v -11.4331879287 -5.64311206557 1.725
v -11.5377089388 -5.42621161047 1.725
v -9.27135334892 8.75240007538 2.3
v -9.58692093092 8.40556048476 0.575
v -9.56319800364 8.43254077634 1.15
v -9.40226017398 8.61162026695 1.15
v -9.37795735221 8.6380794103 1.725
v -9.21317134034 8.81362433123 1.725
v -9.04509987409 8.98602627786 1.725
v -13.4957837579 -5.12886215562 2.3
v -12.1308690297 -5.1529676856 2.3
v -12.5689440308 -5.18471496393 2.3
v -13.0334758395 -5.17485233563 2.3
v -11.7494438626 -5.92725808322 0.575
v -11.8753004255 -5.67089580868 1.15
v -11.9955642117 -5.41186277613 1.725
v -10.9363604402 9.42536081918 2.3
v -9.64510886645 8.9823679695 2.3
v -10.0460710586 9.16166358213 2.3
v -10.4860983746 9.31087160431 2.3
v -11.2841819357 8.65312759097 0.575
v -11.0937492268 8.89596015945 1.15
v -10.189950691 8.32746806538 0.575
v -10.8980918197 9.13460309766 1.725
v -10.0068425624 8.54663216707 1.15
v -9.81902162374 8.76177115757 1.725
v -13.6307821293 -4.75848555658 2.3
v -13.5869070152 -4.88235230298 2.3
v -13.5419063154 -5.00581457867 2.3
v -13.1606583777 -5.936200579 0.575
v -13.214143002 -5.81616978519 0.575
v -13.2863766836 -5.64921241182 1.15
v -13.3372440084 -5.52804925006 1.15
v -13.4058376541 -5.35956369862 1.725
v -13.4540637231 -5.23732523178 1.725
v -13.5011752116 -5.11465288706 1.725
v -11.1896167982 9.12326050047 2.3
v -11.7212296922 8.4293641961 0.575
v -11.6440222877 8.5356986364 0.575
v -11.5355498018 8.68173352632 1.15
v -11.4560530881 8.78636750275 1.15
v -11.3444371433 8.93001411817 1.725
v -11.2626885601 9.03289835244 1.725
v -11.1800069375 9.13503427062 1.725
v -12.2154774838 -3.65302748994 2.3
v -13.0544013556 -4.19920760903 2.3
v -12.6540609444 -3.89633013872 2.3
v -12.4220533249 -3.75416879913 2.3
v -13.1359192838 -5.44582442172 0.575
v -13.2510021025 -5.15948857391 1.15
v -12.3067742393 -4.66102212903 0.575
v -13.3598442459 -4.87072281981 1.725
v -12.4050218547 -4.39286378718 1.15
v -12.4974272165 -4.12263658769 1.725
v -10.236358571 7.60128036623 2.3
v -10.5280354355 7.92915690693 2.3
v -10.7745668856 8.29266734748 2.3
v -10.9982915032 8.69989500879 2.3
v -11.0078780061 7.21168782373 0.575
v -10.8487900453 7.44886394169 1.15
v -10.6845927518 7.68253195201 1.725
v -12.4027230429 -2.95549676392 2.3
v -12.3447026077 -3.18917191893 2.3
v -12.2822800013 -3.42170980225 2.3
v -11.9933209289 -4.32697967339 0.575
v -12.0728893783 -4.09973682787 0.575
v -12.0843935326 -4.0657020244 1.15
v -12.1590120059 -3.83678603018 1.15
v -12.1697748853 -3.80250959747 1.725
v -12.2394082404 -3.57202826454 1.725
v -12.3046769727 -3.34027313179 1.725
v -10.6503389822 7.00947783815 2.3
v -10.3780693081 7.40663063991 2.3
v -10.5160791835 7.20933967896 2.3
v -11.0238168264 6.40608793074 0.575
v -10.9008843207 6.61310978471 0.575
v -10.8822068765 6.64379962813 1.15
v -10.7548108813 6.84810505973 1.15
v -10.735471856 6.87838236995 1.725
v -10.6036723696 7.07987515975 1.725
v -10.4680915704 7.27884323726 1.725
v -14.1813700445 -2.70742495925 2.3
v -12.8413773194 -2.96817922727 2.3
v -13.2783098339 -2.92337326748 2.3
v -13.7340717332 -2.83299537262 2.3
v -12.6002009742 -3.79694019912 0.575
v -12.6796286513 -3.52261788078 1.15
v -12.7530847463 -3.24663655472 1.725
v -12.4069092814 7.38308934891 2.3
v -11.6079870977 7.30105299515 2.3
v -11.1186356386 7.18906033295 2.3
v -10.8606021112 7.10271173291 2.3
v -12.6153496939 6.5621895098 0.575
v -12.4699775188 6.83440119878 1.15
v -11.4811920974 6.43148874574 0.575
v -12.3187324987 7.10339416673 1.725
v -11.3389232396 6.67911964512 1.15
v -11.1913142167 6.92360495466 1.725
v -14.250002266 -2.31923299178 2.3
v -14.023357762 -3.43319724556 0.575
v -14.065502208 -3.25623308267 1.15
v -14.0945569817 -3.12807764333 1.15
v -14.1328513268 -2.95024060443 1.725
v -14.1591182464 -2.82148484557 1.725
v -14.1842121764 -2.69249534529 1.725
v -12.6038589364 7.04160110781 2.3
v -12.4735943344 7.26985905169 2.3
v -12.5392460323 7.15602649456 2.3
v -13.0069016073 6.26593303722 0.575
v -12.9493319385 6.38405894353 0.575
v -12.8678660859 6.54671128484 1.15
v -12.8077466053 6.66356009551 1.15
v -12.7227703304 6.8244063015 1.725
v -12.6601293517 6.93992298555 1.725
v -12.5964395648 7.05486474274 1.725
v -12.6642384994 -1.47633438966 2.3
v -13.5852604149 -1.86853920394 2.3
v -13.1384079533 -1.63978150582 2.3
v -12.8852389933 -1.54006761675 2.3
v -13.8820126404 -3.08206166645 0.575
v -13.9456253943 -2.7800919818 1.15
v -12.9291846842 -2.45316181001 0.575
v -14.002670334 -2.47681298851 1.725
v -12.9793744902 -2.17201687655 1.15
v -13.0234515461 -1.88984901274 1.725
v -11.4007937669 5.70827482569 2.3
v -12.1327557295 6.39116403368 2.3
v -11.7907544422 6.02368297791 2.3
v -11.5867923854 5.84358061426 2.3
v -12.0929400532 5.19062812536 0.575
v -11.9774541965 5.45182633966 1.15
v -11.8563274531 5.71045696864 1.725
v -12.7275144382 -0.756885872603 2.3
v -12.7109527286 -0.997086119787 2.3
v -12.6898582416 -1.236930802 2.3
v -12.5624875703 -2.17862480599 0.575
v -12.6013868901 -1.94101737368 0.575
v -12.6068061888 -1.90550195993 1.15
v -12.6405401946 -1.66710635211 1.15
v -12.6451875217 -1.63148170104 1.725
v -12.6737403262 -1.39241019223 1.725
v -12.6977736233 -1.15284214427 1.725
v -11.7057194549 5.05357616377 2.3
v -11.5065510292 5.49197445482 2.3
v -11.6082050086 5.27371562352 2.3
v -11.8836298566 4.61972309025 0.575
v -11.9687457736 4.39449935783 0.575
v -11.8705654001 4.65318999015 1.15
v -11.7805821022 4.87651364557 1.15
v -11.7667944799 4.90968916192 1.725
v -11.6719861795 5.13100756413 1.725
v -11.5730156014 5.35049622817 1.725
v -14.4360625785 -0.203724025511 2.3
v -13.1617068573 -0.693204145091 2.3
v -13.5842209119 -0.573206353605 2.3
v -14.0173648071 -0.405059278791 2.3
v -13.0681073552 -1.55125420842 0.575
v -13.0986927767 -1.2673069911 1.15
v -13.1231092543 -0.982762924474 1.725
v -13.5004804622 5.1164864448 2.3
v -12.6994502383 5.17442778888 2.3
v -12.1980858058 5.14911153597 2.3
v -11.9289781104 5.108881817 2.3
v -13.5632064354 4.271862621 0.575
v -13.467311854 4.56518241607 1.15
v -12.3319468253 4.33258062078 0.575
v -13.3650747243 4.85635219853 1.725
v -12.235024581 4.59916740765 1.15
v -12.1323401448 4.86358817639 1.725
v -14.4362432946 0.190488293885 2.3
v -14.4064798926 -0.945908744899 0.575
v -14.4172545653 -0.764314759041 1.15
v -14.4236139732 -0.63306098029 1.15
v -14.4304454634 -0.451275942364 1.725
v -14.4339551266 -0.319915070074 1.725
v -14.4362690317 -0.188527694929 1.725
v -13.6351391987 4.74598622872 2.3
v -13.5464901846 4.99339663229 2.3
v -13.5913776697 4.86989314978 2.3
v -13.8973653988 3.91211467371 0.575
v -13.861182691 4.03844285015 0.575
v -13.8091987704 4.21277053376 1.15
v -13.7702832229 4.33828378669 1.15
v -13.7145285791 4.51144235267 1.725
v -13.6728985193 4.63608157052 1.725
v -13.63013575 4.76033671958 1.725
v -12.7282030366 0.745216383982 2.3
v -13.703338211 0.518903819332 2.3
v -13.2235510849 0.666591058361 2.3
v -12.9569131952 0.720827740849 2.3
v -14.2063080675 -0.624652027031 0.575
v -14.2165179153 -0.316223701613 1.15
v -13.158748395 -0.170763410759 0.575
v -14.2200323697 -0.00764644787534 1.725
v -13.1593553996 0.114825667772 1.15
v -13.1537648907 0.40036066815 1.725
v -12.2188216132 3.64182624309 2.3
v -12.6050485918 3.85017004592 2.3
v -12.9610402693 4.10743940259 2.3
v -13.3105527047 4.4135899051 2.3
v -12.810564236 3.01185381799 0.575
v -12.7421894629 3.28913775306 1.15
v -12.6678136443 3.56487263991 1.725
v -12.6655867478 1.46472261295 2.3
v -12.7469976378 0.276678911208 0.575
v -12.7461674183 0.312595817371 1.15
v -12.737991966 0.553227508865 1.15
v -12.7363825339 0.589117941311 1.725
v -12.7229872253 0.829515559187 1.725
v -12.7050548477 1.06961736844 1.725
v -12.4054275653 2.9441241349 2.3
v -12.5052973126 2.48596844739 0.575
v -12.4982428007 2.52119552894 1.15
v -12.4484062971 2.75675183193 1.15
v -12.4405890078 2.79181753312 1.725
v -12.3856525958 3.02623690009 1.725
v -12.3262994097 3.25957709866 1.725
v -14.2521226561 2.30616695965 2.3
v -13.5869678677 1.85608282714 2.3
v -13.1399058583 1.62773492005 2.3
v -12.8866455824 1.52825318983 2.3
v -13.1389459069 0.741565856438 0.575
v -13.1197597504 1.02651038021 1.15
v -13.0943947281 1.31097145993 1.725
v -14.1838463758 2.69442168913 2.3
v -12.8440932854 2.95640441451 2.3
v -13.2809845361 2.91119787373 2.3
v -13.7366633812 2.82040215339 2.3
v -14.0989520127 1.85173734814 0.575
v -14.0554487334 2.15725287573 1.15
v -12.8969415727 2.12533889259 0.575
v -14.0053259175 2.46175242621 1.725
v -12.8477841048 2.40470599826 1.15
v -12.7925758605 2.68294058659 1.725
v -14.2077827855 2.56521238299 2.3
v -14.2305421741 2.43579056592 2.3
v -14.3655647751 1.43942868547 0.575
v -14.3518684216 1.57012071432 0.575
v -14.3309459381 1.75082688178 1.15
v -14.3144167528 1.88119092029 1.15
v -14.2895778168 2.06140051085 1.725
v -14.2702235842 2.19137516294 1.725
v -14.2496871577 2.32116827405 1.725
v -14.3640415918 1.45454989569 4.6
v -14.3766855454 1.32375185694 4.6
v -14.3881384854 1.19284415407 4.6
v -14.3983994629 1.06183763193 4.6
v -13.6051815163 1.71749096268 4.6
v -13.1143001096 1.82257498354 4.6
v -12.8439357321 1.85324231771 4.6
v -12.6139682988 1.85749932903 4.6
v -12.4885551159 2.56875283285 4.6
v -12.8913909861 2.74282661295 4.6
v -13.2683472039 2.9682630921 4.6
v -13.6430865261 3.24295840162 4.6
v -13.9952692523 3.54596176041 4.6
v -13.8932395855 3.92674166077 4.6
v -13.9284042901 3.80012633763 4.6
v -13.9624151182 3.67319619907 4.6
v -13.1002490625 4.0539133929 4.6
v -12.5985775987 4.07216028965 4.6
v -12.3269953369 4.05541343664 4.6
v -12.0997824034 4.01967234867 4.6
v -11.8527666538 4.69834254294 4.6
v -13.1668998674 5.92234363516 4.6
v -12.6411782975 5.31519995369 4.6
v -12.2686045395 4.97875381875 4.6
v -12.0497957874 4.81701293955 4.6
v -13.0002985247 6.27962136751 4.6
v -13.0569155185 6.1610359025 4.6
v -13.112450833 6.04194003628 4.6
v -11.2179507425 6.05970965806 4.6
v -11.6384333913 6.1852993122 4.6
v -12.0721063828 6.25490773627 4.6
v -12.5357440996 6.28535671405 4.6
v -10.8568378747 6.68517549234 4.6
v -10.9811390594 6.4789725233 4.6
v -11.1015243253 6.2704591263 4.6
v -11.9384608928 8.11877809539 4.6
v -11.5261556087 7.42956769814 4.6
v -11.2176653415 7.03353618185 4.6
v -11.0302667949 6.83625676898 4.6
v -11.7123499717 8.44169795664 4.6
v -9.99526732476 7.91562575584 4.6
v -10.3875534828 8.11232346665 4.6
v -10.8025506311 8.25618090703 4.6
v -11.2538572397 8.36667714104 4.6
v -9.53102957053 8.46888276726 4.6
v -9.7928587776 8.82105301804 4.6
v -10.0065941988 9.20476484482 4.6
v -10.1937803168 9.63002762228 4.6
v -10.3472778251 10.0685275915 4.6
v -10.0685275915 10.3472778251 4.6
v -10.1622887806 10.255208091 4.6
v -10.255208091 10.1622887806 4.6
v -9.31819178762 10.0609165143 4.6
v -8.87460810721 9.82588305847 4.6
v -8.64778439579 9.67558872745 4.6
v -8.46888276726 9.53102957053 4.6
v -7.91562575584 9.99526732476 4.6
v -8.10295623094 9.8440134254 4.6
v -8.28739715887 9.6892491108 4.6
v -8.44169795664 11.7123499717 4.6
v -8.28998156259 10.9236873349 4.6
v -8.13554629085 10.446029556 4.6
v -8.02692279256 10.1965534697 4.6
v -8.11877809539 11.9384608928 4.6
v -8.22710258286 11.8640713645 4.6
v -8.33474550912 11.7886989761 4.6
v -7.42956769814 11.5261556087 4.6
v -7.03353618185 11.2176653415 4.6
v -6.83625676898 11.0302667949 4.6
v -6.68517549234 10.8568378747 4.6
v -6.05970965806 11.2179507425 4.6
v -6.2704591263 11.1015243253 4.6
v -6.4789725233 10.9811390594 4.6
v -6.1852993122 11.6384333913 4.6
v -6.25490773627 12.0721063828 4.6
v -6.28535671405 12.5357440996 4.6
v -6.27962136751 13.0002985247 4.6
v -5.92234363516 13.1668998674 4.6
v -5.31519995369 12.6411782975 4.6
v -4.97875381875 12.2686045395 4.6
v -4.81701293955 12.0497957874 4.6
v -4.69834254294 11.8527666538 4.6
v -4.01967234867 12.0997824034 4.6
v -4.07033796806 12.5356853906 4.6
v -4.06358235908 12.9748572909 4.6
v -4.01305890385 13.4367387185 4.6
v -3.92674166077 13.8932395855 4.6
v -3.54596176041 13.9952692523 4.6
v -3.03933254828 13.3721051805 4.6
v -2.77269454024 12.9467683969 4.6
v -2.65140660948 12.7031978324 4.6
v -2.56875283285 12.4885551159 4.6
v -1.85749932903 12.6139682988 4.6
v -2.09535922905 12.5766438171 4.6
v -2.33247191544 12.534834453 4.6
v -1.83170146445 13.0520469326 4.6
v -1.74878708818 13.4833737257 4.6
v -1.61882632955 13.9294648307 4.6
v -1.45454989569 14.3640415918 4.6
v -1.06183763193 14.3983994629 4.6
v -1.19284415407 14.3881384854 4.6
v -1.32375185694 14.3766855454 4.6
v -0.671116561358 13.6967274142 4.6
v -0.482388341174 13.2315512478 4.6
v -0.405238631263 12.9706196394 4.6
v -0.361112867791 12.7448851504 4.6
v 0.361112867791 12.7448851504 4.6
v 1.06183763193 14.3983994629 4.6
v 0.671116561358 13.6967274142 4.6
v 0.482388341174 13.2315512478 4.6
v 0.405238631263 12.9706196394 4.6
v 1.45454989569 14.3640415918 4.6
v 1.32375185694 14.3766855454 4.6
v 1.19284415407 14.3881384854 4.6
v 1.85749932903 12.6139682988 4.6
v 1.83170146445 13.0520469326 4.6
v 1.74878708818 13.4833737257 4.6
v 1.61882632955 13.9294648307 4.6
v 2.56875283285 12.4885551159 4.6
v 2.33247191544 12.534834453 4.6
v 2.09535922905 12.5766438171 4.6
v 3.54596176041 13.9952692523 4.6
v 3.03933254828 13.3721051805 4.6
v 2.77269454024 12.9467683969 4.6
v 2.65140660948 12.7031978324 4.6
v 3.92674166077 13.8932395855 4.6
v 4.0539133929 13.1002490625 4.6
v 4.07216028965 12.5985775987 4.6
v 4.05541343664 12.3269953369 4.6
v 4.01967234867 12.0997824034 4.6
v 4.69834254294 11.8527666538 4.6
v 5.92234363516 13.1668998674 4.6
v 5.31519995369 12.6411782975 4.6
v 4.97875381875 12.2686045395 4.6
v 4.81701293955 12.0497957874 4.6
v 6.27962136751 13.0002985247 4.6
v 6.05970965806 11.2179507425 4.6
v 6.1852993122 11.6384333913 4.6
v 6.25490773627 12.0721063828 4.6
v 6.28535671405 12.5357440996 4.6
v 6.68517549234 10.8568378747 4.6
v 8.11877809539 11.9384608928 4.6
v 7.42956769814 11.5261556087 4.6
v 7.03353618185 11.2176653415 4.6
v 6.83625676898 11.0302667949 4.6
v 8.44169795664 11.7123499717 4.6
v 8.33474550912 11.7886989761 4.6
v 8.22710258286 11.8640713645 4.6
v 8.28998156259 10.9236873349 4.6
v 8.13554629085 10.446029556 4.6
v 8.02692279256 10.1965534697 4.6
v 7.91562575584 9.99526732476 4.6
v 8.46888276726 9.53102957053 4.6
v 10.0685275915 10.3472778251 4.6
v 9.31819178762 10.0609165143 4.6
v 8.87460810721 9.82588305847 4.6
v 8.64778439579 9.67558872745 4.6
v 10.3472778251 10.0685275915 4.6
v 10.255208091 10.1622887806 4.6
v 10.1622887806 10.255208091 4.6
v 10.0609165143 9.31819178762 4.6
v 9.82588305847 8.87460810721 4.6
v 9.67558872745 8.64778439579 4.6
v 9.53102957053 8.46888276726 4.6
v 9.99526732476 7.91562575584 4.6
v 9.8440134254 8.10295623094 4.6
v 9.6892491108 8.28739715887 4.6
v 11.7123499717 8.44169795664 4.6
v 10.9236873349 8.28998156259 4.6
v 10.446029556 8.13554629085 4.6
v 10.1965534697 8.02692279256 4.6
v 11.9384608928 8.11877809539 4.6
v 11.5261556087 7.42956769814 4.6
v 11.2176653415 7.03353618185 4.6
v 11.0302667949 6.83625676898 4.6
v 10.8568378747 6.68517549234 4.6
v 11.2179507425 6.05970965806 4.6
v 11.6384333913 6.1852993122 4.6
v 12.0721063828 6.25490773627 4.6
v 12.5357440996 6.28535671405 4.6
v 13.0002985247 6.27962136751 4.6
v 13.1668998674 5.92234363516 4.6
v 11.8527666538 4.69834254294 4.6
v 12.2192549472 4.93972346593 4.6
v 12.5513377193 5.22719281869 4.6
v 12.8726835693 5.56278768962 4.6
v 12.0997824034 4.01967234867 4.6
v 12.0217210262 4.24743729411 4.6
v 11.9393726544 4.47368758612 4.6
v 12.5356853906 4.07033796806 4.6
v 12.9748572909 4.06358235908 4.6
v 13.4367387185 4.01305890385 4.6
v 13.8932395855 3.92674166077 4.6
v 13.9952692523 3.54596176041 4.6
v 13.9624151182 3.67319619907 4.6
v 13.9284042901 3.80012633763 4.6
v 12.4885551159 2.56875283285 4.6
v 12.8913909861 2.74282661295 4.6
v 13.2683472039 2.9682630921 4.6
v 13.6430865261 3.24295840162 4.6
v 12.6139682988 1.85749932903 4.6
v 12.5766438171 2.09535922905 4.6
v 12.534834453 2.33247191544 4.6
v 13.0520469326 1.83170146445 4.6
v 13.4833737257 1.74878708818 4.6
v 13.9294648307 1.61882632955 4.6
v 14.3640415918 1.45454989569 4.6
v 14.3983994629 1.06183763193 4.6
v 13.6967274142 0.671116561358 4.6
v 13.2315512478 0.482388341174 4.6
v 12.9706196394 0.405238631263 4.6
v 12.7448851504 0.361112867791 4.6
v 12.7448851504 -0.361112867791 4.6
v 12.7494316496 -0.120385265889 4.6
v 12.7494316496 0.120385265889 4.6
v 14.3983994629 -1.06183763193 4.6
v 13.6967274142 -0.671116561358 4.6
v 13.2315512478 -0.482388341174 4.6
v 12.9706196394 -0.405238631263 4.6
v 14.3640415918 -1.45454989569 4.6
v 14.3766855454 -1.32375185694 4.6
v 14.3881384854 -1.19284415407 4.6
v 13.6051815163 -1.71749096268 4.6
v 13.1143001096 -1.82257498354 4.6
v 12.8439357321 -1.85324231771 4.6
v 12.6139682988 -1.85749932903 4.6
v 12.4885551159 -2.56875283285 4.6
v 13.9952692523 -3.54596176041 4.6
v 13.3721051805 -3.03933254828 4.6
v 12.9467683969 -2.77269454024 4.6
v 12.7031978324 -2.65140660948 4.6
v 13.8932395855 -3.92674166077 4.6
v 13.1002490625 -4.0539133929 4.6
v 12.5985775987 -4.07216028965 4.6
v 12.3269953369 -4.05541343664 4.6
v 12.0997824034 -4.01967234867 4.6
v 11.8527666538 -4.69834254294 4.6
v 11.9393726544 -4.47368758612 4.6
v 12.0217210262 -4.24743729411 4.6
v 12.2192549472 -4.93972346593 4.6
v 12.5513377193 -5.22719281869 4.6
v 12.8726835693 -5.56278768962 4.6
v 13.1668998674 -5.92234363516 4.6
v 13.0002985247 -6.27962136751 4.6
v 11.2179507425 -6.05970965806 4.6
v 11.6384333913 -6.1852993122 4.6
v 12.0721063828 -6.25490773627 4.6
v 12.5357440996 -6.28535671405 4.6
v 10.8568378747 -6.68517549234 4.6
v 10.9811390594 -6.4789725233 4.6
v 11.1015243253 -6.2704591263 4.6
v 11.17584303 -6.98652932102 4.6
v 11.4529621893 -7.32729693657 4.6
v 11.711150636 -7.71359448859 4.6
v 11.9384608928 -8.11877809539 4.6
v 11.7123499717 -8.44169795664 4.6
v 10.9236873349 -8.28998156259 4.6
v 10.446029556 -8.13554629085 4.6
v 10.1965534697 -8.02692279256 4.6
v 9.99526732476 -7.91562575584 4.6
v 9.53102957053 -8.46888276726 4.6
v 9.6892491108 -8.28739715887 4.6
v 9.8440134254 -8.10295623094 4.6
v 9.7928587776 -8.82105301804 4.6
v 10.0065941988 -9.20476484482 4.6
v 10.1937803168 -9.63002762228 4.6
v 10.3472778251 -10.0685275915 4.6
v 10.0685275915 -10.3472778251 4.6
v 9.31819178762 -10.0609165143 4.6
v 8.87460810721 -9.82588305847 4.6
v 8.64778439579 -9.67558872745 4.6
v 8.46888276726 -9.53102957053 4.6
v 7.91562575584 -9.99526732476 4.6
v 8.11232346665 -10.3875534828 4.6
v 8.25618090703 -10.8025506311 4.6
v 8.36667714104 -11.2538572397 4.6
v 8.44169795664 -11.7123499717 4.6
v 8.11877809539 -11.9384608928 4.6
v 8.22710258286 -11.8640713645 4.6
v 8.33474550912 -11.7886989761 4.6
v 7.42956769814 -11.5261556087 4.6
v 7.03353618185 -11.2176653415 4.6
v 6.83625676898 -11.0302667949 4.6
v 6.68517549234 -10.8568378747 4.6
v 6.05970965806 -11.2179507425 4.6
v 6.2704591263 -11.1015243253 4.6
v 6.4789725233 -10.9811390594 4.6
v 6.27962136751 -13.0002985247 4.6
v 6.26715971607 -12.1972721701 4.6
v 6.19801506596 -11.7000536827 4.6
v 6.13436287044 -11.4355054262 4.6
v 5.92234363516 -13.1668998674 4.6
v 6.04194003628 -13.112450833 4.6
v 6.1610359025 -13.0569155185 4.6
v 5.31519995369 -12.6411782975 4.6
v 4.97875381875 -12.2686045395 4.6
v 4.81701293955 -12.0497957874 4.6
v 4.69834254294 -11.8527666538 4.6
v 4.01967234867 -12.0997824034 4.6
v 3.92674166077 -13.8932395855 4.6
v 4.0539133929 -13.1002490625 4.6
v 4.07216028965 -12.5985775987 4.6
v 4.05541343664 -12.3269953369 4.6
v 3.54596176041 -13.9952692523 4.6
v 3.67319619907 -13.9624151182 4.6
v 3.80012633763 -13.9284042901 4.6
v 3.03933254828 -13.3721051805 4.6
v 2.77269454024 -12.9467683969 4.6
v 2.65140660948 -12.7031978324 4.6
v 2.56875283285 -12.4885551159 4.6
v 1.85749932903 -12.6139682988 4.6
v 1.45454989569 -14.3640415918 4.6
v 1.71749096268 -13.6051815163 4.6
v 1.82257498354 -13.1143001096 4.6
v 1.85324231771 -12.8439357321 4.6
v 1.06183763193 -14.3983994629 4.6
v 0.671116561358 -13.6967274142 4.6
v 0.482388341174 -13.2315512478 4.6
v 0.405238631263 -12.9706196394 4.6
v 0.361112867791 -12.7448851504 4.6
v -0.361112867791 -12.7448851504 4.6
v -1.06183763193 -14.3983994629 4.6
v -0.671116561358 -13.6967274142 4.6
v -0.482388341174 -13.2315512478 4.6
v -0.405238631263 -12.9706196394 4.6
v -1.45454989569 -14.3640415918 4.6
v -1.71749096268 -13.6051815163 4.6
v -1.82257498354 -13.1143001096 4.6
v -1.85324231771 -12.8439357321 4.6
v -1.85749932903 -12.6139682988 4.6
v -2.56875283285 -12.4885551159 4.6
v -2.33247191544 -12.534834453 4.6
v -2.09535922905 -12.5766438171 4.6
v -3.54596176041 -13.9952692523 4.6
v -3.03933254828 -13.3721051805 4.6
v -2.77269454024 -12.9467683969 4.6
v -2.65140660948 -12.7031978324 4.6
v -3.92674166077 -13.8932395855 4.6
v -4.0539133929 -13.1002490625 4.6
v -4.07216028965 -12.5985775987 4.6
v -4.05541343664 -12.3269953369 4.6
v -4.01967234867 -12.0997824034 4.6
v -4.69834254294 -11.8527666538 4.6
v -4.47368758612 -11.9393726544 4.6
v -4.24743729411 -12.0217210262 4.6
v -5.92234363516 -13.1668998674 4.6
v -5.31519995369 -12.6411782975 4.6
v -4.97875381875 -12.2686045395 4.6
v -4.81701293955 -12.0497957874 4.6
v -6.27962136751 -13.0002985247 4.6
v -6.05970965806 -11.2179507425 4.6
v -6.1852993122 -11.6384333913 4.6
v -6.25490773627 -12.0721063828 4.6
v -6.28535671405 -12.5357440996 4.6
v -6.68517549234 -10.8568378747 4.6
v -8.11877809539 -11.9384608928 4.6
v -7.42956769814 -11.5261556087 4.6
v -7.03353618185 -11.2176653415 4.6
v -6.83625676898 -11.0302667949 4.6
v -8.44169795664 -11.7123499717 4.6
v -7.91562575584 -9.99526732476 4.6
v -8.11232346665 -10.3875534828 4.6
v -8.25618090703 -10.8025506311 4.6
v -8.36667714104 -11.2538572397 4.6
v -8.46888276726 -9.53102957053 4.6
v -8.28739715887 -9.6892491108 4.6
v -8.10295623094 -9.8440134254 4.6
v -10.0685275915 -10.3472778251 4.6
v -9.31819178762 -10.0609165143 4.6
v -8.87460810721 -9.82588305847 4.6
v -8.64778439579 -9.67558872745 4.6
v -10.3472778251 -10.0685275915 4.6
v -10.0609165143 -9.31819178762 4.6
v -9.82588305847 -8.87460810721 4.6
v -9.67558872745 -8.64778439579 4.6
v -9.53102957053 -8.46888276726 4.6
v -9.99526732476 -7.91562575584 4.6
v -9.8440134254 -8.10295623094 4.6
v -9.6892491108 -8.28739715887 4.6
v -11.7123499717 -8.44169795664 4.6
v -10.9236873349 -8.28998156259 4.6
v -10.446029556 -8.13554629085 4.6
v -10.1965534697 -8.02692279256 4.6
v -11.9384608928 -8.11877809539 4.6
v -11.8640713645 -8.22710258286 4.6
v -11.7886989761 -8.33474550912 4.6
v -10.8568378747 -6.68517549234 4.6
v -11.17584303 -6.98652932102 4.6
v -11.4529621893 -7.32729693657 4.6
v -11.711150636 -7.71359448859 4.6
v -11.2179507425 -6.05970965806 4.6
v -11.1015243253 -6.2704591263 4.6
v -10.9811390594 -6.4789725233 4.6
v -11.6384333913 -6.1852993122 4.6
v -12.0721063828 -6.25490773627 4.6
v -12.5357440996 -6.28535671405 4.6
v -13.0002985247 -6.27962136751 4.6
v -13.1668998674 -5.92234363516 4.6
v -13.112450833 -6.04194003628 4.6
v -13.0569155185 -6.1610359025 4.6
v -12.6411782975 -5.31519995369 4.6
v -12.2686045395 -4.97875381875 4.6
v -12.0497957874 -4.81701293955 4.6
v -11.8527666538 -4.69834254294 4.6
v -12.0997824034 -4.01967234867 4.6
v -12.0217210262 -4.24743729411 4.6
v -11.9393726544 -4.47368758612 4.6
v -13.8932395855 -3.92674166077 4.6
v -13.1002490625 -4.0539133929 4.6
v -12.5985775987 -4.07216028965 4.6
v -12.3269953369 -4.05541343664 4.6
v -13.9952692523 -3.54596176041 4.6
v -12.4885551159 -2.56875283285 4.6
v -12.8913909861 -2.74282661295 4.6
v -13.2683472039 -2.9682630921 4.6
v -13.6430865261 -3.24295840162 4.6
v -12.6139682988 -1.85749932903 4.6
v -12.5766438171 -2.09535922905 4.6
v -12.534834453 -2.33247191544 4.6
v -13.0520469326 -1.83170146445 4.6
v -13.4833737257 -1.74878708818 4.6
v -13.9294648307 -1.61882632955 4.6
v -14.3640415918 -1.45454989569 4.6
v -14.3983994629 -1.06183763193 4.6
v -13.6967274142 -0.671116561358 4.6
v -13.2315512478 -0.482388341174 4.6
v -12.9706196394 -0.405238631263 4.6
v -12.7448851504 -0.361112867791 4.6
v -12.7448851504 0.361112867791 4.6
v -13.6967274142 0.671116561358 4.6
v -13.2315512478 0.482388341174 4.6
v -12.9706196394 0.405238631263 4.6
v 14.2895778168 -2.06140051085 2.875
v 14.2702235842 -2.19137516294 2.875
v 14.3309459381 -1.75082688178 3.45
v 14.3144167528 -1.88119092029 3.45
v 14.3655647751 -1.43942868547 4.025
v 14.3518684216 -1.57012071432 4.025
v 14.3369831104 -1.70068266902 4.025
v 14.0053259175 -2.46175242621 2.875
v 14.0554487334 -2.15725287573 3.45
v 12.7925758605 -2.68294058659 2.875
v 14.0989520127 -1.85173734814 4.025
v 12.8477841048 -2.40470599826 3.45
v 12.8969415727 -2.12533889259 4.025
v 13.0943947281 -1.31097145993 2.875
v 13.1197597504 -1.02651038021 3.45
v 13.1389459069 -0.741565856438 4.025
v 12.3856525958 -3.02623690009 2.875
v 12.4982428007 -2.52119552894 3.45
v 12.4484062971 -2.75675183193 3.45
v 12.5500104369 -2.24938614566 4.025
v 12.5052973126 -2.48596844739 4.025
v 12.4561247484 -2.72166424265 4.025
v 12.7363825339 -0.589117941311 2.875
v 12.7229872253 -0.829515559187 2.875
v 12.7461674183 -0.312595817371 3.45
v 12.737991966 -0.553227508865 3.45
v 12.7499493837 -0.035926473695 4.025
v 12.7469976378 -0.276678911208 4.025
v 12.7395002607 -0.517332683895 4.025
v 12.6678136443 -3.56487263991 2.875
v 12.7421894629 -3.28913775306 3.45
v 12.810564236 -3.01185381799 4.025
v 14.2200323697 0.00764644787535 2.875
v 14.2165179153 0.316223701613 3.45
v 13.1537648907 -0.40036066815 2.875
v 14.2063080675 0.624652027031 4.025
v 13.1593553996 -0.114825667772 3.45
v 13.158748395 0.170763410759 4.025
v 13.6728985193 -4.63608157052 2.875
v 13.8091987704 -4.21277053376 3.45
v 13.7702832229 -4.33828378669 3.45
v 13.8973653988 -3.91211467371 4.025
v 13.861182691 -4.03844285015 4.025
v 13.8238516757 -4.16443646822 4.025
v 14.4339551266 0.319915070074 2.875
v 14.4172545653 0.764314759041 3.45
v 14.4236139732 0.63306098029 3.45
v 14.397273735 1.076993615 4.025
v 14.4064798926 0.945908744899 4.025
v 14.4144925682 0.814745512499 4.025
v 13.3650747243 -4.85635219853 2.875
v 13.467311854 -4.56518241607 3.45
v 12.1323401448 -4.86358817639 2.875
v 13.5632064354 -4.271862621 4.025
v 12.235024581 -4.59916740765 3.45
v 12.3319468253 -4.33258062078 4.025
v 13.1231092543 0.982762924474 2.875
v 13.0986927767 1.2673069911 3.45
v 13.0681073552 1.55125420842 4.025
v 11.7667944799 -4.90968916192 2.875
v 11.6719861795 -5.13100756413 2.875
v 11.8705654001 -4.65318999015 3.45
v 11.7805821022 -4.87651364557 3.45
v 11.9687457736 -4.39449935783 4.025
v 11.8836298566 -4.61972309025 4.025
v 11.7942761888 -4.84329941062 4.025
v 12.6451875217 1.63148170104 2.875
v 12.6737403262 1.39241019223 2.875
v 12.6068061888 1.90550195993 3.45
v 12.6405401946 1.66710635211 3.45
v 12.5624875703 2.17862480599 4.025
v 12.6013868901 1.94101737368 4.025
v 12.6357925041 1.70271776667 4.025
v 11.8563274531 -5.71045696864 2.875
v 11.9774541965 -5.45182633966 3.45
v 12.0929400532 -5.19062812536 4.025
v 14.002670334 2.47681298851 2.875
v 13.9456253943 2.7800919818 3.45
v 13.0234515461 1.88984901274 2.875
v 13.8820126404 3.08206166645 4.025
v 12.9793744902 2.17201687655 3.45
v 12.9291846842 2.45316181001 4.025
v 12.6601293517 -6.93992298555 2.875
v 12.8678660859 -6.54671128484 3.45
v 12.8077466053 -6.66356009551 3.45
v 13.0069016073 -6.26593303722 4.025
v 12.9493319385 -6.38405894353 4.025
v 12.890689503 -6.50165597265 4.025
v 14.1328513268 2.95024060443 2.875
v 14.1591182464 2.82148484557 2.875
v 14.065502208 3.25623308267 3.45
v 14.0945569817 3.12807764333 3.45
v 13.9915288179 3.56069200945 4.025
v 14.023357762 3.43319724556 4.025
v 14.0540249634 3.3054180639 4.025
v 12.3187324987 -7.10339416673 2.875
v 12.4699775188 -6.83440119878 3.45
v 11.1913142167 -6.92360495466 2.875
v 12.6153496939 -6.5621895098 4.025
v 11.3389232396 -6.67911964512 3.45
v 11.4811920974 -6.43148874574 4.025
v 12.7530847463 3.24663655472 2.875
v 12.6796286513 3.52261788078 3.45
v 12.6002009742 3.79694019912 4.025
v 10.735471856 -6.87838236995 2.875
v 10.6036723696 -7.07987515975 2.875
v 10.8822068765 -6.64379962813 3.45
v 10.7548108813 -6.84810505973 3.45
v 11.0238168264 -6.40608793074 4.025
v 10.9008843207 -6.61310978471 4.025
v 10.7740645154 -6.81777337682 4.025
v 12.2394082404 3.57202826454 2.875
v 12.1697748853 3.80250959747 2.875
v 12.0843935326 4.0657020244 3.45
v 12.1590120059 3.83678603018 3.45
v 11.9933209289 4.32697967339 4.025
v 12.0728893783 4.09973682787 4.025
v 12.1481525862 3.87103199952 4.025
v 10.6845927518 -7.68253195201 2.875
v 10.8487900453 -7.44886394169 3.45
v 11.0078780061 -7.21168782373 4.025
v 13.3598442459 4.87072281981 2.875
v 13.2510021025 5.15948857391 3.45
v 12.4974272165 4.12263658769 2.875
v 13.1359192838 5.44582442172 4.025
v 12.4050218547 4.39286378718 3.45
v 12.3067742393 4.66102212903 4.025
v 11.3444371433 -8.93001411817 2.875
v 11.2626885601 -9.03289835244 2.875
v 11.5355498018 -8.68173352632 3.45
v 11.4560530881 -8.78636750275 3.45
v 11.7212296922 -8.4293641961 4.025
v 11.6440222877 -8.5356986364 4.025
v 11.5658502527 -8.64132595034 4.025
v 13.4058376541 5.35956369862 2.875
v 13.4540637231 5.23732523178 2.875
v 13.2863766836 5.64921241182 3.45
v 13.3372440084 5.52804925006 3.45
v 13.1606583777 5.936200579 4.025
v 13.214143002 5.81616978519 4.025
v 13.2665329217 5.69565716005 4.025
v 10.8980918197 -9.13460309766 2.875
v 11.0937492268 -8.89596015945 3.45
v 9.81902162374 -8.76177115757 2.875
v 11.2841819357 -8.65312759097 4.025
v 10.0068425624 -8.54663216707 3.45
v 10.189950691 -8.32746806538 4.025
v 11.9955642117 5.41186277613 2.875
v 11.8753004255 5.67089580868 3.45
v 11.7494438626 5.92725808322 4.025
v 9.37795735221 -8.6380794103 2.875
v 9.21317134034 -8.81362433123 2.875
v 9.56319800364 -8.43254077634 3.45
v 9.40226017398 -8.61162026695 3.45
v 9.74393478329 -8.22303076351 4.025
v 9.58692093092 -8.40556048476 4.025
v 9.42648834354 -8.58509274893 4.025
v 11.4331879287 5.64311206557 2.875
v 11.1948026939 6.10236779021 3.45
v 11.3080383902 5.88988690623 3.45
v 11.0597433001 6.34386145297 4.025
v 11.1775632319 6.13388785312 4.025
v 11.2913971992 5.9217268839 4.025
v 9.1882121064 -9.42117708956 2.875
v 9.39049089821 -9.21957158216 3.45
v 9.58834715617 -9.01362403686 4.025
v 12.3110860508 7.11663820294 2.875
v 12.1537538172 7.38211671654 3.45
v 11.5916748849 6.23015993607 2.875
v 11.9906976669 7.64411855767 4.025
v 11.4537489074 6.48023575452 3.45
v 11.3104286867 6.72725964925 4.025
v 9.62140897409 -10.7642879747 2.875
v 9.52303667584 -10.8514136738 2.875
v 9.85273167423 -10.5529656878 3.45
v 9.75627319496 -10.6422055795 3.45
v 10.0794141442 -10.3366733894 4.025
v 9.98491491186 -10.4279854455 4.025
v 9.88958849515 -10.5184336118 4.025
v 12.3402142817 7.49403214103 2.875
v 12.1035513269 7.87054328047 3.45
v 12.174685625 7.76005387766 3.45
v 11.9299079923 8.13134069782 4.025
v 12.0034231936 8.02242094902 4.025
v 12.0759439905 7.91283659553 4.025
v 9.14631813547 -10.8882617358 2.875
v 9.38044297826 -10.6872198722 3.45
v 8.14838302741 -10.3337153775 2.875
v 9.61015001935 -10.481144769 4.025
v 8.37070903763 -10.1544595954 3.45
v 8.58909278918 -9.97042148176 4.025
v 10.8735645286 7.41265228563 2.875
v 10.7101472054 7.64686643704 3.45
v 10.5416858447 7.8774792298 4.025
v 7.54273276204 -10.2795759873 2.875
v 7.95361619866 -9.96506344013 3.45
v 7.76402654906 -10.1134757501 3.45
v 8.16798821244 -9.79012096759 4.025
v 7.98166379984 -9.94261248289 4.025
v 7.79249309345 -10.0915584221 4.025
v 10.1353127789 7.73549835974 2.875
v 10.2795759873 7.54273276204 2.875
v 9.96506344013 7.95361619866 3.45
v 10.1134757501 7.76402654906 3.45
v 9.79012096759 8.16798821244 4.025
v 9.94261248289 7.98166379984 4.025
v 10.0915584221 7.79249309345 4.025
v 7.41265228563 -10.8735645286 2.875
v 7.64686643704 -10.7101472054 3.45
v 7.8774792298 -10.5416858447 4.025
v 10.8882617358 9.14631813547 2.875
v 10.6872198722 9.38044297826 3.45
v 10.3337153775 8.14838302741 2.875
v 10.481144769 9.61015001935 4.025
v 10.1544595954 8.37070903763 3.45
v 9.97042148176 8.58909278918 4.025
v 7.6060391619 -12.271494388 2.875
v 7.49403214103 -12.3402142817 2.875
v 7.87054328047 -12.1035513269 3.45
v 7.76005387766 -12.174685625 3.45
v 8.13134069782 -11.9299079923 4.025
v 8.02242094902 -12.0034231936 4.025
v 7.91283659553 -12.0759439905 4.025
v 10.7642879747 9.62140897409 2.875
v 10.8514136738 9.52303667584 2.875
v 10.5529656878 9.85273167423 3.45
v 10.6422055795 9.75627319496 3.45
v 10.3366733894 10.0794141442 4.025
v 10.4279854455 9.98491491186 4.025
v 10.5184336118 9.88958849515 4.025
v 7.11663820294 -12.3110860508 2.875
v 7.38211671654 -12.1537538172 3.45
v 6.23015993607 -11.5916748849 2.875
v 7.64411855767 -11.9906976669 4.025
v 6.48023575452 -11.4537489074 3.45
v 6.72725964925 -11.3104286867 4.025
v 9.42117708956 9.1882121064 2.875
v 9.21957158216 9.39049089821 3.45
v 9.01362403686 9.58834715617 4.025
v 5.85800016395 -11.3245897973 2.875
v 5.64311206557 -11.4331879287 2.875
v 6.10236779021 -11.1948026939 3.45
v 5.88988690623 -11.3080383902 3.45
v 6.34386145297 -11.0597433001 4.025
v 6.13388785312 -11.1775632319 4.025
v 5.9217268839 -11.2913971992 4.025
v 8.81362433123 9.21317134034 2.875
v 8.43254077634 9.56319800364 3.45
v 8.61162026695 9.40226017398 3.45
v 8.22303076351 9.74393478329 4.025
v 8.40556048476 9.58692093092 4.025
v 8.58509274893 9.42648834354 4.025
v 5.41186277613 -11.9955642117 2.875
v 5.67089580868 -11.8753004255 3.45
v 5.92725808322 -11.7494438626 4.025
v 9.13460309766 10.8980918197 2.875
v 8.89596015945 11.0937492268 3.45
v 8.76177115757 9.81902162374 2.875
v 8.65312759097 11.2841819357 4.025
v 8.54663216707 10.0068425624 3.45
v 8.32746806538 10.189950691 4.025
v 5.23732523178 -13.4540637231 2.875
v 5.35956369862 -13.4058376541 2.875
v 5.64921241182 -13.2863766836 3.45
v 5.52804925006 -13.3372440084 3.45
v 5.936200579 -13.1606583777 4.025
v 5.81616978519 -13.214143002 4.025
v 5.69565716005 -13.2665329217 4.025
v 8.93001411817 11.3444371433 2.875
v 9.03289835244 11.2626885601 2.875
v 8.68173352632 11.5355498018 3.45
v 8.78636750275 11.4560530881 3.45
v 8.4293641961 11.7212296922 4.025
v 8.5356986364 11.6440222877 4.025
v 8.64132595034 11.5658502527 4.025
v 4.87072281981 -13.3598442459 2.875
v 5.15948857391 -13.2510021025 3.45
v 4.12263658769 -12.4974272165 2.875
v 5.44582442172 -13.1359192838 4.025
v 4.39286378718 -12.4050218547 3.45
v 4.66102212903 -12.3067742393 4.025
v 7.68253195201 10.6845927518 2.875
v 7.44886394169 10.8487900453 3.45
v 7.21168782373 11.0078780061 4.025
v 3.80250959747 -12.1697748853 2.875
v 3.57202826454 -12.2394082404 2.875
v 4.0657020244 -12.0843935326 3.45
v 3.83678603018 -12.1590120059 3.45
v 4.32697967339 -11.9933209289 4.025
v 4.09973682787 -12.0728893783 4.025
v 3.87103199952 -12.1481525862 4.025
v 7.07987515975 10.6036723696 2.875
v 6.64379962813 10.8822068765 3.45
v 6.84810505973 10.7548108813 3.45
v 6.40608793074 11.0238168264 4.025
v 6.61310978471 10.9008843207 4.025
v 6.81777337682 10.7740645154 4.025
v 3.24663655472 -12.7530847463 2.875
v 3.52261788078 -12.6796286513 3.45
v 3.79694019912 -12.6002009742 4.025
v 7.10339416673 12.3187324987 2.875
v 6.83440119878 12.4699775188 3.45
v 6.92360495466 11.1913142167 2.875
v 6.5621895098 12.6153496939 4.025
v 6.67911964512 11.3389232396 3.45
v 6.43148874574 11.4811920974 4.025
v 2.82148484557 -14.1591182464 2.875
v 2.95024060443 -14.1328513268 2.875
v 3.25623308267 -14.065502208 3.45
v 3.12807764333 -14.0945569817 3.45
v 3.56069200945 -13.9915288179 4.025
v 3.43319724556 -14.023357762 4.025
v 3.3054180639 -14.0540249634 4.025
v 6.8244063015 12.7227703304 2.875
v 6.93992298555 12.6601293517 2.875
v 6.54671128484 12.8678660859 3.45
v 6.66356009551 12.8077466053 3.45
v 6.26593303722 13.0069016073 4.025
v 6.38405894353 12.9493319385 4.025
v 6.50165597265 12.890689503 4.025
v 2.47681298851 -14.002670334 2.875
v 2.7800919818 -13.9456253943 3.45
v 1.88984901274 -13.0234515461 2.875
v 3.08206166645 -13.8820126404 4.025
v 2.17201687655 -12.9793744902 3.45
v 2.45316181001 -12.9291846842 4.025
v 5.71045696864 11.8563274531 2.875
v 5.45182633966 11.9774541965 3.45
v 5.19062812536 12.0929400532 4.025
v 1.63148170104 -12.6451875217 2.875
v 1.39241019223 -12.6737403262 2.875
v 1.90550195993 -12.6068061888 3.45
v 1.66710635211 -12.6405401946 3.45
v 2.17862480599 -12.5624875703 4.025
v 1.94101737368 -12.6013868901 4.025
v 1.70271776667 -12.6357925041 4.025
v 5.13100756413 11.6719861795 2.875
v 4.65318999015 11.8705654001 3.45
v 4.87651364557 11.7805821022 3.45
v 4.39449935783 11.9687457736 4.025
v 4.61972309025 11.8836298566 4.025
v 4.84329941062 11.7942761888 4.025
v 0.982762924474 -13.1231092543 2.875
v 1.2673069911 -13.0986927767 3.45
v 1.55125420842 -13.0681073552 4.025
v 4.85635219853 13.3650747243 2.875
v 4.56518241607 13.467311854 3.45
v 4.86358817639 12.1323401448 2.875
v 4.271862621 13.5632064354 4.025
v 4.59916740765 12.235024581 3.45
v 4.33258062078 12.3319468253 4.025
v 0.451275942364 -14.4304454634 2.875
v 0.319915070074 -14.4339551266 2.875
v 0.764314759041 -14.4172545653 3.45
v 0.63306098029 -14.4236139732 3.45
v 1.076993615 -14.397273735 4.025
v 0.945908744899 -14.4064798926 4.025
v 0.814745512499 -14.4144925682 4.025
v 4.63608157052 13.6728985193 2.875
v 4.21277053376 13.8091987704 3.45
v 4.33828378669 13.7702832229 3.45
v 3.91211467371 13.8973653988 4.025
v 4.03844285015 13.861182691 4.025
v 4.16443646822 13.8238516757 4.025
v 0.00764644787535 -14.2200323697 2.875
v 0.316223701613 -14.2165179153 3.45
v -0.40036066815 -13.1537648907 2.875
v 0.624652027031 -14.2063080675 4.025
v -0.114825667772 -13.1593553996 3.45
v 0.170763410759 -13.158748395 4.025
v 3.56487263991 12.6678136443 2.875
v 3.28913775306 12.7421894629 3.45
v 3.01185381799 12.810564236 4.025
v -0.829515559187 -12.7229872253 2.875
v -0.312595817371 -12.7461674183 3.45
v -0.553227508865 -12.737991966 3.45
v -0.035926473695 -12.7499493837 4.025
v -0.276678911208 -12.7469976378 4.025
v -0.517332683895 -12.7395002607 4.025
v 2.79181753312 12.4405890078 2.875
v 3.02623690009 12.3856525958 2.875
v 2.52119552894 12.4982428007 3.45
v 2.75675183193 12.4484062971 3.45
v 2.24938614566 12.5500104369 4.025
v 2.48596844739 12.5052973126 4.025
v 2.72166424265 12.4561247484 4.025
v -1.31097145993 -13.0943947281 2.875
v -1.02651038021 -13.1197597504 3.45
v -0.741565856438 -13.1389459069 4.025
v 2.46175242621 14.0053259175 2.875
v 2.15725287573 14.0554487334 3.45
v 2.68294058659 12.7925758605 2.875
v 1.85173734814 14.0989520127 4.025
v 2.40470599826 12.8477841048 3.45
v 2.12533889259 12.8969415727 4.025
v -2.06140051085 -14.2895778168 2.875
v -2.19137516294 -14.2702235842 2.875
v -1.75082688178 -14.3309459381 3.45
v -1.88119092029 -14.3144167528 3.45
v -1.43942868547 -14.3655647751 4.025
v -1.57012071432 -14.3518684216 4.025
v -1.70068266902 -14.3369831104 4.025
v 2.06140051085 14.2895778168 2.875
v 2.19137516294 14.2702235842 2.875
v 1.75082688178 14.3309459381 3.45
v 1.88119092029 14.3144167528 3.45
v 1.43942868547 14.3655647751 4.025
v 1.57012071432 14.3518684216 4.025
v 1.70068266902 14.3369831104 4.025
v -2.46175242621 -14.0053259175 2.875
v -2.15725287573 -14.0554487334 3.45
v -2.68294058659 -12.7925758605 2.875
v -1.85173734814 -14.0989520127 4.025
v -2.40470599826 -12.8477841048 3.45
v -2.12533889259 -12.8969415727 4.025
v 1.31097145993 13.0943947281 2.875
v 1.02651038021 13.1197597504 3.45
v 0.741565856438 13.1389459069 4.025
v -2.79181753312 -12.4405890078 2.875
v -3.02623690009 -12.3856525958 2.875
v -2.52119552894 -12.4982428007 3.45
v -2.75675183193 -12.4484062971 3.45
v -2.24938614566 -12.5500104369 4.025
v -2.48596844739 -12.5052973126 4.025
v -2.72166424265 -12.4561247484 4.025
v 0.829515559187 12.7229872253 2.875
v 0.312595817371 12.7461674183 3.45
v 0.553227508865 12.737991966 3.45
v 0.035926473695 12.7499493837 4.025
v 0.276678911208 12.7469976378 4.025
v 0.517332683895 12.7395002607 4.025
v -3.56487263991 -12.6678136443 2.875
v -3.28913775306 -12.7421894629 3.45
v -3.01185381799 -12.810564236 4.025
v -0.00764644787535 14.2200323697 2.875
v -0.316223701613 14.2165179153 3.45
v 0.40036066815 13.1537648907 2.875
v -0.624652027031 14.2063080675 4.025
v 0.114825667772 13.1593553996 3.45
v -0.170763410759 13.158748395 4.025
v -4.51144235267 -13.7145285791 2.875
v -4.63608157052 -13.6728985193 2.875
v -4.21277053376 -13.8091987704 3.45
v -4.33828378669 -13.7702832229 3.45
v -3.91211467371 -13.8973653988 4.025
v -4.03844285015 -13.861182691 4.025
v -4.16443646822 -13.8238516757 4.025
v -0.451275942364 14.4304454634 2.875
v -0.319915070074 14.4339551266 2.875
v -0.764314759041 14.4172545653 3.45
v -0.63306098029 14.4236139732 3.45
v -1.076993615 14.397273735 4.025
v -0.945908744899 14.4064798926 4.025
v -0.814745512499 14.4144925682 4.025
v -4.85635219853 -13.3650747243 2.875
v -4.56518241607 -13.467311854 3.45
v -4.86358817639 -12.1323401448 2.875
v -4.271862621 -13.5632064354 4.025
v -4.59916740765 -12.235024581 3.45
v -4.33258062078 -12.3319468253 4.025
v -0.982762924474 13.1231092543 2.875
v -1.2673069911 13.0986927767 3.45
v -1.55125420842 13.0681073552 4.025
v -4.90968916192 -11.7667944799 2.875
v -5.13100756413 -11.6719861795 2.875
v -4.65318999015 -11.8705654001 3.45
v -4.87651364557 -11.7805821022 3.45
v -4.39449935783 -11.9687457736 4.025
v -4.61972309025 -11.8836298566 4.025
v -4.84329941062 -11.7942761888 4.025
v -1.63148170104 12.6451875217 2.875
v -1.39241019223 12.6737403262 2.875
v -1.90550195993 12.6068061888 3.45
v -1.66710635211 12.6405401946 3.45
v -2.17862480599 12.5624875703 4.025
v -1.94101737368 12.6013868901 4.025
v -1.70271776667 12.6357925041 4.025
v -5.71045696864 -11.8563274531 2.875
v -5.45182633966 -11.9774541965 3.45
v -5.19062812536 -12.0929400532 4.025
v -2.47681298851 14.002670334 2.875
v -2.7800919818 13.9456253943 3.45
v -1.88984901274 13.0234515461 2.875
v -3.08206166645 13.8820126404 4.025
v -2.17201687655 12.9793744902 3.45
v -2.45316181001 12.9291846842 4.025
v -6.93992298555 -12.6601293517 2.875
v -6.54671128484 -12.8678660859 3.45
v -6.66356009551 -12.8077466053 3.45
v -6.26593303722 -13.0069016073 4.025
v -6.38405894353 -12.9493319385 4.025
v -6.50165597265 -12.890689503 4.025
v -2.95024060443 14.1328513268 2.875
v -2.82148484557 14.1591182464 2.875
v -3.25623308267 14.065502208 3.45
v -3.12807764333 14.0945569817 3.45
v -3.56069200945 13.9915288179 4.025
v -3.43319724556 14.023357762 4.025
v -3.3054180639 14.0540249634 4.025
v -7.10339416673 -12.3187324987 2.875
v -6.83440119878 -12.4699775188 3.45
v -6.92360495466 -11.1913142167 2.875
v -6.5621895098 -12.6153496939 4.025
v -6.67911964512 -11.3389232396 3.45
v -6.43148874574 -11.4811920974 4.025
v -3.24663655472 12.7530847463 2.875
v -3.52261788078 12.6796286513 3.45
v -3.79694019912 12.6002009742 4.025
v -7.07987515975 -10.6036723696 2.875
v -6.64379962813 -10.8822068765 3.45
v -6.84810505973 -10.7548108813 3.45
v -6.40608793074 -11.0238168264 4.025
v -6.61310978471 -10.9008843207 4.025
v -6.81777337682 -10.7740645154 4.025
v -3.80250959747 12.1697748853 2.875
v -3.57202826454 12.2394082404 2.875
v -4.0657020244 12.0843935326 3.45
v -3.83678603018 12.1590120059 3.45
v -4.32697967339 11.9933209289 4.025
v -4.09973682787 12.0728893783 4.025
v -3.87103199952 12.1481525862 4.025
v -7.68253195201 -10.6845927518 2.875
v -7.44886394169 -10.8487900453 3.45
v -7.21168782373 -11.0078780061 4.025
v -4.87072281981 13.3598442459 2.875
v -5.15948857391 13.2510021025 3.45
v -4.12263658769 12.4974272165 2.875
v -5.44582442172 13.1359192838 4.025
v -4.39286378718 12.4050218547 3.45
v -4.66102212903 12.3067742393 4.025
v -9.03289835244 -11.2626885601 2.875
v -8.68173352632 -11.5355498018 3.45
v -8.78636750275 -11.4560530881 3.45
v -8.4293641961 -11.7212296922 4.025
v -8.5356986364 -11.6440222877 4.025
v -8.64132595034 -11.5658502527 4.025
v -5.35956369862 13.4058376541 2.875
v -5.23732523178 13.4540637231 2.875
v -5.64921241182 13.2863766836 3.45
v -5.52804925006 13.3372440084 3.45
v -5.936200579 13.1606583777 4.025
v -5.81616978519 13.214143002 4.025
v -5.69565716005 13.2665329217 4.025
v -9.13460309766 -10.8980918197 2.875
v -8.89596015945 -11.0937492268 3.45
v -8.76177115757 -9.81902162374 2.875
v -8.65312759097 -11.2841819357 4.025
v -8.54663216707 -10.0068425624 3.45
v -8.32746806538 -10.189950691 4.025
v -5.41186277613 11.9955642117 2.875
v -5.67089580868 11.8753004255 3.45
v -5.92725808322 11.7494438626 4.025
v -8.6380794103 -9.37795735221 2.875
v -8.81362433123 -9.21317134034 2.875
v -8.43254077634 -9.56319800364 3.45
v -8.61162026695 -9.40226017398 3.45
v -8.22303076351 -9.74393478329 4.025
v -8.40556048476 -9.58692093092 4.025
v -8.58509274893 -9.42648834354 4.025
v -5.85800016395 11.3245897973 2.875
v -5.64311206557 11.4331879287 2.875
v -6.10236779021 11.1948026939 3.45
v -5.88988690623 11.3080383902 3.45
v -6.34386145297 11.0597433001 4.025
v -6.13388785312 11.1775632319 4.025
v -5.9217268839 11.2913971992 4.025
v -9.42117708956 -9.1882121064 2.875
v -9.21957158216 -9.39049089821 3.45
v -9.01362403686 -9.58834715617 4.025
v -7.11663820294 12.3110860508 2.875
v -7.38211671654 12.1537538172 3.45
v -6.23015993607 11.5916748849 2.875
v -7.64411855767 11.9906976669 4.025
v -6.48023575452 11.4537489074 3.45
v -6.72725964925 11.3104286867 4.025
v -10.7642879747 -9.62140897409 2.875
v -10.8514136738 -9.52303667584 2.875
v -10.5529656878 -9.85273167423 3.45
v -10.6422055795 -9.75627319496 3.45
v -10.3366733894 -10.0794141442 4.025
v -10.4279854455 -9.98491491186 4.025
v -10.5184336118 -9.88958849515 4.025
v -7.6060391619 12.271494388 2.875
v -7.49403214103 12.3402142817 2.875
v -7.87054328047 12.1035513269 3.45
v -7.76005387766 12.174685625 3.45
v -8.13134069782 11.9299079923 4.025
v -8.02242094902 12.0034231936 4.025
v -7.91283659553 12.0759439905 4.025
v -10.8882617358 -9.14631813547 2.875
v -10.6872198722 -9.38044297826 3.45
v -10.3337153775 -8.14838302741 2.875
v -10.481144769 -9.61015001935 4.025
v -10.1544595954 -8.37070903763 3.45
v -9.97042148176 -8.58909278918 4.025
v -7.41265228563 10.8735645286 2.875
v -7.64686643704 10.7101472054 3.45
v -7.8774792298 10.5416858447 4.025
v -10.1353127789 -7.73549835974 2.875
v -10.2795759873 -7.54273276204 2.875
v -9.96506344013 -7.95361619866 3.45
v -10.1134757501 -7.76402654906 3.45
v -9.79012096759 -8.16798821244 4.025
v -9.94261248289 -7.98166379984 4.025
v -10.0915584221 -7.79249309345 4.025
v -7.73549835974 10.1353127789 2.875
v -7.54273276204 10.2795759873 2.875
v -7.95361619866 9.96506344013 3.45
v -7.76402654906 10.1134757501 3.45
v -8.16798821244 9.79012096759 4.025
v -7.98166379984 9.94261248289 4.025
v -7.79249309345 10.0915584221 4.025
v -10.8735645286 -7.41265228563 2.875
v -10.7101472054 -7.64686643704 3.45
v -10.5416858447 -7.8774792298 4.025
v -9.14631813547 10.8882617358 2.875
v -9.38044297826 10.6872198722 3.45
v -8.14838302741 10.3337153775 2.875
v -9.61015001935 10.481144769 4.025
v -8.37070903763 10.1544595954 3.45
v -8.58909278918 9.97042148176 4.025
v -12.271494388 -7.6060391619 2.875
v -12.3402142817 -7.49403214103 2.875
v -12.1035513269 -7.87054328047 3.45
v -12.174685625 -7.76005387766 3.45
v -11.9299079923 -8.13134069782 4.025
v -12.0034231936 -8.02242094902 4.025
v -12.0759439905 -7.91283659553 4.025
v -9.62140897409 10.7642879747 2.875
v -9.52303667584 10.8514136738 2.875
v -9.85273167423 10.5529656878 3.45
v -9.75627319496 10.6422055795 3.45
v -10.0794141442 10.3366733894 4.025
v -9.98491491186 10.4279854455 4.025
v -9.88958849515 10.5184336118 4.025
v -12.3110860508 -7.11663820294 2.875
v -12.1537538172 -7.38211671654 3.45
v -11.5916748849 -6.23015993607 2.875
v -11.9906976669 -7.64411855767 4.025
v -11.4537489074 -6.48023575452 3.45
v -11.3104286867 -6.72725964925 4.025
v -9.1882121064 9.42117708956 2.875
v -9.39049089821 9.21957158216 3.45
v -9.58834715617 9.01362403686 4.025
v -11.3245897973 -5.85800016395 2.875
v -11.4331879287 -5.64311206557 2.875
v -11.1948026939 -6.10236779021 3.45
v -11.3080383902 -5.88988690623 3.45
v -11.0597433001 -6.34386145297 4.025
v -11.1775632319 -6.13388785312 4.025
v -11.2913971992 -5.9217268839 4.025
v -9.21317134034 8.81362433123 2.875
v -9.56319800364 8.43254077634 3.45
v -9.40226017398 8.61162026695 3.45
v -9.74393478329 8.22303076351 4.025
v -9.58692093092 8.40556048476 4.025
v -9.42648834354 8.58509274893 4.025
v -11.9955642117 -5.41186277613 2.875
v -11.8753004255 -5.67089580868 3.45
v -11.7494438626 -5.92725808322 4.025
v -10.8980918197 9.13460309766 2.875
v -11.0937492268 8.89596015945 3.45
v -9.81902162374 8.76177115757 2.875
v -11.2841819357 8.65312759097 4.025
v -10.0068425624 8.54663216707 3.45
v -10.189950691 8.32746806538 4.025
v -13.4058376541 -5.35956369862 2.875
v -13.4540637231 -5.23732523178 2.875
v -13.2863766836 -5.64921241182 3.45
v -13.3372440084 -5.52804925006 3.45
v -13.1606583777 -5.936200579 4.025
v -13.214143002 -5.81616978519 4.025
v -13.2665329217 -5.69565716005 4.025
v -11.2626885601 9.03289835244 2.875
v -11.5355498018 8.68173352632 3.45
v -11.4560530881 8.78636750275 3.45
v -11.7212296922 8.4293641961 4.025
v -11.6440222877 8.5356986364 4.025
v -11.5658502527 8.64132595034 4.025
v -13.3598442459 -4.87072281981 2.875
v -13.2510021025 -5.15948857391 3.45
v -12.4974272165 -4.12263658769 2.875
v -13.1359192838 -5.44582442172 4.025
v -12.4050218547 -4.39286378718 3.45
v -12.3067742393 -4.66102212903 4.025
v -10.6845927518 7.68253195201 2.875
v -10.8487900453 7.44886394169 3.45
v -11.0078780061 7.21168782373 4.025
v -12.1697748853 -3.80250959747 2.875
v -12.2394082404 -3.57202826454 2.875
v -12.0843935326 -4.0657020244 3.45
v -12.1590120059 -3.83678603018 3.45
v -11.9933209289 -4.32697967339 4.025
v -12.0728893783 -4.09973682787 4.025
v -12.1481525862 -3.87103199952 4.025
v -10.735471856 6.87838236995 2.875
v -10.6036723696 7.07987515975 2.875
v -10.8822068765 6.64379962813 3.45
v -10.7548108813 6.84810505973 3.45
v -11.0238168264 6.40608793074 4.025
v -10.9008843207 6.61310978471 4.025
v -10.7740645154 6.81777337682 4.025
v -12.7530847463 -3.24663655472 2.875
v -12.6796286513 -3.52261788078 3.45
v -12.6002009742 -3.79694019912 4.025
v -12.3187324987 7.10339416673 2.875
v -12.4699775188 6.83440119878 3.45
v -11.1913142167 6.92360495466 2.875
v -12.6153496939 6.5621895098 4.025
v -11.3389232396 6.67911964512 3.45
v -11.4811920974 6.43148874574 4.025
v -14.1591182464 -2.82148484557 2.875
v -14.065502208 -3.25623308267 3.45
v -14.0945569817 -3.12807764333 3.45
v -13.9915288179 -3.56069200945 4.025
v -14.023357762 -3.43319724556 4.025
v -14.0540249634 -3.3054180639 4.025
v -12.7227703304 6.8244063015 2.875
v -12.6601293517 6.93992298555 2.875
v -12.8678660859 6.54671128484 3.45
v -12.8077466053 6.66356009551 3.45
v -13.0069016073 6.26593303722 4.025
v -12.9493319385 6.38405894353 4.025
v -12.890689503 6.50165597265 4.025
v -14.002670334 -2.47681298851 2.875
v -13.9456253943 -2.7800919818 3.45
v -13.0234515461 -1.88984901274 2.875
v -13.8820126404 -3.08206166645 4.025
v -12.9793744902 -2.17201687655 3.45
v -12.9291846842 -2.45316181001 4.025
v -11.8563274531 5.71045696864 2.875
v -11.9774541965 5.45182633966 3.45
v -12.0929400532 5.19062812536 4.025
v -12.6451875217 -1.63148170104 2.875
v -12.6737403262 -1.39241019223 2.875
v -12.6068061888 -1.90550195993 3.45
v -12.6405401946 -1.66710635211 3.45
v -12.5624875703 -2.17862480599 4.025
v -12.6013868901 -1.94101737368 4.025
v -12.6357925041 -1.70271776667 4.025
v -11.7667944799 4.90968916192 2.875
v -11.6719861795 5.13100756413 2.875
v -11.8705654001 4.65318999015 3.45
v -11.7805821022 4.87651364557 3.45
v -11.9687457736 4.39449935783 4.025
v -11.8836298566 4.61972309025 4.025
v -11.7942761888 4.84329941062 4.025
v -13.1231092543 -0.982762924474 2.875
v -13.0986927767 -1.2673069911 3.45
v -13.0681073552 -1.55125420842 4.025
v -13.3650747243 4.85635219853 2.875
v -13.467311854 4.56518241607 3.45
v -12.1323401448 4.86358817639 2.875
v -13.5632064354 4.271862621 4.025
v -12.235024581 4.59916740765 3.45
v -12.3319468253 4.33258062078 4.025
v -14.4339551266 -0.319915070074 2.875
v -14.4172545653 -0.764314759041 3.45
v -14.4236139732 -0.63306098029 3.45
v -14.397273735 -1.076993615 4.025
v -14.4064798926 -0.945908744899 4.025
v -14.4144925682 -0.814745512499 4.025
v -13.7145285791 4.51144235267 2.875
v -13.6728985193 4.63608157052 2.875
v -13.8091987704 4.21277053376 3.45
v -13.7702832229 4.33828378669 3.45
v -13.8973653988 3.91211467371 4.025
v -13.861182691 4.03844285015 4.025
v -13.8238516757 4.16443646822 4.025
v -14.2200323697 -0.00764644787534 2.875
v -14.2165179153 -0.316223701613 3.45
v -13.1537648907 0.40036066815 2.875
v -14.2063080675 -0.624652027031 4.025
v -13.1593553996 0.114825667772 3.45
v -13.158748395 -0.170763410759 4.025
v -12.6678136443 3.56487263991 2.875
v -12.7421894629 3.28913775306 3.45
v -12.810564236 3.01185381799 4.025
v -12.7229872253 0.829515559187 2.875
v -12.7461674183 0.312595817371 3.45
v -12.737991966 0.553227508865 3.45
v -12.7499493837 0.035926473695 4.025
v -12.7469976378 0.276678911208 4.025
v -12.7395002607 0.517332683895 4.025
v -12.3856525958 3.02623690009 2.875
v -12.4982428007 2.52119552894 3.45
v -12.4484062971 2.75675183193 3.45
v -12.5500104369 2.24938614566 4.025
v -12.5052973126 2.48596844739 4.025
v -12.4561247484 2.72166424265 4.025
v -13.0943947281 1.31097145993 2.875
v -13.1197597504 1.02651038021 3.45
v -13.1389459069 0.741565856438 4.025
v -14.0053259175 2.46175242621 2.875
v -14.0554487334 2.15725287573 3.45
v -12.7925758605 2.68294058659 2.875
v -14.0989520127 1.85173734814 4.025
v -12.8477841048 2.40470599826 3.45
v -12.8969415727 2.12533889259 4.025
v -14.2895778168 2.06140051085 2.875
v -14.2702235842 2.19137516294 2.875
v -14.3309459381 1.75082688178 3.45
v -14.3144167528 1.88119092029 3.45
v -14.3655647751 1.43942868547 4.025
v -14.3518684216 1.57012071432 4.025
v -14.3369831104 1.70068266902 4.025
f 426 25 425
f 423 25 426
f 424 25 24
f 424 425 25
f 437 424 24
f 412 26 25
f 412 25 423
f 440 437 24
f 439 440 24
f 411 26 412
f 438 439 24
f 438 24 23
f 422 412 423
f 436 424 437
f 427 424 436
f 402 411 410
f 402 26 411
f 402 27 26
f 451 438 23
f 454 451 23
f 413 412 422
f 421 413 422
f 453 454 23
f 398 27 402
f 452 23 22
f 452 453 23
f 435 427 436
f 450 441 438
f 450 438 451
f 428 427 435
f 414 421 420
f 414 413 421
f 434 428 435
f 403 410 409
f 403 402 410
f 449 441 450
f 429 428 434
f 442 441 449
f 415 414 420
f 433 430 429
f 433 429 434
f 418 420 417
f 432 433 434
f 419 415 420
f 419 420 418
f 416 415 419
f 431 432 434
f 404 409 408
f 404 403 409
f 448 443 442
f 448 442 449
f 465 452 22
f 390 28 27
f 390 27 398
f 390 398 399
f 405 404 408
f 407 405 408
f 389 28 390
f 466 465 22
f 466 22 21
f 447 444 443
f 447 443 448
f 464 452 465
f 464 455 452
f 446 447 448
f 445 446 448
f 406 405 407
f 391 390 399
f 463 455 464
f 463 456 455
f 392 391 399
f 392 399 400
f 462 456 463
f 462 457 456
f 396 401 395
f 461 457 462
f 461 458 457
f 393 392 400
f 393 400 401
f 397 401 396
f 397 393 401
f 460 461 462
f 394 393 397
f 459 460 462
f 477 466 21
f 378 28 389
f 378 29 28
f 378 389 388
f 382 378 388
f 476 467 466
f 476 466 477
f 377 29 378
f 478 21 20
f 478 477 21
f 381 382 388
f 381 388 387
f 475 468 467
f 475 467 476
f 380 387 386
f 380 381 387
f 474 469 468
f 474 468 475
f 384 386 383
f 473 470 469
f 473 469 474
f 385 380 386
f 385 386 384
f 472 473 474
f 379 380 385
f 471 472 474
f 366 30 29
f 366 377 376
f 366 29 377
f 42 478 20
f 367 30 366
f 41 42 20
f 41 20 19
f 368 30 367
f 40 41 19
f 484 478 42
f 484 479 478
f 369 366 376
f 369 376 375
f 365 30 368
f 365 31 30
f 39 40 19
f 485 479 484
f 485 480 479
f 370 369 375
f 370 375 374
f 371 370 374
f 371 374 373
f 486 480 485
f 486 481 480
f 372 371 373
f 483 481 486
f 483 482 481
f 354 31 365
f 354 365 364
f 51 19 18
f 51 39 19
f 50 46 39
f 50 39 51
f 360 354 364
f 359 364 363
f 359 360 364
f 49 45 46
f 49 46 50
f 355 31 354
f 54 51 18
f 48 44 45
f 48 45 49
f 358 363 362
f 358 359 363
f 356 31 355
f 53 54 18
f 353 32 31
f 353 31 356
f 52 53 18
f 47 43 44
f 47 44 48
f 357 362 361
f 357 358 362
f 348 350 347
f 349 350 348
f 343 352 351
f 61 57 58
f 344 343 351
f 344 351 350
f 62 57 61
f 62 56 57
f 60 18 17
f 60 61 58
f 60 58 52
f 60 52 18
f 342 32 353
f 342 352 343
f 342 353 352
f 345 350 349
f 345 344 350
f 63 56 62
f 63 55 56
f 346 345 349
f 59 55 63
f 66 60 17
f 65 66 17
f 64 65 17
f 338 32 342
f 33 32 338
f 73 70 69
f 336 341 335
f 337 341 336
f 333 340 341
f 333 341 337
f 74 69 68
f 74 72 73
f 74 73 69
f 332 339 340
f 332 340 333
f 71 72 74
f 334 333 337
f 75 68 67
f 75 74 68
f 331 339 332
f 76 75 67
f 76 67 64
f 328 338 339
f 328 33 338
f 328 339 331
f 77 76 64
f 77 64 17
f 16 77 17
f 329 33 328
f 80 77 16
f 330 33 329
f 79 80 16
f 78 79 16
f 327 33 330
f 34 33 327
f 85 84 83
f 86 85 83
f 86 83 82
f 320 323 319
f 320 324 323
f 87 86 82
f 87 82 81
f 321 325 324
f 321 324 320
f 88 87 81
f 88 81 78
f 322 326 325
f 322 325 321
f 318 34 327
f 318 327 326
f 318 326 322
f 89 78 16
f 89 88 78
f 314 34 318
f 15 89 16
f 15 90 91
f 15 91 92
f 15 92 89
f 312 317 311
f 99 93 94
f 313 317 312
f 98 99 94
f 309 313 310
f 309 317 313
f 100 98 94
f 100 97 98
f 308 315 316
f 308 316 317
f 308 317 309
f 101 94 95
f 101 95 96
f 101 100 94
f 307 315 308
f 102 101 96
f 304 315 307
f 304 314 315
f 103 90 15
f 103 96 90
f 103 102 96
f 35 304 305
f 35 305 306
f 35 314 304
f 35 34 314
f 303 35 306
f 298 300 297
f 113 110 109
f 299 300 298
f 295 300 299
f 295 299 296
f 114 109 108
f 114 111 112
f 114 112 113
f 114 113 109
f 294 300 295
f 294 301 300
f 115 108 107
f 115 114 108
f 293 301 294
f 293 302 301
f 116 107 104
f 116 115 107
f 14 104 105
f 14 105 106
f 14 106 103
f 14 103 15
f 292 302 293
f 292 303 302
f 117 104 14
f 117 116 104
f 286 291 285
f 127 121 122
f 126 127 122
f 131 126 122
f 131 125 126
f 283 286 287
f 283 287 284
f 283 291 286
f 282 291 283
f 282 290 291
f 130 122 123
f 130 131 122
f 36 35 303
f 36 303 292
f 36 292 288
f 281 290 282
f 281 288 289
f 281 289 290
f 129 130 123
f 129 123 124
f 280 288 281
f 128 129 124
f 128 124 118
f 139 135 136
f 13 118 119
f 13 119 120
f 13 120 117
f 13 117 14
f 13 128 118
f 272 275 271
f 272 276 275
f 140 139 136
f 141 140 136
f 141 136 137
f 273 276 272
f 273 277 276
f 273 278 277
f 274 278 273
f 142 137 138
f 142 138 132
f 142 141 137
f 264 261 262
f 263 264 262
f 143 142 132
f 268 278 274
f 268 279 278
f 151 150 149
f 259 263 260
f 259 264 263
f 37 36 288
f 37 288 280
f 37 280 279
f 152 151 149
f 152 149 148
f 258 265 264
f 258 264 259
f 153 148 147
f 153 152 148
f 257 266 265
f 257 265 258
f 154 153 147
f 154 147 144
f 160 165 159
f 252 249 250
f 155 154 144
f 256 266 257
f 256 267 266
f 166 165 160
f 166 163 164
f 166 164 165
f 246 250 251
f 246 251 245
f 246 252 250
f 12 132 133
f 12 133 134
f 12 134 128
f 12 128 13
f 12 143 132
f 167 166 160
f 167 160 161
f 247 253 252
f 247 254 253
f 247 252 246
f 235 237 236
f 235 238 237
f 179 174 173
f 179 175 174
f 168 161 162
f 168 162 156
f 168 167 161
f 248 255 254
f 248 254 247
f 234 239 238
f 234 238 235
f 178 173 172
f 178 179 173
f 169 168 156
f 242 255 248
f 185 187 186
f 38 37 279
f 38 279 268
f 38 268 269
f 38 269 270
f 223 225 224
f 223 229 225
f 233 240 239
f 233 239 234
f 177 178 172
f 177 171 170
f 177 172 171
f 188 187 185
f 188 185 184
f 222 229 223
f 222 228 229
f 214 211 212
f 208 212 213
f 208 213 207
f 208 214 212
f 200 195 196
f 200 199 195
f 189 188 184
f 189 184 183
f 221 228 222
f 221 227 228
f 215 214 208
f 230 241 240
f 230 240 233
f 176 177 170
f 209 215 208
f 201 200 196
f 201 196 197
f 190 189 183
f 190 183 180
f 198 201 197
f 202 201 198
f 210 216 215
f 210 215 209
f 11 144 145
f 11 145 146
f 11 146 143
f 11 143 12
f 218 226 227
f 218 227 221
f 191 190 180
f 217 216 210
f 204 217 210
f 203 198 192
f 203 202 198
f 1 38 270
f 1 267 256
f 1 270 267
f 10 156 157
f 10 157 158
f 10 144 11
f 10 158 155
f 10 155 144
f 2 255 242
f 2 1 256
f 2 256 255
f 9 169 156
f 9 170 169
f 9 156 10
f 3 242 243
f 3 243 244
f 3 244 241
f 3 241 230
f 3 2 242
f 8 170 9
f 8 176 170
f 8 180 181
f 8 181 182
f 8 182 176
f 4 226 218
f 4 3 230
f 4 230 231
f 4 231 232
f 4 232 226
f 7 191 180
f 7 180 8
f 7 192 193
f 7 193 194
f 7 194 191
f 5 217 204
f 5 218 219
f 5 219 220
f 5 220 217
f 5 4 218
f 6 204 205
f 6 205 206
f 6 206 203
f 6 192 7
f 6 203 192
f 6 5 204
f 488 487 1
f 488 1 2
f 489 2 3
f 489 488 2
f 490 3 4
f 490 489 3
f 491 4 5
f 491 490 4
f 492 491 5
f 492 5 6
f 493 492 6
f 493 6 7
f 494 493 7
f 494 7 8
f 494 8 9
f 495 494 9
f 496 495 9
f 496 9 10
f 496 10 11
f 497 496 11
f 498 497 11
f 498 11 12
f 499 498 12
f 499 12 13
f 500 499 13
f 500 13 14
f 500 14 15
f 501 500 15
f 502 501 15
f 502 15 16
f 502 16 17
f 503 502 17
f 504 503 17
f 504 17 18
f 505 504 18
f 505 18 19
f 506 19 20
f 506 505 19
f 507 20 21
f 507 21 22
f 507 506 20
f 508 507 22
f 509 22 23
f 509 23 24
f 509 508 22
f 510 509 24
f 511 24 25
f 511 510 24
f 512 25 26
f 512 511 25
f 513 26 27
f 513 512 26
f 514 27 28
f 514 513 27
f 515 28 29
f 515 29 30
f 515 514 28
f 516 515 30
f 517 516 30
f 517 30 31
f 518 517 31
f 518 31 32
f 519 518 32
f 519 32 33
f 520 519 33
f 520 33 34
f 521 520 34
f 521 34 35
f 521 35 36
f 522 36 37
f 522 521 36
f 523 522 37
f 524 523 37
f 524 37 38
f 487 524 38
f 487 38 1
f 529 267 270
f 530 269 268
f 530 270 269
f 530 529 270
f 531 525 267
f 531 267 529
f 532 531 529
f 532 530 268
f 532 529 530
f 533 528 525
f 533 525 531
f 534 527 528
f 534 528 533
f 534 531 532
f 534 533 531
f 535 268 526
f 535 526 527
f 535 532 268
f 535 527 534
f 535 534 532
f 540 274 273
f 540 268 274
f 541 526 268
f 541 268 540
f 542 272 271
f 542 273 272
f 542 540 273
f 543 538 539
f 543 539 526
f 543 526 541
f 544 271 536
f 544 540 542
f 544 541 540
f 544 542 271
f 545 536 537
f 545 537 538
f 545 544 536
f 545 541 544
f 545 543 541
f 545 538 543
f 550 261 264
f 550 264 265
f 550 265 266
f 551 546 261
f 551 266 267
f 551 267 525
f 551 525 549
f 551 261 550
f 551 550 266
f 552 547 546
f 552 548 547
f 552 549 548
f 552 546 551
f 552 551 549
f 554 271 275
f 555 536 271
f 555 271 554
f 556 554 275
f 556 555 554
f 557 536 555
f 558 553 536
f 558 536 557
f 558 555 556
f 558 557 555
f 559 275 553
f 559 556 275
f 559 553 558
f 559 558 556
f 563 260 263
f 564 262 261
f 564 263 262
f 564 563 263
f 565 560 260
f 565 260 563
f 566 565 563
f 566 564 261
f 566 563 564
f 567 562 560
f 567 560 565
f 568 561 562
f 568 562 567
f 568 565 566
f 568 567 565
f 569 261 546
f 569 546 561
f 569 566 261
f 569 561 568
f 569 568 566
f 574 275 276
f 574 276 277
f 574 277 278
f 575 553 275
f 575 278 279
f 575 279 570
f 575 570 573
f 575 275 574
f 575 574 278
f 576 571 553
f 576 572 571
f 576 573 572
f 576 553 575
f 576 575 573
f 581 256 257
f 582 577 256
f 582 256 581
f 583 257 258
f 583 258 259
f 583 259 260
f 583 581 257
f 584 578 577
f 584 577 582
f 585 260 560
f 585 581 583
f 585 582 581
f 585 583 260
f 586 579 578
f 586 580 579
f 586 560 580
f 586 584 582
f 586 582 585
f 586 578 584
f 586 585 560
f 588 279 280
f 589 570 279
f 589 279 588
f 590 588 280
f 590 589 588
f 591 570 589
f 592 587 570
f 592 570 591
f 592 589 590
f 592 591 589
f 593 280 587
f 593 590 280
f 593 587 592
f 593 592 590
f 595 255 256
f 596 594 255
f 596 255 595
f 597 595 256
f 597 596 595
f 598 594 596
f 599 577 594
f 599 594 598
f 599 596 597
f 599 598 596
f 600 256 577
f 600 597 256
f 600 577 599
f 600 599 597
f 605 280 281
f 606 587 280
f 606 280 605
f 607 281 282
f 607 282 283
f 607 283 284
f 607 605 281
f 608 602 587
f 608 587 606
f 609 284 601
f 609 605 607
f 609 606 605
f 609 607 284
f 610 603 602
f 610 604 603
f 610 601 604
f 610 608 606
f 610 606 609
f 610 602 608
f 610 609 601
f 615 249 252
f 615 252 253
f 615 253 254
f 616 611 249
f 616 254 255
f 616 255 594
f 616 594 614
f 616 249 615
f 616 615 254
f 617 612 611
f 617 613 612
f 617 614 613
f 617 611 616
f 617 616 614
f 621 284 287
f 622 286 285
f 622 287 286
f 622 621 287
f 623 601 284
f 623 284 621
f 624 623 621
f 624 622 285
f 624 621 622
f 625 620 601
f 625 601 623
f 626 619 620
f 626 620 625
f 626 623 624
f 626 625 623
f 627 285 618
f 627 618 619
f 627 624 285
f 627 619 626
f 627 626 624
f 631 245 251
f 632 250 249
f 632 251 250
f 632 631 251
f 633 628 245
f 633 245 631
f 634 633 631
f 634 632 249
f 634 631 632
f 635 630 628
f 635 628 633
f 636 629 630
f 636 630 635
f 636 633 634
f 636 635 633
f 637 249 611
f 637 611 629
f 637 634 249
f 637 629 636
f 637 636 634
f 642 289 288
f 642 290 289
f 642 291 290
f 642 285 291
f 643 618 285
f 643 288 638
f 643 638 641
f 643 285 642
f 643 642 288
f 644 639 618
f 644 640 639
f 644 641 640
f 644 618 643
f 644 643 641
f 649 248 247
f 649 242 248
f 650 645 242
f 650 242 649
f 651 246 245
f 651 247 246
f 651 649 247
f 652 646 645
f 652 645 650
f 653 245 628
f 653 650 649
f 653 649 651
f 653 651 245
f 654 647 646
f 654 648 647
f 654 628 648
f 654 652 650
f 654 646 652
f 654 650 653
f 654 653 628
f 656 288 292
f 657 638 288
f 657 288 656
f 658 656 292
f 658 657 656
f 659 638 657
f 660 655 638
f 660 638 659
f 660 657 658
f 660 659 657
f 661 292 655
f 661 658 292
f 661 655 660
f 661 660 658
f 665 241 244
f 666 243 242
f 666 244 243
f 666 665 244
f 667 662 241
f 667 241 665
f 668 667 665
f 668 666 242
f 668 665 666
f 669 664 662
f 669 662 667
f 670 663 664
f 670 664 669
f 670 667 668
f 670 669 667
f 671 242 645
f 671 645 663
f 671 668 242
f 671 663 670
f 671 670 668
f 676 292 293
f 677 655 292
f 677 292 676
f 678 293 294
f 678 294 295
f 678 295 296
f 678 676 293
f 679 673 655
f 679 655 677
f 680 296 672
f 680 676 678
f 680 677 676
f 680 678 296
f 681 674 673
f 681 675 674
f 681 672 675
f 681 679 677
f 681 677 680
f 681 680 672
f 681 673 679
f 686 237 238
f 686 238 239
f 686 239 240
f 687 682 237
f 687 240 241
f 687 241 662
f 687 662 685
f 687 237 686
f 687 686 240
f 688 683 682
f 688 684 683
f 688 685 684
f 688 682 687
f 688 687 685
f 692 296 299
f 693 298 297
f 693 299 298
f 693 692 299
f 694 672 296
f 694 296 692
f 695 694 692
f 695 693 297
f 695 692 693
f 696 691 672
f 696 672 694
f 697 690 691
f 697 691 696
f 697 694 695
f 697 696 694
f 698 297 689
f 698 689 690
f 698 695 297
f 698 690 697
f 698 697 695
f 700 236 237
f 701 699 236
f 701 236 700
f 702 700 237
f 702 701 700
f 703 699 701
f 704 682 699
f 704 699 703
f 704 701 702
f 704 703 701
f 705 237 682
f 705 702 237
f 705 682 704
f 705 704 702
f 710 297 300
f 710 300 301
f 710 301 302
f 711 689 297
f 711 302 303
f 711 303 706
f 711 706 709
f 711 297 710
f 711 710 302
f 712 707 689
f 712 708 707
f 712 709 708
f 712 689 711
f 712 711 709
f 717 230 233
f 718 713 230
f 718 230 717
f 719 233 234
f 719 234 235
f 719 235 236
f 719 717 233
f 720 714 713
f 720 713 718
f 721 236 699
f 721 717 719
f 721 718 717
f 721 719 236
f 722 715 714
f 722 716 715
f 722 699 716
f 722 720 718
f 722 718 721
f 722 721 699
f 722 714 720
f 726 303 306
f 727 305 304
f 727 306 305
f 727 726 306
f 728 706 303
f 728 303 726
f 729 728 726
f 729 727 304
f 729 726 727
f 730 725 706
f 730 706 728
f 731 724 725
f 731 725 730
f 731 728 729
f 731 730 728
f 732 304 723
f 732 723 724
f 732 729 304
f 732 724 731
f 732 731 729
f 736 226 232
f 737 231 230
f 737 232 231
f 737 736 232
f 738 733 226
f 738 226 736
f 739 738 736
f 739 737 230
f 739 736 737
f 740 735 733
f 740 733 738
f 741 734 735
f 741 735 740
f 741 738 739
f 741 740 738
f 742 230 713
f 742 713 734
f 742 739 230
f 742 734 741
f 742 741 739
f 747 304 307
f 748 723 304
f 748 304 747
f 749 307 308
f 749 308 309
f 749 309 310
f 749 747 307
f 750 744 723
f 750 723 748
f 751 310 743
f 751 747 749
f 751 748 747
f 751 749 310
f 752 745 744
f 752 746 745
f 752 743 746
f 752 750 748
f 752 748 751
f 752 744 750
f 752 751 743
f 757 227 226
f 757 228 227
f 757 229 228
f 757 225 229
f 758 753 225
f 758 226 733
f 758 733 756
f 758 225 757
f 758 757 226
f 759 754 753
f 759 755 754
f 759 756 755
f 759 753 758
f 759 758 756
f 763 310 313
f 764 312 311
f 764 313 312
f 764 763 313
f 765 743 310
f 765 310 763
f 766 765 763
f 766 764 311
f 766 763 764
f 767 762 743
f 767 743 765
f 768 761 762
f 768 762 767
f 768 765 766
f 768 767 765
f 769 311 760
f 769 760 761
f 769 766 311
f 769 761 768
f 769 768 766
f 771 224 225
f 772 770 224
f 772 224 771
f 773 771 225
f 773 772 771
f 774 770 772
f 775 753 770
f 775 770 774
f 775 772 773
f 775 774 772
f 776 225 753
f 776 773 225
f 776 753 775
f 776 775 773
f 781 315 314
f 781 316 315
f 781 317 316
f 781 311 317
f 782 760 311
f 782 314 777
f 782 311 781
f 782 781 314
f 783 777 778
f 783 778 779
f 783 779 780
f 783 780 760
f 783 760 782
f 783 782 777
f 788 218 221
f 789 784 218
f 789 218 788
f 790 221 222
f 790 222 223
f 790 223 224
f 790 788 221
f 791 786 787
f 791 787 784
f 791 784 789
f 792 224 770
f 792 790 224
f 792 789 788
f 792 788 790
f 793 770 785
f 793 785 786
f 793 789 792
f 793 791 789
f 793 786 791
f 793 792 770
f 797 314 318
f 797 798 314
f 799 777 314
f 799 314 798
f 800 799 798
f 800 797 318
f 800 798 797
f 801 796 777
f 801 777 799
f 802 795 796
f 802 796 801
f 802 799 800
f 802 801 799
f 803 318 794
f 803 794 795
f 803 795 802
f 803 800 318
f 803 802 800
f 805 217 220
f 806 219 218
f 806 220 219
f 806 805 220
f 807 804 217
f 807 217 805
f 808 807 805
f 808 806 218
f 808 805 806
f 809 804 807
f 810 784 804
f 810 807 808
f 810 804 809
f 810 809 807
f 811 218 784
f 811 808 218
f 811 784 810
f 811 810 808
f 816 322 321
f 816 318 322
f 817 794 318
f 817 318 816
f 818 320 319
f 818 321 320
f 818 816 321
f 819 813 794
f 819 794 817
f 820 319 812
f 820 817 816
f 820 816 818
f 820 818 319
f 821 814 813
f 821 815 814
f 821 812 815
f 821 819 817
f 821 813 819
f 821 817 820
f 821 820 812
f 826 211 214
f 826 214 215
f 826 215 216
f 827 822 211
f 827 216 217
f 827 217 804
f 827 804 825
f 827 211 826
f 827 826 216
f 828 823 822
f 828 824 823
f 828 825 824
f 828 822 827
f 828 827 825
f 830 319 323
f 831 812 319
f 831 319 830
f 832 830 323
f 832 831 830
f 833 812 831
f 834 829 812
f 834 812 833
f 834 831 832
f 834 833 831
f 835 323 829
f 835 832 323
f 835 829 834
f 835 834 832
f 839 207 213
f 840 212 211
f 840 213 212
f 840 839 213
f 841 836 207
f 841 207 839
f 842 841 839
f 842 840 211
f 842 839 840
f 843 838 836
f 843 836 841
f 844 837 838
f 844 838 843
f 844 841 842
f 844 843 841
f 845 211 822
f 845 822 837
f 845 842 211
f 845 837 844
f 845 844 842
f 850 323 324
f 850 324 325
f 850 325 326
f 851 829 323
f 851 326 327
f 851 327 846
f 851 846 849
f 851 323 850
f 851 850 326
f 852 847 829
f 852 848 847
f 852 849 848
f 852 829 851
f 852 851 849
f 857 210 209
f 857 204 210
f 858 853 204
f 858 204 857
f 859 208 207
f 859 209 208
f 859 857 209
f 860 855 856
f 860 856 853
f 860 853 858
f 861 207 836
f 861 857 859
f 861 858 857
f 861 859 207
f 862 836 854
f 862 854 855
f 862 860 858
f 862 858 861
f 862 855 860
f 862 861 836
f 866 327 330
f 867 329 328
f 867 330 329
f 867 866 330
f 868 846 327
f 868 327 866
f 869 868 866
f 869 867 328
f 869 866 867
f 870 865 846
f 870 846 868
f 871 864 865
f 871 865 870
f 871 868 869
f 871 870 868
f 872 328 863
f 872 863 864
f 872 869 328
f 872 864 871
f 872 871 869
f 876 203 206
f 877 205 204
f 877 206 205
f 877 876 206
f 878 873 203
f 878 203 876
f 879 878 876
f 879 877 204
f 879 876 877
f 880 875 873
f 880 873 878
f 881 874 875
f 881 875 880
f 881 878 879
f 881 880 878
f 882 204 853
f 882 853 874
f 882 879 204
f 882 874 881
f 882 881 879
f 887 328 331
f 888 863 328
f 888 328 887
f 889 331 332
f 889 332 333
f 889 333 334
f 889 887 331
f 890 884 863
f 890 863 888
f 891 334 883
f 891 887 889
f 891 888 887
f 891 889 334
f 892 885 884
f 892 886 885
f 892 883 886
f 892 890 888
f 892 888 891
f 892 891 883
f 892 884 890
f 897 199 200
f 897 200 201
f 897 201 202
f 898 893 199
f 898 202 203
f 898 203 873
f 898 873 896
f 898 199 897
f 898 897 202
f 899 894 893
f 899 895 894
f 899 896 895
f 899 893 898
f 899 898 896
f 903 334 337
f 904 336 335
f 904 337 336
f 904 903 337
f 905 883 334
f 905 334 903
f 906 905 903
f 906 904 335
f 906 903 904
f 907 902 883
f 907 883 905
f 908 901 902
f 908 902 907
f 908 905 906
f 908 907 905
f 909 335 900
f 909 900 901
f 909 906 335
f 909 901 908
f 909 908 906
f 911 195 199
f 912 910 195
f 912 195 911
f 913 911 199
f 913 912 911
f 914 910 912
f 915 893 910
f 915 910 914
f 915 912 913
f 915 914 912
f 916 199 893
f 916 913 199
f 916 893 915
f 916 915 913
f 921 339 338
f 921 340 339
f 921 341 340
f 921 335 341
f 922 900 335
f 922 338 917
f 922 335 921
f 922 921 338
f 923 917 918
f 923 918 919
f 923 919 920
f 923 920 900
f 923 900 922
f 923 922 917
f 928 198 197
f 928 192 198
f 929 924 192
f 929 192 928
f 930 196 195
f 930 197 196
f 930 928 197
f 931 926 927
f 931 927 924
f 931 924 929
f 932 195 910
f 932 928 930
f 932 929 928
f 932 930 195
f 933 910 925
f 933 925 926
f 933 931 929
f 933 929 932
f 933 926 931
f 933 932 910
f 935 338 342
f 936 917 338
f 936 338 935
f 937 935 342
f 937 936 935
f 938 917 936
f 939 934 917
f 939 917 938
f 939 936 937
f 939 938 936
f 940 342 934
f 940 937 342
f 940 934 939
f 940 939 937
f 944 191 194
f 945 193 192
f 945 194 193
f 945 944 194
f 946 941 191
f 946 191 944
f 947 946 944
f 947 945 192
f 947 944 945
f 948 943 941
f 948 941 946
f 949 942 943
f 949 943 948
f 949 946 947
f 949 948 946
f 950 192 924
f 950 924 942
f 950 947 192
f 950 942 949
f 950 949 947
f 955 342 343
f 956 934 342
f 956 342 955
f 957 343 344
f 957 344 345
f 957 345 346
f 957 955 343
f 958 952 934
f 958 934 956
f 959 346 951
f 959 955 957
f 959 956 955
f 959 957 346
f 960 953 952
f 960 954 953
f 960 951 954
f 960 958 956
f 960 956 959
f 960 952 958
f 960 959 951
f 965 187 188
f 965 188 189
f 965 189 190
f 966 961 187
f 966 190 191
f 966 191 941
f 966 187 965
f 966 965 190
f 967 941 962
f 967 962 963
f 967 963 964
f 967 964 961
f 967 961 966
f 967 966 941
f 971 346 349
f 972 348 347
f 972 349 348
f 972 971 349
f 973 951 346
f 973 346 971
f 974 973 971
f 974 972 347
f 974 971 972
f 975 970 951
f 975 951 973
f 976 969 970
f 976 970 975
f 976 973 974
f 976 975 973
f 977 347 968
f 977 968 969
f 977 974 347
f 977 969 976
f 977 976 974
f 979 186 187
f 980 978 186
f 980 186 979
f 981 979 187
f 981 980 979
f 982 978 980
f 983 961 978
f 983 978 982
f 983 980 981
f 983 982 980
f 984 187 961
f 984 981 187
f 984 961 983
f 984 983 981
f 989 347 350
f 989 350 351
f 989 351 352
f 990 968 347
f 990 352 353
f 990 353 985
f 990 985 988
f 990 347 989
f 990 989 352
f 991 986 968
f 991 987 986
f 991 988 987
f 991 968 990
f 991 990 988
f 996 180 183
f 997 992 180
f 997 180 996
f 998 183 184
f 998 184 185
f 998 185 186
f 998 996 183
f 999 993 992
f 999 992 997
f 1000 186 978
f 1000 996 998
f 1000 997 996
f 1000 998 186
f 1001 994 993
f 1001 995 994
f 1001 978 995
f 1001 999 997
f 1001 997 1000
f 1001 993 999
f 1001 1000 978
f 1003 353 356
f 1004 355 354
f 1004 356 355
f 1004 1003 356
f 1005 985 353
f 1005 353 1003
f 1006 1005 1003
f 1006 1004 354
f 1006 1003 1004
f 1007 985 1005
f 1008 1002 985
f 1008 1005 1006
f 1008 985 1007
f 1008 1007 1005
f 1009 354 1002
f 1009 1006 354
f 1009 1002 1008
f 1009 1008 1006
f 1013 176 182
f 1014 181 180
f 1014 182 181
f 1014 1013 182
f 1015 1010 176
f 1015 176 1013
f 1016 1015 1013
f 1016 1014 180
f 1016 1013 1014
f 1017 1012 1010
f 1017 1010 1015
f 1018 1011 1012
f 1018 1012 1017
f 1018 1015 1016
f 1018 1017 1015
f 1019 180 992
f 1019 992 1011
f 1019 1016 180
f 1019 1011 1018
f 1019 1018 1016
f 1024 360 359
f 1024 354 360
f 1025 1002 354
f 1025 354 1024
f 1026 358 357
f 1026 359 358
f 1026 1024 359
f 1027 1022 1023
f 1027 1023 1002
f 1027 1002 1025
f 1028 357 1020
f 1028 1024 1026
f 1028 1025 1024
f 1028 1026 357
f 1029 1020 1021
f 1029 1021 1022
f 1029 1027 1025
f 1029 1025 1028
f 1029 1022 1027
f 1029 1028 1020
f 1034 177 176
f 1034 178 177
f 1034 179 178
f 1034 175 179
f 1035 1030 175
f 1035 176 1010
f 1035 1010 1033
f 1035 175 1034
f 1035 1034 176
f 1036 1031 1030
f 1036 1032 1031
f 1036 1033 1032
f 1036 1030 1035
f 1036 1035 1033
f 1040 357 361
f 1040 1041 357
f 1042 1020 357
f 1042 357 1041
f 1043 1042 1041
f 1043 1040 361
f 1043 1041 1040
f 1044 1039 1020
f 1044 1020 1042
f 1045 1038 1039
f 1045 1039 1044
f 1045 1042 1043
f 1045 1044 1042
f 1046 361 1037
f 1046 1037 1038
f 1046 1038 1045
f 1046 1043 361
f 1046 1045 1043
f 1048 174 175
f 1049 1047 174
f 1049 174 1048
f 1050 1048 175
f 1050 1049 1048
f 1051 1047 1049
f 1052 1030 1047
f 1052 1047 1051
f 1052 1049 1050
f 1052 1051 1049
f 1053 175 1030
f 1053 1050 175
f 1053 1030 1052
f 1053 1052 1050
f 1058 361 362
f 1058 362 363
f 1058 363 364
f 1059 1037 361
f 1059 364 365
f 1059 365 1054
f 1059 361 1058
f 1059 1058 364
f 1060 1054 1055
f 1060 1055 1056
f 1060 1056 1057
f 1060 1057 1037
f 1060 1037 1059
f 1060 1059 1054
f 1065 170 171
f 1066 1061 170
f 1066 170 1065
f 1067 171 172
f 1067 172 173
f 1067 173 174
f 1067 1065 171
f 1068 1063 1064
f 1068 1064 1061
f 1068 1061 1066
f 1069 174 1047
f 1069 1067 174
f 1069 1066 1065
f 1069 1065 1067
f 1070 1047 1062
f 1070 1062 1063
f 1070 1066 1069
f 1070 1068 1066
f 1070 1063 1068
f 1070 1069 1047
f 1074 365 368
f 1075 367 366
f 1075 368 367
f 1075 1074 368
f 1076 1054 365
f 1076 365 1074
f 1077 1076 1074
f 1077 1075 366
f 1077 1074 1075
f 1078 1073 1054
f 1078 1054 1076
f 1079 1072 1073
f 1079 1073 1078
f 1079 1076 1077
f 1079 1078 1076
f 1080 366 1071
f 1080 1071 1072
f 1080 1077 366
f 1080 1072 1079
f 1080 1079 1077
f 1082 169 170
f 1083 1081 169
f 1083 169 1082
f 1084 1082 170
f 1084 1083 1082
f 1085 1081 1083
f 1086 1061 1081
f 1086 1081 1085
f 1086 1083 1084
f 1086 1085 1083
f 1087 170 1061
f 1087 1084 170
f 1087 1061 1086
f 1087 1086 1084
f 1092 366 369
f 1093 1071 366
f 1093 366 1092
f 1094 369 370
f 1094 370 371
f 1094 371 372
f 1094 1092 369
f 1095 1089 1071
f 1095 1071 1093
f 1096 372 1088
f 1096 1092 1094
f 1096 1093 1092
f 1096 1094 372
f 1097 1090 1089
f 1097 1091 1090
f 1097 1088 1091
f 1097 1095 1093
f 1097 1093 1096
f 1097 1089 1095
f 1097 1096 1088
f 1102 163 166
f 1102 166 167
f 1102 167 168
f 1103 1098 163
f 1103 168 169
f 1103 169 1081
f 1103 1081 1101
f 1103 163 1102
f 1103 1102 168
f 1104 1099 1098
f 1104 1100 1099
f 1104 1101 1100
f 1104 1098 1103
f 1104 1103 1101
f 1106 372 373
f 1107 1088 372
f 1107 372 1106
f 1108 1106 373
f 1108 1107 1106
f 1109 1088 1107
f 1110 1105 1088
f 1110 1088 1109
f 1110 1107 1108
f 1110 1109 1107
f 1111 373 1105
f 1111 1108 373
f 1111 1105 1110
f 1111 1110 1108
f 1115 159 165
f 1116 164 163
f 1116 165 164
f 1116 1115 165
f 1117 1112 159
f 1117 159 1115
f 1118 1117 1115
f 1118 1116 163
f 1118 1115 1116
f 1119 1114 1112
f 1119 1112 1117
f 1120 1113 1114
f 1120 1114 1119
f 1120 1117 1118
f 1120 1119 1117
f 1121 163 1098
f 1121 1098 1113
f 1121 1118 163
f 1121 1113 1120
f 1121 1120 1118
f 1126 373 374
f 1126 374 375
f 1126 375 376
f 1127 1105 373
f 1127 376 377
f 1127 377 1122
f 1127 1122 1125
f 1127 373 1126
f 1127 1126 376
f 1128 1123 1105
f 1128 1124 1123
f 1128 1125 1124
f 1128 1105 1127
f 1128 1127 1125
f 1133 162 161
f 1133 156 162
f 1134 1129 156
f 1134 156 1133
f 1135 160 159
f 1135 161 160
f 1135 1133 161
f 1136 1131 1132
f 1136 1132 1129
f 1136 1129 1134
f 1137 159 1112
f 1137 1133 1135
f 1137 1134 1133
f 1137 1135 159
f 1138 1112 1130
f 1138 1130 1131
f 1138 1137 1112
f 1138 1134 1137
f 1138 1136 1134
f 1138 1131 1136
f 1142 377 378
f 1142 1143 377
f 1144 1122 377
f 1144 377 1143
f 1145 1144 1143
f 1145 1142 378
f 1145 1143 1142
f 1146 1141 1122
f 1146 1122 1144
f 1147 1140 1141
f 1147 1141 1146
f 1147 1144 1145
f 1147 1146 1144
f 1148 378 1139
f 1148 1139 1140
f 1148 1140 1147
f 1148 1145 378
f 1148 1147 1145
f 1152 155 158
f 1153 157 156
f 1153 158 157
f 1153 1152 158
f 1154 1149 155
f 1154 155 1152
f 1155 1154 1152
f 1155 1153 156
f 1155 1152 1153
f 1156 1151 1149
f 1156 1149 1154
f 1157 1150 1151
f 1157 1151 1156
f 1157 1154 1155
f 1157 1156 1154
f 1158 156 1129
f 1158 1129 1150
f 1158 1155 156
f 1158 1150 1157
f 1158 1157 1155
f 1163 382 381
f 1163 378 382
f 1164 1139 378
f 1164 378 1163
f 1165 380 379
f 1165 381 380
f 1165 1163 381
f 1166 1161 1162
f 1166 1162 1139
f 1166 1139 1164
f 1167 379 1159
f 1167 1163 1165
f 1167 1164 1163
f 1167 1165 379
f 1168 1159 1160
f 1168 1160 1161
f 1168 1167 1159
f 1168 1164 1167
f 1168 1166 1164
f 1168 1161 1166
f 1173 151 152
f 1173 152 153
f 1173 153 154
f 1174 1169 151
f 1174 154 155
f 1174 155 1149
f 1174 1149 1172
f 1174 151 1173
f 1174 1173 154
f 1175 1170 1169
f 1175 1171 1170
f 1175 1172 1171
f 1175 1169 1174
f 1175 1174 1172
f 1179 379 385
f 1180 384 383
f 1180 385 384
f 1180 1179 385
f 1181 1159 379
f 1181 379 1179
f 1182 1181 1179
f 1182 1180 383
f 1182 1179 1180
f 1183 1178 1159
f 1183 1159 1181
f 1184 1177 1178
f 1184 1178 1183
f 1184 1181 1182
f 1184 1183 1181
f 1185 383 1176
f 1185 1176 1177
f 1185 1182 383
f 1185 1177 1184
f 1185 1184 1182
f 1187 150 151
f 1188 1186 150
f 1188 150 1187
f 1189 1187 151
f 1189 1188 1187
f 1190 1186 1188
f 1191 1169 1186
f 1191 1186 1190
f 1191 1188 1189
f 1191 1190 1188
f 1192 151 1169
f 1192 1189 151
f 1192 1169 1191
f 1192 1191 1189
f 1197 383 386
f 1197 386 387
f 1197 387 388
f 1198 1176 383
f 1198 388 389
f 1198 389 1193
f 1198 1193 1196
f 1198 383 1197
f 1198 1197 388
f 1199 1194 1176
f 1199 1195 1194
f 1199 1196 1195
f 1199 1176 1198
f 1199 1198 1196
f 1204 144 147
f 1205 1200 144
f 1205 144 1204
f 1206 147 148
f 1206 148 149
f 1206 149 150
f 1206 1204 147
f 1207 1201 1200
f 1207 1200 1205
f 1208 150 1186
f 1208 1204 1206
f 1208 1205 1204
f 1208 1206 150
f 1209 1202 1201
f 1209 1203 1202
f 1209 1186 1203
f 1209 1207 1205
f 1209 1205 1208
f 1209 1208 1186
f 1209 1201 1207
f 1213 389 390
f 1213 1214 389
f 1215 1193 389
f 1215 389 1214
f 1216 1215 1214
f 1216 1213 390
f 1216 1214 1213
f 1217 1212 1193
f 1217 1193 1215
f 1218 1211 1212
f 1218 1212 1217
f 1218 1215 1216
f 1218 1217 1215
f 1219 390 1210
f 1219 1210 1211
f 1219 1211 1218
f 1219 1216 390
f 1219 1218 1216
f 1223 143 146
f 1224 145 144
f 1224 146 145
f 1224 1223 146
f 1225 1220 143
f 1225 143 1223
f 1226 1225 1223
f 1226 1224 144
f 1226 1223 1224
f 1227 1222 1220
f 1227 1220 1225
f 1228 1221 1222
f 1228 1222 1227
f 1228 1225 1226
f 1228 1227 1225
f 1229 144 1200
f 1229 1200 1221
f 1229 1226 144
f 1229 1221 1228
f 1229 1228 1226
f 1234 390 391
f 1235 1210 390
f 1235 390 1234
f 1236 391 392
f 1236 392 393
f 1236 393 394
f 1236 1234 391
f 1237 1231 1210
f 1237 1210 1235
f 1238 394 1230
f 1238 1234 1236
f 1238 1235 1234
f 1238 1236 394
f 1239 1232 1231
f 1239 1233 1232
f 1239 1230 1233
f 1239 1237 1235
f 1239 1235 1238
f 1239 1238 1230
f 1239 1231 1237
f 1244 139 140
f 1244 140 141
f 1244 141 142
f 1245 1240 139
f 1245 142 143
f 1245 143 1220
f 1245 1220 1243
f 1245 139 1244
f 1245 1244 142
f 1246 1241 1240
f 1246 1242 1241
f 1246 1243 1242
f 1246 1240 1245
f 1246 1245 1243
f 1250 394 397
f 1251 396 395
f 1251 397 396
f 1251 1250 397
f 1252 1230 394
f 1252 394 1250
f 1253 1252 1250
f 1253 1251 395
f 1253 1250 1251
f 1254 1249 1230
f 1254 1230 1252
f 1255 1248 1249
f 1255 1249 1254
f 1255 1252 1253
f 1255 1254 1252
f 1256 395 1247
f 1256 1247 1248
f 1256 1253 395
f 1256 1248 1255
f 1256 1255 1253
f 1260 135 139
f 1260 1261 135
f 1262 1257 135
f 1262 135 1261
f 1263 1262 1261
f 1263 1260 139
f 1263 1261 1260
f 1264 1259 1257
f 1264 1257 1262
f 1265 1258 1259
f 1265 1259 1264
f 1265 1262 1263
f 1265 1264 1262
f 1266 139 1240
f 1266 1240 1258
f 1266 1258 1265
f 1266 1263 139
f 1266 1265 1263
f 1271 399 398
f 1271 400 399
f 1271 401 400
f 1271 395 401
f 1272 1247 395
f 1272 398 1267
f 1272 395 1271
f 1272 1271 398
f 1273 1267 1268
f 1273 1268 1269
f 1273 1269 1270
f 1273 1270 1247
f 1273 1247 1272
f 1273 1272 1267
f 1278 138 137
f 1278 132 138
f 1279 1274 132
f 1279 132 1278
f 1280 136 135
f 1280 137 136
f 1280 1278 137
f 1281 1276 1277
f 1281 1277 1274
f 1281 1274 1279
f 1282 135 1257
f 1282 1278 1280
f 1282 1279 1278
f 1282 1280 135
f 1283 1257 1275
f 1283 1275 1276
f 1283 1281 1279
f 1283 1279 1282
f 1283 1276 1281
f 1283 1282 1257
f 1285 398 402
f 1286 1267 398
f 1286 398 1285
f 1287 1285 402
f 1287 1286 1285
f 1288 1267 1286
f 1289 1284 1267
f 1289 1267 1288
f 1289 1286 1287
f 1289 1288 1286
f 1290 402 1284
f 1290 1287 402
f 1290 1284 1289
f 1290 1289 1287
f 1294 128 134
f 1295 133 132
f 1295 134 133
f 1295 1294 134
f 1296 1291 128
f 1296 128 1294
f 1297 1296 1294
f 1297 1295 132
f 1297 1294 1295
f 1298 1293 1291
f 1298 1291 1296
f 1299 1292 1293
f 1299 1293 1298
f 1299 1296 1297
f 1299 1298 1296
f 1300 132 1274
f 1300 1274 1292
f 1300 1297 132
f 1300 1292 1299
f 1300 1299 1297
f 1305 402 403
f 1306 1284 402
f 1306 402 1305
f 1307 403 404
f 1307 404 405
f 1307 405 406
f 1307 1305 403
f 1308 1302 1284
f 1308 1284 1306
f 1309 406 1301
f 1309 1305 1307
f 1309 1306 1305
f 1309 1307 406
f 1310 1303 1302
f 1310 1304 1303
f 1310 1301 1304
f 1310 1308 1306
f 1310 1306 1309
f 1310 1302 1308
f 1310 1309 1301
f 1315 129 128
f 1315 130 129
f 1315 131 130
f 1315 125 131
f 1316 1311 125
f 1316 128 1291
f 1316 125 1315
f 1316 1315 128
f 1317 1291 1312
f 1317 1312 1313
f 1317 1313 1314
f 1317 1314 1311
f 1317 1311 1316
f 1317 1316 1291
f 1319 406 407
f 1320 1301 406
f 1320 406 1319
f 1321 1319 407
f 1321 1320 1319
f 1322 1301 1320
f 1323 1318 1301
f 1323 1301 1322
f 1323 1320 1321
f 1323 1322 1320
f 1324 407 1318
f 1324 1321 407
f 1324 1318 1323
f 1324 1323 1321
f 1328 121 127
f 1329 126 125
f 1329 127 126
f 1329 1328 127
f 1330 1325 121
f 1330 121 1328
f 1331 1330 1328
f 1331 1329 125
f 1331 1328 1329
f 1332 1327 1325
f 1332 1325 1330
f 1333 1326 1327
f 1333 1327 1332
f 1333 1330 1331
f 1333 1332 1330
f 1334 125 1311
f 1334 1311 1326
f 1334 1331 125
f 1334 1326 1333
f 1334 1333 1331
f 1339 407 408
f 1339 408 409
f 1339 409 410
f 1340 1318 407
f 1340 410 411
f 1340 411 1335
f 1340 407 1339
f 1340 1339 410
f 1341 1335 1336
f 1341 1336 1337
f 1341 1337 1338
f 1341 1338 1318
f 1341 1318 1340
f 1341 1340 1335
f 1346 124 123
f 1346 118 124
f 1347 1342 118
f 1347 118 1346
f 1348 122 121
f 1348 123 122
f 1348 1346 123
f 1349 1343 1342
f 1349 1342 1347
f 1350 121 1325
f 1350 1347 1346
f 1350 1346 1348
f 1350 1348 121
f 1351 1344 1343
f 1351 1345 1344
f 1351 1325 1345
f 1351 1349 1347
f 1351 1343 1349
f 1351 1347 1350
f 1351 1350 1325
f 1353 411 412
f 1354 1335 411
f 1354 411 1353
f 1355 1353 412
f 1355 1354 1353
f 1356 1335 1354
f 1357 1352 1335
f 1357 1335 1356
f 1357 1354 1355
f 1357 1356 1354
f 1358 412 1352
f 1358 1355 412
f 1358 1352 1357
f 1358 1357 1355
f 1362 117 120
f 1363 119 118
f 1363 120 119
f 1363 1362 120
f 1364 1359 117
f 1364 117 1362
f 1365 1364 1362
f 1365 1363 118
f 1365 1362 1363
f 1366 1361 1359
f 1366 1359 1364
f 1367 1360 1361
f 1367 1361 1366
f 1367 1364 1365
f 1367 1366 1364
f 1368 118 1342
f 1368 1342 1360
f 1368 1365 118
f 1368 1360 1367
f 1368 1367 1365
f 1373 412 413
f 1374 1352 412
f 1374 412 1373
f 1375 413 414
f 1375 414 415
f 1375 415 416
f 1375 1373 413
f 1376 1370 1352
f 1376 1352 1374
f 1377 416 1369
f 1377 1373 1375
f 1377 1374 1373
f 1377 1375 416
f 1378 1371 1370
f 1378 1372 1371
f 1378 1369 1372
f 1378 1376 1374
f 1378 1374 1377
f 1378 1377 1369
f 1378 1370 1376
f 1383 111 114
f 1383 114 115
f 1383 115 116
f 1384 1379 111
f 1384 116 117
f 1384 117 1359
f 1384 1359 1382
f 1384 111 1383
f 1384 1383 116
f 1385 1380 1379
f 1385 1381 1380
f 1385 1382 1381
f 1385 1379 1384
f 1385 1384 1382
f 1389 416 419
f 1390 418 417
f 1390 419 418
f 1390 1389 419
f 1391 1369 416
f 1391 416 1389
f 1392 1391 1389
f 1392 1390 417
f 1392 1389 1390
f 1393 1388 1369
f 1393 1369 1391
f 1394 1387 1388
f 1394 1388 1393
f 1394 1391 1392
f 1394 1393 1391
f 1395 417 1386
f 1395 1386 1387
f 1395 1392 417
f 1395 1387 1394
f 1395 1394 1392
f 1399 110 113
f 1400 112 111
f 1400 113 112
f 1400 1399 113
f 1401 1396 110
f 1401 110 1399
f 1402 1401 1399
f 1402 1400 111
f 1402 1399 1400
f 1403 1398 1396
f 1403 1396 1401
f 1404 1397 1398
f 1404 1398 1403
f 1404 1401 1402
f 1404 1403 1401
f 1405 111 1379
f 1405 1379 1397
f 1405 1402 111
f 1405 1397 1404
f 1405 1404 1402
f 1410 417 420
f 1410 420 421
f 1410 421 422
f 1411 1386 417
f 1411 422 423
f 1411 423 1406
f 1411 1406 1409
f 1411 417 1410
f 1411 1410 422
f 1412 1407 1386
f 1412 1408 1407
f 1412 1409 1408
f 1412 1386 1411
f 1412 1411 1409
f 1417 104 107
f 1418 1413 104
f 1418 104 1417
f 1419 107 108
f 1419 108 109
f 1419 109 110
f 1419 1417 107
f 1420 1414 1413
f 1420 1413 1418
f 1421 110 1396
f 1421 1417 1419
f 1421 1418 1417
f 1421 1419 110
f 1422 1415 1414
f 1422 1416 1415
f 1422 1396 1416
f 1422 1420 1418
f 1422 1418 1421
f 1422 1414 1420
f 1422 1421 1396
f 1426 423 426
f 1427 425 424
f 1427 426 425
f 1427 1426 426
f 1428 1406 423
f 1428 423 1426
f 1429 1428 1426
f 1429 1427 424
f 1429 1426 1427
f 1430 1425 1406
f 1430 1406 1428
f 1431 1424 1425
f 1431 1425 1430
f 1431 1428 1429
f 1431 1430 1428
f 1432 424 1423
f 1432 1423 1424
f 1432 1429 424
f 1432 1424 1431
f 1432 1431 1429
f 1436 103 106
f 1437 105 104
f 1437 106 105
f 1437 1436 106
f 1438 1433 103
f 1438 103 1436
f 1439 1438 1436
f 1439 1437 104
f 1439 1436 1437
f 1440 1435 1433
f 1440 1433 1438
f 1441 1434 1435
f 1441 1435 1440
f 1441 1438 1439
f 1441 1440 1438
f 1442 104 1413
f 1442 1413 1434
f 1442 1439 104
f 1442 1434 1441
f 1442 1441 1439
f 1447 424 427
f 1448 1423 424
f 1448 424 1447
f 1449 427 428
f 1449 428 429
f 1449 429 430
f 1449 1447 427
f 1450 1445 1446
f 1450 1446 1423
f 1450 1423 1448
f 1451 430 1443
f 1451 1449 430
f 1451 1448 1447
f 1451 1447 1449
f 1452 1443 1444
f 1452 1444 1445
f 1452 1448 1451
f 1452 1450 1448
f 1452 1445 1450
f 1452 1451 1443
f 1457 97 100
f 1457 100 101
f 1457 101 102
f 1458 1453 97
f 1458 102 103
f 1458 103 1433
f 1458 1433 1456
f 1458 97 1457
f 1458 1457 102
f 1459 1454 1453
f 1459 1455 1454
f 1459 1456 1455
f 1459 1453 1458
f 1459 1458 1456
f 1463 430 433
f 1464 432 431
f 1464 433 432
f 1464 1463 433
f 1465 1443 430
f 1465 430 1463
f 1466 1465 1463
f 1466 1464 431
f 1466 1463 1464
f 1467 1462 1443
f 1467 1443 1465
f 1468 1461 1462
f 1468 1462 1467
f 1468 1465 1466
f 1468 1467 1465
f 1469 431 1460
f 1469 1460 1461
f 1469 1466 431
f 1469 1461 1468
f 1469 1468 1466
f 1473 93 99
f 1474 98 97
f 1474 99 98
f 1474 1473 99
f 1475 1470 93
f 1475 93 1473
f 1476 1475 1473
f 1476 1474 97
f 1476 1473 1474
f 1477 1472 1470
f 1477 1470 1475
f 1478 1471 1472
f 1478 1472 1477
f 1478 1475 1476
f 1478 1477 1475
f 1479 97 1453
f 1479 1453 1471
f 1479 1476 97
f 1479 1471 1478
f 1479 1478 1476
f 1484 431 434
f 1484 434 435
f 1484 435 436
f 1485 1460 431
f 1485 436 437
f 1485 437 1480
f 1485 1480 1483
f 1485 431 1484
f 1485 1484 436
f 1486 1481 1460
f 1486 1482 1481
f 1486 1483 1482
f 1486 1460 1485
f 1486 1485 1483
f 1491 96 95
f 1491 90 96
f 1492 1487 90
f 1492 90 1491
f 1493 94 93
f 1493 95 94
f 1493 1491 95
f 1494 1488 1487
f 1494 1487 1492
f 1495 93 1470
f 1495 1492 1491
f 1495 1491 1493
f 1495 1493 93
f 1496 1489 1488
f 1496 1490 1489
f 1496 1470 1490
f 1496 1494 1492
f 1496 1488 1494
f 1496 1492 1495
f 1496 1495 1470
f 1500 437 440
f 1501 439 438
f 1501 440 439
f 1501 1500 440
f 1502 1480 437
f 1502 437 1500
f 1503 1502 1500
f 1503 1501 438
f 1503 1500 1501
f 1504 1499 1480
f 1504 1480 1502
f 1505 1498 1499
f 1505 1499 1504
f 1505 1502 1503
f 1505 1504 1502
f 1506 438 1497
f 1506 1497 1498
f 1506 1503 438
f 1506 1498 1505
f 1506 1505 1503
f 1510 89 92
f 1511 91 90
f 1511 92 91
f 1511 1510 92
f 1512 1507 89
f 1512 89 1510
f 1513 1512 1510
f 1513 1511 90
f 1513 1510 1511
f 1514 1509 1507
f 1514 1507 1512
f 1515 1508 1509
f 1515 1509 1514
f 1515 1512 1513
f 1515 1514 1512
f 1516 90 1487
f 1516 1487 1508
f 1516 1513 90
f 1516 1508 1515
f 1516 1515 1513
f 1521 438 441
f 1522 1497 438
f 1522 438 1521
f 1523 441 442
f 1523 442 443
f 1523 443 444
f 1523 1521 441
f 1524 1518 1497
f 1524 1497 1522
f 1525 444 1517
f 1525 1521 1523
f 1525 1522 1521
f 1525 1523 444
f 1526 1519 1518
f 1526 1520 1519
f 1526 1517 1520
f 1526 1524 1522
f 1526 1522 1525
f 1526 1525 1517
f 1526 1518 1524
f 1531 85 86
f 1531 86 87
f 1531 87 88
f 1532 1527 85
f 1532 88 89
f 1532 89 1507
f 1532 1507 1530
f 1532 85 1531
f 1532 1531 88
f 1533 1528 1527
f 1533 1529 1528
f 1533 1530 1529
f 1533 1527 1532
f 1533 1532 1530
f 1537 444 447
f 1538 446 445
f 1538 447 446
f 1538 1537 447
f 1539 1517 444
f 1539 444 1537
f 1540 1539 1537
f 1540 1538 445
f 1540 1537 1538
f 1541 1536 1517
f 1541 1517 1539
f 1542 1535 1536
f 1542 1536 1541
f 1542 1539 1540
f 1542 1541 1539
f 1543 445 1534
f 1543 1534 1535
f 1543 1540 445
f 1543 1535 1542
f 1543 1542 1540
f 1545 84 85
f 1546 1544 84
f 1546 84 1545
f 1547 1545 85
f 1547 1546 1545
f 1548 1544 1546
f 1549 1527 1544
f 1549 1544 1548
f 1549 1546 1547
f 1549 1548 1546
f 1550 85 1527
f 1550 1547 85
f 1550 1527 1549
f 1550 1549 1547
f 1555 445 448
f 1555 448 449
f 1555 449 450
f 1556 1534 445
f 1556 450 451
f 1556 451 1551
f 1556 1551 1554
f 1556 445 1555
f 1556 1555 450
f 1557 1552 1534
f 1557 1553 1552
f 1557 1554 1553
f 1557 1534 1556
f 1557 1556 1554
f 1562 78 81
f 1563 1558 78
f 1563 78 1562
f 1564 81 82
f 1564 82 83
f 1564 83 84
f 1564 1562 81
f 1565 1560 1561
f 1565 1561 1558
f 1565 1558 1563
f 1566 84 1544
f 1566 1564 84
f 1566 1563 1562
f 1566 1562 1564
f 1567 1544 1559
f 1567 1559 1560
f 1567 1563 1566
f 1567 1565 1563
f 1567 1560 1565
f 1567 1566 1544
f 1571 451 454
f 1572 453 452
f 1572 454 453
f 1572 1571 454
f 1573 1551 451
f 1573 451 1571
f 1574 1573 1571
f 1574 1572 452
f 1574 1571 1572
f 1575 1570 1551
f 1575 1551 1573
f 1576 1569 1570
f 1576 1570 1575
f 1576 1573 1574
f 1576 1575 1573
f 1577 452 1568
f 1577 1568 1569
f 1577 1574 452
f 1577 1569 1576
f 1577 1576 1574
f 1579 77 80
f 1580 79 78
f 1580 80 79
f 1580 1579 80
f 1581 1578 77
f 1581 77 1579
f 1582 1581 1579
f 1582 1580 78
f 1582 1579 1580
f 1583 1578 1581
f 1584 1558 1578
f 1584 1581 1582
f 1584 1578 1583
f 1584 1583 1581
f 1585 78 1558
f 1585 1582 78
f 1585 1558 1584
f 1585 1584 1582
f 1590 452 455
f 1591 1568 452
f 1591 452 1590
f 1592 455 456
f 1592 456 457
f 1592 457 458
f 1592 1590 455
f 1593 1587 1568
f 1593 1568 1591
f 1594 458 1586
f 1594 1590 1592
f 1594 1591 1590
f 1594 1592 458
f 1595 1588 1587
f 1595 1589 1588
f 1595 1586 1589
f 1595 1593 1591
f 1595 1591 1594
f 1595 1594 1586
f 1595 1587 1593
f 1600 71 74
f 1600 74 75
f 1600 75 76
f 1601 1596 71
f 1601 76 77
f 1601 77 1578
f 1601 1578 1599
f 1601 71 1600
f 1601 1600 76
f 1602 1597 1596
f 1602 1598 1597
f 1602 1599 1598
f 1602 1596 1601
f 1602 1601 1599
f 1606 458 461
f 1607 460 459
f 1607 461 460
f 1607 1606 461
f 1608 1586 458
f 1608 458 1606
f 1609 1608 1606
f 1609 1607 459
f 1609 1606 1607
f 1610 1605 1586
f 1610 1586 1608
f 1611 1604 1605
f 1611 1605 1610
f 1611 1608 1609
f 1611 1610 1608
f 1612 459 1603
f 1612 1603 1604
f 1612 1609 459
f 1612 1604 1611
f 1612 1611 1609
f 1616 70 73
f 1617 72 71
f 1617 73 72
f 1617 1616 73
f 1618 1613 70
f 1618 70 1616
f 1619 1618 1616
f 1619 1617 71
f 1619 1616 1617
f 1620 1615 1613
f 1620 1613 1618
f 1621 1614 1615
f 1621 1615 1620
f 1621 1618 1619
f 1621 1620 1618
f 1622 71 1596
f 1622 1596 1614
f 1622 1619 71
f 1622 1614 1621
f 1622 1621 1619
f 1627 459 462
f 1627 462 463
f 1627 463 464
f 1628 1603 459
f 1628 464 465
f 1628 465 1623
f 1628 1623 1626
f 1628 459 1627
f 1628 1627 464
f 1629 1624 1603
f 1629 1625 1624
f 1629 1626 1625
f 1629 1603 1628
f 1629 1628 1626
f 1634 64 67
f 1635 1630 64
f 1635 64 1634
f 1636 67 68
f 1636 68 69
f 1636 69 70
f 1636 1634 67
f 1637 1631 1630
f 1637 1630 1635
f 1638 70 1613
f 1638 1634 1636
f 1638 1635 1634
f 1638 1636 70
f 1639 1632 1631
f 1639 1633 1632
f 1639 1613 1633
f 1639 1637 1635
f 1639 1635 1638
f 1639 1631 1637
f 1639 1638 1613
f 1641 465 466
f 1642 1623 465
f 1642 465 1641
f 1643 1641 466
f 1643 1642 1641
f 1644 1623 1642
f 1645 1640 1623
f 1645 1623 1644
f 1645 1642 1643
f 1645 1644 1642
f 1646 466 1640
f 1646 1643 466
f 1646 1640 1645
f 1646 1645 1643
f 1650 60 66
f 1651 65 64
f 1651 66 65
f 1651 1650 66
f 1652 1647 60
f 1652 60 1650
f 1653 1652 1650
f 1653 1651 64
f 1653 1650 1651
f 1654 1649 1647
f 1654 1647 1652
f 1655 1648 1649
f 1655 1649 1654
f 1655 1652 1653
f 1655 1654 1652
f 1656 64 1630
f 1656 1630 1648
f 1656 1653 64
f 1656 1648 1655
f 1656 1655 1653
f 1661 466 467
f 1662 1640 466
f 1662 466 1661
f 1663 467 468
f 1663 468 469
f 1663 469 470
f 1663 1661 467
f 1664 1658 1640
f 1664 1640 1662
f 1665 470 1657
f 1665 1661 1663
f 1665 1662 1661
f 1665 1663 470
f 1666 1659 1658
f 1666 1660 1659
f 1666 1657 1660
f 1666 1664 1662
f 1666 1662 1665
f 1666 1665 1657
f 1666 1658 1664
f 1671 61 60
f 1671 62 61
f 1671 63 62
f 1671 59 63
f 1672 1667 59
f 1672 60 1647
f 1672 59 1671
f 1672 1671 60
f 1673 1647 1668
f 1673 1668 1669
f 1673 1669 1670
f 1673 1670 1667
f 1673 1667 1672
f 1673 1672 1647
f 1677 470 473
f 1678 472 471
f 1678 473 472
f 1678 1677 473
f 1679 1657 470
f 1679 470 1677
f 1680 1679 1677
f 1680 1678 471
f 1680 1677 1678
f 1681 1676 1657
f 1681 1657 1679
f 1682 1675 1676
f 1682 1676 1681
f 1682 1679 1680
f 1682 1681 1679
f 1683 471 1674
f 1683 1674 1675
f 1683 1680 471
f 1683 1675 1682
f 1683 1682 1680
f 1687 55 59
f 1687 1688 55
f 1689 1684 55
f 1689 55 1688
f 1690 1689 1688
f 1690 1687 59
f 1690 1688 1687
f 1691 1686 1684
f 1691 1684 1689
f 1692 1685 1686
f 1692 1686 1691
f 1692 1689 1690
f 1692 1691 1689
f 1693 59 1667
f 1693 1667 1685
f 1693 1685 1692
f 1693 1690 59
f 1693 1692 1690
f 1698 471 474
f 1698 474 475
f 1698 475 476
f 1699 1674 471
f 1699 476 477
f 1699 477 1694
f 1699 1694 1697
f 1699 471 1698
f 1699 1698 476
f 1700 1695 1674
f 1700 1696 1695
f 1700 1697 1696
f 1700 1674 1699
f 1700 1699 1697
f 1705 58 57
f 1705 52 58
f 1706 1701 52
f 1706 52 1705
f 1707 56 55
f 1707 57 56
f 1707 1705 57
f 1708 1702 1701
f 1708 1701 1706
f 1709 55 1684
f 1709 1706 1705
f 1709 1705 1707
f 1709 1707 55
f 1710 1703 1702
f 1710 1704 1703
f 1710 1684 1704
f 1710 1702 1708
f 1710 1709 1684
f 1710 1708 1706
f 1710 1706 1709
f 1712 477 478
f 1713 1694 477
f 1713 477 1712
f 1714 1712 478
f 1714 1713 1712
f 1715 1694 1713
f 1716 1711 1694
f 1716 1694 1715
f 1716 1713 1714
f 1716 1715 1713
f 1717 478 1711
f 1717 1714 478
f 1717 1711 1716
f 1717 1716 1714
f 1721 51 54
f 1722 53 52
f 1722 54 53
f 1722 1721 54
f 1723 1718 51
f 1723 51 1721
f 1724 1723 1721
f 1724 1722 52
f 1724 1721 1722
f 1725 1720 1718
f 1725 1718 1723
f 1726 1719 1720
f 1726 1720 1725
f 1726 1723 1724
f 1726 1725 1723
f 1727 52 1701
f 1727 1701 1719
f 1727 1724 52
f 1727 1719 1726
f 1727 1726 1724
f 1732 478 479
f 1733 1711 478
f 1733 478 1732
f 1734 479 480
f 1734 480 481
f 1734 481 482
f 1734 1732 479
f 1735 1729 1711
f 1735 1711 1733
f 1736 482 1728
f 1736 1732 1734
f 1736 1733 1732
f 1736 1734 482
f 1737 1730 1729
f 1737 1731 1730
f 1737 1728 1731
f 1737 1735 1733
f 1737 1733 1736
f 1737 1736 1728
f 1737 1729 1735
f 1742 47 48
f 1742 48 49
f 1742 49 50
f 1743 1738 47
f 1743 50 51
f 1743 51 1718
f 1743 1718 1741
f 1743 47 1742
f 1743 1742 50
f 1744 1739 1738
f 1744 1740 1739
f 1744 1741 1740
f 1744 1738 1743
f 1744 1743 1741
f 1746 482 483
f 1747 1728 482
f 1747 482 1746
f 1748 1746 483
f 1748 1747 1746
f 1749 1728 1747
f 1750 1745 1728
f 1750 1728 1749
f 1750 1747 1748
f 1750 1749 1747
f 1751 483 1745
f 1751 1748 483
f 1751 1745 1750
f 1751 1750 1748
f 1753 43 47
f 1754 1752 43
f 1754 43 1753
f 1755 1753 47
f 1755 1754 1753
f 1756 1752 1754
f 1757 1738 1752
f 1757 1752 1756
f 1757 1754 1755
f 1757 1756 1754
f 1758 47 1738
f 1758 1755 47
f 1758 1738 1757
f 1758 1757 1755
f 1763 484 42
f 1763 485 484
f 1763 486 485
f 1763 483 486
f 1764 1745 483
f 1764 42 1759
f 1764 483 1763
f 1764 1763 42
f 1765 1759 1760
f 1765 1760 1761
f 1765 1761 1762
f 1765 1762 1745
f 1765 1745 1764
f 1765 1764 1759
f 1770 46 45
f 1770 39 46
f 1771 1766 39
f 1771 39 1770
f 1772 44 43
f 1772 45 44
f 1772 1770 45
f 1773 1768 1769
f 1773 1769 1766
f 1773 1766 1771
f 1774 43 1752
f 1774 1770 1772
f 1774 1771 1770
f 1774 1772 43
f 1775 1752 1767
f 1775 1767 1768
f 1775 1774 1752
f 1775 1771 1774
f 1775 1773 1771
f 1775 1768 1773
f 1778 42 41
f 1779 40 39
f 1779 41 40
f 1779 1778 41
f 1780 1759 42
f 1780 42 1778
f 1781 1780 1778
f 1781 1779 39
f 1781 1778 1779
f 1782 1777 1759
f 1782 1759 1780
f 1783 1776 1777
f 1783 1777 1782
f 1783 1780 1781
f 1783 1782 1780
f 1784 39 1766
f 1784 1766 1776
f 1784 1781 39
f 1784 1776 1783
f 1784 1783 1781
f 2156 510 511
f 2152 2156 511
f 2164 510 2156
f 2144 511 512
f 2144 2152 511
f 2170 510 2164
f 2169 510 2170
f 2168 509 510
f 2168 510 2169
f 2140 2144 512
f 2148 2152 2144
f 2153 2152 2148
f 2134 512 513
f 2134 2140 512
f 2181 509 2168
f 2181 2168 2174
f 2184 509 2181
f 2165 2156 2157
f 2165 2164 2156
f 2183 509 2184
f 2130 2134 513
f 2182 508 509
f 2182 509 2183
f 2147 2153 2148
f 2180 2181 2174
f 2138 2140 2134
f 2138 2141 2140
f 2154 2153 2147
f 2166 2157 2158
f 2166 2165 2157
f 2146 2154 2147
f 2179 2174 2173
f 2179 2180 2174
f 2137 2141 2138
f 2159 2166 2158
f 2155 2154 2146
f 2142 2141 2137
f 2167 2166 2159
f 2163 2159 2160
f 2150 2149 2155
f 2150 2155 2146
f 2162 2167 2159
f 2162 2159 2163
f 2151 2150 2146
f 2161 2167 2162
f 2145 2151 2146
f 2178 2173 2172
f 2178 2179 2173
f 2136 2142 2137
f 2136 2143 2142
f 2192 508 2182
f 2192 2182 2185
f 2122 2130 513
f 2122 513 514
f 2118 2122 514
f 2196 507 508
f 2196 508 2192
f 2177 2172 2171
f 2176 2178 2172
f 2176 2172 2177
f 2175 2178 2176
f 2135 2143 2136
f 2135 2139 2143
f 2123 2130 2122
f 2123 2131 2130
f 2193 2192 2185
f 2124 2131 2123
f 2124 2132 2131
f 2124 2133 2132
f 2194 2193 2185
f 2194 2185 2186
f 2128 2127 2133
f 2191 2187 2188
f 2125 2133 2124
f 2195 2194 2186
f 2195 2186 2187
f 2129 2128 2133
f 2129 2133 2125
f 2190 2187 2191
f 2190 2195 2187
f 2126 2129 2125
f 2189 2195 2190
f 2207 2196 2200
f 2207 507 2196
f 2110 2118 514
f 2110 514 515
f 2206 2207 2200
f 2106 2110 515
f 2208 506 507
f 2208 507 2207
f 2111 2118 2110
f 2111 2119 2118
f 2205 2199 2198
f 2205 2200 2199
f 2205 2206 2200
f 2112 2120 2119
f 2112 2119 2111
f 2204 2205 2198
f 2116 2115 2121
f 2203 2198 2197
f 2203 2204 2198
f 2113 2121 2120
f 2113 2120 2112
f 2117 2121 2113
f 2117 2116 2121
f 2202 2204 2203
f 2114 2117 2113
f 2201 2204 2202
f 2100 515 516
f 2100 2107 2106
f 2100 2106 515
f 1788 506 2208
f 1787 505 506
f 1787 506 1788
f 1786 505 1787
f 2214 1788 2208
f 2214 2208 2209
f 2101 2107 2100
f 2101 2108 2107
f 2096 516 517
f 2096 2100 516
f 1785 505 1786
f 2215 2214 2209
f 2215 2209 2210
f 2215 2210 2211
f 2102 2109 2108
f 2102 2108 2101
f 2103 2109 2102
f 2216 2215 2211
f 2104 2109 2103
f 2104 2105 2109
f 2213 2216 2211
f 2213 2211 2212
f 2088 2096 517
f 2088 2097 2096
f 1797 504 505
f 1797 505 1785
f 1796 1797 1785
f 1796 1785 1789
f 2091 2097 2088
f 2091 2098 2097
f 1795 1789 1790
f 1795 1796 1789
f 2089 2088 517
f 1800 504 1797
f 2092 2098 2091
f 1794 1790 1791
f 1794 1795 1790
f 2090 2089 517
f 1799 504 1800
f 2093 2099 2098
f 2093 2098 2092
f 2084 517 518
f 2084 2090 517
f 1798 504 1799
f 1793 1791 1792
f 1793 1794 1791
f 2094 2095 2099
f 2094 2099 2093
f 1807 1798 1801
f 1807 1801 1802
f 2080 2086 2085
f 2080 2087 2086
f 2080 2085 2079
f 1808 1807 1802
f 1808 1802 1803
f 1806 1798 1807
f 1806 503 504
f 1806 504 1798
f 2076 2085 2084
f 2076 2084 518
f 2076 2079 2085
f 1809 1808 1803
f 2081 2087 2080
f 1805 1809 1803
f 1805 1803 1804
f 2082 2087 2081
f 2082 2083 2087
f 2077 2076 518
f 1812 503 1806
f 2078 2077 518
f 1811 503 1812
f 2072 2078 518
f 1810 503 1811
f 519 2072 518
f 1819 1814 1813
f 2070 2069 2075
f 1818 1814 1819
f 1823 1814 1818
f 2067 2071 2070
f 2067 2070 2075
f 2066 2075 2074
f 2066 2067 2075
f 1822 1814 1823
f 1822 1815 1814
f 1817 1823 1818
f 2068 2071 2067
f 1821 1816 1815
f 1821 1815 1822
f 2065 2074 2073
f 2065 2066 2074
f 2062 2073 2072
f 2062 2072 519
f 2062 2065 2073
f 1820 503 1810
f 1820 1810 1816
f 1820 1816 1821
f 502 503 1820
f 2063 2062 519
f 2064 2063 519
f 2061 2064 519
f 1824 502 1820
f 520 2061 519
f 2055 2056 2057
f 2055 2057 2058
f 1830 1826 1825
f 1830 1825 1829
f 2054 2058 2059
f 2054 2055 2058
f 1831 1826 1830
f 1831 1827 1826
f 2053 2059 2060
f 2053 2054 2059
f 1832 1827 1831
f 1832 1828 1827
f 2052 2060 2061
f 2052 2061 520
f 2052 2053 2060
f 1833 1828 1832
f 1833 1824 1828
f 1833 502 1824
f 2051 2052 520
f 501 502 1833
f 501 1835 1834
f 501 1836 1835
f 501 1833 1836
f 2046 2045 2048
f 1843 1839 1840
f 2047 2046 2048
f 2043 2047 2048
f 2043 2044 2047
f 1847 1839 1843
f 1847 1838 1839
f 1847 1842 1841
f 1847 1843 1842
f 2042 2043 2048
f 2042 2048 2049
f 1846 1838 1847
f 1846 1837 1838
f 1845 1837 1846
f 2041 2049 2050
f 2041 2042 2049
f 2040 2050 2051
f 2040 2041 2050
f 1844 501 1834
f 1844 1837 1845
f 1844 1834 1837
f 521 2040 2051
f 521 2051 520
f 2039 2040 521
f 2034 2033 2036
f 1857 1853 1854
f 1858 1852 1853
f 1858 1856 1855
f 1858 1857 1856
f 1858 1853 1857
f 2030 2035 2034
f 2030 2029 2035
f 2030 2034 2036
f 2031 2030 2036
f 2031 2036 2037
f 2031 2037 2038
f 1859 1851 1852
f 1859 1852 1858
f 1860 1848 1851
f 1860 1851 1859
f 2032 2031 2038
f 500 1849 1848
f 500 1850 1849
f 500 1844 1850
f 500 501 1844
f 2028 2032 2038
f 2028 2038 2039
f 1861 1848 1860
f 1861 500 1848
f 2022 2021 2024
f 2023 2022 2024
f 1867 1865 1866
f 2019 2023 2024
f 2019 2020 2023
f 1868 1864 1865
f 1868 1865 1867
f 2018 2019 2024
f 2018 2024 2025
f 522 2028 2039
f 522 2027 2028
f 522 2039 521
f 1869 1863 1864
f 1869 1864 1868
f 2017 2018 2025
f 2017 2025 2026
f 1870 1862 1863
f 1870 1863 1869
f 2016 2017 2026
f 2016 2026 2027
f 1871 1862 1870
f 1879 1875 1876
f 2010 2011 2015
f 2009 2010 2015
f 2009 2015 2014
f 499 1861 1862
f 499 500 1861
f 499 1862 1871
f 1880 1874 1875
f 1880 1878 1877
f 1880 1879 1878
f 1880 1875 1879
f 2008 2009 2014
f 1881 1874 1880
f 1881 1873 1874
f 2007 2008 2014
f 2007 2013 2012
f 2007 2014 2013
f 1882 1873 1881
f 1882 1872 1873
f 1998 1997 2003
f 1883 1872 1882
f 2004 2007 2012
f 1895 1889 1890
f 1895 1890 1891
f 1995 1998 2003
f 1995 1999 1998
f 1995 1996 1999
f 523 2012 2016
f 523 2016 2027
f 523 2027 522
f 1994 2002 2001
f 1994 2003 2002
f 1994 1995 2003
f 1894 1887 1888
f 1894 1888 1889
f 1894 1889 1895
f 1993 1994 2001
f 1893 1884 1887
f 1893 1887 1894
f 1900 1905 1904
f 1900 1899 1905
f 1988 1986 1985
f 1909 1904 1903
f 1909 1900 1904
f 1992 2001 2000
f 1992 1993 2001
f 1892 1884 1893
f 1982 1987 1986
f 1982 1981 1987
f 1982 1986 1988
f 498 499 1871
f 498 1871 1872
f 498 1872 1883
f 1908 1900 1909
f 1908 1901 1900
f 1983 1988 1989
f 1983 1982 1988
f 1907 1901 1908
f 1907 1902 1901
f 1974 1972 1971
f 1919 1912 1913
f 1919 1913 1914
f 1919 1914 1915
f 1984 1983 1989
f 1984 1989 1990
f 1984 1990 1991
f 1968 1972 1974
f 1968 1973 1972
f 1968 1967 1973
f 1968 1974 1975
f 1918 1912 1919
f 1906 1902 1907
f 1906 1896 1902
f 1978 1984 1991
f 1969 1968 1975
f 524 2012 523
f 524 2005 2004
f 524 2006 2005
f 524 2004 2012
f 1959 1960 1961
f 1959 1961 1962
f 1929 1922 1921
f 1929 1921 1925
f 1917 1910 1911
f 1917 1911 1912
f 1917 1912 1918
f 1955 1950 1949
f 1958 1959 1962
f 1928 1922 1929
f 1941 1935 1936
f 1941 1936 1937
f 1947 1951 1950
f 1947 1948 1951
f 1947 1950 1955
f 1963 1958 1962
f 1923 1922 1928
f 1970 1975 1976
f 1970 1969 1975
f 1946 1955 1954
f 1946 1947 1955
f 1940 1935 1941
f 1940 1934 1935
f 1927 1923 1928
f 1927 1924 1923
f 1957 1963 1964
f 1957 1958 1963
f 1966 1976 1977
f 1966 1970 1976
f 1916 1910 1917
f 1953 1946 1954
f 1945 1946 1953
f 1939 1934 1940
f 1939 1933 1934
f 497 498 1883
f 497 1885 1884
f 497 1886 1885
f 497 1883 1886
f 1956 1964 1965
f 1956 1957 1964
f 1926 1924 1927
f 1926 1920 1924
f 1952 1945 1953
f 1942 1945 1952
f 1938 1933 1939
f 1938 1930 1933
f 487 2000 2006
f 487 2006 524
f 487 1992 2000
f 496 1884 1892
f 496 1897 1896
f 496 1898 1897
f 496 1892 1898
f 496 497 1884
f 488 1991 1992
f 488 1978 1991
f 488 1992 487
f 495 1896 1906
f 495 496 1896
f 495 1906 1910
f 489 1979 1978
f 489 1980 1979
f 489 1977 1980
f 489 1966 1977
f 489 1978 488
f 494 1910 1916
f 494 1916 1920
f 494 495 1910
f 490 1965 1966
f 490 1956 1965
f 490 1966 489
f 493 494 1920
f 493 1920 1926
f 493 1931 1930
f 493 1932 1931
f 493 1926 1932
f 491 1952 1956
f 491 1956 490
f 491 1942 1952
f 492 1942 491
f 492 1930 1938
f 492 493 1930
f 492 1943 1942
f 492 1944 1943
f 492 1938 1944
f 2217 525 528
f 2218 527 526
f 2218 528 527
f 2218 2217 528
f 2219 2000 525
f 2219 525 2217
f 2220 2219 2217
f 2220 2218 526
f 2220 2217 2218
f 2221 2006 2000
f 2221 2000 2219
f 2222 2005 2006
f 2222 2006 2221
f 2222 2219 2220
f 2222 2221 2219
f 2223 526 2004
f 2223 2004 2005
f 2223 2220 526
f 2223 2005 2222
f 2223 2222 2220
f 2224 539 538
f 2224 526 539
f 2225 2004 526
f 2225 526 2224
f 2226 537 536
f 2226 538 537
f 2226 2224 538
f 2227 2007 2004
f 2227 2004 2225
f 2228 536 2010
f 2228 2225 2224
f 2228 2224 2226
f 2228 2226 536
f 2229 2008 2007
f 2229 2009 2008
f 2229 2010 2009
f 2229 2007 2227
f 2229 2228 2010
f 2229 2227 2225
f 2229 2225 2228
f 2230 546 547
f 2230 547 548
f 2230 548 549
f 2231 1997 546
f 2231 549 525
f 2231 525 2000
f 2231 546 2230
f 2231 2230 549
f 2232 2000 2001
f 2232 2001 2002
f 2232 2002 2003
f 2232 2003 1997
f 2232 1997 2231
f 2232 2231 2000
f 2233 536 553
f 2234 2010 536
f 2234 536 2233
f 2235 2233 553
f 2235 2234 2233
f 2236 2010 2234
f 2237 2011 2010
f 2237 2010 2236
f 2237 2234 2235
f 2237 2236 2234
f 2238 553 2011
f 2238 2235 553
f 2238 2011 2237
f 2238 2237 2235
f 2239 560 562
f 2240 561 546
f 2240 562 561
f 2240 2239 562
f 2241 1996 560
f 2241 560 2239
f 2242 2241 2239
f 2242 2240 546
f 2242 2239 2240
f 2243 1999 1996
f 2243 1996 2241
f 2244 1998 1999
f 2244 1999 2243
f 2244 2241 2242
f 2244 2243 2241
f 2245 546 1997
f 2245 1997 1998
f 2245 2242 546
f 2245 1998 2244
f 2245 2244 2242
f 2246 553 571
f 2246 571 572
f 2246 572 573
f 2247 2011 553
f 2247 573 570
f 2247 570 2012
f 2247 553 2246
f 2247 2246 573
f 2248 2012 2013
f 2248 2013 2014
f 2248 2014 2015
f 2248 2015 2011
f 2248 2011 2247
f 2248 2247 2012
f 2249 577 578
f 2250 1992 577
f 2250 577 2249
f 2251 578 579
f 2251 579 580
f 2251 580 560
f 2251 2249 578
f 2252 1993 1992
f 2252 1992 2250
f 2253 560 1996
f 2253 2249 2251
f 2253 2250 2249
f 2253 2251 560
f 2254 1994 1993
f 2254 1995 1994
f 2254 1996 1995
f 2254 2252 2250
f 2254 2250 2253
f 2254 2253 1996
f 2254 1993 2252
f 2255 570 587
f 2256 2012 570
f 2256 570 2255
f 2257 2255 587
f 2257 2256 2255
f 2258 2012 2256
f 2259 2016 2012
f 2259 2012 2258
f 2259 2256 2257
f 2259 2258 2256
f 2260 587 2016
f 2260 2257 587
f 2260 2016 2259
f 2260 2259 2257
f 2261 594 577
f 2262 1991 594
f 2262 594 2261
f 2263 2261 577
f 2263 2262 2261
f 2264 1991 2262
f 2265 1992 1991
f 2265 1991 2264
f 2265 2262 2263
f 2265 2264 2262
f 2266 577 1992
f 2266 2263 577
f 2266 1992 2265
f 2266 2265 2263
f 2267 587 602
f 2268 2016 587
f 2268 587 2267
f 2269 602 603
f 2269 603 604
f 2269 604 601
f 2269 2267 602
f 2270 2017 2016
f 2270 2016 2268
f 2271 601 2020
f 2271 2267 2269
f 2271 2268 2267
f 2271 2269 601
f 2272 2018 2017
f 2272 2019 2018
f 2272 2020 2019
f 2272 2270 2268
f 2272 2268 2271
f 2272 2271 2020
f 2272 2017 2270
f 2273 611 612
f 2273 612 613
f 2273 613 614
f 2274 1985 611
f 2274 614 594
f 2274 594 1991
f 2274 1991 1990
f 2274 611 2273
f 2274 2273 614
f 2275 1988 1985
f 2275 1989 1988
f 2275 1990 1989
f 2275 1985 2274
f 2275 2274 1990
f 2276 601 620
f 2277 619 618
f 2277 620 619
f 2277 2276 620
f 2278 2020 601
f 2278 601 2276
f 2279 2278 2276
f 2279 2277 618
f 2279 2276 2277
f 2280 2023 2020
f 2280 2020 2278
f 2281 2022 2023
f 2281 2023 2280
f 2281 2278 2279
f 2281 2280 2278
f 2282 618 2021
f 2282 2021 2022
f 2282 2279 618
f 2282 2022 2281
f 2282 2281 2279
f 2283 628 630
f 2284 629 611
f 2284 630 629
f 2284 2283 630
f 2285 1981 628
f 2285 628 2283
f 2286 2285 2283
f 2286 2284 611
f 2286 2283 2284
f 2287 1987 1981
f 2287 1981 2285
f 2288 1986 1987
f 2288 1987 2287
f 2288 2285 2286
f 2288 2287 2285
f 2289 611 1985
f 2289 1985 1986
f 2289 2286 611
f 2289 1986 2288
f 2289 2288 2286
f 2290 618 639
f 2290 639 640
f 2290 640 641
f 2291 2021 618
f 2291 641 638
f 2291 638 2027
f 2291 2027 2026
f 2291 618 2290
f 2291 2290 641
f 2292 2024 2021
f 2292 2025 2024
f 2292 2026 2025
f 2292 2021 2291
f 2292 2291 2026
f 2293 645 646
f 2294 1978 645
f 2294 645 2293
f 2295 646 647
f 2295 647 648
f 2295 648 628
f 2295 2293 646
f 2296 1983 1984
f 2296 1984 1978
f 2296 1978 2294
f 2297 628 1981
f 2297 2295 628
f 2297 2294 2293
f 2297 2293 2295
f 2298 1981 1982
f 2298 1982 1983
f 2298 2294 2297
f 2298 2296 2294
f 2298 1983 2296
f 2298 2297 1981
f 2299 638 655
f 2300 2027 638
f 2300 638 2299
f 2301 2299 655
f 2301 2300 2299
f 2302 2027 2300
f 2303 2028 2027
f 2303 2027 2302
f 2303 2300 2301
f 2303 2302 2300
f 2304 655 2028
f 2304 2301 655
f 2304 2028 2303
f 2304 2303 2301
f 2305 662 664
f 2306 663 645
f 2306 664 663
f 2306 2305 664
f 2307 1977 662
f 2307 662 2305
f 2308 2307 2305
f 2308 2306 645
f 2308 2305 2306
f 2309 1980 1977
f 2309 1977 2307
f 2310 1979 1980
f 2310 1980 2309
f 2310 2307 2308
f 2310 2309 2307
f 2311 645 1978
f 2311 1978 1979
f 2311 2308 645
f 2311 1979 2310
f 2311 2310 2308
f 2312 655 673
f 2313 2028 655
f 2313 655 2312
f 2314 673 674
f 2314 674 675
f 2314 675 672
f 2314 2312 673
f 2315 2031 2032
f 2315 2032 2028
f 2315 2028 2313
f 2316 672 2029
f 2316 2314 672
f 2316 2313 2312
f 2316 2312 2314
f 2317 2029 2030
f 2317 2030 2031
f 2317 2313 2316
f 2317 2315 2313
f 2317 2031 2315
f 2317 2316 2029
f 2318 682 683
f 2318 683 684
f 2318 684 685
f 2319 1971 682
f 2319 685 662
f 2319 662 1977
f 2319 1977 1976
f 2319 682 2318
f 2319 2318 685
f 2320 1974 1971
f 2320 1975 1974
f 2320 1976 1975
f 2320 1971 2319
f 2320 2319 1976
f 2321 672 691
f 2322 690 689
f 2322 691 690
f 2322 2321 691
f 2323 2029 672
f 2323 672 2321
f 2324 2323 2321
f 2324 2322 689
f 2324 2321 2322
f 2325 2035 2029
f 2325 2029 2323
f 2326 2034 2035
f 2326 2035 2325
f 2326 2323 2324
f 2326 2325 2323
f 2327 689 2033
f 2327 2033 2034
f 2327 2324 689
f 2327 2034 2326
f 2327 2326 2324
f 2328 699 682
f 2328 2329 699
f 2330 1967 699
f 2330 699 2329
f 2331 2330 2329
f 2331 2328 682
f 2331 2329 2328
f 2332 1973 1967
f 2332 1967 2330
f 2333 1972 1973
f 2333 1973 2332
f 2333 2330 2331
f 2333 2332 2330
f 2334 682 1971
f 2334 1971 1972
f 2334 1972 2333
f 2334 2331 682
f 2334 2333 2331
f 2335 689 707
f 2335 707 708
f 2335 708 709
f 2336 2033 689
f 2336 709 706
f 2336 706 2039
f 2336 2039 2038
f 2336 689 2335
f 2336 2335 709
f 2337 2036 2033
f 2337 2037 2036
f 2337 2038 2037
f 2337 2033 2336
f 2337 2336 2038
f 2338 713 714
f 2339 1966 713
f 2339 713 2338
f 2340 714 715
f 2340 715 716
f 2340 716 699
f 2340 2338 714
f 2341 1969 1970
f 2341 1970 1966
f 2341 1966 2339
f 2342 699 1967
f 2342 2340 699
f 2342 2339 2338
f 2342 2338 2340
f 2343 1967 1968
f 2343 1968 1969
f 2343 2339 2342
f 2343 2341 2339
f 2343 1969 2341
f 2343 2342 1967
f 2344 706 725
f 2345 724 723
f 2345 725 724
f 2345 2344 725
f 2346 2039 706
f 2346 706 2344
f 2347 2346 2344
f 2347 2345 723
f 2347 2344 2345
f 2348 2039 2346
f 2349 2040 2039
f 2349 2346 2347
f 2349 2039 2348
f 2349 2348 2346
f 2350 723 2040
f 2350 2347 723
f 2350 2040 2349
f 2350 2349 2347
f 2351 733 735
f 2352 734 713
f 2352 735 734
f 2352 2351 735
f 2353 1965 733
f 2353 733 2351
f 2354 2353 2351
f 2354 2352 713
f 2354 2351 2352
f 2355 1965 2353
f 2356 1966 1965
f 2356 2353 2354
f 2356 1965 2355
f 2356 2355 2353
f 2357 713 1966
f 2357 2354 713
f 2357 1966 2356
f 2357 2356 2354
f 2358 723 744
f 2359 2040 723
f 2359 723 2358
f 2360 744 745
f 2360 745 746
f 2360 746 743
f 2360 2358 744
f 2361 2041 2040
f 2361 2040 2359
f 2362 743 2044
f 2362 2358 2360
f 2362 2359 2358
f 2362 2360 743
f 2363 2042 2041
f 2363 2043 2042
f 2363 2044 2043
f 2363 2361 2359
f 2363 2359 2362
f 2363 2041 2361
f 2363 2362 2044
f 2364 753 754
f 2364 754 755
f 2364 755 756
f 2365 1961 753
f 2365 756 733
f 2365 733 1965
f 2365 1965 1964
f 2365 753 2364
f 2365 2364 756
f 2366 1962 1961
f 2366 1963 1962
f 2366 1964 1963
f 2366 1961 2365
f 2366 2365 1964
f 2367 743 762
f 2368 761 760
f 2368 762 761
f 2368 2367 762
f 2369 2044 743
f 2369 743 2367
f 2370 2369 2367
f 2370 2368 760
f 2370 2367 2368
f 2371 2047 2044
f 2371 2044 2369
f 2372 2046 2047
f 2372 2047 2371
f 2372 2369 2370
f 2372 2371 2369
f 2373 760 2045
f 2373 2045 2046
f 2373 2370 760
f 2373 2046 2372
f 2373 2372 2370
f 2374 770 753
f 2375 1960 770
f 2375 770 2374
f 2376 2374 753
f 2376 2375 2374
f 2377 1960 2375
f 2378 1961 1960
f 2378 1960 2377
f 2378 2375 2376
f 2378 2377 2375
f 2379 753 1961
f 2379 2376 753
f 2379 1961 2378
f 2379 2378 2376
f 2380 778 777
f 2380 779 778
f 2380 780 779
f 2380 760 780
f 2381 2045 760
f 2381 777 2051
f 2381 2051 2050
f 2381 760 2380
f 2381 2380 777
f 2382 2048 2045
f 2382 2049 2048
f 2382 2050 2049
f 2382 2045 2381
f 2382 2381 2050
f 2383 787 786
f 2383 784 787
f 2384 1956 784
f 2384 784 2383
f 2385 785 770
f 2385 786 785
f 2385 2383 786
f 2386 1957 1956
f 2386 1956 2384
f 2387 770 1960
f 2387 2384 2383
f 2387 2383 2385
f 2387 2385 770
f 2388 1958 1957
f 2388 1959 1958
f 2388 1960 1959
f 2388 2386 2384
f 2388 1957 2386
f 2388 2384 2387
f 2388 2387 1960
f 2389 777 796
f 2390 795 794
f 2390 796 795
f 2390 2389 796
f 2391 2051 777
f 2391 777 2389
f 2392 2391 2389
f 2392 2390 794
f 2392 2389 2390
f 2393 2051 2391
f 2394 2052 2051
f 2394 2391 2392
f 2394 2051 2393
f 2394 2393 2391
f 2395 794 2052
f 2395 2392 794
f 2395 2052 2394
f 2395 2394 2392
f 2396 804 784
f 2397 1952 804
f 2397 804 2396
f 2398 2396 784
f 2398 2397 2396
f 2399 1952 2397
f 2400 1956 1952
f 2400 1952 2399
f 2400 2397 2398
f 2400 2399 2397
f 2401 784 1956
f 2401 2398 784
f 2401 1956 2400
f 2401 2400 2398
f 2402 794 813
f 2403 2052 794
f 2403 794 2402
f 2404 813 814
f 2404 814 815
f 2404 815 812
f 2404 2402 813
f 2405 2053 2052
f 2405 2052 2403
f 2406 812 2056
f 2406 2402 2404
f 2406 2403 2402
f 2406 2404 812
f 2407 2054 2053
f 2407 2055 2054
f 2407 2056 2055
f 2407 2405 2403
f 2407 2403 2406
f 2407 2406 2056
f 2407 2053 2405
f 2408 822 823
f 2408 823 824
f 2408 824 825
f 2409 1949 822
f 2409 825 804
f 2409 804 1952
f 2409 822 2408
f 2409 2408 825
f 2410 1952 1953
f 2410 1953 1954
f 2410 1954 1955
f 2410 1955 1949
f 2410 1949 2409
f 2410 2409 1952
f 2411 812 829
f 2412 2056 812
f 2412 812 2411
f 2413 2411 829
f 2413 2412 2411
f 2414 2056 2412
f 2415 2057 2056
f 2415 2056 2414
f 2415 2412 2413
f 2415 2414 2412
f 2416 829 2057
f 2416 2413 829
f 2416 2057 2415
f 2416 2415 2413
f 2417 836 838
f 2418 837 822
f 2418 838 837
f 2418 2417 838
f 2419 1948 836
f 2419 836 2417
f 2420 2419 2417
f 2420 2418 822
f 2420 2417 2418
f 2421 1951 1948
f 2421 1948 2419
f 2422 1950 1951
f 2422 1951 2421
f 2422 2419 2420
f 2422 2421 2419
f 2423 822 1949
f 2423 1949 1950
f 2423 2420 822
f 2423 1950 2422
f 2423 2422 2420
f 2424 829 847
f 2424 847 848
f 2424 848 849
f 2425 2057 829
f 2425 849 846
f 2425 846 2061
f 2425 2061 2060
f 2425 829 2424
f 2425 2424 849
f 2426 2058 2057
f 2426 2059 2058
f 2426 2060 2059
f 2426 2057 2425
f 2426 2425 2060
f 2427 856 855
f 2427 853 856
f 2428 1942 853
f 2428 853 2427
f 2429 854 836
f 2429 855 854
f 2429 2427 855
f 2430 1945 1942
f 2430 1942 2428
f 2431 836 1948
f 2431 2428 2427
f 2431 2427 2429
f 2431 2429 836
f 2432 1946 1945
f 2432 1947 1946
f 2432 1948 1947
f 2432 2430 2428
f 2432 1945 2430
f 2432 2428 2431
f 2432 2431 1948
f 2433 846 865
f 2434 864 863
f 2434 865 864
f 2434 2433 865
f 2435 2061 846
f 2435 846 2433
f 2436 2435 2433
f 2436 2434 863
f 2436 2433 2434
f 2437 2064 2061
f 2437 2061 2435
f 2438 2063 2064
f 2438 2064 2437
f 2438 2435 2436
f 2438 2437 2435
f 2439 863 2062
f 2439 2062 2063
f 2439 2436 863
f 2439 2063 2438
f 2439 2438 2436
f 2440 873 875
f 2441 874 853
f 2441 875 874
f 2441 2440 875
f 2442 1938 873
f 2442 873 2440
f 2443 2442 2440
f 2443 2441 853
f 2443 2440 2441
f 2444 1944 1938
f 2444 1938 2442
f 2445 1943 1944
f 2445 1944 2444
f 2445 2442 2443
f 2445 2444 2442
f 2446 853 1942
f 2446 1942 1943
f 2446 2443 853
f 2446 1943 2445
f 2446 2445 2443
f 2447 863 884
f 2448 2062 863
f 2448 863 2447
f 2449 884 885
f 2449 885 886
f 2449 886 883
f 2449 2447 884
f 2450 2065 2062
f 2450 2062 2448
f 2451 883 2068
f 2451 2447 2449
f 2451 2448 2447
f 2451 2449 883
f 2452 2066 2065
f 2452 2067 2066
f 2452 2068 2067
f 2452 2450 2448
f 2452 2448 2451
f 2452 2065 2450
f 2452 2451 2068
f 2453 893 894
f 2453 894 895
f 2453 895 896
f 2454 1937 893
f 2454 896 873
f 2454 873 1938
f 2454 893 2453
f 2454 2453 896
f 2455 1938 1939
f 2455 1939 1940
f 2455 1940 1941
f 2455 1941 1937
f 2455 1937 2454
f 2455 2454 1938
f 2456 883 902
f 2457 901 900
f 2457 902 901
f 2457 2456 902
f 2458 2068 883
f 2458 883 2456
f 2459 2458 2456
f 2459 2457 900
f 2459 2456 2457
f 2460 2071 2068
f 2460 2068 2458
f 2461 2070 2071
f 2461 2071 2460
f 2461 2458 2459
f 2461 2460 2458
f 2462 900 2069
f 2462 2069 2070
f 2462 2459 900
f 2462 2070 2461
f 2462 2461 2459
f 2463 910 893
f 2464 1936 910
f 2464 910 2463
f 2465 2463 893
f 2465 2464 2463
f 2466 1936 2464
f 2467 1937 1936
f 2467 1936 2466
f 2467 2464 2465
f 2467 2466 2464
f 2468 893 1937
f 2468 2465 893
f 2468 1937 2467
f 2468 2467 2465
f 2469 918 917
f 2469 919 918
f 2469 920 919
f 2469 900 920
f 2470 2069 900
f 2470 917 2072
f 2470 900 2469
f 2470 2469 917
f 2471 2072 2073
f 2471 2073 2074
f 2471 2074 2075
f 2471 2075 2069
f 2471 2069 2470
f 2471 2470 2072
f 2472 927 926
f 2472 924 927
f 2473 1930 924
f 2473 924 2472
f 2474 925 910
f 2474 926 925
f 2474 2472 926
f 2475 1933 1930
f 2475 1930 2473
f 2476 910 1936
f 2476 2473 2472
f 2476 2472 2474
f 2476 2474 910
f 2477 1934 1933
f 2477 1935 1934
f 2477 1936 1935
f 2477 2475 2473
f 2477 1933 2475
f 2477 2473 2476
f 2477 2476 1936
f 2478 917 934
f 2478 2479 917
f 2480 2072 917
f 2480 917 2479
f 2481 2480 2479
f 2481 2478 934
f 2481 2479 2478
f 2482 2078 2072
f 2482 2072 2480
f 2483 2077 2078
f 2483 2078 2482
f 2483 2480 2481
f 2483 2482 2480
f 2484 934 2076
f 2484 2076 2077
f 2484 2077 2483
f 2484 2481 934
f 2484 2483 2481
f 2485 941 943
f 2486 942 924
f 2486 943 942
f 2486 2485 943
f 2487 1926 941
f 2487 941 2485
f 2488 2487 2485
f 2488 2486 924
f 2488 2485 2486
f 2489 1932 1926
f 2489 1926 2487
f 2490 1931 1932
f 2490 1932 2489
f 2490 2487 2488
f 2490 2489 2487
f 2491 924 1930
f 2491 1930 1931
f 2491 2488 924
f 2491 1931 2490
f 2491 2490 2488
f 2492 934 952
f 2493 2076 934
f 2493 934 2492
f 2494 952 953
f 2494 953 954
f 2494 954 951
f 2494 2492 952
f 2495 2079 2076
f 2495 2076 2493
f 2496 951 2082
f 2496 2492 2494
f 2496 2493 2492
f 2496 2494 951
f 2497 2080 2079
f 2497 2081 2080
f 2497 2082 2081
f 2497 2495 2493
f 2497 2493 2496
f 2497 2079 2495
f 2497 2496 2082
f 2498 962 941
f 2498 963 962
f 2498 964 963
f 2498 961 964
f 2499 1925 961
f 2499 941 1926
f 2499 961 2498
f 2499 2498 941
f 2500 1926 1927
f 2500 1927 1928
f 2500 1928 1929
f 2500 1929 1925
f 2500 1925 2499
f 2500 2499 1926
f 2501 951 970
f 2502 969 968
f 2502 970 969
f 2502 2501 970
f 2503 2082 951
f 2503 951 2501
f 2504 2503 2501
f 2504 2502 968
f 2504 2501 2502
f 2505 2082 2503
f 2506 2083 2082
f 2506 2503 2504
f 2506 2082 2505
f 2506 2505 2503
f 2507 968 2083
f 2507 2504 968
f 2507 2083 2506
f 2507 2506 2504
f 2508 978 961
f 2509 1921 978
f 2509 978 2508
f 2510 2508 961
f 2510 2509 2508
f 2511 1921 2509
f 2512 1925 1921
f 2512 1921 2511
f 2512 2509 2510
f 2512 2511 2509
f 2513 961 1925
f 2513 2510 961
f 2513 1925 2512
f 2513 2512 2510
f 2514 968 986
f 2514 986 987
f 2514 987 988
f 2515 2083 968
f 2515 988 985
f 2515 985 2084
f 2515 968 2514
f 2515 2514 988
f 2516 2084 2085
f 2516 2085 2086
f 2516 2086 2087
f 2516 2087 2083
f 2516 2083 2515
f 2516 2515 2084
f 2517 992 993
f 2518 1920 992
f 2518 992 2517
f 2519 993 994
f 2519 994 995
f 2519 995 978
f 2519 2517 993
f 2520 1923 1924
f 2520 1924 1920
f 2520 1920 2518
f 2521 978 1921
f 2521 2519 978
f 2521 2518 2517
f 2521 2517 2519
f 2522 1921 1922
f 2522 1922 1923
f 2522 2518 2521
f 2522 2520 2518
f 2522 1923 2520
f 2522 2521 1921
f 2523 985 1002
f 2523 2524 985
f 2525 2084 985
f 2525 985 2524
f 2526 2525 2524
f 2526 2523 1002
f 2526 2524 2523
f 2527 2090 2084
f 2527 2084 2525
f 2528 2089 2090
f 2528 2090 2527
f 2528 2525 2526
f 2528 2527 2525
f 2529 1002 2088
f 2529 2088 2089
f 2529 2089 2528
f 2529 2526 1002
f 2529 2528 2526
f 2530 1010 1012
f 2531 1011 992
f 2531 1012 1011
f 2531 2530 1012
f 2532 1916 1010
f 2532 1010 2530
f 2533 2532 2530
f 2533 2531 992
f 2533 2530 2531
f 2534 1916 2532
f 2535 1920 1916
f 2535 2532 2533
f 2535 1916 2534
f 2535 2534 2532
f 2536 992 1920
f 2536 2533 992
f 2536 1920 2535
f 2536 2535 2533
f 2537 1023 1022
f 2537 1002 1023
f 2538 2088 1002
f 2538 1002 2537
f 2539 1021 1020
f 2539 1022 1021
f 2539 2537 1022
f 2540 2091 2088
f 2540 2088 2538
f 2541 1020 2094
f 2541 2538 2537
f 2541 2537 2539
f 2541 2539 1020
f 2542 2092 2091
f 2542 2093 2092
f 2542 2094 2093
f 2542 2540 2538
f 2542 2091 2540
f 2542 2538 2541
f 2542 2541 2094
f 2543 1030 1031
f 2543 1031 1032
f 2543 1032 1033
f 2544 1915 1030
f 2544 1033 1010
f 2544 1010 1916
f 2544 1030 2543
f 2544 2543 1033
f 2545 1916 1917
f 2545 1917 1918
f 2545 1918 1919
f 2545 1919 1915
f 2545 1915 2544
f 2545 2544 1916
f 2546 1020 1039
f 2547 1038 1037
f 2547 1039 1038
f 2547 2546 1039
f 2548 2094 1020
f 2548 1020 2546
f 2549 2548 2546
f 2549 2547 1037
f 2549 2546 2547
f 2550 2094 2548
f 2551 2095 2094
f 2551 2548 2549
f 2551 2094 2550
f 2551 2550 2548
f 2552 1037 2095
f 2552 2549 1037
f 2552 2095 2551
f 2552 2551 2549
f 2553 1047 1030
f 2554 1914 1047
f 2554 1047 2553
f 2555 2553 1030
f 2555 2554 2553
f 2556 1914 2554
f 2557 1915 1914
f 2557 1914 2556
f 2557 2554 2555
f 2557 2556 2554
f 2558 1030 1915
f 2558 2555 1030
f 2558 1915 2557
f 2558 2557 2555
f 2559 1055 1054
f 2559 1056 1055
f 2559 1057 1056
f 2559 1037 1057
f 2560 2095 1037
f 2560 1054 2096
f 2560 1037 2559
f 2560 2559 1054
f 2561 2096 2097
f 2561 2097 2098
f 2561 2098 2099
f 2561 2099 2095
f 2561 2095 2560
f 2561 2560 2096
f 2562 1064 1063
f 2562 1061 1064
f 2563 1910 1061
f 2563 1061 2562
f 2564 1062 1047
f 2564 1063 1062
f 2564 2562 1063
f 2565 1911 1910
f 2565 1910 2563
f 2566 1047 1914
f 2566 2563 2562
f 2566 2562 2564
f 2566 2564 1047
f 2567 1912 1911
f 2567 1913 1912
f 2567 1914 1913
f 2567 1911 2565
f 2567 2566 1914
f 2567 2565 2563
f 2567 2563 2566
f 2568 1054 1073
f 2569 1072 1071
f 2569 1073 1072
f 2569 2568 1073
f 2570 2096 1054
f 2570 1054 2568
f 2571 2570 2568
f 2571 2569 1071
f 2571 2568 2569
f 2572 2096 2570
f 2573 2100 2096
f 2573 2570 2571
f 2573 2096 2572
f 2573 2572 2570
f 2574 1071 2100
f 2574 2571 1071
f 2574 2100 2573
f 2574 2573 2571
f 2575 1081 1061
f 2576 1906 1081
f 2576 1081 2575
f 2577 2575 1061
f 2577 2576 2575
f 2578 1906 2576
f 2579 1910 1906
f 2579 1906 2578
f 2579 2576 2577
f 2579 2578 2576
f 2580 1061 1910
f 2580 2577 1061
f 2580 1910 2579
f 2580 2579 2577
f 2581 1071 1089
f 2582 2100 1071
f 2582 1071 2581
f 2583 1089 1090
f 2583 1090 1091
f 2583 1091 1088
f 2583 2581 1089
f 2584 2101 2100
f 2584 2100 2582
f 2585 1088 2104
f 2585 2581 2583
f 2585 2582 2581
f 2585 2583 1088
f 2586 2102 2101
f 2586 2103 2102
f 2586 2104 2103
f 2586 2584 2582
f 2586 2582 2585
f 2586 2585 2104
f 2586 2101 2584
f 2587 1098 1099
f 2587 1099 1100
f 2587 1100 1101
f 2588 1903 1098
f 2588 1101 1081
f 2588 1081 1906
f 2588 1098 2587
f 2588 2587 1101
f 2589 1906 1907
f 2589 1907 1908
f 2589 1908 1909
f 2589 1909 1903
f 2589 1903 2588
f 2589 2588 1906
f 2590 1088 1105
f 2591 2104 1088
f 2591 1088 2590
f 2592 2590 1105
f 2592 2591 2590
f 2593 2104 2591
f 2594 2105 2104
f 2594 2104 2593
f 2594 2591 2592
f 2594 2593 2591
f 2595 1105 2105
f 2595 2592 1105
f 2595 2105 2594
f 2595 2594 2592
f 2596 1112 1114
f 2597 1113 1098
f 2597 1114 1113
f 2597 2596 1114
f 2598 1899 1112
f 2598 1112 2596
f 2599 2598 2596
f 2599 2597 1098
f 2599 2596 2597
f 2600 1905 1899
f 2600 1899 2598
f 2601 1904 1905
f 2601 1905 2600
f 2601 2598 2599
f 2601 2600 2598
f 2602 1098 1903
f 2602 1903 1904
f 2602 2599 1098
f 2602 1904 2601
f 2602 2601 2599
f 2603 1105 1123
f 2603 1123 1124
f 2603 1124 1125
f 2604 2105 1105
f 2604 1125 1122
f 2604 1122 2106
f 2604 1105 2603
f 2604 2603 1125
f 2605 2106 2107
f 2605 2107 2108
f 2605 2108 2109
f 2605 2109 2105
f 2605 2105 2604
f 2605 2604 2106
f 2606 1132 1131
f 2606 1129 1132
f 2607 1896 1129
f 2607 1129 2606
f 2608 1130 1112
f 2608 1131 1130
f 2608 2606 1131
f 2609 1901 1902
f 2609 1902 1896
f 2609 1896 2607
f 2610 1112 1899
f 2610 2606 2608
f 2610 2607 2606
f 2610 2608 1112
f 2611 1899 1900
f 2611 1900 1901
f 2611 2610 1899
f 2611 2607 2610
f 2611 2609 2607
f 2611 1901 2609
f 2612 1122 1141
f 2613 1140 1139
f 2613 1141 1140
f 2613 2612 1141
f 2614 2106 1122
f 2614 1122 2612
f 2615 2614 2612
f 2615 2613 1139
f 2615 2612 2613
f 2616 2106 2614
f 2617 2110 2106
f 2617 2614 2615
f 2617 2106 2616
f 2617 2616 2614
f 2618 1139 2110
f 2618 2615 1139
f 2618 2110 2617
f 2618 2617 2615
f 2619 1149 1151
f 2620 1150 1129
f 2620 1151 1150
f 2620 2619 1151
f 2621 1892 1149
f 2621 1149 2619
f 2622 2621 2619
f 2622 2620 1129
f 2622 2619 2620
f 2623 1898 1892
f 2623 1892 2621
f 2624 1897 1898
f 2624 1898 2623
f 2624 2621 2622
f 2624 2623 2621
f 2625 1129 1896
f 2625 1896 1897
f 2625 2622 1129
f 2625 1897 2624
f 2625 2624 2622
f 2626 1162 1161
f 2626 1139 1162
f 2627 2110 1139
f 2627 1139 2626
f 2628 1160 1159
f 2628 1161 1160
f 2628 2626 1161
f 2629 2111 2110
f 2629 2110 2627
f 2630 1159 2114
f 2630 2627 2626
f 2630 2626 2628
f 2630 2628 1159
f 2631 2112 2111
f 2631 2113 2112
f 2631 2114 2113
f 2631 2111 2629
f 2631 2630 2114
f 2631 2629 2627
f 2631 2627 2630
f 2632 1169 1170
f 2632 1170 1171
f 2632 1171 1172
f 2633 1891 1169
f 2633 1172 1149
f 2633 1149 1892
f 2633 1169 2632
f 2633 2632 1172
f 2634 1892 1893
f 2634 1893 1894
f 2634 1894 1895
f 2634 1895 1891
f 2634 1891 2633
f 2634 2633 1892
f 2635 1159 1178
f 2636 1177 1176
f 2636 1178 1177
f 2636 2635 1178
f 2637 2114 1159
f 2637 1159 2635
f 2638 2637 2635
f 2638 2636 1176
f 2638 2635 2636
f 2639 2117 2114
f 2639 2114 2637
f 2640 2116 2117
f 2640 2117 2639
f 2640 2637 2638
f 2640 2639 2637
f 2641 1176 2115
f 2641 2115 2116
f 2641 2638 1176
f 2641 2116 2640
f 2641 2640 2638
f 2642 1186 1169
f 2643 1890 1186
f 2643 1186 2642
f 2644 2642 1169
f 2644 2643 2642
f 2645 1890 2643
f 2646 1891 1890
f 2646 1890 2645
f 2646 2643 2644
f 2646 2645 2643
f 2647 1169 1891
f 2647 2644 1169
f 2647 1891 2646
f 2647 2646 2644
f 2648 1176 1194
f 2648 1194 1195
f 2648 1195 1196
f 2649 2115 1176
f 2649 1196 1193
f 2649 1193 2118
f 2649 1176 2648
f 2649 2648 1196
f 2650 2118 2119
f 2650 2119 2120
f 2650 2120 2121
f 2650 2121 2115
f 2650 2115 2649
f 2650 2649 2118
f 2651 1200 1201
f 2652 1884 1200
f 2652 1200 2651
f 2653 1201 1202
f 2653 1202 1203
f 2653 1203 1186
f 2653 2651 1201
f 2654 1887 1884
f 2654 1884 2652
f 2655 1186 1890
f 2655 2651 2653
f 2655 2652 2651
f 2655 2653 1186
f 2656 1888 1887
f 2656 1889 1888
f 2656 1890 1889
f 2656 2654 2652
f 2656 2652 2655
f 2656 1887 2654
f 2656 2655 1890
f 2657 1193 1212
f 2658 1211 1210
f 2658 1212 1211
f 2658 2657 1212
f 2659 2118 1193
f 2659 1193 2657
f 2660 2659 2657
f 2660 2658 1210
f 2660 2657 2658
f 2661 2118 2659
f 2662 2122 2118
f 2662 2659 2660
f 2662 2118 2661
f 2662 2661 2659
f 2663 1210 2122
f 2663 2660 1210
f 2663 2122 2662
f 2663 2662 2660
f 2664 1220 1222
f 2665 1221 1200
f 2665 1222 1221
f 2665 2664 1222
f 2666 1883 1220
f 2666 1220 2664
f 2667 2666 2664
f 2667 2665 1200
f 2667 2664 2665
f 2668 1886 1883
f 2668 1883 2666
f 2669 1885 1886
f 2669 1886 2668
f 2669 2666 2667
f 2669 2668 2666
f 2670 1200 1884
f 2670 1884 1885
f 2670 2667 1200
f 2670 1885 2669
f 2670 2669 2667
f 2671 1210 1231
f 2672 2122 1210
f 2672 1210 2671
f 2673 1231 1232
f 2673 1232 1233
f 2673 1233 1230
f 2673 2671 1231
f 2674 2123 2122
f 2674 2122 2672
f 2675 1230 2126
f 2675 2671 2673
f 2675 2672 2671
f 2675 2673 1230
f 2676 2124 2123
f 2676 2125 2124
f 2676 2126 2125
f 2676 2674 2672
f 2676 2672 2675
f 2676 2123 2674
f 2676 2675 2126
f 2677 1240 1241
f 2677 1241 1242
f 2677 1242 1243
f 2678 1877 1240
f 2678 1243 1220
f 2678 1220 1883
f 2678 1883 1882
f 2678 1240 2677
f 2678 2677 1243
f 2679 1880 1877
f 2679 1881 1880
f 2679 1882 1881
f 2679 1877 2678
f 2679 2678 1882
f 2680 1230 1249
f 2681 1248 1247
f 2681 1249 1248
f 2681 2680 1249
f 2682 2126 1230
f 2682 1230 2680
f 2683 2682 2680
f 2683 2681 1247
f 2683 2680 2681
f 2684 2129 2126
f 2684 2126 2682
f 2685 2128 2129
f 2685 2129 2684
f 2685 2682 2683
f 2685 2684 2682
f 2686 1247 2127
f 2686 2127 2128
f 2686 2683 1247
f 2686 2128 2685
f 2686 2685 2683
f 2687 1257 1259
f 2688 1258 1240
f 2688 1259 1258
f 2688 2687 1259
f 2689 1876 1257
f 2689 1257 2687
f 2690 2689 2687
f 2690 2688 1240
f 2690 2687 2688
f 2691 1879 1876
f 2691 1876 2689
f 2692 1878 1879
f 2692 1879 2691
f 2692 2689 2690
f 2692 2691 2689
f 2693 1240 1877
f 2693 1877 1878
f 2693 2690 1240
f 2693 1878 2692
f 2693 2692 2690
f 2694 1268 1267
f 2694 1269 1268
f 2694 1270 1269
f 2694 1247 1270
f 2695 2127 1247
f 2695 1267 2130
f 2695 1247 2694
f 2695 2694 1267
f 2696 2130 2131
f 2696 2131 2132
f 2696 2132 2133
f 2696 2133 2127
f 2696 2127 2695
f 2696 2695 2130
f 2697 1277 1276
f 2697 1274 1277
f 2698 1872 1274
f 2698 1274 2697
f 2699 1275 1257
f 2699 1276 1275
f 2699 2697 1276
f 2700 1873 1872
f 2700 1872 2698
f 2701 1257 1876
f 2701 2698 2697
f 2701 2697 2699
f 2701 2699 1257
f 2702 1874 1873
f 2702 1875 1874
f 2702 1876 1875
f 2702 2700 2698
f 2702 1873 2700
f 2702 2698 2701
f 2702 2701 1876
f 2703 1267 1284
f 2704 2130 1267
f 2704 1267 2703
f 2705 2703 1284
f 2705 2704 2703
f 2706 2130 2704
f 2707 2134 2130
f 2707 2130 2706
f 2707 2704 2705
f 2707 2706 2704
f 2708 1284 2134
f 2708 2705 1284
f 2708 2134 2707
f 2708 2707 2705
f 2709 1291 1293
f 2710 1292 1274
f 2710 1293 1292
f 2710 2709 1293
f 2711 1871 1291
f 2711 1291 2709
f 2712 2711 2709
f 2712 2710 1274
f 2712 2709 2710
f 2713 1871 2711
f 2714 1872 1871
f 2714 2711 2712
f 2714 1871 2713
f 2714 2713 2711
f 2715 1274 1872
f 2715 2712 1274
f 2715 1872 2714
f 2715 2714 2712
f 2716 1284 1302
f 2717 2134 1284
f 2717 1284 2716
f 2718 1302 1303
f 2718 1303 1304
f 2718 1304 1301
f 2718 2716 1302
f 2719 2137 2138
f 2719 2138 2134
f 2719 2134 2717
f 2720 1301 2135
f 2720 2718 1301
f 2720 2717 2716
f 2720 2716 2718
f 2721 2135 2136
f 2721 2136 2137
f 2721 2717 2720
f 2721 2719 2717
f 2721 2137 2719
f 2721 2720 2135
f 2722 1312 1291
f 2722 1313 1312
f 2722 1314 1313
f 2722 1311 1314
f 2723 1867 1311
f 2723 1291 1871
f 2723 1871 1870
f 2723 1311 2722
f 2723 2722 1291
f 2724 1868 1867
f 2724 1869 1868
f 2724 1870 1869
f 2724 1867 2723
f 2724 2723 1870
f 2725 1301 1318
f 2726 2135 1301
f 2726 1301 2725
f 2727 2725 1318
f 2727 2726 2725
f 2728 2135 2726
f 2729 2139 2135
f 2729 2135 2728
f 2729 2726 2727
f 2729 2728 2726
f 2730 1318 2139
f 2730 2727 1318
f 2730 2139 2729
f 2730 2729 2727
f 2731 1325 1327
f 2732 1326 1311
f 2732 1327 1326
f 2732 2731 1327
f 2733 1866 1325
f 2733 1325 2731
f 2734 2733 2731
f 2734 2732 1311
f 2734 2731 2732
f 2735 1866 2733
f 2736 1867 1866
f 2736 2733 2734
f 2736 1866 2735
f 2736 2735 2733
f 2737 1311 1867
f 2737 2734 1311
f 2737 1867 2736
f 2737 2736 2734
f 2738 1336 1335
f 2738 1337 1336
f 2738 1338 1337
f 2738 1318 1338
f 2739 2139 1318
f 2739 1335 2140
f 2739 1318 2738
f 2739 2738 1335
f 2740 2140 2141
f 2740 2141 2142
f 2740 2142 2143
f 2740 2143 2139
f 2740 2139 2739
f 2740 2739 2140
f 2741 1342 1343
f 2742 1862 1342
f 2742 1342 2741
f 2743 1343 1344
f 2743 1344 1345
f 2743 1345 1325
f 2743 2741 1343
f 2744 1863 1862
f 2744 1862 2742
f 2745 1325 1866
f 2745 2741 2743
f 2745 2742 2741
f 2745 2743 1325
f 2746 1864 1863
f 2746 1865 1864
f 2746 1866 1865
f 2746 2744 2742
f 2746 2742 2745
f 2746 1863 2744
f 2746 2745 1866
f 2747 1335 1352
f 2748 2140 1335
f 2748 1335 2747
f 2749 2747 1352
f 2749 2748 2747
f 2750 2140 2748
f 2751 2144 2140
f 2751 2140 2750
f 2751 2748 2749
f 2751 2750 2748
f 2752 1352 2144
f 2752 2749 1352
f 2752 2144 2751
f 2752 2751 2749
f 2753 1359 1361
f 2754 1360 1342
f 2754 1361 1360
f 2754 2753 1361
f 2755 1861 1359
f 2755 1359 2753
f 2756 2755 2753
f 2756 2754 1342
f 2756 2753 2754
f 2757 1861 2755
f 2758 1862 1861
f 2758 2755 2756
f 2758 1861 2757
f 2758 2757 2755
f 2759 1342 1862
f 2759 2756 1342
f 2759 1862 2758
f 2759 2758 2756
f 2760 1352 1370
f 2761 2144 1352
f 2761 1352 2760
f 2762 1370 1371
f 2762 1371 1372
f 2762 1372 1369
f 2762 2760 1370
f 2763 2147 2148
f 2763 2148 2144
f 2763 2144 2761
f 2764 1369 2145
f 2764 2762 1369
f 2764 2761 2760
f 2764 2760 2762
f 2765 2145 2146
f 2765 2146 2147
f 2765 2761 2764
f 2765 2763 2761
f 2765 2147 2763
f 2765 2764 2145
f 2766 1379 1380
f 2766 1380 1381
f 2766 1381 1382
f 2767 1855 1379
f 2767 1382 1359
f 2767 1359 1861
f 2767 1861 1860
f 2767 1379 2766
f 2767 2766 1382
f 2768 1858 1855
f 2768 1859 1858
f 2768 1860 1859
f 2768 1855 2767
f 2768 2767 1860
f 2769 1369 1388
f 2770 1387 1386
f 2770 1388 1387
f 2770 2769 1388
f 2771 2145 1369
f 2771 1369 2769
f 2772 2771 2769
f 2772 2770 1386
f 2772 2769 2770
f 2773 2151 2145
f 2773 2145 2771
f 2774 2150 2151
f 2774 2151 2773
f 2774 2771 2772
f 2774 2773 2771
f 2775 1386 2149
f 2775 2149 2150
f 2775 2772 1386
f 2775 2150 2774
f 2775 2774 2772
f 2776 1396 1398
f 2777 1397 1379
f 2777 1398 1397
f 2777 2776 1398
f 2778 1854 1396
f 2778 1396 2776
f 2779 2778 2776
f 2779 2777 1379
f 2779 2776 2777
f 2780 1857 1854
f 2780 1854 2778
f 2781 1856 1857
f 2781 1857 2780
f 2781 2778 2779
f 2781 2780 2778
f 2782 1379 1855
f 2782 1855 1856
f 2782 2779 1379
f 2782 1856 2781
f 2782 2781 2779
f 2783 1386 1407
f 2783 1407 1408
f 2783 1408 1409
f 2784 2149 1386
f 2784 1409 1406
f 2784 1406 2152
f 2784 1386 2783
f 2784 2783 1409
f 2785 2152 2153
f 2785 2153 2154
f 2785 2154 2155
f 2785 2155 2149
f 2785 2149 2784
f 2785 2784 2152
f 2786 1413 1414
f 2787 1848 1413
f 2787 1413 2786
f 2788 1414 1415
f 2788 1415 1416
f 2788 1416 1396
f 2788 2786 1414
f 2789 1851 1848
f 2789 1848 2787
f 2790 1396 1854
f 2790 2786 2788
f 2790 2787 2786
f 2790 2788 1396
f 2791 1852 1851
f 2791 1853 1852
f 2791 1854 1853
f 2791 2789 2787
f 2791 2787 2790
f 2791 2790 1854
f 2791 1851 2789
f 2792 1406 1425
f 2793 1424 1423
f 2793 1425 1424
f 2793 2792 1425
f 2794 2152 1406
f 2794 1406 2792
f 2795 2794 2792
f 2795 2793 1423
f 2795 2792 2793
f 2796 2152 2794
f 2797 2156 2152
f 2797 2794 2795
f 2797 2152 2796
f 2797 2796 2794
f 2798 1423 2156
f 2798 2795 1423
f 2798 2156 2797
f 2798 2797 2795
f 2799 1433 1435
f 2800 1434 1413
f 2800 1435 1434
f 2800 2799 1435
f 2801 1844 1433
f 2801 1433 2799
f 2802 2801 2799
f 2802 2800 1413
f 2802 2799 2800
f 2803 1850 1844
f 2803 1844 2801
f 2804 1849 1850
f 2804 1850 2803
f 2804 2801 2802
f 2804 2803 2801
f 2805 1413 1848
f 2805 1848 1849
f 2805 2802 1413
f 2805 1849 2804
f 2805 2804 2802
f 2806 1446 1445
f 2806 1423 1446
f 2807 2156 1423
f 2807 1423 2806
f 2808 1444 1443
f 2808 1445 1444
f 2808 2806 1445
f 2809 2157 2156
f 2809 2156 2807
f 2810 1443 2160
f 2810 2807 2806
f 2810 2806 2808
f 2810 2808 1443
f 2811 2158 2157
f 2811 2159 2158
f 2811 2160 2159
f 2811 2809 2807
f 2811 2157 2809
f 2811 2807 2810
f 2811 2810 2160
f 2812 1453 1454
f 2812 1454 1455
f 2812 1455 1456
f 2813 1841 1453
f 2813 1456 1433
f 2813 1433 1844
f 2813 1453 2812
f 2813 2812 1456
f 2814 1844 1845
f 2814 1845 1846
f 2814 1846 1847
f 2814 1847 1841
f 2814 1841 2813
f 2814 2813 1844
f 2815 1443 1462
f 2816 1461 1460
f 2816 1462 1461
f 2816 2815 1462
f 2817 2160 1443
f 2817 1443 2815
f 2818 2817 2815
f 2818 2816 1460
f 2818 2815 2816
f 2819 2163 2160
f 2819 2160 2817
f 2820 2162 2163
f 2820 2163 2819
f 2820 2817 2818
f 2820 2819 2817
f 2821 1460 2161
f 2821 2161 2162
f 2821 2818 1460
f 2821 2162 2820
f 2821 2820 2818
f 2822 1470 1472
f 2823 1471 1453
f 2823 1472 1471
f 2823 2822 1472
f 2824 1840 1470
f 2824 1470 2822
f 2825 2824 2822
f 2825 2823 1453
f 2825 2822 2823
f 2826 1843 1840
f 2826 1840 2824
f 2827 1842 1843
f 2827 1843 2826
f 2827 2824 2825
f 2827 2826 2824
f 2828 1453 1841
f 2828 1841 1842
f 2828 2825 1453
f 2828 1842 2827
f 2828 2827 2825
f 2829 1460 1481
f 2829 1481 1482
f 2829 1482 1483
f 2830 2161 1460
f 2830 1483 1480
f 2830 1480 2164
f 2830 1460 2829
f 2830 2829 1483
f 2831 2164 2165
f 2831 2165 2166
f 2831 2166 2167
f 2831 2167 2161
f 2831 2161 2830
f 2831 2830 2164
f 2832 1487 1488
f 2833 1834 1487
f 2833 1487 2832
f 2834 1488 1489
f 2834 1489 1490
f 2834 1490 1470
f 2834 2832 1488
f 2835 1837 1834
f 2835 1834 2833
f 2836 1470 1840
f 2836 2832 2834
f 2836 2833 2832
f 2836 2834 1470
f 2837 1838 1837
f 2837 1839 1838
f 2837 1840 1839
f 2837 2835 2833
f 2837 2833 2836
f 2837 2836 1840
f 2837 1837 2835
f 2838 1480 1499
f 2839 1498 1497
f 2839 1499 1498
f 2839 2838 1499
f 2840 2164 1480
f 2840 1480 2838
f 2841 2840 2838
f 2841 2839 1497
f 2841 2838 2839
f 2842 2170 2164
f 2842 2164 2840
f 2843 2169 2170
f 2843 2170 2842
f 2843 2840 2841
f 2843 2842 2840
f 2844 1497 2168
f 2844 2168 2169
f 2844 2841 1497
f 2844 2169 2843
f 2844 2843 2841
f 2845 1507 1509
f 2846 1508 1487
f 2846 1509 1508
f 2846 2845 1509
f 2847 1833 1507
f 2847 1507 2845
f 2848 2847 2845
f 2848 2846 1487
f 2848 2845 2846
f 2849 1836 1833
f 2849 1833 2847
f 2850 1835 1836
f 2850 1836 2849
f 2850 2847 2848
f 2850 2849 2847
f 2851 1487 1834
f 2851 1834 1835
f 2851 2848 1487
f 2851 1835 2850
f 2851 2850 2848
f 2852 1497 1518
f 2853 2168 1497
f 2853 1497 2852
f 2854 1518 1519
f 2854 1519 1520
f 2854 1520 1517
f 2854 2852 1518
f 2855 2173 2174
f 2855 2174 2168
f 2855 2168 2853
f 2856 1517 2171
f 2856 2854 1517
f 2856 2853 2852
f 2856 2852 2854
f 2857 2171 2172
f 2857 2172 2173
f 2857 2853 2856
f 2857 2855 2853
f 2857 2173 2855
f 2857 2856 2171
f 2858 1527 1528
f 2858 1528 1529
f 2858 1529 1530
f 2859 1829 1527
f 2859 1530 1507
f 2859 1507 1833
f 2859 1833 1832
f 2859 1527 2858
f 2859 2858 1530
f 2860 1830 1829
f 2860 1831 1830
f 2860 1832 1831
f 2860 1829 2859
f 2860 2859 1832
f 2861 1517 1536
f 2862 1535 1534
f 2862 1536 1535
f 2862 2861 1536
f 2863 2171 1517
f 2863 1517 2861
f 2864 2863 2861
f 2864 2862 1534
f 2864 2861 2862
f 2865 2177 2171
f 2865 2171 2863
f 2866 2176 2177
f 2866 2177 2865
f 2866 2863 2864
f 2866 2865 2863
f 2867 1534 2175
f 2867 2175 2176
f 2867 2864 1534
f 2867 2176 2866
f 2867 2866 2864
f 2868 1544 1527
f 2869 1825 1544
f 2869 1544 2868
f 2870 2868 1527
f 2870 2869 2868
f 2871 1825 2869
f 2872 1829 1825
f 2872 1825 2871
f 2872 2869 2870
f 2872 2871 2869
f 2873 1527 1829
f 2873 2870 1527
f 2873 1829 2872
f 2873 2872 2870
f 2874 1534 1552
f 2874 1552 1553
f 2874 1553 1554
f 2875 2175 1534
f 2875 1554 1551
f 2875 1551 2181
f 2875 2181 2180
f 2875 1534 2874
f 2875 2874 1554
f 2876 2178 2175
f 2876 2179 2178
f 2876 2180 2179
f 2876 2175 2875
f 2876 2875 2180
f 2877 1561 1560
f 2877 1558 1561
f 2878 1824 1558
f 2878 1558 2877
f 2879 1559 1544
f 2879 1560 1559
f 2879 2877 1560
f 2880 1827 1828
f 2880 1828 1824
f 2880 1824 2878
f 2881 1544 1825
f 2881 2877 2879
f 2881 2878 2877
f 2881 2879 1544
f 2882 1825 1826
f 2882 1826 1827
f 2882 2880 2878
f 2882 2878 2881
f 2882 1827 2880
f 2882 2881 1825
f 2883 1551 1570
f 2884 1569 1568
f 2884 1570 1569
f 2884 2883 1570
f 2885 2181 1551
f 2885 1551 2883
f 2886 2885 2883
f 2886 2884 1568
f 2886 2883 2884
f 2887 2184 2181
f 2887 2181 2885
f 2888 2183 2184
f 2888 2184 2887
f 2888 2885 2886
f 2888 2887 2885
f 2889 1568 2182
f 2889 2182 2183
f 2889 2886 1568
f 2889 2183 2888
f 2889 2888 2886
f 2890 1578 1558
f 2891 1820 1578
f 2891 1578 2890
f 2892 2890 1558
f 2892 2891 2890
f 2893 1820 2891
f 2894 1824 1820
f 2894 1820 2893
f 2894 2891 2892
f 2894 2893 2891
f 2895 1558 1824
f 2895 2892 1558
f 2895 1824 2894
f 2895 2894 2892
f 2896 1568 1587
f 2897 2182 1568
f 2897 1568 2896
f 2898 1587 1588
f 2898 1588 1589
f 2898 1589 1586
f 2898 2896 1587
f 2899 2185 2182
f 2899 2182 2897
f 2900 1586 2188
f 2900 2896 2898
f 2900 2897 2896
f 2900 2898 1586
f 2901 2186 2185
f 2901 2187 2186
f 2901 2188 2187
f 2901 2899 2897
f 2901 2897 2900
f 2901 2900 2188
f 2901 2185 2899
f 2902 1596 1597
f 2902 1597 1598
f 2902 1598 1599
f 2903 1817 1596
f 2903 1599 1578
f 2903 1578 1820
f 2903 1596 2902
f 2903 2902 1599
f 2904 1820 1821
f 2904 1821 1822
f 2904 1822 1823
f 2904 1823 1817
f 2904 1817 2903
f 2904 2903 1820
f 2905 1586 1605
f 2906 1604 1603
f 2906 1605 1604
f 2906 2905 1605
f 2907 2188 1586
f 2907 1586 2905
f 2908 2907 2905
f 2908 2906 1603
f 2908 2905 2906
f 2909 2191 2188
f 2909 2188 2907
f 2910 2190 2191
f 2910 2191 2909
f 2910 2907 2908
f 2910 2909 2907
f 2911 1603 2189
f 2911 2189 2190
f 2911 2908 1603
f 2911 2190 2910
f 2911 2910 2908
f 2912 1613 1615
f 2913 1614 1596
f 2913 1615 1614
f 2913 2912 1615
f 2914 1813 1613
f 2914 1613 2912
f 2915 2914 2912
f 2915 2913 1596
f 2915 2912 2913
f 2916 1819 1813
f 2916 1813 2914
f 2917 1818 1819
f 2917 1819 2916
f 2917 2914 2915
f 2917 2916 2914
f 2918 1596 1817
f 2918 1817 1818
f 2918 2915 1596
f 2918 1818 2917
f 2918 2917 2915
f 2919 1603 1624
f 2919 1624 1625
f 2919 1625 1626
f 2920 2189 1603
f 2920 1626 1623
f 2920 1623 2192
f 2920 1603 2919
f 2920 2919 1626
f 2921 2192 2193
f 2921 2193 2194
f 2921 2194 2195
f 2921 2195 2189
f 2921 2189 2920
f 2921 2920 2192
f 2922 1630 1631
f 2923 1810 1630
f 2923 1630 2922
f 2924 1631 1632
f 2924 1632 1633
f 2924 1633 1613
f 2924 2922 1631
f 2925 1815 1816
f 2925 1816 1810
f 2925 1810 2923
f 2926 1613 1813
f 2926 2924 1613
f 2926 2923 2922
f 2926 2922 2924
f 2927 1813 1814
f 2927 1814 1815
f 2927 2923 2926
f 2927 2925 2923
f 2927 1815 2925
f 2927 2926 1813
f 2928 1623 1640
f 2929 2192 1623
f 2929 1623 2928
f 2930 2928 1640
f 2930 2929 2928
f 2931 2192 2929
f 2932 2196 2192
f 2932 2192 2931
f 2932 2929 2930
f 2932 2931 2929
f 2933 1640 2196
f 2933 2930 1640
f 2933 2196 2932
f 2933 2932 2930
f 2934 1647 1649
f 2935 1648 1630
f 2935 1649 1648
f 2935 2934 1649
f 2936 1806 1647
f 2936 1647 2934
f 2937 2936 2934
f 2937 2935 1630
f 2937 2934 2935
f 2938 1812 1806
f 2938 1806 2936
f 2939 1811 1812
f 2939 1812 2938
f 2939 2936 2937
f 2939 2938 2936
f 2940 1630 1810
f 2940 1810 1811
f 2940 2937 1630
f 2940 1811 2939
f 2940 2939 2937
f 2941 1640 1658
f 2942 2196 1640
f 2942 1640 2941
f 2943 1658 1659
f 2943 1659 1660
f 2943 1660 1657
f 2943 2941 1658
f 2944 2199 2200
f 2944 2200 2196
f 2944 2196 2942
f 2945 1657 2197
f 2945 2943 1657
f 2945 2942 2941
f 2945 2941 2943
f 2946 2197 2198
f 2946 2198 2199
f 2946 2942 2945
f 2946 2944 2942
f 2946 2199 2944
f 2946 2945 2197
f 2947 1668 1647
f 2947 1669 1668
f 2947 1670 1669
f 2947 1667 1670
f 2948 1805 1667
f 2948 1647 1806
f 2948 1667 2947
f 2948 2947 1647
f 2949 1806 1807
f 2949 1807 1808
f 2949 1808 1809
f 2949 1809 1805
f 2949 1805 2948
f 2949 2948 1806
f 2950 1657 1676
f 2951 1675 1674
f 2951 1676 1675
f 2951 2950 1676
f 2952 2197 1657
f 2952 1657 2950
f 2953 2952 2950
f 2953 2951 1674
f 2953 2950 2951
f 2954 2203 2197
f 2954 2197 2952
f 2955 2202 2203
f 2955 2203 2954
f 2955 2952 2953
f 2955 2954 2952
f 2956 1674 2201
f 2956 2201 2202
f 2956 2953 1674
f 2956 2202 2955
f 2956 2955 2953
f 2957 1684 1686
f 2958 1685 1667
f 2958 1686 1685
f 2958 2957 1686
f 2959 1804 1684
f 2959 1684 2957
f 2960 2959 2957
f 2960 2958 1667
f 2960 2957 2958
f 2961 1804 2959
f 2962 1805 1804
f 2962 2959 2960
f 2962 1804 2961
f 2962 2961 2959
f 2963 1667 1805
f 2963 2960 1667
f 2963 1805 2962
f 2963 2962 2960
f 2964 1674 1695
f 2964 1695 1696
f 2964 1696 1697
f 2965 2201 1674
f 2965 1697 1694
f 2965 1694 2207
f 2965 2207 2206
f 2965 1674 2964
f 2965 2964 1697
f 2966 2204 2201
f 2966 2205 2204
f 2966 2206 2205
f 2966 2201 2965
f 2966 2965 2206
f 2967 1701 1702
f 2968 1798 1701
f 2968 1701 2967
f 2969 1702 1703
f 2969 1703 1704
f 2969 1704 1684
f 2969 2967 1702
f 2970 1801 1798
f 2970 1798 2968
f 2971 1684 1804
f 2971 2967 2969
f 2971 2968 2967
f 2971 2969 1684
f 2972 1802 1801
f 2972 1803 1802
f 2972 1804 1803
f 2972 2970 2968
f 2972 2968 2971
f 2972 2971 1804
f 2972 1801 2970
f 2973 1694 1711
f 2974 2207 1694
f 2974 1694 2973
f 2975 2973 1711
f 2975 2974 2973
f 2976 2207 2974
f 2977 2208 2207
f 2977 2207 2976
f 2977 2974 2975
f 2977 2976 2974
f 2978 1711 2208
f 2978 2975 1711
f 2978 2208 2977
f 2978 2977 2975
f 2979 1718 1720
f 2980 1719 1701
f 2980 1720 1719
f 2980 2979 1720
f 2981 1797 1718
f 2981 1718 2979
f 2982 2981 2979
f 2982 2980 1701
f 2982 2979 2980
f 2983 1800 1797
f 2983 1797 2981
f 2984 1799 1800
f 2984 1800 2983
f 2984 2981 2982
f 2984 2983 2981
f 2985 1701 1798
f 2985 1798 1799
f 2985 2982 1701
f 2985 1799 2984
f 2985 2984 2982
f 2986 1711 1729
f 2987 2208 1711
f 2987 1711 2986
f 2988 1729 1730
f 2988 1730 1731
f 2988 1731 1728
f 2988 2986 1729
f 2989 2209 2208
f 2989 2208 2987
f 2990 1728 2212
f 2990 2986 2988
f 2990 2987 2986
f 2990 2988 1728
f 2991 2210 2209
f 2991 2211 2210
f 2991 2212 2211
f 2991 2989 2987
f 2991 2987 2990
f 2991 2209 2989
f 2991 2990 2212
f 2992 1738 1739
f 2992 1739 1740
f 2992 1740 1741
f 2993 1793 1738
f 2993 1741 1718
f 2993 1718 1797
f 2993 1797 1796
f 2993 1738 2992
f 2993 2992 1741
f 2994 1794 1793
f 2994 1795 1794
f 2994 1796 1795
f 2994 1793 2993
f 2994 2993 1796
f 2995 1728 1745
f 2996 2212 1728
f 2996 1728 2995
f 2997 2995 1745
f 2997 2996 2995
f 2998 2212 2996
f 2999 2213 2212
f 2999 2212 2998
f 2999 2996 2997
f 2999 2998 2996
f 3000 1745 2213
f 3000 2997 1745
f 3000 2213 2999
f 3000 2999 2997
f 3001 1752 1738
f 3002 1792 1752
f 3002 1752 3001
f 3003 3001 1738
f 3003 3002 3001
f 3004 1792 3002
f 3005 1793 1792
f 3005 1792 3004
f 3005 3002 3003
f 3005 3004 3002
f 3006 1738 1793
f 3006 3003 1738
f 3006 1793 3005
f 3006 3005 3003
f 3007 1760 1759
f 3007 1761 1760
f 3007 1762 1761
f 3007 1745 1762
f 3008 2213 1745
f 3008 1759 1788
f 3008 1745 3007
f 3008 3007 1759
f 3009 1788 2214
f 3009 2214 2215
f 3009 2215 2216
f 3009 2216 2213
f 3009 2213 3008
f 3009 3008 1788
f 3010 1769 1768
f 3010 1766 1769
f 3011 1785 1766
f 3011 1766 3010
f 3012 1767 1752
f 3012 1768 1767
f 3012 3010 1768
f 3013 1789 1785
f 3013 1785 3011
f 3014 1752 1792
f 3014 3011 3010
f 3014 3010 3012
f 3014 3012 1752
f 3015 1790 1789
f 3015 1791 1790
f 3015 1792 1791
f 3015 1789 3013
f 3015 3014 1792
f 3015 3013 3011
f 3015 3011 3014
f 3016 1759 1777
f 3017 1776 1766
f 3017 1777 1776
f 3017 3016 1777
f 3018 1788 1759
f 3018 1759 3016
f 3019 3018 3016
f 3019 3017 1766
f 3019 3016 3017
f 3020 1787 1788
f 3020 1788 3018
f 3021 1786 1787
f 3021 1787 3020
f 3021 3018 3019
f 3021 3020 3018
f 3022 1766 1785
f 3022 1785 1786
f 3022 3019 1766
f 3022 1786 3021
f 3022 3021 3019
