# https://github.com/mikedh/trimesh

o geometry_1
v -20.76345000 -20.52436000 15.00000000
v -21.87807000 -19.63951000 15.00000000
v -19.63951000 -21.87807000 15.00000000
v -20.25820000 -20.97197000 15.00000000
v -21.14690000 -19.96884000 15.00000000
v -19.66051000 -21.28566000 15.00000000
v -21.38626000 -19.33770000 15.00000000
v -19.00512000 -21.44720000 15.00000000
v -21.46762000 -18.66762000 15.00000000
v -23.86295000 -17.17322000 15.00000000
v -18.33012000 -21.44720000 15.00000000
v -17.17322000 -23.86295000 15.00000000
v -13.57593000 -25.82693000 15.00000000
v -14.08118000 -25.37932000 15.00000000
v -14.50781000 -25.57114000 15.00000000
v -25.11315000 -14.28970000 15.00000000
v -25.61840000 -13.84209000 15.00000000
v -25.57114000 -14.50781000 15.00000000
v -21.38626000 -17.99754000 15.00000000
v -14.46463000 -24.82380000 15.00000000
v -26.00185000 -13.28657000 15.00000000
v -12.97824000 -26.14062000 15.00000000
v -24.51547000 -14.60339000 15.00000000
v -17.67473000 -21.28566000 15.00000000
v -14.70399000 -24.19266000 15.00000000
v -11.67419000 -26.98283000 15.00000000
v -26.98283000 -11.67419000 15.00000000
v -26.24121000 -12.65543000 15.00000000
v -12.32285000 -26.30216000 15.00000000
v -23.86007000 -14.76493000 15.00000000
v -21.14690000 -17.36639000 15.00000000
v -14.78535000 -23.52257000 15.00000000
v -26.32257000 -11.98535000 15.00000000
v -17.07704000 -20.97197000 15.00000000
v -11.64785000 -26.30216000 15.00000000
v -23.18507000 -14.76493000 15.00000000
v -14.70399000 -22.85249000 15.00000000
v -26.24121000 -11.31527000 15.00000000
v -10.99246000 -26.14062000 15.00000000
v -22.52968000 -14.60339000 15.00000000
v -20.76345000 -16.81088000 15.00000000
v -8.70519700 -28.08166000 15.00000000
v -14.46463000 -22.22135000 15.00000000
v -16.57179000 -20.52436000 15.00000000
v -26.00185000 -10.68412000 15.00000000
v -28.08166000 -8.70519700 15.00000000
v -10.39477000 -25.82693000 15.00000000
v -21.93199000 -14.28970000 15.00000000
v -20.25820000 -16.36326000 15.00000000
v -14.08118000 -21.66583000 15.00000000
v -16.18834000 -19.96884000 15.00000000
v -25.61840000 -10.12861000 15.00000000
v -9.88951900 -25.37932000 15.00000000
v -21.42674000 -13.84209000 15.00000000
v -19.66051000 -16.04957000 15.00000000
v -13.57593000 -21.21822000 15.00000000
v -15.94898000 -19.33770000 15.00000000
v -25.11315000 -9.68099400 15.00000000
v -9.50607200 -24.82380000 15.00000000
v -5.63526900 -28.85487000 15.00000000
v -21.04330000 -13.28657000 15.00000000
v -19.00512000 -15.88803000 15.00000000
v -12.97824000 -20.90453000 15.00000000
v -15.86762000 -18.66762000 15.00000000
v -24.51547000 -9.36730400 15.00000000
v -28.85487000 -5.63526900 15.00000000
v -9.26671200 -24.19266000 15.00000000
v -20.80394000 -12.65543000 15.00000000
v -18.33012000 -15.88803000 15.00000000
v -14.09472000 -15.09176000 15.00000000
v -16.18834000 -17.36639000 15.00000000
v -15.94898000 -17.99754000 15.00000000
v -16.57179000 -16.81088000 15.00000000
v -17.07704000 -16.36326000 15.00000000
v -16.01844000 -13.03197000 15.00000000
v -17.67473000 -16.04957000 15.00000000
v -11.90845000 -16.87043000 15.00000000
v -12.32285000 -20.74299000 15.00000000
v -11.64785000 -20.74299000 15.00000000
v -17.64376000 -10.72941000 15.00000000
v -20.80394000 -11.31527000 15.00000000
v -20.72257000 -11.98535000 15.00000000
v -21.04330000 -10.68412000 15.00000000
v -9.50034300 -18.33483000 15.00000000
v -10.39477000 -21.21822000 15.00000000
v -9.88951900 -21.66583000 15.00000000
v -10.99246000 -20.90453000 15.00000000
v -18.94041000 -8.22698300 15.00000000
v -21.42674000 -10.12861000 15.00000000
v -21.93199000 -9.68099400 15.00000000
v -2.50000000 -24.25000000 15.00000000
v -9.18534900 -23.52257000 15.00000000
v -2.50000000 -29.29351000 15.00000000
v -24.25000000 -2.50000000 15.00000000
v -29.29351000 -2.50000000 15.00000000
v -23.86007000 -9.20576400 15.00000000
v -23.18507000 -9.20576400 15.00000000
v -6.91526400 -19.45769000 15.00000000
v -9.50607200 -22.22135000 15.00000000
v -9.26671200 -22.85249000 15.00000000
v -19.88424000 -5.57130300 15.00000000
v -22.52968000 -9.36730400 15.00000000
v -4.20136700 -20.21809000 15.00000000
v -20.45766000 -2.81184100 15.00000000
v -1.40920600 -20.60186000 15.00000000
v 2.50000000 -24.25000000 15.00000000
v 2.50000000 -29.29351000 15.00000000
v 5.63526900 -28.85487000 15.00000000
v -24.25000000 2.50000000 15.00000000
v -28.85487000 5.63526900 15.00000000
v -29.29351000 2.50000000 15.00000000
v -20.65000000 0.00000000 15.00000000
v 1.40920600 -20.60186000 15.00000000
v -20.45766000 2.81184100 15.00000000
v 4.20136700 -20.21809000 15.00000000
v 10.39477000 -25.82693000 15.00000000
v 9.88951900 -25.37932000 15.00000000
v 8.70519700 -28.08166000 15.00000000
v -25.11315000 9.68099400 15.00000000
v -25.61840000 10.12861000 15.00000000
v -28.08166000 8.70519700 15.00000000
v 9.50607200 -24.82380000 15.00000000
v -26.00185000 10.68412000 15.00000000
v -26.98283000 11.67419000 15.00000000
v 10.99246000 -26.14062000 15.00000000
v 11.67419000 -26.98283000 15.00000000
v -24.51547000 9.36730400 15.00000000
v 9.26671200 -24.19266000 15.00000000
v -26.24121000 11.31527000 15.00000000
v 11.64785000 -26.30216000 15.00000000
v -23.86007000 9.20576400 15.00000000
v 9.18534900 -23.52257000 15.00000000
v -26.32257000 11.98535000 15.00000000
v -19.88424000 5.57130300 15.00000000
v 12.32285000 -26.30216000 15.00000000
v -23.18507000 9.20576400 15.00000000
v 9.26671200 -22.85249000 15.00000000
v -26.24121000 12.65543000 15.00000000
v 12.97824000 -26.14062000 15.00000000
v -22.52968000 9.36730400 15.00000000
v -26.00185000 13.28657000 15.00000000
v 6.91526400 -19.45769000 15.00000000
v 9.50607200 -22.22135000 15.00000000
v -21.93199000 9.68099400 15.00000000
v 9.88951900 -21.66583000 15.00000000
v 14.50781000 -25.57114000 15.00000000
v 13.57593000 -25.82693000 15.00000000
v 14.08118000 -25.37932000 15.00000000
v -25.57114000 14.50781000 15.00000000
v -25.61840000 13.84209000 15.00000000
v -25.11315000 14.28970000 15.00000000
v -18.94041000 8.22698300 15.00000000
v -21.42674000 10.12861000 15.00000000
v 14.46463000 -24.82380000 15.00000000
v -21.04330000 10.68412000 15.00000000
v -24.51547000 14.60339000 15.00000000
v 9.50034300 -18.33483000 15.00000000
v 10.99246000 -20.90453000 15.00000000
v 11.64785000 -20.74299000 15.00000000
v 10.39477000 -21.21822000 15.00000000
v -17.64376000 10.72941000 15.00000000
v -20.80394000 12.65543000 15.00000000
v -20.72257000 11.98535000 15.00000000
v -20.80394000 11.31527000 15.00000000
v -23.86295000 17.17322000 15.00000000
v -23.18507000 14.76493000 15.00000000
v -22.52968000 14.60339000 15.00000000
v -23.86007000 14.76493000 15.00000000
v 17.17322000 -23.86295000 15.00000000
v 14.70399000 -22.85249000 15.00000000
v 14.78535000 -23.52257000 15.00000000
v 14.70399000 -24.19266000 15.00000000
v 11.90845000 -16.87043000 15.00000000
v 12.32285000 -20.74299000 15.00000000
v 12.97824000 -20.90453000 15.00000000
v 16.57179000 -20.52436000 15.00000000
v 14.08118000 -21.66583000 15.00000000
v 14.46463000 -22.22135000 15.00000000
v -20.76345000 16.81088000 15.00000000
v -21.93199000 14.28970000 15.00000000
v 17.07704000 -20.97197000 15.00000000
v -20.25820000 16.36326000 15.00000000
v -21.42674000 13.84209000 15.00000000
v 16.18834000 -19.96884000 15.00000000
v 13.57593000 -21.21822000 15.00000000
v -21.14690000 17.36639000 15.00000000
v 17.67473000 -21.28566000 15.00000000
v -19.66051000 16.04957000 15.00000000
v -21.04330000 13.28657000 15.00000000
v 15.94898000 -19.33770000 15.00000000
v -21.38626000 17.99754000 15.00000000
v 18.33012000 -21.44720000 15.00000000
v -19.00512000 15.88803000 15.00000000
v -16.01844000 13.03197000 15.00000000
v 15.86762000 -18.66762000 15.00000000
v -21.46762000 18.66762000 15.00000000
v -18.33012000 15.88803000 15.00000000
v -21.87807000 19.63951000 15.00000000
v 19.63951000 -21.87807000 15.00000000
v 19.00512000 -21.44720000 15.00000000
v 15.94898000 -17.99754000 15.00000000
v -21.38626000 19.33770000 15.00000000
v 19.66051000 -21.28566000 15.00000000
v -17.67473000 16.04957000 15.00000000
v -21.14690000 19.96884000 15.00000000
v 14.09472000 -15.09176000 15.00000000
v 16.18834000 -17.36639000 15.00000000
v 20.25820000 -20.97197000 15.00000000
v -17.07704000 16.36326000 15.00000000
v 16.57179000 -16.81088000 15.00000000
v -20.76345000 20.52436000 15.00000000
v 20.76345000 -20.52436000 15.00000000
v 17.07704000 -16.36326000 15.00000000
v -14.09472000 15.09176000 15.00000000
v -16.57179000 16.81088000 15.00000000
v -16.18834000 17.36639000 15.00000000
v -15.94898000 17.99754000 15.00000000
v -19.63951000 21.87807000 15.00000000
v -20.25820000 20.97197000 15.00000000
v -19.66051000 21.28566000 15.00000000
v 21.87807000 -19.63951000 15.00000000
v 21.14690000 -19.96884000 15.00000000
v 21.38626000 -19.33770000 15.00000000
v -19.00512000 21.44720000 15.00000000
v 21.46762000 -18.66762000 15.00000000
v 16.01844000 -13.03197000 15.00000000
v 17.67473000 -16.04957000 15.00000000
v 18.33012000 -15.88803000 15.00000000
v -18.33012000 21.44720000 15.00000000
v -11.90845000 16.87043000 15.00000000
v -15.86762000 18.66762000 15.00000000
v -17.17322000 23.86295000 15.00000000
v -17.67473000 21.28566000 15.00000000
v -17.07704000 20.97197000 15.00000000
v 23.86295000 -17.17322000 15.00000000
v 21.38626000 -17.99754000 15.00000000
v 21.14690000 -17.36639000 15.00000000
v 21.42674000 -13.84209000 15.00000000
v 19.66051000 -16.04957000 15.00000000
v 20.25820000 -16.36326000 15.00000000
v -14.08118000 21.66583000 15.00000000
v -16.57179000 20.52436000 15.00000000
v -16.18834000 19.96884000 15.00000000
v 21.93199000 -14.28970000 15.00000000
v 20.76345000 -16.81088000 15.00000000
v -13.57593000 21.21822000 15.00000000
v -15.94898000 19.33770000 15.00000000
v 21.04330000 -13.28657000 15.00000000
v 19.00512000 -15.88803000 15.00000000
v -14.46463000 22.22135000 15.00000000
v 22.52968000 -14.60339000 15.00000000
v -12.97824000 20.90453000 15.00000000
v 20.80394000 -12.65543000 15.00000000
v 17.64376000 -10.72941000 15.00000000
v -14.70399000 22.85249000 15.00000000
v 23.18507000 -14.76493000 15.00000000
v -12.32285000 20.74299000 15.00000000
v 20.72257000 -11.98535000 15.00000000
v -14.78535000 23.52257000 15.00000000
v 23.86007000 -14.76493000 15.00000000
v -11.64785000 20.74299000 15.00000000
v -9.50034300 18.33483000 15.00000000
v 20.80394000 -11.31527000 15.00000000
v -14.70399000 24.19266000 15.00000000
v 24.51547000 -14.60339000 15.00000000
v -10.99246000 20.90453000 15.00000000
v 21.04330000 -10.68412000 15.00000000
v -14.46463000 24.82380000 15.00000000
v 18.94041000 -8.22698300 15.00000000
v -10.39477000 21.21822000 15.00000000
v -14.50781000 25.57114000 15.00000000
v 25.57114000 -14.50781000 15.00000000
v 25.11315000 -14.28970000 15.00000000
v 21.42674000 -10.12861000 15.00000000
v -14.08118000 25.37932000 15.00000000
v 25.61840000 -13.84209000 15.00000000
v -9.88951900 21.66583000 15.00000000
v 21.93199000 -9.68099400 15.00000000
v -13.57593000 25.82693000 15.00000000
v -6.91526400 19.45769000 15.00000000
v 26.00185000 -13.28657000 15.00000000
v -9.50607200 22.22135000 15.00000000
v -12.97824000 26.14062000 15.00000000
v -9.26671200 22.85249000 15.00000000
v 19.88424000 -5.57130300 15.00000000
v 22.52968000 -9.36730400 15.00000000
v 23.18507000 -9.20576400 15.00000000
v -11.67419000 26.98283000 15.00000000
v -11.64785000 26.30216000 15.00000000
v -10.99246000 26.14062000 15.00000000
v -12.32285000 26.30216000 15.00000000
v 26.98283000 -11.67419000 15.00000000
v 26.24121000 -12.65543000 15.00000000
v 26.32257000 -11.98535000 15.00000000
v 26.24121000 -11.31527000 15.00000000
v 26.00185000 -10.68412000 15.00000000
v -4.20136700 20.21809000 15.00000000
v -9.18534900 23.52257000 15.00000000
v -8.70519700 28.08166000 15.00000000
v -9.88951900 25.37932000 15.00000000
v -9.50607200 24.82380000 15.00000000
v -10.39477000 25.82693000 15.00000000
v 28.08166000 -8.70519700 15.00000000
v 25.61840000 -10.12861000 15.00000000
v 25.11315000 -9.68099400 15.00000000
v 24.51547000 -9.36730400 15.00000000
v 24.25000000 -2.50000000 15.00000000
v 20.45766000 -2.81184100 15.00000000
v 20.65000000 -0.00000000 15.00000000
v 23.86007000 -9.20576400 15.00000000
v -2.50000000 24.25000000 15.00000000
v -1.40920600 20.60186000 15.00000000
v -9.26671200 24.19266000 15.00000000
v -5.63526900 28.85487000 15.00000000
v 28.85487000 -5.63526900 15.00000000
v 24.25000000 2.50000000 15.00000000
v 20.45766000 2.81184100 15.00000000
v 19.88424000 5.57130300 15.00000000
v 2.50000000 24.25000000 15.00000000
v 1.40920600 20.60186000 15.00000000
v 4.20136700 20.21809000 15.00000000
v 29.29351000 -2.50000000 15.00000000
v -2.50000000 29.29351000 15.00000000
v 9.88951900 21.66583000 15.00000000
v 6.91526400 19.45769000 15.00000000
v 9.50034300 18.33483000 15.00000000
v 21.93199000 9.68099400 15.00000000
v 21.42674000 10.12861000 15.00000000
v 18.94041000 8.22698300 15.00000000
v 10.39477000 21.21822000 15.00000000
v 9.50607200 22.22135000 15.00000000
v 21.04330000 10.68412000 15.00000000
v 17.64376000 10.72941000 15.00000000
v 10.99246000 20.90453000 15.00000000
v 22.52968000 9.36730400 15.00000000
v 9.26671200 22.85249000 15.00000000
v 20.80394000 11.31527000 15.00000000
v 11.64785000 20.74299000 15.00000000
v 11.90845000 16.87043000 15.00000000
v 23.18507000 9.20576400 15.00000000
v 9.18534900 23.52257000 15.00000000
v 20.72257000 11.98535000 15.00000000
v 23.86007000 9.20576400 15.00000000
v 12.32285000 20.74299000 15.00000000
v 17.07704000 16.36326000 15.00000000
v 14.09472000 15.09176000 15.00000000
v 16.01844000 13.03197000 15.00000000
v 16.57179000 16.81088000 15.00000000
v 9.26671200 24.19266000 15.00000000
v 20.80394000 12.65543000 15.00000000
v 16.18834000 17.36639000 15.00000000
v 17.67473000 16.04957000 15.00000000
v 12.97824000 20.90453000 15.00000000
v 24.51547000 9.36730400 15.00000000
v 15.94898000 17.99754000 15.00000000
v 18.33012000 15.88803000 15.00000000
v 5.63526900 28.85487000 15.00000000
v 2.50000000 29.29351000 15.00000000
v 9.50607200 24.82380000 15.00000000
v 28.85487000 5.63526900 15.00000000
v 29.29351000 2.50000000 15.00000000
v 15.86762000 18.66762000 15.00000000
v 19.00512000 15.88803000 15.00000000
v 21.04330000 13.28657000 15.00000000
v 15.94898000 19.33770000 15.00000000
v 13.57593000 21.21822000 15.00000000
v 19.66051000 16.04957000 15.00000000
v 21.42674000 13.84209000 15.00000000
v 16.18834000 19.96884000 15.00000000
v 14.08118000 21.66583000 15.00000000
v 20.25820000 16.36326000 15.00000000
v 21.93199000 14.28970000 15.00000000
v 28.08166000 8.70519700 15.00000000
v 25.11315000 9.68099400 15.00000000
v 25.61840000 10.12861000 15.00000000
v 26.00185000 10.68412000 15.00000000
v 8.70519700 28.08166000 15.00000000
v 9.88951900 25.37932000 15.00000000
v 10.39477000 25.82693000 15.00000000
v 16.57179000 20.52436000 15.00000000
v 14.46463000 22.22135000 15.00000000
v 10.99246000 26.14062000 15.00000000
v 20.76345000 16.81088000 15.00000000
v 22.52968000 14.60339000 15.00000000
v 17.07704000 20.97197000 15.00000000
v 14.70399000 22.85249000 15.00000000
v 21.14690000 17.36639000 15.00000000
v 11.67419000 26.98283000 15.00000000
v 11.64785000 26.30216000 15.00000000
v 12.32285000 26.30216000 15.00000000
v 26.98283000 11.67419000 15.00000000
v 26.24121000 11.31527000 15.00000000
v 26.32257000 11.98535000 15.00000000
v 26.24121000 12.65543000 15.00000000
v 12.97824000 26.14062000 15.00000000
v 26.00185000 13.28657000 15.00000000
v 25.57114000 14.50781000 15.00000000
v 25.61840000 13.84209000 15.00000000
v 25.11315000 14.28970000 15.00000000
v 24.51547000 14.60339000 15.00000000
v 14.50781000 25.57114000 15.00000000
v 14.08118000 25.37932000 15.00000000
v 14.46463000 24.82380000 15.00000000
v 13.57593000 25.82693000 15.00000000
v 17.17322000 23.86295000 15.00000000
v 17.67473000 21.28566000 15.00000000
v 18.33012000 21.44720000 15.00000000
v 14.70399000 24.19266000 15.00000000
v 14.78535000 23.52257000 15.00000000
v 23.86295000 17.17322000 15.00000000
v 21.38626000 17.99754000 15.00000000
v 21.46762000 18.66762000 15.00000000
v 23.86007000 14.76493000 15.00000000
v 23.18507000 14.76493000 15.00000000
v 19.63951000 21.87807000 15.00000000
v 20.25820000 20.97197000 15.00000000
v 20.76345000 20.52436000 15.00000000
v 19.66051000 21.28566000 15.00000000
v 19.00512000 21.44720000 15.00000000
v 21.87807000 19.63951000 15.00000000
v 21.38626000 19.33770000 15.00000000
v 21.14690000 19.96884000 15.00000000
v -2.50000000 24.25000000 -15.00000000
v -2.50000000 29.29351000 -15.00000000
v -5.63526900 28.85487000 -15.00000000
v -8.70519700 28.08166000 -15.00000000
v -11.67419000 26.98283000 -15.00000000
v -14.50781000 25.57114000 -15.00000000
v -17.17322000 23.86295000 -15.00000000
v -19.63951000 21.87807000 -15.00000000
v -21.87807000 19.63951000 -15.00000000
v -23.86295000 17.17322000 -15.00000000
v -25.57114000 14.50781000 -15.00000000
v -26.98283000 11.67419000 -15.00000000
v -28.08166000 8.70519700 -15.00000000
v -28.85487000 5.63526900 -15.00000000
v -29.29351000 2.50000000 -15.00000000
v 2.50000000 24.25000000 -15.00000000
v -24.25000000 2.50000000 -15.00000000
v 2.50000000 29.29351000 -15.00000000
v -24.25000000 -2.50000000 -15.00000000
v 29.29351000 2.50000000 -15.00000000
v 28.85487000 5.63526900 -15.00000000
v 28.08166000 8.70519700 -15.00000000
v 26.98283000 11.67419000 -15.00000000
v 25.57114000 14.50781000 -15.00000000
v 23.86295000 17.17322000 -15.00000000
v 21.87807000 19.63951000 -15.00000000
v 19.63951000 21.87807000 -15.00000000
v 17.17322000 23.86295000 -15.00000000
v 14.50781000 25.57114000 -15.00000000
v 11.67419000 26.98283000 -15.00000000
v 8.70519700 28.08166000 -15.00000000
v 5.63526900 28.85487000 -15.00000000
v -29.29351000 -2.50000000 -15.00000000
v 24.25000000 2.50000000 -15.00000000
v -28.85487000 -5.63526900 -15.00000000
v -28.08166000 -8.70519700 -15.00000000
v -26.98283000 -11.67419000 -15.00000000
v -25.57114000 -14.50781000 -15.00000000
v -23.86295000 -17.17322000 -15.00000000
v -21.87807000 -19.63951000 -15.00000000
v -19.63951000 -21.87807000 -15.00000000
v -17.17322000 -23.86295000 -15.00000000
v -14.50781000 -25.57114000 -15.00000000
v -11.67419000 -26.98283000 -15.00000000
v -8.70519700 -28.08166000 -15.00000000
v -5.63526900 -28.85487000 -15.00000000
v -2.50000000 -29.29351000 -15.00000000
v 24.25000000 -2.50000000 -15.00000000
v -2.50000000 -24.25000000 -15.00000000
v 29.29351000 -2.50000000 -15.00000000
v 2.50000000 -24.25000000 -15.00000000
v 2.50000000 -29.29351000 -15.00000000
v 5.63526900 -28.85487000 -15.00000000
v 8.70519700 -28.08166000 -15.00000000
v 11.67419000 -26.98283000 -15.00000000
v 14.50781000 -25.57114000 -15.00000000
v 17.17322000 -23.86295000 -15.00000000
v 19.63951000 -21.87807000 -15.00000000
v 21.87807000 -19.63951000 -15.00000000
v 23.86295000 -17.17322000 -15.00000000
v 25.57114000 -14.50781000 -15.00000000
v 26.98283000 -11.67419000 -15.00000000
v 28.08166000 -8.70519700 -15.00000000
v 28.85487000 -5.63526900 -15.00000000
v -15.86762000 -18.66762000 13.80000000
v -15.94898000 -17.99754000 13.80000000
v -16.18834000 -17.36639000 13.80000000
v -16.57179000 -16.81088000 13.80000000
v -17.07704000 -16.36326000 13.80000000
v -17.67473000 -16.04957000 13.80000000
v -18.33012000 -15.88803000 13.80000000
v -19.00512000 -15.88803000 13.80000000
v -19.66051000 -16.04957000 13.80000000
v -20.25820000 -16.36326000 13.80000000
v -20.76345000 -16.81088000 13.80000000
v -21.14690000 -17.36639000 13.80000000
v -21.38626000 -17.99754000 13.80000000
v -21.46762000 -18.66762000 13.80000000
v -21.38626000 -19.33770000 13.80000000
v -21.14690000 -19.96884000 13.80000000
v -20.76345000 -20.52436000 13.80000000
v -20.25820000 -20.97197000 13.80000000
v -19.66051000 -21.28566000 13.80000000
v -19.00512000 -21.44720000 13.80000000
v -18.33012000 -21.44720000 13.80000000
v -17.67473000 -21.28566000 13.80000000
v -17.07704000 -20.97197000 13.80000000
v -16.57179000 -20.52436000 13.80000000
v -16.18834000 -19.96884000 13.80000000
v -15.94898000 -19.33770000 13.80000000
v -9.18534900 -23.52257000 13.80000000
v -9.26671200 -22.85249000 13.80000000
v -9.50607200 -22.22135000 13.80000000
v -9.88951900 -21.66583000 13.80000000
v -10.39477000 -21.21822000 13.80000000
v -10.99246000 -20.90453000 13.80000000
v -11.64785000 -20.74299000 13.80000000
v -12.32285000 -20.74299000 13.80000000
v -12.97824000 -20.90453000 13.80000000
v -13.57593000 -21.21822000 13.80000000
v -14.08118000 -21.66583000 13.80000000
v -14.46463000 -22.22135000 13.80000000
v -14.70399000 -22.85249000 13.80000000
v -14.78535000 -23.52257000 13.80000000
v -14.70399000 -24.19266000 13.80000000
v -14.46463000 -24.82380000 13.80000000
v -14.08118000 -25.37932000 13.80000000
v -13.57593000 -25.82693000 13.80000000
v -12.97824000 -26.14062000 13.80000000
v -12.32285000 -26.30216000 13.80000000
v -11.64785000 -26.30216000 13.80000000
v -10.99246000 -26.14062000 13.80000000
v -10.39477000 -25.82693000 13.80000000
v -9.88951900 -25.37932000 13.80000000
v -9.50607200 -24.82380000 13.80000000
v -9.26671200 -24.19266000 13.80000000
v -20.72257000 -11.98535000 13.80000000
v -20.80394000 -11.31527000 13.80000000
v -21.04330000 -10.68412000 13.80000000
v -21.42674000 -10.12861000 13.80000000
v -21.93199000 -9.68099400 13.80000000
v -22.52968000 -9.36730400 13.80000000
v -23.18507000 -9.20576400 13.80000000
v -23.86007000 -9.20576400 13.80000000
v -24.51547000 -9.36730400 13.80000000
v -25.11315000 -9.68099400 13.80000000
v -25.61840000 -10.12861000 13.80000000
v -26.00185000 -10.68412000 13.80000000
v -26.24121000 -11.31527000 13.80000000
v -26.32257000 -11.98535000 13.80000000
v -26.24121000 -12.65543000 13.80000000
v -26.00185000 -13.28657000 13.80000000
v -25.61840000 -13.84209000 13.80000000
v -25.11315000 -14.28970000 13.80000000
v -24.51547000 -14.60339000 13.80000000
v -23.86007000 -14.76493000 13.80000000
v -23.18507000 -14.76493000 13.80000000
v -22.52968000 -14.60339000 13.80000000
v -21.93199000 -14.28970000 13.80000000
v -21.42674000 -13.84209000 13.80000000
v -21.04330000 -13.28657000 13.80000000
v -20.80394000 -12.65543000 13.80000000
v 14.78535000 -23.52257000 13.80000000
v 14.70399000 -22.85249000 13.80000000
v 14.46463000 -22.22135000 13.80000000
v 14.08118000 -21.66583000 13.80000000
v 13.57593000 -21.21822000 13.80000000
v 12.97824000 -20.90453000 13.80000000
v 12.32285000 -20.74299000 13.80000000
v 11.64785000 -20.74299000 13.80000000
v 10.99246000 -20.90453000 13.80000000
v 10.39477000 -21.21822000 13.80000000
v 9.88951900 -21.66583000 13.80000000
v 9.50607200 -22.22135000 13.80000000
v 9.26671200 -22.85249000 13.80000000
v 9.18534900 -23.52257000 13.80000000
v 9.26671200 -24.19266000 13.80000000
v 9.50607200 -24.82380000 13.80000000
v 9.88951900 -25.37932000 13.80000000
v 10.39477000 -25.82693000 13.80000000
v 10.99246000 -26.14062000 13.80000000
v 11.64785000 -26.30216000 13.80000000
v 12.32285000 -26.30216000 13.80000000
v 12.97824000 -26.14062000 13.80000000
v 13.57593000 -25.82693000 13.80000000
v 14.08118000 -25.37932000 13.80000000
v 14.46463000 -24.82380000 13.80000000
v 14.70399000 -24.19266000 13.80000000
v 21.46762000 -18.66762000 13.80000000
v 21.38626000 -17.99754000 13.80000000
v 21.14690000 -17.36639000 13.80000000
v 20.76345000 -16.81088000 13.80000000
v 20.25820000 -16.36326000 13.80000000
v 19.66051000 -16.04957000 13.80000000
v 19.00512000 -15.88803000 13.80000000
v 18.33012000 -15.88803000 13.80000000
v 17.67473000 -16.04957000 13.80000000
v 17.07704000 -16.36326000 13.80000000
v 16.57179000 -16.81088000 13.80000000
v 16.18834000 -17.36639000 13.80000000
v 15.94898000 -17.99754000 13.80000000
v 15.86762000 -18.66762000 13.80000000
v 15.94898000 -19.33770000 13.80000000
v 16.18834000 -19.96884000 13.80000000
v 16.57179000 -20.52436000 13.80000000
v 17.07704000 -20.97197000 13.80000000
v 17.67473000 -21.28566000 13.80000000
v 18.33012000 -21.44720000 13.80000000
v 19.00512000 -21.44720000 13.80000000
v 19.66051000 -21.28566000 13.80000000
v 20.25820000 -20.97197000 13.80000000
v 20.76345000 -20.52436000 13.80000000
v 21.14690000 -19.96884000 13.80000000
v 21.38626000 -19.33770000 13.80000000
v 26.32257000 -11.98535000 13.80000000
v 26.24121000 -11.31527000 13.80000000
v 26.00185000 -10.68412000 13.80000000
v 25.61840000 -10.12861000 13.80000000
v 25.11315000 -9.68099400 13.80000000
v 24.51547000 -9.36730400 13.80000000
v 23.86007000 -9.20576400 13.80000000
v 23.18507000 -9.20576400 13.80000000
v 22.52968000 -9.36730400 13.80000000
v 21.93199000 -9.68099400 13.80000000
v 21.42674000 -10.12861000 13.80000000
v 21.04330000 -10.68412000 13.80000000
v 20.80394000 -11.31527000 13.80000000
v 20.72257000 -11.98535000 13.80000000
v 20.80394000 -12.65543000 13.80000000
v 21.04330000 -13.28657000 13.80000000
v 21.42674000 -13.84209000 13.80000000
v 21.93199000 -14.28970000 13.80000000
v 22.52968000 -14.60339000 13.80000000
v 23.18507000 -14.76493000 13.80000000
v 23.86007000 -14.76493000 13.80000000
v 24.51547000 -14.60339000 13.80000000
v 25.11315000 -14.28970000 13.80000000
v 25.61840000 -13.84209000 13.80000000
v 26.00185000 -13.28657000 13.80000000
v 26.24121000 -12.65543000 13.80000000
v -20.72257000 11.98535000 13.80000000
v -20.80394000 12.65543000 13.80000000
v -21.04330000 13.28657000 13.80000000
v -21.42674000 13.84209000 13.80000000
v -21.93199000 14.28970000 13.80000000
v -22.52968000 14.60339000 13.80000000
v -23.18507000 14.76493000 13.80000000
v -23.86007000 14.76493000 13.80000000
v -24.51547000 14.60339000 13.80000000
v -25.11315000 14.28970000 13.80000000
v -25.61840000 13.84209000 13.80000000
v -26.00185000 13.28657000 13.80000000
v -26.24121000 12.65543000 13.80000000
v -26.32257000 11.98535000 13.80000000
v -26.24121000 11.31527000 13.80000000
v -26.00185000 10.68412000 13.80000000
v -25.61840000 10.12861000 13.80000000
v -25.11315000 9.68099400 13.80000000
v -24.51547000 9.36730400 13.80000000
v -23.86007000 9.20576400 13.80000000
v -23.18507000 9.20576400 13.80000000
v -22.52968000 9.36730400 13.80000000
v -21.93199000 9.68099400 13.80000000
v -21.42674000 10.12861000 13.80000000
v -21.04330000 10.68412000 13.80000000
v -20.80394000 11.31527000 13.80000000
v -15.86762000 18.66762000 13.80000000
v -15.94898000 19.33770000 13.80000000
v -16.18834000 19.96884000 13.80000000
v -16.57179000 20.52436000 13.80000000
v -17.07704000 20.97197000 13.80000000
v -17.67473000 21.28566000 13.80000000
v -18.33012000 21.44720000 13.80000000
v -19.00512000 21.44720000 13.80000000
v -19.66051000 21.28566000 13.80000000
v -20.25820000 20.97197000 13.80000000
v -20.76345000 20.52436000 13.80000000
v -21.14690000 19.96884000 13.80000000
v -21.38626000 19.33770000 13.80000000
v -21.46762000 18.66762000 13.80000000
v -21.38626000 17.99754000 13.80000000
v -21.14690000 17.36639000 13.80000000
v -20.76345000 16.81088000 13.80000000
v -20.25820000 16.36326000 13.80000000
v -19.66051000 16.04957000 13.80000000
v -19.00512000 15.88803000 13.80000000
v -18.33012000 15.88803000 13.80000000
v -17.67473000 16.04957000 13.80000000
v -17.07704000 16.36326000 13.80000000
v -16.57179000 16.81088000 13.80000000
v -16.18834000 17.36639000 13.80000000
v -15.94898000 17.99754000 13.80000000
v -9.18534900 23.52257000 13.80000000
v -9.26671200 24.19266000 13.80000000
v -9.50607200 24.82380000 13.80000000
v -9.88951900 25.37932000 13.80000000
v -10.39477000 25.82693000 13.80000000
v -10.99246000 26.14062000 13.80000000
v -11.64785000 26.30216000 13.80000000
v -12.32285000 26.30216000 13.80000000
v -12.97824000 26.14062000 13.80000000
v -13.57593000 25.82693000 13.80000000
v -14.08118000 25.37932000 13.80000000
v -14.46463000 24.82380000 13.80000000
v -14.70399000 24.19266000 13.80000000
v -14.78535000 23.52257000 13.80000000
v -14.70399000 22.85249000 13.80000000
v -14.46463000 22.22135000 13.80000000
v -14.08118000 21.66583000 13.80000000
v -13.57593000 21.21822000 13.80000000
v -12.97824000 20.90453000 13.80000000
v -12.32285000 20.74299000 13.80000000
v -11.64785000 20.74299000 13.80000000
v -10.99246000 20.90453000 13.80000000
v -10.39477000 21.21822000 13.80000000
v -9.88951900 21.66583000 13.80000000
v -9.50607200 22.22135000 13.80000000
v -9.26671200 22.85249000 13.80000000
v 20.65000000 -0.00000000 12.00000000
v 20.45766000 2.81184100 12.00000000
v 19.88424000 5.57130300 12.00000000
v 18.94041000 8.22698300 12.00000000
v 17.64376000 10.72941000 12.00000000
v 16.01844000 13.03197000 12.00000000
v 14.09472000 15.09176000 12.00000000
v 11.90845000 16.87043000 12.00000000
v 9.50034300 18.33483000 12.00000000
v 6.91526400 19.45769000 12.00000000
v 4.20136700 20.21809000 12.00000000
v 1.40920600 20.60186000 12.00000000
v -1.40920600 20.60186000 12.00000000
v -4.20136700 20.21809000 12.00000000
v -6.91526400 19.45769000 12.00000000
v -9.50034300 18.33483000 12.00000000
v -11.90845000 16.87043000 12.00000000
v -14.09472000 15.09176000 12.00000000
v -16.01844000 13.03197000 12.00000000
v -17.64376000 10.72941000 12.00000000
v -18.94041000 8.22698300 12.00000000
v -19.88424000 5.57130300 12.00000000
v -20.45766000 2.81184100 12.00000000
v -20.65000000 0.00000000 12.00000000
v -20.45766000 -2.81184100 12.00000000
v -19.88424000 -5.57130300 12.00000000
v -18.94041000 -8.22698300 12.00000000
v -17.64376000 -10.72941000 12.00000000
v -16.01844000 -13.03197000 12.00000000
v -14.09472000 -15.09176000 12.00000000
v -11.90845000 -16.87043000 12.00000000
v -9.50034300 -18.33483000 12.00000000
v -6.91526400 -19.45769000 12.00000000
v -4.20136700 -20.21809000 12.00000000
v -1.40920600 -20.60186000 12.00000000
v 1.40920600 -20.60186000 12.00000000
v 4.20136700 -20.21809000 12.00000000
v 6.91526400 -19.45769000 12.00000000
v 9.50034300 -18.33483000 12.00000000
v 11.90845000 -16.87043000 12.00000000
v 14.09472000 -15.09176000 12.00000000
v 16.01844000 -13.03197000 12.00000000
v 17.64376000 -10.72941000 12.00000000
v 18.94041000 -8.22698300 12.00000000
v 19.88424000 -5.57130300 12.00000000
v 20.45766000 -2.81184100 12.00000000
v 26.32257000 11.98535000 13.80000000
v 26.24121000 12.65543000 13.80000000
v 26.00185000 13.28657000 13.80000000
v 25.61840000 13.84209000 13.80000000
v 25.11315000 14.28970000 13.80000000
v 24.51547000 14.60339000 13.80000000
v 23.86007000 14.76493000 13.80000000
v 23.18507000 14.76493000 13.80000000
v 22.52968000 14.60339000 13.80000000
v 21.93199000 14.28970000 13.80000000
v 21.42674000 13.84209000 13.80000000
v 21.04330000 13.28657000 13.80000000
v 20.80394000 12.65543000 13.80000000
v 20.72257000 11.98535000 13.80000000
v 20.80394000 11.31527000 13.80000000
v 21.04330000 10.68412000 13.80000000
v 21.42674000 10.12861000 13.80000000
v 21.93199000 9.68099400 13.80000000
v 22.52968000 9.36730400 13.80000000
v 23.18507000 9.20576400 13.80000000
v 23.86007000 9.20576400 13.80000000
v 24.51547000 9.36730400 13.80000000
v 25.11315000 9.68099400 13.80000000
v 25.61840000 10.12861000 13.80000000
v 26.00185000 10.68412000 13.80000000
v 26.24121000 11.31527000 13.80000000
v 14.78535000 23.52257000 13.80000000
v 14.70399000 24.19266000 13.80000000
v 14.46463000 24.82380000 13.80000000
v 14.08118000 25.37932000 13.80000000
v 13.57593000 25.82693000 13.80000000
v 12.97824000 26.14062000 13.80000000
v 12.32285000 26.30216000 13.80000000
v 11.64785000 26.30216000 13.80000000
v 10.99246000 26.14062000 13.80000000
v 10.39477000 25.82693000 13.80000000
v 9.88951900 25.37932000 13.80000000
v 9.50607200 24.82380000 13.80000000
v 9.26671200 24.19266000 13.80000000
v 9.18534900 23.52257000 13.80000000
v 9.26671200 22.85249000 13.80000000
v 9.50607200 22.22135000 13.80000000
v 9.88951900 21.66583000 13.80000000
v 10.39477000 21.21822000 13.80000000
v 10.99246000 20.90453000 13.80000000
v 11.64785000 20.74299000 13.80000000
v 12.32285000 20.74299000 13.80000000
v 12.97824000 20.90453000 13.80000000
v 13.57593000 21.21822000 13.80000000
v 14.08118000 21.66583000 13.80000000
v 14.46463000 22.22135000 13.80000000
v 14.70399000 22.85249000 13.80000000
v 21.46762000 18.66762000 13.80000000
v 21.38626000 19.33770000 13.80000000
v 21.14690000 19.96884000 13.80000000
v 20.76345000 20.52436000 13.80000000
v 20.25820000 20.97197000 13.80000000
v 19.66051000 21.28566000 13.80000000
v 19.00512000 21.44720000 13.80000000
v 18.33012000 21.44720000 13.80000000
v 17.67473000 21.28566000 13.80000000
v 17.07704000 20.97197000 13.80000000
v 16.57179000 20.52436000 13.80000000
v 16.18834000 19.96884000 13.80000000
v 15.94898000 19.33770000 13.80000000
v 15.86762000 18.66762000 13.80000000
v 15.94898000 17.99754000 13.80000000
v 16.18834000 17.36639000 13.80000000
v 16.57179000 16.81088000 13.80000000
v 17.07704000 16.36326000 13.80000000
v 17.67473000 16.04957000 13.80000000
v 18.33012000 15.88803000 13.80000000
v 19.00512000 15.88803000 13.80000000
v 19.66051000 16.04957000 13.80000000
v 20.25820000 16.36326000 13.80000000
v 20.76345000 16.81088000 13.80000000
v 21.14690000 17.36639000 13.80000000
v 21.38626000 17.99754000 13.80000000
v -20.76345000 -20.52436000 -15.00000000
v -20.25820000 -20.97197000 -15.00000000
v -21.14690000 -19.96884000 -15.00000000
v -19.66051000 -21.28566000 -15.00000000
v -21.38626000 -19.33770000 -15.00000000
v -19.00512000 -21.44720000 -15.00000000
v -21.46762000 -18.66762000 -15.00000000
v -18.33012000 -21.44720000 -15.00000000
v -13.57593000 -25.82693000 -15.00000000
v -14.08118000 -25.37932000 -15.00000000
v -25.11315000 -14.28970000 -15.00000000
v -25.61840000 -13.84209000 -15.00000000
v -21.38626000 -17.99754000 -15.00000000
v -14.46463000 -24.82380000 -15.00000000
v -26.00185000 -13.28657000 -15.00000000
v -12.97824000 -26.14062000 -15.00000000
v -24.51547000 -14.60339000 -15.00000000
v -17.67473000 -21.28566000 -15.00000000
v -14.70399000 -24.19266000 -15.00000000
v -26.24121000 -12.65543000 -15.00000000
v -12.32285000 -26.30216000 -15.00000000
v -23.86007000 -14.76493000 -15.00000000
v -21.14690000 -17.36639000 -15.00000000
v -14.78535000 -23.52257000 -15.00000000
v -26.32257000 -11.98535000 -15.00000000
v -17.07704000 -20.97197000 -15.00000000
v -11.64785000 -26.30216000 -15.00000000
v -23.18507000 -14.76493000 -15.00000000
v -14.70399000 -22.85249000 -15.00000000
v -26.24121000 -11.31527000 -15.00000000
v -10.99246000 -26.14062000 -15.00000000
v -22.52968000 -14.60339000 -15.00000000
v -20.76345000 -16.81088000 -15.00000000
v -14.46463000 -22.22135000 -15.00000000
v -16.57179000 -20.52436000 -15.00000000
v -26.00185000 -10.68412000 -15.00000000
v -10.39477000 -25.82693000 -15.00000000
v -21.93199000 -14.28970000 -15.00000000
v -20.25820000 -16.36326000 -15.00000000
v -14.08118000 -21.66583000 -15.00000000
v -16.18834000 -19.96884000 -15.00000000
v -25.61840000 -10.12861000 -15.00000000
v -9.88951900 -25.37932000 -15.00000000
v -21.42674000 -13.84209000 -15.00000000
v -19.66051000 -16.04957000 -15.00000000
v -13.57593000 -21.21822000 -15.00000000
v -15.94898000 -19.33770000 -15.00000000
v -25.11315000 -9.68099400 -15.00000000
v -9.50607200 -24.82380000 -15.00000000
v -21.04330000 -13.28657000 -15.00000000
v -19.00512000 -15.88803000 -15.00000000
v -12.97824000 -20.90453000 -15.00000000
v -15.86762000 -18.66762000 -15.00000000
v -24.51547000 -9.36730400 -15.00000000
v -9.26671200 -24.19266000 -15.00000000
v -20.80394000 -12.65543000 -15.00000000
v -18.33012000 -15.88803000 -15.00000000
v -12.32285000 -20.74299000 -15.00000000
v -15.94898000 -17.99754000 -15.00000000
v -20.72257000 -11.98535000 -15.00000000
v -17.67473000 -16.04957000 -15.00000000
v -11.64785000 -20.74299000 -15.00000000
v -16.18834000 -17.36639000 -15.00000000
v -20.80394000 -11.31527000 -15.00000000
v -9.18534900 -23.52257000 -15.00000000
v -9.26671200 -22.85249000 -15.00000000
v -9.50607200 -22.22135000 -15.00000000
v -9.88951900 -21.66583000 -15.00000000
v -21.93199000 -9.68099400 -15.00000000
v -22.52968000 -9.36730400 -15.00000000
v -23.18507000 -9.20576400 -15.00000000
v -23.86007000 -9.20576400 -15.00000000
v -8.15453900 -8.52897900 -15.00000000
v -16.57179000 -16.81088000 -15.00000000
v -17.07704000 -16.36326000 -15.00000000
v -9.54640100 -6.93586600 -15.00000000
v -6.50058400 -9.84796400 -15.00000000
v -10.99246000 -20.90453000 -15.00000000
v -10.63143000 -5.11982800 -15.00000000
v -21.04330000 -10.68412000 -15.00000000
v -21.42674000 -10.12861000 -15.00000000
v -4.63769500 -10.85043000 -15.00000000
v -10.39477000 -21.21822000 -15.00000000
v 10.39477000 -25.82693000 -15.00000000
v 9.88951900 -25.37932000 -15.00000000
v -25.11315000 9.68099400 -15.00000000
v -25.61840000 10.12861000 -15.00000000
v 9.50607200 -24.82380000 -15.00000000
v -26.00185000 10.68412000 -15.00000000
v 10.99246000 -26.14062000 -15.00000000
v -24.51547000 9.36730400 -15.00000000
v 9.26671200 -24.19266000 -15.00000000
v -26.24121000 11.31527000 -15.00000000
v 11.64785000 -26.30216000 -15.00000000
v -23.86007000 9.20576400 -15.00000000
v -11.37476000 -3.13923500 -15.00000000
v 9.18534900 -23.52257000 -15.00000000
v -26.32257000 11.98535000 -15.00000000
v -2.62574700 -11.50415000 -15.00000000
v 12.32285000 -26.30216000 -15.00000000
v -23.18507000 9.20576400 -15.00000000
v 9.26671200 -22.85249000 -15.00000000
v -26.24121000 12.65543000 -15.00000000
v 12.97824000 -26.14062000 -15.00000000
v -22.52968000 9.36730400 -15.00000000
v -11.75250000 -1.05774400 -15.00000000
v 9.50607200 -22.22135000 -15.00000000
v -26.00185000 13.28657000 -15.00000000
v -0.52940500 -11.78812000 -15.00000000
v -21.93199000 9.68099400 -15.00000000
v 9.88951900 -21.66583000 -15.00000000
v 13.57593000 -25.82693000 -15.00000000
v 14.08118000 -25.37932000 -15.00000000
v -25.61840000 13.84209000 -15.00000000
v -25.11315000 14.28970000 -15.00000000
v -11.75250000 1.05774400 -15.00000000
v 14.46463000 -24.82380000 -15.00000000
v 1.58395300 -11.69321000 -15.00000000
v -24.51547000 14.60339000 -15.00000000
v -11.37476000 3.13923500 -15.00000000
v -21.42674000 10.12861000 -15.00000000
v 3.64640100 -11.22247000 -15.00000000
v 10.39477000 -21.21822000 -15.00000000
v -22.52968000 14.60339000 -15.00000000
v -23.18507000 14.76493000 -15.00000000
v -23.86007000 14.76493000 -15.00000000
v 14.78535000 -23.52257000 -15.00000000
v 14.70399000 -22.85249000 -15.00000000
v 14.70399000 -24.19266000 -15.00000000
v -10.63143000 5.11982800 -15.00000000
v -21.04330000 10.68412000 -15.00000000
v -20.80394000 11.31527000 -15.00000000
v 5.59165000 -10.39103000 -15.00000000
v 10.99246000 -20.90453000 -15.00000000
v 16.57179000 -20.52436000 -15.00000000
v 14.46463000 -22.22135000 -15.00000000
v 14.08118000 -21.66583000 -15.00000000
v -20.76345000 16.81088000 -15.00000000
v -21.93199000 14.28970000 -15.00000000
v 17.07704000 -20.97197000 -15.00000000
v -20.25820000 16.36326000 -15.00000000
v -21.42674000 13.84209000 -15.00000000
v 16.18834000 -19.96884000 -15.00000000
v 13.57593000 -21.21822000 -15.00000000
v -21.14690000 17.36639000 -15.00000000
v 17.67473000 -21.28566000 -15.00000000
v -19.66051000 16.04957000 -15.00000000
v -21.04330000 13.28657000 -15.00000000
v 15.94898000 -19.33770000 -15.00000000
v 12.97824000 -20.90453000 -15.00000000
v -21.38626000 17.99754000 -15.00000000
v 18.33012000 -21.44720000 -15.00000000
v -19.00512000 15.88803000 -15.00000000
v -20.80394000 12.65543000 -15.00000000
v 15.86762000 -18.66762000 -15.00000000
v 12.32285000 -20.74299000 -15.00000000
v -21.46762000 18.66762000 -15.00000000
v -9.54640100 6.93586600 -15.00000000
v -18.33012000 15.88803000 -15.00000000
v -20.72257000 11.98535000 -15.00000000
v 19.00512000 -21.44720000 -15.00000000
v 15.94898000 -17.99754000 -15.00000000
v 11.64785000 -20.74299000 -15.00000000
v -21.38626000 19.33770000 -15.00000000
v 7.35718000 -9.22561100 -15.00000000
v 19.66051000 -21.28566000 -15.00000000
v -17.67473000 16.04957000 -15.00000000
v 16.18834000 -17.36639000 -15.00000000
v -21.14690000 19.96884000 -15.00000000
v 20.25820000 -20.97197000 -15.00000000
v -17.07704000 16.36326000 -15.00000000
v 16.57179000 -16.81088000 -15.00000000
v -20.76345000 20.52436000 -15.00000000
v 20.76345000 -20.52436000 -15.00000000
v -8.15453900 8.52897900 -15.00000000
v -16.57179000 16.81088000 -15.00000000
v 8.88624300 -7.76367700 -15.00000000
v 17.07704000 -16.36326000 -15.00000000
v -16.18834000 17.36639000 -15.00000000
v 17.67473000 -16.04957000 -15.00000000
v -19.66051000 21.28566000 -15.00000000
v -20.25820000 20.97197000 -15.00000000
v 21.14690000 -19.96884000 -15.00000000
v 21.38626000 -19.33770000 -15.00000000
v -19.00512000 21.44720000 -15.00000000
v 21.46762000 -18.66762000 -15.00000000
v -18.33012000 21.44720000 -15.00000000
v -6.50058400 9.84796400 -15.00000000
v -17.07704000 20.97197000 -15.00000000
v -17.67473000 21.28566000 -15.00000000
v 21.38626000 -17.99754000 -15.00000000
v 21.14690000 -17.36639000 -15.00000000
v 21.42674000 -13.84209000 -15.00000000
v 20.25820000 -16.36326000 -15.00000000
v 19.66051000 -16.04957000 -15.00000000
v -14.08118000 21.66583000 -15.00000000
v -16.18834000 19.96884000 -15.00000000
v -16.57179000 20.52436000 -15.00000000
v 21.93199000 -14.28970000 -15.00000000
v 20.76345000 -16.81088000 -15.00000000
v -13.57593000 21.21822000 -15.00000000
v -15.94898000 19.33770000 -15.00000000
v 21.04330000 -13.28657000 -15.00000000
v 19.00512000 -15.88803000 -15.00000000
v -14.46463000 22.22135000 -15.00000000
v 22.52968000 -14.60339000 -15.00000000
v -12.97824000 20.90453000 -15.00000000
v -15.86762000 18.66762000 -15.00000000
v 20.80394000 -12.65543000 -15.00000000
v 18.33012000 -15.88803000 -15.00000000
v -14.70399000 22.85249000 -15.00000000
v 23.18507000 -14.76493000 -15.00000000
v -12.32285000 20.74299000 -15.00000000
v -15.94898000 17.99754000 -15.00000000
v 20.72257000 -11.98535000 -15.00000000
v -14.78535000 23.52257000 -15.00000000
v 23.86007000 -14.76493000 -15.00000000
v -11.64785000 20.74299000 -15.00000000
v 20.80394000 -11.31527000 -15.00000000
v 10.12970000 -6.05221100 -15.00000000
v -14.70399000 24.19266000 -15.00000000
v 24.51547000 -14.60339000 -15.00000000
v -10.99246000 20.90453000 -15.00000000
v -4.63769500 10.85043000 -15.00000000
v 21.04330000 -10.68412000 -15.00000000
v 11.04757000 -4.14622300 -15.00000000
v -14.46463000 24.82380000 -15.00000000
v -10.39477000 21.21822000 -15.00000000
v 25.11315000 -14.28970000 -15.00000000
v 21.42674000 -10.12861000 -15.00000000
v -14.08118000 25.37932000 -15.00000000
v 25.61840000 -13.84209000 -15.00000000
v -9.88951900 21.66583000 -15.00000000
v -2.62574700 11.50415000 -15.00000000
v 21.93199000 -9.68099400 -15.00000000
v 11.61037000 -2.10697100 -15.00000000
v -13.57593000 25.82693000 -15.00000000
v 26.00185000 -13.28657000 -15.00000000
v -12.97824000 26.14062000 -15.00000000
v -10.99246000 26.14062000 -15.00000000
v -11.64785000 26.30216000 -15.00000000
v -12.32285000 26.30216000 -15.00000000
v 26.24121000 -12.65543000 -15.00000000
v 26.32257000 -11.98535000 -15.00000000
v 26.24121000 -11.31527000 -15.00000000
v 26.00185000 -10.68412000 -15.00000000
v -9.50607200 24.82380000 -15.00000000
v -9.88951900 25.37932000 -15.00000000
v -10.39477000 25.82693000 -15.00000000
v 25.61840000 -10.12861000 -15.00000000
v 25.11315000 -9.68099400 -15.00000000
v 24.51547000 -9.36730400 -15.00000000
v 23.18507000 -9.20576400 -15.00000000
v 22.52968000 -9.36730400 -15.00000000
v 11.80000000 -0.00000000 -15.00000000
v 23.86007000 -9.20576400 -15.00000000
v -0.52940500 11.78812000 -15.00000000
v -9.18534900 23.52257000 -15.00000000
v -9.26671200 24.19266000 -15.00000000
v -9.50607200 22.22135000 -15.00000000
v -9.26671200 22.85249000 -15.00000000
v 11.61037000 2.10697100 -15.00000000
v 3.64640100 11.22247000 -15.00000000
v 1.58395300 11.69321000 -15.00000000
v 9.88951900 21.66583000 -15.00000000
v 10.39477000 21.21822000 -15.00000000
v 5.59165000 10.39103000 -15.00000000
v 21.93199000 9.68099400 -15.00000000
v 11.04757000 4.14622300 -15.00000000
v 21.42674000 10.12861000 -15.00000000
v 21.04330000 10.68412000 -15.00000000
v 10.12970000 6.05221100 -15.00000000
v 9.50607200 22.22135000 -15.00000000
v 10.99246000 20.90453000 -15.00000000
v 7.35718000 9.22561100 -15.00000000
v 22.52968000 9.36730400 -15.00000000
v 9.26671200 22.85249000 -15.00000000
v 20.80394000 11.31527000 -15.00000000
v 8.88624300 7.76367700 -15.00000000
v 11.64785000 20.74299000 -15.00000000
v 23.18507000 9.20576400 -15.00000000
v 9.18534900 23.52257000 -15.00000000
v 23.86007000 9.20576400 -15.00000000
v 16.57179000 16.81088000 -15.00000000
v 17.07704000 16.36326000 -15.00000000
v 9.26671200 24.19266000 -15.00000000
v 16.18834000 17.36639000 -15.00000000
v 17.67473000 16.04957000 -15.00000000
v 20.72257000 11.98535000 -15.00000000
v 24.51547000 9.36730400 -15.00000000
v 15.94898000 17.99754000 -15.00000000
v 12.32285000 20.74299000 -15.00000000
v 18.33012000 15.88803000 -15.00000000
v 20.80394000 12.65543000 -15.00000000
v 9.50607200 24.82380000 -15.00000000
v 15.86762000 18.66762000 -15.00000000
v 12.97824000 20.90453000 -15.00000000
v 19.00512000 15.88803000 -15.00000000
v 21.04330000 13.28657000 -15.00000000
v 15.94898000 19.33770000 -15.00000000
v 13.57593000 21.21822000 -15.00000000
v 19.66051000 16.04957000 -15.00000000
v 21.42674000 13.84209000 -15.00000000
v 16.18834000 19.96884000 -15.00000000
v 14.08118000 21.66583000 -15.00000000
v 20.25820000 16.36326000 -15.00000000
v 21.93199000 14.28970000 -15.00000000
v 25.11315000 9.68099400 -15.00000000
v 25.61840000 10.12861000 -15.00000000
v 26.00185000 10.68412000 -15.00000000
v 10.39477000 25.82693000 -15.00000000
v 9.88951900 25.37932000 -15.00000000
v 16.57179000 20.52436000 -15.00000000
v 14.46463000 22.22135000 -15.00000000
v 10.99246000 26.14062000 -15.00000000
v 20.76345000 16.81088000 -15.00000000
v 22.52968000 14.60339000 -15.00000000
v 17.07704000 20.97197000 -15.00000000
v 14.70399000 22.85249000 -15.00000000
v 21.14690000 17.36639000 -15.00000000
v 12.32285000 26.30216000 -15.00000000
v 11.64785000 26.30216000 -15.00000000
v 26.24121000 11.31527000 -15.00000000
v 26.32257000 11.98535000 -15.00000000
v 26.24121000 12.65543000 -15.00000000
v 12.97824000 26.14062000 -15.00000000
v 26.00185000 13.28657000 -15.00000000
v 25.61840000 13.84209000 -15.00000000
v 25.11315000 14.28970000 -15.00000000
v 24.51547000 14.60339000 -15.00000000
v 14.46463000 24.82380000 -15.00000000
v 14.08118000 25.37932000 -15.00000000
v 13.57593000 25.82693000 -15.00000000
v 14.78535000 23.52257000 -15.00000000
v 14.70399000 24.19266000 -15.00000000
v 18.33012000 21.44720000 -15.00000000
v 17.67473000 21.28566000 -15.00000000
v 21.38626000 17.99754000 -15.00000000
v 21.46762000 18.66762000 -15.00000000
v 23.86007000 14.76493000 -15.00000000
v 23.18507000 14.76493000 -15.00000000
v 20.76345000 20.52436000 -15.00000000
v 20.25820000 20.97197000 -15.00000000
v 19.66051000 21.28566000 -15.00000000
v 19.00512000 21.44720000 -15.00000000
v 21.38626000 19.33770000 -15.00000000
v 21.14690000 19.96884000 -15.00000000
v -19.51972000 -19.90209000 13.80000000
v -19.79039000 -19.66230000 13.80000000
v -19.99580000 -19.36470000 13.80000000
v -19.19953000 -20.07014000 13.80000000
v -20.12403000 -19.02659000 13.80000000
v -18.84842000 -20.15668000 13.80000000
v -20.16762000 -18.66762000 13.80000000
v -18.48681000 -20.15668000 13.80000000
v -20.12403000 -18.30865000 13.80000000
v -18.13571000 -20.07014000 13.80000000
v -19.99580000 -17.97053000 13.80000000
v -17.81552000 -19.90209000 13.80000000
v -19.79039000 -17.67294000 13.80000000
v -17.54485000 -19.66230000 13.80000000
v -19.51972000 -17.43314000 13.80000000
v -17.33943000 -19.36470000 13.80000000
v -19.19953000 -17.26509000 13.80000000
v -17.21121000 -19.02659000 13.80000000
v -18.84842000 -17.17856000 13.80000000
v -17.16762000 -18.66762000 13.80000000
v -18.48681000 -17.17856000 13.80000000
v -17.21121000 -18.30865000 13.80000000
v -18.13571000 -17.26509000 13.80000000
v -17.33943000 -17.97053000 13.80000000
v -17.54485000 -17.67294000 13.80000000
v -17.81552000 -17.43314000 13.80000000
v -12.83745000 -24.75705000 13.80000000
v -13.10812000 -24.51726000 13.80000000
v -13.31353000 -24.21966000 13.80000000
v -12.51726000 -24.92510000 13.80000000
v -13.44176000 -23.88155000 13.80000000
v -12.16615000 -25.01164000 13.80000000
v -13.48535000 -23.52257000 13.80000000
v -11.80454000 -25.01164000 13.80000000
v -13.44176000 -23.16360000 13.80000000
v -11.45344000 -24.92510000 13.80000000
v -13.31353000 -22.82549000 13.80000000
v -11.13325000 -24.75705000 13.80000000
v -13.10812000 -22.52789000 13.80000000
v -10.86258000 -24.51726000 13.80000000
v -10.65717000 -24.21966000 13.80000000
v -12.83745000 -22.28810000 13.80000000
v -12.51726000 -22.12005000 13.80000000
v -10.52894000 -23.88155000 13.80000000
v -12.16615000 -22.03351000 13.80000000
v -11.80454000 -22.03351000 13.80000000
v -10.48535000 -23.52257000 13.80000000
v -10.52894000 -23.16360000 13.80000000
v -10.65717000 -22.82549000 13.80000000
v -11.45344000 -22.12005000 13.80000000
v -11.13325000 -22.28810000 13.80000000
v -10.86258000 -22.52789000 13.80000000
v -24.37467000 -13.21982000 13.80000000
v -24.64534000 -12.98003000 13.80000000
v -24.85076000 -12.68243000 13.80000000
v -24.05448000 -13.38787000 13.80000000
v -24.97898000 -12.34432000 13.80000000
v -23.70338000 -13.47441000 13.80000000
v -25.02257000 -11.98535000 13.80000000
v -23.34177000 -13.47441000 13.80000000
v -24.97898000 -11.62638000 13.80000000
v -22.99066000 -13.38787000 13.80000000
v -24.85076000 -11.28826000 13.80000000
v -22.67048000 -13.21982000 13.80000000
v -24.64534000 -10.99067000 13.80000000
v -22.39981000 -12.98003000 13.80000000
v -24.37467000 -10.75087000 13.80000000
v -24.05448000 -10.58282000 13.80000000
v -22.19439000 -12.68243000 13.80000000
v -22.06616000 -12.34432000 13.80000000
v -23.70338000 -10.49629000 13.80000000
v -23.34177000 -10.49629000 13.80000000
v -22.02257000 -11.98535000 13.80000000
v -22.06616000 -11.62638000 13.80000000
v -22.99066000 -10.58282000 13.80000000
v -22.19439000 -11.28826000 13.80000000
v -22.39981000 -10.99067000 13.80000000
v -22.67048000 -10.75087000 13.80000000
v 11.13325000 -24.75705000 13.80000000
v 10.86258000 -24.51726000 13.80000000
v 10.65717000 -24.21966000 13.80000000
v 11.45344000 -24.92510000 13.80000000
v 10.52894000 -23.88155000 13.80000000
v 11.80454000 -25.01164000 13.80000000
v 10.48535000 -23.52257000 13.80000000
v 12.16615000 -25.01164000 13.80000000
v 10.52894000 -23.16360000 13.80000000
v 12.51726000 -24.92510000 13.80000000
v 10.65717000 -22.82549000 13.80000000
v 12.83745000 -24.75705000 13.80000000
v 10.86258000 -22.52789000 13.80000000
v 13.10812000 -24.51726000 13.80000000
v 13.31353000 -24.21966000 13.80000000
v 11.13325000 -22.28810000 13.80000000
v 11.45344000 -22.12005000 13.80000000
v 13.44176000 -23.88155000 13.80000000
v 11.80454000 -22.03351000 13.80000000
v 12.16615000 -22.03351000 13.80000000
v 13.48535000 -23.52257000 13.80000000
v 13.44176000 -23.16360000 13.80000000
v 13.31353000 -22.82549000 13.80000000
v 12.51726000 -22.12005000 13.80000000
v 12.83745000 -22.28810000 13.80000000
v 13.10812000 -22.52789000 13.80000000
v 17.81552000 -19.90209000 13.80000000
v 17.54485000 -19.66230000 13.80000000
v 17.33943000 -19.36470000 13.80000000
v 18.13571000 -20.07014000 13.80000000
v 17.21121000 -19.02659000 13.80000000
v 18.48681000 -20.15668000 13.80000000
v 17.16762000 -18.66762000 13.80000000
v 18.84842000 -20.15668000 13.80000000
v 17.21121000 -18.30865000 13.80000000
v 19.19953000 -20.07014000 13.80000000
v 17.33943000 -17.97053000 13.80000000
v 19.51972000 -19.90209000 13.80000000
v 17.54485000 -17.67294000 13.80000000
v 19.79039000 -19.66230000 13.80000000
v 19.99580000 -19.36470000 13.80000000
v 17.81552000 -17.43314000 13.80000000
v 18.13571000 -17.26509000 13.80000000
v 20.12403000 -19.02659000 13.80000000
v 18.48681000 -17.17856000 13.80000000
v 18.84842000 -17.17856000 13.80000000
v 20.16762000 -18.66762000 13.80000000
v 19.19953000 -17.26509000 13.80000000
v 20.12403000 -18.30865000 13.80000000
v 19.99580000 -17.97053000 13.80000000
v 19.51972000 -17.43314000 13.80000000
v 19.79039000 -17.67294000 13.80000000
v 22.67048000 -13.21982000 13.80000000
v 22.39981000 -12.98003000 13.80000000
v 22.19439000 -12.68243000 13.80000000
v 22.99066000 -13.38787000 13.80000000
v 22.06616000 -12.34432000 13.80000000
v 23.34177000 -13.47441000 13.80000000
v 22.02257000 -11.98535000 13.80000000
v 23.70338000 -13.47441000 13.80000000
v 22.06616000 -11.62638000 13.80000000
v 24.05448000 -13.38787000 13.80000000
v 22.19439000 -11.28826000 13.80000000
v 24.37467000 -13.21982000 13.80000000
v 22.39981000 -10.99067000 13.80000000
v 24.64534000 -12.98003000 13.80000000
v 22.67048000 -10.75087000 13.80000000
v 22.99066000 -10.58282000 13.80000000
v 24.85076000 -12.68243000 13.80000000
v 24.97898000 -12.34432000 13.80000000
v 23.34177000 -10.49629000 13.80000000
v 23.70338000 -10.49629000 13.80000000
v 25.02257000 -11.98535000 13.80000000
v 24.97898000 -11.62638000 13.80000000
v 24.05448000 -10.58282000 13.80000000
v 24.85076000 -11.28826000 13.80000000
v 24.64534000 -10.99067000 13.80000000
v 24.37467000 -10.75087000 13.80000000
v -24.37467000 10.75087000 13.80000000
v -24.64534000 10.99067000 13.80000000
v -24.85076000 11.28826000 13.80000000
v -24.05448000 10.58282000 13.80000000
v -24.97898000 11.62638000 13.80000000
v -23.70338000 10.49629000 13.80000000
v -25.02257000 11.98535000 13.80000000
v -23.34177000 10.49629000 13.80000000
v -24.97898000 12.34432000 13.80000000
v -22.99066000 10.58282000 13.80000000
v -24.85076000 12.68243000 13.80000000
v -22.67048000 10.75087000 13.80000000
v -24.64534000 12.98003000 13.80000000
v -22.39981000 10.99067000 13.80000000
v -22.19439000 11.28826000 13.80000000
v -24.37467000 13.21982000 13.80000000
v -24.05448000 13.38787000 13.80000000
v -22.06616000 11.62638000 13.80000000
v -23.70338000 13.47441000 13.80000000
v -23.34177000 13.47441000 13.80000000
v -22.02257000 11.98535000 13.80000000
v -22.99066000 13.38787000 13.80000000
v -22.06616000 12.34432000 13.80000000
v -22.19439000 12.68243000 13.80000000
v -22.67048000 13.21982000 13.80000000
v -22.39981000 12.98003000 13.80000000
v -19.51972000 17.43314000 13.80000000
v -19.79039000 17.67294000 13.80000000
v -19.99580000 17.97053000 13.80000000
v -19.19953000 17.26509000 13.80000000
v -20.12403000 18.30865000 13.80000000
v -18.84842000 17.17856000 13.80000000
v -20.16762000 18.66762000 13.80000000
v -18.48681000 17.17856000 13.80000000
v -20.12403000 19.02659000 13.80000000
v -18.13571000 17.26509000 13.80000000
v -19.99580000 19.36470000 13.80000000
v -17.81552000 17.43314000 13.80000000
v -19.79039000 19.66230000 13.80000000
v -17.54485000 17.67294000 13.80000000
v -17.33943000 17.97053000 13.80000000
v -19.51972000 19.90209000 13.80000000
v -19.19953000 20.07014000 13.80000000
v -17.21121000 18.30865000 13.80000000
v -18.84842000 20.15668000 13.80000000
v -18.48681000 20.15668000 13.80000000
v -17.16762000 18.66762000 13.80000000
v -17.21121000 19.02659000 13.80000000
v -17.33943000 19.36470000 13.80000000
v -18.13571000 20.07014000 13.80000000
v -17.81552000 19.90209000 13.80000000
v -17.54485000 19.66230000 13.80000000
v -12.83745000 22.28810000 13.80000000
v -13.10812000 22.52789000 13.80000000
v -13.31353000 22.82549000 13.80000000
v -12.51726000 22.12005000 13.80000000
v -13.44176000 23.16360000 13.80000000
v -12.16615000 22.03351000 13.80000000
v -13.48535000 23.52257000 13.80000000
v -11.80454000 22.03351000 13.80000000
v -13.44176000 23.88155000 13.80000000
v -11.45344000 22.12005000 13.80000000
v -13.31353000 24.21966000 13.80000000
v -11.13325000 22.28810000 13.80000000
v -13.10812000 24.51726000 13.80000000
v -10.86258000 22.52789000 13.80000000
v -10.65717000 22.82549000 13.80000000
v -12.83745000 24.75705000 13.80000000
v -12.51726000 24.92510000 13.80000000
v -10.52894000 23.16360000 13.80000000
v -12.16615000 25.01164000 13.80000000
v -11.80454000 25.01164000 13.80000000
v -10.48535000 23.52257000 13.80000000
v -10.52894000 23.88155000 13.80000000
v -10.65717000 24.21966000 13.80000000
v -11.45344000 24.92510000 13.80000000
v -11.13325000 24.75705000 13.80000000
v -10.86258000 24.51726000 13.80000000
v -14.01012000 -16.57125000 12.00000000
v -16.09385000 -14.55603000 12.00000000
v -17.89038000 -12.28105000 12.00000000
v -11.67639000 -18.29076000 12.00000000
v -19.36766000 -9.78692000 12.00000000
v -9.13428400 -19.68387000 12.00000000
v -20.49932000 -7.11813900 12.00000000
v -6.42918000 -20.72572000 12.00000000
v -21.26517000 -4.32233600 12.00000000
v -3.60934700 -21.39772000 12.00000000
v -21.65154000 -1.44940000 12.00000000
v -0.72510500 -21.68788000 12.00000000
v -21.65154000 1.44940000 12.00000000
v 2.17207700 -21.59102000 12.00000000
v -21.26517000 4.32233600 12.00000000
v 5.03049700 -21.10886000 12.00000000
v -20.49932000 7.11813900 12.00000000
v 7.79914900 -20.25002000 12.00000000
v -19.36766000 9.78692000 12.00000000
v 10.42862000 -19.02981000 12.00000000
v -17.89038000 12.28105000 12.00000000
v 12.87200000 -17.47002000 12.00000000
v -16.09385000 14.55603000 12.00000000
v 15.08568000 -15.59847000 12.00000000
v -14.01012000 16.57125000 12.00000000
v 17.03015000 -13.44857000 12.00000000
v -11.67639000 18.29076000 12.00000000
v 18.67071000 -11.05868000 12.00000000
v -9.13428400 19.68387000 12.00000000
v 19.97810000 -8.47144700 12.00000000
v -6.42918000 20.72572000 12.00000000
v 20.92898000 -5.73304000 12.00000000
v -3.60934700 21.39772000 12.00000000
v 21.50638000 -2.89232700 12.00000000
v -0.72510500 21.68788000 12.00000000
v 21.70000000 -0.00000000 12.00000000
v 2.17207700 21.59102000 12.00000000
v 21.50638000 2.89232700 12.00000000
v 5.03049700 21.10886000 12.00000000
v 20.92898000 5.73304000 12.00000000
v 7.79914900 20.25002000 12.00000000
v 19.97810000 8.47144700 12.00000000
v 10.42862000 19.02981000 12.00000000
v 18.67071000 11.05868000 12.00000000
v 12.87200000 17.47002000 12.00000000
v 17.03015000 13.44857000 12.00000000
v 15.08568000 15.59847000 12.00000000
v 22.67048000 10.75087000 13.80000000
v 22.39981000 10.99067000 13.80000000
v 22.19439000 11.28826000 13.80000000
v 22.99066000 10.58282000 13.80000000
v 22.06616000 11.62638000 13.80000000
v 23.34177000 10.49629000 13.80000000
v 22.02257000 11.98535000 13.80000000
v 23.70338000 10.49629000 13.80000000
v 22.06616000 12.34432000 13.80000000
v 24.05448000 10.58282000 13.80000000
v 22.19439000 12.68243000 13.80000000
v 24.37467000 10.75087000 13.80000000
v 22.39981000 12.98003000 13.80000000
v 24.64534000 10.99067000 13.80000000
v 22.67048000 13.21982000 13.80000000
v 22.99066000 13.38787000 13.80000000
v 24.85076000 11.28826000 13.80000000
v 24.97898000 11.62638000 13.80000000
v 23.34177000 13.47441000 13.80000000
v 23.70338000 13.47441000 13.80000000
v 25.02257000 11.98535000 13.80000000
v 24.97898000 12.34432000 13.80000000
v 24.05448000 13.38787000 13.80000000
v 24.85076000 12.68243000 13.80000000
v 24.64534000 12.98003000 13.80000000
v 24.37467000 13.21982000 13.80000000
v 11.13325000 22.28810000 13.80000000
v 10.86258000 22.52789000 13.80000000
v 10.65717000 22.82549000 13.80000000
v 11.45344000 22.12005000 13.80000000
v 10.52894000 23.16360000 13.80000000
v 11.80454000 22.03351000 13.80000000
v 10.48535000 23.52257000 13.80000000
v 12.16615000 22.03351000 13.80000000
v 10.52894000 23.88155000 13.80000000
v 12.51726000 22.12005000 13.80000000
v 10.65717000 24.21966000 13.80000000
v 12.83745000 22.28810000 13.80000000
v 10.86258000 24.51726000 13.80000000
v 13.10812000 22.52789000 13.80000000
v 13.31353000 22.82549000 13.80000000
v 11.13325000 24.75705000 13.80000000
v 11.45344000 24.92510000 13.80000000
v 13.44176000 23.16360000 13.80000000
v 11.80454000 25.01164000 13.80000000
v 12.16615000 25.01164000 13.80000000
v 13.48535000 23.52257000 13.80000000
v 13.44176000 23.88155000 13.80000000
v 13.31353000 24.21966000 13.80000000
v 12.51726000 24.92510000 13.80000000
v 12.83745000 24.75705000 13.80000000
v 13.10812000 24.51726000 13.80000000
v 17.81552000 17.43314000 13.80000000
v 17.54485000 17.67294000 13.80000000
v 17.33943000 17.97053000 13.80000000
v 18.13571000 17.26509000 13.80000000
v 17.21121000 18.30865000 13.80000000
v 18.48681000 17.17856000 13.80000000
v 17.16762000 18.66762000 13.80000000
v 18.84842000 17.17856000 13.80000000
v 17.21121000 19.02659000 13.80000000
v 19.19953000 17.26509000 13.80000000
v 17.33943000 19.36470000 13.80000000
v 19.51972000 17.43314000 13.80000000
v 17.54485000 19.66230000 13.80000000
v 19.79039000 17.67294000 13.80000000
v 17.81552000 19.90209000 13.80000000
v 18.13571000 20.07014000 13.80000000
v 19.99580000 17.97053000 13.80000000
v 20.12403000 18.30865000 13.80000000
v 20.16762000 18.66762000 13.80000000
v 18.48681000 20.15668000 13.80000000
v 18.84842000 20.15668000 13.80000000
v 20.12403000 19.02659000 13.80000000
v 19.19953000 20.07014000 13.80000000
v 19.99580000 19.36470000 13.80000000
v 19.51972000 19.90209000 13.80000000
v 19.79039000 19.66230000 13.80000000
v -15.94898000 -17.99754000 -13.60000000
v -15.86762000 -18.66762000 -13.60000000
v -16.18834000 -17.36639000 -13.60000000
v -16.57179000 -16.81088000 -13.60000000
v -17.07704000 -16.36326000 -13.60000000
v -17.67473000 -16.04957000 -13.60000000
v -18.33012000 -15.88803000 -13.60000000
v -19.00512000 -15.88803000 -13.60000000
v -19.66051000 -16.04957000 -13.60000000
v -20.25820000 -16.36326000 -13.60000000
v -20.76345000 -16.81088000 -13.60000000
v -21.14690000 -17.36639000 -13.60000000
v -21.38626000 -17.99754000 -13.60000000
v -21.46762000 -18.66762000 -13.60000000
v -21.38626000 -19.33770000 -13.60000000
v -21.14690000 -19.96884000 -13.60000000
v -20.76345000 -20.52436000 -13.60000000
v -20.25820000 -20.97197000 -13.60000000
v -19.66051000 -21.28566000 -13.60000000
v -19.00512000 -21.44720000 -13.60000000
v -18.33012000 -21.44720000 -13.60000000
v -17.67473000 -21.28566000 -13.60000000
v -17.07704000 -20.97197000 -13.60000000
v -16.57179000 -20.52436000 -13.60000000
v -16.18834000 -19.96884000 -13.60000000
v -15.94898000 -19.33770000 -13.60000000
v -9.26671200 -22.85249000 -13.60000000
v -9.18534900 -23.52257000 -13.60000000
v -9.50607200 -22.22135000 -13.60000000
v -9.88951900 -21.66583000 -13.60000000
v -10.39477000 -21.21822000 -13.60000000
v -10.99246000 -20.90453000 -13.60000000
v -11.64785000 -20.74299000 -13.60000000
v -12.32285000 -20.74299000 -13.60000000
v -12.97824000 -20.90453000 -13.60000000
v -13.57593000 -21.21822000 -13.60000000
v -14.08118000 -21.66583000 -13.60000000
v -14.46463000 -22.22135000 -13.60000000
v -14.70399000 -22.85249000 -13.60000000
v -14.78535000 -23.52257000 -13.60000000
v -14.70399000 -24.19266000 -13.60000000
v -14.46463000 -24.82380000 -13.60000000
v -14.08118000 -25.37932000 -13.60000000
v -13.57593000 -25.82693000 -13.60000000
v -12.97824000 -26.14062000 -13.60000000
v -12.32285000 -26.30216000 -13.60000000
v -11.64785000 -26.30216000 -13.60000000
v -10.99246000 -26.14062000 -13.60000000
v -10.39477000 -25.82693000 -13.60000000
v -9.88951900 -25.37932000 -13.60000000
v -9.50607200 -24.82380000 -13.60000000
v -9.26671200 -24.19266000 -13.60000000
v -20.80394000 -11.31527000 -13.60000000
v -20.72257000 -11.98535000 -13.60000000
v -21.04330000 -10.68412000 -13.60000000
v -21.42674000 -10.12861000 -13.60000000
v -21.93199000 -9.68099400 -13.60000000
v -22.52968000 -9.36730400 -13.60000000
v -23.18507000 -9.20576400 -13.60000000
v -23.86007000 -9.20576400 -13.60000000
v -24.51547000 -9.36730400 -13.60000000
v -25.11315000 -9.68099400 -13.60000000
v -25.61840000 -10.12861000 -13.60000000
v -26.00185000 -10.68412000 -13.60000000
v -26.24121000 -11.31527000 -13.60000000
v -26.32257000 -11.98535000 -13.60000000
v -26.24121000 -12.65543000 -13.60000000
v -26.00185000 -13.28657000 -13.60000000
v -25.61840000 -13.84209000 -13.60000000
v -25.11315000 -14.28970000 -13.60000000
v -24.51547000 -14.60339000 -13.60000000
v -23.86007000 -14.76493000 -13.60000000
v -23.18507000 -14.76493000 -13.60000000
v -22.52968000 -14.60339000 -13.60000000
v -21.93199000 -14.28970000 -13.60000000
v -21.42674000 -13.84209000 -13.60000000
v -21.04330000 -13.28657000 -13.60000000
v -20.80394000 -12.65543000 -13.60000000
v 14.70399000 -22.85249000 -13.60000000
v 14.78535000 -23.52257000 -13.60000000
v 14.46463000 -22.22135000 -13.60000000
v 14.08118000 -21.66583000 -13.60000000
v 13.57593000 -21.21822000 -13.60000000
v 12.97824000 -20.90453000 -13.60000000
v 12.32285000 -20.74299000 -13.60000000
v 11.64785000 -20.74299000 -13.60000000
v 10.99246000 -20.90453000 -13.60000000
v 10.39477000 -21.21822000 -13.60000000
v 9.88951900 -21.66583000 -13.60000000
v 9.50607200 -22.22135000 -13.60000000
v 9.26671200 -22.85249000 -13.60000000
v 9.18534900 -23.52257000 -13.60000000
v 9.26671200 -24.19266000 -13.60000000
v 9.50607200 -24.82380000 -13.60000000
v 9.88951900 -25.37932000 -13.60000000
v 10.39477000 -25.82693000 -13.60000000
v 10.99246000 -26.14062000 -13.60000000
v 11.64785000 -26.30216000 -13.60000000
v 12.32285000 -26.30216000 -13.60000000
v 12.97824000 -26.14062000 -13.60000000
v 13.57593000 -25.82693000 -13.60000000
v 14.08118000 -25.37932000 -13.60000000
v 14.46463000 -24.82380000 -13.60000000
v 14.70399000 -24.19266000 -13.60000000
v 21.38626000 -17.99754000 -13.60000000
v 21.46762000 -18.66762000 -13.60000000
v 21.14690000 -17.36639000 -13.60000000
v 20.76345000 -16.81088000 -13.60000000
v 20.25820000 -16.36326000 -13.60000000
v 19.66051000 -16.04957000 -13.60000000
v 19.00512000 -15.88803000 -13.60000000
v 18.33012000 -15.88803000 -13.60000000
v 17.67473000 -16.04957000 -13.60000000
v 17.07704000 -16.36326000 -13.60000000
v 16.57179000 -16.81088000 -13.60000000
v 16.18834000 -17.36639000 -13.60000000
v 15.94898000 -17.99754000 -13.60000000
v 15.86762000 -18.66762000 -13.60000000
v 15.94898000 -19.33770000 -13.60000000
v 16.18834000 -19.96884000 -13.60000000
v 16.57179000 -20.52436000 -13.60000000
v 17.07704000 -20.97197000 -13.60000000
v 17.67473000 -21.28566000 -13.60000000
v 18.33012000 -21.44720000 -13.60000000
v 19.00512000 -21.44720000 -13.60000000
v 19.66051000 -21.28566000 -13.60000000
v 20.25820000 -20.97197000 -13.60000000
v 20.76345000 -20.52436000 -13.60000000
v 21.14690000 -19.96884000 -13.60000000
v 21.38626000 -19.33770000 -13.60000000
v 26.24121000 -11.31527000 -13.60000000
v 26.32257000 -11.98535000 -13.60000000
v 26.00185000 -10.68412000 -13.60000000
v 25.61840000 -10.12861000 -13.60000000
v 25.11315000 -9.68099400 -13.60000000
v 24.51547000 -9.36730400 -13.60000000
v 23.86007000 -9.20576400 -13.60000000
v 23.18507000 -9.20576400 -13.60000000
v 22.52968000 -9.36730400 -13.60000000
v 21.93199000 -9.68099400 -13.60000000
v 21.42674000 -10.12861000 -13.60000000
v 21.04330000 -10.68412000 -13.60000000
v 20.80394000 -11.31527000 -13.60000000
v 20.72257000 -11.98535000 -13.60000000
v 20.80394000 -12.65543000 -13.60000000
v 21.04330000 -13.28657000 -13.60000000
v 21.42674000 -13.84209000 -13.60000000
v 21.93199000 -14.28970000 -13.60000000
v 22.52968000 -14.60339000 -13.60000000
v 23.18507000 -14.76493000 -13.60000000
v 23.86007000 -14.76493000 -13.60000000
v 24.51547000 -14.60339000 -13.60000000
v 25.11315000 -14.28970000 -13.60000000
v 25.61840000 -13.84209000 -13.60000000
v 26.00185000 -13.28657000 -13.60000000
v 26.24121000 -12.65543000 -13.60000000
v -20.80394000 12.65543000 -13.60000000
v -20.72257000 11.98535000 -13.60000000
v -21.04330000 13.28657000 -13.60000000
v -21.42674000 13.84209000 -13.60000000
v -21.93199000 14.28970000 -13.60000000
v -22.52968000 14.60339000 -13.60000000
v -23.18507000 14.76493000 -13.60000000
v -23.86007000 14.76493000 -13.60000000
v -24.51547000 14.60339000 -13.60000000
v -25.11315000 14.28970000 -13.60000000
v -25.61840000 13.84209000 -13.60000000
v -26.00185000 13.28657000 -13.60000000
v -26.24121000 12.65543000 -13.60000000
v -26.32257000 11.98535000 -13.60000000
v -26.24121000 11.31527000 -13.60000000
v -26.00185000 10.68412000 -13.60000000
v -25.61840000 10.12861000 -13.60000000
v -25.11315000 9.68099400 -13.60000000
v -24.51547000 9.36730400 -13.60000000
v -23.86007000 9.20576400 -13.60000000
v -23.18507000 9.20576400 -13.60000000
v -22.52968000 9.36730400 -13.60000000
v -21.93199000 9.68099400 -13.60000000
v -21.42674000 10.12861000 -13.60000000
v -21.04330000 10.68412000 -13.60000000
v -20.80394000 11.31527000 -13.60000000
v -15.94898000 19.33770000 -13.60000000
v -15.86762000 18.66762000 -13.60000000
v -16.18834000 19.96884000 -13.60000000
v -16.57179000 20.52436000 -13.60000000
v -17.07704000 20.97197000 -13.60000000
v -17.67473000 21.28566000 -13.60000000
v -18.33012000 21.44720000 -13.60000000
v -19.00512000 21.44720000 -13.60000000
v -19.66051000 21.28566000 -13.60000000
v -20.25820000 20.97197000 -13.60000000
v -20.76345000 20.52436000 -13.60000000
v -21.14690000 19.96884000 -13.60000000
v -21.38626000 19.33770000 -13.60000000
v -21.46762000 18.66762000 -13.60000000
v -21.38626000 17.99754000 -13.60000000
v -21.14690000 17.36639000 -13.60000000
v -20.76345000 16.81088000 -13.60000000
v -20.25820000 16.36326000 -13.60000000
v -19.66051000 16.04957000 -13.60000000
v -19.00512000 15.88803000 -13.60000000
v -18.33012000 15.88803000 -13.60000000
v -17.67473000 16.04957000 -13.60000000
v -17.07704000 16.36326000 -13.60000000
v -16.57179000 16.81088000 -13.60000000
v -16.18834000 17.36639000 -13.60000000
v -15.94898000 17.99754000 -13.60000000
v -9.26671200 24.19266000 -13.60000000
v -9.18534900 23.52257000 -13.60000000
v -9.50607200 24.82380000 -13.60000000
v -9.88951900 25.37932000 -13.60000000
v -10.39477000 25.82693000 -13.60000000
v -10.99246000 26.14062000 -13.60000000
v -11.64785000 26.30216000 -13.60000000
v -12.32285000 26.30216000 -13.60000000
v -12.97824000 26.14062000 -13.60000000
v -13.57593000 25.82693000 -13.60000000
v -14.08118000 25.37932000 -13.60000000
v -14.46463000 24.82380000 -13.60000000
v -14.70399000 24.19266000 -13.60000000
v -14.78535000 23.52257000 -13.60000000
v -14.70399000 22.85249000 -13.60000000
v -14.46463000 22.22135000 -13.60000000
v -14.08118000 21.66583000 -13.60000000
v -13.57593000 21.21822000 -13.60000000
v -12.97824000 20.90453000 -13.60000000
v -12.32285000 20.74299000 -13.60000000
v -11.64785000 20.74299000 -13.60000000
v -10.99246000 20.90453000 -13.60000000
v -10.39477000 21.21822000 -13.60000000
v -9.88951900 21.66583000 -13.60000000
v -9.50607200 22.22135000 -13.60000000
v -9.26671200 22.85249000 -13.60000000
v 11.61037000 2.10697100 -12.00000000
v 11.80000000 -0.00000000 -12.00000000
v 11.04757000 4.14622300 -12.00000000
v 10.12970000 6.05221100 -12.00000000
v 8.88624300 7.76367700 -12.00000000
v 7.35718000 9.22561100 -12.00000000
v 5.59165000 10.39103000 -12.00000000
v 3.64640100 11.22247000 -12.00000000
v 1.58395300 11.69321000 -12.00000000
v -0.52940500 11.78812000 -12.00000000
v -2.62574700 11.50415000 -12.00000000
v -4.63769500 10.85043000 -12.00000000
v -6.50058400 9.84796400 -12.00000000
v -8.15453900 8.52897900 -12.00000000
v -9.54640100 6.93586600 -12.00000000
v -10.63143000 5.11982800 -12.00000000
v -11.37476000 3.13923500 -12.00000000
v -11.75250000 1.05774400 -12.00000000
v -11.75250000 -1.05774400 -12.00000000
v -11.37476000 -3.13923500 -12.00000000
v -10.63143000 -5.11982800 -12.00000000
v -9.54640100 -6.93586600 -12.00000000
v -8.15453900 -8.52897900 -12.00000000
v -6.50058400 -9.84796400 -12.00000000
v -4.63769500 -10.85043000 -12.00000000
v -2.62574700 -11.50415000 -12.00000000
v -0.52940500 -11.78812000 -12.00000000
v 1.58395300 -11.69321000 -12.00000000
v 3.64640100 -11.22247000 -12.00000000
v 5.59165000 -10.39103000 -12.00000000
v 7.35718000 -9.22561100 -12.00000000
v 8.88624300 -7.76367700 -12.00000000
v 10.12970000 -6.05221100 -12.00000000
v 11.04757000 -4.14622300 -12.00000000
v 11.61037000 -2.10697100 -12.00000000
v 26.24121000 12.65543000 -13.60000000
v 26.32257000 11.98535000 -13.60000000
v 26.00185000 13.28657000 -13.60000000
v 25.61840000 13.84209000 -13.60000000
v 25.11315000 14.28970000 -13.60000000
v 24.51547000 14.60339000 -13.60000000
v 23.86007000 14.76493000 -13.60000000
v 23.18507000 14.76493000 -13.60000000
v 22.52968000 14.60339000 -13.60000000
v 21.93199000 14.28970000 -13.60000000
v 21.42674000 13.84209000 -13.60000000
v 21.04330000 13.28657000 -13.60000000
v 20.80394000 12.65543000 -13.60000000
v 20.72257000 11.98535000 -13.60000000
v 20.80394000 11.31527000 -13.60000000
v 21.04330000 10.68412000 -13.60000000
v 21.42674000 10.12861000 -13.60000000
v 21.93199000 9.68099400 -13.60000000
v 22.52968000 9.36730400 -13.60000000
v 23.18507000 9.20576400 -13.60000000
v 23.86007000 9.20576400 -13.60000000
v 24.51547000 9.36730400 -13.60000000
v 25.11315000 9.68099400 -13.60000000
v 25.61840000 10.12861000 -13.60000000
v 26.00185000 10.68412000 -13.60000000
v 26.24121000 11.31527000 -13.60000000
v 14.70399000 24.19266000 -13.60000000
v 14.78535000 23.52257000 -13.60000000
v 14.46463000 24.82380000 -13.60000000
v 14.08118000 25.37932000 -13.60000000
v 13.57593000 25.82693000 -13.60000000
v 12.97824000 26.14062000 -13.60000000
v 12.32285000 26.30216000 -13.60000000
v 11.64785000 26.30216000 -13.60000000
v 10.99246000 26.14062000 -13.60000000
v 10.39477000 25.82693000 -13.60000000
v 9.88951900 25.37932000 -13.60000000
v 9.50607200 24.82380000 -13.60000000
v 9.26671200 24.19266000 -13.60000000
v 9.18534900 23.52257000 -13.60000000
v 9.26671200 22.85249000 -13.60000000
v 9.50607200 22.22135000 -13.60000000
v 9.88951900 21.66583000 -13.60000000
v 10.39477000 21.21822000 -13.60000000
v 10.99246000 20.90453000 -13.60000000
v 11.64785000 20.74299000 -13.60000000
v 12.32285000 20.74299000 -13.60000000
v 12.97824000 20.90453000 -13.60000000
v 13.57593000 21.21822000 -13.60000000
v 14.08118000 21.66583000 -13.60000000
v 14.46463000 22.22135000 -13.60000000
v 14.70399000 22.85249000 -13.60000000
v 21.38626000 19.33770000 -13.60000000
v 21.46762000 18.66762000 -13.60000000
v 21.14690000 19.96884000 -13.60000000
v 20.76345000 20.52436000 -13.60000000
v 20.25820000 20.97197000 -13.60000000
v 19.66051000 21.28566000 -13.60000000
v 19.00512000 21.44720000 -13.60000000
v 18.33012000 21.44720000 -13.60000000
v 17.67473000 21.28566000 -13.60000000
v 17.07704000 20.97197000 -13.60000000
v 16.57179000 20.52436000 -13.60000000
v 16.18834000 19.96884000 -13.60000000
v 15.94898000 19.33770000 -13.60000000
v 15.86762000 18.66762000 -13.60000000
v 15.94898000 17.99754000 -13.60000000
v 16.18834000 17.36639000 -13.60000000
v 16.57179000 16.81088000 -13.60000000
v 17.07704000 16.36326000 -13.60000000
v 17.67473000 16.04957000 -13.60000000
v 18.33012000 15.88803000 -13.60000000
v 19.00512000 15.88803000 -13.60000000
v 19.66051000 16.04957000 -13.60000000
v 20.25820000 16.36326000 -13.60000000
v 20.76345000 16.81088000 -13.60000000
v 21.14690000 17.36639000 -13.60000000
v 21.38626000 17.99754000 -13.60000000
v -17.21121000 -18.30865000 -13.60000000
v -17.16762000 -18.66762000 -13.60000000
v -17.33943000 -17.97053000 -13.60000000
v -17.54485000 -17.67294000 -13.60000000
v -17.81552000 -17.43314000 -13.60000000
v -18.13571000 -17.26509000 -13.60000000
v -18.48681000 -17.17856000 -13.60000000
v -18.84842000 -17.17856000 -13.60000000
v -19.19953000 -17.26509000 -13.60000000
v -19.51972000 -17.43314000 -13.60000000
v -19.79039000 -17.67294000 -13.60000000
v -19.99580000 -17.97053000 -13.60000000
v -20.12403000 -18.30865000 -13.60000000
v -20.16762000 -18.66762000 -13.60000000
v -20.12403000 -19.02659000 -13.60000000
v -19.99580000 -19.36470000 -13.60000000
v -19.79039000 -19.66230000 -13.60000000
v -19.51972000 -19.90209000 -13.60000000
v -19.19953000 -20.07014000 -13.60000000
v -18.84842000 -20.15668000 -13.60000000
v -18.48681000 -20.15668000 -13.60000000
v -18.13571000 -20.07014000 -13.60000000
v -17.81552000 -19.90209000 -13.60000000
v -17.54485000 -19.66230000 -13.60000000
v -17.33943000 -19.36470000 -13.60000000
v -17.21121000 -19.02659000 -13.60000000
v -10.52894000 -23.16360000 -13.60000000
v -10.48535000 -23.52257000 -13.60000000
v -10.65717000 -22.82549000 -13.60000000
v -10.86258000 -22.52789000 -13.60000000
v -11.13325000 -22.28810000 -13.60000000
v -11.45344000 -22.12005000 -13.60000000
v -11.80454000 -22.03351000 -13.60000000
v -12.16615000 -22.03351000 -13.60000000
v -12.51726000 -22.12005000 -13.60000000
v -12.83745000 -22.28810000 -13.60000000
v -13.10812000 -22.52789000 -13.60000000
v -13.31353000 -22.82549000 -13.60000000
v -13.44176000 -23.16360000 -13.60000000
v -13.48535000 -23.52257000 -13.60000000
v -13.44176000 -23.88155000 -13.60000000
v -13.31353000 -24.21966000 -13.60000000
v -13.10812000 -24.51726000 -13.60000000
v -12.83745000 -24.75705000 -13.60000000
v -12.51726000 -24.92510000 -13.60000000
v -12.16615000 -25.01164000 -13.60000000
v -11.80454000 -25.01164000 -13.60000000
v -11.45344000 -24.92510000 -13.60000000
v -11.13325000 -24.75705000 -13.60000000
v -10.86258000 -24.51726000 -13.60000000
v -10.65717000 -24.21966000 -13.60000000
v -10.52894000 -23.88155000 -13.60000000
v -22.06616000 -11.62638000 -13.60000000
v -22.02257000 -11.98535000 -13.60000000
v -22.19439000 -11.28826000 -13.60000000
v -22.39981000 -10.99067000 -13.60000000
v -22.67048000 -10.75087000 -13.60000000
v -22.99066000 -10.58282000 -13.60000000
v -23.34177000 -10.49629000 -13.60000000
v -23.70338000 -10.49629000 -13.60000000
v -24.05448000 -10.58282000 -13.60000000
v -24.37467000 -10.75087000 -13.60000000
v -24.64534000 -10.99067000 -13.60000000
v -24.85076000 -11.28826000 -13.60000000
v -24.97898000 -11.62638000 -13.60000000
v -25.02257000 -11.98535000 -13.60000000
v -24.97898000 -12.34432000 -13.60000000
v -24.85076000 -12.68243000 -13.60000000
v -24.64534000 -12.98003000 -13.60000000
v -24.37467000 -13.21982000 -13.60000000
v -24.05448000 -13.38787000 -13.60000000
v -23.70338000 -13.47441000 -13.60000000
v -23.34177000 -13.47441000 -13.60000000
v -22.99066000 -13.38787000 -13.60000000
v -22.67048000 -13.21982000 -13.60000000
v -22.39981000 -12.98003000 -13.60000000
v -22.19439000 -12.68243000 -13.60000000
v -22.06616000 -12.34432000 -13.60000000
v 13.44176000 -23.16360000 -13.60000000
v 13.48535000 -23.52257000 -13.60000000
v 13.31353000 -22.82549000 -13.60000000
v 13.10812000 -22.52789000 -13.60000000
v 12.83745000 -22.28810000 -13.60000000
v 12.51726000 -22.12005000 -13.60000000
v 12.16615000 -22.03351000 -13.60000000
v 11.80454000 -22.03351000 -13.60000000
v 11.45344000 -22.12005000 -13.60000000
v 11.13325000 -22.28810000 -13.60000000
v 10.86258000 -22.52789000 -13.60000000
v 10.65717000 -22.82549000 -13.60000000
v 10.52894000 -23.16360000 -13.60000000
v 10.48535000 -23.52257000 -13.60000000
v 10.52894000 -23.88155000 -13.60000000
v 10.65717000 -24.21966000 -13.60000000
v 10.86258000 -24.51726000 -13.60000000
v 11.13325000 -24.75705000 -13.60000000
v 11.45344000 -24.92510000 -13.60000000
v 11.80454000 -25.01164000 -13.60000000
v 12.16615000 -25.01164000 -13.60000000
v 12.51726000 -24.92510000 -13.60000000
v 12.83745000 -24.75705000 -13.60000000
v 13.10812000 -24.51726000 -13.60000000
v 13.31353000 -24.21966000 -13.60000000
v 13.44176000 -23.88155000 -13.60000000
v 20.12403000 -18.30865000 -13.60000000
v 20.16762000 -18.66762000 -13.60000000
v 19.99580000 -17.97053000 -13.60000000
v 19.79039000 -17.67294000 -13.60000000
v 19.51972000 -17.43314000 -13.60000000
v 19.19953000 -17.26509000 -13.60000000
v 18.84842000 -17.17856000 -13.60000000
v 18.48681000 -17.17856000 -13.60000000
v 18.13571000 -17.26509000 -13.60000000
v 17.81552000 -17.43314000 -13.60000000
v 17.54485000 -17.67294000 -13.60000000
v 17.33943000 -17.97053000 -13.60000000
v 17.21121000 -18.30865000 -13.60000000
v 17.16762000 -18.66762000 -13.60000000
v 17.21121000 -19.02659000 -13.60000000
v 17.33943000 -19.36470000 -13.60000000
v 17.54485000 -19.66230000 -13.60000000
v 17.81552000 -19.90209000 -13.60000000
v 18.13571000 -20.07014000 -13.60000000
v 18.48681000 -20.15668000 -13.60000000
v 18.84842000 -20.15668000 -13.60000000
v 19.19953000 -20.07014000 -13.60000000
v 19.51972000 -19.90209000 -13.60000000
v 19.79039000 -19.66230000 -13.60000000
v 19.99580000 -19.36470000 -13.60000000
v 20.12403000 -19.02659000 -13.60000000
v 24.97898000 -11.62638000 -13.60000000
v 25.02257000 -11.98535000 -13.60000000
v 24.85076000 -11.28826000 -13.60000000
v 24.64534000 -10.99067000 -13.60000000
v 24.37467000 -10.75087000 -13.60000000
v 24.05448000 -10.58282000 -13.60000000
v 23.70338000 -10.49629000 -13.60000000
v 23.34177000 -10.49629000 -13.60000000
v 22.99066000 -10.58282000 -13.60000000
v 22.67048000 -10.75087000 -13.60000000
v 22.39981000 -10.99067000 -13.60000000
v 22.19439000 -11.28826000 -13.60000000
v 22.06616000 -11.62638000 -13.60000000
v 22.02257000 -11.98535000 -13.60000000
v 22.06616000 -12.34432000 -13.60000000
v 22.19439000 -12.68243000 -13.60000000
v 22.39981000 -12.98003000 -13.60000000
v 22.67048000 -13.21982000 -13.60000000
v 22.99066000 -13.38787000 -13.60000000
v 23.34177000 -13.47441000 -13.60000000
v 23.70338000 -13.47441000 -13.60000000
v 24.05448000 -13.38787000 -13.60000000
v 24.37467000 -13.21982000 -13.60000000
v 24.64534000 -12.98003000 -13.60000000
v 24.85076000 -12.68243000 -13.60000000
v 24.97898000 -12.34432000 -13.60000000
v -22.06616000 12.34432000 -13.60000000
v -22.02257000 11.98535000 -13.60000000
v -22.19439000 12.68243000 -13.60000000
v -22.39981000 12.98003000 -13.60000000
v -22.67048000 13.21982000 -13.60000000
v -22.99066000 13.38787000 -13.60000000
v -23.34177000 13.47441000 -13.60000000
v -23.70338000 13.47441000 -13.60000000
v -24.05448000 13.38787000 -13.60000000
v -24.37467000 13.21982000 -13.60000000
v -24.64534000 12.98003000 -13.60000000
v -24.85076000 12.68243000 -13.60000000
v -24.97898000 12.34432000 -13.60000000
v -25.02257000 11.98535000 -13.60000000
v -24.97898000 11.62638000 -13.60000000
v -24.85076000 11.28826000 -13.60000000
v -24.64534000 10.99067000 -13.60000000
v -24.37467000 10.75087000 -13.60000000
v -24.05448000 10.58282000 -13.60000000
v -23.70338000 10.49629000 -13.60000000
v -23.34177000 10.49629000 -13.60000000
v -22.99066000 10.58282000 -13.60000000
v -22.67048000 10.75087000 -13.60000000
v -22.39981000 10.99067000 -13.60000000
v -22.19439000 11.28826000 -13.60000000
v -22.06616000 11.62638000 -13.60000000
v -17.21121000 19.02659000 -13.60000000
v -17.16762000 18.66762000 -13.60000000
v -17.33943000 19.36470000 -13.60000000
v -17.54485000 19.66230000 -13.60000000
v -17.81552000 19.90209000 -13.60000000
v -18.13571000 20.07014000 -13.60000000
v -18.48681000 20.15668000 -13.60000000
v -18.84842000 20.15668000 -13.60000000
v -19.19953000 20.07014000 -13.60000000
v -19.51972000 19.90209000 -13.60000000
v -19.79039000 19.66230000 -13.60000000
v -19.99580000 19.36470000 -13.60000000
v -20.12403000 19.02659000 -13.60000000
v -20.16762000 18.66762000 -13.60000000
v -20.12403000 18.30865000 -13.60000000
v -19.99580000 17.97053000 -13.60000000
v -19.79039000 17.67294000 -13.60000000
v -19.51972000 17.43314000 -13.60000000
v -19.19953000 17.26509000 -13.60000000
v -18.84842000 17.17856000 -13.60000000
v -18.48681000 17.17856000 -13.60000000
v -18.13571000 17.26509000 -13.60000000
v -17.81552000 17.43314000 -13.60000000
v -17.54485000 17.67294000 -13.60000000
v -17.33943000 17.97053000 -13.60000000
v -17.21121000 18.30865000 -13.60000000
v -10.52894000 23.88155000 -13.60000000
v -10.48535000 23.52257000 -13.60000000
v -10.65717000 24.21966000 -13.60000000
v -10.86258000 24.51726000 -13.60000000
v -11.13325000 24.75705000 -13.60000000
v -11.45344000 24.92510000 -13.60000000
v -11.80454000 25.01164000 -13.60000000
v -12.16615000 25.01164000 -13.60000000
v -12.51726000 24.92510000 -13.60000000
v -12.83745000 24.75705000 -13.60000000
v -13.10812000 24.51726000 -13.60000000
v -13.31353000 24.21966000 -13.60000000
v -13.44176000 23.88155000 -13.60000000
v -13.48535000 23.52257000 -13.60000000
v -13.44176000 23.16360000 -13.60000000
v -13.31353000 22.82549000 -13.60000000
v -13.10812000 22.52789000 -13.60000000
v -12.83745000 22.28810000 -13.60000000
v -12.51726000 22.12005000 -13.60000000
v -12.16615000 22.03351000 -13.60000000
v -11.80454000 22.03351000 -13.60000000
v -11.45344000 22.12005000 -13.60000000
v -11.13325000 22.28810000 -13.60000000
v -10.86258000 22.52789000 -13.60000000
v -10.65717000 22.82549000 -13.60000000
v -10.52894000 23.16360000 -13.60000000
v 21.70000000 -0.00000000 5.80000000
v 21.50638000 2.89232700 5.80000000
v 20.92898000 5.73304000 5.80000000
v 19.97810000 8.47144700 5.80000000
v 18.67071000 11.05868000 5.80000000
v 17.03015000 13.44857000 5.80000000
v 15.08568000 15.59847000 5.80000000
v 12.87200000 17.47002000 5.80000000
v 10.42862000 19.02981000 5.80000000
v 7.79914900 20.25002000 5.80000000
v 5.03049700 21.10886000 5.80000000
v 2.17207700 21.59102000 5.80000000
v -0.72510500 21.68788000 5.80000000
v -3.60934700 21.39772000 5.80000000
v -6.42918000 20.72572000 5.80000000
v -9.13428400 19.68387000 5.80000000
v -11.67639000 18.29076000 5.80000000
v -14.01012000 16.57125000 5.80000000
v -16.09385000 14.55603000 5.80000000
v -17.89038000 12.28105000 5.80000000
v -19.36766000 9.78692000 5.80000000
v -20.49932000 7.11813900 5.80000000
v -21.26517000 4.32233600 5.80000000
v -21.65154000 1.44940000 5.80000000
v -21.65154000 -1.44940000 5.80000000
v -21.26517000 -4.32233600 5.80000000
v -20.49932000 -7.11813900 5.80000000
v -19.36766000 -9.78692000 5.80000000
v -17.89038000 -12.28105000 5.80000000
v -16.09385000 -14.55603000 5.80000000
v -14.01012000 -16.57125000 5.80000000
v -11.67639000 -18.29076000 5.80000000
v -9.13428400 -19.68387000 5.80000000
v -6.42918000 -20.72572000 5.80000000
v -3.60934700 -21.39772000 5.80000000
v -0.72510500 -21.68788000 5.80000000
v 2.17207700 -21.59102000 5.80000000
v 5.03049700 -21.10886000 5.80000000
v 7.79914900 -20.25002000 5.80000000
v 10.42862000 -19.02981000 5.80000000
v 12.87200000 -17.47002000 5.80000000
v 15.08568000 -15.59847000 5.80000000
v 17.03015000 -13.44857000 5.80000000
v 18.67071000 -11.05868000 5.80000000
v 19.97810000 -8.47144700 5.80000000
v 20.92898000 -5.73304000 5.80000000
v 21.50638000 -2.89232700 5.80000000
v 24.97898000 12.34432000 -13.60000000
v 25.02257000 11.98535000 -13.60000000
v 24.85076000 12.68243000 -13.60000000
v 24.64534000 12.98003000 -13.60000000
v 24.37467000 13.21982000 -13.60000000
v 24.05448000 13.38787000 -13.60000000
v 23.70338000 13.47441000 -13.60000000
v 23.34177000 13.47441000 -13.60000000
v 22.99066000 13.38787000 -13.60000000
v 22.67048000 13.21982000 -13.60000000
v 22.39981000 12.98003000 -13.60000000
v 22.19439000 12.68243000 -13.60000000
v 22.06616000 12.34432000 -13.60000000
v 22.02257000 11.98535000 -13.60000000
v 22.06616000 11.62638000 -13.60000000
v 22.19439000 11.28826000 -13.60000000
v 22.39981000 10.99067000 -13.60000000
v 22.67048000 10.75087000 -13.60000000
v 22.99066000 10.58282000 -13.60000000
v 23.34177000 10.49629000 -13.60000000
v 23.70338000 10.49629000 -13.60000000
v 24.05448000 10.58282000 -13.60000000
v 24.37467000 10.75087000 -13.60000000
v 24.64534000 10.99067000 -13.60000000
v 24.85076000 11.28826000 -13.60000000
v 24.97898000 11.62638000 -13.60000000
v 13.44176000 23.88155000 -13.60000000
v 13.48535000 23.52257000 -13.60000000
v 13.31353000 24.21966000 -13.60000000
v 13.10812000 24.51726000 -13.60000000
v 12.83745000 24.75705000 -13.60000000
v 12.51726000 24.92510000 -13.60000000
v 12.16615000 25.01164000 -13.60000000
v 11.80454000 25.01164000 -13.60000000
v 11.45344000 24.92510000 -13.60000000
v 11.13325000 24.75705000 -13.60000000
v 10.86258000 24.51726000 -13.60000000
v 10.65717000 24.21966000 -13.60000000
v 10.52894000 23.88155000 -13.60000000
v 10.48535000 23.52257000 -13.60000000
v 10.52894000 23.16360000 -13.60000000
v 10.65717000 22.82549000 -13.60000000
v 10.86258000 22.52789000 -13.60000000
v 11.13325000 22.28810000 -13.60000000
v 11.45344000 22.12005000 -13.60000000
v 11.80454000 22.03351000 -13.60000000
v 12.16615000 22.03351000 -13.60000000
v 12.51726000 22.12005000 -13.60000000
v 12.83745000 22.28810000 -13.60000000
v 13.10812000 22.52789000 -13.60000000
v 13.31353000 22.82549000 -13.60000000
v 13.44176000 23.16360000 -13.60000000
v 20.12403000 19.02659000 -13.60000000
v 20.16762000 18.66762000 -13.60000000
v 19.99580000 19.36470000 -13.60000000
v 19.79039000 19.66230000 -13.60000000
v 19.51972000 19.90209000 -13.60000000
v 19.19953000 20.07014000 -13.60000000
v 18.84842000 20.15668000 -13.60000000
v 18.48681000 20.15668000 -13.60000000
v 18.13571000 20.07014000 -13.60000000
v 17.81552000 19.90209000 -13.60000000
v 17.54485000 19.66230000 -13.60000000
v 17.33943000 19.36470000 -13.60000000
v 17.21121000 19.02659000 -13.60000000
v 17.16762000 18.66762000 -13.60000000
v 17.21121000 18.30865000 -13.60000000
v 17.33943000 17.97053000 -13.60000000
v 17.54485000 17.67294000 -13.60000000
v 17.81552000 17.43314000 -13.60000000
v 18.13571000 17.26509000 -13.60000000
v 18.48681000 17.17856000 -13.60000000
v 18.84842000 17.17856000 -13.60000000
v 19.19953000 17.26509000 -13.60000000
v 19.51972000 17.43314000 -13.60000000
v 19.79039000 17.67294000 -13.60000000
v 19.99580000 17.97053000 -13.60000000
v 20.12403000 18.30865000 -13.60000000
v -16.09385000 -14.55603000 -12.00000000
v -14.01012000 -16.57125000 -12.00000000
v -17.89038000 -12.28105000 -12.00000000
v -11.67639000 -18.29076000 -12.00000000
v -9.13428400 -19.68387000 -12.00000000
v -20.49932000 -7.11813900 -12.00000000
v -19.36766000 -9.78692000 -12.00000000
v -6.42918000 -20.72572000 -12.00000000
v -21.26517000 -4.32233600 -12.00000000
v -3.60934700 -21.39772000 -12.00000000
v -21.65154000 1.44940000 -12.00000000
v -21.65154000 -1.44940000 -12.00000000
v -0.72510500 -21.68788000 -12.00000000
v 2.17207700 -21.59102000 -12.00000000
v -21.26517000 4.32233600 -12.00000000
v 5.03049700 -21.10886000 -12.00000000
v -20.49932000 7.11813900 -12.00000000
v 7.79914900 -20.25002000 -12.00000000
v -17.89038000 12.28105000 -12.00000000
v -19.36766000 9.78692000 -12.00000000
v 10.42862000 -19.02981000 -12.00000000
v 12.87200000 -17.47002000 -12.00000000
v -16.09385000 14.55603000 -12.00000000
v 15.08568000 -15.59847000 -12.00000000
v -14.01012000 16.57125000 -12.00000000
v 17.03015000 -13.44857000 -12.00000000
v -11.67639000 18.29076000 -12.00000000
v 18.67071000 -11.05868000 -12.00000000
v -9.13428400 19.68387000 -12.00000000
v 19.97810000 -8.47144700 -12.00000000
v -6.42918000 20.72572000 -12.00000000
v 20.92898000 -5.73304000 -12.00000000
v -3.60934700 21.39772000 -12.00000000
v 21.50638000 -2.89232700 -12.00000000
v -0.72510500 21.68788000 -12.00000000
v 21.70000000 -0.00000000 -12.00000000
v 2.17207700 21.59102000 -12.00000000
v 21.50638000 2.89232700 -12.00000000
v 5.03049700 21.10886000 -12.00000000
v 20.92898000 5.73304000 -12.00000000
v 7.79914900 20.25002000 -12.00000000
v 19.97810000 8.47144700 -12.00000000
v 10.42862000 19.02981000 -12.00000000
v 18.67071000 11.05868000 -12.00000000
v 12.87200000 17.47002000 -12.00000000
v 17.03015000 13.44857000 -12.00000000
v 15.08568000 15.59847000 -12.00000000
v -14.29949000 -15.31101000 5.80000000
v -16.25115000 -13.22129000 5.80000000
v -12.08145000 -17.11552000 5.80000000
v -17.90009000 -10.88528000 5.80000000
v -9.63836300 -18.60120000 5.80000000
v -19.21558000 -8.34650300 5.80000000
v -7.01572800 -19.74037000 5.80000000
v -20.17312000 -5.65224200 5.80000000
v -4.26240300 -20.51181000 5.80000000
v -20.75487000 -2.85269100 5.80000000
v -1.42967900 -20.90116000 5.80000000
v -20.95000000 0.00000000 5.80000000
v 1.42967900 -20.90116000 5.80000000
v -20.75487000 2.85269100 5.80000000
v 4.26240300 -20.51181000 5.80000000
v -20.17312000 5.65224200 5.80000000
v 7.01572800 -19.74037000 5.80000000
v -19.21558000 8.34650300 5.80000000
v 9.63836300 -18.60120000 5.80000000
v -17.90009000 10.88528000 5.80000000
v 12.08145000 -17.11552000 5.80000000
v -16.25115000 13.22129000 5.80000000
v 14.29949000 -15.31101000 5.80000000
v -14.29949000 15.31101000 5.80000000
v 16.25115000 -13.22129000 5.80000000
v -12.08145000 17.11552000 5.80000000
v 17.90009000 -10.88528000 5.80000000
v -9.63836300 18.60120000 5.80000000
v 19.21558000 -8.34650300 5.80000000
v -7.01572800 19.74037000 5.80000000
v 20.17312000 -5.65224200 5.80000000
v -4.26240300 20.51181000 5.80000000
v 20.75487000 -2.85269100 5.80000000
v -1.42967900 20.90116000 5.80000000
v 20.95000000 -0.00000000 5.80000000
v 1.42967900 20.90116000 5.80000000
v 20.75487000 2.85269100 5.80000000
v 4.26240300 20.51181000 5.80000000
v 20.17312000 5.65224200 5.80000000
v 7.01572800 19.74037000 5.80000000
v 9.63836300 18.60120000 5.80000000
v 19.21558000 8.34650300 5.80000000
v 12.08145000 17.11552000 5.80000000
v 17.90009000 10.88528000 5.80000000
v 14.29949000 15.31101000 5.80000000
v 16.25115000 13.22129000 5.80000000
v 21.50638000 2.89232700 -4.16000000
v 21.70000000 -0.00000000 -4.16000000
v 20.92898000 5.73304000 -4.16000000
v 19.97810000 8.47144700 -4.16000000
v 18.67071000 11.05868000 -4.16000000
v 17.03015000 13.44857000 -4.16000000
v 15.08568000 15.59847000 -4.16000000
v 12.87200000 17.47002000 -4.16000000
v 10.42862000 19.02981000 -4.16000000
v 7.79914900 20.25002000 -4.16000000
v 5.03049700 21.10886000 -4.16000000
v 2.17207700 21.59102000 -4.16000000
v -0.72510500 21.68788000 -4.16000000
v -3.60934700 21.39772000 -4.16000000
v -6.42918000 20.72572000 -4.16000000
v -9.13428400 19.68387000 -4.16000000
v -11.67639000 18.29076000 -4.16000000
v -14.01012000 16.57125000 -4.16000000
v -16.09385000 14.55603000 -4.16000000
v -17.89038000 12.28105000 -4.16000000
v -19.36766000 9.78692000 -4.16000000
v -20.49932000 7.11813900 -4.16000000
v -21.26517000 4.32233600 -4.16000000
v -21.65154000 1.44940000 -4.16000000
v -21.65154000 -1.44940000 -4.16000000
v -21.26517000 -4.32233600 -4.16000000
v -20.49932000 -7.11813900 -4.16000000
v -19.36766000 -9.78692000 -4.16000000
v -17.89038000 -12.28105000 -4.16000000
v -16.09385000 -14.55603000 -4.16000000
v -14.01012000 -16.57125000 -4.16000000
v -11.67639000 -18.29076000 -4.16000000
v -9.13428400 -19.68387000 -4.16000000
v -6.42918000 -20.72572000 -4.16000000
v -3.60934700 -21.39772000 -4.16000000
v -0.72510500 -21.68788000 -4.16000000
v 2.17207700 -21.59102000 -4.16000000
v 5.03049700 -21.10886000 -4.16000000
v 7.79914900 -20.25002000 -4.16000000
v 10.42862000 -19.02981000 -4.16000000
v 12.87200000 -17.47002000 -4.16000000
v 15.08568000 -15.59847000 -4.16000000
v 17.03015000 -13.44857000 -4.16000000
v 18.67071000 -11.05868000 -4.16000000
v 19.97810000 -8.47144700 -4.16000000
v 20.92898000 -5.73304000 -4.16000000
v 21.50638000 -2.89232700 -4.16000000
v 20.95000000 -0.00000000 5.44000000
v 20.75487000 2.85269100 5.44000000
v 20.17312000 5.65224200 5.44000000
v 19.21558000 8.34650300 5.44000000
v 17.90009000 10.88528000 5.44000000
v 16.25115000 13.22129000 5.44000000
v 14.29949000 15.31101000 5.44000000
v 12.08145000 17.11552000 5.44000000
v 9.63836300 18.60120000 5.44000000
v 7.01572800 19.74037000 5.44000000
v 4.26240300 20.51181000 5.44000000
v 1.42967900 20.90116000 5.44000000
v -1.42967900 20.90116000 5.44000000
v -4.26240300 20.51181000 5.44000000
v -7.01572800 19.74037000 5.44000000
v -9.63836300 18.60120000 5.44000000
v -12.08145000 17.11552000 5.44000000
v -14.29949000 15.31101000 5.44000000
v -16.25115000 13.22129000 5.44000000
v -17.90009000 10.88528000 5.44000000
v -19.21558000 8.34650300 5.44000000
v -20.17312000 5.65224200 5.44000000
v -20.75487000 2.85269100 5.44000000
v -20.95000000 0.00000000 5.44000000
v -20.75487000 -2.85269100 5.44000000
v -20.17312000 -5.65224200 5.44000000
v -19.21558000 -8.34650300 5.44000000
v -17.90009000 -10.88528000 5.44000000
v -16.25115000 -13.22129000 5.44000000
v -14.29949000 -15.31101000 5.44000000
v -12.08145000 -17.11552000 5.44000000
v -9.63836300 -18.60120000 5.44000000
v -7.01572800 -19.74037000 5.44000000
v -4.26240300 -20.51181000 5.44000000
v -1.42967900 -20.90116000 5.44000000
v 1.42967900 -20.90116000 5.44000000
v 4.26240300 -20.51181000 5.44000000
v 7.01572800 -19.74037000 5.44000000
v 9.63836300 -18.60120000 5.44000000
v 12.08145000 -17.11552000 5.44000000
v 14.29949000 -15.31101000 5.44000000
v 16.25115000 -13.22129000 5.44000000
v 17.90009000 -10.88528000 5.44000000
v 19.21558000 -8.34650300 5.44000000
v 20.17312000 -5.65224200 5.44000000
v 20.75487000 -2.85269100 5.44000000
v -14.29949000 -15.31101000 -4.16000000
v -16.25115000 -13.22129000 -4.16000000
v -12.08145000 -17.11552000 -4.16000000
v -17.90009000 -10.88528000 -4.16000000
v -9.63836300 -18.60120000 -4.16000000
v -19.21558000 -8.34650300 -4.16000000
v -7.01572800 -19.74037000 -4.16000000
v -20.17312000 -5.65224200 -4.16000000
v -4.26240300 -20.51181000 -4.16000000
v -20.75487000 -2.85269100 -4.16000000
v -1.42967900 -20.90116000 -4.16000000
v -20.95000000 0.00000000 -4.16000000
v 1.42967900 -20.90116000 -4.16000000
v -20.75487000 2.85269100 -4.16000000
v 4.26240300 -20.51181000 -4.16000000
v -20.17312000 5.65224200 -4.16000000
v 7.01572800 -19.74037000 -4.16000000
v -19.21558000 8.34650300 -4.16000000
v 9.63836300 -18.60120000 -4.16000000
v -17.90009000 10.88528000 -4.16000000
v 12.08145000 -17.11552000 -4.16000000
v -16.25115000 13.22129000 -4.16000000
v 14.29949000 -15.31101000 -4.16000000
v -14.29949000 15.31101000 -4.16000000
v 16.25115000 -13.22129000 -4.16000000
v -12.08145000 17.11552000 -4.16000000
v 17.90009000 -10.88528000 -4.16000000
v -9.63836300 18.60120000 -4.16000000
v 19.21558000 -8.34650300 -4.16000000
v -7.01572800 19.74037000 -4.16000000
v 20.17312000 -5.65224200 -4.16000000
v -4.26240300 20.51181000 -4.16000000
v 20.75487000 -2.85269100 -4.16000000
v -1.42967900 20.90116000 -4.16000000
v 20.95000000 -0.00000000 -4.16000000
v 1.42967900 20.90116000 -4.16000000
v 20.75487000 2.85269100 -4.16000000
v 4.26240300 20.51181000 -4.16000000
v 20.17312000 5.65224200 -4.16000000
v 7.01572800 19.74037000 -4.16000000
v 9.63836300 18.60120000 -4.16000000
v 19.21558000 8.34650300 -4.16000000
v 12.08145000 17.11552000 -4.16000000
v 17.90009000 10.88528000 -4.16000000
v 14.29949000 15.31101000 -4.16000000
v 16.25115000 13.22129000 -4.16000000
v -14.01012000 -16.57125000 5.44000000
v -16.09385000 -14.55603000 5.44000000
v -17.89038000 -12.28105000 5.44000000
v -11.67639000 -18.29076000 5.44000000
v -19.36766000 -9.78692000 5.44000000
v -9.13428400 -19.68387000 5.44000000
v -20.49932000 -7.11813900 5.44000000
v -6.42918000 -20.72572000 5.44000000
v -21.26517000 -4.32233600 5.44000000
v -3.60934700 -21.39772000 5.44000000
v -21.65154000 -1.44940000 5.44000000
v -0.72510500 -21.68788000 5.44000000
v -21.65154000 1.44940000 5.44000000
v 2.17207700 -21.59102000 5.44000000
v -21.26517000 4.32233600 5.44000000
v 5.03049700 -21.10886000 5.44000000
v -20.49932000 7.11813900 5.44000000
v 7.79914900 -20.25002000 5.44000000
v -19.36766000 9.78692000 5.44000000
v 10.42862000 -19.02981000 5.44000000
v -17.89038000 12.28105000 5.44000000
v 12.87200000 -17.47002000 5.44000000
v -16.09385000 14.55603000 5.44000000
v 15.08568000 -15.59847000 5.44000000
v -14.01012000 16.57125000 5.44000000
v 17.03015000 -13.44857000 5.44000000
v -11.67639000 18.29076000 5.44000000
v 18.67071000 -11.05868000 5.44000000
v -9.13428400 19.68387000 5.44000000
v 19.97810000 -8.47144700 5.44000000
v -6.42918000 20.72572000 5.44000000
v 20.92898000 -5.73304000 5.44000000
v -3.60934700 21.39772000 5.44000000
v 21.50638000 -2.89232700 5.44000000
v -0.72510500 21.68788000 5.44000000
v 21.70000000 -0.00000000 5.44000000
v 2.17207700 21.59102000 5.44000000
v 21.50638000 2.89232700 5.44000000
v 5.03049700 21.10886000 5.44000000
v 20.92898000 5.73304000 5.44000000
v 7.79914900 20.25002000 5.44000000
v 19.97810000 8.47144700 5.44000000
v 10.42862000 19.02981000 5.44000000
v 18.67071000 11.05868000 5.44000000
v 12.87200000 17.47002000 5.44000000
v 17.03015000 13.44857000 5.44000000
v 15.08568000 15.59847000 5.44000000
v 20.75487000 2.85269100 -3.80000000
v 20.95000000 -0.00000000 -3.80000000
v 20.17312000 5.65224200 -3.80000000
v 19.21558000 8.34650300 -3.80000000
v 17.90009000 10.88528000 -3.80000000
v 16.25115000 13.22129000 -3.80000000
v 14.29949000 15.31101000 -3.80000000
v 12.08145000 17.11552000 -3.80000000
v 9.63836300 18.60120000 -3.80000000
v 7.01572800 19.74037000 -3.80000000
v 4.26240300 20.51181000 -3.80000000
v 1.42967900 20.90116000 -3.80000000
v -1.42967900 20.90116000 -3.80000000
v -4.26240300 20.51181000 -3.80000000
v -7.01572800 19.74037000 -3.80000000
v -9.63836300 18.60120000 -3.80000000
v -12.08145000 17.11552000 -3.80000000
v -14.29949000 15.31101000 -3.80000000
v -16.25115000 13.22129000 -3.80000000
v -17.90009000 10.88528000 -3.80000000
v -19.21558000 8.34650300 -3.80000000
v -20.17312000 5.65224200 -3.80000000
v -20.75487000 2.85269100 -3.80000000
v -20.95000000 0.00000000 -3.80000000
v -20.75487000 -2.85269100 -3.80000000
v -20.17312000 -5.65224200 -3.80000000
v -19.21558000 -8.34650300 -3.80000000
v -17.90009000 -10.88528000 -3.80000000
v -16.25115000 -13.22129000 -3.80000000
v -14.29949000 -15.31101000 -3.80000000
v -12.08145000 -17.11552000 -3.80000000
v -9.63836300 -18.60120000 -3.80000000
v -7.01572800 -19.74037000 -3.80000000
v -4.26240300 -20.51181000 -3.80000000
v -1.42967900 -20.90116000 -3.80000000
v 1.42967900 -20.90116000 -3.80000000
v 4.26240300 -20.51181000 -3.80000000
v 7.01572800 -19.74037000 -3.80000000
v 9.63836300 -18.60120000 -3.80000000
v 12.08145000 -17.11552000 -3.80000000
v 14.29949000 -15.31101000 -3.80000000
v 16.25115000 -13.22129000 -3.80000000
v 17.90009000 -10.88528000 -3.80000000
v 19.21558000 -8.34650300 -3.80000000
v 20.17312000 -5.65224200 -3.80000000
v 20.75487000 -2.85269100 -3.80000000
v 21.70000000 -0.00000000 -3.80000000
v 21.50638000 2.89232700 -3.80000000
v 20.92898000 5.73304000 -3.80000000
v 19.97810000 8.47144700 -3.80000000
v 18.67071000 11.05868000 -3.80000000
v 17.03015000 13.44857000 -3.80000000
v 15.08568000 15.59847000 -3.80000000
v 12.87200000 17.47002000 -3.80000000
v 10.42862000 19.02981000 -3.80000000
v 7.79914900 20.25002000 -3.80000000
v 5.03049700 21.10886000 -3.80000000
v 2.17207700 21.59102000 -3.80000000
v -0.72510500 21.68788000 -3.80000000
v -3.60934700 21.39772000 -3.80000000
v -6.42918000 20.72572000 -3.80000000
v -9.13428400 19.68387000 -3.80000000
v -11.67639000 18.29076000 -3.80000000
v -14.01012000 16.57125000 -3.80000000
v -16.09385000 14.55603000 -3.80000000
v -17.89038000 12.28105000 -3.80000000
v -19.36766000 9.78692000 -3.80000000
v -20.49932000 7.11813900 -3.80000000
v -21.26517000 4.32233600 -3.80000000
v -21.65154000 1.44940000 -3.80000000
v -21.65154000 -1.44940000 -3.80000000
v -21.26517000 -4.32233600 -3.80000000
v -20.49932000 -7.11813900 -3.80000000
v -19.36766000 -9.78692000 -3.80000000
v -17.89038000 -12.28105000 -3.80000000
v -16.09385000 -14.55603000 -3.80000000
v -14.01012000 -16.57125000 -3.80000000
v -11.67639000 -18.29076000 -3.80000000
v -9.13428400 -19.68387000 -3.80000000
v -6.42918000 -20.72572000 -3.80000000
v -3.60934700 -21.39772000 -3.80000000
v -0.72510500 -21.68788000 -3.80000000
v 2.17207700 -21.59102000 -3.80000000
v 5.03049700 -21.10886000 -3.80000000
v 7.79914900 -20.25002000 -3.80000000
v 10.42862000 -19.02981000 -3.80000000
v 12.87200000 -17.47002000 -3.80000000
v 15.08568000 -15.59847000 -3.80000000
v 17.03015000 -13.44857000 -3.80000000
v 18.67071000 -11.05868000 -3.80000000
v 19.97810000 -8.47144700 -3.80000000
v 20.92898000 -5.73304000 -3.80000000
v 21.50638000 -2.89232700 -3.80000000
f 1 2 3
f 4 1 3
f 5 2 1
f 6 4 3
f 7 2 5
f 8 6 3
f 9 10 2
f 9 2 7
f 11 3 12
f 11 8 3
f 13 14 15
f 16 17 18
f 19 10 9
f 20 12 15
f 20 15 14
f 21 18 17
f 22 13 15
f 23 18 10
f 23 16 18
f 24 11 12
f 25 12 20
f 26 22 15
f 27 21 28
f 27 18 21
f 29 22 26
f 30 23 10
f 31 10 19
f 32 12 25
f 33 27 28
f 34 24 12
f 35 29 26
f 36 30 10
f 37 34 12
f 37 12 32
f 38 27 33
f 39 35 26
f 40 10 31
f 40 31 41
f 40 36 10
f 42 39 26
f 43 34 37
f 43 44 34
f 45 46 27
f 45 27 38
f 47 39 42
f 48 40 41
f 48 41 49
f 50 44 43
f 50 51 44
f 52 46 45
f 53 47 42
f 54 49 55
f 54 48 49
f 56 51 50
f 56 57 51
f 58 46 52
f 59 53 42
f 59 42 60
f 61 54 55
f 61 55 62
f 63 57 56
f 63 64 57
f 65 66 46
f 65 46 58
f 67 59 60
f 68 61 62
f 68 62 69
f 70 71 72
f 70 73 71
f 70 74 73
f 75 68 69
f 75 76 74
f 75 69 76
f 75 74 70
f 77 64 63
f 77 72 64
f 77 70 72
f 77 78 79
f 77 63 78
f 80 81 82
f 80 83 81
f 80 82 68
f 80 68 75
f 84 77 79
f 84 85 86
f 84 87 85
f 84 79 87
f 88 89 83
f 88 90 89
f 88 83 80
f 91 67 60
f 91 92 67
f 91 60 93
f 94 95 66
f 94 96 97
f 94 65 96
f 94 66 65
f 98 99 100
f 98 86 99
f 98 84 86
f 101 102 90
f 101 97 102
f 101 90 88
f 101 94 97
f 103 100 92
f 103 92 91
f 103 98 100
f 104 94 101
f 105 103 91
f 106 107 108
f 106 105 91
f 109 110 111
f 112 109 94
f 112 94 104
f 113 105 106
f 114 109 112
f 115 113 106
f 116 117 118
f 119 120 121
f 122 108 118
f 122 118 117
f 123 121 120
f 124 121 123
f 125 118 126
f 125 116 118
f 127 121 110
f 127 110 109
f 127 119 121
f 128 108 122
f 128 106 108
f 129 124 123
f 130 125 126
f 131 127 109
f 132 115 106
f 132 106 128
f 133 124 129
f 134 109 114
f 135 130 126
f 136 131 109
f 136 109 134
f 137 115 132
f 138 124 133
f 139 135 126
f 140 136 134
f 141 124 138
f 142 137 143
f 142 115 137
f 144 140 134
f 145 142 143
f 146 147 139
f 146 148 147
f 146 139 126
f 149 124 141
f 149 141 150
f 151 149 150
f 152 144 134
f 152 153 144
f 154 148 146
f 155 153 152
f 156 149 151
f 157 158 159
f 157 160 158
f 157 145 160
f 157 142 145
f 161 162 163
f 161 155 152
f 161 164 155
f 161 163 164
f 165 149 156
f 165 166 167
f 165 168 166
f 165 156 168
f 169 154 146
f 169 170 171
f 169 172 154
f 169 171 172
f 173 157 159
f 173 174 175
f 173 159 174
f 176 177 178
f 179 167 180
f 181 176 178
f 181 178 170
f 181 170 169
f 182 180 183
f 182 179 180
f 184 185 177
f 184 177 176
f 186 167 179
f 186 165 167
f 187 181 169
f 188 183 189
f 188 182 183
f 190 175 185
f 190 185 184
f 191 165 186
f 192 187 169
f 193 189 162
f 193 188 189
f 194 162 161
f 195 175 190
f 195 173 175
f 196 165 191
f 197 162 194
f 197 193 162
f 198 165 196
f 199 192 169
f 199 200 192
f 201 173 195
f 202 198 196
f 203 200 199
f 204 197 194
f 205 198 202
f 206 173 201
f 206 201 207
f 208 203 199
f 209 204 194
f 210 206 207
f 211 198 205
f 212 208 199
f 213 206 210
f 214 215 209
f 214 209 194
f 216 215 214
f 217 216 214
f 218 198 211
f 218 219 220
f 218 211 219
f 221 212 199
f 221 222 212
f 221 223 222
f 224 218 220
f 225 223 221
f 226 206 213
f 226 227 228
f 226 213 227
f 229 218 224
f 230 217 214
f 230 231 217
f 232 233 234
f 232 229 233
f 232 218 229
f 235 236 225
f 235 237 236
f 235 225 221
f 238 239 240
f 241 242 243
f 244 238 240
f 244 240 245
f 246 241 243
f 246 243 247
f 248 239 238
f 248 249 239
f 250 234 242
f 250 242 241
f 251 244 245
f 251 237 235
f 251 245 237
f 252 246 247
f 252 247 231
f 252 231 230
f 253 249 248
f 253 254 226
f 253 228 249
f 253 226 228
f 255 234 250
f 255 232 234
f 256 251 235
f 257 252 230
f 258 254 253
f 259 232 255
f 260 256 235
f 261 257 230
f 261 230 262
f 263 254 258
f 264 232 259
f 265 260 235
f 266 261 262
f 267 254 263
f 268 232 264
f 269 254 267
f 270 266 262
f 271 232 268
f 272 273 265
f 272 265 235
f 274 269 267
f 275 271 268
f 276 273 272
f 277 270 262
f 278 269 274
f 279 271 275
f 280 277 262
f 281 276 272
f 282 277 280
f 283 271 279
f 284 282 280
f 285 286 287
f 285 278 286
f 285 269 278
f 288 271 283
f 288 289 290
f 288 291 289
f 288 283 291
f 292 293 281
f 292 294 293
f 292 281 272
f 292 295 294
f 296 295 292
f 297 284 280
f 297 298 284
f 299 300 301
f 299 302 300
f 299 290 302
f 299 288 290
f 303 296 292
f 303 304 296
f 303 305 304
f 303 306 305
f 307 308 285
f 307 309 308
f 307 285 287
f 307 310 306
f 307 287 310
f 311 297 312
f 311 313 298
f 311 298 297
f 314 313 311
f 314 301 313
f 314 299 301
f 315 306 303
f 315 307 306
f 316 309 307
f 316 317 309
f 316 318 317
f 319 320 321
f 319 312 320
f 319 311 312
f 322 307 315
f 323 314 311
f 324 325 326
f 327 328 329
f 327 329 318
f 330 324 326
f 331 325 324
f 332 329 328
f 332 333 329
f 334 330 326
f 335 327 318
f 336 321 325
f 336 325 331
f 337 333 332
f 338 326 339
f 338 334 326
f 340 318 316
f 340 335 318
f 341 321 336
f 341 319 321
f 342 333 337
f 343 340 316
f 344 338 339
f 345 346 347
f 345 348 346
f 349 319 341
f 350 347 333
f 350 333 342
f 351 346 348
f 352 345 347
f 353 344 339
f 354 343 316
f 355 339 346
f 355 346 351
f 356 347 350
f 356 352 347
f 357 358 319
f 357 349 359
f 357 319 349
f 360 354 316
f 360 316 361
f 362 353 339
f 362 339 355
f 363 356 350
f 363 350 364
f 365 353 362
f 365 366 353
f 367 363 364
f 367 364 368
f 369 366 365
f 369 370 366
f 371 368 372
f 371 367 368
f 373 354 360
f 373 374 354
f 373 375 374
f 373 376 375
f 377 357 359
f 377 378 379
f 377 359 378
f 380 370 369
f 380 381 370
f 382 377 379
f 383 371 372
f 383 372 384
f 385 381 380
f 385 386 381
f 387 383 384
f 388 389 390
f 388 382 389
f 388 377 382
f 391 392 376
f 391 393 392
f 391 376 373
f 394 393 391
f 395 388 390
f 396 394 391
f 397 396 391
f 397 398 396
f 397 399 398
f 397 400 399
f 401 402 403
f 401 404 402
f 401 395 404
f 401 388 395
f 405 406 407
f 405 385 406
f 405 401 403
f 405 408 409
f 405 403 408
f 405 409 386
f 405 386 385
f 410 411 387
f 410 412 411
f 410 400 397
f 410 413 400
f 410 414 413
f 410 384 414
f 410 387 384
f 415 405 407
f 415 416 417
f 415 418 416
f 415 419 418
f 415 407 419
f 420 415 417
f 420 412 410
f 420 421 412
f 420 422 421
f 420 417 422
f 311 423 424
f 323 311 424
f 314 323 424
f 314 424 425
f 299 425 426
f 299 314 425
f 288 426 427
f 288 299 426
f 271 427 428
f 271 288 427
f 232 428 429
f 232 271 428
f 218 429 430
f 218 232 429
f 198 430 431
f 198 218 430
f 165 431 432
f 165 432 433
f 165 198 431
f 149 433 434
f 149 165 433
f 124 149 434
f 121 434 435
f 121 435 436
f 121 124 434
f 110 121 436
f 111 436 437
f 111 110 436
f 319 438 423
f 319 423 311
f 109 437 439
f 111 437 109
f 319 440 438
f 358 440 319
f 109 439 441
f 109 441 94
f 360 361 442
f 360 442 443
f 360 443 444
f 373 360 444
f 391 444 445
f 391 445 446
f 391 373 444
f 397 446 447
f 397 391 446
f 410 397 447
f 420 447 448
f 420 410 447
f 415 448 449
f 415 449 450
f 415 420 448
f 405 450 451
f 405 415 450
f 401 451 452
f 401 405 451
f 388 401 452
f 377 452 453
f 377 453 454
f 377 388 452
f 357 454 440
f 357 377 454
f 358 357 440
f 94 441 455
f 95 94 455
f 316 456 442
f 361 316 442
f 95 455 457
f 66 95 457
f 46 457 458
f 46 66 457
f 27 458 459
f 27 459 460
f 27 46 458
f 18 27 460
f 10 460 461
f 10 18 460
f 2 461 462
f 2 10 461
f 3 462 463
f 3 2 462
f 12 463 464
f 12 3 463
f 15 464 465
f 15 465 466
f 15 12 464
f 26 15 466
f 42 466 467
f 42 26 466
f 60 467 468
f 60 42 467
f 93 468 469
f 93 60 468
f 307 470 456
f 307 456 316
f 91 469 471
f 93 469 91
f 307 472 470
f 322 472 307
f 91 471 473
f 91 473 106
f 108 107 474
f 108 474 475
f 108 475 476
f 118 476 477
f 118 108 476
f 126 118 477
f 146 477 478
f 146 478 479
f 146 126 477
f 169 479 480
f 169 146 479
f 199 480 481
f 199 169 480
f 221 199 481
f 235 481 482
f 235 482 483
f 235 221 481
f 272 235 483
f 292 483 484
f 292 484 485
f 292 272 483
f 303 292 485
f 315 485 486
f 315 303 485
f 322 486 472
f 322 315 486
f 106 473 474
f 107 106 474
f 72 487 64
f 72 488 487
f 71 489 488
f 71 488 72
f 73 490 489
f 73 489 71
f 74 491 490
f 74 490 73
f 76 492 491
f 76 491 74
f 69 493 492
f 69 492 76
f 62 494 493
f 62 493 69
f 55 495 494
f 55 494 62
f 49 496 495
f 49 495 55
f 41 497 496
f 41 496 49
f 31 498 497
f 31 499 498
f 31 497 41
f 19 499 31
f 9 499 19
f 9 500 499
f 7 500 9
f 7 501 500
f 5 501 7
f 5 502 501
f 1 502 5
f 1 503 502
f 4 503 1
f 4 504 503
f 6 504 4
f 6 505 504
f 6 506 505
f 8 506 6
f 8 507 506
f 11 507 8
f 24 507 11
f 24 508 507
f 34 508 24
f 34 509 508
f 44 509 34
f 44 510 509
f 51 511 510
f 51 510 44
f 57 512 511
f 57 511 51
f 64 487 512
f 64 512 57
f 100 513 92
f 100 514 513
f 99 515 514
f 99 514 100
f 86 516 515
f 86 515 99
f 85 517 516
f 85 516 86
f 87 518 517
f 87 517 85
f 79 519 518
f 79 518 87
f 78 520 519
f 78 519 79
f 63 521 520
f 63 520 78
f 56 522 521
f 56 521 63
f 50 523 522
f 50 522 56
f 43 524 523
f 43 525 524
f 43 523 50
f 37 525 43
f 32 525 37
f 32 526 525
f 25 526 32
f 25 527 526
f 20 527 25
f 20 528 527
f 14 528 20
f 14 529 528
f 13 529 14
f 13 530 529
f 22 530 13
f 22 531 530
f 22 532 531
f 29 532 22
f 29 533 532
f 35 533 29
f 39 533 35
f 39 534 533
f 47 534 39
f 47 535 534
f 53 535 47
f 53 536 535
f 59 537 536
f 59 536 53
f 67 538 537
f 67 537 59
f 92 513 538
f 92 538 67
f 81 539 82
f 81 540 539
f 83 541 540
f 83 540 81
f 89 542 541
f 89 541 83
f 90 543 542
f 90 542 89
f 102 544 543
f 102 543 90
f 97 545 544
f 97 544 102
f 96 546 545
f 96 545 97
f 65 547 546
f 65 546 96
f 58 548 547
f 58 547 65
f 52 549 548
f 52 548 58
f 45 550 549
f 45 551 550
f 45 549 52
f 38 551 45
f 33 551 38
f 33 552 551
f 28 552 33
f 28 553 552
f 21 553 28
f 21 554 553
f 17 554 21
f 17 555 554
f 16 555 17
f 16 556 555
f 23 556 16
f 23 557 556
f 23 558 557
f 30 558 23
f 30 559 558
f 36 559 30
f 40 559 36
f 40 560 559
f 48 560 40
f 48 561 560
f 54 561 48
f 54 562 561
f 61 563 562
f 61 562 54
f 68 564 563
f 68 563 61
f 82 539 564
f 82 564 68
f 170 565 171
f 170 566 565
f 178 567 566
f 178 566 170
f 177 568 567
f 177 567 178
f 185 569 568
f 185 568 177
f 175 570 569
f 175 569 185
f 174 571 570
f 174 570 175
f 159 572 571
f 159 571 174
f 158 573 572
f 158 572 159
f 160 574 573
f 160 573 158
f 145 575 574
f 145 574 160
f 143 576 575
f 143 577 576
f 143 575 145
f 137 577 143
f 132 577 137
f 132 578 577
f 128 578 132
f 128 579 578
f 122 579 128
f 122 580 579
f 117 580 122
f 117 581 580
f 116 581 117
f 116 582 581
f 125 582 116
f 125 583 582
f 125 584 583
f 130 584 125
f 130 585 584
f 135 585 130
f 139 585 135
f 139 586 585
f 147 586 139
f 147 587 586
f 148 587 147
f 148 588 587
f 154 589 588
f 154 588 148
f 172 590 589
f 172 589 154
f 171 565 590
f 171 590 172
f 236 591 225
f 236 592 591
f 237 593 592
f 237 592 236
f 245 594 593
f 245 593 237
f 240 595 594
f 240 594 245
f 239 596 595
f 239 595 240
f 249 597 596
f 249 596 239
f 228 598 597
f 228 597 249
f 227 599 598
f 227 598 228
f 213 600 599
f 213 599 227
f 210 601 600
f 210 600 213
f 207 602 601
f 207 603 602
f 207 601 210
f 201 603 207
f 195 603 201
f 195 604 603
f 190 604 195
f 190 605 604
f 184 605 190
f 184 606 605
f 176 606 184
f 176 607 606
f 181 607 176
f 181 608 607
f 187 608 181
f 187 609 608
f 187 610 609
f 192 610 187
f 192 611 610
f 200 611 192
f 203 611 200
f 203 612 611
f 208 612 203
f 208 613 612
f 212 613 208
f 212 614 613
f 222 615 614
f 222 614 212
f 223 616 615
f 223 615 222
f 225 591 616
f 225 616 223
f 295 617 294
f 295 618 617
f 296 619 618
f 296 618 295
f 304 620 619
f 304 619 296
f 305 621 620
f 305 620 304
f 306 622 621
f 306 621 305
f 310 623 622
f 310 622 306
f 287 624 623
f 287 623 310
f 286 625 624
f 286 624 287
f 278 626 625
f 278 625 286
f 274 627 626
f 274 626 278
f 267 628 627
f 267 629 628
f 267 627 274
f 263 629 267
f 258 629 263
f 258 630 629
f 253 630 258
f 253 631 630
f 248 631 253
f 248 632 631
f 238 632 248
f 238 633 632
f 244 633 238
f 244 634 633
f 251 634 244
f 251 635 634
f 251 636 635
f 256 636 251
f 256 637 636
f 260 637 256
f 265 637 260
f 265 638 637
f 273 638 265
f 273 639 638
f 276 639 273
f 276 640 639
f 281 641 640
f 281 640 276
f 293 642 641
f 293 641 281
f 294 617 642
f 294 642 293
f 162 643 163
f 162 644 643
f 189 645 644
f 189 644 162
f 183 646 645
f 183 645 189
f 180 647 646
f 180 646 183
f 167 648 647
f 167 647 180
f 166 649 648
f 166 648 167
f 168 650 649
f 168 649 166
f 156 651 650
f 156 650 168
f 151 652 651
f 151 651 156
f 150 653 652
f 150 652 151
f 141 654 653
f 141 655 654
f 141 653 150
f 138 655 141
f 133 655 138
f 133 656 655
f 129 656 133
f 129 657 656
f 123 657 129
f 123 658 657
f 120 658 123
f 120 659 658
f 119 659 120
f 119 660 659
f 127 660 119
f 127 661 660
f 127 662 661
f 131 662 127
f 131 663 662
f 136 663 131
f 140 663 136
f 140 664 663
f 144 664 140
f 144 665 664
f 153 665 144
f 153 666 665
f 155 667 666
f 155 666 153
f 164 668 667
f 164 667 155
f 163 643 668
f 163 668 164
f 247 669 231
f 247 670 669
f 243 671 670
f 243 670 247
f 242 672 671
f 242 671 243
f 234 673 672
f 234 672 242
f 233 674 673
f 233 673 234
f 229 675 674
f 229 674 233
f 224 676 675
f 224 675 229
f 220 677 676
f 220 676 224
f 219 678 677
f 219 677 220
f 211 679 678
f 211 678 219
f 205 680 679
f 205 681 680
f 205 679 211
f 202 681 205
f 196 681 202
f 196 682 681
f 191 682 196
f 191 683 682
f 186 683 191
f 186 684 683
f 179 684 186
f 179 685 684
f 182 685 179
f 182 686 685
f 188 686 182
f 188 687 686
f 188 688 687
f 193 688 188
f 193 689 688
f 197 689 193
f 204 689 197
f 204 690 689
f 209 690 204
f 209 691 690
f 215 691 209
f 215 692 691
f 216 693 692
f 216 692 215
f 217 694 693
f 217 693 216
f 231 669 694
f 231 694 217
f 313 695 298
f 313 696 695
f 301 697 696
f 301 696 313
f 300 698 697
f 300 697 301
f 302 699 698
f 302 698 300
f 290 700 699
f 290 699 302
f 289 701 700
f 289 700 290
f 291 702 701
f 291 701 289
f 283 703 702
f 283 702 291
f 279 704 703
f 279 703 283
f 275 705 704
f 275 704 279
f 268 706 705
f 268 707 706
f 268 705 275
f 264 707 268
f 259 707 264
f 259 708 707
f 255 708 259
f 255 709 708
f 250 709 255
f 250 710 709
f 241 710 250
f 241 711 710
f 246 711 241
f 246 712 711
f 252 712 246
f 252 713 712
f 252 714 713
f 257 714 252
f 257 715 714
f 261 715 257
f 266 715 261
f 266 716 715
f 270 716 266
f 270 717 716
f 277 717 270
f 277 718 717
f 282 719 718
f 282 718 277
f 284 720 719
f 284 719 282
f 298 695 720
f 298 720 284
f 317 721 309
f 317 722 721
f 318 722 317
f 318 723 722
f 329 723 318
f 329 724 723
f 333 724 329
f 333 725 724
f 347 725 333
f 347 726 725
f 346 726 347
f 346 727 726
f 346 728 727
f 339 728 346
f 326 728 339
f 326 729 728
f 325 729 326
f 325 730 729
f 321 730 325
f 321 731 730
f 320 731 321
f 320 732 731
f 312 732 320
f 312 733 732
f 297 733 312
f 297 734 733
f 280 734 297
f 280 735 734
f 262 735 280
f 262 736 735
f 230 737 736
f 230 736 262
f 214 738 737
f 214 737 230
f 194 738 214
f 194 739 738
f 161 740 739
f 161 739 194
f 152 741 740
f 152 740 161
f 134 742 741
f 134 741 152
f 114 743 742
f 114 742 134
f 112 744 743
f 112 743 114
f 104 745 744
f 104 744 112
f 101 746 745
f 101 745 104
f 88 747 746
f 88 746 101
f 80 747 88
f 80 748 747
f 80 749 748
f 75 749 80
f 70 749 75
f 70 750 749
f 70 751 750
f 77 751 70
f 84 751 77
f 84 752 751
f 98 752 84
f 98 753 752
f 103 753 98
f 103 754 753
f 103 755 754
f 105 755 103
f 113 755 105
f 113 756 755
f 113 757 756
f 115 757 113
f 115 758 757
f 142 758 115
f 157 758 142
f 157 759 758
f 173 759 157
f 173 760 759
f 206 760 173
f 206 761 760
f 226 761 206
f 226 762 761
f 254 762 226
f 254 763 762
f 254 764 763
f 269 764 254
f 285 764 269
f 285 765 764
f 308 765 285
f 308 766 765
f 309 766 308
f 309 721 766
f 394 767 393
f 394 768 767
f 396 769 768
f 396 768 394
f 398 770 769
f 398 769 396
f 399 771 770
f 399 770 398
f 400 772 771
f 400 771 399
f 413 773 772
f 413 772 400
f 414 774 773
f 414 773 413
f 384 775 774
f 384 774 414
f 372 776 775
f 372 775 384
f 368 777 776
f 368 776 372
f 364 778 777
f 364 779 778
f 364 777 368
f 350 779 364
f 342 779 350
f 342 780 779
f 337 780 342
f 337 781 780
f 332 781 337
f 332 782 781
f 328 782 332
f 328 783 782
f 327 783 328
f 327 784 783
f 335 784 327
f 335 785 784
f 335 786 785
f 340 786 335
f 340 787 786
f 343 787 340
f 354 787 343
f 354 788 787
f 374 788 354
f 374 789 788
f 375 789 374
f 375 790 789
f 376 791 790
f 376 790 375
f 392 792 791
f 392 791 376
f 393 767 792
f 393 792 392
f 408 793 409
f 408 794 793
f 403 795 794
f 403 794 408
f 402 796 795
f 402 795 403
f 404 797 796
f 404 796 402
f 395 798 797
f 395 797 404
f 390 799 798
f 390 798 395
f 389 800 799
f 389 799 390
f 382 801 800
f 382 800 389
f 379 802 801
f 379 801 382
f 378 803 802
f 378 802 379
f 359 804 803
f 359 805 804
f 359 803 378
f 349 805 359
f 341 805 349
f 341 806 805
f 336 806 341
f 336 807 806
f 331 807 336
f 331 808 807
f 324 808 331
f 324 809 808
f 330 809 324
f 330 810 809
f 334 810 330
f 334 811 810
f 334 812 811
f 338 812 334
f 338 813 812
f 344 813 338
f 353 813 344
f 353 814 813
f 366 814 353
f 366 815 814
f 370 815 366
f 370 816 815
f 381 817 816
f 381 816 370
f 386 818 817
f 386 817 381
f 409 793 818
f 409 818 386
f 421 819 412
f 421 820 819
f 422 821 820
f 422 820 421
f 417 822 821
f 417 821 422
f 416 823 822
f 416 822 417
f 418 824 823
f 418 823 416
f 419 825 824
f 419 824 418
f 407 826 825
f 407 825 419
f 406 827 826
f 406 826 407
f 385 828 827
f 385 827 406
f 380 829 828
f 380 828 385
f 369 830 829
f 369 831 830
f 369 829 380
f 365 831 369
f 362 831 365
f 362 832 831
f 355 832 362
f 355 833 832
f 351 833 355
f 351 834 833
f 348 834 351
f 348 835 834
f 345 835 348
f 345 836 835
f 352 836 345
f 352 837 836
f 352 838 837
f 356 838 352
f 356 839 838
f 363 839 356
f 367 839 363
f 367 840 839
f 371 840 367
f 371 841 840
f 383 841 371
f 383 842 841
f 387 843 842
f 387 842 383
f 411 844 843
f 411 843 387
f 412 819 844
f 412 844 411
f 845 463 462
f 846 463 845
f 847 845 462
f 848 463 846
f 849 847 462
f 850 463 848
f 851 849 462
f 851 462 461
f 852 464 463
f 852 463 850
f 853 465 854
f 855 460 856
f 857 851 461
f 858 465 464
f 858 854 465
f 859 856 460
f 860 465 853
f 861 461 460
f 861 460 855
f 862 464 852
f 863 858 464
f 466 465 860
f 459 864 859
f 459 859 460
f 865 466 860
f 866 461 861
f 867 857 461
f 868 863 464
f 869 864 459
f 870 464 862
f 871 466 865
f 872 461 866
f 873 464 870
f 873 868 464
f 874 869 459
f 875 466 871
f 876 867 461
f 876 877 867
f 876 461 872
f 467 466 875
f 878 873 870
f 878 870 879
f 880 459 458
f 880 874 459
f 881 467 875
f 882 883 877
f 882 877 876
f 884 878 879
f 884 879 885
f 886 880 458
f 887 467 881
f 888 889 883
f 888 883 882
f 890 884 885
f 890 885 891
f 892 886 458
f 893 467 887
f 893 468 467
f 894 889 888
f 894 895 889
f 896 890 891
f 896 891 897
f 898 892 458
f 898 458 457
f 899 468 893
f 900 895 894
f 900 901 895
f 902 896 897
f 902 897 903
f 904 901 900
f 904 905 901
f 906 902 903
f 906 903 907
f 908 905 904
f 471 899 909
f 471 469 468
f 471 468 899
f 471 909 910
f 471 910 911
f 471 911 912
f 441 457 455
f 441 913 914
f 441 914 915
f 441 915 916
f 441 916 898
f 441 898 457
f 473 475 474
f 439 437 436
f 917 907 918
f 917 918 919
f 920 919 905
f 920 905 908
f 920 917 919
f 921 906 907
f 921 907 917
f 921 922 906
f 923 908 924
f 923 924 925
f 923 920 908
f 926 922 921
f 926 912 927
f 926 927 922
f 928 476 929
f 930 435 931
f 932 929 476
f 932 476 475
f 933 931 435
f 434 933 435
f 934 476 928
f 934 477 476
f 935 439 436
f 935 436 435
f 935 435 930
f 936 932 475
f 936 475 473
f 937 933 434
f 938 477 934
f 939 439 935
f 940 923 925
f 940 925 913
f 940 913 441
f 941 936 473
f 942 937 434
f 943 471 912
f 943 912 926
f 944 477 938
f 945 439 939
f 946 941 473
f 947 942 434
f 948 477 944
f 949 439 945
f 950 940 441
f 951 946 473
f 952 947 434
f 953 471 943
f 953 473 471
f 954 439 949
f 955 951 473
f 478 477 948
f 478 948 956
f 478 956 957
f 433 958 952
f 433 952 434
f 959 958 433
f 960 950 441
f 960 441 439
f 961 478 957
f 962 473 953
f 963 959 433
f 964 954 965
f 964 439 954
f 964 960 439
f 966 473 962
f 966 967 955
f 966 955 473
f 432 968 969
f 432 969 970
f 432 970 963
f 432 963 433
f 479 971 972
f 479 961 973
f 479 973 971
f 479 478 961
f 974 965 975
f 974 975 976
f 974 964 965
f 977 978 967
f 977 967 966
f 979 980 981
f 982 983 968
f 984 980 979
f 984 479 972
f 984 972 980
f 985 986 983
f 985 983 982
f 987 981 988
f 987 979 981
f 989 968 432
f 989 982 968
f 990 479 984
f 991 992 986
f 991 986 985
f 993 988 994
f 993 987 988
f 995 989 432
f 996 479 990
f 997 998 992
f 997 992 991
f 999 994 1000
f 999 993 994
f 1001 995 432
f 1002 974 976
f 1003 1004 998
f 1003 998 997
f 431 1001 432
f 480 479 996
f 480 996 1005
f 1006 999 1000
f 1006 1000 1007
f 1008 1001 431
f 1009 978 977
f 1009 1007 978
f 1010 480 1005
f 1011 1002 976
f 1011 976 1004
f 1011 1004 1003
f 1012 1007 1009
f 1012 1006 1007
f 1013 1008 431
f 1014 480 1010
f 1015 1002 1011
f 1016 1012 1009
f 1017 1013 431
f 1018 480 1014
f 1019 1015 1020
f 1019 1002 1015
f 1021 1016 1009
f 1021 1022 1016
f 1023 1019 1020
f 1024 1022 1021
f 430 1017 431
f 430 1025 1026
f 430 1026 1017
f 481 1018 1027
f 481 1027 1028
f 481 480 1018
f 1029 1025 430
f 1030 481 1028
f 1031 1029 430
f 1032 1019 1023
f 429 1031 430
f 429 1033 1034
f 429 1034 1031
f 482 481 1030
f 482 1030 1035
f 482 1035 1036
f 1037 1038 1039
f 1040 1041 1042
f 1043 1044 1038
f 1043 1038 1037
f 1045 1041 1040
f 1045 1046 1041
f 1047 1039 1048
f 1047 1037 1039
f 1049 1042 1033
f 1049 1040 1042
f 1050 482 1036
f 1050 1036 1044
f 1050 1044 1043
f 1051 1052 1046
f 1051 1046 1045
f 1053 1048 1054
f 1053 1047 1048
f 1055 1033 429
f 1055 1049 1033
f 1056 482 1050
f 1057 1052 1051
f 1057 1058 1052
f 1059 1053 1054
f 1059 1054 1024
f 1060 1055 429
f 1061 482 1056
f 1062 1058 1057
f 1062 1032 1023
f 1062 1023 1058
f 1063 1021 1064
f 1063 1024 1021
f 1063 1059 1024
f 1065 1060 429
f 1066 482 1061
f 1067 1068 1032
f 1067 1032 1062
f 1069 1064 1070
f 1069 1063 1064
f 1071 1065 429
f 1072 1068 1067
f 428 1071 429
f 483 1066 1073
f 483 482 1066
f 1074 1069 1070
f 1075 1071 428
f 1076 483 1073
f 1077 1078 1068
f 1077 1068 1072
f 1079 1070 1080
f 1079 1074 1070
f 1081 1075 428
f 1082 483 1076
f 1083 1081 428
f 427 1083 428
f 427 1084 1085
f 427 1085 1086
f 427 1086 1083
f 484 1082 1087
f 484 1087 1088
f 484 483 1082
f 484 1088 1089
f 1090 484 1089
f 426 1084 427
f 426 1091 1092
f 426 1092 1093
f 426 1093 1084
f 485 484 1090
f 485 1090 1094
f 485 1094 1095
f 485 1095 1096
f 470 1097 1098
f 470 1098 1079
f 470 1080 1099
f 470 1079 1080
f 470 1096 1100
f 470 1100 1097
f 423 1101 1078
f 423 1078 1077
f 423 1102 1103
f 423 1077 1104
f 423 1104 1105
f 423 1105 1102
f 425 1103 1091
f 425 423 1103
f 425 1091 426
f 486 485 1096
f 486 1096 470
f 456 470 1099
f 456 1099 1106
f 438 1101 423
f 438 1107 1108
f 438 1108 1101
f 472 486 470
f 424 423 425
f 1109 1107 438
f 1110 1111 1107
f 1110 1107 1109
f 1112 1113 1114
f 1112 456 1106
f 1112 1106 1113
f 1115 1114 1113
f 1115 1113 1116
f 1117 1109 438
f 1118 1119 1111
f 1118 1111 1110
f 1120 456 1112
f 1121 1117 438
f 1122 1115 1116
f 1122 1116 1123
f 1124 1119 1118
f 1125 456 1120
f 1126 1121 438
f 1127 456 1125
f 1128 1123 1119
f 1129 1123 1128
f 1130 1126 438
f 1131 1119 1124
f 1131 1128 1119
f 1132 1133 1122
f 1132 1122 1123
f 1132 1123 1129
f 1134 456 1127
f 1135 1124 1136
f 1135 1131 1124
f 1137 1138 1133
f 1137 1133 1132
f 454 1130 438
f 454 438 440
f 454 1139 1130
f 443 442 456
f 443 456 1134
f 1140 1136 1141
f 1140 1135 1136
f 1142 1143 1138
f 1142 1138 1137
f 1144 1140 1141
f 1144 1141 1145
f 1146 1143 1142
f 1146 1147 1143
f 1148 1144 1145
f 1148 1145 1149
f 1150 1147 1146
f 1150 1151 1147
f 444 443 1134
f 444 1134 1152
f 444 1152 1153
f 444 1153 1154
f 453 1139 454
f 453 1155 1156
f 453 1156 1139
f 1157 1148 1149
f 1157 1149 1158
f 1159 1155 453
f 1160 1151 1150
f 1160 1161 1151
f 1162 1157 1158
f 1162 1158 1163
f 1164 1161 1160
f 452 1159 453
f 452 1165 1166
f 452 1166 1159
f 445 444 1154
f 445 1154 1167
f 445 1167 1168
f 1169 445 1168
f 1170 1165 452
f 1171 445 1169
f 446 1171 1172
f 446 1172 1173
f 446 1173 1174
f 446 445 1171
f 451 1175 1176
f 451 1176 1177
f 451 1177 1170
f 451 1170 452
f 450 1178 1179
f 450 1179 1175
f 450 1162 1163
f 450 1163 1178
f 450 1175 451
f 450 1180 1181
f 450 1181 1162
f 447 446 1174
f 447 1164 1182
f 447 1182 1183
f 447 1174 1184
f 447 1184 1185
f 447 1185 1161
f 447 1161 1164
f 449 1180 450
f 449 1186 1187
f 449 1187 1188
f 449 1188 1189
f 449 1189 1180
f 448 447 1183
f 448 1186 449
f 448 1183 1190
f 448 1190 1191
f 448 1191 1186
f 1192 503 504
f 1192 1193 503
f 1194 502 503
f 1194 503 1193
f 1195 504 505
f 1195 1192 504
f 1196 501 502
f 1196 502 1194
f 1197 505 506
f 1197 1195 505
f 1198 500 501
f 1198 501 1196
f 1199 506 507
f 1199 1197 506
f 1200 499 500
f 1200 500 1198
f 1201 507 508
f 1201 1199 507
f 1202 498 499
f 1202 499 1200
f 1203 508 509
f 1203 1201 508
f 1204 497 498
f 1204 498 1202
f 510 1205 1203
f 510 1203 509
f 496 497 1204
f 496 1204 1206
f 511 1205 510
f 511 1207 1205
f 495 496 1206
f 495 1206 1208
f 512 1207 511
f 512 1209 1207
f 494 495 1208
f 494 1208 1210
f 487 1209 512
f 487 1211 1209
f 493 1210 1212
f 493 494 1210
f 488 1213 1211
f 488 1211 487
f 492 1212 1214
f 492 493 1212
f 489 1213 488
f 489 1215 1213
f 489 1216 1215
f 491 492 1214
f 491 1217 1216
f 491 1214 1217
f 490 491 1216
f 490 1216 489
f 1218 529 530
f 1218 1219 529
f 1220 528 529
f 1220 529 1219
f 1221 530 531
f 1221 1218 530
f 1222 527 528
f 1222 528 1220
f 1223 531 532
f 1223 1221 531
f 1224 526 527
f 1224 527 1222
f 1225 532 533
f 1225 1223 532
f 1226 525 526
f 1226 526 1224
f 1227 533 534
f 1227 1225 533
f 1228 524 525
f 1228 525 1226
f 1229 534 535
f 1229 1227 534
f 1230 523 524
f 1230 524 1228
f 536 1231 1229
f 536 1229 535
f 1232 1231 536
f 522 523 1230
f 522 1230 1233
f 537 1232 536
f 521 522 1233
f 521 1233 1234
f 538 1232 537
f 538 1235 1232
f 520 521 1234
f 520 1236 1237
f 520 1234 1236
f 513 1235 538
f 513 1238 1235
f 519 520 1237
f 514 1238 513
f 514 1239 1238
f 514 1240 1239
f 518 1237 1241
f 518 519 1237
f 515 1240 514
f 517 1242 1243
f 517 1241 1242
f 517 518 1241
f 516 1243 1240
f 516 517 1243
f 516 1240 515
f 1244 555 556
f 1244 556 557
f 1244 1245 555
f 1246 554 555
f 1246 555 1245
f 1247 1244 557
f 1248 553 554
f 1248 554 1246
f 1249 557 558
f 1249 1247 557
f 1250 552 553
f 1250 553 1248
f 1251 558 559
f 1251 1249 558
f 1252 551 552
f 1252 552 1250
f 1253 559 560
f 1253 1251 559
f 1254 550 551
f 1254 551 1252
f 1255 560 561
f 1255 1253 560
f 549 550 1254
f 1256 549 1254
f 1257 1255 561
f 562 1257 561
f 548 1256 1258
f 548 549 1256
f 1259 548 1258
f 563 1257 562
f 563 1260 1257
f 547 548 1259
f 564 1260 563
f 564 1261 1260
f 546 1262 1263
f 546 1259 1262
f 546 547 1259
f 539 1261 564
f 539 1264 1261
f 545 546 1263
f 540 1264 539
f 540 1265 1264
f 544 1263 1266
f 544 545 1263
f 541 1267 1265
f 541 1268 1267
f 541 1265 540
f 543 1269 1268
f 543 1266 1269
f 543 544 1266
f 542 1268 541
f 542 543 1268
f 1270 581 582
f 1270 1271 581
f 1272 580 581
f 1272 581 1271
f 1273 582 583
f 1273 1270 582
f 1274 579 580
f 1274 580 1272
f 1275 583 584
f 1275 1273 583
f 1276 578 579
f 1276 579 1274
f 1277 584 585
f 1277 1275 584
f 1278 577 578
f 1278 578 1276
f 1279 585 586
f 1279 1277 585
f 1280 576 577
f 1280 577 1278
f 1281 586 587
f 1281 1279 586
f 1282 575 576
f 1282 576 1280
f 588 1283 1281
f 588 1281 587
f 1284 1283 588
f 574 575 1282
f 574 1282 1285
f 589 1284 588
f 573 574 1285
f 573 1285 1286
f 590 1284 589
f 590 1287 1284
f 572 573 1286
f 572 1288 1289
f 572 1286 1288
f 565 1287 590
f 565 1290 1287
f 571 572 1289
f 566 1290 565
f 566 1291 1290
f 566 1292 1291
f 570 1289 1293
f 570 571 1289
f 567 1292 566
f 569 1294 1295
f 569 1293 1294
f 569 570 1293
f 568 1295 1292
f 568 569 1295
f 568 1292 567
f 1296 607 608
f 1296 608 609
f 1296 1297 607
f 1298 606 607
f 1298 607 1297
f 1299 1296 609
f 1300 605 606
f 1300 606 1298
f 1301 609 610
f 1301 1299 609
f 1302 604 605
f 1302 605 1300
f 1303 610 611
f 1303 1301 610
f 1304 603 604
f 1304 604 1302
f 1305 611 612
f 1305 1303 611
f 1306 602 603
f 1306 603 1304
f 1307 612 613
f 1307 1305 612
f 1308 601 602
f 1308 602 1306
f 1309 1307 613
f 614 1309 613
f 1310 1309 614
f 600 601 1308
f 600 1308 1311
f 1312 600 1311
f 615 1310 614
f 615 1313 1310
f 599 600 1312
f 616 1313 615
f 598 599 1312
f 598 1314 1315
f 598 1312 1314
f 591 1313 616
f 591 1316 1313
f 597 1315 1317
f 597 598 1315
f 592 1316 591
f 592 1318 1316
f 592 1319 1318
f 596 597 1317
f 593 1319 592
f 595 1320 1321
f 595 1317 1320
f 595 596 1317
f 594 1321 1319
f 594 595 1321
f 594 1319 593
f 1322 633 634
f 1322 634 635
f 1322 1323 633
f 1324 632 633
f 1324 633 1323
f 1325 1322 635
f 1326 631 632
f 1326 632 1324
f 1327 635 636
f 1327 1325 635
f 1328 630 631
f 1328 631 1326
f 1329 636 637
f 1329 1327 636
f 1330 629 630
f 1330 630 1328
f 1331 637 638
f 1331 1329 637
f 1332 628 629
f 1332 629 1330
f 1333 638 639
f 1333 1331 638
f 627 628 1332
f 1334 627 1332
f 1335 1333 639
f 640 1335 639
f 626 1334 1336
f 626 627 1334
f 1337 626 1336
f 641 1335 640
f 641 1338 1335
f 625 626 1337
f 642 1338 641
f 642 1339 1338
f 624 1340 1341
f 624 1337 1340
f 624 625 1337
f 617 1339 642
f 617 1342 1339
f 623 624 1341
f 618 1342 617
f 618 1343 1342
f 622 1341 1344
f 622 623 1341
f 619 1345 1343
f 619 1346 1345
f 619 1343 618
f 621 1347 1346
f 621 1344 1347
f 621 622 1344
f 620 1346 619
f 620 621 1346
f 1348 659 660
f 1348 660 661
f 1348 1349 659
f 1350 658 659
f 1350 659 1349
f 1351 1348 661
f 1352 657 658
f 1352 658 1350
f 1353 661 662
f 1353 1351 661
f 1354 656 657
f 1354 657 1352
f 1355 662 663
f 1355 1353 662
f 1356 655 656
f 1356 656 1354
f 1357 663 664
f 1357 1355 663
f 1358 654 655
f 1358 655 1356
f 1359 664 665
f 1359 1357 664
f 1360 653 654
f 1360 654 1358
f 1361 1359 665
f 666 1361 665
f 1362 1361 666
f 652 653 1360
f 652 1360 1363
f 1364 652 1363
f 667 1362 666
f 667 1365 1362
f 651 652 1364
f 668 1365 667
f 650 651 1364
f 650 1366 1367
f 650 1364 1366
f 643 1365 668
f 643 1368 1365
f 649 1367 1369
f 649 650 1367
f 644 1368 643
f 644 1370 1368
f 644 1371 1370
f 648 649 1369
f 645 1371 644
f 647 1372 1373
f 647 1369 1372
f 647 648 1369
f 646 1373 1371
f 646 647 1373
f 646 1371 645
f 1374 685 686
f 1374 1375 685
f 1376 684 685
f 1376 685 1375
f 1377 686 687
f 1377 1374 686
f 1378 683 684
f 1378 684 1376
f 1379 687 688
f 1379 1377 687
f 1380 682 683
f 1380 683 1378
f 1381 688 689
f 1381 1379 688
f 1382 681 682
f 1382 682 1380
f 1383 689 690
f 1383 1381 689
f 1384 680 681
f 1384 681 1382
f 1385 690 691
f 1385 1383 690
f 1386 679 680
f 1386 680 1384
f 692 1387 1385
f 692 1385 691
f 1388 1387 692
f 678 679 1386
f 678 1386 1389
f 693 1388 692
f 677 678 1389
f 677 1389 1390
f 694 1388 693
f 694 1391 1388
f 676 677 1390
f 676 1392 1393
f 676 1390 1392
f 669 1391 694
f 669 1394 1391
f 675 676 1393
f 670 1394 669
f 670 1395 1394
f 670 1396 1395
f 674 1393 1397
f 674 675 1393
f 671 1396 670
f 673 1398 1399
f 673 1397 1398
f 673 674 1397
f 672 1399 1396
f 672 673 1399
f 672 1396 671
f 1400 711 712
f 1400 1401 711
f 1402 710 711
f 1402 711 1401
f 1403 712 713
f 1403 1400 712
f 1404 709 710
f 1404 710 1402
f 1405 713 714
f 1405 1403 713
f 1406 708 709
f 1406 709 1404
f 1407 714 715
f 1407 1405 714
f 1408 707 708
f 1408 708 1406
f 1409 715 716
f 1409 1407 715
f 1410 706 707
f 1410 707 1408
f 1411 716 717
f 1411 1409 716
f 1412 705 706
f 1412 706 1410
f 718 1413 1411
f 718 1411 717
f 1414 1413 718
f 704 705 1412
f 704 1412 1415
f 719 1414 718
f 703 704 1415
f 703 1415 1416
f 720 1414 719
f 720 1417 1414
f 702 703 1416
f 702 1418 1419
f 702 1416 1418
f 695 1417 720
f 695 1420 1417
f 701 702 1419
f 696 1420 695
f 696 1421 1420
f 696 1422 1421
f 700 1419 1423
f 700 701 1419
f 697 1422 696
f 699 1424 1425
f 699 1423 1424
f 699 700 1423
f 698 1425 1422
f 698 699 1425
f 698 1422 697
f 750 1426 1427
f 749 750 1427
f 749 1427 1428
f 751 1426 750
f 751 1429 1426
f 748 749 1428
f 748 1428 1430
f 752 1429 751
f 752 1431 1429
f 747 748 1430
f 747 1430 1432
f 753 1431 752
f 753 1433 1431
f 746 747 1432
f 746 1432 1434
f 754 1433 753
f 754 1435 1433
f 745 746 1434
f 1436 745 1434
f 755 1435 754
f 755 1437 1435
f 744 745 1436
f 1438 744 1436
f 756 1437 755
f 756 1439 1437
f 743 744 1438
f 1440 743 1438
f 757 1441 1439
f 757 1439 756
f 742 743 1440
f 1442 742 1440
f 758 1441 757
f 1443 1441 758
f 741 742 1442
f 1444 741 1442
f 759 1443 758
f 1445 1443 759
f 740 741 1444
f 1446 740 1444
f 760 1445 759
f 1447 1445 760
f 739 740 1446
f 1448 739 1446
f 761 1447 760
f 1449 1447 761
f 738 739 1448
f 1450 738 1448
f 762 1449 761
f 1451 1449 762
f 737 738 1450
f 1452 737 1450
f 763 1451 762
f 1453 1451 763
f 736 737 1452
f 1454 736 1452
f 764 1453 763
f 1455 1453 764
f 735 736 1454
f 1456 735 1454
f 765 1455 764
f 1457 1455 765
f 734 735 1456
f 766 1457 765
f 1458 734 1456
f 1459 1457 766
f 733 734 1458
f 721 1459 766
f 1460 733 1458
f 1461 1459 721
f 732 733 1460
f 1462 732 1460
f 1463 1461 721
f 1463 721 722
f 731 732 1462
f 1464 731 1462
f 730 731 1464
f 1465 1463 722
f 1465 722 723
f 1466 730 1464
f 1466 729 730
f 1467 1465 723
f 1467 723 724
f 1468 729 1466
f 1468 728 729
f 1469 1467 724
f 1469 724 725
f 1470 728 1468
f 1470 727 728
f 1471 725 726
f 1471 1469 725
f 1472 726 727
f 1472 727 1470
f 1472 1471 726
f 1473 783 784
f 1473 784 785
f 1473 1474 783
f 1475 782 783
f 1475 783 1474
f 1476 1473 785
f 1477 781 782
f 1477 782 1475
f 1478 785 786
f 1478 1476 785
f 1479 780 781
f 1479 781 1477
f 1480 786 787
f 1480 1478 786
f 1481 779 780
f 1481 780 1479
f 1482 787 788
f 1482 1480 787
f 1483 778 779
f 1483 779 1481
f 1484 788 789
f 1484 1482 788
f 777 778 1483
f 1485 777 1483
f 1486 1484 789
f 790 1486 789
f 776 1485 1487
f 776 777 1485
f 1488 776 1487
f 791 1486 790
f 791 1489 1486
f 775 776 1488
f 792 1489 791
f 792 1490 1489
f 774 1491 1492
f 774 1488 1491
f 774 775 1488
f 767 1490 792
f 767 1493 1490
f 773 774 1492
f 768 1493 767
f 768 1494 1493
f 772 1492 1495
f 772 773 1492
f 769 1496 1494
f 769 1497 1496
f 769 1494 768
f 771 1498 1497
f 771 1495 1498
f 771 772 1495
f 770 1497 769
f 770 771 1497
f 1499 809 810
f 1499 1500 809
f 1501 808 809
f 1501 809 1500
f 1502 810 811
f 1502 1499 810
f 1503 807 808
f 1503 808 1501
f 1504 811 812
f 1504 1502 811
f 1505 806 807
f 1505 807 1503
f 1506 812 813
f 1506 1504 812
f 1507 805 806
f 1507 806 1505
f 1508 813 814
f 1508 1506 813
f 1509 804 805
f 1509 805 1507
f 1510 814 815
f 1510 1508 814
f 1511 803 804
f 1511 804 1509
f 816 1512 1510
f 816 1510 815
f 1513 1512 816
f 802 803 1511
f 802 1511 1514
f 817 1513 816
f 801 802 1514
f 801 1514 1515
f 818 1513 817
f 818 1516 1513
f 800 801 1515
f 800 1517 1518
f 800 1515 1517
f 793 1516 818
f 793 1519 1516
f 799 800 1518
f 794 1519 793
f 794 1520 1519
f 794 1521 1520
f 798 1518 1522
f 798 799 1518
f 795 1521 794
f 797 1523 1524
f 797 1522 1523
f 797 798 1522
f 796 1524 1521
f 796 797 1524
f 796 1521 795
f 1525 835 836
f 1525 1526 835
f 1527 834 835
f 1527 835 1526
f 1528 836 837
f 1528 1525 836
f 1529 832 833
f 1529 833 834
f 1529 834 1527
f 1530 837 838
f 1530 1528 837
f 1531 832 1529
f 1532 838 839
f 1532 1530 838
f 1533 831 832
f 1533 832 1531
f 1534 839 840
f 1534 1532 839
f 1535 830 831
f 1535 831 1533
f 1536 840 841
f 1536 1534 840
f 1537 829 830
f 1537 830 1535
f 1538 1536 841
f 842 1538 841
f 828 829 1537
f 828 1537 1539
f 1540 828 1539
f 843 1538 842
f 843 1541 1538
f 827 828 1540
f 844 1542 1541
f 844 1543 1542
f 844 1541 843
f 826 827 1540
f 826 1540 1544
f 819 1543 844
f 825 1544 1545
f 825 826 1544
f 820 1546 1543
f 820 1543 819
f 824 1545 1547
f 824 825 1545
f 821 1546 820
f 821 1548 1546
f 823 1549 1550
f 823 1547 1549
f 823 824 1547
f 822 1550 1548
f 822 823 1550
f 822 1548 821
f 1551 897 1552
f 1551 903 897
f 1553 907 903
f 1553 903 1551
f 1554 918 907
f 1554 919 918
f 1554 907 1553
f 1555 919 1554
f 1556 905 919
f 1556 919 1555
f 1557 901 905
f 1557 895 901
f 1557 905 1556
f 1558 895 1557
f 1559 889 895
f 1559 895 1558
f 1560 883 889
f 1560 889 1559
f 1561 877 883
f 1561 867 877
f 1561 883 1560
f 1562 867 1561
f 1563 867 1562
f 1563 857 867
f 1563 851 857
f 1564 851 1563
f 1565 851 1564
f 1565 849 851
f 1565 847 849
f 1566 847 1565
f 1567 847 1566
f 1567 845 847
f 1568 845 1567
f 1568 846 845
f 1569 846 1568
f 1569 848 846
f 1570 848 1569
f 1570 850 848
f 1571 850 1570
f 1571 852 850
f 1572 852 1571
f 1572 862 852
f 1573 862 1572
f 1573 870 862
f 1573 879 870
f 1574 879 1573
f 1575 885 879
f 1575 879 1574
f 1576 891 885
f 1576 897 891
f 1576 885 1575
f 1552 897 1576
f 1577 909 1578
f 1577 910 909
f 1579 911 910
f 1579 910 1577
f 1580 912 911
f 1580 927 912
f 1580 911 1579
f 1581 927 1580
f 1582 922 927
f 1582 927 1581
f 1583 906 922
f 1583 902 906
f 1583 922 1582
f 1584 902 1583
f 1585 896 902
f 1585 902 1584
f 1586 890 896
f 1586 896 1585
f 1587 884 890
f 1587 878 884
f 1587 890 1586
f 1588 878 1587
f 1589 878 1588
f 1589 873 878
f 1589 868 873
f 1590 868 1589
f 1591 868 1590
f 1591 863 868
f 1591 858 863
f 1592 858 1591
f 1593 858 1592
f 1593 854 858
f 1594 854 1593
f 1594 853 854
f 1595 853 1594
f 1595 860 853
f 1596 860 1595
f 1596 865 860
f 1597 865 1596
f 1597 871 865
f 1598 871 1597
f 1598 875 871
f 1599 875 1598
f 1599 881 875
f 1599 887 881
f 1600 887 1599
f 1601 893 887
f 1601 887 1600
f 1602 899 893
f 1602 909 899
f 1602 893 1601
f 1578 909 1602
f 1603 904 1604
f 1603 908 904
f 1605 924 908
f 1605 908 1603
f 1606 925 924
f 1606 913 925
f 1606 924 1605
f 1607 913 1606
f 1608 914 913
f 1608 913 1607
f 1609 915 914
f 1609 916 915
f 1609 914 1608
f 1610 916 1609
f 1611 898 916
f 1611 916 1610
f 1612 892 898
f 1612 898 1611
f 1613 886 892
f 1613 880 886
f 1613 892 1612
f 1614 880 1613
f 1615 880 1614
f 1615 874 880
f 1615 869 874
f 1616 869 1615
f 1617 869 1616
f 1617 864 869
f 1617 859 864
f 1618 859 1617
f 1619 859 1618
f 1619 856 859
f 1620 856 1619
f 1620 855 856
f 1621 855 1620
f 1621 861 855
f 1622 861 1621
f 1622 866 861
f 1623 866 1622
f 1623 872 866
f 1624 872 1623
f 1624 876 872
f 1625 876 1624
f 1625 882 876
f 1625 888 882
f 1626 888 1625
f 1627 894 888
f 1627 888 1626
f 1628 900 894
f 1628 904 900
f 1628 894 1627
f 1604 904 1628
f 1629 971 1630
f 1629 972 971
f 1631 980 972
f 1631 972 1629
f 1632 981 980
f 1632 988 981
f 1632 980 1631
f 1633 988 1632
f 1634 994 988
f 1634 988 1633
f 1635 1000 994
f 1635 1007 1000
f 1635 994 1634
f 1636 1007 1635
f 1637 978 1007
f 1637 1007 1636
f 1638 967 978
f 1638 978 1637
f 1639 955 967
f 1639 951 955
f 1639 967 1638
f 1640 951 1639
f 1641 951 1640
f 1641 946 951
f 1641 941 946
f 1642 941 1641
f 1643 941 1642
f 1643 936 941
f 1643 932 936
f 1644 932 1643
f 1645 932 1644
f 1645 929 932
f 1646 929 1645
f 1646 928 929
f 1647 928 1646
f 1647 934 928
f 1648 934 1647
f 1648 938 934
f 1649 938 1648
f 1649 944 938
f 1650 944 1649
f 1650 948 944
f 1651 948 1650
f 1651 956 948
f 1651 957 956
f 1652 957 1651
f 1653 961 957
f 1653 957 1652
f 1654 973 961
f 1654 971 973
f 1654 961 1653
f 1630 971 1654
f 1655 1030 1656
f 1655 1035 1030
f 1657 1036 1035
f 1657 1035 1655
f 1658 1044 1036
f 1658 1038 1044
f 1658 1036 1657
f 1659 1038 1658
f 1660 1039 1038
f 1660 1038 1659
f 1661 1048 1039
f 1661 1054 1048
f 1661 1039 1660
f 1662 1054 1661
f 1663 1024 1054
f 1663 1054 1662
f 1664 1022 1024
f 1664 1024 1663
f 1665 1016 1022
f 1665 1012 1016
f 1665 1022 1664
f 1666 1012 1665
f 1667 1012 1666
f 1667 1006 1012
f 1667 999 1006
f 1668 999 1667
f 1669 999 1668
f 1669 993 999
f 1669 987 993
f 1670 987 1669
f 1671 987 1670
f 1671 979 987
f 1672 979 1671
f 1672 984 979
f 1673 984 1672
f 1673 990 984
f 1674 990 1673
f 1674 996 990
f 1675 996 1674
f 1675 1005 996
f 1676 1005 1675
f 1676 1010 1005
f 1677 1010 1676
f 1677 1014 1010
f 1677 1018 1014
f 1678 1018 1677
f 1679 1027 1018
f 1679 1018 1678
f 1680 1028 1027
f 1680 1030 1028
f 1680 1027 1679
f 1656 1030 1680
f 1681 1088 1682
f 1681 1089 1088
f 1683 1090 1089
f 1683 1089 1681
f 1684 1094 1090
f 1684 1095 1094
f 1684 1090 1683
f 1685 1095 1684
f 1686 1096 1095
f 1686 1095 1685
f 1687 1100 1096
f 1687 1097 1100
f 1687 1096 1686
f 1688 1097 1687
f 1689 1098 1097
f 1689 1097 1688
f 1690 1079 1098
f 1690 1098 1689
f 1691 1074 1079
f 1691 1069 1074
f 1691 1079 1690
f 1692 1069 1691
f 1693 1069 1692
f 1693 1063 1069
f 1693 1059 1063
f 1694 1059 1693
f 1695 1059 1694
f 1695 1053 1059
f 1695 1047 1053
f 1696 1047 1695
f 1697 1047 1696
f 1697 1037 1047
f 1698 1037 1697
f 1698 1043 1037
f 1699 1043 1698
f 1699 1050 1043
f 1700 1050 1699
f 1700 1056 1050
f 1701 1056 1700
f 1701 1061 1056
f 1702 1061 1701
f 1702 1066 1061
f 1703 1066 1702
f 1703 1073 1066
f 1703 1076 1073
f 1704 1076 1703
f 1705 1082 1076
f 1705 1076 1704
f 1706 1087 1082
f 1706 1088 1087
f 1706 1082 1705
f 1682 1088 1706
f 1707 1004 1708
f 1707 998 1004
f 1709 992 998
f 1709 998 1707
f 1710 986 992
f 1710 983 986
f 1710 992 1709
f 1711 983 1710
f 1712 968 983
f 1712 983 1711
f 1713 969 968
f 1713 970 969
f 1713 968 1712
f 1714 970 1713
f 1715 963 970
f 1715 970 1714
f 1716 959 963
f 1716 963 1715
f 1717 958 959
f 1717 952 958
f 1717 959 1716
f 1718 952 1717
f 1719 952 1718
f 1719 947 952
f 1719 942 947
f 1720 942 1719
f 1721 942 1720
f 1721 937 942
f 1721 933 937
f 1722 933 1721
f 1723 933 1722
f 1723 931 933
f 1724 931 1723
f 1724 930 931
f 1725 930 1724
f 1725 935 930
f 1726 935 1725
f 1726 939 935
f 1727 939 1726
f 1727 945 939
f 1728 945 1727
f 1728 949 945
f 1729 949 1728
f 1729 954 949
f 1729 965 954
f 1730 965 1729
f 1731 975 965
f 1731 965 1730
f 1732 976 975
f 1732 1004 976
f 1732 975 1731
f 1708 1004 1732
f 1733 1052 1734
f 1733 1046 1052
f 1735 1041 1046
f 1735 1046 1733
f 1736 1042 1041
f 1736 1033 1042
f 1736 1041 1735
f 1737 1033 1736
f 1738 1034 1033
f 1738 1033 1737
f 1739 1031 1034
f 1739 1029 1031
f 1739 1034 1738
f 1740 1029 1739
f 1741 1025 1029
f 1741 1029 1740
f 1742 1026 1025
f 1742 1025 1741
f 1743 1017 1026
f 1743 1013 1017
f 1743 1026 1742
f 1744 1013 1743
f 1745 1013 1744
f 1745 1008 1013
f 1745 1001 1008
f 1746 1001 1745
f 1747 1001 1746
f 1747 995 1001
f 1747 989 995
f 1748 989 1747
f 1749 989 1748
f 1749 982 989
f 1750 982 1749
f 1750 985 982
f 1751 985 1750
f 1751 991 985
f 1752 991 1751
f 1752 997 991
f 1753 997 1752
f 1753 1003 997
f 1754 1003 1753
f 1754 1011 1003
f 1755 1011 1754
f 1755 1015 1011
f 1755 1020 1015
f 1756 1020 1755
f 1757 1023 1020
f 1757 1020 1756
f 1758 1058 1023
f 1758 1052 1058
f 1758 1023 1757
f 1734 1052 1758
f 1759 1102 1760
f 1759 1103 1102
f 1761 1091 1103
f 1761 1103 1759
f 1762 1092 1091
f 1762 1093 1092
f 1762 1091 1761
f 1763 1093 1762
f 1764 1084 1093
f 1764 1093 1763
f 1765 1085 1084
f 1765 1086 1085
f 1765 1084 1764
f 1766 1086 1765
f 1767 1083 1086
f 1767 1086 1766
f 1768 1081 1083
f 1768 1083 1767
f 1769 1075 1081
f 1769 1071 1075
f 1769 1081 1768
f 1770 1071 1769
f 1771 1071 1770
f 1771 1065 1071
f 1771 1060 1065
f 1772 1060 1771
f 1773 1060 1772
f 1773 1055 1060
f 1773 1049 1055
f 1774 1049 1773
f 1775 1049 1774
f 1775 1040 1049
f 1776 1040 1775
f 1776 1045 1040
f 1777 1045 1776
f 1777 1051 1045
f 1778 1051 1777
f 1778 1057 1051
f 1779 1057 1778
f 1779 1062 1057
f 1780 1062 1779
f 1780 1067 1062
f 1781 1067 1780
f 1781 1072 1067
f 1781 1077 1072
f 1782 1077 1781
f 1783 1104 1077
f 1783 1077 1782
f 1784 1105 1104
f 1784 1102 1105
f 1784 1104 1783
f 1760 1102 1784
f 1785 1099 1786
f 1785 1106 1099
f 1787 1113 1106
f 1787 1106 1785
f 1788 1116 1113
f 1788 1123 1116
f 1788 1113 1787
f 1789 1123 1788
f 1790 1119 1123
f 1790 1123 1789
f 1791 1111 1119
f 1791 1119 1790
f 1792 1111 1791
f 1792 1107 1111
f 1792 1108 1107
f 1793 1108 1792
f 1794 1108 1793
f 1794 1101 1108
f 1795 1101 1794
f 1795 1078 1101
f 1796 1078 1795
f 1796 1068 1078
f 1797 1068 1796
f 1797 1032 1068
f 1798 1032 1797
f 1798 1019 1032
f 1799 1019 1798
f 1799 1002 1019
f 1800 1002 1799
f 1800 974 1002
f 1801 974 1800
f 1801 964 974
f 1802 964 1801
f 1802 960 964
f 1803 960 1802
f 1803 950 960
f 1804 950 1803
f 1804 940 950
f 1805 940 1804
f 1805 923 940
f 1806 923 1805
f 1806 920 923
f 1807 917 920
f 1807 920 1806
f 1808 921 917
f 1808 917 1807
f 1809 926 921
f 1809 921 1808
f 1810 943 926
f 1810 953 943
f 1810 926 1809
f 1811 953 1810
f 1811 962 953
f 1812 962 1811
f 1813 966 962
f 1813 962 1812
f 1814 977 966
f 1814 966 1813
f 1815 1009 977
f 1815 1021 1009
f 1815 977 1814
f 1816 1021 1815
f 1817 1021 1816
f 1817 1064 1021
f 1818 1064 1817
f 1818 1070 1064
f 1819 1070 1818
f 1819 1080 1070
f 1786 1080 1819
f 1786 1099 1080
f 1820 1168 1821
f 1820 1169 1168
f 1822 1171 1169
f 1822 1169 1820
f 1823 1172 1171
f 1823 1173 1172
f 1823 1171 1822
f 1824 1173 1823
f 1825 1174 1173
f 1825 1173 1824
f 1826 1184 1174
f 1826 1185 1184
f 1826 1174 1825
f 1827 1185 1826
f 1828 1161 1185
f 1828 1185 1827
f 1829 1151 1161
f 1829 1161 1828
f 1830 1147 1151
f 1830 1143 1147
f 1830 1151 1829
f 1831 1143 1830
f 1832 1143 1831
f 1832 1138 1143
f 1832 1133 1138
f 1833 1133 1832
f 1834 1133 1833
f 1834 1122 1133
f 1834 1115 1122
f 1835 1115 1834
f 1836 1115 1835
f 1836 1114 1115
f 1837 1114 1836
f 1837 1112 1114
f 1838 1112 1837
f 1838 1120 1112
f 1839 1120 1838
f 1839 1125 1120
f 1840 1125 1839
f 1840 1127 1125
f 1841 1127 1840
f 1841 1134 1127
f 1842 1134 1841
f 1842 1152 1134
f 1842 1153 1152
f 1843 1153 1842
f 1844 1154 1153
f 1844 1153 1843
f 1845 1167 1154
f 1845 1168 1167
f 1845 1154 1844
f 1821 1168 1845
f 1846 1178 1847
f 1846 1179 1178
f 1848 1175 1179
f 1848 1179 1846
f 1849 1176 1175
f 1849 1177 1176
f 1849 1175 1848
f 1850 1177 1849
f 1851 1170 1177
f 1851 1177 1850
f 1852 1165 1170
f 1852 1166 1165
f 1852 1170 1851
f 1853 1166 1852
f 1854 1159 1166
f 1854 1166 1853
f 1855 1155 1159
f 1855 1159 1854
f 1856 1156 1155
f 1856 1139 1156
f 1856 1155 1855
f 1857 1139 1856
f 1858 1139 1857
f 1858 1130 1139
f 1858 1126 1130
f 1859 1126 1858
f 1860 1126 1859
f 1860 1121 1126
f 1860 1117 1121
f 1861 1117 1860
f 1862 1117 1861
f 1862 1109 1117
f 1863 1109 1862
f 1863 1110 1109
f 1864 1110 1863
f 1864 1118 1110
f 1865 1118 1864
f 1865 1124 1118
f 1866 1124 1865
f 1866 1136 1124
f 1867 1136 1866
f 1867 1141 1136
f 1868 1141 1867
f 1868 1145 1141
f 1868 1149 1145
f 1869 1149 1868
f 1870 1158 1149
f 1870 1149 1869
f 1871 1163 1158
f 1871 1178 1163
f 1871 1158 1870
f 1847 1178 1871
f 1872 1183 1873
f 1872 1190 1183
f 1874 1191 1190
f 1874 1190 1872
f 1875 1186 1191
f 1875 1187 1186
f 1875 1191 1874
f 1876 1187 1875
f 1877 1188 1187
f 1877 1187 1876
f 1878 1189 1188
f 1878 1180 1189
f 1878 1188 1877
f 1879 1180 1878
f 1880 1181 1180
f 1880 1180 1879
f 1881 1162 1181
f 1881 1181 1880
f 1882 1157 1162
f 1882 1148 1157
f 1882 1162 1881
f 1883 1148 1882
f 1884 1148 1883
f 1884 1144 1148
f 1884 1140 1144
f 1885 1140 1884
f 1886 1140 1885
f 1886 1135 1140
f 1886 1131 1135
f 1887 1131 1886
f 1888 1131 1887
f 1888 1128 1131
f 1889 1128 1888
f 1889 1129 1128
f 1890 1129 1889
f 1890 1132 1129
f 1891 1132 1890
f 1891 1137 1132
f 1892 1137 1891
f 1892 1142 1137
f 1893 1142 1892
f 1893 1146 1142
f 1894 1146 1893
f 1894 1150 1146
f 1894 1160 1150
f 1895 1160 1894
f 1896 1164 1160
f 1896 1160 1895
f 1897 1182 1164
f 1897 1183 1182
f 1897 1164 1896
f 1873 1183 1897
f 1211 1898 1899
f 1213 1900 1898
f 1213 1898 1211
f 1215 1901 1900
f 1215 1900 1213
f 1216 1902 1901
f 1216 1901 1215
f 1217 1903 1902
f 1217 1902 1216
f 1214 1903 1217
f 1212 1904 1903
f 1212 1905 1904
f 1212 1903 1214
f 1210 1905 1212
f 1208 1906 1905
f 1208 1907 1906
f 1208 1905 1210
f 1206 1907 1208
f 1204 1908 1907
f 1204 1909 1908
f 1204 1907 1206
f 1202 1909 1204
f 1200 1909 1202
f 1200 1910 1909
f 1198 1910 1200
f 1198 1911 1910
f 1196 1911 1198
f 1196 1912 1911
f 1194 1912 1196
f 1194 1913 1912
f 1194 1914 1913
f 1193 1914 1194
f 1192 1914 1193
f 1192 1915 1914
f 1192 1916 1915
f 1195 1916 1192
f 1197 1916 1195
f 1197 1917 1916
f 1199 1917 1197
f 1199 1918 1917
f 1199 1919 1918
f 1201 1919 1199
f 1203 1919 1201
f 1203 1920 1919
f 1205 1920 1203
f 1205 1921 1920
f 1207 1922 1921
f 1207 1921 1205
f 1207 1923 1922
f 1209 1923 1207
f 1211 1899 1923
f 1211 1923 1209
f 1238 1924 1925
f 1239 1926 1924
f 1239 1924 1238
f 1240 1927 1926
f 1240 1926 1239
f 1243 1928 1927
f 1243 1927 1240
f 1242 1929 1928
f 1242 1928 1243
f 1241 1929 1242
f 1237 1930 1929
f 1237 1931 1930
f 1237 1929 1241
f 1236 1931 1237
f 1234 1932 1931
f 1234 1933 1932
f 1234 1931 1236
f 1233 1933 1234
f 1230 1934 1933
f 1230 1935 1934
f 1230 1933 1233
f 1228 1935 1230
f 1226 1935 1228
f 1226 1936 1935
f 1224 1936 1226
f 1224 1937 1936
f 1222 1937 1224
f 1222 1938 1937
f 1220 1938 1222
f 1220 1939 1938
f 1220 1940 1939
f 1219 1940 1220
f 1218 1940 1219
f 1218 1941 1940
f 1218 1942 1941
f 1221 1942 1218
f 1223 1942 1221
f 1223 1943 1942
f 1225 1943 1223
f 1225 1944 1943
f 1225 1945 1944
f 1227 1945 1225
f 1229 1945 1227
f 1229 1946 1945
f 1231 1946 1229
f 1231 1947 1946
f 1232 1948 1947
f 1232 1947 1231
f 1232 1949 1948
f 1235 1949 1232
f 1238 1925 1949
f 1238 1949 1235
f 1264 1950 1951
f 1265 1952 1950
f 1265 1950 1264
f 1267 1953 1952
f 1267 1952 1265
f 1268 1954 1953
f 1268 1953 1267
f 1269 1955 1954
f 1269 1954 1268
f 1266 1955 1269
f 1263 1956 1955
f 1263 1957 1956
f 1263 1955 1266
f 1262 1957 1263
f 1259 1958 1957
f 1259 1959 1958
f 1259 1957 1262
f 1258 1959 1259
f 1256 1960 1959
f 1256 1961 1960
f 1256 1959 1258
f 1254 1961 1256
f 1252 1961 1254
f 1252 1962 1961
f 1250 1962 1252
f 1250 1963 1962
f 1248 1963 1250
f 1248 1964 1963
f 1246 1964 1248
f 1246 1965 1964
f 1246 1966 1965
f 1245 1966 1246
f 1244 1966 1245
f 1244 1967 1966
f 1244 1968 1967
f 1247 1968 1244
f 1249 1968 1247
f 1249 1969 1968
f 1251 1969 1249
f 1251 1970 1969
f 1251 1971 1970
f 1253 1971 1251
f 1255 1971 1253
f 1255 1972 1971
f 1257 1972 1255
f 1257 1973 1972
f 1260 1974 1973
f 1260 1973 1257
f 1260 1975 1974
f 1261 1975 1260
f 1264 1951 1975
f 1264 1975 1261
f 1290 1976 1977
f 1291 1978 1976
f 1291 1976 1290
f 1292 1979 1978
f 1292 1978 1291
f 1295 1980 1979
f 1295 1979 1292
f 1294 1981 1980
f 1294 1980 1295
f 1293 1981 1294
f 1289 1982 1981
f 1289 1983 1982
f 1289 1981 1293
f 1288 1983 1289
f 1286 1984 1983
f 1286 1985 1984
f 1286 1983 1288
f 1285 1985 1286
f 1282 1986 1985
f 1282 1987 1986
f 1282 1985 1285
f 1280 1987 1282
f 1278 1987 1280
f 1278 1988 1987
f 1276 1988 1278
f 1276 1989 1988
f 1274 1989 1276
f 1274 1990 1989
f 1272 1990 1274
f 1272 1991 1990
f 1272 1992 1991
f 1271 1992 1272
f 1270 1992 1271
f 1270 1993 1992
f 1270 1994 1993
f 1273 1994 1270
f 1275 1994 1273
f 1275 1995 1994
f 1277 1995 1275
f 1277 1996 1995
f 1277 1997 1996
f 1279 1997 1277
f 1281 1997 1279
f 1281 1998 1997
f 1283 1998 1281
f 1283 1999 1998
f 1284 2000 1999
f 1284 1999 1283
f 1284 2001 2000
f 1287 2001 1284
f 1290 1977 2001
f 1290 2001 1287
f 1316 2002 2003
f 1318 2004 2002
f 1318 2002 1316
f 1319 2005 2004
f 1319 2004 1318
f 1321 2006 2005
f 1321 2005 1319
f 1320 2007 2006
f 1320 2006 1321
f 1317 2007 1320
f 1315 2008 2007
f 1315 2009 2008
f 1315 2007 1317
f 1314 2009 1315
f 1312 2010 2009
f 1312 2011 2010
f 1312 2009 1314
f 1311 2011 1312
f 1308 2012 2011
f 1308 2013 2012
f 1308 2011 1311
f 1306 2013 1308
f 1304 2013 1306
f 1304 2014 2013
f 1302 2014 1304
f 1302 2015 2014
f 1300 2015 1302
f 1300 2016 2015
f 1298 2016 1300
f 1298 2017 2016
f 1298 2018 2017
f 1297 2018 1298
f 1296 2018 1297
f 1296 2019 2018
f 1296 2020 2019
f 1299 2020 1296
f 1301 2020 1299
f 1301 2021 2020
f 1303 2021 1301
f 1303 2022 2021
f 1303 2023 2022
f 1305 2023 1303
f 1307 2023 1305
f 1307 2024 2023
f 1309 2024 1307
f 1309 2025 2024
f 1310 2026 2025
f 1310 2025 1309
f 1310 2027 2026
f 1313 2027 1310
f 1316 2003 2027
f 1316 2027 1313
f 1342 2028 2029
f 1343 2030 2028
f 1343 2028 1342
f 1345 2031 2030
f 1345 2030 1343
f 1346 2032 2031
f 1346 2031 1345
f 1347 2033 2032
f 1347 2032 1346
f 1344 2033 1347
f 1341 2034 2033
f 1341 2035 2034
f 1341 2033 1344
f 1340 2035 1341
f 1337 2036 2035
f 1337 2037 2036
f 1337 2035 1340
f 1336 2037 1337
f 1334 2038 2037
f 1334 2039 2038
f 1334 2037 1336
f 1332 2039 1334
f 1330 2039 1332
f 1330 2040 2039
f 1328 2040 1330
f 1328 2041 2040
f 1326 2041 1328
f 1326 2042 2041
f 1324 2042 1326
f 1324 2043 2042
f 1324 2044 2043
f 1323 2044 1324
f 1322 2044 1323
f 1322 2045 2044
f 1322 2046 2045
f 1325 2046 1322
f 1327 2046 1325
f 1327 2047 2046
f 1329 2047 1327
f 1329 2048 2047
f 1329 2049 2048
f 1331 2049 1329
f 1333 2049 1331
f 1333 2050 2049
f 1335 2050 1333
f 1335 2051 2050
f 1338 2052 2051
f 1338 2051 1335
f 1338 2053 2052
f 1339 2053 1338
f 1342 2029 2053
f 1342 2053 1339
f 1368 2054 2055
f 1370 2056 2054
f 1370 2054 1368
f 1371 2057 2056
f 1371 2056 1370
f 1373 2058 2057
f 1373 2057 1371
f 1372 2059 2058
f 1372 2058 1373
f 1369 2059 1372
f 1367 2060 2059
f 1367 2061 2060
f 1367 2059 1369
f 1366 2061 1367
f 1364 2062 2061
f 1364 2063 2062
f 1364 2061 1366
f 1363 2063 1364
f 1360 2064 2063
f 1360 2065 2064
f 1360 2063 1363
f 1358 2065 1360
f 1356 2065 1358
f 1356 2066 2065
f 1354 2066 1356
f 1354 2067 2066
f 1352 2067 1354
f 1352 2068 2067
f 1350 2068 1352
f 1350 2069 2068
f 1350 2070 2069
f 1349 2070 1350
f 1348 2070 1349
f 1348 2071 2070
f 1348 2072 2071
f 1351 2072 1348
f 1353 2072 1351
f 1353 2073 2072
f 1355 2073 1353
f 1355 2074 2073
f 1355 2075 2074
f 1357 2075 1355
f 1359 2075 1357
f 1359 2076 2075
f 1361 2076 1359
f 1361 2077 2076
f 1362 2078 2077
f 1362 2077 1361
f 1362 2079 2078
f 1365 2079 1362
f 1368 2055 2079
f 1368 2079 1365
f 1394 2080 2081
f 1395 2082 2080
f 1395 2080 1394
f 1396 2083 2082
f 1396 2082 1395
f 1399 2084 2083
f 1399 2083 1396
f 1398 2085 2084
f 1398 2084 1399
f 1397 2085 1398
f 1393 2086 2085
f 1393 2087 2086
f 1393 2085 1397
f 1392 2087 1393
f 1390 2088 2087
f 1390 2089 2088
f 1390 2087 1392
f 1389 2089 1390
f 1386 2090 2089
f 1386 2091 2090
f 1386 2089 1389
f 1384 2091 1386
f 1382 2091 1384
f 1382 2092 2091
f 1380 2092 1382
f 1380 2093 2092
f 1378 2093 1380
f 1378 2094 2093
f 1376 2094 1378
f 1376 2095 2094
f 1376 2096 2095
f 1375 2096 1376
f 1374 2096 1375
f 1374 2097 2096
f 1374 2098 2097
f 1377 2098 1374
f 1379 2098 1377
f 1379 2099 2098
f 1381 2099 1379
f 1381 2100 2099
f 1381 2101 2100
f 1383 2101 1381
f 1385 2101 1383
f 1385 2102 2101
f 1387 2102 1385
f 1387 2103 2102
f 1388 2104 2103
f 1388 2103 1387
f 1388 2105 2104
f 1391 2105 1388
f 1394 2081 2105
f 1394 2105 1391
f 1420 2106 2107
f 1421 2108 2106
f 1421 2106 1420
f 1422 2109 2108
f 1422 2108 1421
f 1425 2110 2109
f 1425 2109 1422
f 1424 2111 2110
f 1424 2110 1425
f 1423 2111 1424
f 1419 2112 2111
f 1419 2113 2112
f 1419 2111 1423
f 1418 2113 1419
f 1416 2114 2113
f 1416 2115 2114
f 1416 2113 1418
f 1415 2115 1416
f 1412 2116 2115
f 1412 2117 2116
f 1412 2115 1415
f 1410 2117 1412
f 1408 2117 1410
f 1408 2118 2117
f 1406 2118 1408
f 1406 2119 2118
f 1404 2119 1406
f 1404 2120 2119
f 1402 2120 1404
f 1402 2121 2120
f 1402 2122 2121
f 1401 2122 1402
f 1400 2122 1401
f 1400 2123 2122
f 1400 2124 2123
f 1403 2124 1400
f 1405 2124 1403
f 1405 2125 2124
f 1407 2125 1405
f 1407 2126 2125
f 1407 2127 2126
f 1409 2127 1407
f 1411 2127 1409
f 1411 2128 2127
f 1413 2128 1411
f 1413 2129 2128
f 1414 2130 2129
f 1414 2129 1413
f 1414 2131 2130
f 1417 2131 1414
f 1420 2107 2131
f 1420 2131 1417
f 1463 2132 1461
f 1463 2133 2132
f 1465 2133 1463
f 1465 2134 2133
f 1465 2135 2134
f 1467 2135 1465
f 1467 2136 2135
f 1469 2136 1467
f 1471 2136 1469
f 1471 2137 2136
f 1472 2137 1471
f 1472 2138 2137
f 1470 2138 1472
f 1470 2139 2138
f 1468 2139 1470
f 1468 2140 2139
f 1466 2140 1468
f 1466 2141 2140
f 1466 2142 2141
f 1464 2142 1466
f 1462 2142 1464
f 1462 2143 2142
f 1462 2144 2143
f 1460 2144 1462
f 1458 2144 1460
f 1458 2145 2144
f 1458 2146 2145
f 1456 2146 1458
f 1456 2147 2146
f 1454 2147 1456
f 1452 2148 2147
f 1452 2147 1454
f 1450 2148 1452
f 1450 2149 2148
f 1448 2150 2149
f 1448 2149 1450
f 1446 2151 2150
f 1446 2152 2151
f 1446 2150 1448
f 1444 2152 1446
f 1442 2153 2152
f 1442 2152 1444
f 1440 2154 2153
f 1440 2153 1442
f 1438 2155 2154
f 1438 2156 2155
f 1438 2154 1440
f 1436 2156 1438
f 1434 2157 2156
f 1434 2158 2157
f 1434 2156 1436
f 1432 2159 2158
f 1432 2158 1434
f 1430 2159 1432
f 1428 2159 1430
f 1428 2160 2159
f 1428 2161 2160
f 1427 2161 1428
f 1426 2161 1427
f 1426 2162 2161
f 1429 2162 1426
f 1429 2163 2162
f 1429 2164 2163
f 1431 2164 1429
f 1433 2164 1431
f 1433 2165 2164
f 1435 2165 1433
f 1435 2166 2165
f 1437 2166 1435
f 1437 2167 2166
f 1439 2167 1437
f 1439 2168 2167
f 1441 2168 1439
f 1441 2169 2168
f 1443 2169 1441
f 1443 2170 2169
f 1445 2170 1443
f 1445 2171 2170
f 1447 2171 1445
f 1447 2172 2171
f 1449 2172 1447
f 1449 2173 2172
f 1451 2173 1449
f 1451 2174 2173
f 1453 2174 1451
f 1453 2175 2174
f 1455 2175 1453
f 1455 2176 2175
f 1457 2176 1455
f 1457 2177 2176
f 1457 2178 2177
f 1459 2178 1457
f 1459 2132 2178
f 1461 2132 1459
f 1493 2179 2180
f 1494 2181 2179
f 1494 2179 1493
f 1496 2182 2181
f 1496 2181 1494
f 1497 2183 2182
f 1497 2182 1496
f 1498 2184 2183
f 1498 2183 1497
f 1495 2184 1498
f 1492 2185 2184
f 1492 2186 2185
f 1492 2184 1495
f 1491 2186 1492
f 1488 2187 2186
f 1488 2188 2187
f 1488 2186 1491
f 1487 2188 1488
f 1485 2189 2188
f 1485 2190 2189
f 1485 2188 1487
f 1483 2190 1485
f 1481 2190 1483
f 1481 2191 2190
f 1479 2191 1481
f 1479 2192 2191
f 1477 2192 1479
f 1477 2193 2192
f 1475 2193 1477
f 1475 2194 2193
f 1475 2195 2194
f 1474 2195 1475
f 1473 2195 1474
f 1473 2196 2195
f 1473 2197 2196
f 1476 2197 1473
f 1478 2197 1476
f 1478 2198 2197
f 1480 2198 1478
f 1480 2199 2198
f 1480 2200 2199
f 1482 2200 1480
f 1484 2200 1482
f 1484 2201 2200
f 1486 2201 1484
f 1486 2202 2201
f 1489 2203 2202
f 1489 2202 1486
f 1489 2204 2203
f 1490 2204 1489
f 1493 2180 2204
f 1493 2204 1490
f 1519 2205 2206
f 1520 2207 2205
f 1520 2205 1519
f 1521 2208 2207
f 1521 2207 1520
f 1524 2209 2208
f 1524 2208 1521
f 1523 2210 2209
f 1523 2209 1524
f 1522 2210 1523
f 1518 2211 2210
f 1518 2212 2211
f 1518 2210 1522
f 1517 2212 1518
f 1515 2213 2212
f 1515 2214 2213
f 1515 2212 1517
f 1514 2214 1515
f 1511 2215 2214
f 1511 2216 2215
f 1511 2214 1514
f 1509 2216 1511
f 1507 2216 1509
f 1507 2217 2216
f 1505 2217 1507
f 1505 2218 2217
f 1503 2218 1505
f 1503 2219 2218
f 1501 2219 1503
f 1501 2220 2219
f 1501 2221 2220
f 1500 2221 1501
f 1499 2221 1500
f 1499 2222 2221
f 1499 2223 2222
f 1502 2223 1499
f 1504 2223 1502
f 1504 2224 2223
f 1506 2224 1504
f 1506 2225 2224
f 1506 2226 2225
f 1508 2226 1506
f 1510 2226 1508
f 1510 2227 2226
f 1512 2227 1510
f 1512 2228 2227
f 1513 2229 2228
f 1513 2228 1512
f 1513 2230 2229
f 1516 2230 1513
f 1519 2206 2230
f 1519 2230 1516
f 1543 2231 2232
f 1546 2233 2231
f 1546 2231 1543
f 1548 2234 2233
f 1548 2233 1546
f 1550 2235 2234
f 1550 2234 1548
f 1549 2236 2235
f 1549 2235 1550
f 1547 2236 1549
f 1545 2237 2236
f 1545 2238 2237
f 1545 2236 1547
f 1544 2238 1545
f 1540 2239 2238
f 1540 2240 2239
f 1540 2238 1544
f 1539 2240 1540
f 1537 2241 2240
f 1537 2242 2241
f 1537 2240 1539
f 1535 2242 1537
f 1533 2242 1535
f 1533 2243 2242
f 1531 2243 1533
f 1531 2244 2243
f 1529 2244 1531
f 1529 2245 2244
f 1527 2245 1529
f 1527 2246 2245
f 1527 2247 2246
f 1526 2247 1527
f 1525 2247 1526
f 1525 2248 2247
f 1525 2249 2248
f 1528 2249 1525
f 1530 2249 1528
f 1530 2250 2249
f 1532 2250 1530
f 1532 2251 2250
f 1532 2252 2251
f 1534 2252 1532
f 1536 2252 1534
f 1536 2253 2252
f 1538 2253 1536
f 1538 2254 2253
f 1541 2255 2254
f 1541 2254 1538
f 1541 2256 2255
f 1542 2256 1541
f 1543 2232 2256
f 1543 2256 1542
f 1915 1568 1567
f 1915 1567 1914
f 1913 1567 1566
f 1913 1914 1567
f 1916 1569 1568
f 1916 1568 1915
f 1912 1566 1565
f 1912 1913 1566
f 1917 1570 1569
f 1917 1569 1916
f 1911 1565 1564
f 1911 1912 1565
f 1918 1571 1570
f 1918 1570 1917
f 1910 1564 1563
f 1910 1911 1564
f 1919 1572 1571
f 1919 1571 1918
f 1909 1563 1562
f 1909 1910 1563
f 1920 1573 1572
f 1920 1572 1919
f 1908 1562 1561
f 1908 1909 1562
f 1574 1920 1921
f 1574 1573 1920
f 1560 1908 1561
f 1560 1907 1908
f 1575 1574 1921
f 1575 1921 1922
f 1559 1907 1560
f 1559 1906 1907
f 1576 1575 1922
f 1576 1922 1923
f 1558 1906 1559
f 1558 1905 1906
f 1552 1576 1923
f 1552 1923 1899
f 1557 1904 1905
f 1557 1905 1558
f 1551 1899 1898
f 1551 1552 1899
f 1556 1903 1904
f 1556 1904 1557
f 1553 1551 1898
f 1553 1898 1900
f 1553 1900 1901
f 1555 1903 1556
f 1555 1901 1902
f 1555 1902 1903
f 1554 1901 1555
f 1554 1553 1901
f 1941 1594 1593
f 1941 1593 1940
f 1939 1593 1592
f 1939 1940 1593
f 1942 1595 1594
f 1942 1594 1941
f 1938 1592 1591
f 1938 1939 1592
f 1943 1596 1595
f 1943 1595 1942
f 1937 1591 1590
f 1937 1938 1591
f 1944 1597 1596
f 1944 1596 1943
f 1936 1590 1589
f 1936 1937 1590
f 1945 1598 1597
f 1945 1597 1944
f 1935 1589 1588
f 1935 1936 1589
f 1946 1599 1598
f 1946 1598 1945
f 1934 1588 1587
f 1934 1935 1588
f 1600 1946 1947
f 1600 1599 1946
f 1948 1600 1947
f 1586 1934 1587
f 1586 1933 1934
f 1601 1600 1948
f 1585 1933 1586
f 1585 1932 1933
f 1602 1601 1948
f 1602 1948 1949
f 1584 1932 1585
f 1584 1930 1931
f 1584 1931 1932
f 1578 1602 1949
f 1578 1949 1925
f 1583 1930 1584
f 1577 1578 1925
f 1577 1925 1924
f 1577 1924 1926
f 1582 1929 1930
f 1582 1930 1583
f 1579 1577 1926
f 1581 1927 1928
f 1581 1928 1929
f 1581 1929 1582
f 1580 1926 1927
f 1580 1927 1581
f 1580 1579 1926
f 1967 1620 1619
f 1967 1621 1620
f 1967 1619 1966
f 1965 1619 1618
f 1965 1966 1619
f 1968 1621 1967
f 1964 1618 1617
f 1964 1965 1618
f 1969 1622 1621
f 1969 1621 1968
f 1963 1617 1616
f 1963 1964 1617
f 1970 1623 1622
f 1970 1622 1969
f 1962 1616 1615
f 1962 1963 1616
f 1971 1624 1623
f 1971 1623 1970
f 1961 1615 1614
f 1961 1962 1615
f 1972 1625 1624
f 1972 1624 1971
f 1613 1961 1614
f 1960 1961 1613
f 1973 1625 1972
f 1626 1625 1973
f 1612 1959 1960
f 1612 1960 1613
f 1958 1959 1612
f 1627 1626 1973
f 1627 1973 1974
f 1611 1958 1612
f 1628 1627 1974
f 1628 1974 1975
f 1610 1956 1957
f 1610 1957 1958
f 1610 1958 1611
f 1604 1628 1975
f 1604 1975 1951
f 1609 1956 1610
f 1603 1604 1951
f 1603 1951 1950
f 1608 1955 1956
f 1608 1956 1609
f 1605 1950 1952
f 1605 1952 1953
f 1605 1603 1950
f 1607 1953 1954
f 1607 1954 1955
f 1607 1955 1608
f 1606 1605 1953
f 1606 1953 1607
f 1993 1646 1645
f 1993 1645 1992
f 1991 1645 1644
f 1991 1992 1645
f 1994 1647 1646
f 1994 1646 1993
f 1990 1644 1643
f 1990 1991 1644
f 1995 1648 1647
f 1995 1647 1994
f 1989 1643 1642
f 1989 1990 1643
f 1996 1649 1648
f 1996 1648 1995
f 1988 1642 1641
f 1988 1989 1642
f 1997 1650 1649
f 1997 1649 1996
f 1987 1641 1640
f 1987 1988 1641
f 1998 1651 1650
f 1998 1650 1997
f 1986 1640 1639
f 1986 1987 1640
f 1652 1998 1999
f 1652 1651 1998
f 2000 1652 1999
f 1638 1986 1639
f 1638 1985 1986
f 1653 1652 2000
f 1637 1985 1638
f 1637 1984 1985
f 1654 1653 2000
f 1654 2000 2001
f 1636 1984 1637
f 1636 1982 1983
f 1636 1983 1984
f 1630 1654 2001
f 1630 2001 1977
f 1635 1982 1636
f 1629 1630 1977
f 1629 1977 1976
f 1629 1976 1978
f 1634 1981 1982
f 1634 1982 1635
f 1631 1629 1978
f 1633 1979 1980
f 1633 1980 1981
f 1633 1981 1634
f 1632 1978 1979
f 1632 1979 1633
f 1632 1631 1978
f 2019 1672 1671
f 2019 1673 1672
f 2019 1671 2018
f 2017 1671 1670
f 2017 2018 1671
f 2020 1673 2019
f 2016 1670 1669
f 2016 2017 1670
f 2021 1674 1673
f 2021 1673 2020
f 2015 1669 1668
f 2015 2016 1669
f 2022 1675 1674
f 2022 1674 2021
f 2014 1668 1667
f 2014 2015 1668
f 2023 1676 1675
f 2023 1675 2022
f 2013 1667 1666
f 2013 2014 1667
f 2024 1677 1676
f 2024 1676 2023
f 2012 1666 1665
f 2012 2013 1666
f 2025 1677 2024
f 1678 1677 2025
f 2026 1678 2025
f 1664 2012 1665
f 1664 2011 2012
f 2010 2011 1664
f 1679 1678 2026
f 1679 2026 2027
f 1663 2010 1664
f 1680 1679 2027
f 1662 2010 1663
f 1662 2008 2009
f 1662 2009 2010
f 1656 1680 2027
f 1656 2027 2003
f 1661 2007 2008
f 1661 2008 1662
f 1655 1656 2003
f 1655 2003 2002
f 1655 2002 2004
f 1660 2007 1661
f 1657 1655 2004
f 1659 2005 2006
f 1659 2006 2007
f 1659 2007 1660
f 1658 2004 2005
f 1658 2005 1659
f 1658 1657 2004
f 2045 1698 1697
f 2045 1699 1698
f 2045 1697 2044
f 2043 1697 1696
f 2043 2044 1697
f 2046 1699 2045
f 2042 1696 1695
f 2042 2043 1696
f 2047 1700 1699
f 2047 1699 2046
f 2041 1695 1694
f 2041 2042 1695
f 2048 1701 1700
f 2048 1700 2047
f 2040 1694 1693
f 2040 2041 1694
f 2049 1702 1701
f 2049 1701 2048
f 2039 1693 1692
f 2039 2040 1693
f 2050 1703 1702
f 2050 1702 2049
f 1691 2039 1692
f 2038 2039 1691
f 2051 1703 2050
f 1704 1703 2051
f 1690 2037 2038
f 1690 2038 1691
f 2036 2037 1690
f 1705 1704 2051
f 1705 2051 2052
f 1689 2036 1690
f 1706 1705 2052
f 1706 2052 2053
f 1688 2034 2035
f 1688 2035 2036
f 1688 2036 1689
f 1682 1706 2053
f 1682 2053 2029
f 1687 2034 1688
f 1681 1682 2029
f 1681 2029 2028
f 1686 2033 2034
f 1686 2034 1687
f 1683 2028 2030
f 1683 2030 2031
f 1683 1681 2028
f 1685 2031 2032
f 1685 2032 2033
f 1685 2033 1686
f 1684 1683 2031
f 1684 2031 1685
f 2071 1724 1723
f 2071 1725 1724
f 2071 1723 2070
f 2069 1723 1722
f 2069 2070 1723
f 2072 1725 2071
f 2068 1722 1721
f 2068 2069 1722
f 2073 1726 1725
f 2073 1725 2072
f 2067 1721 1720
f 2067 2068 1721
f 2074 1727 1726
f 2074 1726 2073
f 2066 1720 1719
f 2066 2067 1720
f 2075 1728 1727
f 2075 1727 2074
f 2065 1719 1718
f 2065 2066 1719
f 2076 1729 1728
f 2076 1728 2075
f 2064 1718 1717
f 2064 2065 1718
f 2077 1729 2076
f 1730 1729 2077
f 2078 1730 2077
f 1716 2064 1717
f 1716 2063 2064
f 2062 2063 1716
f 1731 1730 2078
f 1731 2078 2079
f 1715 2062 1716
f 1732 1731 2079
f 1714 2062 1715
f 1714 2060 2061
f 1714 2061 2062
f 1708 1732 2079
f 1708 2079 2055
f 1713 2059 2060
f 1713 2060 1714
f 1707 1708 2055
f 1707 2055 2054
f 1707 2054 2056
f 1712 2059 1713
f 1709 1707 2056
f 1711 2057 2058
f 1711 2058 2059
f 1711 2059 1712
f 1710 2056 2057
f 1710 2057 1711
f 1710 1709 2056
f 2097 1750 1749
f 2097 1749 2096
f 2095 1749 1748
f 2095 2096 1749
f 2098 1751 1750
f 2098 1750 2097
f 2094 1748 1747
f 2094 2095 1748
f 2099 1752 1751
f 2099 1751 2098
f 2093 1747 1746
f 2093 2094 1747
f 2100 1753 1752
f 2100 1752 2099
f 2092 1746 1745
f 2092 2093 1746
f 2101 1754 1753
f 2101 1753 2100
f 2091 1745 1744
f 2091 2092 1745
f 2102 1755 1754
f 2102 1754 2101
f 2090 1744 1743
f 2090 2091 1744
f 1756 2102 2103
f 1756 1755 2102
f 2104 1756 2103
f 1742 2090 1743
f 1742 2089 2090
f 1757 1756 2104
f 1741 2089 1742
f 1741 2088 2089
f 1758 1757 2104
f 1758 2104 2105
f 1740 2088 1741
f 1740 2086 2087
f 1740 2087 2088
f 1734 1758 2105
f 1734 2105 2081
f 1739 2086 1740
f 1733 1734 2081
f 1733 2081 2080
f 1733 2080 2082
f 1738 2085 2086
f 1738 2086 1739
f 1735 1733 2082
f 1737 2083 2084
f 1737 2084 2085
f 1737 2085 1738
f 1736 2082 2083
f 1736 2083 1737
f 1736 1735 2082
f 2123 1776 1775
f 2123 1775 2122
f 2121 1775 1774
f 2121 2122 1775
f 2124 1777 1776
f 2124 1776 2123
f 2120 1774 1773
f 2120 2121 1774
f 2125 1778 1777
f 2125 1777 2124
f 2119 1773 1772
f 2119 2120 1773
f 2126 1779 1778
f 2126 1778 2125
f 2118 1772 1771
f 2118 2119 1772
f 2127 1780 1779
f 2127 1779 2126
f 2117 1771 1770
f 2117 2118 1771
f 2128 1781 1780
f 2128 1780 2127
f 2116 1770 1769
f 2116 2117 1770
f 1782 2128 2129
f 1782 1781 2128
f 2130 1782 2129
f 1768 2116 1769
f 1768 2115 2116
f 1783 1782 2130
f 1767 2115 1768
f 1767 2114 2115
f 1784 1783 2130
f 1784 2130 2131
f 1766 2114 1767
f 1766 2112 2113
f 1766 2113 2114
f 1760 1784 2131
f 1760 2131 2107
f 1765 2112 1766
f 1759 1760 2107
f 1759 2107 2106
f 1759 2106 2108
f 1764 2111 2112
f 1764 2112 1765
f 1761 1759 2108
f 1763 2109 2110
f 1763 2110 2111
f 1763 2111 1764
f 1762 2108 2109
f 1762 2109 1763
f 1762 1761 2108
f 1807 2257 2258
f 1806 2259 2257
f 1806 2257 1807
f 1808 2258 2260
f 1808 2260 2261
f 1808 1807 2258
f 1805 2259 1806
f 1805 2262 2263
f 1805 2263 2259
f 1809 2261 2264
f 1809 1808 2261
f 1804 2262 1805
f 1804 2265 2262
f 1810 1809 2264
f 1810 2264 2266
f 1803 2267 2268
f 1803 2268 2265
f 1803 2265 1804
f 1811 2266 2269
f 1811 2269 2270
f 1811 1810 2266
f 1802 2267 1803
f 1802 2271 2267
f 1812 1811 2270
f 1812 2270 2272
f 1801 2273 2271
f 1801 2271 1802
f 1813 1812 2272
f 1813 2272 2274
f 1800 2273 1801
f 1800 2275 2276
f 1800 2276 2273
f 1814 2274 2277
f 1814 1813 2274
f 2278 1814 2277
f 1799 2275 1800
f 1815 1814 2278
f 2279 2275 1799
f 2280 1815 2278
f 1798 2279 1799
f 1816 1815 2280
f 2281 2279 1798
f 1797 2281 1798
f 2282 1816 2280
f 1817 1816 2282
f 2283 2281 1797
f 2284 1817 2282
f 2285 1797 1796
f 2285 2283 1797
f 2286 1818 1817
f 2286 1817 2284
f 2287 1796 1795
f 2287 2285 1796
f 2288 1819 1818
f 2288 1818 2286
f 2289 2287 1795
f 2289 1795 1794
f 2290 1786 1819
f 2290 1819 2288
f 2291 2289 1794
f 2292 1786 2290
f 2293 1794 1793
f 2293 2291 1794
f 2294 1786 2292
f 2294 1785 1786
f 2295 2293 1793
f 2295 1793 1792
f 2296 1785 2294
f 2296 1787 1785
f 2297 2295 1792
f 2297 1792 1791
f 2298 1787 2296
f 2298 1788 1787
f 2299 2297 1791
f 2300 1788 2298
f 2301 2299 1791
f 2301 1791 1790
f 2302 1788 2300
f 2302 1789 1788
f 2303 2301 1790
f 2303 1789 2302
f 2303 1790 1789
f 2196 1837 1836
f 2196 1838 1837
f 2196 1836 2195
f 2194 1836 1835
f 2194 2195 1836
f 2197 1838 2196
f 2193 1835 1834
f 2193 2194 1835
f 2198 1839 1838
f 2198 1838 2197
f 2192 1834 1833
f 2192 2193 1834
f 2199 1840 1839
f 2199 1839 2198
f 2191 1833 1832
f 2191 2192 1833
f 2200 1841 1840
f 2200 1840 2199
f 2190 1832 1831
f 2190 2191 1832
f 2201 1842 1841
f 2201 1841 2200
f 1830 2190 1831
f 2189 2190 1830
f 2202 1842 2201
f 1843 1842 2202
f 1829 2188 2189
f 1829 2189 1830
f 2187 2188 1829
f 1844 1843 2202
f 1844 2202 2203
f 1828 2187 1829
f 1845 1844 2203
f 1845 2203 2204
f 1827 2185 2186
f 1827 2186 2187
f 1827 2187 1828
f 1821 1845 2204
f 1821 2204 2180
f 1826 2185 1827
f 1820 1821 2180
f 1820 2180 2179
f 1825 2184 2185
f 1825 2185 1826
f 1822 2179 2181
f 1822 2181 2182
f 1822 1820 2179
f 1824 2182 2183
f 1824 2183 2184
f 1824 2184 1825
f 1823 1822 2182
f 1823 2182 1824
f 2222 1863 1862
f 2222 1862 2221
f 2220 1862 1861
f 2220 2221 1862
f 2223 1864 1863
f 2223 1863 2222
f 2219 1861 1860
f 2219 2220 1861
f 2224 1865 1864
f 2224 1864 2223
f 2218 1860 1859
f 2218 2219 1860
f 2225 1866 1865
f 2225 1865 2224
f 2217 1859 1858
f 2217 2218 1859
f 2226 1867 1866
f 2226 1866 2225
f 2216 1858 1857
f 2216 2217 1858
f 2227 1868 1867
f 2227 1867 2226
f 2215 1857 1856
f 2215 2216 1857
f 1869 2227 2228
f 1869 1868 2227
f 2229 1869 2228
f 1855 2215 1856
f 1855 2214 2215
f 1870 1869 2229
f 1854 2214 1855
f 1854 2213 2214
f 1871 1870 2229
f 1871 2229 2230
f 1853 2213 1854
f 1853 2211 2212
f 1853 2212 2213
f 1847 1871 2230
f 1847 2230 2206
f 1852 2211 1853
f 1846 1847 2206
f 1846 2206 2205
f 1846 2205 2207
f 1851 2210 2211
f 1851 2211 1852
f 1848 1846 2207
f 1850 2208 2209
f 1850 2209 2210
f 1850 2210 1851
f 1849 2207 2208
f 1849 2208 1850
f 1849 1848 2207
f 2248 1889 1888
f 2248 1888 2247
f 2246 1888 1887
f 2246 2247 1888
f 2249 1890 1889
f 2249 1889 2248
f 2245 1886 1885
f 2245 1887 1886
f 2245 2246 1887
f 2250 1891 1890
f 2250 1890 2249
f 2244 2245 1885
f 2251 1892 1891
f 2251 1891 2250
f 2243 1885 1884
f 2243 2244 1885
f 2252 1893 1892
f 2252 1892 2251
f 2242 1884 1883
f 2242 2243 1884
f 2253 1894 1893
f 2253 1893 2252
f 2241 1883 1882
f 2241 2242 1883
f 2254 1894 2253
f 1895 1894 2254
f 1881 2241 1882
f 1881 2240 2241
f 2239 2240 1881
f 1896 1895 2254
f 1896 2254 2255
f 1880 2239 1881
f 1897 2255 2256
f 1897 2256 2232
f 1897 1896 2255
f 1879 2239 1880
f 1879 2238 2239
f 1873 1897 2232
f 1878 2237 2238
f 1878 2238 1879
f 1872 2232 2231
f 1872 1873 2232
f 1877 2236 2237
f 1877 2237 1878
f 1874 1872 2231
f 1874 2231 2233
f 1876 2234 2235
f 1876 2235 2236
f 1876 2236 1877
f 1875 2233 2234
f 1875 2234 1876
f 1875 1874 2233
f 2304 2161 2162
f 2305 2161 2304
f 2305 2160 2161
f 2306 2304 2162
f 2306 2162 2163
f 2307 2160 2305
f 2307 2159 2160
f 2308 2306 2163
f 2308 2163 2164
f 2309 2159 2307
f 2309 2158 2159
f 2310 2308 2164
f 2310 2164 2165
f 2311 2158 2309
f 2157 2158 2311
f 2312 2310 2165
f 2312 2165 2166
f 2313 2157 2311
f 2156 2157 2313
f 2314 2312 2166
f 2314 2166 2167
f 2315 2156 2313
f 2155 2156 2315
f 2316 2314 2167
f 2168 2316 2167
f 2317 2155 2315
f 2154 2155 2317
f 2318 2316 2168
f 2169 2318 2168
f 2319 2154 2317
f 2153 2154 2319
f 2320 2318 2169
f 2170 2320 2169
f 2321 2153 2319
f 2152 2153 2321
f 2322 2320 2170
f 2171 2322 2170
f 2323 2152 2321
f 2151 2152 2323
f 2324 2322 2171
f 2172 2324 2171
f 2325 2151 2323
f 2150 2151 2325
f 2326 2324 2172
f 2173 2326 2172
f 2327 2150 2325
f 2149 2150 2327
f 2328 2326 2173
f 2174 2328 2173
f 2329 2149 2327
f 2148 2149 2329
f 2330 2328 2174
f 2175 2330 2174
f 2331 2148 2329
f 2147 2148 2331
f 2332 2330 2175
f 2176 2332 2175
f 2333 2147 2331
f 2146 2147 2333
f 2334 2332 2176
f 2177 2334 2176
f 2335 2146 2333
f 2145 2146 2335
f 2336 2334 2177
f 2178 2336 2177
f 2337 2145 2335
f 2338 2336 2178
f 2144 2145 2337
f 2132 2338 2178
f 2339 2144 2337
f 2143 2144 2339
f 2133 2338 2132
f 2133 2340 2338
f 2341 2143 2339
f 2142 2143 2341
f 2134 2340 2133
f 2134 2342 2340
f 2343 2142 2341
f 2141 2142 2343
f 2344 2141 2343
f 2135 2342 2134
f 2135 2345 2342
f 2140 2344 2346
f 2140 2141 2344
f 2136 2345 2135
f 2136 2347 2345
f 2139 2346 2348
f 2139 2140 2346
f 2137 2349 2347
f 2137 2347 2136
f 2138 2348 2349
f 2138 2139 2348
f 2138 2349 2137
f 2350 2292 2351
f 2350 2294 2292
f 2350 2296 2294
f 2352 2296 2350
f 2353 2296 2352
f 2353 2298 2296
f 2353 2300 2298
f 2354 2300 2353
f 2355 2300 2354
f 2355 2302 2300
f 2356 2302 2355
f 2356 2303 2302
f 2356 2301 2303
f 2357 2301 2356
f 2358 2301 2357
f 2358 2299 2301
f 2358 2297 2299
f 2359 2297 2358
f 2359 2295 2297
f 2360 2295 2359
f 2361 2295 2360
f 2361 2293 2295
f 2361 2291 2293
f 2362 2291 2361
f 2363 2291 2362
f 2363 2289 2291
f 2363 2287 2289
f 2364 2287 2363
f 2365 2287 2364
f 2365 2285 2287
f 2366 2283 2285
f 2366 2285 2365
f 2366 2281 2283
f 2367 2281 2366
f 2368 2279 2281
f 2368 2281 2367
f 2369 2275 2279
f 2369 2276 2275
f 2369 2279 2368
f 2370 2276 2369
f 2371 2273 2276
f 2371 2271 2273
f 2371 2276 2370
f 2372 2271 2371
f 2373 2267 2271
f 2373 2271 2372
f 2374 2268 2267
f 2374 2265 2268
f 2374 2267 2373
f 2375 2265 2374
f 2376 2265 2375
f 2376 2262 2265
f 2376 2263 2262
f 2377 2263 2376
f 2378 2263 2377
f 2378 2259 2263
f 2379 2259 2378
f 2379 2257 2259
f 2379 2258 2257
f 2380 2258 2379
f 2381 2258 2380
f 2381 2260 2258
f 2381 2261 2260
f 2382 2261 2381
f 2382 2264 2261
f 2383 2264 2382
f 2384 2264 2383
f 2384 2266 2264
f 2385 2266 2384
f 2385 2269 2266
f 2385 2270 2269
f 2386 2270 2385
f 2387 2270 2386
f 2387 2272 2270
f 2388 2272 2387
f 2388 2274 2272
f 2388 2277 2274
f 2389 2277 2388
f 2389 2278 2277
f 2390 2278 2389
f 2391 2278 2390
f 2391 2280 2278
f 2392 2280 2391
f 2392 2282 2280
f 2393 2282 2392
f 2393 2284 2282
f 2393 2286 2284
f 2394 2286 2393
f 2395 2286 2394
f 2395 2288 2286
f 2396 2288 2395
f 2396 2290 2288
f 2351 2290 2396
f 2351 2292 2290
f 2340 2397 2338
f 2340 2398 2397
f 2342 2398 2340
f 2342 2399 2398
f 2345 2399 2342
f 2345 2400 2399
f 2347 2400 2345
f 2347 2401 2400
f 2349 2401 2347
f 2349 2402 2401
f 2348 2402 2349
f 2348 2403 2402
f 2346 2403 2348
f 2346 2404 2403
f 2344 2404 2346
f 2344 2405 2404
f 2343 2405 2344
f 2343 2406 2405
f 2341 2406 2343
f 2341 2407 2406
f 2339 2407 2341
f 2339 2408 2407
f 2339 2409 2408
f 2337 2409 2339
f 2335 2409 2337
f 2335 2410 2409
f 2335 2411 2410
f 2333 2411 2335
f 2331 2411 2333
f 2331 2412 2411
f 2331 2413 2412
f 2329 2413 2331
f 2327 2413 2329
f 2327 2414 2413
f 2325 2415 2414
f 2325 2414 2327
f 2323 2416 2415
f 2323 2415 2325
f 2321 2417 2416
f 2321 2416 2323
f 2319 2418 2417
f 2319 2417 2321
f 2317 2419 2418
f 2317 2420 2419
f 2317 2418 2319
f 2315 2420 2317
f 2313 2421 2420
f 2313 2420 2315
f 2311 2422 2421
f 2311 2423 2422
f 2311 2421 2313
f 2309 2424 2423
f 2309 2423 2311
f 2307 2424 2309
f 2305 2424 2307
f 2305 2425 2424
f 2304 2425 2305
f 2304 2426 2425
f 2306 2426 2304
f 2306 2427 2426
f 2306 2428 2427
f 2308 2428 2306
f 2310 2428 2308
f 2310 2429 2428
f 2312 2429 2310
f 2312 2430 2429
f 2314 2430 2312
f 2314 2431 2430
f 2314 2432 2431
f 2316 2432 2314
f 2318 2432 2316
f 2318 2433 2432
f 2318 2434 2433
f 2320 2434 2318
f 2322 2434 2320
f 2322 2435 2434
f 2324 2435 2322
f 2324 2436 2435
f 2324 2437 2436
f 2326 2437 2324
f 2328 2437 2326
f 2328 2438 2437
f 2328 2439 2438
f 2330 2439 2328
f 2330 2440 2439
f 2332 2440 2330
f 2332 2441 2440
f 2334 2441 2332
f 2336 2441 2334
f 2336 2442 2441
f 2336 2397 2442
f 2338 2397 2336
f 2443 2380 2379
f 2444 2443 2379
f 2444 2379 2378
f 2445 2380 2443
f 2445 2381 2380
f 2446 2444 2378
f 2446 2378 2377
f 2447 2381 2445
f 2447 2382 2381
f 2448 2446 2377
f 2448 2377 2376
f 2449 2382 2447
f 2449 2383 2382
f 2450 2448 2376
f 2375 2450 2376
f 2451 2383 2449
f 2451 2384 2383
f 2452 2450 2375
f 2374 2452 2375
f 2453 2384 2451
f 2453 2385 2384
f 2454 2452 2374
f 2373 2454 2374
f 2455 2385 2453
f 2386 2385 2455
f 2456 2454 2373
f 2372 2456 2373
f 2457 2386 2455
f 2387 2386 2457
f 2458 2456 2372
f 2371 2458 2372
f 2459 2387 2457
f 2388 2387 2459
f 2460 2458 2371
f 2370 2460 2371
f 2461 2388 2459
f 2389 2388 2461
f 2462 2460 2370
f 2369 2462 2370
f 2463 2389 2461
f 2390 2389 2463
f 2464 2462 2369
f 2368 2464 2369
f 2465 2390 2463
f 2391 2390 2465
f 2466 2464 2368
f 2367 2466 2368
f 2467 2391 2465
f 2392 2391 2467
f 2468 2466 2367
f 2366 2468 2367
f 2469 2392 2467
f 2393 2392 2469
f 2470 2468 2366
f 2365 2470 2366
f 2471 2393 2469
f 2394 2393 2471
f 2472 2470 2365
f 2364 2472 2365
f 2473 2394 2471
f 2395 2394 2473
f 2474 2472 2364
f 2363 2474 2364
f 2475 2395 2473
f 2396 2395 2475
f 2476 2474 2363
f 2477 2396 2475
f 2362 2476 2363
f 2351 2396 2477
f 2478 2476 2362
f 2361 2478 2362
f 2350 2351 2477
f 2350 2477 2479
f 2480 2478 2361
f 2360 2480 2361
f 2352 2350 2479
f 2352 2479 2481
f 2482 2480 2360
f 2359 2482 2360
f 2483 2482 2359
f 2353 2352 2481
f 2353 2481 2484
f 2358 2485 2483
f 2358 2483 2359
f 2354 2353 2484
f 2354 2484 2486
f 2357 2487 2485
f 2357 2485 2358
f 2355 2486 2488
f 2355 2354 2486
f 2356 2488 2487
f 2356 2487 2357
f 2356 2355 2488
f 2426 2489 2490
f 2425 2426 2490
f 2425 2490 2491
f 2427 2489 2426
f 2427 2492 2489
f 2424 2425 2491
f 2424 2491 2493
f 2428 2492 2427
f 2428 2494 2492
f 2423 2424 2493
f 2423 2493 2495
f 2429 2494 2428
f 2429 2496 2494
f 2422 2423 2495
f 2497 2422 2495
f 2430 2496 2429
f 2430 2498 2496
f 2421 2422 2497
f 2499 2421 2497
f 2431 2498 2430
f 2431 2500 2498
f 2420 2421 2499
f 2501 2420 2499
f 2432 2500 2431
f 2502 2500 2432
f 2419 2420 2501
f 2503 2419 2501
f 2433 2502 2432
f 2504 2502 2433
f 2418 2419 2503
f 2505 2418 2503
f 2434 2504 2433
f 2506 2504 2434
f 2417 2418 2505
f 2507 2417 2505
f 2435 2506 2434
f 2508 2506 2435
f 2416 2417 2507
f 2509 2416 2507
f 2436 2508 2435
f 2510 2508 2436
f 2415 2416 2509
f 2511 2415 2509
f 2437 2510 2436
f 2512 2510 2437
f 2414 2415 2511
f 2513 2414 2511
f 2438 2512 2437
f 2514 2512 2438
f 2413 2414 2513
f 2515 2413 2513
f 2439 2514 2438
f 2516 2514 2439
f 2412 2413 2515
f 2517 2412 2515
f 2440 2516 2439
f 2518 2516 2440
f 2411 2412 2517
f 2519 2411 2517
f 2441 2518 2440
f 2520 2518 2441
f 2410 2411 2519
f 2521 2410 2519
f 2442 2520 2441
f 2522 2520 2442
f 2409 2410 2521
f 2397 2522 2442
f 2523 2409 2521
f 2524 2522 2397
f 2408 2409 2523
f 2525 2408 2523
f 2526 2524 2397
f 2526 2397 2398
f 2407 2408 2525
f 2527 2407 2525
f 2528 2526 2398
f 2528 2398 2399
f 2406 2407 2527
f 2529 2406 2527
f 2405 2406 2529
f 2530 2528 2399
f 2530 2399 2400
f 2531 2404 2405
f 2531 2405 2529
f 2532 2530 2400
f 2532 2400 2401
f 2533 2403 2404
f 2533 2404 2531
f 2534 2401 2402
f 2534 2532 2401
f 2535 2402 2403
f 2535 2403 2533
f 2535 2534 2402
f 2536 2477 2537
f 2536 2479 2477
f 2538 2479 2536
f 2538 2481 2479
f 2539 2481 2538
f 2539 2484 2481
f 2540 2484 2539
f 2540 2486 2484
f 2541 2486 2540
f 2541 2488 2486
f 2542 2488 2541
f 2542 2487 2488
f 2543 2487 2542
f 2543 2485 2487
f 2544 2485 2543
f 2544 2483 2485
f 2545 2483 2544
f 2545 2482 2483
f 2546 2482 2545
f 2546 2480 2482
f 2547 2480 2546
f 2547 2478 2480
f 2547 2476 2478
f 2548 2476 2547
f 2549 2476 2548
f 2549 2474 2476
f 2550 2474 2549
f 2550 2472 2474
f 2551 2472 2550
f 2551 2470 2472
f 2552 2468 2470
f 2552 2470 2551
f 2553 2466 2468
f 2553 2468 2552
f 2554 2464 2466
f 2554 2466 2553
f 2555 2462 2464
f 2555 2460 2462
f 2555 2464 2554
f 2556 2460 2555
f 2557 2458 2460
f 2557 2460 2556
f 2558 2456 2458
f 2558 2454 2456
f 2558 2458 2557
f 2559 2454 2558
f 2560 2452 2454
f 2560 2454 2559
f 2561 2450 2452
f 2561 2448 2450
f 2561 2452 2560
f 2562 2448 2561
f 2563 2448 2562
f 2563 2446 2448
f 2564 2446 2563
f 2564 2444 2446
f 2565 2444 2564
f 2565 2443 2444
f 2566 2443 2565
f 2566 2445 2443
f 2566 2447 2445
f 2567 2447 2566
f 2568 2447 2567
f 2568 2449 2447
f 2569 2449 2568
f 2569 2451 2449
f 2570 2451 2569
f 2570 2453 2451
f 2571 2453 2570
f 2571 2455 2453
f 2572 2455 2571
f 2572 2457 2455
f 2572 2459 2457
f 2573 2459 2572
f 2574 2459 2573
f 2574 2461 2459
f 2575 2461 2574
f 2575 2463 2461
f 2576 2463 2575
f 2576 2465 2463
f 2577 2465 2576
f 2577 2467 2465
f 2578 2467 2577
f 2578 2469 2467
f 2579 2469 2578
f 2579 2471 2469
f 2579 2473 2471
f 2580 2473 2579
f 2581 2473 2580
f 2581 2475 2473
f 2581 2477 2475
f 2537 2477 2581
f 2526 2582 2524
f 2526 2583 2582
f 2528 2583 2526
f 2528 2584 2583
f 2530 2584 2528
f 2530 2585 2584
f 2532 2585 2530
f 2532 2586 2585
f 2534 2586 2532
f 2534 2587 2586
f 2535 2587 2534
f 2535 2588 2587
f 2535 2589 2588
f 2533 2589 2535
f 2533 2590 2589
f 2531 2590 2533
f 2529 2590 2531
f 2529 2591 2590
f 2527 2591 2529
f 2527 2592 2591
f 2527 2593 2592
f 2525 2593 2527
f 2523 2593 2525
f 2523 2594 2593
f 2523 2595 2594
f 2521 2595 2523
f 2519 2595 2521
f 2519 2596 2595
f 2517 2596 2519
f 2517 2597 2596
f 2517 2598 2597
f 2515 2598 2517
f 2513 2599 2598
f 2513 2600 2599
f 2513 2598 2515
f 2511 2600 2513
f 2509 2601 2600
f 2509 2600 2511
f 2507 2602 2601
f 2507 2601 2509
f 2505 2603 2602
f 2505 2602 2507
f 2503 2604 2603
f 2503 2603 2505
f 2501 2605 2604
f 2501 2606 2605
f 2501 2604 2503
f 2499 2607 2606
f 2499 2606 2501
f 2497 2607 2499
f 2495 2607 2497
f 2495 2608 2607
f 2493 2608 2495
f 2493 2609 2608
f 2491 2609 2493
f 2491 2610 2609
f 2490 2610 2491
f 2490 2611 2610
f 2489 2611 2490
f 2489 2612 2611
f 2492 2612 2489
f 2492 2613 2612
f 2494 2613 2492
f 2494 2614 2613
f 2496 2614 2494
f 2496 2615 2614
f 2498 2615 2496
f 2498 2616 2615
f 2498 2617 2616
f 2500 2617 2498
f 2502 2617 2500
f 2502 2618 2617
f 2504 2618 2502
f 2504 2619 2618
f 2506 2619 2504
f 2506 2620 2619
f 2508 2620 2506
f 2508 2621 2620
f 2510 2621 2508
f 2510 2622 2621
f 2512 2622 2510
f 2512 2623 2622
f 2514 2623 2512
f 2514 2624 2623
f 2516 2624 2514
f 2516 2625 2624
f 2516 2626 2625
f 2518 2626 2516
f 2520 2626 2518
f 2520 2627 2626
f 2522 2627 2520
f 2522 2628 2627
f 2522 2582 2628
f 2524 2582 2522
f 2565 2611 2612
f 2564 2611 2565
f 2564 2610 2611
f 2566 2565 2612
f 2566 2612 2613
f 2563 2610 2564
f 2563 2609 2610
f 2567 2566 2613
f 2567 2613 2614
f 2562 2609 2563
f 2562 2608 2609
f 2568 2567 2614
f 2568 2614 2615
f 2561 2608 2562
f 2607 2608 2561
f 2569 2568 2615
f 2569 2615 2616
f 2560 2607 2561
f 2606 2607 2560
f 2570 2569 2616
f 2570 2616 2617
f 2559 2606 2560
f 2605 2606 2559
f 2571 2570 2617
f 2618 2571 2617
f 2558 2605 2559
f 2604 2605 2558
f 2572 2571 2618
f 2619 2572 2618
f 2557 2604 2558
f 2603 2604 2557
f 2573 2572 2619
f 2620 2573 2619
f 2556 2603 2557
f 2602 2603 2556
f 2574 2573 2620
f 2621 2574 2620
f 2555 2602 2556
f 2601 2602 2555
f 2575 2574 2621
f 2622 2575 2621
f 2554 2601 2555
f 2600 2601 2554
f 2576 2575 2622
f 2623 2576 2622
f 2553 2600 2554
f 2599 2600 2553
f 2577 2576 2623
f 2624 2577 2623
f 2552 2599 2553
f 2598 2599 2552
f 2578 2577 2624
f 2625 2578 2624
f 2551 2598 2552
f 2597 2598 2551
f 2579 2578 2625
f 2626 2579 2625
f 2550 2597 2551
f 2596 2597 2550
f 2580 2579 2626
f 2627 2580 2626
f 2549 2596 2550
f 2595 2596 2549
f 2581 2580 2627
f 2628 2581 2627
f 2548 2595 2549
f 2537 2581 2628
f 2594 2595 2548
f 2582 2537 2628
f 2547 2594 2548
f 2593 2594 2547
f 2583 2537 2582
f 2583 2536 2537
f 2546 2593 2547
f 2592 2593 2546
f 2584 2536 2583
f 2584 2538 2536
f 2545 2592 2546
f 2591 2592 2545
f 2544 2591 2545
f 2585 2538 2584
f 2585 2539 2538
f 2590 2544 2543
f 2590 2591 2544
f 2586 2539 2585
f 2586 2540 2539
f 2589 2543 2542
f 2589 2590 2543
f 2587 2541 2540
f 2587 2540 2586
f 2588 2542 2541
f 2588 2589 2542
f 2588 2541 2587
