# https://github.com/mikedh/trimesh

o geometry_1
v -10.25521000 -10.16229000 0.00000000
v -10.16229000 -10.25521000 0.00000000
v -16.09385000 -14.55603000 0.00000000
v -10.06853000 -10.34728000 0.00000000
v -14.01012000 -16.57125000 0.00000000
v -10.34728000 -10.06853000 0.00000000
v -11.71235000 -8.44169800 0.00000000
v -17.89038000 -12.28105000 0.00000000
v -8.44169800 -11.71235000 0.00000000
v -11.67639000 -18.29076000 0.00000000
v -8.33474600 -11.78870000 0.00000000
v -11.78870000 -8.33474600 0.00000000
v -11.86407000 -8.22710300 0.00000000
v -8.22710300 -11.86407000 0.00000000
v -8.11877800 -11.93846000 0.00000000
v -11.93846000 -8.11877800 0.00000000
v -19.36766000 -9.78692000 0.00000000
v -10.14195000 -9.50206700 0.00000000
v -8.33785500 -11.11884000 0.00000000
v -13.00030000 -6.27962100 0.00000000
v -6.27962100 -13.00030000 0.00000000
v -9.13428400 -19.68387000 0.00000000
v -9.22748200 -10.01776000 0.00000000
v -11.63789000 -7.59657800 0.00000000
v -13.05692000 -6.16103600 0.00000000
v -6.16103600 -13.05692000 0.00000000
v -13.11245000 -6.04194000 0.00000000
v -6.04194000 -13.11245000 0.00000000
v -10.82686000 -8.26323200 0.00000000
v -13.16690000 -5.92234400 0.00000000
v -20.49932000 -7.11813900 0.00000000
v -5.92234400 -13.16690000 0.00000000
v -6.42918000 -20.72572000 0.00000000
v -9.87688100 -8.96117900 0.00000000
v -8.17073600 -10.54014000 0.00000000
v -6.28041800 -12.39777000 0.00000000
v -7.34773000 -11.46790000 0.00000000
v -8.79879500 -9.77871900 0.00000000
v -10.36318000 -8.10226300 0.00000000
v -12.09727000 -6.25763000 0.00000000
v -11.28292000 -7.10993600 0.00000000
v -6.21632800 -11.79885000 0.00000000
v -6.96706500 -11.15805000 0.00000000
v -9.68924900 -8.28739700 0.00000000
v -9.53103000 -8.46888300 0.00000000
v -8.28739700 -9.68924900 0.00000000
v -8.46888300 -9.53103000 0.00000000
v -9.84401300 -8.10295600 0.00000000
v -8.10295600 -9.84401300 0.00000000
v -9.99526700 -7.91562600 0.00000000
v -7.91562600 -9.99526700 0.00000000
v -13.89324000 -3.92674200 0.00000000
v -12.78021000 -5.46027100 0.00000000
v -3.92674200 -13.89324000 0.00000000
v -11.61268000 -6.17962500 0.00000000
v -13.92840000 -3.80012600 0.00000000
v -21.26517000 -4.32233600 0.00000000
v -3.80012600 -13.92840000 0.00000000
v -13.96242000 -3.67319600 0.00000000
v -3.67319600 -13.96242000 0.00000000
v -13.99527000 -3.54596200 0.00000000
v -3.54596200 -13.99527000 0.00000000
v -3.60934700 -21.39772000 0.00000000
v -6.47897300 -10.98114000 0.00000000
v -6.68517500 -10.85684000 0.00000000
v -10.98114000 -6.47897300 0.00000000
v -10.85684000 -6.68517500 0.00000000
v -11.10152000 -6.27045900 0.00000000
v -6.27045900 -11.10152000 0.00000000
v -4.03215300 -13.30001000 0.00000000
v -5.24472100 -12.56960000 0.00000000
v -6.05971000 -11.21795000 0.00000000
v -11.21795000 -6.05971000 0.00000000
v -13.00011000 -4.06189300 0.00000000
v -12.34614000 -5.04266100 0.00000000
v -4.07304000 -12.69905000 0.00000000
v -4.92364400 -12.19835000 0.00000000
v -12.50934000 -4.06922200 0.00000000
v -4.47368800 -11.93937000 0.00000000
v -4.69834300 -11.85277000 0.00000000
v -11.93937000 -4.47368800 0.00000000
v -11.85277000 -4.69834300 0.00000000
v -4.24743700 -12.02172000 0.00000000
v -12.02172000 -4.24743700 0.00000000
v -4.01967200 -12.09978000 0.00000000
v -12.09978000 -4.01967200 0.00000000
v -14.36404000 -1.45455000 0.00000000
v -21.65154000 -1.44940000 0.00000000
v -13.53422000 -3.15805600 0.00000000
v -1.45455000 -14.36404000 0.00000000
v -0.72510500 -21.68788000 0.00000000
v -14.37669000 -1.32375200 0.00000000
v -1.32375200 -14.37669000 0.00000000
v -14.38814000 -1.19284400 0.00000000
v -1.19284400 -14.38814000 0.00000000
v -14.39840000 -1.06183800 0.00000000
v -21.65154000 1.44940000 0.00000000
v -1.06183800 -14.39840000 0.00000000
v -1.66137400 -13.79813000 0.00000000
v -2.98235400 -13.28938000 0.00000000
v -13.50795000 -1.74273800 0.00000000
v -13.03422000 -2.82216800 0.00000000
v -1.80599500 -13.21340000 0.00000000
v -2.73062000 -12.86802000 0.00000000
v -2.33247200 -12.53483000 0.00000000
v -2.56875300 -12.48856000 0.00000000
v -12.53483000 -2.33247200 0.00000000
v -12.48856000 -2.56875300 0.00000000
v -13.02591000 -1.83517700 0.00000000
v -2.09535900 -12.57664000 0.00000000
v -12.57664000 -2.09535900 0.00000000
v -12.61397000 -1.85749900 0.00000000
v -1.85749900 -12.61397000 0.00000000
v -14.39840000 1.06183800 0.00000000
v -13.87700000 -0.75988540 0.00000000
v 1.06183800 -14.39840000 0.00000000
v 2.17207700 -21.59102000 0.00000000
v 1.19284400 -14.38814000 0.00000000
v -14.38814000 1.19284400 0.00000000
v 0.75988540 -13.87700000 0.00000000
v -0.62936940 -13.60536000 0.00000000
v -14.37669000 1.32375200 0.00000000
v 1.32375200 -14.37669000 0.00000000
v -13.60536000 0.62936940 0.00000000
v -13.32626000 -0.51592450 0.00000000
v 1.45455000 -14.36404000 0.00000000
v 5.03049700 -21.10886000 0.00000000
v -14.36404000 1.45455000 0.00000000
v -21.26517000 4.32233600 0.00000000
v -12.74943000 -0.12038530 0.00000000
v -12.74489000 -0.36111290 0.00000000
v -0.12038530 -12.74943000 0.00000000
v -0.45462860 -13.14669000 0.00000000
v -0.36111290 -12.74489000 0.00000000
v 0.51592450 -13.32626000 0.00000000
v -13.14669000 0.45462860 0.00000000
v -12.74943000 0.12038530 0.00000000
v 0.12038530 -12.74943000 0.00000000
v -12.74489000 0.36111290 0.00000000
v 0.36111290 -12.74489000 0.00000000
v -12.57664000 2.09535900 0.00000000
v -12.61397000 1.85749900 0.00000000
v -13.21340000 1.80599500 0.00000000
v 2.09535900 -12.57664000 0.00000000
v 1.83517700 -13.02591000 0.00000000
v 1.85749900 -12.61397000 0.00000000
v 3.54596200 -13.99527000 0.00000000
v -13.99527000 3.54596200 0.00000000
v -13.79813000 1.66137400 0.00000000
v 3.15805600 -13.53422000 0.00000000
v 1.74273800 -13.50795000 0.00000000
v -13.28938000 2.98235400 0.00000000
v 3.67319600 -13.96242000 0.00000000
v -13.96242000 3.67319600 0.00000000
v 2.82216800 -13.03422000 0.00000000
v 2.33247200 -12.53483000 0.00000000
v -12.86802000 2.73062000 0.00000000
v -12.53483000 2.33247200 0.00000000
v 3.80012600 -13.92840000 0.00000000
v -13.92840000 3.80012600 0.00000000
v -20.49932000 7.11813900 0.00000000
v 3.92674200 -13.89324000 0.00000000
v 7.79914900 -20.25002000 0.00000000
v -13.89324000 3.92674200 0.00000000
v -12.48856000 2.56875300 0.00000000
v 2.56875300 -12.48856000 0.00000000
v 4.24743700 -12.02172000 0.00000000
v 4.06922200 -12.50934000 0.00000000
v 4.01967200 -12.09978000 0.00000000
v -12.02172000 4.24743700 0.00000000
v -12.09978000 4.01967200 0.00000000
v -12.69905000 4.07304000 0.00000000
v 4.47368800 -11.93937000 0.00000000
v -12.56960000 5.24472100 0.00000000
v -13.30001000 4.03215300 0.00000000
v 5.46027100 -12.78021000 0.00000000
v 4.06189300 -13.00011000 0.00000000
v 5.04266100 -12.34614000 0.00000000
v -12.19835000 4.92364400 0.00000000
v -11.93937000 4.47368800 0.00000000
v -13.16690000 5.92234400 0.00000000
v -19.36766000 9.78692000 0.00000000
v 5.92234400 -13.16690000 0.00000000
v 4.69834300 -11.85277000 0.00000000
v -11.85277000 4.69834300 0.00000000
v -13.11245000 6.04194000 0.00000000
v 6.04194000 -13.11245000 0.00000000
v 10.42862000 -19.02981000 0.00000000
v 6.16103600 -13.05692000 0.00000000
v -13.05692000 6.16103600 0.00000000
v -13.00030000 6.27962100 0.00000000
v 6.27962100 -13.00030000 0.00000000
v -11.10152000 6.27045900 0.00000000
v -11.21795000 6.05971000 0.00000000
v -11.79885000 6.21632800 0.00000000
v 6.27045900 -11.10152000 0.00000000
v 6.17962500 -11.61268000 0.00000000
v 6.05971000 -11.21795000 0.00000000
v 6.47897300 -10.98114000 0.00000000
v -11.15805000 6.96706500 0.00000000
v -10.98114000 6.47897300 0.00000000
v 7.10993600 -11.28292000 0.00000000
v 6.25763000 -12.09727000 0.00000000
v -10.85684000 6.68517500 0.00000000
v 6.68517500 -10.85684000 0.00000000
v -11.46790000 7.34773000 0.00000000
v -12.39777000 6.28041800 0.00000000
v 7.59657800 -11.63789000 0.00000000
v -11.93846000 8.11877800 0.00000000
v -17.89038000 12.28105000 0.00000000
v 8.11877800 -11.93846000 0.00000000
v 12.87200000 -17.47002000 0.00000000
v -11.86407000 8.22710300 0.00000000
v 8.22710300 -11.86407000 0.00000000
v -11.78870000 8.33474600 0.00000000
v 8.33474600 -11.78870000 0.00000000
v -11.71235000 8.44169800 0.00000000
v 8.44169800 -11.71235000 0.00000000
v -9.84401300 8.10295600 0.00000000
v -9.99526700 7.91562600 0.00000000
v -10.54014000 8.17073600 0.00000000
v 8.10295600 -9.84401300 0.00000000
v 8.10226300 -10.36318000 0.00000000
v 7.91562600 -9.99526700 0.00000000
v -16.09385000 14.55603000 0.00000000
v 8.28739700 -9.68924900 0.00000000
v -9.77871900 8.79879500 0.00000000
v -9.53103000 8.46888300 0.00000000
v -9.68924900 8.28739700 0.00000000
v 8.96117900 -9.87688100 0.00000000
v 8.46888300 -9.53103000 0.00000000
v 8.26323200 -10.82686000 0.00000000
v -10.01776000 9.22748200 0.00000000
v -11.11884000 8.33785500 0.00000000
v 9.50206700 -10.14195000 0.00000000
v -10.34728000 10.06853000 0.00000000
v 10.06853000 -10.34728000 0.00000000
v 15.08568000 -15.59847000 0.00000000
v -10.25521000 10.16229000 0.00000000
v 10.16229000 -10.25521000 0.00000000
v -10.16229000 10.25521000 0.00000000
v 10.25521000 -10.16229000 0.00000000
v 10.34728000 -10.06853000 0.00000000
v -10.06853000 10.34728000 0.00000000
v -8.28739700 9.68924900 0.00000000
v -8.46888300 9.53103000 0.00000000
v -8.96117900 9.87688100 0.00000000
v 9.68924900 -8.28739700 0.00000000
v 9.77871900 -8.79879500 0.00000000
v 9.53103000 -8.46888300 0.00000000
v 9.84401300 -8.10295600 0.00000000
v -8.10226300 10.36318000 0.00000000
v -7.91562600 9.99526700 0.00000000
v -8.10295600 9.84401300 0.00000000
v 10.54014000 -8.17073600 0.00000000
v 9.99526700 -7.91562600 0.00000000
v 10.01776000 -9.22748200 0.00000000
v -14.01012000 16.57125000 0.00000000
v -8.26323200 10.82686000 0.00000000
v -9.50206700 10.14195000 0.00000000
v 11.11884000 -8.33785500 0.00000000
v -8.44169800 11.71235000 0.00000000
v 11.71235000 -8.44169800 0.00000000
v 17.03015000 -13.44857000 0.00000000
v 11.78870000 -8.33474600 0.00000000
v 11.86407000 -8.22710300 0.00000000
v 11.93846000 -8.11877800 0.00000000
v -6.47897300 10.98114000 0.00000000
v -6.68517500 10.85684000 0.00000000
v -7.10993600 11.28292000 0.00000000
v 10.98114000 -6.47897300 0.00000000
v 11.15805000 -6.96706500 0.00000000
v 10.85684000 -6.68517500 0.00000000
v 11.10152000 -6.27045900 0.00000000
v -6.17962500 11.61268000 0.00000000
v -6.05971000 11.21795000 0.00000000
v -6.27045900 11.10152000 0.00000000
v 11.79885000 -6.21632800 0.00000000
v 11.21795000 -6.05971000 0.00000000
v 11.46790000 -7.34773000 0.00000000
v -6.25763000 12.09727000 0.00000000
v -7.59657800 11.63789000 0.00000000
v 12.39777000 -6.28041800 0.00000000
v -11.67639000 18.29076000 0.00000000
v -8.11877800 11.93846000 0.00000000
v -8.22710300 11.86407000 0.00000000
v -8.33474600 11.78870000 0.00000000
v -6.27962100 13.00030000 0.00000000
v 13.00030000 -6.27962100 0.00000000
v 11.93937000 -4.47368800 0.00000000
v 12.19835000 -4.92364400 0.00000000
v 11.85277000 -4.69834300 0.00000000
v -4.47368800 11.93937000 0.00000000
v -4.69834300 11.85277000 0.00000000
v -5.04266100 12.34614000 0.00000000
v 18.67071000 -11.05868000 0.00000000
v 12.02172000 -4.24743700 0.00000000
v -4.06922200 12.50934000 0.00000000
v -4.01967200 12.09978000 0.00000000
v -4.24743700 12.02172000 0.00000000
v 12.69905000 -4.07304000 0.00000000
v 12.09978000 -4.01967200 0.00000000
v 12.56960000 -5.24472100 0.00000000
v -4.06189300 13.00011000 0.00000000
v -5.46027100 12.78021000 0.00000000
v 13.30001000 -4.03215300 0.00000000
v 13.16690000 -5.92234400 0.00000000
v 13.89324000 -3.92674200 0.00000000
v -3.92674200 13.89324000 0.00000000
v -5.92234400 13.16690000 0.00000000
v 12.53483000 -2.33247200 0.00000000
v 12.86802000 -2.73062000 0.00000000
v 12.48856000 -2.56875300 0.00000000
v -2.82216800 13.03422000 0.00000000
v -2.33247200 12.53483000 0.00000000
v -2.56875300 12.48856000 0.00000000
v 12.57664000 -2.09535900 0.00000000
v -9.13428400 19.68387000 0.00000000
v -6.04194000 13.11245000 0.00000000
v -6.16103600 13.05692000 0.00000000
v -1.83517700 13.02591000 0.00000000
v -1.85749900 12.61397000 0.00000000
v -2.09535900 12.57664000 0.00000000
v 13.21340000 -1.80599500 0.00000000
v 12.61397000 -1.85749900 0.00000000
v 13.28938000 -2.98235400 0.00000000
v 19.97810000 -8.47144700 0.00000000
v 13.05692000 -6.16103600 0.00000000
v 13.11245000 -6.04194000 0.00000000
v -1.74273800 13.50795000 0.00000000
v -3.15805600 13.53422000 0.00000000
v 13.79813000 -1.66137400 0.00000000
v 13.99527000 -3.54596200 0.00000000
v 13.14669000 -0.45462860 0.00000000
v 12.74489000 -0.36111290 0.00000000
v 12.74943000 -0.12038530 0.00000000
v -0.51592450 13.32626000 0.00000000
v -0.12038530 12.74943000 0.00000000
v -0.36111290 12.74489000 0.00000000
v 12.74943000 0.12038530 0.00000000
v -1.45455000 14.36404000 0.00000000
v -3.54596200 13.99527000 0.00000000
v 14.36404000 -1.45455000 0.00000000
v 0.45462860 13.14669000 0.00000000
v 0.36111290 12.74489000 0.00000000
v 0.12038530 12.74943000 0.00000000
v 13.32626000 0.51592450 0.00000000
v 12.74489000 0.36111290 0.00000000
v 13.60536000 -0.62936940 0.00000000
v 0.62936940 13.60536000 0.00000000
v -0.75988540 13.87700000 0.00000000
v -6.42918000 20.72572000 0.00000000
v -3.67319600 13.96242000 0.00000000
v -3.80012600 13.92840000 0.00000000
v 13.87700000 0.75988540 0.00000000
v 14.39840000 -1.06183800 0.00000000
v 13.02591000 1.83517700 0.00000000
v 12.61397000 1.85749900 0.00000000
v 12.57664000 2.09535900 0.00000000
v 12.53483000 2.33247200 0.00000000
v 1.80599500 13.21340000 0.00000000
v 2.09535900 12.57664000 0.00000000
v 1.85749900 12.61397000 0.00000000
v 20.92898000 -5.73304000 0.00000000
v 13.92840000 -3.80012600 0.00000000
v 13.96242000 -3.67319600 0.00000000
v 1.06183800 14.39840000 0.00000000
v -1.06183800 14.39840000 0.00000000
v 14.39840000 1.06183800 0.00000000
v 2.73062000 12.86802000 0.00000000
v 2.56875300 12.48856000 0.00000000
v 2.33247200 12.53483000 0.00000000
v 13.03422000 2.82216800 0.00000000
v 12.48856000 2.56875300 0.00000000
v 13.50795000 1.74273800 0.00000000
v 2.98235400 13.28938000 0.00000000
v 1.66137400 13.79813000 0.00000000
v 12.50934000 4.06922200 0.00000000
v 12.09978000 4.01967200 0.00000000
v 12.02172000 4.24743700 0.00000000
v 11.93937000 4.47368800 0.00000000
v 13.53422000 3.15805600 0.00000000
v 14.36404000 1.45455000 0.00000000
v 4.07304000 12.69905000 0.00000000
v 4.24743700 12.02172000 0.00000000
v 4.01967200 12.09978000 0.00000000
v 4.92364400 12.19835000 0.00000000
v 4.69834300 11.85277000 0.00000000
v 4.47368800 11.93937000 0.00000000
v 12.34614000 5.04266100 0.00000000
v 11.85277000 4.69834300 0.00000000
v 13.00011000 4.06189300 0.00000000
v 3.54596200 13.99527000 0.00000000
v 1.45455000 14.36404000 0.00000000
v 13.99527000 3.54596200 0.00000000
v -3.60934700 21.39772000 0.00000000
v 11.61268000 6.17962500 0.00000000
v 11.21795000 6.05971000 0.00000000
v 11.10152000 6.27045900 0.00000000
v 10.98114000 6.47897300 0.00000000
v 5.24472100 12.56960000 0.00000000
v 4.03215300 13.30001000 0.00000000
v 6.21632800 11.79885000 0.00000000
v 6.27045900 11.10152000 0.00000000
v 6.05971000 11.21795000 0.00000000
v 6.96706500 11.15805000 0.00000000
v 6.68517500 10.85684000 0.00000000
v 6.47897300 10.98114000 0.00000000
v 12.78021000 5.46027100 0.00000000
v 13.89324000 3.92674200 0.00000000
v 11.28292000 7.10993600 0.00000000
v 10.85684000 6.68517500 0.00000000
v 12.09727000 6.25763000 0.00000000
v 10.36318000 8.10226300 0.00000000
v 9.99526700 7.91562600 0.00000000
v 9.84401300 8.10295600 0.00000000
v 9.68924900 8.28739700 0.00000000
v 8.79879500 9.77871900 0.00000000
v 8.46888300 9.53103000 0.00000000
v 8.28739700 9.68924900 0.00000000
v 8.10295600 9.84401300 0.00000000
v 21.50638000 -2.89232700 0.00000000
v 14.37669000 -1.32375200 0.00000000
v 14.38814000 -1.19284400 0.00000000
v 8.17073600 10.54014000 0.00000000
v 7.91562600 9.99526700 0.00000000
v 7.34773000 11.46790000 0.00000000
v 6.28041800 12.39777000 0.00000000
v 9.87688100 8.96117900 0.00000000
v 9.53103000 8.46888300 0.00000000
v 5.92234400 13.16690000 0.00000000
v 3.92674200 13.89324000 0.00000000
v 13.16690000 5.92234400 0.00000000
v 10.82686000 8.26323200 0.00000000
v 11.63789000 7.59657800 0.00000000
v 9.22748200 10.01776000 0.00000000
v 13.00030000 6.27962100 0.00000000
v 8.33785500 11.11884000 0.00000000
v 10.14195000 9.50206700 0.00000000
v 8.11877800 11.93846000 0.00000000
v 6.27962100 13.00030000 0.00000000
v 11.93846000 8.11877800 0.00000000
v 11.71235000 8.44169800 0.00000000
v 10.34728000 10.06853000 0.00000000
v 10.06853000 10.34728000 0.00000000
v 8.44169800 11.71235000 0.00000000
v -0.72510500 21.68788000 0.00000000
v -1.19284400 14.38814000 0.00000000
v -1.32375200 14.37669000 0.00000000
v 21.70000000 -0.00000000 0.00000000
v 2.17207700 21.59102000 0.00000000
v 1.32375200 14.37669000 0.00000000
v 1.19284400 14.38814000 0.00000000
v 21.50638000 2.89232700 0.00000000
v 14.38814000 1.19284400 0.00000000
v 14.37669000 1.32375200 0.00000000
v 5.03049700 21.10886000 0.00000000
v 3.80012600 13.92840000 0.00000000
v 3.67319600 13.96242000 0.00000000
v 20.92898000 5.73304000 0.00000000
v 13.96242000 3.67319600 0.00000000
v 13.92840000 3.80012600 0.00000000
v 7.79914900 20.25002000 0.00000000
v 6.04194000 13.11245000 0.00000000
v 19.97810000 8.47144700 0.00000000
v 13.11245000 6.04194000 0.00000000
v 13.05692000 6.16103600 0.00000000
v 10.42862000 19.02981000 0.00000000
v 6.16103600 13.05692000 0.00000000
v 18.67071000 11.05868000 0.00000000
v 12.87200000 17.47002000 0.00000000
v 8.33474600 11.78870000 0.00000000
v 8.22710300 11.86407000 0.00000000
v 17.03015000 13.44857000 0.00000000
v 11.86407000 8.22710300 0.00000000
v 11.78870000 8.33474600 0.00000000
v 15.08568000 15.59847000 0.00000000
v 10.25521000 10.16229000 0.00000000
v 10.16229000 10.25521000 0.00000000
v 21.50638000 2.89232700 4.60000000
v 21.70000000 -0.00000000 4.60000000
v 20.92898000 5.73304000 4.60000000
v 19.97810000 8.47144700 4.60000000
v 18.67071000 11.05868000 4.60000000
v 17.03015000 13.44857000 4.60000000
v 15.08568000 15.59847000 4.60000000
v 12.87200000 17.47002000 4.60000000
v 10.42862000 19.02981000 4.60000000
v 7.79914900 20.25002000 4.60000000
v 5.03049700 21.10886000 4.60000000
v 2.17207700 21.59102000 4.60000000
v -0.72510500 21.68788000 4.60000000
v -3.60934700 21.39772000 4.60000000
v -6.42918000 20.72572000 4.60000000
v -9.13428400 19.68387000 4.60000000
v -11.67639000 18.29076000 4.60000000
v -14.01012000 16.57125000 4.60000000
v -16.09385000 14.55603000 4.60000000
v -17.89038000 12.28105000 4.60000000
v -19.36766000 9.78692000 4.60000000
v -20.49932000 7.11813900 4.60000000
v -21.26517000 4.32233600 4.60000000
v -21.65154000 1.44940000 4.60000000
v -21.65154000 -1.44940000 4.60000000
v -21.26517000 -4.32233600 4.60000000
v -20.49932000 -7.11813900 4.60000000
v -19.36766000 -9.78692000 4.60000000
v -17.89038000 -12.28105000 4.60000000
v -16.09385000 -14.55603000 4.60000000
v -14.01012000 -16.57125000 4.60000000
v -11.67639000 -18.29076000 4.60000000
v -9.13428400 -19.68387000 4.60000000
v -6.42918000 -20.72572000 4.60000000
v -3.60934700 -21.39772000 4.60000000
v -0.72510500 -21.68788000 4.60000000
v 2.17207700 -21.59102000 4.60000000
v 5.03049700 -21.10886000 4.60000000
v 7.79914900 -20.25002000 4.60000000
v 10.42862000 -19.02981000 4.60000000
v 12.87200000 -17.47002000 4.60000000
v 15.08568000 -15.59847000 4.60000000
v 17.03015000 -13.44857000 4.60000000
v 18.67071000 -11.05868000 4.60000000
v 19.97810000 -8.47144700 4.60000000
v 20.92898000 -5.73304000 4.60000000
v 21.50638000 -2.89232700 4.60000000
v 14.34457000 -1.63541900 0.57500000
v 14.32909000 -1.76591100 0.57500000
v 14.35887000 -1.50479000 0.57500000
v 14.37197000 -1.37403700 0.57500000
v 13.17110000 -2.09230500 0.57500000
v 12.57069000 -2.13078900 0.57500000
v 13.75882000 -1.96040600 0.57500000
v 13.58850000 -0.92446160 0.57500000
v 13.13373000 -0.73980870 0.57500000
v 12.73405000 -0.63759570 0.57500000
v 12.48127000 -2.60393200 0.57500000
v 12.42987000 -2.83915300 0.57500000
v 12.52821000 -2.36778300 0.57500000
v 12.74382000 -0.39702350 0.57500000
v 12.74904000 -0.15630970 0.57500000
v 12.74972000 0.08445992 0.57500000
v 13.22153000 -3.27003500 0.57500000
v 13.91503000 -3.84882800 0.57500000
v 12.80573000 -3.00921700 0.57500000
v 13.33432000 0.22661890 0.57500000
v 13.89022000 0.45857140 0.57500000
v 14.41805000 0.74913790 0.57500000
v 13.84266000 -4.10148200 0.57500000
v 13.80476000 -4.22730500 0.57500000
v 13.87942000 -3.97532000 0.57500000
v 14.41064000 0.88033630 0.57500000
v 14.40203000 1.01146200 0.57500000
v 14.39222000 1.14250300 0.57500000
v 12.60767000 -4.34765400 0.57500000
v 12.00971000 -4.28129500 0.57500000
v 13.20938000 -4.31981800 0.57500000
v 13.54259000 1.44920100 0.57500000
v 13.06266000 1.55207900 0.57500000
v 12.65131000 1.58333500 0.57500000
v 11.83948000 -4.73172200 0.57500000
v 11.74802000 -4.95444500 0.57500000
v 11.92672000 -4.50731200 0.57500000
v 12.61915000 1.82194900 0.57500000
v 12.58250000 2.05991300 0.57500000
v 12.54136000 2.29714200 0.57500000
v 12.45283000 -5.51625000 0.57500000
v 13.03528000 -6.20667500 0.57500000
v 12.08864000 -5.18719200 0.57500000
v 13.09239000 2.53865700 0.57500000
v 13.59956000 2.86361600 0.57500000
v 14.06892000 3.24142500 0.57500000
v 12.92014000 -6.44292400 0.57500000
v 12.86097000 -6.56025300 0.57500000
v 12.97825000 -6.32506100 0.57500000
v 14.03884000 3.36934300 0.57500000
v 14.00759000 3.49698100 0.57500000
v 13.97518000 3.62432900 0.57500000
v 11.66117000 -6.47090300 0.57500000
v 11.08381000 -6.30171600 0.57500000
v 12.25857000 -6.54797400 0.57500000
v 13.08520000 3.77883000 0.57500000
v 12.59470000 3.79680700 0.57500000
v 12.18416000 3.75615700 0.57500000
v 10.83796000 -6.71574100 0.57500000
v 10.70921000 -6.91919800 0.57500000
v 10.96284000 -6.50988900 0.57500000
v 12.11106000 3.98556200 0.57500000
v 12.03364000 4.21354600 0.57500000
v 11.95193000 4.44002800 0.57500000
v 11.30575000 -7.59485700 0.57500000
v 11.75947000 -8.37593500 0.57500000
v 11.00424000 -7.20755700 0.57500000
v 12.45266000 4.77355900 0.57500000
v 12.89569000 5.18165000 0.57500000
v 13.29232000 5.63522300 0.57500000
v 11.60506000 -8.58860100 0.57500000
v 11.52640000 -8.69387200 0.57500000
v 11.68275000 -8.48261900 0.57500000
v 13.24048000 5.75597300 0.57500000
v 13.18754000 5.87624600 0.57500000
v 13.13351000 5.99603200 0.57500000
v 10.36035000 -8.39753700 0.57500000
v 9.82114200 -8.13066200 0.57500000
v 10.93529000 -8.57717400 0.57500000
v 12.23022000 5.99364200 0.57500000
v 11.74405000 5.92617100 0.57500000
v 11.34681000 5.81485000 0.57500000
v 9.50712800 -8.49570500 0.57500000
v 9.34500800 -8.67371500 0.57500000
v 9.66585900 -8.31466600 0.57500000
v 11.23498000 6.02807600 0.57500000
v 11.11915000 6.23915300 0.57500000
v 10.99935000 6.44800500 0.57500000
v 9.81516100 -9.44269700 0.57500000
v 10.12635000 -10.29070000 0.57500000
v 9.58548000 -9.00892400 0.57500000
v 11.43455000 6.86341900 0.57500000
v 11.80000000 7.34224300 0.57500000
v 12.11183000 7.85779800 0.57500000
v 9.93735500 -10.47332000 0.57500000
v 9.84161800 -10.56333000 0.57500000
v 10.03227000 -10.38244000 0.57500000
v 12.03981000 7.96771100 0.57500000
v 11.96679000 8.07696400 0.57500000
v 11.89278000 8.18554900 0.57500000
v 8.74473700 -10.06902000 0.57500000
v 8.26006200 -9.71256300 0.57500000
v 9.27974600 -10.34576000 0.57500000
v 11.00363000 8.02634000 0.57500000
v 10.53656000 7.87547100 0.57500000
v 10.16469000 7.69686100 0.57500000
v 7.88743000 -10.01753000 0.57500000
v 7.69686100 -10.16469000 0.57500000
v 8.07518600 -9.86680700 0.57500000
v 10.01753000 7.88743000 0.57500000
v 9.86680700 8.07518600 0.57500000
v 9.71256300 8.26006200 0.57500000
v 8.02634000 -11.00363000 0.57500000
v 8.18554900 -11.89278000 0.57500000
v 7.87547100 -10.53656000 0.57500000
v 10.06902000 8.74473700 0.57500000
v 10.34576000 9.27974600 0.57500000
v 10.56333000 9.84161800 0.57500000
v 7.96771100 -12.03981000 0.57500000
v 7.85779800 -12.11183000 0.57500000
v 8.07696400 -11.96679000 0.57500000
v 10.47332000 9.93735500 0.57500000
v 10.38244000 10.03227000 0.57500000
v 10.29070000 10.12635000 0.57500000
v 6.86341900 -11.43455000 0.57500000
v 6.44800500 -10.99935000 0.57500000
v 7.34224300 -11.80000000 0.57500000
v 9.44269700 9.81516100 0.57500000
v 9.00892400 9.58548000 0.57500000
v 8.67371500 9.34500800 0.57500000
v 6.02807600 -11.23498000 0.57500000
v 5.81485000 -11.34681000 0.57500000
v 6.23915300 -11.11915000 0.57500000
v 8.49570500 9.50712800 0.57500000
v 8.31466600 9.66585900 0.57500000
v 8.13066200 9.82114200 0.57500000
v 5.99364200 -12.23022000 0.57500000
v 5.99603200 -13.13351000 0.57500000
v 5.92617100 -11.74405000 0.57500000
v 8.39753700 10.36035000 0.57500000
v 8.57717400 10.93529000 0.57500000
v 8.69387200 11.52640000 0.57500000
v 5.75597300 -13.24048000 0.57500000
v 5.63522300 -13.29232000 0.57500000
v 5.87624600 -13.18754000 0.57500000
v 8.58860100 11.60506000 0.57500000
v 8.48261900 11.68275000 0.57500000
v 8.37593500 11.75947000 0.57500000
v 4.77355900 -12.45266000 0.57500000
v 4.44002800 -11.95193000 0.57500000
v 5.18165000 -12.89569000 0.57500000
v 7.59485700 11.30575000 0.57500000
v 7.20755700 11.00424000 0.57500000
v 6.91919800 10.70921000 0.57500000
v 3.98556200 -12.11106000 0.57500000
v 3.75615700 -12.18416000 0.57500000
v 4.21354600 -12.03364000 0.57500000
v 6.71574100 10.83796000 0.57500000
v 6.50988900 10.96284000 0.57500000
v 6.30171600 11.08381000 0.57500000
v 3.77883000 -13.08520000 0.57500000
v 3.62432900 -13.97518000 0.57500000
v 3.79680700 -12.59470000 0.57500000
v 6.47090300 11.66117000 0.57500000
v 6.54797400 12.25857000 0.57500000
v 6.56025300 12.86097000 0.57500000
v 3.36934300 -14.03884000 0.57500000
v 3.24142500 -14.06892000 0.57500000
v 3.49698100 -14.00759000 0.57500000
v 6.44292400 12.92014000 0.57500000
v 6.32506100 12.97825000 0.57500000
v 6.20667500 13.03528000 0.57500000
v 2.53865700 -13.09239000 0.57500000
v 2.29714200 -12.54136000 0.57500000
v 2.86361600 -13.59956000 0.57500000
v 5.51625000 12.45283000 0.57500000
v 5.18719200 12.08864000 0.57500000
v 4.95444500 11.74802000 0.57500000
v 1.82194900 -12.61915000 0.57500000
v 1.58333500 -12.65131000 0.57500000
v 2.05991300 -12.58250000 0.57500000
v 4.73172200 11.83948000 0.57500000
v 4.50731200 11.92672000 0.57500000
v 4.28129500 12.00971000 0.57500000
v 1.44920100 -13.54259000 0.57500000
v 1.14250300 -14.39222000 0.57500000
v 1.55207900 -13.06266000 0.57500000
v 4.34765400 12.60767000 0.57500000
v 4.31981800 13.20938000 0.57500000
v 4.22730500 13.80476000 0.57500000
v 0.88033630 -14.41064000 0.57500000
v 0.74913790 -14.41805000 0.57500000
v 1.01146200 -14.40203000 0.57500000
v 4.10148200 13.84266000 0.57500000
v 3.97532000 13.87942000 0.57500000
v 3.84882800 13.91503000 0.57500000
v 0.22661890 -13.33432000 0.57500000
v 0.08445992 -12.74972000 0.57500000
v 0.45857140 -13.89022000 0.57500000
v 3.27003500 13.22153000 0.57500000
v 3.00921700 12.80573000 0.57500000
v 2.83915300 12.42987000 0.57500000
v -0.39702350 -12.74382000 0.57500000
v -0.63759570 -12.73405000 0.57500000
v -0.15630970 -12.74904000 0.57500000
v 2.60393200 12.48127000 0.57500000
v 2.36778300 12.52821000 0.57500000
v 2.13078900 12.57069000 0.57500000
v -0.92446160 -13.58850000 0.57500000
v -1.37403700 -14.37197000 0.57500000
v -0.73980870 -13.13373000 0.57500000
v 2.09230500 13.17110000 0.57500000
v 1.96040600 13.75882000 0.57500000
v 1.76591100 14.32909000 0.57500000
v -1.63541900 -14.34457000 0.57500000
v -1.76591100 -14.32909000 0.57500000
v -1.50479000 -14.35887000 0.57500000
v 1.63541900 14.34457000 0.57500000
v 1.50479000 14.35887000 0.57500000
v 1.37403700 14.37197000 0.57500000
v -2.09230500 -13.17110000 0.57500000
v -2.13078900 -12.57069000 0.57500000
v -1.96040600 -13.75882000 0.57500000
v 0.92446160 13.58850000 0.57500000
v 0.73980870 13.13373000 0.57500000
v 0.63759570 12.73405000 0.57500000
v -2.60393200 -12.48127000 0.57500000
v -2.83915300 -12.42987000 0.57500000
v -2.36778300 -12.52821000 0.57500000
v 0.39702350 12.74382000 0.57500000
v 0.15630970 12.74904000 0.57500000
v -0.08445992 12.74972000 0.57500000
v -3.27003500 -13.22153000 0.57500000
v -3.84882800 -13.91503000 0.57500000
v -3.00921700 -12.80573000 0.57500000
v -0.22661890 13.33432000 0.57500000
v -0.45857140 13.89022000 0.57500000
v -0.74913790 14.41805000 0.57500000
v -4.10148200 -13.84266000 0.57500000
v -4.22730500 -13.80476000 0.57500000
v -3.97532000 -13.87942000 0.57500000
v -0.88033630 14.41064000 0.57500000
v -1.01146200 14.40203000 0.57500000
v -1.14250300 14.39222000 0.57500000
v -4.34765400 -12.60767000 0.57500000
v -4.28129500 -12.00971000 0.57500000
v -4.31981800 -13.20938000 0.57500000
v -1.44920100 13.54259000 0.57500000
v -1.55207900 13.06266000 0.57500000
v -1.58333500 12.65131000 0.57500000
v -4.73172200 -11.83948000 0.57500000
v -4.95444500 -11.74802000 0.57500000
v -4.50731200 -11.92672000 0.57500000
v -1.82194900 12.61915000 0.57500000
v -2.05991300 12.58250000 0.57500000
v -2.29714200 12.54136000 0.57500000
v -5.51625000 -12.45283000 0.57500000
v -6.20667500 -13.03528000 0.57500000
v -5.18719200 -12.08864000 0.57500000
v -2.53865700 13.09239000 0.57500000
v -2.86361600 13.59956000 0.57500000
v -3.24142500 14.06892000 0.57500000
v -6.44292400 -12.92014000 0.57500000
v -6.56025300 -12.86097000 0.57500000
v -6.32506100 -12.97825000 0.57500000
v -3.36934300 14.03884000 0.57500000
v -3.49698100 14.00759000 0.57500000
v -3.62432900 13.97518000 0.57500000
v -6.47090300 -11.66117000 0.57500000
v -6.30171600 -11.08381000 0.57500000
v -6.54797400 -12.25857000 0.57500000
v -3.77883000 13.08520000 0.57500000
v -3.79680700 12.59470000 0.57500000
v -3.75615700 12.18416000 0.57500000
v -6.71574100 -10.83796000 0.57500000
v -6.91919800 -10.70921000 0.57500000
v -6.50988900 -10.96284000 0.57500000
v -3.98556200 12.11106000 0.57500000
v -4.21354600 12.03364000 0.57500000
v -4.44002800 11.95193000 0.57500000
v -7.59485700 -11.30575000 0.57500000
v -8.37593500 -11.75947000 0.57500000
v -7.20755700 -11.00424000 0.57500000
v -4.77355900 12.45266000 0.57500000
v -5.18165000 12.89569000 0.57500000
v -5.63522300 13.29232000 0.57500000
v -8.58860100 -11.60506000 0.57500000
v -8.69387200 -11.52640000 0.57500000
v -8.48261900 -11.68275000 0.57500000
v -5.75597300 13.24048000 0.57500000
v -5.87624600 13.18754000 0.57500000
v -5.99603200 13.13351000 0.57500000
v -8.39753700 -10.36035000 0.57500000
v -8.13066200 -9.82114200 0.57500000
v -8.57717400 -10.93529000 0.57500000
v -5.99364200 12.23022000 0.57500000
v -5.92617100 11.74405000 0.57500000
v -5.81485000 11.34681000 0.57500000
v -8.49570500 -9.50712800 0.57500000
v -8.67371500 -9.34500800 0.57500000
v -8.31466600 -9.66585900 0.57500000
v -6.02807600 11.23498000 0.57500000
v -6.23915300 11.11915000 0.57500000
v -6.44800500 10.99935000 0.57500000
v -9.44269700 -9.81516100 0.57500000
v -10.29070000 -10.12635000 0.57500000
v -9.00892400 -9.58548000 0.57500000
v -6.86341900 11.43455000 0.57500000
v -7.34224300 11.80000000 0.57500000
v -7.85779800 12.11183000 0.57500000
v -10.47332000 -9.93735500 0.57500000
v -10.56333000 -9.84161800 0.57500000
v -10.38244000 -10.03227000 0.57500000
v -7.96771100 12.03981000 0.57500000
v -8.07696400 11.96679000 0.57500000
v -8.18554900 11.89278000 0.57500000
v -10.06902000 -8.74473700 0.57500000
v -9.71256300 -8.26006200 0.57500000
v -10.34576000 -9.27974600 0.57500000
v -8.02634000 11.00363000 0.57500000
v -7.87547100 10.53656000 0.57500000
v -7.69686100 10.16469000 0.57500000
v -10.01753000 -7.88743000 0.57500000
v -10.16469000 -7.69686100 0.57500000
v -9.86680700 -8.07518600 0.57500000
v -7.88743000 10.01753000 0.57500000
v -8.07518600 9.86680700 0.57500000
v -8.26006200 9.71256300 0.57500000
v -11.00363000 -8.02634000 0.57500000
v -11.89278000 -8.18554900 0.57500000
v -10.53656000 -7.87547100 0.57500000
v -8.74473700 10.06902000 0.57500000
v -9.27974600 10.34576000 0.57500000
v -9.84161800 10.56333000 0.57500000
v -12.03981000 -7.96771100 0.57500000
v -12.11183000 -7.85779800 0.57500000
v -11.96679000 -8.07696400 0.57500000
v -9.93735500 10.47332000 0.57500000
v -10.03227000 10.38244000 0.57500000
v -10.12635000 10.29070000 0.57500000
v -11.43455000 -6.86341900 0.57500000
v -10.99935000 -6.44800500 0.57500000
v -11.80000000 -7.34224300 0.57500000
v -9.81516100 9.44269700 0.57500000
v -9.58548000 9.00892400 0.57500000
v -9.34500800 8.67371500 0.57500000
v -11.23498000 -6.02807600 0.57500000
v -11.34681000 -5.81485000 0.57500000
v -11.11915000 -6.23915300 0.57500000
v -9.50712800 8.49570500 0.57500000
v -9.66585900 8.31466600 0.57500000
v -9.82114200 8.13066200 0.57500000
v -12.23022000 -5.99364200 0.57500000
v -13.13351000 -5.99603200 0.57500000
v -11.74405000 -5.92617100 0.57500000
v -10.36035000 8.39753700 0.57500000
v -10.93529000 8.57717400 0.57500000
v -11.52640000 8.69387200 0.57500000
v -13.24048000 -5.75597300 0.57500000
v -13.29232000 -5.63522300 0.57500000
v -13.18754000 -5.87624600 0.57500000
v -11.60506000 8.58860100 0.57500000
v -11.68275000 8.48261900 0.57500000
v -11.75947000 8.37593500 0.57500000
v -12.45266000 -4.77355900 0.57500000
v -11.95193000 -4.44002800 0.57500000
v -12.89569000 -5.18165000 0.57500000
v -11.30575000 7.59485700 0.57500000
v -11.00424000 7.20755700 0.57500000
v -10.70921000 6.91919800 0.57500000
v -12.11106000 -3.98556200 0.57500000
v -12.18416000 -3.75615700 0.57500000
v -12.03364000 -4.21354600 0.57500000
v -10.83796000 6.71574100 0.57500000
v -10.96284000 6.50988900 0.57500000
v -11.08381000 6.30171600 0.57500000
v -13.08520000 -3.77883000 0.57500000
v -13.97518000 -3.62432900 0.57500000
v -12.59470000 -3.79680700 0.57500000
v -11.66117000 6.47090300 0.57500000
v -12.25857000 6.54797400 0.57500000
v -12.86097000 6.56025300 0.57500000
v -14.03884000 -3.36934300 0.57500000
v -14.06892000 -3.24142500 0.57500000
v -14.00759000 -3.49698100 0.57500000
v -12.92014000 6.44292400 0.57500000
v -12.97825000 6.32506100 0.57500000
v -13.03528000 6.20667500 0.57500000
v -13.09239000 -2.53865700 0.57500000
v -12.54136000 -2.29714200 0.57500000
v -13.59956000 -2.86361600 0.57500000
v -12.45283000 5.51625000 0.57500000
v -12.08864000 5.18719200 0.57500000
v -11.74802000 4.95444500 0.57500000
v -12.61915000 -1.82194900 0.57500000
v -12.65131000 -1.58333500 0.57500000
v -12.58250000 -2.05991300 0.57500000
v -11.83948000 4.73172200 0.57500000
v -11.92672000 4.50731200 0.57500000
v -12.00971000 4.28129500 0.57500000
v -13.54259000 -1.44920100 0.57500000
v -14.39222000 -1.14250300 0.57500000
v -13.06266000 -1.55207900 0.57500000
v -12.60767000 4.34765400 0.57500000
v -13.20938000 4.31981800 0.57500000
v -13.80476000 4.22730500 0.57500000
v -14.41064000 -0.88033630 0.57500000
v -14.41805000 -0.74913790 0.57500000
v -14.40203000 -1.01146200 0.57500000
v -13.84266000 4.10148200 0.57500000
v -13.87942000 3.97532000 0.57500000
v -13.91503000 3.84882800 0.57500000
v -13.33432000 -0.22661890 0.57500000
v -12.74972000 -0.08445992 0.57500000
v -13.89022000 -0.45857140 0.57500000
v -13.22153000 3.27003500 0.57500000
v -12.80573000 3.00921700 0.57500000
v -12.42987000 2.83915300 0.57500000
v -12.74382000 0.39702350 0.57500000
v -12.73405000 0.63759570 0.57500000
v -12.74904000 0.15630970 0.57500000
v -12.48127000 2.60393200 0.57500000
v -12.52821000 2.36778300 0.57500000
v -12.57069000 2.13078900 0.57500000
v -13.58850000 0.92446160 0.57500000
v -14.37197000 1.37403700 0.57500000
v -13.13373000 0.73980870 0.57500000
v -13.17110000 2.09230500 0.57500000
v -13.75882000 1.96040600 0.57500000
v -14.32909000 1.76591100 0.57500000
v -14.34457000 1.63541900 0.57500000
v -14.35887000 1.50479000 0.57500000
v -10.25521000 -10.16229000 4.60000000
v -10.16229000 -10.25521000 4.60000000
v -10.06853000 -10.34728000 4.60000000
v -10.34728000 -10.06853000 4.60000000
v -11.71235000 -8.44169800 4.60000000
v -8.44169800 -11.71235000 4.60000000
v -8.33474600 -11.78870000 4.60000000
v -11.78870000 -8.33474600 4.60000000
v -8.22710300 -11.86407000 4.60000000
v -11.86407000 -8.22710300 4.60000000
v -8.11877800 -11.93846000 4.60000000
v -11.93846000 -8.11877800 4.60000000
v -10.14195000 -9.50206700 4.60000000
v -8.33785500 -11.11884000 4.60000000
v -6.27962100 -13.00030000 4.60000000
v -13.00030000 -6.27962100 4.60000000
v -9.22748200 -10.01776000 4.60000000
v -11.63789000 -7.59657800 4.60000000
v -6.16103600 -13.05692000 4.60000000
v -13.05692000 -6.16103600 4.60000000
v -13.11245000 -6.04194000 4.60000000
v -6.04194000 -13.11245000 4.60000000
v -10.82686000 -8.26323200 4.60000000
v -13.16690000 -5.92234400 4.60000000
v -5.92234400 -13.16690000 4.60000000
v -9.87688100 -8.96117900 4.60000000
v -8.17073600 -10.54014000 4.60000000
v -6.28041800 -12.39777000 4.60000000
v -7.34773000 -11.46790000 4.60000000
v -8.79879500 -9.77871900 4.60000000
v -10.36318000 -8.10226300 4.60000000
v -12.09727000 -6.25763000 4.60000000
v -11.28292000 -7.10993600 4.60000000
v -6.21632800 -11.79885000 4.60000000
v -6.96706500 -11.15805000 4.60000000
v -9.68924900 -8.28739700 4.60000000
v -9.53103000 -8.46888300 4.60000000
v -8.28739700 -9.68924900 4.60000000
v -8.46888300 -9.53103000 4.60000000
v -9.84401300 -8.10295600 4.60000000
v -8.10295600 -9.84401300 4.60000000
v -9.99526700 -7.91562600 4.60000000
v -7.91562600 -9.99526700 4.60000000
v -13.89324000 -3.92674200 4.60000000
v -12.78021000 -5.46027100 4.60000000
v -3.92674200 -13.89324000 4.60000000
v -11.61268000 -6.17962500 4.60000000
v -13.92840000 -3.80012600 4.60000000
v -3.80012600 -13.92840000 4.60000000
v -13.96242000 -3.67319600 4.60000000
v -3.67319600 -13.96242000 4.60000000
v -13.99527000 -3.54596200 4.60000000
v -3.54596200 -13.99527000 4.60000000
v -6.47897300 -10.98114000 4.60000000
v -6.68517500 -10.85684000 4.60000000
v -10.98114000 -6.47897300 4.60000000
v -10.85684000 -6.68517500 4.60000000
v -11.10152000 -6.27045900 4.60000000
v -6.27045900 -11.10152000 4.60000000
v -4.03215300 -13.30001000 4.60000000
v -5.24472100 -12.56960000 4.60000000
v -11.21795000 -6.05971000 4.60000000
v -6.05971000 -11.21795000 4.60000000
v -13.00011000 -4.06189300 4.60000000
v -12.34614000 -5.04266100 4.60000000
v -4.07304000 -12.69905000 4.60000000
v -4.92364400 -12.19835000 4.60000000
v -12.50934000 -4.06922200 4.60000000
v -4.47368800 -11.93937000 4.60000000
v -4.69834300 -11.85277000 4.60000000
v -11.93937000 -4.47368800 4.60000000
v -11.85277000 -4.69834300 4.60000000
v -12.02172000 -4.24743700 4.60000000
v -4.24743700 -12.02172000 4.60000000
v -4.01967200 -12.09978000 4.60000000
v -12.09978000 -4.01967200 4.60000000
v -1.45455000 -14.36404000 4.60000000
v -14.36404000 -1.45455000 4.60000000
v -13.53422000 -3.15805600 4.60000000
v -14.37669000 -1.32375200 4.60000000
v -1.32375200 -14.37669000 4.60000000
v -1.19284400 -14.38814000 4.60000000
v -14.38814000 -1.19284400 4.60000000
v -1.06183800 -14.39840000 4.60000000
v -14.39840000 -1.06183800 4.60000000
v -1.66137400 -13.79813000 4.60000000
v -2.98235400 -13.28938000 4.60000000
v -13.50795000 -1.74273800 4.60000000
v -13.03422000 -2.82216800 4.60000000
v -1.80599500 -13.21340000 4.60000000
v -2.73062000 -12.86802000 4.60000000
v -2.33247200 -12.53483000 4.60000000
v -2.56875300 -12.48856000 4.60000000
v -12.53483000 -2.33247200 4.60000000
v -12.48856000 -2.56875300 4.60000000
v -13.02591000 -1.83517700 4.60000000
v -12.57664000 -2.09535900 4.60000000
v -2.09535900 -12.57664000 4.60000000
v -12.61397000 -1.85749900 4.60000000
v -1.85749900 -12.61397000 4.60000000
v -14.39840000 1.06183800 4.60000000
v -13.87700000 -0.75988540 4.60000000
v 1.06183800 -14.39840000 4.60000000
v 1.19284400 -14.38814000 4.60000000
v -14.38814000 1.19284400 4.60000000
v 0.75988540 -13.87700000 4.60000000
v -0.62936940 -13.60536000 4.60000000
v 1.32375200 -14.37669000 4.60000000
v -14.37669000 1.32375200 4.60000000
v -13.60536000 0.62936940 4.60000000
v -13.32626000 -0.51592450 4.60000000
v -14.36404000 1.45455000 4.60000000
v 1.45455000 -14.36404000 4.60000000
v -12.74943000 -0.12038530 4.60000000
v -12.74489000 -0.36111290 4.60000000
v -0.12038530 -12.74943000 4.60000000
v -0.36111290 -12.74489000 4.60000000
v -0.45462860 -13.14669000 4.60000000
v 0.51592450 -13.32626000 4.60000000
v -13.14669000 0.45462860 4.60000000
v -12.74943000 0.12038530 4.60000000
v 0.12038530 -12.74943000 4.60000000
v -12.74489000 0.36111290 4.60000000
v 0.36111290 -12.74489000 4.60000000
v 2.09535900 -12.57664000 4.60000000
v 1.85749900 -12.61397000 4.60000000
v 1.83517700 -13.02591000 4.60000000
v -12.57664000 2.09535900 4.60000000
v -13.21340000 1.80599500 4.60000000
v -12.61397000 1.85749900 4.60000000
v 3.54596200 -13.99527000 4.60000000
v -13.99527000 3.54596200 4.60000000
v -13.79813000 1.66137400 4.60000000
v 3.15805600 -13.53422000 4.60000000
v 1.74273800 -13.50795000 4.60000000
v -13.28938000 2.98235400 4.60000000
v 3.67319600 -13.96242000 4.60000000
v -13.96242000 3.67319600 4.60000000
v 2.82216800 -13.03422000 4.60000000
v 2.33247200 -12.53483000 4.60000000
v -12.86802000 2.73062000 4.60000000
v -12.53483000 2.33247200 4.60000000
v 3.80012600 -13.92840000 4.60000000
v -13.92840000 3.80012600 4.60000000
v 3.92674200 -13.89324000 4.60000000
v -13.89324000 3.92674200 4.60000000
v 2.56875300 -12.48856000 4.60000000
v -12.48856000 2.56875300 4.60000000
v 4.24743700 -12.02172000 4.60000000
v 4.01967200 -12.09978000 4.60000000
v 4.06922200 -12.50934000 4.60000000
v -12.02172000 4.24743700 4.60000000
v -12.69905000 4.07304000 4.60000000
v -12.09978000 4.01967200 4.60000000
v 4.47368800 -11.93937000 4.60000000
v -12.56960000 5.24472100 4.60000000
v -13.30001000 4.03215300 4.60000000
v 5.46027100 -12.78021000 4.60000000
v 4.06189300 -13.00011000 4.60000000
v 5.04266100 -12.34614000 4.60000000
v -12.19835000 4.92364400 4.60000000
v -11.93937000 4.47368800 4.60000000
v -13.16690000 5.92234400 4.60000000
v 5.92234400 -13.16690000 4.60000000
v 4.69834300 -11.85277000 4.60000000
v -11.85277000 4.69834300 4.60000000
v -13.11245000 6.04194000 4.60000000
v 6.04194000 -13.11245000 4.60000000
v -13.05692000 6.16103600 4.60000000
v 6.16103600 -13.05692000 4.60000000
v -13.00030000 6.27962100 4.60000000
v 6.27962100 -13.00030000 4.60000000
v -11.10152000 6.27045900 4.60000000
v -11.79885000 6.21632800 4.60000000
v -11.21795000 6.05971000 4.60000000
v 6.27045900 -11.10152000 4.60000000
v 6.05971000 -11.21795000 4.60000000
v 6.17962500 -11.61268000 4.60000000
v 6.47897300 -10.98114000 4.60000000
v -11.15805000 6.96706500 4.60000000
v -10.98114000 6.47897300 4.60000000
v 7.10993600 -11.28292000 4.60000000
v 6.25763000 -12.09727000 4.60000000
v -10.85684000 6.68517500 4.60000000
v 6.68517500 -10.85684000 4.60000000
v -11.46790000 7.34773000 4.60000000
v -12.39777000 6.28041800 4.60000000
v 7.59657800 -11.63789000 4.60000000
v -11.93846000 8.11877800 4.60000000
v 8.11877800 -11.93846000 4.60000000
v -11.86407000 8.22710300 4.60000000
v 8.22710300 -11.86407000 4.60000000
v -11.78870000 8.33474600 4.60000000
v 8.33474600 -11.78870000 4.60000000
v -11.71235000 8.44169800 4.60000000
v 8.44169800 -11.71235000 4.60000000
v -9.84401300 8.10295600 4.60000000
v -10.54014000 8.17073600 4.60000000
v -9.99526700 7.91562600 4.60000000
v 8.10295600 -9.84401300 4.60000000
v 7.91562600 -9.99526700 4.60000000
v 8.10226300 -10.36318000 4.60000000
v 8.28739700 -9.68924900 4.60000000
v -9.77871900 8.79879500 4.60000000
v -9.68924900 8.28739700 4.60000000
v -9.53103000 8.46888300 4.60000000
v 8.96117900 -9.87688100 4.60000000
v 8.46888300 -9.53103000 4.60000000
v 8.26323200 -10.82686000 4.60000000
v -10.01776000 9.22748200 4.60000000
v -11.11884000 8.33785500 4.60000000
v 9.50206700 -10.14195000 4.60000000
v 10.06853000 -10.34728000 4.60000000
v -10.34728000 10.06853000 4.60000000
v 10.16229000 -10.25521000 4.60000000
v -10.25521000 10.16229000 4.60000000
v -10.16229000 10.25521000 4.60000000
v 10.25521000 -10.16229000 4.60000000
v 10.34728000 -10.06853000 4.60000000
v -10.06853000 10.34728000 4.60000000
v -8.28739700 9.68924900 4.60000000
v -8.96117900 9.87688100 4.60000000
v -8.46888300 9.53103000 4.60000000
v 9.68924900 -8.28739700 4.60000000
v 9.53103000 -8.46888300 4.60000000
v 9.77871900 -8.79879500 4.60000000
v 9.84401300 -8.10295600 4.60000000
v -8.10226300 10.36318000 4.60000000
v -8.10295600 9.84401300 4.60000000
v -7.91562600 9.99526700 4.60000000
v 10.54014000 -8.17073600 4.60000000
v 9.99526700 -7.91562600 4.60000000
v 10.01776000 -9.22748200 4.60000000
v -8.26323200 10.82686000 4.60000000
v -9.50206700 10.14195000 4.60000000
v 11.11884000 -8.33785500 4.60000000
v 11.71235000 -8.44169800 4.60000000
v -8.44169800 11.71235000 4.60000000
v 11.78870000 -8.33474600 4.60000000
v 11.86407000 -8.22710300 4.60000000
v 11.93846000 -8.11877800 4.60000000
v -6.47897300 10.98114000 4.60000000
v -7.10993600 11.28292000 4.60000000
v -6.68517500 10.85684000 4.60000000
v 10.98114000 -6.47897300 4.60000000
v 10.85684000 -6.68517500 4.60000000
v 11.15805000 -6.96706500 4.60000000
v 11.10152000 -6.27045900 4.60000000
v -6.17962500 11.61268000 4.60000000
v -6.27045900 11.10152000 4.60000000
v -6.05971000 11.21795000 4.60000000
v 11.79885000 -6.21632800 4.60000000
v 11.21795000 -6.05971000 4.60000000
v 11.46790000 -7.34773000 4.60000000
v -6.25763000 12.09727000 4.60000000
v -7.59657800 11.63789000 4.60000000
v 12.39777000 -6.28041800 4.60000000
v -8.22710300 11.86407000 4.60000000
v -8.11877800 11.93846000 4.60000000
v -8.33474600 11.78870000 4.60000000
v 13.00030000 -6.27962100 4.60000000
v -6.27962100 13.00030000 4.60000000
v 11.93937000 -4.47368800 4.60000000
v 11.85277000 -4.69834300 4.60000000
v 12.19835000 -4.92364400 4.60000000
v -4.47368800 11.93937000 4.60000000
v -5.04266100 12.34614000 4.60000000
v -4.69834300 11.85277000 4.60000000
v 12.02172000 -4.24743700 4.60000000
v -4.06922200 12.50934000 4.60000000
v -4.24743700 12.02172000 4.60000000
v -4.01967200 12.09978000 4.60000000
v 12.69905000 -4.07304000 4.60000000
v 12.09978000 -4.01967200 4.60000000
v 12.56960000 -5.24472100 4.60000000
v -4.06189300 13.00011000 4.60000000
v -5.46027100 12.78021000 4.60000000
v 13.30001000 -4.03215300 4.60000000
v 13.16690000 -5.92234400 4.60000000
v 13.89324000 -3.92674200 4.60000000
v -3.92674200 13.89324000 4.60000000
v -5.92234400 13.16690000 4.60000000
v 12.53483000 -2.33247200 4.60000000
v 12.48856000 -2.56875300 4.60000000
v 12.86802000 -2.73062000 4.60000000
v -2.82216800 13.03422000 4.60000000
v -2.56875300 12.48856000 4.60000000
v -2.33247200 12.53483000 4.60000000
v 12.57664000 -2.09535900 4.60000000
v -6.04194000 13.11245000 4.60000000
v -6.16103600 13.05692000 4.60000000
v -1.83517700 13.02591000 4.60000000
v -2.09535900 12.57664000 4.60000000
v -1.85749900 12.61397000 4.60000000
v 13.21340000 -1.80599500 4.60000000
v 12.61397000 -1.85749900 4.60000000
v 13.28938000 -2.98235400 4.60000000
v 13.05692000 -6.16103600 4.60000000
v 13.11245000 -6.04194000 4.60000000
v -1.74273800 13.50795000 4.60000000
v -3.15805600 13.53422000 4.60000000
v 13.79813000 -1.66137400 4.60000000
v 13.99527000 -3.54596200 4.60000000
v 13.14669000 -0.45462860 4.60000000
v 12.74943000 -0.12038530 4.60000000
v 12.74489000 -0.36111290 4.60000000
v -0.51592450 13.32626000 4.60000000
v -0.36111290 12.74489000 4.60000000
v -0.12038530 12.74943000 4.60000000
v 12.74943000 0.12038530 4.60000000
v -1.45455000 14.36404000 4.60000000
v -3.54596200 13.99527000 4.60000000
v 14.36404000 -1.45455000 4.60000000
v 0.45462860 13.14669000 4.60000000
v 0.12038530 12.74943000 4.60000000
v 0.36111290 12.74489000 4.60000000
v 13.32626000 0.51592450 4.60000000
v 12.74489000 0.36111290 4.60000000
v 13.60536000 -0.62936940 4.60000000
v 0.62936940 13.60536000 4.60000000
v -0.75988540 13.87700000 4.60000000
v -3.67319600 13.96242000 4.60000000
v -3.80012600 13.92840000 4.60000000
v 13.87700000 0.75988540 4.60000000
v 14.39840000 -1.06183800 4.60000000
v 13.02591000 1.83517700 4.60000000
v 12.57664000 2.09535900 4.60000000
v 12.61397000 1.85749900 4.60000000
v 12.53483000 2.33247200 4.60000000
v 1.80599500 13.21340000 4.60000000
v 1.85749900 12.61397000 4.60000000
v 2.09535900 12.57664000 4.60000000
v 13.92840000 -3.80012600 4.60000000
v 13.96242000 -3.67319600 4.60000000
v 14.39840000 1.06183800 4.60000000
v 1.06183800 14.39840000 4.60000000
v -1.06183800 14.39840000 4.60000000
v 2.73062000 12.86802000 4.60000000
v 2.33247200 12.53483000 4.60000000
v 2.56875300 12.48856000 4.60000000
v 13.03422000 2.82216800 4.60000000
v 12.48856000 2.56875300 4.60000000
v 13.50795000 1.74273800 4.60000000
v 2.98235400 13.28938000 4.60000000
v 1.66137400 13.79813000 4.60000000
v 12.50934000 4.06922200 4.60000000
v 12.02172000 4.24743700 4.60000000
v 12.09978000 4.01967200 4.60000000
v 11.93937000 4.47368800 4.60000000
v 13.53422000 3.15805600 4.60000000
v 14.36404000 1.45455000 4.60000000
v 4.07304000 12.69905000 4.60000000
v 4.01967200 12.09978000 4.60000000
v 4.24743700 12.02172000 4.60000000
v 4.92364400 12.19835000 4.60000000
v 4.47368800 11.93937000 4.60000000
v 4.69834300 11.85277000 4.60000000
v 12.34614000 5.04266100 4.60000000
v 11.85277000 4.69834300 4.60000000
v 13.00011000 4.06189300 4.60000000
v 3.54596200 13.99527000 4.60000000
v 1.45455000 14.36404000 4.60000000
v 13.99527000 3.54596200 4.60000000
v 11.61268000 6.17962500 4.60000000
v 11.10152000 6.27045900 4.60000000
v 11.21795000 6.05971000 4.60000000
v 10.98114000 6.47897300 4.60000000
v 5.24472100 12.56960000 4.60000000
v 4.03215300 13.30001000 4.60000000
v 6.21632800 11.79885000 4.60000000
v 6.05971000 11.21795000 4.60000000
v 6.27045900 11.10152000 4.60000000
v 6.96706500 11.15805000 4.60000000
v 6.47897300 10.98114000 4.60000000
v 6.68517500 10.85684000 4.60000000
v 12.78021000 5.46027100 4.60000000
v 13.89324000 3.92674200 4.60000000
v 11.28292000 7.10993600 4.60000000
v 10.85684000 6.68517500 4.60000000
v 12.09727000 6.25763000 4.60000000
v 10.36318000 8.10226300 4.60000000
v 9.84401300 8.10295600 4.60000000
v 9.99526700 7.91562600 4.60000000
v 9.68924900 8.28739700 4.60000000
v 8.79879500 9.77871900 4.60000000
v 8.28739700 9.68924900 4.60000000
v 8.46888300 9.53103000 4.60000000
v 8.10295600 9.84401300 4.60000000
v 14.37669000 -1.32375200 4.60000000
v 14.38814000 -1.19284400 4.60000000
v 8.17073600 10.54014000 4.60000000
v 7.91562600 9.99526700 4.60000000
v 7.34773000 11.46790000 4.60000000
v 6.28041800 12.39777000 4.60000000
v 9.87688100 8.96117900 4.60000000
v 9.53103000 8.46888300 4.60000000
v 13.16690000 5.92234400 4.60000000
v 5.92234400 13.16690000 4.60000000
v 3.92674200 13.89324000 4.60000000
v 10.82686000 8.26323200 4.60000000
v 11.63789000 7.59657800 4.60000000
v 9.22748200 10.01776000 4.60000000
v 13.00030000 6.27962100 4.60000000
v 8.33785500 11.11884000 4.60000000
v 10.14195000 9.50206700 4.60000000
v 11.93846000 8.11877800 4.60000000
v 8.11877800 11.93846000 4.60000000
v 6.27962100 13.00030000 4.60000000
v 11.71235000 8.44169800 4.60000000
v 10.34728000 10.06853000 4.60000000
v 10.06853000 10.34728000 4.60000000
v 8.44169800 11.71235000 4.60000000
v -1.19284400 14.38814000 4.60000000
v -1.32375200 14.37669000 4.60000000
v 1.32375200 14.37669000 4.60000000
v 1.19284400 14.38814000 4.60000000
v 14.38814000 1.19284400 4.60000000
v 14.37669000 1.32375200 4.60000000
v 3.80012600 13.92840000 4.60000000
v 3.67319600 13.96242000 4.60000000
v 13.96242000 3.67319600 4.60000000
v 13.92840000 3.80012600 4.60000000
v 6.04194000 13.11245000 4.60000000
v 13.11245000 6.04194000 4.60000000
v 13.05692000 6.16103600 4.60000000
v 6.16103600 13.05692000 4.60000000
v 8.33474600 11.78870000 4.60000000
v 8.22710300 11.86407000 4.60000000
v 11.86407000 8.22710300 4.60000000
v 11.78870000 8.33474600 4.60000000
v 10.25521000 10.16229000 4.60000000
v 10.16229000 10.25521000 4.60000000
v 14.30571000 -1.94631500 1.15000000
v 14.28740000 -2.07644100 1.15000000
v 14.32283000 -1.81602800 1.15000000
v 14.33877000 -1.68559000 1.15000000
v 13.12259000 -2.37762900 1.15000000
v 12.52149000 -2.40307500 1.15000000
v 13.71304000 -2.25851500 1.15000000
v 13.56524000 -1.21911900 1.15000000
v 13.11458000 -1.02464000 1.15000000
v 12.71721000 -0.91377830 1.15000000
v 12.42182000 -2.87416700 1.15000000
v 12.36533000 -3.10821700 1.15000000
v 12.47388000 -2.63909100 1.15000000
v 12.73220000 -0.67347470 1.15000000
v 12.74265000 -0.43293100 1.15000000
v 12.74855000 -0.19223280 1.15000000
v 13.14745000 -3.55617600 1.15000000
v 13.82823000 -4.14988200 1.15000000
v 12.73741000 -3.28639700 1.15000000
v 13.33610000 -0.06279328 1.15000000
v 13.89690000 0.15704140 1.15000000
v 14.43091000 0.43608540 1.15000000
v 13.75040000 -4.40090600 1.15000000
v 13.70977000 -4.52587700 1.15000000
v 13.78988000 -4.27557100 1.15000000
v 14.42635000 0.56741370 1.15000000
v 14.42058000 0.69869510 1.15000000
v 14.41363000 0.82991860 1.15000000
v 12.51036000 -4.62022100 1.15000000
v 11.91397000 -4.54090100 1.15000000
v 13.11252000 -4.60544800 1.15000000
v 13.57085000 1.15498100 1.15000000
v 13.09327000 1.26824900 1.15000000
v 12.68269000 1.30842500 1.15000000
v 11.73401000 -4.98752800 1.15000000
v 11.63774000 -5.20821400 1.15000000
v 11.82610000 -4.76506400 1.15000000
v 12.65572000 1.54768000 1.15000000
v 12.62424000 1.78638400 1.15000000
v 12.58825000 2.02445000 1.15000000
v 12.33019000 -5.78518100 1.15000000
v 12.89753000 -6.48808300 1.15000000
v 11.97323000 -5.44829800 1.15000000
v 13.14440000 2.25395000 1.15000000
v 13.65850000 2.56782700 1.15000000
v 14.13595000 2.93536200 1.15000000
v 12.77729000 -6.72177800 1.15000000
v 12.71558000 -6.83779500 1.15000000
v 12.83794000 -6.60520400 1.15000000
v 14.10865000 3.06390200 1.15000000
v 14.08018000 3.19218800 1.15000000
v 14.05054000 3.32021000 1.15000000
v 11.51800000 -6.72243000 1.15000000
v 10.94445000 -6.54075400 1.15000000
v 12.11359000 -6.81244700 1.15000000
v 13.16412000 3.49398800 1.15000000
v 12.67412000 3.52260400 1.15000000
v 12.26280000 3.49087200 1.15000000
v 10.68967000 -6.94934700 1.15000000
v 10.55654000 -7.14996200 1.15000000
v 10.81899000 -6.74625300 1.15000000
v 12.19470000 3.72181000 1.15000000
v 12.12224000 3.95142000 1.15000000
v 12.04547000 4.17962100 1.15000000
v 11.13828000 -7.83840600 1.15000000
v 11.57494000 -8.62914600 1.15000000
v 10.84524000 -7.44465500 1.15000000
v 12.55331000 4.50220800 1.15000000
v 13.00510000 4.90059000 1.15000000
v 13.41147000 5.34544900 1.15000000
v 11.41595000 -8.83841200 1.15000000
v 11.33503000 -8.94195100 1.15000000
v 11.49592000 -8.73414100 1.15000000
v 13.36226000 5.46729500 1.15000000
v 13.31195000 5.58868900 1.15000000
v 13.26053000 5.70961900 1.15000000
v 10.17568000 -8.62038200 1.15000000
v 9.64239200 -8.34186900 1.15000000
v 10.74659000 -8.81245300 1.15000000
v 12.35740000 5.72683100 1.15000000
v 11.86988000 5.66992600 1.15000000
v 11.47032000 5.56725100 1.15000000
v 9.32053000 -8.70001200 1.15000000
v 9.15458500 -8.87446200 1.15000000
v 9.48315200 -8.52246000 1.15000000
v 11.36315000 5.78285400 1.15000000
v 11.25192000 5.99639500 1.15000000
v 11.13669000 6.20779700 1.15000000
v 9.60794100 -9.65346600 1.15000000
v 9.90065500 -10.50802000 1.15000000
v 9.38772600 -9.21481000 1.15000000
v 11.58080000 6.61366900 1.15000000
v 11.95655000 7.08445100 1.15000000
v 12.27949000 7.59311700 1.15000000
v 9.70774000 -10.68650000 1.15000000
v 9.61007300 -10.77441000 1.15000000
v 9.80460400 -10.59770000 1.15000000
v 12.20987000 7.70456800 1.15000000
v 12.13924000 7.81538000 1.15000000
v 12.06761000 7.92554400 1.15000000
v 8.52417700 -10.25641000 1.15000000
v 8.04735200 -9.88952100 1.15000000
v 9.05305500 -10.54470000 1.15000000
v 11.17521000 7.78566800 1.15000000
v 10.70498000 7.64497000 1.15000000
v 10.32932000 7.47447200 1.15000000
v 7.66818900 -10.18633000 1.15000000
v 7.47447200 -10.32932000 1.15000000
v 7.85917200 -10.03972000 1.15000000
v 10.18633000 7.66818900 1.15000000
v 10.03972000 7.85917200 1.15000000
v 9.88952100 8.04735200 1.15000000
v 7.78566800 -11.17521000 1.15000000
v 7.92554400 -12.06761000 1.15000000
v 7.64497000 -10.70498000 1.15000000
v 10.25641000 8.52417700 1.15000000
v 10.54470000 9.05305500 1.15000000
v 10.77441000 9.61007300 1.15000000
v 7.70456800 -12.20987000 1.15000000
v 7.59311700 -12.27949000 1.15000000
v 7.81538000 -12.13924000 1.15000000
v 10.68650000 9.70774000 1.15000000
v 10.59770000 9.80460400 1.15000000
v 10.50802000 9.90065500 1.15000000
v 6.61366900 -11.58080000 1.15000000
v 6.20779700 -11.13669000 1.15000000
v 7.08445100 -11.95655000 1.15000000
v 9.65346600 9.60794100 1.15000000
v 9.21481000 9.38772600 1.15000000
v 8.87446200 9.15458500 1.15000000
v 5.78285400 -11.36315000 1.15000000
v 5.56725100 -11.47032000 1.15000000
v 5.99639500 -11.25192000 1.15000000
v 8.70001200 9.32053000 1.15000000
v 8.52246000 9.48315200 1.15000000
v 8.34186900 9.64239200 1.15000000
v 5.72683100 -12.35740000 1.15000000
v 5.70961900 -13.26053000 1.15000000
v 5.66992600 -11.86988000 1.15000000
v 8.62038200 10.17568000 1.15000000
v 8.81245300 10.74659000 1.15000000
v 8.94195100 11.33503000 1.15000000
v 5.46729500 -13.36226000 1.15000000
v 5.34544900 -13.41147000 1.15000000
v 5.58868900 -13.31195000 1.15000000
v 8.83841200 11.41595000 1.15000000
v 8.73414100 11.49592000 1.15000000
v 8.62914600 11.57494000 1.15000000
v 4.50220800 -12.55331000 1.15000000
v 4.17962100 -12.04547000 1.15000000
v 4.90059000 -13.00510000 1.15000000
v 7.83840600 11.13828000 1.15000000
v 7.44465500 10.84524000 1.15000000
v 7.14996200 10.55654000 1.15000000
v 3.72181000 -12.19470000 1.15000000
v 3.49087200 -12.26280000 1.15000000
v 3.95142000 -12.12224000 1.15000000
v 6.94934700 10.68967000 1.15000000
v 6.74625300 10.81899000 1.15000000
v 6.54075400 10.94445000 1.15000000
v 3.49398800 -13.16412000 1.15000000
v 3.32021000 -14.05054000 1.15000000
v 3.52260400 -12.67412000 1.15000000
v 6.72243000 11.51800000 1.15000000
v 6.81244700 12.11359000 1.15000000
v 6.83779500 12.71558000 1.15000000
v 3.06390200 -14.10865000 1.15000000
v 2.93536200 -14.13595000 1.15000000
v 3.19218800 -14.08018000 1.15000000
v 6.72177800 12.77729000 1.15000000
v 6.60520400 12.83794000 1.15000000
v 6.48808300 12.89753000 1.15000000
v 2.25395000 -13.14440000 1.15000000
v 2.02445000 -12.58825000 1.15000000
v 2.56782700 -13.65850000 1.15000000
v 5.78518100 12.33019000 1.15000000
v 5.44829800 11.97323000 1.15000000
v 5.20821400 11.63774000 1.15000000
v 1.54768000 -12.65572000 1.15000000
v 1.30842500 -12.68269000 1.15000000
v 1.78638400 -12.62424000 1.15000000
v 4.98752800 11.73401000 1.15000000
v 4.76506400 11.82610000 1.15000000
v 4.54090100 11.91397000 1.15000000
v 1.15498100 -13.57085000 1.15000000
v 0.82991860 -14.41363000 1.15000000
v 1.26824900 -13.09327000 1.15000000
v 4.62022100 12.51036000 1.15000000
v 4.60544800 13.11252000 1.15000000
v 4.52587700 13.70977000 1.15000000
v 0.56741370 -14.42635000 1.15000000
v 0.43608540 -14.43091000 1.15000000
v 0.69869510 -14.42058000 1.15000000
v 4.40090600 13.75040000 1.15000000
v 4.27557100 13.78988000 1.15000000
v 4.14988200 13.82823000 1.15000000
v -0.06279328 -13.33610000 1.15000000
v -0.19223280 -12.74855000 1.15000000
v 0.15704140 -13.89690000 1.15000000
v 3.55617600 13.14745000 1.15000000
v 3.28639700 12.73741000 1.15000000
v 3.10821700 12.36533000 1.15000000
v -0.67347470 -12.73220000 1.15000000
v -0.91377830 -12.71721000 1.15000000
v -0.43293100 -12.74265000 1.15000000
v 2.87416700 12.42182000 1.15000000
v 2.63909100 12.47388000 1.15000000
v 2.40307500 12.52149000 1.15000000
v -1.21911900 -13.56524000 1.15000000
v -1.68559000 -14.33877000 1.15000000
v -1.02464000 -13.11458000 1.15000000
v 2.37762900 13.12259000 1.15000000
v 2.25851500 13.71304000 1.15000000
v 2.07644100 14.28740000 1.15000000
v -1.94631500 -14.30571000 1.15000000
v -2.07644100 -14.28740000 1.15000000
v -1.81602800 -14.32283000 1.15000000
v 1.94631500 14.30571000 1.15000000
v 1.81602800 14.32283000 1.15000000
v 1.68559000 14.33877000 1.15000000
v -2.37762900 -13.12259000 1.15000000
v -2.40307500 -12.52149000 1.15000000
v -2.25851500 -13.71304000 1.15000000
v 1.21911900 13.56524000 1.15000000
v 1.02464000 13.11458000 1.15000000
v 0.91377830 12.71721000 1.15000000
v -2.87416700 -12.42182000 1.15000000
v -3.10821700 -12.36533000 1.15000000
v -2.63909100 -12.47388000 1.15000000
v 0.67347470 12.73220000 1.15000000
v 0.43293100 12.74265000 1.15000000
v 0.19223280 12.74855000 1.15000000
v -3.55617600 -13.14745000 1.15000000
v -4.14988200 -13.82823000 1.15000000
v -3.28639700 -12.73741000 1.15000000
v 0.06279328 13.33610000 1.15000000
v -0.15704140 13.89690000 1.15000000
v -0.43608540 14.43091000 1.15000000
v -4.40090600 -13.75040000 1.15000000
v -4.52587700 -13.70977000 1.15000000
v -4.27557100 -13.78988000 1.15000000
v -0.56741370 14.42635000 1.15000000
v -0.69869510 14.42058000 1.15000000
v -0.82991860 14.41363000 1.15000000
v -4.62022100 -12.51036000 1.15000000
v -4.54090100 -11.91397000 1.15000000
v -4.60544800 -13.11252000 1.15000000
v -1.15498100 13.57085000 1.15000000
v -1.26824900 13.09327000 1.15000000
v -1.30842500 12.68269000 1.15000000
v -4.98752800 -11.73401000 1.15000000
v -5.20821400 -11.63774000 1.15000000
v -4.76506400 -11.82610000 1.15000000
v -1.54768000 12.65572000 1.15000000
v -1.78638400 12.62424000 1.15000000
v -2.02445000 12.58825000 1.15000000
v -5.78518100 -12.33019000 1.15000000
v -6.48808300 -12.89753000 1.15000000
v -5.44829800 -11.97323000 1.15000000
v -2.25395000 13.14440000 1.15000000
v -2.56782700 13.65850000 1.15000000
v -2.93536200 14.13595000 1.15000000
v -6.72177800 -12.77729000 1.15000000
v -6.83779500 -12.71558000 1.15000000
v -6.60520400 -12.83794000 1.15000000
v -3.06390200 14.10865000 1.15000000
v -3.19218800 14.08018000 1.15000000
v -3.32021000 14.05054000 1.15000000
v -6.72243000 -11.51800000 1.15000000
v -6.54075400 -10.94445000 1.15000000
v -6.81244700 -12.11359000 1.15000000
v -3.49398800 13.16412000 1.15000000
v -3.52260400 12.67412000 1.15000000
v -3.49087200 12.26280000 1.15000000
v -6.94934700 -10.68967000 1.15000000
v -7.14996200 -10.55654000 1.15000000
v -6.74625300 -10.81899000 1.15000000
v -3.72181000 12.19470000 1.15000000
v -3.95142000 12.12224000 1.15000000
v -4.17962100 12.04547000 1.15000000
v -7.83840600 -11.13828000 1.15000000
v -8.62914600 -11.57494000 1.15000000
v -7.44465500 -10.84524000 1.15000000
v -4.50220800 12.55331000 1.15000000
v -4.90059000 13.00510000 1.15000000
v -5.34544900 13.41147000 1.15000000
v -8.83841200 -11.41595000 1.15000000
v -8.94195100 -11.33503000 1.15000000
v -8.73414100 -11.49592000 1.15000000
v -5.46729500 13.36226000 1.15000000
v -5.58868900 13.31195000 1.15000000
v -5.70961900 13.26053000 1.15000000
v -8.62038200 -10.17568000 1.15000000
v -8.34186900 -9.64239200 1.15000000
v -8.81245300 -10.74659000 1.15000000
v -5.72683100 12.35740000 1.15000000
v -5.66992600 11.86988000 1.15000000
v -5.56725100 11.47032000 1.15000000
v -8.70001200 -9.32053000 1.15000000
v -8.87446200 -9.15458500 1.15000000
v -8.52246000 -9.48315200 1.15000000
v -5.78285400 11.36315000 1.15000000
v -5.99639500 11.25192000 1.15000000
v -6.20779700 11.13669000 1.15000000
v -9.65346600 -9.60794100 1.15000000
v -10.50802000 -9.90065500 1.15000000
v -9.21481000 -9.38772600 1.15000000
v -6.61366900 11.58080000 1.15000000
v -7.08445100 11.95655000 1.15000000
v -7.59311700 12.27949000 1.15000000
v -10.68650000 -9.70774000 1.15000000
v -10.77441000 -9.61007300 1.15000000
v -10.59770000 -9.80460400 1.15000000
v -7.70456800 12.20987000 1.15000000
v -7.81538000 12.13924000 1.15000000
v -7.92554400 12.06761000 1.15000000
v -10.25641000 -8.52417700 1.15000000
v -9.88952100 -8.04735200 1.15000000
v -10.54470000 -9.05305500 1.15000000
v -7.78566800 11.17521000 1.15000000
v -7.64497000 10.70498000 1.15000000
v -7.47447200 10.32932000 1.15000000
v -10.18633000 -7.66818900 1.15000000
v -10.32932000 -7.47447200 1.15000000
v -10.03972000 -7.85917200 1.15000000
v -7.66818900 10.18633000 1.15000000
v -7.85917200 10.03972000 1.15000000
v -8.04735200 9.88952100 1.15000000
v -11.17521000 -7.78566800 1.15000000
v -12.06761000 -7.92554400 1.15000000
v -10.70498000 -7.64497000 1.15000000
v -8.52417700 10.25641000 1.15000000
v -9.05305500 10.54470000 1.15000000
v -9.61007300 10.77441000 1.15000000
v -12.20987000 -7.70456800 1.15000000
v -12.27949000 -7.59311700 1.15000000
v -12.13924000 -7.81538000 1.15000000
v -9.70774000 10.68650000 1.15000000
v -9.80460400 10.59770000 1.15000000
v -9.90065500 10.50802000 1.15000000
v -11.58080000 -6.61366900 1.15000000
v -11.13669000 -6.20779700 1.15000000
v -11.95655000 -7.08445100 1.15000000
v -9.60794100 9.65346600 1.15000000
v -9.38772600 9.21481000 1.15000000
v -9.15458500 8.87446200 1.15000000
v -11.36315000 -5.78285400 1.15000000
v -11.47032000 -5.56725100 1.15000000
v -11.25192000 -5.99639500 1.15000000
v -9.32053000 8.70001200 1.15000000
v -9.48315200 8.52246000 1.15000000
v -9.64239200 8.34186900 1.15000000
v -12.35740000 -5.72683100 1.15000000
v -13.26053000 -5.70961900 1.15000000
v -11.86988000 -5.66992600 1.15000000
v -10.17568000 8.62038200 1.15000000
v -10.74659000 8.81245300 1.15000000
v -11.33503000 8.94195100 1.15000000
v -13.36226000 -5.46729500 1.15000000
v -13.41147000 -5.34544900 1.15000000
v -13.31195000 -5.58868900 1.15000000
v -11.41595000 8.83841200 1.15000000
v -11.49592000 8.73414100 1.15000000
v -11.57494000 8.62914600 1.15000000
v -12.55331000 -4.50220800 1.15000000
v -12.04547000 -4.17962100 1.15000000
v -13.00510000 -4.90059000 1.15000000
v -11.13828000 7.83840600 1.15000000
v -10.84524000 7.44465500 1.15000000
v -10.55654000 7.14996200 1.15000000
v -12.19470000 -3.72181000 1.15000000
v -12.26280000 -3.49087200 1.15000000
v -12.12224000 -3.95142000 1.15000000
v -10.68967000 6.94934700 1.15000000
v -10.81899000 6.74625300 1.15000000
v -10.94445000 6.54075400 1.15000000
v -13.16412000 -3.49398800 1.15000000
v -14.05054000 -3.32021000 1.15000000
v -12.67412000 -3.52260400 1.15000000
v -11.51800000 6.72243000 1.15000000
v -12.11359000 6.81244700 1.15000000
v -12.71558000 6.83779500 1.15000000
v -14.10865000 -3.06390200 1.15000000
v -14.13595000 -2.93536200 1.15000000
v -14.08018000 -3.19218800 1.15000000
v -12.77729000 6.72177800 1.15000000
v -12.83794000 6.60520400 1.15000000
v -12.89753000 6.48808300 1.15000000
v -13.14440000 -2.25395000 1.15000000
v -12.58825000 -2.02445000 1.15000000
v -13.65850000 -2.56782700 1.15000000
v -12.33019000 5.78518100 1.15000000
v -11.97323000 5.44829800 1.15000000
v -11.63774000 5.20821400 1.15000000
v -12.65572000 -1.54768000 1.15000000
v -12.68269000 -1.30842500 1.15000000
v -12.62424000 -1.78638400 1.15000000
v -11.73401000 4.98752800 1.15000000
v -11.82610000 4.76506400 1.15000000
v -11.91397000 4.54090100 1.15000000
v -13.57085000 -1.15498100 1.15000000
v -14.41363000 -0.82991860 1.15000000
v -13.09327000 -1.26824900 1.15000000
v -12.51036000 4.62022100 1.15000000
v -13.11252000 4.60544800 1.15000000
v -13.70977000 4.52587700 1.15000000
v -14.42635000 -0.56741370 1.15000000
v -14.43091000 -0.43608540 1.15000000
v -14.42058000 -0.69869510 1.15000000
v -13.75040000 4.40090600 1.15000000
v -13.78988000 4.27557100 1.15000000
v -13.82823000 4.14988200 1.15000000
v -13.33610000 0.06279328 1.15000000
v -12.74855000 0.19223280 1.15000000
v -13.89690000 -0.15704140 1.15000000
v -13.14745000 3.55617600 1.15000000
v -12.73741000 3.28639700 1.15000000
v -12.36533000 3.10821700 1.15000000
v -12.73220000 0.67347470 1.15000000
v -12.71721000 0.91377830 1.15000000
v -12.74265000 0.43293100 1.15000000
v -12.42182000 2.87416700 1.15000000
v -12.47388000 2.63909100 1.15000000
v -12.52149000 2.40307500 1.15000000
v -13.56524000 1.21911900 1.15000000
v -14.33877000 1.68559000 1.15000000
v -13.11458000 1.02464000 1.15000000
v -13.12259000 2.37762900 1.15000000
v -13.71304000 2.25851500 1.15000000
v -14.28740000 2.07644100 1.15000000
v -14.30571000 1.94631500 1.15000000
v -14.32283000 1.81602800 1.15000000
v 14.26010000 -2.25629500 1.72500000
v 14.23898000 -2.38599300 1.72500000
v 14.28005000 -2.12641000 1.72500000
v 14.29881000 -1.99634800 1.72500000
v 13.06790000 -2.66183300 1.72500000
v 12.46639000 -2.67422900 1.72500000
v 13.66080000 -2.55556100 1.72500000
v 13.53559000 -1.51320100 1.72500000
v 13.08926000 -1.30899000 1.72500000
v 12.69439000 -1.18953100 1.72500000
v 12.35653000 -3.14304700 1.72500000
v 12.29497000 -3.37581600 1.72500000
v 12.41367000 -2.90915700 1.72500000
v 12.71459000 -0.94960880 1.72500000
v 12.73025000 -0.70934840 1.72500000
v 12.74138000 -0.46883500 1.72500000
v 13.06719000 -3.84064300 1.72500000
v 13.73492000 -4.44898200 1.72500000
v 12.66310000 -3.56202900 1.72500000
v 13.33160000 -0.35217590 1.72500000
v 13.89703000 -0.14456250 1.72500000
v 14.43698000 0.12282750 1.72500000
v 13.65166000 -4.69825800 1.72500000
v 13.60833000 -4.82231700 1.72500000
v 13.69386000 -4.57380900 1.72500000
v 14.43526000 0.25422400 1.72500000
v 14.43235000 0.38559950 1.72500000
v 14.42824000 0.51694300 1.72500000
v 12.40715000 -4.89061200 1.72500000
v 11.81263000 -4.79836800 1.72500000
v 13.00950000 -4.88891000 1.72500000
v 13.59272000 0.86021790 1.72500000
v 13.11771000 0.98382270 1.72500000
v 12.70809000 1.03289900 1.72500000
v 11.62302000 -5.24098600 1.72500000
v 11.52198000 -5.45953000 1.72500000
v 11.71991000 -5.02057200 1.72500000
v 12.68632000 1.27268300 1.72500000
v 12.66003000 1.51201300 1.72500000
v 12.62922000 1.75080500 1.72500000
v 12.20175000 -6.05138800 1.72500000
v 12.75370000 -6.76643500 1.72500000
v 11.85218000 -5.70683800 1.72500000
v 13.19021000 1.96818200 1.72500000
v 13.71101000 2.27082800 1.72500000
v 14.19632000 2.62791600 1.72500000
v 12.62842000 -6.99746600 1.72500000
v 12.56420000 -7.11211700 1.72500000
v 12.69158000 -6.88223600 1.72500000
v 14.17181000 2.75701900 1.72500000
v 14.14613000 2.88589300 1.72500000
v 14.11928000 3.01452700 1.72500000
v 11.36941000 -6.97079200 1.72500000
v 10.79994000 -6.77671200 1.72500000
v 11.96290000 -7.07371200 1.72500000
v 13.23684000 3.20750000 1.72500000
v 12.74758000 3.24674200 1.72500000
v 12.33567000 3.22394400 1.72500000
v 10.53635000 -7.17967900 1.72500000
v 10.39890000 -7.37735800 1.72500000
v 10.67005000 -6.97944000 1.72500000
v 12.27259000 3.45630500 1.72500000
v 12.20514000 3.68743300 1.72500000
v 12.13333000 3.91724700 1.72500000
v 10.96556000 -8.07826500 1.72500000
v 11.38496000 -8.87829400 1.72500000
v 10.68114000 -7.67824700 1.72500000
v 12.64805000 4.22873700 1.72500000
v 13.10838000 4.61722100 1.72500000
v 13.52431000 5.05315700 1.72500000
v 11.22146000 -9.08406000 1.72500000
v 11.13832000 -9.18581900 1.72500000
v 11.30368000 -8.98154900 1.72500000
v 13.47776000 5.17604300 1.72500000
v 13.43009000 5.29849900 1.72500000
v 13.38131000 5.42051700 1.72500000
v 9.98622100 -8.83916700 1.72500000
v 9.45910000 -8.54914800 1.72500000
v 10.55282000 -9.04358200 1.72500000
v 12.47876000 5.45732300 1.72500000
v 11.99012000 5.41101100 1.72500000
v 11.58843000 5.31703100 1.72500000
v 9.12954300 -8.90022200 1.72500000
v 8.95985100 -9.07102900 1.72500000
v 9.29597900 -8.72624100 1.72500000
v 11.48596000 5.53490900 1.72500000
v 11.37940000 5.75081200 1.72500000
v 11.26877000 5.96466600 1.72500000
v 9.39619500 -9.85968800 1.72500000
v 9.67029700 -10.72039000 1.72500000
v 9.18555100 -9.41635700 1.72500000
v 11.72159000 6.36080500 1.72500000
v 12.10747000 6.82332200 1.72500000
v 12.44138000 7.32486000 1.72500000
v 9.47355400 -10.89464000 1.72500000
v 9.37400200 -10.98041000 1.72500000
v 9.57232200 -10.80796000 1.72500000
v 12.37419000 7.43779500 1.72500000
v 12.30598000 7.55011400 1.72500000
v 12.23675000 7.66180700 1.72500000
v 8.29960300 -10.43897000 1.72500000
v 7.83085100 -10.06182000 1.72500000
v 8.82210000 -10.73867000 1.72500000
v 11.34153000 7.54132900 1.72500000
v 10.86836000 7.41086900 1.72500000
v 10.48908000 7.24856300 1.72500000
v 7.44533700 -10.35034000 1.72500000
v 7.24856300 -10.48908000 1.72500000
v 7.63945600 -10.20790000 1.72500000
v 10.35034000 7.44533700 1.72500000
v 10.20790000 7.63945600 1.72500000
v 10.06182000 7.83085100 1.72500000
v 7.54132900 -11.34153000 1.72500000
v 7.66180700 -12.23675000 1.72500000
v 7.41086900 -10.86836000 1.72500000
v 10.43897000 8.29960300 1.72500000
v 10.73867000 8.82210000 1.72500000
v 10.98041000 9.37400200 1.72500000
v 7.43779500 -12.37419000 1.72500000
v 7.32486000 -12.44138000 1.72500000
v 7.55011400 -12.30598000 1.72500000
v 10.89464000 9.47355400 1.72500000
v 10.80796000 9.57232200 1.72500000
v 10.72039000 9.67029700 1.72500000
v 6.36080500 -11.72159000 1.72500000
v 5.96466600 -11.26877000 1.72500000
v 6.82332200 -12.10747000 1.72500000
v 9.85968800 9.39619500 1.72500000
v 9.41635700 9.18555100 1.72500000
v 9.07102900 8.95985100 1.72500000
v 5.53490900 -11.48596000 1.72500000
v 5.31703100 -11.58843000 1.72500000
v 5.75081200 -11.37940000 1.72500000
v 8.90022200 9.12954300 1.72500000
v 8.72624100 9.29597900 1.72500000
v 8.54914800 9.45910000 1.72500000
v 5.45732300 -12.47876000 1.72500000
v 5.42051700 -13.38131000 1.72500000
v 5.41101100 -11.99012000 1.72500000
v 8.83916700 9.98622100 1.72500000
v 9.04358200 10.55282000 1.72500000
v 9.18581900 11.13832000 1.72500000
v 5.17604300 -13.47776000 1.72500000
v 5.05315700 -13.52431000 1.72500000
v 5.29849900 -13.43009000 1.72500000
v 9.08406000 11.22146000 1.72500000
v 8.98154900 11.30368000 1.72500000
v 8.87829400 11.38496000 1.72500000
v 4.22873700 -12.64805000 1.72500000
v 3.91724700 -12.13333000 1.72500000
v 4.61722100 -13.10838000 1.72500000
v 8.07826500 10.96556000 1.72500000
v 7.67824700 10.68114000 1.72500000
v 7.37735800 10.39890000 1.72500000
v 3.45630500 -12.27259000 1.72500000
v 3.22394400 -12.33567000 1.72500000
v 3.68743300 -12.20514000 1.72500000
v 7.17967900 10.53635000 1.72500000
v 6.97944000 10.67005000 1.72500000
v 6.77671200 10.79994000 1.72500000
v 3.20750000 -13.23684000 1.72500000
v 3.01452700 -14.11928000 1.72500000
v 3.24674200 -12.74758000 1.72500000
v 6.97079200 11.36941000 1.72500000
v 7.07371200 11.96290000 1.72500000
v 7.11211700 12.56420000 1.72500000
v 2.75701900 -14.17181000 1.72500000
v 2.62791600 -14.19632000 1.72500000
v 2.88589300 -14.14613000 1.72500000
v 6.99746600 12.62842000 1.72500000
v 6.88223600 12.69158000 1.72500000
v 6.76643500 12.75370000 1.72500000
v 1.96818200 -13.19021000 1.72500000
v 1.75080500 -12.62922000 1.72500000
v 2.27082800 -13.71101000 1.72500000
v 6.05138800 12.20175000 1.72500000
v 5.70683800 11.85218000 1.72500000
v 5.45953000 11.52198000 1.72500000
v 1.27268300 -12.68632000 1.72500000
v 1.03289900 -12.70809000 1.72500000
v 1.51201300 -12.66003000 1.72500000
v 5.24098600 11.62302000 1.72500000
v 5.02057200 11.71991000 1.72500000
v 4.79836800 11.81263000 1.72500000
v 0.86021790 -13.59272000 1.72500000
v 0.51694300 -14.42824000 1.72500000
v 0.98382270 -13.11771000 1.72500000
v 4.89061200 12.40715000 1.72500000
v 4.88891000 13.00950000 1.72500000
v 4.82231700 13.60833000 1.72500000
v 0.25422400 -14.43526000 1.72500000
v 0.12282750 -14.43698000 1.72500000
v 0.38559950 -14.43235000 1.72500000
v 4.69825800 13.65166000 1.72500000
v 4.57380900 13.69386000 1.72500000
v 4.44898200 13.73492000 1.72500000
v -0.35217590 -13.33160000 1.72500000
v -0.46883500 -12.74138000 1.72500000
v -0.14456250 -13.89703000 1.72500000
v 3.84064300 13.06719000 1.72500000
v 3.56202900 12.66310000 1.72500000
v 3.37581600 12.29497000 1.72500000
v -0.94960880 -12.71459000 1.72500000
v -1.18953100 -12.69439000 1.72500000
v -0.70934840 -12.73025000 1.72500000
v 3.14304700 12.35653000 1.72500000
v 2.90915700 12.41367000 1.72500000
v 2.67422900 12.46639000 1.72500000
v -1.51320100 -13.53559000 1.72500000
v -1.99634800 -14.29881000 1.72500000
v -1.30899000 -13.08926000 1.72500000
v 2.66183300 13.06790000 1.72500000
v 2.55556100 13.66080000 1.72500000
v 2.38599300 14.23898000 1.72500000
v -2.25629500 -14.26010000 1.72500000
v -2.38599300 -14.23898000 1.72500000
v -2.12641000 -14.28005000 1.72500000
v 2.25629500 14.26010000 1.72500000
v 2.12641000 14.28005000 1.72500000
v 1.99634800 14.29881000 1.72500000
v -2.66183300 -13.06790000 1.72500000
v -2.67422900 -12.46639000 1.72500000
v -2.55556100 -13.66080000 1.72500000
v 1.51320100 13.53559000 1.72500000
v 1.30899000 13.08926000 1.72500000
v 1.18953100 12.69439000 1.72500000
v -3.14304700 -12.35653000 1.72500000
v -3.37581600 -12.29497000 1.72500000
v -2.90915700 -12.41367000 1.72500000
v 0.94960880 12.71459000 1.72500000
v 0.70934840 12.73025000 1.72500000
v 0.46883500 12.74138000 1.72500000
v -3.84064300 -13.06719000 1.72500000
v -4.44898200 -13.73492000 1.72500000
v -3.56202900 -12.66310000 1.72500000
v 0.35217590 13.33160000 1.72500000
v 0.14456250 13.89703000 1.72500000
v -0.12282750 14.43698000 1.72500000
v -4.69825800 -13.65166000 1.72500000
v -4.82231700 -13.60833000 1.72500000
v -4.57380900 -13.69386000 1.72500000
v -0.25422400 14.43526000 1.72500000
v -0.38559950 14.43235000 1.72500000
v -0.51694300 14.42824000 1.72500000
v -4.89061200 -12.40715000 1.72500000
v -4.79836800 -11.81263000 1.72500000
v -4.88891000 -13.00950000 1.72500000
v -0.86021790 13.59272000 1.72500000
v -0.98382270 13.11771000 1.72500000
v -1.03289900 12.70809000 1.72500000
v -5.24098600 -11.62302000 1.72500000
v -5.45953000 -11.52198000 1.72500000
v -5.02057200 -11.71991000 1.72500000
v -1.27268300 12.68632000 1.72500000
v -1.51201300 12.66003000 1.72500000
v -1.75080500 12.62922000 1.72500000
v -6.05138800 -12.20175000 1.72500000
v -6.76643500 -12.75370000 1.72500000
v -5.70683800 -11.85218000 1.72500000
v -1.96818200 13.19021000 1.72500000
v -2.27082800 13.71101000 1.72500000
v -2.62791600 14.19632000 1.72500000
v -6.99746600 -12.62842000 1.72500000
v -7.11211700 -12.56420000 1.72500000
v -6.88223600 -12.69158000 1.72500000
v -2.75701900 14.17181000 1.72500000
v -2.88589300 14.14613000 1.72500000
v -3.01452700 14.11928000 1.72500000
v -6.97079200 -11.36941000 1.72500000
v -6.77671200 -10.79994000 1.72500000
v -7.07371200 -11.96290000 1.72500000
v -3.20750000 13.23684000 1.72500000
v -3.24674200 12.74758000 1.72500000
v -3.22394400 12.33567000 1.72500000
v -7.17967900 -10.53635000 1.72500000
v -7.37735800 -10.39890000 1.72500000
v -6.97944000 -10.67005000 1.72500000
v -3.45630500 12.27259000 1.72500000
v -3.68743300 12.20514000 1.72500000
v -3.91724700 12.13333000 1.72500000
v -8.07826500 -10.96556000 1.72500000
v -8.87829400 -11.38496000 1.72500000
v -7.67824700 -10.68114000 1.72500000
v -4.22873700 12.64805000 1.72500000
v -4.61722100 13.10838000 1.72500000
v -5.05315700 13.52431000 1.72500000
v -9.08406000 -11.22146000 1.72500000
v -9.18581900 -11.13832000 1.72500000
v -8.98154900 -11.30368000 1.72500000
v -5.17604300 13.47776000 1.72500000
v -5.29849900 13.43009000 1.72500000
v -5.42051700 13.38131000 1.72500000
v -8.83916700 -9.98622100 1.72500000
v -8.54914800 -9.45910000 1.72500000
v -9.04358200 -10.55282000 1.72500000
v -5.45732300 12.47876000 1.72500000
v -5.41101100 11.99012000 1.72500000
v -5.31703100 11.58843000 1.72500000
v -8.90022200 -9.12954300 1.72500000
v -9.07102900 -8.95985100 1.72500000
v -8.72624100 -9.29597900 1.72500000
v -5.53490900 11.48596000 1.72500000
v -5.75081200 11.37940000 1.72500000
v -5.96466600 11.26877000 1.72500000
v -9.85968800 -9.39619500 1.72500000
v -10.72039000 -9.67029700 1.72500000
v -9.41635700 -9.18555100 1.72500000
v -6.36080500 11.72159000 1.72500000
v -6.82332200 12.10747000 1.72500000
v -7.32486000 12.44138000 1.72500000
v -10.89464000 -9.47355400 1.72500000
v -10.98041000 -9.37400200 1.72500000
v -10.80796000 -9.57232200 1.72500000
v -7.43779500 12.37419000 1.72500000
v -7.55011400 12.30598000 1.72500000
v -7.66180700 12.23675000 1.72500000
v -10.43897000 -8.29960300 1.72500000
v -10.06182000 -7.83085100 1.72500000
v -10.73867000 -8.82210000 1.72500000
v -7.54132900 11.34153000 1.72500000
v -7.41086900 10.86836000 1.72500000
v -7.24856300 10.48908000 1.72500000
v -10.35034000 -7.44533700 1.72500000
v -10.48908000 -7.24856300 1.72500000
v -10.20790000 -7.63945600 1.72500000
v -7.44533700 10.35034000 1.72500000
v -7.63945600 10.20790000 1.72500000
v -7.83085100 10.06182000 1.72500000
v -11.34153000 -7.54132900 1.72500000
v -12.23675000 -7.66180700 1.72500000
v -10.86836000 -7.41086900 1.72500000
v -8.29960300 10.43897000 1.72500000
v -8.82210000 10.73867000 1.72500000
v -9.37400200 10.98041000 1.72500000
v -12.37419000 -7.43779500 1.72500000
v -12.44138000 -7.32486000 1.72500000
v -12.30598000 -7.55011400 1.72500000
v -9.47355400 10.89464000 1.72500000
v -9.57232200 10.80796000 1.72500000
v -9.67029700 10.72039000 1.72500000
v -11.72159000 -6.36080500 1.72500000
v -11.26877000 -5.96466600 1.72500000
v -12.10747000 -6.82332200 1.72500000
v -9.39619500 9.85968800 1.72500000
v -9.18555100 9.41635700 1.72500000
v -8.95985100 9.07102900 1.72500000
v -11.48596000 -5.53490900 1.72500000
v -11.58843000 -5.31703100 1.72500000
v -11.37940000 -5.75081200 1.72500000
v -9.12954300 8.90022200 1.72500000
v -9.29597900 8.72624100 1.72500000
v -9.45910000 8.54914800 1.72500000
v -12.47876000 -5.45732300 1.72500000
v -13.38131000 -5.42051700 1.72500000
v -11.99012000 -5.41101100 1.72500000
v -9.98622100 8.83916700 1.72500000
v -10.55282000 9.04358200 1.72500000
v -11.13832000 9.18581900 1.72500000
v -13.47776000 -5.17604300 1.72500000
v -13.52431000 -5.05315700 1.72500000
v -13.43009000 -5.29849900 1.72500000
v -11.22146000 9.08406000 1.72500000
v -11.30368000 8.98154900 1.72500000
v -11.38496000 8.87829400 1.72500000
v -12.64805000 -4.22873700 1.72500000
v -12.13333000 -3.91724700 1.72500000
v -13.10838000 -4.61722100 1.72500000
v -10.96556000 8.07826500 1.72500000
v -10.68114000 7.67824700 1.72500000
v -10.39890000 7.37735800 1.72500000
v -12.27259000 -3.45630500 1.72500000
v -12.33567000 -3.22394400 1.72500000
v -12.20514000 -3.68743300 1.72500000
v -10.53635000 7.17967900 1.72500000
v -10.67005000 6.97944000 1.72500000
v -10.79994000 6.77671200 1.72500000
v -13.23684000 -3.20750000 1.72500000
v -14.11928000 -3.01452700 1.72500000
v -12.74758000 -3.24674200 1.72500000
v -11.36941000 6.97079200 1.72500000
v -11.96290000 7.07371200 1.72500000
v -12.56420000 7.11211700 1.72500000
v -14.17181000 -2.75701900 1.72500000
v -14.19632000 -2.62791600 1.72500000
v -14.14613000 -2.88589300 1.72500000
v -12.62842000 6.99746600 1.72500000
v -12.69158000 6.88223600 1.72500000
v -12.75370000 6.76643500 1.72500000
v -13.19021000 -1.96818200 1.72500000
v -12.62922000 -1.75080500 1.72500000
v -13.71101000 -2.27082800 1.72500000
v -12.20175000 6.05138800 1.72500000
v -11.85218000 5.70683800 1.72500000
v -11.52198000 5.45953000 1.72500000
v -12.68632000 -1.27268300 1.72500000
v -12.70809000 -1.03289900 1.72500000
v -12.66003000 -1.51201300 1.72500000
v -11.62302000 5.24098600 1.72500000
v -11.71991000 5.02057200 1.72500000
v -11.81263000 4.79836800 1.72500000
v -13.59272000 -0.86021790 1.72500000
v -14.42824000 -0.51694300 1.72500000
v -13.11771000 -0.98382270 1.72500000
v -12.40715000 4.89061200 1.72500000
v -13.00950000 4.88891000 1.72500000
v -13.60833000 4.82231700 1.72500000
v -14.43526000 -0.25422400 1.72500000
v -14.43698000 -0.12282750 1.72500000
v -14.43235000 -0.38559950 1.72500000
v -13.65166000 4.69825800 1.72500000
v -13.69386000 4.57380900 1.72500000
v -13.73492000 4.44898200 1.72500000
v -13.33160000 0.35217590 1.72500000
v -12.74138000 0.46883500 1.72500000
v -13.89703000 0.14456250 1.72500000
v -13.06719000 3.84064300 1.72500000
v -12.66310000 3.56202900 1.72500000
v -12.29497000 3.37581600 1.72500000
v -12.71459000 0.94960880 1.72500000
v -12.69439000 1.18953100 1.72500000
v -12.73025000 0.70934840 1.72500000
v -12.35653000 3.14304700 1.72500000
v -12.41367000 2.90915700 1.72500000
v -12.46639000 2.67422900 1.72500000
v -13.53559000 1.51320100 1.72500000
v -14.29881000 1.99634800 1.72500000
v -13.08926000 1.30899000 1.72500000
v -13.06790000 2.66183300 1.72500000
v -13.66080000 2.55556100 1.72500000
v -14.23898000 2.38599300 1.72500000
v -14.26010000 2.25629500 1.72500000
v -14.28005000 2.12641000 1.72500000
v 14.20778000 -2.56521200 2.30000000
v 14.18385000 -2.69442200 2.30000000
v 14.23054000 -2.43579100 2.30000000
v 14.25212000 -2.30616700 2.30000000
v 13.00707000 -2.94478400 2.30000000
v 12.40543000 -2.94412400 2.30000000
v 13.60213000 -2.85140300 2.30000000
v 13.49956000 -1.80657100 2.30000000
v 13.05777000 -1.59272200 2.30000000
v 12.66559000 -1.46472300 2.30000000
v 12.28541000 -3.41044700 2.30000000
v 12.21882000 -3.64182600 2.30000000
v 12.34762000 -3.17785200 2.30000000
v 12.69099000 -1.22529600 2.30000000
v 12.71186000 -0.98543170 2.30000000
v 12.72820000 -0.74521640 2.30000000
v 12.98077000 -4.12330000 2.30000000
v 13.63514000 -4.74598600 2.30000000
v 12.58282000 -3.83598300 2.30000000
v 13.32081000 -0.64139270 2.30000000
v 13.89062000 -0.44609830 2.30000000
v 14.43624000 -0.19048830 2.30000000
v 13.54649000 -4.99339700 2.30000000
v 13.50048000 -5.11648600 2.30000000
v 13.59138000 -4.86989300 2.30000000
v 14.43738000 -0.05908545 2.30000000
v 14.43732000 0.07232228 2.30000000
v 14.43606000 0.20372400 2.30000000
v 12.29810000 -5.15869900 2.30000000
v 11.70572000 -5.05357600 2.30000000
v 12.90034000 -5.17006900 2.30000000
v 13.60818000 0.56504920 2.30000000
v 13.13597000 0.69893280 2.30000000
v 12.72751000 0.75688590 2.30000000
v 11.50655000 -5.49197400 2.30000000
v 11.40079000 -5.70827500 2.30000000
v 11.60821000 -5.27371600 2.30000000
v 12.71095000 0.99708610 2.30000000
v 12.68986000 1.23693100 2.30000000
v 12.66424000 1.47633400 2.30000000
v 12.06756000 -6.31474400 2.30000000
v 12.60386000 -7.04160100 2.30000000
v 11.72555000 -5.96269000 2.30000000
v 13.22982000 1.68148700 2.30000000
v 13.75706000 1.97276000 2.30000000
v 14.25000000 2.31923300 2.30000000
v 12.47359000 -7.26985900 2.30000000
v 12.40691000 -7.38308900 2.30000000
v 12.53925000 -7.15602600 2.30000000
v 14.22830000 2.44883700 2.30000000
v 14.20542000 2.57823800 2.30000000
v 14.18137000 2.70742500 2.30000000
v 11.21547000 -7.21587000 2.30000000
v 10.65034000 -7.00947800 2.30000000
v 11.80658000 -7.33164400 2.30000000
v 13.30332000 2.91950100 2.30000000
v 12.81503000 2.96935100 2.30000000
v 12.40272000 2.95549700 2.30000000
v 10.37807000 -7.40663100 2.30000000
v 10.23636000 -7.60128000 2.30000000
v 10.51608000 -7.20934000 2.30000000
v 12.34470000 3.18917200 2.30000000
v 12.28228000 3.42171000 2.30000000
v 12.21548000 3.65302700 2.30000000
v 10.78768000 -8.31431900 2.30000000
v 11.18962000 -9.12326100 2.30000000
v 10.51200000 -7.90822300 2.30000000
v 12.73684000 3.95327500 2.30000000
v 13.20549000 4.33167800 2.30000000
v 13.63078000 4.75848600 2.30000000
v 11.02169000 -9.32543000 2.30000000
v 10.93636000 -9.42536100 2.30000000
v 11.10612000 -9.22472800 2.30000000
v 13.58691000 4.88235200 2.30000000
v 13.54191000 5.00581500 2.30000000
v 13.49578000 5.12886200 2.30000000
v 9.79205700 -9.05379000 2.30000000
v 9.27135300 -8.75240000 2.30000000
v 10.35409000 -9.27045200 2.30000000
v 12.59425000 5.18524500 2.30000000
v 12.10472000 5.14954700 2.30000000
v 11.70108000 5.06430600 2.30000000
v 8.93425500 -9.09624000 2.30000000
v 8.76089700 -9.26332500 2.30000000
v 9.10442800 -8.92591200 2.30000000
v 11.60336000 5.28435600 2.30000000
v 11.50151000 5.50252200 2.30000000
v 11.39556000 5.71872500 2.30000000
v 9.18002400 -10.06127000 2.30000000
v 9.43538400 -10.92771000 2.30000000
v 8.97905000 -9.61346900 2.30000000
v 11.85686000 6.10494500 2.30000000
v 12.25268000 6.55898000 2.30000000
v 12.59740000 7.05315400 2.30000000
v 9.23490600 -11.09765000 2.30000000
v 9.13351600 -11.18125000 2.30000000
v 9.33553200 -11.01314000 2.30000000
v 12.53268000 7.16752000 2.30000000
v 12.46692000 7.28129200 2.30000000
v 12.40013000 7.39446100 2.30000000
v 8.07111900 -10.61662000 2.30000000
v 7.61066200 -10.22939000 2.30000000
v 8.58699000 -10.92758000 2.30000000
v 11.50251000 7.29343800 2.30000000
v 11.02661000 7.17327700 2.30000000
v 10.64391000 7.01924000 2.30000000
v 7.21897800 -10.50946000 2.30000000
v 7.01924000 -10.64391000 2.30000000
v 7.41614300 -10.37127000 2.30000000
v 10.50946000 7.21897800 2.30000000
v 10.37127000 7.41614300 2.30000000
v 10.22939000 7.61066200 2.30000000
v 7.29343800 -11.50251000 2.30000000
v 7.39446100 -12.40013000 2.30000000
v 7.17327700 -11.02661000 2.30000000
v 10.61662000 8.07111900 2.30000000
v 10.92758000 8.58699000 2.30000000
v 11.18125000 9.13351600 2.30000000
v 7.16752000 -12.53268000 2.30000000
v 7.05315400 -12.59740000 2.30000000
v 7.28129200 -12.46692000 2.30000000
v 11.09765000 9.23490600 2.30000000
v 11.01314000 9.33553200 2.30000000
v 10.92771000 9.43538400 2.30000000
v 6.10494500 -11.85686000 2.30000000
v 5.71872500 -11.39556000 2.30000000
v 6.55898000 -12.25268000 2.30000000
v 10.06127000 9.18002400 2.30000000
v 9.61346900 8.97905000 2.30000000
v 9.26332500 8.76089700 2.30000000
v 5.28435600 -11.60336000 2.30000000
v 5.06430600 -11.70108000 2.30000000
v 5.50252200 -11.50151000 2.30000000
v 9.09624000 8.93425500 2.30000000
v 8.92591200 9.10442800 2.30000000
v 8.75240000 9.27135300 2.30000000
v 5.18524500 -12.59425000 2.30000000
v 5.12886200 -13.49578000 2.30000000
v 5.14954700 -12.10472000 2.30000000
v 9.05379000 9.79205700 2.30000000
v 9.27045200 10.35409000 2.30000000
v 9.42536100 10.93636000 2.30000000
v 4.88235200 -13.58691000 2.30000000
v 4.75848600 -13.63078000 2.30000000
v 5.00581500 -13.54191000 2.30000000
v 9.32543000 11.02169000 2.30000000
v 9.22472800 11.10612000 2.30000000
v 9.12326100 11.18962000 2.30000000
v 3.95327500 -12.73684000 2.30000000
v 3.65302700 -12.21548000 2.30000000
v 4.33167800 -13.20549000 2.30000000
v 8.31431900 10.78768000 2.30000000
v 7.90822300 10.51200000 2.30000000
v 7.60128000 10.23636000 2.30000000
v 3.18917200 -12.34470000 2.30000000
v 2.95549700 -12.40272000 2.30000000
v 3.42171000 -12.28228000 2.30000000
v 7.40663100 10.37807000 2.30000000
v 7.20934000 10.51608000 2.30000000
v 7.00947800 10.65034000 2.30000000
v 2.91950100 -13.30332000 2.30000000
v 2.70742500 -14.18137000 2.30000000
v 2.96935100 -12.81503000 2.30000000
v 7.21587000 11.21547000 2.30000000
v 7.33164400 11.80658000 2.30000000
v 7.38308900 12.40691000 2.30000000
v 2.44883700 -14.22830000 2.30000000
v 2.31923300 -14.25000000 2.30000000
v 2.57823800 -14.20542000 2.30000000
v 7.26985900 12.47359000 2.30000000
v 7.15602600 12.53925000 2.30000000
v 7.04160100 12.60386000 2.30000000
v 1.68148700 -13.22982000 2.30000000
v 1.47633400 -12.66424000 2.30000000
v 1.97276000 -13.75706000 2.30000000
v 6.31474400 12.06756000 2.30000000
v 5.96269000 11.72555000 2.30000000
v 5.70827500 11.40079000 2.30000000
v 0.99708610 -12.71095000 2.30000000
v 0.75688590 -12.72751000 2.30000000
v 1.23693100 -12.68986000 2.30000000
v 5.49197400 11.50655000 2.30000000
v 5.27371600 11.60821000 2.30000000
v 5.05357600 11.70572000 2.30000000
v 0.56504920 -13.60818000 2.30000000
v 0.20372400 -14.43606000 2.30000000
v 0.69893280 -13.13597000 2.30000000
v 5.15869900 12.29810000 2.30000000
v 5.17006900 12.90034000 2.30000000
v 5.11648600 13.50048000 2.30000000
v -0.05908545 -14.43738000 2.30000000
v -0.19048830 -14.43624000 2.30000000
v 0.07232228 -14.43732000 2.30000000
v 4.99339700 13.54649000 2.30000000
v 4.86989300 13.59138000 2.30000000
v 4.74598600 13.63514000 2.30000000
v -0.64139270 -13.32081000 2.30000000
v -0.74521640 -12.72820000 2.30000000
v -0.44609830 -13.89062000 2.30000000
v 4.12330000 12.98077000 2.30000000
v 3.83598300 12.58282000 2.30000000
v 3.64182600 12.21882000 2.30000000
v -1.22529600 -12.69099000 2.30000000
v -1.46472300 -12.66559000 2.30000000
v -0.98543170 -12.71186000 2.30000000
v 3.41044700 12.28541000 2.30000000
v 3.17785200 12.34762000 2.30000000
v 2.94412400 12.40543000 2.30000000
v -1.80657100 -13.49956000 2.30000000
v -2.30616700 -14.25212000 2.30000000
v -1.59272200 -13.05777000 2.30000000
v 2.94478400 13.00707000 2.30000000
v 2.85140300 13.60213000 2.30000000
v 2.69442200 14.18385000 2.30000000
v -2.56521200 -14.20778000 2.30000000
v -2.69442200 -14.18385000 2.30000000
v -2.43579100 -14.23054000 2.30000000
v 2.56521200 14.20778000 2.30000000
v 2.43579100 14.23054000 2.30000000
v 2.30616700 14.25212000 2.30000000
v -2.94478400 -13.00707000 2.30000000
v -2.94412400 -12.40543000 2.30000000
v -2.85140300 -13.60213000 2.30000000
v 1.80657100 13.49956000 2.30000000
v 1.59272200 13.05777000 2.30000000
v 1.46472300 12.66559000 2.30000000
v -3.41044700 -12.28541000 2.30000000
v -3.64182600 -12.21882000 2.30000000
v -3.17785200 -12.34762000 2.30000000
v 1.22529600 12.69099000 2.30000000
v 0.98543170 12.71186000 2.30000000
v 0.74521640 12.72820000 2.30000000
v -4.12330000 -12.98077000 2.30000000
v -4.74598600 -13.63514000 2.30000000
v -3.83598300 -12.58282000 2.30000000
v 0.64139270 13.32081000 2.30000000
v 0.44609830 13.89062000 2.30000000
v 0.19048830 14.43624000 2.30000000
v -4.99339700 -13.54649000 2.30000000
v -5.11648600 -13.50048000 2.30000000
v -4.86989300 -13.59138000 2.30000000
v 0.05908545 14.43738000 2.30000000
v -0.07232228 14.43732000 2.30000000
v -0.20372400 14.43606000 2.30000000
v -5.15869900 -12.29810000 2.30000000
v -5.05357600 -11.70572000 2.30000000
v -5.17006900 -12.90034000 2.30000000
v -0.56504920 13.60818000 2.30000000
v -0.69893280 13.13597000 2.30000000
v -0.75688590 12.72751000 2.30000000
v -5.49197400 -11.50655000 2.30000000
v -5.70827500 -11.40079000 2.30000000
v -5.27371600 -11.60821000 2.30000000
v -0.99708610 12.71095000 2.30000000
v -1.23693100 12.68986000 2.30000000
v -1.47633400 12.66424000 2.30000000
v -6.31474400 -12.06756000 2.30000000
v -7.04160100 -12.60386000 2.30000000
v -5.96269000 -11.72555000 2.30000000
v -1.68148700 13.22982000 2.30000000
v -1.97276000 13.75706000 2.30000000
v -2.31923300 14.25000000 2.30000000
v -7.26985900 -12.47359000 2.30000000
v -7.38308900 -12.40691000 2.30000000
v -7.15602600 -12.53925000 2.30000000
v -2.44883700 14.22830000 2.30000000
v -2.57823800 14.20542000 2.30000000
v -2.70742500 14.18137000 2.30000000
v -7.21587000 -11.21547000 2.30000000
v -7.00947800 -10.65034000 2.30000000
v -7.33164400 -11.80658000 2.30000000
v -2.91950100 13.30332000 2.30000000
v -2.96935100 12.81503000 2.30000000
v -2.95549700 12.40272000 2.30000000
v -7.40663100 -10.37807000 2.30000000
v -7.60128000 -10.23636000 2.30000000
v -7.20934000 -10.51608000 2.30000000
v -3.18917200 12.34470000 2.30000000
v -3.42171000 12.28228000 2.30000000
v -3.65302700 12.21548000 2.30000000
v -8.31431900 -10.78768000 2.30000000
v -9.12326100 -11.18962000 2.30000000
v -7.90822300 -10.51200000 2.30000000
v -3.95327500 12.73684000 2.30000000
v -4.33167800 13.20549000 2.30000000
v -4.75848600 13.63078000 2.30000000
v -9.32543000 -11.02169000 2.30000000
v -9.42536100 -10.93636000 2.30000000
v -9.22472800 -11.10612000 2.30000000
v -4.88235200 13.58691000 2.30000000
v -5.00581500 13.54191000 2.30000000
v -5.12886200 13.49578000 2.30000000
v -9.05379000 -9.79205700 2.30000000
v -8.75240000 -9.27135300 2.30000000
v -9.27045200 -10.35409000 2.30000000
v -5.18524500 12.59425000 2.30000000
v -5.14954700 12.10472000 2.30000000
v -5.06430600 11.70108000 2.30000000
v -9.09624000 -8.93425500 2.30000000
v -9.26332500 -8.76089700 2.30000000
v -8.92591200 -9.10442800 2.30000000
v -5.28435600 11.60336000 2.30000000
v -5.50252200 11.50151000 2.30000000
v -5.71872500 11.39556000 2.30000000
v -10.06127000 -9.18002400 2.30000000
v -10.92771000 -9.43538400 2.30000000
v -9.61346900 -8.97905000 2.30000000
v -6.10494500 11.85686000 2.30000000
v -6.55898000 12.25268000 2.30000000
v -7.05315400 12.59740000 2.30000000
v -11.09765000 -9.23490600 2.30000000
v -11.18125000 -9.13351600 2.30000000
v -11.01314000 -9.33553200 2.30000000
v -7.16752000 12.53268000 2.30000000
v -7.28129200 12.46692000 2.30000000
v -7.39446100 12.40013000 2.30000000
v -10.61662000 -8.07111900 2.30000000
v -10.22939000 -7.61066200 2.30000000
v -10.92758000 -8.58699000 2.30000000
v -7.29343800 11.50251000 2.30000000
v -7.17327700 11.02661000 2.30000000
v -7.01924000 10.64391000 2.30000000
v -10.50946000 -7.21897800 2.30000000
v -10.64391000 -7.01924000 2.30000000
v -10.37127000 -7.41614300 2.30000000
v -7.21897800 10.50946000 2.30000000
v -7.41614300 10.37127000 2.30000000
v -7.61066200 10.22939000 2.30000000
v -11.50251000 -7.29343800 2.30000000
v -12.40013000 -7.39446100 2.30000000
v -11.02661000 -7.17327700 2.30000000
v -8.07111900 10.61662000 2.30000000
v -8.58699000 10.92758000 2.30000000
v -9.13351600 11.18125000 2.30000000
v -12.53268000 -7.16752000 2.30000000
v -12.59740000 -7.05315400 2.30000000
v -12.46692000 -7.28129200 2.30000000
v -9.23490600 11.09765000 2.30000000
v -9.33553200 11.01314000 2.30000000
v -9.43538400 10.92771000 2.30000000
v -11.85686000 -6.10494500 2.30000000
v -11.39556000 -5.71872500 2.30000000
v -12.25268000 -6.55898000 2.30000000
v -9.18002400 10.06127000 2.30000000
v -8.97905000 9.61346900 2.30000000
v -8.76089700 9.26332500 2.30000000
v -11.60336000 -5.28435600 2.30000000
v -11.70108000 -5.06430600 2.30000000
v -11.50151000 -5.50252200 2.30000000
v -8.93425500 9.09624000 2.30000000
v -9.10442800 8.92591200 2.30000000
v -9.27135300 8.75240000 2.30000000
v -12.59425000 -5.18524500 2.30000000
v -13.49578000 -5.12886200 2.30000000
v -12.10472000 -5.14954700 2.30000000
v -9.79205700 9.05379000 2.30000000
v -10.35409000 9.27045200 2.30000000
v -10.93636000 9.42536100 2.30000000
v -13.58691000 -4.88235200 2.30000000
v -13.63078000 -4.75848600 2.30000000
v -13.54191000 -5.00581500 2.30000000
v -11.02169000 9.32543000 2.30000000
v -11.10612000 9.22472800 2.30000000
v -11.18962000 9.12326100 2.30000000
v -12.73684000 -3.95327500 2.30000000
v -12.21548000 -3.65302700 2.30000000
v -13.20549000 -4.33167800 2.30000000
v -10.78768000 8.31431900 2.30000000
v -10.51200000 7.90822300 2.30000000
v -10.23636000 7.60128000 2.30000000
v -12.34470000 -3.18917200 2.30000000
v -12.40272000 -2.95549700 2.30000000
v -12.28228000 -3.42171000 2.30000000
v -10.37807000 7.40663100 2.30000000
v -10.51608000 7.20934000 2.30000000
v -10.65034000 7.00947800 2.30000000
v -13.30332000 -2.91950100 2.30000000
v -14.18137000 -2.70742500 2.30000000
v -12.81503000 -2.96935100 2.30000000
v -11.21547000 7.21587000 2.30000000
v -11.80658000 7.33164400 2.30000000
v -12.40691000 7.38308900 2.30000000
v -14.22830000 -2.44883700 2.30000000
v -14.25000000 -2.31923300 2.30000000
v -14.20542000 -2.57823800 2.30000000
v -12.47359000 7.26985900 2.30000000
v -12.53925000 7.15602600 2.30000000
v -12.60386000 7.04160100 2.30000000
v -13.22982000 -1.68148700 2.30000000
v -12.66424000 -1.47633400 2.30000000
v -13.75706000 -1.97276000 2.30000000
v -12.06756000 6.31474400 2.30000000
v -11.72555000 5.96269000 2.30000000
v -11.40079000 5.70827500 2.30000000
v -12.71095000 -0.99708610 2.30000000
v -12.72751000 -0.75688590 2.30000000
v -12.68986000 -1.23693100 2.30000000
v -11.50655000 5.49197400 2.30000000
v -11.60821000 5.27371600 2.30000000
v -11.70572000 5.05357600 2.30000000
v -13.60818000 -0.56504920 2.30000000
v -14.43606000 -0.20372400 2.30000000
v -13.13597000 -0.69893280 2.30000000
v -12.29810000 5.15869900 2.30000000
v -12.90034000 5.17006900 2.30000000
v -13.50048000 5.11648600 2.30000000
v -14.43738000 0.05908545 2.30000000
v -14.43624000 0.19048830 2.30000000
v -14.43732000 -0.07232228 2.30000000
v -13.54649000 4.99339700 2.30000000
v -13.59138000 4.86989300 2.30000000
v -13.63514000 4.74598600 2.30000000
v -13.32081000 0.64139270 2.30000000
v -12.72820000 0.74521640 2.30000000
v -13.89062000 0.44609830 2.30000000
v -12.98077000 4.12330000 2.30000000
v -12.58282000 3.83598300 2.30000000
v -12.21882000 3.64182600 2.30000000
v -12.69099000 1.22529600 2.30000000
v -12.66559000 1.46472300 2.30000000
v -12.71186000 0.98543170 2.30000000
v -12.28541000 3.41044700 2.30000000
v -12.34762000 3.17785200 2.30000000
v -12.40543000 2.94412400 2.30000000
v -13.49956000 1.80657100 2.30000000
v -14.25212000 2.30616700 2.30000000
v -13.05777000 1.59272200 2.30000000
v -13.00707000 2.94478400 2.30000000
v -13.60213000 2.85140300 2.30000000
v -14.18385000 2.69442200 2.30000000
v -14.20778000 2.56521200 2.30000000
v -14.23054000 2.43579100 2.30000000
v 14.34457000 -1.63541900 4.02500000
v 14.32909000 -1.76591100 4.02500000
v 14.35887000 -1.50479000 4.02500000
v 14.37197000 -1.37403700 4.02500000
v 13.17110000 -2.09230500 4.02500000
v 12.57069000 -2.13078900 4.02500000
v 13.75882000 -1.96040600 4.02500000
v 13.58850000 -0.92446160 4.02500000
v 13.13373000 -0.73980870 4.02500000
v 12.73405000 -0.63759570 4.02500000
v 12.48127000 -2.60393200 4.02500000
v 12.42987000 -2.83915300 4.02500000
v 12.52821000 -2.36778300 4.02500000
v 12.74382000 -0.39702350 4.02500000
v 12.74904000 -0.15630970 4.02500000
v 12.74972000 0.08445992 4.02500000
v 13.22153000 -3.27003500 4.02500000
v 13.91503000 -3.84882800 4.02500000
v 12.80573000 -3.00921700 4.02500000
v 13.33432000 0.22661890 4.02500000
v 13.89022000 0.45857140 4.02500000
v 14.41805000 0.74913790 4.02500000
v 13.84266000 -4.10148200 4.02500000
v 13.80476000 -4.22730500 4.02500000
v 13.87942000 -3.97532000 4.02500000
v 14.41064000 0.88033630 4.02500000
v 14.40203000 1.01146200 4.02500000
v 14.39222000 1.14250300 4.02500000
v 12.60767000 -4.34765400 4.02500000
v 12.00971000 -4.28129500 4.02500000
v 13.20938000 -4.31981800 4.02500000
v 13.54259000 1.44920100 4.02500000
v 13.06266000 1.55207900 4.02500000
v 12.65131000 1.58333500 4.02500000
v 11.83948000 -4.73172200 4.02500000
v 11.74802000 -4.95444500 4.02500000
v 11.92672000 -4.50731200 4.02500000
v 12.61915000 1.82194900 4.02500000
v 12.58250000 2.05991300 4.02500000
v 12.54136000 2.29714200 4.02500000
v 12.45283000 -5.51625000 4.02500000
v 13.03528000 -6.20667500 4.02500000
v 12.08864000 -5.18719200 4.02500000
v 13.09239000 2.53865700 4.02500000
v 13.59956000 2.86361600 4.02500000
v 14.06892000 3.24142500 4.02500000
v 12.92014000 -6.44292400 4.02500000
v 12.86097000 -6.56025300 4.02500000
v 12.97825000 -6.32506100 4.02500000
v 14.03884000 3.36934300 4.02500000
v 14.00759000 3.49698100 4.02500000
v 13.97518000 3.62432900 4.02500000
v 11.66117000 -6.47090300 4.02500000
v 11.08381000 -6.30171600 4.02500000
v 12.25857000 -6.54797400 4.02500000
v 13.08520000 3.77883000 4.02500000
v 12.59470000 3.79680700 4.02500000
v 12.18416000 3.75615700 4.02500000
v 10.83796000 -6.71574100 4.02500000
v 10.70921000 -6.91919800 4.02500000
v 10.96284000 -6.50988900 4.02500000
v 12.11106000 3.98556200 4.02500000
v 12.03364000 4.21354600 4.02500000
v 11.95193000 4.44002800 4.02500000
v 11.30575000 -7.59485700 4.02500000
v 11.75947000 -8.37593500 4.02500000
v 11.00424000 -7.20755700 4.02500000
v 12.45266000 4.77355900 4.02500000
v 12.89569000 5.18165000 4.02500000
v 13.29232000 5.63522300 4.02500000
v 11.60506000 -8.58860100 4.02500000
v 11.52640000 -8.69387200 4.02500000
v 11.68275000 -8.48261900 4.02500000
v 13.24048000 5.75597300 4.02500000
v 13.18754000 5.87624600 4.02500000
v 13.13351000 5.99603200 4.02500000
v 10.36035000 -8.39753700 4.02500000
v 9.82114200 -8.13066200 4.02500000
v 10.93529000 -8.57717400 4.02500000
v 12.23022000 5.99364200 4.02500000
v 11.74405000 5.92617100 4.02500000
v 11.34681000 5.81485000 4.02500000
v 9.50712800 -8.49570500 4.02500000
v 9.34500800 -8.67371500 4.02500000
v 9.66585900 -8.31466600 4.02500000
v 11.23498000 6.02807600 4.02500000
v 11.11915000 6.23915300 4.02500000
v 10.99935000 6.44800500 4.02500000
v 9.81516100 -9.44269700 4.02500000
v 10.12635000 -10.29070000 4.02500000
v 9.58548000 -9.00892400 4.02500000
v 11.43455000 6.86341900 4.02500000
v 11.80000000 7.34224300 4.02500000
v 12.11183000 7.85779800 4.02500000
v 9.93735500 -10.47332000 4.02500000
v 9.84161800 -10.56333000 4.02500000
v 10.03227000 -10.38244000 4.02500000
v 12.03981000 7.96771100 4.02500000
v 11.96679000 8.07696400 4.02500000
v 11.89278000 8.18554900 4.02500000
v 8.74473700 -10.06902000 4.02500000
v 8.26006200 -9.71256300 4.02500000
v 9.27974600 -10.34576000 4.02500000
v 11.00363000 8.02634000 4.02500000
v 10.53656000 7.87547100 4.02500000
v 10.16469000 7.69686100 4.02500000
v 7.88743000 -10.01753000 4.02500000
v 7.69686100 -10.16469000 4.02500000
v 8.07518600 -9.86680700 4.02500000
v 10.01753000 7.88743000 4.02500000
v 9.86680700 8.07518600 4.02500000
v 9.71256300 8.26006200 4.02500000
v 8.02634000 -11.00363000 4.02500000
v 8.18554900 -11.89278000 4.02500000
v 7.87547100 -10.53656000 4.02500000
v 10.06902000 8.74473700 4.02500000
v 10.34576000 9.27974600 4.02500000
v 10.56333000 9.84161800 4.02500000
v 7.96771100 -12.03981000 4.02500000
v 7.85779800 -12.11183000 4.02500000
v 8.07696400 -11.96679000 4.02500000
v 10.47332000 9.93735500 4.02500000
v 10.38244000 10.03227000 4.02500000
v 10.29070000 10.12635000 4.02500000
v 6.86341900 -11.43455000 4.02500000
v 6.44800500 -10.99935000 4.02500000
v 7.34224300 -11.80000000 4.02500000
v 9.44269700 9.81516100 4.02500000
v 9.00892400 9.58548000 4.02500000
v 8.67371500 9.34500800 4.02500000
v 6.02807600 -11.23498000 4.02500000
v 5.81485000 -11.34681000 4.02500000
v 6.23915300 -11.11915000 4.02500000
v 8.49570500 9.50712800 4.02500000
v 8.31466600 9.66585900 4.02500000
v 8.13066200 9.82114200 4.02500000
v 5.99364200 -12.23022000 4.02500000
v 5.99603200 -13.13351000 4.02500000
v 5.92617100 -11.74405000 4.02500000
v 8.39753700 10.36035000 4.02500000
v 8.57717400 10.93529000 4.02500000
v 8.69387200 11.52640000 4.02500000
v 5.75597300 -13.24048000 4.02500000
v 5.63522300 -13.29232000 4.02500000
v 5.87624600 -13.18754000 4.02500000
v 8.58860100 11.60506000 4.02500000
v 8.48261900 11.68275000 4.02500000
v 8.37593500 11.75947000 4.02500000
v 4.77355900 -12.45266000 4.02500000
v 4.44002800 -11.95193000 4.02500000
v 5.18165000 -12.89569000 4.02500000
v 7.59485700 11.30575000 4.02500000
v 7.20755700 11.00424000 4.02500000
v 6.91919800 10.70921000 4.02500000
v 3.98556200 -12.11106000 4.02500000
v 3.75615700 -12.18416000 4.02500000
v 4.21354600 -12.03364000 4.02500000
v 6.71574100 10.83796000 4.02500000
v 6.50988900 10.96284000 4.02500000
v 6.30171600 11.08381000 4.02500000
v 3.77883000 -13.08520000 4.02500000
v 3.62432900 -13.97518000 4.02500000
v 3.79680700 -12.59470000 4.02500000
v 6.47090300 11.66117000 4.02500000
v 6.54797400 12.25857000 4.02500000
v 6.56025300 12.86097000 4.02500000
v 3.36934300 -14.03884000 4.02500000
v 3.24142500 -14.06892000 4.02500000
v 3.49698100 -14.00759000 4.02500000
v 6.44292400 12.92014000 4.02500000
v 6.32506100 12.97825000 4.02500000
v 6.20667500 13.03528000 4.02500000
v 2.53865700 -13.09239000 4.02500000
v 2.29714200 -12.54136000 4.02500000
v 2.86361600 -13.59956000 4.02500000
v 5.51625000 12.45283000 4.02500000
v 5.18719200 12.08864000 4.02500000
v 4.95444500 11.74802000 4.02500000
v 1.82194900 -12.61915000 4.02500000
v 1.58333500 -12.65131000 4.02500000
v 2.05991300 -12.58250000 4.02500000
v 4.73172200 11.83948000 4.02500000
v 4.50731200 11.92672000 4.02500000
v 4.28129500 12.00971000 4.02500000
v 1.44920100 -13.54259000 4.02500000
v 1.14250300 -14.39222000 4.02500000
v 1.55207900 -13.06266000 4.02500000
v 4.34765400 12.60767000 4.02500000
v 4.31981800 13.20938000 4.02500000
v 4.22730500 13.80476000 4.02500000
v 0.88033630 -14.41064000 4.02500000
v 0.74913790 -14.41805000 4.02500000
v 1.01146200 -14.40203000 4.02500000
v 4.10148200 13.84266000 4.02500000
v 3.97532000 13.87942000 4.02500000
v 3.84882800 13.91503000 4.02500000
v 0.22661890 -13.33432000 4.02500000
v 0.08445992 -12.74972000 4.02500000
v 0.45857140 -13.89022000 4.02500000
v 3.27003500 13.22153000 4.02500000
v 3.00921700 12.80573000 4.02500000
v 2.83915300 12.42987000 4.02500000
v -0.39702350 -12.74382000 4.02500000
v -0.63759570 -12.73405000 4.02500000
v -0.15630970 -12.74904000 4.02500000
v 2.60393200 12.48127000 4.02500000
v 2.36778300 12.52821000 4.02500000
v 2.13078900 12.57069000 4.02500000
v -0.92446160 -13.58850000 4.02500000
v -1.37403700 -14.37197000 4.02500000
v -0.73980870 -13.13373000 4.02500000
v 2.09230500 13.17110000 4.02500000
v 1.96040600 13.75882000 4.02500000
v 1.76591100 14.32909000 4.02500000
v -1.63541900 -14.34457000 4.02500000
v -1.76591100 -14.32909000 4.02500000
v -1.50479000 -14.35887000 4.02500000
v 1.63541900 14.34457000 4.02500000
v 1.50479000 14.35887000 4.02500000
v 1.37403700 14.37197000 4.02500000
v -2.09230500 -13.17110000 4.02500000
v -2.13078900 -12.57069000 4.02500000
v -1.96040600 -13.75882000 4.02500000
v 0.92446160 13.58850000 4.02500000
v 0.73980870 13.13373000 4.02500000
v 0.63759570 12.73405000 4.02500000
v -2.60393200 -12.48127000 4.02500000
v -2.83915300 -12.42987000 4.02500000
v -2.36778300 -12.52821000 4.02500000
v 0.39702350 12.74382000 4.02500000
v 0.15630970 12.74904000 4.02500000
v -0.08445992 12.74972000 4.02500000
v -3.27003500 -13.22153000 4.02500000
v -3.84882800 -13.91503000 4.02500000
v -3.00921700 -12.80573000 4.02500000
v -0.22661890 13.33432000 4.02500000
v -0.45857140 13.89022000 4.02500000
v -0.74913790 14.41805000 4.02500000
v -4.10148200 -13.84266000 4.02500000
v -4.22730500 -13.80476000 4.02500000
v -3.97532000 -13.87942000 4.02500000
v -0.88033630 14.41064000 4.02500000
v -1.01146200 14.40203000 4.02500000
v -1.14250300 14.39222000 4.02500000
v -4.34765400 -12.60767000 4.02500000
v -4.28129500 -12.00971000 4.02500000
v -4.31981800 -13.20938000 4.02500000
v -1.44920100 13.54259000 4.02500000
v -1.55207900 13.06266000 4.02500000
v -1.58333500 12.65131000 4.02500000
v -4.73172200 -11.83948000 4.02500000
v -4.95444500 -11.74802000 4.02500000
v -4.50731200 -11.92672000 4.02500000
v -1.82194900 12.61915000 4.02500000
v -2.05991300 12.58250000 4.02500000
v -2.29714200 12.54136000 4.02500000
v -5.51625000 -12.45283000 4.02500000
v -6.20667500 -13.03528000 4.02500000
v -5.18719200 -12.08864000 4.02500000
v -2.53865700 13.09239000 4.02500000
v -2.86361600 13.59956000 4.02500000
v -3.24142500 14.06892000 4.02500000
v -6.44292400 -12.92014000 4.02500000
v -6.56025300 -12.86097000 4.02500000
v -6.32506100 -12.97825000 4.02500000
v -3.36934300 14.03884000 4.02500000
v -3.49698100 14.00759000 4.02500000
v -3.62432900 13.97518000 4.02500000
v -6.47090300 -11.66117000 4.02500000
v -6.30171600 -11.08381000 4.02500000
v -6.54797400 -12.25857000 4.02500000
v -3.77883000 13.08520000 4.02500000
v -3.79680700 12.59470000 4.02500000
v -3.75615700 12.18416000 4.02500000
v -6.71574100 -10.83796000 4.02500000
v -6.91919800 -10.70921000 4.02500000
v -6.50988900 -10.96284000 4.02500000
v -3.98556200 12.11106000 4.02500000
v -4.21354600 12.03364000 4.02500000
v -4.44002800 11.95193000 4.02500000
v -7.59485700 -11.30575000 4.02500000
v -8.37593500 -11.75947000 4.02500000
v -7.20755700 -11.00424000 4.02500000
v -4.77355900 12.45266000 4.02500000
v -5.18165000 12.89569000 4.02500000
v -5.63522300 13.29232000 4.02500000
v -8.58860100 -11.60506000 4.02500000
v -8.69387200 -11.52640000 4.02500000
v -8.48261900 -11.68275000 4.02500000
v -5.75597300 13.24048000 4.02500000
v -5.87624600 13.18754000 4.02500000
v -5.99603200 13.13351000 4.02500000
v -8.39753700 -10.36035000 4.02500000
v -8.13066200 -9.82114200 4.02500000
v -8.57717400 -10.93529000 4.02500000
v -5.99364200 12.23022000 4.02500000
v -5.92617100 11.74405000 4.02500000
v -5.81485000 11.34681000 4.02500000
v -8.49570500 -9.50712800 4.02500000
v -8.67371500 -9.34500800 4.02500000
v -8.31466600 -9.66585900 4.02500000
v -6.02807600 11.23498000 4.02500000
v -6.23915300 11.11915000 4.02500000
v -6.44800500 10.99935000 4.02500000
v -9.44269700 -9.81516100 4.02500000
v -10.29070000 -10.12635000 4.02500000
v -9.00892400 -9.58548000 4.02500000
v -6.86341900 11.43455000 4.02500000
v -7.34224300 11.80000000 4.02500000
v -7.85779800 12.11183000 4.02500000
v -10.47332000 -9.93735500 4.02500000
v -10.56333000 -9.84161800 4.02500000
v -10.38244000 -10.03227000 4.02500000
v -7.96771100 12.03981000 4.02500000
v -8.07696400 11.96679000 4.02500000
v -8.18554900 11.89278000 4.02500000
v -10.06902000 -8.74473700 4.02500000
v -9.71256300 -8.26006200 4.02500000
v -10.34576000 -9.27974600 4.02500000
v -8.02634000 11.00363000 4.02500000
v -7.87547100 10.53656000 4.02500000
v -7.69686100 10.16469000 4.02500000
v -10.01753000 -7.88743000 4.02500000
v -10.16469000 -7.69686100 4.02500000
v -9.86680700 -8.07518600 4.02500000
v -7.88743000 10.01753000 4.02500000
v -8.07518600 9.86680700 4.02500000
v -8.26006200 9.71256300 4.02500000
v -11.00363000 -8.02634000 4.02500000
v -11.89278000 -8.18554900 4.02500000
v -10.53656000 -7.87547100 4.02500000
v -8.74473700 10.06902000 4.02500000
v -9.27974600 10.34576000 4.02500000
v -9.84161800 10.56333000 4.02500000
v -12.03981000 -7.96771100 4.02500000
v -12.11183000 -7.85779800 4.02500000
v -11.96679000 -8.07696400 4.02500000
v -9.93735500 10.47332000 4.02500000
v -10.03227000 10.38244000 4.02500000
v -10.12635000 10.29070000 4.02500000
v -11.43455000 -6.86341900 4.02500000
v -10.99935000 -6.44800500 4.02500000
v -11.80000000 -7.34224300 4.02500000
v -9.81516100 9.44269700 4.02500000
v -9.58548000 9.00892400 4.02500000
v -9.34500800 8.67371500 4.02500000
v -11.23498000 -6.02807600 4.02500000
v -11.34681000 -5.81485000 4.02500000
v -11.11915000 -6.23915300 4.02500000
v -9.50712800 8.49570500 4.02500000
v -9.66585900 8.31466600 4.02500000
v -9.82114200 8.13066200 4.02500000
v -12.23022000 -5.99364200 4.02500000
v -13.13351000 -5.99603200 4.02500000
v -11.74405000 -5.92617100 4.02500000
v -10.36035000 8.39753700 4.02500000
v -10.93529000 8.57717400 4.02500000
v -11.52640000 8.69387200 4.02500000
v -13.24048000 -5.75597300 4.02500000
v -13.29232000 -5.63522300 4.02500000
v -13.18754000 -5.87624600 4.02500000
v -11.60506000 8.58860100 4.02500000
v -11.68275000 8.48261900 4.02500000
v -11.75947000 8.37593500 4.02500000
v -12.45266000 -4.77355900 4.02500000
v -11.95193000 -4.44002800 4.02500000
v -12.89569000 -5.18165000 4.02500000
v -11.30575000 7.59485700 4.02500000
v -11.00424000 7.20755700 4.02500000
v -10.70921000 6.91919800 4.02500000
v -12.11106000 -3.98556200 4.02500000
v -12.18416000 -3.75615700 4.02500000
v -12.03364000 -4.21354600 4.02500000
v -10.83796000 6.71574100 4.02500000
v -10.96284000 6.50988900 4.02500000
v -11.08381000 6.30171600 4.02500000
v -13.08520000 -3.77883000 4.02500000
v -13.97518000 -3.62432900 4.02500000
v -12.59470000 -3.79680700 4.02500000
v -11.66117000 6.47090300 4.02500000
v -12.25857000 6.54797400 4.02500000
v -12.86097000 6.56025300 4.02500000
v -14.03884000 -3.36934300 4.02500000
v -14.06892000 -3.24142500 4.02500000
v -14.00759000 -3.49698100 4.02500000
v -12.92014000 6.44292400 4.02500000
v -12.97825000 6.32506100 4.02500000
v -13.03528000 6.20667500 4.02500000
v -13.09239000 -2.53865700 4.02500000
v -12.54136000 -2.29714200 4.02500000
v -13.59956000 -2.86361600 4.02500000
v -12.45283000 5.51625000 4.02500000
v -12.08864000 5.18719200 4.02500000
v -11.74802000 4.95444500 4.02500000
v -12.61915000 -1.82194900 4.02500000
v -12.65131000 -1.58333500 4.02500000
v -12.58250000 -2.05991300 4.02500000
v -11.83948000 4.73172200 4.02500000
v -11.92672000 4.50731200 4.02500000
v -12.00971000 4.28129500 4.02500000
v -13.54259000 -1.44920100 4.02500000
v -14.39222000 -1.14250300 4.02500000
v -13.06266000 -1.55207900 4.02500000
v -12.60767000 4.34765400 4.02500000
v -13.20938000 4.31981800 4.02500000
v -13.80476000 4.22730500 4.02500000
v -14.41064000 -0.88033630 4.02500000
v -14.41805000 -0.74913790 4.02500000
v -14.40203000 -1.01146200 4.02500000
v -13.84266000 4.10148200 4.02500000
v -13.87942000 3.97532000 4.02500000
v -13.91503000 3.84882800 4.02500000
v -13.33432000 -0.22661890 4.02500000
v -12.74972000 -0.08445992 4.02500000
v -13.89022000 -0.45857140 4.02500000
v -13.22153000 3.27003500 4.02500000
v -12.80573000 3.00921700 4.02500000
v -12.42987000 2.83915300 4.02500000
v -12.74382000 0.39702350 4.02500000
v -12.73405000 0.63759570 4.02500000
v -12.74904000 0.15630970 4.02500000
v -12.48127000 2.60393200 4.02500000
v -12.52821000 2.36778300 4.02500000
v -12.57069000 2.13078900 4.02500000
v -13.58850000 0.92446160 4.02500000
v -14.37197000 1.37403700 4.02500000
v -13.13373000 0.73980870 4.02500000
v -13.17110000 2.09230500 4.02500000
v -13.75882000 1.96040600 4.02500000
v -14.32909000 1.76591100 4.02500000
v -14.34457000 1.63541900 4.02500000
v -14.35887000 1.50479000 4.02500000
v 14.26010000 -2.25629500 2.87500000
v 14.23898000 -2.38599300 2.87500000
v 14.28005000 -2.12641000 2.87500000
v 14.29881000 -1.99634800 2.87500000
v 13.06790000 -2.66183300 2.87500000
v 12.46639000 -2.67422900 2.87500000
v 13.66080000 -2.55556100 2.87500000
v 13.53559000 -1.51320100 2.87500000
v 13.08926000 -1.30899000 2.87500000
v 12.69439000 -1.18953100 2.87500000
v 12.35653000 -3.14304700 2.87500000
v 12.29497000 -3.37581600 2.87500000
v 12.41367000 -2.90915700 2.87500000
v 12.71459000 -0.94960880 2.87500000
v 12.73025000 -0.70934840 2.87500000
v 12.74138000 -0.46883500 2.87500000
v 13.06719000 -3.84064300 2.87500000
v 13.73492000 -4.44898200 2.87500000
v 12.66310000 -3.56202900 2.87500000
v 13.33160000 -0.35217590 2.87500000
v 13.89703000 -0.14456250 2.87500000
v 14.43698000 0.12282750 2.87500000
v 13.65166000 -4.69825800 2.87500000
v 13.60833000 -4.82231700 2.87500000
v 13.69386000 -4.57380900 2.87500000
v 14.43526000 0.25422400 2.87500000
v 14.43235000 0.38559950 2.87500000
v 14.42824000 0.51694300 2.87500000
v 12.40715000 -4.89061200 2.87500000
v 11.81263000 -4.79836800 2.87500000
v 13.00950000 -4.88891000 2.87500000
v 13.59272000 0.86021790 2.87500000
v 13.11771000 0.98382270 2.87500000
v 12.70809000 1.03289900 2.87500000
v 11.62302000 -5.24098600 2.87500000
v 11.52198000 -5.45953000 2.87500000
v 11.71991000 -5.02057200 2.87500000
v 12.68632000 1.27268300 2.87500000
v 12.66003000 1.51201300 2.87500000
v 12.62922000 1.75080500 2.87500000
v 12.20175000 -6.05138800 2.87500000
v 12.75370000 -6.76643500 2.87500000
v 11.85218000 -5.70683800 2.87500000
v 13.19021000 1.96818200 2.87500000
v 13.71101000 2.27082800 2.87500000
v 14.19632000 2.62791600 2.87500000
v 12.62842000 -6.99746600 2.87500000
v 12.56420000 -7.11211700 2.87500000
v 12.69158000 -6.88223600 2.87500000
v 14.17181000 2.75701900 2.87500000
v 14.14613000 2.88589300 2.87500000
v 14.11928000 3.01452700 2.87500000
v 11.36941000 -6.97079200 2.87500000
v 10.79994000 -6.77671200 2.87500000
v 11.96290000 -7.07371200 2.87500000
v 13.23684000 3.20750000 2.87500000
v 12.74758000 3.24674200 2.87500000
v 12.33567000 3.22394400 2.87500000
v 10.53635000 -7.17967900 2.87500000
v 10.39890000 -7.37735800 2.87500000
v 10.67005000 -6.97944000 2.87500000
v 12.27259000 3.45630500 2.87500000
v 12.20514000 3.68743300 2.87500000
v 12.13333000 3.91724700 2.87500000
v 10.96556000 -8.07826500 2.87500000
v 11.38496000 -8.87829400 2.87500000
v 10.68114000 -7.67824700 2.87500000
v 12.64805000 4.22873700 2.87500000
v 13.10838000 4.61722100 2.87500000
v 13.52431000 5.05315700 2.87500000
v 11.22146000 -9.08406000 2.87500000
v 11.13832000 -9.18581900 2.87500000
v 11.30368000 -8.98154900 2.87500000
v 13.47776000 5.17604300 2.87500000
v 13.43009000 5.29849900 2.87500000
v 13.38131000 5.42051700 2.87500000
v 9.98622100 -8.83916700 2.87500000
v 9.45910000 -8.54914800 2.87500000
v 10.55282000 -9.04358200 2.87500000
v 12.47876000 5.45732300 2.87500000
v 11.99012000 5.41101100 2.87500000
v 11.58843000 5.31703100 2.87500000
v 9.12954300 -8.90022200 2.87500000
v 8.95985100 -9.07102900 2.87500000
v 9.29597900 -8.72624100 2.87500000
v 11.48596000 5.53490900 2.87500000
v 11.37940000 5.75081200 2.87500000
v 11.26877000 5.96466600 2.87500000
v 9.39619500 -9.85968800 2.87500000
v 9.67029700 -10.72039000 2.87500000
v 9.18555100 -9.41635700 2.87500000
v 11.72159000 6.36080500 2.87500000
v 12.10747000 6.82332200 2.87500000
v 12.44138000 7.32486000 2.87500000
v 9.47355400 -10.89464000 2.87500000
v 9.37400200 -10.98041000 2.87500000
v 9.57232200 -10.80796000 2.87500000
v 12.37419000 7.43779500 2.87500000
v 12.30598000 7.55011400 2.87500000
v 12.23675000 7.66180700 2.87500000
v 8.29960300 -10.43897000 2.87500000
v 7.83085100 -10.06182000 2.87500000
v 8.82210000 -10.73867000 2.87500000
v 11.34153000 7.54132900 2.87500000
v 10.86836000 7.41086900 2.87500000
v 10.48908000 7.24856300 2.87500000
v 7.44533700 -10.35034000 2.87500000
v 7.24856300 -10.48908000 2.87500000
v 7.63945600 -10.20790000 2.87500000
v 10.35034000 7.44533700 2.87500000
v 10.20790000 7.63945600 2.87500000
v 10.06182000 7.83085100 2.87500000
v 7.54132900 -11.34153000 2.87500000
v 7.66180700 -12.23675000 2.87500000
v 7.41086900 -10.86836000 2.87500000
v 10.43897000 8.29960300 2.87500000
v 10.73867000 8.82210000 2.87500000
v 10.98041000 9.37400200 2.87500000
v 7.43779500 -12.37419000 2.87500000
v 7.32486000 -12.44138000 2.87500000
v 7.55011400 -12.30598000 2.87500000
v 10.89464000 9.47355400 2.87500000
v 10.80796000 9.57232200 2.87500000
v 10.72039000 9.67029700 2.87500000
v 6.36080500 -11.72159000 2.87500000
v 5.96466600 -11.26877000 2.87500000
v 6.82332200 -12.10747000 2.87500000
v 9.85968800 9.39619500 2.87500000
v 9.41635700 9.18555100 2.87500000
v 9.07102900 8.95985100 2.87500000
v 5.53490900 -11.48596000 2.87500000
v 5.31703100 -11.58843000 2.87500000
v 5.75081200 -11.37940000 2.87500000
v 8.90022200 9.12954300 2.87500000
v 8.72624100 9.29597900 2.87500000
v 8.54914800 9.45910000 2.87500000
v 5.45732300 -12.47876000 2.87500000
v 5.42051700 -13.38131000 2.87500000
v 5.41101100 -11.99012000 2.87500000
v 8.83916700 9.98622100 2.87500000
v 9.04358200 10.55282000 2.87500000
v 9.18581900 11.13832000 2.87500000
v 5.17604300 -13.47776000 2.87500000
v 5.05315700 -13.52431000 2.87500000
v 5.29849900 -13.43009000 2.87500000
v 9.08406000 11.22146000 2.87500000
v 8.98154900 11.30368000 2.87500000
v 8.87829400 11.38496000 2.87500000
v 4.22873700 -12.64805000 2.87500000
v 3.91724700 -12.13333000 2.87500000
v 4.61722100 -13.10838000 2.87500000
v 8.07826500 10.96556000 2.87500000
v 7.67824700 10.68114000 2.87500000
v 7.37735800 10.39890000 2.87500000
v 3.45630500 -12.27259000 2.87500000
v 3.22394400 -12.33567000 2.87500000
v 3.68743300 -12.20514000 2.87500000
v 7.17967900 10.53635000 2.87500000
v 6.97944000 10.67005000 2.87500000
v 6.77671200 10.79994000 2.87500000
v 3.20750000 -13.23684000 2.87500000
v 3.01452700 -14.11928000 2.87500000
v 3.24674200 -12.74758000 2.87500000
v 6.97079200 11.36941000 2.87500000
v 7.07371200 11.96290000 2.87500000
v 7.11211700 12.56420000 2.87500000
v 2.75701900 -14.17181000 2.87500000
v 2.62791600 -14.19632000 2.87500000
v 2.88589300 -14.14613000 2.87500000
v 6.99746600 12.62842000 2.87500000
v 6.88223600 12.69158000 2.87500000
v 6.76643500 12.75370000 2.87500000
v 1.96818200 -13.19021000 2.87500000
v 1.75080500 -12.62922000 2.87500000
v 2.27082800 -13.71101000 2.87500000
v 6.05138800 12.20175000 2.87500000
v 5.70683800 11.85218000 2.87500000
v 5.45953000 11.52198000 2.87500000
v 1.27268300 -12.68632000 2.87500000
v 1.03289900 -12.70809000 2.87500000
v 1.51201300 -12.66003000 2.87500000
v 5.24098600 11.62302000 2.87500000
v 5.02057200 11.71991000 2.87500000
v 4.79836800 11.81263000 2.87500000
v 0.86021790 -13.59272000 2.87500000
v 0.51694300 -14.42824000 2.87500000
v 0.98382270 -13.11771000 2.87500000
v 4.89061200 12.40715000 2.87500000
v 4.88891000 13.00950000 2.87500000
v 4.82231700 13.60833000 2.87500000
v 0.25422400 -14.43526000 2.87500000
v 0.12282750 -14.43698000 2.87500000
v 0.38559950 -14.43235000 2.87500000
v 4.69825800 13.65166000 2.87500000
v 4.57380900 13.69386000 2.87500000
v 4.44898200 13.73492000 2.87500000
v -0.35217590 -13.33160000 2.87500000
v -0.46883500 -12.74138000 2.87500000
v -0.14456250 -13.89703000 2.87500000
v 3.84064300 13.06719000 2.87500000
v 3.56202900 12.66310000 2.87500000
v 3.37581600 12.29497000 2.87500000
v -0.94960880 -12.71459000 2.87500000
v -1.18953100 -12.69439000 2.87500000
v -0.70934840 -12.73025000 2.87500000
v 3.14304700 12.35653000 2.87500000
v 2.90915700 12.41367000 2.87500000
v 2.67422900 12.46639000 2.87500000
v -1.51320100 -13.53559000 2.87500000
v -1.99634800 -14.29881000 2.87500000
v -1.30899000 -13.08926000 2.87500000
v 2.66183300 13.06790000 2.87500000
v 2.55556100 13.66080000 2.87500000
v 2.38599300 14.23898000 2.87500000
v -2.25629500 -14.26010000 2.87500000
v -2.38599300 -14.23898000 2.87500000
v -2.12641000 -14.28005000 2.87500000
v 2.25629500 14.26010000 2.87500000
v 2.12641000 14.28005000 2.87500000
v 1.99634800 14.29881000 2.87500000
v -2.66183300 -13.06790000 2.87500000
v -2.67422900 -12.46639000 2.87500000
v -2.55556100 -13.66080000 2.87500000
v 1.51320100 13.53559000 2.87500000
v 1.30899000 13.08926000 2.87500000
v 1.18953100 12.69439000 2.87500000
v -3.14304700 -12.35653000 2.87500000
v -3.37581600 -12.29497000 2.87500000
v -2.90915700 -12.41367000 2.87500000
v 0.94960880 12.71459000 2.87500000
v 0.70934840 12.73025000 2.87500000
v 0.46883500 12.74138000 2.87500000
v -3.84064300 -13.06719000 2.87500000
v -4.44898200 -13.73492000 2.87500000
v -3.56202900 -12.66310000 2.87500000
v 0.35217590 13.33160000 2.87500000
v 0.14456250 13.89703000 2.87500000
v -0.12282750 14.43698000 2.87500000
v -4.69825800 -13.65166000 2.87500000
v -4.82231700 -13.60833000 2.87500000
v -4.57380900 -13.69386000 2.87500000
v -0.25422400 14.43526000 2.87500000
v -0.38559950 14.43235000 2.87500000
v -0.51694300 14.42824000 2.87500000
v -4.89061200 -12.40715000 2.87500000
v -4.79836800 -11.81263000 2.87500000
v -4.88891000 -13.00950000 2.87500000
v -0.86021790 13.59272000 2.87500000
v -0.98382270 13.11771000 2.87500000
v -1.03289900 12.70809000 2.87500000
v -5.24098600 -11.62302000 2.87500000
v -5.45953000 -11.52198000 2.87500000
v -5.02057200 -11.71991000 2.87500000
v -1.27268300 12.68632000 2.87500000
v -1.51201300 12.66003000 2.87500000
v -1.75080500 12.62922000 2.87500000
v -6.05138800 -12.20175000 2.87500000
v -6.76643500 -12.75370000 2.87500000
v -5.70683800 -11.85218000 2.87500000
v -1.96818200 13.19021000 2.87500000
v -2.27082800 13.71101000 2.87500000
v -2.62791600 14.19632000 2.87500000
v -6.99746600 -12.62842000 2.87500000
v -7.11211700 -12.56420000 2.87500000
v -6.88223600 -12.69158000 2.87500000
v -2.75701900 14.17181000 2.87500000
v -2.88589300 14.14613000 2.87500000
v -3.01452700 14.11928000 2.87500000
v -6.97079200 -11.36941000 2.87500000
v -6.77671200 -10.79994000 2.87500000
v -7.07371200 -11.96290000 2.87500000
v -3.20750000 13.23684000 2.87500000
v -3.24674200 12.74758000 2.87500000
v -3.22394400 12.33567000 2.87500000
v -7.17967900 -10.53635000 2.87500000
v -7.37735800 -10.39890000 2.87500000
v -6.97944000 -10.67005000 2.87500000
v -3.45630500 12.27259000 2.87500000
v -3.68743300 12.20514000 2.87500000
v -3.91724700 12.13333000 2.87500000
v -8.07826500 -10.96556000 2.87500000
v -8.87829400 -11.38496000 2.87500000
v -7.67824700 -10.68114000 2.87500000
v -4.22873700 12.64805000 2.87500000
v -4.61722100 13.10838000 2.87500000
v -5.05315700 13.52431000 2.87500000
v -9.08406000 -11.22146000 2.87500000
v -9.18581900 -11.13832000 2.87500000
v -8.98154900 -11.30368000 2.87500000
v -5.17604300 13.47776000 2.87500000
v -5.29849900 13.43009000 2.87500000
v -5.42051700 13.38131000 2.87500000
v -8.83916700 -9.98622100 2.87500000
v -8.54914800 -9.45910000 2.87500000
v -9.04358200 -10.55282000 2.87500000
v -5.45732300 12.47876000 2.87500000
v -5.41101100 11.99012000 2.87500000
v -5.31703100 11.58843000 2.87500000
v -8.90022200 -9.12954300 2.87500000
v -9.07102900 -8.95985100 2.87500000
v -8.72624100 -9.29597900 2.87500000
v -5.53490900 11.48596000 2.87500000
v -5.75081200 11.37940000 2.87500000
v -5.96466600 11.26877000 2.87500000
v -9.85968800 -9.39619500 2.87500000
v -10.72039000 -9.67029700 2.87500000
v -9.41635700 -9.18555100 2.87500000
v -6.36080500 11.72159000 2.87500000
v -6.82332200 12.10747000 2.87500000
v -7.32486000 12.44138000 2.87500000
v -10.89464000 -9.47355400 2.87500000
v -10.98041000 -9.37400200 2.87500000
v -10.80796000 -9.57232200 2.87500000
v -7.43779500 12.37419000 2.87500000
v -7.55011400 12.30598000 2.87500000
v -7.66180700 12.23675000 2.87500000
v -10.43897000 -8.29960300 2.87500000
v -10.06182000 -7.83085100 2.87500000
v -10.73867000 -8.82210000 2.87500000
v -7.54132900 11.34153000 2.87500000
v -7.41086900 10.86836000 2.87500000
v -7.24856300 10.48908000 2.87500000
v -10.35034000 -7.44533700 2.87500000
v -10.48908000 -7.24856300 2.87500000
v -10.20790000 -7.63945600 2.87500000
v -7.44533700 10.35034000 2.87500000
v -7.63945600 10.20790000 2.87500000
v -7.83085100 10.06182000 2.87500000
v -11.34153000 -7.54132900 2.87500000
v -12.23675000 -7.66180700 2.87500000
v -10.86836000 -7.41086900 2.87500000
v -8.29960300 10.43897000 2.87500000
v -8.82210000 10.73867000 2.87500000
v -9.37400200 10.98041000 2.87500000
v -12.37419000 -7.43779500 2.87500000
v -12.44138000 -7.32486000 2.87500000
v -12.30598000 -7.55011400 2.87500000
v -9.47355400 10.89464000 2.87500000
v -9.57232200 10.80796000 2.87500000
v -9.67029700 10.72039000 2.87500000
v -11.72159000 -6.36080500 2.87500000
v -11.26877000 -5.96466600 2.87500000
v -12.10747000 -6.82332200 2.87500000
v -9.39619500 9.85968800 2.87500000
v -9.18555100 9.41635700 2.87500000
v -8.95985100 9.07102900 2.87500000
v -11.48596000 -5.53490900 2.87500000
v -11.58843000 -5.31703100 2.87500000
v -11.37940000 -5.75081200 2.87500000
v -9.12954300 8.90022200 2.87500000
v -9.29597900 8.72624100 2.87500000
v -9.45910000 8.54914800 2.87500000
v -12.47876000 -5.45732300 2.87500000
v -13.38131000 -5.42051700 2.87500000
v -11.99012000 -5.41101100 2.87500000
v -9.98622100 8.83916700 2.87500000
v -10.55282000 9.04358200 2.87500000
v -11.13832000 9.18581900 2.87500000
v -13.47776000 -5.17604300 2.87500000
v -13.52431000 -5.05315700 2.87500000
v -13.43009000 -5.29849900 2.87500000
v -11.22146000 9.08406000 2.87500000
v -11.30368000 8.98154900 2.87500000
v -11.38496000 8.87829400 2.87500000
v -12.64805000 -4.22873700 2.87500000
v -12.13333000 -3.91724700 2.87500000
v -13.10838000 -4.61722100 2.87500000
v -10.96556000 8.07826500 2.87500000
v -10.68114000 7.67824700 2.87500000
v -10.39890000 7.37735800 2.87500000
v -12.27259000 -3.45630500 2.87500000
v -12.33567000 -3.22394400 2.87500000
v -12.20514000 -3.68743300 2.87500000
v -10.53635000 7.17967900 2.87500000
v -10.67005000 6.97944000 2.87500000
v -10.79994000 6.77671200 2.87500000
v -13.23684000 -3.20750000 2.87500000
v -14.11928000 -3.01452700 2.87500000
v -12.74758000 -3.24674200 2.87500000
v -11.36941000 6.97079200 2.87500000
v -11.96290000 7.07371200 2.87500000
v -12.56420000 7.11211700 2.87500000
v -14.17181000 -2.75701900 2.87500000
v -14.19632000 -2.62791600 2.87500000
v -14.14613000 -2.88589300 2.87500000
v -12.62842000 6.99746600 2.87500000
v -12.69158000 6.88223600 2.87500000
v -12.75370000 6.76643500 2.87500000
v -13.19021000 -1.96818200 2.87500000
v -12.62922000 -1.75080500 2.87500000
v -13.71101000 -2.27082800 2.87500000
v -12.20175000 6.05138800 2.87500000
v -11.85218000 5.70683800 2.87500000
v -11.52198000 5.45953000 2.87500000
v -12.68632000 -1.27268300 2.87500000
v -12.70809000 -1.03289900 2.87500000
v -12.66003000 -1.51201300 2.87500000
v -11.62302000 5.24098600 2.87500000
v -11.71991000 5.02057200 2.87500000
v -11.81263000 4.79836800 2.87500000
v -13.59272000 -0.86021790 2.87500000
v -14.42824000 -0.51694300 2.87500000
v -13.11771000 -0.98382270 2.87500000
v -12.40715000 4.89061200 2.87500000
v -13.00950000 4.88891000 2.87500000
v -13.60833000 4.82231700 2.87500000
v -14.43526000 -0.25422400 2.87500000
v -14.43698000 -0.12282750 2.87500000
v -14.43235000 -0.38559950 2.87500000
v -13.65166000 4.69825800 2.87500000
v -13.69386000 4.57380900 2.87500000
v -13.73492000 4.44898200 2.87500000
v -13.33160000 0.35217590 2.87500000
v -12.74138000 0.46883500 2.87500000
v -13.89703000 0.14456250 2.87500000
v -13.06719000 3.84064300 2.87500000
v -12.66310000 3.56202900 2.87500000
v -12.29497000 3.37581600 2.87500000
v -12.71459000 0.94960880 2.87500000
v -12.69439000 1.18953100 2.87500000
v -12.73025000 0.70934840 2.87500000
v -12.35653000 3.14304700 2.87500000
v -12.41367000 2.90915700 2.87500000
v -12.46639000 2.67422900 2.87500000
v -13.53559000 1.51320100 2.87500000
v -14.29881000 1.99634800 2.87500000
v -13.08926000 1.30899000 2.87500000
v -13.06790000 2.66183300 2.87500000
v -13.66080000 2.55556100 2.87500000
v -14.23898000 2.38599300 2.87500000
v -14.26010000 2.25629500 2.87500000
v -14.28005000 2.12641000 2.87500000
v 14.30571000 -1.94631500 3.45000000
v 14.28740000 -2.07644100 3.45000000
v 14.32283000 -1.81602800 3.45000000
v 14.33877000 -1.68559000 3.45000000
v 13.12259000 -2.37762900 3.45000000
v 12.52149000 -2.40307500 3.45000000
v 13.71304000 -2.25851500 3.45000000
v 13.56524000 -1.21911900 3.45000000
v 13.11458000 -1.02464000 3.45000000
v 12.71721000 -0.91377830 3.45000000
v 12.42182000 -2.87416700 3.45000000
v 12.36533000 -3.10821700 3.45000000
v 12.47388000 -2.63909100 3.45000000
v 12.73220000 -0.67347470 3.45000000
v 12.74265000 -0.43293100 3.45000000
v 12.74855000 -0.19223280 3.45000000
v 13.14745000 -3.55617600 3.45000000
v 13.82823000 -4.14988200 3.45000000
v 12.73741000 -3.28639700 3.45000000
v 13.33610000 -0.06279328 3.45000000
v 13.89690000 0.15704140 3.45000000
v 14.43091000 0.43608540 3.45000000
v 13.75040000 -4.40090600 3.45000000
v 13.70977000 -4.52587700 3.45000000
v 13.78988000 -4.27557100 3.45000000
v 14.42635000 0.56741370 3.45000000
v 14.42058000 0.69869510 3.45000000
v 14.41363000 0.82991860 3.45000000
v 12.51036000 -4.62022100 3.45000000
v 11.91397000 -4.54090100 3.45000000
v 13.11252000 -4.60544800 3.45000000
v 13.57085000 1.15498100 3.45000000
v 13.09327000 1.26824900 3.45000000
v 12.68269000 1.30842500 3.45000000
v 11.73401000 -4.98752800 3.45000000
v 11.63774000 -5.20821400 3.45000000
v 11.82610000 -4.76506400 3.45000000
v 12.65572000 1.54768000 3.45000000
v 12.62424000 1.78638400 3.45000000
v 12.58825000 2.02445000 3.45000000
v 12.33019000 -5.78518100 3.45000000
v 12.89753000 -6.48808300 3.45000000
v 11.97323000 -5.44829800 3.45000000
v 13.14440000 2.25395000 3.45000000
v 13.65850000 2.56782700 3.45000000
v 14.13595000 2.93536200 3.45000000
v 12.77729000 -6.72177800 3.45000000
v 12.71558000 -6.83779500 3.45000000
v 12.83794000 -6.60520400 3.45000000
v 14.10865000 3.06390200 3.45000000
v 14.08018000 3.19218800 3.45000000
v 14.05054000 3.32021000 3.45000000
v 11.51800000 -6.72243000 3.45000000
v 10.94445000 -6.54075400 3.45000000
v 12.11359000 -6.81244700 3.45000000
v 13.16412000 3.49398800 3.45000000
v 12.67412000 3.52260400 3.45000000
v 12.26280000 3.49087200 3.45000000
v 10.68967000 -6.94934700 3.45000000
v 10.55654000 -7.14996200 3.45000000
v 10.81899000 -6.74625300 3.45000000
v 12.19470000 3.72181000 3.45000000
v 12.12224000 3.95142000 3.45000000
v 12.04547000 4.17962100 3.45000000
v 11.13828000 -7.83840600 3.45000000
v 11.57494000 -8.62914600 3.45000000
v 10.84524000 -7.44465500 3.45000000
v 12.55331000 4.50220800 3.45000000
v 13.00510000 4.90059000 3.45000000
v 13.41147000 5.34544900 3.45000000
v 11.41595000 -8.83841200 3.45000000
v 11.33503000 -8.94195100 3.45000000
v 11.49592000 -8.73414100 3.45000000
v 13.36226000 5.46729500 3.45000000
v 13.31195000 5.58868900 3.45000000
v 13.26053000 5.70961900 3.45000000
v 10.17568000 -8.62038200 3.45000000
v 9.64239200 -8.34186900 3.45000000
v 10.74659000 -8.81245300 3.45000000
v 12.35740000 5.72683100 3.45000000
v 11.86988000 5.66992600 3.45000000
v 11.47032000 5.56725100 3.45000000
v 9.32053000 -8.70001200 3.45000000
v 9.15458500 -8.87446200 3.45000000
v 9.48315200 -8.52246000 3.45000000
v 11.36315000 5.78285400 3.45000000
v 11.25192000 5.99639500 3.45000000
v 11.13669000 6.20779700 3.45000000
v 9.60794100 -9.65346600 3.45000000
v 9.90065500 -10.50802000 3.45000000
v 9.38772600 -9.21481000 3.45000000
v 11.58080000 6.61366900 3.45000000
v 11.95655000 7.08445100 3.45000000
v 12.27949000 7.59311700 3.45000000
v 9.70774000 -10.68650000 3.45000000
v 9.61007300 -10.77441000 3.45000000
v 9.80460400 -10.59770000 3.45000000
v 12.20987000 7.70456800 3.45000000
v 12.13924000 7.81538000 3.45000000
v 12.06761000 7.92554400 3.45000000
v 8.52417700 -10.25641000 3.45000000
v 8.04735200 -9.88952100 3.45000000
v 9.05305500 -10.54470000 3.45000000
v 11.17521000 7.78566800 3.45000000
v 10.70498000 7.64497000 3.45000000
v 10.32932000 7.47447200 3.45000000
v 7.66818900 -10.18633000 3.45000000
v 7.47447200 -10.32932000 3.45000000
v 7.85917200 -10.03972000 3.45000000
v 10.18633000 7.66818900 3.45000000
v 10.03972000 7.85917200 3.45000000
v 9.88952100 8.04735200 3.45000000
v 7.78566800 -11.17521000 3.45000000
v 7.92554400 -12.06761000 3.45000000
v 7.64497000 -10.70498000 3.45000000
v 10.25641000 8.52417700 3.45000000
v 10.54470000 9.05305500 3.45000000
v 10.77441000 9.61007300 3.45000000
v 7.70456800 -12.20987000 3.45000000
v 7.59311700 -12.27949000 3.45000000
v 7.81538000 -12.13924000 3.45000000
v 10.68650000 9.70774000 3.45000000
v 10.59770000 9.80460400 3.45000000
v 10.50802000 9.90065500 3.45000000
v 6.61366900 -11.58080000 3.45000000
v 6.20779700 -11.13669000 3.45000000
v 7.08445100 -11.95655000 3.45000000
v 9.65346600 9.60794100 3.45000000
v 9.21481000 9.38772600 3.45000000
v 8.87446200 9.15458500 3.45000000
v 5.78285400 -11.36315000 3.45000000
v 5.56725100 -11.47032000 3.45000000
v 5.99639500 -11.25192000 3.45000000
v 8.70001200 9.32053000 3.45000000
v 8.52246000 9.48315200 3.45000000
v 8.34186900 9.64239200 3.45000000
v 5.72683100 -12.35740000 3.45000000
v 5.70961900 -13.26053000 3.45000000
v 5.66992600 -11.86988000 3.45000000
v 8.62038200 10.17568000 3.45000000
v 8.81245300 10.74659000 3.45000000
v 8.94195100 11.33503000 3.45000000
v 5.46729500 -13.36226000 3.45000000
v 5.34544900 -13.41147000 3.45000000
v 5.58868900 -13.31195000 3.45000000
v 8.83841200 11.41595000 3.45000000
v 8.73414100 11.49592000 3.45000000
v 8.62914600 11.57494000 3.45000000
v 4.50220800 -12.55331000 3.45000000
v 4.17962100 -12.04547000 3.45000000
v 4.90059000 -13.00510000 3.45000000
v 7.83840600 11.13828000 3.45000000
v 7.44465500 10.84524000 3.45000000
v 7.14996200 10.55654000 3.45000000
v 3.72181000 -12.19470000 3.45000000
v 3.49087200 -12.26280000 3.45000000
v 3.95142000 -12.12224000 3.45000000
v 6.94934700 10.68967000 3.45000000
v 6.74625300 10.81899000 3.45000000
v 6.54075400 10.94445000 3.45000000
v 3.49398800 -13.16412000 3.45000000
v 3.32021000 -14.05054000 3.45000000
v 3.52260400 -12.67412000 3.45000000
v 6.72243000 11.51800000 3.45000000
v 6.81244700 12.11359000 3.45000000
v 6.83779500 12.71558000 3.45000000
v 3.06390200 -14.10865000 3.45000000
v 2.93536200 -14.13595000 3.45000000
v 3.19218800 -14.08018000 3.45000000
v 6.72177800 12.77729000 3.45000000
v 6.60520400 12.83794000 3.45000000
v 6.48808300 12.89753000 3.45000000
v 2.25395000 -13.14440000 3.45000000
v 2.02445000 -12.58825000 3.45000000
v 2.56782700 -13.65850000 3.45000000
v 5.78518100 12.33019000 3.45000000
v 5.44829800 11.97323000 3.45000000
v 5.20821400 11.63774000 3.45000000
v 1.54768000 -12.65572000 3.45000000
v 1.30842500 -12.68269000 3.45000000
v 1.78638400 -12.62424000 3.45000000
v 4.98752800 11.73401000 3.45000000
v 4.76506400 11.82610000 3.45000000
v 4.54090100 11.91397000 3.45000000
v 1.15498100 -13.57085000 3.45000000
v 0.82991860 -14.41363000 3.45000000
v 1.26824900 -13.09327000 3.45000000
v 4.62022100 12.51036000 3.45000000
v 4.60544800 13.11252000 3.45000000
v 4.52587700 13.70977000 3.45000000
v 0.56741370 -14.42635000 3.45000000
v 0.43608540 -14.43091000 3.45000000
v 0.69869510 -14.42058000 3.45000000
v 4.40090600 13.75040000 3.45000000
v 4.27557100 13.78988000 3.45000000
v 4.14988200 13.82823000 3.45000000
v -0.06279328 -13.33610000 3.45000000
v -0.19223280 -12.74855000 3.45000000
v 0.15704140 -13.89690000 3.45000000
v 3.55617600 13.14745000 3.45000000
v 3.28639700 12.73741000 3.45000000
v 3.10821700 12.36533000 3.45000000
v -0.67347470 -12.73220000 3.45000000
v -0.91377830 -12.71721000 3.45000000
v -0.43293100 -12.74265000 3.45000000
v 2.87416700 12.42182000 3.45000000
v 2.63909100 12.47388000 3.45000000
v 2.40307500 12.52149000 3.45000000
v -1.21911900 -13.56524000 3.45000000
v -1.68559000 -14.33877000 3.45000000
v -1.02464000 -13.11458000 3.45000000
v 2.37762900 13.12259000 3.45000000
v 2.25851500 13.71304000 3.45000000
v 2.07644100 14.28740000 3.45000000
v -1.94631500 -14.30571000 3.45000000
v -2.07644100 -14.28740000 3.45000000
v -1.81602800 -14.32283000 3.45000000
v 1.94631500 14.30571000 3.45000000
v 1.81602800 14.32283000 3.45000000
v 1.68559000 14.33877000 3.45000000
v -2.37762900 -13.12259000 3.45000000
v -2.40307500 -12.52149000 3.45000000
v -2.25851500 -13.71304000 3.45000000
v 1.21911900 13.56524000 3.45000000
v 1.02464000 13.11458000 3.45000000
v 0.91377830 12.71721000 3.45000000
v -2.87416700 -12.42182000 3.45000000
v -3.10821700 -12.36533000 3.45000000
v -2.63909100 -12.47388000 3.45000000
v 0.67347470 12.73220000 3.45000000
v 0.43293100 12.74265000 3.45000000
v 0.19223280 12.74855000 3.45000000
v -3.55617600 -13.14745000 3.45000000
v -4.14988200 -13.82823000 3.45000000
v -3.28639700 -12.73741000 3.45000000
v 0.06279328 13.33610000 3.45000000
v -0.15704140 13.89690000 3.45000000
v -0.43608540 14.43091000 3.45000000
v -4.40090600 -13.75040000 3.45000000
v -4.52587700 -13.70977000 3.45000000
v -4.27557100 -13.78988000 3.45000000
v -0.56741370 14.42635000 3.45000000
v -0.69869510 14.42058000 3.45000000
v -0.82991860 14.41363000 3.45000000
v -4.62022100 -12.51036000 3.45000000
v -4.54090100 -11.91397000 3.45000000
v -4.60544800 -13.11252000 3.45000000
v -1.15498100 13.57085000 3.45000000
v -1.26824900 13.09327000 3.45000000
v -1.30842500 12.68269000 3.45000000
v -4.98752800 -11.73401000 3.45000000
v -5.20821400 -11.63774000 3.45000000
v -4.76506400 -11.82610000 3.45000000
v -1.54768000 12.65572000 3.45000000
v -1.78638400 12.62424000 3.45000000
v -2.02445000 12.58825000 3.45000000
v -5.78518100 -12.33019000 3.45000000
v -6.48808300 -12.89753000 3.45000000
v -5.44829800 -11.97323000 3.45000000
v -2.25395000 13.14440000 3.45000000
v -2.56782700 13.65850000 3.45000000
v -2.93536200 14.13595000 3.45000000
v -6.72177800 -12.77729000 3.45000000
v -6.83779500 -12.71558000 3.45000000
v -6.60520400 -12.83794000 3.45000000
v -3.06390200 14.10865000 3.45000000
v -3.19218800 14.08018000 3.45000000
v -3.32021000 14.05054000 3.45000000
v -6.72243000 -11.51800000 3.45000000
v -6.54075400 -10.94445000 3.45000000
v -6.81244700 -12.11359000 3.45000000
v -3.49398800 13.16412000 3.45000000
v -3.52260400 12.67412000 3.45000000
v -3.49087200 12.26280000 3.45000000
v -6.94934700 -10.68967000 3.45000000
v -7.14996200 -10.55654000 3.45000000
v -6.74625300 -10.81899000 3.45000000
v -3.72181000 12.19470000 3.45000000
v -3.95142000 12.12224000 3.45000000
v -4.17962100 12.04547000 3.45000000
v -7.83840600 -11.13828000 3.45000000
v -8.62914600 -11.57494000 3.45000000
v -7.44465500 -10.84524000 3.45000000
v -4.50220800 12.55331000 3.45000000
v -4.90059000 13.00510000 3.45000000
v -5.34544900 13.41147000 3.45000000
v -8.83841200 -11.41595000 3.45000000
v -8.94195100 -11.33503000 3.45000000
v -8.73414100 -11.49592000 3.45000000
v -5.46729500 13.36226000 3.45000000
v -5.58868900 13.31195000 3.45000000
v -5.70961900 13.26053000 3.45000000
v -8.62038200 -10.17568000 3.45000000
v -8.34186900 -9.64239200 3.45000000
v -8.81245300 -10.74659000 3.45000000
v -5.72683100 12.35740000 3.45000000
v -5.66992600 11.86988000 3.45000000
v -5.56725100 11.47032000 3.45000000
v -8.70001200 -9.32053000 3.45000000
v -8.87446200 -9.15458500 3.45000000
v -8.52246000 -9.48315200 3.45000000
v -5.78285400 11.36315000 3.45000000
v -5.99639500 11.25192000 3.45000000
v -6.20779700 11.13669000 3.45000000
v -9.65346600 -9.60794100 3.45000000
v -10.50802000 -9.90065500 3.45000000
v -9.21481000 -9.38772600 3.45000000
v -6.61366900 11.58080000 3.45000000
v -7.08445100 11.95655000 3.45000000
v -7.59311700 12.27949000 3.45000000
v -10.68650000 -9.70774000 3.45000000
v -10.77441000 -9.61007300 3.45000000
v -10.59770000 -9.80460400 3.45000000
v -7.70456800 12.20987000 3.45000000
v -7.81538000 12.13924000 3.45000000
v -7.92554400 12.06761000 3.45000000
v -10.25641000 -8.52417700 3.45000000
v -9.88952100 -8.04735200 3.45000000
v -10.54470000 -9.05305500 3.45000000
v -7.78566800 11.17521000 3.45000000
v -7.64497000 10.70498000 3.45000000
v -7.47447200 10.32932000 3.45000000
v -10.18633000 -7.66818900 3.45000000
v -10.32932000 -7.47447200 3.45000000
v -10.03972000 -7.85917200 3.45000000
v -7.66818900 10.18633000 3.45000000
v -7.85917200 10.03972000 3.45000000
v -8.04735200 9.88952100 3.45000000
v -11.17521000 -7.78566800 3.45000000
v -12.06761000 -7.92554400 3.45000000
v -10.70498000 -7.64497000 3.45000000
v -8.52417700 10.25641000 3.45000000
v -9.05305500 10.54470000 3.45000000
v -9.61007300 10.77441000 3.45000000
v -12.20987000 -7.70456800 3.45000000
v -12.27949000 -7.59311700 3.45000000
v -12.13924000 -7.81538000 3.45000000
v -9.70774000 10.68650000 3.45000000
v -9.80460400 10.59770000 3.45000000
v -9.90065500 10.50802000 3.45000000
v -11.58080000 -6.61366900 3.45000000
v -11.13669000 -6.20779700 3.45000000
v -11.95655000 -7.08445100 3.45000000
v -9.60794100 9.65346600 3.45000000
v -9.38772600 9.21481000 3.45000000
v -9.15458500 8.87446200 3.45000000
v -11.36315000 -5.78285400 3.45000000
v -11.47032000 -5.56725100 3.45000000
v -11.25192000 -5.99639500 3.45000000
v -9.32053000 8.70001200 3.45000000
v -9.48315200 8.52246000 3.45000000
v -9.64239200 8.34186900 3.45000000
v -12.35740000 -5.72683100 3.45000000
v -13.26053000 -5.70961900 3.45000000
v -11.86988000 -5.66992600 3.45000000
v -10.17568000 8.62038200 3.45000000
v -10.74659000 8.81245300 3.45000000
v -11.33503000 8.94195100 3.45000000
v -13.36226000 -5.46729500 3.45000000
v -13.41147000 -5.34544900 3.45000000
v -13.31195000 -5.58868900 3.45000000
v -11.41595000 8.83841200 3.45000000
v -11.49592000 8.73414100 3.45000000
v -11.57494000 8.62914600 3.45000000
v -12.55331000 -4.50220800 3.45000000
v -12.04547000 -4.17962100 3.45000000
v -13.00510000 -4.90059000 3.45000000
v -11.13828000 7.83840600 3.45000000
v -10.84524000 7.44465500 3.45000000
v -10.55654000 7.14996200 3.45000000
v -12.19470000 -3.72181000 3.45000000
v -12.26280000 -3.49087200 3.45000000
v -12.12224000 -3.95142000 3.45000000
v -10.68967000 6.94934700 3.45000000
v -10.81899000 6.74625300 3.45000000
v -10.94445000 6.54075400 3.45000000
v -13.16412000 -3.49398800 3.45000000
v -14.05054000 -3.32021000 3.45000000
v -12.67412000 -3.52260400 3.45000000
v -11.51800000 6.72243000 3.45000000
v -12.11359000 6.81244700 3.45000000
v -12.71558000 6.83779500 3.45000000
v -14.10865000 -3.06390200 3.45000000
v -14.13595000 -2.93536200 3.45000000
v -14.08018000 -3.19218800 3.45000000
v -12.77729000 6.72177800 3.45000000
v -12.83794000 6.60520400 3.45000000
v -12.89753000 6.48808300 3.45000000
v -13.14440000 -2.25395000 3.45000000
v -12.58825000 -2.02445000 3.45000000
v -13.65850000 -2.56782700 3.45000000
v -12.33019000 5.78518100 3.45000000
v -11.97323000 5.44829800 3.45000000
v -11.63774000 5.20821400 3.45000000
v -12.65572000 -1.54768000 3.45000000
v -12.68269000 -1.30842500 3.45000000
v -12.62424000 -1.78638400 3.45000000
v -11.73401000 4.98752800 3.45000000
v -11.82610000 4.76506400 3.45000000
v -11.91397000 4.54090100 3.45000000
v -13.57085000 -1.15498100 3.45000000
v -14.41363000 -0.82991860 3.45000000
v -13.09327000 -1.26824900 3.45000000
v -12.51036000 4.62022100 3.45000000
v -13.11252000 4.60544800 3.45000000
v -13.70977000 4.52587700 3.45000000
v -14.42635000 -0.56741370 3.45000000
v -14.43091000 -0.43608540 3.45000000
v -14.42058000 -0.69869510 3.45000000
v -13.75040000 4.40090600 3.45000000
v -13.78988000 4.27557100 3.45000000
v -13.82823000 4.14988200 3.45000000
v -13.33610000 0.06279328 3.45000000
v -12.74855000 0.19223280 3.45000000
v -13.89690000 -0.15704140 3.45000000
v -13.14745000 3.55617600 3.45000000
v -12.73741000 3.28639700 3.45000000
v -12.36533000 3.10821700 3.45000000
v -12.73220000 0.67347470 3.45000000
v -12.71721000 0.91377830 3.45000000
v -12.74265000 0.43293100 3.45000000
v -12.42182000 2.87416700 3.45000000
v -12.47388000 2.63909100 3.45000000
v -12.52149000 2.40307500 3.45000000
v -13.56524000 1.21911900 3.45000000
v -14.33877000 1.68559000 3.45000000
v -13.11458000 1.02464000 3.45000000
v -13.12259000 2.37762900 3.45000000
v -13.71304000 2.25851500 3.45000000
v -14.28740000 2.07644100 3.45000000
v -14.30571000 1.94631500 3.45000000
v -14.32283000 1.81602800 3.45000000
f 1 2 3
f 4 5 3
f 4 3 2
f 6 1 3
f 7 3 8
f 7 6 3
f 9 5 4
f 9 10 5
f 11 10 9
f 12 7 8
f 13 12 8
f 14 10 11
f 15 10 14
f 16 13 8
f 16 8 17
f 18 6 7
f 19 9 4
f 20 16 17
f 21 22 10
f 21 10 15
f 23 19 4
f 24 16 20
f 25 20 17
f 26 22 21
f 27 25 17
f 28 22 26
f 29 18 7
f 30 27 17
f 30 17 31
f 32 33 22
f 32 22 28
f 34 18 29
f 35 19 23
f 36 15 37
f 36 21 15
f 38 35 23
f 39 34 29
f 40 41 24
f 40 24 20
f 42 37 43
f 42 36 37
f 44 45 34
f 44 34 39
f 46 38 47
f 48 44 39
f 49 35 38
f 49 38 46
f 50 48 39
f 51 35 49
f 52 53 30
f 52 30 31
f 54 33 32
f 55 41 40
f 56 31 57
f 56 52 31
f 58 33 54
f 59 56 57
f 60 33 58
f 61 59 57
f 62 63 33
f 62 33 60
f 64 43 65
f 66 67 41
f 66 41 55
f 68 66 55
f 69 43 64
f 69 42 43
f 70 54 32
f 70 32 71
f 72 42 69
f 73 68 55
f 74 75 53
f 74 53 52
f 76 70 71
f 76 71 77
f 78 75 74
f 79 77 80
f 81 75 78
f 81 82 75
f 83 76 77
f 83 77 79
f 84 81 78
f 85 76 83
f 86 84 78
f 87 61 57
f 87 57 88
f 87 89 61
f 90 63 62
f 90 91 63
f 92 87 88
f 93 91 90
f 94 92 88
f 95 91 93
f 96 94 88
f 96 88 97
f 98 91 95
f 99 90 62
f 99 62 100
f 101 102 89
f 101 89 87
f 103 100 104
f 103 99 100
f 105 104 106
f 107 108 102
f 109 107 102
f 109 102 101
f 110 103 104
f 110 104 105
f 111 107 109
f 112 111 109
f 113 103 110
f 114 96 97
f 114 115 96
f 116 117 91
f 116 91 98
f 118 117 116
f 119 114 97
f 120 116 98
f 120 98 121
f 122 119 97
f 123 117 118
f 124 115 114
f 124 125 115
f 126 117 123
f 126 127 117
f 128 97 129
f 128 122 97
f 130 131 125
f 132 133 134
f 135 120 121
f 135 121 133
f 136 130 125
f 136 125 124
f 137 130 136
f 138 135 133
f 138 133 132
f 139 137 136
f 140 135 138
f 141 142 143
f 144 145 146
f 147 127 126
f 148 128 129
f 148 149 128
f 150 147 126
f 150 126 151
f 152 143 149
f 152 149 148
f 153 127 147
f 154 148 129
f 155 151 145
f 155 150 151
f 156 145 144
f 156 155 145
f 157 141 143
f 157 158 141
f 157 143 152
f 159 127 153
f 160 129 161
f 160 154 129
f 162 163 127
f 162 127 159
f 164 160 161
f 165 158 157
f 166 155 156
f 167 168 169
f 170 171 172
f 173 168 167
f 174 172 175
f 176 162 177
f 178 168 173
f 178 176 177
f 178 177 168
f 179 170 172
f 179 172 174
f 179 180 170
f 181 164 161
f 181 161 182
f 181 174 175
f 181 175 164
f 183 163 162
f 183 162 176
f 184 178 173
f 185 180 179
f 186 181 182
f 187 163 183
f 187 188 163
f 189 188 187
f 190 186 182
f 191 190 182
f 192 188 189
f 193 194 195
f 196 197 198
f 199 197 196
f 200 193 195
f 200 201 193
f 202 203 197
f 202 197 199
f 204 201 200
f 205 202 199
f 206 195 207
f 206 200 195
f 208 192 203
f 208 203 202
f 209 182 210
f 209 191 182
f 209 207 191
f 209 206 207
f 211 188 192
f 211 212 188
f 211 192 208
f 213 209 210
f 214 212 211
f 215 213 210
f 216 212 214
f 217 215 210
f 218 212 216
f 219 220 221
f 222 223 224
f 225 217 210
f 226 223 222
f 227 219 221
f 227 228 229
f 227 229 219
f 230 226 231
f 230 232 223
f 230 223 226
f 233 227 221
f 233 221 234
f 235 218 232
f 235 232 230
f 236 217 225
f 236 233 234
f 236 234 217
f 237 212 218
f 237 238 212
f 237 218 235
f 239 236 225
f 240 238 237
f 241 239 225
f 242 238 240
f 243 238 242
f 244 241 225
f 245 246 247
f 248 249 250
f 251 249 248
f 252 253 254
f 252 254 245
f 252 245 247
f 255 251 256
f 255 257 249
f 255 249 251
f 258 244 225
f 259 252 247
f 259 247 260
f 261 243 257
f 261 257 255
f 262 260 244
f 262 259 260
f 262 244 258
f 263 243 261
f 264 238 243
f 264 243 263
f 264 263 265
f 266 264 265
f 267 264 266
f 268 269 270
f 271 272 273
f 274 272 271
f 275 276 277
f 275 277 268
f 275 268 270
f 278 272 274
f 278 274 279
f 278 280 272
f 281 270 282
f 281 275 270
f 283 280 278
f 283 267 280
f 284 285 286
f 284 286 287
f 284 287 262
f 284 262 258
f 288 282 285
f 288 285 284
f 288 281 282
f 289 267 283
f 290 291 292
f 293 294 295
f 296 264 267
f 296 267 289
f 297 291 290
f 298 299 300
f 298 300 293
f 298 293 295
f 301 291 297
f 301 297 302
f 301 303 291
f 304 295 305
f 304 298 295
f 306 307 303
f 306 303 301
f 308 307 306
f 309 305 310
f 309 304 305
f 311 312 313
f 314 315 316
f 317 312 311
f 318 310 319
f 318 319 320
f 318 320 288
f 318 288 284
f 321 315 314
f 321 322 323
f 321 323 315
f 324 312 317
f 324 317 325
f 324 326 312
f 327 307 308
f 327 296 289
f 327 289 328
f 327 328 329
f 327 329 307
f 330 321 314
f 330 314 331
f 332 326 324
f 332 333 326
f 334 335 336
f 337 338 339
f 340 334 336
f 341 331 342
f 341 330 331
f 343 333 332
f 344 345 346
f 344 346 338
f 344 338 337
f 347 340 348
f 347 334 340
f 347 349 334
f 350 337 351
f 350 344 337
f 352 342 353
f 352 353 354
f 352 354 309
f 352 310 318
f 352 309 310
f 355 356 349
f 355 349 347
f 357 358 359
f 360 357 359
f 361 362 363
f 364 308 365
f 364 365 366
f 364 366 333
f 364 327 308
f 367 351 368
f 367 350 351
f 369 356 355
f 370 362 361
f 370 371 372
f 370 372 362
f 373 360 374
f 373 375 357
f 373 357 360
f 376 370 361
f 376 361 377
f 378 379 380
f 378 380 381
f 382 375 373
f 382 383 375
f 384 385 386
f 387 385 384
f 387 388 389
f 387 389 385
f 390 381 391
f 390 392 378
f 390 378 381
f 393 376 377
f 393 377 394
f 395 383 382
f 396 341 342
f 396 342 352
f 397 398 399
f 397 399 400
f 401 387 384
f 401 384 402
f 403 404 405
f 406 404 403
f 406 407 408
f 406 408 404
f 409 410 392
f 409 392 390
f 411 400 412
f 411 413 397
f 411 397 400
f 414 415 416
f 414 416 417
f 418 419 420
f 418 420 421
f 422 364 333
f 422 333 343
f 422 343 423
f 422 423 424
f 422 424 356
f 425 418 421
f 425 421 426
f 427 406 403
f 427 403 428
f 429 417 430
f 429 414 417
f 431 401 402
f 431 402 432
f 433 410 409
f 434 414 429
f 435 413 411
f 436 418 425
f 437 413 435
f 438 436 425
f 439 434 429
f 440 427 428
f 440 428 441
f 442 437 435
f 443 434 439
f 444 443 439
f 445 436 438
f 445 438 446
f 447 341 396
f 447 367 368
f 447 368 448
f 447 448 449
f 447 449 341
f 450 356 369
f 450 422 356
f 451 394 452
f 451 452 453
f 451 453 367
f 451 367 447
f 454 369 455
f 454 455 456
f 454 456 383
f 454 450 369
f 454 383 395
f 457 393 394
f 457 432 458
f 457 394 451
f 457 458 459
f 457 459 393
f 460 395 461
f 460 461 462
f 460 462 410
f 460 454 395
f 463 431 432
f 463 464 431
f 463 432 457
f 465 460 410
f 465 433 466
f 465 466 467
f 465 467 437
f 465 410 433
f 468 464 463
f 468 441 469
f 468 469 464
f 468 440 441
f 470 465 437
f 470 437 442
f 471 440 468
f 471 446 472
f 471 472 473
f 471 473 440
f 471 445 446
f 474 470 442
f 474 442 475
f 474 475 476
f 474 476 443
f 474 443 444
f 477 444 478
f 477 478 479
f 477 479 445
f 477 445 471
f 477 474 444
f 480 481 450
f 480 450 454
f 482 480 454
f 482 454 460
f 483 482 460
f 483 460 465
f 484 483 465
f 484 465 470
f 485 484 470
f 485 470 474
f 486 485 474
f 486 474 477
f 486 477 471
f 487 486 471
f 488 487 471
f 488 471 468
f 489 488 468
f 489 468 463
f 490 489 463
f 490 463 457
f 491 490 457
f 491 457 451
f 492 491 451
f 492 451 447
f 492 447 396
f 493 492 396
f 494 493 396
f 494 396 352
f 495 494 352
f 495 352 318
f 495 318 284
f 496 495 284
f 497 284 258
f 497 496 284
f 498 258 225
f 498 497 258
f 499 225 210
f 499 498 225
f 500 210 182
f 500 499 210
f 501 182 161
f 501 161 129
f 501 500 182
f 502 501 129
f 503 129 97
f 503 97 88
f 503 502 129
f 504 88 57
f 504 503 88
f 505 504 57
f 506 505 57
f 506 57 31
f 507 506 31
f 507 31 17
f 508 507 17
f 508 17 8
f 508 8 3
f 509 508 3
f 510 509 3
f 510 3 5
f 511 510 5
f 511 5 10
f 511 10 22
f 512 511 22
f 513 512 22
f 513 22 33
f 513 33 63
f 514 513 63
f 515 514 63
f 515 63 91
f 516 515 91
f 516 91 117
f 517 516 117
f 517 117 127
f 517 127 163
f 518 517 163
f 519 518 163
f 519 163 188
f 520 519 188
f 520 188 212
f 521 520 212
f 521 212 238
f 522 521 238
f 522 238 264
f 522 264 296
f 523 522 296
f 524 523 296
f 524 296 327
f 525 524 327
f 525 327 364
f 525 364 422
f 526 525 422
f 481 526 422
f 481 422 450
f 527 423 343
f 527 343 528
f 529 424 423
f 529 423 527
f 530 356 424
f 530 424 529
f 531 324 325
f 531 325 532
f 533 332 324
f 533 324 531
f 528 343 332
f 528 332 533
f 534 349 356
f 534 356 530
f 535 334 349
f 535 349 534
f 536 335 334
f 536 334 535
f 537 311 313
f 537 313 538
f 539 317 311
f 539 311 537
f 532 325 317
f 532 317 539
f 540 336 335
f 540 335 536
f 541 340 336
f 541 336 540
f 542 348 340
f 542 340 541
f 543 326 333
f 543 333 544
f 545 312 326
f 545 326 543
f 538 313 312
f 538 312 545
f 546 347 348
f 546 348 542
f 547 355 347
f 547 347 546
f 548 369 355
f 548 355 547
f 549 365 308
f 549 308 550
f 551 366 365
f 551 365 549
f 544 333 366
f 544 366 551
f 552 455 369
f 552 369 548
f 553 456 455
f 553 455 552
f 554 383 456
f 554 456 553
f 555 301 302
f 555 302 556
f 557 306 301
f 557 301 555
f 550 308 306
f 550 306 557
f 558 375 383
f 558 357 375
f 558 383 554
f 559 358 357
f 559 357 558
f 560 358 559
f 561 290 292
f 561 292 562
f 563 297 290
f 563 290 561
f 556 302 297
f 556 297 563
f 564 359 358
f 564 358 560
f 565 360 359
f 565 359 564
f 566 374 360
f 566 360 565
f 567 303 307
f 567 307 568
f 569 291 303
f 569 303 567
f 562 292 291
f 562 291 569
f 570 373 374
f 570 374 566
f 571 382 373
f 571 373 570
f 572 395 382
f 572 382 571
f 573 328 289
f 573 289 574
f 575 329 328
f 575 328 573
f 568 307 329
f 568 329 575
f 576 461 395
f 576 395 572
f 577 462 461
f 577 461 576
f 578 410 462
f 578 462 577
f 579 278 279
f 579 279 580
f 581 283 278
f 581 278 579
f 574 289 283
f 574 283 581
f 582 392 410
f 582 378 392
f 582 410 578
f 583 379 378
f 583 378 582
f 584 379 583
f 585 271 273
f 585 273 586
f 587 274 271
f 587 271 585
f 580 279 274
f 580 274 587
f 588 380 379
f 588 379 584
f 589 381 380
f 589 380 588
f 590 391 381
f 590 381 589
f 591 280 267
f 591 272 280
f 591 267 592
f 593 273 272
f 593 272 591
f 586 273 593
f 594 390 391
f 594 391 590
f 595 409 390
f 595 390 594
f 596 433 409
f 596 409 595
f 597 265 263
f 597 263 598
f 599 266 265
f 599 265 597
f 592 267 266
f 592 266 599
f 600 466 433
f 600 433 596
f 601 467 466
f 601 466 600
f 602 437 467
f 602 467 601
f 603 255 256
f 603 256 604
f 605 261 255
f 605 255 603
f 598 263 261
f 598 261 605
f 606 413 437
f 606 437 602
f 607 397 413
f 607 413 606
f 608 398 397
f 608 397 607
f 609 248 250
f 609 250 610
f 611 251 248
f 611 248 609
f 604 256 251
f 604 251 611
f 612 399 398
f 612 398 608
f 613 400 399
f 613 399 612
f 614 412 400
f 614 400 613
f 615 257 243
f 615 249 257
f 615 243 616
f 617 250 249
f 617 249 615
f 610 250 617
f 618 411 412
f 618 412 614
f 619 435 411
f 619 411 618
f 620 442 435
f 620 435 619
f 621 240 237
f 621 237 622
f 623 242 240
f 623 240 621
f 616 243 242
f 616 242 623
f 624 475 442
f 624 442 620
f 625 476 475
f 625 475 624
f 626 443 476
f 626 476 625
f 627 230 231
f 627 231 628
f 629 235 230
f 629 230 627
f 622 237 235
f 622 235 629
f 630 434 443
f 630 414 434
f 630 443 626
f 631 415 414
f 631 414 630
f 632 415 631
f 633 222 224
f 633 224 634
f 635 226 222
f 635 222 633
f 628 231 226
f 628 226 635
f 636 416 415
f 636 415 632
f 637 417 416
f 637 416 636
f 638 430 417
f 638 417 637
f 639 232 218
f 639 218 640
f 641 223 232
f 641 232 639
f 634 224 223
f 634 223 641
f 642 429 430
f 642 430 638
f 643 439 429
f 643 429 642
f 644 444 439
f 644 439 643
f 645 214 211
f 645 211 646
f 647 216 214
f 647 214 645
f 640 218 216
f 640 216 647
f 648 478 444
f 648 444 644
f 649 479 478
f 649 478 648
f 650 445 479
f 650 479 649
f 651 202 205
f 651 205 652
f 653 208 202
f 653 202 651
f 646 211 208
f 646 208 653
f 654 436 445
f 654 418 436
f 654 445 650
f 655 419 418
f 655 418 654
f 656 419 655
f 657 196 198
f 657 198 658
f 659 199 196
f 659 196 657
f 652 205 199
f 652 199 659
f 660 420 419
f 660 419 656
f 661 421 420
f 661 420 660
f 662 426 421
f 662 421 661
f 663 203 192
f 663 192 664
f 665 197 203
f 665 203 663
f 658 198 197
f 658 197 665
f 666 425 426
f 666 426 662
f 667 438 425
f 667 425 666
f 668 446 438
f 668 438 667
f 669 187 183
f 669 183 670
f 671 189 187
f 671 187 669
f 664 192 189
f 664 189 671
f 672 472 446
f 672 446 668
f 673 473 472
f 673 472 672
f 674 440 473
f 674 473 673
f 675 178 184
f 675 184 676
f 677 176 178
f 677 178 675
f 670 183 176
f 670 176 677
f 678 427 440
f 678 406 427
f 678 440 674
f 679 407 406
f 679 406 678
f 680 407 679
f 681 167 169
f 681 169 682
f 683 173 167
f 683 167 681
f 676 184 173
f 676 173 683
f 684 408 407
f 684 407 680
f 685 404 408
f 685 408 684
f 686 405 404
f 686 404 685
f 687 177 162
f 687 168 177
f 687 162 688
f 689 169 168
f 689 168 687
f 682 169 689
f 690 403 405
f 690 405 686
f 691 428 403
f 691 403 690
f 692 441 428
f 692 428 691
f 693 153 147
f 693 147 694
f 695 159 153
f 695 153 693
f 688 162 159
f 688 159 695
f 696 469 441
f 696 441 692
f 697 464 469
f 697 469 696
f 698 431 464
f 698 464 697
f 699 155 166
f 699 166 700
f 701 150 155
f 701 155 699
f 694 147 150
f 694 150 701
f 702 401 431
f 702 387 401
f 702 431 698
f 703 388 387
f 703 387 702
f 704 388 703
f 705 144 146
f 705 146 706
f 707 156 144
f 707 144 705
f 700 166 156
f 700 156 707
f 708 389 388
f 708 388 704
f 709 385 389
f 709 389 708
f 710 386 385
f 710 385 709
f 711 151 126
f 711 145 151
f 711 126 712
f 713 146 145
f 713 145 711
f 706 146 713
f 714 384 386
f 714 386 710
f 715 402 384
f 715 384 714
f 716 432 402
f 716 402 715
f 717 118 116
f 717 116 718
f 719 123 118
f 719 118 717
f 712 126 123
f 712 123 719
f 720 458 432
f 720 432 716
f 721 459 458
f 721 458 720
f 722 393 459
f 722 459 721
f 723 135 140
f 723 140 724
f 725 120 135
f 725 135 723
f 718 116 120
f 718 120 725
f 726 376 393
f 726 370 376
f 726 393 722
f 727 371 370
f 727 370 726
f 728 371 727
f 729 132 134
f 729 134 730
f 731 138 132
f 731 132 729
f 724 140 138
f 724 138 731
f 732 372 371
f 732 371 728
f 733 362 372
f 733 372 732
f 734 363 362
f 734 362 733
f 735 121 98
f 735 133 121
f 735 98 736
f 737 134 133
f 737 133 735
f 730 134 737
f 738 361 363
f 738 363 734
f 739 377 361
f 739 361 738
f 740 394 377
f 740 377 739
f 741 93 90
f 741 90 742
f 743 95 93
f 743 93 741
f 736 98 95
f 736 95 743
f 744 452 394
f 744 394 740
f 745 453 452
f 745 452 744
f 746 367 453
f 746 453 745
f 747 103 113
f 747 113 748
f 749 99 103
f 749 103 747
f 742 90 99
f 742 99 749
f 750 350 367
f 750 344 350
f 750 367 746
f 751 345 344
f 751 344 750
f 752 345 751
f 753 105 106
f 753 106 754
f 755 110 105
f 755 105 753
f 748 113 110
f 748 110 755
f 756 346 345
f 756 345 752
f 757 338 346
f 757 346 756
f 758 339 338
f 758 338 757
f 759 100 62
f 759 62 760
f 761 104 100
f 761 100 759
f 754 106 104
f 754 104 761
f 762 337 339
f 762 339 758
f 763 351 337
f 763 337 762
f 764 368 351
f 764 351 763
f 765 58 54
f 765 54 766
f 767 60 58
f 767 58 765
f 760 62 60
f 760 60 767
f 768 448 368
f 768 368 764
f 769 449 448
f 769 448 768
f 770 341 449
f 770 449 769
f 771 76 85
f 771 85 772
f 773 70 76
f 773 76 771
f 766 54 70
f 766 70 773
f 774 330 341
f 774 341 770
f 775 321 330
f 775 330 774
f 776 322 321
f 776 321 775
f 777 79 80
f 777 80 778
f 779 83 79
f 779 79 777
f 772 85 83
f 772 83 779
f 780 323 322
f 780 322 776
f 781 315 323
f 781 323 780
f 782 316 315
f 782 315 781
f 783 71 32
f 783 32 784
f 785 77 71
f 785 71 783
f 778 80 77
f 778 77 785
f 786 314 316
f 786 316 782
f 787 331 314
f 787 314 786
f 788 342 331
f 788 331 787
f 789 26 21
f 789 21 790
f 791 28 26
f 791 26 789
f 784 32 28
f 784 28 791
f 792 353 342
f 792 342 788
f 793 354 353
f 793 353 792
f 794 309 354
f 794 354 793
f 795 42 72
f 795 72 796
f 797 36 42
f 797 42 795
f 790 21 36
f 790 36 797
f 798 304 309
f 798 298 304
f 798 309 794
f 799 299 298
f 799 298 798
f 800 299 799
f 801 64 65
f 801 65 802
f 803 69 64
f 803 64 801
f 796 72 69
f 796 69 803
f 804 300 299
f 804 299 800
f 805 293 300
f 805 300 804
f 806 294 293
f 806 293 805
f 807 37 15
f 807 43 37
f 807 15 808
f 809 65 43
f 809 43 807
f 802 65 809
f 810 295 294
f 810 294 806
f 811 305 295
f 811 295 810
f 812 310 305
f 812 305 811
f 813 11 9
f 813 9 814
f 815 14 11
f 815 11 813
f 808 15 14
f 808 14 815
f 816 319 310
f 816 310 812
f 817 320 319
f 817 319 816
f 818 288 320
f 818 320 817
f 819 35 51
f 819 51 820
f 821 19 35
f 821 35 819
f 814 9 19
f 814 19 821
f 822 281 288
f 822 288 818
f 823 275 281
f 823 281 822
f 824 276 275
f 824 275 823
f 825 46 47
f 825 47 826
f 827 49 46
f 827 46 825
f 820 51 49
f 820 49 827
f 828 277 276
f 828 276 824
f 829 268 277
f 829 277 828
f 830 269 268
f 830 268 829
f 831 23 4
f 831 38 23
f 831 4 832
f 833 47 38
f 833 38 831
f 826 47 833
f 834 270 269
f 834 269 830
f 835 282 270
f 835 270 834
f 836 285 282
f 836 282 835
f 837 1 6
f 837 6 838
f 839 2 1
f 839 1 837
f 832 4 2
f 832 2 839
f 840 286 285
f 840 285 836
f 841 287 286
f 841 286 840
f 842 262 287
f 842 287 841
f 843 34 45
f 843 45 844
f 845 18 34
f 845 34 843
f 838 6 18
f 838 18 845
f 846 259 262
f 846 262 842
f 847 252 259
f 847 259 846
f 848 253 252
f 848 252 847
f 849 48 50
f 849 50 850
f 851 44 48
f 851 48 849
f 844 45 44
f 844 44 851
f 852 254 253
f 852 253 848
f 853 245 254
f 853 254 852
f 854 246 245
f 854 245 853
f 855 29 7
f 855 39 29
f 855 7 856
f 857 50 39
f 857 39 855
f 850 50 857
f 858 247 246
f 858 246 854
f 859 260 247
f 859 247 858
f 860 244 260
f 860 260 859
f 861 13 16
f 861 16 862
f 863 12 13
f 863 13 861
f 856 7 12
f 856 12 863
f 864 241 244
f 864 244 860
f 865 239 241
f 865 241 864
f 866 236 239
f 866 239 865
f 867 41 67
f 867 67 868
f 869 24 41
f 869 41 867
f 862 16 24
f 862 24 869
f 870 233 236
f 870 236 866
f 871 227 233
f 871 233 870
f 872 228 227
f 872 227 871
f 873 68 73
f 873 73 874
f 875 66 68
f 875 68 873
f 868 67 66
f 868 66 875
f 876 229 228
f 876 228 872
f 877 219 229
f 877 229 876
f 878 220 219
f 878 219 877
f 879 40 20
f 879 20 880
f 881 55 40
f 881 40 879
f 874 73 55
f 874 55 881
f 882 221 220
f 882 220 878
f 883 234 221
f 883 221 882
f 884 217 234
f 884 234 883
f 885 27 30
f 885 30 886
f 887 25 27
f 887 27 885
f 880 20 25
f 880 25 887
f 888 215 217
f 888 217 884
f 889 213 215
f 889 215 888
f 890 209 213
f 890 213 889
f 891 75 82
f 891 82 892
f 893 53 75
f 893 75 891
f 886 30 53
f 886 53 893
f 894 206 209
f 894 209 890
f 895 200 206
f 895 206 894
f 896 204 200
f 896 200 895
f 897 84 86
f 897 86 898
f 899 81 84
f 899 84 897
f 892 82 81
f 892 81 899
f 900 201 204
f 900 204 896
f 901 193 201
f 901 201 900
f 902 194 193
f 902 193 901
f 903 74 52
f 903 78 74
f 903 52 904
f 905 86 78
f 905 78 903
f 898 86 905
f 906 195 194
f 906 194 902
f 907 207 195
f 907 195 906
f 908 191 207
f 908 207 907
f 909 59 61
f 909 61 910
f 911 56 59
f 911 59 909
f 904 52 56
f 904 56 911
f 912 190 191
f 912 191 908
f 913 186 190
f 913 190 912
f 914 181 186
f 914 186 913
f 915 102 108
f 915 108 916
f 917 89 102
f 917 102 915
f 910 61 89
f 910 89 917
f 918 174 181
f 918 181 914
f 919 179 174
f 919 174 918
f 920 185 179
f 920 179 919
f 921 111 112
f 921 112 922
f 923 107 111
f 923 111 921
f 916 108 107
f 916 107 923
f 924 180 185
f 924 185 920
f 925 170 180
f 925 180 924
f 926 171 170
f 926 170 925
f 927 101 87
f 927 109 101
f 927 87 928
f 929 112 109
f 929 109 927
f 922 112 929
f 930 172 171
f 930 171 926
f 931 175 172
f 931 172 930
f 932 164 175
f 932 175 931
f 933 94 96
f 933 96 934
f 935 92 94
f 935 94 933
f 928 87 92
f 928 92 935
f 936 160 164
f 936 164 932
f 937 154 160
f 937 160 936
f 938 148 154
f 938 154 937
f 939 125 131
f 939 131 940
f 941 115 125
f 941 125 939
f 934 96 115
f 934 115 941
f 942 152 148
f 942 148 938
f 943 157 152
f 943 152 942
f 944 165 157
f 944 157 943
f 945 137 139
f 945 139 946
f 947 130 137
f 947 137 945
f 940 131 130
f 940 130 947
f 948 158 165
f 948 165 944
f 949 141 158
f 949 158 948
f 950 142 141
f 950 141 949
f 951 124 114
f 951 136 124
f 951 114 952
f 953 139 136
f 953 136 951
f 946 139 953
f 954 143 142
f 954 142 950
f 955 149 143
f 955 143 954
f 956 128 149
f 956 149 955
f 957 122 128
f 957 128 956
f 958 119 122
f 958 122 957
f 952 114 119
f 952 119 958
f 959 509 960
f 961 509 510
f 961 960 509
f 962 509 959
f 963 508 509
f 963 509 962
f 964 961 510
f 964 510 511
f 965 964 511
f 966 508 963
f 967 965 511
f 968 508 966
f 969 967 511
f 970 508 968
f 970 507 508
f 971 963 962
f 972 961 964
f 973 969 511
f 973 511 512
f 974 507 970
f 975 961 972
f 976 974 970
f 977 973 512
f 978 507 974
f 979 507 978
f 980 977 512
f 981 963 971
f 982 506 507
f 982 507 979
f 983 512 513
f 983 980 512
f 984 981 971
f 985 975 972
f 986 987 969
f 986 969 973
f 988 975 985
f 989 981 984
f 990 974 976
f 990 976 991
f 992 993 987
f 992 987 986
f 994 984 995
f 994 989 984
f 996 997 988
f 998 989 994
f 999 988 985
f 999 996 988
f 1000 989 998
f 1001 999 985
f 1002 982 1003
f 1002 506 982
f 1004 983 513
f 1005 990 991
f 1006 506 1002
f 1006 505 506
f 1007 1004 513
f 1008 505 1006
f 1009 1007 513
f 1010 505 1008
f 1011 513 514
f 1011 1009 513
f 1012 1013 993
f 1014 991 1015
f 1014 1005 991
f 1016 1005 1014
f 1017 1012 993
f 1017 993 992
f 1018 983 1004
f 1018 1019 983
f 1020 1005 1016
f 1021 1017 992
f 1022 1003 1023
f 1022 1002 1003
f 1024 1019 1018
f 1024 1025 1019
f 1026 1022 1023
f 1027 1028 1025
f 1029 1026 1023
f 1029 1023 1030
f 1031 1026 1029
f 1032 1025 1024
f 1032 1027 1025
f 1033 1032 1024
f 1034 1026 1031
f 1035 514 515
f 1035 1011 514
f 1036 505 1010
f 1036 504 505
f 1036 1010 1037
f 1038 504 1036
f 1039 1035 515
f 1040 1039 515
f 1041 504 1038
f 1042 1040 515
f 1043 503 504
f 1043 504 1041
f 1044 1011 1035
f 1044 1045 1011
f 1046 1037 1047
f 1046 1036 1037
f 1048 1045 1044
f 1048 1049 1045
f 1050 1051 1049
f 1052 1047 1053
f 1054 1046 1047
f 1054 1047 1052
f 1055 1054 1052
f 1056 1050 1049
f 1056 1049 1048
f 1057 1054 1055
f 1058 1056 1048
f 1059 503 1043
f 1059 1043 1060
f 1061 515 516
f 1061 1042 515
f 1062 1061 516
f 1063 503 1059
f 1064 1042 1061
f 1064 1065 1042
f 1066 1062 516
f 1067 503 1063
f 1068 1059 1060
f 1068 1060 1069
f 1070 502 503
f 1070 503 1067
f 1071 1066 516
f 1071 516 517
f 1072 1069 1073
f 1074 1075 1076
f 1077 1065 1064
f 1077 1076 1065
f 1078 1068 1069
f 1078 1069 1072
f 1079 1078 1072
f 1080 1074 1076
f 1080 1076 1077
f 1081 1078 1079
f 1082 1080 1077
f 1083 1084 1085
f 1086 1087 1088
f 1089 1071 517
f 1090 502 1070
f 1090 1070 1091
f 1092 1093 1071
f 1092 1071 1089
f 1094 1091 1087
f 1094 1090 1091
f 1095 1089 517
f 1096 502 1090
f 1097 1085 1093
f 1097 1093 1092
f 1098 1083 1085
f 1098 1085 1097
f 1099 1086 1100
f 1099 1094 1087
f 1099 1087 1086
f 1101 1095 517
f 1102 501 502
f 1102 502 1096
f 1103 517 518
f 1103 1101 517
f 1104 501 1102
f 1105 1098 1097
f 1106 1099 1100
f 1107 1108 1109
f 1110 1111 1112
f 1113 1107 1109
f 1114 1115 1111
f 1116 1117 1103
f 1118 1113 1109
f 1118 1117 1116
f 1118 1109 1117
f 1119 1111 1110
f 1119 1114 1111
f 1119 1110 1120
f 1121 501 1104
f 1121 500 501
f 1121 1115 1114
f 1121 1104 1115
f 1122 1103 518
f 1122 1116 1103
f 1123 1113 1118
f 1124 1119 1120
f 1125 500 1121
f 1126 1122 518
f 1126 518 519
f 1127 500 1125
f 1128 1126 519
f 1129 500 1127
f 1130 1128 519
f 1131 1132 1133
f 1134 1135 1136
f 1137 1134 1136
f 1138 1132 1131
f 1138 1131 1139
f 1140 1136 1141
f 1140 1137 1136
f 1142 1138 1139
f 1143 1137 1140
f 1144 1145 1132
f 1144 1132 1138
f 1146 1140 1141
f 1146 1141 1130
f 1147 499 500
f 1147 500 1129
f 1147 1129 1145
f 1147 1145 1144
f 1148 1130 519
f 1148 519 520
f 1148 1146 1130
f 1149 499 1147
f 1150 1148 520
f 1151 499 1149
f 1152 1150 520
f 1153 499 1151
f 1154 1152 520
f 1155 1156 1157
f 1158 1159 1160
f 498 499 1153
f 1161 1158 1160
f 1162 1156 1155
f 1162 1163 1164
f 1162 1155 1163
f 1165 1161 1160
f 1165 1166 1161
f 1165 1160 1167
f 1168 1156 1162
f 1168 1169 1156
f 1170 1167 1154
f 1170 1165 1167
f 1171 1154 520
f 1171 520 521
f 1171 1170 1154
f 1172 498 1153
f 1172 1169 1168
f 1172 1153 1169
f 1173 1171 521
f 1174 498 1172
f 1175 498 1174
f 1176 1173 521
f 1177 1176 521
f 1178 498 1175
f 1179 1180 1181
f 1182 1183 1184
f 1185 1182 1184
f 1186 1187 1188
f 1186 1179 1187
f 1186 1180 1179
f 1189 1190 1185
f 1189 1184 1191
f 1189 1185 1184
f 497 498 1178
f 1192 1180 1186
f 1192 1193 1180
f 1194 1191 1177
f 1194 1189 1191
f 1195 1194 1177
f 1196 1178 1193
f 1196 1193 1192
f 1196 497 1178
f 522 1177 521
f 522 1195 1177
f 522 1197 1195
f 1198 1197 522
f 1199 1198 522
f 1200 1201 1202
f 1203 1204 1205
f 1206 1203 1205
f 1207 1208 1209
f 1207 1200 1208
f 1207 1201 1200
f 1210 1206 1205
f 1210 1211 1206
f 1210 1205 1212
f 1213 1214 1201
f 1213 1201 1207
f 1215 1210 1212
f 1215 1212 1199
f 496 1216 1217
f 496 1218 1216
f 496 1196 1218
f 496 497 1196
f 1219 1215 1199
f 1220 1217 1214
f 1220 496 1217
f 1220 1214 1213
f 1221 1222 1223
f 1224 1225 1226
f 523 1199 522
f 523 1219 1199
f 1227 1221 1223
f 1228 1229 1230
f 1228 1224 1229
f 1228 1225 1224
f 1231 1227 1223
f 1231 1232 1227
f 1231 1223 1233
f 1234 1235 1225
f 1234 1225 1228
f 1236 1233 1237
f 1236 1231 1233
f 1238 1236 1237
f 1239 1240 1235
f 1239 1235 1234
f 1241 1242 1243
f 1244 1245 1246
f 1247 1241 1243
f 495 1248 1240
f 495 1249 1248
f 495 1220 1249
f 495 496 1220
f 1250 1251 1252
f 1250 1246 1251
f 1250 1244 1246
f 1253 1247 1243
f 1253 1254 1247
f 1253 1243 1255
f 524 1238 1237
f 524 1219 523
f 524 1256 1219
f 524 1257 1256
f 524 1237 1257
f 1258 1259 1244
f 1258 1244 1250
f 1260 1253 1255
f 1260 1255 1261
f 1262 1263 1264
f 1265 1266 1267
f 1268 1263 1262
f 1269 1259 1258
f 1269 1270 1259
f 1271 1260 1261
f 1272 1265 1267
f 1272 1273 1274
f 1272 1267 1273
f 1275 1276 1268
f 1275 1262 1277
f 1275 1268 1262
f 1278 1279 1265
f 1278 1265 1272
f 494 495 1240
f 494 1280 1270
f 494 1281 1280
f 494 1239 1281
f 494 1240 1239
f 1282 1277 1283
f 1282 1275 1277
f 1284 1285 1286
f 1287 1285 1284
f 1288 1289 1290
f 525 1238 524
f 525 1291 1238
f 525 1292 1291
f 525 1261 1292
f 1293 1282 1283
f 1294 1279 1278
f 1294 1295 1279
f 1296 1288 1290
f 1296 1297 1298
f 1296 1290 1297
f 1299 1300 1287
f 1299 1284 1301
f 1299 1287 1284
f 1302 1288 1296
f 1302 1303 1288
f 1304 1305 1306
f 1304 1307 1305
f 1308 1299 1301
f 1308 1301 1309
f 1310 1311 1312
f 1313 1310 1312
f 1313 1314 1315
f 1313 1312 1314
f 1316 1307 1304
f 1316 1317 1307
f 1316 1304 1318
f 1319 1303 1302
f 1319 1320 1303
f 1321 1308 1309
f 493 1270 1269
f 493 494 1270
f 1322 1323 1324
f 1322 1325 1323
f 1326 1310 1313
f 1326 1327 1310
f 1328 1329 1330
f 1331 1328 1330
f 1331 1332 1333
f 1331 1330 1332
f 1334 1318 1335
f 1334 1316 1318
f 1336 1337 1325
f 1336 1322 1338
f 1336 1325 1322
f 1339 1340 1341
f 1339 1342 1340
f 1343 1344 1345
f 1343 1346 1344
f 526 1271 1261
f 526 1261 525
f 526 1347 1271
f 526 1348 1347
f 526 1283 1348
f 1349 1346 1343
f 1349 1350 1346
f 1351 1328 1331
f 1351 1352 1328
f 1353 1354 1342
f 1353 1342 1339
f 1355 1334 1335
f 1356 1357 1327
f 1356 1327 1326
f 1358 1353 1339
f 1359 1336 1338
f 1360 1349 1343
f 1361 1359 1338
f 1362 1349 1360
f 1363 1353 1358
f 1364 1359 1361
f 1365 1352 1351
f 1365 1366 1352
f 1367 1363 1358
f 1368 1363 1367
f 1369 1362 1360
f 1369 1370 1362
f 492 1295 1294
f 492 493 1269
f 492 1371 1295
f 492 1372 1371
f 492 1269 1372
f 481 1283 526
f 481 1293 1283
f 491 1373 1320
f 491 1374 1373
f 491 1294 1374
f 491 492 1294
f 480 1375 1293
f 480 1376 1375
f 480 1309 1376
f 480 1293 481
f 480 1321 1309
f 490 1320 1319
f 490 1377 1357
f 490 1378 1377
f 490 1319 1378
f 490 491 1320
f 482 1379 1321
f 482 1380 1379
f 482 1335 1380
f 482 1321 480
f 489 1357 1356
f 489 1356 1381
f 489 490 1357
f 483 1335 482
f 483 1382 1355
f 483 1383 1382
f 483 1361 1383
f 483 1355 1335
f 488 489 1381
f 488 1366 1365
f 488 1384 1366
f 488 1381 1384
f 484 1361 483
f 484 1364 1361
f 487 488 1365
f 487 1385 1370
f 487 1386 1385
f 487 1365 1386
f 487 1370 1369
f 485 1364 484
f 485 1387 1364
f 485 1388 1387
f 485 1367 1388
f 485 1368 1367
f 486 1389 1368
f 486 1390 1389
f 486 1369 1390
f 486 1368 485
f 486 487 1369
f 1391 527 528
f 1391 528 1392
f 1393 529 527
f 1393 527 1391
f 1394 530 529
f 1394 529 1393
f 1395 531 532
f 1395 532 1396
f 1397 533 531
f 1397 531 1395
f 1392 528 533
f 1392 533 1397
f 1398 534 530
f 1398 530 1394
f 1399 535 534
f 1399 534 1398
f 1400 536 535
f 1400 535 1399
f 1401 537 538
f 1401 538 1402
f 1403 539 537
f 1403 537 1401
f 1396 532 539
f 1396 539 1403
f 1404 540 536
f 1404 536 1400
f 1405 541 540
f 1405 540 1404
f 1406 542 541
f 1406 541 1405
f 1407 543 544
f 1407 545 543
f 1407 544 1408
f 1409 538 545
f 1409 545 1407
f 1402 538 1409
f 1410 546 542
f 1410 542 1406
f 1411 547 546
f 1411 546 1410
f 1412 548 547
f 1412 547 1411
f 1413 549 550
f 1413 550 1414
f 1415 551 549
f 1415 549 1413
f 1408 544 551
f 1408 551 1415
f 1416 552 548
f 1416 548 1412
f 1417 553 552
f 1417 552 1416
f 1418 554 553
f 1418 553 1417
f 1419 555 556
f 1419 556 1420
f 1421 557 555
f 1421 555 1419
f 1414 550 557
f 1414 557 1421
f 1422 558 554
f 1422 554 1418
f 1423 559 558
f 1423 558 1422
f 1424 560 559
f 1424 559 1423
f 1425 561 562
f 1425 562 1426
f 1427 563 561
f 1427 561 1425
f 1420 556 563
f 1420 563 1427
f 1428 564 560
f 1428 560 1424
f 1429 565 564
f 1429 564 1428
f 1430 566 565
f 1430 565 1429
f 1431 567 568
f 1431 568 1432
f 1433 569 567
f 1433 567 1431
f 1426 562 569
f 1426 569 1433
f 1434 570 566
f 1434 566 1430
f 1435 571 570
f 1435 570 1434
f 1436 572 571
f 1436 571 1435
f 1437 573 574
f 1437 574 1438
f 1439 575 573
f 1439 573 1437
f 1432 568 575
f 1432 575 1439
f 1440 576 572
f 1440 572 1436
f 1441 577 576
f 1441 576 1440
f 1442 578 577
f 1442 577 1441
f 1443 579 580
f 1443 580 1444
f 1445 581 579
f 1445 579 1443
f 1438 574 581
f 1438 581 1445
f 1446 582 578
f 1446 583 582
f 1446 578 1442
f 1447 584 583
f 1447 583 1446
f 1448 584 1447
f 1449 585 586
f 1449 586 1450
f 1451 587 585
f 1451 585 1449
f 1444 580 587
f 1444 587 1451
f 1452 588 584
f 1452 584 1448
f 1453 589 588
f 1453 588 1452
f 1454 590 589
f 1454 589 1453
f 1455 591 592
f 1455 593 591
f 1455 592 1456
f 1457 586 593
f 1457 593 1455
f 1450 586 1457
f 1458 594 590
f 1458 590 1454
f 1459 595 594
f 1459 594 1458
f 1460 596 595
f 1460 595 1459
f 1461 597 598
f 1461 598 1462
f 1463 599 597
f 1463 597 1461
f 1456 592 599
f 1456 599 1463
f 1464 600 596
f 1464 596 1460
f 1465 601 600
f 1465 600 1464
f 1466 602 601
f 1466 601 1465
f 1467 603 604
f 1467 604 1468
f 1469 605 603
f 1469 603 1467
f 1462 598 605
f 1462 605 1469
f 1470 606 602
f 1470 607 606
f 1470 602 1466
f 1471 608 607
f 1471 607 1470
f 1472 608 1471
f 1473 609 610
f 1473 610 1474
f 1475 611 609
f 1475 609 1473
f 1468 604 611
f 1468 611 1475
f 1476 612 608
f 1476 608 1472
f 1477 613 612
f 1477 612 1476
f 1478 614 613
f 1478 613 1477
f 1479 615 616
f 1479 617 615
f 1479 616 1480
f 1481 610 617
f 1481 617 1479
f 1474 610 1481
f 1482 618 614
f 1482 614 1478
f 1483 619 618
f 1483 618 1482
f 1484 620 619
f 1484 619 1483
f 1485 621 622
f 1485 622 1486
f 1487 623 621
f 1487 621 1485
f 1480 616 623
f 1480 623 1487
f 1488 624 620
f 1488 620 1484
f 1489 625 624
f 1489 624 1488
f 1490 626 625
f 1490 625 1489
f 1491 627 628
f 1491 628 1492
f 1493 629 627
f 1493 627 1491
f 1486 622 629
f 1486 629 1493
f 1494 630 626
f 1494 626 1490
f 1495 631 630
f 1495 630 1494
f 1496 632 631
f 1496 631 1495
f 1497 633 634
f 1497 634 1498
f 1499 635 633
f 1499 633 1497
f 1492 628 635
f 1492 635 1499
f 1500 636 632
f 1500 632 1496
f 1501 637 636
f 1501 636 1500
f 1502 638 637
f 1502 637 1501
f 1503 639 640
f 1503 641 639
f 1503 640 1504
f 1505 634 641
f 1505 641 1503
f 1498 634 1505
f 1506 642 638
f 1506 638 1502
f 1507 643 642
f 1507 642 1506
f 1508 644 643
f 1508 643 1507
f 1509 645 646
f 1509 646 1510
f 1511 647 645
f 1511 645 1509
f 1504 640 647
f 1504 647 1511
f 1512 648 644
f 1512 644 1508
f 1513 649 648
f 1513 648 1512
f 1514 650 649
f 1514 649 1513
f 1515 651 652
f 1515 652 1516
f 1517 653 651
f 1517 651 1515
f 1510 646 653
f 1510 653 1517
f 1518 654 650
f 1518 655 654
f 1518 650 1514
f 1519 656 655
f 1519 655 1518
f 1520 656 1519
f 1521 657 658
f 1521 658 1522
f 1523 659 657
f 1523 657 1521
f 1516 652 659
f 1516 659 1523
f 1524 660 656
f 1524 656 1520
f 1525 661 660
f 1525 660 1524
f 1526 662 661
f 1526 661 1525
f 1527 663 664
f 1527 664 1528
f 1529 665 663
f 1529 663 1527
f 1522 658 665
f 1522 665 1529
f 1530 666 662
f 1530 662 1526
f 1531 667 666
f 1531 666 1530
f 1532 668 667
f 1532 667 1531
f 1533 669 670
f 1533 670 1534
f 1535 671 669
f 1535 669 1533
f 1528 664 671
f 1528 671 1535
f 1536 672 668
f 1536 668 1532
f 1537 673 672
f 1537 672 1536
f 1538 674 673
f 1538 673 1537
f 1539 675 676
f 1539 676 1540
f 1541 677 675
f 1541 675 1539
f 1534 670 677
f 1534 677 1541
f 1542 678 674
f 1542 674 1538
f 1543 679 678
f 1543 678 1542
f 1544 680 679
f 1544 679 1543
f 1545 681 682
f 1545 682 1546
f 1547 683 681
f 1547 681 1545
f 1540 676 683
f 1540 683 1547
f 1548 684 680
f 1548 680 1544
f 1549 685 684
f 1549 684 1548
f 1550 686 685
f 1550 685 1549
f 1551 687 688
f 1551 689 687
f 1551 688 1552
f 1553 682 689
f 1553 689 1551
f 1546 682 1553
f 1554 690 686
f 1554 686 1550
f 1555 691 690
f 1555 690 1554
f 1556 692 691
f 1556 691 1555
f 1557 693 694
f 1557 694 1558
f 1559 695 693
f 1559 693 1557
f 1552 688 695
f 1552 695 1559
f 1560 696 692
f 1560 692 1556
f 1561 697 696
f 1561 696 1560
f 1562 698 697
f 1562 697 1561
f 1563 699 700
f 1563 700 1564
f 1565 701 699
f 1565 699 1563
f 1558 694 701
f 1558 701 1565
f 1566 702 698
f 1566 698 1562
f 1567 703 702
f 1567 702 1566
f 1568 704 703
f 1568 703 1567
f 1569 705 706
f 1569 706 1570
f 1571 707 705
f 1571 705 1569
f 1564 700 707
f 1564 707 1571
f 1572 708 704
f 1572 704 1568
f 1573 709 708
f 1573 708 1572
f 1574 710 709
f 1574 709 1573
f 1575 711 712
f 1575 712 1576
f 1577 713 711
f 1577 711 1575
f 1570 706 713
f 1570 713 1577
f 1578 714 710
f 1578 710 1574
f 1579 715 714
f 1579 714 1578
f 1580 716 715
f 1580 715 1579
f 1581 717 718
f 1581 718 1582
f 1583 719 717
f 1583 717 1581
f 1576 712 719
f 1576 719 1583
f 1584 720 716
f 1584 716 1580
f 1585 721 720
f 1585 720 1584
f 1586 722 721
f 1586 721 1585
f 1587 723 724
f 1587 724 1588
f 1589 725 723
f 1589 723 1587
f 1582 718 725
f 1582 725 1589
f 1590 726 722
f 1590 722 1586
f 1591 727 726
f 1591 726 1590
f 1592 728 727
f 1592 727 1591
f 1593 729 730
f 1593 730 1594
f 1595 731 729
f 1595 729 1593
f 1588 724 731
f 1588 731 1595
f 1596 732 728
f 1596 728 1592
f 1597 733 732
f 1597 732 1596
f 1598 734 733
f 1598 733 1597
f 1599 735 736
f 1599 736 1600
f 1601 737 735
f 1601 735 1599
f 1594 730 737
f 1594 737 1601
f 1602 738 734
f 1602 734 1598
f 1603 739 738
f 1603 738 1602
f 1604 740 739
f 1604 739 1603
f 1605 741 742
f 1605 742 1606
f 1607 743 741
f 1607 741 1605
f 1600 736 743
f 1600 743 1607
f 1608 744 740
f 1608 740 1604
f 1609 745 744
f 1609 744 1608
f 1610 746 745
f 1610 745 1609
f 1611 747 748
f 1611 748 1612
f 1613 749 747
f 1613 747 1611
f 1606 742 749
f 1606 749 1613
f 1614 750 746
f 1614 751 750
f 1614 746 1610
f 1615 752 751
f 1615 751 1614
f 1616 752 1615
f 1617 753 754
f 1617 754 1618
f 1619 755 753
f 1619 753 1617
f 1612 748 755
f 1612 755 1619
f 1620 756 752
f 1620 752 1616
f 1621 757 756
f 1621 756 1620
f 1622 758 757
f 1622 757 1621
f 1623 759 760
f 1623 760 1624
f 1625 761 759
f 1625 759 1623
f 1618 754 761
f 1618 761 1625
f 1626 762 758
f 1626 758 1622
f 1627 763 762
f 1627 762 1626
f 1628 764 763
f 1628 763 1627
f 1629 765 766
f 1629 766 1630
f 1631 767 765
f 1631 765 1629
f 1624 760 767
f 1624 767 1631
f 1632 768 764
f 1632 764 1628
f 1633 769 768
f 1633 768 1632
f 1634 770 769
f 1634 769 1633
f 1635 771 772
f 1635 772 1636
f 1637 773 771
f 1637 771 1635
f 1630 766 773
f 1630 773 1637
f 1638 774 770
f 1638 770 1634
f 1639 775 774
f 1639 774 1638
f 1640 776 775
f 1640 775 1639
f 1641 777 778
f 1641 778 1642
f 1643 779 777
f 1643 777 1641
f 1636 772 779
f 1636 779 1643
f 1644 780 776
f 1644 776 1640
f 1645 781 780
f 1645 780 1644
f 1646 782 781
f 1646 781 1645
f 1647 783 784
f 1647 785 783
f 1647 784 1648
f 1649 778 785
f 1649 785 1647
f 1642 778 1649
f 1650 786 782
f 1650 782 1646
f 1651 787 786
f 1651 786 1650
f 1652 788 787
f 1652 787 1651
f 1653 789 790
f 1653 790 1654
f 1655 791 789
f 1655 789 1653
f 1648 784 791
f 1648 791 1655
f 1656 792 788
f 1656 788 1652
f 1657 793 792
f 1657 792 1656
f 1658 794 793
f 1658 793 1657
f 1659 795 796
f 1659 796 1660
f 1661 797 795
f 1661 795 1659
f 1654 790 797
f 1654 797 1661
f 1662 798 794
f 1662 794 1658
f 1663 799 798
f 1663 798 1662
f 1664 800 799
f 1664 799 1663
f 1665 801 802
f 1665 802 1666
f 1667 803 801
f 1667 801 1665
f 1660 796 803
f 1660 803 1667
f 1668 804 800
f 1668 800 1664
f 1669 805 804
f 1669 804 1668
f 1670 806 805
f 1670 805 1669
f 1671 807 808
f 1671 808 1672
f 1673 809 807
f 1673 807 1671
f 1666 802 809
f 1666 809 1673
f 1674 810 806
f 1674 806 1670
f 1675 811 810
f 1675 810 1674
f 1676 812 811
f 1676 811 1675
f 1677 813 814
f 1677 814 1678
f 1679 815 813
f 1679 813 1677
f 1672 808 815
f 1672 815 1679
f 1680 816 812
f 1680 812 1676
f 1681 817 816
f 1681 816 1680
f 1682 818 817
f 1682 817 1681
f 1683 819 820
f 1683 820 1684
f 1685 821 819
f 1685 819 1683
f 1678 814 821
f 1678 821 1685
f 1686 822 818
f 1686 823 822
f 1686 818 1682
f 1687 824 823
f 1687 823 1686
f 1688 824 1687
f 1689 825 826
f 1689 826 1690
f 1691 827 825
f 1691 825 1689
f 1684 820 827
f 1684 827 1691
f 1692 828 824
f 1692 824 1688
f 1693 829 828
f 1693 828 1692
f 1694 830 829
f 1694 829 1693
f 1695 831 832
f 1695 833 831
f 1695 832 1696
f 1697 826 833
f 1697 833 1695
f 1690 826 1697
f 1698 834 830
f 1698 830 1694
f 1699 835 834
f 1699 834 1698
f 1700 836 835
f 1700 835 1699
f 1701 837 838
f 1701 838 1702
f 1703 839 837
f 1703 837 1701
f 1696 832 839
f 1696 839 1703
f 1704 840 836
f 1704 836 1700
f 1705 841 840
f 1705 840 1704
f 1706 842 841
f 1706 841 1705
f 1707 843 844
f 1707 844 1708
f 1709 845 843
f 1709 843 1707
f 1702 838 845
f 1702 845 1709
f 1710 846 842
f 1710 842 1706
f 1711 847 846
f 1711 846 1710
f 1712 848 847
f 1712 847 1711
f 1713 849 850
f 1713 850 1714
f 1715 851 849
f 1715 849 1713
f 1708 844 851
f 1708 851 1715
f 1716 852 848
f 1716 848 1712
f 1717 853 852
f 1717 852 1716
f 1718 854 853
f 1718 853 1717
f 1719 855 856
f 1719 857 855
f 1719 856 1720
f 1721 850 857
f 1721 857 1719
f 1714 850 1721
f 1722 858 854
f 1722 854 1718
f 1723 859 858
f 1723 858 1722
f 1724 860 859
f 1724 859 1723
f 1725 861 862
f 1725 862 1726
f 1727 863 861
f 1727 861 1725
f 1720 856 863
f 1720 863 1727
f 1728 864 860
f 1728 860 1724
f 1729 865 864
f 1729 864 1728
f 1730 866 865
f 1730 865 1729
f 1731 867 868
f 1731 868 1732
f 1733 869 867
f 1733 867 1731
f 1726 862 869
f 1726 869 1733
f 1734 870 866
f 1734 866 1730
f 1735 871 870
f 1735 870 1734
f 1736 872 871
f 1736 871 1735
f 1737 873 874
f 1737 874 1738
f 1739 875 873
f 1739 873 1737
f 1732 868 875
f 1732 875 1739
f 1740 876 872
f 1740 872 1736
f 1741 877 876
f 1741 876 1740
f 1742 878 877
f 1742 877 1741
f 1743 879 880
f 1743 881 879
f 1743 880 1744
f 1745 874 881
f 1745 881 1743
f 1738 874 1745
f 1746 882 878
f 1746 878 1742
f 1747 883 882
f 1747 882 1746
f 1748 884 883
f 1748 883 1747
f 1749 885 886
f 1749 886 1750
f 1751 887 885
f 1751 885 1749
f 1744 880 887
f 1744 887 1751
f 1752 888 884
f 1752 884 1748
f 1753 889 888
f 1753 888 1752
f 1754 890 889
f 1754 889 1753
f 1755 891 892
f 1755 892 1756
f 1757 893 891
f 1757 891 1755
f 1750 886 893
f 1750 893 1757
f 1758 894 890
f 1758 890 1754
f 1759 895 894
f 1759 894 1758
f 1760 896 895
f 1760 895 1759
f 1761 897 898
f 1761 898 1762
f 1763 899 897
f 1763 897 1761
f 1756 892 899
f 1756 899 1763
f 1764 900 896
f 1764 896 1760
f 1765 901 900
f 1765 900 1764
f 1766 902 901
f 1766 901 1765
f 1767 903 904
f 1767 904 1768
f 1769 905 903
f 1769 903 1767
f 1762 898 905
f 1762 905 1769
f 1770 906 902
f 1770 902 1766
f 1771 907 906
f 1771 906 1770
f 1772 908 907
f 1772 907 1771
f 1773 909 910
f 1773 910 1774
f 1775 911 909
f 1775 909 1773
f 1768 904 911
f 1768 911 1775
f 1776 912 908
f 1776 908 1772
f 1777 913 912
f 1777 912 1776
f 1778 914 913
f 1778 913 1777
f 1779 915 916
f 1779 916 1780
f 1781 917 915
f 1781 915 1779
f 1774 910 917
f 1774 917 1781
f 1782 918 914
f 1782 914 1778
f 1783 919 918
f 1783 918 1782
f 1784 920 919
f 1784 919 1783
f 1785 921 922
f 1785 922 1786
f 1787 923 921
f 1787 921 1785
f 1780 916 923
f 1780 923 1787
f 1788 924 920
f 1788 920 1784
f 1789 925 924
f 1789 924 1788
f 1790 926 925
f 1790 925 1789
f 1791 927 928
f 1791 929 927
f 1791 928 1792
f 1793 922 929
f 1793 929 1791
f 1786 922 1793
f 1794 930 926
f 1794 926 1790
f 1795 931 930
f 1795 930 1794
f 1796 932 931
f 1796 931 1795
f 1797 933 934
f 1797 934 1798
f 1799 935 933
f 1799 933 1797
f 1792 928 935
f 1792 935 1799
f 1800 936 932
f 1800 932 1796
f 1801 937 936
f 1801 936 1800
f 1802 938 937
f 1802 937 1801
f 1803 939 940
f 1803 940 1804
f 1805 941 939
f 1805 939 1803
f 1798 934 941
f 1798 941 1805
f 1806 942 938
f 1806 943 942
f 1806 938 1802
f 1807 944 943
f 1807 943 1806
f 1808 944 1807
f 1809 945 946
f 1809 946 1810
f 1811 947 945
f 1811 945 1809
f 1804 940 947
f 1804 947 1811
f 1812 948 944
f 1812 944 1808
f 1813 949 948
f 1813 948 1812
f 1814 950 949
f 1814 949 1813
f 1815 951 952
f 1815 953 951
f 1815 952 1816
f 1817 946 953
f 1817 953 1815
f 1810 946 1817
f 1818 954 950
f 1818 950 1814
f 1819 955 954
f 1819 954 1818
f 1820 956 955
f 1820 955 1819
f 1821 957 956
f 1821 956 1820
f 1822 958 957
f 1822 957 1821
f 1816 952 958
f 1816 958 1822
f 1823 1391 1392
f 1823 1392 1824
f 1825 1393 1391
f 1825 1391 1823
f 1826 1394 1393
f 1826 1393 1825
f 1827 1395 1396
f 1827 1396 1828
f 1829 1397 1395
f 1829 1395 1827
f 1824 1392 1397
f 1824 1397 1829
f 1830 1398 1394
f 1830 1399 1398
f 1830 1394 1826
f 1831 1400 1399
f 1831 1399 1830
f 1832 1400 1831
f 1833 1401 1402
f 1833 1402 1834
f 1835 1403 1401
f 1835 1401 1833
f 1828 1396 1403
f 1828 1403 1835
f 1836 1404 1400
f 1836 1400 1832
f 1837 1405 1404
f 1837 1404 1836
f 1838 1406 1405
f 1838 1405 1837
f 1839 1407 1408
f 1839 1409 1407
f 1839 1408 1840
f 1841 1402 1409
f 1841 1409 1839
f 1834 1402 1841
f 1842 1410 1406
f 1842 1406 1838
f 1843 1411 1410
f 1843 1410 1842
f 1844 1412 1411
f 1844 1411 1843
f 1845 1413 1414
f 1845 1414 1846
f 1847 1415 1413
f 1847 1413 1845
f 1840 1408 1415
f 1840 1415 1847
f 1848 1416 1412
f 1848 1412 1844
f 1849 1417 1416
f 1849 1416 1848
f 1850 1418 1417
f 1850 1417 1849
f 1851 1419 1420
f 1851 1420 1852
f 1853 1421 1419
f 1853 1419 1851
f 1846 1414 1421
f 1846 1421 1853
f 1854 1422 1418
f 1854 1418 1850
f 1855 1423 1422
f 1855 1422 1854
f 1856 1424 1423
f 1856 1423 1855
f 1857 1425 1426
f 1857 1426 1858
f 1859 1427 1425
f 1859 1425 1857
f 1852 1420 1427
f 1852 1427 1859
f 1860 1428 1424
f 1860 1424 1856
f 1861 1429 1428
f 1861 1428 1860
f 1862 1430 1429
f 1862 1429 1861
f 1863 1431 1432
f 1863 1433 1431
f 1863 1432 1864
f 1865 1426 1433
f 1865 1433 1863
f 1858 1426 1865
f 1866 1434 1430
f 1866 1430 1862
f 1867 1435 1434
f 1867 1434 1866
f 1868 1436 1435
f 1868 1435 1867
f 1869 1437 1438
f 1869 1438 1870
f 1871 1439 1437
f 1871 1437 1869
f 1864 1432 1439
f 1864 1439 1871
f 1872 1440 1436
f 1872 1436 1868
f 1873 1441 1440
f 1873 1440 1872
f 1874 1442 1441
f 1874 1441 1873
f 1875 1443 1444
f 1875 1444 1876
f 1877 1445 1443
f 1877 1443 1875
f 1870 1438 1445
f 1870 1445 1877
f 1878 1446 1442
f 1878 1442 1874
f 1879 1447 1446
f 1879 1446 1878
f 1880 1448 1447
f 1880 1447 1879
f 1881 1449 1450
f 1881 1450 1882
f 1883 1451 1449
f 1883 1449 1881
f 1876 1444 1451
f 1876 1451 1883
f 1884 1452 1448
f 1884 1448 1880
f 1885 1453 1452
f 1885 1452 1884
f 1886 1454 1453
f 1886 1453 1885
f 1887 1455 1456
f 1887 1456 1888
f 1889 1457 1455
f 1889 1455 1887
f 1882 1450 1457
f 1882 1457 1889
f 1890 1458 1454
f 1890 1454 1886
f 1891 1459 1458
f 1891 1458 1890
f 1892 1460 1459
f 1892 1459 1891
f 1893 1461 1462
f 1893 1462 1894
f 1895 1463 1461
f 1895 1461 1893
f 1888 1456 1463
f 1888 1463 1895
f 1896 1464 1460
f 1896 1460 1892
f 1897 1465 1464
f 1897 1464 1896
f 1898 1466 1465
f 1898 1465 1897
f 1899 1467 1468
f 1899 1468 1900
f 1901 1469 1467
f 1901 1467 1899
f 1894 1462 1469
f 1894 1469 1901
f 1902 1470 1466
f 1902 1466 1898
f 1903 1471 1470
f 1903 1470 1902
f 1904 1472 1471
f 1904 1471 1903
f 1905 1473 1474
f 1905 1474 1906
f 1907 1475 1473
f 1907 1473 1905
f 1900 1468 1475
f 1900 1475 1907
f 1908 1476 1472
f 1908 1472 1904
f 1909 1477 1476
f 1909 1476 1908
f 1910 1478 1477
f 1910 1477 1909
f 1911 1479 1480
f 1911 1480 1912
f 1913 1481 1479
f 1913 1479 1911
f 1906 1474 1481
f 1906 1481 1913
f 1914 1482 1478
f 1914 1478 1910
f 1915 1483 1482
f 1915 1482 1914
f 1916 1484 1483
f 1916 1483 1915
f 1917 1485 1486
f 1917 1486 1918
f 1919 1487 1485
f 1919 1485 1917
f 1912 1480 1487
f 1912 1487 1919
f 1920 1488 1484
f 1920 1484 1916
f 1921 1489 1488
f 1921 1488 1920
f 1922 1490 1489
f 1922 1489 1921
f 1923 1491 1492
f 1923 1492 1924
f 1925 1493 1491
f 1925 1491 1923
f 1918 1486 1493
f 1918 1493 1925
f 1926 1494 1490
f 1926 1495 1494
f 1926 1490 1922
f 1927 1496 1495
f 1927 1495 1926
f 1928 1496 1927
f 1929 1497 1498
f 1929 1498 1930
f 1931 1499 1497
f 1931 1497 1929
f 1924 1492 1499
f 1924 1499 1931
f 1932 1500 1496
f 1932 1496 1928
f 1933 1501 1500
f 1933 1500 1932
f 1934 1502 1501
f 1934 1501 1933
f 1935 1503 1504
f 1935 1505 1503
f 1935 1504 1936
f 1937 1498 1505
f 1937 1505 1935
f 1930 1498 1937
f 1938 1506 1502
f 1938 1502 1934
f 1939 1507 1506
f 1939 1506 1938
f 1940 1508 1507
f 1940 1507 1939
f 1941 1509 1510
f 1941 1510 1942
f 1943 1511 1509
f 1943 1509 1941
f 1936 1504 1511
f 1936 1511 1943
f 1944 1512 1508
f 1944 1508 1940
f 1945 1513 1512
f 1945 1512 1944
f 1946 1514 1513
f 1946 1513 1945
f 1947 1515 1516
f 1947 1516 1948
f 1949 1517 1515
f 1949 1515 1947
f 1942 1510 1517
f 1942 1517 1949
f 1950 1518 1514
f 1950 1514 1946
f 1951 1519 1518
f 1951 1518 1950
f 1952 1520 1519
f 1952 1519 1951
f 1953 1521 1522
f 1953 1522 1954
f 1955 1523 1521
f 1955 1521 1953
f 1948 1516 1523
f 1948 1523 1955
f 1956 1524 1520
f 1956 1520 1952
f 1957 1525 1524
f 1957 1524 1956
f 1958 1526 1525
f 1958 1525 1957
f 1959 1527 1528
f 1959 1529 1527
f 1959 1528 1960
f 1961 1522 1529
f 1961 1529 1959
f 1954 1522 1961
f 1962 1530 1526
f 1962 1526 1958
f 1963 1531 1530
f 1963 1530 1962
f 1964 1532 1531
f 1964 1531 1963
f 1965 1533 1534
f 1965 1534 1966
f 1967 1535 1533
f 1967 1533 1965
f 1960 1528 1535
f 1960 1535 1967
f 1968 1536 1532
f 1968 1532 1964
f 1969 1537 1536
f 1969 1536 1968
f 1970 1538 1537
f 1970 1537 1969
f 1971 1539 1540
f 1971 1540 1972
f 1973 1541 1539
f 1973 1539 1971
f 1966 1534 1541
f 1966 1541 1973
f 1974 1542 1538
f 1974 1538 1970
f 1975 1543 1542
f 1975 1542 1974
f 1976 1544 1543
f 1976 1543 1975
f 1977 1545 1546
f 1977 1546 1978
f 1979 1547 1545
f 1979 1545 1977
f 1972 1540 1547
f 1972 1547 1979
f 1980 1548 1544
f 1980 1544 1976
f 1981 1549 1548
f 1981 1548 1980
f 1982 1550 1549
f 1982 1549 1981
f 1983 1551 1552
f 1983 1552 1984
f 1985 1553 1551
f 1985 1551 1983
f 1978 1546 1553
f 1978 1553 1985
f 1986 1554 1550
f 1986 1550 1982
f 1987 1555 1554
f 1987 1554 1986
f 1988 1556 1555
f 1988 1555 1987
f 1989 1557 1558
f 1989 1558 1990
f 1991 1559 1557
f 1991 1557 1989
f 1984 1552 1559
f 1984 1559 1991
f 1992 1560 1556
f 1992 1556 1988
f 1993 1561 1560
f 1993 1560 1992
f 1994 1562 1561
f 1994 1561 1993
f 1995 1563 1564
f 1995 1564 1996
f 1997 1565 1563
f 1997 1563 1995
f 1990 1558 1565
f 1990 1565 1997
f 1998 1566 1562
f 1998 1567 1566
f 1998 1562 1994
f 1999 1568 1567
f 1999 1567 1998
f 2000 1568 1999
f 2001 1569 1570
f 2001 1570 2002
f 2003 1571 1569
f 2003 1569 2001
f 1996 1564 1571
f 1996 1571 2003
f 2004 1572 1568
f 2004 1568 2000
f 2005 1573 1572
f 2005 1572 2004
f 2006 1574 1573
f 2006 1573 2005
f 2007 1575 1576
f 2007 1576 2008
f 2009 1577 1575
f 2009 1575 2007
f 2002 1570 1577
f 2002 1577 2009
f 2010 1578 1574
f 2010 1574 2006
f 2011 1579 1578
f 2011 1578 2010
f 2012 1580 1579
f 2012 1579 2011
f 2013 1581 1582
f 2013 1582 2014
f 2015 1583 1581
f 2015 1581 2013
f 2008 1576 1583
f 2008 1583 2015
f 2016 1584 1580
f 2016 1580 2012
f 2017 1585 1584
f 2017 1584 2016
f 2018 1586 1585
f 2018 1585 2017
f 2019 1587 1588
f 2019 1588 2020
f 2021 1589 1587
f 2021 1587 2019
f 2014 1582 1589
f 2014 1589 2021
f 2022 1590 1586
f 2022 1586 2018
f 2023 1591 1590
f 2023 1590 2022
f 2024 1592 1591
f 2024 1591 2023
f 2025 1593 1594
f 2025 1594 2026
f 2027 1595 1593
f 2027 1593 2025
f 2020 1588 1595
f 2020 1595 2027
f 2028 1596 1592
f 2028 1592 2024
f 2029 1597 1596
f 2029 1596 2028
f 2030 1598 1597
f 2030 1597 2029
f 2031 1599 1600
f 2031 1601 1599
f 2031 1600 2032
f 2033 1594 1601
f 2033 1601 2031
f 2026 1594 2033
f 2034 1602 1598
f 2034 1598 2030
f 2035 1603 1602
f 2035 1602 2034
f 2036 1604 1603
f 2036 1603 2035
f 2037 1605 1606
f 2037 1606 2038
f 2039 1607 1605
f 2039 1605 2037
f 2032 1600 1607
f 2032 1607 2039
f 2040 1608 1604
f 2040 1604 2036
f 2041 1609 1608
f 2041 1608 2040
f 2042 1610 1609
f 2042 1609 2041
f 2043 1611 1612
f 2043 1612 2044
f 2045 1613 1611
f 2045 1611 2043
f 2038 1606 1613
f 2038 1613 2045
f 2046 1614 1610
f 2046 1615 1614
f 2046 1610 2042
f 2047 1616 1615
f 2047 1615 2046
f 2048 1616 2047
f 2049 1617 1618
f 2049 1618 2050
f 2051 1619 1617
f 2051 1617 2049
f 2044 1612 1619
f 2044 1619 2051
f 2052 1620 1616
f 2052 1616 2048
f 2053 1621 1620
f 2053 1620 2052
f 2054 1622 1621
f 2054 1621 2053
f 2055 1623 1624
f 2055 1624 2056
f 2057 1625 1623
f 2057 1623 2055
f 2050 1618 1625
f 2050 1625 2057
f 2058 1626 1622
f 2058 1622 2054
f 2059 1627 1626
f 2059 1626 2058
f 2060 1628 1627
f 2060 1627 2059
f 2061 1629 1630
f 2061 1630 2062
f 2063 1631 1629
f 2063 1629 2061
f 2056 1624 1631
f 2056 1631 2063
f 2064 1632 1628
f 2064 1628 2060
f 2065 1633 1632
f 2065 1632 2064
f 2066 1634 1633
f 2066 1633 2065
f 2067 1635 1636
f 2067 1636 2068
f 2069 1637 1635
f 2069 1635 2067
f 2062 1630 1637
f 2062 1637 2069
f 2070 1638 1634
f 2070 1634 2066
f 2071 1639 1638
f 2071 1638 2070
f 2072 1640 1639
f 2072 1639 2071
f 2073 1641 1642
f 2073 1642 2074
f 2075 1643 1641
f 2075 1641 2073
f 2068 1636 1643
f 2068 1643 2075
f 2076 1644 1640
f 2076 1640 2072
f 2077 1645 1644
f 2077 1644 2076
f 2078 1646 1645
f 2078 1645 2077
f 2079 1647 1648
f 2079 1648 2080
f 2081 1649 1647
f 2081 1647 2079
f 2074 1642 1649
f 2074 1649 2081
f 2082 1650 1646
f 2082 1646 2078
f 2083 1651 1650
f 2083 1650 2082
f 2084 1652 1651
f 2084 1651 2083
f 2085 1653 1654
f 2085 1654 2086
f 2087 1655 1653
f 2087 1653 2085
f 2080 1648 1655
f 2080 1655 2087
f 2088 1656 1652
f 2088 1652 2084
f 2089 1657 1656
f 2089 1656 2088
f 2090 1658 1657
f 2090 1657 2089
f 2091 1659 1660
f 2091 1660 2092
f 2093 1661 1659
f 2093 1659 2091
f 2086 1654 1661
f 2086 1661 2093
f 2094 1662 1658
f 2094 1658 2090
f 2095 1663 1662
f 2095 1662 2094
f 2096 1664 1663
f 2096 1663 2095
f 2097 1665 1666
f 2097 1666 2098
f 2099 1667 1665
f 2099 1665 2097
f 2092 1660 1667
f 2092 1667 2099
f 2100 1668 1664
f 2100 1664 2096
f 2101 1669 1668
f 2101 1668 2100
f 2102 1670 1669
f 2102 1669 2101
f 2103 1671 1672
f 2103 1673 1671
f 2103 1672 2104
f 2105 1666 1673
f 2105 1673 2103
f 2098 1666 2105
f 2106 1674 1670
f 2106 1670 2102
f 2107 1675 1674
f 2107 1674 2106
f 2108 1676 1675
f 2108 1675 2107
f 2109 1677 1678
f 2109 1678 2110
f 2111 1679 1677
f 2111 1677 2109
f 2104 1672 1679
f 2104 1679 2111
f 2112 1680 1676
f 2112 1676 2108
f 2113 1681 1680
f 2113 1680 2112
f 2114 1682 1681
f 2114 1681 2113
f 2115 1683 1684
f 2115 1684 2116
f 2117 1685 1683
f 2117 1683 2115
f 2110 1678 1685
f 2110 1685 2117
f 2118 1686 1682
f 2118 1682 2114
f 2119 1687 1686
f 2119 1686 2118
f 2120 1688 1687
f 2120 1687 2119
f 2121 1689 1690
f 2121 1690 2122
f 2123 1691 1689
f 2123 1689 2121
f 2116 1684 1691
f 2116 1691 2123
f 2124 1692 1688
f 2124 1688 2120
f 2125 1693 1692
f 2125 1692 2124
f 2126 1694 1693
f 2126 1693 2125
f 2127 1695 1696
f 2127 1696 2128
f 2129 1697 1695
f 2129 1695 2127
f 2122 1690 1697
f 2122 1697 2129
f 2130 1698 1694
f 2130 1694 2126
f 2131 1699 1698
f 2131 1698 2130
f 2132 1700 1699
f 2132 1699 2131
f 2133 1701 1702
f 2133 1702 2134
f 2135 1703 1701
f 2135 1701 2133
f 2128 1696 1703
f 2128 1703 2135
f 2136 1704 1700
f 2136 1700 2132
f 2137 1705 1704
f 2137 1704 2136
f 2138 1706 1705
f 2138 1705 2137
f 2139 1707 1708
f 2139 1708 2140
f 2141 1709 1707
f 2141 1707 2139
f 2134 1702 1709
f 2134 1709 2141
f 2142 1710 1706
f 2142 1711 1710
f 2142 1706 2138
f 2143 1712 1711
f 2143 1711 2142
f 2144 1712 2143
f 2145 1713 1714
f 2145 1714 2146
f 2147 1715 1713
f 2147 1713 2145
f 2140 1708 1715
f 2140 1715 2147
f 2148 1716 1712
f 2148 1712 2144
f 2149 1717 1716
f 2149 1716 2148
f 2150 1718 1717
f 2150 1717 2149
f 2151 1719 1720
f 2151 1721 1719
f 2151 1720 2152
f 2153 1714 1721
f 2153 1721 2151
f 2146 1714 2153
f 2154 1722 1718
f 2154 1718 2150
f 2155 1723 1722
f 2155 1722 2154
f 2156 1724 1723
f 2156 1723 2155
f 2157 1725 1726
f 2157 1726 2158
f 2159 1727 1725
f 2159 1725 2157
f 2152 1720 1727
f 2152 1727 2159
f 2160 1728 1724
f 2160 1724 2156
f 2161 1729 1728
f 2161 1728 2160
f 2162 1730 1729
f 2162 1729 2161
f 2163 1731 1732
f 2163 1732 2164
f 2165 1733 1731
f 2165 1731 2163
f 2158 1726 1733
f 2158 1733 2165
f 2166 1734 1730
f 2166 1735 1734
f 2166 1730 2162
f 2167 1736 1735
f 2167 1735 2166
f 2168 1736 2167
f 2169 1737 1738
f 2169 1738 2170
f 2171 1739 1737
f 2171 1737 2169
f 2164 1732 1739
f 2164 1739 2171
f 2172 1740 1736
f 2172 1736 2168
f 2173 1741 1740
f 2173 1740 2172
f 2174 1742 1741
f 2174 1741 2173
f 2175 1743 1744
f 2175 1744 2176
f 2177 1745 1743
f 2177 1743 2175
f 2170 1738 1745
f 2170 1745 2177
f 2178 1746 1742
f 2178 1742 2174
f 2179 1747 1746
f 2179 1746 2178
f 2180 1748 1747
f 2180 1747 2179
f 2181 1749 1750
f 2181 1750 2182
f 2183 1751 1749
f 2183 1749 2181
f 2176 1744 1751
f 2176 1751 2183
f 2184 1752 1748
f 2184 1748 2180
f 2185 1753 1752
f 2185 1752 2184
f 2186 1754 1753
f 2186 1753 2185
f 2187 1755 1756
f 2187 1756 2188
f 2189 1757 1755
f 2189 1755 2187
f 2182 1750 1757
f 2182 1757 2189
f 2190 1758 1754
f 2190 1759 1758
f 2190 1754 2186
f 2191 1760 1759
f 2191 1759 2190
f 2192 1760 2191
f 2193 1761 1762
f 2193 1762 2194
f 2195 1763 1761
f 2195 1761 2193
f 2188 1756 1763
f 2188 1763 2195
f 2196 1764 1760
f 2196 1760 2192
f 2197 1765 1764
f 2197 1764 2196
f 2198 1766 1765
f 2198 1765 2197
f 2199 1767 1768
f 2199 1768 2200
f 2201 1769 1767
f 2201 1767 2199
f 2194 1762 1769
f 2194 1769 2201
f 2202 1770 1766
f 2202 1766 2198
f 2203 1771 1770
f 2203 1770 2202
f 2204 1772 1771
f 2204 1771 2203
f 2205 1773 1774
f 2205 1774 2206
f 2207 1775 1773
f 2207 1773 2205
f 2200 1768 1775
f 2200 1775 2207
f 2208 1776 1772
f 2208 1772 2204
f 2209 1777 1776
f 2209 1776 2208
f 2210 1778 1777
f 2210 1777 2209
f 2211 1779 1780
f 2211 1780 2212
f 2213 1781 1779
f 2213 1779 2211
f 2206 1774 1781
f 2206 1781 2213
f 2214 1782 1778
f 2214 1783 1782
f 2214 1778 2210
f 2215 1784 1783
f 2215 1783 2214
f 2216 1784 2215
f 2217 1785 1786
f 2217 1786 2218
f 2219 1787 1785
f 2219 1785 2217
f 2212 1780 1787
f 2212 1787 2219
f 2220 1788 1784
f 2220 1784 2216
f 2221 1789 1788
f 2221 1788 2220
f 2222 1790 1789
f 2222 1789 2221
f 2223 1791 1792
f 2223 1792 2224
f 2225 1793 1791
f 2225 1791 2223
f 2218 1786 1793
f 2218 1793 2225
f 2226 1794 1790
f 2226 1790 2222
f 2227 1795 1794
f 2227 1794 2226
f 2228 1796 1795
f 2228 1795 2227
f 2229 1797 1798
f 2229 1798 2230
f 2231 1799 1797
f 2231 1797 2229
f 2224 1792 1799
f 2224 1799 2231
f 2232 1800 1796
f 2232 1796 2228
f 2233 1801 1800
f 2233 1800 2232
f 2234 1802 1801
f 2234 1801 2233
f 2235 1803 1804
f 2235 1804 2236
f 2237 1805 1803
f 2237 1803 2235
f 2230 1798 1805
f 2230 1805 2237
f 2238 1806 1802
f 2238 1802 2234
f 2239 1807 1806
f 2239 1806 2238
f 2240 1808 1807
f 2240 1807 2239
f 2241 1809 1810
f 2241 1810 2242
f 2243 1811 1809
f 2243 1809 2241
f 2236 1804 1811
f 2236 1811 2243
f 2244 1812 1808
f 2244 1808 2240
f 2245 1813 1812
f 2245 1812 2244
f 2246 1814 1813
f 2246 1813 2245
f 2247 1815 1816
f 2247 1816 2248
f 2249 1817 1815
f 2249 1815 2247
f 2242 1810 1817
f 2242 1817 2249
f 2250 1818 1814
f 2250 1814 2246
f 2251 1819 1818
f 2251 1818 2250
f 2252 1820 1819
f 2252 1819 2251
f 2253 1821 1820
f 2253 1820 2252
f 2254 1822 1821
f 2254 1821 2253
f 2248 1816 1822
f 2248 1822 2254
f 2255 1823 1824
f 2255 1824 2256
f 2257 1825 1823
f 2257 1823 2255
f 2258 1826 1825
f 2258 1825 2257
f 2259 1827 1828
f 2259 1828 2260
f 2261 1829 1827
f 2261 1827 2259
f 2256 1824 1829
f 2256 1829 2261
f 2262 1830 1826
f 2262 1826 2258
f 2263 1831 1830
f 2263 1830 2262
f 2264 1832 1831
f 2264 1831 2263
f 2265 1833 1834
f 2265 1834 2266
f 2267 1835 1833
f 2267 1833 2265
f 2260 1828 1835
f 2260 1835 2267
f 2268 1836 1832
f 2268 1832 2264
f 2269 1837 1836
f 2269 1836 2268
f 2270 1838 1837
f 2270 1837 2269
f 2271 1839 1840
f 2271 1841 1839
f 2271 1840 2272
f 2273 1834 1841
f 2273 1841 2271
f 2266 1834 2273
f 2274 1842 1838
f 2274 1838 2270
f 2275 1843 1842
f 2275 1842 2274
f 2276 1844 1843
f 2276 1843 2275
f 2277 1845 1846
f 2277 1846 2278
f 2279 1847 1845
f 2279 1845 2277
f 2272 1840 1847
f 2272 1847 2279
f 2280 1848 1844
f 2280 1844 2276
f 2281 1849 1848
f 2281 1848 2280
f 2282 1850 1849
f 2282 1849 2281
f 2283 1851 1852
f 2283 1852 2284
f 2285 1853 1851
f 2285 1851 2283
f 2278 1846 1853
f 2278 1853 2285
f 2286 1854 1850
f 2286 1855 1854
f 2286 1850 2282
f 2287 1856 1855
f 2287 1855 2286
f 2288 1856 2287
f 2289 1857 1858
f 2289 1858 2290
f 2291 1859 1857
f 2291 1857 2289
f 2284 1852 1859
f 2284 1859 2291
f 2292 1860 1856
f 2292 1856 2288
f 2293 1861 1860
f 2293 1860 2292
f 2294 1862 1861
f 2294 1861 2293
f 2295 1863 1864
f 2295 1865 1863
f 2295 1864 2296
f 2297 1858 1865
f 2297 1865 2295
f 2290 1858 2297
f 2298 1866 1862
f 2298 1862 2294
f 2299 1867 1866
f 2299 1866 2298
f 2300 1868 1867
f 2300 1867 2299
f 2301 1869 1870
f 2301 1870 2302
f 2303 1871 1869
f 2303 1869 2301
f 2296 1864 1871
f 2296 1871 2303
f 2304 1872 1868
f 2304 1868 2300
f 2305 1873 1872
f 2305 1872 2304
f 2306 1874 1873
f 2306 1873 2305
f 2307 1875 1876
f 2307 1876 2308
f 2309 1877 1875
f 2309 1875 2307
f 2302 1870 1877
f 2302 1877 2309
f 2310 1878 1874
f 2310 1879 1878
f 2310 1874 2306
f 2311 1880 1879
f 2311 1879 2310
f 2312 1880 2311
f 2313 1881 1882
f 2313 1882 2314
f 2315 1883 1881
f 2315 1881 2313
f 2308 1876 1883
f 2308 1883 2315
f 2316 1884 1880
f 2316 1880 2312
f 2317 1885 1884
f 2317 1884 2316
f 2318 1886 1885
f 2318 1885 2317
f 2319 1887 1888
f 2319 1888 2320
f 2321 1889 1887
f 2321 1887 2319
f 2314 1882 1889
f 2314 1889 2321
f 2322 1890 1886
f 2322 1886 2318
f 2323 1891 1890
f 2323 1890 2322
f 2324 1892 1891
f 2324 1891 2323
f 2325 1893 1894
f 2325 1894 2326
f 2327 1895 1893
f 2327 1893 2325
f 2320 1888 1895
f 2320 1895 2327
f 2328 1896 1892
f 2328 1892 2324
f 2329 1897 1896
f 2329 1896 2328
f 2330 1898 1897
f 2330 1897 2329
f 2331 1899 1900
f 2331 1900 2332
f 2333 1901 1899
f 2333 1899 2331
f 2326 1894 1901
f 2326 1901 2333
f 2334 1902 1898
f 2334 1903 1902
f 2334 1898 2330
f 2335 1904 1903
f 2335 1903 2334
f 2336 1904 2335
f 2337 1905 1906
f 2337 1906 2338
f 2339 1907 1905
f 2339 1905 2337
f 2332 1900 1907
f 2332 1907 2339
f 2340 1908 1904
f 2340 1904 2336
f 2341 1909 1908
f 2341 1908 2340
f 2342 1910 1909
f 2342 1909 2341
f 2343 1911 1912
f 2343 1913 1911
f 2343 1912 2344
f 2345 1906 1913
f 2345 1913 2343
f 2338 1906 2345
f 2346 1914 1910
f 2346 1910 2342
f 2347 1915 1914
f 2347 1914 2346
f 2348 1916 1915
f 2348 1915 2347
f 2349 1917 1918
f 2349 1918 2350
f 2351 1919 1917
f 2351 1917 2349
f 2344 1912 1919
f 2344 1919 2351
f 2352 1920 1916
f 2352 1916 2348
f 2353 1921 1920
f 2353 1920 2352
f 2354 1922 1921
f 2354 1921 2353
f 2355 1923 1924
f 2355 1924 2356
f 2357 1925 1923
f 2357 1923 2355
f 2350 1918 1925
f 2350 1925 2357
f 2358 1926 1922
f 2358 1922 2354
f 2359 1927 1926
f 2359 1926 2358
f 2360 1928 1927
f 2360 1927 2359
f 2361 1929 1930
f 2361 1930 2362
f 2363 1931 1929
f 2363 1929 2361
f 2356 1924 1931
f 2356 1931 2363
f 2364 1932 1928
f 2364 1928 2360
f 2365 1933 1932
f 2365 1932 2364
f 2366 1934 1933
f 2366 1933 2365
f 2367 1935 1936
f 2367 1936 2368
f 2369 1937 1935
f 2369 1935 2367
f 2362 1930 1937
f 2362 1937 2369
f 2370 1938 1934
f 2370 1934 2366
f 2371 1939 1938
f 2371 1938 2370
f 2372 1940 1939
f 2372 1939 2371
f 2373 1941 1942
f 2373 1942 2374
f 2375 1943 1941
f 2375 1941 2373
f 2368 1936 1943
f 2368 1943 2375
f 2376 1944 1940
f 2376 1940 2372
f 2377 1945 1944
f 2377 1944 2376
f 2378 1946 1945
f 2378 1945 2377
f 2379 1947 1948
f 2379 1948 2380
f 2381 1949 1947
f 2381 1947 2379
f 2374 1942 1949
f 2374 1949 2381
f 2382 1950 1946
f 2382 1951 1950
f 2382 1946 2378
f 2383 1952 1951
f 2383 1951 2382
f 2384 1952 2383
f 2385 1953 1954
f 2385 1954 2386
f 2387 1955 1953
f 2387 1953 2385
f 2380 1948 1955
f 2380 1955 2387
f 2388 1956 1952
f 2388 1952 2384
f 2389 1957 1956
f 2389 1956 2388
f 2390 1958 1957
f 2390 1957 2389
f 2391 1959 1960
f 2391 1960 2392
f 2393 1961 1959
f 2393 1959 2391
f 2386 1954 1961
f 2386 1961 2393
f 2394 1962 1958
f 2394 1958 2390
f 2395 1963 1962
f 2395 1962 2394
f 2396 1964 1963
f 2396 1963 2395
f 2397 1965 1966
f 2397 1966 2398
f 2399 1967 1965
f 2399 1965 2397
f 2392 1960 1967
f 2392 1967 2399
f 2400 1968 1964
f 2400 1964 2396
f 2401 1969 1968
f 2401 1968 2400
f 2402 1970 1969
f 2402 1969 2401
f 2403 1971 1972
f 2403 1972 2404
f 2405 1973 1971
f 2405 1971 2403
f 2398 1966 1973
f 2398 1973 2405
f 2406 1974 1970
f 2406 1975 1974
f 2406 1970 2402
f 2407 1976 1975
f 2407 1975 2406
f 2408 1976 2407
f 2409 1977 1978
f 2409 1978 2410
f 2411 1979 1977
f 2411 1977 2409
f 2404 1972 1979
f 2404 1979 2411
f 2412 1980 1976
f 2412 1976 2408
f 2413 1981 1980
f 2413 1980 2412
f 2414 1982 1981
f 2414 1981 2413
f 2415 1983 1984
f 2415 1984 2416
f 2417 1985 1983
f 2417 1983 2415
f 2410 1978 1985
f 2410 1985 2417
f 2418 1986 1982
f 2418 1982 2414
f 2419 1987 1986
f 2419 1986 2418
f 2420 1988 1987
f 2420 1987 2419
f 2421 1989 1990
f 2421 1990 2422
f 2423 1991 1989
f 2423 1989 2421
f 2416 1984 1991
f 2416 1991 2423
f 2424 1992 1988
f 2424 1988 2420
f 2425 1993 1992
f 2425 1992 2424
f 2426 1994 1993
f 2426 1993 2425
f 2427 1995 1996
f 2427 1996 2428
f 2429 1997 1995
f 2429 1995 2427
f 2422 1990 1997
f 2422 1997 2429
f 2430 1998 1994
f 2430 1994 2426
f 2431 1999 1998
f 2431 1998 2430
f 2432 2000 1999
f 2432 1999 2431
f 2433 2001 2002
f 2433 2002 2434
f 2435 2003 2001
f 2435 2001 2433
f 2428 1996 2003
f 2428 2003 2435
f 2436 2004 2000
f 2436 2000 2432
f 2437 2005 2004
f 2437 2004 2436
f 2438 2006 2005
f 2438 2005 2437
f 2439 2007 2008
f 2439 2008 2440
f 2441 2009 2007
f 2441 2007 2439
f 2434 2002 2009
f 2434 2009 2441
f 2442 2010 2006
f 2442 2006 2438
f 2443 2011 2010
f 2443 2010 2442
f 2444 2012 2011
f 2444 2011 2443
f 2445 2013 2014
f 2445 2014 2446
f 2447 2015 2013
f 2447 2013 2445
f 2440 2008 2015
f 2440 2015 2447
f 2448 2016 2012
f 2448 2012 2444
f 2449 2017 2016
f 2449 2016 2448
f 2450 2018 2017
f 2450 2017 2449
f 2451 2019 2020
f 2451 2020 2452
f 2453 2021 2019
f 2453 2019 2451
f 2446 2014 2021
f 2446 2021 2453
f 2454 2022 2018
f 2454 2023 2022
f 2454 2018 2450
f 2455 2024 2023
f 2455 2023 2454
f 2456 2024 2455
f 2457 2025 2026
f 2457 2026 2458
f 2459 2027 2025
f 2459 2025 2457
f 2452 2020 2027
f 2452 2027 2459
f 2460 2028 2024
f 2460 2024 2456
f 2461 2029 2028
f 2461 2028 2460
f 2462 2030 2029
f 2462 2029 2461
f 2463 2031 2032
f 2463 2032 2464
f 2465 2033 2031
f 2465 2031 2463
f 2458 2026 2033
f 2458 2033 2465
f 2466 2034 2030
f 2466 2030 2462
f 2467 2035 2034
f 2467 2034 2466
f 2468 2036 2035
f 2468 2035 2467
f 2469 2037 2038
f 2469 2038 2470
f 2471 2039 2037
f 2471 2037 2469
f 2464 2032 2039
f 2464 2039 2471
f 2472 2040 2036
f 2472 2036 2468
f 2473 2041 2040
f 2473 2040 2472
f 2474 2042 2041
f 2474 2041 2473
f 2475 2043 2044
f 2475 2044 2476
f 2477 2045 2043
f 2477 2043 2475
f 2470 2038 2045
f 2470 2045 2477
f 2478 2046 2042
f 2478 2042 2474
f 2479 2047 2046
f 2479 2046 2478
f 2480 2048 2047
f 2480 2047 2479
f 2481 2049 2050
f 2481 2050 2482
f 2483 2051 2049
f 2483 2049 2481
f 2476 2044 2051
f 2476 2051 2483
f 2484 2052 2048
f 2484 2048 2480
f 2485 2053 2052
f 2485 2052 2484
f 2486 2054 2053
f 2486 2053 2485
f 2487 2055 2056
f 2487 2057 2055
f 2487 2056 2488
f 2489 2050 2057
f 2489 2057 2487
f 2482 2050 2489
f 2490 2058 2054
f 2490 2054 2486
f 2491 2059 2058
f 2491 2058 2490
f 2492 2060 2059
f 2492 2059 2491
f 2493 2061 2062
f 2493 2062 2494
f 2495 2063 2061
f 2495 2061 2493
f 2488 2056 2063
f 2488 2063 2495
f 2496 2064 2060
f 2496 2060 2492
f 2497 2065 2064
f 2497 2064 2496
f 2498 2066 2065
f 2498 2065 2497
f 2499 2067 2068
f 2499 2068 2500
f 2501 2069 2067
f 2501 2067 2499
f 2494 2062 2069
f 2494 2069 2501
f 2502 2070 2066
f 2502 2071 2070
f 2502 2066 2498
f 2503 2072 2071
f 2503 2071 2502
f 2504 2072 2503
f 2505 2073 2074
f 2505 2074 2506
f 2507 2075 2073
f 2507 2073 2505
f 2500 2068 2075
f 2500 2075 2507
f 2508 2076 2072
f 2508 2072 2504
f 2509 2077 2076
f 2509 2076 2508
f 2510 2078 2077
f 2510 2077 2509
f 2511 2079 2080
f 2511 2080 2512
f 2513 2081 2079
f 2513 2079 2511
f 2506 2074 2081
f 2506 2081 2513
f 2514 2082 2078
f 2514 2078 2510
f 2515 2083 2082
f 2515 2082 2514
f 2516 2084 2083
f 2516 2083 2515
f 2517 2085 2086
f 2517 2086 2518
f 2519 2087 2085
f 2519 2085 2517
f 2512 2080 2087
f 2512 2087 2519
f 2520 2088 2084
f 2520 2084 2516
f 2521 2089 2088
f 2521 2088 2520
f 2522 2090 2089
f 2522 2089 2521
f 2523 2091 2092
f 2523 2092 2524
f 2525 2093 2091
f 2525 2091 2523
f 2518 2086 2093
f 2518 2093 2525
f 2526 2094 2090
f 2526 2095 2094
f 2526 2090 2522
f 2527 2096 2095
f 2527 2095 2526
f 2528 2096 2527
f 2529 2097 2098
f 2529 2098 2530
f 2531 2099 2097
f 2531 2097 2529
f 2524 2092 2099
f 2524 2099 2531
f 2532 2100 2096
f 2532 2096 2528
f 2533 2101 2100
f 2533 2100 2532
f 2534 2102 2101
f 2534 2101 2533
f 2535 2103 2104
f 2535 2105 2103
f 2535 2104 2536
f 2537 2098 2105
f 2537 2105 2535
f 2530 2098 2537
f 2538 2106 2102
f 2538 2102 2534
f 2539 2107 2106
f 2539 2106 2538
f 2540 2108 2107
f 2540 2107 2539
f 2541 2109 2110
f 2541 2110 2542
f 2543 2111 2109
f 2543 2109 2541
f 2536 2104 2111
f 2536 2111 2543
f 2544 2112 2108
f 2544 2108 2540
f 2545 2113 2112
f 2545 2112 2544
f 2546 2114 2113
f 2546 2113 2545
f 2547 2115 2116
f 2547 2116 2548
f 2549 2117 2115
f 2549 2115 2547
f 2542 2110 2117
f 2542 2117 2549
f 2550 2118 2114
f 2550 2119 2118
f 2550 2114 2546
f 2551 2120 2119
f 2551 2119 2550
f 2552 2120 2551
f 2553 2121 2122
f 2553 2122 2554
f 2555 2123 2121
f 2555 2121 2553
f 2548 2116 2123
f 2548 2123 2555
f 2556 2124 2120
f 2556 2120 2552
f 2557 2125 2124
f 2557 2124 2556
f 2558 2126 2125
f 2558 2125 2557
f 2559 2127 2128
f 2559 2129 2127
f 2559 2128 2560
f 2561 2122 2129
f 2561 2129 2559
f 2554 2122 2561
f 2562 2130 2126
f 2562 2126 2558
f 2563 2131 2130
f 2563 2130 2562
f 2564 2132 2131
f 2564 2131 2563
f 2565 2133 2134
f 2565 2134 2566
f 2567 2135 2133
f 2567 2133 2565
f 2560 2128 2135
f 2560 2135 2567
f 2568 2136 2132
f 2568 2132 2564
f 2569 2137 2136
f 2569 2136 2568
f 2570 2138 2137
f 2570 2137 2569
f 2571 2139 2140
f 2571 2140 2572
f 2573 2141 2139
f 2573 2139 2571
f 2566 2134 2141
f 2566 2141 2573
f 2574 2142 2138
f 2574 2138 2570
f 2575 2143 2142
f 2575 2142 2574
f 2576 2144 2143
f 2576 2143 2575
f 2577 2145 2146
f 2577 2146 2578
f 2579 2147 2145
f 2579 2145 2577
f 2572 2140 2147
f 2572 2147 2579
f 2580 2148 2144
f 2580 2144 2576
f 2581 2149 2148
f 2581 2148 2580
f 2582 2150 2149
f 2582 2149 2581
f 2583 2151 2152
f 2583 2153 2151
f 2583 2152 2584
f 2585 2146 2153
f 2585 2153 2583
f 2578 2146 2585
f 2586 2154 2150
f 2586 2150 2582
f 2587 2155 2154
f 2587 2154 2586
f 2588 2156 2155
f 2588 2155 2587
f 2589 2157 2158
f 2589 2158 2590
f 2591 2159 2157
f 2591 2157 2589
f 2584 2152 2159
f 2584 2159 2591
f 2592 2160 2156
f 2592 2156 2588
f 2593 2161 2160
f 2593 2160 2592
f 2594 2162 2161
f 2594 2161 2593
f 2595 2163 2164
f 2595 2164 2596
f 2597 2165 2163
f 2597 2163 2595
f 2590 2158 2165
f 2590 2165 2597
f 2598 2166 2162
f 2598 2167 2166
f 2598 2162 2594
f 2599 2168 2167
f 2599 2167 2598
f 2600 2168 2599
f 2601 2169 2170
f 2601 2170 2602
f 2603 2171 2169
f 2603 2169 2601
f 2596 2164 2171
f 2596 2171 2603
f 2604 2172 2168
f 2604 2168 2600
f 2605 2173 2172
f 2605 2172 2604
f 2606 2174 2173
f 2606 2173 2605
f 2607 2175 2176
f 2607 2177 2175
f 2607 2176 2608
f 2609 2170 2177
f 2609 2177 2607
f 2602 2170 2609
f 2610 2178 2174
f 2610 2174 2606
f 2611 2179 2178
f 2611 2178 2610
f 2612 2180 2179
f 2612 2179 2611
f 2613 2181 2182
f 2613 2182 2614
f 2615 2183 2181
f 2615 2181 2613
f 2608 2176 2183
f 2608 2183 2615
f 2616 2184 2180
f 2616 2180 2612
f 2617 2185 2184
f 2617 2184 2616
f 2618 2186 2185
f 2618 2185 2617
f 2619 2187 2188
f 2619 2188 2620
f 2621 2189 2187
f 2621 2187 2619
f 2614 2182 2189
f 2614 2189 2621
f 2622 2190 2186
f 2622 2191 2190
f 2622 2186 2618
f 2623 2192 2191
f 2623 2191 2622
f 2624 2192 2623
f 2625 2193 2194
f 2625 2194 2626
f 2627 2195 2193
f 2627 2193 2625
f 2620 2188 2195
f 2620 2195 2627
f 2628 2196 2192
f 2628 2192 2624
f 2629 2197 2196
f 2629 2196 2628
f 2630 2198 2197
f 2630 2197 2629
f 2631 2199 2200
f 2631 2201 2199
f 2631 2200 2632
f 2633 2194 2201
f 2633 2201 2631
f 2626 2194 2633
f 2634 2202 2198
f 2634 2198 2630
f 2635 2203 2202
f 2635 2202 2634
f 2636 2204 2203
f 2636 2203 2635
f 2637 2205 2206
f 2637 2206 2638
f 2639 2207 2205
f 2639 2205 2637
f 2632 2200 2207
f 2632 2207 2639
f 2640 2208 2204
f 2640 2204 2636
f 2641 2209 2208
f 2641 2208 2640
f 2642 2210 2209
f 2642 2209 2641
f 2643 2211 2212
f 2643 2212 2644
f 2645 2213 2211
f 2645 2211 2643
f 2638 2206 2213
f 2638 2213 2645
f 2646 2214 2210
f 2646 2215 2214
f 2646 2210 2642
f 2647 2216 2215
f 2647 2215 2646
f 2648 2216 2647
f 2649 2217 2218
f 2649 2218 2650
f 2651 2219 2217
f 2651 2217 2649
f 2644 2212 2219
f 2644 2219 2651
f 2652 2220 2216
f 2652 2216 2648
f 2653 2221 2220
f 2653 2220 2652
f 2654 2222 2221
f 2654 2221 2653
f 2655 2223 2224
f 2655 2225 2223
f 2655 2224 2656
f 2657 2218 2225
f 2657 2225 2655
f 2650 2218 2657
f 2658 2226 2222
f 2658 2222 2654
f 2659 2227 2226
f 2659 2226 2658
f 2660 2228 2227
f 2660 2227 2659
f 2661 2229 2230
f 2661 2230 2662
f 2663 2231 2229
f 2663 2229 2661
f 2656 2224 2231
f 2656 2231 2663
f 2664 2232 2228
f 2664 2228 2660
f 2665 2233 2232
f 2665 2232 2664
f 2666 2234 2233
f 2666 2233 2665
f 2667 2235 2236
f 2667 2236 2668
f 2669 2237 2235
f 2669 2235 2667
f 2662 2230 2237
f 2662 2237 2669
f 2670 2238 2234
f 2670 2239 2238
f 2670 2234 2666
f 2671 2240 2239
f 2671 2239 2670
f 2672 2240 2671
f 2673 2241 2242
f 2673 2242 2674
f 2675 2243 2241
f 2675 2241 2673
f 2668 2236 2243
f 2668 2243 2675
f 2676 2244 2240
f 2676 2240 2672
f 2677 2245 2244
f 2677 2244 2676
f 2678 2246 2245
f 2678 2245 2677
f 2679 2247 2248
f 2679 2248 2680
f 2681 2249 2247
f 2681 2247 2679
f 2674 2242 2249
f 2674 2249 2681
f 2682 2250 2246
f 2682 2246 2678
f 2683 2251 2250
f 2683 2250 2682
f 2684 2252 2251
f 2684 2251 2683
f 2685 2253 2252
f 2685 2252 2684
f 2686 2254 2253
f 2686 2253 2685
f 2680 2248 2254
f 2680 2254 2686
f 1347 2687 2688
f 1347 2688 1271
f 1348 2689 2687
f 1348 2687 1347
f 1283 2690 2689
f 1283 2689 1348
f 1253 2691 2692
f 1253 2692 1254
f 1260 2693 2691
f 1260 2691 1253
f 1271 2688 2693
f 1271 2693 1260
f 1277 2694 2690
f 1277 2695 2694
f 1277 2690 1283
f 1262 2696 2695
f 1262 2695 1277
f 1264 2696 1262
f 1241 2697 2698
f 1241 2698 1242
f 1247 2699 2697
f 1247 2697 1241
f 1254 2692 2699
f 1254 2699 1247
f 1263 2700 2696
f 1263 2696 1264
f 1268 2701 2700
f 1268 2700 1263
f 1276 2702 2701
f 1276 2701 1268
f 1255 2703 2704
f 1255 2705 2703
f 1255 2704 1261
f 1243 2698 2705
f 1243 2705 1255
f 1242 2698 1243
f 1275 2706 2702
f 1275 2702 1276
f 1282 2707 2706
f 1282 2706 1275
f 1293 2708 2707
f 1293 2707 1282
f 1291 2709 2710
f 1291 2710 1238
f 1292 2711 2709
f 1292 2709 1291
f 1261 2704 2711
f 1261 2711 1292
f 1375 2712 2708
f 1375 2708 1293
f 1376 2713 2712
f 1376 2712 1375
f 1309 2714 2713
f 1309 2713 1376
f 1231 2715 2716
f 1231 2716 1232
f 1236 2717 2715
f 1236 2715 1231
f 1238 2710 2717
f 1238 2717 1236
f 1301 2718 2714
f 1301 2714 1309
f 1284 2719 2718
f 1284 2718 1301
f 1286 2720 2719
f 1286 2719 1284
f 1221 2721 2722
f 1221 2722 1222
f 1227 2723 2721
f 1227 2721 1221
f 1232 2716 2723
f 1232 2723 1227
f 1285 2724 2720
f 1285 2720 1286
f 1287 2725 2724
f 1287 2724 1285
f 1300 2726 2725
f 1300 2725 1287
f 1233 2727 2728
f 1233 2729 2727
f 1233 2728 1237
f 1223 2722 2729
f 1223 2729 1233
f 1222 2722 1223
f 1299 2730 2726
f 1299 2726 1300
f 1308 2731 2730
f 1308 2730 1299
f 1321 2732 2731
f 1321 2731 1308
f 1256 2733 2734
f 1256 2734 1219
f 1257 2735 2733
f 1257 2733 1256
f 1237 2728 2735
f 1237 2735 1257
f 1379 2736 2732
f 1379 2732 1321
f 1380 2737 2736
f 1380 2736 1379
f 1335 2738 2737
f 1335 2737 1380
f 1210 2739 2740
f 1210 2740 1211
f 1215 2741 2739
f 1215 2739 1210
f 1219 2734 2741
f 1219 2741 1215
f 1318 2742 2738
f 1318 2738 1335
f 1304 2743 2742
f 1304 2742 1318
f 1306 2744 2743
f 1306 2743 1304
f 1203 2745 2746
f 1203 2746 1204
f 1206 2747 2745
f 1206 2745 1203
f 1211 2740 2747
f 1211 2747 1206
f 1305 2748 2744
f 1305 2744 1306
f 1307 2749 2748
f 1307 2748 1305
f 1317 2750 2749
f 1317 2749 1307
f 1212 2751 2752
f 1212 2752 1199
f 1205 2753 2751
f 1205 2751 1212
f 1204 2746 2753
f 1204 2753 1205
f 1316 2754 2750
f 1316 2750 1317
f 1334 2755 2754
f 1334 2754 1316
f 1355 2756 2755
f 1355 2755 1334
f 1197 2757 2758
f 1197 2758 1195
f 1198 2759 2757
f 1198 2757 1197
f 1199 2752 2759
f 1199 2759 1198
f 1382 2760 2756
f 1382 2756 1355
f 1383 2761 2760
f 1383 2760 1382
f 1361 2762 2761
f 1361 2761 1383
f 1189 2763 2764
f 1189 2764 1190
f 1194 2765 2763
f 1194 2763 1189
f 1195 2758 2765
f 1195 2765 1194
f 1338 2766 2762
f 1338 2767 2766
f 1338 2762 1361
f 1322 2768 2767
f 1322 2767 1338
f 1324 2768 1322
f 1182 2769 2770
f 1182 2770 1183
f 1185 2771 2769
f 1185 2769 1182
f 1190 2764 2771
f 1190 2771 1185
f 1323 2772 2768
f 1323 2768 1324
f 1325 2773 2772
f 1325 2772 1323
f 1337 2774 2773
f 1337 2773 1325
f 1191 2775 2776
f 1191 2776 1177
f 1184 2777 2775
f 1184 2775 1191
f 1183 2770 2777
f 1183 2777 1184
f 1336 2778 2774
f 1336 2774 1337
f 1359 2779 2778
f 1359 2778 1336
f 1364 2780 2779
f 1364 2779 1359
f 1173 2781 2782
f 1173 2782 1171
f 1176 2783 2781
f 1176 2781 1173
f 1177 2776 2783
f 1177 2783 1176
f 1387 2784 2780
f 1387 2780 1364
f 1388 2785 2784
f 1388 2784 1387
f 1367 2786 2785
f 1367 2785 1388
f 1165 2787 2788
f 1165 2788 1166
f 1170 2789 2787
f 1170 2787 1165
f 1171 2782 2789
f 1171 2789 1170
f 1358 2790 2786
f 1358 2786 1367
f 1339 2791 2790
f 1339 2790 1358
f 1341 2792 2791
f 1341 2791 1339
f 1158 2793 2794
f 1158 2794 1159
f 1161 2795 2793
f 1161 2793 1158
f 1166 2788 2795
f 1166 2795 1161
f 1340 2796 2792
f 1340 2792 1341
f 1342 2797 2796
f 1342 2796 1340
f 1354 2798 2797
f 1354 2797 1342
f 1167 2799 2800
f 1167 2801 2799
f 1167 2800 1154
f 1160 2794 2801
f 1160 2801 1167
f 1159 2794 1160
f 1353 2802 2798
f 1353 2798 1354
f 1363 2803 2802
f 1363 2802 1353
f 1368 2804 2803
f 1368 2803 1363
f 1150 2805 2806
f 1150 2806 1148
f 1152 2807 2805
f 1152 2805 1150
f 1154 2800 2807
f 1154 2807 1152
f 1389 2808 2804
f 1389 2804 1368
f 1390 2809 2808
f 1390 2808 1389
f 1369 2810 2809
f 1369 2809 1390
f 1140 2811 2812
f 1140 2812 1143
f 1146 2813 2811
f 1146 2811 1140
f 1148 2806 2813
f 1148 2813 1146
f 1360 2814 2810
f 1360 2810 1369
f 1343 2815 2814
f 1343 2814 1360
f 1345 2816 2815
f 1345 2815 1343
f 1134 2817 2818
f 1134 2818 1135
f 1137 2819 2817
f 1137 2817 1134
f 1143 2812 2819
f 1143 2819 1137
f 1344 2820 2816
f 1344 2816 1345
f 1346 2821 2820
f 1346 2820 1344
f 1350 2822 2821
f 1350 2821 1346
f 1141 2823 2824
f 1141 2825 2823
f 1141 2824 1130
f 1136 2818 2825
f 1136 2825 1141
f 1135 2818 1136
f 1349 2826 2822
f 1349 2822 1350
f 1362 2827 2826
f 1362 2826 1349
f 1370 2828 2827
f 1370 2827 1362
f 1126 2829 2830
f 1126 2830 1122
f 1128 2831 2829
f 1128 2829 1126
f 1130 2824 2831
f 1130 2831 1128
f 1385 2832 2828
f 1385 2828 1370
f 1386 2833 2832
f 1386 2832 1385
f 1365 2834 2833
f 1365 2833 1386
f 1118 2835 2836
f 1118 2836 1123
f 1116 2837 2835
f 1116 2835 1118
f 1122 2830 2837
f 1122 2837 1116
f 1351 2838 2834
f 1351 2834 1365
f 1331 2839 2838
f 1331 2838 1351
f 1333 2840 2839
f 1333 2839 1331
f 1107 2841 2842
f 1107 2842 1108
f 1113 2843 2841
f 1113 2841 1107
f 1123 2836 2843
f 1123 2843 1113
f 1332 2844 2840
f 1332 2840 1333
f 1330 2845 2844
f 1330 2844 1332
f 1329 2846 2845
f 1329 2845 1330
f 1117 2847 2848
f 1117 2848 1103
f 1109 2849 2847
f 1109 2847 1117
f 1108 2842 2849
f 1108 2849 1109
f 1328 2850 2846
f 1328 2846 1329
f 1352 2851 2850
f 1352 2850 1328
f 1366 2852 2851
f 1366 2851 1352
f 1095 2853 2854
f 1095 2854 1089
f 1101 2855 2853
f 1101 2853 1095
f 1103 2848 2855
f 1103 2855 1101
f 1384 2856 2852
f 1384 2852 1366
f 1381 2857 2856
f 1381 2856 1384
f 1356 2858 2857
f 1356 2857 1381
f 1097 2859 2860
f 1097 2860 1105
f 1092 2861 2859
f 1092 2859 1097
f 1089 2854 2861
f 1089 2861 1092
f 1326 2862 2858
f 1326 2858 1356
f 1313 2863 2862
f 1313 2862 1326
f 1315 2864 2863
f 1315 2863 1313
f 1083 2865 2866
f 1083 2866 1084
f 1098 2867 2865
f 1098 2865 1083
f 1105 2860 2867
f 1105 2867 1098
f 1314 2868 2864
f 1314 2864 1315
f 1312 2869 2868
f 1312 2868 1314
f 1311 2870 2869
f 1311 2869 1312
f 1093 2871 2872
f 1093 2872 1071
f 1085 2873 2871
f 1085 2871 1093
f 1084 2866 2873
f 1084 2873 1085
f 1310 2874 2870
f 1310 2870 1311
f 1327 2875 2874
f 1327 2874 1310
f 1357 2876 2875
f 1357 2875 1327
f 1062 2877 2878
f 1062 2878 1061
f 1066 2879 2877
f 1066 2877 1062
f 1071 2872 2879
f 1071 2879 1066
f 1377 2880 2876
f 1377 2876 1357
f 1378 2881 2880
f 1378 2880 1377
f 1319 2882 2881
f 1319 2881 1378
f 1077 2883 2884
f 1077 2884 1082
f 1064 2885 2883
f 1064 2883 1077
f 1061 2878 2885
f 1061 2885 1064
f 1302 2886 2882
f 1302 2882 1319
f 1296 2887 2886
f 1296 2886 1302
f 1298 2888 2887
f 1298 2887 1296
f 1074 2889 2890
f 1074 2890 1075
f 1080 2891 2889
f 1080 2889 1074
f 1082 2884 2891
f 1082 2891 1080
f 1297 2892 2888
f 1297 2888 1298
f 1290 2893 2892
f 1290 2892 1297
f 1289 2894 2893
f 1289 2893 1290
f 1065 2895 2896
f 1065 2896 1042
f 1076 2897 2895
f 1076 2895 1065
f 1075 2890 2897
f 1075 2897 1076
f 1288 2898 2894
f 1288 2894 1289
f 1303 2899 2898
f 1303 2898 1288
f 1320 2900 2899
f 1320 2899 1303
f 1039 2901 2902
f 1039 2902 1035
f 1040 2903 2901
f 1040 2901 1039
f 1042 2896 2903
f 1042 2903 1040
f 1373 2904 2900
f 1373 2900 1320
f 1374 2905 2904
f 1374 2904 1373
f 1294 2906 2905
f 1294 2905 1374
f 1048 2907 2908
f 1048 2908 1058
f 1044 2909 2907
f 1044 2907 1048
f 1035 2902 2909
f 1035 2909 1044
f 1278 2910 2906
f 1278 2906 1294
f 1272 2911 2910
f 1272 2910 1278
f 1274 2912 2911
f 1274 2911 1272
f 1050 2913 2914
f 1050 2914 1051
f 1056 2915 2913
f 1056 2913 1050
f 1058 2908 2915
f 1058 2915 1056
f 1273 2916 2912
f 1273 2912 1274
f 1267 2917 2916
f 1267 2916 1273
f 1266 2918 2917
f 1266 2917 1267
f 1045 2919 2920
f 1045 2921 2919
f 1045 2920 1011
f 1049 2914 2921
f 1049 2921 1045
f 1051 2914 1049
f 1265 2922 2918
f 1265 2918 1266
f 1279 2923 2922
f 1279 2922 1265
f 1295 2924 2923
f 1295 2923 1279
f 1007 2925 2926
f 1007 2926 1004
f 1009 2927 2925
f 1009 2925 1007
f 1011 2920 2927
f 1011 2927 1009
f 1371 2928 2924
f 1371 2924 1295
f 1372 2929 2928
f 1372 2928 1371
f 1269 2930 2929
f 1269 2929 1372
f 1024 2931 2932
f 1024 2932 1033
f 1018 2933 2931
f 1018 2931 1024
f 1004 2926 2933
f 1004 2933 1018
f 1258 2934 2930
f 1258 2935 2934
f 1258 2930 1269
f 1250 2936 2935
f 1250 2935 1258
f 1252 2936 1250
f 1027 2937 2938
f 1027 2938 1028
f 1032 2939 2937
f 1032 2937 1027
f 1033 2932 2939
f 1033 2939 1032
f 1251 2940 2936
f 1251 2936 1252
f 1246 2941 2940
f 1246 2940 1251
f 1245 2942 2941
f 1245 2941 1246
f 1019 2943 2944
f 1019 2945 2943
f 1019 2944 983
f 1025 2938 2945
f 1025 2945 1019
f 1028 2938 1025
f 1244 2946 2942
f 1244 2942 1245
f 1259 2947 2946
f 1259 2946 1244
f 1270 2948 2947
f 1270 2947 1259
f 977 2949 2950
f 977 2950 973
f 980 2951 2949
f 980 2949 977
f 983 2944 2951
f 983 2951 980
f 1280 2952 2948
f 1280 2948 1270
f 1281 2953 2952
f 1281 2952 1280
f 1239 2954 2953
f 1239 2953 1281
f 992 2955 2956
f 992 2956 1021
f 986 2957 2955
f 986 2955 992
f 973 2950 2957
f 973 2957 986
f 1234 2958 2954
f 1234 2954 1239
f 1228 2959 2958
f 1228 2958 1234
f 1230 2960 2959
f 1230 2959 1228
f 1012 2961 2962
f 1012 2962 1013
f 1017 2963 2961
f 1017 2961 1012
f 1021 2956 2963
f 1021 2963 1017
f 1229 2964 2960
f 1229 2960 1230
f 1224 2965 2964
f 1224 2964 1229
f 1226 2966 2965
f 1226 2965 1224
f 987 2967 2968
f 987 2968 969
f 993 2969 2967
f 993 2967 987
f 1013 2962 2969
f 1013 2969 993
f 1225 2970 2966
f 1225 2966 1226
f 1235 2971 2970
f 1235 2970 1225
f 1240 2972 2971
f 1240 2971 1235
f 965 2973 2974
f 965 2974 964
f 967 2975 2973
f 967 2973 965
f 969 2968 2975
f 969 2975 967
f 1248 2976 2972
f 1248 2972 1240
f 1249 2977 2976
f 1249 2976 1248
f 1220 2978 2977
f 1220 2977 1249
f 985 2979 2980
f 985 2980 1001
f 972 2981 2979
f 972 2979 985
f 964 2974 2981
f 964 2981 972
f 1213 2982 2978
f 1213 2983 2982
f 1213 2978 1220
f 1207 2984 2983
f 1207 2983 1213
f 1209 2984 1207
f 996 2985 2986
f 996 2986 997
f 999 2987 2985
f 999 2985 996
f 1001 2980 2987
f 1001 2987 999
f 1208 2988 2984
f 1208 2984 1209
f 1200 2989 2988
f 1200 2988 1208
f 1202 2990 2989
f 1202 2989 1200
f 975 2991 2992
f 975 2992 961
f 988 2993 2991
f 988 2991 975
f 997 2986 2993
f 997 2993 988
f 1201 2994 2990
f 1201 2990 1202
f 1214 2995 2994
f 1214 2994 1201
f 1217 2996 2995
f 1217 2995 1214
f 959 2997 2998
f 959 2998 962
f 960 2999 2997
f 960 2997 959
f 961 2992 2999
f 961 2999 960
f 1216 3000 2996
f 1216 2996 1217
f 1218 3001 3000
f 1218 3000 1216
f 1196 3002 3001
f 1196 3001 1218
f 984 3003 3004
f 984 3004 995
f 971 3005 3003
f 971 3003 984
f 962 2998 3005
f 962 3005 971
f 1192 3006 3002
f 1192 3007 3006
f 1192 3002 1196
f 1186 3008 3007
f 1186 3007 1192
f 1188 3008 1186
f 998 3009 3010
f 998 3010 1000
f 994 3011 3009
f 994 3009 998
f 995 3004 3011
f 995 3011 994
f 1187 3012 3008
f 1187 3008 1188
f 1179 3013 3012
f 1179 3012 1187
f 1181 3014 3013
f 1181 3013 1179
f 981 3015 3016
f 981 3016 963
f 989 3017 3015
f 989 3015 981
f 1000 3010 3017
f 1000 3017 989
f 1180 3018 3014
f 1180 3014 1181
f 1193 3019 3018
f 1193 3018 1180
f 1178 3020 3019
f 1178 3019 1193
f 968 3021 3022
f 968 3022 970
f 966 3023 3021
f 966 3021 968
f 963 3016 3023
f 963 3023 966
f 1175 3024 3020
f 1175 3020 1178
f 1174 3025 3024
f 1174 3024 1175
f 1172 3026 3025
f 1172 3025 1174
f 991 3027 3028
f 991 3028 1015
f 976 3029 3027
f 976 3027 991
f 970 3022 3029
f 970 3029 976
f 1168 3030 3026
f 1168 3031 3030
f 1168 3026 1172
f 1162 3032 3031
f 1162 3031 1168
f 1164 3032 1162
f 1016 3033 3034
f 1016 3034 1020
f 1014 3035 3033
f 1014 3033 1016
f 1015 3028 3035
f 1015 3035 1014
f 1163 3036 3032
f 1163 3032 1164
f 1155 3037 3036
f 1155 3036 1163
f 1157 3038 3037
f 1157 3037 1155
f 990 3039 3040
f 990 3041 3039
f 990 3040 974
f 1005 3034 3041
f 1005 3041 990
f 1020 3034 1005
f 1156 3042 3038
f 1156 3038 1157
f 1169 3043 3042
f 1169 3042 1156
f 1153 3044 3043
f 1153 3043 1169
f 979 3045 3046
f 979 3046 982
f 978 3047 3045
f 978 3045 979
f 974 3040 3047
f 974 3047 978
f 1151 3048 3044
f 1151 3044 1153
f 1149 3049 3048
f 1149 3048 1151
f 1147 3050 3049
f 1147 3049 1149
f 1023 3051 3052
f 1023 3052 1030
f 1003 3053 3051
f 1003 3051 1023
f 982 3046 3053
f 982 3053 1003
f 1144 3054 3050
f 1144 3055 3054
f 1144 3050 1147
f 1138 3056 3055
f 1138 3055 1144
f 1142 3056 1138
f 1031 3057 3058
f 1031 3058 1034
f 1029 3059 3057
f 1029 3057 1031
f 1030 3052 3059
f 1030 3059 1029
f 1139 3060 3056
f 1139 3056 1142
f 1131 3061 3060
f 1131 3060 1139
f 1133 3062 3061
f 1133 3061 1131
f 1022 3063 3064
f 1022 3064 1002
f 1026 3065 3063
f 1026 3063 1022
f 1034 3058 3065
f 1034 3065 1026
f 1132 3066 3062
f 1132 3062 1133
f 1145 3067 3066
f 1145 3066 1132
f 1129 3068 3067
f 1129 3067 1145
f 1008 3069 3070
f 1008 3070 1010
f 1006 3071 3069
f 1006 3069 1008
f 1002 3064 3071
f 1002 3071 1006
f 1127 3072 3068
f 1127 3068 1129
f 1125 3073 3072
f 1125 3072 1127
f 1121 3074 3073
f 1121 3073 1125
f 1047 3075 3076
f 1047 3076 1053
f 1037 3077 3075
f 1037 3075 1047
f 1010 3070 3077
f 1010 3077 1037
f 1114 3078 3074
f 1114 3079 3078
f 1114 3074 1121
f 1119 3080 3079
f 1119 3079 1114
f 1124 3080 1119
f 1055 3081 3082
f 1055 3082 1057
f 1052 3083 3081
f 1052 3081 1055
f 1053 3076 3083
f 1053 3083 1052
f 1120 3084 3080
f 1120 3080 1124
f 1110 3085 3084
f 1110 3084 1120
f 1112 3086 3085
f 1112 3085 1110
f 1046 3087 3088
f 1046 3088 1036
f 1054 3089 3087
f 1054 3087 1046
f 1057 3082 3089
f 1057 3089 1054
f 1111 3090 3086
f 1111 3086 1112
f 1115 3091 3090
f 1115 3090 1111
f 1104 3092 3091
f 1104 3091 1115
f 1041 3093 3094
f 1041 3094 1043
f 1038 3095 3093
f 1038 3093 1041
f 1036 3088 3095
f 1036 3095 1038
f 1102 3096 3092
f 1102 3092 1104
f 1096 3097 3096
f 1096 3096 1102
f 1090 3098 3097
f 1090 3097 1096
f 1069 3099 3100
f 1069 3100 1073
f 1060 3101 3099
f 1060 3099 1069
f 1043 3094 3101
f 1043 3101 1060
f 1094 3102 3098
f 1094 3103 3102
f 1094 3098 1090
f 1099 3104 3103
f 1099 3103 1094
f 1106 3104 1099
f 1079 3105 3106
f 1079 3106 1081
f 1072 3107 3105
f 1072 3105 1079
f 1073 3100 3107
f 1073 3107 1072
f 1100 3108 3104
f 1100 3104 1106
f 1086 3109 3108
f 1086 3108 1100
f 1088 3110 3109
f 1088 3109 1086
f 1068 3111 3112
f 1068 3112 1059
f 1078 3113 3111
f 1078 3111 1068
f 1081 3106 3113
f 1081 3113 1078
f 1087 3114 3110
f 1087 3110 1088
f 1091 3115 3114
f 1091 3114 1087
f 1070 3116 3115
f 1070 3115 1091
f 1067 3117 3116
f 1067 3116 1070
f 1063 3118 3117
f 1063 3117 1067
f 1059 3112 3118
f 1059 3118 1063
f 3119 2255 2256
f 3119 2256 3120
f 3121 2257 2255
f 3121 2255 3119
f 3122 2258 2257
f 3122 2257 3121
f 3123 2259 2260
f 3123 2260 3124
f 3125 2261 2259
f 3125 2259 3123
f 3120 2256 2261
f 3120 2261 3125
f 3126 2262 2258
f 3126 2263 2262
f 3126 2258 3122
f 3127 2264 2263
f 3127 2263 3126
f 3128 2264 3127
f 3129 2265 2266
f 3129 2266 3130
f 3131 2267 2265
f 3131 2265 3129
f 3124 2260 2267
f 3124 2267 3131
f 3132 2268 2264
f 3132 2264 3128
f 3133 2269 2268
f 3133 2268 3132
f 3134 2270 2269
f 3134 2269 3133
f 3135 2271 2272
f 3135 2272 3136
f 3137 2273 2271
f 3137 2271 3135
f 3130 2266 2273
f 3130 2273 3137
f 3138 2274 2270
f 3138 2270 3134
f 3139 2275 2274
f 3139 2274 3138
f 3140 2276 2275
f 3140 2275 3139
f 3141 2277 2278
f 3141 2278 3142
f 3143 2279 2277
f 3143 2277 3141
f 3136 2272 2279
f 3136 2279 3143
f 3144 2280 2276
f 3144 2276 3140
f 3145 2281 2280
f 3145 2280 3144
f 3146 2282 2281
f 3146 2281 3145
f 3147 2283 2284
f 3147 2284 3148
f 3149 2285 2283
f 3149 2283 3147
f 3142 2278 2285
f 3142 2285 3149
f 3150 2286 2282
f 3150 2282 3146
f 3151 2287 2286
f 3151 2286 3150
f 3152 2288 2287
f 3152 2287 3151
f 3153 2289 2290
f 3153 2290 3154
f 3155 2291 2289
f 3155 2289 3153
f 3148 2284 2291
f 3148 2291 3155
f 3156 2292 2288
f 3156 2288 3152
f 3157 2293 2292
f 3157 2292 3156
f 3158 2294 2293
f 3158 2293 3157
f 3159 2295 2296
f 3159 2296 3160
f 3161 2297 2295
f 3161 2295 3159
f 3154 2290 2297
f 3154 2297 3161
f 3162 2298 2294
f 3162 2294 3158
f 3163 2299 2298
f 3163 2298 3162
f 3164 2300 2299
f 3164 2299 3163
f 3165 2301 2302
f 3165 2302 3166
f 3167 2303 2301
f 3167 2301 3165
f 3160 2296 2303
f 3160 2303 3167
f 3168 2304 2300
f 3168 2300 3164
f 3169 2305 2304
f 3169 2304 3168
f 3170 2306 2305
f 3170 2305 3169
f 3171 2307 2308
f 3171 2308 3172
f 3173 2309 2307
f 3173 2307 3171
f 3166 2302 2309
f 3166 2309 3173
f 3174 2310 2306
f 3174 2306 3170
f 3175 2311 2310
f 3175 2310 3174
f 3176 2312 2311
f 3176 2311 3175
f 3177 2313 2314
f 3177 2314 3178
f 3179 2315 2313
f 3179 2313 3177
f 3172 2308 2315
f 3172 2315 3179
f 3180 2316 2312
f 3180 2312 3176
f 3181 2317 2316
f 3181 2316 3180
f 3182 2318 2317
f 3182 2317 3181
f 3183 2319 2320
f 3183 2321 2319
f 3183 2320 3184
f 3185 2314 2321
f 3185 2321 3183
f 3178 2314 3185
f 3186 2322 2318
f 3186 2318 3182
f 3187 2323 2322
f 3187 2322 3186
f 3188 2324 2323
f 3188 2323 3187
f 3189 2325 2326
f 3189 2326 3190
f 3191 2327 2325
f 3191 2325 3189
f 3184 2320 2327
f 3184 2327 3191
f 3192 2328 2324
f 3192 2324 3188
f 3193 2329 2328
f 3193 2328 3192
f 3194 2330 2329
f 3194 2329 3193
f 3195 2331 2332
f 3195 2332 3196
f 3197 2333 2331
f 3197 2331 3195
f 3190 2326 2333
f 3190 2333 3197
f 3198 2334 2330
f 3198 2330 3194
f 3199 2335 2334
f 3199 2334 3198
f 3200 2336 2335
f 3200 2335 3199
f 3201 2337 2338
f 3201 2338 3202
f 3203 2339 2337
f 3203 2337 3201
f 3196 2332 2339
f 3196 2339 3203
f 3204 2340 2336
f 3204 2336 3200
f 3205 2341 2340
f 3205 2340 3204
f 3206 2342 2341
f 3206 2341 3205
f 3207 2343 2344
f 3207 2344 3208
f 3209 2345 2343
f 3209 2343 3207
f 3202 2338 2345
f 3202 2345 3209
f 3210 2346 2342
f 3210 2342 3206
f 3211 2347 2346
f 3211 2346 3210
f 3212 2348 2347
f 3212 2347 3211
f 3213 2349 2350
f 3213 2350 3214
f 3215 2351 2349
f 3215 2349 3213
f 3208 2344 2351
f 3208 2351 3215
f 3216 2352 2348
f 3216 2348 3212
f 3217 2353 2352
f 3217 2352 3216
f 3218 2354 2353
f 3218 2353 3217
f 3219 2355 2356
f 3219 2356 3220
f 3221 2357 2355
f 3221 2355 3219
f 3214 2350 2357
f 3214 2357 3221
f 3222 2358 2354
f 3222 2359 2358
f 3222 2354 3218
f 3223 2360 2359
f 3223 2359 3222
f 3224 2360 3223
f 3225 2361 2362
f 3225 2362 3226
f 3227 2363 2361
f 3227 2361 3225
f 3220 2356 2363
f 3220 2363 3227
f 3228 2364 2360
f 3228 2360 3224
f 3229 2365 2364
f 3229 2364 3228
f 3230 2366 2365
f 3230 2365 3229
f 3231 2367 2368
f 3231 2369 2367
f 3231 2368 3232
f 3233 2362 2369
f 3233 2369 3231
f 3226 2362 3233
f 3234 2370 2366
f 3234 2366 3230
f 3235 2371 2370
f 3235 2370 3234
f 3236 2372 2371
f 3236 2371 3235
f 3237 2373 2374
f 3237 2374 3238
f 3239 2375 2373
f 3239 2373 3237
f 3232 2368 2375
f 3232 2375 3239
f 3240 2376 2372
f 3240 2372 3236
f 3241 2377 2376
f 3241 2376 3240
f 3242 2378 2377
f 3242 2377 3241
f 3243 2379 2380
f 3243 2380 3244
f 3245 2381 2379
f 3245 2379 3243
f 3238 2374 2381
f 3238 2381 3245
f 3246 2382 2378
f 3246 2378 3242
f 3247 2383 2382
f 3247 2382 3246
f 3248 2384 2383
f 3248 2383 3247
f 3249 2385 2386
f 3249 2386 3250
f 3251 2387 2385
f 3251 2385 3249
f 3244 2380 2387
f 3244 2387 3251
f 3252 2388 2384
f 3252 2384 3248
f 3253 2389 2388
f 3253 2388 3252
f 3254 2390 2389
f 3254 2389 3253
f 3255 2391 2392
f 3255 2393 2391
f 3255 2392 3256
f 3257 2386 2393
f 3257 2393 3255
f 3250 2386 3257
f 3258 2394 2390
f 3258 2390 3254
f 3259 2395 2394
f 3259 2394 3258
f 3260 2396 2395
f 3260 2395 3259
f 3261 2397 2398
f 3261 2398 3262
f 3263 2399 2397
f 3263 2397 3261
f 3256 2392 2399
f 3256 2399 3263
f 3264 2400 2396
f 3264 2396 3260
f 3265 2401 2400
f 3265 2400 3264
f 3266 2402 2401
f 3266 2401 3265
f 3267 2403 2404
f 3267 2404 3268
f 3269 2405 2403
f 3269 2403 3267
f 3262 2398 2405
f 3262 2405 3269
f 3270 2406 2402
f 3270 2402 3266
f 3271 2407 2406
f 3271 2406 3270
f 3272 2408 2407
f 3272 2407 3271
f 3273 2409 2410
f 3273 2410 3274
f 3275 2411 2409
f 3275 2409 3273
f 3268 2404 2411
f 3268 2411 3275
f 3276 2412 2408
f 3276 2408 3272
f 3277 2413 2412
f 3277 2412 3276
f 3278 2414 2413
f 3278 2413 3277
f 3279 2415 2416
f 3279 2417 2415
f 3279 2416 3280
f 3281 2410 2417
f 3281 2417 3279
f 3274 2410 3281
f 3282 2418 2414
f 3282 2414 3278
f 3283 2419 2418
f 3283 2418 3282
f 3284 2420 2419
f 3284 2419 3283
f 3285 2421 2422
f 3285 2422 3286
f 3287 2423 2421
f 3287 2421 3285
f 3280 2416 2423
f 3280 2423 3287
f 3288 2424 2420
f 3288 2420 3284
f 3289 2425 2424
f 3289 2424 3288
f 3290 2426 2425
f 3290 2425 3289
f 3291 2427 2428
f 3291 2428 3292
f 3293 2429 2427
f 3293 2427 3291
f 3286 2422 2429
f 3286 2429 3293
f 3294 2430 2426
f 3294 2431 2430
f 3294 2426 3290
f 3295 2432 2431
f 3295 2431 3294
f 3296 2432 3295
f 3297 2433 2434
f 3297 2434 3298
f 3299 2435 2433
f 3299 2433 3297
f 3292 2428 2435
f 3292 2435 3299
f 3300 2436 2432
f 3300 2432 3296
f 3301 2437 2436
f 3301 2436 3300
f 3302 2438 2437
f 3302 2437 3301
f 3303 2439 2440
f 3303 2441 2439
f 3303 2440 3304
f 3305 2434 2441
f 3305 2441 3303
f 3298 2434 3305
f 3306 2442 2438
f 3306 2438 3302
f 3307 2443 2442
f 3307 2442 3306
f 3308 2444 2443
f 3308 2443 3307
f 3309 2445 2446
f 3309 2446 3310
f 3311 2447 2445
f 3311 2445 3309
f 3304 2440 2447
f 3304 2447 3311
f 3312 2448 2444
f 3312 2444 3308
f 3313 2449 2448
f 3313 2448 3312
f 3314 2450 2449
f 3314 2449 3313
f 3315 2451 2452
f 3315 2452 3316
f 3317 2453 2451
f 3317 2451 3315
f 3310 2446 2453
f 3310 2453 3317
f 3318 2454 2450
f 3318 2450 3314
f 3319 2455 2454
f 3319 2454 3318
f 3320 2456 2455
f 3320 2455 3319
f 3321 2457 2458
f 3321 2458 3322
f 3323 2459 2457
f 3323 2457 3321
f 3316 2452 2459
f 3316 2459 3323
f 3324 2460 2456
f 3324 2456 3320
f 3325 2461 2460
f 3325 2460 3324
f 3326 2462 2461
f 3326 2461 3325
f 3327 2463 2464
f 3327 2465 2463
f 3327 2464 3328
f 3329 2458 2465
f 3329 2465 3327
f 3322 2458 3329
f 3330 2466 2462
f 3330 2462 3326
f 3331 2467 2466
f 3331 2466 3330
f 3332 2468 2467
f 3332 2467 3331
f 3333 2469 2470
f 3333 2470 3334
f 3335 2471 2469
f 3335 2469 3333
f 3328 2464 2471
f 3328 2471 3335
f 3336 2472 2468
f 3336 2468 3332
f 3337 2473 2472
f 3337 2472 3336
f 3338 2474 2473
f 3338 2473 3337
f 3339 2475 2476
f 3339 2476 3340
f 3341 2477 2475
f 3341 2475 3339
f 3334 2470 2477
f 3334 2477 3341
f 3342 2478 2474
f 3342 2479 2478
f 3342 2474 3338
f 3343 2480 2479
f 3343 2479 3342
f 3344 2480 3343
f 3345 2481 2482
f 3345 2482 3346
f 3347 2483 2481
f 3347 2481 3345
f 3340 2476 2483
f 3340 2483 3347
f 3348 2484 2480
f 3348 2480 3344
f 3349 2485 2484
f 3349 2484 3348
f 3350 2486 2485
f 3350 2485 3349
f 3351 2487 2488
f 3351 2488 3352
f 3353 2489 2487
f 3353 2487 3351
f 3346 2482 2489
f 3346 2489 3353
f 3354 2490 2486
f 3354 2486 3350
f 3355 2491 2490
f 3355 2490 3354
f 3356 2492 2491
f 3356 2491 3355
f 3357 2493 2494
f 3357 2494 3358
f 3359 2495 2493
f 3359 2493 3357
f 3352 2488 2495
f 3352 2495 3359
f 3360 2496 2492
f 3360 2492 3356
f 3361 2497 2496
f 3361 2496 3360
f 3362 2498 2497
f 3362 2497 3361
f 3363 2499 2500
f 3363 2500 3364
f 3365 2501 2499
f 3365 2499 3363
f 3358 2494 2501
f 3358 2501 3365
f 3366 2502 2498
f 3366 2498 3362
f 3367 2503 2502
f 3367 2502 3366
f 3368 2504 2503
f 3368 2503 3367
f 3369 2505 2506
f 3369 2506 3370
f 3371 2507 2505
f 3371 2505 3369
f 3364 2500 2507
f 3364 2507 3371
f 3372 2508 2504
f 3372 2504 3368
f 3373 2509 2508
f 3373 2508 3372
f 3374 2510 2509
f 3374 2509 3373
f 3375 2511 2512
f 3375 2513 2511
f 3375 2512 3376
f 3377 2506 2513
f 3377 2513 3375
f 3370 2506 3377
f 3378 2514 2510
f 3378 2510 3374
f 3379 2515 2514
f 3379 2514 3378
f 3380 2516 2515
f 3380 2515 3379
f 3381 2517 2518
f 3381 2518 3382
f 3383 2519 2517
f 3383 2517 3381
f 3376 2512 2519
f 3376 2519 3383
f 3384 2520 2516
f 3384 2516 3380
f 3385 2521 2520
f 3385 2520 3384
f 3386 2522 2521
f 3386 2521 3385
f 3387 2523 2524
f 3387 2524 3388
f 3389 2525 2523
f 3389 2523 3387
f 3382 2518 2525
f 3382 2525 3389
f 3390 2526 2522
f 3390 2522 3386
f 3391 2527 2526
f 3391 2526 3390
f 3392 2528 2527
f 3392 2527 3391
f 3393 2529 2530
f 3393 2530 3394
f 3395 2531 2529
f 3395 2529 3393
f 3388 2524 2531
f 3388 2531 3395
f 3396 2532 2528
f 3396 2528 3392
f 3397 2533 2532
f 3397 2532 3396
f 3398 2534 2533
f 3398 2533 3397
f 3399 2535 2536
f 3399 2536 3400
f 3401 2537 2535
f 3401 2535 3399
f 3394 2530 2537
f 3394 2537 3401
f 3402 2538 2534
f 3402 2534 3398
f 3403 2539 2538
f 3403 2538 3402
f 3404 2540 2539
f 3404 2539 3403
f 3405 2541 2542
f 3405 2542 3406
f 3407 2543 2541
f 3407 2541 3405
f 3400 2536 2543
f 3400 2543 3407
f 3408 2544 2540
f 3408 2540 3404
f 3409 2545 2544
f 3409 2544 3408
f 3410 2546 2545
f 3410 2545 3409
f 3411 2547 2548
f 3411 2548 3412
f 3413 2549 2547
f 3413 2547 3411
f 3406 2542 2549
f 3406 2549 3413
f 3414 2550 2546
f 3414 2546 3410
f 3415 2551 2550
f 3415 2550 3414
f 3416 2552 2551
f 3416 2551 3415
f 3417 2553 2554
f 3417 2554 3418
f 3419 2555 2553
f 3419 2553 3417
f 3412 2548 2555
f 3412 2555 3419
f 3420 2556 2552
f 3420 2552 3416
f 3421 2557 2556
f 3421 2556 3420
f 3422 2558 2557
f 3422 2557 3421
f 3423 2559 2560
f 3423 2560 3424
f 3425 2561 2559
f 3425 2559 3423
f 3418 2554 2561
f 3418 2561 3425
f 3426 2562 2558
f 3426 2558 3422
f 3427 2563 2562
f 3427 2562 3426
f 3428 2564 2563
f 3428 2563 3427
f 3429 2565 2566
f 3429 2566 3430
f 3431 2567 2565
f 3431 2565 3429
f 3424 2560 2567
f 3424 2567 3431
f 3432 2568 2564
f 3432 2564 3428
f 3433 2569 2568
f 3433 2568 3432
f 3434 2570 2569
f 3434 2569 3433
f 3435 2571 2572
f 3435 2572 3436
f 3437 2573 2571
f 3437 2571 3435
f 3430 2566 2573
f 3430 2573 3437
f 3438 2574 2570
f 3438 2575 2574
f 3438 2570 3434
f 3439 2576 2575
f 3439 2575 3438
f 3440 2576 3439
f 3441 2577 2578
f 3441 2578 3442
f 3443 2579 2577
f 3443 2577 3441
f 3436 2572 2579
f 3436 2579 3443
f 3444 2580 2576
f 3444 2576 3440
f 3445 2581 2580
f 3445 2580 3444
f 3446 2582 2581
f 3446 2581 3445
f 3447 2583 2584
f 3447 2584 3448
f 3449 2585 2583
f 3449 2583 3447
f 3442 2578 2585
f 3442 2585 3449
f 3450 2586 2582
f 3450 2582 3446
f 3451 2587 2586
f 3451 2586 3450
f 3452 2588 2587
f 3452 2587 3451
f 3453 2589 2590
f 3453 2590 3454
f 3455 2591 2589
f 3455 2589 3453
f 3448 2584 2591
f 3448 2591 3455
f 3456 2592 2588
f 3456 2588 3452
f 3457 2593 2592
f 3457 2592 3456
f 3458 2594 2593
f 3458 2593 3457
f 3459 2595 2596
f 3459 2596 3460
f 3461 2597 2595
f 3461 2595 3459
f 3454 2590 2597
f 3454 2597 3461
f 3462 2598 2594
f 3462 2594 3458
f 3463 2599 2598
f 3463 2598 3462
f 3464 2600 2599
f 3464 2599 3463
f 3465 2601 2602
f 3465 2602 3466
f 3467 2603 2601
f 3467 2601 3465
f 3460 2596 2603
f 3460 2603 3467
f 3468 2604 2600
f 3468 2600 3464
f 3469 2605 2604
f 3469 2604 3468
f 3470 2606 2605
f 3470 2605 3469
f 3471 2607 2608
f 3471 2608 3472
f 3473 2609 2607
f 3473 2607 3471
f 3466 2602 2609
f 3466 2609 3473
f 3474 2610 2606
f 3474 2606 3470
f 3475 2611 2610
f 3475 2610 3474
f 3476 2612 2611
f 3476 2611 3475
f 3477 2613 2614
f 3477 2614 3478
f 3479 2615 2613
f 3479 2613 3477
f 3472 2608 2615
f 3472 2615 3479
f 3480 2616 2612
f 3480 2612 3476
f 3481 2617 2616
f 3481 2616 3480
f 3482 2618 2617
f 3482 2617 3481
f 3483 2619 2620
f 3483 2620 3484
f 3485 2621 2619
f 3485 2619 3483
f 3478 2614 2621
f 3478 2621 3485
f 3486 2622 2618
f 3486 2618 3482
f 3487 2623 2622
f 3487 2622 3486
f 3488 2624 2623
f 3488 2623 3487
f 3489 2625 2626
f 3489 2626 3490
f 3491 2627 2625
f 3491 2625 3489
f 3484 2620 2627
f 3484 2627 3491
f 3492 2628 2624
f 3492 2624 3488
f 3493 2629 2628
f 3493 2628 3492
f 3494 2630 2629
f 3494 2629 3493
f 3495 2631 2632
f 3495 2632 3496
f 3497 2633 2631
f 3497 2631 3495
f 3490 2626 2633
f 3490 2633 3497
f 3498 2634 2630
f 3498 2630 3494
f 3499 2635 2634
f 3499 2634 3498
f 3500 2636 2635
f 3500 2635 3499
f 3501 2637 2638
f 3501 2638 3502
f 3503 2639 2637
f 3503 2637 3501
f 3496 2632 2639
f 3496 2639 3503
f 3504 2640 2636
f 3504 2636 3500
f 3505 2641 2640
f 3505 2640 3504
f 3506 2642 2641
f 3506 2641 3505
f 3507 2643 2644
f 3507 2644 3508
f 3509 2645 2643
f 3509 2643 3507
f 3502 2638 2645
f 3502 2645 3509
f 3510 2646 2642
f 3510 2642 3506
f 3511 2647 2646
f 3511 2646 3510
f 3512 2648 2647
f 3512 2647 3511
f 3513 2649 2650
f 3513 2650 3514
f 3515 2651 2649
f 3515 2649 3513
f 3508 2644 2651
f 3508 2651 3515
f 3516 2652 2648
f 3516 2648 3512
f 3517 2653 2652
f 3517 2652 3516
f 3518 2654 2653
f 3518 2653 3517
f 3519 2655 2656
f 3519 2656 3520
f 3521 2657 2655
f 3521 2655 3519
f 3514 2650 2657
f 3514 2657 3521
f 3522 2658 2654
f 3522 2654 3518
f 3523 2659 2658
f 3523 2658 3522
f 3524 2660 2659
f 3524 2659 3523
f 3525 2661 2662
f 3525 2662 3526
f 3527 2663 2661
f 3527 2661 3525
f 3520 2656 2663
f 3520 2663 3527
f 3528 2664 2660
f 3528 2660 3524
f 3529 2665 2664
f 3529 2664 3528
f 3530 2666 2665
f 3530 2665 3529
f 3531 2667 2668
f 3531 2668 3532
f 3533 2669 2667
f 3533 2667 3531
f 3526 2662 2669
f 3526 2669 3533
f 3534 2670 2666
f 3534 2666 3530
f 3535 2671 2670
f 3535 2670 3534
f 3536 2672 2671
f 3536 2671 3535
f 3537 2673 2674
f 3537 2674 3538
f 3539 2675 2673
f 3539 2673 3537
f 3532 2668 2675
f 3532 2675 3539
f 3540 2676 2672
f 3540 2672 3536
f 3541 2677 2676
f 3541 2676 3540
f 3542 2678 2677
f 3542 2677 3541
f 3543 2679 2680
f 3543 2681 2679
f 3543 2680 3544
f 3545 2674 2681
f 3545 2681 3543
f 3538 2674 3545
f 3546 2682 2678
f 3546 2678 3542
f 3547 2683 2682
f 3547 2682 3546
f 3548 2684 2683
f 3548 2683 3547
f 3549 2685 2684
f 3549 2684 3548
f 3550 2686 2685
f 3550 2685 3549
f 3544 2680 2686
f 3544 2686 3550
f 2687 3551 3552
f 2687 3552 2688
f 2689 3553 3551
f 2689 3551 2687
f 2690 3554 3553
f 2690 3553 2689
f 2691 3555 3556
f 2691 3556 2692
f 2693 3557 3555
f 2693 3555 2691
f 2688 3552 3557
f 2688 3557 2693
f 2694 3558 3554
f 2694 3559 3558
f 2694 3554 2690
f 2695 3560 3559
f 2695 3559 2694
f 2696 3560 2695
f 2697 3561 3562
f 2697 3562 2698
f 2699 3563 3561
f 2699 3561 2697
f 2692 3556 3563
f 2692 3563 2699
f 2700 3564 3560
f 2700 3560 2696
f 2701 3565 3564
f 2701 3564 2700
f 2702 3566 3565
f 2702 3565 2701
f 2703 3567 3568
f 2703 3568 2704
f 2705 3569 3567
f 2705 3567 2703
f 2698 3562 3569
f 2698 3569 2705
f 2706 3570 3566
f 2706 3566 2702
f 2707 3571 3570
f 2707 3570 2706
f 2708 3572 3571
f 2708 3571 2707
f 2709 3573 3574
f 2709 3574 2710
f 2711 3575 3573
f 2711 3573 2709
f 2704 3568 3575
f 2704 3575 2711
f 2712 3576 3572
f 2712 3572 2708
f 2713 3577 3576
f 2713 3576 2712
f 2714 3578 3577
f 2714 3577 2713
f 2715 3579 3580
f 2715 3580 2716
f 2717 3581 3579
f 2717 3579 2715
f 2710 3574 3581
f 2710 3581 2717
f 2718 3582 3578
f 2718 3583 3582
f 2718 3578 2714
f 2719 3584 3583
f 2719 3583 2718
f 2720 3584 2719
f 2721 3585 3586
f 2721 3586 2722
f 2723 3587 3585
f 2723 3585 2721
f 2716 3580 3587
f 2716 3587 2723
f 2724 3588 3584
f 2724 3584 2720
f 2725 3589 3588
f 2725 3588 2724
f 2726 3590 3589
f 2726 3589 2725
f 2727 3591 3592
f 2727 3593 3591
f 2727 3592 2728
f 2729 3586 3593
f 2729 3593 2727
f 2722 3586 2729
f 2730 3594 3590
f 2730 3590 2726
f 2731 3595 3594
f 2731 3594 2730
f 2732 3596 3595
f 2732 3595 2731
f 2733 3597 3598
f 2733 3598 2734
f 2735 3599 3597
f 2735 3597 2733
f 2728 3592 3599
f 2728 3599 2735
f 2736 3600 3596
f 2736 3596 2732
f 2737 3601 3600
f 2737 3600 2736
f 2738 3602 3601
f 2738 3601 2737
f 2739 3603 3604
f 2739 3604 2740
f 2741 3605 3603
f 2741 3603 2739
f 2734 3598 3605
f 2734 3605 2741
f 2742 3606 3602
f 2742 3602 2738
f 2743 3607 3606
f 2743 3606 2742
f 2744 3608 3607
f 2744 3607 2743
f 2745 3609 3610
f 2745 3610 2746
f 2747 3611 3609
f 2747 3609 2745
f 2740 3604 3611
f 2740 3611 2747
f 2748 3612 3608
f 2748 3608 2744
f 2749 3613 3612
f 2749 3612 2748
f 2750 3614 3613
f 2750 3613 2749
f 2751 3615 3616
f 2751 3616 2752
f 2753 3617 3615
f 2753 3615 2751
f 2746 3610 3617
f 2746 3617 2753
f 2754 3618 3614
f 2754 3614 2750
f 2755 3619 3618
f 2755 3618 2754
f 2756 3620 3619
f 2756 3619 2755
f 2757 3621 3622
f 2757 3622 2758
f 2759 3623 3621
f 2759 3621 2757
f 2752 3616 3623
f 2752 3623 2759
f 2760 3624 3620
f 2760 3620 2756
f 2761 3625 3624
f 2761 3624 2760
f 2762 3626 3625
f 2762 3625 2761
f 2763 3627 3628
f 2763 3628 2764
f 2765 3629 3627
f 2765 3627 2763
f 2758 3622 3629
f 2758 3629 2765
f 2766 3630 3626
f 2766 3626 2762
f 2767 3631 3630
f 2767 3630 2766
f 2768 3632 3631
f 2768 3631 2767
f 2769 3633 3634
f 2769 3634 2770
f 2771 3635 3633
f 2771 3633 2769
f 2764 3628 3635
f 2764 3635 2771
f 2772 3636 3632
f 2772 3632 2768
f 2773 3637 3636
f 2773 3636 2772
f 2774 3638 3637
f 2774 3637 2773
f 2775 3639 3640
f 2775 3640 2776
f 2777 3641 3639
f 2777 3639 2775
f 2770 3634 3641
f 2770 3641 2777
f 2778 3642 3638
f 2778 3638 2774
f 2779 3643 3642
f 2779 3642 2778
f 2780 3644 3643
f 2780 3643 2779
f 2781 3645 3646
f 2781 3646 2782
f 2783 3647 3645
f 2783 3645 2781
f 2776 3640 3647
f 2776 3647 2783
f 2784 3648 3644
f 2784 3644 2780
f 2785 3649 3648
f 2785 3648 2784
f 2786 3650 3649
f 2786 3649 2785
f 2787 3651 3652
f 2787 3652 2788
f 2789 3653 3651
f 2789 3651 2787
f 2782 3646 3653
f 2782 3653 2789
f 2790 3654 3650
f 2790 3655 3654
f 2790 3650 2786
f 2791 3656 3655
f 2791 3655 2790
f 2792 3656 2791
f 2793 3657 3658
f 2793 3658 2794
f 2795 3659 3657
f 2795 3657 2793
f 2788 3652 3659
f 2788 3659 2795
f 2796 3660 3656
f 2796 3656 2792
f 2797 3661 3660
f 2797 3660 2796
f 2798 3662 3661
f 2798 3661 2797
f 2799 3663 3664
f 2799 3664 2800
f 2801 3665 3663
f 2801 3663 2799
f 2794 3658 3665
f 2794 3665 2801
f 2802 3666 3662
f 2802 3662 2798
f 2803 3667 3666
f 2803 3666 2802
f 2804 3668 3667
f 2804 3667 2803
f 2805 3669 3670
f 2805 3670 2806
f 2807 3671 3669
f 2807 3669 2805
f 2800 3664 3671
f 2800 3671 2807
f 2808 3672 3668
f 2808 3668 2804
f 2809 3673 3672
f 2809 3672 2808
f 2810 3674 3673
f 2810 3673 2809
f 2811 3675 3676
f 2811 3676 2812
f 2813 3677 3675
f 2813 3675 2811
f 2806 3670 3677
f 2806 3677 2813
f 2814 3678 3674
f 2814 3674 2810
f 2815 3679 3678
f 2815 3678 2814
f 2816 3680 3679
f 2816 3679 2815
f 2817 3681 3682
f 2817 3682 2818
f 2819 3683 3681
f 2819 3681 2817
f 2812 3676 3683
f 2812 3683 2819
f 2820 3684 3680
f 2820 3680 2816
f 2821 3685 3684
f 2821 3684 2820
f 2822 3686 3685
f 2822 3685 2821
f 2823 3687 3688
f 2823 3689 3687
f 2823 3688 2824
f 2825 3682 3689
f 2825 3689 2823
f 2818 3682 2825
f 2826 3690 3686
f 2826 3686 2822
f 2827 3691 3690
f 2827 3690 2826
f 2828 3692 3691
f 2828 3691 2827
f 2829 3693 3694
f 2829 3694 2830
f 2831 3695 3693
f 2831 3693 2829
f 2824 3688 3695
f 2824 3695 2831
f 2832 3696 3692
f 2832 3692 2828
f 2833 3697 3696
f 2833 3696 2832
f 2834 3698 3697
f 2834 3697 2833
f 2835 3699 3700
f 2835 3700 2836
f 2837 3701 3699
f 2837 3699 2835
f 2830 3694 3701
f 2830 3701 2837
f 2838 3702 3698
f 2838 3703 3702
f 2838 3698 2834
f 2839 3704 3703
f 2839 3703 2838
f 2840 3704 2839
f 2841 3705 3706
f 2841 3706 2842
f 2843 3707 3705
f 2843 3705 2841
f 2836 3700 3707
f 2836 3707 2843
f 2844 3708 3704
f 2844 3704 2840
f 2845 3709 3708
f 2845 3708 2844
f 2846 3710 3709
f 2846 3709 2845
f 2847 3711 3712
f 2847 3712 2848
f 2849 3713 3711
f 2849 3711 2847
f 2842 3706 3713
f 2842 3713 2849
f 2850 3714 3710
f 2850 3710 2846
f 2851 3715 3714
f 2851 3714 2850
f 2852 3716 3715
f 2852 3715 2851
f 2853 3717 3718
f 2853 3718 2854
f 2855 3719 3717
f 2855 3717 2853
f 2848 3712 3719
f 2848 3719 2855
f 2856 3720 3716
f 2856 3716 2852
f 2857 3721 3720
f 2857 3720 2856
f 2858 3722 3721
f 2858 3721 2857
f 2859 3723 3724
f 2859 3724 2860
f 2861 3725 3723
f 2861 3723 2859
f 2854 3718 3725
f 2854 3725 2861
f 2862 3726 3722
f 2862 3727 3726
f 2862 3722 2858
f 2863 3728 3727
f 2863 3727 2862
f 2864 3728 2863
f 2865 3729 3730
f 2865 3730 2866
f 2867 3731 3729
f 2867 3729 2865
f 2860 3724 3731
f 2860 3731 2867
f 2868 3732 3728
f 2868 3728 2864
f 2869 3733 3732
f 2869 3732 2868
f 2870 3734 3733
f 2870 3733 2869
f 2871 3735 3736
f 2871 3737 3735
f 2871 3736 2872
f 2873 3730 3737
f 2873 3737 2871
f 2866 3730 2873
f 2874 3738 3734
f 2874 3734 2870
f 2875 3739 3738
f 2875 3738 2874
f 2876 3740 3739
f 2876 3739 2875
f 2877 3741 3742
f 2877 3742 2878
f 2879 3743 3741
f 2879 3741 2877
f 2872 3736 3743
f 2872 3743 2879
f 2880 3744 3740
f 2880 3740 2876
f 2881 3745 3744
f 2881 3744 2880
f 2882 3746 3745
f 2882 3745 2881
f 2883 3747 3748
f 2883 3748 2884
f 2885 3749 3747
f 2885 3747 2883
f 2878 3742 3749
f 2878 3749 2885
f 2886 3750 3746
f 2886 3751 3750
f 2886 3746 2882
f 2887 3752 3751
f 2887 3751 2886
f 2888 3752 2887
f 2889 3753 3754
f 2889 3754 2890
f 2891 3755 3753
f 2891 3753 2889
f 2884 3748 3755
f 2884 3755 2891
f 2892 3756 3752
f 2892 3752 2888
f 2893 3757 3756
f 2893 3756 2892
f 2894 3758 3757
f 2894 3757 2893
f 2895 3759 3760
f 2895 3761 3759
f 2895 3760 2896
f 2897 3754 3761
f 2897 3761 2895
f 2890 3754 2897
f 2898 3762 3758
f 2898 3758 2894
f 2899 3763 3762
f 2899 3762 2898
f 2900 3764 3763
f 2900 3763 2899
f 2901 3765 3766
f 2901 3766 2902
f 2903 3767 3765
f 2903 3765 2901
f 2896 3760 3767
f 2896 3767 2903
f 2904 3768 3764
f 2904 3764 2900
f 2905 3769 3768
f 2905 3768 2904
f 2906 3770 3769
f 2906 3769 2905
f 2907 3771 3772
f 2907 3772 2908
f 2909 3773 3771
f 2909 3771 2907
f 2902 3766 3773
f 2902 3773 2909
f 2910 3774 3770
f 2910 3770 2906
f 2911 3775 3774
f 2911 3774 2910
f 2912 3776 3775
f 2912 3775 2911
f 2913 3777 3778
f 2913 3778 2914
f 2915 3779 3777
f 2915 3777 2913
f 2908 3772 3779
f 2908 3779 2915
f 2916 3780 3776
f 2916 3776 2912
f 2917 3781 3780
f 2917 3780 2916
f 2918 3782 3781
f 2918 3781 2917
f 2919 3783 3784
f 2919 3785 3783
f 2919 3784 2920
f 2921 3778 3785
f 2921 3785 2919
f 2914 3778 2921
f 2922 3786 3782
f 2922 3782 2918
f 2923 3787 3786
f 2923 3786 2922
f 2924 3788 3787
f 2924 3787 2923
f 2925 3789 3790
f 2925 3790 2926
f 2927 3791 3789
f 2927 3789 2925
f 2920 3784 3791
f 2920 3791 2927
f 2928 3792 3788
f 2928 3788 2924
f 2929 3793 3792
f 2929 3792 2928
f 2930 3794 3793
f 2930 3793 2929
f 2931 3795 3796
f 2931 3796 2932
f 2933 3797 3795
f 2933 3795 2931
f 2926 3790 3797
f 2926 3797 2933
f 2934 3798 3794
f 2934 3799 3798
f 2934 3794 2930
f 2935 3800 3799
f 2935 3799 2934
f 2936 3800 2935
f 2937 3801 3802
f 2937 3802 2938
f 2939 3803 3801
f 2939 3801 2937
f 2932 3796 3803
f 2932 3803 2939
f 2940 3804 3800
f 2940 3800 2936
f 2941 3805 3804
f 2941 3804 2940
f 2942 3806 3805
f 2942 3805 2941
f 2943 3807 3808
f 2943 3808 2944
f 2945 3809 3807
f 2945 3807 2943
f 2938 3802 3809
f 2938 3809 2945
f 2946 3810 3806
f 2946 3806 2942
f 2947 3811 3810
f 2947 3810 2946
f 2948 3812 3811
f 2948 3811 2947
f 2949 3813 3814
f 2949 3814 2950
f 2951 3815 3813
f 2951 3813 2949
f 2944 3808 3815
f 2944 3815 2951
f 2952 3816 3812
f 2952 3812 2948
f 2953 3817 3816
f 2953 3816 2952
f 2954 3818 3817
f 2954 3817 2953
f 2955 3819 3820
f 2955 3820 2956
f 2957 3821 3819
f 2957 3819 2955
f 2950 3814 3821
f 2950 3821 2957
f 2958 3822 3818
f 2958 3823 3822
f 2958 3818 2954
f 2959 3824 3823
f 2959 3823 2958
f 2960 3824 2959
f 2961 3825 3826
f 2961 3826 2962
f 2963 3827 3825
f 2963 3825 2961
f 2956 3820 3827
f 2956 3827 2963
f 2964 3828 3824
f 2964 3824 2960
f 2965 3829 3828
f 2965 3828 2964
f 2966 3830 3829
f 2966 3829 2965
f 2967 3831 3832
f 2967 3833 3831
f 2967 3832 2968
f 2969 3826 3833
f 2969 3833 2967
f 2962 3826 2969
f 2970 3834 3830
f 2970 3830 2966
f 2971 3835 3834
f 2971 3834 2970
f 2972 3836 3835
f 2972 3835 2971
f 2973 3837 3838
f 2973 3838 2974
f 2975 3839 3837
f 2975 3837 2973
f 2968 3832 3839
f 2968 3839 2975
f 2976 3840 3836
f 2976 3836 2972
f 2977 3841 3840
f 2977 3840 2976
f 2978 3842 3841
f 2978 3841 2977
f 2979 3843 3844
f 2979 3844 2980
f 2981 3845 3843
f 2981 3843 2979
f 2974 3838 3845
f 2974 3845 2981
f 2982 3846 3842
f 2982 3842 2978
f 2983 3847 3846
f 2983 3846 2982
f 2984 3848 3847
f 2984 3847 2983
f 2985 3849 3850
f 2985 3850 2986
f 2987 3851 3849
f 2987 3849 2985
f 2980 3844 3851
f 2980 3851 2987
f 2988 3852 3848
f 2988 3848 2984
f 2989 3853 3852
f 2989 3852 2988
f 2990 3854 3853
f 2990 3853 2989
f 2991 3855 3856
f 2991 3856 2992
f 2993 3857 3855
f 2993 3855 2991
f 2986 3850 3857
f 2986 3857 2993
f 2994 3858 3854
f 2994 3854 2990
f 2995 3859 3858
f 2995 3858 2994
f 2996 3860 3859
f 2996 3859 2995
f 2997 3861 3862
f 2997 3862 2998
f 2999 3863 3861
f 2999 3861 2997
f 2992 3856 3863
f 2992 3863 2999
f 3000 3864 3860
f 3000 3860 2996
f 3001 3865 3864
f 3001 3864 3000
f 3002 3866 3865
f 3002 3865 3001
f 3003 3867 3868
f 3003 3868 3004
f 3005 3869 3867
f 3005 3867 3003
f 2998 3862 3869
f 2998 3869 3005
f 3006 3870 3866
f 3006 3871 3870
f 3006 3866 3002
f 3007 3872 3871
f 3007 3871 3006
f 3008 3872 3007
f 3009 3873 3874
f 3009 3874 3010
f 3011 3875 3873
f 3011 3873 3009
f 3004 3868 3875
f 3004 3875 3011
f 3012 3876 3872
f 3012 3872 3008
f 3013 3877 3876
f 3013 3876 3012
f 3014 3878 3877
f 3014 3877 3013
f 3015 3879 3880
f 3015 3880 3016
f 3017 3881 3879
f 3017 3879 3015
f 3010 3874 3881
f 3010 3881 3017
f 3018 3882 3878
f 3018 3878 3014
f 3019 3883 3882
f 3019 3882 3018
f 3020 3884 3883
f 3020 3883 3019
f 3021 3885 3886
f 3021 3886 3022
f 3023 3887 3885
f 3023 3885 3021
f 3016 3880 3887
f 3016 3887 3023
f 3024 3888 3884
f 3024 3884 3020
f 3025 3889 3888
f 3025 3888 3024
f 3026 3890 3889
f 3026 3889 3025
f 3027 3891 3892
f 3027 3892 3028
f 3029 3893 3891
f 3029 3891 3027
f 3022 3886 3893
f 3022 3893 3029
f 3030 3894 3890
f 3030 3895 3894
f 3030 3890 3026
f 3031 3896 3895
f 3031 3895 3030
f 3032 3896 3031
f 3033 3897 3898
f 3033 3898 3034
f 3035 3899 3897
f 3035 3897 3033
f 3028 3892 3899
f 3028 3899 3035
f 3036 3900 3896
f 3036 3896 3032
f 3037 3901 3900
f 3037 3900 3036
f 3038 3902 3901
f 3038 3901 3037
f 3039 3903 3904
f 3039 3904 3040
f 3041 3905 3903
f 3041 3903 3039
f 3034 3898 3905
f 3034 3905 3041
f 3042 3906 3902
f 3042 3902 3038
f 3043 3907 3906
f 3043 3906 3042
f 3044 3908 3907
f 3044 3907 3043
f 3045 3909 3910
f 3045 3910 3046
f 3047 3911 3909
f 3047 3909 3045
f 3040 3904 3911
f 3040 3911 3047
f 3048 3912 3908
f 3048 3908 3044
f 3049 3913 3912
f 3049 3912 3048
f 3050 3914 3913
f 3050 3913 3049
f 3051 3915 3916
f 3051 3916 3052
f 3053 3917 3915
f 3053 3915 3051
f 3046 3910 3917
f 3046 3917 3053
f 3054 3918 3914
f 3054 3919 3918
f 3054 3914 3050
f 3055 3920 3919
f 3055 3919 3054
f 3056 3920 3055
f 3057 3921 3922
f 3057 3922 3058
f 3059 3923 3921
f 3059 3921 3057
f 3052 3916 3923
f 3052 3923 3059
f 3060 3924 3920
f 3060 3920 3056
f 3061 3925 3924
f 3061 3924 3060
f 3062 3926 3925
f 3062 3925 3061
f 3063 3927 3928
f 3063 3929 3927
f 3063 3928 3064
f 3065 3922 3929
f 3065 3929 3063
f 3058 3922 3065
f 3066 3930 3926
f 3066 3926 3062
f 3067 3931 3930
f 3067 3930 3066
f 3068 3932 3931
f 3068 3931 3067
f 3069 3933 3934
f 3069 3934 3070
f 3071 3935 3933
f 3071 3933 3069
f 3064 3928 3935
f 3064 3935 3071
f 3072 3936 3932
f 3072 3932 3068
f 3073 3937 3936
f 3073 3936 3072
f 3074 3938 3937
f 3074 3937 3073
f 3075 3939 3940
f 3075 3940 3076
f 3077 3941 3939
f 3077 3939 3075
f 3070 3934 3941
f 3070 3941 3077
f 3078 3942 3938
f 3078 3943 3942
f 3078 3938 3074
f 3079 3944 3943
f 3079 3943 3078
f 3080 3944 3079
f 3081 3945 3946
f 3081 3946 3082
f 3083 3947 3945
f 3083 3945 3081
f 3076 3940 3947
f 3076 3947 3083
f 3084 3948 3944
f 3084 3944 3080
f 3085 3949 3948
f 3085 3948 3084
f 3086 3950 3949
f 3086 3949 3085
f 3087 3951 3952
f 3087 3952 3088
f 3089 3953 3951
f 3089 3951 3087
f 3082 3946 3953
f 3082 3953 3089
f 3090 3954 3950
f 3090 3950 3086
f 3091 3955 3954
f 3091 3954 3090
f 3092 3956 3955
f 3092 3955 3091
f 3093 3957 3958
f 3093 3958 3094
f 3095 3959 3957
f 3095 3957 3093
f 3088 3952 3959
f 3088 3959 3095
f 3096 3960 3956
f 3096 3956 3092
f 3097 3961 3960
f 3097 3960 3096
f 3098 3962 3961
f 3098 3961 3097
f 3099 3963 3964
f 3099 3964 3100
f 3101 3965 3963
f 3101 3963 3099
f 3094 3958 3965
f 3094 3965 3101
f 3102 3966 3962
f 3102 3962 3098
f 3103 3967 3966
f 3103 3966 3102
f 3104 3968 3967
f 3104 3967 3103
f 3105 3969 3970
f 3105 3970 3106
f 3107 3971 3969
f 3107 3969 3105
f 3100 3964 3971
f 3100 3971 3107
f 3108 3972 3968
f 3108 3968 3104
f 3109 3973 3972
f 3109 3972 3108
f 3110 3974 3973
f 3110 3973 3109
f 3111 3975 3976
f 3111 3976 3112
f 3113 3977 3975
f 3113 3975 3111
f 3106 3970 3977
f 3106 3977 3113
f 3114 3978 3974
f 3114 3974 3110
f 3115 3979 3978
f 3115 3978 3114
f 3116 3980 3979
f 3116 3979 3115
f 3117 3981 3980
f 3117 3980 3116
f 3118 3982 3981
f 3118 3981 3117
f 3112 3976 3982
f 3112 3982 3118
f 3551 3119 3120
f 3551 3120 3552
f 3553 3121 3119
f 3553 3119 3551
f 3554 3122 3121
f 3554 3121 3553
f 3555 3123 3124
f 3555 3124 3556
f 3557 3125 3123
f 3557 3123 3555
f 3552 3120 3125
f 3552 3125 3557
f 3558 3126 3122
f 3558 3122 3554
f 3559 3127 3126
f 3559 3126 3558
f 3560 3128 3127
f 3560 3127 3559
f 3561 3129 3130
f 3561 3130 3562
f 3563 3131 3129
f 3563 3129 3561
f 3556 3124 3131
f 3556 3131 3563
f 3564 3132 3128
f 3564 3128 3560
f 3565 3133 3132
f 3565 3132 3564
f 3566 3134 3133
f 3566 3133 3565
f 3567 3135 3136
f 3567 3136 3568
f 3569 3137 3135
f 3569 3135 3567
f 3562 3130 3137
f 3562 3137 3569
f 3570 3138 3134
f 3570 3134 3566
f 3571 3139 3138
f 3571 3138 3570
f 3572 3140 3139
f 3572 3139 3571
f 3573 3141 3142
f 3573 3142 3574
f 3575 3143 3141
f 3575 3141 3573
f 3568 3136 3143
f 3568 3143 3575
f 3576 3144 3140
f 3576 3140 3572
f 3577 3145 3144
f 3577 3144 3576
f 3578 3146 3145
f 3578 3145 3577
f 3579 3147 3148
f 3579 3148 3580
f 3581 3149 3147
f 3581 3147 3579
f 3574 3142 3149
f 3574 3149 3581
f 3582 3150 3146
f 3582 3151 3150
f 3582 3146 3578
f 3583 3152 3151
f 3583 3151 3582
f 3584 3152 3583
f 3585 3153 3154
f 3585 3154 3586
f 3587 3155 3153
f 3587 3153 3585
f 3580 3148 3155
f 3580 3155 3587
f 3588 3156 3152
f 3588 3152 3584
f 3589 3157 3156
f 3589 3156 3588
f 3590 3158 3157
f 3590 3157 3589
f 3591 3159 3160
f 3591 3160 3592
f 3593 3161 3159
f 3593 3159 3591
f 3586 3154 3161
f 3586 3161 3593
f 3594 3162 3158
f 3594 3158 3590
f 3595 3163 3162
f 3595 3162 3594
f 3596 3164 3163
f 3596 3163 3595
f 3597 3165 3166
f 3597 3166 3598
f 3599 3167 3165
f 3599 3165 3597
f 3592 3160 3167
f 3592 3167 3599
f 3600 3168 3164
f 3600 3164 3596
f 3601 3169 3168
f 3601 3168 3600
f 3602 3170 3169
f 3602 3169 3601
f 3603 3171 3172
f 3603 3172 3604
f 3605 3173 3171
f 3605 3171 3603
f 3598 3166 3173
f 3598 3173 3605
f 3606 3174 3170
f 3606 3175 3174
f 3606 3170 3602
f 3607 3176 3175
f 3607 3175 3606
f 3608 3176 3607
f 3609 3177 3178
f 3609 3178 3610
f 3611 3179 3177
f 3611 3177 3609
f 3604 3172 3179
f 3604 3179 3611
f 3612 3180 3176
f 3612 3176 3608
f 3613 3181 3180
f 3613 3180 3612
f 3614 3182 3181
f 3614 3181 3613
f 3615 3183 3184
f 3615 3185 3183
f 3615 3184 3616
f 3617 3178 3185
f 3617 3185 3615
f 3610 3178 3617
f 3618 3186 3182
f 3618 3182 3614
f 3619 3187 3186
f 3619 3186 3618
f 3620 3188 3187
f 3620 3187 3619
f 3621 3189 3190
f 3621 3190 3622
f 3623 3191 3189
f 3623 3189 3621
f 3616 3184 3191
f 3616 3191 3623
f 3624 3192 3188
f 3624 3188 3620
f 3625 3193 3192
f 3625 3192 3624
f 3626 3194 3193
f 3626 3193 3625
f 3627 3195 3196
f 3627 3196 3628
f 3629 3197 3195
f 3629 3195 3627
f 3622 3190 3197
f 3622 3197 3629
f 3630 3198 3194
f 3630 3199 3198
f 3630 3194 3626
f 3631 3200 3199
f 3631 3199 3630
f 3632 3200 3631
f 3633 3201 3202
f 3633 3202 3634
f 3635 3203 3201
f 3635 3201 3633
f 3628 3196 3203
f 3628 3203 3635
f 3636 3204 3200
f 3636 3200 3632
f 3637 3205 3204
f 3637 3204 3636
f 3638 3206 3205
f 3638 3205 3637
f 3639 3207 3208
f 3639 3209 3207
f 3639 3208 3640
f 3641 3202 3209
f 3641 3209 3639
f 3634 3202 3641
f 3642 3210 3206
f 3642 3206 3638
f 3643 3211 3210
f 3643 3210 3642
f 3644 3212 3211
f 3644 3211 3643
f 3645 3213 3214
f 3645 3214 3646
f 3647 3215 3213
f 3647 3213 3645
f 3640 3208 3215
f 3640 3215 3647
f 3648 3216 3212
f 3648 3212 3644
f 3649 3217 3216
f 3649 3216 3648
f 3650 3218 3217
f 3650 3217 3649
f 3651 3219 3220
f 3651 3220 3652
f 3653 3221 3219
f 3653 3219 3651
f 3646 3214 3221
f 3646 3221 3653
f 3654 3222 3218
f 3654 3218 3650
f 3655 3223 3222
f 3655 3222 3654
f 3656 3224 3223
f 3656 3223 3655
f 3657 3225 3226
f 3657 3226 3658
f 3659 3227 3225
f 3659 3225 3657
f 3652 3220 3227
f 3652 3227 3659
f 3660 3228 3224
f 3660 3224 3656
f 3661 3229 3228
f 3661 3228 3660
f 3662 3230 3229
f 3662 3229 3661
f 3663 3231 3232
f 3663 3232 3664
f 3665 3233 3231
f 3665 3231 3663
f 3658 3226 3233
f 3658 3233 3665
f 3666 3234 3230
f 3666 3230 3662
f 3667 3235 3234
f 3667 3234 3666
f 3668 3236 3235
f 3668 3235 3667
f 3669 3237 3238
f 3669 3238 3670
f 3671 3239 3237
f 3671 3237 3669
f 3664 3232 3239
f 3664 3239 3671
f 3672 3240 3236
f 3672 3236 3668
f 3673 3241 3240
f 3673 3240 3672
f 3674 3242 3241
f 3674 3241 3673
f 3675 3243 3244
f 3675 3244 3676
f 3677 3245 3243
f 3677 3243 3675
f 3670 3238 3245
f 3670 3245 3677
f 3678 3246 3242
f 3678 3247 3246
f 3678 3242 3674
f 3679 3248 3247
f 3679 3247 3678
f 3680 3248 3679
f 3681 3249 3250
f 3681 3250 3682
f 3683 3251 3249
f 3683 3249 3681
f 3676 3244 3251
f 3676 3251 3683
f 3684 3252 3248
f 3684 3248 3680
f 3685 3253 3252
f 3685 3252 3684
f 3686 3254 3253
f 3686 3253 3685
f 3687 3255 3256
f 3687 3256 3688
f 3689 3257 3255
f 3689 3255 3687
f 3682 3250 3257
f 3682 3257 3689
f 3690 3258 3254
f 3690 3254 3686
f 3691 3259 3258
f 3691 3258 3690
f 3692 3260 3259
f 3692 3259 3691
f 3693 3261 3262
f 3693 3262 3694
f 3695 3263 3261
f 3695 3261 3693
f 3688 3256 3263
f 3688 3263 3695
f 3696 3264 3260
f 3696 3260 3692
f 3697 3265 3264
f 3697 3264 3696
f 3698 3266 3265
f 3698 3265 3697
f 3699 3267 3268
f 3699 3268 3700
f 3701 3269 3267
f 3701 3267 3699
f 3694 3262 3269
f 3694 3269 3701
f 3702 3270 3266
f 3702 3271 3270
f 3702 3266 3698
f 3703 3272 3271
f 3703 3271 3702
f 3704 3272 3703
f 3705 3273 3274
f 3705 3274 3706
f 3707 3275 3273
f 3707 3273 3705
f 3700 3268 3275
f 3700 3275 3707
f 3708 3276 3272
f 3708 3272 3704
f 3709 3277 3276
f 3709 3276 3708
f 3710 3278 3277
f 3710 3277 3709
f 3711 3279 3280
f 3711 3281 3279
f 3711 3280 3712
f 3713 3274 3281
f 3713 3281 3711
f 3706 3274 3713
f 3714 3282 3278
f 3714 3278 3710
f 3715 3283 3282
f 3715 3282 3714
f 3716 3284 3283
f 3716 3283 3715
f 3717 3285 3286
f 3717 3286 3718
f 3719 3287 3285
f 3719 3285 3717
f 3712 3280 3287
f 3712 3287 3719
f 3720 3288 3284
f 3720 3284 3716
f 3721 3289 3288
f 3721 3288 3720
f 3722 3290 3289
f 3722 3289 3721
f 3723 3291 3292
f 3723 3292 3724
f 3725 3293 3291
f 3725 3291 3723
f 3718 3286 3293
f 3718 3293 3725
f 3726 3294 3290
f 3726 3290 3722
f 3727 3295 3294
f 3727 3294 3726
f 3728 3296 3295
f 3728 3295 3727
f 3729 3297 3298
f 3729 3298 3730
f 3731 3299 3297
f 3731 3297 3729
f 3724 3292 3299
f 3724 3299 3731
f 3732 3300 3296
f 3732 3296 3728
f 3733 3301 3300
f 3733 3300 3732
f 3734 3302 3301
f 3734 3301 3733
f 3735 3303 3304
f 3735 3305 3303
f 3735 3304 3736
f 3737 3298 3305
f 3737 3305 3735
f 3730 3298 3737
f 3738 3306 3302
f 3738 3302 3734
f 3739 3307 3306
f 3739 3306 3738
f 3740 3308 3307
f 3740 3307 3739
f 3741 3309 3310
f 3741 3310 3742
f 3743 3311 3309
f 3743 3309 3741
f 3736 3304 3311
f 3736 3311 3743
f 3744 3312 3308
f 3744 3308 3740
f 3745 3313 3312
f 3745 3312 3744
f 3746 3314 3313
f 3746 3313 3745
f 3747 3315 3316
f 3747 3316 3748
f 3749 3317 3315
f 3749 3315 3747
f 3742 3310 3317
f 3742 3317 3749
f 3750 3318 3314
f 3750 3319 3318
f 3750 3314 3746
f 3751 3320 3319
f 3751 3319 3750
f 3752 3320 3751
f 3753 3321 3322
f 3753 3322 3754
f 3755 3323 3321
f 3755 3321 3753
f 3748 3316 3323
f 3748 3323 3755
f 3756 3324 3320
f 3756 3320 3752
f 3757 3325 3324
f 3757 3324 3756
f 3758 3326 3325
f 3758 3325 3757
f 3759 3327 3328
f 3759 3328 3760
f 3761 3329 3327
f 3761 3327 3759
f 3754 3322 3329
f 3754 3329 3761
f 3762 3330 3326
f 3762 3326 3758
f 3763 3331 3330
f 3763 3330 3762
f 3764 3332 3331
f 3764 3331 3763
f 3765 3333 3334
f 3765 3334 3766
f 3767 3335 3333
f 3767 3333 3765
f 3760 3328 3335
f 3760 3335 3767
f 3768 3336 3332
f 3768 3332 3764
f 3769 3337 3336
f 3769 3336 3768
f 3770 3338 3337
f 3770 3337 3769
f 3771 3339 3340
f 3771 3340 3772
f 3773 3341 3339
f 3773 3339 3771
f 3766 3334 3341
f 3766 3341 3773
f 3774 3342 3338
f 3774 3338 3770
f 3775 3343 3342
f 3775 3342 3774
f 3776 3344 3343
f 3776 3343 3775
f 3777 3345 3346
f 3777 3346 3778
f 3779 3347 3345
f 3779 3345 3777
f 3772 3340 3347
f 3772 3347 3779
f 3780 3348 3344
f 3780 3344 3776
f 3781 3349 3348
f 3781 3348 3780
f 3782 3350 3349
f 3782 3349 3781
f 3783 3351 3352
f 3783 3353 3351
f 3783 3352 3784
f 3785 3346 3353
f 3785 3353 3783
f 3778 3346 3785
f 3786 3354 3350
f 3786 3350 3782
f 3787 3355 3354
f 3787 3354 3786
f 3788 3356 3355
f 3788 3355 3787
f 3789 3357 3358
f 3789 3358 3790
f 3791 3359 3357
f 3791 3357 3789
f 3784 3352 3359
f 3784 3359 3791
f 3792 3360 3356
f 3792 3356 3788
f 3793 3361 3360
f 3793 3360 3792
f 3794 3362 3361
f 3794 3361 3793
f 3795 3363 3364
f 3795 3364 3796
f 3797 3365 3363
f 3797 3363 3795
f 3790 3358 3365
f 3790 3365 3797
f 3798 3366 3362
f 3798 3367 3366
f 3798 3362 3794
f 3799 3368 3367
f 3799 3367 3798
f 3800 3368 3799
f 3801 3369 3370
f 3801 3370 3802
f 3803 3371 3369
f 3803 3369 3801
f 3796 3364 3371
f 3796 3371 3803
f 3804 3372 3368
f 3804 3368 3800
f 3805 3373 3372
f 3805 3372 3804
f 3806 3374 3373
f 3806 3373 3805
f 3807 3375 3376
f 3807 3377 3375
f 3807 3376 3808
f 3809 3370 3377
f 3809 3377 3807
f 3802 3370 3809
f 3810 3378 3374
f 3810 3374 3806
f 3811 3379 3378
f 3811 3378 3810
f 3812 3380 3379
f 3812 3379 3811
f 3813 3381 3382
f 3813 3382 3814
f 3815 3383 3381
f 3815 3381 3813
f 3808 3376 3383
f 3808 3383 3815
f 3816 3384 3380
f 3816 3380 3812
f 3817 3385 3384
f 3817 3384 3816
f 3818 3386 3385
f 3818 3385 3817
f 3819 3387 3388
f 3819 3388 3820
f 3821 3389 3387
f 3821 3387 3819
f 3814 3382 3389
f 3814 3389 3821
f 3822 3390 3386
f 3822 3391 3390
f 3822 3386 3818
f 3823 3392 3391
f 3823 3391 3822
f 3824 3392 3823
f 3825 3393 3394
f 3825 3394 3826
f 3827 3395 3393
f 3827 3393 3825
f 3820 3388 3395
f 3820 3395 3827
f 3828 3396 3392
f 3828 3392 3824
f 3829 3397 3396
f 3829 3396 3828
f 3830 3398 3397
f 3830 3397 3829
f 3831 3399 3400
f 3831 3400 3832
f 3833 3401 3399
f 3833 3399 3831
f 3826 3394 3401
f 3826 3401 3833
f 3834 3402 3398
f 3834 3398 3830
f 3835 3403 3402
f 3835 3402 3834
f 3836 3404 3403
f 3836 3403 3835
f 3837 3405 3406
f 3837 3406 3838
f 3839 3407 3405
f 3839 3405 3837
f 3832 3400 3407
f 3832 3407 3839
f 3840 3408 3404
f 3840 3404 3836
f 3841 3409 3408
f 3841 3408 3840
f 3842 3410 3409
f 3842 3409 3841
f 3843 3411 3412
f 3843 3412 3844
f 3845 3413 3411
f 3845 3411 3843
f 3838 3406 3413
f 3838 3413 3845
f 3846 3414 3410
f 3846 3415 3414
f 3846 3410 3842
f 3847 3416 3415
f 3847 3415 3846
f 3848 3416 3847
f 3849 3417 3418
f 3849 3418 3850
f 3851 3419 3417
f 3851 3417 3849
f 3844 3412 3419
f 3844 3419 3851
f 3852 3420 3416
f 3852 3416 3848
f 3853 3421 3420
f 3853 3420 3852
f 3854 3422 3421
f 3854 3421 3853
f 3855 3423 3424
f 3855 3425 3423
f 3855 3424 3856
f 3857 3418 3425
f 3857 3425 3855
f 3850 3418 3857
f 3858 3426 3422
f 3858 3422 3854
f 3859 3427 3426
f 3859 3426 3858
f 3860 3428 3427
f 3860 3427 3859
f 3861 3429 3430
f 3861 3430 3862
f 3863 3431 3429
f 3863 3429 3861
f 3856 3424 3431
f 3856 3431 3863
f 3864 3432 3428
f 3864 3428 3860
f 3865 3433 3432
f 3865 3432 3864
f 3866 3434 3433
f 3866 3433 3865
f 3867 3435 3436
f 3867 3436 3868
f 3869 3437 3435
f 3869 3435 3867
f 3862 3430 3437
f 3862 3437 3869
f 3870 3438 3434
f 3870 3434 3866
f 3871 3439 3438
f 3871 3438 3870
f 3872 3440 3439
f 3872 3439 3871
f 3873 3441 3442
f 3873 3442 3874
f 3875 3443 3441
f 3875 3441 3873
f 3868 3436 3443
f 3868 3443 3875
f 3876 3444 3440
f 3876 3440 3872
f 3877 3445 3444
f 3877 3444 3876
f 3878 3446 3445
f 3878 3445 3877
f 3879 3447 3448
f 3879 3448 3880
f 3881 3449 3447
f 3881 3447 3879
f 3874 3442 3449
f 3874 3449 3881
f 3882 3450 3446
f 3882 3446 3878
f 3883 3451 3450
f 3883 3450 3882
f 3884 3452 3451
f 3884 3451 3883
f 3885 3453 3454
f 3885 3454 3886
f 3887 3455 3453
f 3887 3453 3885
f 3880 3448 3455
f 3880 3455 3887
f 3888 3456 3452
f 3888 3452 3884
f 3889 3457 3456
f 3889 3456 3888
f 3890 3458 3457
f 3890 3457 3889
f 3891 3459 3460
f 3891 3460 3892
f 3893 3461 3459
f 3893 3459 3891
f 3886 3454 3461
f 3886 3461 3893
f 3894 3462 3458
f 3894 3458 3890
f 3895 3463 3462
f 3895 3462 3894
f 3896 3464 3463
f 3896 3463 3895
f 3897 3465 3466
f 3897 3466 3898
f 3899 3467 3465
f 3899 3465 3897
f 3892 3460 3467
f 3892 3467 3899
f 3900 3468 3464
f 3900 3464 3896
f 3901 3469 3468
f 3901 3468 3900
f 3902 3470 3469
f 3902 3469 3901
f 3903 3471 3472
f 3903 3473 3471
f 3903 3472 3904
f 3905 3466 3473
f 3905 3473 3903
f 3898 3466 3905
f 3906 3474 3470
f 3906 3470 3902
f 3907 3475 3474
f 3907 3474 3906
f 3908 3476 3475
f 3908 3475 3907
f 3909 3477 3478
f 3909 3478 3910
f 3911 3479 3477
f 3911 3477 3909
f 3904 3472 3479
f 3904 3479 3911
f 3912 3480 3476
f 3912 3476 3908
f 3913 3481 3480
f 3913 3480 3912
f 3914 3482 3481
f 3914 3481 3913
f 3915 3483 3484
f 3915 3484 3916
f 3917 3485 3483
f 3917 3483 3915
f 3910 3478 3485
f 3910 3485 3917
f 3918 3486 3482
f 3918 3482 3914
f 3919 3487 3486
f 3919 3486 3918
f 3920 3488 3487
f 3920 3487 3919
f 3921 3489 3490
f 3921 3490 3922
f 3923 3491 3489
f 3923 3489 3921
f 3916 3484 3491
f 3916 3491 3923
f 3924 3492 3488
f 3924 3488 3920
f 3925 3493 3492
f 3925 3492 3924
f 3926 3494 3493
f 3926 3493 3925
f 3927 3495 3496
f 3927 3497 3495
f 3927 3496 3928
f 3929 3490 3497
f 3929 3497 3927
f 3922 3490 3929
f 3930 3498 3494
f 3930 3494 3926
f 3931 3499 3498
f 3931 3498 3930
f 3932 3500 3499
f 3932 3499 3931
f 3933 3501 3502
f 3933 3502 3934
f 3935 3503 3501
f 3935 3501 3933
f 3928 3496 3503
f 3928 3503 3935
f 3936 3504 3500
f 3936 3500 3932
f 3937 3505 3504
f 3937 3504 3936
f 3938 3506 3505
f 3938 3505 3937
f 3939 3507 3508
f 3939 3508 3940
f 3941 3509 3507
f 3941 3507 3939
f 3934 3502 3509
f 3934 3509 3941
f 3942 3510 3506
f 3942 3506 3938
f 3943 3511 3510
f 3943 3510 3942
f 3944 3512 3511
f 3944 3511 3943
f 3945 3513 3514
f 3945 3514 3946
f 3947 3515 3513
f 3947 3513 3945
f 3940 3508 3515
f 3940 3515 3947
f 3948 3516 3512
f 3948 3512 3944
f 3949 3517 3516
f 3949 3516 3948
f 3950 3518 3517
f 3950 3517 3949
f 3951 3519 3520
f 3951 3521 3519
f 3951 3520 3952
f 3953 3514 3521
f 3953 3521 3951
f 3946 3514 3953
f 3954 3522 3518
f 3954 3518 3950
f 3955 3523 3522
f 3955 3522 3954
f 3956 3524 3523
f 3956 3523 3955
f 3957 3525 3526
f 3957 3526 3958
f 3959 3527 3525
f 3959 3525 3957
f 3952 3520 3527
f 3952 3527 3959
f 3960 3528 3524
f 3960 3524 3956
f 3961 3529 3528
f 3961 3528 3960
f 3962 3530 3529
f 3962 3529 3961
f 3963 3531 3532
f 3963 3532 3964
f 3965 3533 3531
f 3965 3531 3963
f 3958 3526 3533
f 3958 3533 3965
f 3966 3534 3530
f 3966 3535 3534
f 3966 3530 3962
f 3967 3536 3535
f 3967 3535 3966
f 3968 3536 3967
f 3969 3537 3538
f 3969 3538 3970
f 3971 3539 3537
f 3971 3537 3969
f 3964 3532 3539
f 3964 3539 3971
f 3972 3540 3536
f 3972 3536 3968
f 3973 3541 3540
f 3973 3540 3972
f 3974 3542 3541
f 3974 3541 3973
f 3975 3543 3544
f 3975 3545 3543
f 3975 3544 3976
f 3977 3538 3545
f 3977 3545 3975
f 3970 3538 3977
f 3978 3546 3542
f 3978 3542 3974
f 3979 3547 3546
f 3979 3546 3978
f 3980 3548 3547
f 3980 3547 3979
f 3981 3549 3548
f 3981 3548 3980
f 3982 3550 3549
f 3982 3549 3981
f 3976 3544 3550
f 3976 3550 3982
