# https://github.com/mikedh/trimesh

o geometry_1
v 5.67500900 -1.25675500 0.57500000
v 5.63413100 -1.42889000 0.00000000
v 5.78306000 -0.58426850 0.00000000
v 5.60629000 -1.53449400 0.57500000
v 5.53442700 -1.77630800 1.15000000
v 5.30259600 -2.38067800 2.30000000
v 5.61513300 -1.50181200 1.15000000
v 5.45214000 -2.01477600 1.72500000
v 5.54468000 -1.74404000 1.72500000
v 5.59519100 -1.57448100 2.30000000
v 5.62378600 -1.46907800 1.72500000
v 5.74244500 -2.05642300 1.15000000
v 5.78649000 -2.59792900 2.30000000
v 6.14827900 -1.55928500 -0.00000000
v 5.82626600 -1.80531900 0.57500000
v 5.53391000 -2.03995300 1.15000000
v 5.61721300 -1.79791300 0.57500000
v 5.64780800 -2.30365300 1.72500000
v 5.66038700 -2.56158200 2.30000000
v 5.44018400 -2.27815000 1.72500000
v 5.56473800 -1.75792200 0.57500000
v 5.60157500 -1.63675100 0.28750000
v 5.39137500 -2.23376000 1.72500000
v 5.35304100 -2.37057500 2.01250000
v 5.35358600 -2.51876100 2.30000000
v 5.32239500 -2.50488400 2.30000000
v 5.30626800 -2.49267100 2.30000000
v 5.29432200 -2.47722700 2.30000000
v 5.34949900 -2.36594300 2.01250000
v 5.34640800 -2.36101400 2.01250000
v 5.28929300 -2.46532900 2.30000000
v 5.34163200 -2.35022800 2.01250000
v 5.28631200 -2.44682200 2.30000000
v 5.28692500 -2.43259700 2.30000000
v 5.28977600 -2.41688800 2.30000000
v 5.76183100 -1.62157000 0.14375000
v 6.01779300 -1.54526800 -0.00000000
v 5.70820700 -1.55609000 0.00000000
v 5.67851700 -1.74426700 0.43125000
v 5.66273300 -1.64456400 0.21562500
v 5.63709000 -1.57878800 0.10781250
v 5.67508800 -1.54780900 0.00000000
v 5.65709300 -1.53856500 0.00000000
v 5.64265900 -1.52541700 0.00000000
v 5.63295600 -1.57468000 0.10781250
v 5.62220600 -1.51261900 0.05390625
v 5.63565000 -1.51456600 0.00000000
v 5.62951700 -1.49685300 0.00000000
v 5.62766400 -1.48273600 0.00000000
v 5.62775900 -1.46677100 0.00000000
v -5.71062600 -4.19239500 0.00000000
v -5.58513800 -5.00562000 0.00000000
v -5.89942200 -4.63107100 0.00000000
v -5.04116600 -4.87009400 0.00000000
v -3.93234900 -5.89271200 -0.00000000
v -3.53629000 -6.61397400 0.00000000
v -3.95972400 -6.36950400 0.00000000
v -3.07147600 -6.30057200 0.00000000
v -3.83153600 -5.42625300 0.00000000
v -5.45635400 -3.78854700 0.00000000
v -4.71753500 -4.73569600 0.00000000
v -4.54861300 -4.63940300 0.00000000
v -2.81332900 -6.06359000 -0.00000000
v -6.80011600 -1.98641400 0.00000000
v -6.96033600 -2.79351400 0.00000000
v -7.12756300 -2.33406200 0.00000000
v -6.40281700 -2.85221100 0.00000000
v -4.34713800 -4.43892800 0.00000000
v -4.42452000 -4.54492300 0.00000000
v -3.63464200 -5.06753500 0.00000000
v -3.70756600 -5.14651900 0.00000000
v -5.14864500 -3.51880500 -0.00000000
v -5.24418500 -3.56808400 -0.00000000
v -2.68752900 -5.91533000 0.00000000
v -3.54761500 -4.99827500 0.00000000
v -5.04317800 -3.48348600 -0.00000000
v -1.06091400 -7.42458500 0.00000000
v -1.54242500 -7.33968200 0.00000000
v -1.67977300 -6.88228000 0.00000000
v -4.20171700 -4.16540700 0.00000000
v -5.60317600 -2.68441900 -0.00000000
v -5.71214400 -2.75755600 0.00000000
v -5.86106800 -2.80389600 -0.00000000
v -4.82487600 -3.41067900 0.00000000
v -4.17798500 -4.14086600 0.00000000
v -2.56677100 -5.65803600 -0.00000000
v -2.60323300 -5.78410500 0.00000000
v -4.79950500 -3.39183000 0.00000000
v -4.16098300 -4.12990400 0.00000000
v -4.78715500 -3.37684700 0.00000000
v -4.14237900 -4.12397800 0.00000000
v -4.78127800 -3.36509700 0.00000000
v -4.77801100 -3.35253400 0.00000000
v -4.12947800 -4.12333300 0.00000000
v -6.42305500 -1.69388700 0.00000000
v -6.05273600 -2.83660700 0.00000000
v -4.77784100 -3.33367700 0.00000000
v -4.11107200 -4.12687800 0.00000000
v -4.09791900 -4.13233200 0.00000000
v -4.78374200 -3.31038300 0.00000000
v -2.52366900 -5.35127400 -0.00000000
v -3.36737900 -4.85519500 -0.00000000
v -2.50976300 -5.32009600 -0.00000000
v -3.34998600 -4.82880500 -0.00000000
v -2.49753500 -5.30398000 -0.00000000
v -3.34350500 -4.81050100 -0.00000000
v -2.48208000 -5.29204800 -0.00000000
v -3.34200100 -4.79745100 -0.00000000
v -3.34322800 -4.78452800 -0.00000000
v -2.47017700 -5.28703000 -0.00000000
v -3.34951700 -4.76675000 -0.00000000
v -2.45166800 -5.28406600 -0.00000000
v -2.43744300 -5.28469300 -0.00000000
v -3.36303000 -4.74687900 -0.00000000
v -0.73132110 -6.97110700 -0.00000000
v -1.74457800 -6.40947300 0.00000000
v -1.68224700 -6.00504600 0.00000000
v -1.72375900 -6.10420800 0.00000000
v -6.04164600 -1.54565400 -0.00000000
v -6.14827900 -1.55928500 0.00000000
v -5.93045900 -1.54853800 -0.00000000
v -5.37297500 -2.47713100 -0.00000000
v -5.70042200 -1.55478600 -0.00000000
v -5.34228200 -2.46218600 -0.00000000
v -0.56979450 -6.66012600 -0.00000000
v -5.67013400 -1.54575000 -0.00000000
v -5.32255600 -2.45770000 -0.00000000
v -5.65340400 -1.53589500 -0.00000000
v -5.30304600 -2.45849400 -0.00000000
v -5.64386300 -1.52686400 -0.00000000
v -5.63649600 -1.51617500 -0.00000000
v -5.29070300 -2.46230100 -0.00000000
v -5.62988600 -1.49851400 -0.00000000
v -5.27461900 -2.47192800 -0.00000000
v -5.26412500 -2.48155100 -0.00000000
v -5.62746500 -1.47460600 -0.00000000
v -0.50228920 -6.47778100 0.00000000
v -1.62415700 -5.91019700 0.00000000
v -6.18338800 -0.60612950 0.00000000
v -6.31079900 -0.63758650 0.00000000
v -6.46659100 -0.63019670 -0.00000000
v -0.47681310 -6.19470200 -0.00000000
v -0.46795860 -6.32563900 0.00000000
v -7.06941300 0.45915820 0.00000000
v -7.49601500 -0.24446950 -0.00000000
v -7.49601500 0.24446950 0.00000000
v -6.99219300 -0.49030940 -0.00000000
v -0.54122940 -5.89169800 0.00000000
v -1.50372700 -5.71410300 -0.00000000
v -0.53882540 -5.85764400 0.00000000
v -1.49640800 -5.68335500 -0.00000000
v -0.53284680 -5.83831800 0.00000000
v -1.49657800 -5.66393900 -0.00000000
v -0.52240470 -5.82182000 0.00000000
v -1.49962900 -5.65116100 -0.00000000
v -1.50520200 -5.63943700 -0.00000000
v -0.51293620 -5.81303400 0.00000000
v -1.51719200 -5.62488200 -0.00000000
v -0.49655730 -5.80391800 0.00000000
v -0.48297620 -5.79964200 0.00000000
v -1.53668600 -5.61083100 -0.00000000
v -6.61504100 0.60508120 -0.00000000
v -6.65788800 -0.59538080 -0.00000000
v 1.54242500 -7.33968200 0.00000000
v 1.06091400 -7.42458500 0.00000000
v 0.77540800 -7.04174400 0.00000000
v 0.47305170 -6.21826000 0.00000000
v 0.55280120 -6.61961500 0.00000000
v 0.46795860 -6.32563900 0.00000000
v -6.20593500 0.61392450 0.00000000
v -6.31079900 0.63758650 0.00000000
v -6.10244000 0.57318700 0.00000000
v -5.89617400 -0.49007580 0.00000000
v -5.88841200 0.48863850 0.00000000
v -5.86222000 -0.48652990 0.00000000
v -5.85686000 0.48677030 0.00000000
v -5.84214900 -0.48906170 0.00000000
v -5.83776900 0.49030920 0.00000000
v -5.82408800 -0.49648020 0.00000000
v -5.82571500 0.49553230 0.00000000
v -5.81513600 0.50305640 0.00000000
v -5.81379100 -0.50427910 0.00000000
v -5.80288500 0.51739200 0.00000000
v -5.80197000 -0.51882630 0.00000000
v -5.79540000 -0.53145850 0.00000000
v -5.79243300 0.53902970 0.00000000
v 1.69704200 -6.80082500 0.00000000
v -2.51499600 -2.22809200 0.00000000
v -4.80564200 -3.26970400 0.00000000
v -4.08414000 -4.14039700 0.00000000
v -4.05452100 -4.16485500 0.00000000
v 1.74246600 -6.45335300 0.00000000
v -1.90869800 -2.76522600 0.00000000
v -3.39752200 -4.71614300 -0.00000000
v -2.42173700 -5.28755800 -0.00000000
v -2.97513200 -1.56147000 0.00000000
v -5.25393500 -2.49384200 -0.00000000
v -5.23446700 -2.52695600 0.00000000
v 1.74353400 -6.25891600 0.00000000
v 0.49519860 -6.10926300 0.00000000
v -6.01779300 1.54526800 -0.00000000
v -6.14827900 1.55928500 0.00000000
v -6.29214800 1.61951300 0.00000000
v -1.19147200 -3.14165500 0.00000000
v -2.38553900 -5.30041100 0.00000000
v -1.57961000 -5.59374500 0.00000000
v 1.67065500 -5.98419600 0.00000000
v 1.72375900 -6.10420800 0.00000000
v 1.50649000 -5.72149700 0.00000000
v 0.54129700 -5.88380500 -0.00000000
v 1.49710200 -5.68867400 0.00000000
v 0.53765800 -5.85240800 -0.00000000
v 1.49611000 -5.66846900 0.00000000
v 0.53085760 -5.83422100 -0.00000000
v 1.50028000 -5.64939400 0.00000000
v 0.52362070 -5.82325700 -0.00000000
v 0.51437400 -5.81414600 -0.00000000
v 1.50617200 -5.63789900 0.00000000
v 0.49812870 -5.80457000 -0.00000000
v 1.51844600 -5.62373200 0.00000000
v 1.52974500 -5.61506800 0.00000000
v 0.47500480 -5.79803400 -0.00000000
v -3.26236500 -0.80410060 0.00000000
v -5.63413100 -1.42889000 0.00000000
v -5.78306000 -0.58426850 0.00000000
v -0.40500320 -3.33550200 0.00000000
v -0.46723710 -5.79696200 0.00000000
v -0.42882570 -5.79666000 0.00000000
v -6.48603400 2.84934900 0.00000000
v -7.12756300 2.33406200 0.00000000
v -6.96033600 2.79351400 0.00000000
v -6.73820800 1.93073100 0.00000000
v -3.36000000 0.00000000 0.00000000
v -5.78306000 0.58426850 0.00000000
v -5.79002800 -0.54649320 0.00000000
v -6.00915500 2.83106800 -0.00000000
v -6.46000000 1.71765700 -0.00000000
v 2.57129300 -5.68146000 0.00000000
v 2.78350500 -6.03133400 -0.00000000
v 2.60323300 -5.78410500 0.00000000
v 0.40500320 -3.33550200 0.00000000
v 0.42882570 -5.79666000 0.00000000
v 1.54361900 -5.60716700 0.00000000
v -5.62169700 2.69945500 -0.00000000
v -5.71214400 2.75755600 0.00000000
v -5.53837600 2.62577700 -0.00000000
v -5.70820700 1.55609000 -0.00000000
v -5.36617300 2.47312600 -0.00000000
v -5.67508800 1.54780900 -0.00000000
v -5.33716300 2.46057900 -0.00000000
v -5.65709300 1.53856500 -0.00000000
v -5.31801300 2.45737400 -0.00000000
v -5.64265900 1.52541700 -0.00000000
v -5.30489900 2.45816000 -0.00000000
v -5.29238500 2.46161200 -0.00000000
v -5.63565000 1.51456600 -0.00000000
v -5.27596900 2.47089300 -0.00000000
v -5.62951700 1.49685300 -0.00000000
v -5.62766400 1.48273600 -0.00000000
v -5.25874700 2.48765100 -0.00000000
v -3.26236500 0.80410060 0.00000000
v -5.62775900 1.46677100 -0.00000000
v -5.63413100 1.42889000 -0.00000000
v 3.95972400 -6.36950400 0.00000000
v 3.53629000 -6.61397400 -0.00000000
v 3.13706400 -6.35187000 0.00000000
v 1.19147200 -3.14165500 0.00000000
v 1.57961000 -5.59374500 0.00000000
v 2.38553900 -5.30041100 0.00000000
v 2.42940300 -5.28590900 0.00000000
v 3.92071700 -5.81026200 -0.00000000
v 3.84455900 -5.46821000 -0.00000000
v -5.12636300 3.51028300 -0.00000000
v -5.24418500 3.56808400 -0.00000000
v -5.35877900 3.67388600 0.00000000
v 3.77906200 -5.28513400 -0.00000000
v 2.55482600 -5.57146200 0.00000000
v 3.37250500 -4.86119800 0.00000000
v 2.52103300 -5.34383400 0.00000000
v 3.35245700 -4.83356600 0.00000000
v 2.50687500 -5.31557500 0.00000000
v 3.34461400 -4.81491900 0.00000000
v 2.49426400 -5.30081100 0.00000000
v 3.34200900 -4.79556800 0.00000000
v 2.48371400 -5.29298300 0.00000000
v 2.47190900 -5.28758400 0.00000000
v 3.34361400 -4.78275100 0.00000000
v 2.45336800 -5.28414200 0.00000000
v 3.61661800 -5.05190700 0.00000000
v 3.70756600 -5.14651900 0.00000000
v 3.35030200 -4.76524000 0.00000000
v -2.97513200 1.56147000 0.00000000
v -5.23446700 2.52695600 -0.00000000
v -4.80564200 3.26970400 0.00000000
v 3.35795700 -4.75323400 0.00000000
v 1.90869800 -2.76522600 0.00000000
v 3.36829100 -4.74106500 0.00000000
v 3.39752200 -4.71614300 -0.00000000
v -2.51499600 2.22809200 0.00000000
v -4.78669800 3.30312000 0.00000000
v -4.78114900 3.31809000 0.00000000
v -5.12034300 4.89586600 0.00000000
v -5.89942200 4.63107100 -0.00000000
v -5.58513800 5.00562000 0.00000000
v -5.67149600 4.11889600 0.00000000
v 4.05452100 -4.16485500 0.00000000
v -4.19669500 4.15931700 0.00000000
v -4.80345600 3.39545900 0.00000000
v -4.83174600 3.41456800 0.00000000
v 4.67847700 -4.71558600 -0.00000000
v 4.42452000 -4.54492300 0.00000000
v 4.35939900 -4.45939100 0.00000000
v -4.17372500 4.13760500 0.00000000
v -4.78970900 3.38061800 0.00000000
v -4.15682600 4.12804400 0.00000000
v -4.78064200 3.36332600 0.00000000
v -4.14423400 4.12429700 0.00000000
v -4.13129400 4.12326100 0.00000000
v -4.77776700 3.35073300 0.00000000
v -4.11269400 4.12636800 0.00000000
v -4.77806200 3.33199000 0.00000000
v -4.67847700 4.71558600 0.00000000
v -5.48294100 3.82352000 0.00000000
v -4.09077900 4.13622500 0.00000000
v -4.30630300 4.36166000 0.00000000
v -4.35939900 4.45939100 0.00000000
v -4.05452100 4.16485500 0.00000000
v -4.42452000 4.54492300 0.00000000
v 2.51499600 -2.22809200 0.00000000
v 4.09077900 -4.13622500 0.00000000
v -1.90869800 2.76522600 0.00000000
v 5.89942200 -4.63107100 0.00000000
v 5.58513800 -5.00562000 0.00000000
v 5.12034300 -4.89586600 -0.00000000
v -3.39752200 4.71614300 0.00000000
v -3.36829100 4.74106500 -0.00000000
v -3.35795700 4.75323400 -0.00000000
v 4.80345600 -3.39545900 -0.00000000
v 4.19669500 -4.15931700 0.00000000
v 4.17372500 -4.13760500 0.00000000
v 4.78970900 -3.38061800 -0.00000000
v 4.15682600 -4.12804400 0.00000000
v 4.83174600 -3.41456800 -0.00000000
v 4.30630300 -4.36166000 0.00000000
v 4.78064200 -3.36332600 -0.00000000
v 4.14423400 -4.12429700 0.00000000
v 4.13129400 -4.12326100 0.00000000
v 4.77776700 -3.35073300 -0.00000000
v 4.11269400 -4.12636800 0.00000000
v 4.77806200 -3.33199000 -0.00000000
v 4.78114900 -3.31809000 -0.00000000
v 4.78669800 -3.30312000 -0.00000000
v -3.77906200 5.28513400 0.00000000
v -3.61661800 5.05190700 0.00000000
v -3.70756600 5.14651900 0.00000000
v 4.80564200 -3.26970400 0.00000000
v 2.97513200 -1.56147000 0.00000000
v 5.67149600 -4.11889600 0.00000000
v 5.12636300 -3.51028300 0.00000000
v 5.48294100 -3.82352000 -0.00000000
v 5.35877900 -3.67388600 -0.00000000
v 5.24418500 -3.56808400 0.00000000
v 5.23446700 -2.52695600 0.00000000
v 5.25874700 -2.48765100 0.00000000
v 3.26236500 -0.80410060 0.00000000
v -2.49426400 5.30081100 -0.00000000
v -3.34200900 4.79556800 -0.00000000
v -3.34461400 4.81491900 -0.00000000
v -2.50687500 5.31557500 -0.00000000
v -3.35245700 4.83356600 -0.00000000
v -2.48371400 5.29298300 -0.00000000
v -2.47190900 5.28758400 -0.00000000
v -3.34361400 4.78275100 -0.00000000
v -2.52103300 5.34383400 -0.00000000
v -3.37250500 4.86119800 -0.00000000
v -2.45336800 5.28414200 -0.00000000
v -3.35030200 4.76524000 -0.00000000
v -2.42940300 5.28590900 -0.00000000
v -1.19147200 3.14165500 0.00000000
v -2.38553900 5.30041100 0.00000000
v -2.55482600 5.57146200 -0.00000000
v -2.57129300 5.68146000 -0.00000000
v 6.00915500 -2.83106800 -0.00000000
v 5.71214400 -2.75755600 0.00000000
v 5.62169700 -2.69945500 0.00000000
v -3.13706400 6.35187000 0.00000000
v -3.95972400 6.36950400 0.00000000
v -3.53629000 6.61397400 -0.00000000
v -3.92071700 5.81026200 0.00000000
v -2.78350500 6.03133400 -0.00000000
v -2.60323300 5.78410500 0.00000000
v -3.84455900 5.46821000 0.00000000
v -1.57961000 5.59374500 0.00000000
v -1.54361900 5.60716700 -0.00000000
v -0.40500320 3.33550200 0.00000000
v -1.52974500 5.61506800 -0.00000000
v 5.30489900 -2.45816000 0.00000000
v 5.29238500 -2.46161200 0.00000000
v 5.31801300 -2.45737400 0.00000000
v 5.33716300 -2.46057900 0.00000000
v 5.27596900 -2.47089300 0.00000000
v 5.36617300 -2.47312600 0.00000000
v 5.53837600 -2.62577700 0.00000000
v -1.74353400 6.25891600 0.00000000
v -1.67065500 5.98419600 0.00000000
v -1.72375900 6.10420800 0.00000000
v 6.29214800 -1.61951300 -0.00000000
v 6.46000000 -1.71765700 0.00000000
v 7.12756300 -2.33406200 0.00000000
v 6.96033600 -2.79351400 0.00000000
v 6.48603400 -2.84934900 -0.00000000
v 6.73820800 -1.93073100 0.00000000
v 3.36000000 -0.00000000 0.00000000
v 5.79243300 -0.53902970 -0.00000000
v -0.51437400 5.81414600 0.00000000
v -1.50028000 5.64939400 -0.00000000
v -0.52362070 5.82325700 0.00000000
v -1.50617200 5.63789900 -0.00000000
v -0.53085760 5.83422100 0.00000000
v -1.49611000 5.66846900 -0.00000000
v -0.49812870 5.80457000 0.00000000
v -1.51844600 5.62373200 -0.00000000
v -0.53765800 5.85240800 0.00000000
v -1.49710200 5.68867400 -0.00000000
v -0.47500480 5.79803400 0.00000000
v -0.54129700 5.88380500 0.00000000
v -1.50649000 5.72149700 -0.00000000
v -0.42882570 5.79666000 0.00000000
v -0.49519860 6.10926300 -0.00000000
v -0.47305170 6.21826000 -0.00000000
v 6.61504100 -0.60508120 -0.00000000
v 6.31079900 -0.63758650 -0.00000000
v 6.20593500 -0.61392450 -0.00000000
v -0.55280120 6.61961500 -0.00000000
v -0.46795860 6.32563900 0.00000000
v -1.74246600 6.45335300 0.00000000
v -1.69704200 6.80082500 0.00000000
v 0.42882570 5.79666000 0.00000000
v 0.40500320 3.33550200 0.00000000
v 0.46723710 5.79696200 -0.00000000
v -0.77540800 7.04174400 0.00000000
v -1.54242500 7.33968200 0.00000000
v 0.48297620 5.79964200 -0.00000000
v 5.81379100 0.50427910 -0.00000000
v 5.81513600 -0.50305640 -0.00000000
v 5.80288500 -0.51739200 -0.00000000
v 5.82408800 0.49648020 -0.00000000
v 5.82571500 -0.49553230 -0.00000000
v 5.83776900 -0.49030920 -0.00000000
v 5.80197000 0.51882630 -0.00000000
v 5.79540000 0.53145850 -0.00000000
v 5.84214900 0.48906170 -0.00000000
v 5.85686000 -0.48677030 -0.00000000
v 5.79002800 0.54649320 -0.00000000
v 5.86222000 0.48652990 -0.00000000
v 5.88841200 -0.48863850 -0.00000000
v -1.06091400 7.42458500 0.00000000
v 5.78306000 0.58426850 0.00000000
v 3.26236500 0.80410060 0.00000000
v 5.89617400 0.49007580 -0.00000000
v 6.10244000 -0.57318700 -0.00000000
v 6.18338800 0.60612950 -0.00000000
v 0.50228920 6.47778100 0.00000000
v 0.47681310 6.19470200 0.00000000
v 0.46795860 6.32563900 0.00000000
v 5.63413100 1.42889000 0.00000000
v 6.46659100 0.63019670 -0.00000000
v 6.31079900 0.63758650 -0.00000000
v 5.62746500 1.47460600 0.00000000
v 1.51719200 5.62488200 0.00000000
v 0.49655730 5.80391800 -0.00000000
v 0.51293620 5.81303400 -0.00000000
v 1.50520200 5.63943700 0.00000000
v 0.52240470 5.82182000 -0.00000000
v 1.53668600 5.61083100 0.00000000
v 1.49962900 5.65116100 0.00000000
v 1.49657800 5.66393900 0.00000000
v 0.53284680 5.83831800 -0.00000000
v 1.57961000 5.59374500 0.00000000
v 1.19147200 3.14165500 0.00000000
v 1.49640800 5.68335500 0.00000000
v 0.53882540 5.85764400 -0.00000000
v 1.50372700 5.71410300 0.00000000
v 0.54122940 5.89169800 -0.00000000
v 6.65788800 0.59538080 -0.00000000
v 6.99219300 0.49030940 0.00000000
v 7.06941300 -0.45915820 -0.00000000
v 1.62415700 5.91019700 0.00000000
v 2.38553900 5.30041100 0.00000000
v 1.68224700 6.00504600 0.00000000
v 2.42173700 5.28755800 0.00000000
v 1.90869800 2.76522600 0.00000000
v 2.43744300 5.28469300 0.00000000
v 7.49601500 0.24446950 0.00000000
v 7.49601500 -0.24446950 -0.00000000
v 5.26412500 2.48155100 0.00000000
v 2.97513200 1.56147000 0.00000000
v 5.62988600 1.49851400 0.00000000
v 5.27461900 2.47192800 0.00000000
v 5.25393500 2.49384200 0.00000000
v 5.29070300 2.46230100 0.00000000
v 5.63649600 1.51617500 0.00000000
v 5.23446700 2.52695600 0.00000000
v 5.30304600 2.45849400 0.00000000
v 5.64386300 1.52686400 0.00000000
v 5.65340400 1.53589500 0.00000000
v 5.32255600 2.45770000 0.00000000
v 5.67013400 1.54575000 0.00000000
v 5.34228200 2.46218600 0.00000000
v 5.70042200 1.55478600 0.00000000
v 5.37297500 2.47713100 0.00000000
v 5.93045900 1.54853800 -0.00000000
v 4.80564200 3.26970400 0.00000000
v 2.51499600 2.22809200 0.00000000
v 4.78374200 3.31038300 -0.00000000
v 3.36303000 4.74687900 0.00000000
v 3.39752200 4.71614300 0.00000000
v 3.34951700 4.76675000 0.00000000
v 2.45166800 5.28406600 0.00000000
v 2.47017700 5.28703000 0.00000000
v 6.42305500 1.69388700 -0.00000000
v 6.14827900 1.55928500 -0.00000000
v 6.04164600 1.54565400 -0.00000000
v 3.34322800 4.78452800 0.00000000
v 2.48208000 5.29204800 0.00000000
v 3.34200100 4.79745100 0.00000000
v 3.34350500 4.81050100 0.00000000
v 2.49753500 5.30398000 0.00000000
v 1.74457800 6.40947300 0.00000000
v 1.72375900 6.10420800 0.00000000
v 0.56979450 6.66012600 0.00000000
v 0.73132110 6.97110700 0.00000000
v 3.34998600 4.82880500 0.00000000
v 2.50976300 5.32009600 0.00000000
v 4.05452100 4.16485500 0.00000000
v 3.36737900 4.85519500 0.00000000
v 2.52366900 5.35127400 0.00000000
v 4.08414000 4.14039700 0.00000000
v 4.09791900 4.13233200 0.00000000
v 4.77784100 3.33367700 -0.00000000
v 4.11107200 4.12687800 0.00000000
v 4.12947800 4.12333300 0.00000000
v 4.77801100 3.35253400 -0.00000000
v 4.14237900 4.12397800 0.00000000
v 4.78127800 3.36509700 -0.00000000
v 4.78715500 3.37684700 -0.00000000
v 5.60317600 2.68441900 0.00000000
v 4.16098300 4.12990400 0.00000000
v 4.79950500 3.39183000 -0.00000000
v 4.17798500 4.14086600 0.00000000
v 4.82487600 3.41067900 -0.00000000
v 4.20171700 4.16540700 0.00000000
v 5.04317800 3.48348600 0.00000000
v 3.54761500 4.99827500 0.00000000
v 2.56677100 5.65803600 0.00000000
v 1.67977300 6.88228000 0.00000000
v 1.06091400 7.42458500 -0.00000000
v 2.68752900 5.91533000 -0.00000000
v 2.60323300 5.78410500 0.00000000
v 5.86106800 2.80389600 0.00000000
v 5.71214400 2.75755600 0.00000000
v 3.63464200 5.06753500 0.00000000
v 4.34713800 4.43892800 0.00000000
v 1.54242500 7.33968200 0.00000000
v 6.05273600 2.83660700 -0.00000000
v 4.54861300 4.63940300 -0.00000000
v 5.14864500 3.51880500 0.00000000
v 4.42452000 4.54492300 0.00000000
v 5.45635400 3.78854700 -0.00000000
v 5.24418500 3.56808400 0.00000000
v 6.40281700 2.85221100 -0.00000000
v 6.80011600 1.98641400 0.00000000
v 3.83153600 5.42625300 -0.00000000
v 2.81332900 6.06359000 0.00000000
v 3.70756600 5.14651900 0.00000000
v 3.07147600 6.30057200 0.00000000
v 4.71753500 4.73569600 -0.00000000
v 6.96033600 2.79351400 0.00000000
v 7.12756300 2.33406200 0.00000000
v 3.93234900 5.89271200 -0.00000000
v 5.04116600 4.87009400 -0.00000000
v 5.71062600 4.19239500 0.00000000
v 3.53629000 6.61397400 0.00000000
v 3.95972400 6.36950400 -0.00000000
v 5.58513800 5.00562000 0.00000000
v 5.89942200 4.63107100 0.00000000
v 6.04372900 -0.82334110 0.57500000
v 6.00231200 -1.08480500 1.15000000
v 6.10578600 -1.71816200 2.30000000
v 5.81339800 -0.99497480 1.15000000
v 5.85109500 -0.74179220 0.57500000
v 5.94958900 -1.34422600 1.72500000
v 6.00658600 -1.67674000 2.30000000
v 5.91168400 -1.61873700 2.30000000
v 5.76475000 -1.24628300 1.72500000
v 5.80168300 -0.63013940 0.28750000
v 5.81362100 -0.62181860 0.28750000
v 5.82242500 -0.61795360 0.28750000
v 5.78664300 -0.75588930 0.57500000
v 5.67074800 -1.37812100 2.01250000
v 5.61223800 -1.53154100 2.30000000
v 5.62627000 -1.51203400 2.30000000
v 5.64081400 -1.50003100 2.30000000
v 5.68366500 -1.37142100 2.01250000
v 5.65253300 -1.49444700 2.30000000
v 5.69289700 -1.36873200 2.01250000
v 5.66530800 -1.49138500 2.30000000
v 5.68472400 -1.49119700 2.30000000
v 5.71547900 -1.49848700 2.30000000
v 5.54468000 -1.74404000 2.87500000
v 5.45214000 -2.01477600 2.87500000
v 5.53442700 -1.77630800 3.45000000
v 5.63413100 -1.42889000 4.60000000
v 5.61513300 -1.50181200 3.45000000
v 5.60629000 -1.53449400 4.02500000
v 5.67500900 -1.25675500 4.02500000
v 5.78306000 -0.58426850 4.60000000
v 5.72997700 -0.97596960 4.02500000
v 6.39532600 -2.00799100 0.57500000
v 6.28920200 -1.93505900 0.57500000
v 6.30217600 -2.28359500 1.15000000
v 6.61721300 -3.53022500 2.30000000
v 6.19931500 -2.20612800 1.15000000
v 6.19715400 -2.55489800 1.72500000
v 6.30338500 -3.06569800 2.30000000
v 6.06616700 -2.80776800 2.30000000
v 6.09775200 -2.47304000 1.72500000
v 5.91779200 -2.68210500 2.30000000
v 5.64780800 -2.30365300 2.87500000
v 5.74244500 -2.05642300 3.45000000
v 6.14827900 -1.55928500 4.60000000
v 5.53391000 -2.03995300 3.45000000
v 5.44018400 -2.27815000 2.87500000
v 5.82626600 -1.80531900 4.02500000
v 6.01779300 -1.54526800 4.60000000
v 5.61721300 -1.79791300 4.02500000
v 5.35304100 -2.37057500 2.58750000
v 5.34949900 -2.36594300 2.58750000
v 5.34640800 -2.36101400 2.58750000
v 5.34163200 -2.35022800 2.58750000
v 5.39137500 -2.23376000 2.87500000
v 5.56473800 -1.75792200 4.02500000
v 5.61553000 -1.65544500 4.31250000
v 5.70820700 -1.55609000 4.60000000
v 5.67508800 -1.54780900 4.60000000
v 5.65709300 -1.53856500 4.60000000
v 5.64265900 -1.52541700 4.60000000
v 5.61141600 -1.65131100 4.31250000
v 5.60771200 -1.64682600 4.31250000
v 5.63565000 -1.51456600 4.60000000
v 5.60157500 -1.63675100 4.31250000
v 5.62951700 -1.49685300 4.60000000
v 5.62766400 -1.48273600 4.60000000
v 5.62775900 -1.46677100 4.60000000
v 6.51815800 -0.90118440 0.57500000
v 6.64515200 -0.87987820 0.57500000
v 6.47291600 -1.18316100 1.15000000
v 6.60071500 -1.16738500 1.15000000
v 7.34109300 -1.53569500 2.30000000
v 6.41548200 -1.46290900 1.72500000
v 6.41106900 -1.73870100 2.30000000
v 6.54384500 -1.45269300 1.72500000
v 6.88381800 -1.67346300 2.30000000
v 6.92975400 -2.86853800 0.57500000
v 6.86577600 -3.01846300 0.57500000
v 6.72833800 -3.31352900 1.15000000
v 6.37313200 -3.95388300 2.30000000
v 6.79876100 -3.16652100 1.15000000
v 6.57822600 -3.60235300 1.72500000
v 6.65496100 -3.45853900 1.72500000
v 6.72855300 -3.31309200 1.72500000
v 7.49293600 -0.32542800 0.57500000
v 7.48409400 -0.48819340 0.57500000
v 7.45586300 -0.81247130 1.15000000
v 7.47175900 -0.65024290 1.15000000
v 7.41358700 -1.13521900 1.72500000
v 7.43650800 -0.97383300 1.72500000
v 7.42555500 -1.05410600 2.30000000
v 7.45591600 -0.81198710 1.72500000
v 5.81684100 -3.07617800 0.57500000
v 5.94346400 -3.09959100 0.57500000
v 5.67788600 -3.32567500 1.15000000
v 5.14991600 -3.70284500 2.30000000
v 5.80337400 -3.35456100 1.15000000
v 5.52823700 -3.56890900 1.72500000
v 5.42976400 -3.82656000 2.30000000
v 5.65235200 -3.60321200 1.72500000
v 5.89631500 -3.92694500 2.30000000
v 6.69641400 0.30043660 0.57500000
v 6.57174600 0.33267280 0.57500000
v 6.70314300 0.00959366 1.15000000
v 6.57999100 0.04720895 1.15000000
v 6.32606600 -0.46215880 2.30000000
v 6.69724700 -0.28126730 1.72500000
v 6.97177500 -0.72492930 2.30000000
v 6.66064600 -0.56368790 2.30000000
v 6.57584200 -0.23834380 1.72500000
v 6.47823900 -0.49634980 2.30000000
v 5.39764800 -2.84076500 0.57500000
v 5.26930300 -3.07229500 1.15000000
v 5.12250600 -2.92327000 1.15000000
v 5.24452300 -2.69824900 0.57500000
v 5.13103200 -3.29803900 1.72500000
v 5.07086500 -3.62999400 2.30000000
v 5.00152500 -3.54303000 2.30000000
v 4.99083900 -3.14278400 1.72500000
v 5.23627800 -2.57643000 0.28750000
v 5.25034200 -2.57269400 0.28750000
v 5.25993700 -2.57207300 0.28750000
v 5.17913600 -2.68945200 0.57500000
v 4.92646100 -3.12835100 1.72500000
v 4.71925600 -3.39319600 2.30000000
v 4.85741500 -3.23452000 2.01250000
v 4.74996000 -3.35867600 2.30000000
v 4.76981900 -3.34514500 2.30000000
v 4.78759100 -3.33884000 2.30000000
v 4.87184500 -3.23264200 2.01250000
v 4.80051300 -3.33760100 2.30000000
v 4.88143900 -3.23327200 2.01250000
v 4.81356500 -3.33909300 2.30000000
v 4.83187400 -3.34555700 2.30000000
v 4.85828000 -3.36292700 2.30000000
v 6.09235400 0.29625510 0.57500000
v 6.09947100 0.03162655 1.15000000
v 5.89788000 -0.02421962 1.15000000
v 5.89337600 0.23171440 0.57500000
v 6.09509900 -0.23306160 1.72500000
v 6.19513700 -0.47113330 2.30000000
v 5.89127400 -0.28010800 1.72500000
v 5.84306700 0.36501520 0.28750000
v 5.83778800 0.36749260 0.28750000
v 5.83277300 0.37044030 0.28750000
v 5.82356100 0.37780850 0.28750000
v 5.83038800 0.25134650 0.57500000
v 5.79705100 -0.42351090 2.30000000
v 5.84099700 -0.39676450 2.01250000
v 5.89219200 -0.53582740 2.30000000
v 5.85813600 -0.53345460 2.30000000
v 5.83880500 -0.52749370 2.30000000
v 5.82229700 -0.51706680 2.30000000
v 5.83608400 -0.39362260 2.01250000
v 5.83149500 -0.39004860 2.01250000
v 5.81350100 -0.50760640 2.30000000
v 5.82331700 -0.38154660 2.01250000
v 5.80437100 -0.49123580 2.30000000
v 5.80008200 -0.47765860 2.30000000
v 5.79738800 -0.46192200 2.30000000
v 4.90292800 -3.12193000 0.57500000
v 4.74336100 -3.35941700 0.57500000
v 4.59312700 -3.56206900 1.15000000
v 4.16857100 -4.05070000 2.30000000
v 4.76284900 -3.33173000 1.15000000
v 4.43424200 -3.75801200 1.72500000
v 4.61379800 -3.53525400 1.72500000
v 4.78217600 -3.30393000 1.72500000
v 5.76259900 0.76000430 0.57500000
v 5.79301700 0.47551090 0.57500000
v 5.80819400 0.22370180 1.15000000
v 5.79014900 0.50924710 1.15000000
v 5.81243000 -0.02852858 1.72500000
v 5.80679200 0.25753080 1.72500000
v 5.79626400 0.43414020 2.30000000
v 5.78708400 0.54296610 1.72500000
v 4.85744300 -3.68914500 0.57500000
v 4.69279500 -3.89643700 1.15000000
v 4.54897800 -4.42035100 2.30000000
v 4.50247000 -3.80963700 1.15000000
v 4.66353100 -3.61068500 0.57500000
v 4.51930800 -4.09639000 1.72500000
v 4.44291100 -4.34306600 2.30000000
v 4.33292800 -4.00141300 1.72500000
v 4.71067700 -3.47623400 0.28750000
v 4.70822500 -3.47094200 0.28750000
v 4.70627800 -3.46546100 0.28750000
v 4.70395700 -3.45389500 0.28750000
v 4.62789900 -3.55515900 0.57500000
v 4.30224400 -3.94300600 1.72500000
v 4.21942800 -4.05846000 2.01250000
v 4.16925800 -4.19789600 2.30000000
v 4.14469500 -4.17418700 2.30000000
v 4.13371700 -4.15719500 2.30000000
v 4.12777400 -4.13859600 2.30000000
v 4.21768400 -4.05289500 2.01250000
v 4.21646600 -4.04720700 2.01250000
v 4.12711700 -4.12569600 2.30000000
v 4.21566600 -4.03543800 2.01250000
v 4.13064600 -4.10728600 2.30000000
v 4.13608800 -4.09412900 2.30000000
v 4.14413900 -4.08034200 2.30000000
v 5.96084700 1.29338900 0.57500000
v 6.01135300 1.03352800 1.15000000
v 6.32520800 0.47375810 2.30000000
v 5.80310900 1.05332900 1.15000000
v 5.75193900 1.30413600 0.57500000
v 6.05053700 0.77171960 1.72500000
v 6.21782300 0.47875270 2.30000000
v 6.10880700 0.50079960 2.30000000
v 5.84334700 0.80053760 1.72500000
v 5.66731900 1.39215500 0.28750000
v 5.67569100 1.40405700 0.28750000
v 5.68264200 1.41070000 0.28750000
v 5.69619500 1.26884500 0.57500000
v 5.78475400 0.77021240 1.72500000
v 5.80010500 0.64450010 2.01250000
v 5.79759600 0.48032050 2.30000000
v 5.80411100 0.50345040 2.30000000
v 5.81367200 0.51970450 2.30000000
v 5.80995200 0.65521420 2.01250000
v 5.82277500 0.52895950 2.30000000
v 5.81770700 0.66089840 2.01250000
v 5.83373200 0.53620640 2.30000000
v 5.85191300 0.54302350 2.30000000
v 5.88330600 0.54669130 2.30000000
v 5.32286800 -4.07422400 0.57500000
v 5.24808700 -3.96939400 0.57500000
v 5.14107300 -4.30134800 1.15000000
v 5.01073800 -5.58054700 2.30000000
v 5.07091100 -4.19337300 1.15000000
v 4.94959300 -4.52037000 1.72500000
v 4.87471400 -5.03669900 2.30000000
v 4.74001900 -4.71319100 2.30000000
v 4.88418300 -4.40945200 1.72500000
v 4.64357200 -4.54435800 2.30000000
v 6.43328800 1.38250500 0.57500000
v 6.54533600 1.44596100 0.57500000
v 6.48721600 1.10206000 1.15000000
v 6.60191200 1.16059400 1.15000000
v 7.42360900 1.06772100 2.30000000
v 6.52892500 0.81953920 1.72500000
v 6.61910600 0.55887020 2.30000000
v 6.64605300 0.87304160 1.72500000
v 7.04103000 0.78186390 2.30000000
v 5.53074100 -5.06565900 0.57500000
v 5.41934400 -5.18466100 0.57500000
v 5.18927600 -5.41492500 1.15000000
v 4.63647800 -5.89517400 2.30000000
v 5.30573100 -5.30086900 1.15000000
v 4.94943300 -5.63499000 1.72500000
v 5.07072800 -5.52609400 1.72500000
v 5.18962700 -5.41458800 1.72500000
v 7.15236000 2.25693300 0.57500000
v 7.19972000 2.10095900 0.57500000
v 7.28410100 1.78658200 1.15000000
v 7.24355300 1.94446400 1.15000000
v 7.35476100 1.46883900 1.72500000
v 7.32110200 1.62833200 1.72500000
v 7.33826400 1.54915300 2.30000000
v 7.28398500 1.78705500 1.72500000
v 4.41392800 -4.88013800 0.57500000
v 4.52490700 -4.94544700 0.57500000
v 4.19802000 -5.06706400 1.15000000
v 3.57289000 -5.24091200 2.30000000
v 4.30606000 -5.13712700 1.15000000
v 3.97420400 -5.24444600 1.72500000
v 3.79354900 -5.45287800 2.30000000
v 4.07910300 -5.31913000 1.72500000
v 4.19762900 -5.70677900 2.30000000
v 6.18981600 2.57262700 0.57500000
v 6.06164000 2.56028000 0.57500000
v 6.29561300 2.30162500 1.15000000
v 6.16702300 2.29485100 1.15000000
v 6.10262500 1.72935500 2.30000000
v 6.38955200 2.02628800 1.72500000
v 6.79926600 1.70327700 2.30000000
v 6.45175200 1.74838200 2.30000000
v 6.26078900 2.02510100 1.72500000
v 6.25731500 1.74927200 2.30000000
v 4.10053100 -4.51555000 0.57500000
v 3.90073800 -4.68922100 1.15000000
v 3.81376400 -4.49897500 1.15000000
v 4.00538400 -4.32925700 0.57500000
v 3.69359700 -4.85405900 1.72500000
v 3.52352400 -5.14541700 2.30000000
v 3.48810800 -5.03998200 2.30000000
v 3.61496000 -4.66021900 1.72500000
v 4.05379500 -4.21326400 0.28750000
v 4.06302300 -4.21596200 0.28750000
v 3.55940000 -4.62463700 1.72500000
v 3.27410900 -4.80264200 2.30000000
v 3.45820600 -4.70078900 2.01250000
v 3.31476800 -4.78070500 2.30000000
v 3.33805600 -4.77478200 2.30000000
v 3.35691300 -4.77493600 2.30000000
v 3.47240800 -4.70395900 2.01250000
v 3.36948000 -4.77819100 2.30000000
v 3.48120800 -4.70783300 2.01250000
v 3.38123400 -4.78405700 2.30000000
v 3.39622900 -4.79639300 2.30000000
v 3.41510200 -4.82174700 2.30000000
v 5.62361500 2.36209700 0.57500000
v 5.72081100 2.11586100 1.15000000
v 5.55047700 1.99443500 1.15000000
v 5.45871100 2.23339400 0.57500000
v 5.80723100 1.86564000 1.72500000
v 5.98266100 1.67614100 2.30000000
v 5.63178900 1.75171900 1.72500000
v 5.36584500 2.34144900 0.28750000
v 5.36003600 2.34197100 0.28750000
v 5.35431600 2.34302600 0.28750000
v 5.34313900 2.34679900 0.28750000
v 5.39280700 2.23029900 0.57500000
v 5.59229500 1.58473800 2.30000000
v 5.56586600 1.75434900 1.72500000
v 5.62444400 1.62490200 2.01250000
v 5.72011300 1.51173500 2.30000000
v 5.68729900 1.50231700 2.30000000
v 5.66709500 1.50130700 2.30000000
v 5.64801600 1.50545900 2.30000000
v 5.61875200 1.62617400 2.01250000
v 5.61321700 1.62796300 2.01250000
v 5.63651600 1.51134100 2.30000000
v 5.60262500 1.63315500 2.01250000
v 5.62233700 1.52360100 2.30000000
v 5.61366300 1.53489300 2.30000000
v 5.60575000 1.54875900 2.30000000
v 3.53948300 -4.61055500 0.57500000
v 3.30831300 -4.77914400 0.57500000
v 3.09782800 -4.91819200 1.15000000
v 2.53175400 -5.23214800 2.30000000
v 3.33609500 -4.75979200 1.15000000
v 2.88150900 -5.04797600 1.72500000
v 3.12642400 -4.90006400 1.72500000
v 3.36376500 -4.74027900 1.72500000
v 5.15513500 2.68509500 0.57500000
v 5.28102100 2.42816300 0.57500000
v 5.38140600 2.19673000 1.15000000
v 5.26678700 2.45888300 1.15000000
v 5.47165500 1.96116000 1.72500000
v 5.36851900 2.22804000 1.72500000
v 5.29822200 2.39039700 2.30000000
v 5.25237500 2.48952100 1.72500000
v 3.30274200 -5.12800600 0.57500000
v 3.07712500 -5.26648400 1.15000000
v 2.76279200 -5.70961300 2.30000000
v 2.92796500 -5.11982300 1.15000000
v 3.14735800 -4.98795600 0.57500000
v 2.84571200 -5.39504100 1.72500000
v 2.68955500 -5.60071200 2.30000000
v 2.70305600 -5.24204700 1.72500000
v 3.23764600 -4.87773700 0.28750000
v 3.23715200 -4.87192600 0.28750000
v 3.23719700 -4.86611000 0.28750000
v 3.23897200 -4.85444800 0.28750000
v 3.13286700 -4.92359100 0.57500000
v 2.69419900 -5.17666800 1.72500000
v 2.57689100 -5.25683400 2.01250000
v 2.48205600 -5.37070200 2.30000000
v 2.46708300 -5.34002200 2.30000000
v 2.46257900 -5.32030000 2.30000000
v 2.46335500 -5.30079000 2.30000000
v 2.57715500 -5.25100900 2.01250000
v 2.57795500 -5.24524700 2.01250000
v 2.46715100 -5.28844300 2.30000000
v 2.58123000 -5.23391400 2.01250000
v 2.47676300 -5.27235000 2.30000000
v 2.48637700 -5.26184800 2.30000000
v 2.49865800 -5.25164600 2.30000000
v 5.15899800 3.25411800 0.57500000
v 5.29533700 3.02720200 1.15000000
v 5.78171600 2.60853500 2.30000000
v 5.09287900 2.97458500 1.15000000
v 4.95901400 3.19276600 0.57500000
v 5.42170100 2.79458500 1.72500000
v 5.67910000 2.57650100 2.30000000
v 5.56911700 2.55993300 2.30000000
v 5.21715000 2.75080200 1.72500000
v 4.84939300 3.24653500 0.28750000
v 4.85318900 3.26058300 0.28750000
v 4.85744900 3.26920300 0.28750000
v 4.91870200 3.14053700 0.57500000
v 5.17246200 2.70226500 1.72500000
v 5.22988400 2.58938500 2.01250000
v 5.28367900 2.43424800 2.30000000
v 5.28189000 2.45821100 2.30000000
v 5.28531500 2.47675500 2.30000000
v 5.23547300 2.60282100 2.01250000
v 5.29070400 2.48856600 2.30000000
v 5.24081500 2.61081400 2.01250000
v 5.29852200 2.49912300 2.30000000
v 5.31327400 2.51174700 2.30000000
v 5.34152000 2.52593100 2.30000000
v 3.60839300 -5.64904600 0.57500000
v 3.57397600 -5.52496200 0.57500000
v 3.35988000 -5.80029600 1.15000000
v 2.79989500 -6.95777200 2.30000000
v 3.33088000 -5.67483500 1.15000000
v 3.10503900 -5.94061900 1.72500000
v 2.85808000 -6.40019900 2.30000000
v 2.84215500 -6.05013200 2.30000000
v 3.08150900 -5.81401800 1.72500000
v 2.80926800 -5.85849500 2.30000000
v 5.57246900 3.49944400 0.57500000
v 5.65605600 3.59739500 0.57500000
v 5.71906300 3.25435600 1.15000000
v 5.80682200 3.34858900 1.15000000
v 6.61072900 3.54235300 2.30000000
v 5.85488400 3.00313900 1.72500000
v 6.02878000 2.78903400 2.30000000
v 5.94664900 3.09347500 1.72500000
v 6.34899100 3.14288600 2.30000000
v 3.46463900 -6.65178700 0.57500000
v 3.31925900 -6.72551200 0.57500000
v 3.02431100 -6.86320200 1.15000000
v 2.34059600 -7.12542000 2.30000000
v 3.17275300 -6.79585500 1.15000000
v 2.72366500 -6.98796400 1.72500000
v 2.87489000 -6.92712100 1.72500000
v 3.02475600 -6.86300600 1.72500000
v 5.94910300 4.56707400 0.57500000
v 6.04695300 4.43670500 0.57500000
v 6.23376900 4.17014700 1.15000000
v 6.14166800 4.30463900 1.15000000
v 6.40884200 3.89573400 1.72500000
v 6.32266300 4.03409600 1.72500000
v 6.36587100 3.96556200 2.30000000
v 6.23349800 4.17055200 1.72500000
v 2.47863000 -6.09548200 0.57500000
v 2.56057900 -6.19480900 0.57500000
v 2.21181000 -6.19729000 1.15000000
v 1.56492100 -6.14684600 2.30000000
v 2.28937200 -6.30007900 1.15000000
v 1.94082500 -6.28742500 1.72500000
v 1.69977500 -6.42150000 2.30000000
v 2.01385300 -6.39348300 1.72500000
v 1.99264800 -6.79829200 2.30000000
v 4.93663400 4.53452000 0.57500000
v 4.82041100 4.47907900 0.57500000
v 5.12873900 4.31604700 1.15000000
v 5.01022000 4.26570100 1.15000000
v 5.14311800 3.71228300 2.30000000
v 5.31118400 4.08944400 1.72500000
v 5.80666500 3.92604200 2.30000000
v 5.46468200 3.84957100 2.30000000
v 5.19059200 4.04428800 1.72500000
v 5.28166700 3.78390600 2.30000000
v 2.30883000 -5.64569300 0.57500000
v 2.06168700 -5.74055700 1.15000000
v 2.04502500 -5.53203800 1.15000000
v 2.28313700 -5.43809300 0.57500000
v 1.81066000 -5.82460800 1.72500000
v 1.55119300 -6.04022600 2.30000000
v 1.55397400 -5.92903700 2.30000000
v 1.80306200 -5.61556200 1.72500000
v 2.35512500 -5.33947500 0.28750000
v 2.36830000 -5.34565300 0.28750000
v 2.37604900 -5.35134500 0.28750000
v 2.23870200 -5.38932400 0.57500000
v 1.76302300 -5.56312400 1.72500000
v 1.43405500 -5.63281800 2.30000000
v 1.64188600 -5.60007200 2.01250000
v 1.47976500 -5.62611100 2.30000000
v 1.50367500 -5.62851000 2.30000000
v 1.52134300 -5.63510400 2.30000000
v 1.65414800 -5.60790900 2.01250000
v 1.53203800 -5.64246100 2.30000000
v 1.66109200 -5.61455900 2.01250000
v 1.54107700 -5.65199300 2.30000000
v 1.55094800 -5.66871400 2.30000000
v 1.56001100 -5.69899400 2.30000000
v 4.47658500 4.14303400 0.57500000
v 4.65213700 3.94489200 1.15000000
v 4.53360600 3.77253100 1.15000000
v 4.36564500 3.96569200 0.57500000
v 4.81892600 3.73931900 1.72500000
v 5.04858900 3.62124800 2.30000000
v 4.69302800 3.57226300 1.72500000
v 4.24142200 4.03546900 0.28750000
v 4.23578500 4.03397300 0.28750000
v 4.23004900 4.03300800 0.28750000
v 4.21825600 4.03273100 0.28750000
v 4.30477400 3.94024400 0.57500000
v 4.63018000 3.55218700 1.72500000
v 4.71302600 3.40184400 2.30000000
v 4.72949900 3.45058200 2.01250000
v 4.85810400 3.37696100 2.30000000
v 4.83049100 3.35688700 2.30000000
v 4.81185000 3.34902800 2.30000000
v 4.79250200 3.34640400 2.30000000
v 4.72371600 3.44983000 2.01250000
v 4.71790300 3.44961800 2.01250000
v 4.77968300 3.34799800 2.30000000
v 4.70617300 3.45087500 2.01250000
v 4.76216600 3.35466900 2.30000000
v 4.75015400 3.36231300 2.30000000
v 4.73797500 3.37263700 2.30000000
v 1.74912300 -5.54307900 0.57500000
v 1.47423400 -5.62243600 0.57500000
v 1.22888600 -5.68110900 1.15000000
v 0.58957040 -5.78252200 2.30000000
v 1.50695900 -5.61375400 1.15000000
v 0.98122270 -5.72908000 1.72500000
v 1.26195700 -5.67385400 1.72500000
v 1.53963400 -5.60488000 1.72500000
v 3.92588600 4.28632400 0.57500000
v 4.13205600 4.08794200 0.57500000
v 4.30554200 3.90480000 1.15000000
v 4.10817400 4.11194200 1.15000000
v 4.47091800 3.71430400 1.72500000
v 4.28272300 3.92981400 1.72500000
v 4.16113600 4.05833700 2.30000000
v 4.08415200 4.13580200 1.72500000
v 1.34968100 -5.94835400 0.57500000
v 1.09030800 -6.00131500 1.15000000
v 0.64337230 -6.31021200 2.30000000
v 1.00030400 -5.81248300 1.15000000
v 1.25156800 -5.76360500 0.57500000
v 0.82888190 -6.04297100 1.72500000
v 0.61179840 -6.18283000 2.30000000
v 0.74715640 -5.85041300 1.72500000
v 1.37410800 -5.69091400 0.28750000
v 1.37563100 -5.68528400 0.28750000
v 1.37766300 -5.67983400 0.28750000
v 1.38332000 -5.66948200 0.28750000
v 1.25996400 -5.69816600 0.57500000
v 0.76119450 -5.78594700 1.72500000
v 0.62354180 -5.82115700 2.01250000
v 0.49548150 -5.89572200 2.30000000
v 0.49190440 -5.86177100 2.30000000
v 0.49441780 -5.84169800 2.30000000
v 0.50181980 -5.82363000 2.30000000
v 0.62578290 -5.81577300 2.01250000
v 0.62850550 -5.81063200 2.01250000
v 0.50960920 -5.81332600 2.30000000
v 0.63545830 -5.80110300 2.01250000
v 0.52414560 -5.80149200 2.30000000
v 0.53677180 -5.79491000 2.30000000
v 0.55180160 -5.78952500 2.30000000
v 3.73489900 4.82235200 0.57500000
v 3.94062500 4.65575200 1.15000000
v 4.54086400 4.42868500 2.30000000
v 3.76837200 4.53706300 1.15000000
v 3.56795800 4.69630100 0.57500000
v 4.13892800 4.48038200 1.72500000
v 4.45539300 4.36348600 2.30000000
v 4.35770900 4.31030000 2.30000000
v 3.96168800 4.36927900 1.72500000
v 3.44655800 4.70933500 0.28750000
v 3.44532100 4.72383400 0.28750000
v 3.44637600 4.73339100 0.28750000
v 3.54794100 4.63343500 0.57500000
v 3.93629500 4.30838500 1.72500000
v 4.02886200 4.22195200 2.01250000
v 4.13247200 4.09457000 2.30000000
v 4.12259500 4.11647600 2.30000000
v 4.11947200 4.13507300 2.30000000
v 4.02951800 4.23648800 2.01250000
v 4.12049600 4.14801400 2.30000000
v 4.03180500 4.24582700 2.01250000
v 4.12423100 4.16060900 2.30000000
v 4.13377600 4.17751700 2.30000000
v 4.15546800 4.20050600 2.30000000
v 1.45869200 -6.54251000 0.57500000
v 1.46879000 -6.41413800 0.57500000
v 1.17343700 -6.59964200 1.15000000
v 0.25134210 -7.49578700 2.30000000
v 1.18909500 -6.47182800 1.15000000
v 0.88597040 -6.64434200 1.72500000
v 0.49672000 -6.99174100 2.30000000
v 0.60148480 -6.65733900 2.30000000
v 0.90716020 -6.51732900 1.72500000
v 0.63612530 -6.46601000 2.30000000
v 4.03952700 5.19429800 0.57500000
v 4.08457300 5.31493100 0.57500000
v 4.26110500 5.01412900 1.15000000
v 4.31134300 5.13269400 1.15000000
v 5.00049700 5.58972500 2.30000000
v 4.47465700 4.82451600 1.72500000
v 4.71129400 4.68279800 2.30000000
v 4.52999200 4.94078900 1.72500000
v 4.89117000 5.12483000 2.30000000
v 0.98065070 -7.43561200 0.57500000
v 0.81882270 -7.45516800 0.57500000
v 0.49456900 -7.48367600 1.15000000
v -0.23759670 -7.49623600 2.30000000
v 0.65709310 -7.47116000 1.15000000
v 0.16938360 -7.49808700 1.72500000
v 0.33229780 -7.49263500 1.72500000
v 0.49505490 -7.48364400 1.72500000
v 4.02829700 6.32635900 0.57500000
v 4.16483500 6.23731900 0.57500000
v 4.43155200 6.05073100 1.15000000
v 4.29900600 6.14561200 1.15000000
v 4.68992200 5.85274600 1.72500000
v 4.56161800 5.95328800 1.72500000
v 4.62566000 5.90366600 2.30000000
v 4.43115900 6.05101900 1.72500000
v 0.24437280 -6.57562100 0.57500000
v 0.28740760 -6.69698600 0.57500000
v -0.04117610 -6.58003200 1.15000000
v -0.63180020 -6.31138100 2.30000000
v -0.00344790 -6.70314900 1.15000000
v -0.32664740 -6.57204800 1.72500000
v -0.59901590 -6.61559300 2.30000000
v -0.29429690 -6.69668700 1.72500000
v -0.45267650 -7.06983100 2.30000000
v 3.08802100 5.94948300 0.57500000
v 2.99777000 5.85763500 0.57500000
v 3.34326300 5.80988900 1.15000000
v 3.24911100 5.72204400 1.15000000
v 3.56327400 5.24745400 2.30000000
v 3.59220800 5.65935200 1.72500000
v 4.11369500 5.67527000 2.30000000
v 3.81849100 5.48644500 2.30000000
v 3.49433300 5.57567500 1.72500000
v 3.66897100 5.36214500 2.30000000
v 0.23864980 -6.09488300 0.57500000
v -0.02603426 -6.09949800 1.15000000
v -0.29066930 -6.09262300 1.72500000
v -0.60823430 -6.20649500 2.30000000
v -0.56759180 -6.10296300 2.30000000
v -0.22631100 -5.89358600 1.72500000
v 0.02962705 -5.89785500 1.15000000
v 0.40248790 -5.84127600 0.28750000
v 0.28550930 -5.89101500 0.57500000
v 0.39715290 -5.83327700 0.28750000
v -0.24600080 -5.83061600 1.72500000
v -0.57896610 -5.78359400 2.30000000
v -0.37246900 -5.82390500 2.01250000
v -0.53371870 -5.79292400 2.30000000
v -0.51207140 -5.80335700 2.30000000
v -0.49772460 -5.81559500 2.30000000
v -0.36362760 -5.83546300 2.01250000
v -0.49019080 -5.82616600 2.30000000
v -0.35937630 -5.84408600 2.01250000
v -0.48495670 -5.83821600 2.30000000
v -0.48140020 -5.85730400 2.30000000
v -0.48323960 -5.88885800 2.30000000
v 0.42527280 -5.80599800 0.14375000
v 0.48952810 -5.82312900 0.07187500
v 0.49744990 -5.83385600 0.07187500
v 0.24170240 -5.84620800 0.64687500
v 2.78961300 5.42426100 0.57500000
v 3.02234600 5.29811000 1.15000000
v 2.96991500 5.09560400 1.15000000
v 2.74601700 5.21967000 0.57500000
v 3.24938700 5.16198000 1.72500000
v 3.50558200 5.12957900 2.30000000
v 3.18821800 4.96193900 1.72500000
v 2.60542100 5.24275200 0.28750000
v 2.60063600 5.23941900 0.28750000
v 2.59557600 5.23655000 0.28750000
v 2.58458900 5.23225600 0.28750000
v 2.69752200 5.17493800 0.57500000
v 3.13602600 4.92157900 1.72500000
v 3.26529600 4.80863800 2.30000000
v 3.26410700 4.86007000 2.01250000
v 3.41013600 4.83487400 2.30000000
v 3.39105300 4.80656700 2.30000000
v 3.37622500 4.79280600 2.30000000
v 3.35894100 4.78372300 2.30000000
v 3.25892900 4.85738600 2.01250000
v 3.25353900 4.85519800 2.01250000
v 3.34635100 4.78083700 2.30000000
v 3.24208800 4.85236700 2.01250000
v 3.32760800 4.78111500 2.30000000
v 3.31370500 4.78418900 2.30000000
v 3.29873000 4.78972400 2.30000000
v -0.25220670 -5.80702600 0.57500000
v -0.53766000 -5.78758000 0.57500000
v -0.78827890 -5.75880000 1.15000000
v -1.42372400 -5.63543800 2.30000000
v -0.50393830 -5.79061300 1.15000000
v -1.03741300 -5.71917200 1.72500000
v -0.75472060 -5.76329400 1.72500000
v -0.47019940 -5.79345100 1.72500000
v 2.22311700 5.37055900 0.57500000
v 2.48470400 5.25465500 0.57500000
v 2.71036500 5.14189400 1.15000000
v 2.45405300 5.26904000 1.15000000
v 2.93092100 5.01944800 1.72500000
v 2.68036800 5.15759500 1.72500000
v 2.52215600 5.23678200 2.30000000
v 2.42332000 5.28324500 1.72500000
v -0.76617190 -6.05124200 0.57500000
v -1.02801600 -6.01229800 1.15000000
v -1.55364700 -6.14970600 2.30000000
v -1.04800800 -5.80407200 1.15000000
v -0.79517980 -5.84407900 0.57500000
v -1.28792400 -5.96203000 1.72500000
v -1.53975000 -6.01920700 2.30000000
v -1.29886200 -5.75313200 1.72500000
v -0.65516820 -5.81768200 0.28750000
v -0.65181170 -5.81291300 0.28750000
v -0.64803800 -5.80848600 0.28750000
v -0.63918200 -5.80069400 0.28750000
v -0.76490840 -5.78545700 0.57500000
v -1.26362200 -5.69735600 1.72500000
v -1.40501500 -5.68336200 2.01250000
v -1.55085500 -5.70963100 2.30000000
v -1.54260500 -5.67650400 2.30000000
v -1.53337800 -5.65850200 2.30000000
v -1.52024300 -5.64405500 2.30000000
v -1.40106800 -5.67906900 2.01250000
v -1.39675100 -5.67517000 2.01250000
v -1.50939900 -5.63703600 2.30000000
v -1.38695900 -5.66859300 2.01250000
v -1.49169100 -5.63088700 2.30000000
v -1.47757600 -5.62902100 2.30000000
v -1.46161000 -5.62910100 2.30000000
v 1.86031500 5.80893900 0.57500000
v 2.11061500 5.72274900 1.15000000
v 2.75231700 5.71467000 2.30000000
v 1.98934500 5.55230400 1.15000000
v 1.74655500 5.63339300 0.57500000
v 2.35694000 5.62577900 1.72500000
v 2.69430000 5.62416900 2.30000000
v 2.62069800 5.54078100 2.30000000
v 2.22838800 5.46075600 1.72500000
v 1.62189600 5.61732100 0.28750000
v 1.61961900 5.62666300 0.28750000
v 2.22535300 5.39485000 1.72500000
v 2.34189900 5.34528900 2.01250000
v 2.48282800 5.26102600 2.30000000
v 2.46605500 5.27823300 2.30000000
v 2.45675900 5.29464000 2.30000000
v 2.33754400 5.35917300 2.01250000
v 2.45329500 5.30715000 2.30000000
v 2.33649900 5.36873100 2.01250000
v 2.45249800 5.32026300 2.30000000
v 2.45568400 5.33941700 2.30000000
v 2.46820500 5.36843800 2.30000000
v -0.86694780 -6.64685100 0.57500000
v -0.81355290 -6.52967400 0.57500000
v -1.15454100 -6.60297400 1.15000000
v -2.32752600 -7.12970000 2.30000000
v -1.09611200 -6.48822400 1.15000000
v -1.43995900 -6.54665900 1.72500000
v -1.92455200 -6.73997500 2.30000000
v -1.71173300 -6.46157200 2.30000000
v -1.37660600 -6.43455300 1.72500000
v -1.61374400 -6.29363000 2.30000000
v 2.01936000 6.26264300 0.57500000
v 2.02042900 6.39140800 0.57500000
v 2.28919600 6.16912400 1.15000000
v 2.29585200 6.29772100 1.15000000
v 2.78713100 6.96289400 2.30000000
v 2.55472100 6.06398500 1.72500000
v 2.82555700 6.01174900 2.30000000
v 2.56695000 6.19217200 1.72500000
v 2.84340100 6.48864300 2.30000000
v -1.62161900 -7.32259200 0.57500000
v -1.78037600 -7.28562000 0.57500000
v -2.09482500 -7.20150700 1.15000000
v -2.78713100 -6.96289400 2.30000000
v -1.93782200 -7.24533300 1.15000000
v -2.40532800 -7.10383000 1.72500000
v -2.25037400 -7.15442600 1.72500000
v -2.09435700 -7.20164300 1.72500000
v 1.62161900 7.32259200 0.57500000
v 1.78037600 7.28562000 0.57500000
v 2.09482500 7.20150700 1.15000000
v 1.93782200 7.24533300 1.15000000
v 2.40532800 7.10383000 1.72500000
v 2.25037400 7.15442600 1.72500000
v 2.32752600 7.12970000 2.30000000
v 2.09435700 7.20164300 1.72500000
v -2.01936000 -6.26264300 0.57500000
v -2.02042900 -6.39140800 0.57500000
v -2.28919600 -6.16912400 1.15000000
v -2.75231700 -5.71467000 2.30000000
v -2.29585200 -6.29772100 1.15000000
v -2.55472100 -6.06398500 1.72500000
v -2.82555700 -6.01174900 2.30000000
v -2.56695000 -6.19217200 1.72500000
v -2.84340100 -6.48864300 2.30000000
v 0.86694780 6.64685100 0.57500000
v 0.81355290 6.52967400 0.57500000
v 1.15454100 6.60297400 1.15000000
v 1.09611200 6.48822400 1.15000000
v 1.55364700 6.14970600 2.30000000
v 1.43995900 6.54665900 1.72500000
v 1.92455200 6.73997500 2.30000000
v 1.71173300 6.46157200 2.30000000
v 1.37660600 6.43455300 1.72500000
v 1.61374400 6.29363000 2.30000000
v -1.86031500 -5.80893900 0.57500000
v -2.11061500 -5.72274900 1.15000000
v -1.98934500 -5.55230400 1.15000000
v -1.74655500 -5.63339300 0.57500000
v -2.35694000 -5.62577900 1.72500000
v -2.69430000 -5.62416900 2.30000000
v -2.62069800 -5.54078100 2.30000000
v -2.22838800 -5.46075600 1.72500000
v -1.62189600 -5.61732100 0.28750000
v -1.61961900 -5.62666300 0.28750000
v -2.22535300 -5.39485000 1.72500000
v -2.52215600 -5.23678200 2.30000000
v -2.34189900 -5.34528900 2.01250000
v -2.48282800 -5.26102600 2.30000000
v -2.46605500 -5.27823300 2.30000000
v -2.45675900 -5.29464000 2.30000000
v -2.33754400 -5.35917300 2.01250000
v -2.45329500 -5.30715000 2.30000000
v -2.33649900 -5.36873100 2.01250000
v -2.45249800 -5.32026300 2.30000000
v -2.45568400 -5.33941700 2.30000000
v -2.46820500 -5.36843800 2.30000000
v 0.76617190 6.05124200 0.57500000
v 1.02801600 6.01229800 1.15000000
v 1.04800800 5.80407200 1.15000000
v 0.79517980 5.84407900 0.57500000
v 1.28792400 5.96203000 1.72500000
v 1.53975000 6.01920700 2.30000000
v 1.29886200 5.75313200 1.72500000
v 0.65181170 5.81291300 0.28750000
v 0.64803800 5.80848600 0.28750000
v 0.63918200 5.80069400 0.28750000
v 0.76490840 5.78545700 0.57500000
v 1.26362200 5.69735600 1.72500000
v 1.42372400 5.63543800 2.30000000
v 1.40501500 5.68336200 2.01250000
v 1.55085500 5.70963100 2.30000000
v 1.54260500 5.67650400 2.30000000
v 1.53337800 5.65850200 2.30000000
v 1.52024300 5.64405500 2.30000000
v 1.40106800 5.67906900 2.01250000
v 1.39675100 5.67517000 2.01250000
v 1.50939900 5.63703600 2.30000000
v 1.38695900 5.66859300 2.01250000
v 1.49169100 5.63088700 2.30000000
v 1.47757600 5.62902100 2.30000000
v 1.46161000 5.62910100 2.30000000
v -2.22311700 -5.37055900 0.57500000
v -2.48470400 -5.25465500 0.57500000
v -2.71036500 -5.14189400 1.15000000
v -3.26529600 -4.80863800 2.30000000
v -2.45405300 -5.26904000 1.15000000
v -2.93092100 -5.01944800 1.72500000
v -2.68036800 -5.15759500 1.72500000
v -2.42332000 -5.28324500 1.72500000
v 0.25220670 5.80702600 0.57500000
v 0.53766000 5.78758000 0.57500000
v 0.78827890 5.75880000 1.15000000
v 0.50393830 5.79061300 1.15000000
v 1.03741300 5.71917200 1.72500000
v 0.75472060 5.76329400 1.72500000
v 0.57896610 5.78359400 2.30000000
v 0.47019940 5.79345100 1.72500000
v -2.78961300 -5.42426100 0.57500000
v -3.02234600 -5.29811000 1.15000000
v -3.56327400 -5.24745400 2.30000000
v -2.96991500 -5.09560400 1.15000000
v -2.74601700 -5.21967000 0.57500000
v -3.24938700 -5.16198000 1.72500000
v -3.50558200 -5.12957900 2.30000000
v -3.18821800 -4.96193900 1.72500000
v -2.60063600 -5.23941900 0.28750000
v -2.59557600 -5.23655000 0.28750000
v -2.58458900 -5.23225600 0.28750000
v -2.69752200 -5.17493800 0.57500000
v -3.13602600 -4.92157900 1.72500000
v -3.26410700 -4.86007000 2.01250000
v -3.41013600 -4.83487400 2.30000000
v -3.39105300 -4.80656700 2.30000000
v -3.37622500 -4.79280600 2.30000000
v -3.35894100 -4.78372300 2.30000000
v -3.25892900 -4.85738600 2.01250000
v -3.25353900 -4.85519800 2.01250000
v -3.34635100 -4.78083700 2.30000000
v -3.24208800 -4.85236700 2.01250000
v -3.32760800 -4.78111500 2.30000000
v -3.31370500 -4.78418900 2.30000000
v -3.29873000 -4.78972400 2.30000000
v -0.23864980 6.09488300 0.57500000
v 0.02603426 6.09949800 1.15000000
v 0.63180020 6.31138100 2.30000000
v -0.02962705 5.89785500 1.15000000
v -0.28550930 5.89101500 0.57500000
v 0.29066930 6.09262300 1.72500000
v 0.60823430 6.20649500 2.30000000
v 0.56759180 6.10296300 2.30000000
v 0.22631100 5.89358600 1.72500000
v -0.38688560 5.82296500 0.28750000
v -0.39715290 5.83327700 0.28750000
v -0.40248790 5.84127600 0.28750000
v -0.26043430 5.82998900 0.57500000
v 0.24600080 5.83061600 1.72500000
v 0.37246900 5.82390500 2.01250000
v 0.53371870 5.79292400 2.30000000
v 0.51207140 5.80335700 2.30000000
v 0.49772460 5.81559500 2.30000000
v 0.36362760 5.83546300 2.01250000
v 0.49019080 5.82616600 2.30000000
v 0.35937630 5.84408600 2.01250000
v 0.48495670 5.83821600 2.30000000
v 0.48140020 5.85730400 2.30000000
v 0.48323960 5.88885800 2.30000000
v -3.08802100 -5.94948300 0.57500000
v -2.99777000 -5.85763500 0.57500000
v -3.34326300 -5.80988900 1.15000000
v -4.62566000 -5.90366600 2.30000000
v -3.24911100 -5.72204400 1.15000000
v -3.59220800 -5.65935200 1.72500000
v -4.11369500 -5.67527000 2.30000000
v -3.81849100 -5.48644500 2.30000000
v -3.49433300 -5.57567500 1.72500000
v -3.66897100 -5.36214500 2.30000000
v -0.24437280 6.57562100 0.57500000
v -0.28740760 6.69698600 0.57500000
v 0.04117610 6.58003200 1.15000000
v 0.00344790 6.70314900 1.15000000
v 0.23759670 7.49623600 2.30000000
v 0.32664740 6.57204800 1.72500000
v 0.59901590 6.61559300 2.30000000
v 0.29429690 6.69668700 1.72500000
v 0.45267650 7.06983100 2.30000000
v -4.02829700 -6.32635900 0.57500000
v -4.16483500 -6.23731900 0.57500000
v -4.43155200 -6.05073100 1.15000000
v -5.00049700 -5.58972500 2.30000000
v -4.29900600 -6.14561200 1.15000000
v -4.68992200 -5.85274600 1.72500000
v -4.56161800 -5.95328800 1.72500000
v -4.43115900 -6.05101900 1.72500000
v -0.98065070 7.43561200 0.57500000
v -0.81882270 7.45516800 0.57500000
v -0.49456900 7.48367600 1.15000000
v -0.65709310 7.47116000 1.15000000
v -0.16938360 7.49808700 1.72500000
v -0.33229780 7.49263500 1.72500000
v -0.25134210 7.49578700 2.30000000
v -0.49505490 7.48364400 1.72500000
v -4.03952700 -5.19429800 0.57500000
v -4.08457300 -5.31493100 0.57500000
v -4.26110500 -5.01412900 1.15000000
v -4.54086400 -4.42868500 2.30000000
v -4.31134300 -5.13269400 1.15000000
v -4.47465700 -4.82451600 1.72500000
v -4.71129400 -4.68279800 2.30000000
v -4.52999200 -4.94078900 1.72500000
v -4.89117000 -5.12483000 2.30000000
v -1.45869200 6.54251000 0.57500000
v -1.46879000 6.41413800 0.57500000
v -1.17343700 6.59964200 1.15000000
v -1.18909500 6.47182800 1.15000000
v -0.64337230 6.31021200 2.30000000
v -0.88597040 6.64434200 1.72500000
v -0.49672000 6.99174100 2.30000000
v -0.60148480 6.65733900 2.30000000
v -0.90716020 6.51732900 1.72500000
v -0.63612530 6.46601000 2.30000000
v -3.73489900 -4.82235200 0.57500000
v -3.94062500 -4.65575200 1.15000000
v -4.13892800 -4.48038200 1.72500000
v -4.45539300 -4.36348600 2.30000000
v -4.35770900 -4.31030000 2.30000000
v -3.96168800 -4.36927900 1.72500000
v -3.76837200 -4.53706300 1.15000000
v -3.44637600 -4.73339100 0.28750000
v -3.93629500 -4.30838500 1.72500000
v -4.16113600 -4.05833700 2.30000000
v -4.02886200 -4.22195200 2.01250000
v -4.13247200 -4.09457000 2.30000000
v -4.12259500 -4.11647600 2.30000000
v -4.11947200 -4.13507300 2.30000000
v -4.02951800 -4.23648800 2.01250000
v -4.12049600 -4.14801400 2.30000000
v -4.03180500 -4.24582700 2.01250000
v -4.12423100 -4.16060900 2.30000000
v -4.13377600 -4.17751700 2.30000000
v -4.15546800 -4.20050600 2.30000000
v -3.40624600 -4.72101300 0.14375000
v -3.44532100 -4.72383400 0.28750000
v -3.36803500 -4.77543800 0.07187500
v -3.36886100 -4.78874700 0.07187500
v -3.47131900 -4.71025600 0.35937500
v -3.56795800 -4.69630100 0.57500000
v -3.57271500 -4.63381800 0.64687500
v -1.34968100 5.94835400 0.57500000
v -1.09030800 6.00131500 1.15000000
v -1.00030400 5.81248300 1.15000000
v -1.25156800 5.76360500 0.57500000
v -0.82888190 6.04297100 1.72500000
v -0.61179840 6.18283000 2.30000000
v -0.74715640 5.85041300 1.72500000
v -1.37563100 5.68528400 0.28750000
v -1.37766300 5.67983400 0.28750000
v -1.38332000 5.66948200 0.28750000
v -1.25996400 5.69816600 0.57500000
v -0.76119450 5.78594700 1.72500000
v -0.58957040 5.78252200 2.30000000
v -0.62354180 5.82115700 2.01250000
v -0.49548150 5.89572200 2.30000000
v -0.49190440 5.86177100 2.30000000
v -0.49441780 5.84169800 2.30000000
v -0.50181980 5.82363000 2.30000000
v -0.62578290 5.81577300 2.01250000
v -0.62850550 5.81063200 2.01250000
v -0.50960920 5.81332600 2.30000000
v -0.63545830 5.80110300 2.01250000
v -0.52414560 5.80149200 2.30000000
v -0.53677180 5.79491000 2.30000000
v -0.55180160 5.78952500 2.30000000
v -3.92588600 -4.28632400 0.57500000
v -4.13205600 -4.08794200 0.57500000
v -4.30554200 -3.90480000 1.15000000
v -4.71302600 -3.40184400 2.30000000
v -4.10817400 -4.11194200 1.15000000
v -4.47091800 -3.71430400 1.72500000
v -4.28272300 -3.92981400 1.72500000
v -4.08415200 -4.13580200 1.72500000
v -1.74912300 5.54307900 0.57500000
v -1.47423400 5.62243600 0.57500000
v -1.22888600 5.68110900 1.15000000
v -1.50695900 5.61375400 1.15000000
v -0.98122270 5.72908000 1.72500000
v -1.26195700 5.67385400 1.72500000
v -1.43405500 5.63281800 2.30000000
v -1.53963400 5.60488000 1.72500000
v -4.47658500 -4.14303400 0.57500000
v -4.65213700 -3.94489200 1.15000000
v -5.14311800 -3.71228300 2.30000000
v -4.53360600 -3.77253100 1.15000000
v -4.36564500 -3.96569200 0.57500000
v -4.81892600 -3.73931900 1.72500000
v -5.04858900 -3.62124800 2.30000000
v -4.69302800 -3.57226300 1.72500000
v -4.23578500 -4.03397300 0.28750000
v -4.23004900 -4.03300800 0.28750000
v -4.21825600 -4.03273100 0.28750000
v -4.30477400 -3.94024400 0.57500000
v -4.63018000 -3.55218700 1.72500000
v -4.72949900 -3.45058200 2.01250000
v -4.85810400 -3.37696100 2.30000000
v -4.83049100 -3.35688700 2.30000000
v -4.81185000 -3.34902800 2.30000000
v -4.79250200 -3.34640400 2.30000000
v -4.72371600 -3.44983000 2.01250000
v -4.71790300 -3.44961800 2.01250000
v -4.77968300 -3.34799800 2.30000000
v -4.70617300 -3.45087500 2.01250000
v -4.76216600 -3.35466900 2.30000000
v -4.75015400 -3.36231300 2.30000000
v -4.73797500 -3.37263700 2.30000000
v -2.30883000 5.64569300 0.57500000
v -2.06168700 5.74055700 1.15000000
v -1.56492100 6.14684600 2.30000000
v -2.04502500 5.53203800 1.15000000
v -2.28313700 5.43809300 0.57500000
v -1.81066000 5.82460800 1.72500000
v -1.55119300 6.04022600 2.30000000
v -1.55397400 5.92903700 2.30000000
v -1.80306200 5.61556200 1.72500000
v -2.35512500 5.33947500 0.28750000
v -2.36830000 5.34565300 0.28750000
v -2.37604900 5.35134500 0.28750000
v -2.23870200 5.38932400 0.57500000
v -1.76302300 5.56312400 1.72500000
v -1.64188600 5.60007200 2.01250000
v -1.47976500 5.62611100 2.30000000
v -1.50367500 5.62851000 2.30000000
v -1.52134300 5.63510400 2.30000000
v -1.65414800 5.60790900 2.01250000
v -1.53203800 5.64246100 2.30000000
v -1.66109200 5.61455900 2.01250000
v -1.54107700 5.65199300 2.30000000
v -1.55094800 5.66871400 2.30000000
v -1.56001100 5.69899400 2.30000000
v -4.93663400 -4.53452000 0.57500000
v -4.82041100 -4.47907900 0.57500000
v -5.12873900 -4.31604700 1.15000000
v -6.36587100 -3.96556200 2.30000000
v -5.01022000 -4.26570100 1.15000000
v -5.31118400 -4.08944400 1.72500000
v -5.80666500 -3.92604200 2.30000000
v -5.46468200 -3.84957100 2.30000000
v -5.19059200 -4.04428800 1.72500000
v -5.28166700 -3.78390600 2.30000000
v -2.47863000 6.09548200 0.57500000
v -2.56057900 6.19480900 0.57500000
v -2.21181000 6.19729000 1.15000000
v -2.28937200 6.30007900 1.15000000
v -2.34059600 7.12542000 2.30000000
v -1.94082500 6.28742500 1.72500000
v -1.69977500 6.42150000 2.30000000
v -2.01385300 6.39348300 1.72500000
v -1.99264800 6.79829200 2.30000000
v -5.94910300 -4.56707400 0.57500000
v -6.04695300 -4.43670500 0.57500000
v -6.23376900 -4.17014700 1.15000000
v -6.61072900 -3.54235300 2.30000000
v -6.14166800 -4.30463900 1.15000000
v -6.40884200 -3.89573400 1.72500000
v -6.32266300 -4.03409600 1.72500000
v -6.23349800 -4.17055200 1.72500000
v -3.46463900 6.65178700 0.57500000
v -3.31925900 6.72551200 0.57500000
v -3.02431100 6.86320200 1.15000000
v -3.17275300 6.79585500 1.15000000
v -2.72366500 6.98796400 1.72500000
v -2.87489000 6.92712100 1.72500000
v -2.79989500 6.95777200 2.30000000
v -3.02475600 6.86300600 1.72500000
v -5.57246900 -3.49944400 0.57500000
v -5.65605600 -3.59739500 0.57500000
v -5.71906300 -3.25435600 1.15000000
v -5.78171600 -2.60853500 2.30000000
v -5.80682200 -3.34858900 1.15000000
v -5.85488400 -3.00313900 1.72500000
v -6.02878000 -2.78903400 2.30000000
v -5.94664900 -3.09347500 1.72500000
v -6.34899100 -3.14288600 2.30000000
v -3.60839300 5.64904600 0.57500000
v -3.57397600 5.52496200 0.57500000
v -3.35988000 5.80029600 1.15000000
v -3.33088000 5.67483500 1.15000000
v -2.76279200 5.70961300 2.30000000
v -3.10503900 5.94061900 1.72500000
v -2.85808000 6.40019900 2.30000000
v -2.84215500 6.05013200 2.30000000
v -3.08150900 5.81401800 1.72500000
v -2.80926800 5.85849500 2.30000000
v -5.15899800 -3.25411800 0.57500000
v -5.29533700 -3.02720200 1.15000000
v -5.09287900 -2.97458500 1.15000000
v -4.95901400 -3.19276600 0.57500000
v -5.42170100 -2.79458500 1.72500000
v -5.67910000 -2.57650100 2.30000000
v -5.56911700 -2.55993300 2.30000000
v -5.21715000 -2.75080200 1.72500000
v -4.84939300 -3.24653500 0.28750000
v -4.85318900 -3.26058300 0.28750000
v -4.85744900 -3.26920300 0.28750000
v -4.91870200 -3.14053700 0.57500000
v -5.17246200 -2.70226500 1.72500000
v -5.29822200 -2.39039700 2.30000000
v -5.22988400 -2.58938500 2.01250000
v -5.28367900 -2.43424800 2.30000000
v -5.28189000 -2.45821100 2.30000000
v -5.28531500 -2.47675500 2.30000000
v -5.23547300 -2.60282100 2.01250000
v -5.29070400 -2.48856600 2.30000000
v -5.24081500 -2.61081400 2.01250000
v -5.29852200 -2.49912300 2.30000000
v -5.31327400 -2.51174700 2.30000000
v -5.34152000 -2.52593100 2.30000000
v -3.30274200 5.12800600 0.57500000
v -3.07712500 5.26648400 1.15000000
v -2.92796500 5.11982300 1.15000000
v -3.14735800 4.98795600 0.57500000
v -2.84571200 5.39504100 1.72500000
v -2.68955500 5.60071200 2.30000000
v -2.70305600 5.24204700 1.72500000
v -3.23715200 4.87192600 0.28750000
v -3.23719700 4.86611000 0.28750000
v -3.23897200 4.85444800 0.28750000
v -3.13286700 4.92359100 0.57500000
v -2.69419900 5.17666800 1.72500000
v -2.53175400 5.23214800 2.30000000
v -2.57689100 5.25683400 2.01250000
v -2.48205600 5.37070200 2.30000000
v -2.46708300 5.34002200 2.30000000
v -2.46257900 5.32030000 2.30000000
v -2.46335500 5.30079000 2.30000000
v -2.57715500 5.25100900 2.01250000
v -2.57795500 5.24524700 2.01250000
v -2.46715100 5.28844300 2.30000000
v -2.58123000 5.23391400 2.01250000
v -2.47676300 5.27235000 2.30000000
v -2.48637700 5.26184800 2.30000000
v -2.49865800 5.25164600 2.30000000
v -5.15513500 -2.68509500 0.57500000
v -5.28102100 -2.42816300 0.57500000
v -5.38140600 -2.19673000 1.15000000
v -5.59229500 -1.58473800 2.30000000
v -5.26678700 -2.45888300 1.15000000
v -5.47165500 -1.96116000 1.72500000
v -5.36851900 -2.22804000 1.72500000
v -5.25237500 -2.48952100 1.72500000
v -3.53948300 4.61055500 0.57500000
v -3.30831300 4.77914400 0.57500000
v -3.09782800 4.91819200 1.15000000
v -3.33609500 4.75979200 1.15000000
v -2.88150900 5.04797600 1.72500000
v -3.12642400 4.90006400 1.72500000
v -3.27410900 4.80264200 2.30000000
v -3.36376500 4.74027900 1.72500000
v -5.62361500 -2.36209700 0.57500000
v -5.72081100 -2.11586100 1.15000000
v -6.10262500 -1.72935500 2.30000000
v -5.55047700 -1.99443500 1.15000000
v -5.45871100 -2.23339400 0.57500000
v -5.80723100 -1.86564000 1.72500000
v -5.98266100 -1.67614100 2.30000000
v -5.63178900 -1.75171900 1.72500000
v -5.36003600 -2.34197100 0.28750000
v -5.35431600 -2.34302600 0.28750000
v -5.34313900 -2.34679900 0.28750000
v -5.39280700 -2.23029900 0.57500000
v -5.56586600 -1.75434900 1.72500000
v -5.62444400 -1.62490200 2.01250000
v -5.72011300 -1.51173500 2.30000000
v -5.68729900 -1.50231700 2.30000000
v -5.66709500 -1.50130700 2.30000000
v -5.64801600 -1.50545900 2.30000000
v -5.61875200 -1.62617400 2.01250000
v -5.61321700 -1.62796300 2.01250000
v -5.63651600 -1.51134100 2.30000000
v -5.60262500 -1.63315500 2.01250000
v -5.62233700 -1.52360100 2.30000000
v -5.61366300 -1.53489300 2.30000000
v -5.60575000 -1.54875900 2.30000000
v -4.10053100 4.51555000 0.57500000
v -3.81376400 4.49897500 1.15000000
v -4.00538400 4.32925700 0.57500000
v -3.90073800 4.68922100 1.15000000
v -3.57289000 5.24091200 2.30000000
v -3.69359700 4.85405900 1.72500000
v -3.52352400 5.14541700 2.30000000
v -3.48810800 5.03998200 2.30000000
v -3.61496000 4.66021900 1.72500000
v -4.06302300 4.21596200 0.28750000
v -3.55940000 4.62463700 1.72500000
v -3.45820600 4.70078900 2.01250000
v -3.31476800 4.78070500 2.30000000
v -3.33805600 4.77478200 2.30000000
v -3.35691300 4.77493600 2.30000000
v -3.47240800 4.70395900 2.01250000
v -3.36948000 4.77819100 2.30000000
v -3.48120800 4.70783300 2.01250000
v -3.38123400 4.78405700 2.30000000
v -3.39622900 4.79639300 2.30000000
v -3.41510200 4.82174700 2.30000000
v -6.18981600 -2.57262700 0.57500000
v -6.06164000 -2.56028000 0.57500000
v -6.29561300 -2.30162500 1.15000000
v -7.33826400 -1.54915300 2.30000000
v -6.16702300 -2.29485100 1.15000000
v -6.38955200 -2.02628800 1.72500000
v -6.79926600 -1.70327700 2.30000000
v -6.45175200 -1.74838200 2.30000000
v -6.26078900 -2.02510100 1.72500000
v -6.25731500 -1.74927200 2.30000000
v -4.41392800 4.88013800 0.57500000
v -4.52490700 4.94544700 0.57500000
v -4.19802000 5.06706400 1.15000000
v -4.30606000 5.13712700 1.15000000
v -4.63647800 5.89517400 2.30000000
v -3.97420400 5.24444600 1.72500000
v -3.79354900 5.45287800 2.30000000
v -4.07910300 5.31913000 1.72500000
v -4.19762900 5.70677900 2.30000000
v -7.15236000 -2.25693300 0.57500000
v -7.19972000 -2.10095900 0.57500000
v -7.28410100 -1.78658200 1.15000000
v -7.42360900 -1.06772100 2.30000000
v -7.24355300 -1.94446400 1.15000000
v -7.35476100 -1.46883900 1.72500000
v -7.32110200 -1.62833200 1.72500000
v -7.28398500 -1.78705500 1.72500000
v -5.53074100 5.06565900 0.57500000
v -5.41934400 5.18466100 0.57500000
v -5.18927600 5.41492500 1.15000000
v -5.30573100 5.30086900 1.15000000
v -4.94943300 5.63499000 1.72500000
v -5.07072800 5.52609400 1.72500000
v -5.01073800 5.58054700 2.30000000
v -5.18962700 5.41458800 1.72500000
v -6.43328800 -1.38250500 0.57500000
v -6.54533600 -1.44596100 0.57500000
v -6.48721600 -1.10206000 1.15000000
v -6.32520800 -0.47375810 2.30000000
v -6.60191200 -1.16059400 1.15000000
v -6.52892500 -0.81953920 1.72500000
v -6.61910600 -0.55887020 2.30000000
v -6.64605300 -0.87304160 1.72500000
v -7.04103000 -0.78186390 2.30000000
v -5.32286800 4.07422400 0.57500000
v -5.24808700 3.96939400 0.57500000
v -5.14107300 4.30134800 1.15000000
v -5.07091100 4.19337300 1.15000000
v -4.54897800 4.42035100 2.30000000
v -4.94959300 4.52037000 1.72500000
v -4.87471400 5.03669900 2.30000000
v -4.74001900 4.71319100 2.30000000
v -4.88418300 4.40945200 1.72500000
v -4.64357200 4.54435800 2.30000000
v -5.96084700 -1.29338900 0.57500000
v -6.01135300 -1.03352800 1.15000000
v -5.80310900 -1.05332900 1.15000000
v -5.75193900 -1.30413600 0.57500000
v -6.05053700 -0.77171960 1.72500000
v -6.21782300 -0.47875270 2.30000000
v -6.10880700 -0.50079960 2.30000000
v -5.84334700 -0.80053760 1.72500000
v -5.67569100 -1.40405700 0.28750000
v -5.68264200 -1.41070000 0.28750000
v -5.78475400 -0.77021240 1.72500000
v -5.79626400 -0.43414020 2.30000000
v -5.80010500 -0.64450010 2.01250000
v -5.79759600 -0.48032050 2.30000000
v -5.80411100 -0.50345040 2.30000000
v -5.81367200 -0.51970450 2.30000000
v -5.80995200 -0.65521420 2.01250000
v -5.82277500 -0.52895950 2.30000000
v -5.81770700 -0.66089840 2.01250000
v -5.83373200 -0.53620640 2.30000000
v -5.85191300 -0.54302350 2.30000000
v -5.88330600 -0.54669130 2.30000000
v -4.85744300 3.68914500 0.57500000
v -4.69279500 3.89643700 1.15000000
v -4.50247000 3.80963700 1.15000000
v -4.66353100 3.61068500 0.57500000
v -4.51930800 4.09639000 1.72500000
v -4.44291100 4.34306600 2.30000000
v -4.33292800 4.00141300 1.72500000
v -4.71067700 3.47623400 0.28750000
v -4.70822500 3.47094200 0.28750000
v -4.70627800 3.46546100 0.28750000
v -4.70395700 3.45389500 0.28750000
v -4.62789900 3.55515900 0.57500000
v -4.30224400 3.94300600 1.72500000
v -4.16857100 4.05070000 2.30000000
v -4.21942800 4.05846000 2.01250000
v -4.16925800 4.19789600 2.30000000
v -4.14469500 4.17418700 2.30000000
v -4.13371700 4.15719500 2.30000000
v -4.12777400 4.13859600 2.30000000
v -4.21768400 4.05289500 2.01250000
v -4.21646600 4.04720700 2.01250000
v -4.12711700 4.12569600 2.30000000
v -4.21566600 4.03543800 2.01250000
v -4.13064600 4.10728600 2.30000000
v -4.13608800 4.09412900 2.30000000
v -4.14413900 4.08034200 2.30000000
v -5.76259900 -0.76000430 0.57500000
v -5.79301700 -0.47551090 0.57500000
v -5.80819400 -0.22370180 1.15000000
v -5.79705100 0.42351090 2.30000000
v -5.79014900 -0.50924710 1.15000000
v -5.81243000 0.02852858 1.72500000
v -5.80679200 -0.25753080 1.72500000
v -5.78708400 -0.54296610 1.72500000
v -4.90292800 3.12193000 0.57500000
v -4.74336100 3.35941700 0.57500000
v -4.59312700 3.56206900 1.15000000
v -4.76284900 3.33173000 1.15000000
v -4.43424200 3.75801200 1.72500000
v -4.61379800 3.53525400 1.72500000
v -4.71925600 3.39319600 2.30000000
v -4.78217600 3.30393000 1.72500000
v -6.09235400 -0.29625510 0.57500000
v -6.09947100 -0.03162655 1.15000000
v -6.32606600 0.46215880 2.30000000
v -5.89788000 0.02421962 1.15000000
v -5.89337600 -0.23171440 0.57500000
v -6.09509900 0.23306160 1.72500000
v -6.19513700 0.47113330 2.30000000
v -5.89127400 0.28010800 1.72500000
v -5.84306700 -0.36501520 0.28750000
v -5.83778800 -0.36749260 0.28750000
v -5.83277300 -0.37044030 0.28750000
v -5.82356100 -0.37780850 0.28750000
v -5.83038800 -0.25134650 0.57500000
v -5.83022600 0.25508900 1.72500000
v -5.84099700 0.39676450 2.01250000
v -5.89219200 0.53582740 2.30000000
v -5.85813600 0.53345460 2.30000000
v -5.83880500 0.52749370 2.30000000
v -5.82229700 0.51706680 2.30000000
v -5.83608400 0.39362260 2.01250000
v -5.83149500 0.39004860 2.01250000
v -5.81350100 0.50760640 2.30000000
v -5.82331700 0.38154660 2.01250000
v -5.80437100 0.49123580 2.30000000
v -5.80008200 0.47765860 2.30000000
v -5.79738800 0.46192200 2.30000000
v -5.39764800 2.84076500 0.57500000
v -5.26930300 3.07229500 1.15000000
v -5.14991600 3.70284500 2.30000000
v -5.13103200 3.29803900 1.72500000
v -5.07086500 3.62999400 2.30000000
v -5.00152500 3.54303000 2.30000000
v -4.99083900 3.14278400 1.72500000
v -5.12250600 2.92327000 1.15000000
v -5.25993700 2.57207300 0.28750000
v -4.92646100 3.12835100 1.72500000
v -4.85741500 3.23452000 2.01250000
v -4.74996000 3.35867600 2.30000000
v -4.76981900 3.34514500 2.30000000
v -4.78759100 3.33884000 2.30000000
v -4.87184500 3.23264200 2.01250000
v -4.80051300 3.33760100 2.30000000
v -4.88143900 3.23327200 2.01250000
v -4.81356500 3.33909300 2.30000000
v -4.83187400 3.34555700 2.30000000
v -4.85828000 3.36292700 2.30000000
v -5.24077800 2.53470200 0.14375000
v -5.25034200 2.57269400 0.28750000
v -5.28774200 2.48762100 0.07187500
v -5.30099200 2.48612400 0.07187500
v -5.24148500 2.60065400 0.35937500
v -5.24452300 2.69824900 0.57500000
v -5.18381600 2.71378300 0.64687500
v -5.20831300 2.60344900 0.32343750
v -6.69641400 -0.30043660 0.57500000
v -6.57174600 -0.33267280 0.57500000
v -6.70314300 -0.00959366 1.15000000
v -7.42555500 1.05410600 2.30000000
v -6.57999100 -0.04720895 1.15000000
v -6.69724700 0.28126730 1.72500000
v -6.97177500 0.72492930 2.30000000
v -6.66064600 0.56368790 2.30000000
v -6.57584200 0.23834380 1.72500000
v -6.47823900 0.49634980 2.30000000
v -5.81684100 3.07617800 0.57500000
v -5.94346400 3.09959100 0.57500000
v -5.67788600 3.32567500 1.15000000
v -5.80337400 3.35456100 1.15000000
v -6.37313200 3.95388300 2.30000000
v -5.52823700 3.56890900 1.72500000
v -5.42976400 3.82656000 2.30000000
v -5.65235200 3.60321200 1.72500000
v -5.89631500 3.92694500 2.30000000
v -7.49293600 0.32542800 0.57500000
v -7.48409400 0.48819340 0.57500000
v -7.45586300 0.81247130 1.15000000
v -7.34109300 1.53569500 2.30000000
v -7.47175900 0.65024290 1.15000000
v -7.41358700 1.13521900 1.72500000
v -7.43650800 0.97383300 1.72500000
v -7.45591600 0.81198710 1.72500000
v -6.92975400 2.86853800 0.57500000
v -6.86577600 3.01846300 0.57500000
v -6.72833800 3.31352900 1.15000000
v -6.79876100 3.16652100 1.15000000
v -6.57822600 3.60235300 1.72500000
v -6.65496100 3.45853900 1.72500000
v -6.61721300 3.53022500 2.30000000
v -6.72855300 3.31309200 1.72500000
v -6.51815800 0.90118440 0.57500000
v -6.64515200 0.87987820 0.57500000
v -6.47291600 1.18316100 1.15000000
v -6.10578600 1.71816200 2.30000000
v -6.60071500 1.16738500 1.15000000
v -6.41548200 1.46290900 1.72500000
v -6.41106900 1.73870100 2.30000000
v -6.54384500 1.45269300 1.72500000
v -6.88381800 1.67346300 2.30000000
v -6.39532600 2.00799100 0.57500000
v -6.28920200 1.93505900 0.57500000
v -6.30217600 2.28359500 1.15000000
v -6.19931500 2.20612800 1.15000000
v -5.78649000 2.59792900 2.30000000
v -6.19715400 2.55489800 1.72500000
v -6.30338500 3.06569800 2.30000000
v -6.06616700 2.80776800 2.30000000
v -6.09775200 2.47304000 1.72500000
v -5.91779200 2.68210500 2.30000000
v -5.85109500 0.74179220 0.57500000
v -6.04372900 0.82334110 0.57500000
v -5.81339800 0.99497480 1.15000000
v -6.00231200 1.08480500 1.15000000
v -5.94958900 1.34422600 1.72500000
v -6.00658600 1.67674000 2.30000000
v -5.91168400 1.61873700 2.30000000
v -5.76475000 1.24628300 1.72500000
v -5.69931900 1.25473900 1.72500000
v -5.59519100 1.57448100 2.30000000
v -5.67074800 1.37812100 2.01250000
v -5.61223800 1.53154100 2.30000000
v -5.62627000 1.51203400 2.30000000
v -5.64081400 1.50003100 2.30000000
v -5.68366500 1.37142100 2.01250000
v -5.65253300 1.49444700 2.30000000
v -5.69289700 1.36873200 2.01250000
v -5.66530800 1.49138500 2.30000000
v -5.68472400 1.49119700 2.30000000
v -5.71547900 1.49848700 2.30000000
v -5.82626600 1.80531900 0.57500000
v -5.74244500 2.05642300 1.15000000
v -5.53391000 2.03995300 1.15000000
v -5.61721300 1.79791300 0.57500000
v -5.64780800 2.30365300 1.72500000
v -5.66038700 2.56158200 2.30000000
v -5.44018400 2.27815000 1.72500000
v -5.61553000 1.65544500 0.28750000
v -5.61141600 1.65131100 0.28750000
v -5.60771200 1.64682600 0.28750000
v -5.60157500 1.63675100 0.28750000
v -5.56473800 1.75792200 0.57500000
v -5.39137500 2.23376000 1.72500000
v -5.30259600 2.38067800 2.30000000
v -5.35304100 2.37057500 2.01250000
v -5.35358600 2.51876100 2.30000000
v -5.32239500 2.50488400 2.30000000
v -5.30626800 2.49267100 2.30000000
v -5.29432200 2.47722700 2.30000000
v -5.34949900 2.36594300 2.01250000
v -5.34640800 2.36101400 2.01250000
v -5.28929300 2.46532900 2.30000000
v -5.34163200 2.35022800 2.01250000
v -5.28631200 2.44682200 2.30000000
v -5.28692500 2.43259700 2.30000000
v -5.28977600 2.41688800 2.30000000
v -5.67500900 1.25675500 0.57500000
v -5.60629000 1.53449400 0.57500000
v -5.53442700 1.77630800 1.15000000
v -5.61513300 1.50181200 1.15000000
v -5.45214000 2.01477600 1.72500000
v -5.54468000 1.74404000 1.72500000
v -5.62378600 1.46907800 1.72500000
v 3.26236500 0.80410060 4.60000000
v 3.36000000 -0.00000000 4.60000000
v 2.97513200 1.56147000 4.60000000
v 2.51499600 2.22809200 4.60000000
v 1.90869800 2.76522600 4.60000000
v 1.19147200 3.14165500 4.60000000
v 0.40500320 3.33550200 4.60000000
v -0.40500320 3.33550200 4.60000000
v -1.19147200 3.14165500 4.60000000
v -1.90869800 2.76522600 4.60000000
v -2.51499600 2.22809200 4.60000000
v -2.97513200 1.56147000 4.60000000
v -3.26236500 0.80410060 4.60000000
v -3.36000000 0.00000000 4.60000000
v -3.26236500 -0.80410060 4.60000000
v -2.97513200 -1.56147000 4.60000000
v -2.51499600 -2.22809200 4.60000000
v -1.90869800 -2.76522600 4.60000000
v -1.19147200 -3.14165500 4.60000000
v -0.40500320 -3.33550200 4.60000000
v 0.40500320 -3.33550200 4.60000000
v 1.19147200 -3.14165500 4.60000000
v 1.90869800 -2.76522600 4.60000000
v 2.51499600 -2.22809200 4.60000000
v 2.97513200 -1.56147000 4.60000000
v 3.26236500 -0.80410060 4.60000000
v 5.94958900 -1.34422600 2.87500000
v 6.00231200 -1.08480500 3.45000000
v 6.31079900 -0.63758650 4.60000000
v 5.81339800 -0.99497480 3.45000000
v 5.76475000 -1.24628300 2.87500000
v 6.04372900 -0.82334110 4.02500000
v 6.20593500 -0.61392450 4.60000000
v 6.10244000 -0.57318700 4.60000000
v 5.85109500 -0.74179220 4.02500000
v 5.68366500 -1.37142100 2.58750000
v 5.69289700 -1.36873200 2.58750000
v 5.78664300 -0.75588930 4.02500000
v 5.80168300 -0.63013940 4.31250000
v 5.79243300 -0.53902970 4.60000000
v 5.80288500 -0.51739200 4.60000000
v 5.81513600 -0.50305640 4.60000000
v 5.81362100 -0.62181860 4.31250000
v 5.82571500 -0.49553230 4.60000000
v 5.82242500 -0.61795360 4.31250000
v 5.83776900 -0.49030920 4.60000000
v 5.85686000 -0.48677030 4.60000000
v 5.88841200 -0.48863850 4.60000000
v -5.71062600 -4.19239500 4.60000000
v -5.89942200 -4.63107100 4.60000000
v -5.58513800 -5.00562000 4.60000000
v -5.04116600 -4.87009400 4.60000000
v -3.93234900 -5.89271200 4.60000000
v -3.95972400 -6.36950400 4.60000000
v -3.53629000 -6.61397400 4.60000000
v -3.07147600 -6.30057200 4.60000000
v -3.83153600 -5.42625300 4.60000000
v -5.45635400 -3.78854700 4.60000000
v -4.71753500 -4.73569600 4.60000000
v -4.54861300 -4.63940300 4.60000000
v -2.81332900 -6.06359000 4.60000000
v -6.80011600 -1.98641400 4.60000000
v -7.12756300 -2.33406200 4.60000000
v -6.96033600 -2.79351400 4.60000000
v -6.40281700 -2.85221100 4.60000000
v -4.34713800 -4.43892800 4.60000000
v -4.42452000 -4.54492300 4.60000000
v -3.63464200 -5.06753500 4.60000000
v -3.70756600 -5.14651900 4.60000000
v -5.14864500 -3.51880500 4.60000000
v -5.24418500 -3.56808400 4.60000000
v -2.68752900 -5.91533000 4.60000000
v -3.54761500 -4.99827500 4.60000000
v -5.04317800 -3.48348600 4.60000000
v -1.06091400 -7.42458500 4.60000000
v -1.67977300 -6.88228000 4.60000000
v -1.54242500 -7.33968200 4.60000000
v -4.20171700 -4.16540700 4.60000000
v -5.60317600 -2.68441900 4.60000000
v -5.86106800 -2.80389600 4.60000000
v -5.71214400 -2.75755600 4.60000000
v -4.82487600 -3.41067900 4.60000000
v -4.17798500 -4.14086600 4.60000000
v -2.56677100 -5.65803600 4.60000000
v -2.60323300 -5.78410500 4.60000000
v -4.79950500 -3.39183000 4.60000000
v -4.16098300 -4.12990400 4.60000000
v -4.78715500 -3.37684700 4.60000000
v -4.14237900 -4.12397800 4.60000000
v -4.78127800 -3.36509700 4.60000000
v -4.77801100 -3.35253400 4.60000000
v -4.12947800 -4.12333300 4.60000000
v -6.42305500 -1.69388700 4.60000000
v -6.05273600 -2.83660700 4.60000000
v -4.77784100 -3.33367700 4.60000000
v -4.11107200 -4.12687800 4.60000000
v -4.09791900 -4.13233200 4.60000000
v -4.78374200 -3.31038300 4.60000000
v -2.52366900 -5.35127400 4.60000000
v -3.36737900 -4.85519500 4.60000000
v -2.50976300 -5.32009600 4.60000000
v -3.34998600 -4.82880500 4.60000000
v -2.49753500 -5.30398000 4.60000000
v -3.34350500 -4.81050100 4.60000000
v -2.48208000 -5.29204800 4.60000000
v -3.34322800 -4.78452800 4.60000000
v -3.34200100 -4.79745100 4.60000000
v -2.47017700 -5.28703000 4.60000000
v -3.34951700 -4.76675000 4.60000000
v -2.45166800 -5.28406600 4.60000000
v -2.43744300 -5.28469300 4.60000000
v -3.36303000 -4.74687900 4.60000000
v -0.73132110 -6.97110700 4.60000000
v -1.74457800 -6.40947300 4.60000000
v -1.68224700 -6.00504600 4.60000000
v -1.72375900 -6.10420800 4.60000000
v -6.04164600 -1.54565400 4.60000000
v -6.14827900 -1.55928500 4.60000000
v -5.93045900 -1.54853800 4.60000000
v -5.37297500 -2.47713100 4.60000000
v -5.70042200 -1.55478600 4.60000000
v -5.34228200 -2.46218600 4.60000000
v -0.56979450 -6.66012600 4.60000000
v -5.67013400 -1.54575000 4.60000000
v -5.32255600 -2.45770000 4.60000000
v -5.65340400 -1.53589500 4.60000000
v -5.30304600 -2.45849400 4.60000000
v -5.64386300 -1.52686400 4.60000000
v -5.63649600 -1.51617500 4.60000000
v -5.29070300 -2.46230100 4.60000000
v -5.62988600 -1.49851400 4.60000000
v -5.27461900 -2.47192800 4.60000000
v -5.26412500 -2.48155100 4.60000000
v -5.62746500 -1.47460600 4.60000000
v -0.50228920 -6.47778100 4.60000000
v -1.62415700 -5.91019700 4.60000000
v -6.18338800 -0.60612950 4.60000000
v -6.46659100 -0.63019670 4.60000000
v -6.31079900 -0.63758650 4.60000000
v -0.47681310 -6.19470200 4.60000000
v -0.46795860 -6.32563900 4.60000000
v -7.06941300 0.45915820 4.60000000
v -7.49601500 0.24446950 4.60000000
v -7.49601500 -0.24446950 4.60000000
v -6.99219300 -0.49030940 4.60000000
v -0.54122940 -5.89169800 4.60000000
v -1.50372700 -5.71410300 4.60000000
v -0.53882540 -5.85764400 4.60000000
v -1.49640800 -5.68335500 4.60000000
v -0.53284680 -5.83831800 4.60000000
v -1.49657800 -5.66393900 4.60000000
v -0.52240470 -5.82182000 4.60000000
v -1.50520200 -5.63943700 4.60000000
v -1.49962900 -5.65116100 4.60000000
v -0.51293620 -5.81303400 4.60000000
v -1.51719200 -5.62488200 4.60000000
v -0.49655730 -5.80391800 4.60000000
v -0.48297620 -5.79964200 4.60000000
v -1.53668600 -5.61083100 4.60000000
v -6.61504100 0.60508120 4.60000000
v -6.65788800 -0.59538080 4.60000000
v 1.54242500 -7.33968200 4.60000000
v 0.77540800 -7.04174400 4.60000000
v 1.06091400 -7.42458500 4.60000000
v 0.47305170 -6.21826000 4.60000000
v 0.46795860 -6.32563900 4.60000000
v 0.55280120 -6.61961500 4.60000000
v -6.20593500 0.61392450 4.60000000
v -6.31079900 0.63758650 4.60000000
v -6.10244000 0.57318700 4.60000000
v -5.89617400 -0.49007580 4.60000000
v -5.88841200 0.48863850 4.60000000
v -5.86222000 -0.48652990 4.60000000
v -5.85686000 0.48677030 4.60000000
v -5.84214900 -0.48906170 4.60000000
v -5.83776900 0.49030920 4.60000000
v -5.82408800 -0.49648020 4.60000000
v -5.82571500 0.49553230 4.60000000
v -5.81513600 0.50305640 4.60000000
v -5.81379100 -0.50427910 4.60000000
v -5.80288500 0.51739200 4.60000000
v -5.80197000 -0.51882630 4.60000000
v -5.79540000 -0.53145850 4.60000000
v -5.79243300 0.53902970 4.60000000
v 1.69704200 -6.80082500 4.60000000
v -4.80564200 -3.26970400 4.60000000
v -4.08414000 -4.14039700 4.60000000
v -4.05452100 -4.16485500 4.60000000
v 1.74246600 -6.45335300 4.60000000
v -3.39752200 -4.71614300 4.60000000
v -2.42173700 -5.28755800 4.60000000
v -5.25393500 -2.49384200 4.60000000
v -5.23446700 -2.52695600 4.60000000
v 1.74353400 -6.25891600 4.60000000
v 0.49519860 -6.10926300 4.60000000
v -6.01779300 1.54526800 4.60000000
v -6.29214800 1.61951300 4.60000000
v -6.14827900 1.55928500 4.60000000
v -2.38553900 -5.30041100 4.60000000
v -1.57961000 -5.59374500 4.60000000
v 1.67065500 -5.98419600 4.60000000
v 1.72375900 -6.10420800 4.60000000
v 1.50649000 -5.72149700 4.60000000
v 0.54129700 -5.88380500 4.60000000
v 1.49710200 -5.68867400 4.60000000
v 0.53765800 -5.85240800 4.60000000
v 1.49611000 -5.66846900 4.60000000
v 0.53085760 -5.83422100 4.60000000
v 1.50028000 -5.64939400 4.60000000
v 0.51437400 -5.81414600 4.60000000
v 0.52362070 -5.82325700 4.60000000
v 1.50617200 -5.63789900 4.60000000
v 0.49812870 -5.80457000 4.60000000
v 1.51844600 -5.62373200 4.60000000
v 1.52974500 -5.61506800 4.60000000
v 0.47500480 -5.79803400 4.60000000
v -5.78306000 -0.58426850 4.60000000
v -5.63413100 -1.42889000 4.60000000
v -0.46723710 -5.79696200 4.60000000
v -0.42882570 -5.79666000 4.60000000
v -6.48603400 2.84934900 4.60000000
v -6.96033600 2.79351400 4.60000000
v -7.12756300 2.33406200 4.60000000
v -6.73820800 1.93073100 4.60000000
v -5.78306000 0.58426850 4.60000000
v -5.79002800 -0.54649320 4.60000000
v -6.00915500 2.83106800 4.60000000
v -6.46000000 1.71765700 4.60000000
v 2.57129300 -5.68146000 4.60000000
v 2.60323300 -5.78410500 4.60000000
v 2.78350500 -6.03133400 4.60000000
v 0.42882570 -5.79666000 4.60000000
v 1.54361900 -5.60716700 4.60000000
v -5.62169700 2.69945500 4.60000000
v -5.71214400 2.75755600 4.60000000
v -5.53837600 2.62577700 4.60000000
v -5.70820700 1.55609000 4.60000000
v -5.36617300 2.47312600 4.60000000
v -5.67508800 1.54780900 4.60000000
v -5.33716300 2.46057900 4.60000000
v -5.65709300 1.53856500 4.60000000
v -5.31801300 2.45737400 4.60000000
v -5.64265900 1.52541700 4.60000000
v -5.30489900 2.45816000 4.60000000
v -5.29238500 2.46161200 4.60000000
v -5.63565000 1.51456600 4.60000000
v -5.27596900 2.47089300 4.60000000
v -5.62951700 1.49685300 4.60000000
v -5.62766400 1.48273600 4.60000000
v -5.25874700 2.48765100 4.60000000
v -5.62775900 1.46677100 4.60000000
v -5.63413100 1.42889000 4.60000000
v 3.95972400 -6.36950400 4.60000000
v 3.13706400 -6.35187000 4.60000000
v 3.53629000 -6.61397400 4.60000000
v 1.57961000 -5.59374500 4.60000000
v 2.38553900 -5.30041100 4.60000000
v 2.42940300 -5.28590900 4.60000000
v 3.92071700 -5.81026200 4.60000000
v 3.84455900 -5.46821000 4.60000000
v -5.12636300 3.51028300 4.60000000
v -5.35877900 3.67388600 4.60000000
v -5.24418500 3.56808400 4.60000000
v 3.77906200 -5.28513400 4.60000000
v 2.55482600 -5.57146200 4.60000000
v 3.37250500 -4.86119800 4.60000000
v 2.52103300 -5.34383400 4.60000000
v 3.35245700 -4.83356600 4.60000000
v 2.50687500 -5.31557500 4.60000000
v 3.34461400 -4.81491900 4.60000000
v 2.49426400 -5.30081100 4.60000000
v 3.34200900 -4.79556800 4.60000000
v 2.47190900 -5.28758400 4.60000000
v 2.48371400 -5.29298300 4.60000000
v 3.34361400 -4.78275100 4.60000000
v 2.45336800 -5.28414200 4.60000000
v 3.61661800 -5.05190700 4.60000000
v 3.70756600 -5.14651900 4.60000000
v 3.35030200 -4.76524000 4.60000000
v -4.80564200 3.26970400 4.60000000
v -5.23446700 2.52695600 4.60000000
v 3.35795700 -4.75323400 4.60000000
v 3.36829100 -4.74106500 4.60000000
v 3.39752200 -4.71614300 4.60000000
v -4.78114900 3.31809000 4.60000000
v -4.78669800 3.30312000 4.60000000
v -5.12034300 4.89586600 4.60000000
v -5.58513800 5.00562000 4.60000000
v -5.89942200 4.63107100 4.60000000
v -5.67149600 4.11889600 4.60000000
v 4.05452100 -4.16485500 4.60000000
v -4.19669500 4.15931700 4.60000000
v -4.83174600 3.41456800 4.60000000
v -4.80345600 3.39545900 4.60000000
v 4.67847700 -4.71558600 4.60000000
v 4.35939900 -4.45939100 4.60000000
v 4.42452000 -4.54492300 4.60000000
v -4.17372500 4.13760500 4.60000000
v -4.78970900 3.38061800 4.60000000
v -4.15682600 4.12804400 4.60000000
v -4.78064200 3.36332600 4.60000000
v -4.14423400 4.12429700 4.60000000
v -4.13129400 4.12326100 4.60000000
v -4.77776700 3.35073300 4.60000000
v -4.11269400 4.12636800 4.60000000
v -4.77806200 3.33199000 4.60000000
v -4.67847700 4.71558600 4.60000000
v -5.48294100 3.82352000 4.60000000
v -4.09077900 4.13622500 4.60000000
v -4.30630300 4.36166000 4.60000000
v -4.35939900 4.45939100 4.60000000
v -4.05452100 4.16485500 4.60000000
v -4.42452000 4.54492300 4.60000000
v 4.09077900 -4.13622500 4.60000000
v 5.89942200 -4.63107100 4.60000000
v 5.12034300 -4.89586600 4.60000000
v 5.58513800 -5.00562000 4.60000000
v -3.39752200 4.71614300 4.60000000
v -3.36829100 4.74106500 4.60000000
v -3.35795700 4.75323400 4.60000000
v 4.80345600 -3.39545900 4.60000000
v 4.17372500 -4.13760500 4.60000000
v 4.19669500 -4.15931700 4.60000000
v 4.78970900 -3.38061800 4.60000000
v 4.15682600 -4.12804400 4.60000000
v 4.83174600 -3.41456800 4.60000000
v 4.30630300 -4.36166000 4.60000000
v 4.78064200 -3.36332600 4.60000000
v 4.13129400 -4.12326100 4.60000000
v 4.14423400 -4.12429700 4.60000000
v 4.77776700 -3.35073300 4.60000000
v 4.11269400 -4.12636800 4.60000000
v 4.77806200 -3.33199000 4.60000000
v 4.78114900 -3.31809000 4.60000000
v 4.78669800 -3.30312000 4.60000000
v -3.77906200 5.28513400 4.60000000
v -3.70756600 5.14651900 4.60000000
v -3.61661800 5.05190700 4.60000000
v 4.80564200 -3.26970400 4.60000000
v 5.67149600 -4.11889600 4.60000000
v 5.12636300 -3.51028300 4.60000000
v 5.48294100 -3.82352000 4.60000000
v 5.35877900 -3.67388600 4.60000000
v 5.24418500 -3.56808400 4.60000000
v 5.23446700 -2.52695600 4.60000000
v 5.25874700 -2.48765100 4.60000000
v -2.49426400 5.30081100 4.60000000
v -3.34461400 4.81491900 4.60000000
v -3.34200900 4.79556800 4.60000000
v -2.50687500 5.31557500 4.60000000
v -3.35245700 4.83356600 4.60000000
v -2.48371400 5.29298300 4.60000000
v -2.47190900 5.28758400 4.60000000
v -3.34361400 4.78275100 4.60000000
v -2.52103300 5.34383400 4.60000000
v -3.37250500 4.86119800 4.60000000
v -2.45336800 5.28414200 4.60000000
v -3.35030200 4.76524000 4.60000000
v -2.42940300 5.28590900 4.60000000
v -2.38553900 5.30041100 4.60000000
v -2.55482600 5.57146200 4.60000000
v -2.57129300 5.68146000 4.60000000
v 6.00915500 -2.83106800 4.60000000
v 5.62169700 -2.69945500 4.60000000
v 5.71214400 -2.75755600 4.60000000
v -3.13706400 6.35187000 4.60000000
v -3.53629000 6.61397400 4.60000000
v -3.95972400 6.36950400 4.60000000
v -3.92071700 5.81026200 4.60000000
v -2.78350500 6.03133400 4.60000000
v -2.60323300 5.78410500 4.60000000
v -3.84455900 5.46821000 4.60000000
v -1.57961000 5.59374500 4.60000000
v -1.54361900 5.60716700 4.60000000
v -1.52974500 5.61506800 4.60000000
v 5.29238500 -2.46161200 4.60000000
v 5.30489900 -2.45816000 4.60000000
v 5.31801300 -2.45737400 4.60000000
v 5.33716300 -2.46057900 4.60000000
v 5.27596900 -2.47089300 4.60000000
v 5.36617300 -2.47312600 4.60000000
v 5.53837600 -2.62577700 4.60000000
v -1.74353400 6.25891600 4.60000000
v -1.72375900 6.10420800 4.60000000
v -1.67065500 5.98419600 4.60000000
v 6.29214800 -1.61951300 4.60000000
v 6.46000000 -1.71765700 4.60000000
v 7.12756300 -2.33406200 4.60000000
v 6.48603400 -2.84934900 4.60000000
v 6.96033600 -2.79351400 4.60000000
v 6.73820800 -1.93073100 4.60000000
v -0.51437400 5.81414600 4.60000000
v -0.52362070 5.82325700 4.60000000
v -1.50028000 5.64939400 4.60000000
v -1.50617200 5.63789900 4.60000000
v -0.53085760 5.83422100 4.60000000
v -1.49611000 5.66846900 4.60000000
v -0.49812870 5.80457000 4.60000000
v -1.51844600 5.62373200 4.60000000
v -0.53765800 5.85240800 4.60000000
v -1.49710200 5.68867400 4.60000000
v -0.47500480 5.79803400 4.60000000
v -0.54129700 5.88380500 4.60000000
v -1.50649000 5.72149700 4.60000000
v -0.42882570 5.79666000 4.60000000
v -0.49519860 6.10926300 4.60000000
v -0.47305170 6.21826000 4.60000000
v 6.61504100 -0.60508120 4.60000000
v -0.55280120 6.61961500 4.60000000
v -0.46795860 6.32563900 4.60000000
v -1.69704200 6.80082500 4.60000000
v -1.74246600 6.45335300 4.60000000
v 0.42882570 5.79666000 4.60000000
v 0.46723710 5.79696200 4.60000000
v -0.77540800 7.04174400 4.60000000
v -1.54242500 7.33968200 4.60000000
v 0.48297620 5.79964200 4.60000000
v 5.81379100 0.50427910 4.60000000
v 5.82408800 0.49648020 4.60000000
v 5.80197000 0.51882630 4.60000000
v 5.79540000 0.53145850 4.60000000
v 5.84214900 0.48906170 4.60000000
v 5.79002800 0.54649320 4.60000000
v 5.86222000 0.48652990 4.60000000
v -1.06091400 7.42458500 4.60000000
v 5.78306000 0.58426850 4.60000000
v 5.89617400 0.49007580 4.60000000
v 6.18338800 0.60612950 4.60000000
v 0.50228920 6.47778100 4.60000000
v 0.46795860 6.32563900 4.60000000
v 0.47681310 6.19470200 4.60000000
v 5.63413100 1.42889000 4.60000000
v 6.46659100 0.63019670 4.60000000
v 6.31079900 0.63758650 4.60000000
v 5.62746500 1.47460600 4.60000000
v 1.51719200 5.62488200 4.60000000
v 0.51293620 5.81303400 4.60000000
v 0.49655730 5.80391800 4.60000000
v 1.50520200 5.63943700 4.60000000
v 0.52240470 5.82182000 4.60000000
v 1.53668600 5.61083100 4.60000000
v 1.49962900 5.65116100 4.60000000
v 1.49657800 5.66393900 4.60000000
v 0.53284680 5.83831800 4.60000000
v 1.57961000 5.59374500 4.60000000
v 1.49640800 5.68335500 4.60000000
v 0.53882540 5.85764400 4.60000000
v 1.50372700 5.71410300 4.60000000
v 0.54122940 5.89169800 4.60000000
v 6.65788800 0.59538080 4.60000000
v 6.99219300 0.49030940 4.60000000
v 7.06941300 -0.45915820 4.60000000
v 1.62415700 5.91019700 4.60000000
v 2.38553900 5.30041100 4.60000000
v 1.68224700 6.00504600 4.60000000
v 2.42173700 5.28755800 4.60000000
v 2.43744300 5.28469300 4.60000000
v 7.49601500 0.24446950 4.60000000
v 7.49601500 -0.24446950 4.60000000
v 5.26412500 2.48155100 4.60000000
v 5.62988600 1.49851400 4.60000000
v 5.27461900 2.47192800 4.60000000
v 5.25393500 2.49384200 4.60000000
v 5.29070300 2.46230100 4.60000000
v 5.63649600 1.51617500 4.60000000
v 5.23446700 2.52695600 4.60000000
v 5.30304600 2.45849400 4.60000000
v 5.64386300 1.52686400 4.60000000
v 5.65340400 1.53589500 4.60000000
v 5.32255600 2.45770000 4.60000000
v 5.67013400 1.54575000 4.60000000
v 5.34228200 2.46218600 4.60000000
v 5.70042200 1.55478600 4.60000000
v 5.37297500 2.47713100 4.60000000
v 5.93045900 1.54853800 4.60000000
v 4.80564200 3.26970400 4.60000000
v 4.78374200 3.31038300 4.60000000
v 3.36303000 4.74687900 4.60000000
v 3.39752200 4.71614300 4.60000000
v 3.34951700 4.76675000 4.60000000
v 2.47017700 5.28703000 4.60000000
v 2.45166800 5.28406600 4.60000000
v 6.42305500 1.69388700 4.60000000
v 6.04164600 1.54565400 4.60000000
v 6.14827900 1.55928500 4.60000000
v 3.34322800 4.78452800 4.60000000
v 2.48208000 5.29204800 4.60000000
v 3.34200100 4.79745100 4.60000000
v 3.34350500 4.81050100 4.60000000
v 2.49753500 5.30398000 4.60000000
v 1.74457800 6.40947300 4.60000000
v 1.72375900 6.10420800 4.60000000
v 0.73132110 6.97110700 4.60000000
v 0.56979450 6.66012600 4.60000000
v 3.34998600 4.82880500 4.60000000
v 2.50976300 5.32009600 4.60000000
v 4.05452100 4.16485500 4.60000000
v 3.36737900 4.85519500 4.60000000
v 2.52366900 5.35127400 4.60000000
v 4.08414000 4.14039700 4.60000000
v 4.09791900 4.13233200 4.60000000
v 4.77784100 3.33367700 4.60000000
v 4.11107200 4.12687800 4.60000000
v 4.12947800 4.12333300 4.60000000
v 4.77801100 3.35253400 4.60000000
v 4.14237900 4.12397800 4.60000000
v 4.78127800 3.36509700 4.60000000
v 4.78715500 3.37684700 4.60000000
v 5.60317600 2.68441900 4.60000000
v 4.16098300 4.12990400 4.60000000
v 4.79950500 3.39183000 4.60000000
v 4.17798500 4.14086600 4.60000000
v 4.82487600 3.41067900 4.60000000
v 4.20171700 4.16540700 4.60000000
v 5.04317800 3.48348600 4.60000000
v 3.54761500 4.99827500 4.60000000
v 2.56677100 5.65803600 4.60000000
v 1.67977300 6.88228000 4.60000000
v 1.06091400 7.42458500 4.60000000
v 2.68752900 5.91533000 4.60000000
v 2.60323300 5.78410500 4.60000000
v 5.86106800 2.80389600 4.60000000
v 5.71214400 2.75755600 4.60000000
v 3.63464200 5.06753500 4.60000000
v 4.34713800 4.43892800 4.60000000
v 1.54242500 7.33968200 4.60000000
v 6.05273600 2.83660700 4.60000000
v 4.54861300 4.63940300 4.60000000
v 5.14864500 3.51880500 4.60000000
v 4.42452000 4.54492300 4.60000000
v 5.45635400 3.78854700 4.60000000
v 5.24418500 3.56808400 4.60000000
v 6.40281700 2.85221100 4.60000000
v 6.80011600 1.98641400 4.60000000
v 3.83153600 5.42625300 4.60000000
v 2.81332900 6.06359000 4.60000000
v 3.70756600 5.14651900 4.60000000
v 3.07147600 6.30057200 4.60000000
v 4.71753500 4.73569600 4.60000000
v 6.96033600 2.79351400 4.60000000
v 7.12756300 2.33406200 4.60000000
v 3.93234900 5.89271200 4.60000000
v 5.04116600 4.87009400 4.60000000
v 5.71062600 4.19239500 4.60000000
v 3.53629000 6.61397400 4.60000000
v 3.95972400 6.36950400 4.60000000
v 5.58513800 5.00562000 4.60000000
v 5.89942200 4.63107100 4.60000000
v 6.19715400 -2.55489800 2.87500000
v 6.09775200 -2.47304000 2.87500000
v 6.30217600 -2.28359500 3.45000000
v 6.19931500 -2.20612800 3.45000000
v 6.39532600 -2.00799100 4.02500000
v 6.28920200 -1.93505900 4.02500000
v 6.41548200 -1.46290900 2.87500000
v 6.54384500 -1.45269300 2.87500000
v 6.47291600 -1.18316100 3.45000000
v 6.60071500 -1.16738500 3.45000000
v 6.51815800 -0.90118440 4.02500000
v 6.64515200 -0.87987820 4.02500000
v 6.65496100 -3.45853900 2.87500000
v 6.57822600 -3.60235300 2.87500000
v 6.72833800 -3.31352900 3.45000000
v 6.79876100 -3.16652100 3.45000000
v 6.86577600 -3.01846300 4.02500000
v 6.92975400 -2.86853800 4.02500000
v 6.99045900 -2.71725700 4.02500000
v 7.43650800 -0.97383300 2.87500000
v 7.41358700 -1.13521900 2.87500000
v 7.45586300 -0.81247130 3.45000000
v 7.47175900 -0.65024290 3.45000000
v 7.48409400 -0.48819340 4.02500000
v 7.49293600 -0.32542800 4.02500000
v 7.49823900 -0.16250900 4.02500000
v 5.52823700 -3.56890900 2.87500000
v 5.65235200 -3.60321200 2.87500000
v 5.67788600 -3.32567500 3.45000000
v 5.80337400 -3.35456100 3.45000000
v 5.81684100 -3.07617800 4.02500000
v 5.94346400 -3.09959100 4.02500000
v 6.69724700 -0.28126730 2.87500000
v 6.57584200 -0.23834380 2.87500000
v 6.70314300 0.00959366 3.45000000
v 6.57999100 0.04720895 3.45000000
v 6.69641400 0.30043660 4.02500000
v 6.57174600 0.33267280 4.02500000
v 5.13103200 -3.29803900 2.87500000
v 5.26930300 -3.07229500 3.45000000
v 5.12250600 -2.92327000 3.45000000
v 4.99083900 -3.14278400 2.87500000
v 5.39764800 -2.84076500 4.02500000
v 5.24452300 -2.69824900 4.02500000
v 4.87184500 -3.23264200 2.58750000
v 4.88143900 -3.23327200 2.58750000
v 5.17913600 -2.68945200 4.02500000
v 5.23627800 -2.57643000 4.31250000
v 5.25034200 -2.57269400 4.31250000
v 5.25993700 -2.57207300 4.31250000
v 6.09509900 -0.23306160 2.87500000
v 6.09947100 0.03162655 3.45000000
v 5.89788000 -0.02421962 3.45000000
v 5.89127400 -0.28010800 2.87500000
v 6.09235400 0.29625510 4.02500000
v 5.89337600 0.23171440 4.02500000
v 5.84099700 -0.39676450 2.58750000
v 5.83608400 -0.39362260 2.58750000
v 5.83149500 -0.39004860 2.58750000
v 5.82331700 -0.38154660 2.58750000
v 5.83022600 -0.25508900 2.87500000
v 5.83038800 0.25134650 4.02500000
v 5.84306700 0.36501520 4.31250000
v 5.83778800 0.36749260 4.31250000
v 5.83277300 0.37044030 4.31250000
v 5.82356100 0.37780850 4.31250000
v 4.61379800 -3.53525400 2.87500000
v 4.43424200 -3.75801200 2.87500000
v 4.59312700 -3.56206900 3.45000000
v 4.76284900 -3.33173000 3.45000000
v 4.74336100 -3.35941700 4.02500000
v 4.90292800 -3.12193000 4.02500000
v 5.05061600 -2.87687900 4.02500000
v 5.80679200 0.25753080 2.87500000
v 5.81243000 -0.02852858 2.87500000
v 5.80819400 0.22370180 3.45000000
v 5.79014900 0.50924710 3.45000000
v 5.79301700 0.47551090 4.02500000
v 5.76259900 0.76000430 4.02500000
v 5.71821900 1.04265600 4.02500000
v 4.51930800 -4.09639000 2.87500000
v 4.69279500 -3.89643700 3.45000000
v 4.50247000 -3.80963700 3.45000000
v 4.33292800 -4.00141300 2.87500000
v 4.85744300 -3.68914500 4.02500000
v 4.66353100 -3.61068500 4.02500000
v 4.21942800 -4.05846000 2.58750000
v 4.21768400 -4.05289500 2.58750000
v 4.21646600 -4.04720700 2.58750000
v 4.21566600 -4.03543800 2.58750000
v 4.30224400 -3.94300600 2.87500000
v 4.62789900 -3.55515900 4.02500000
v 4.71067700 -3.47623400 4.31250000
v 4.70822500 -3.47094200 4.31250000
v 4.70627800 -3.46546100 4.31250000
v 4.70395700 -3.45389500 4.31250000
v 6.05053700 0.77171960 2.87500000
v 6.01135300 1.03352800 3.45000000
v 5.80310900 1.05332900 3.45000000
v 5.84334700 0.80053760 2.87500000
v 5.96084700 1.29338900 4.02500000
v 5.75193900 1.30413600 4.02500000
v 5.80010500 0.64450010 2.58750000
v 5.80995200 0.65521420 2.58750000
v 5.81770700 0.66089840 2.58750000
v 5.78475400 0.77021240 2.87500000
v 5.69619500 1.26884500 4.02500000
v 5.66731900 1.39215500 4.31250000
v 5.67569100 1.40405700 4.31250000
v 5.68264200 1.41070000 4.31250000
v 4.94959300 -4.52037000 2.87500000
v 4.88418300 -4.40945200 2.87500000
v 5.14107300 -4.30134800 3.45000000
v 5.07091100 -4.19337300 3.45000000
v 5.32286800 -4.07422400 4.02500000
v 5.24808700 -3.96939400 4.02500000
v 6.52892500 0.81953920 2.87500000
v 6.64605300 0.87304160 2.87500000
v 6.48721600 1.10206000 3.45000000
v 6.60191200 1.16059400 3.45000000
v 6.43328800 1.38250500 4.02500000
v 6.54533600 1.44596100 4.02500000
v 5.07072800 -5.52609400 2.87500000
v 4.94943300 -5.63499000 2.87500000
v 5.18927600 -5.41492500 3.45000000
v 5.30573100 -5.30086900 3.45000000
v 5.41934400 -5.18466100 4.02500000
v 5.53074100 -5.06565900 4.02500000
v 5.63952600 -4.94426400 4.02500000
v 7.32110200 1.62833200 2.87500000
v 7.35476100 1.46883900 2.87500000
v 7.28410100 1.78658200 3.45000000
v 7.24355300 1.94446400 3.45000000
v 7.19972000 2.10095900 4.02500000
v 7.15236000 2.25693300 4.02500000
v 7.10162100 2.41184000 4.02500000
v 3.97420400 -5.24444600 2.87500000
v 4.07910300 -5.31913000 2.87500000
v 4.19802000 -5.06706400 3.45000000
v 4.30606000 -5.13712700 3.45000000
v 4.41392800 -4.88013800 4.02500000
v 4.52490700 -4.94544700 4.02500000
v 6.38955200 2.02628800 2.87500000
v 6.26078900 2.02510100 2.87500000
v 6.29561300 2.30162500 3.45000000
v 6.16702300 2.29485100 3.45000000
v 6.18981600 2.57262700 4.02500000
v 6.06164000 2.56028000 4.02500000
v 3.69359700 -4.85405900 2.87500000
v 3.90073800 -4.68922100 3.45000000
v 4.10053100 -4.51555000 4.02500000
v 4.00538400 -4.32925700 4.02500000
v 3.81376400 -4.49897500 3.45000000
v 3.48120800 -4.70783300 2.58750000
v 3.94694900 -4.29862700 4.02500000
v 4.03930100 -4.21196500 4.31250000
v 4.05379500 -4.21326400 4.31250000
v 4.06302300 -4.21596200 4.31250000
v 3.38505900 -4.73902300 2.44375000
v 3.40613000 -4.76502500 2.37187500
v 3.60580800 -4.61080500 2.94687500
v 3.61496000 -4.66021900 2.87500000
v 3.44785700 -4.69292000 2.62343700
v 3.53616100 -4.66387400 2.74921900
v 5.80723100 1.86564000 2.87500000
v 5.72081100 2.11586100 3.45000000
v 5.55047700 1.99443500 3.45000000
v 5.63178900 1.75171900 2.87500000
v 5.62361500 2.36209700 4.02500000
v 5.45871100 2.23339400 4.02500000
v 5.61875200 1.62617400 2.58750000
v 5.61321700 1.62796300 2.58750000
v 5.60262500 1.63315500 2.58750000
v 5.56586600 1.75434900 2.87500000
v 5.39280700 2.23029900 4.02500000
v 5.36584500 2.34144900 4.31250000
v 5.36003600 2.34197100 4.31250000
v 5.35431600 2.34302600 4.31250000
v 5.34313900 2.34679900 4.31250000
v 3.12642400 -4.90006400 2.87500000
v 2.88150900 -5.04797600 2.87500000
v 3.09782800 -4.91819200 3.45000000
v 3.33609500 -4.75979200 3.45000000
v 3.30831300 -4.77914400 4.02500000
v 3.53948300 -4.61055500 4.02500000
v 3.76207600 -4.43079400 4.02500000
v 5.36851900 2.22804000 2.87500000
v 5.47165500 1.96116000 2.87500000
v 5.38140600 2.19673000 3.45000000
v 5.26678700 2.45888300 3.45000000
v 5.28102100 2.42816300 4.02500000
v 5.15513500 2.68509500 4.02500000
v 5.01675800 2.93552200 4.02500000
v 2.84571200 -5.39504100 2.87500000
v 3.07712500 -5.26648400 3.45000000
v 2.92796500 -5.11982300 3.45000000
v 2.70305600 -5.24204700 2.87500000
v 3.30274200 -5.12800600 4.02500000
v 3.14735800 -4.98795600 4.02500000
v 2.57715500 -5.25100900 2.58750000
v 2.57795500 -5.24524700 2.58750000
v 2.58123000 -5.23391400 2.58750000
v 2.69419900 -5.17666800 2.87500000
v 3.13286700 -4.92359100 4.02500000
v 3.23764600 -4.87773700 4.31250000
v 3.23715200 -4.87192600 4.31250000
v 3.23719700 -4.86611000 4.31250000
v 3.23897200 -4.85444800 4.31250000
v 5.42170100 2.79458500 2.87500000
v 5.29533700 3.02720200 3.45000000
v 5.09287900 2.97458500 3.45000000
v 5.21715000 2.75080200 2.87500000
v 5.15899800 3.25411800 4.02500000
v 4.95901400 3.19276600 4.02500000
v 5.22988400 2.58938500 2.58750000
v 5.23547300 2.60282100 2.58750000
v 5.24081500 2.61081400 2.58750000
v 5.17246200 2.70226500 2.87500000
v 4.91870200 3.14053700 4.02500000
v 4.84939300 3.24653500 4.31250000
v 4.85318900 3.26058300 4.31250000
v 4.85744900 3.26920300 4.31250000
v 3.10503900 -5.94061900 2.87500000
v 3.08150900 -5.81401800 2.87500000
v 3.35988000 -5.80029600 3.45000000
v 3.33088000 -5.67483500 3.45000000
v 3.60839300 -5.64904600 4.02500000
v 3.57397600 -5.52496200 4.02500000
v 5.85488400 3.00313900 2.87500000
v 5.94664900 3.09347500 2.87500000
v 5.71906300 3.25435600 3.45000000
v 5.80682200 3.34858900 3.45000000
v 5.57246900 3.49944400 4.02500000
v 5.65605600 3.59739500 4.02500000
v 2.87489000 -6.92712100 2.87500000
v 2.72366500 -6.98796400 2.87500000
v 3.02431100 -6.86320200 3.45000000
v 3.17275300 -6.79585500 3.45000000
v 3.31925900 -6.72551200 4.02500000
v 3.46463900 -6.65178700 4.02500000
v 3.60838300 -6.57492000 4.02500000
v 6.32266300 4.03409600 2.87500000
v 6.40884200 3.89573400 2.87500000
v 6.23376900 4.17014700 3.45000000
v 6.14166800 4.30463900 3.45000000
v 6.04695300 4.43670500 4.02500000
v 5.94910300 4.56707400 4.02500000
v 5.84844300 4.69528600 4.02500000
v 1.94082500 -6.28742500 2.87500000
v 2.01385300 -6.39348300 2.87500000
v 2.21181000 -6.19729000 3.45000000
v 2.28937200 -6.30007900 3.45000000
v 2.47863000 -6.09548200 4.02500000
v 2.56057900 -6.19480900 4.02500000
v 5.31118400 4.08944400 2.87500000
v 5.19059200 4.04428800 2.87500000
v 5.12873900 4.31604700 3.45000000
v 5.01022000 4.26570100 3.45000000
v 4.93663400 4.53452000 4.02500000
v 4.82041100 4.47907900 4.02500000
v 1.81066000 -5.82460800 2.87500000
v 2.06168700 -5.74055700 3.45000000
v 2.04502500 -5.53203800 3.45000000
v 1.80306200 -5.61556200 2.87500000
v 2.30883000 -5.64569300 4.02500000
v 2.28313700 -5.43809300 4.02500000
v 1.65414800 -5.60790900 2.58750000
v 1.66109200 -5.61455900 2.58750000
v 2.23870200 -5.38932400 4.02500000
v 2.35512500 -5.33947500 4.31250000
v 2.36830000 -5.34565300 4.31250000
v 2.37604900 -5.35134500 4.31250000
v 4.81892600 3.73931900 2.87500000
v 4.65213700 3.94489200 3.45000000
v 4.53360600 3.77253100 3.45000000
v 4.69302800 3.57226300 2.87500000
v 4.47658500 4.14303400 4.02500000
v 4.36564500 3.96569200 4.02500000
v 4.72949900 3.45058200 2.58750000
v 4.72371600 3.44983000 2.58750000
v 4.71790300 3.44961800 2.58750000
v 4.70617300 3.45087500 2.58750000
v 4.63018000 3.55218700 2.87500000
v 4.30477400 3.94024400 4.02500000
v 4.24142200 4.03546900 4.31250000
v 4.23578500 4.03397300 4.31250000
v 4.23004900 4.03300800 4.31250000
v 4.21825600 4.03273100 4.31250000
v 1.26195700 -5.67385400 2.87500000
v 0.98122270 -5.72908000 2.87500000
v 1.22888600 -5.68110900 3.45000000
v 1.50695900 -5.61375400 3.45000000
v 1.47423400 -5.62243600 4.02500000
v 1.74912300 -5.54307900 4.02500000
v 2.01977400 -5.45029100 4.02500000
v 4.28272300 3.92981400 2.87500000
v 4.47091800 3.71430400 2.87500000
v 4.30554200 3.90480000 3.45000000
v 4.10817400 4.11194200 3.45000000
v 4.13205600 4.08794200 4.02500000
v 3.92588600 4.28632400 4.02500000
v 3.71020300 4.47432100 4.02500000
v 0.82888190 -6.04297100 2.87500000
v 1.09030800 -6.00131500 3.45000000
v 1.00030400 -5.81248300 3.45000000
v 0.74715640 -5.85041300 2.87500000
v 1.34968100 -5.94835400 4.02500000
v 1.25156800 -5.76360500 4.02500000
v 0.62354180 -5.82115700 2.58750000
v 0.62578290 -5.81577300 2.58750000
v 0.62850550 -5.81063200 2.58750000
v 0.63545830 -5.80110300 2.58750000
v 0.76119450 -5.78594700 2.87500000
v 1.25996400 -5.69816600 4.02500000
v 1.37410800 -5.69091400 4.31250000
v 1.37563100 -5.68528400 4.31250000
v 1.37766300 -5.67983400 4.31250000
v 1.38332000 -5.66948200 4.31250000
v 4.13892800 4.48038200 2.87500000
v 3.94062500 4.65575200 3.45000000
v 3.76837200 4.53706300 3.45000000
v 3.96168800 4.36927900 2.87500000
v 3.73489900 4.82235200 4.02500000
v 3.56795800 4.69630100 4.02500000
v 4.02886200 4.22195200 2.58750000
v 4.02951800 4.23648800 2.58750000
v 4.03180500 4.24582700 2.58750000
v 3.93629500 4.30838500 2.87500000
v 3.54794100 4.63343500 4.02500000
v 3.44655800 4.70933500 4.31250000
v 3.44532100 4.72383400 4.31250000
v 3.44637600 4.73339100 4.31250000
v 0.88597040 -6.64434200 2.87500000
v 0.90716020 -6.51732900 2.87500000
v 1.17343700 -6.59964200 3.45000000
v 1.18909500 -6.47182800 3.45000000
v 1.45869200 -6.54251000 4.02500000
v 1.46879000 -6.41413800 4.02500000
v 4.47465700 4.82451600 2.87500000
v 4.52999200 4.94078900 2.87500000
v 4.26110500 5.01412900 3.45000000
v 4.31134300 5.13269400 3.45000000
v 4.03952700 5.19429800 4.02500000
v 4.08457300 5.31493100 4.02500000
v 0.33229780 -7.49263500 2.87500000
v 0.16938360 -7.49808700 2.87500000
v 0.49456900 -7.48367600 3.45000000
v 0.65709310 -7.47116000 3.45000000
v 0.81882270 -7.45516800 4.02500000
v 0.98065070 -7.43561200 4.02500000
v 1.14201500 -7.41254300 4.02500000
v 4.56161800 5.95328800 2.87500000
v 4.68992200 5.85274600 2.87500000
v 4.43155200 6.05073100 3.45000000
v 4.29900600 6.14561200 3.45000000
v 4.16483500 6.23731900 4.02500000
v 4.02829700 6.32635900 4.02500000
v 3.88985600 6.41241100 4.02500000
v -0.32664740 -6.57204800 2.87500000
v -0.29429690 -6.69668700 2.87500000
v -0.04117610 -6.58003200 3.45000000
v -0.00344790 -6.70314900 3.45000000
v 0.24437280 -6.57562100 4.02500000
v 0.28740760 -6.69698600 4.02500000
v 3.59220800 5.65935200 2.87500000
v 3.49433300 5.57567500 2.87500000
v 3.34326300 5.80988900 3.45000000
v 3.24911100 5.72204400 3.45000000
v 3.08802100 5.94948300 4.02500000
v 2.99777000 5.85763500 4.02500000
v -0.29066930 -6.09262300 2.87500000
v -0.02603426 -6.09949800 3.45000000
v 0.02962705 -5.89785500 3.45000000
v -0.22631100 -5.89358600 2.87500000
v 0.23864980 -6.09488300 4.02500000
v 0.28550930 -5.89101500 4.02500000
v -0.37246900 -5.82390500 2.58750000
v -0.36362760 -5.83546300 2.58750000
v -0.35937630 -5.84408600 2.58750000
v -0.24600080 -5.83061600 2.87500000
v 0.38688560 -5.82296500 4.31250000
v 0.39715290 -5.83327700 4.31250000
v 0.40248790 -5.84127600 4.31250000
v 3.24938700 5.16198000 2.87500000
v 3.02234600 5.29811000 3.45000000
v 2.96991500 5.09560400 3.45000000
v 3.18821800 4.96193900 2.87500000
v 2.78961300 5.42426100 4.02500000
v 2.74601700 5.21967000 4.02500000
v 3.25892900 4.85738600 2.58750000
v 3.25353900 4.85519800 2.58750000
v 3.24208800 4.85236700 2.58750000
v 3.13602600 4.92157900 2.87500000
v 2.69752200 5.17493800 4.02500000
v 2.60542100 5.24275200 4.31250000
v 2.60063600 5.23941900 4.31250000
v 2.59557600 5.23655000 4.31250000
v 2.58458900 5.23225600 4.31250000
v -0.75472060 -5.76329400 2.87500000
v -1.03741300 -5.71917200 2.87500000
v -0.78827890 -5.75880000 3.45000000
v -0.50393830 -5.79061300 3.45000000
v -0.53766000 -5.78758000 4.02500000
v -0.25220670 -5.80702600 4.02500000
v 0.03385767 -5.81240100 4.02500000
v 2.68036800 5.15759500 2.87500000
v 2.93092100 5.01944800 2.87500000
v 2.71036500 5.14189400 3.45000000
v 2.45405300 5.26904000 3.45000000
v 2.48470400 5.25465500 4.02500000
v 2.22311700 5.37055900 4.02500000
v 1.95614300 5.47345100 4.02500000
v -1.28792400 -5.96203000 2.87500000
v -1.02801600 -6.01229800 3.45000000
v -1.04800800 -5.80407200 3.45000000
v -1.29886200 -5.75313200 2.87500000
v -0.76617190 -6.05124200 4.02500000
v -0.79517980 -5.84407900 4.02500000
v -1.40501500 -5.68336200 2.58750000
v -1.40106800 -5.67906900 2.58750000
v -1.39675100 -5.67517000 2.58750000
v -1.38695900 -5.66859300 2.58750000
v -1.26362200 -5.69735600 2.87500000
v -0.76490840 -5.78545700 4.02500000
v -0.65516820 -5.81768200 4.31250000
v -0.65181170 -5.81291300 4.31250000
v -0.64803800 -5.80848600 4.31250000
v -0.63918200 -5.80069400 4.31250000
v 2.35694000 5.62577900 2.87500000
v 2.11061500 5.72274900 3.45000000
v 1.98934500 5.55230400 3.45000000
v 2.22838800 5.46075600 2.87500000
v 1.86031500 5.80893900 4.02500000
v 1.74655500 5.63339300 4.02500000
v 2.33754400 5.35917300 2.58750000
v 2.33649900 5.36873100 2.58750000
v 1.74924600 5.56747200 4.02500000
v 1.62801800 5.60412000 4.31250000
v 1.62189600 5.61732100 4.31250000
v 1.61961900 5.62666300 4.31250000
v -1.43995900 -6.54665900 2.87500000
v -1.37660600 -6.43455300 2.87500000
v -1.15454100 -6.60297400 3.45000000
v -1.09611200 -6.48822400 3.45000000
v -0.86694780 -6.64685100 4.02500000
v -0.81355290 -6.52967400 4.02500000
v 2.55472100 6.06398500 2.87500000
v 2.56695000 6.19217200 2.87500000
v 2.28919600 6.16912400 3.45000000
v 2.29585200 6.29772100 3.45000000
v 2.01936000 6.26264300 4.02500000
v 2.02042900 6.39140800 4.02500000
v -2.25037400 -7.15442600 2.87500000
v -2.40532800 -7.10383000 2.87500000
v -2.09482500 -7.20150700 3.45000000
v -1.93782200 -7.24533300 3.45000000
v -1.78037600 -7.28562000 4.02500000
v -1.62161900 -7.32259200 4.02500000
v -1.46209600 -7.35610500 4.02500000
v 2.25037400 7.15442600 2.87500000
v 2.40532800 7.10383000 2.87500000
v 2.09482500 7.20150700 3.45000000
v 1.93782200 7.24533300 3.45000000
v 1.78037600 7.28562000 4.02500000
v 1.62161900 7.32259200 4.02500000
v 1.46209600 7.35610500 4.02500000
v -2.55472100 -6.06398500 2.87500000
v -2.56695000 -6.19217200 2.87500000
v -2.28919600 -6.16912400 3.45000000
v -2.29585200 -6.29772100 3.45000000
v -2.01936000 -6.26264300 4.02500000
v -2.02042900 -6.39140800 4.02500000
v 1.43995900 6.54665900 2.87500000
v 1.37660600 6.43455300 2.87500000
v 1.15454100 6.60297400 3.45000000
v 1.09611200 6.48822400 3.45000000
v 0.86694780 6.64685100 4.02500000
v 0.81355290 6.52967400 4.02500000
v -2.35694000 -5.62577900 2.87500000
v -2.11061500 -5.72274900 3.45000000
v -1.98934500 -5.55230400 3.45000000
v -2.22838800 -5.46075600 2.87500000
v -1.86031500 -5.80893900 4.02500000
v -1.74655500 -5.63339300 4.02500000
v -2.33754400 -5.35917300 2.58750000
v -2.33649900 -5.36873100 2.58750000
v -1.74924600 -5.56747200 4.02500000
v -1.62801800 -5.60412000 4.31250000
v -1.62189600 -5.61732100 4.31250000
v -1.61961900 -5.62666300 4.31250000
v 1.28792400 5.96203000 2.87500000
v 1.02801600 6.01229800 3.45000000
v 1.04800800 5.80407200 3.45000000
v 1.29886200 5.75313200 2.87500000
v 0.76617190 6.05124200 4.02500000
v 0.79517980 5.84407900 4.02500000
v 1.40501500 5.68336200 2.58750000
v 1.40106800 5.67906900 2.58750000
v 1.39675100 5.67517000 2.58750000
v 1.38695900 5.66859300 2.58750000
v 1.26362200 5.69735600 2.87500000
v 0.76490840 5.78545700 4.02500000
v 0.65516820 5.81768200 4.31250000
v 0.65181170 5.81291300 4.31250000
v 0.64803800 5.80848600 4.31250000
v 0.63918200 5.80069400 4.31250000
v -2.68036800 -5.15759500 2.87500000
v -2.93092100 -5.01944800 2.87500000
v -2.71036500 -5.14189400 3.45000000
v -2.45405300 -5.26904000 3.45000000
v -2.48470400 -5.25465500 4.02500000
v -2.22311700 -5.37055900 4.02500000
v -1.95614300 -5.47345100 4.02500000
v 0.75472060 5.76329400 2.87500000
v 1.03741300 5.71917200 2.87500000
v 0.78827890 5.75880000 3.45000000
v 0.50393830 5.79061300 3.45000000
v 0.53766000 5.78758000 4.02500000
v 0.25220670 5.80702600 4.02500000
v -0.03385767 5.81240100 4.02500000
v -3.24938700 -5.16198000 2.87500000
v -3.02234600 -5.29811000 3.45000000
v -2.96991500 -5.09560400 3.45000000
v -3.18821800 -4.96193900 2.87500000
v -2.78961300 -5.42426100 4.02500000
v -2.74601700 -5.21967000 4.02500000
v -3.26410700 -4.86007000 2.58750000
v -3.25892900 -4.85738600 2.58750000
v -3.25353900 -4.85519800 2.58750000
v -3.24208800 -4.85236700 2.58750000
v -3.13602600 -4.92157900 2.87500000
v -2.69752200 -5.17493800 4.02500000
v -2.60542100 -5.24275200 4.31250000
v -2.60063600 -5.23941900 4.31250000
v -2.59557600 -5.23655000 4.31250000
v -2.58458900 -5.23225600 4.31250000
v 0.29066930 6.09262300 2.87500000
v 0.02603426 6.09949800 3.45000000
v -0.02962705 5.89785500 3.45000000
v 0.22631100 5.89358600 2.87500000
v -0.23864980 6.09488300 4.02500000
v -0.28550930 5.89101500 4.02500000
v 0.37246900 5.82390500 2.58750000
v 0.36362760 5.83546300 2.58750000
v 0.35937630 5.84408600 2.58750000
v 0.24600080 5.83061600 2.87500000
v -0.38688560 5.82296500 4.31250000
v -0.39715290 5.83327700 4.31250000
v -0.40248790 5.84127600 4.31250000
v -3.59220800 -5.65935200 2.87500000
v -3.49433300 -5.57567500 2.87500000
v -3.34326300 -5.80988900 3.45000000
v -3.24911100 -5.72204400 3.45000000
v -3.08802100 -5.94948300 4.02500000
v -2.99777000 -5.85763500 4.02500000
v 0.32664740 6.57204800 2.87500000
v 0.29429690 6.69668700 2.87500000
v 0.04117610 6.58003200 3.45000000
v 0.00344790 6.70314900 3.45000000
v -0.24437280 6.57562100 4.02500000
v -0.28740760 6.69698600 4.02500000
v -4.56161800 -5.95328800 2.87500000
v -4.68992200 -5.85274600 2.87500000
v -4.43155200 -6.05073100 3.45000000
v -4.29900600 -6.14561200 3.45000000
v -4.16483500 -6.23731900 4.02500000
v -4.02829700 -6.32635900 4.02500000
v -3.88985600 -6.41241100 4.02500000
v -0.33229780 7.49263500 2.87500000
v -0.16938360 7.49808700 2.87500000
v -0.49456900 7.48367600 3.45000000
v -0.65709310 7.47116000 3.45000000
v -0.81882270 7.45516800 4.02500000
v -0.98065070 7.43561200 4.02500000
v -1.14201500 7.41254300 4.02500000
v -4.47465700 -4.82451600 2.87500000
v -4.52999200 -4.94078900 2.87500000
v -4.26110500 -5.01412900 3.45000000
v -4.31134300 -5.13269400 3.45000000
v -4.03952700 -5.19429800 4.02500000
v -4.08457300 -5.31493100 4.02500000
v -0.88597040 6.64434200 2.87500000
v -0.90716020 6.51732900 2.87500000
v -1.17343700 6.59964200 3.45000000
v -1.18909500 6.47182800 3.45000000
v -1.45869200 6.54251000 4.02500000
v -1.46879000 6.41413800 4.02500000
v -4.13892800 -4.48038200 2.87500000
v -3.94062500 -4.65575200 3.45000000
v -3.73489900 -4.82235200 4.02500000
v -3.56795800 -4.69630100 4.02500000
v -3.76837200 -4.53706300 3.45000000
v -4.03180500 -4.24582700 2.58750000
v -3.54794100 -4.63343500 4.02500000
v -3.44655800 -4.70933500 4.31250000
v -3.44532100 -4.72383400 4.31250000
v -3.44637600 -4.73339100 4.31250000
v -4.07921700 -4.15655500 2.44375000
v -4.10116500 -4.18182100 2.37187500
v -4.00812600 -4.26571200 2.65937500
v -3.96168800 -4.36927900 2.87500000
v -3.91461500 -4.35168500 2.94687500
v -4.02291000 -4.21039300 2.62343800
v -0.82888190 6.04297100 2.87500000
v -1.09030800 6.00131500 3.45000000
v -1.00030400 5.81248300 3.45000000
v -0.74715640 5.85041300 2.87500000
v -1.34968100 5.94835400 4.02500000
v -1.25156800 5.76360500 4.02500000
v -0.62578290 5.81577300 2.58750000
v -0.62850550 5.81063200 2.58750000
v -0.63545830 5.80110300 2.58750000
v -0.76119450 5.78594700 2.87500000
v -1.25996400 5.69816600 4.02500000
v -1.37410800 5.69091400 4.31250000
v -1.37563100 5.68528400 4.31250000
v -1.37766300 5.67983400 4.31250000
v -1.38332000 5.66948200 4.31250000
v -4.28272300 -3.92981400 2.87500000
v -4.47091800 -3.71430400 2.87500000
v -4.30554200 -3.90480000 3.45000000
v -4.10817400 -4.11194200 3.45000000
v -4.13205600 -4.08794200 4.02500000
v -3.92588600 -4.28632400 4.02500000
v -3.71020300 -4.47432100 4.02500000
v -1.26195700 5.67385400 2.87500000
v -0.98122270 5.72908000 2.87500000
v -1.22888600 5.68110900 3.45000000
v -1.50695900 5.61375400 3.45000000
v -1.47423400 5.62243600 4.02500000
v -1.74912300 5.54307900 4.02500000
v -2.01977400 5.45029100 4.02500000
v -4.81892600 -3.73931900 2.87500000
v -4.65213700 -3.94489200 3.45000000
v -4.53360600 -3.77253100 3.45000000
v -4.69302800 -3.57226300 2.87500000
v -4.47658500 -4.14303400 4.02500000
v -4.36564500 -3.96569200 4.02500000
v -4.72949900 -3.45058200 2.58750000
v -4.72371600 -3.44983000 2.58750000
v -4.71790300 -3.44961800 2.58750000
v -4.70617300 -3.45087500 2.58750000
v -4.63018000 -3.55218700 2.87500000
v -4.30477400 -3.94024400 4.02500000
v -4.24142200 -4.03546900 4.31250000
v -4.23578500 -4.03397300 4.31250000
v -4.23004900 -4.03300800 4.31250000
v -4.21825600 -4.03273100 4.31250000
v -1.81066000 5.82460800 2.87500000
v -2.06168700 5.74055700 3.45000000
v -2.30883000 5.64569300 4.02500000
v -2.28313700 5.43809300 4.02500000
v -2.04502500 5.53203800 3.45000000
v -1.66109200 5.61455900 2.58750000
v -2.23870200 5.38932400 4.02500000
v -2.35512500 5.33947500 4.31250000
v -2.36830000 5.34565300 4.31250000
v -2.37604900 5.35134500 4.31250000
v -1.56007400 5.61098300 2.44375000
v -1.57098100 5.64262300 2.37187500
v -1.69015200 5.60399500 2.65937500
v -1.80306200 5.61556200 2.87500000
v -1.81136300 5.56599900 2.94687500
v -1.63485300 5.58913900 2.62343800
v -5.31118400 -4.08944400 2.87500000
v -5.19059200 -4.04428800 2.87500000
v -5.12873900 -4.31604700 3.45000000
v -5.01022000 -4.26570100 3.45000000
v -4.93663400 -4.53452000 4.02500000
v -4.82041100 -4.47907900 4.02500000
v -1.94082500 6.28742500 2.87500000
v -2.01385300 6.39348300 2.87500000
v -2.21181000 6.19729000 3.45000000
v -2.28937200 6.30007900 3.45000000
v -2.47863000 6.09548200 4.02500000
v -2.56057900 6.19480900 4.02500000
v -6.32266300 -4.03409600 2.87500000
v -6.40884200 -3.89573400 2.87500000
v -6.23376900 -4.17014700 3.45000000
v -6.14166800 -4.30463900 3.45000000
v -6.04695300 -4.43670500 4.02500000
v -5.94910300 -4.56707400 4.02500000
v -5.84844300 -4.69528600 4.02500000
v -2.87489000 6.92712100 2.87500000
v -2.72366500 6.98796400 2.87500000
v -3.02431100 6.86320200 3.45000000
v -3.17275300 6.79585500 3.45000000
v -3.31925900 6.72551200 4.02500000
v -3.46463900 6.65178700 4.02500000
v -3.60838300 6.57492000 4.02500000
v -5.85488400 -3.00313900 2.87500000
v -5.94664900 -3.09347500 2.87500000
v -5.71906300 -3.25435600 3.45000000
v -5.80682200 -3.34858900 3.45000000
v -5.57246900 -3.49944400 4.02500000
v -5.65605600 -3.59739500 4.02500000
v -3.10503900 5.94061900 2.87500000
v -3.08150900 5.81401800 2.87500000
v -3.35988000 5.80029600 3.45000000
v -3.33088000 5.67483500 3.45000000
v -3.60839300 5.64904600 4.02500000
v -3.57397600 5.52496200 4.02500000
v -5.42170100 -2.79458500 2.87500000
v -5.29533700 -3.02720200 3.45000000
v -5.09287900 -2.97458500 3.45000000
v -5.21715000 -2.75080200 2.87500000
v -5.15899800 -3.25411800 4.02500000
v -4.95901400 -3.19276600 4.02500000
v -5.22988400 -2.58938500 2.58750000
v -5.23547300 -2.60282100 2.58750000
v -5.24081500 -2.61081400 2.58750000
v -5.17246200 -2.70226500 2.87500000
v -4.91870200 -3.14053700 4.02500000
v -4.84939300 -3.24653500 4.31250000
v -4.85318900 -3.26058300 4.31250000
v -4.85744900 -3.26920300 4.31250000
v -2.84571200 5.39504100 2.87500000
v -3.07712500 5.26648400 3.45000000
v -2.92796500 5.11982300 3.45000000
v -2.70305600 5.24204700 2.87500000
v -3.30274200 5.12800600 4.02500000
v -3.14735800 4.98795600 4.02500000
v -2.57715500 5.25100900 2.58750000
v -2.57795500 5.24524700 2.58750000
v -2.58123000 5.23391400 2.58750000
v -2.69419900 5.17666800 2.87500000
v -3.13286700 4.92359100 4.02500000
v -3.23764600 4.87773700 4.31250000
v -3.23715200 4.87192600 4.31250000
v -3.23719700 4.86611000 4.31250000
v -3.23897200 4.85444800 4.31250000
v -5.36851900 -2.22804000 2.87500000
v -5.47165500 -1.96116000 2.87500000
v -5.38140600 -2.19673000 3.45000000
v -5.26678700 -2.45888300 3.45000000
v -5.28102100 -2.42816300 4.02500000
v -5.15513500 -2.68509500 4.02500000
v -5.01675800 -2.93552200 4.02500000
v -3.12642400 4.90006400 2.87500000
v -2.88150900 5.04797600 2.87500000
v -3.09782800 4.91819200 3.45000000
v -3.33609500 4.75979200 3.45000000
v -3.30831300 4.77914400 4.02500000
v -3.53948300 4.61055500 4.02500000
v -3.76207600 4.43079400 4.02500000
v -5.80723100 -1.86564000 2.87500000
v -5.72081100 -2.11586100 3.45000000
v -5.55047700 -1.99443500 3.45000000
v -5.63178900 -1.75171900 2.87500000
v -5.62361500 -2.36209700 4.02500000
v -5.45871100 -2.23339400 4.02500000
v -5.61875200 -1.62617400 2.58750000
v -5.61321700 -1.62796300 2.58750000
v -5.60262500 -1.63315500 2.58750000
v -5.56586600 -1.75434900 2.87500000
v -5.39280700 -2.23029900 4.02500000
v -5.36584500 -2.34144900 4.31250000
v -5.36003600 -2.34197100 4.31250000
v -5.35431600 -2.34302600 4.31250000
v -5.34313900 -2.34679900 4.31250000
v -3.69359700 4.85405900 2.87500000
v -3.90073800 4.68922100 3.45000000
v -3.81376400 4.49897500 3.45000000
v -3.61496000 4.66021900 2.87500000
v -4.10053100 4.51555000 4.02500000
v -4.00538400 4.32925700 4.02500000
v -3.45820600 4.70078900 2.58750000
v -3.47240800 4.70395900 2.58750000
v -3.48120800 4.70783300 2.58750000
v -3.55940000 4.62463700 2.87500000
v -3.94694900 4.29862700 4.02500000
v -4.03930100 4.21196500 4.31250000
v -4.05379500 4.21326400 4.31250000
v -4.06302300 4.21596200 4.31250000
v -6.38955200 -2.02628800 2.87500000
v -6.26078900 -2.02510100 2.87500000
v -6.29561300 -2.30162500 3.45000000
v -6.16702300 -2.29485100 3.45000000
v -6.18981600 -2.57262700 4.02500000
v -6.06164000 -2.56028000 4.02500000
v -3.97420400 5.24444600 2.87500000
v -4.07910300 5.31913000 2.87500000
v -4.19802000 5.06706400 3.45000000
v -4.30606000 5.13712700 3.45000000
v -4.41392800 4.88013800 4.02500000
v -4.52490700 4.94544700 4.02500000
v -7.32110200 -1.62833200 2.87500000
v -7.35476100 -1.46883900 2.87500000
v -7.28410100 -1.78658200 3.45000000
v -7.24355300 -1.94446400 3.45000000
v -7.19972000 -2.10095900 4.02500000
v -7.15236000 -2.25693300 4.02500000
v -7.10162100 -2.41184000 4.02500000
v -5.07072800 5.52609400 2.87500000
v -4.94943300 5.63499000 2.87500000
v -5.18927600 5.41492500 3.45000000
v -5.30573100 5.30086900 3.45000000
v -5.41934400 5.18466100 4.02500000
v -5.53074100 5.06565900 4.02500000
v -5.63952600 4.94426400 4.02500000
v -6.52892500 -0.81953920 2.87500000
v -6.64605300 -0.87304160 2.87500000
v -6.48721600 -1.10206000 3.45000000
v -6.60191200 -1.16059400 3.45000000
v -6.43328800 -1.38250500 4.02500000
v -6.54533600 -1.44596100 4.02500000
v -4.94959300 4.52037000 2.87500000
v -4.88418300 4.40945200 2.87500000
v -5.14107300 4.30134800 3.45000000
v -5.07091100 4.19337300 3.45000000
v -5.32286800 4.07422400 4.02500000
v -5.24808700 3.96939400 4.02500000
v -6.05053700 -0.77171960 2.87500000
v -6.01135300 -1.03352800 3.45000000
v -5.80310900 -1.05332900 3.45000000
v -5.84334700 -0.80053760 2.87500000
v -5.96084700 -1.29338900 4.02500000
v -5.75193900 -1.30413600 4.02500000
v -5.80010500 -0.64450010 2.58750000
v -5.80995200 -0.65521420 2.58750000
v -5.81770700 -0.66089840 2.58750000
v -5.78475400 -0.77021240 2.87500000
v -5.69619500 -1.26884500 4.02500000
v -5.66731900 -1.39215500 4.31250000
v -5.67569100 -1.40405700 4.31250000
v -5.68264200 -1.41070000 4.31250000
v -4.51930800 4.09639000 2.87500000
v -4.69279500 3.89643700 3.45000000
v -4.50247000 3.80963700 3.45000000
v -4.33292800 4.00141300 2.87500000
v -4.85744300 3.68914500 4.02500000
v -4.66353100 3.61068500 4.02500000
v -4.21768400 4.05289500 2.58750000
v -4.21646600 4.04720700 2.58750000
v -4.21566600 4.03543800 2.58750000
v -4.30224400 3.94300600 2.87500000
v -4.62789900 3.55515900 4.02500000
v -4.71067700 3.47623400 4.31250000
v -4.70822500 3.47094200 4.31250000
v -4.70627800 3.46546100 4.31250000
v -4.70395700 3.45389500 4.31250000
v -5.80679200 -0.25753080 2.87500000
v -5.81243000 0.02852858 2.87500000
v -5.80819400 -0.22370180 3.45000000
v -5.79014900 -0.50924710 3.45000000
v -5.79301700 -0.47551090 4.02500000
v -5.76259900 -0.76000430 4.02500000
v -5.71821900 -1.04265600 4.02500000
v -4.61379800 3.53525400 2.87500000
v -4.43424200 3.75801200 2.87500000
v -4.59312700 3.56206900 3.45000000
v -4.76284900 3.33173000 3.45000000
v -4.74336100 3.35941700 4.02500000
v -4.90292800 3.12193000 4.02500000
v -5.05061600 2.87687900 4.02500000
v -6.09509900 0.23306160 2.87500000
v -6.09947100 -0.03162655 3.45000000
v -5.89788000 0.02421962 3.45000000
v -5.89127400 0.28010800 2.87500000
v -6.09235400 -0.29625510 4.02500000
v -5.89337600 -0.23171440 4.02500000
v -5.83608400 0.39362260 2.58750000
v -5.83149500 0.39004860 2.58750000
v -5.82331700 0.38154660 2.58750000
v -5.83022600 0.25508900 2.87500000
v -5.83038800 -0.25134650 4.02500000
v -5.84306700 -0.36501520 4.31250000
v -5.83778800 -0.36749260 4.31250000
v -5.83277300 -0.37044030 4.31250000
v -5.82356100 -0.37780850 4.31250000
v -5.13103200 3.29803900 2.87500000
v -5.26930300 3.07229500 3.45000000
v -5.12250600 2.92327000 3.45000000
v -4.99083900 3.14278400 2.87500000
v -5.39764800 2.84076500 4.02500000
v -5.24452300 2.69824900 4.02500000
v -4.85741500 3.23452000 2.58750000
v -4.87184500 3.23264200 2.58750000
v -4.88143900 3.23327200 2.58750000
v -4.92646100 3.12835100 2.87500000
v -5.17913600 2.68945200 4.02500000
v -5.23627800 2.57643000 4.31250000
v -5.25034200 2.57269400 4.31250000
v -5.25993700 2.57207300 4.31250000
v -6.69724700 0.28126730 2.87500000
v -6.57584200 0.23834380 2.87500000
v -6.70314300 -0.00959366 3.45000000
v -6.57999100 -0.04720895 3.45000000
v -6.69641400 -0.30043660 4.02500000
v -6.57174600 -0.33267280 4.02500000
v -5.52823700 3.56890900 2.87500000
v -5.65235200 3.60321200 2.87500000
v -5.67788600 3.32567500 3.45000000
v -5.80337400 3.35456100 3.45000000
v -5.81684100 3.07617800 4.02500000
v -5.94346400 3.09959100 4.02500000
v -7.43650800 0.97383300 2.87500000
v -7.41358700 1.13521900 2.87500000
v -7.45586300 0.81247130 3.45000000
v -7.47175900 0.65024290 3.45000000
v -7.48409400 0.48819340 4.02500000
v -7.49293600 0.32542800 4.02500000
v -7.49823900 0.16250900 4.02500000
v -6.65496100 3.45853900 2.87500000
v -6.57822600 3.60235300 2.87500000
v -6.72833800 3.31352900 3.45000000
v -6.79876100 3.16652100 3.45000000
v -6.86577600 3.01846300 4.02500000
v -6.92975400 2.86853800 4.02500000
v -6.99045900 2.71725700 4.02500000
v -6.41548200 1.46290900 2.87500000
v -6.54384500 1.45269300 2.87500000
v -6.47291600 1.18316100 3.45000000
v -6.60071500 1.16738500 3.45000000
v -6.51815800 0.90118440 4.02500000
v -6.64515200 0.87987820 4.02500000
v -6.19715400 2.55489800 2.87500000
v -6.09775200 2.47304000 2.87500000
v -6.30217600 2.28359500 3.45000000
v -6.19931500 2.20612800 3.45000000
v -6.39532600 2.00799100 4.02500000
v -6.28920200 1.93505900 4.02500000
v -5.94958900 1.34422600 2.87500000
v -6.00231200 1.08480500 3.45000000
v -5.81339800 0.99497480 3.45000000
v -5.76475000 1.24628300 2.87500000
v -6.04372900 0.82334110 4.02500000
v -5.85109500 0.74179220 4.02500000
v -5.68366500 1.37142100 2.58750000
v -5.69289700 1.36873200 2.58750000
v -5.78664300 0.75588930 4.02500000
v -5.80168300 0.63013940 4.31250000
v -5.81362100 0.62181860 4.31250000
v -5.82242500 0.61795360 4.31250000
v -5.64780800 2.30365300 2.87500000
v -5.74244500 2.05642300 3.45000000
v -5.53391000 2.03995300 3.45000000
v -5.44018400 2.27815000 2.87500000
v -5.82626600 1.80531900 4.02500000
v -5.61721300 1.79791300 4.02500000
v -5.34949900 2.36594300 2.58750000
v -5.34640800 2.36101400 2.58750000
v -5.34163200 2.35022800 2.58750000
v -5.39137500 2.23376000 2.87500000
v -5.56473800 1.75792200 4.02500000
v -5.61553000 1.65544500 4.31250000
v -5.61141600 1.65131100 4.31250000
v -5.60771200 1.64682600 4.31250000
v -5.60157500 1.63675100 4.31250000
v -5.54468000 1.74404000 2.87500000
v -5.45214000 2.01477600 2.87500000
v -5.53442700 1.77630800 3.45000000
v -5.61513300 1.50181200 3.45000000
v -5.60629000 1.53449400 4.02500000
v -5.67500900 1.25675500 4.02500000
v -5.72997700 0.97596960 4.02500000
f 1 2 3
f 1 4 2
f 5 6 2
f 5 2 4
f 7 5 4
f 7 1 3
f 7 4 1
f 8 6 5
f 9 10 6
f 9 5 7
f 9 6 8
f 9 8 5
f 11 3 10
f 11 7 3
f 11 10 9
f 11 9 7
f 12 13 14
f 12 14 15
f 16 15 17
f 16 12 15
f 18 19 13
f 18 13 12
f 20 18 12
f 20 12 16
f 21 16 17
f 21 22 2
f 23 2 6
f 23 16 21
f 23 20 16
f 23 21 2
f 24 25 19
f 24 26 25
f 24 27 26
f 24 28 27
f 24 19 18
f 24 18 20
f 24 20 23
f 29 28 24
f 29 24 23
f 30 31 28
f 30 28 29
f 30 29 23
f 32 33 31
f 32 34 33
f 32 35 34
f 32 6 35
f 32 23 6
f 32 31 30
f 32 30 23
f 36 14 37
f 36 37 38
f 36 15 14
f 39 22 21
f 39 17 15
f 39 21 17
f 39 15 36
f 40 22 39
f 40 39 36
f 41 38 42
f 41 42 43
f 41 43 44
f 41 36 38
f 41 40 36
f 45 41 44
f 45 22 40
f 45 40 41
f 46 44 47
f 46 47 48
f 46 48 49
f 46 49 50
f 46 50 2
f 46 2 22
f 46 45 44
f 46 22 45
f 51 52 53
f 51 54 52
f 55 56 57
f 58 56 55
f 59 58 55
f 60 61 54
f 60 54 51
f 62 61 60
f 63 58 59
f 64 65 66
f 64 67 65
f 68 69 62
f 70 59 71
f 72 60 73
f 72 62 60
f 74 63 59
f 74 59 70
f 75 74 70
f 76 68 62
f 76 62 72
f 77 78 79
f 80 68 76
f 81 82 83
f 84 80 76
f 84 85 80
f 86 87 74
f 86 74 75
f 88 85 84
f 88 89 85
f 90 89 88
f 90 91 89
f 92 91 90
f 93 91 92
f 93 94 91
f 95 96 67
f 95 83 96
f 95 67 64
f 97 94 93
f 97 98 94
f 97 99 98
f 100 99 97
f 101 86 75
f 101 75 102
f 103 102 104
f 103 101 102
f 105 104 106
f 105 103 104
f 107 105 106
f 107 108 109
f 107 106 108
f 110 109 111
f 110 107 109
f 112 110 111
f 113 111 114
f 113 112 111
f 115 77 79
f 115 79 116
f 117 116 118
f 119 83 95
f 119 95 120
f 121 122 81
f 121 83 119
f 121 81 83
f 123 124 122
f 123 122 121
f 125 115 116
f 126 127 124
f 126 124 123
f 128 129 127
f 128 127 126
f 130 129 128
f 131 132 129
f 131 129 130
f 133 134 132
f 133 135 134
f 133 132 131
f 136 135 133
f 137 125 116
f 137 117 138
f 137 116 117
f 139 140 141
f 142 137 138
f 142 143 137
f 144 145 146
f 144 147 145
f 148 142 138
f 148 138 149
f 150 148 149
f 150 149 151
f 152 150 151
f 152 151 153
f 154 155 156
f 154 153 155
f 154 152 153
f 157 154 156
f 157 156 158
f 159 157 158
f 160 158 161
f 160 159 158
f 162 147 144
f 162 163 147
f 162 141 163
f 164 165 166
f 167 168 169
f 170 141 162
f 170 162 171
f 172 141 170
f 172 139 141
f 172 173 139
f 174 173 172
f 174 175 173
f 176 175 174
f 176 177 175
f 178 177 176
f 178 179 177
f 180 179 178
f 181 179 180
f 181 182 179
f 183 182 181
f 183 184 182
f 183 185 184
f 186 185 183
f 187 166 168
f 187 164 166
f 188 100 189
f 188 190 99
f 188 191 190
f 188 99 100
f 192 187 168
f 193 191 188
f 193 194 191
f 193 114 194
f 193 195 113
f 193 113 114
f 196 197 135
f 196 198 197
f 196 189 198
f 196 188 189
f 199 167 200
f 199 168 167
f 199 192 168
f 201 202 203
f 204 195 193
f 204 205 195
f 204 206 205
f 207 208 199
f 207 199 200
f 209 200 210
f 209 207 200
f 211 210 212
f 211 209 210
f 213 212 214
f 213 211 212
f 215 216 217
f 215 214 216
f 215 213 214
f 218 217 219
f 218 215 217
f 220 218 219
f 221 220 219
f 221 219 222
f 223 196 135
f 223 135 136
f 223 224 225
f 223 136 224
f 226 227 160
f 226 228 227
f 226 206 204
f 226 161 206
f 226 160 161
f 229 230 231
f 229 232 230
f 233 223 225
f 233 185 186
f 233 186 234
f 233 235 185
f 233 225 235
f 236 232 229
f 236 237 232
f 236 203 237
f 238 239 240
f 241 228 226
f 241 242 228
f 241 222 242
f 241 221 222
f 241 243 221
f 244 203 236
f 244 236 245
f 246 203 244
f 246 201 203
f 246 247 201
f 248 247 246
f 248 249 247
f 250 249 248
f 250 251 249
f 252 251 250
f 252 253 251
f 254 253 252
f 255 256 253
f 255 253 254
f 257 258 256
f 257 259 258
f 257 256 255
f 260 259 257
f 261 233 234
f 261 262 259
f 261 263 262
f 261 234 263
f 261 259 260
f 264 265 266
f 267 268 243
f 267 269 268
f 267 270 269
f 267 243 241
f 271 266 239
f 271 264 266
f 272 271 239
f 273 274 275
f 276 272 239
f 276 238 277
f 276 239 238
f 278 277 279
f 280 278 279
f 280 279 281
f 282 280 281
f 282 281 283
f 284 282 283
f 284 285 286
f 284 283 285
f 287 284 286
f 287 286 288
f 289 277 278
f 289 290 276
f 289 276 277
f 291 287 288
f 292 261 260
f 292 293 294
f 292 260 293
f 295 291 288
f 295 288 270
f 296 295 270
f 296 297 295
f 296 298 297
f 296 270 267
f 299 300 301
f 299 294 300
f 299 292 294
f 302 303 304
f 302 305 303
f 306 298 296
f 307 308 309
f 310 311 312
f 313 314 308
f 313 308 307
f 315 316 314
f 315 314 313
f 317 316 315
f 318 319 316
f 318 316 317
f 320 321 319
f 320 301 321
f 320 319 318
f 322 323 305
f 322 275 323
f 322 305 302
f 324 299 301
f 324 301 320
f 325 307 309
f 325 309 273
f 325 273 275
f 326 275 322
f 326 325 275
f 327 299 324
f 328 326 322
f 329 330 306
f 329 306 296
f 331 299 327
f 332 333 334
f 335 331 327
f 336 331 335
f 337 331 336
f 338 339 340
f 341 338 340
f 341 340 342
f 343 339 338
f 343 344 339
f 345 341 342
f 345 346 347
f 345 342 346
f 348 347 349
f 348 345 347
f 350 348 349
f 351 350 349
f 351 349 330
f 351 330 329
f 352 351 329
f 353 354 355
f 356 329 357
f 356 352 329
f 358 332 334
f 358 334 310
f 359 344 343
f 360 358 310
f 361 344 359
f 361 312 344
f 361 360 310
f 361 359 362
f 361 310 312
f 363 356 357
f 364 357 365
f 364 363 357
f 366 367 368
f 369 366 368
f 369 368 370
f 371 367 366
f 372 367 371
f 372 373 367
f 374 370 375
f 374 369 370
f 376 373 372
f 376 377 373
f 376 337 377
f 378 379 331
f 378 331 337
f 378 337 376
f 380 379 378
f 381 354 353
f 381 375 354
f 381 374 375
f 382 381 353
f 383 384 385
f 386 387 388
f 386 389 387
f 390 382 353
f 390 389 386
f 390 391 382
f 390 392 389
f 390 353 392
f 393 379 380
f 394 395 379
f 394 379 393
f 396 395 394
f 44 397 398
f 44 399 397
f 43 399 44
f 43 400 399
f 47 44 398
f 47 398 401
f 42 400 43
f 42 402 400
f 48 47 401
f 49 364 365
f 49 48 401
f 49 401 364
f 38 402 42
f 38 403 402
f 50 49 365
f 2 50 365
f 37 403 38
f 404 405 406
f 407 37 14
f 407 403 37
f 407 383 385
f 407 385 403
f 408 383 407
f 409 410 411
f 412 411 383
f 412 383 408
f 412 409 411
f 3 2 365
f 3 365 413
f 414 3 413
f 415 416 417
f 415 418 416
f 419 417 416
f 419 416 420
f 421 418 415
f 421 422 418
f 421 396 422
f 423 419 420
f 423 420 424
f 425 396 421
f 425 395 396
f 426 423 424
f 426 424 427
f 428 395 425
f 429 426 427
f 429 427 405
f 429 405 404
f 430 429 404
f 431 432 433
f 434 435 430
f 434 430 404
f 434 436 437
f 434 404 436
f 438 439 395
f 438 395 428
f 440 439 438
f 441 437 442
f 441 434 437
f 443 439 440
f 444 445 446
f 447 448 445
f 447 449 448
f 447 445 444
f 450 444 446
f 451 446 414
f 451 414 413
f 451 450 446
f 452 453 449
f 452 449 447
f 454 451 413
f 455 456 453
f 455 453 452
f 457 441 442
f 458 413 459
f 458 454 413
f 460 461 456
f 460 456 455
f 462 461 460
f 463 464 465
f 466 458 459
f 467 461 462
f 467 433 461
f 467 462 468
f 467 431 433
f 469 466 459
f 470 471 472
f 470 443 471
f 473 470 472
f 473 472 474
f 475 443 470
f 475 439 443
f 476 473 474
f 477 474 478
f 477 476 474
f 479 480 439
f 479 439 475
f 481 477 478
f 481 478 482
f 483 482 484
f 483 481 482
f 485 431 467
f 486 487 431
f 486 431 485
f 488 464 463
f 488 484 464
f 488 483 484
f 489 480 479
f 490 488 463
f 491 492 480
f 491 480 489
f 493 492 491
f 494 487 486
f 494 495 487
f 496 469 459
f 496 459 497
f 496 498 469
f 499 498 496
f 500 496 497
f 501 502 498
f 501 498 499
f 503 500 497
f 504 505 502
f 504 506 505
f 504 502 501
f 507 508 506
f 507 506 504
f 509 510 508
f 509 508 507
f 511 512 510
f 511 510 509
f 513 497 514
f 513 503 497
f 515 513 514
f 516 492 493
f 517 492 516
f 518 519 520
f 518 493 519
f 518 516 493
f 521 522 523
f 524 520 525
f 524 518 520
f 526 524 525
f 527 525 528
f 527 526 525
f 529 530 490
f 529 531 532
f 529 463 531
f 529 490 463
f 533 528 534
f 533 527 528
f 535 492 517
f 535 514 492
f 536 534 537
f 536 533 534
f 538 514 535
f 539 515 514
f 539 514 538
f 539 540 515
f 541 540 539
f 542 540 541
f 542 543 540
f 544 545 543
f 544 546 545
f 544 543 542
f 547 512 511
f 548 546 544
f 548 549 546
f 550 549 548
f 550 551 549
f 552 551 550
f 553 551 552
f 554 536 537
f 554 537 555
f 556 529 532
f 556 532 557
f 558 555 559
f 558 554 555
f 560 512 547
f 560 521 523
f 560 523 512
f 560 547 561
f 562 554 558
f 563 553 552
f 564 556 557
f 565 521 560
f 566 567 553
f 566 563 568
f 566 553 563
f 569 570 567
f 569 567 566
f 571 572 521
f 571 521 565
f 573 558 574
f 573 562 558
f 573 575 562
f 576 573 574
f 577 569 566
f 578 572 571
f 578 579 572
f 580 573 576
f 581 569 577
f 581 582 569
f 583 580 576
f 584 580 583
f 585 582 581
f 585 586 582
f 587 461 433
f 587 433 432
f 588 432 589
f 588 590 591
f 588 591 587
f 588 587 432
f 592 593 594
f 592 589 593
f 592 588 589
f 592 595 590
f 592 590 588
f 596 3 414
f 596 414 446
f 596 446 445
f 597 445 448
f 597 596 445
f 598 448 449
f 598 449 453
f 598 453 456
f 598 456 461
f 598 597 448
f 598 587 591
f 598 461 587
f 599 10 3
f 599 591 590
f 599 596 597
f 599 598 591
f 599 597 598
f 599 3 596
f 600 601 10
f 600 602 601
f 600 603 602
f 600 10 599
f 600 590 595
f 600 599 590
f 604 605 603
f 604 603 600
f 604 600 595
f 606 607 605
f 606 608 607
f 606 609 608
f 606 594 609
f 606 592 594
f 606 595 592
f 606 605 604
f 606 604 595
f 610 6 10
f 610 611 6
f 612 613 6
f 612 6 611
f 614 612 611
f 614 610 10
f 614 611 610
f 615 613 612
f 616 617 613
f 616 612 614
f 616 613 615
f 616 615 612
f 618 10 617
f 618 614 10
f 618 617 616
f 618 616 614
f 619 409 412
f 619 412 408
f 620 408 407
f 620 407 14
f 620 619 408
f 621 622 409
f 621 409 619
f 623 14 13
f 623 620 14
f 623 619 620
f 623 621 619
f 624 625 622
f 624 626 625
f 624 622 621
f 627 628 626
f 627 13 628
f 627 626 624
f 627 623 13
f 627 621 623
f 627 624 621
f 629 13 19
f 630 631 13
f 630 13 629
f 632 629 633
f 632 630 629
f 634 635 631
f 634 631 630
f 636 634 630
f 636 630 632
f 637 19 25
f 637 25 26
f 637 26 27
f 637 27 28
f 637 629 19
f 637 633 629
f 638 637 28
f 639 28 31
f 639 638 28
f 640 31 33
f 640 33 34
f 640 34 35
f 640 35 6
f 640 639 31
f 641 6 613
f 641 632 633
f 641 640 6
f 641 638 639
f 641 633 637
f 641 637 638
f 641 639 640
f 642 632 641
f 642 636 632
f 642 641 613
f 643 644 635
f 643 645 644
f 643 646 645
f 643 647 646
f 643 635 634
f 643 634 636
f 643 636 642
f 648 647 643
f 648 643 642
f 649 650 647
f 649 647 648
f 649 648 642
f 651 652 650
f 651 653 652
f 651 654 653
f 651 613 654
f 651 642 613
f 651 650 649
f 651 649 642
f 655 432 431
f 656 431 487
f 656 487 495
f 656 655 431
f 657 589 432
f 657 432 655
f 658 495 659
f 658 655 656
f 658 656 495
f 658 657 655
f 660 661 589
f 660 589 657
f 662 663 661
f 662 659 663
f 662 657 658
f 662 661 660
f 662 660 657
f 662 658 659
f 664 410 409
f 664 665 410
f 666 667 410
f 666 410 665
f 668 666 665
f 668 664 409
f 668 665 664
f 669 667 666
f 670 622 667
f 670 666 668
f 670 667 669
f 670 669 666
f 671 409 622
f 671 668 409
f 671 622 670
f 671 670 668
f 672 495 494
f 672 673 495
f 674 659 495
f 674 495 673
f 675 674 673
f 675 672 494
f 675 673 672
f 676 659 674
f 677 678 659
f 677 674 675
f 677 659 676
f 677 676 674
f 679 494 678
f 679 675 494
f 679 678 677
f 679 677 675
f 680 384 383
f 681 383 411
f 681 411 410
f 681 680 383
f 682 683 384
f 682 384 680
f 684 410 667
f 684 680 681
f 684 681 410
f 684 682 680
f 685 686 683
f 685 683 682
f 687 688 686
f 687 667 688
f 687 682 684
f 687 686 685
f 687 685 682
f 687 684 667
f 689 494 486
f 689 486 485
f 690 485 467
f 690 467 468
f 690 689 485
f 691 678 494
f 691 494 689
f 692 468 693
f 692 690 468
f 692 689 690
f 692 691 689
f 694 695 678
f 694 696 695
f 694 678 691
f 697 698 696
f 697 693 698
f 697 691 692
f 697 696 694
f 697 692 693
f 697 694 691
f 699 403 385
f 699 385 384
f 700 384 683
f 700 701 702
f 700 702 699
f 700 699 384
f 703 704 705
f 703 683 704
f 703 700 683
f 703 706 701
f 703 701 700
f 707 363 364
f 707 364 401
f 707 401 398
f 708 398 397
f 708 707 398
f 709 397 399
f 709 399 400
f 709 400 402
f 709 402 403
f 709 708 397
f 709 699 702
f 709 403 699
f 710 702 701
f 710 707 708
f 710 709 702
f 710 708 709
f 710 363 707
f 711 712 363
f 711 363 710
f 711 701 706
f 711 710 701
f 713 714 712
f 713 715 714
f 713 716 715
f 713 712 711
f 717 718 716
f 717 716 713
f 717 713 711
f 719 720 718
f 719 721 720
f 719 722 721
f 719 705 722
f 719 703 705
f 719 706 703
f 719 711 706
f 719 718 717
f 719 717 711
f 723 468 462
f 724 693 468
f 724 468 723
f 725 723 726
f 725 724 723
f 727 728 693
f 727 693 724
f 729 727 724
f 729 724 725
f 730 462 460
f 730 460 455
f 730 455 452
f 730 452 447
f 730 723 462
f 730 726 723
f 731 730 447
f 732 447 444
f 732 731 447
f 733 444 450
f 733 450 451
f 733 451 454
f 733 454 458
f 733 732 444
f 734 458 735
f 734 725 726
f 734 733 458
f 734 731 732
f 734 726 730
f 734 730 731
f 734 732 733
f 736 737 728
f 736 738 737
f 736 739 738
f 736 740 739
f 736 728 727
f 736 727 729
f 741 740 736
f 741 736 729
f 742 743 740
f 742 740 741
f 742 741 729
f 744 745 743
f 744 746 745
f 744 747 746
f 744 735 747
f 744 725 734
f 744 729 725
f 744 734 735
f 744 743 742
f 744 742 729
f 748 356 363
f 748 749 356
f 750 751 356
f 750 356 749
f 752 750 749
f 752 748 363
f 752 749 748
f 753 751 750
f 754 712 751
f 754 750 752
f 754 751 753
f 754 753 750
f 755 363 712
f 755 752 363
f 755 712 754
f 755 754 752
f 756 458 466
f 756 757 458
f 758 735 458
f 758 458 757
f 759 758 757
f 759 756 466
f 759 757 756
f 760 735 758
f 761 762 735
f 761 758 759
f 761 735 760
f 761 760 758
f 763 466 762
f 763 759 466
f 763 762 761
f 763 761 759
f 764 362 359
f 765 766 362
f 765 362 764
f 767 764 768
f 767 765 764
f 769 770 766
f 769 766 765
f 771 769 765
f 771 765 767
f 772 359 343
f 772 343 338
f 772 338 341
f 772 341 345
f 772 764 359
f 772 768 764
f 773 772 345
f 774 345 348
f 774 773 345
f 775 348 350
f 775 350 351
f 775 351 352
f 775 352 356
f 775 774 348
f 776 768 772
f 776 773 774
f 776 767 768
f 776 775 356
f 776 772 773
f 776 774 775
f 777 356 751
f 777 771 767
f 777 776 356
f 777 767 776
f 778 779 770
f 778 780 779
f 778 781 780
f 778 782 781
f 778 770 769
f 778 769 771
f 778 771 777
f 783 782 778
f 783 778 777
f 784 785 782
f 784 782 783
f 784 783 777
f 786 787 785
f 786 788 787
f 786 789 788
f 786 751 789
f 786 777 751
f 786 785 784
f 786 784 777
f 790 512 523
f 790 523 522
f 791 522 792
f 791 793 794
f 791 794 790
f 791 790 522
f 795 796 797
f 795 792 796
f 795 791 792
f 795 798 793
f 795 793 791
f 799 466 469
f 799 469 498
f 799 498 502
f 800 502 505
f 800 799 502
f 801 505 506
f 801 506 508
f 801 508 510
f 801 510 512
f 801 800 505
f 801 790 794
f 801 512 790
f 802 794 793
f 802 799 800
f 802 801 794
f 802 800 801
f 802 466 799
f 803 762 466
f 803 466 802
f 803 793 798
f 803 802 793
f 804 805 762
f 804 806 805
f 804 807 806
f 804 762 803
f 808 809 807
f 808 807 804
f 808 804 803
f 810 811 809
f 810 812 811
f 810 813 812
f 810 797 813
f 810 795 797
f 810 798 795
f 810 803 798
f 810 809 808
f 810 808 803
f 814 332 358
f 814 358 360
f 815 360 361
f 815 361 362
f 815 814 360
f 816 817 332
f 816 332 814
f 818 362 766
f 818 815 362
f 818 814 815
f 818 816 814
f 819 820 817
f 819 821 820
f 819 817 816
f 822 823 821
f 822 766 823
f 822 816 818
f 822 821 819
f 822 818 766
f 822 819 816
f 824 522 521
f 825 521 572
f 825 572 579
f 825 824 521
f 826 792 522
f 826 522 824
f 827 579 828
f 827 824 825
f 827 825 579
f 827 826 824
f 829 830 792
f 829 792 826
f 831 832 830
f 831 828 832
f 831 826 827
f 831 830 829
f 831 829 826
f 831 827 828
f 833 333 332
f 833 834 333
f 835 836 333
f 835 333 834
f 837 835 834
f 837 833 332
f 837 834 833
f 838 836 835
f 839 817 836
f 839 835 837
f 839 836 838
f 839 838 835
f 840 332 817
f 840 837 332
f 840 817 839
f 840 839 837
f 841 579 578
f 841 842 579
f 843 828 579
f 843 579 842
f 844 843 842
f 844 841 578
f 844 842 841
f 845 828 843
f 846 847 828
f 846 843 844
f 846 828 845
f 846 845 843
f 848 578 847
f 848 844 578
f 848 847 846
f 848 846 844
f 849 311 310
f 850 310 334
f 850 334 333
f 850 849 310
f 851 852 311
f 851 311 849
f 853 333 836
f 853 849 850
f 853 850 333
f 853 851 849
f 854 855 852
f 854 852 851
f 856 857 855
f 856 836 857
f 856 851 853
f 856 855 854
f 856 854 851
f 856 853 836
f 858 578 571
f 858 571 565
f 859 565 560
f 859 560 561
f 859 858 565
f 860 847 578
f 860 578 858
f 861 561 862
f 861 859 561
f 861 858 859
f 861 860 858
f 863 864 847
f 863 865 864
f 863 847 860
f 866 867 865
f 866 862 867
f 866 860 861
f 866 865 863
f 866 861 862
f 866 863 860
f 868 344 312
f 868 312 311
f 869 311 852
f 869 870 871
f 869 871 868
f 869 868 311
f 872 873 874
f 872 852 873
f 872 869 852
f 872 875 870
f 872 870 869
f 876 306 330
f 876 330 349
f 876 349 347
f 876 347 346
f 876 871 870
f 876 870 306
f 877 346 342
f 877 342 340
f 877 340 339
f 877 339 344
f 877 868 871
f 877 344 868
f 877 871 876
f 877 876 346
f 878 879 306
f 878 306 870
f 878 870 875
f 880 881 879
f 880 882 881
f 880 883 882
f 880 879 878
f 884 885 883
f 884 883 880
f 884 880 878
f 886 887 885
f 886 888 887
f 886 889 888
f 886 874 889
f 886 872 874
f 886 885 884
f 886 875 872
f 886 878 875
f 886 884 878
f 890 561 547
f 891 862 561
f 891 561 890
f 892 890 893
f 892 891 890
f 894 895 862
f 894 862 891
f 896 894 891
f 896 891 892
f 897 547 511
f 897 511 509
f 897 509 507
f 897 507 504
f 897 890 547
f 897 893 890
f 898 897 504
f 899 504 501
f 899 898 504
f 900 501 499
f 900 499 496
f 900 496 500
f 900 500 503
f 900 899 501
f 901 503 902
f 901 892 893
f 901 900 503
f 901 898 899
f 901 893 897
f 901 897 898
f 901 899 900
f 903 892 901
f 903 896 892
f 903 901 902
f 904 905 895
f 904 906 905
f 904 907 906
f 904 908 907
f 904 895 894
f 904 894 896
f 904 896 903
f 909 908 904
f 909 904 903
f 910 911 908
f 910 908 909
f 910 909 903
f 912 913 911
f 912 914 913
f 912 915 914
f 912 902 915
f 912 903 902
f 912 911 910
f 912 910 903
f 916 298 306
f 916 917 298
f 918 919 298
f 918 298 917
f 920 918 917
f 920 916 306
f 920 917 916
f 921 919 918
f 922 879 919
f 922 918 920
f 922 919 921
f 922 921 918
f 923 306 879
f 923 920 306
f 923 879 922
f 923 922 920
f 924 503 513
f 924 925 503
f 926 902 503
f 926 503 925
f 927 926 925
f 927 924 513
f 927 925 924
f 928 902 926
f 929 930 902
f 929 926 927
f 929 902 928
f 929 928 926
f 931 513 930
f 931 927 513
f 931 930 929
f 931 929 927
f 932 290 289
f 933 934 290
f 933 290 932
f 935 932 936
f 935 933 932
f 937 938 934
f 937 934 933
f 939 937 933
f 939 933 935
f 940 289 278
f 940 278 280
f 940 280 282
f 940 282 284
f 940 932 289
f 940 936 932
f 941 940 284
f 942 284 287
f 942 941 284
f 943 287 291
f 943 291 295
f 943 295 297
f 943 297 298
f 943 942 287
f 944 936 940
f 944 941 942
f 944 935 936
f 944 943 298
f 944 940 941
f 944 942 943
f 945 298 919
f 945 939 935
f 945 944 298
f 945 935 944
f 946 947 938
f 946 948 947
f 946 949 948
f 946 950 949
f 946 938 937
f 946 937 939
f 946 939 945
f 951 950 946
f 951 946 945
f 952 953 950
f 952 950 951
f 952 951 945
f 954 955 953
f 954 956 955
f 954 957 956
f 954 919 957
f 954 945 919
f 954 953 952
f 954 952 945
f 958 553 567
f 958 567 570
f 959 570 960
f 959 961 962
f 959 962 958
f 959 958 570
f 963 964 965
f 963 960 964
f 963 959 960
f 963 966 961
f 963 961 959
f 967 513 515
f 967 515 540
f 967 540 543
f 968 543 545
f 968 967 543
f 969 545 546
f 969 546 549
f 969 549 551
f 969 551 553
f 969 968 545
f 969 958 962
f 969 553 958
f 970 962 961
f 970 967 968
f 970 969 962
f 970 968 969
f 970 513 967
f 971 930 513
f 971 513 970
f 971 961 966
f 971 970 961
f 972 973 930
f 972 974 973
f 972 975 974
f 972 930 971
f 976 977 975
f 976 975 972
f 976 972 971
f 978 979 977
f 978 980 979
f 978 981 980
f 978 965 981
f 978 963 965
f 978 966 963
f 978 971 966
f 978 977 976
f 978 976 971
f 982 264 271
f 982 271 272
f 983 272 276
f 983 276 290
f 983 982 272
f 984 985 264
f 984 264 982
f 986 290 934
f 986 983 290
f 986 982 983
f 986 984 982
f 987 988 985
f 987 989 988
f 987 985 984
f 990 991 989
f 990 934 991
f 990 984 986
f 990 989 987
f 990 986 934
f 990 987 984
f 992 570 569
f 993 569 582
f 993 582 586
f 993 992 569
f 994 960 570
f 994 570 992
f 995 586 996
f 995 992 993
f 995 993 586
f 995 994 992
f 997 998 960
f 997 960 994
f 999 1000 998
f 999 996 1000
f 999 994 995
f 999 998 997
f 999 997 994
f 999 995 996
f 1001 265 264
f 1001 1002 265
f 1003 1004 265
f 1003 265 1002
f 1005 1003 1002
f 1005 1001 264
f 1005 1002 1001
f 1006 1004 1003
f 1007 985 1004
f 1007 1003 1005
f 1007 1004 1006
f 1007 1006 1003
f 1008 264 985
f 1008 1005 264
f 1008 985 1007
f 1008 1007 1005
f 1009 586 585
f 1009 1010 586
f 1011 996 586
f 1011 586 1010
f 1012 1011 1010
f 1012 1009 585
f 1012 1010 1009
f 1013 996 1011
f 1014 1015 996
f 1014 1011 1012
f 1014 996 1013
f 1014 1013 1011
f 1016 585 1015
f 1016 1012 585
f 1016 1015 1014
f 1016 1014 1012
f 1017 240 239
f 1018 239 266
f 1018 266 265
f 1018 1017 239
f 1019 1020 240
f 1019 240 1017
f 1021 265 1004
f 1021 1017 1018
f 1021 1018 265
f 1021 1019 1017
f 1022 1023 1020
f 1022 1020 1019
f 1024 1025 1023
f 1024 1004 1025
f 1024 1019 1021
f 1024 1023 1022
f 1024 1022 1019
f 1024 1021 1004
f 1026 585 581
f 1026 581 577
f 1027 577 566
f 1027 566 568
f 1027 1026 577
f 1028 1015 585
f 1028 585 1026
f 1029 568 1030
f 1029 1027 568
f 1029 1026 1027
f 1029 1028 1026
f 1031 1032 1015
f 1031 1033 1032
f 1031 1015 1028
f 1034 1035 1033
f 1034 1030 1035
f 1034 1028 1029
f 1034 1033 1031
f 1034 1029 1030
f 1034 1031 1028
f 1036 277 238
f 1036 238 240
f 1037 240 1020
f 1037 1038 1039
f 1037 1039 1036
f 1037 1036 240
f 1040 1041 1042
f 1040 1020 1041
f 1040 1037 1020
f 1040 1043 1038
f 1040 1038 1037
f 1044 269 270
f 1044 270 288
f 1044 288 286
f 1045 286 285
f 1045 1044 286
f 1046 285 283
f 1046 283 281
f 1046 281 279
f 1046 279 277
f 1046 1045 285
f 1046 1036 1039
f 1046 277 1036
f 1047 1039 1038
f 1047 1044 1045
f 1047 1046 1039
f 1047 1045 1046
f 1047 269 1044
f 1048 1049 269
f 1048 269 1047
f 1048 1038 1043
f 1048 1047 1038
f 1050 1051 1049
f 1050 1052 1051
f 1050 1053 1052
f 1050 1049 1048
f 1054 1055 1053
f 1054 1053 1050
f 1054 1050 1048
f 1056 1057 1055
f 1056 1058 1057
f 1056 1059 1058
f 1056 1042 1059
f 1056 1040 1042
f 1056 1043 1040
f 1056 1048 1043
f 1056 1055 1054
f 1056 1054 1048
f 1060 568 563
f 1061 1030 568
f 1061 568 1060
f 1062 1060 1063
f 1062 1061 1060
f 1064 1065 1030
f 1064 1030 1061
f 1066 1064 1061
f 1066 1061 1062
f 1067 563 552
f 1067 552 550
f 1067 550 548
f 1067 548 544
f 1067 1060 563
f 1067 1063 1060
f 1068 1067 544
f 1069 544 542
f 1069 1068 544
f 1070 542 541
f 1070 541 539
f 1070 539 538
f 1070 538 535
f 1070 1069 542
f 1071 1063 1067
f 1071 1068 1069
f 1071 1062 1063
f 1071 1070 535
f 1071 1067 1068
f 1071 1069 1070
f 1072 535 1073
f 1072 1066 1062
f 1072 1071 535
f 1072 1062 1071
f 1074 1075 1065
f 1074 1076 1075
f 1074 1077 1076
f 1074 1078 1077
f 1074 1065 1064
f 1074 1064 1066
f 1074 1066 1072
f 1079 1078 1074
f 1079 1074 1072
f 1080 1081 1078
f 1080 1078 1079
f 1080 1079 1072
f 1082 1083 1081
f 1082 1084 1083
f 1082 1085 1084
f 1082 1073 1085
f 1082 1072 1073
f 1082 1081 1080
f 1082 1080 1072
f 1086 268 269
f 1086 1087 268
f 1088 1089 268
f 1088 268 1087
f 1090 1088 1087
f 1090 1086 269
f 1090 1087 1086
f 1091 1089 1088
f 1092 1049 1089
f 1092 1088 1090
f 1092 1089 1091
f 1092 1091 1088
f 1093 269 1049
f 1093 1090 269
f 1093 1049 1092
f 1093 1092 1090
f 1094 535 517
f 1094 1095 535
f 1096 1073 535
f 1096 535 1095
f 1097 1096 1095
f 1097 1094 517
f 1097 1095 1094
f 1098 1073 1096
f 1099 1100 1073
f 1099 1096 1097
f 1099 1073 1098
f 1099 1098 1096
f 1101 517 1100
f 1101 1097 517
f 1101 1100 1099
f 1101 1099 1097
f 1102 208 207
f 1103 1104 208
f 1103 208 1102
f 1105 1102 1106
f 1105 1103 1102
f 1107 1108 1104
f 1107 1104 1103
f 1109 1107 1103
f 1109 1103 1105
f 1110 207 209
f 1110 209 211
f 1110 211 213
f 1110 213 215
f 1110 1102 207
f 1110 1106 1102
f 1111 1110 215
f 1112 215 218
f 1112 1111 215
f 1113 218 220
f 1113 220 221
f 1113 221 243
f 1113 243 268
f 1113 1112 218
f 1114 1105 1106
f 1114 1113 268
f 1114 1111 1112
f 1114 1106 1110
f 1114 1110 1111
f 1114 1112 1113
f 1115 268 1089
f 1115 1105 1114
f 1115 1109 1105
f 1115 1114 268
f 1116 1117 1108
f 1116 1118 1117
f 1116 1119 1118
f 1116 1120 1119
f 1116 1108 1107
f 1116 1107 1109
f 1116 1109 1115
f 1121 1120 1116
f 1121 1116 1115
f 1122 1123 1120
f 1122 1120 1121
f 1122 1121 1115
f 1124 1125 1123
f 1124 1126 1125
f 1124 1127 1126
f 1124 1089 1127
f 1124 1115 1089
f 1124 1123 1122
f 1124 1122 1115
f 1128 554 562
f 1128 562 575
f 1129 575 1130
f 1129 1131 1132
f 1129 1132 1128
f 1129 1128 575
f 1133 1134 1135
f 1133 1130 1134
f 1133 1129 1130
f 1133 1136 1131
f 1133 1131 1129
f 1137 517 516
f 1137 516 518
f 1137 518 524
f 1138 524 526
f 1138 1137 524
f 1139 526 527
f 1139 527 533
f 1139 533 536
f 1139 536 554
f 1139 1138 526
f 1139 1128 1132
f 1139 554 1128
f 1140 1132 1131
f 1140 1137 1138
f 1140 1139 1132
f 1140 1138 1139
f 1140 517 1137
f 1141 1100 517
f 1141 517 1140
f 1141 1131 1136
f 1141 1140 1131
f 1142 1143 1100
f 1142 1144 1143
f 1142 1145 1144
f 1142 1100 1141
f 1146 1147 1145
f 1146 1145 1142
f 1146 1142 1141
f 1148 1149 1147
f 1148 1150 1149
f 1148 1151 1150
f 1148 1135 1151
f 1148 1133 1135
f 1148 1136 1133
f 1148 1141 1136
f 1148 1147 1146
f 1148 1146 1141
f 1152 164 187
f 1152 187 192
f 1153 192 199
f 1153 199 208
f 1153 1152 192
f 1154 1155 164
f 1154 164 1152
f 1156 208 1104
f 1156 1153 208
f 1156 1152 1153
f 1156 1154 1152
f 1157 1158 1155
f 1157 1159 1158
f 1157 1155 1154
f 1160 1161 1159
f 1160 1104 1161
f 1160 1154 1156
f 1160 1159 1157
f 1160 1156 1104
f 1160 1157 1154
f 1162 575 573
f 1163 573 580
f 1163 580 584
f 1163 1162 573
f 1164 1130 575
f 1164 575 1162
f 1165 584 1166
f 1165 1162 1163
f 1165 1163 584
f 1165 1164 1162
f 1167 1168 1130
f 1167 1130 1164
f 1169 1170 1168
f 1169 1166 1170
f 1169 1164 1165
f 1169 1168 1167
f 1169 1167 1164
f 1169 1165 1166
f 1171 165 164
f 1171 1172 165
f 1173 1174 165
f 1173 165 1172
f 1175 1173 1172
f 1175 1171 164
f 1175 1172 1171
f 1176 1174 1173
f 1177 1155 1174
f 1177 1173 1175
f 1177 1174 1176
f 1177 1176 1173
f 1178 164 1155
f 1178 1175 164
f 1178 1155 1177
f 1178 1177 1175
f 1179 584 583
f 1179 1180 584
f 1181 1166 584
f 1181 584 1180
f 1182 1181 1180
f 1182 1179 583
f 1182 1180 1179
f 1183 1166 1181
f 1184 1185 1166
f 1184 1181 1182
f 1184 1166 1183
f 1184 1183 1181
f 1186 583 1185
f 1186 1182 583
f 1186 1185 1184
f 1186 1184 1182
f 1187 169 168
f 1188 168 166
f 1188 166 165
f 1188 1187 168
f 1189 1190 169
f 1189 169 1187
f 1191 165 1174
f 1191 1187 1188
f 1191 1188 165
f 1191 1189 1187
f 1192 1193 1190
f 1192 1190 1189
f 1194 1195 1193
f 1194 1174 1195
f 1194 1189 1191
f 1194 1193 1192
f 1194 1192 1189
f 1194 1191 1174
f 1196 583 576
f 1196 576 574
f 1197 574 558
f 1197 558 559
f 1197 1196 574
f 1198 1185 583
f 1198 583 1196
f 1199 559 1200
f 1199 1197 559
f 1199 1196 1197
f 1199 1198 1196
f 1201 1202 1185
f 1201 1203 1202
f 1201 1185 1198
f 1204 1205 1203
f 1204 1200 1205
f 1204 1198 1199
f 1204 1203 1201
f 1204 1199 1200
f 1204 1201 1198
f 1206 200 167
f 1206 167 169
f 1207 169 1190
f 1207 1206 169
f 1208 1209 1210
f 1208 1190 1209
f 1208 1207 1190
f 1208 1211 1212
f 1208 1212 1207
f 1213 1206 1214
f 1213 200 1206
f 1213 1214 1215
f 1216 1217 242
f 1216 1212 1211
f 1218 1219 1217
f 1218 1220 1219
f 1218 1221 1220
f 1218 1217 1216
f 1222 1223 1221
f 1222 1221 1218
f 1222 1218 1216
f 1224 1225 1223
f 1224 1226 1225
f 1224 1227 1226
f 1224 1210 1227
f 1224 1208 1210
f 1224 1223 1222
f 1224 1211 1208
f 1224 1216 1211
f 1224 1222 1216
f 1228 242 222
f 1228 1213 1215
f 1229 222 219
f 1229 219 217
f 1229 217 216
f 1229 1228 222
f 1230 216 214
f 1230 214 212
f 1230 212 210
f 1230 210 200
f 1230 1229 216
f 1230 200 1213
f 1230 1213 1228
f 1230 1228 1229
f 1231 1216 242
f 1231 242 1228
f 1231 1214 1206
f 1231 1206 1207
f 1231 1207 1212
f 1231 1215 1214
f 1231 1212 1216
f 1231 1228 1215
f 1232 559 555
f 1233 1200 559
f 1233 559 1232
f 1234 1232 1235
f 1234 1233 1232
f 1236 1237 1200
f 1236 1200 1233
f 1238 1236 1233
f 1238 1233 1234
f 1239 555 537
f 1239 537 534
f 1239 534 528
f 1239 528 525
f 1239 1232 555
f 1239 1235 1232
f 1240 1239 525
f 1241 525 520
f 1241 1240 525
f 1242 520 519
f 1242 519 493
f 1242 493 491
f 1242 491 489
f 1242 1241 520
f 1243 1234 1235
f 1243 1242 489
f 1243 1240 1241
f 1243 1235 1239
f 1243 1239 1240
f 1243 1241 1242
f 1244 489 1245
f 1244 1234 1243
f 1244 1238 1234
f 1244 1243 489
f 1246 1247 1237
f 1246 1248 1247
f 1246 1249 1248
f 1246 1250 1249
f 1246 1237 1236
f 1246 1236 1238
f 1246 1238 1244
f 1251 1250 1246
f 1251 1246 1244
f 1252 1253 1250
f 1252 1250 1251
f 1252 1251 1244
f 1254 1255 1253
f 1254 1256 1255
f 1254 1257 1256
f 1254 1245 1257
f 1254 1244 1245
f 1254 1253 1252
f 1254 1252 1244
f 1258 228 242
f 1258 1259 228
f 1260 1261 228
f 1260 228 1259
f 1262 1260 1259
f 1262 1258 242
f 1262 1259 1258
f 1263 1261 1260
f 1264 1217 1261
f 1264 1260 1262
f 1264 1261 1263
f 1264 1263 1260
f 1265 242 1217
f 1265 1262 242
f 1265 1217 1264
f 1265 1264 1262
f 1266 489 479
f 1266 1267 489
f 1268 1245 489
f 1268 489 1267
f 1269 1268 1267
f 1269 1266 479
f 1269 1267 1266
f 1270 1245 1268
f 1271 1272 1245
f 1271 1268 1269
f 1271 1245 1270
f 1271 1270 1268
f 1273 479 1272
f 1273 1269 479
f 1273 1272 1271
f 1273 1271 1269
f 1274 143 142
f 1275 1276 143
f 1275 143 1274
f 1277 1274 1278
f 1277 1275 1274
f 1279 1280 1276
f 1279 1276 1275
f 1281 1279 1275
f 1281 1275 1277
f 1282 142 148
f 1282 148 150
f 1282 150 152
f 1282 152 154
f 1282 1274 142
f 1282 1278 1274
f 1283 1282 154
f 1284 154 157
f 1284 1283 154
f 1285 157 159
f 1285 159 160
f 1285 160 227
f 1285 227 228
f 1285 1284 157
f 1286 228 1261
f 1286 1278 1282
f 1286 1283 1284
f 1286 1277 1278
f 1286 1285 228
f 1286 1282 1283
f 1286 1284 1285
f 1287 1281 1277
f 1287 1286 1261
f 1287 1277 1286
f 1288 1289 1280
f 1288 1290 1289
f 1288 1291 1290
f 1288 1292 1291
f 1288 1280 1279
f 1288 1279 1281
f 1288 1281 1287
f 1293 1292 1288
f 1293 1288 1287
f 1294 1295 1292
f 1294 1292 1293
f 1294 1293 1287
f 1296 1297 1295
f 1296 1298 1297
f 1296 1299 1298
f 1296 1261 1299
f 1296 1287 1261
f 1296 1295 1294
f 1296 1294 1287
f 1300 488 490
f 1300 490 530
f 1301 530 1302
f 1301 1303 1304
f 1301 1304 1300
f 1301 1300 530
f 1305 1306 1307
f 1305 1302 1306
f 1305 1301 1302
f 1305 1308 1303
f 1305 1303 1301
f 1309 479 475
f 1309 475 470
f 1309 470 473
f 1309 473 476
f 1309 1304 1303
f 1309 1303 479
f 1310 476 477
f 1310 477 481
f 1310 481 483
f 1310 483 488
f 1310 1300 1304
f 1310 488 1300
f 1310 1304 1309
f 1310 1309 476
f 1311 1272 479
f 1311 479 1303
f 1311 1303 1308
f 1312 1313 1272
f 1312 1314 1313
f 1312 1315 1314
f 1312 1272 1311
f 1316 1317 1315
f 1316 1315 1312
f 1316 1312 1311
f 1318 1319 1317
f 1318 1320 1319
f 1318 1321 1320
f 1318 1307 1321
f 1318 1305 1307
f 1318 1317 1316
f 1318 1308 1305
f 1318 1311 1308
f 1318 1316 1311
f 1322 77 115
f 1322 115 125
f 1323 125 137
f 1323 137 143
f 1323 1322 125
f 1324 1325 77
f 1324 77 1322
f 1326 143 1276
f 1326 1323 143
f 1326 1322 1323
f 1326 1324 1322
f 1327 1328 1325
f 1327 1329 1328
f 1327 1325 1324
f 1330 1331 1329
f 1330 1276 1331
f 1330 1324 1326
f 1330 1329 1327
f 1330 1326 1276
f 1330 1327 1324
f 1332 530 529
f 1333 529 556
f 1333 556 564
f 1333 1332 529
f 1334 1302 530
f 1334 530 1332
f 1335 564 1336
f 1335 1332 1333
f 1335 1333 564
f 1335 1334 1332
f 1337 1338 1302
f 1337 1302 1334
f 1339 1340 1338
f 1339 1336 1340
f 1339 1334 1335
f 1339 1338 1337
f 1339 1337 1334
f 1339 1335 1336
f 1341 78 77
f 1341 1342 78
f 1343 1344 78
f 1343 78 1342
f 1345 1343 1342
f 1345 1341 77
f 1345 1342 1341
f 1346 1344 1343
f 1347 1325 1344
f 1347 1343 1345
f 1347 1344 1346
f 1347 1346 1343
f 1348 77 1325
f 1348 1345 77
f 1348 1325 1347
f 1348 1347 1345
f 1349 564 557
f 1349 1350 564
f 1351 1336 564
f 1351 564 1350
f 1352 1351 1350
f 1352 1349 557
f 1352 1350 1349
f 1353 1336 1351
f 1354 1355 1336
f 1354 1351 1352
f 1354 1336 1353
f 1354 1353 1351
f 1356 557 1355
f 1356 1352 557
f 1356 1355 1354
f 1356 1354 1352
f 1357 118 116
f 1358 116 79
f 1358 79 78
f 1358 1357 116
f 1359 1360 118
f 1359 118 1357
f 1361 78 1344
f 1361 1357 1358
f 1361 1358 78
f 1361 1359 1357
f 1362 1363 1360
f 1362 1360 1359
f 1364 1365 1363
f 1364 1344 1365
f 1364 1359 1361
f 1364 1363 1362
f 1364 1362 1359
f 1364 1361 1344
f 1366 557 532
f 1366 532 531
f 1367 531 463
f 1367 463 465
f 1367 1366 531
f 1368 1355 557
f 1368 557 1366
f 1369 465 1370
f 1369 1367 465
f 1369 1366 1367
f 1369 1368 1366
f 1371 1372 1355
f 1371 1373 1372
f 1371 1355 1368
f 1374 1375 1373
f 1374 1370 1375
f 1374 1368 1369
f 1374 1373 1371
f 1374 1369 1370
f 1374 1371 1368
f 1376 138 117
f 1376 117 118
f 1377 118 1360
f 1377 1378 1379
f 1377 1379 1376
f 1377 1376 118
f 1380 1381 1382
f 1380 1360 1381
f 1380 1377 1360
f 1380 1383 1378
f 1380 1378 1377
f 1384 206 161
f 1384 161 158
f 1384 158 156
f 1384 156 155
f 1384 1379 1378
f 1384 1378 206
f 1385 155 153
f 1385 153 151
f 1385 151 149
f 1385 149 138
f 1385 1376 1379
f 1385 138 1376
f 1385 1379 1384
f 1385 1384 155
f 1386 1387 206
f 1386 206 1378
f 1386 1378 1383
f 1388 1389 1387
f 1388 1390 1389
f 1388 1391 1390
f 1388 1387 1386
f 1392 1393 1391
f 1392 1391 1388
f 1392 1388 1386
f 1394 1395 1393
f 1394 1396 1395
f 1394 1397 1396
f 1394 1382 1397
f 1394 1380 1382
f 1394 1393 1392
f 1394 1383 1380
f 1394 1386 1383
f 1394 1392 1386
f 1398 465 464
f 1399 1370 465
f 1399 465 1398
f 1400 1398 1401
f 1400 1399 1398
f 1402 1403 1370
f 1402 1370 1399
f 1404 1402 1399
f 1404 1399 1400
f 1405 464 484
f 1405 484 482
f 1405 482 478
f 1405 478 474
f 1405 1398 464
f 1405 1401 1398
f 1406 474 472
f 1406 1405 474
f 1407 472 471
f 1407 471 443
f 1407 443 440
f 1407 440 438
f 1407 1406 472
f 1408 1406 1407
f 1408 1407 438
f 1408 1400 1401
f 1408 1401 1405
f 1408 1405 1406
f 1409 438 1410
f 1409 1408 438
f 1409 1400 1408
f 1409 1404 1400
f 1411 1412 1403
f 1411 1413 1412
f 1411 1414 1413
f 1411 1415 1414
f 1411 1403 1402
f 1411 1402 1404
f 1411 1404 1409
f 1416 1415 1411
f 1416 1411 1409
f 1417 1418 1415
f 1417 1415 1416
f 1417 1416 1409
f 1419 1420 1418
f 1419 1421 1420
f 1419 1422 1421
f 1419 1410 1422
f 1419 1409 1410
f 1419 1418 1417
f 1419 1417 1409
f 1423 205 206
f 1423 1424 205
f 1425 1426 205
f 1425 205 1424
f 1427 1425 1424
f 1427 1423 206
f 1427 1424 1423
f 1428 1426 1425
f 1429 1387 1426
f 1429 1425 1427
f 1429 1426 1428
f 1429 1428 1425
f 1430 206 1387
f 1430 1427 206
f 1430 1387 1429
f 1430 1429 1427
f 1431 438 428
f 1431 1432 438
f 1433 1410 438
f 1433 438 1432
f 1434 1433 1432
f 1434 1431 428
f 1434 1432 1431
f 1435 1410 1433
f 1436 1437 1410
f 1436 1433 1434
f 1436 1410 1435
f 1436 1435 1433
f 1438 428 1437
f 1438 1434 428
f 1438 1437 1436
f 1438 1436 1434
f 1439 87 86
f 1440 1441 87
f 1440 87 1439
f 1442 1439 1443
f 1442 1440 1439
f 1444 1445 1441
f 1444 1441 1440
f 1446 1444 1440
f 1446 1440 1442
f 1447 86 101
f 1447 101 103
f 1447 103 105
f 1447 105 107
f 1447 1439 86
f 1447 1443 1439
f 1448 107 110
f 1448 1447 107
f 1449 110 112
f 1449 112 113
f 1449 113 195
f 1449 195 205
f 1449 1448 110
f 1450 1448 1449
f 1450 1449 205
f 1450 1442 1443
f 1450 1443 1447
f 1450 1447 1448
f 1451 205 1426
f 1451 1450 205
f 1451 1442 1450
f 1451 1446 1442
f 1452 1453 1445
f 1452 1454 1453
f 1452 1455 1454
f 1452 1456 1455
f 1452 1445 1444
f 1452 1444 1446
f 1452 1446 1451
f 1457 1456 1452
f 1457 1452 1451
f 1458 1459 1456
f 1458 1456 1457
f 1458 1457 1451
f 1460 1461 1459
f 1460 1462 1461
f 1460 1463 1462
f 1460 1426 1463
f 1460 1451 1426
f 1460 1459 1458
f 1460 1458 1451
f 1464 429 430
f 1464 430 435
f 1465 435 1466
f 1465 1467 1468
f 1465 1468 1464
f 1465 1464 435
f 1469 1470 1471
f 1469 1466 1470
f 1469 1465 1466
f 1469 1472 1467
f 1469 1467 1465
f 1473 428 425
f 1473 425 421
f 1473 421 415
f 1474 415 417
f 1474 1473 415
f 1475 417 419
f 1475 419 423
f 1475 423 426
f 1475 426 429
f 1475 1474 417
f 1475 1464 1468
f 1475 429 1464
f 1476 1437 428
f 1476 1468 1467
f 1476 1473 1474
f 1476 1475 1468
f 1476 1474 1475
f 1476 428 1473
f 1477 1437 1476
f 1477 1467 1472
f 1477 1476 1467
f 1478 1479 1437
f 1478 1480 1479
f 1478 1481 1480
f 1478 1437 1477
f 1482 1483 1481
f 1482 1481 1478
f 1482 1478 1477
f 1484 1485 1483
f 1484 1486 1485
f 1484 1487 1486
f 1484 1471 1487
f 1484 1469 1471
f 1484 1472 1469
f 1484 1477 1472
f 1484 1483 1482
f 1484 1482 1477
f 1488 56 58
f 1488 58 63
f 1489 63 74
f 1489 74 87
f 1489 1488 63
f 1490 1491 56
f 1490 56 1488
f 1492 87 1441
f 1492 1489 87
f 1492 1488 1489
f 1492 1490 1488
f 1493 1494 1491
f 1493 1495 1494
f 1493 1491 1490
f 1496 1497 1495
f 1496 1441 1497
f 1496 1495 1493
f 1496 1492 1441
f 1496 1490 1492
f 1496 1493 1490
f 1498 435 434
f 1499 434 441
f 1499 441 457
f 1499 1498 434
f 1500 1466 435
f 1500 435 1498
f 1501 457 1502
f 1501 1498 1499
f 1501 1499 457
f 1501 1500 1498
f 1503 1504 1466
f 1503 1466 1500
f 1505 1506 1504
f 1505 1502 1506
f 1505 1500 1501
f 1505 1504 1503
f 1505 1503 1500
f 1505 1501 1502
f 1507 57 56
f 1507 1508 57
f 1509 1510 57
f 1509 57 1508
f 1511 1509 1508
f 1511 1507 56
f 1511 1508 1507
f 1512 1510 1509
f 1513 1491 1510
f 1513 1509 1511
f 1513 1510 1512
f 1513 1512 1509
f 1514 56 1491
f 1514 1511 56
f 1514 1491 1513
f 1514 1513 1511
f 1515 457 442
f 1515 1516 457
f 1517 1502 457
f 1517 457 1516
f 1518 1517 1516
f 1518 1515 442
f 1518 1516 1515
f 1519 1502 1517
f 1520 1521 1502
f 1520 1517 1518
f 1520 1502 1519
f 1520 1519 1517
f 1522 442 1521
f 1522 1518 442
f 1522 1521 1520
f 1522 1520 1518
f 1523 71 59
f 1524 59 55
f 1524 55 57
f 1524 1523 59
f 1525 1526 71
f 1525 71 1523
f 1527 57 1510
f 1527 1523 1524
f 1527 1524 57
f 1527 1525 1523
f 1528 1529 1526
f 1528 1526 1525
f 1530 1531 1529
f 1530 1510 1531
f 1530 1525 1527
f 1530 1529 1528
f 1530 1528 1525
f 1530 1527 1510
f 1532 442 437
f 1532 437 436
f 1533 436 404
f 1533 404 406
f 1533 1532 436
f 1534 1521 442
f 1534 442 1532
f 1535 406 1536
f 1535 1533 406
f 1535 1532 1533
f 1535 1534 1532
f 1537 1538 1521
f 1537 1539 1538
f 1537 1521 1534
f 1540 1541 1539
f 1540 1536 1541
f 1540 1534 1535
f 1540 1539 1537
f 1540 1535 1536
f 1540 1537 1534
f 1542 75 70
f 1542 70 71
f 1543 71 1526
f 1543 1542 71
f 1544 1545 1546
f 1544 1526 1545
f 1544 1543 1526
f 1544 1547 1548
f 1544 1548 1543
f 1549 75 1542
f 1550 1551 194
f 1550 1548 1547
f 1552 1553 1551
f 1552 1554 1553
f 1552 1555 1554
f 1552 1551 1550
f 1556 1557 1555
f 1556 1555 1552
f 1556 1552 1550
f 1558 1559 1557
f 1558 1560 1559
f 1558 1561 1560
f 1558 1546 1561
f 1558 1544 1546
f 1558 1557 1556
f 1558 1547 1544
f 1558 1550 1547
f 1558 1556 1550
f 1562 194 114
f 1562 1549 1563
f 1564 114 111
f 1564 111 109
f 1564 109 108
f 1564 1562 114
f 1565 108 106
f 1565 106 104
f 1565 104 102
f 1565 102 75
f 1565 1564 108
f 1565 75 1549
f 1565 1549 1562
f 1565 1562 1564
f 1566 1549 1542
f 1566 1563 1549
f 1566 1542 1567
f 1566 1562 1563
f 1568 1550 194
f 1568 194 1562
f 1568 1567 1542
f 1568 1566 1567
f 1568 1542 1543
f 1568 1543 1548
f 1568 1548 1550
f 1568 1562 1566
f 1569 406 405
f 1570 1536 406
f 1570 406 1569
f 1571 1569 1572
f 1571 1570 1569
f 1573 1574 1536
f 1573 1536 1570
f 1575 1573 1570
f 1575 1570 1571
f 1576 405 427
f 1576 427 424
f 1576 424 420
f 1576 420 416
f 1576 1569 405
f 1576 1572 1569
f 1577 416 418
f 1577 1576 416
f 1578 418 422
f 1578 422 396
f 1578 396 394
f 1578 394 393
f 1578 1577 418
f 1579 1577 1578
f 1579 1578 393
f 1579 1571 1572
f 1579 1572 1576
f 1579 1576 1577
f 1580 393 1581
f 1580 1579 393
f 1580 1571 1579
f 1580 1575 1571
f 1582 1583 1574
f 1582 1584 1583
f 1582 1585 1584
f 1582 1586 1585
f 1582 1574 1573
f 1582 1573 1575
f 1582 1575 1580
f 1587 1586 1582
f 1587 1582 1580
f 1588 1589 1586
f 1588 1586 1587
f 1588 1587 1580
f 1590 1591 1589
f 1590 1592 1591
f 1590 1593 1592
f 1590 1581 1593
f 1590 1580 1581
f 1590 1589 1588
f 1590 1588 1580
f 1594 191 194
f 1594 1595 191
f 1596 1597 191
f 1596 191 1595
f 1598 1596 1595
f 1598 1594 194
f 1598 1595 1594
f 1599 1597 1596
f 1600 1551 1597
f 1600 1596 1598
f 1600 1597 1599
f 1600 1599 1596
f 1601 194 1551
f 1601 1598 194
f 1601 1551 1600
f 1601 1600 1598
f 1602 393 380
f 1602 1603 393
f 1604 1581 393
f 1604 393 1603
f 1605 1604 1603
f 1605 1602 380
f 1605 1603 1602
f 1606 1581 1604
f 1607 1608 1581
f 1607 1604 1605
f 1607 1581 1606
f 1607 1606 1604
f 1609 380 1608
f 1609 1605 380
f 1609 1608 1607
f 1609 1607 1605
f 1610 69 68
f 1611 1612 69
f 1611 69 1610
f 1613 1610 1614
f 1613 1611 1610
f 1615 1616 1612
f 1615 1612 1611
f 1617 1615 1611
f 1617 1611 1613
f 1618 68 80
f 1618 80 85
f 1618 85 89
f 1618 89 91
f 1618 1610 68
f 1618 1614 1610
f 1619 91 94
f 1619 1618 91
f 1620 94 98
f 1620 98 99
f 1620 99 190
f 1620 190 191
f 1620 1619 94
f 1621 1619 1620
f 1621 1620 191
f 1621 1613 1614
f 1621 1614 1618
f 1621 1618 1619
f 1622 191 1597
f 1622 1621 191
f 1622 1613 1621
f 1622 1617 1613
f 1623 1624 1616
f 1623 1625 1624
f 1623 1626 1625
f 1623 1627 1626
f 1623 1616 1615
f 1623 1615 1617
f 1623 1617 1622
f 1628 1627 1623
f 1628 1623 1622
f 1629 1630 1627
f 1629 1627 1628
f 1629 1628 1622
f 1631 1632 1630
f 1631 1633 1632
f 1631 1634 1633
f 1631 1597 1634
f 1631 1622 1597
f 1631 1630 1629
f 1631 1629 1622
f 1635 381 382
f 1635 382 391
f 1636 391 1637
f 1636 1638 1639
f 1636 1639 1635
f 1636 1635 391
f 1640 1641 1642
f 1640 1637 1641
f 1640 1636 1637
f 1640 1643 1638
f 1640 1638 1636
f 1644 380 378
f 1644 378 376
f 1644 376 372
f 1645 372 371
f 1645 1644 372
f 1646 371 366
f 1646 366 369
f 1646 369 374
f 1646 374 381
f 1646 1645 371
f 1646 1635 1639
f 1646 381 1635
f 1647 1639 1638
f 1647 1644 1645
f 1647 1646 1639
f 1647 1645 1646
f 1647 380 1644
f 1648 1608 380
f 1648 380 1647
f 1648 1638 1643
f 1648 1647 1638
f 1649 1650 1608
f 1649 1651 1650
f 1649 1652 1651
f 1649 1608 1648
f 1653 1654 1652
f 1653 1652 1649
f 1653 1649 1648
f 1655 1656 1654
f 1655 1657 1656
f 1655 1658 1657
f 1655 1642 1658
f 1655 1640 1642
f 1655 1643 1640
f 1655 1648 1643
f 1655 1654 1653
f 1655 1653 1648
f 1659 52 54
f 1659 54 61
f 1660 61 62
f 1660 62 69
f 1660 1659 61
f 1661 1662 52
f 1661 52 1659
f 1663 69 1612
f 1663 1660 69
f 1663 1659 1660
f 1663 1661 1659
f 1664 1665 1662
f 1664 1666 1665
f 1664 1662 1661
f 1667 1668 1666
f 1667 1612 1668
f 1667 1666 1664
f 1667 1663 1612
f 1667 1661 1663
f 1667 1664 1661
f 1669 391 390
f 1670 390 386
f 1670 386 388
f 1670 1669 390
f 1671 1637 391
f 1671 391 1669
f 1672 388 1673
f 1672 1669 1670
f 1672 1670 388
f 1672 1671 1669
f 1674 1675 1637
f 1674 1637 1671
f 1676 1677 1675
f 1676 1673 1677
f 1676 1671 1672
f 1676 1675 1674
f 1676 1674 1671
f 1676 1672 1673
f 1678 53 52
f 1678 1679 53
f 1680 1681 53
f 1680 53 1679
f 1682 1680 1679
f 1682 1678 52
f 1682 1679 1678
f 1683 1681 1680
f 1684 1662 1681
f 1684 1680 1682
f 1684 1681 1683
f 1684 1683 1680
f 1685 52 1662
f 1685 1682 52
f 1685 1662 1684
f 1685 1684 1682
f 1686 388 387
f 1686 1687 388
f 1688 1673 388
f 1688 388 1687
f 1689 1688 1687
f 1689 1686 387
f 1689 1687 1686
f 1690 1673 1688
f 1691 1692 1673
f 1691 1688 1689
f 1691 1673 1690
f 1691 1690 1688
f 1693 387 1692
f 1693 1689 387
f 1693 1692 1691
f 1693 1691 1689
f 1694 73 60
f 1695 60 51
f 1695 51 53
f 1695 1694 60
f 1696 1697 73
f 1696 73 1694
f 1698 53 1681
f 1698 1694 1695
f 1698 1695 53
f 1698 1696 1694
f 1699 1700 1697
f 1699 1697 1696
f 1701 1702 1700
f 1701 1681 1702
f 1701 1696 1698
f 1701 1700 1699
f 1701 1699 1696
f 1701 1698 1681
f 1703 387 389
f 1703 389 392
f 1704 392 353
f 1704 353 355
f 1704 1703 392
f 1705 1692 387
f 1705 387 1703
f 1706 355 1707
f 1706 1704 355
f 1706 1703 1704
f 1706 1705 1703
f 1708 1709 1692
f 1708 1710 1709
f 1708 1692 1705
f 1711 1712 1710
f 1711 1707 1712
f 1711 1705 1706
f 1711 1710 1708
f 1711 1706 1707
f 1711 1708 1705
f 1713 76 72
f 1713 72 73
f 1714 73 1697
f 1714 1715 1716
f 1714 1716 1713
f 1714 1713 73
f 1717 1718 1719
f 1717 1697 1718
f 1717 1714 1697
f 1717 1720 1715
f 1717 1715 1714
f 1721 189 100
f 1721 100 97
f 1721 97 93
f 1722 93 92
f 1722 1721 93
f 1723 92 90
f 1723 90 88
f 1723 88 84
f 1723 84 76
f 1723 1722 92
f 1723 1713 1716
f 1723 76 1713
f 1724 1716 1715
f 1724 1721 1722
f 1724 1723 1716
f 1724 1722 1723
f 1724 189 1721
f 1725 1726 189
f 1725 189 1724
f 1725 1715 1720
f 1725 1724 1715
f 1727 1728 1726
f 1727 1729 1728
f 1727 1730 1729
f 1727 1726 1725
f 1731 1732 1730
f 1731 1730 1727
f 1731 1727 1725
f 1733 1734 1732
f 1733 1735 1734
f 1733 1736 1735
f 1733 1719 1736
f 1733 1717 1719
f 1733 1720 1717
f 1733 1725 1720
f 1733 1732 1731
f 1733 1731 1725
f 1737 355 354
f 1738 1707 355
f 1738 355 1737
f 1739 1737 1740
f 1739 1738 1737
f 1741 1742 1707
f 1741 1707 1738
f 1743 1741 1738
f 1743 1738 1739
f 1744 354 375
f 1744 375 370
f 1744 370 368
f 1744 368 367
f 1744 1737 354
f 1744 1740 1737
f 1745 367 373
f 1745 1744 367
f 1746 373 377
f 1746 377 337
f 1746 337 336
f 1746 336 335
f 1746 1745 373
f 1747 1745 1746
f 1747 1746 335
f 1747 1739 1740
f 1747 1740 1744
f 1747 1744 1745
f 1748 335 1749
f 1748 1747 335
f 1748 1739 1747
f 1748 1743 1739
f 1750 1751 1742
f 1750 1752 1751
f 1750 1753 1752
f 1750 1754 1753
f 1750 1742 1741
f 1750 1741 1743
f 1750 1743 1748
f 1755 1754 1750
f 1755 1750 1748
f 1756 1757 1754
f 1756 1754 1755
f 1756 1755 1748
f 1758 1759 1757
f 1758 1760 1759
f 1758 1761 1760
f 1758 1749 1761
f 1758 1748 1749
f 1758 1757 1756
f 1758 1756 1748
f 1762 198 189
f 1762 1763 198
f 1764 1765 198
f 1764 198 1763
f 1766 1764 1763
f 1766 1762 189
f 1766 1763 1762
f 1767 1765 1764
f 1768 1726 1765
f 1768 1764 1766
f 1768 1765 1767
f 1768 1767 1764
f 1769 189 1726
f 1769 1766 189
f 1769 1726 1768
f 1769 1768 1766
f 1770 335 327
f 1770 1771 335
f 1772 1749 335
f 1772 335 1771
f 1773 1772 1771
f 1773 1770 327
f 1773 1771 1770
f 1774 1749 1772
f 1775 1776 1749
f 1775 1772 1773
f 1775 1749 1774
f 1775 1774 1772
f 1777 327 1776
f 1777 1773 327
f 1777 1776 1775
f 1777 1775 1773
f 1778 82 81
f 1779 1780 82
f 1779 82 1778
f 1781 1778 1782
f 1781 1779 1778
f 1783 1784 1780
f 1783 1780 1779
f 1785 1783 1779
f 1785 1779 1781
f 1786 81 122
f 1786 122 124
f 1786 124 127
f 1786 127 129
f 1786 1778 81
f 1786 1782 1778
f 1787 129 132
f 1787 1786 129
f 1788 132 134
f 1788 134 135
f 1788 135 197
f 1788 197 198
f 1788 1787 132
f 1789 198 1765
f 1789 1787 1788
f 1789 1788 198
f 1789 1781 1782
f 1789 1782 1786
f 1789 1786 1787
f 1790 1789 1765
f 1790 1781 1789
f 1790 1785 1781
f 1791 1792 1784
f 1791 1793 1792
f 1791 1794 1793
f 1791 1795 1794
f 1791 1784 1783
f 1791 1783 1785
f 1791 1785 1790
f 1796 1795 1791
f 1796 1791 1790
f 1797 1798 1795
f 1797 1795 1796
f 1797 1796 1790
f 1799 1800 1798
f 1799 1801 1800
f 1799 1802 1801
f 1799 1765 1802
f 1799 1790 1765
f 1799 1798 1797
f 1799 1797 1790
f 1803 325 326
f 1803 326 328
f 1804 327 1805
f 1806 328 1807
f 1806 1804 1805
f 1806 1805 1803
f 1806 1803 328
f 1808 1809 1810
f 1808 1807 1809
f 1808 1806 1807
f 1808 1811 1804
f 1808 1804 1806
f 1812 327 324
f 1812 324 320
f 1812 320 318
f 1812 318 317
f 1812 317 315
f 1812 315 313
f 1812 313 307
f 1812 307 325
f 1812 1805 327
f 1812 1803 1805
f 1812 325 1803
f 1813 1776 327
f 1813 327 1804
f 1813 1804 1811
f 1814 1815 1776
f 1814 1816 1815
f 1814 1817 1816
f 1814 1776 1813
f 1818 1819 1817
f 1818 1817 1814
f 1818 1814 1813
f 1820 1821 1819
f 1820 1822 1821
f 1820 1823 1822
f 1820 1810 1823
f 1820 1813 1811
f 1820 1818 1813
f 1820 1808 1810
f 1820 1819 1818
f 1820 1811 1808
f 1824 65 67
f 1824 67 96
f 1825 96 83
f 1825 83 82
f 1825 1824 96
f 1826 1827 65
f 1826 65 1824
f 1828 82 1780
f 1828 1824 1825
f 1828 1825 82
f 1828 1826 1824
f 1829 1830 1827
f 1829 1831 1830
f 1829 1827 1826
f 1832 1833 1831
f 1832 1780 1833
f 1832 1826 1828
f 1832 1831 1829
f 1832 1828 1780
f 1832 1829 1826
f 1834 328 322
f 1835 322 302
f 1835 302 304
f 1835 1834 322
f 1836 1807 328
f 1836 328 1834
f 1837 304 1838
f 1837 1834 1835
f 1837 1835 304
f 1837 1836 1834
f 1839 1840 1807
f 1839 1807 1836
f 1841 1842 1840
f 1841 1838 1842
f 1841 1836 1837
f 1841 1840 1839
f 1841 1839 1836
f 1841 1837 1838
f 1843 66 65
f 1843 1844 66
f 1845 1846 66
f 1845 66 1844
f 1847 1845 1844
f 1847 1843 65
f 1847 1844 1843
f 1848 1846 1845
f 1849 1827 1846
f 1849 1845 1847
f 1849 1846 1848
f 1849 1848 1845
f 1850 65 1827
f 1850 1847 65
f 1850 1827 1849
f 1850 1849 1847
f 1851 304 303
f 1851 1852 304
f 1853 1838 304
f 1853 304 1852
f 1854 1853 1852
f 1854 1851 303
f 1854 1852 1851
f 1855 1838 1853
f 1856 1857 1838
f 1856 1853 1854
f 1856 1838 1855
f 1856 1855 1853
f 1858 303 1857
f 1858 1854 303
f 1858 1857 1856
f 1858 1856 1854
f 1859 120 95
f 1860 95 64
f 1860 64 66
f 1860 1859 95
f 1861 1862 120
f 1861 120 1859
f 1863 66 1846
f 1863 1859 1860
f 1863 1860 66
f 1863 1861 1859
f 1864 1865 1862
f 1864 1862 1861
f 1866 1867 1865
f 1866 1846 1867
f 1866 1861 1863
f 1866 1865 1864
f 1866 1864 1861
f 1866 1863 1846
f 1868 303 305
f 1868 305 323
f 1869 323 275
f 1869 275 274
f 1869 1868 323
f 1870 1857 303
f 1870 303 1868
f 1871 274 1872
f 1871 1869 274
f 1871 1868 1869
f 1871 1870 1868
f 1873 1874 1857
f 1873 1875 1874
f 1873 1857 1870
f 1876 1877 1875
f 1876 1872 1877
f 1876 1870 1871
f 1876 1875 1873
f 1876 1871 1872
f 1876 1873 1870
f 1878 121 119
f 1878 119 120
f 1879 120 1862
f 1879 1880 1881
f 1879 1881 1878
f 1879 1878 120
f 1882 1883 1884
f 1882 1862 1883
f 1882 1879 1862
f 1882 1885 1880
f 1882 1880 1879
f 1886 224 136
f 1886 136 133
f 1886 133 131
f 1886 131 130
f 1886 1881 1880
f 1886 1880 224
f 1887 130 128
f 1887 128 126
f 1887 126 123
f 1887 123 121
f 1887 1878 1881
f 1887 121 1878
f 1887 1881 1886
f 1887 1886 130
f 1888 1889 224
f 1888 224 1880
f 1888 1880 1885
f 1890 1891 1889
f 1890 1892 1891
f 1890 1893 1892
f 1890 1889 1888
f 1894 1895 1893
f 1894 1893 1890
f 1894 1890 1888
f 1896 1897 1895
f 1896 1898 1897
f 1896 1899 1898
f 1896 1884 1899
f 1896 1882 1884
f 1896 1895 1894
f 1896 1885 1882
f 1896 1888 1885
f 1896 1894 1888
f 1900 274 273
f 1901 1872 274
f 1901 274 1900
f 1902 1900 1903
f 1902 1901 1900
f 1904 1905 1872
f 1904 1872 1901
f 1906 1904 1901
f 1906 1901 1902
f 1907 273 309
f 1907 309 308
f 1907 308 314
f 1907 314 316
f 1907 1900 273
f 1907 1903 1900
f 1908 1907 316
f 1909 316 319
f 1909 1908 316
f 1910 319 321
f 1910 321 301
f 1910 301 300
f 1910 300 294
f 1910 1909 319
f 1911 1903 1907
f 1911 1908 1909
f 1911 1902 1903
f 1911 1910 294
f 1911 1907 1908
f 1911 1909 1910
f 1912 294 1913
f 1912 1906 1902
f 1912 1911 294
f 1912 1902 1911
f 1914 1915 1905
f 1914 1916 1915
f 1914 1917 1916
f 1914 1918 1917
f 1914 1905 1904
f 1914 1904 1906
f 1914 1906 1912
f 1919 1918 1914
f 1919 1914 1912
f 1920 1921 1918
f 1920 1918 1919
f 1920 1919 1912
f 1922 1923 1921
f 1922 1924 1923
f 1922 1925 1924
f 1922 1913 1925
f 1922 1912 1913
f 1922 1921 1920
f 1922 1920 1912
f 1926 225 224
f 1926 1927 225
f 1928 1929 225
f 1928 225 1927
f 1930 1928 1927
f 1930 1926 224
f 1930 1927 1926
f 1931 1929 1928
f 1932 1889 1929
f 1932 1928 1930
f 1932 1929 1931
f 1932 1931 1928
f 1933 224 1889
f 1933 1930 224
f 1933 1889 1932
f 1933 1932 1930
f 1934 294 293
f 1934 1935 294
f 1936 1913 294
f 1936 294 1935
f 1937 1936 1935
f 1937 1934 293
f 1937 1935 1934
f 1938 1913 1936
f 1939 1940 1913
f 1939 1936 1937
f 1939 1913 1938
f 1939 1938 1936
f 1941 293 1940
f 1941 1937 293
f 1941 1940 1939
f 1941 1939 1937
f 1942 140 139
f 1943 1944 140
f 1943 140 1942
f 1945 1942 1946
f 1945 1943 1942
f 1947 1948 1944
f 1947 1944 1943
f 1949 1947 1943
f 1949 1943 1945
f 1950 139 173
f 1950 173 175
f 1950 175 177
f 1950 177 179
f 1950 1942 139
f 1950 1946 1942
f 1951 1950 179
f 1952 179 182
f 1952 1951 179
f 1953 182 184
f 1953 184 185
f 1953 185 235
f 1953 235 225
f 1953 1952 182
f 1954 1946 1950
f 1954 1951 1952
f 1954 1945 1946
f 1954 1953 225
f 1954 1950 1951
f 1954 1952 1953
f 1955 225 1929
f 1955 1949 1945
f 1955 1954 225
f 1955 1945 1954
f 1956 1957 1948
f 1956 1958 1957
f 1956 1959 1958
f 1956 1960 1959
f 1956 1948 1947
f 1956 1947 1949
f 1956 1949 1955
f 1961 1960 1956
f 1961 1956 1955
f 1962 1963 1960
f 1962 1960 1961
f 1962 1961 1955
f 1964 1965 1963
f 1964 1966 1965
f 1964 1967 1966
f 1964 1929 1967
f 1964 1955 1929
f 1964 1963 1962
f 1964 1962 1955
f 1968 246 244
f 1968 244 245
f 1969 245 1970
f 1969 1968 245
f 1971 1972 1973
f 1971 1970 1972
f 1971 1969 1970
f 1971 1974 1975
f 1971 1975 1969
f 1976 246 1968
f 1977 1940 293
f 1977 1975 1974
f 1978 1979 1940
f 1978 1980 1979
f 1978 1981 1980
f 1978 1940 1977
f 1982 1983 1981
f 1982 1981 1978
f 1982 1978 1977
f 1984 1985 1983
f 1984 1986 1985
f 1984 1987 1986
f 1984 1973 1987
f 1984 1971 1973
f 1984 1983 1982
f 1984 1974 1971
f 1984 1977 1974
f 1984 1982 1977
f 1988 293 260
f 1988 1976 1989
f 1990 260 257
f 1990 257 255
f 1990 255 254
f 1990 1988 260
f 1991 254 252
f 1991 252 250
f 1991 250 248
f 1991 248 246
f 1991 1990 254
f 1991 246 1976
f 1991 1976 1988
f 1991 1988 1990
f 1992 1976 1968
f 1992 1989 1976
f 1992 1968 1993
f 1994 1993 1968
f 1994 1992 1993
f 1994 1968 1969
f 1994 1969 1975
f 1994 1975 1977
f 1995 1977 293
f 1995 293 1988
f 1995 1988 1989
f 1995 1994 1977
f 1995 1989 1992
f 1995 1992 1994
f 1996 145 147
f 1996 147 163
f 1997 163 141
f 1997 141 140
f 1997 1996 163
f 1998 1999 145
f 1998 145 1996
f 2000 140 1944
f 2000 1997 140
f 2000 1996 1997
f 2000 1998 1996
f 2001 2002 1999
f 2001 2003 2002
f 2001 1999 1998
f 2004 2005 2003
f 2004 1944 2005
f 2004 1998 2000
f 2004 2003 2001
f 2004 2000 1944
f 2004 2001 1998
f 2006 245 236
f 2007 236 229
f 2007 229 231
f 2007 2006 236
f 2008 1970 245
f 2008 245 2006
f 2009 231 2010
f 2009 2006 2007
f 2009 2007 231
f 2009 2008 2006
f 2011 2012 1970
f 2011 1970 2008
f 2013 2014 2012
f 2013 2010 2014
f 2013 2008 2009
f 2013 2012 2011
f 2013 2011 2008
f 2013 2009 2010
f 2015 146 145
f 2015 2016 146
f 2017 2018 146
f 2017 146 2016
f 2019 2017 2016
f 2019 2015 145
f 2019 2016 2015
f 2020 2018 2017
f 2021 1999 2018
f 2021 2017 2019
f 2021 2018 2020
f 2021 2020 2017
f 2022 145 1999
f 2022 2019 145
f 2022 1999 2021
f 2022 2021 2019
f 2023 231 230
f 2023 2024 231
f 2025 2010 231
f 2025 231 2024
f 2026 2025 2024
f 2026 2023 230
f 2026 2024 2023
f 2027 2010 2025
f 2028 2029 2010
f 2028 2025 2026
f 2028 2010 2027
f 2028 2027 2025
f 2030 230 2029
f 2030 2026 230
f 2030 2029 2028
f 2030 2028 2026
f 2031 171 162
f 2032 162 144
f 2032 144 146
f 2032 2031 162
f 2033 2034 171
f 2033 171 2031
f 2035 146 2018
f 2035 2031 2032
f 2035 2032 146
f 2035 2033 2031
f 2036 2037 2034
f 2036 2034 2033
f 2038 2039 2037
f 2038 2018 2039
f 2038 2033 2035
f 2038 2037 2036
f 2038 2036 2033
f 2038 2035 2018
f 2040 230 232
f 2040 232 237
f 2041 237 203
f 2041 203 202
f 2041 2040 237
f 2042 2029 230
f 2042 230 2040
f 2043 202 2044
f 2043 2041 202
f 2043 2040 2041
f 2043 2042 2040
f 2045 2046 2029
f 2045 2047 2046
f 2045 2029 2042
f 2048 2049 2047
f 2048 2044 2049
f 2048 2042 2043
f 2048 2047 2045
f 2048 2043 2044
f 2048 2045 2042
f 2050 234 186
f 2050 186 183
f 2050 183 181
f 2050 181 180
f 2050 180 178
f 2050 178 176
f 2050 176 174
f 2051 174 172
f 2051 172 170
f 2051 170 171
f 2051 2050 174
f 2052 234 2050
f 2053 171 2034
f 2053 2052 2050
f 2053 2050 2051
f 2053 2051 171
f 2054 2055 2056
f 2054 2034 2055
f 2054 2053 2034
f 2054 2057 2052
f 2054 2052 2053
f 2058 2059 234
f 2058 234 2052
f 2058 2052 2057
f 2060 2061 2059
f 2060 2062 2061
f 2060 2063 2062
f 2060 2059 2058
f 2064 2065 2063
f 2064 2060 2058
f 2064 2063 2060
f 2066 2067 2065
f 2066 2068 2067
f 2066 2069 2068
f 2066 2056 2069
f 2066 2054 2056
f 2066 2057 2054
f 2066 2058 2057
f 2066 2064 2058
f 2066 2065 2064
f 2070 202 201
f 2071 2044 202
f 2071 202 2070
f 2072 2070 2073
f 2072 2071 2070
f 2074 2075 2044
f 2074 2044 2071
f 2076 2074 2071
f 2076 2071 2072
f 2077 201 247
f 2077 247 249
f 2077 249 251
f 2077 251 253
f 2077 2070 201
f 2077 2073 2070
f 2078 2077 253
f 2079 253 256
f 2079 2078 253
f 2080 256 258
f 2080 258 259
f 2080 259 262
f 2080 262 263
f 2080 2079 256
f 2081 2073 2077
f 2081 2078 2079
f 2081 2072 2073
f 2081 2080 263
f 2081 2077 2078
f 2081 2079 2080
f 2082 263 2083
f 2082 2081 263
f 2082 2076 2072
f 2082 2072 2081
f 2084 2085 2075
f 2084 2086 2085
f 2084 2087 2086
f 2084 2088 2087
f 2084 2075 2074
f 2084 2074 2076
f 2084 2076 2082
f 2089 2088 2084
f 2089 2084 2082
f 2090 2091 2088
f 2090 2088 2089
f 2090 2089 2082
f 2092 2093 2091
f 2092 2094 2093
f 2092 2095 2094
f 2092 2083 2095
f 2092 2082 2083
f 2092 2091 2090
f 2092 2090 2082
f 2096 263 234
f 2096 2097 263
f 2098 2083 263
f 2098 263 2097
f 2099 2098 2097
f 2099 2096 234
f 2099 2097 2096
f 2100 2083 2098
f 2101 2059 2083
f 2101 2098 2099
f 2101 2083 2100
f 2101 2100 2098
f 2102 234 2059
f 2102 2099 234
f 2102 2059 2101
f 2102 2101 2099
f 2103 413 2104
f 2103 459 413
f 2105 497 459
f 2105 459 2103
f 2106 514 497
f 2106 492 514
f 2106 497 2105
f 2107 492 2106
f 2108 480 492
f 2108 439 480
f 2108 492 2107
f 2109 439 2108
f 2110 395 439
f 2110 439 2109
f 2111 379 395
f 2111 395 2110
f 2112 331 379
f 2112 379 2111
f 2113 299 331
f 2113 331 2112
f 2114 292 299
f 2114 299 2113
f 2115 292 2114
f 2115 261 292
f 2115 233 261
f 2116 233 2115
f 2116 223 233
f 2117 223 2116
f 2118 223 2117
f 2118 196 223
f 2119 196 2118
f 2119 188 196
f 2120 188 2119
f 2120 193 188
f 2120 204 193
f 2121 204 2120
f 2122 204 2121
f 2122 226 204
f 2123 226 2122
f 2123 241 226
f 2124 241 2123
f 2124 267 241
f 2125 267 2124
f 2125 296 267
f 2126 296 2125
f 2126 329 296
f 2127 357 329
f 2127 329 2126
f 2128 365 357
f 2128 357 2127
f 2104 413 365
f 2104 365 2128
f 2129 594 593
f 2129 593 589
f 2130 589 2131
f 2130 2132 2133
f 2130 2133 2129
f 2130 2129 589
f 2134 2135 2136
f 2134 2131 2135
f 2134 2130 2131
f 2134 2137 2132
f 2134 2132 2130
f 2138 10 601
f 2138 601 602
f 2138 602 603
f 2138 603 605
f 2138 2133 2132
f 2138 2132 10
f 2139 605 607
f 2139 607 608
f 2139 608 609
f 2139 609 594
f 2139 2129 2133
f 2139 594 2129
f 2139 2133 2138
f 2139 2138 605
f 2140 617 10
f 2140 10 2132
f 2140 2132 2137
f 2141 2142 617
f 2141 2143 2142
f 2141 2144 2143
f 2141 617 2140
f 2145 2146 2144
f 2145 2144 2141
f 2145 2141 2140
f 2147 2148 2146
f 2147 2149 2148
f 2147 2150 2149
f 2147 2136 2150
f 2147 2134 2136
f 2147 2146 2145
f 2147 2137 2134
f 2147 2140 2137
f 2147 2145 2140
f 2151 2152 2153
f 2151 2153 2154
f 2155 2156 2157
f 2158 2155 2157
f 2159 2155 2158
f 2160 2154 2161
f 2160 2151 2154
f 2162 2160 2161
f 2163 2159 2158
f 2164 2165 2166
f 2164 2166 2167
f 2168 2162 2169
f 2170 2171 2159
f 2172 2173 2160
f 2172 2160 2162
f 2174 2159 2163
f 2174 2170 2159
f 2175 2170 2174
f 2176 2162 2168
f 2176 2172 2162
f 2177 2178 2179
f 2180 2176 2168
f 2181 2182 2183
f 2184 2176 2180
f 2184 2180 2185
f 2186 2174 2187
f 2186 2175 2174
f 2188 2184 2185
f 2188 2185 2189
f 2190 2188 2189
f 2190 2189 2191
f 2192 2190 2191
f 2193 2192 2191
f 2193 2191 2194
f 2195 2167 2196
f 2195 2196 2182
f 2195 2164 2167
f 2197 2193 2194
f 2197 2194 2198
f 2197 2198 2199
f 2200 2197 2199
f 2201 2175 2186
f 2201 2202 2175
f 2203 2204 2202
f 2203 2202 2201
f 2205 2206 2204
f 2205 2204 2203
f 2207 2206 2205
f 2207 2208 2209
f 2207 2209 2206
f 2210 2211 2208
f 2210 2208 2207
f 2212 2211 2210
f 2213 2214 2211
f 2213 2211 2212
f 2215 2178 2177
f 2215 2216 2178
f 2217 2218 2216
f 2219 2195 2182
f 2219 2220 2195
f 2221 2181 2222
f 2221 2219 2182
f 2221 2182 2181
f 2223 2222 2224
f 2223 2221 2222
f 2225 2216 2215
f 2226 2224 2227
f 2226 2223 2224
f 2228 2227 2229
f 2228 2226 2227
f 2230 2228 2229
f 2231 2229 2232
f 2231 2230 2229
f 2233 2232 2234
f 2233 2234 2235
f 2233 2231 2232
f 2236 2233 2235
f 2237 2216 2225
f 2237 2238 2217
f 2237 2217 2216
f 2239 2240 2241
f 2242 2238 2237
f 2242 2237 2243
f 2244 2245 2246
f 2244 2246 2247
f 2248 2238 2242
f 2248 2249 2238
f 2250 2249 2248
f 2250 2251 2249
f 2252 2251 2250
f 2252 2253 2251
f 2254 2255 2256
f 2254 2256 2253
f 2254 2253 2252
f 2257 2255 2254
f 2257 2258 2255
f 2259 2258 2257
f 2260 2258 2259
f 2260 2261 2258
f 2262 2244 2247
f 2262 2247 2263
f 2262 2263 2240
f 2264 2265 2266
f 2267 2268 2269
f 2270 2262 2240
f 2270 2271 2262
f 2272 2270 2240
f 2272 2240 2239
f 2272 2239 2273
f 2274 2272 2273
f 2274 2273 2275
f 2276 2274 2275
f 2276 2275 2277
f 2278 2276 2277
f 2278 2277 2279
f 2280 2278 2279
f 2281 2280 2279
f 2281 2279 2282
f 2283 2281 2282
f 2283 2282 2284
f 2283 2284 2285
f 2286 2283 2285
f 2287 2265 2264
f 2287 2269 2265
f 2119 2288 2200
f 2119 2199 2289
f 2119 2289 2290
f 2119 2200 2199
f 2291 2269 2287
f 2120 2119 2290
f 2120 2290 2292
f 2120 2292 2214
f 2120 2213 2293
f 2120 2214 2213
f 2118 2235 2294
f 2118 2294 2295
f 2118 2295 2288
f 2118 2288 2119
f 2296 2267 2269
f 2296 2297 2267
f 2296 2269 2291
f 2298 2299 2300
f 2121 2120 2293
f 2121 2293 2301
f 2121 2301 2302
f 2303 2296 2304
f 2303 2297 2296
f 2305 2306 2297
f 2305 2297 2303
f 2307 2308 2306
f 2307 2306 2305
f 2309 2310 2308
f 2309 2308 2307
f 2311 2312 2313
f 2311 2313 2310
f 2311 2310 2309
f 2314 2315 2312
f 2314 2312 2311
f 2316 2315 2314
f 2317 2315 2316
f 2317 2318 2315
f 2117 2236 2235
f 2117 2235 2118
f 2117 2319 2320
f 2117 2320 2236
f 2122 2260 2321
f 2122 2321 2322
f 2122 2261 2260
f 2122 2302 2261
f 2122 2121 2302
f 2323 2324 2325
f 2323 2325 2326
f 2116 2319 2117
f 2116 2286 2285
f 2116 2327 2286
f 2116 2285 2328
f 2116 2328 2319
f 2329 2323 2326
f 2329 2326 2330
f 2329 2330 2299
f 2331 2332 2333
f 2123 2322 2334
f 2123 2334 2318
f 2123 2122 2322
f 2123 2318 2317
f 2123 2317 2335
f 2336 2337 2329
f 2336 2329 2299
f 2338 2298 2339
f 2338 2336 2299
f 2338 2299 2298
f 2340 2339 2341
f 2340 2338 2339
f 2342 2340 2341
f 2342 2341 2343
f 2344 2342 2343
f 2344 2343 2345
f 2346 2344 2345
f 2347 2345 2348
f 2347 2346 2345
f 2349 2348 2350
f 2349 2350 2351
f 2349 2347 2348
f 2352 2349 2351
f 2115 2327 2116
f 2115 2351 2353
f 2115 2353 2354
f 2115 2354 2327
f 2115 2352 2351
f 2355 2356 2357
f 2124 2335 2358
f 2124 2358 2359
f 2124 2359 2360
f 2124 2123 2335
f 2361 2333 2356
f 2361 2356 2355
f 2362 2333 2361
f 2363 2364 2365
f 2366 2333 2362
f 2366 2367 2331
f 2366 2331 2333
f 2368 2369 2367
f 2370 2369 2368
f 2370 2371 2369
f 2372 2371 2370
f 2372 2373 2371
f 2374 2373 2372
f 2374 2375 2376
f 2374 2376 2373
f 2377 2375 2374
f 2377 2378 2375
f 2379 2368 2367
f 2379 2366 2380
f 2379 2367 2366
f 2381 2378 2377
f 2114 2382 2383
f 2114 2383 2352
f 2114 2352 2115
f 2384 2360 2378
f 2384 2378 2381
f 2125 2360 2384
f 2125 2384 2385
f 2125 2385 2386
f 2125 2124 2360
f 2113 2382 2114
f 2113 2387 2388
f 2113 2388 2382
f 2389 2390 2391
f 2389 2391 2392
f 2393 2125 2386
f 2394 2395 2396
f 2397 2398 2399
f 2400 2394 2396
f 2400 2396 2401
f 2402 2401 2403
f 2402 2400 2401
f 2404 2402 2403
f 2405 2403 2406
f 2405 2404 2403
f 2407 2406 2408
f 2407 2408 2387
f 2407 2405 2406
f 2409 2392 2410
f 2409 2410 2364
f 2409 2389 2392
f 2411 2387 2113
f 2411 2407 2387
f 2412 2364 2363
f 2412 2363 2395
f 2412 2395 2394
f 2413 2409 2364
f 2413 2364 2412
f 2414 2411 2113
f 2415 2409 2413
f 2126 2393 2416
f 2126 2125 2393
f 2112 2414 2113
f 2417 2418 2419
f 2420 2414 2112
f 2421 2420 2112
f 2422 2421 2112
f 2423 2424 2425
f 2426 2424 2423
f 2426 2427 2424
f 2428 2425 2429
f 2428 2423 2425
f 2430 2427 2426
f 2430 2431 2432
f 2430 2432 2427
f 2433 2434 2431
f 2433 2431 2430
f 2435 2434 2433
f 2436 2434 2435
f 2436 2416 2434
f 2436 2126 2416
f 2437 2126 2436
f 2438 2439 2440
f 2441 2127 2126
f 2441 2126 2437
f 2442 2418 2417
f 2442 2397 2418
f 2443 2428 2429
f 2444 2397 2442
f 2445 2397 2444
f 2445 2443 2429
f 2445 2429 2398
f 2445 2446 2443
f 2445 2398 2397
f 2447 2127 2441
f 2448 2127 2447
f 2448 2128 2127
f 2449 2450 2451
f 2452 2450 2449
f 2452 2453 2450
f 2454 2449 2451
f 2455 2454 2451
f 2455 2451 2456
f 2457 2458 2453
f 2457 2453 2452
f 2459 2455 2456
f 2459 2456 2460
f 2459 2460 2422
f 2461 2112 2111
f 2461 2422 2112
f 2461 2459 2422
f 2462 2461 2111
f 2463 2458 2457
f 2463 2438 2440
f 2463 2440 2458
f 2464 2438 2463
f 2465 2466 2467
f 2468 2469 2470
f 2468 2470 2471
f 2472 2438 2464
f 2472 2468 2471
f 2472 2464 2473
f 2472 2471 2474
f 2472 2474 2438
f 2475 2462 2111
f 2476 2111 2110
f 2476 2475 2111
f 2477 2476 2110
f 647 2478 2479
f 647 2479 2480
f 646 647 2480
f 646 2480 2481
f 650 2482 2478
f 650 2478 647
f 645 646 2481
f 645 2481 2483
f 652 2482 650
f 653 2482 652
f 653 2128 2448
f 653 2448 2482
f 644 645 2483
f 644 2483 2484
f 654 2128 653
f 613 2128 654
f 635 644 2484
f 2485 2486 2487
f 2488 631 635
f 2488 2466 2465
f 2488 635 2484
f 2488 2484 2466
f 2489 2488 2465
f 2490 2491 2492
f 2493 2465 2491
f 2493 2489 2465
f 2493 2491 2490
f 617 2104 2128
f 617 2128 613
f 2142 2104 617
f 2494 2495 2496
f 2494 2496 2497
f 2498 2496 2495
f 2498 2499 2496
f 2500 2494 2497
f 2500 2497 2501
f 2500 2501 2477
f 2502 2499 2498
f 2502 2503 2499
f 2504 2500 2477
f 2504 2477 2110
f 2505 2503 2502
f 2505 2506 2503
f 2507 2110 2109
f 2507 2504 2110
f 2508 2506 2505
f 2508 2487 2506
f 2508 2485 2487
f 2509 2485 2508
f 2510 2135 2131
f 2511 2485 2509
f 2511 2509 2512
f 2511 2513 2514
f 2511 2514 2485
f 2515 2507 2109
f 2516 2515 2109
f 2517 2513 2511
f 2517 2518 2513
f 2519 2516 2109
f 2520 2143 2144
f 2521 2144 2146
f 2521 2146 2148
f 2521 2520 2144
f 2522 2143 2520
f 2523 2142 2143
f 2523 2104 2142
f 2523 2143 2522
f 2524 2148 2149
f 2524 2521 2148
f 2525 2104 2523
f 2526 2149 2150
f 2526 2524 2149
f 2527 2518 2517
f 2528 2103 2104
f 2528 2104 2525
f 2529 2150 2136
f 2529 2526 2150
f 2530 2529 2136
f 2531 2532 2533
f 2534 2103 2528
f 2535 2136 2135
f 2535 2536 2530
f 2535 2135 2510
f 2535 2530 2136
f 2537 2103 2534
f 2538 2539 2540
f 2538 2540 2519
f 2541 2539 2538
f 2541 2542 2539
f 2543 2538 2519
f 2543 2519 2109
f 2544 2542 2541
f 2545 2546 2542
f 2545 2542 2544
f 2547 2109 2108
f 2547 2543 2109
f 2548 2546 2545
f 2548 2549 2546
f 2550 2551 2549
f 2550 2549 2548
f 2552 2535 2510
f 2553 2510 2554
f 2553 2552 2510
f 2555 2531 2533
f 2555 2551 2550
f 2555 2533 2551
f 2556 2547 2108
f 2557 2531 2555
f 2558 2108 2107
f 2558 2556 2108
f 2559 2558 2107
f 2560 2553 2554
f 2560 2554 2561
f 2562 2103 2537
f 2562 2105 2103
f 2562 2537 2563
f 2564 2562 2563
f 2565 2105 2562
f 2566 2563 2567
f 2566 2564 2563
f 2568 2105 2565
f 2569 2567 2570
f 2569 2570 2571
f 2569 2566 2567
f 2572 2571 2573
f 2572 2569 2571
f 2574 2573 2575
f 2574 2572 2573
f 2576 2574 2575
f 2576 2575 2577
f 2578 2106 2105
f 2578 2105 2568
f 2579 2106 2578
f 2580 2559 2107
f 2581 2580 2107
f 2582 2583 2584
f 2582 2584 2559
f 2582 2559 2580
f 2585 2586 2587
f 2588 2589 2583
f 2588 2583 2582
f 2590 2589 2588
f 2591 2589 2590
f 2591 2592 2589
f 2593 2557 2594
f 2593 2595 2596
f 2593 2596 2531
f 2593 2531 2557
f 2597 2592 2591
f 2597 2598 2592
f 2599 2581 2107
f 2599 2107 2106
f 2600 2598 2597
f 2600 2601 2598
f 2602 2599 2106
f 2603 2106 2579
f 2603 2602 2106
f 2603 2579 2604
f 2605 2603 2604
f 2606 2605 2604
f 2606 2604 2607
f 2608 2606 2607
f 2608 2607 2609
f 2608 2609 2610
f 2611 2576 2577
f 2612 2608 2610
f 2612 2610 2613
f 2614 2612 2613
f 2614 2613 2615
f 2616 2614 2615
f 2617 2616 2615
f 2618 2619 2601
f 2618 2601 2600
f 2620 2621 2595
f 2620 2595 2593
f 2622 2623 2619
f 2622 2619 2618
f 2624 2586 2585
f 2624 2577 2586
f 2624 2625 2611
f 2624 2611 2577
f 2626 2622 2618
f 2627 2616 2617
f 2628 2621 2620
f 2629 2624 2585
f 2630 2617 2631
f 2630 2632 2627
f 2630 2627 2617
f 2633 2631 2634
f 2633 2630 2631
f 2635 2585 2636
f 2635 2629 2585
f 2637 2638 2622
f 2637 2622 2626
f 2637 2626 2639
f 2640 2638 2637
f 2641 2630 2633
f 2642 2636 2643
f 2642 2635 2636
f 2644 2640 2637
f 2645 2633 2646
f 2645 2641 2633
f 2647 2640 2644
f 2648 2647 2644
f 2649 2645 2646
f 2649 2646 2650
f 2651 622 625
f 2651 625 626
f 2652 626 628
f 2652 628 13
f 2652 2651 626
f 2653 2490 622
f 2653 622 2651
f 2654 13 631
f 2654 2652 13
f 2654 2651 2652
f 2654 2653 2651
f 2655 2493 2490
f 2655 2489 2493
f 2655 2653 2654
f 2655 2490 2653
f 2656 2488 2489
f 2656 631 2488
f 2656 2655 2654
f 2656 2489 2655
f 2656 2654 631
f 2657 589 661
f 2658 661 663
f 2658 663 659
f 2658 2657 661
f 2659 2131 589
f 2659 589 2657
f 2660 659 2561
f 2660 2657 2658
f 2660 2658 659
f 2660 2659 2657
f 2661 2510 2131
f 2661 2131 2659
f 2662 2554 2510
f 2662 2561 2554
f 2662 2659 2660
f 2662 2510 2661
f 2662 2661 2659
f 2662 2660 2561
f 2663 667 622
f 2663 2664 667
f 2665 2492 667
f 2665 667 2664
f 2666 2665 2664
f 2666 2663 622
f 2666 2664 2663
f 2667 2492 2665
f 2668 2490 2492
f 2668 2665 2666
f 2668 2492 2667
f 2668 2667 2665
f 2669 622 2490
f 2669 2666 622
f 2669 2490 2668
f 2669 2668 2666
f 2670 659 678
f 2670 2671 659
f 2672 2561 659
f 2672 659 2671
f 2673 2672 2671
f 2673 2670 678
f 2673 2671 2670
f 2674 2561 2672
f 2675 2560 2561
f 2675 2672 2673
f 2675 2561 2674
f 2675 2674 2672
f 2676 678 2560
f 2676 2673 678
f 2676 2560 2675
f 2676 2675 2673
f 2677 683 686
f 2678 686 688
f 2678 688 667
f 2678 2677 686
f 2679 2467 683
f 2679 683 2677
f 2680 667 2492
f 2680 2677 2678
f 2680 2678 667
f 2680 2679 2677
f 2681 2465 2467
f 2681 2467 2679
f 2682 2491 2465
f 2682 2492 2491
f 2682 2679 2680
f 2682 2465 2681
f 2682 2681 2679
f 2682 2680 2492
f 2683 678 695
f 2683 695 696
f 2684 696 698
f 2684 698 693
f 2684 2683 696
f 2685 2560 678
f 2685 678 2683
f 2686 693 2536
f 2686 2684 693
f 2686 2683 2684
f 2686 2685 2683
f 2687 2553 2560
f 2687 2552 2553
f 2687 2560 2685
f 2688 2535 2552
f 2688 2536 2535
f 2688 2685 2686
f 2688 2552 2687
f 2688 2686 2536
f 2688 2687 2685
f 2689 705 704
f 2689 704 683
f 2690 683 2467
f 2690 2691 2692
f 2690 2692 2689
f 2690 2689 683
f 2693 2466 2484
f 2693 2467 2466
f 2693 2690 2467
f 2693 2694 2691
f 2693 2691 2690
f 2695 712 714
f 2695 714 715
f 2695 715 716
f 2695 716 718
f 2695 2692 2691
f 2695 2691 712
f 2696 718 720
f 2696 720 721
f 2696 721 722
f 2696 722 705
f 2696 2689 2692
f 2696 705 2689
f 2696 2692 2695
f 2696 2695 718
f 2697 2447 712
f 2697 712 2691
f 2697 2691 2694
f 2698 2448 2447
f 2698 2482 2448
f 2698 2478 2482
f 2698 2447 2697
f 2699 2479 2478
f 2699 2478 2698
f 2699 2698 2697
f 2700 2480 2479
f 2700 2481 2480
f 2700 2483 2481
f 2700 2484 2483
f 2700 2693 2484
f 2700 2479 2699
f 2700 2694 2693
f 2700 2697 2694
f 2700 2699 2697
f 2701 693 728
f 2702 2536 693
f 2702 693 2701
f 2703 2701 2704
f 2703 2702 2701
f 2705 2530 2536
f 2705 2536 2702
f 2706 2705 2702
f 2706 2702 2703
f 2707 728 737
f 2707 737 738
f 2707 738 739
f 2707 739 740
f 2707 2701 728
f 2707 2704 2701
f 2708 2707 740
f 2709 740 743
f 2709 2708 740
f 2710 743 745
f 2710 745 746
f 2710 746 747
f 2710 747 735
f 2710 2709 743
f 2711 2704 2707
f 2711 2708 2709
f 2711 2703 2704
f 2711 2710 735
f 2711 2707 2708
f 2711 2709 2710
f 2712 735 2528
f 2712 2706 2703
f 2712 2711 735
f 2712 2703 2711
f 2713 2529 2530
f 2713 2526 2529
f 2713 2524 2526
f 2713 2521 2524
f 2713 2530 2705
f 2713 2705 2706
f 2713 2706 2712
f 2714 2521 2713
f 2714 2713 2712
f 2715 2520 2521
f 2715 2521 2714
f 2715 2714 2712
f 2716 2522 2520
f 2716 2523 2522
f 2716 2525 2523
f 2716 2528 2525
f 2716 2712 2528
f 2716 2520 2715
f 2716 2715 2712
f 2717 751 712
f 2717 2718 751
f 2719 2441 751
f 2719 751 2718
f 2720 2719 2718
f 2720 2717 712
f 2720 2718 2717
f 2721 2441 2719
f 2722 2447 2441
f 2722 2719 2720
f 2722 2441 2721
f 2722 2721 2719
f 2723 712 2447
f 2723 2720 712
f 2723 2447 2722
f 2723 2722 2720
f 2724 735 762
f 2724 2725 735
f 2726 2528 735
f 2726 735 2725
f 2727 2726 2725
f 2727 2724 762
f 2727 2725 2724
f 2728 2528 2726
f 2729 2534 2528
f 2729 2726 2727
f 2729 2528 2728
f 2729 2728 2726
f 2730 762 2534
f 2730 2727 762
f 2730 2534 2729
f 2730 2729 2727
f 2731 766 770
f 2732 2446 766
f 2732 766 2731
f 2733 2731 2734
f 2733 2732 2731
f 2735 2443 2446
f 2735 2446 2732
f 2736 2735 2732
f 2736 2732 2733
f 2737 770 779
f 2737 779 780
f 2737 780 781
f 2737 781 782
f 2737 2731 770
f 2737 2734 2731
f 2738 2737 782
f 2739 782 785
f 2739 2738 782
f 2740 785 787
f 2740 787 788
f 2740 788 789
f 2740 789 751
f 2740 2739 785
f 2741 751 2441
f 2741 2733 2734
f 2741 2740 751
f 2741 2738 2739
f 2741 2734 2737
f 2741 2737 2738
f 2741 2739 2740
f 2742 2733 2741
f 2742 2736 2733
f 2742 2741 2441
f 2743 2428 2443
f 2743 2423 2428
f 2743 2426 2423
f 2743 2430 2426
f 2743 2443 2735
f 2743 2735 2736
f 2743 2736 2742
f 2744 2430 2743
f 2744 2743 2742
f 2745 2433 2430
f 2745 2430 2744
f 2745 2744 2742
f 2746 2435 2433
f 2746 2436 2435
f 2746 2437 2436
f 2746 2441 2437
f 2746 2742 2441
f 2746 2433 2745
f 2746 2745 2742
f 2747 797 796
f 2747 796 792
f 2748 792 2587
f 2748 2749 2750
f 2748 2750 2747
f 2748 2747 792
f 2751 2586 2577
f 2751 2587 2586
f 2751 2748 2587
f 2751 2752 2749
f 2751 2749 2748
f 2753 762 805
f 2753 805 806
f 2753 806 807
f 2754 807 809
f 2754 2753 807
f 2755 809 811
f 2755 811 812
f 2755 812 813
f 2755 813 797
f 2755 2754 809
f 2755 2747 2750
f 2755 797 2747
f 2756 2750 2749
f 2756 2753 2754
f 2756 2755 2750
f 2756 2754 2755
f 2756 762 2753
f 2757 2534 762
f 2757 762 2756
f 2757 2749 2752
f 2757 2756 2749
f 2758 2537 2534
f 2758 2563 2537
f 2758 2567 2563
f 2758 2534 2757
f 2759 2570 2567
f 2759 2567 2758
f 2759 2758 2757
f 2760 2571 2570
f 2760 2573 2571
f 2760 2575 2573
f 2760 2577 2575
f 2760 2751 2577
f 2760 2752 2751
f 2760 2757 2752
f 2760 2570 2759
f 2760 2759 2757
f 2761 817 820
f 2761 820 821
f 2762 821 823
f 2762 823 766
f 2762 2761 821
f 2763 2417 817
f 2763 817 2761
f 2764 766 2446
f 2764 2762 766
f 2764 2761 2762
f 2764 2763 2761
f 2765 2442 2417
f 2765 2444 2442
f 2765 2417 2763
f 2766 2445 2444
f 2766 2446 2445
f 2766 2444 2765
f 2766 2764 2446
f 2766 2763 2764
f 2766 2765 2763
f 2767 792 830
f 2768 830 832
f 2768 832 828
f 2768 2767 830
f 2769 2587 792
f 2769 792 2767
f 2770 828 2643
f 2770 2767 2768
f 2770 2768 828
f 2770 2769 2767
f 2771 2585 2587
f 2771 2587 2769
f 2772 2636 2585
f 2772 2643 2636
f 2772 2769 2770
f 2772 2585 2771
f 2772 2771 2769
f 2772 2770 2643
f 2773 836 817
f 2773 2774 836
f 2775 2419 836
f 2775 836 2774
f 2776 2775 2774
f 2776 2773 817
f 2776 2774 2773
f 2777 2419 2775
f 2778 2417 2419
f 2778 2775 2776
f 2778 2419 2777
f 2778 2777 2775
f 2779 817 2417
f 2779 2776 817
f 2779 2417 2778
f 2779 2778 2776
f 2780 828 847
f 2780 2781 828
f 2782 2643 828
f 2782 828 2781
f 2783 2782 2781
f 2783 2780 847
f 2783 2781 2780
f 2784 2643 2782
f 2785 2642 2643
f 2785 2782 2783
f 2785 2643 2784
f 2785 2784 2782
f 2786 847 2642
f 2786 2783 847
f 2786 2642 2785
f 2786 2785 2783
f 2787 852 855
f 2788 855 857
f 2788 857 836
f 2788 2787 855
f 2789 2399 852
f 2789 852 2787
f 2790 836 2419
f 2790 2787 2788
f 2790 2788 836
f 2790 2789 2787
f 2791 2397 2399
f 2791 2399 2789
f 2792 2418 2397
f 2792 2419 2418
f 2792 2789 2790
f 2792 2397 2791
f 2792 2791 2789
f 2792 2790 2419
f 2793 847 864
f 2793 864 865
f 2794 865 867
f 2794 867 862
f 2794 2793 865
f 2795 2642 847
f 2795 847 2793
f 2796 862 2625
f 2796 2794 862
f 2796 2793 2794
f 2796 2795 2793
f 2797 2635 2642
f 2797 2629 2635
f 2797 2642 2795
f 2798 2624 2629
f 2798 2625 2624
f 2798 2795 2796
f 2798 2629 2797
f 2798 2796 2625
f 2798 2797 2795
f 2799 874 873
f 2799 873 852
f 2800 852 2399
f 2800 2799 852
f 2801 2398 2429
f 2801 2399 2398
f 2801 2800 2399
f 2801 2802 2803
f 2801 2803 2800
f 2804 874 2799
f 2805 2393 879
f 2805 2803 2802
f 2806 2416 2393
f 2806 2434 2416
f 2806 2431 2434
f 2806 2393 2805
f 2807 2432 2431
f 2807 2806 2805
f 2807 2431 2806
f 2808 2427 2432
f 2808 2424 2427
f 2808 2425 2424
f 2808 2429 2425
f 2808 2807 2805
f 2808 2805 2802
f 2808 2801 2429
f 2808 2432 2807
f 2808 2802 2801
f 2809 879 881
f 2809 881 882
f 2810 882 883
f 2810 883 885
f 2810 885 887
f 2810 887 888
f 2810 888 889
f 2810 889 874
f 2810 874 2804
f 2810 2809 882
f 2810 2804 2809
f 2811 2812 2799
f 2811 2799 2800
f 2811 2800 2803
f 2811 2803 2805
f 2813 2805 879
f 2813 2811 2805
f 2813 879 2809
f 2813 2809 2804
f 2814 2811 2813
f 2814 2804 2799
f 2814 2799 2812
f 2814 2812 2811
f 2814 2813 2804
f 2815 862 895
f 2816 2625 862
f 2816 862 2815
f 2817 2815 2818
f 2817 2816 2815
f 2819 2611 2625
f 2819 2625 2816
f 2820 2819 2816
f 2820 2816 2817
f 2821 895 905
f 2821 905 906
f 2821 906 907
f 2821 907 908
f 2821 2815 895
f 2821 2818 2815
f 2822 908 911
f 2822 2821 908
f 2823 911 913
f 2823 913 914
f 2823 914 915
f 2823 915 902
f 2823 2822 911
f 2824 2822 2823
f 2824 2823 902
f 2824 2817 2818
f 2824 2818 2821
f 2824 2821 2822
f 2825 902 2568
f 2825 2824 902
f 2825 2817 2824
f 2825 2820 2817
f 2826 2576 2611
f 2826 2574 2576
f 2826 2572 2574
f 2826 2569 2572
f 2826 2611 2819
f 2826 2819 2820
f 2826 2820 2825
f 2827 2569 2826
f 2827 2826 2825
f 2828 2566 2569
f 2828 2569 2827
f 2828 2827 2825
f 2829 2564 2566
f 2829 2562 2564
f 2829 2565 2562
f 2829 2568 2565
f 2829 2825 2568
f 2829 2566 2828
f 2829 2828 2825
f 2830 919 879
f 2830 2831 919
f 2832 2386 919
f 2832 919 2831
f 2833 2832 2831
f 2833 2830 879
f 2833 2831 2830
f 2834 2386 2832
f 2835 2393 2386
f 2835 2832 2833
f 2835 2386 2834
f 2835 2834 2832
f 2836 879 2393
f 2836 2833 879
f 2836 2393 2835
f 2836 2835 2833
f 2837 902 930
f 2837 2838 902
f 2839 2568 902
f 2839 902 2838
f 2840 2839 2838
f 2840 2837 930
f 2840 2838 2837
f 2841 2568 2839
f 2842 2578 2568
f 2842 2839 2840
f 2842 2568 2841
f 2842 2841 2839
f 2843 930 2578
f 2843 2840 930
f 2843 2578 2842
f 2843 2842 2840
f 2844 934 938
f 2845 2380 934
f 2845 934 2844
f 2846 2844 2847
f 2846 2845 2844
f 2848 2379 2380
f 2848 2380 2845
f 2849 2848 2845
f 2849 2845 2846
f 2850 938 947
f 2850 947 948
f 2850 948 949
f 2850 949 950
f 2850 2844 938
f 2850 2847 2844
f 2851 950 953
f 2851 2850 950
f 2852 953 955
f 2852 955 956
f 2852 956 957
f 2852 957 919
f 2852 2851 953
f 2853 2851 2852
f 2853 2852 919
f 2853 2846 2847
f 2853 2847 2850
f 2853 2850 2851
f 2854 919 2386
f 2854 2853 919
f 2854 2846 2853
f 2854 2849 2846
f 2855 2368 2379
f 2855 2370 2368
f 2855 2372 2370
f 2855 2374 2372
f 2855 2379 2848
f 2855 2848 2849
f 2855 2849 2854
f 2856 2374 2855
f 2856 2855 2854
f 2857 2377 2374
f 2857 2374 2856
f 2857 2856 2854
f 2858 2381 2377
f 2858 2384 2381
f 2858 2385 2384
f 2858 2386 2385
f 2858 2854 2386
f 2858 2377 2857
f 2858 2857 2854
f 2859 965 964
f 2859 964 960
f 2860 960 2634
f 2860 2861 2862
f 2860 2862 2859
f 2860 2859 960
f 2863 2631 2617
f 2863 2634 2631
f 2863 2860 2634
f 2863 2864 2861
f 2863 2861 2860
f 2865 930 973
f 2865 973 974
f 2865 974 975
f 2866 975 977
f 2866 2865 975
f 2867 977 979
f 2867 979 980
f 2867 980 981
f 2867 981 965
f 2867 2866 977
f 2867 2859 2862
f 2867 965 2859
f 2868 2862 2861
f 2868 2865 2866
f 2868 2867 2862
f 2868 2866 2867
f 2868 930 2865
f 2869 2578 930
f 2869 930 2868
f 2869 2861 2864
f 2869 2868 2861
f 2870 2579 2578
f 2870 2604 2579
f 2870 2607 2604
f 2870 2578 2869
f 2871 2609 2607
f 2871 2607 2870
f 2871 2870 2869
f 2872 2610 2609
f 2872 2613 2610
f 2872 2615 2613
f 2872 2617 2615
f 2872 2863 2617
f 2872 2864 2863
f 2872 2869 2864
f 2872 2609 2871
f 2872 2871 2869
f 2873 985 988
f 2873 988 989
f 2874 989 991
f 2874 991 934
f 2874 2873 989
f 2875 2355 985
f 2875 985 2873
f 2876 934 2380
f 2876 2874 934
f 2876 2873 2874
f 2876 2875 2873
f 2877 2361 2355
f 2877 2362 2361
f 2877 2355 2875
f 2878 2366 2362
f 2878 2380 2366
f 2878 2875 2876
f 2878 2362 2877
f 2878 2876 2380
f 2878 2877 2875
f 2879 960 998
f 2880 998 1000
f 2880 1000 996
f 2880 2879 998
f 2881 2634 960
f 2881 960 2879
f 2882 996 2650
f 2882 2879 2880
f 2882 2880 996
f 2882 2881 2879
f 2883 2633 2634
f 2883 2634 2881
f 2884 2646 2633
f 2884 2650 2646
f 2884 2881 2882
f 2884 2633 2883
f 2884 2883 2881
f 2884 2882 2650
f 2885 1004 985
f 2885 2886 1004
f 2887 2357 1004
f 2887 1004 2886
f 2888 2887 2886
f 2888 2885 985
f 2888 2886 2885
f 2889 2357 2887
f 2890 2355 2357
f 2890 2887 2888
f 2890 2357 2889
f 2890 2889 2887
f 2891 985 2355
f 2891 2888 985
f 2891 2355 2890
f 2891 2890 2888
f 2892 996 1015
f 2892 2893 996
f 2894 2650 996
f 2894 996 2893
f 2895 2894 2893
f 2895 2892 1015
f 2895 2893 2892
f 2896 2650 2894
f 2897 2649 2650
f 2897 2894 2895
f 2897 2650 2896
f 2897 2896 2894
f 2898 1015 2649
f 2898 2895 1015
f 2898 2649 2897
f 2898 2897 2895
f 2899 1020 1023
f 2900 1023 1025
f 2900 1025 1004
f 2900 2899 1023
f 2901 2332 1020
f 2901 1020 2899
f 2902 1004 2357
f 2902 2899 2900
f 2902 2900 1004
f 2902 2901 2899
f 2903 2333 2332
f 2903 2332 2901
f 2904 2356 2333
f 2904 2357 2356
f 2904 2901 2902
f 2904 2333 2903
f 2904 2903 2901
f 2904 2902 2357
f 2905 1015 1032
f 2905 1032 1033
f 2906 1033 1035
f 2906 1035 1030
f 2906 2905 1033
f 2907 2649 1015
f 2907 1015 2905
f 2908 1030 2632
f 2908 2906 1030
f 2908 2905 2906
f 2908 2907 2905
f 2909 2645 2649
f 2909 2641 2645
f 2909 2649 2907
f 2910 2630 2641
f 2910 2632 2630
f 2910 2641 2909
f 2910 2908 2632
f 2910 2907 2908
f 2910 2909 2907
f 2911 1042 1041
f 2911 1041 1020
f 2912 1020 2332
f 2912 2913 2914
f 2912 2914 2911
f 2912 2911 1020
f 2915 2331 2367
f 2915 2332 2331
f 2915 2912 2332
f 2915 2916 2913
f 2915 2913 2912
f 2917 1049 1051
f 2917 1051 1052
f 2917 1052 1053
f 2917 1053 1055
f 2917 2914 2913
f 2917 2913 1049
f 2918 1055 1057
f 2918 1057 1058
f 2918 1058 1059
f 2918 1059 1042
f 2918 2911 2914
f 2918 1042 2911
f 2918 2914 2917
f 2918 2917 1055
f 2919 2359 1049
f 2919 1049 2913
f 2919 2913 2916
f 2920 2360 2359
f 2920 2378 2360
f 2920 2375 2378
f 2920 2359 2919
f 2921 2376 2375
f 2921 2375 2920
f 2921 2920 2919
f 2922 2373 2376
f 2922 2371 2373
f 2922 2369 2371
f 2922 2367 2369
f 2922 2915 2367
f 2922 2376 2921
f 2922 2916 2915
f 2922 2919 2916
f 2922 2921 2919
f 2923 1030 1065
f 2924 2632 1030
f 2924 1030 2923
f 2925 2923 2926
f 2925 2924 2923
f 2927 2627 2632
f 2927 2632 2924
f 2928 2927 2924
f 2928 2924 2925
f 2929 1065 1075
f 2929 1075 1076
f 2929 1076 1077
f 2929 1077 1078
f 2929 2923 1065
f 2929 2926 2923
f 2930 2929 1078
f 2931 1078 1081
f 2931 2930 1078
f 2932 1081 1083
f 2932 1083 1084
f 2932 1084 1085
f 2932 1085 1073
f 2932 2931 1081
f 2933 2925 2926
f 2933 2932 1073
f 2933 2930 2931
f 2933 2926 2929
f 2933 2929 2930
f 2933 2931 2932
f 2934 1073 2599
f 2934 2925 2933
f 2934 2928 2925
f 2934 2933 1073
f 2935 2616 2627
f 2935 2614 2616
f 2935 2612 2614
f 2935 2608 2612
f 2935 2627 2927
f 2935 2927 2928
f 2935 2928 2934
f 2936 2608 2935
f 2936 2935 2934
f 2937 2606 2608
f 2937 2608 2936
f 2937 2936 2934
f 2938 2605 2606
f 2938 2603 2605
f 2938 2602 2603
f 2938 2599 2602
f 2938 2934 2599
f 2938 2606 2937
f 2938 2937 2934
f 2939 1089 1049
f 2939 2940 1089
f 2941 2358 1089
f 2941 1089 2940
f 2942 2941 2940
f 2942 2939 1049
f 2942 2940 2939
f 2943 2358 2941
f 2944 2359 2358
f 2944 2941 2942
f 2944 2358 2943
f 2944 2943 2941
f 2945 1049 2359
f 2945 2942 1049
f 2945 2359 2944
f 2945 2944 2942
f 2946 1073 1100
f 2946 2947 1073
f 2948 2599 1073
f 2948 1073 2947
f 2949 2948 2947
f 2949 2946 1100
f 2949 2947 2946
f 2950 2599 2948
f 2951 2581 2599
f 2951 2948 2949
f 2951 2599 2950
f 2951 2950 2948
f 2952 1100 2581
f 2952 2949 1100
f 2952 2581 2951
f 2952 2951 2949
f 2953 1104 1108
f 2954 2304 1104
f 2954 1104 2953
f 2955 2953 2956
f 2955 2954 2953
f 2957 2303 2304
f 2957 2304 2954
f 2958 2957 2954
f 2958 2954 2955
f 2959 1108 1117
f 2959 1117 1118
f 2959 1118 1119
f 2959 1119 1120
f 2959 2953 1108
f 2959 2956 2953
f 2960 2959 1120
f 2961 1120 1123
f 2961 2960 1120
f 2962 1123 1125
f 2962 1125 1126
f 2962 1126 1127
f 2962 1127 1089
f 2962 2961 1123
f 2963 2956 2959
f 2963 2960 2961
f 2963 2955 2956
f 2963 2962 1089
f 2963 2959 2960
f 2963 2961 2962
f 2964 1089 2358
f 2964 2958 2955
f 2964 2963 1089
f 2964 2955 2963
f 2965 2305 2303
f 2965 2307 2305
f 2965 2309 2307
f 2965 2311 2309
f 2965 2303 2957
f 2965 2957 2958
f 2965 2958 2964
f 2966 2311 2965
f 2966 2965 2964
f 2967 2314 2311
f 2967 2311 2966
f 2967 2966 2964
f 2968 2316 2314
f 2968 2317 2316
f 2968 2335 2317
f 2968 2358 2335
f 2968 2964 2358
f 2968 2314 2967
f 2968 2967 2964
f 2969 1135 1134
f 2969 1134 1130
f 2970 1130 2639
f 2970 2971 2972
f 2970 2972 2969
f 2970 2969 1130
f 2973 2626 2618
f 2973 2639 2626
f 2973 2970 2639
f 2973 2974 2971
f 2973 2971 2970
f 2975 1100 1143
f 2975 1143 1144
f 2975 1144 1145
f 2976 1145 1147
f 2976 2975 1145
f 2977 1147 1149
f 2977 1149 1150
f 2977 1150 1151
f 2977 1151 1135
f 2977 2976 1147
f 2977 2969 2972
f 2977 1135 2969
f 2978 2972 2971
f 2978 2975 2976
f 2978 2977 2972
f 2978 2976 2977
f 2978 1100 2975
f 2979 2581 1100
f 2979 1100 2978
f 2979 2971 2974
f 2979 2978 2971
f 2980 2580 2581
f 2980 2582 2580
f 2980 2588 2582
f 2980 2581 2979
f 2981 2590 2588
f 2981 2588 2980
f 2981 2980 2979
f 2982 2591 2590
f 2982 2597 2591
f 2982 2600 2597
f 2982 2618 2600
f 2982 2973 2618
f 2982 2974 2973
f 2982 2979 2974
f 2982 2590 2981
f 2982 2981 2979
f 2983 1155 1158
f 2983 1158 1159
f 2984 1159 1161
f 2984 1161 1104
f 2984 2983 1159
f 2985 2264 1155
f 2985 1155 2983
f 2986 1104 2304
f 2986 2984 1104
f 2986 2983 2984
f 2986 2985 2983
f 2987 2287 2264
f 2987 2291 2287
f 2987 2264 2985
f 2988 2296 2291
f 2988 2304 2296
f 2988 2291 2987
f 2988 2986 2304
f 2988 2985 2986
f 2988 2987 2985
f 2989 1130 1168
f 2990 1168 1170
f 2990 1170 1166
f 2990 2989 1168
f 2991 2639 1130
f 2991 1130 2989
f 2992 1166 2648
f 2992 2989 2990
f 2992 2990 1166
f 2992 2991 2989
f 2993 2637 2639
f 2993 2639 2991
f 2994 2644 2637
f 2994 2648 2644
f 2994 2991 2992
f 2994 2637 2993
f 2994 2993 2991
f 2994 2992 2648
f 2995 1174 1155
f 2995 2996 1174
f 2997 2266 1174
f 2997 1174 2996
f 2998 2997 2996
f 2998 2995 1155
f 2998 2996 2995
f 2999 2266 2997
f 3000 2264 2266
f 3000 2997 2998
f 3000 2266 2999
f 3000 2999 2997
f 3001 1155 2264
f 3001 2998 1155
f 3001 2264 3000
f 3001 3000 2998
f 3002 1166 1185
f 3002 3003 1166
f 3004 2648 1166
f 3004 1166 3003
f 3005 3004 3003
f 3005 3002 1185
f 3005 3003 3002
f 3006 2648 3004
f 3007 2647 2648
f 3007 3004 3005
f 3007 2648 3006
f 3007 3006 3004
f 3008 1185 2647
f 3008 3005 1185
f 3008 2647 3007
f 3008 3007 3005
f 3009 1190 1193
f 3010 1193 1195
f 3010 1195 1174
f 3010 3009 1193
f 3011 2268 1190
f 3011 1190 3009
f 3012 1174 2266
f 3012 3009 3010
f 3012 3010 1174
f 3012 3011 3009
f 3013 2269 2268
f 3013 2268 3011
f 3014 2265 2269
f 3014 2266 2265
f 3014 3011 3012
f 3014 2269 3013
f 3014 3013 3011
f 3014 3012 2266
f 3015 1185 1202
f 3015 1202 1203
f 3016 1203 1205
f 3016 1205 1200
f 3016 3015 1203
f 3017 2647 1185
f 3017 1185 3015
f 3018 1200 2623
f 3018 3016 1200
f 3018 3015 3016
f 3018 3017 3015
f 3019 2640 2647
f 3019 2638 2640
f 3019 2647 3017
f 3020 2622 2638
f 3020 2623 2622
f 3020 3017 3018
f 3020 2638 3019
f 3020 3018 2623
f 3020 3019 3017
f 3021 1210 1209
f 3021 1209 1190
f 3022 1190 2268
f 3022 3023 3024
f 3022 3024 3021
f 3022 3021 1190
f 3025 2267 2297
f 3025 2268 2267
f 3025 3022 2268
f 3025 3026 3023
f 3025 3023 3022
f 3027 1217 1219
f 3027 1219 1220
f 3027 1220 1221
f 3028 1221 1223
f 3028 3027 1221
f 3029 1223 1225
f 3029 1225 1226
f 3029 1226 1227
f 3029 1227 1210
f 3029 3028 1223
f 3029 3021 3024
f 3029 1210 3021
f 3030 2334 1217
f 3030 3024 3023
f 3030 3027 3028
f 3030 3029 3024
f 3030 3028 3029
f 3030 1217 3027
f 3031 2318 2334
f 3031 2315 2318
f 3031 2312 2315
f 3031 2334 3030
f 3031 3023 3026
f 3031 3030 3023
f 3032 2313 2312
f 3032 2312 3031
f 3032 3031 3026
f 3033 2310 2313
f 3033 2308 2310
f 3033 2306 2308
f 3033 2297 2306
f 3033 3025 2297
f 3033 3026 3025
f 3033 2313 3032
f 3033 3032 3026
f 3034 1200 1237
f 3035 2623 1200
f 3035 1200 3034
f 3036 3034 3037
f 3036 3035 3034
f 3038 2619 2623
f 3038 2623 3035
f 3039 3038 3035
f 3039 3035 3036
f 3040 1237 1247
f 3040 1247 1248
f 3040 1248 1249
f 3040 1249 1250
f 3040 3034 1237
f 3040 3037 3034
f 3041 1250 1253
f 3041 3040 1250
f 3042 1253 1255
f 3042 1255 1256
f 3042 1256 1257
f 3042 1257 1245
f 3042 3041 1253
f 3043 3041 3042
f 3043 3042 1245
f 3043 3036 3037
f 3043 3037 3040
f 3043 3040 3041
f 3044 1245 2556
f 3044 3043 1245
f 3044 3036 3043
f 3044 3039 3036
f 3045 2601 2619
f 3045 2598 2601
f 3045 2592 2598
f 3045 2589 2592
f 3045 2619 3038
f 3045 3038 3039
f 3045 3039 3044
f 3046 2589 3045
f 3046 3045 3044
f 3047 2583 2589
f 3047 2589 3046
f 3047 3046 3044
f 3048 2584 2583
f 3048 2559 2584
f 3048 2558 2559
f 3048 2556 2558
f 3048 3044 2556
f 3048 2583 3047
f 3048 3047 3044
f 3049 1261 1217
f 3049 3050 1261
f 3051 2322 1261
f 3051 1261 3050
f 3052 3051 3050
f 3052 3049 1217
f 3052 3050 3049
f 3053 2322 3051
f 3054 2334 2322
f 3054 3051 3052
f 3054 2322 3053
f 3054 3053 3051
f 3055 1217 2334
f 3055 3052 1217
f 3055 2334 3054
f 3055 3054 3052
f 3056 1245 1272
f 3056 3057 1245
f 3058 2556 1245
f 3058 1245 3057
f 3059 3058 3057
f 3059 3056 1272
f 3059 3057 3056
f 3060 2556 3058
f 3061 2547 2556
f 3061 3058 3059
f 3061 2556 3060
f 3061 3060 3058
f 3062 1272 2547
f 3062 3059 1272
f 3062 2547 3061
f 3062 3061 3059
f 3063 1276 1280
f 3064 2243 1276
f 3064 1276 3063
f 3065 3063 3066
f 3065 3064 3063
f 3067 2242 2243
f 3067 2243 3064
f 3068 3067 3064
f 3068 3064 3065
f 3069 1280 1289
f 3069 1289 1290
f 3069 1290 1291
f 3069 1291 1292
f 3069 3063 1280
f 3069 3066 3063
f 3070 3069 1292
f 3071 1292 1295
f 3071 3070 1292
f 3072 1295 1297
f 3072 1297 1298
f 3072 1298 1299
f 3072 1299 1261
f 3072 3071 1295
f 3073 3066 3069
f 3073 3070 3071
f 3073 3065 3066
f 3073 3072 1261
f 3073 3069 3070
f 3073 3071 3072
f 3074 1261 2322
f 3074 3068 3065
f 3074 3073 1261
f 3074 3065 3073
f 3075 2248 2242
f 3075 2250 2248
f 3075 2252 2250
f 3075 2254 2252
f 3075 2242 3067
f 3075 3067 3068
f 3075 3068 3074
f 3076 2254 3075
f 3076 3075 3074
f 3077 2257 2254
f 3077 2254 3076
f 3077 3076 3074
f 3078 2259 2257
f 3078 2260 2259
f 3078 2321 2260
f 3078 2322 2321
f 3078 3074 2322
f 3078 2257 3077
f 3078 3077 3074
f 3079 1307 1306
f 3079 1306 1302
f 3080 1302 2594
f 3080 3081 3082
f 3080 3082 3079
f 3080 3079 1302
f 3083 2557 2555
f 3083 2594 2557
f 3083 3080 2594
f 3083 3084 3081
f 3083 3081 3080
f 3085 1272 1313
f 3085 1313 1314
f 3085 1314 1315
f 3085 1315 1317
f 3085 3082 3081
f 3085 3081 1272
f 3086 1317 1319
f 3086 1319 1320
f 3086 1320 1321
f 3086 1321 1307
f 3086 3079 3082
f 3086 1307 3079
f 3086 3082 3085
f 3086 3085 1317
f 3087 2547 1272
f 3087 1272 3081
f 3087 3081 3084
f 3088 2543 2547
f 3088 2538 2543
f 3088 2541 2538
f 3088 2547 3087
f 3089 2544 2541
f 3089 2541 3088
f 3089 3088 3087
f 3090 2545 2544
f 3090 2548 2545
f 3090 2550 2548
f 3090 2555 2550
f 3090 3083 2555
f 3090 2544 3089
f 3090 3084 3083
f 3090 3087 3084
f 3090 3089 3087
f 3091 1325 1328
f 3091 1328 1329
f 3092 1329 1331
f 3092 1331 1276
f 3092 3091 1329
f 3093 2177 1325
f 3093 1325 3091
f 3094 1276 2243
f 3094 3092 1276
f 3094 3091 3092
f 3094 3093 3091
f 3095 2215 2177
f 3095 2225 2215
f 3095 2177 3093
f 3096 2237 2225
f 3096 2243 2237
f 3096 3093 3094
f 3096 2225 3095
f 3096 3094 2243
f 3096 3095 3093
f 3097 1302 1338
f 3098 1338 1340
f 3098 1340 1336
f 3098 3097 1338
f 3099 2594 1302
f 3099 1302 3097
f 3100 1336 2628
f 3100 3097 3098
f 3100 3098 1336
f 3100 3099 3097
f 3101 2593 2594
f 3101 2594 3099
f 3102 2620 2593
f 3102 2628 2620
f 3102 3099 3100
f 3102 2593 3101
f 3102 3101 3099
f 3102 3100 2628
f 3103 1344 1325
f 3103 3104 1344
f 3105 2179 1344
f 3105 1344 3104
f 3106 3105 3104
f 3106 3103 1325
f 3106 3104 3103
f 3107 2179 3105
f 3108 2177 2179
f 3108 3105 3106
f 3108 2179 3107
f 3108 3107 3105
f 3109 1325 2177
f 3109 3106 1325
f 3109 2177 3108
f 3109 3108 3106
f 3110 1336 1355
f 3110 3111 1336
f 3112 2628 1336
f 3112 1336 3111
f 3113 3112 3111
f 3113 3110 1355
f 3113 3111 3110
f 3114 2628 3112
f 3115 2621 2628
f 3115 3112 3113
f 3115 2628 3114
f 3115 3114 3112
f 3116 1355 2621
f 3116 3113 1355
f 3116 2621 3115
f 3116 3115 3113
f 3117 1360 1363
f 3118 1363 1365
f 3118 1365 1344
f 3118 3117 1363
f 3119 2218 1360
f 3119 1360 3117
f 3120 1344 2179
f 3120 3117 3118
f 3120 3118 1344
f 3120 3119 3117
f 3121 2216 2218
f 3121 2218 3119
f 3122 2178 2216
f 3122 2179 2178
f 3122 3119 3120
f 3122 2216 3121
f 3122 3121 3119
f 3122 3120 2179
f 3123 1355 1372
f 3123 1372 1373
f 3124 1373 1375
f 3124 1375 1370
f 3124 3123 1373
f 3125 2621 1355
f 3125 1355 3123
f 3126 1370 2532
f 3126 3124 1370
f 3126 3123 3124
f 3126 3125 3123
f 3127 2595 2621
f 3127 2596 2595
f 3127 2621 3125
f 3128 2531 2596
f 3128 2532 2531
f 3128 2596 3127
f 3128 3126 2532
f 3128 3125 3126
f 3128 3127 3125
f 3129 1382 1381
f 3129 1381 1360
f 3130 1360 2218
f 3130 3131 3132
f 3130 3132 3129
f 3130 3129 1360
f 3133 2217 2238
f 3133 2218 2217
f 3133 3130 2218
f 3133 3134 3131
f 3133 3131 3130
f 3135 1387 1389
f 3135 1389 1390
f 3135 1390 1391
f 3135 1391 1393
f 3135 3132 3131
f 3135 3131 1387
f 3136 1393 1395
f 3136 1395 1396
f 3136 1396 1397
f 3136 1397 1382
f 3136 3129 3132
f 3136 1382 3129
f 3136 3132 3135
f 3136 3135 1393
f 3137 2302 1387
f 3137 1387 3131
f 3137 3131 3134
f 3138 2261 2302
f 3138 2258 2261
f 3138 2255 2258
f 3138 2302 3137
f 3139 2256 2255
f 3139 2255 3138
f 3139 3138 3137
f 3140 2253 2256
f 3140 2251 2253
f 3140 2249 2251
f 3140 2238 2249
f 3140 3133 2238
f 3140 2256 3139
f 3140 3134 3133
f 3140 3137 3134
f 3140 3139 3137
f 3141 1370 1403
f 3142 2532 1370
f 3142 1370 3141
f 3143 3141 3144
f 3143 3142 3141
f 3145 2533 2532
f 3145 2532 3142
f 3146 3145 3142
f 3146 3142 3143
f 3147 1403 1412
f 3147 1412 1413
f 3147 1413 1414
f 3147 1414 1415
f 3147 3141 1403
f 3147 3144 3141
f 3148 3147 1415
f 3149 1415 1418
f 3149 3148 1415
f 3150 1418 1420
f 3150 1420 1421
f 3150 1421 1422
f 3150 1422 1410
f 3150 3149 1418
f 3151 3144 3147
f 3151 3148 3149
f 3151 3143 3144
f 3151 3150 1410
f 3151 3147 3148
f 3151 3149 3150
f 3152 1410 2515
f 3152 3146 3143
f 3152 3151 1410
f 3152 3143 3151
f 3153 2551 2533
f 3153 2549 2551
f 3153 2546 2549
f 3153 2542 2546
f 3153 2533 3145
f 3153 3145 3146
f 3153 3146 3152
f 3154 2542 3153
f 3154 3153 3152
f 3155 2539 2542
f 3155 2542 3154
f 3155 3154 3152
f 3156 2540 2539
f 3156 2519 2540
f 3156 2516 2519
f 3156 2515 2516
f 3156 3152 2515
f 3156 2539 3155
f 3156 3155 3152
f 3157 1426 1387
f 3157 3158 1426
f 3159 2301 1426
f 3159 1426 3158
f 3160 3159 3158
f 3160 3157 1387
f 3160 3158 3157
f 3161 2301 3159
f 3162 2302 2301
f 3162 3159 3160
f 3162 2301 3161
f 3162 3161 3159
f 3163 1387 2302
f 3163 3160 1387
f 3163 2302 3162
f 3163 3162 3160
f 3164 1410 1437
f 3164 3165 1410
f 3166 2515 1410
f 3166 1410 3165
f 3167 3166 3165
f 3167 3164 1437
f 3167 3165 3164
f 3168 2515 3166
f 3169 2507 2515
f 3169 3166 3167
f 3169 2515 3168
f 3169 3168 3166
f 3170 1437 2507
f 3170 3167 1437
f 3170 2507 3169
f 3170 3169 3167
f 3171 1441 1445
f 3172 2187 1441
f 3172 1441 3171
f 3173 3171 3174
f 3173 3172 3171
f 3175 2186 2187
f 3175 2187 3172
f 3176 3175 3172
f 3176 3172 3173
f 3177 1445 1453
f 3177 1453 1454
f 3177 1454 1455
f 3177 1455 1456
f 3177 3171 1445
f 3177 3174 3171
f 3178 3177 1456
f 3179 1456 1459
f 3179 3178 1456
f 3180 1459 1461
f 3180 1461 1462
f 3180 1462 1463
f 3180 1463 1426
f 3180 3179 1459
f 3181 3174 3177
f 3181 3178 3179
f 3181 3173 3174
f 3181 3180 1426
f 3181 3177 3178
f 3181 3179 3180
f 3182 1426 2301
f 3182 3176 3173
f 3182 3181 1426
f 3182 3173 3181
f 3183 2201 2186
f 3183 2203 2201
f 3183 2205 2203
f 3183 2207 2205
f 3183 2186 3175
f 3183 3175 3176
f 3183 3176 3182
f 3184 2207 3183
f 3184 3183 3182
f 3185 2210 2207
f 3185 2207 3184
f 3185 3184 3182
f 3186 2212 2210
f 3186 2213 2212
f 3186 2293 2213
f 3186 2301 2293
f 3186 3182 2301
f 3186 2210 3185
f 3186 3185 3182
f 3187 1471 1470
f 3187 1470 1466
f 3188 1466 2512
f 3188 3189 3190
f 3188 3190 3187
f 3188 3187 1466
f 3191 2509 2508
f 3191 2512 2509
f 3191 3188 2512
f 3191 3192 3189
f 3191 3189 3188
f 3193 1437 1479
f 3193 1479 1480
f 3193 1480 1481
f 3194 1481 1483
f 3194 3193 1481
f 3195 1483 1485
f 3195 1485 1486
f 3195 1486 1487
f 3195 1487 1471
f 3195 3194 1483
f 3195 3187 3190
f 3195 1471 3187
f 3196 2507 1437
f 3196 3190 3189
f 3196 3193 3194
f 3196 3195 3190
f 3196 3194 3195
f 3196 1437 3193
f 3197 2504 2507
f 3197 2500 2504
f 3197 2494 2500
f 3197 2507 3196
f 3197 3189 3192
f 3197 3196 3189
f 3198 2495 2494
f 3198 2494 3197
f 3198 3197 3192
f 3199 2498 2495
f 3199 2502 2498
f 3199 2505 2502
f 3199 2508 2505
f 3199 3191 2508
f 3199 3192 3191
f 3199 2495 3198
f 3199 3198 3192
f 3200 1491 1494
f 3200 1494 1495
f 3201 1495 1497
f 3201 1497 1441
f 3201 3200 1495
f 3202 2157 1491
f 3202 1491 3200
f 3203 1441 2187
f 3203 3201 1441
f 3203 3200 3201
f 3203 3202 3200
f 3204 2158 2157
f 3204 2163 2158
f 3204 2157 3202
f 3205 2174 2163
f 3205 2187 2174
f 3205 3202 3203
f 3205 2163 3204
f 3205 3203 2187
f 3205 3204 3202
f 3206 1466 1504
f 3207 1504 1506
f 3207 1506 1502
f 3207 3206 1504
f 3208 2512 1466
f 3208 1466 3206
f 3209 1502 2527
f 3209 3206 3207
f 3209 3207 1502
f 3209 3208 3206
f 3210 2511 2512
f 3210 2512 3208
f 3211 2517 2511
f 3211 2527 2517
f 3211 3208 3209
f 3211 2511 3210
f 3211 3210 3208
f 3211 3209 2527
f 3212 1510 1491
f 3212 3213 1510
f 3214 2156 1510
f 3214 1510 3213
f 3215 3214 3213
f 3215 3212 1491
f 3215 3213 3212
f 3216 2156 3214
f 3217 2157 2156
f 3217 3214 3215
f 3217 2156 3216
f 3217 3216 3214
f 3218 1491 2157
f 3218 3215 1491
f 3218 2157 3217
f 3218 3217 3215
f 3219 1502 1521
f 3219 3220 1502
f 3221 2527 1502
f 3221 1502 3220
f 3222 3221 3220
f 3222 3219 1521
f 3222 3220 3219
f 3223 2527 3221
f 3224 2518 2527
f 3224 3221 3222
f 3224 2527 3223
f 3224 3223 3221
f 3225 1521 2518
f 3225 3222 1521
f 3225 2518 3224
f 3225 3224 3222
f 3226 1526 1529
f 3227 1529 1531
f 3227 1531 1510
f 3227 3226 1529
f 3228 2171 1526
f 3228 1526 3226
f 3229 1510 2156
f 3229 3226 3227
f 3229 3227 1510
f 3229 3228 3226
f 3230 2159 2171
f 3230 2171 3228
f 3231 2155 2159
f 3231 2156 2155
f 3231 3228 3229
f 3231 2159 3230
f 3231 3230 3228
f 3231 3229 2156
f 3232 1521 1538
f 3232 1538 1539
f 3233 1539 1541
f 3233 1541 1536
f 3233 3232 1539
f 3234 2518 1521
f 3234 1521 3232
f 3235 1536 2486
f 3235 3233 1536
f 3235 3232 3233
f 3235 3234 3232
f 3236 2513 2518
f 3236 2514 2513
f 3236 2518 3234
f 3237 2485 2514
f 3237 2486 2485
f 3237 3234 3235
f 3237 2514 3236
f 3237 3235 2486
f 3237 3236 3234
f 3238 1546 1545
f 3238 1545 1526
f 3239 1526 2171
f 3239 3238 1526
f 3240 2170 2175
f 3240 2171 2170
f 3240 3239 2171
f 3240 3241 3242
f 3240 3242 3239
f 3243 1546 3238
f 3244 2292 1551
f 3244 3242 3241
f 3245 2214 2292
f 3245 2211 2214
f 3245 2208 2211
f 3245 2292 3244
f 3246 2209 2208
f 3246 3245 3244
f 3246 2208 3245
f 3247 2206 2209
f 3247 2204 2206
f 3247 2202 2204
f 3247 2175 2202
f 3247 3246 3244
f 3247 3244 3241
f 3247 3240 2175
f 3247 2209 3246
f 3247 3241 3240
f 3248 1551 1553
f 3248 1553 1554
f 3249 1554 1555
f 3249 1555 1557
f 3249 1557 1559
f 3249 1559 1560
f 3249 1560 1561
f 3249 1561 1546
f 3249 1546 3243
f 3249 3248 1554
f 3249 3243 3248
f 3250 3243 3238
f 3250 3238 3251
f 3252 3251 3238
f 3252 3238 3239
f 3252 3239 3242
f 3252 3242 3244
f 3252 3250 3251
f 3253 3244 1551
f 3253 3252 3244
f 3253 1551 3248
f 3253 3243 3250
f 3253 3248 3243
f 3253 3250 3252
f 3254 1536 1574
f 3255 2486 1536
f 3255 1536 3254
f 3256 3254 3257
f 3256 3255 3254
f 3258 2487 2486
f 3258 2486 3255
f 3259 3258 3255
f 3259 3255 3256
f 3260 1574 1583
f 3260 1583 1584
f 3260 1584 1585
f 3260 1585 1586
f 3260 3254 1574
f 3260 3257 3254
f 3261 1586 1589
f 3261 3260 1586
f 3262 1589 1591
f 3262 1591 1592
f 3262 1592 1593
f 3262 1593 1581
f 3262 3261 1589
f 3263 3261 3262
f 3263 3262 1581
f 3263 3256 3257
f 3263 3257 3260
f 3263 3260 3261
f 3264 1581 2475
f 3264 3263 1581
f 3264 3256 3263
f 3264 3259 3256
f 3265 2506 2487
f 3265 2503 2506
f 3265 2499 2503
f 3265 2496 2499
f 3265 2487 3258
f 3265 3258 3259
f 3265 3259 3264
f 3266 2496 3265
f 3266 3265 3264
f 3267 2497 2496
f 3267 2496 3266
f 3267 3266 3264
f 3268 2501 2497
f 3268 2477 2501
f 3268 2476 2477
f 3268 2475 2476
f 3268 3264 2475
f 3268 2497 3267
f 3268 3267 3264
f 3269 1597 1551
f 3269 3270 1597
f 3271 2290 1597
f 3271 1597 3270
f 3272 3271 3270
f 3272 3269 1551
f 3272 3270 3269
f 3273 2290 3271
f 3274 2292 2290
f 3274 3271 3272
f 3274 2290 3273
f 3274 3273 3271
f 3275 1551 2292
f 3275 3272 1551
f 3275 2292 3274
f 3275 3274 3272
f 3276 1581 1608
f 3276 3277 1581
f 3278 2475 1581
f 3278 1581 3277
f 3279 3278 3277
f 3279 3276 1608
f 3279 3277 3276
f 3280 2475 3278
f 3281 2462 2475
f 3281 3278 3279
f 3281 2475 3280
f 3281 3280 3278
f 3282 1608 2462
f 3282 3279 1608
f 3282 2462 3281
f 3282 3281 3279
f 3283 1612 1616
f 3284 2169 1612
f 3284 1612 3283
f 3285 3283 3286
f 3285 3284 3283
f 3287 2168 2169
f 3287 2169 3284
f 3288 3287 3284
f 3288 3284 3285
f 3289 1616 1624
f 3289 1624 1625
f 3289 1625 1626
f 3289 1626 1627
f 3289 3283 1616
f 3289 3286 3283
f 3290 3289 1627
f 3291 1627 1630
f 3291 3290 1627
f 3292 1630 1632
f 3292 1632 1633
f 3292 1633 1634
f 3292 1634 1597
f 3292 3291 1630
f 3293 1597 2290
f 3293 3285 3286
f 3293 3292 1597
f 3293 3290 3291
f 3293 3286 3289
f 3293 3289 3290
f 3293 3291 3292
f 3294 3285 3293
f 3294 3288 3285
f 3294 3293 2290
f 3295 2180 2168
f 3295 2185 2180
f 3295 2189 2185
f 3295 2191 2189
f 3295 2168 3287
f 3295 3287 3288
f 3295 3288 3294
f 3296 2191 3295
f 3296 3295 3294
f 3297 2194 2191
f 3297 2191 3296
f 3297 3296 3294
f 3298 2198 2194
f 3298 2199 2198
f 3298 2289 2199
f 3298 2290 2289
f 3298 3294 2290
f 3298 2194 3297
f 3298 3297 3294
f 3299 1642 1641
f 3299 1641 1637
f 3300 1637 2473
f 3300 3299 1637
f 3301 2464 2463
f 3301 2473 2464
f 3301 3300 2473
f 3301 3302 3303
f 3301 3303 3300
f 3304 1642 3299
f 3305 2462 1608
f 3305 3303 3302
f 3306 2461 2462
f 3306 2459 2461
f 3306 2455 2459
f 3306 2462 3305
f 3307 2454 2455
f 3307 3306 3305
f 3307 2455 3306
f 3308 2449 2454
f 3308 2452 2449
f 3308 2457 2452
f 3308 2463 2457
f 3308 3307 3305
f 3308 3305 3302
f 3308 3301 2463
f 3308 2454 3307
f 3308 3302 3301
f 3309 1608 1650
f 3309 1650 1651
f 3310 1651 1652
f 3310 1652 1654
f 3310 1654 1656
f 3310 1656 1657
f 3310 1657 1658
f 3310 1658 1642
f 3310 1642 3304
f 3310 3309 1651
f 3310 3304 3309
f 3311 3304 3299
f 3311 3299 3312
f 3313 3312 3299
f 3313 3299 3300
f 3313 3300 3303
f 3313 3303 3305
f 3313 3311 3312
f 3314 3305 1608
f 3314 3313 3305
f 3314 1608 3309
f 3314 3304 3311
f 3314 3309 3304
f 3314 3311 3313
f 3315 1662 1665
f 3315 1665 1666
f 3316 1666 1668
f 3316 1668 1612
f 3316 3315 1666
f 3317 2153 1662
f 3317 1662 3315
f 3318 1612 2169
f 3318 3316 1612
f 3318 3315 3316
f 3318 3317 3315
f 3319 2154 2153
f 3319 2161 2154
f 3319 2153 3317
f 3320 2162 2161
f 3320 2169 2162
f 3320 2161 3319
f 3320 3318 2169
f 3320 3317 3318
f 3320 3319 3317
f 3321 1637 1675
f 3322 1675 1677
f 3322 1677 1673
f 3322 3321 1675
f 3323 2473 1637
f 3323 1637 3321
f 3324 1673 2469
f 3324 3321 3322
f 3324 3322 1673
f 3324 3323 3321
f 3325 2472 2473
f 3325 2473 3323
f 3326 2468 2472
f 3326 2469 2468
f 3326 3323 3324
f 3326 2472 3325
f 3326 3325 3323
f 3326 3324 2469
f 3327 1681 1662
f 3327 3328 1681
f 3329 2152 1681
f 3329 1681 3328
f 3330 3329 3328
f 3330 3327 1662
f 3330 3328 3327
f 3331 2152 3329
f 3332 2153 2152
f 3332 3329 3330
f 3332 2152 3331
f 3332 3331 3329
f 3333 1662 2153
f 3333 3330 1662
f 3333 2153 3332
f 3333 3332 3330
f 3334 1673 1692
f 3334 3335 1673
f 3336 2469 1673
f 3336 1673 3335
f 3337 3336 3335
f 3337 3334 1692
f 3337 3335 3334
f 3338 2469 3336
f 3339 2470 2469
f 3339 3336 3337
f 3339 2469 3338
f 3339 3338 3336
f 3340 1692 2470
f 3340 3337 1692
f 3340 2470 3339
f 3340 3339 3337
f 3341 1697 1700
f 3342 1700 1702
f 3342 1702 1681
f 3342 3341 1700
f 3343 2173 1697
f 3343 1697 3341
f 3344 1681 2152
f 3344 3341 3342
f 3344 3342 1681
f 3344 3343 3341
f 3345 2160 2173
f 3345 2173 3343
f 3346 2151 2160
f 3346 2152 2151
f 3346 3343 3344
f 3346 2160 3345
f 3346 3345 3343
f 3346 3344 2152
f 3347 1692 1709
f 3347 1709 1710
f 3348 1710 1712
f 3348 1712 1707
f 3348 3347 1710
f 3349 2470 1692
f 3349 1692 3347
f 3350 1707 2439
f 3350 3348 1707
f 3350 3347 3348
f 3350 3349 3347
f 3351 2471 2470
f 3351 2474 2471
f 3351 2470 3349
f 3352 2438 2474
f 3352 2439 2438
f 3352 2474 3351
f 3352 3350 2439
f 3352 3349 3350
f 3352 3351 3349
f 3353 1719 1718
f 3353 1718 1697
f 3354 1697 2173
f 3354 3355 3356
f 3354 3356 3353
f 3354 3353 1697
f 3357 2172 2176
f 3357 2173 2172
f 3357 3354 2173
f 3357 3358 3355
f 3357 3355 3354
f 3359 1726 1728
f 3359 1728 1729
f 3359 1729 1730
f 3360 1730 1732
f 3360 3359 1730
f 3361 1732 1734
f 3361 1734 1735
f 3361 1735 1736
f 3361 1736 1719
f 3361 3360 1732
f 3361 3353 3356
f 3361 1719 3353
f 3362 3356 3355
f 3362 3359 3360
f 3362 3361 3356
f 3362 3360 3361
f 3362 1726 3359
f 3363 2288 1726
f 3363 1726 3362
f 3363 3355 3358
f 3363 3362 3355
f 3364 2200 2288
f 3364 2197 2200
f 3364 2193 2197
f 3364 2288 3363
f 3365 2192 2193
f 3365 2193 3364
f 3365 3364 3363
f 3366 2190 2192
f 3366 2188 2190
f 3366 2184 2188
f 3366 2176 2184
f 3366 3357 2176
f 3366 3358 3357
f 3366 3363 3358
f 3366 2192 3365
f 3366 3365 3363
f 3367 1707 1742
f 3368 2439 1707
f 3368 1707 3367
f 3369 3367 3370
f 3369 3368 3367
f 3371 2440 2439
f 3371 2439 3368
f 3372 3371 3368
f 3372 3368 3369
f 3373 1742 1751
f 3373 1751 1752
f 3373 1752 1753
f 3373 1753 1754
f 3373 3367 1742
f 3373 3370 3367
f 3374 1754 1757
f 3374 3373 1754
f 3375 1757 1759
f 3375 1759 1760
f 3375 1760 1761
f 3375 1761 1749
f 3375 3374 1757
f 3376 3374 3375
f 3376 3375 1749
f 3376 3369 3370
f 3376 3370 3373
f 3376 3373 3374
f 3377 1749 2420
f 3377 3376 1749
f 3377 3369 3376
f 3377 3372 3369
f 3378 2458 2440
f 3378 2453 2458
f 3378 2450 2453
f 3378 2451 2450
f 3378 2440 3371
f 3378 3371 3372
f 3378 3372 3377
f 3379 2451 3378
f 3379 3378 3377
f 3380 2456 2451
f 3380 2451 3379
f 3380 3379 3377
f 3381 2460 2456
f 3381 2422 2460
f 3381 2421 2422
f 3381 2420 2421
f 3381 3377 2420
f 3381 2456 3380
f 3381 3380 3377
f 3382 1765 1726
f 3382 3383 1765
f 3384 2295 1765
f 3384 1765 3383
f 3385 3384 3383
f 3385 3382 1726
f 3385 3383 3382
f 3386 2295 3384
f 3387 2288 2295
f 3387 3384 3385
f 3387 2295 3386
f 3387 3386 3384
f 3388 1726 2288
f 3388 3385 1726
f 3388 2288 3387
f 3388 3387 3385
f 3389 1749 1776
f 3389 3390 1749
f 3391 2420 1749
f 3391 1749 3390
f 3392 3391 3390
f 3392 3389 1776
f 3392 3390 3389
f 3393 2420 3391
f 3394 2414 2420
f 3394 3391 3392
f 3394 2420 3393
f 3394 3393 3391
f 3395 1776 2414
f 3395 3392 1776
f 3395 2414 3394
f 3395 3394 3392
f 3396 1780 1784
f 3397 2183 1780
f 3397 1780 3396
f 3398 3396 3399
f 3398 3397 3396
f 3400 2181 2183
f 3400 2183 3397
f 3401 3400 3397
f 3401 3397 3398
f 3402 1784 1792
f 3402 1792 1793
f 3402 1793 1794
f 3402 1794 1795
f 3402 3396 1784
f 3402 3399 3396
f 3403 1795 1798
f 3403 3402 1795
f 3404 1798 1800
f 3404 1800 1801
f 3404 1801 1802
f 3404 1802 1765
f 3404 3403 1798
f 3405 3403 3404
f 3405 3404 1765
f 3405 3398 3399
f 3405 3399 3402
f 3405 3402 3403
f 3406 1765 2295
f 3406 3405 1765
f 3406 3398 3405
f 3406 3401 3398
f 3407 2222 2181
f 3407 2224 2222
f 3407 2227 2224
f 3407 2229 2227
f 3407 2181 3400
f 3407 3400 3401
f 3407 3401 3406
f 3408 2229 3407
f 3408 3407 3406
f 3409 2232 2229
f 3409 2229 3408
f 3409 3408 3406
f 3410 2234 2232
f 3410 2235 2234
f 3410 2294 2235
f 3410 2295 2294
f 3410 3406 2295
f 3410 2232 3409
f 3410 3409 3406
f 3411 1810 1809
f 3411 1809 1807
f 3412 1807 2415
f 3412 3413 3414
f 3412 3414 3411
f 3412 3411 1807
f 3415 2413 2412
f 3415 2415 2413
f 3415 3412 2415
f 3415 3416 3413
f 3415 3413 3412
f 3417 1776 1815
f 3417 1815 1816
f 3417 1816 1817
f 3418 1817 1819
f 3418 3417 1817
f 3419 1819 1821
f 3419 1821 1822
f 3419 1822 1823
f 3419 1823 1810
f 3419 3418 1819
f 3419 3411 3414
f 3419 1810 3411
f 3420 3414 3413
f 3420 3417 3418
f 3420 3419 3414
f 3420 3418 3419
f 3420 1776 3417
f 3421 2414 1776
f 3421 1776 3420
f 3421 3413 3416
f 3421 3420 3413
f 3422 2411 2414
f 3422 2407 2411
f 3422 2405 2407
f 3422 2414 3421
f 3423 2404 2405
f 3423 2405 3422
f 3423 3422 3421
f 3424 2402 2404
f 3424 2400 2402
f 3424 2394 2400
f 3424 2412 2394
f 3424 3415 2412
f 3424 3416 3415
f 3424 3421 3416
f 3424 2404 3423
f 3424 3423 3421
f 3425 1827 1830
f 3425 1830 1831
f 3426 1831 1833
f 3426 1833 1780
f 3426 3425 1831
f 3427 2166 1827
f 3427 1827 3425
f 3428 1780 2183
f 3428 3426 1780
f 3428 3425 3426
f 3428 3427 3425
f 3429 2167 2166
f 3429 2196 2167
f 3429 2166 3427
f 3430 2182 2196
f 3430 2183 2182
f 3430 2196 3429
f 3430 3428 2183
f 3430 3427 3428
f 3430 3429 3427
f 3431 1807 1840
f 3432 1840 1842
f 3432 1842 1838
f 3432 3431 1840
f 3433 2415 1807
f 3433 1807 3431
f 3434 1838 2390
f 3434 3431 3432
f 3434 3432 1838
f 3434 3433 3431
f 3435 2409 2415
f 3435 2415 3433
f 3436 2389 2409
f 3436 2390 2389
f 3436 3433 3434
f 3436 2409 3435
f 3436 3435 3433
f 3436 3434 2390
f 3437 1846 1827
f 3437 3438 1846
f 3439 2165 1846
f 3439 1846 3438
f 3440 3439 3438
f 3440 3437 1827
f 3440 3438 3437
f 3441 2165 3439
f 3442 2166 2165
f 3442 3439 3440
f 3442 2165 3441
f 3442 3441 3439
f 3443 1827 2166
f 3443 3440 1827
f 3443 2166 3442
f 3443 3442 3440
f 3444 1838 1857
f 3444 3445 1838
f 3446 2390 1838
f 3446 1838 3445
f 3447 3446 3445
f 3447 3444 1857
f 3447 3445 3444
f 3448 2390 3446
f 3449 2391 2390
f 3449 3446 3447
f 3449 2390 3448
f 3449 3448 3446
f 3450 1857 2391
f 3450 3447 1857
f 3450 2391 3449
f 3450 3449 3447
f 3451 1862 1865
f 3452 1865 1867
f 3452 1867 1846
f 3452 3451 1865
f 3453 2220 1862
f 3453 1862 3451
f 3454 1846 2165
f 3454 3451 3452
f 3454 3452 1846
f 3454 3453 3451
f 3455 2195 2220
f 3455 2220 3453
f 3456 2164 2195
f 3456 2165 2164
f 3456 3453 3454
f 3456 2195 3455
f 3456 3455 3453
f 3456 3454 2165
f 3457 1857 1874
f 3457 1874 1875
f 3458 1875 1877
f 3458 1877 1872
f 3458 3457 1875
f 3459 2391 1857
f 3459 1857 3457
f 3460 1872 2365
f 3460 3458 1872
f 3460 3457 3458
f 3460 3459 3457
f 3461 2392 2391
f 3461 2410 2392
f 3461 2391 3459
f 3462 2364 2410
f 3462 2365 2364
f 3462 3459 3460
f 3462 2410 3461
f 3462 3460 2365
f 3462 3461 3459
f 3463 1884 1883
f 3463 1883 1862
f 3464 1862 2220
f 3464 3465 3466
f 3464 3466 3463
f 3464 3463 1862
f 3467 2219 2221
f 3467 2220 2219
f 3467 3464 2220
f 3467 3468 3465
f 3467 3465 3464
f 3469 1889 1891
f 3469 1891 1892
f 3469 1892 1893
f 3470 1893 1895
f 3470 3469 1893
f 3471 1895 1897
f 3471 1897 1898
f 3471 1898 1899
f 3471 1899 1884
f 3471 3470 1895
f 3471 3463 3466
f 3471 1884 3463
f 3472 3466 3465
f 3472 3469 3470
f 3472 3471 3466
f 3472 3470 3471
f 3472 1889 3469
f 3473 2320 1889
f 3473 1889 3472
f 3473 3465 3468
f 3473 3472 3465
f 3474 2236 2320
f 3474 2233 2236
f 3474 2231 2233
f 3474 2320 3473
f 3475 2230 2231
f 3475 2231 3474
f 3475 3474 3473
f 3476 2228 2230
f 3476 2226 2228
f 3476 2223 2226
f 3476 2221 2223
f 3476 3467 2221
f 3476 3468 3467
f 3476 3473 3468
f 3476 2230 3475
f 3476 3475 3473
f 3477 1872 1905
f 3478 2365 1872
f 3478 1872 3477
f 3479 3477 3480
f 3479 3478 3477
f 3481 2363 2365
f 3481 2365 3478
f 3482 3481 3478
f 3482 3478 3479
f 3483 1905 1915
f 3483 1915 1916
f 3483 1916 1917
f 3483 1917 1918
f 3483 3477 1905
f 3483 3480 3477
f 3484 1918 1921
f 3484 3483 1918
f 3485 1921 1923
f 3485 1923 1924
f 3485 1924 1925
f 3485 1925 1913
f 3485 3484 1921
f 3486 3484 3485
f 3486 3485 1913
f 3486 3479 3480
f 3486 3480 3483
f 3486 3483 3484
f 3487 1913 2382
f 3487 3486 1913
f 3487 3479 3486
f 3487 3482 3479
f 3488 2395 2363
f 3488 2396 2395
f 3488 2401 2396
f 3488 2403 2401
f 3488 2363 3481
f 3488 3481 3482
f 3488 3482 3487
f 3489 2403 3488
f 3489 3488 3487
f 3490 2406 2403
f 3490 2403 3489
f 3490 3489 3487
f 3491 2408 2406
f 3491 2387 2408
f 3491 2388 2387
f 3491 2382 2388
f 3491 3487 2382
f 3491 2406 3490
f 3491 3490 3487
f 3492 1929 1889
f 3492 3493 1929
f 3494 2319 1929
f 3494 1929 3493
f 3495 3494 3493
f 3495 3492 1889
f 3495 3493 3492
f 3496 2319 3494
f 3497 2320 2319
f 3497 3494 3495
f 3497 2319 3496
f 3497 3496 3494
f 3498 1889 2320
f 3498 3495 1889
f 3498 2320 3497
f 3498 3497 3495
f 3499 1913 1940
f 3499 3500 1913
f 3501 2382 1913
f 3501 1913 3500
f 3502 3501 3500
f 3502 3499 1940
f 3502 3500 3499
f 3503 2382 3501
f 3504 2383 2382
f 3504 3501 3502
f 3504 2382 3503
f 3504 3503 3501
f 3505 1940 2383
f 3505 3502 1940
f 3505 2383 3504
f 3505 3504 3502
f 3506 1944 1948
f 3507 2241 1944
f 3507 1944 3506
f 3508 3506 3509
f 3508 3507 3506
f 3510 2239 2241
f 3510 2241 3507
f 3511 3510 3507
f 3511 3507 3508
f 3512 1948 1957
f 3512 1957 1958
f 3512 1958 1959
f 3512 1959 1960
f 3512 3506 1948
f 3512 3509 3506
f 3513 1960 1963
f 3513 3512 1960
f 3514 1963 1965
f 3514 1965 1966
f 3514 1966 1967
f 3514 1967 1929
f 3514 3513 1963
f 3515 3513 3514
f 3515 3514 1929
f 3515 3508 3509
f 3515 3509 3512
f 3515 3512 3513
f 3516 1929 2319
f 3516 3515 1929
f 3516 3508 3515
f 3516 3511 3508
f 3517 2273 2239
f 3517 2275 2273
f 3517 2277 2275
f 3517 2279 2277
f 3517 2239 3510
f 3517 3510 3511
f 3517 3511 3516
f 3518 2279 3517
f 3518 3517 3516
f 3519 2282 2279
f 3519 2279 3518
f 3519 3518 3516
f 3520 2284 2282
f 3520 2285 2284
f 3520 2328 2285
f 3520 2319 2328
f 3520 3516 2319
f 3520 2282 3519
f 3520 3519 3516
f 3521 1973 1972
f 3521 1972 1970
f 3522 1970 2337
f 3522 3523 3524
f 3522 3524 3521
f 3522 3521 1970
f 3525 2336 2338
f 3525 2337 2336
f 3525 3522 2337
f 3525 3526 3523
f 3525 3523 3522
f 3527 1940 1979
f 3527 1979 1980
f 3527 1980 1981
f 3528 1981 1983
f 3528 3527 1981
f 3529 1983 1985
f 3529 1985 1986
f 3529 1986 1987
f 3529 1987 1973
f 3529 3528 1983
f 3529 3521 3524
f 3529 1973 3521
f 3530 3524 3523
f 3530 3527 3528
f 3530 3529 3524
f 3530 3528 3529
f 3530 1940 3527
f 3531 2383 1940
f 3531 1940 3530
f 3531 3523 3526
f 3531 3530 3523
f 3532 2352 2383
f 3532 2349 2352
f 3532 2347 2349
f 3532 2383 3531
f 3533 2346 2347
f 3533 2347 3532
f 3533 3532 3531
f 3534 2344 2346
f 3534 2342 2344
f 3534 2340 2342
f 3534 2338 2340
f 3534 3525 2338
f 3534 3526 3525
f 3534 3531 3526
f 3534 2346 3533
f 3534 3533 3531
f 3535 1999 2002
f 3535 2002 2003
f 3536 2003 2005
f 3536 2005 1944
f 3536 3535 2003
f 3537 2246 1999
f 3537 1999 3535
f 3538 1944 2241
f 3538 3536 1944
f 3538 3535 3536
f 3538 3537 3535
f 3539 2247 2246
f 3539 2263 2247
f 3539 3537 3538
f 3539 2246 3537
f 3540 2240 2263
f 3540 2241 2240
f 3540 3539 3538
f 3540 2263 3539
f 3540 3538 2241
f 3541 1970 2012
f 3542 2012 2014
f 3542 2014 2010
f 3542 3541 2012
f 3543 2337 1970
f 3543 1970 3541
f 3544 2010 2324
f 3544 3541 3542
f 3544 3542 2010
f 3544 3543 3541
f 3545 2329 2337
f 3545 2337 3543
f 3546 2323 2329
f 3546 2324 2323
f 3546 3543 3544
f 3546 2329 3545
f 3546 3545 3543
f 3546 3544 2324
f 3547 2018 1999
f 3547 3548 2018
f 3549 2245 2018
f 3549 2018 3548
f 3550 3549 3548
f 3550 3547 1999
f 3550 3548 3547
f 3551 2245 3549
f 3552 2246 2245
f 3552 3549 3550
f 3552 2245 3551
f 3552 3551 3549
f 3553 1999 2246
f 3553 3550 1999
f 3553 2246 3552
f 3553 3552 3550
f 3554 2010 2029
f 3554 3555 2010
f 3556 2324 2010
f 3556 2010 3555
f 3557 3556 3555
f 3557 3554 2029
f 3557 3555 3554
f 3558 2324 3556
f 3559 2325 2324
f 3559 3556 3557
f 3559 2324 3558
f 3559 3558 3556
f 3560 2029 2325
f 3560 3557 2029
f 3560 2325 3559
f 3560 3559 3557
f 3561 2034 2037
f 3562 2037 2039
f 3562 2039 2018
f 3562 3561 2037
f 3563 2271 2034
f 3563 2034 3561
f 3564 2018 2245
f 3564 3561 3562
f 3564 3562 2018
f 3564 3563 3561
f 3565 2262 2271
f 3565 2271 3563
f 3566 2244 2262
f 3566 2245 2244
f 3566 3563 3564
f 3566 2262 3565
f 3566 3565 3563
f 3566 3564 2245
f 3567 2029 2046
f 3567 2046 2047
f 3568 2047 2049
f 3568 2049 2044
f 3568 3567 2047
f 3569 2325 2029
f 3569 2029 3567
f 3570 2044 2300
f 3570 3568 2044
f 3570 3567 3568
f 3570 3569 3567
f 3571 2326 2325
f 3571 2330 2326
f 3571 3569 3570
f 3571 2325 3569
f 3572 2299 2330
f 3572 2300 2299
f 3572 3571 3570
f 3572 2330 3571
f 3572 3570 2300
f 3573 2056 2055
f 3573 2055 2034
f 3574 2034 2271
f 3574 3575 3576
f 3574 3576 3573
f 3574 3573 2034
f 3577 2270 2272
f 3577 2271 2270
f 3577 3574 2271
f 3577 3578 3575
f 3577 3575 3574
f 3579 2059 2061
f 3579 2061 2062
f 3579 2062 2063
f 3579 2063 2065
f 3579 3576 3575
f 3579 3575 2059
f 3580 2065 2067
f 3580 2067 2068
f 3580 2068 2069
f 3580 2069 2056
f 3580 3573 3576
f 3580 2056 3573
f 3580 3576 3579
f 3580 3579 2065
f 3581 2327 2059
f 3581 2059 3575
f 3581 3575 3578
f 3582 2286 2327
f 3582 2283 2286
f 3582 2281 2283
f 3582 2327 3581
f 3583 2280 2281
f 3583 2281 3582
f 3583 3582 3581
f 3584 2278 2280
f 3584 2276 2278
f 3584 2274 2276
f 3584 2272 2274
f 3584 3577 2272
f 3584 2280 3583
f 3584 3578 3577
f 3584 3581 3578
f 3584 3583 3581
f 3585 2044 2075
f 3586 2300 2044
f 3586 2044 3585
f 3587 3585 3588
f 3587 3586 3585
f 3589 2298 2300
f 3589 2300 3586
f 3590 3589 3586
f 3590 3586 3587
f 3591 2075 2085
f 3591 2085 2086
f 3591 2086 2087
f 3591 2087 2088
f 3591 3585 2075
f 3591 3588 3585
f 3592 2088 2091
f 3592 3591 2088
f 3593 2091 2093
f 3593 2093 2094
f 3593 2094 2095
f 3593 2095 2083
f 3593 3592 2091
f 3594 3592 3593
f 3594 3593 2083
f 3594 3587 3588
f 3594 3588 3591
f 3594 3591 3592
f 3595 2083 2354
f 3595 3594 2083
f 3595 3587 3594
f 3595 3590 3587
f 3596 2339 2298
f 3596 2341 2339
f 3596 2343 2341
f 3596 2345 2343
f 3596 2298 3589
f 3596 3589 3590
f 3596 3590 3595
f 3597 2345 3596
f 3597 3596 3595
f 3598 2348 2345
f 3598 2345 3597
f 3598 3597 3595
f 3599 2350 2348
f 3599 2351 2350
f 3599 2353 2351
f 3599 2354 2353
f 3599 3595 2354
f 3599 2348 3598
f 3599 3598 3595
f 3600 2083 2059
f 3600 3601 2083
f 3602 2354 2083
f 3602 2083 3601
f 3603 3602 3601
f 3603 3600 2059
f 3603 3601 3600
f 3604 2354 3602
f 3605 2327 2354
f 3605 3602 3603
f 3605 2354 3604
f 3605 3604 3602
f 3606 2059 2327
f 3606 3603 2059
f 3606 2327 3605
f 3606 3605 3603
