# https://github.com/mikedh/trimesh

o geometry_1
v -12.64403000 -14.09813000 0.00000000
v -14.01012000 -16.57125000 0.00000000
v -16.09385000 -14.55603000 0.00000000
v -14.09813000 -12.64403000 0.00000000
v -14.19155000 -12.53909000 0.00000000
v -12.53909000 -14.19155000 0.00000000
v -14.28419000 -12.43346000 0.00000000
v -12.43346000 -14.28419000 0.00000000
v -12.32714000 -14.37604000 0.00000000
v -14.37604000 -12.32714000 0.00000000
v -17.89038000 -12.28105000 0.00000000
v -10.69569000 -15.62790000 0.00000000
v -11.67639000 -18.29076000 0.00000000
v -15.62790000 -10.69569000 0.00000000
v -10.57945000 -15.70682000 0.00000000
v -15.70682000 -10.57945000 0.00000000
v -10.46263000 -15.78488000 0.00000000
v -15.78488000 -10.46263000 0.00000000
v -10.34523000 -15.86206000 0.00000000
v -15.86206000 -10.34523000 0.00000000
v -19.36766000 -9.78692000 0.00000000
v -12.35854000 -13.24243000 0.00000000
v -13.24243000 -12.35854000 0.00000000
v -11.51603000 -13.98130000 0.00000000
v -8.56433200 -16.89027000 0.00000000
v -9.13428400 -19.68387000 0.00000000
v -16.89027000 -8.56433200 0.00000000
v -8.43878800 -16.95334000 0.00000000
v -16.95334000 -8.43878800 0.00000000
v -8.31278000 -17.01548000 0.00000000
v -17.01548000 -8.31278000 0.00000000
v -14.74226000 -10.52433000 0.00000000
v -13.98130000 -11.51603000 0.00000000
v -10.52433000 -14.74226000 0.00000000
v -8.18631500 -17.07668000 0.00000000
v -17.07668000 -8.18631500 0.00000000
v -20.49932000 -7.11813900 0.00000000
v -8.51004200 -15.98984000 0.00000000
v -9.59258300 -15.36483000 0.00000000
v -15.98984000 -8.51004200 0.00000000
v -15.36483000 -9.59258300 0.00000000
v -12.27814000 -12.11651000 0.00000000
v -12.11651000 -12.27814000 0.00000000
v -11.95276000 -12.43761000 0.00000000
v -12.43761000 -11.95276000 0.00000000
v -10.59157000 -13.61547000 0.00000000
v -10.77105000 -13.47394000 0.00000000
v -13.61547000 -10.59157000 0.00000000
v -13.47394000 -10.77105000 0.00000000
v -10.41024000 -13.75462000 0.00000000
v -13.75462000 -10.41024000 0.00000000
v -6.28644100 -17.86364000 0.00000000
v -6.42918000 -20.72572000 0.00000000
v -17.86364000 -6.28644100 0.00000000
v -10.22707000 -13.89135000 0.00000000
v -13.89135000 -10.22707000 0.00000000
v -6.15373800 -17.90979000 0.00000000
v -17.90979000 -6.15373800 0.00000000
v -7.50500400 -16.48547000 0.00000000
v -6.02069800 -17.95495000 0.00000000
v -17.95495000 -6.02069800 0.00000000
v -5.88732500 -17.99912000 0.00000000
v -17.99912000 -5.88732500 0.00000000
v -21.26517000 -4.32233600 0.00000000
v -14.88147000 -8.72378500 0.00000000
v -14.76457000 -8.92020200 0.00000000
v -8.72378500 -14.88147000 0.00000000
v -8.92020200 -14.76457000 0.00000000
v -8.52583600 -14.99575000 0.00000000
v -14.99575000 -8.52583600 0.00000000
v -8.32639100 -15.10741000 0.00000000
v -15.10741000 -8.32639100 0.00000000
v -6.35014500 -16.96382000 0.00000000
v -16.96382000 -6.35014500 0.00000000
v -16.48547000 -7.50500400 0.00000000
v -6.70673100 -15.89284000 0.00000000
v -6.91672600 -15.80258000 0.00000000
v -15.89284000 -6.70673100 0.00000000
v -15.80258000 -6.91672600 0.00000000
v -6.49555800 -15.98031000 0.00000000
v -15.98031000 -6.49555800 0.00000000
v -3.90098700 -18.53136000 0.00000000
v -3.60934700 -21.39772000 0.00000000
v -18.53136000 -3.90098700 0.00000000
v -6.28324500 -16.06497000 0.00000000
v -16.06497000 -6.28324500 0.00000000
v -3.76339600 -18.55979000 0.00000000
v -18.55979000 -3.76339600 0.00000000
v -3.62559900 -18.58720000 0.00000000
v -18.58720000 -3.62559900 0.00000000
v -3.48760200 -18.61358000 0.00000000
v -18.61358000 -3.48760200 0.00000000
v -21.65154000 -1.44940000 0.00000000
v -4.08159600 -17.64756000 0.00000000
v -5.28901300 -17.32403000 0.00000000
v -17.64756000 -4.08159600 0.00000000
v -17.32403000 -5.28901300 0.00000000
v -4.57492200 -16.63228000 0.00000000
v -4.79490200 -16.57020000 0.00000000
v -16.63228000 -4.57492200 0.00000000
v -16.57020000 -4.79490200 0.00000000
v -4.35413900 -16.69143000 0.00000000
v -16.69143000 -4.35413900 0.00000000
v -4.13259100 -16.74766000 0.00000000
v -16.74766000 -4.13259100 0.00000000
v -18.88200000 -1.44878600 0.00000000
v -1.44878600 -18.88200000 0.00000000
v -0.72510500 -21.68788000 0.00000000
v -18.89223000 -1.30866100 0.00000000
v -1.30866100 -18.89223000 0.00000000
v -18.90142000 -1.16846500 0.00000000
v -1.16846500 -18.90142000 0.00000000
v -1.02820400 -18.90957000 0.00000000
v -18.90957000 -1.02820400 0.00000000
v -21.65154000 1.44940000 0.00000000
v -18.02933000 -1.74320900 0.00000000
v -17.86617000 -2.98252500 0.00000000
v -1.74320900 -18.02933000 0.00000000
v -2.98252500 -17.86617000 0.00000000
v -2.36483500 -17.08713000 0.00000000
v -2.59103600 -17.05430000 0.00000000
v -17.08713000 -2.36483500 0.00000000
v -17.05430000 -2.59103600 0.00000000
v -2.13821900 -17.11697000 0.00000000
v -17.11697000 -2.13821900 0.00000000
v -1.91122800 -17.14380000 0.00000000
v -17.14380000 -1.91122800 0.00000000
v -18.90957000 1.02820400 0.00000000
v -18.10262000 -0.62500500 0.00000000
v 1.02820400 -18.90957000 0.00000000
v -0.62500500 -18.10262000 0.00000000
v 2.17207700 -21.59102000 0.00000000
v 1.16846500 -18.90142000 0.00000000
v -18.90142000 1.16846500 0.00000000
v -18.89223000 1.30866100 0.00000000
v 1.30866100 -18.89223000 0.00000000
v 0.62500500 -18.10262000 0.00000000
v -18.10262000 0.62500500 0.00000000
v 1.44878600 -18.88200000 0.00000000
v -18.88200000 1.44878600 0.00000000
v -0.11428570 -17.24962000 0.00000000
v -0.34283710 -17.24659000 0.00000000
v -17.24962000 -0.11428570 0.00000000
v -17.24659000 -0.34283710 0.00000000
v 0.11428570 -17.24962000 0.00000000
v -17.24962000 0.11428570 0.00000000
v 0.34283710 -17.24659000 0.00000000
v -17.24659000 0.34283710 0.00000000
v 3.48760200 -18.61358000 0.00000000
v 5.03049700 -21.10886000 0.00000000
v -18.61358000 3.48760200 0.00000000
v -21.26517000 4.32233600 0.00000000
v 2.13821900 -17.11697000 0.00000000
v 1.74320900 -18.02933000 0.00000000
v 1.91122800 -17.14380000 0.00000000
v -17.11697000 2.13821900 0.00000000
v -17.14380000 1.91122800 0.00000000
v -18.02933000 1.74320900 0.00000000
v 3.62559900 -18.58720000 0.00000000
v -18.58720000 3.62559900 0.00000000
v 2.98252500 -17.86617000 0.00000000
v -17.86617000 2.98252500 0.00000000
v 3.76339600 -18.55979000 0.00000000
v -18.55979000 3.76339600 0.00000000
v 2.36483500 -17.08713000 0.00000000
v -17.08713000 2.36483500 0.00000000
v 3.90098700 -18.53136000 0.00000000
v -18.53136000 3.90098700 0.00000000
v 2.59103600 -17.05430000 0.00000000
v -17.05430000 2.59103600 0.00000000
v 4.35413900 -16.69143000 0.00000000
v 4.08159600 -17.64756000 0.00000000
v 4.13259100 -16.74766000 0.00000000
v -16.69143000 4.35413900 0.00000000
v -16.74766000 4.13259100 0.00000000
v -17.64756000 4.08159600 0.00000000
v 5.88732500 -17.99912000 0.00000000
v 7.79914900 -20.25002000 0.00000000
v -17.99912000 5.88732500 0.00000000
v -20.49932000 7.11813900 0.00000000
v 4.57492200 -16.63228000 0.00000000
v 5.28901300 -17.32403000 0.00000000
v -17.32403000 5.28901300 0.00000000
v -16.63228000 4.57492200 0.00000000
v 6.02069800 -17.95495000 0.00000000
v -17.95495000 6.02069800 0.00000000
v 4.79490200 -16.57020000 0.00000000
v -16.57020000 4.79490200 0.00000000
v 6.15373800 -17.90979000 0.00000000
v -17.90979000 6.15373800 0.00000000
v 6.28644100 -17.86364000 0.00000000
v -17.86364000 6.28644100 0.00000000
v -15.98031000 6.49555800 0.00000000
v -16.06497000 6.28324500 0.00000000
v -16.96382000 6.35014500 0.00000000
v 6.49555800 -15.98031000 0.00000000
v 6.35014500 -16.96382000 0.00000000
v 6.28324500 -16.06497000 0.00000000
v 6.70673100 -15.89284000 0.00000000
v 7.50500400 -16.48547000 0.00000000
v -16.48547000 7.50500400 0.00000000
v -15.89284000 6.70673100 0.00000000
v 8.18631500 -17.07668000 0.00000000
v -17.07668000 8.18631500 0.00000000
v -19.36766000 9.78692000 0.00000000
v 6.91672600 -15.80258000 0.00000000
v -15.80258000 6.91672600 0.00000000
v -17.01548000 8.31278000 0.00000000
v 10.42862000 -19.02981000 0.00000000
v 8.31278000 -17.01548000 0.00000000
v 8.43878800 -16.95334000 0.00000000
v -16.95334000 8.43878800 0.00000000
v 8.56433200 -16.89027000 0.00000000
v -16.89027000 8.56433200 0.00000000
v 8.52583600 -14.99575000 0.00000000
v 8.51004200 -15.98984000 0.00000000
v 8.32639100 -15.10741000 0.00000000
v -14.99575000 8.52583600 0.00000000
v -15.10741000 8.32639100 0.00000000
v -15.98984000 8.51004200 0.00000000
v 9.59258300 -15.36483000 0.00000000
v 8.72378500 -14.88147000 0.00000000
v 8.92020200 -14.76457000 0.00000000
v -15.36483000 9.59258300 0.00000000
v -14.76457000 8.92020200 0.00000000
v -14.88147000 8.72378500 0.00000000
v 10.34523000 -15.86206000 0.00000000
v -15.86206000 10.34523000 0.00000000
v -17.89038000 12.28105000 0.00000000
v -15.78488000 10.46263000 0.00000000
v -15.70682000 10.57945000 0.00000000
v -15.62790000 10.69569000 0.00000000
v 12.87200000 -17.47002000 0.00000000
v 10.46263000 -15.78488000 0.00000000
v 10.57945000 -15.70682000 0.00000000
v 10.69569000 -15.62790000 0.00000000
v 10.41024000 -13.75462000 0.00000000
v 10.52433000 -14.74226000 0.00000000
v 10.22707000 -13.89135000 0.00000000
v -13.75462000 10.41024000 0.00000000
v -13.89135000 10.22707000 0.00000000
v -14.74226000 10.52433000 0.00000000
v 11.51603000 -13.98130000 0.00000000
v 10.59157000 -13.61547000 0.00000000
v 10.77105000 -13.47394000 0.00000000
v -13.98130000 11.51603000 0.00000000
v -13.47394000 10.77105000 0.00000000
v -13.61547000 10.59157000 0.00000000
v -14.37604000 12.32714000 0.00000000
v 12.32714000 -14.37604000 0.00000000
v -16.09385000 14.55603000 0.00000000
v -14.19155000 12.53909000 0.00000000
v -14.28419000 12.43346000 0.00000000
v -14.09813000 12.64403000 0.00000000
v 15.08568000 -15.59847000 0.00000000
v 12.43346000 -14.28419000 0.00000000
v 12.53909000 -14.19155000 0.00000000
v 12.64403000 -14.09813000 0.00000000
v -12.27814000 12.11651000 0.00000000
v -12.43761000 11.95276000 0.00000000
v -13.24243000 12.35854000 0.00000000
v 12.11651000 -12.27814000 0.00000000
v 12.35854000 -13.24243000 0.00000000
v 11.95276000 -12.43761000 0.00000000
v -12.35854000 13.24243000 0.00000000
v -11.95276000 12.43761000 0.00000000
v -12.11651000 12.27814000 0.00000000
v 13.24243000 -12.35854000 0.00000000
v 12.27814000 -12.11651000 0.00000000
v 12.43761000 -11.95276000 0.00000000
v -12.64403000 14.09813000 0.00000000
v 14.09813000 -12.64403000 0.00000000
v -14.01012000 16.57125000 0.00000000
v -12.32714000 14.37604000 0.00000000
v -12.43346000 14.28419000 0.00000000
v -12.53909000 14.19155000 0.00000000
v -10.59157000 13.61547000 0.00000000
v -10.77105000 13.47394000 0.00000000
v -11.51603000 13.98130000 0.00000000
v 13.61547000 -10.59157000 0.00000000
v 13.98130000 -11.51603000 0.00000000
v 13.47394000 -10.77105000 0.00000000
v 13.75462000 -10.41024000 0.00000000
v 17.03015000 -13.44857000 0.00000000
v 14.19155000 -12.53909000 0.00000000
v 14.28419000 -12.43346000 0.00000000
v 14.37604000 -12.32714000 0.00000000
v -10.52433000 14.74226000 0.00000000
v -10.22707000 13.89135000 0.00000000
v -10.41024000 13.75462000 0.00000000
v 14.74226000 -10.52433000 0.00000000
v 13.89135000 -10.22707000 0.00000000
v 15.62790000 -10.69569000 0.00000000
v -10.69569000 15.62790000 0.00000000
v -8.72378500 14.88147000 0.00000000
v -8.92020200 14.76457000 0.00000000
v -9.59258300 15.36483000 0.00000000
v 14.88147000 -8.72378500 0.00000000
v 15.36483000 -9.59258300 0.00000000
v 14.76457000 -8.92020200 0.00000000
v -11.67639000 18.29076000 0.00000000
v -10.34523000 15.86206000 0.00000000
v -10.46263000 15.78488000 0.00000000
v -10.57945000 15.70682000 0.00000000
v -8.51004200 15.98984000 0.00000000
v -8.32639100 15.10741000 0.00000000
v -8.52583600 14.99575000 0.00000000
v 15.98984000 -8.51004200 0.00000000
v 14.99575000 -8.52583600 0.00000000
v 15.10741000 -8.32639100 0.00000000
v 18.67071000 -11.05868000 0.00000000
v 15.70682000 -10.57945000 0.00000000
v 15.78488000 -10.46263000 0.00000000
v 15.86206000 -10.34523000 0.00000000
v 16.89027000 -8.56433200 0.00000000
v -8.56433200 16.89027000 0.00000000
v 15.89284000 -6.70673100 0.00000000
v 16.48547000 -7.50500400 0.00000000
v 15.80258000 -6.91672600 0.00000000
v -6.70673100 15.89284000 0.00000000
v -6.91672600 15.80258000 0.00000000
v -7.50500400 16.48547000 0.00000000
v -6.49555800 15.98031000 0.00000000
v -9.13428400 19.68387000 0.00000000
v -8.18631500 17.07668000 0.00000000
v -8.31278000 17.01548000 0.00000000
v -8.43878800 16.95334000 0.00000000
v 16.96382000 -6.35014500 0.00000000
v 15.98031000 -6.49555800 0.00000000
v 16.06497000 -6.28324500 0.00000000
v -6.35014500 16.96382000 0.00000000
v -6.28324500 16.06497000 0.00000000
v 19.97810000 -8.47144700 0.00000000
v 16.95334000 -8.43878800 0.00000000
v 17.01548000 -8.31278000 0.00000000
v 17.07668000 -8.18631500 0.00000000
v 17.86364000 -6.28644100 0.00000000
v -6.28644100 17.86364000 0.00000000
v 17.90979000 -6.15373800 0.00000000
v 16.63228000 -4.57492200 0.00000000
v 17.32403000 -5.28901300 0.00000000
v 16.57020000 -4.79490200 0.00000000
v -4.57492200 16.63228000 0.00000000
v -4.79490200 16.57020000 0.00000000
v -5.28901300 17.32403000 0.00000000
v 16.69143000 -4.35413900 0.00000000
v -4.35413900 16.69143000 0.00000000
v 17.64756000 -4.08159600 0.00000000
v 16.74766000 -4.13259100 0.00000000
v -4.08159600 17.64756000 0.00000000
v -4.13259100 16.74766000 0.00000000
v -6.42918000 20.72572000 0.00000000
v -5.88732500 17.99912000 0.00000000
v -6.02069800 17.95495000 0.00000000
v -6.15373800 17.90979000 0.00000000
v 18.53136000 -3.90098700 0.00000000
v 17.99912000 -5.88732500 0.00000000
v -3.90098700 18.53136000 0.00000000
v 17.86617000 -2.98252500 0.00000000
v 17.05430000 -2.59103600 0.00000000
v 17.08713000 -2.36483500 0.00000000
v -2.98252500 17.86617000 0.00000000
v -2.36483500 17.08713000 0.00000000
v -2.59103600 17.05430000 0.00000000
v 17.11697000 -2.13821900 0.00000000
v -2.13821900 17.11697000 0.00000000
v 20.92898000 -5.73304000 0.00000000
v 17.95495000 -6.02069800 0.00000000
v 18.55979000 -3.76339600 0.00000000
v 18.02933000 -1.74320900 0.00000000
v 17.14380000 -1.91122800 0.00000000
v -1.74320900 18.02933000 0.00000000
v -3.48760200 18.61358000 0.00000000
v -1.91122800 17.14380000 0.00000000
v -1.44878600 18.88200000 0.00000000
v 18.88200000 -1.44878600 0.00000000
v 18.61358000 -3.48760200 0.00000000
v 18.10262000 -0.62500500 0.00000000
v 17.24659000 -0.34283710 0.00000000
v 17.24962000 -0.11428570 0.00000000
v -0.62500500 18.10262000 0.00000000
v -0.11428570 17.24962000 0.00000000
v -0.34283710 17.24659000 0.00000000
v -3.60934700 21.39772000 0.00000000
v -3.62559900 18.58720000 0.00000000
v -3.76339600 18.55979000 0.00000000
v 21.50638000 -2.89232700 0.00000000
v 18.89223000 -1.30866100 0.00000000
v 18.58720000 -3.62559900 0.00000000
v 0.62500500 18.10262000 0.00000000
v 0.34283710 17.24659000 0.00000000
v 0.11428570 17.24962000 0.00000000
v 18.10262000 0.62500500 0.00000000
v 17.24962000 0.11428570 0.00000000
v 17.24659000 0.34283710 0.00000000
v 18.02933000 1.74320900 0.00000000
v 17.14380000 1.91122800 0.00000000
v 17.11697000 2.13821900 0.00000000
v 17.08713000 2.36483500 0.00000000
v 1.74320900 18.02933000 0.00000000
v 2.13821900 17.11697000 0.00000000
v 1.91122800 17.14380000 0.00000000
v 1.02820400 18.90957000 0.00000000
v -1.02820400 18.90957000 0.00000000
v 18.90957000 1.02820400 0.00000000
v 18.90957000 -1.02820400 0.00000000
v 17.86617000 2.98252500 0.00000000
v 17.05430000 2.59103600 0.00000000
v 2.98252500 17.86617000 0.00000000
v 2.59103600 17.05430000 0.00000000
v 2.36483500 17.08713000 0.00000000
v -0.72510500 21.68788000 0.00000000
v -1.16846500 18.90142000 0.00000000
v -1.30866100 18.89223000 0.00000000
v 21.70000000 -0.00000000 0.00000000
v 18.90142000 1.16846500 0.00000000
v 18.89223000 1.30866100 0.00000000
v 18.90142000 -1.16846500 0.00000000
v 17.64756000 4.08159600 0.00000000
v 16.74766000 4.13259100 0.00000000
v 16.69143000 4.35413900 0.00000000
v 4.08159600 17.64756000 0.00000000
v 4.57492200 16.63228000 0.00000000
v 4.35413900 16.69143000 0.00000000
v 4.13259100 16.74766000 0.00000000
v 3.48760200 18.61358000 0.00000000
v 1.44878600 18.88200000 0.00000000
v 18.61358000 3.48760200 0.00000000
v 18.88200000 1.44878600 0.00000000
v 5.28901300 17.32403000 0.00000000
v 4.79490200 16.57020000 0.00000000
v 17.32403000 5.28901300 0.00000000
v 16.63228000 4.57492200 0.00000000
v 16.57020000 4.79490200 0.00000000
v 18.53136000 3.90098700 0.00000000
v 6.35014500 16.96382000 0.00000000
v 6.49555800 15.98031000 0.00000000
v 6.28324500 16.06497000 0.00000000
v 16.96382000 6.35014500 0.00000000
v 16.06497000 6.28324500 0.00000000
v 15.98031000 6.49555800 0.00000000
v 15.89284000 6.70673100 0.00000000
v 2.17207700 21.59102000 0.00000000
v 1.30866100 18.89223000 0.00000000
v 1.16846500 18.90142000 0.00000000
v 5.88732500 17.99912000 0.00000000
v 3.90098700 18.53136000 0.00000000
v 17.99912000 5.88732500 0.00000000
v 16.48547000 7.50500400 0.00000000
v 15.80258000 6.91672600 0.00000000
v 7.50500400 16.48547000 0.00000000
v 6.91672600 15.80258000 0.00000000
v 6.70673100 15.89284000 0.00000000
v 21.50638000 2.89232700 0.00000000
v 18.58720000 3.62559900 0.00000000
v 18.55979000 3.76339600 0.00000000
v 15.98984000 8.51004200 0.00000000
v 15.10741000 8.32639100 0.00000000
v 14.99575000 8.52583600 0.00000000
v 8.51004200 15.98984000 0.00000000
v 8.72378500 14.88147000 0.00000000
v 8.52583600 14.99575000 0.00000000
v 8.32639100 15.10741000 0.00000000
v 15.36483000 9.59258300 0.00000000
v 14.88147000 8.72378500 0.00000000
v 14.76457000 8.92020200 0.00000000
v 9.59258300 15.36483000 0.00000000
v 8.92020200 14.76457000 0.00000000
v 8.18631500 17.07668000 0.00000000
v 6.28644100 17.86364000 0.00000000
v 17.07668000 8.18631500 0.00000000
v 17.86364000 6.28644100 0.00000000
v 10.52433000 14.74226000 0.00000000
v 10.41024000 13.75462000 0.00000000
v 10.22707000 13.89135000 0.00000000
v 14.74226000 10.52433000 0.00000000
v 13.89135000 10.22707000 0.00000000
v 13.75462000 10.41024000 0.00000000
v 13.61547000 10.59157000 0.00000000
v 11.51603000 13.98130000 0.00000000
v 10.77105000 13.47394000 0.00000000
v 10.59157000 13.61547000 0.00000000
v 13.98130000 11.51603000 0.00000000
v 13.47394000 10.77105000 0.00000000
v 13.24243000 12.35854000 0.00000000
v 12.43761000 11.95276000 0.00000000
v 12.27814000 12.11651000 0.00000000
v 12.35854000 13.24243000 0.00000000
v 12.11651000 12.27814000 0.00000000
v 11.95276000 12.43761000 0.00000000
v 5.03049700 21.10886000 0.00000000
v 3.76339600 18.55979000 0.00000000
v 3.62559900 18.58720000 0.00000000
v 15.86206000 10.34523000 0.00000000
v 16.89027000 8.56433200 0.00000000
v 10.34523000 15.86206000 0.00000000
v 8.56433200 16.89027000 0.00000000
v 15.62790000 10.69569000 0.00000000
v 20.92898000 5.73304000 0.00000000
v 17.95495000 6.02069800 0.00000000
v 17.90979000 6.15373800 0.00000000
v 14.37604000 12.32714000 0.00000000
v 12.32714000 14.37604000 0.00000000
v 10.69569000 15.62790000 0.00000000
v 12.64403000 14.09813000 0.00000000
v 14.09813000 12.64403000 0.00000000
v 7.79914900 20.25002000 0.00000000
v 6.15373800 17.90979000 0.00000000
v 6.02069800 17.95495000 0.00000000
v 19.97810000 8.47144700 0.00000000
v 17.01548000 8.31278000 0.00000000
v 16.95334000 8.43878800 0.00000000
v 10.42862000 19.02981000 0.00000000
v 8.43878800 16.95334000 0.00000000
v 8.31278000 17.01548000 0.00000000
v 18.67071000 11.05868000 0.00000000
v 15.78488000 10.46263000 0.00000000
v 15.70682000 10.57945000 0.00000000
v 12.87200000 17.47002000 0.00000000
v 10.57945000 15.70682000 0.00000000
v 10.46263000 15.78488000 0.00000000
v 17.03015000 13.44857000 0.00000000
v 14.28419000 12.43346000 0.00000000
v 14.19155000 12.53909000 0.00000000
v 15.08568000 15.59847000 0.00000000
v 12.53909000 14.19155000 0.00000000
v 12.43346000 14.28419000 0.00000000
v 21.50638000 2.89232700 4.60000000
v 21.70000000 -0.00000000 4.60000000
v 20.92898000 5.73304000 4.60000000
v 19.97810000 8.47144700 4.60000000
v 18.67071000 11.05868000 4.60000000
v 17.03015000 13.44857000 4.60000000
v 15.08568000 15.59847000 4.60000000
v 12.87200000 17.47002000 4.60000000
v 10.42862000 19.02981000 4.60000000
v 7.79914900 20.25002000 4.60000000
v 5.03049700 21.10886000 4.60000000
v 2.17207700 21.59102000 4.60000000
v -0.72510500 21.68788000 4.60000000
v -3.60934700 21.39772000 4.60000000
v -6.42918000 20.72572000 4.60000000
v -9.13428400 19.68387000 4.60000000
v -11.67639000 18.29076000 4.60000000
v -14.01012000 16.57125000 4.60000000
v -16.09385000 14.55603000 4.60000000
v -17.89038000 12.28105000 4.60000000
v -19.36766000 9.78692000 4.60000000
v -20.49932000 7.11813900 4.60000000
v -21.26517000 4.32233600 4.60000000
v -21.65154000 1.44940000 4.60000000
v -21.65154000 -1.44940000 4.60000000
v -21.26517000 -4.32233600 4.60000000
v -20.49932000 -7.11813900 4.60000000
v -19.36766000 -9.78692000 4.60000000
v -17.89038000 -12.28105000 4.60000000
v -16.09385000 -14.55603000 4.60000000
v -14.01012000 -16.57125000 4.60000000
v -11.67639000 -18.29076000 4.60000000
v -9.13428400 -19.68387000 4.60000000
v -6.42918000 -20.72572000 4.60000000
v -3.60934700 -21.39772000 4.60000000
v -0.72510500 -21.68788000 4.60000000
v 2.17207700 -21.59102000 4.60000000
v 5.03049700 -21.10886000 4.60000000
v 7.79914900 -20.25002000 4.60000000
v 10.42862000 -19.02981000 4.60000000
v 12.87200000 -17.47002000 4.60000000
v 15.08568000 -15.59847000 4.60000000
v 17.03015000 -13.44857000 4.60000000
v 18.67071000 -11.05868000 4.60000000
v 19.97810000 -8.47144700 4.60000000
v 20.92898000 -5.73304000 4.60000000
v 21.50638000 -2.89232700 4.60000000
v 18.86843000 -1.61597400 0.57500000
v 18.85592000 -1.75591300 0.57500000
v 18.87990000 -1.47594600 0.57500000
v 18.89033000 -1.33583600 0.57500000
v 17.99857000 -2.03641900 0.57500000
v 17.11042000 -2.19000400 0.57500000
v 18.09005000 -0.91955670 0.57500000
v 17.23873000 -0.62349360 0.57500000
v 17.04638000 -2.64262900 0.57500000
v 17.00987000 -2.86826500 0.57500000
v 17.07990000 -2.41652800 0.57500000
v 17.24548000 -0.39502180 0.57500000
v 17.24920000 -0.16648060 0.57500000
v 17.24989000 0.06208980 0.57500000
v 17.81527000 -3.27291600 0.57500000
v 18.55436000 -3.79009100 0.57500000
v 18.11040000 0.33028770 0.57500000
v 18.92380000 0.72030010 0.57500000
v 18.49608000 -4.06497300 0.57500000
v 18.46541000 -4.20208200 0.57500000
v 18.52573000 -3.92764000 0.57500000
v 18.91793000 0.86067480 0.57500000
v 18.91103000 1.00100200 0.57500000
v 18.90308000 1.14127400 0.57500000
v 17.57879000 -4.36828300 0.57500000
v 16.67818000 -4.40462500 0.57500000
v 18.05532000 1.44953600 0.57500000
v 17.17263000 1.63194600 0.57500000
v 16.55561000 -4.84501900 0.57500000
v 16.48996000 -5.06396000 0.57500000
v 16.61836000 -4.62522900 0.57500000
v 17.14950000 1.85934400 0.57500000
v 17.12336000 2.08641600 0.57500000
v 17.09421000 2.31312100 0.57500000
v 17.23565000 -5.57027400 0.57500000
v 17.90091000 -6.17949500 0.57500000
v 17.91235000 2.69134300 0.57500000
v 18.66788000 3.18418900 0.57500000
v 17.80726000 -6.44441900 0.57500000
v 17.75896000 -6.57635300 0.57500000
v 17.85458000 -6.31213100 0.57500000
v 18.64375000 3.32259700 0.57500000
v 18.61858000 3.46082300 0.57500000
v 18.59239000 3.59885800 0.57500000
v 16.85822000 -6.62540400 0.57500000
v 15.96058000 -6.54388300 0.57500000
v 17.71165000 3.79382700 0.57500000
v 16.81270000 3.85946300 0.57500000
v 15.78157000 -6.96451100 0.57500000
v 15.68791000 -7.17300900 0.57500000
v 15.87247000 -6.75479000 0.57500000
v 16.76009000 4.08189600 0.57500000
v 16.70453000 4.30361300 0.57500000
v 16.64604000 4.52457400 0.57500000
v 16.36113000 -7.77232400 0.57500000
v 16.94118000 -8.46316700 0.57500000
v 17.40782000 5.00635000 0.57500000
v 18.09256000 5.59359500 0.57500000
v 16.81375000 -8.71360000 0.57500000
v 16.74864000 -8.83810000 0.57500000
v 16.87793000 -8.58862000 0.57500000
v 18.05056000 5.72766900 0.57500000
v 18.00757000 5.86142700 0.57500000
v 17.96359000 5.99486300 0.57500000
v 15.84921000 -8.76916200 0.57500000
v 14.96989000 -8.57117300 0.57500000
v 17.06493000 6.07320500 0.57500000
v 16.16511000 6.02094300 0.57500000
v 14.73751000 -8.96483700 0.57500000
v 14.61743000 -9.15932500 0.57500000
v 14.85500000 -8.76877500 0.57500000
v 16.08391000 6.23460600 0.57500000
v 15.99989000 6.44717400 0.57500000
v 15.91306000 6.65861000 0.57500000
v 15.20667000 -9.84138700 0.57500000
v 15.69158000 -10.60203000 0.57500000
v 16.60543000 7.23569600 0.57500000
v 17.20766000 7.90729400 0.57500000
v 15.53255000 -10.83369000 0.57500000
v 15.45175000 -10.94862000 0.57500000
v 15.61250000 -10.71815000 0.57500000
v 17.14852000 8.03473900 0.57500000
v 17.08844000 8.16174200 0.57500000
v 17.02742000 8.28829500 0.57500000
v 14.56901000 -10.76288000 0.57500000
v 13.72305000 -10.45181000 0.57500000
v 16.12623000 8.24866800 0.57500000
v 15.24092000 8.07940300 0.57500000
v 13.44128000 -10.81177000 0.57500000
v 13.29684000 -10.98892000 0.57500000
v 13.58336000 -10.63272000 0.57500000
v 15.13253000 8.28063900 0.57500000
v 15.02148000 8.48042200 0.57500000
v 14.90780000 8.67871500 0.57500000
v 13.79201000 -11.74206000 0.57500000
v 14.17350000 -12.55949000 0.57500000
v 15.51892000 9.34123700 0.57500000
v 16.02834000 10.08570000 0.57500000
v 13.98559000 -12.76841000 0.57500000
v 13.89047000 -12.87182000 0.57500000
v 14.07993000 -12.66430000 0.57500000
v 15.95307000 10.20433000 0.57500000
v 15.87693000 10.32241000 0.57500000
v 15.79991000 10.43991000 0.57500000
v 13.03953000 -12.57244000 0.57500000
v 12.24142000 -12.15361000 0.57500000
v 14.91160000 10.28299000 0.57500000
v 14.05596000 9.99962200 0.57500000
v 11.91507000 -12.47372000 0.57500000
v 11.74875000 -12.63050000 0.57500000
v 12.07930000 -12.31474000 0.57500000
v 13.92223000 10.18499000 0.57500000
v 13.78605000 10.36857000 0.57500000
v 13.64746000 10.55033000 0.57500000
v 12.14138000 -13.44182000 0.57500000
v 12.41290000 -14.30206000 0.57500000
v 14.16688000 11.28695000 0.57500000
v 14.57477000 12.09153000 0.57500000
v 12.19933000 -14.48466000 0.57500000
v 12.09153000 -14.57477000 0.57500000
v 12.30645000 -14.39375000 0.57500000
v 14.48466000 12.19933000 0.57500000
v 14.39375000 12.30645000 0.57500000
v 14.30206000 12.41290000 0.57500000
v 11.28695000 -14.16688000 0.57500000
v 10.55033000 -13.64746000 0.57500000
v 13.44182000 12.14138000 0.57500000
v 12.63050000 11.74875000 0.57500000
v 10.18499000 -13.92223000 0.57500000
v 9.99962200 -14.05596000 0.57500000
v 10.36857000 -13.78605000 0.57500000
v 12.47372000 11.91507000 0.57500000
v 12.31474000 12.07930000 0.57500000
v 12.15361000 12.24142000 0.57500000
v 10.28299000 -14.91160000 0.57500000
v 10.43991000 -15.79991000 0.57500000
v 12.57244000 13.03953000 0.57500000
v 12.87182000 13.89047000 0.57500000
v 10.20433000 -15.95307000 0.57500000
v 10.08570000 -16.02834000 0.57500000
v 10.32241000 -15.87693000 0.57500000
v 12.76841000 13.98559000 0.57500000
v 12.66430000 14.07993000 0.57500000
v 12.55949000 14.17350000 0.57500000
v 9.34123700 -15.51892000 0.57500000
v 8.67871500 -14.90780000 0.57500000
v 11.74206000 13.79201000 0.57500000
v 10.98892000 13.29684000 0.57500000
v 8.28063900 -15.13253000 0.57500000
v 8.07940300 -15.24092000 0.57500000
v 8.48042200 -15.02148000 0.57500000
v 10.81177000 13.44128000 0.57500000
v 10.63272000 13.58336000 0.57500000
v 10.45181000 13.72305000 0.57500000
v 8.24866800 -16.12623000 0.57500000
v 8.28829500 -17.02742000 0.57500000
v 10.76288000 14.56901000 0.57500000
v 10.94862000 15.45175000 0.57500000
v 8.03473900 -17.14852000 0.57500000
v 7.90729400 -17.20766000 0.57500000
v 8.16174200 -17.08844000 0.57500000
v 10.83369000 15.53255000 0.57500000
v 10.71815000 15.61250000 0.57500000
v 10.60203000 15.69158000 0.57500000
v 7.23569600 -16.60543000 0.57500000
v 6.65861000 -15.91306000 0.57500000
v 9.84138700 15.20667000 0.57500000
v 9.15932500 14.61743000 0.57500000
v 6.23460600 -16.08391000 0.57500000
v 6.02094300 -16.16511000 0.57500000
v 6.44717400 -15.99989000 0.57500000
v 8.96483700 14.73751000 0.57500000
v 8.76877500 14.85500000 0.57500000
v 8.57117300 14.96989000 0.57500000
v 6.07320500 -17.06493000 0.57500000
v 5.99486300 -17.96359000 0.57500000
v 8.76916200 15.84921000 0.57500000
v 8.83810000 16.74864000 0.57500000
v 5.72766900 -18.05056000 0.57500000
v 5.59359500 -18.09256000 0.57500000
v 5.86142700 -18.00757000 0.57500000
v 8.71360000 16.81375000 0.57500000
v 8.58862000 16.87793000 0.57500000
v 8.46316700 16.94118000 0.57500000
v 5.00635000 -17.40782000 0.57500000
v 4.52457400 -16.64604000 0.57500000
v 7.77232400 16.36113000 0.57500000
v 7.17300900 15.68791000 0.57500000
v 4.08189600 -16.76009000 0.57500000
v 3.85946300 -16.81270000 0.57500000
v 4.30361300 -16.70453000 0.57500000
v 6.96451100 15.78157000 0.57500000
v 6.75479000 15.87247000 0.57500000
v 6.54388300 15.96058000 0.57500000
v 3.79382700 -17.71165000 0.57500000
v 3.59885800 -18.59239000 0.57500000
v 6.62540400 16.85822000 0.57500000
v 6.57635300 17.75896000 0.57500000
v 3.32259700 -18.64375000 0.57500000
v 3.18418900 -18.66788000 0.57500000
v 3.46082300 -18.61858000 0.57500000
v 6.44441900 17.80726000 0.57500000
v 6.31213100 17.85458000 0.57500000
v 6.17949500 17.90091000 0.57500000
v 2.69134300 -17.91235000 0.57500000
v 2.31312100 -17.09421000 0.57500000
v 5.57027400 17.23565000 0.57500000
v 5.06396000 16.48996000 0.57500000
v 1.85934400 -17.14950000 0.57500000
v 1.63194600 -17.17263000 0.57500000
v 2.08641600 -17.12336000 0.57500000
v 4.84501900 16.55561000 0.57500000
v 4.62522900 16.61836000 0.57500000
v 4.40462500 16.67818000 0.57500000
v 1.44953600 -18.05532000 0.57500000
v 1.14127400 -18.90308000 0.57500000
v 4.36828300 17.57879000 0.57500000
v 4.20208200 18.46541000 0.57500000
v 0.86067480 -18.91793000 0.57500000
v 0.72030010 -18.92380000 0.57500000
v 1.00100200 -18.91103000 0.57500000
v 4.06497300 18.49608000 0.57500000
v 3.92764000 18.52573000 0.57500000
v 3.79009100 18.55436000 0.57500000
v 0.33028770 -18.11040000 0.57500000
v 0.06208980 -17.24989000 0.57500000
v 3.27291600 17.81527000 0.57500000
v 2.86826500 17.00987000 0.57500000
v -0.39502180 -17.24548000 0.57500000
v -0.62349360 -17.23873000 0.57500000
v -0.16648060 -17.24920000 0.57500000
v 2.64262900 17.04638000 0.57500000
v 2.41652800 17.07990000 0.57500000
v 2.19000400 17.11042000 0.57500000
v -0.91955670 -18.09005000 0.57500000
v -1.33583600 -18.89033000 0.57500000
v 2.03641900 17.99857000 0.57500000
v 1.75591300 18.85592000 0.57500000
v -1.61597400 -18.86843000 0.57500000
v -1.75591300 -18.85592000 0.57500000
v -1.47594600 -18.87990000 0.57500000
v 1.61597400 18.86843000 0.57500000
v 1.47594600 18.87990000 0.57500000
v 1.33583600 18.89033000 0.57500000
v -2.03641900 -17.99857000 0.57500000
v -2.19000400 -17.11042000 0.57500000
v 0.91955670 18.09005000 0.57500000
v 0.62349360 17.23873000 0.57500000
v -2.64262900 -17.04638000 0.57500000
v -2.86826500 -17.00987000 0.57500000
v -2.41652800 -17.07990000 0.57500000
v 0.39502180 17.24548000 0.57500000
v 0.16648060 17.24920000 0.57500000
v -0.06208980 17.24989000 0.57500000
v -3.27291600 -17.81527000 0.57500000
v -3.79009100 -18.55436000 0.57500000
v -0.33028770 18.11040000 0.57500000
v -0.72030010 18.92380000 0.57500000
v -4.06497300 -18.49608000 0.57500000
v -4.20208200 -18.46541000 0.57500000
v -3.92764000 -18.52573000 0.57500000
v -0.86067480 18.91793000 0.57500000
v -1.00100200 18.91103000 0.57500000
v -1.14127400 18.90308000 0.57500000
v -4.36828300 -17.57879000 0.57500000
v -4.40462500 -16.67818000 0.57500000
v -1.44953600 18.05532000 0.57500000
v -1.63194600 17.17263000 0.57500000
v -4.84501900 -16.55561000 0.57500000
v -5.06396000 -16.48996000 0.57500000
v -4.62522900 -16.61836000 0.57500000
v -1.85934400 17.14950000 0.57500000
v -2.08641600 17.12336000 0.57500000
v -2.31312100 17.09421000 0.57500000
v -5.57027400 -17.23565000 0.57500000
v -6.17949500 -17.90091000 0.57500000
v -2.69134300 17.91235000 0.57500000
v -3.18418900 18.66788000 0.57500000
v -6.44441900 -17.80726000 0.57500000
v -6.57635300 -17.75896000 0.57500000
v -6.31213100 -17.85458000 0.57500000
v -3.32259700 18.64375000 0.57500000
v -3.46082300 18.61858000 0.57500000
v -3.59885800 18.59239000 0.57500000
v -6.62540400 -16.85822000 0.57500000
v -6.54388300 -15.96058000 0.57500000
v -3.79382700 17.71165000 0.57500000
v -3.85946300 16.81270000 0.57500000
v -6.96451100 -15.78157000 0.57500000
v -7.17300900 -15.68791000 0.57500000
v -6.75479000 -15.87247000 0.57500000
v -4.08189600 16.76009000 0.57500000
v -4.30361300 16.70453000 0.57500000
v -4.52457400 16.64604000 0.57500000
v -7.77232400 -16.36113000 0.57500000
v -8.46316700 -16.94118000 0.57500000
v -5.00635000 17.40782000 0.57500000
v -5.59359500 18.09256000 0.57500000
v -8.71360000 -16.81375000 0.57500000
v -8.83810000 -16.74864000 0.57500000
v -8.58862000 -16.87793000 0.57500000
v -5.72766900 18.05056000 0.57500000
v -5.86142700 18.00757000 0.57500000
v -5.99486300 17.96359000 0.57500000
v -8.76916200 -15.84921000 0.57500000
v -8.57117300 -14.96989000 0.57500000
v -6.07320500 17.06493000 0.57500000
v -6.02094300 16.16511000 0.57500000
v -8.96483700 -14.73751000 0.57500000
v -9.15932500 -14.61743000 0.57500000
v -8.76877500 -14.85500000 0.57500000
v -6.23460600 16.08391000 0.57500000
v -6.44717400 15.99989000 0.57500000
v -6.65861000 15.91306000 0.57500000
v -9.84138700 -15.20667000 0.57500000
v -10.60203000 -15.69158000 0.57500000
v -7.23569600 16.60543000 0.57500000
v -7.90729400 17.20766000 0.57500000
v -10.83369000 -15.53255000 0.57500000
v -10.94862000 -15.45175000 0.57500000
v -10.71815000 -15.61250000 0.57500000
v -8.03473900 17.14852000 0.57500000
v -8.16174200 17.08844000 0.57500000
v -8.28829500 17.02742000 0.57500000
v -10.76288000 -14.56901000 0.57500000
v -10.45181000 -13.72305000 0.57500000
v -8.24866800 16.12623000 0.57500000
v -8.07940300 15.24092000 0.57500000
v -10.81177000 -13.44128000 0.57500000
v -10.98892000 -13.29684000 0.57500000
v -10.63272000 -13.58336000 0.57500000
v -8.28063900 15.13253000 0.57500000
v -8.48042200 15.02148000 0.57500000
v -8.67871500 14.90780000 0.57500000
v -11.74206000 -13.79201000 0.57500000
v -12.55949000 -14.17350000 0.57500000
v -9.34123700 15.51892000 0.57500000
v -10.08570000 16.02834000 0.57500000
v -12.76841000 -13.98559000 0.57500000
v -12.87182000 -13.89047000 0.57500000
v -12.66430000 -14.07993000 0.57500000
v -10.20433000 15.95307000 0.57500000
v -10.32241000 15.87693000 0.57500000
v -10.43991000 15.79991000 0.57500000
v -12.57244000 -13.03953000 0.57500000
v -12.15361000 -12.24142000 0.57500000
v -10.28299000 14.91160000 0.57500000
v -9.99962200 14.05596000 0.57500000
v -12.47372000 -11.91507000 0.57500000
v -12.63050000 -11.74875000 0.57500000
v -12.31474000 -12.07930000 0.57500000
v -10.18499000 13.92223000 0.57500000
v -10.36857000 13.78605000 0.57500000
v -10.55033000 13.64746000 0.57500000
v -13.44182000 -12.14138000 0.57500000
v -14.30206000 -12.41290000 0.57500000
v -11.28695000 14.16688000 0.57500000
v -12.09153000 14.57477000 0.57500000
v -14.48466000 -12.19933000 0.57500000
v -14.57477000 -12.09153000 0.57500000
v -14.39375000 -12.30645000 0.57500000
v -12.19933000 14.48466000 0.57500000
v -12.30645000 14.39375000 0.57500000
v -12.41290000 14.30206000 0.57500000
v -14.16688000 -11.28695000 0.57500000
v -13.64746000 -10.55033000 0.57500000
v -12.14138000 13.44182000 0.57500000
v -11.74875000 12.63050000 0.57500000
v -13.92223000 -10.18499000 0.57500000
v -14.05596000 -9.99962200 0.57500000
v -13.78605000 -10.36857000 0.57500000
v -11.91507000 12.47372000 0.57500000
v -12.07930000 12.31474000 0.57500000
v -12.24142000 12.15361000 0.57500000
v -14.91160000 -10.28299000 0.57500000
v -15.79991000 -10.43991000 0.57500000
v -13.03953000 12.57244000 0.57500000
v -13.89047000 12.87182000 0.57500000
v -15.95307000 -10.20433000 0.57500000
v -16.02834000 -10.08570000 0.57500000
v -15.87693000 -10.32241000 0.57500000
v -13.98559000 12.76841000 0.57500000
v -14.07993000 12.66430000 0.57500000
v -14.17350000 12.55949000 0.57500000
v -15.51892000 -9.34123700 0.57500000
v -14.90780000 -8.67871500 0.57500000
v -13.79201000 11.74206000 0.57500000
v -13.29684000 10.98892000 0.57500000
v -15.13253000 -8.28063900 0.57500000
v -15.24092000 -8.07940300 0.57500000
v -15.02148000 -8.48042200 0.57500000
v -13.44128000 10.81177000 0.57500000
v -13.58336000 10.63272000 0.57500000
v -13.72305000 10.45181000 0.57500000
v -16.12623000 -8.24866800 0.57500000
v -17.02742000 -8.28829500 0.57500000
v -14.56901000 10.76288000 0.57500000
v -15.45175000 10.94862000 0.57500000
v -17.14852000 -8.03473900 0.57500000
v -17.20766000 -7.90729400 0.57500000
v -17.08844000 -8.16174200 0.57500000
v -15.53255000 10.83369000 0.57500000
v -15.61250000 10.71815000 0.57500000
v -15.69158000 10.60203000 0.57500000
v -16.60543000 -7.23569600 0.57500000
v -15.91306000 -6.65861000 0.57500000
v -15.20667000 9.84138700 0.57500000
v -14.61743000 9.15932500 0.57500000
v -16.08391000 -6.23460600 0.57500000
v -16.16511000 -6.02094300 0.57500000
v -15.99989000 -6.44717400 0.57500000
v -14.73751000 8.96483700 0.57500000
v -14.85500000 8.76877500 0.57500000
v -14.96989000 8.57117300 0.57500000
v -17.06493000 -6.07320500 0.57500000
v -17.96359000 -5.99486300 0.57500000
v -15.84921000 8.76916200 0.57500000
v -16.74864000 8.83810000 0.57500000
v -18.05056000 -5.72766900 0.57500000
v -18.09256000 -5.59359500 0.57500000
v -18.00757000 -5.86142700 0.57500000
v -16.81375000 8.71360000 0.57500000
v -16.87793000 8.58862000 0.57500000
v -16.94118000 8.46316700 0.57500000
v -17.40782000 -5.00635000 0.57500000
v -16.64604000 -4.52457400 0.57500000
v -16.36113000 7.77232400 0.57500000
v -15.68791000 7.17300900 0.57500000
v -16.76009000 -4.08189600 0.57500000
v -16.81270000 -3.85946300 0.57500000
v -16.70453000 -4.30361300 0.57500000
v -15.78157000 6.96451100 0.57500000
v -15.87247000 6.75479000 0.57500000
v -15.96058000 6.54388300 0.57500000
v -17.71165000 -3.79382700 0.57500000
v -18.59239000 -3.59885800 0.57500000
v -16.85822000 6.62540400 0.57500000
v -17.75896000 6.57635300 0.57500000
v -18.64375000 -3.32259700 0.57500000
v -18.66788000 -3.18418900 0.57500000
v -18.61858000 -3.46082300 0.57500000
v -17.80726000 6.44441900 0.57500000
v -17.85458000 6.31213100 0.57500000
v -17.90091000 6.17949500 0.57500000
v -17.91235000 -2.69134300 0.57500000
v -17.09421000 -2.31312100 0.57500000
v -17.23565000 5.57027400 0.57500000
v -16.48996000 5.06396000 0.57500000
v -17.14950000 -1.85934400 0.57500000
v -17.17263000 -1.63194600 0.57500000
v -17.12336000 -2.08641600 0.57500000
v -16.55561000 4.84501900 0.57500000
v -16.61836000 4.62522900 0.57500000
v -16.67818000 4.40462500 0.57500000
v -18.05532000 -1.44953600 0.57500000
v -18.90308000 -1.14127400 0.57500000
v -17.57879000 4.36828300 0.57500000
v -18.46541000 4.20208200 0.57500000
v -18.91793000 -0.86067480 0.57500000
v -18.92380000 -0.72030010 0.57500000
v -18.91103000 -1.00100200 0.57500000
v -18.49608000 4.06497300 0.57500000
v -18.52573000 3.92764000 0.57500000
v -18.55436000 3.79009100 0.57500000
v -18.11040000 -0.33028770 0.57500000
v -17.24989000 -0.06208980 0.57500000
v -17.81527000 3.27291600 0.57500000
v -17.00987000 2.86826500 0.57500000
v -17.24548000 0.39502180 0.57500000
v -17.23873000 0.62349360 0.57500000
v -17.24920000 0.16648060 0.57500000
v -17.04638000 2.64262900 0.57500000
v -17.07990000 2.41652800 0.57500000
v -17.11042000 2.19000400 0.57500000
v -18.09005000 0.91955670 0.57500000
v -18.89033000 1.33583600 0.57500000
v -17.99857000 2.03641900 0.57500000
v -18.85592000 1.75591300 0.57500000
v -18.86843000 1.61597400 0.57500000
v -18.87990000 1.47594600 0.57500000
v -12.64403000 -14.09813000 4.60000000
v -14.09813000 -12.64403000 4.60000000
v -14.19155000 -12.53909000 4.60000000
v -12.53909000 -14.19155000 4.60000000
v -14.28419000 -12.43346000 4.60000000
v -12.43346000 -14.28419000 4.60000000
v -12.32714000 -14.37604000 4.60000000
v -14.37604000 -12.32714000 4.60000000
v -15.62790000 -10.69569000 4.60000000
v -10.69569000 -15.62790000 4.60000000
v -15.70682000 -10.57945000 4.60000000
v -10.57945000 -15.70682000 4.60000000
v -10.46263000 -15.78488000 4.60000000
v -15.78488000 -10.46263000 4.60000000
v -15.86206000 -10.34523000 4.60000000
v -10.34523000 -15.86206000 4.60000000
v -12.35854000 -13.24243000 4.60000000
v -13.24243000 -12.35854000 4.60000000
v -11.51603000 -13.98130000 4.60000000
v -8.56433200 -16.89027000 4.60000000
v -16.89027000 -8.56433200 4.60000000
v -8.43878800 -16.95334000 4.60000000
v -16.95334000 -8.43878800 4.60000000
v -8.31278000 -17.01548000 4.60000000
v -17.01548000 -8.31278000 4.60000000
v -14.74226000 -10.52433000 4.60000000
v -13.98130000 -11.51603000 4.60000000
v -10.52433000 -14.74226000 4.60000000
v -8.18631500 -17.07668000 4.60000000
v -17.07668000 -8.18631500 4.60000000
v -15.36483000 -9.59258300 4.60000000
v -8.51004200 -15.98984000 4.60000000
v -9.59258300 -15.36483000 4.60000000
v -15.98984000 -8.51004200 4.60000000
v -12.27814000 -12.11651000 4.60000000
v -12.11651000 -12.27814000 4.60000000
v -11.95276000 -12.43761000 4.60000000
v -12.43761000 -11.95276000 4.60000000
v -10.59157000 -13.61547000 4.60000000
v -10.77105000 -13.47394000 4.60000000
v -13.61547000 -10.59157000 4.60000000
v -13.47394000 -10.77105000 4.60000000
v -10.41024000 -13.75462000 4.60000000
v -13.75462000 -10.41024000 4.60000000
v -6.28644100 -17.86364000 4.60000000
v -17.86364000 -6.28644100 4.60000000
v -10.22707000 -13.89135000 4.60000000
v -13.89135000 -10.22707000 4.60000000
v -6.15373800 -17.90979000 4.60000000
v -17.90979000 -6.15373800 4.60000000
v -16.48547000 -7.50500400 4.60000000
v -7.50500400 -16.48547000 4.60000000
v -6.02069800 -17.95495000 4.60000000
v -17.95495000 -6.02069800 4.60000000
v -5.88732500 -17.99912000 4.60000000
v -17.99912000 -5.88732500 4.60000000
v -14.88147000 -8.72378500 4.60000000
v -14.76457000 -8.92020200 4.60000000
v -8.72378500 -14.88147000 4.60000000
v -8.92020200 -14.76457000 4.60000000
v -14.99575000 -8.52583600 4.60000000
v -8.52583600 -14.99575000 4.60000000
v -8.32639100 -15.10741000 4.60000000
v -15.10741000 -8.32639100 4.60000000
v -6.35014500 -16.96382000 4.60000000
v -16.96382000 -6.35014500 4.60000000
v -6.70673100 -15.89284000 4.60000000
v -6.91672600 -15.80258000 4.60000000
v -15.89284000 -6.70673100 4.60000000
v -15.80258000 -6.91672600 4.60000000
v -6.49555800 -15.98031000 4.60000000
v -15.98031000 -6.49555800 4.60000000
v -18.53136000 -3.90098700 4.60000000
v -3.90098700 -18.53136000 4.60000000
v -6.28324500 -16.06497000 4.60000000
v -16.06497000 -6.28324500 4.60000000
v -3.76339600 -18.55979000 4.60000000
v -18.55979000 -3.76339600 4.60000000
v -3.62559900 -18.58720000 4.60000000
v -18.58720000 -3.62559900 4.60000000
v -3.48760200 -18.61358000 4.60000000
v -18.61358000 -3.48760200 4.60000000
v -4.08159600 -17.64756000 4.60000000
v -5.28901300 -17.32403000 4.60000000
v -17.64756000 -4.08159600 4.60000000
v -17.32403000 -5.28901300 4.60000000
v -4.57492200 -16.63228000 4.60000000
v -4.79490200 -16.57020000 4.60000000
v -16.63228000 -4.57492200 4.60000000
v -16.57020000 -4.79490200 4.60000000
v -4.35413900 -16.69143000 4.60000000
v -16.69143000 -4.35413900 4.60000000
v -4.13259100 -16.74766000 4.60000000
v -16.74766000 -4.13259100 4.60000000
v -18.88200000 -1.44878600 4.60000000
v -1.44878600 -18.88200000 4.60000000
v -18.89223000 -1.30866100 4.60000000
v -1.30866100 -18.89223000 4.60000000
v -18.90142000 -1.16846500 4.60000000
v -1.16846500 -18.90142000 4.60000000
v -18.90957000 -1.02820400 4.60000000
v -1.02820400 -18.90957000 4.60000000
v -18.02933000 -1.74320900 4.60000000
v -17.86617000 -2.98252500 4.60000000
v -1.74320900 -18.02933000 4.60000000
v -2.98252500 -17.86617000 4.60000000
v -2.36483500 -17.08713000 4.60000000
v -2.59103600 -17.05430000 4.60000000
v -17.08713000 -2.36483500 4.60000000
v -17.05430000 -2.59103600 4.60000000
v -2.13821900 -17.11697000 4.60000000
v -17.11697000 -2.13821900 4.60000000
v -1.91122800 -17.14380000 4.60000000
v -17.14380000 -1.91122800 4.60000000
v -18.90957000 1.02820400 4.60000000
v -18.10262000 -0.62500500 4.60000000
v 1.02820400 -18.90957000 4.60000000
v -18.90142000 1.16846500 4.60000000
v 1.16846500 -18.90142000 4.60000000
v -18.89223000 1.30866100 4.60000000
v 1.30866100 -18.89223000 4.60000000
v 0.62500500 -18.10262000 4.60000000
v -0.62500500 -18.10262000 4.60000000
v -18.10262000 0.62500500 4.60000000
v -18.88200000 1.44878600 4.60000000
v 1.44878600 -18.88200000 4.60000000
v -17.24962000 -0.11428570 4.60000000
v -17.24659000 -0.34283710 4.60000000
v -0.11428570 -17.24962000 4.60000000
v -0.34283710 -17.24659000 4.60000000
v -17.24962000 0.11428570 4.60000000
v 0.11428570 -17.24962000 4.60000000
v 0.34283710 -17.24659000 4.60000000
v -17.24659000 0.34283710 4.60000000
v 3.48760200 -18.61358000 4.60000000
v -18.61358000 3.48760200 4.60000000
v -18.02933000 1.74320900 4.60000000
v 2.13821900 -17.11697000 4.60000000
v 1.91122800 -17.14380000 4.60000000
v 1.74320900 -18.02933000 4.60000000
v -17.11697000 2.13821900 4.60000000
v -17.14380000 1.91122800 4.60000000
v 3.62559900 -18.58720000 4.60000000
v -18.58720000 3.62559900 4.60000000
v 2.98252500 -17.86617000 4.60000000
v -17.86617000 2.98252500 4.60000000
v 3.76339600 -18.55979000 4.60000000
v -18.55979000 3.76339600 4.60000000
v -17.08713000 2.36483500 4.60000000
v 2.36483500 -17.08713000 4.60000000
v 3.90098700 -18.53136000 4.60000000
v -18.53136000 3.90098700 4.60000000
v 2.59103600 -17.05430000 4.60000000
v -17.05430000 2.59103600 4.60000000
v 4.35413900 -16.69143000 4.60000000
v 4.13259100 -16.74766000 4.60000000
v 4.08159600 -17.64756000 4.60000000
v -16.69143000 4.35413900 4.60000000
v -17.64756000 4.08159600 4.60000000
v -16.74766000 4.13259100 4.60000000
v 5.88732500 -17.99912000 4.60000000
v -17.99912000 5.88732500 4.60000000
v 4.57492200 -16.63228000 4.60000000
v 5.28901300 -17.32403000 4.60000000
v -17.32403000 5.28901300 4.60000000
v -16.63228000 4.57492200 4.60000000
v 6.02069800 -17.95495000 4.60000000
v -17.95495000 6.02069800 4.60000000
v 4.79490200 -16.57020000 4.60000000
v -16.57020000 4.79490200 4.60000000
v 6.15373800 -17.90979000 4.60000000
v -17.90979000 6.15373800 4.60000000
v 6.28644100 -17.86364000 4.60000000
v -17.86364000 6.28644100 4.60000000
v 6.49555800 -15.98031000 4.60000000
v 6.28324500 -16.06497000 4.60000000
v 6.35014500 -16.96382000 4.60000000
v -15.98031000 6.49555800 4.60000000
v -16.96382000 6.35014500 4.60000000
v -16.06497000 6.28324500 4.60000000
v 7.50500400 -16.48547000 4.60000000
v 6.70673100 -15.89284000 4.60000000
v -16.48547000 7.50500400 4.60000000
v -15.89284000 6.70673100 4.60000000
v 8.18631500 -17.07668000 4.60000000
v -17.07668000 8.18631500 4.60000000
v 6.91672600 -15.80258000 4.60000000
v -15.80258000 6.91672600 4.60000000
v -17.01548000 8.31278000 4.60000000
v 8.31278000 -17.01548000 4.60000000
v 8.43878800 -16.95334000 4.60000000
v -16.95334000 8.43878800 4.60000000
v 8.56433200 -16.89027000 4.60000000
v -16.89027000 8.56433200 4.60000000
v 8.52583600 -14.99575000 4.60000000
v 8.32639100 -15.10741000 4.60000000
v 8.51004200 -15.98984000 4.60000000
v -14.99575000 8.52583600 4.60000000
v -15.98984000 8.51004200 4.60000000
v -15.10741000 8.32639100 4.60000000
v 8.72378500 -14.88147000 4.60000000
v 9.59258300 -15.36483000 4.60000000
v 8.92020200 -14.76457000 4.60000000
v -15.36483000 9.59258300 4.60000000
v -14.88147000 8.72378500 4.60000000
v -14.76457000 8.92020200 4.60000000
v 10.34523000 -15.86206000 4.60000000
v -15.86206000 10.34523000 4.60000000
v -15.78488000 10.46263000 4.60000000
v -15.70682000 10.57945000 4.60000000
v -15.62790000 10.69569000 4.60000000
v 10.46263000 -15.78488000 4.60000000
v 10.57945000 -15.70682000 4.60000000
v 10.69569000 -15.62790000 4.60000000
v 10.41024000 -13.75462000 4.60000000
v 10.22707000 -13.89135000 4.60000000
v 10.52433000 -14.74226000 4.60000000
v -13.75462000 10.41024000 4.60000000
v -14.74226000 10.52433000 4.60000000
v -13.89135000 10.22707000 4.60000000
v 10.59157000 -13.61547000 4.60000000
v 11.51603000 -13.98130000 4.60000000
v 10.77105000 -13.47394000 4.60000000
v -13.98130000 11.51603000 4.60000000
v -13.61547000 10.59157000 4.60000000
v -13.47394000 10.77105000 4.60000000
v -14.37604000 12.32714000 4.60000000
v 12.32714000 -14.37604000 4.60000000
v -14.28419000 12.43346000 4.60000000
v -14.19155000 12.53909000 4.60000000
v -14.09813000 12.64403000 4.60000000
v 12.43346000 -14.28419000 4.60000000
v 12.53909000 -14.19155000 4.60000000
v 12.64403000 -14.09813000 4.60000000
v -12.27814000 12.11651000 4.60000000
v -13.24243000 12.35854000 4.60000000
v -12.43761000 11.95276000 4.60000000
v 12.11651000 -12.27814000 4.60000000
v 11.95276000 -12.43761000 4.60000000
v 12.35854000 -13.24243000 4.60000000
v -12.35854000 13.24243000 4.60000000
v -12.11651000 12.27814000 4.60000000
v -11.95276000 12.43761000 4.60000000
v 13.24243000 -12.35854000 4.60000000
v 12.27814000 -12.11651000 4.60000000
v 12.43761000 -11.95276000 4.60000000
v -12.64403000 14.09813000 4.60000000
v 14.09813000 -12.64403000 4.60000000
v -12.43346000 14.28419000 4.60000000
v -12.32714000 14.37604000 4.60000000
v -12.53909000 14.19155000 4.60000000
v -10.59157000 13.61547000 4.60000000
v -11.51603000 13.98130000 4.60000000
v -10.77105000 13.47394000 4.60000000
v 13.61547000 -10.59157000 4.60000000
v 13.47394000 -10.77105000 4.60000000
v 13.98130000 -11.51603000 4.60000000
v 13.75462000 -10.41024000 4.60000000
v 14.19155000 -12.53909000 4.60000000
v 14.28419000 -12.43346000 4.60000000
v 14.37604000 -12.32714000 4.60000000
v -10.52433000 14.74226000 4.60000000
v -10.41024000 13.75462000 4.60000000
v -10.22707000 13.89135000 4.60000000
v 14.74226000 -10.52433000 4.60000000
v 13.89135000 -10.22707000 4.60000000
v 15.62790000 -10.69569000 4.60000000
v -10.69569000 15.62790000 4.60000000
v -8.72378500 14.88147000 4.60000000
v -9.59258300 15.36483000 4.60000000
v -8.92020200 14.76457000 4.60000000
v 14.88147000 -8.72378500 4.60000000
v 14.76457000 -8.92020200 4.60000000
v 15.36483000 -9.59258300 4.60000000
v -10.46263000 15.78488000 4.60000000
v -10.34523000 15.86206000 4.60000000
v -10.57945000 15.70682000 4.60000000
v -8.51004200 15.98984000 4.60000000
v -8.52583600 14.99575000 4.60000000
v -8.32639100 15.10741000 4.60000000
v 15.98984000 -8.51004200 4.60000000
v 14.99575000 -8.52583600 4.60000000
v 15.10741000 -8.32639100 4.60000000
v 15.86206000 -10.34523000 4.60000000
v 15.70682000 -10.57945000 4.60000000
v 15.78488000 -10.46263000 4.60000000
v 16.89027000 -8.56433200 4.60000000
v -8.56433200 16.89027000 4.60000000
v 15.89284000 -6.70673100 4.60000000
v 15.80258000 -6.91672600 4.60000000
v 16.48547000 -7.50500400 4.60000000
v -6.70673100 15.89284000 4.60000000
v -7.50500400 16.48547000 4.60000000
v -6.91672600 15.80258000 4.60000000
v -6.49555800 15.98031000 4.60000000
v -8.31278000 17.01548000 4.60000000
v -8.18631500 17.07668000 4.60000000
v -8.43878800 16.95334000 4.60000000
v 16.96382000 -6.35014500 4.60000000
v 15.98031000 -6.49555800 4.60000000
v 16.06497000 -6.28324500 4.60000000
v -6.35014500 16.96382000 4.60000000
v -6.28324500 16.06497000 4.60000000
v 16.95334000 -8.43878800 4.60000000
v 17.01548000 -8.31278000 4.60000000
v 17.07668000 -8.18631500 4.60000000
v 17.86364000 -6.28644100 4.60000000
v -6.28644100 17.86364000 4.60000000
v 17.90979000 -6.15373800 4.60000000
v 16.63228000 -4.57492200 4.60000000
v 16.57020000 -4.79490200 4.60000000
v 17.32403000 -5.28901300 4.60000000
v -4.57492200 16.63228000 4.60000000
v -5.28901300 17.32403000 4.60000000
v -4.79490200 16.57020000 4.60000000
v -4.08159600 17.64756000 4.60000000
v -4.35413900 16.69143000 4.60000000
v -4.13259100 16.74766000 4.60000000
v 17.64756000 -4.08159600 4.60000000
v 16.69143000 -4.35413900 4.60000000
v 16.74766000 -4.13259100 4.60000000
v -6.02069800 17.95495000 4.60000000
v -5.88732500 17.99912000 4.60000000
v -6.15373800 17.90979000 4.60000000
v 18.53136000 -3.90098700 4.60000000
v 17.99912000 -5.88732500 4.60000000
v -3.90098700 18.53136000 4.60000000
v 17.86617000 -2.98252500 4.60000000
v 17.08713000 -2.36483500 4.60000000
v 17.05430000 -2.59103600 4.60000000
v -2.98252500 17.86617000 4.60000000
v -2.59103600 17.05430000 4.60000000
v -2.36483500 17.08713000 4.60000000
v -2.13821900 17.11697000 4.60000000
v 17.95495000 -6.02069800 4.60000000
v 18.55979000 -3.76339600 4.60000000
v 18.02933000 -1.74320900 4.60000000
v 17.11697000 -2.13821900 4.60000000
v 17.14380000 -1.91122800 4.60000000
v -1.74320900 18.02933000 4.60000000
v -3.48760200 18.61358000 4.60000000
v -1.91122800 17.14380000 4.60000000
v -1.44878600 18.88200000 4.60000000
v 18.88200000 -1.44878600 4.60000000
v 18.61358000 -3.48760200 4.60000000
v 18.10262000 -0.62500500 4.60000000
v 17.24962000 -0.11428570 4.60000000
v 17.24659000 -0.34283710 4.60000000
v 17.24962000 0.11428570 4.60000000
v -0.62500500 18.10262000 4.60000000
v -0.34283710 17.24659000 4.60000000
v -0.11428570 17.24962000 4.60000000
v -3.62559900 18.58720000 4.60000000
v -3.76339600 18.55979000 4.60000000
v 18.89223000 -1.30866100 4.60000000
v 18.58720000 -3.62559900 4.60000000
v 0.62500500 18.10262000 4.60000000
v -1.02820400 18.90957000 4.60000000
v 0.11428570 17.24962000 4.60000000
v 0.34283710 17.24659000 4.60000000
v 18.10262000 0.62500500 4.60000000
v 17.24659000 0.34283710 4.60000000
v 18.02933000 1.74320900 4.60000000
v 17.11697000 2.13821900 4.60000000
v 17.14380000 1.91122800 4.60000000
v 1.74320900 18.02933000 4.60000000
v 1.91122800 17.14380000 4.60000000
v 2.13821900 17.11697000 4.60000000
v 1.02820400 18.90957000 4.60000000
v 18.90957000 1.02820400 4.60000000
v 18.90957000 -1.02820400 4.60000000
v 17.86617000 2.98252500 4.60000000
v 17.08713000 2.36483500 4.60000000
v 17.05430000 2.59103600 4.60000000
v 18.88200000 1.44878600 4.60000000
v 2.98252500 17.86617000 4.60000000
v 2.36483500 17.08713000 4.60000000
v 2.59103600 17.05430000 4.60000000
v -1.16846500 18.90142000 4.60000000
v -1.30866100 18.89223000 4.60000000
v 18.90142000 1.16846500 4.60000000
v 18.89223000 1.30866100 4.60000000
v 18.90142000 -1.16846500 4.60000000
v 17.64756000 4.08159600 4.60000000
v 16.69143000 4.35413900 4.60000000
v 16.74766000 4.13259100 4.60000000
v 4.08159600 17.64756000 4.60000000
v 4.35413900 16.69143000 4.60000000
v 4.57492200 16.63228000 4.60000000
v 4.13259100 16.74766000 4.60000000
v 3.48760200 18.61358000 4.60000000
v 1.44878600 18.88200000 4.60000000
v 18.61358000 3.48760200 4.60000000
v 5.28901300 17.32403000 4.60000000
v 4.79490200 16.57020000 4.60000000
v 17.32403000 5.28901300 4.60000000
v 16.63228000 4.57492200 4.60000000
v 16.57020000 4.79490200 4.60000000
v 18.53136000 3.90098700 4.60000000
v 16.96382000 6.35014500 4.60000000
v 15.98031000 6.49555800 4.60000000
v 16.06497000 6.28324500 4.60000000
v 15.89284000 6.70673100 4.60000000
v 6.35014500 16.96382000 4.60000000
v 6.28324500 16.06497000 4.60000000
v 6.49555800 15.98031000 4.60000000
v 1.30866100 18.89223000 4.60000000
v 1.16846500 18.90142000 4.60000000
v 5.88732500 17.99912000 4.60000000
v 3.90098700 18.53136000 4.60000000
v 17.99912000 5.88732500 4.60000000
v 16.48547000 7.50500400 4.60000000
v 15.80258000 6.91672600 4.60000000
v 7.50500400 16.48547000 4.60000000
v 6.70673100 15.89284000 4.60000000
v 6.91672600 15.80258000 4.60000000
v 18.58720000 3.62559900 4.60000000
v 18.55979000 3.76339600 4.60000000
v 15.98984000 8.51004200 4.60000000
v 14.99575000 8.52583600 4.60000000
v 15.10741000 8.32639100 4.60000000
v 8.51004200 15.98984000 4.60000000
v 8.52583600 14.99575000 4.60000000
v 8.72378500 14.88147000 4.60000000
v 8.32639100 15.10741000 4.60000000
v 15.36483000 9.59258300 4.60000000
v 14.88147000 8.72378500 4.60000000
v 14.76457000 8.92020200 4.60000000
v 9.59258300 15.36483000 4.60000000
v 8.92020200 14.76457000 4.60000000
v 8.18631500 17.07668000 4.60000000
v 6.28644100 17.86364000 4.60000000
v 17.07668000 8.18631500 4.60000000
v 17.86364000 6.28644100 4.60000000
v 10.52433000 14.74226000 4.60000000
v 10.22707000 13.89135000 4.60000000
v 10.41024000 13.75462000 4.60000000
v 14.74226000 10.52433000 4.60000000
v 13.75462000 10.41024000 4.60000000
v 13.89135000 10.22707000 4.60000000
v 16.89027000 8.56433200 4.60000000
v 11.51603000 13.98130000 4.60000000
v 10.59157000 13.61547000 4.60000000
v 10.77105000 13.47394000 4.60000000
v 13.98130000 11.51603000 4.60000000
v 13.61547000 10.59157000 4.60000000
v 13.47394000 10.77105000 4.60000000
v 13.24243000 12.35854000 4.60000000
v 12.27814000 12.11651000 4.60000000
v 12.43761000 11.95276000 4.60000000
v 12.11651000 12.27814000 4.60000000
v 12.35854000 13.24243000 4.60000000
v 11.95276000 12.43761000 4.60000000
v 3.76339600 18.55979000 4.60000000
v 3.62559900 18.58720000 4.60000000
v 15.86206000 10.34523000 4.60000000
v 10.34523000 15.86206000 4.60000000
v 8.56433200 16.89027000 4.60000000
v 10.69569000 15.62790000 4.60000000
v 17.95495000 6.02069800 4.60000000
v 17.90979000 6.15373800 4.60000000
v 14.37604000 12.32714000 4.60000000
v 15.62790000 10.69569000 4.60000000
v 12.32714000 14.37604000 4.60000000
v 14.09813000 12.64403000 4.60000000
v 12.64403000 14.09813000 4.60000000
v 6.15373800 17.90979000 4.60000000
v 6.02069800 17.95495000 4.60000000
v 17.01548000 8.31278000 4.60000000
v 16.95334000 8.43878800 4.60000000
v 8.43878800 16.95334000 4.60000000
v 8.31278000 17.01548000 4.60000000
v 15.78488000 10.46263000 4.60000000
v 15.70682000 10.57945000 4.60000000
v 10.57945000 15.70682000 4.60000000
v 10.46263000 15.78488000 4.60000000
v 14.28419000 12.43346000 4.60000000
v 14.19155000 12.53909000 4.60000000
v 12.53909000 14.19155000 4.60000000
v 12.43346000 14.28419000 4.60000000
v 18.83963000 -1.92285800 1.15000000
v 18.82484000 -2.06257600 1.15000000
v 18.85337000 -1.78303500 1.15000000
v 18.86608000 -1.64311400 1.15000000
v 17.96305000 -2.32909100 1.15000000
v 17.07251000 -2.46819900 1.15000000
v 18.07269000 -1.21386500 1.15000000
v 17.22630000 -0.90398490 1.15000000
v 17.00111000 -2.91972200 1.15000000
v 16.96093000 -3.14473400 1.15000000
v 17.03830000 -2.69419700 1.15000000
v 17.23676000 -0.67565320 1.15000000
v 17.24420000 -0.44720280 1.15000000
v 17.24861000 -0.21867400 1.15000000
v 17.75964000 -3.56244000 1.15000000
v 18.49021000 -4.09157500 1.15000000
v 18.11338000 0.03548288 1.15000000
v 18.93301000 0.41220500 1.15000000
v 18.42747000 -4.36547300 1.15000000
v 18.39457000 -4.50206500 1.15000000
v 18.45935000 -4.22864000 1.15000000
v 18.92943000 0.55265660 1.15000000
v 18.92481000 0.69307770 1.15000000
v 18.91915000 0.83346060 1.15000000
v 17.50536000 -4.65381300 1.15000000
v 16.60428000 -4.67549300 1.15000000
v 18.07652000 1.15548000 1.15000000
v 17.19692000 1.35223200 1.15000000
v 16.47456000 -5.11383300 1.15000000
v 16.40536000 -5.33167600 1.15000000
v 16.54088000 -4.89509300 1.15000000
v 17.17749000 1.57997600 1.15000000
v 17.15505000 1.80744300 1.15000000
v 17.12959000 2.03459300 1.15000000
v 17.14271000 -5.85006000 1.15000000
v 17.79797000 -6.47002800 1.15000000
v 17.95378000 2.39944900 1.15000000
v 18.71724000 2.87993300 1.15000000
v 17.70001000 -6.73339300 1.15000000
v 17.64957000 -6.86452300 1.15000000
v 17.74948000 -6.60189200 1.15000000
v 18.69535000 3.01871500 1.15000000
v 18.67244000 3.15733200 1.15000000
v 18.64851000 3.29577500 1.15000000
v 16.74816000 -6.89890700 1.15000000
v 15.85196000 -6.80278700 1.15000000
v 17.77105000 3.50505400 1.15000000
v 16.87329000 3.58531100 1.15000000
v 15.66613000 -7.22044600 1.15000000
v 15.56908000 -7.42739200 1.15000000
v 15.76043000 -7.01223200 1.15000000
v 16.82431000 3.80857200 1.15000000
v 16.77236000 4.03116300 1.15000000
v 16.71748000 4.25304700 1.15000000
v 16.23246000 -8.03758500 1.15000000
v 16.80120000 -8.73777700 1.15000000
v 17.48699000 4.72236100 1.15000000
v 18.18120000 5.29838400 1.15000000
v 16.66970000 -8.98610200 1.15000000
v 16.60257000 -9.10952700 1.15000000
v 16.73591000 -8.86218400 1.15000000
v 18.14139000 5.43312300 1.15000000
v 18.10058000 5.56756400 1.15000000
v 18.05878000 5.70169800 1.15000000
v 15.70439000 -9.02595900 1.15000000
v 14.82840000 -8.81368400 1.15000000
v 17.16152000 5.79465500 1.15000000
v 16.26096000 5.75704500 1.15000000
v 14.58965000 -9.20351400 1.15000000
v 14.46642000 -9.39602200 1.15000000
v 14.71032000 -9.00939000 1.15000000
v 16.18325000 5.97200100 1.15000000
v 16.10270000 6.18590900 1.15000000
v 16.01932000 6.39873000 1.15000000
v 15.04448000 -10.08758000 1.15000000
v 15.51695000 -10.85602000 1.15000000
v 16.72100000 6.96447100 1.15000000
v 17.33408000 7.62617800 1.15000000
v 15.35417000 -11.08506000 1.15000000
v 15.27150000 -11.19866000 1.15000000
v 15.43598000 -10.97084000 1.15000000
v 17.27702000 7.75456900 1.15000000
v 17.21902000 7.88253300 1.15000000
v 17.16006000 8.01006300 1.15000000
v 14.39191000 -10.99857000 1.15000000
v 13.55113000 -10.67378000 1.15000000
v 16.25834000 7.98510800 1.15000000
v 15.37040000 7.83027500 1.15000000
v 13.26353000 -11.02911000 1.15000000
v 13.11623000 -11.20388000 1.15000000
v 13.40851000 -10.85240000 1.15000000
v 15.26530000 8.03324900 1.15000000
v 15.15752000 8.23481200 1.15000000
v 15.04707000 8.43493000 1.15000000
v 13.59908000 -11.96498000 1.15000000
v 13.96721000 -12.78851000 1.15000000
v 15.66890000 9.08741700 1.15000000
v 16.19037000 9.82348700 1.15000000
v 13.77592000 -12.99434000 1.15000000
v 13.67914000 -13.09619000 1.15000000
v 13.87194000 -12.89178000 1.15000000
v 16.11704000 9.94333200 1.15000000
v 16.04283000 10.06263000 1.15000000
v 15.96773000 10.18137000 1.15000000
v 12.83318000 -12.78300000 1.15000000
v 12.04199000 -12.35124000 1.15000000
v 15.07698000 10.03893000 1.15000000
v 14.21685000 9.76952600 1.15000000
v 11.71047000 -12.66599000 1.15000000
v 11.54162000 -12.82005000 1.15000000
v 11.87727000 -12.50971000 1.15000000
v 14.08615000 9.95704500 1.15000000
v 13.95299000 10.14282000 1.15000000
v 13.81737000 10.32681000 1.15000000
v 11.92099000 -13.63765000 1.15000000
v 12.17848000 -14.50219000 1.15000000
v 14.34871000 11.05488000 1.15000000
v 14.76963000 11.85271000 1.15000000
v 11.96196000 -14.68129000 1.15000000
v 11.85271000 -14.76963000 1.15000000
v 12.07055000 -14.59214000 1.15000000
v 14.68129000 11.96196000 1.15000000
v 14.59214000 12.07055000 1.15000000
v 14.50219000 12.17848000 1.15000000
v 11.05488000 -14.34871000 1.15000000
v 10.32681000 -13.81737000 1.15000000
v 13.63765000 11.92099000 1.15000000
v 12.82005000 11.54162000 1.15000000
v 9.95704500 -14.08615000 1.15000000
v 9.76952600 -14.21685000 1.15000000
v 10.14282000 -13.95299000 1.15000000
v 12.66599000 11.71047000 1.15000000
v 12.50971000 11.87727000 1.15000000
v 12.35124000 12.04199000 1.15000000
v 10.03893000 -15.07698000 1.15000000
v 10.18137000 -15.96773000 1.15000000
v 12.78300000 12.83318000 1.15000000
v 13.09619000 13.67914000 1.15000000
v 9.94333200 -16.11704000 1.15000000
v 9.82348700 -16.19037000 1.15000000
v 10.06263000 -16.04283000 1.15000000
v 12.99434000 13.77592000 1.15000000
v 12.89178000 13.87194000 1.15000000
v 12.78851000 13.96721000 1.15000000
v 9.08741700 -15.66890000 1.15000000
v 8.43493000 -15.04707000 1.15000000
v 11.96498000 13.59908000 1.15000000
v 11.20388000 13.11623000 1.15000000
v 8.03324900 -15.26530000 1.15000000
v 7.83027500 -15.37040000 1.15000000
v 8.23481200 -15.15752000 1.15000000
v 11.02911000 13.26353000 1.15000000
v 10.85240000 13.40851000 1.15000000
v 10.67378000 13.55113000 1.15000000
v 7.98510800 -16.25834000 1.15000000
v 8.01006300 -17.16006000 1.15000000
v 10.99857000 14.39191000 1.15000000
v 11.19866000 15.27150000 1.15000000
v 7.75456900 -17.27702000 1.15000000
v 7.62617800 -17.33408000 1.15000000
v 7.88253300 -17.21902000 1.15000000
v 11.08506000 15.35417000 1.15000000
v 10.97084000 15.43598000 1.15000000
v 10.85602000 15.51695000 1.15000000
v 6.96447100 -16.72100000 1.15000000
v 6.39873000 -16.01932000 1.15000000
v 10.08758000 15.04448000 1.15000000
v 9.39602200 14.46642000 1.15000000
v 5.97200100 -16.18325000 1.15000000
v 5.75704500 -16.26096000 1.15000000
v 6.18590900 -16.10270000 1.15000000
v 9.20351400 14.58965000 1.15000000
v 9.00939000 14.71032000 1.15000000
v 8.81368400 14.82840000 1.15000000
v 5.79465500 -17.16152000 1.15000000
v 5.70169800 -18.05878000 1.15000000
v 9.02595900 15.70439000 1.15000000
v 9.10952700 16.60257000 1.15000000
v 5.43312300 -18.14139000 1.15000000
v 5.29838400 -18.18120000 1.15000000
v 5.56756400 -18.10058000 1.15000000
v 8.98610200 16.66970000 1.15000000
v 8.86218400 16.73591000 1.15000000
v 8.73777700 16.80120000 1.15000000
v 4.72236100 -17.48699000 1.15000000
v 4.25304700 -16.71748000 1.15000000
v 8.03758500 16.23246000 1.15000000
v 7.42739200 15.56908000 1.15000000
v 3.80857200 -16.82431000 1.15000000
v 3.58531100 -16.87329000 1.15000000
v 4.03116300 -16.77236000 1.15000000
v 7.22044600 15.66613000 1.15000000
v 7.01223200 15.76043000 1.15000000
v 6.80278700 15.85196000 1.15000000
v 3.50505400 -17.77105000 1.15000000
v 3.29577500 -18.64851000 1.15000000
v 6.89890700 16.74816000 1.15000000
v 6.86452300 17.64957000 1.15000000
v 3.01871500 -18.69535000 1.15000000
v 2.87993300 -18.71724000 1.15000000
v 3.15733200 -18.67244000 1.15000000
v 6.73339300 17.70001000 1.15000000
v 6.60189200 17.74948000 1.15000000
v 6.47002800 17.79797000 1.15000000
v 2.39944900 -17.95378000 1.15000000
v 2.03459300 -17.12959000 1.15000000
v 5.85006000 17.14271000 1.15000000
v 5.33167600 16.40536000 1.15000000
v 1.57997600 -17.17749000 1.15000000
v 1.35223200 -17.19692000 1.15000000
v 1.80744300 -17.15505000 1.15000000
v 5.11383300 16.47456000 1.15000000
v 4.89509300 16.54088000 1.15000000
v 4.67549300 16.60428000 1.15000000
v 1.15548000 -18.07652000 1.15000000
v 0.83346060 -18.91915000 1.15000000
v 4.65381300 17.50536000 1.15000000
v 4.50206500 18.39457000 1.15000000
v 0.55265660 -18.92943000 1.15000000
v 0.41220500 -18.93301000 1.15000000
v 0.69307770 -18.92481000 1.15000000
v 4.36547300 18.42747000 1.15000000
v 4.22864000 18.45935000 1.15000000
v 4.09157500 18.49021000 1.15000000
v 0.03548288 -18.11338000 1.15000000
v -0.21867400 -17.24861000 1.15000000
v 3.56244000 17.75964000 1.15000000
v 3.14473400 16.96093000 1.15000000
v -0.67565320 -17.23676000 1.15000000
v -0.90398490 -17.22630000 1.15000000
v -0.44720280 -17.24420000 1.15000000
v 2.91972200 17.00111000 1.15000000
v 2.69419700 17.03830000 1.15000000
v 2.46819900 17.07251000 1.15000000
v -1.21386500 -18.07269000 1.15000000
v -1.64311400 -18.86608000 1.15000000
v 2.32909100 17.96305000 1.15000000
v 2.06257600 18.82484000 1.15000000
v -1.92285800 -18.83963000 1.15000000
v -2.06257600 -18.82484000 1.15000000
v -1.78303500 -18.85337000 1.15000000
v 1.92285800 18.83963000 1.15000000
v 1.78303500 18.85337000 1.15000000
v 1.64311400 18.86608000 1.15000000
v -2.32909100 -17.96305000 1.15000000
v -2.46819900 -17.07251000 1.15000000
v 1.21386500 18.07269000 1.15000000
v 0.90398490 17.22630000 1.15000000
v -2.91972200 -17.00111000 1.15000000
v -3.14473400 -16.96093000 1.15000000
v -2.69419700 -17.03830000 1.15000000
v 0.67565320 17.23676000 1.15000000
v 0.44720280 17.24420000 1.15000000
v 0.21867400 17.24861000 1.15000000
v -3.56244000 -17.75964000 1.15000000
v -4.09157500 -18.49021000 1.15000000
v -0.03548288 18.11338000 1.15000000
v -0.41220500 18.93301000 1.15000000
v -4.36547300 -18.42747000 1.15000000
v -4.50206500 -18.39457000 1.15000000
v -4.22864000 -18.45935000 1.15000000
v -0.55265660 18.92943000 1.15000000
v -0.69307770 18.92481000 1.15000000
v -0.83346060 18.91915000 1.15000000
v -4.65381300 -17.50536000 1.15000000
v -4.67549300 -16.60428000 1.15000000
v -1.15548000 18.07652000 1.15000000
v -1.35223200 17.19692000 1.15000000
v -5.11383300 -16.47456000 1.15000000
v -5.33167600 -16.40536000 1.15000000
v -4.89509300 -16.54088000 1.15000000
v -1.57997600 17.17749000 1.15000000
v -1.80744300 17.15505000 1.15000000
v -2.03459300 17.12959000 1.15000000
v -5.85006000 -17.14271000 1.15000000
v -6.47002800 -17.79797000 1.15000000
v -2.39944900 17.95378000 1.15000000
v -2.87993300 18.71724000 1.15000000
v -6.73339300 -17.70001000 1.15000000
v -6.86452300 -17.64957000 1.15000000
v -6.60189200 -17.74948000 1.15000000
v -3.01871500 18.69535000 1.15000000
v -3.15733200 18.67244000 1.15000000
v -3.29577500 18.64851000 1.15000000
v -6.89890700 -16.74816000 1.15000000
v -6.80278700 -15.85196000 1.15000000
v -3.50505400 17.77105000 1.15000000
v -3.58531100 16.87329000 1.15000000
v -7.22044600 -15.66613000 1.15000000
v -7.42739200 -15.56908000 1.15000000
v -7.01223200 -15.76043000 1.15000000
v -3.80857200 16.82431000 1.15000000
v -4.03116300 16.77236000 1.15000000
v -4.25304700 16.71748000 1.15000000
v -8.03758500 -16.23246000 1.15000000
v -8.73777700 -16.80120000 1.15000000
v -4.72236100 17.48699000 1.15000000
v -5.29838400 18.18120000 1.15000000
v -8.98610200 -16.66970000 1.15000000
v -9.10952700 -16.60257000 1.15000000
v -8.86218400 -16.73591000 1.15000000
v -5.43312300 18.14139000 1.15000000
v -5.56756400 18.10058000 1.15000000
v -5.70169800 18.05878000 1.15000000
v -9.02595900 -15.70439000 1.15000000
v -8.81368400 -14.82840000 1.15000000
v -5.79465500 17.16152000 1.15000000
v -5.75704500 16.26096000 1.15000000
v -9.20351400 -14.58965000 1.15000000
v -9.39602200 -14.46642000 1.15000000
v -9.00939000 -14.71032000 1.15000000
v -5.97200100 16.18325000 1.15000000
v -6.18590900 16.10270000 1.15000000
v -6.39873000 16.01932000 1.15000000
v -10.08758000 -15.04448000 1.15000000
v -10.85602000 -15.51695000 1.15000000
v -6.96447100 16.72100000 1.15000000
v -7.62617800 17.33408000 1.15000000
v -11.08506000 -15.35417000 1.15000000
v -11.19866000 -15.27150000 1.15000000
v -10.97084000 -15.43598000 1.15000000
v -7.75456900 17.27702000 1.15000000
v -7.88253300 17.21902000 1.15000000
v -8.01006300 17.16006000 1.15000000
v -10.99857000 -14.39191000 1.15000000
v -10.67378000 -13.55113000 1.15000000
v -7.98510800 16.25834000 1.15000000
v -7.83027500 15.37040000 1.15000000
v -11.02911000 -13.26353000 1.15000000
v -11.20388000 -13.11623000 1.15000000
v -10.85240000 -13.40851000 1.15000000
v -8.03324900 15.26530000 1.15000000
v -8.23481200 15.15752000 1.15000000
v -8.43493000 15.04707000 1.15000000
v -11.96498000 -13.59908000 1.15000000
v -12.78851000 -13.96721000 1.15000000
v -9.08741700 15.66890000 1.15000000
v -9.82348700 16.19037000 1.15000000
v -12.99434000 -13.77592000 1.15000000
v -13.09619000 -13.67914000 1.15000000
v -12.89178000 -13.87194000 1.15000000
v -9.94333200 16.11704000 1.15000000
v -10.06263000 16.04283000 1.15000000
v -10.18137000 15.96773000 1.15000000
v -12.78300000 -12.83318000 1.15000000
v -12.35124000 -12.04199000 1.15000000
v -10.03893000 15.07698000 1.15000000
v -9.76952600 14.21685000 1.15000000
v -12.66599000 -11.71047000 1.15000000
v -12.82005000 -11.54162000 1.15000000
v -12.50971000 -11.87727000 1.15000000
v -9.95704500 14.08615000 1.15000000
v -10.14282000 13.95299000 1.15000000
v -10.32681000 13.81737000 1.15000000
v -13.63765000 -11.92099000 1.15000000
v -14.50219000 -12.17848000 1.15000000
v -11.05488000 14.34871000 1.15000000
v -11.85271000 14.76963000 1.15000000
v -14.68129000 -11.96196000 1.15000000
v -14.76963000 -11.85271000 1.15000000
v -14.59214000 -12.07055000 1.15000000
v -11.96196000 14.68129000 1.15000000
v -12.07055000 14.59214000 1.15000000
v -12.17848000 14.50219000 1.15000000
v -14.34871000 -11.05488000 1.15000000
v -13.81737000 -10.32681000 1.15000000
v -11.92099000 13.63765000 1.15000000
v -11.54162000 12.82005000 1.15000000
v -14.08615000 -9.95704500 1.15000000
v -14.21685000 -9.76952600 1.15000000
v -13.95299000 -10.14282000 1.15000000
v -11.71047000 12.66599000 1.15000000
v -11.87727000 12.50971000 1.15000000
v -12.04199000 12.35124000 1.15000000
v -15.07698000 -10.03893000 1.15000000
v -15.96773000 -10.18137000 1.15000000
v -12.83318000 12.78300000 1.15000000
v -13.67914000 13.09619000 1.15000000
v -16.11704000 -9.94333200 1.15000000
v -16.19037000 -9.82348700 1.15000000
v -16.04283000 -10.06263000 1.15000000
v -13.77592000 12.99434000 1.15000000
v -13.87194000 12.89178000 1.15000000
v -13.96721000 12.78851000 1.15000000
v -15.66890000 -9.08741700 1.15000000
v -15.04707000 -8.43493000 1.15000000
v -13.59908000 11.96498000 1.15000000
v -13.11623000 11.20388000 1.15000000
v -15.26530000 -8.03324900 1.15000000
v -15.37040000 -7.83027500 1.15000000
v -15.15752000 -8.23481200 1.15000000
v -13.26353000 11.02911000 1.15000000
v -13.40851000 10.85240000 1.15000000
v -13.55113000 10.67378000 1.15000000
v -16.25834000 -7.98510800 1.15000000
v -17.16006000 -8.01006300 1.15000000
v -14.39191000 10.99857000 1.15000000
v -15.27150000 11.19866000 1.15000000
v -17.27702000 -7.75456900 1.15000000
v -17.33408000 -7.62617800 1.15000000
v -17.21902000 -7.88253300 1.15000000
v -15.35417000 11.08506000 1.15000000
v -15.43598000 10.97084000 1.15000000
v -15.51695000 10.85602000 1.15000000
v -16.72100000 -6.96447100 1.15000000
v -16.01932000 -6.39873000 1.15000000
v -15.04448000 10.08758000 1.15000000
v -14.46642000 9.39602200 1.15000000
v -16.18325000 -5.97200100 1.15000000
v -16.26096000 -5.75704500 1.15000000
v -16.10270000 -6.18590900 1.15000000
v -14.58965000 9.20351400 1.15000000
v -14.71032000 9.00939000 1.15000000
v -14.82840000 8.81368400 1.15000000
v -17.16152000 -5.79465500 1.15000000
v -18.05878000 -5.70169800 1.15000000
v -15.70439000 9.02595900 1.15000000
v -16.60257000 9.10952700 1.15000000
v -18.14139000 -5.43312300 1.15000000
v -18.18120000 -5.29838400 1.15000000
v -18.10058000 -5.56756400 1.15000000
v -16.66970000 8.98610200 1.15000000
v -16.73591000 8.86218400 1.15000000
v -16.80120000 8.73777700 1.15000000
v -17.48699000 -4.72236100 1.15000000
v -16.71748000 -4.25304700 1.15000000
v -16.23246000 8.03758500 1.15000000
v -15.56908000 7.42739200 1.15000000
v -16.82431000 -3.80857200 1.15000000
v -16.87329000 -3.58531100 1.15000000
v -16.77236000 -4.03116300 1.15000000
v -15.66613000 7.22044600 1.15000000
v -15.76043000 7.01223200 1.15000000
v -15.85196000 6.80278700 1.15000000
v -17.77105000 -3.50505400 1.15000000
v -18.64851000 -3.29577500 1.15000000
v -16.74816000 6.89890700 1.15000000
v -17.64957000 6.86452300 1.15000000
v -18.69535000 -3.01871500 1.15000000
v -18.71724000 -2.87993300 1.15000000
v -18.67244000 -3.15733200 1.15000000
v -17.70001000 6.73339300 1.15000000
v -17.74948000 6.60189200 1.15000000
v -17.79797000 6.47002800 1.15000000
v -17.95378000 -2.39944900 1.15000000
v -17.12959000 -2.03459300 1.15000000
v -17.14271000 5.85006000 1.15000000
v -16.40536000 5.33167600 1.15000000
v -17.17749000 -1.57997600 1.15000000
v -17.19692000 -1.35223200 1.15000000
v -17.15505000 -1.80744300 1.15000000
v -16.47456000 5.11383300 1.15000000
v -16.54088000 4.89509300 1.15000000
v -16.60428000 4.67549300 1.15000000
v -18.07652000 -1.15548000 1.15000000
v -18.91915000 -0.83346060 1.15000000
v -17.50536000 4.65381300 1.15000000
v -18.39457000 4.50206500 1.15000000
v -18.92943000 -0.55265660 1.15000000
v -18.93301000 -0.41220500 1.15000000
v -18.92481000 -0.69307770 1.15000000
v -18.42747000 4.36547300 1.15000000
v -18.45935000 4.22864000 1.15000000
v -18.49021000 4.09157500 1.15000000
v -18.11338000 -0.03548288 1.15000000
v -17.24861000 0.21867400 1.15000000
v -17.75964000 3.56244000 1.15000000
v -16.96093000 3.14473400 1.15000000
v -17.23676000 0.67565320 1.15000000
v -17.22630000 0.90398490 1.15000000
v -17.24420000 0.44720280 1.15000000
v -17.00111000 2.91972200 1.15000000
v -17.03830000 2.69419700 1.15000000
v -17.07251000 2.46819900 1.15000000
v -18.07269000 1.21386500 1.15000000
v -18.86608000 1.64311400 1.15000000
v -17.96305000 2.32909100 1.15000000
v -18.82484000 2.06257600 1.15000000
v -18.83963000 1.92285800 1.15000000
v -18.85337000 1.78303500 1.15000000
v 18.80583000 -2.22923400 1.72500000
v 18.78878000 -2.36869200 1.72500000
v 18.82186000 -2.08965300 1.72500000
v 18.83684000 -1.94995700 1.72500000
v 17.92276000 -2.62114500 1.72500000
v 17.03007000 -2.74574100 1.72500000
v 18.05054000 -1.50785100 1.72500000
v 17.20930000 -1.18423700 1.72500000
v 16.95134000 -3.19604200 1.72500000
v 16.90750000 -3.42037000 1.72500000
v 16.99220000 -2.97115200 1.72500000
v 17.22348000 -0.95610560 1.72500000
v 17.23464000 -0.72780660 1.72500000
v 17.24277000 -0.49937980 1.72500000
v 17.69930000 -3.85102000 1.72500000
v 18.42117000 -4.39197600 1.72500000
v 18.11155000 -0.25933130 1.72500000
v 18.93721000 0.10400070 1.72500000
v 18.35397000 -4.66481600 1.72500000
v 18.31886000 -4.80085500 1.72500000
v 18.38808000 -4.52852100 1.72500000
v 18.93592000 0.24449190 1.72500000
v 18.93359000 0.38496960 1.72500000
v 18.93021000 0.52542620 1.72500000
v 17.42730000 -4.93811000 1.72500000
v 16.52599000 -4.94512100 1.72500000
v 18.09293000 0.86111700 1.72500000
v 17.21665000 1.07215900 1.72500000
v 16.38915000 -5.38129200 1.72500000
v 16.31641000 -5.59798000 1.72500000
v 16.45901000 -5.16366000 1.72500000
v 17.20093000 1.30019000 1.72500000
v 17.18219000 1.52799200 1.72500000
v 17.16044000 1.75552600 1.72500000
v 17.04522000 -6.12829600 1.72500000
v 17.69031000 -6.75884700 1.72500000
v 17.99046000 2.10692000 1.72500000
v 18.76163000 2.57491300 1.72500000
v 17.58807000 -7.02058200 1.72500000
v 17.53550000 -7.15087400 1.72500000
v 17.63967000 -6.88990400 1.72500000
v 18.74201000 2.71403400 1.72500000
v 18.72136000 2.85300500 1.72500000
v 18.69968000 2.99181900 1.72500000
v 16.63365000 -7.17058300 1.72500000
v 15.73914000 -7.05988900 1.72500000
v 17.82574000 3.21535100 1.72500000
v 16.92941000 3.31021000 1.72500000
v 15.54654000 -7.47446800 1.72500000
v 15.44613000 -7.67980700 1.72500000
v 15.64421000 -7.26781700 1.72500000
v 16.88407000 3.53423800 1.72500000
v 16.83575000 3.75764600 1.72500000
v 16.78449000 3.98039300 1.72500000
v 16.09950000 -8.30071600 1.72500000
v 16.65676000 -9.01007200 1.72500000
v 17.56154000 4.43712000 1.72500000
v 18.26503000 5.00176900 1.72500000
v 16.52124000 -9.25622500 1.72500000
v 16.45211000 -9.37854000 1.72500000
v 16.58945000 -9.13340000 1.72500000
v 18.22742000 5.13713800 1.72500000
v 18.18880000 5.27222500 1.72500000
v 18.14919000 5.40702100 1.72500000
v 15.55540000 -9.28036500 1.72500000
v 14.68299000 -9.05386100 1.72500000
v 17.25356000 5.51457000 1.72500000
v 16.35251000 5.49162300 1.72500000
v 14.43792000 -9.43975300 1.72500000
v 14.31157000 -9.63023000 1.72500000
v 14.56173000 -9.24761900 1.72500000
v 16.27831000 5.70781500 1.72500000
v 16.20125000 5.92300500 1.72500000
v 16.12135000 6.13715600 1.72500000
v 14.87830000 -10.33111000 1.72500000
v 15.33820000 -11.10713000 1.72500000
v 16.83214000 6.69140100 1.72500000
v 17.45591000 7.34304200 1.72500000
v 15.17171000 -11.33349000 1.72500000
v 15.08721000 -11.44574000 1.72500000
v 15.25538000 -11.22062000 1.72500000
v 17.40095000 7.47234500 1.72500000
v 17.34503000 7.60123500 1.72500000
v 17.28816000 7.72970800 1.72500000
v 14.21099000 -11.23136000 1.72500000
v 13.37561000 -10.89292000 1.72500000
v 16.38615000 7.71943300 1.72500000
v 15.49581000 7.57907200 1.72500000
v 13.08227000 -11.24352000 1.72500000
v 12.93214000 -11.41588000 1.72500000
v 13.23010000 -11.06919000 1.72500000
v 15.39403000 7.78373000 1.72500000
v 15.28954000 7.98702100 1.72500000
v 15.18237000 8.18890900 1.72500000
v 13.40254000 -12.18473000 1.72500000
v 13.75721000 -13.01415000 1.72500000
v 15.81473000 8.83119000 1.72500000
v 16.34811000 9.55867400 1.72500000
v 13.56260000 -13.21684000 1.72500000
v 13.46417000 -13.31709000 1.72500000
v 13.66028000 -13.11585000 1.72500000
v 16.27674000 9.67969700 1.72500000
v 16.20448000 9.80018700 1.72500000
v 16.13133000 9.92013700 1.72500000
v 12.62343000 -12.99018000 1.72500000
v 11.83936000 -12.54559000 1.72500000
v 15.23838000 9.79221400 1.72500000
v 14.37398000 9.53684100 1.72500000
v 11.50277000 -12.85491000 1.72500000
v 11.33143000 -13.00620000 1.72500000
v 11.67209000 -12.70137000 1.72500000
v 14.24635000 9.72646200 1.72500000
v 14.11622000 9.91437600 1.72500000
v 13.98361000 10.10055000 1.72500000
v 11.69745000 -13.82987000 1.72500000
v 11.94083000 -14.69849000 1.72500000
v 14.52673000 10.81987000 1.72500000
v 14.96059000 11.61076000 1.72500000
v 11.72143000 -14.87404000 1.72500000
v 11.61076000 -14.96059000 1.72500000
v 11.83145000 -14.78667000 1.72500000
v 14.87404000 11.72143000 1.72500000
v 14.78667000 11.83145000 1.72500000
v 14.69849000 11.94083000 1.72500000
v 10.81987000 -14.52673000 1.72500000
v 10.10055000 -13.98361000 1.72500000
v 13.82987000 11.69745000 1.72500000
v 13.00620000 11.33143000 1.72500000
v 9.72646200 -14.24635000 1.72500000
v 9.53684100 -14.37398000 1.72500000
v 9.91437600 -14.11622000 1.72500000
v 12.85491000 11.50277000 1.72500000
v 12.70137000 11.67209000 1.72500000
v 12.54559000 11.83936000 1.72500000
v 9.79221400 -15.23838000 1.72500000
v 9.92013700 -16.13133000 1.72500000
v 12.99018000 12.62343000 1.72500000
v 13.31709000 13.46417000 1.72500000
v 9.67969700 -16.27674000 1.72500000
v 9.55867400 -16.34811000 1.72500000
v 9.80018700 -16.20448000 1.72500000
v 13.21684000 13.56260000 1.72500000
v 13.11585000 13.66028000 1.72500000
v 13.01415000 13.75721000 1.72500000
v 8.83119000 -15.81473000 1.72500000
v 8.18890900 -15.18237000 1.72500000
v 12.18473000 13.40254000 1.72500000
v 11.41588000 12.93214000 1.72500000
v 7.78373000 -15.39403000 1.72500000
v 7.57907200 -15.49581000 1.72500000
v 7.98702100 -15.28954000 1.72500000
v 11.24352000 13.08227000 1.72500000
v 11.06919000 13.23010000 1.72500000
v 10.89292000 13.37561000 1.72500000
v 7.71943300 -16.38615000 1.72500000
v 7.72970800 -17.28816000 1.72500000
v 11.23136000 14.21099000 1.72500000
v 11.44574000 15.08721000 1.72500000
v 7.47234500 -17.40095000 1.72500000
v 7.34304200 -17.45591000 1.72500000
v 7.60123500 -17.34503000 1.72500000
v 11.33349000 15.17171000 1.72500000
v 11.22062000 15.25538000 1.72500000
v 11.10713000 15.33820000 1.72500000
v 6.69140100 -16.83214000 1.72500000
v 6.13715600 -16.12135000 1.72500000
v 10.33111000 14.87830000 1.72500000
v 9.63023000 14.31157000 1.72500000
v 5.70781500 -16.27831000 1.72500000
v 5.49162300 -16.35251000 1.72500000
v 5.92300500 -16.20125000 1.72500000
v 9.43975300 14.43792000 1.72500000
v 9.24761900 14.56173000 1.72500000
v 9.05386100 14.68299000 1.72500000
v 5.51457000 -17.25356000 1.72500000
v 5.40702100 -18.14919000 1.72500000
v 9.28036500 15.55540000 1.72500000
v 9.37854000 16.45211000 1.72500000
v 5.13713800 -18.22742000 1.72500000
v 5.00176900 -18.26503000 1.72500000
v 5.27222500 -18.18880000 1.72500000
v 9.25622500 16.52124000 1.72500000
v 9.13340000 16.58945000 1.72500000
v 9.01007200 16.65676000 1.72500000
v 4.43712000 -17.56154000 1.72500000
v 3.98039300 -16.78449000 1.72500000
v 8.30071600 16.09950000 1.72500000
v 7.67980700 15.44613000 1.72500000
v 3.53423800 -16.88407000 1.72500000
v 3.31021000 -16.92941000 1.72500000
v 3.75764600 -16.83575000 1.72500000
v 7.47446800 15.54654000 1.72500000
v 7.26781700 15.64421000 1.72500000
v 7.05988900 15.73914000 1.72500000
v 3.21535100 -17.82574000 1.72500000
v 2.99181900 -18.69968000 1.72500000
v 7.17058300 16.63365000 1.72500000
v 7.15087400 17.53550000 1.72500000
v 2.71403400 -18.74201000 1.72500000
v 2.57491300 -18.76163000 1.72500000
v 2.85300500 -18.72136000 1.72500000
v 7.02058200 17.58807000 1.72500000
v 6.88990400 17.63967000 1.72500000
v 6.75884700 17.69031000 1.72500000
v 2.10692000 -17.99046000 1.72500000
v 1.75552600 -17.16044000 1.72500000
v 6.12829600 17.04522000 1.72500000
v 5.59798000 16.31641000 1.72500000
v 1.30019000 -17.20093000 1.72500000
v 1.07215900 -17.21665000 1.72500000
v 1.52799200 -17.18219000 1.72500000
v 5.38129200 16.38915000 1.72500000
v 5.16366000 16.45901000 1.72500000
v 4.94512100 16.52599000 1.72500000
v 0.86111700 -18.09293000 1.72500000
v 0.52542620 -18.93021000 1.72500000
v 4.93811000 17.42730000 1.72500000
v 4.80085500 18.31886000 1.72500000
v 0.24449190 -18.93592000 1.72500000
v 0.10400070 -18.93721000 1.72500000
v 0.38496960 -18.93359000 1.72500000
v 4.66481600 18.35397000 1.72500000
v 4.52852100 18.38808000 1.72500000
v 4.39197600 18.42117000 1.72500000
v -0.25933130 -18.11155000 1.72500000
v -0.49937980 -17.24277000 1.72500000
v 3.85102000 17.69930000 1.72500000
v 3.42037000 16.90750000 1.72500000
v -0.95610560 -17.22348000 1.72500000
v -1.18423700 -17.20930000 1.72500000
v -0.72780660 -17.23464000 1.72500000
v 3.19604200 16.95134000 1.72500000
v 2.97115200 16.99220000 1.72500000
v 2.74574100 17.03007000 1.72500000
v -1.50785100 -18.05054000 1.72500000
v -1.94995700 -18.83684000 1.72500000
v 2.62114500 17.92276000 1.72500000
v 2.36869200 18.78878000 1.72500000
v -2.22923400 -18.80583000 1.72500000
v -2.36869200 -18.78878000 1.72500000
v -2.08965300 -18.82186000 1.72500000
v 2.22923400 18.80583000 1.72500000
v 2.08965300 18.82186000 1.72500000
v 1.94995700 18.83684000 1.72500000
v -2.62114500 -17.92276000 1.72500000
v -2.74574100 -17.03007000 1.72500000
v 1.50785100 18.05054000 1.72500000
v 1.18423700 17.20930000 1.72500000
v -3.19604200 -16.95134000 1.72500000
v -3.42037000 -16.90750000 1.72500000
v -2.97115200 -16.99220000 1.72500000
v 0.95610560 17.22348000 1.72500000
v 0.72780660 17.23464000 1.72500000
v 0.49937980 17.24277000 1.72500000
v -3.85102000 -17.69930000 1.72500000
v -4.39197600 -18.42117000 1.72500000
v 0.25933130 18.11155000 1.72500000
v -0.10400070 18.93721000 1.72500000
v -4.66481600 -18.35397000 1.72500000
v -4.80085500 -18.31886000 1.72500000
v -4.52852100 -18.38808000 1.72500000
v -0.24449190 18.93592000 1.72500000
v -0.38496960 18.93359000 1.72500000
v -0.52542620 18.93021000 1.72500000
v -4.93811000 -17.42730000 1.72500000
v -4.94512100 -16.52599000 1.72500000
v -0.86111700 18.09293000 1.72500000
v -1.07215900 17.21665000 1.72500000
v -5.38129200 -16.38915000 1.72500000
v -5.59798000 -16.31641000 1.72500000
v -5.16366000 -16.45901000 1.72500000
v -1.30019000 17.20093000 1.72500000
v -1.52799200 17.18219000 1.72500000
v -1.75552600 17.16044000 1.72500000
v -6.12829600 -17.04522000 1.72500000
v -6.75884700 -17.69031000 1.72500000
v -2.10692000 17.99046000 1.72500000
v -2.57491300 18.76163000 1.72500000
v -7.02058200 -17.58807000 1.72500000
v -7.15087400 -17.53550000 1.72500000
v -6.88990400 -17.63967000 1.72500000
v -2.71403400 18.74201000 1.72500000
v -2.85300500 18.72136000 1.72500000
v -2.99181900 18.69968000 1.72500000
v -7.17058300 -16.63365000 1.72500000
v -7.05988900 -15.73914000 1.72500000
v -3.21535100 17.82574000 1.72500000
v -3.31021000 16.92941000 1.72500000
v -7.47446800 -15.54654000 1.72500000
v -7.67980700 -15.44613000 1.72500000
v -7.26781700 -15.64421000 1.72500000
v -3.53423800 16.88407000 1.72500000
v -3.75764600 16.83575000 1.72500000
v -3.98039300 16.78449000 1.72500000
v -8.30071600 -16.09950000 1.72500000
v -9.01007200 -16.65676000 1.72500000
v -4.43712000 17.56154000 1.72500000
v -5.00176900 18.26503000 1.72500000
v -9.25622500 -16.52124000 1.72500000
v -9.37854000 -16.45211000 1.72500000
v -9.13340000 -16.58945000 1.72500000
v -5.13713800 18.22742000 1.72500000
v -5.27222500 18.18880000 1.72500000
v -5.40702100 18.14919000 1.72500000
v -9.28036500 -15.55540000 1.72500000
v -9.05386100 -14.68299000 1.72500000
v -5.51457000 17.25356000 1.72500000
v -5.49162300 16.35251000 1.72500000
v -9.43975300 -14.43792000 1.72500000
v -9.63023000 -14.31157000 1.72500000
v -9.24761900 -14.56173000 1.72500000
v -5.70781500 16.27831000 1.72500000
v -5.92300500 16.20125000 1.72500000
v -6.13715600 16.12135000 1.72500000
v -10.33111000 -14.87830000 1.72500000
v -11.10713000 -15.33820000 1.72500000
v -6.69140100 16.83214000 1.72500000
v -7.34304200 17.45591000 1.72500000
v -11.33349000 -15.17171000 1.72500000
v -11.44574000 -15.08721000 1.72500000
v -11.22062000 -15.25538000 1.72500000
v -7.47234500 17.40095000 1.72500000
v -7.60123500 17.34503000 1.72500000
v -7.72970800 17.28816000 1.72500000
v -11.23136000 -14.21099000 1.72500000
v -10.89292000 -13.37561000 1.72500000
v -7.71943300 16.38615000 1.72500000
v -7.57907200 15.49581000 1.72500000
v -11.24352000 -13.08227000 1.72500000
v -11.41588000 -12.93214000 1.72500000
v -11.06919000 -13.23010000 1.72500000
v -7.78373000 15.39403000 1.72500000
v -7.98702100 15.28954000 1.72500000
v -8.18890900 15.18237000 1.72500000
v -12.18473000 -13.40254000 1.72500000
v -13.01415000 -13.75721000 1.72500000
v -8.83119000 15.81473000 1.72500000
v -9.55867400 16.34811000 1.72500000
v -13.21684000 -13.56260000 1.72500000
v -13.31709000 -13.46417000 1.72500000
v -13.11585000 -13.66028000 1.72500000
v -9.67969700 16.27674000 1.72500000
v -9.80018700 16.20448000 1.72500000
v -9.92013700 16.13133000 1.72500000
v -12.99018000 -12.62343000 1.72500000
v -12.54559000 -11.83936000 1.72500000
v -9.79221400 15.23838000 1.72500000
v -9.53684100 14.37398000 1.72500000
v -12.85491000 -11.50277000 1.72500000
v -13.00620000 -11.33143000 1.72500000
v -12.70137000 -11.67209000 1.72500000
v -9.72646200 14.24635000 1.72500000
v -9.91437600 14.11622000 1.72500000
v -10.10055000 13.98361000 1.72500000
v -13.82987000 -11.69745000 1.72500000
v -14.69849000 -11.94083000 1.72500000
v -10.81987000 14.52673000 1.72500000
v -11.61076000 14.96059000 1.72500000
v -14.87404000 -11.72143000 1.72500000
v -14.96059000 -11.61076000 1.72500000
v -14.78667000 -11.83145000 1.72500000
v -11.72143000 14.87404000 1.72500000
v -11.83145000 14.78667000 1.72500000
v -11.94083000 14.69849000 1.72500000
v -14.52673000 -10.81987000 1.72500000
v -13.98361000 -10.10055000 1.72500000
v -11.69745000 13.82987000 1.72500000
v -11.33143000 13.00620000 1.72500000
v -14.24635000 -9.72646200 1.72500000
v -14.37398000 -9.53684100 1.72500000
v -14.11622000 -9.91437600 1.72500000
v -11.50277000 12.85491000 1.72500000
v -11.67209000 12.70137000 1.72500000
v -11.83936000 12.54559000 1.72500000
v -15.23838000 -9.79221400 1.72500000
v -16.13133000 -9.92013700 1.72500000
v -12.62343000 12.99018000 1.72500000
v -13.46417000 13.31709000 1.72500000
v -16.27674000 -9.67969700 1.72500000
v -16.34811000 -9.55867400 1.72500000
v -16.20448000 -9.80018700 1.72500000
v -13.56260000 13.21684000 1.72500000
v -13.66028000 13.11585000 1.72500000
v -13.75721000 13.01415000 1.72500000
v -15.81473000 -8.83119000 1.72500000
v -15.18237000 -8.18890900 1.72500000
v -13.40254000 12.18473000 1.72500000
v -12.93214000 11.41588000 1.72500000
v -15.39403000 -7.78373000 1.72500000
v -15.49581000 -7.57907200 1.72500000
v -15.28954000 -7.98702100 1.72500000
v -13.08227000 11.24352000 1.72500000
v -13.23010000 11.06919000 1.72500000
v -13.37561000 10.89292000 1.72500000
v -16.38615000 -7.71943300 1.72500000
v -17.28816000 -7.72970800 1.72500000
v -14.21099000 11.23136000 1.72500000
v -15.08721000 11.44574000 1.72500000
v -17.40095000 -7.47234500 1.72500000
v -17.45591000 -7.34304200 1.72500000
v -17.34503000 -7.60123500 1.72500000
v -15.17171000 11.33349000 1.72500000
v -15.25538000 11.22062000 1.72500000
v -15.33820000 11.10713000 1.72500000
v -16.83214000 -6.69140100 1.72500000
v -16.12135000 -6.13715600 1.72500000
v -14.87830000 10.33111000 1.72500000
v -14.31157000 9.63023000 1.72500000
v -16.27831000 -5.70781500 1.72500000
v -16.35251000 -5.49162300 1.72500000
v -16.20125000 -5.92300500 1.72500000
v -14.43792000 9.43975300 1.72500000
v -14.56173000 9.24761900 1.72500000
v -14.68299000 9.05386100 1.72500000
v -17.25356000 -5.51457000 1.72500000
v -18.14919000 -5.40702100 1.72500000
v -15.55540000 9.28036500 1.72500000
v -16.45211000 9.37854000 1.72500000
v -18.22742000 -5.13713800 1.72500000
v -18.26503000 -5.00176900 1.72500000
v -18.18880000 -5.27222500 1.72500000
v -16.52124000 9.25622500 1.72500000
v -16.58945000 9.13340000 1.72500000
v -16.65676000 9.01007200 1.72500000
v -17.56154000 -4.43712000 1.72500000
v -16.78449000 -3.98039300 1.72500000
v -16.09950000 8.30071600 1.72500000
v -15.44613000 7.67980700 1.72500000
v -16.88407000 -3.53423800 1.72500000
v -16.92941000 -3.31021000 1.72500000
v -16.83575000 -3.75764600 1.72500000
v -15.54654000 7.47446800 1.72500000
v -15.64421000 7.26781700 1.72500000
v -15.73914000 7.05988900 1.72500000
v -17.82574000 -3.21535100 1.72500000
v -18.69968000 -2.99181900 1.72500000
v -16.63365000 7.17058300 1.72500000
v -17.53550000 7.15087400 1.72500000
v -18.74201000 -2.71403400 1.72500000
v -18.76163000 -2.57491300 1.72500000
v -18.72136000 -2.85300500 1.72500000
v -17.58807000 7.02058200 1.72500000
v -17.63967000 6.88990400 1.72500000
v -17.69031000 6.75884700 1.72500000
v -17.99046000 -2.10692000 1.72500000
v -17.16044000 -1.75552600 1.72500000
v -17.04522000 6.12829600 1.72500000
v -16.31641000 5.59798000 1.72500000
v -17.20093000 -1.30019000 1.72500000
v -17.21665000 -1.07215900 1.72500000
v -17.18219000 -1.52799200 1.72500000
v -16.38915000 5.38129200 1.72500000
v -16.45901000 5.16366000 1.72500000
v -16.52599000 4.94512100 1.72500000
v -18.09293000 -0.86111700 1.72500000
v -18.93021000 -0.52542620 1.72500000
v -17.42730000 4.93811000 1.72500000
v -18.31886000 4.80085500 1.72500000
v -18.93592000 -0.24449190 1.72500000
v -18.93721000 -0.10400070 1.72500000
v -18.93359000 -0.38496960 1.72500000
v -18.35397000 4.66481600 1.72500000
v -18.38808000 4.52852100 1.72500000
v -18.42117000 4.39197600 1.72500000
v -18.11155000 0.25933130 1.72500000
v -17.24277000 0.49937980 1.72500000
v -17.69930000 3.85102000 1.72500000
v -16.90750000 3.42037000 1.72500000
v -17.22348000 0.95610560 1.72500000
v -17.20930000 1.18423700 1.72500000
v -17.23464000 0.72780660 1.72500000
v -16.95134000 3.19604200 1.72500000
v -16.99220000 2.97115200 1.72500000
v -17.03007000 2.74574100 1.72500000
v -18.05054000 1.50785100 1.72500000
v -18.83684000 1.94995700 1.72500000
v -17.92276000 2.62114500 1.72500000
v -18.78878000 2.36869200 1.72500000
v -18.80583000 2.22923400 1.72500000
v -18.82186000 2.08965300 1.72500000
v 18.76706000 -2.53501800 2.30000000
v 18.74774000 -2.67418000 2.30000000
v 18.78535000 -2.39571700 2.30000000
v 18.80261000 -2.25628300 2.30000000
v 17.87772000 -2.91250500 2.30000000
v 16.98313000 -3.02255500 2.30000000
v 18.02361000 -1.80143800 2.30000000
v 17.18775000 -1.46417500 2.30000000
v 16.89707000 -3.47151500 2.30000000
v 16.84959000 -3.69510000 2.30000000
v 16.94159000 -3.24732000 2.30000000
v 17.20564000 -1.23630500 2.30000000
v 17.22051000 -1.00821800 2.30000000
v 17.23236000 -0.77995330 2.30000000
v 17.63428000 -4.13858000 2.30000000
v 18.34725000 -4.69121300 2.30000000
v 18.10493000 -0.55407680 2.30000000
v 18.93640000 -0.20423120 2.30000000
v 18.27562000 -4.96292400 2.30000000
v 18.23830000 -5.09837300 2.30000000
v 18.31194000 -4.82720100 2.30000000
v 18.93739000 -0.06373757 2.30000000
v 18.93734000 0.07675956 2.30000000
v 18.93625000 0.21725250 2.30000000
v 17.34462000 -5.22109900 2.30000000
v 16.44331000 -5.21344000 2.30000000
v 18.10455000 0.56652620 2.30000000
v 17.23182000 0.79180270 2.30000000
v 16.29939000 -5.64732600 2.30000000
v 16.22313000 -5.86280100 2.30000000
v 16.37279000 -5.43086000 2.30000000
v 17.21981000 1.02005900 2.30000000
v 17.20479000 1.24813600 2.30000000
v 17.18674000 1.47599300 2.30000000
v 16.94322000 -6.40490900 2.30000000
v 17.57796000 -7.04587500 2.30000000
v 18.02237000 1.81383200 2.30000000
v 18.80105000 2.26921200 2.30000000
v 17.47148000 -7.30591200 2.30000000
v 17.41680000 -7.43533100 2.30000000
v 17.52520000 -7.17609100 2.30000000
v 18.78370000 2.40863300 2.30000000
v 18.76531000 2.54792200 2.30000000
v 18.74589000 2.68707100 2.30000000
v 16.51474000 -7.44035900 2.30000000
v 15.62215000 -7.31512100 2.30000000
v 17.87572000 2.92479700 2.30000000
v 16.98105000 3.03423200 2.30000000
v 15.42283000 -7.72651000 2.30000000
v 15.31909000 -7.93018800 2.30000000
v 15.52385000 -7.52147600 2.30000000
v 16.93935000 3.25896900 2.30000000
v 16.89468000 3.48313300 2.30000000
v 16.84705000 3.70668500 2.30000000
v 15.96226000 -8.56164900 2.30000000
v 16.50790000 -9.27998100 2.30000000
v 17.63143000 4.15070500 2.30000000
v 18.34402000 4.70382800 2.30000000
v 16.36839000 -9.52389500 2.30000000
v 16.29729000 -9.64506900 2.30000000
v 16.43860000 -9.40219600 2.30000000
v 18.30861000 4.83979200 2.30000000
v 18.27220000 4.97548900 2.30000000
v 18.23479000 5.11091300 2.30000000
v 15.40229000 -9.53231200 2.30000000
v 14.53368000 -9.29163900 2.30000000
v 17.34102000 5.23302400 2.30000000
v 16.43972000 5.22474500 2.30000000
v 14.28237000 -9.67349100 2.30000000
v 14.15294000 -9.86188700 2.30000000
v 14.40929000 -9.48339700 2.30000000
v 16.36905000 5.44211700 2.30000000
v 16.29551000 5.65853300 2.30000000
v 16.21910000 5.87395500 2.30000000
v 14.70818000 -10.57190000 2.30000000
v 15.15540000 -11.35530000 2.30000000
v 16.93881000 6.41655800 2.30000000
v 17.57311000 7.05796100 2.30000000
v 14.98524000 -11.57892000 2.30000000
v 14.89893000 -11.68978000 2.30000000
v 15.07073000 -11.46743000 2.30000000
v 17.52026000 7.18814100 2.30000000
v 17.46645000 7.31792500 2.30000000
v 17.41168000 7.44730600 2.30000000
v 14.02631000 -11.46116000 2.30000000
v 13.19654000 -11.10917000 2.30000000
v 16.50962000 7.45171300 2.30000000
v 15.61711000 7.32586200 2.30000000
v 12.89754000 -11.45496000 2.30000000
v 12.74462000 -11.62485000 2.30000000
v 13.04819000 -11.28306000 2.30000000
v 15.51867000 7.53214900 2.30000000
v 15.41751000 7.73711300 2.30000000
v 15.31364000 7.94072000 2.30000000
v 13.20244000 -12.40126000 2.30000000
v 13.54357000 -13.23633000 2.30000000
v 15.95637000 8.57262300 2.30000000
v 16.50152000 9.29133000 2.30000000
v 13.34569000 -13.43583000 2.30000000
v 13.24564000 -13.53447000 2.30000000
v 13.44500000 -13.33645000 2.30000000
v 16.43213000 9.41349800 2.30000000
v 16.36184000 9.53514800 2.30000000
v 16.29065000 9.65627300 2.30000000
v 12.41033000 -13.19391000 2.30000000
v 11.63361000 -12.73663000 2.30000000
v 15.39574000 9.54290100 2.30000000
v 14.52729000 9.30163000 2.30000000
v 11.29203000 -13.04042000 2.30000000
v 11.11825000 -13.18890000 2.30000000
v 11.46382000 -12.88966000 2.30000000
v 14.40277000 9.49330400 2.30000000
v 14.27571000 9.68331000 2.30000000
v 14.14615000 9.87161600 2.30000000
v 11.47081000 -14.01843000 2.30000000
v 11.70002000 -14.89089000 2.30000000
v 14.70091000 10.58201000 2.30000000
v 15.14758000 11.36572000 2.30000000
v 11.47779000 -15.06284000 2.30000000
v 11.36572000 -15.14758000 2.30000000
v 11.58922000 -14.97728000 2.30000000
v 15.06284000 11.47779000 2.30000000
v 14.97728000 11.58922000 2.30000000
v 14.89089000 11.70002000 2.30000000
v 10.58201000 -14.70091000 2.30000000
v 9.87161600 -14.14615000 2.30000000
v 14.01843000 11.47081000 2.30000000
v 13.18890000 11.11825000 2.30000000
v 9.49330400 -14.40277000 2.30000000
v 9.30163000 -14.52729000 2.30000000
v 9.68331000 -14.27571000 2.30000000
v 13.04042000 11.29203000 2.30000000
v 12.88966000 11.46382000 2.30000000
v 12.73663000 11.63361000 2.30000000
v 9.54290100 -15.39574000 2.30000000
v 9.65627300 -16.29065000 2.30000000
v 13.19391000 12.41033000 2.30000000
v 13.53447000 13.24564000 2.30000000
v 9.41349800 -16.43213000 2.30000000
v 9.29133000 -16.50152000 2.30000000
v 9.53514800 -16.36184000 2.30000000
v 13.43583000 13.34569000 2.30000000
v 13.33645000 13.44500000 2.30000000
v 13.23633000 13.54357000 2.30000000
v 8.57262300 -15.95637000 2.30000000
v 7.94072000 -15.31364000 2.30000000
v 12.40126000 13.20244000 2.30000000
v 11.62485000 12.74462000 2.30000000
v 7.53214900 -15.51867000 2.30000000
v 7.32586200 -15.61711000 2.30000000
v 7.73711300 -15.41751000 2.30000000
v 11.45496000 12.89754000 2.30000000
v 11.28306000 13.04819000 2.30000000
v 11.10917000 13.19654000 2.30000000
v 7.45171300 -16.50962000 2.30000000
v 7.44730600 -17.41168000 2.30000000
v 11.46116000 14.02631000 2.30000000
v 11.68978000 14.89893000 2.30000000
v 7.18814100 -17.52026000 2.30000000
v 7.05796100 -17.57311000 2.30000000
v 7.31792500 -17.46645000 2.30000000
v 11.57892000 14.98524000 2.30000000
v 11.46743000 15.07073000 2.30000000
v 11.35530000 15.15540000 2.30000000
v 6.41655800 -16.93881000 2.30000000
v 5.87395500 -16.21910000 2.30000000
v 10.57190000 14.70818000 2.30000000
v 9.86188700 14.15294000 2.30000000
v 5.44211700 -16.36905000 2.30000000
v 5.22474500 -16.43972000 2.30000000
v 5.65853300 -16.29551000 2.30000000
v 9.67349100 14.28237000 2.30000000
v 9.48339700 14.40929000 2.30000000
v 9.29163900 14.53368000 2.30000000
v 5.23302400 -17.34102000 2.30000000
v 5.11091300 -18.23479000 2.30000000
v 9.53231200 15.40229000 2.30000000
v 9.64506900 16.29729000 2.30000000
v 4.83979200 -18.30861000 2.30000000
v 4.70382800 -18.34402000 2.30000000
v 4.97548900 -18.27220000 2.30000000
v 9.52389500 16.36839000 2.30000000
v 9.40219600 16.43860000 2.30000000
v 9.27998100 16.50790000 2.30000000
v 4.15070500 -17.63143000 2.30000000
v 3.70668500 -16.84705000 2.30000000
v 8.56164900 15.96226000 2.30000000
v 7.93018800 15.31909000 2.30000000
v 3.25896900 -16.93935000 2.30000000
v 3.03423200 -16.98105000 2.30000000
v 3.48313300 -16.89468000 2.30000000
v 7.72651000 15.42283000 2.30000000
v 7.52147600 15.52385000 2.30000000
v 7.31512100 15.62215000 2.30000000
v 2.92479700 -17.87572000 2.30000000
v 2.68707100 -18.74589000 2.30000000
v 7.44035900 16.51474000 2.30000000
v 7.43533100 17.41680000 2.30000000
v 2.40863300 -18.78370000 2.30000000
v 2.26921200 -18.80105000 2.30000000
v 2.54792200 -18.76531000 2.30000000
v 7.30591200 17.47148000 2.30000000
v 7.17609100 17.52520000 2.30000000
v 7.04587500 17.57796000 2.30000000
v 1.81383200 -18.02237000 2.30000000
v 1.47599300 -17.18674000 2.30000000
v 6.40490900 16.94322000 2.30000000
v 5.86280100 16.22313000 2.30000000
v 1.02005900 -17.21981000 2.30000000
v 0.79180270 -17.23182000 2.30000000
v 1.24813600 -17.20479000 2.30000000
v 5.64732600 16.29939000 2.30000000
v 5.43086000 16.37279000 2.30000000
v 5.21344000 16.44331000 2.30000000
v 0.56652620 -18.10455000 2.30000000
v 0.21725250 -18.93625000 2.30000000
v 5.22109900 17.34462000 2.30000000
v 5.09837300 18.23830000 2.30000000
v -0.06373757 -18.93739000 2.30000000
v -0.20423120 -18.93640000 2.30000000
v 0.07675956 -18.93734000 2.30000000
v 4.96292400 18.27562000 2.30000000
v 4.82720100 18.31194000 2.30000000
v 4.69121300 18.34725000 2.30000000
v -0.55407680 -18.10493000 2.30000000
v -0.77995330 -17.23236000 2.30000000
v 4.13858000 17.63428000 2.30000000
v 3.69510000 16.84959000 2.30000000
v -1.23630500 -17.20564000 2.30000000
v -1.46417500 -17.18775000 2.30000000
v -1.00821800 -17.22051000 2.30000000
v 3.47151500 16.89707000 2.30000000
v 3.24732000 16.94159000 2.30000000
v 3.02255500 16.98313000 2.30000000
v -1.80143800 -18.02361000 2.30000000
v -2.25628300 -18.80261000 2.30000000
v 2.91250500 17.87772000 2.30000000
v 2.67418000 18.74774000 2.30000000
v -2.53501800 -18.76706000 2.30000000
v -2.67418000 -18.74774000 2.30000000
v -2.39571700 -18.78535000 2.30000000
v 2.53501800 18.76706000 2.30000000
v 2.39571700 18.78535000 2.30000000
v 2.25628300 18.80261000 2.30000000
v -2.91250500 -17.87772000 2.30000000
v -3.02255500 -16.98313000 2.30000000
v 1.80143800 18.02361000 2.30000000
v 1.46417500 17.18775000 2.30000000
v -3.47151500 -16.89707000 2.30000000
v -3.69510000 -16.84959000 2.30000000
v -3.24732000 -16.94159000 2.30000000
v 1.23630500 17.20564000 2.30000000
v 1.00821800 17.22051000 2.30000000
v 0.77995330 17.23236000 2.30000000
v -4.13858000 -17.63428000 2.30000000
v -4.69121300 -18.34725000 2.30000000
v 0.55407680 18.10493000 2.30000000
v 0.20423120 18.93640000 2.30000000
v -4.96292400 -18.27562000 2.30000000
v -5.09837300 -18.23830000 2.30000000
v -4.82720100 -18.31194000 2.30000000
v 0.06373757 18.93739000 2.30000000
v -0.07675956 18.93734000 2.30000000
v -0.21725250 18.93625000 2.30000000
v -5.22109900 -17.34462000 2.30000000
v -5.21344000 -16.44331000 2.30000000
v -0.56652620 18.10455000 2.30000000
v -0.79180270 17.23182000 2.30000000
v -5.64732600 -16.29939000 2.30000000
v -5.86280100 -16.22313000 2.30000000
v -5.43086000 -16.37279000 2.30000000
v -1.02005900 17.21981000 2.30000000
v -1.24813600 17.20479000 2.30000000
v -1.47599300 17.18674000 2.30000000
v -6.40490900 -16.94322000 2.30000000
v -7.04587500 -17.57796000 2.30000000
v -1.81383200 18.02237000 2.30000000
v -2.26921200 18.80105000 2.30000000
v -7.30591200 -17.47148000 2.30000000
v -7.43533100 -17.41680000 2.30000000
v -7.17609100 -17.52520000 2.30000000
v -2.40863300 18.78370000 2.30000000
v -2.54792200 18.76531000 2.30000000
v -2.68707100 18.74589000 2.30000000
v -7.44035900 -16.51474000 2.30000000
v -7.31512100 -15.62215000 2.30000000
v -2.92479700 17.87572000 2.30000000
v -3.03423200 16.98105000 2.30000000
v -7.72651000 -15.42283000 2.30000000
v -7.93018800 -15.31909000 2.30000000
v -7.52147600 -15.52385000 2.30000000
v -3.25896900 16.93935000 2.30000000
v -3.48313300 16.89468000 2.30000000
v -3.70668500 16.84705000 2.30000000
v -8.56164900 -15.96226000 2.30000000
v -9.27998100 -16.50790000 2.30000000
v -4.15070500 17.63143000 2.30000000
v -4.70382800 18.34402000 2.30000000
v -9.52389500 -16.36839000 2.30000000
v -9.64506900 -16.29729000 2.30000000
v -9.40219600 -16.43860000 2.30000000
v -4.83979200 18.30861000 2.30000000
v -4.97548900 18.27220000 2.30000000
v -5.11091300 18.23479000 2.30000000
v -9.53231200 -15.40229000 2.30000000
v -9.29163900 -14.53368000 2.30000000
v -5.23302400 17.34102000 2.30000000
v -5.22474500 16.43972000 2.30000000
v -9.67349100 -14.28237000 2.30000000
v -9.86188700 -14.15294000 2.30000000
v -9.48339700 -14.40929000 2.30000000
v -5.44211700 16.36905000 2.30000000
v -5.65853300 16.29551000 2.30000000
v -5.87395500 16.21910000 2.30000000
v -10.57190000 -14.70818000 2.30000000
v -11.35530000 -15.15540000 2.30000000
v -6.41655800 16.93881000 2.30000000
v -7.05796100 17.57311000 2.30000000
v -11.57892000 -14.98524000 2.30000000
v -11.68978000 -14.89893000 2.30000000
v -11.46743000 -15.07073000 2.30000000
v -7.18814100 17.52026000 2.30000000
v -7.31792500 17.46645000 2.30000000
v -7.44730600 17.41168000 2.30000000
v -11.46116000 -14.02631000 2.30000000
v -11.10917000 -13.19654000 2.30000000
v -7.45171300 16.50962000 2.30000000
v -7.32586200 15.61711000 2.30000000
v -11.45496000 -12.89754000 2.30000000
v -11.62485000 -12.74462000 2.30000000
v -11.28306000 -13.04819000 2.30000000
v -7.53214900 15.51867000 2.30000000
v -7.73711300 15.41751000 2.30000000
v -7.94072000 15.31364000 2.30000000
v -12.40126000 -13.20244000 2.30000000
v -13.23633000 -13.54357000 2.30000000
v -8.57262300 15.95637000 2.30000000
v -9.29133000 16.50152000 2.30000000
v -13.43583000 -13.34569000 2.30000000
v -13.53447000 -13.24564000 2.30000000
v -13.33645000 -13.44500000 2.30000000
v -9.41349800 16.43213000 2.30000000
v -9.53514800 16.36184000 2.30000000
v -9.65627300 16.29065000 2.30000000
v -13.19391000 -12.41033000 2.30000000
v -12.73663000 -11.63361000 2.30000000
v -9.54290100 15.39574000 2.30000000
v -9.30163000 14.52729000 2.30000000
v -13.04042000 -11.29203000 2.30000000
v -13.18890000 -11.11825000 2.30000000
v -12.88966000 -11.46382000 2.30000000
v -9.49330400 14.40277000 2.30000000
v -9.68331000 14.27571000 2.30000000
v -9.87161600 14.14615000 2.30000000
v -14.01843000 -11.47081000 2.30000000
v -14.89089000 -11.70002000 2.30000000
v -10.58201000 14.70091000 2.30000000
v -11.36572000 15.14758000 2.30000000
v -15.06284000 -11.47779000 2.30000000
v -15.14758000 -11.36572000 2.30000000
v -14.97728000 -11.58922000 2.30000000
v -11.47779000 15.06284000 2.30000000
v -11.58922000 14.97728000 2.30000000
v -11.70002000 14.89089000 2.30000000
v -14.70091000 -10.58201000 2.30000000
v -14.14615000 -9.87161600 2.30000000
v -11.47081000 14.01843000 2.30000000
v -11.11825000 13.18890000 2.30000000
v -14.40277000 -9.49330400 2.30000000
v -14.52729000 -9.30163000 2.30000000
v -14.27571000 -9.68331000 2.30000000
v -11.29203000 13.04042000 2.30000000
v -11.46382000 12.88966000 2.30000000
v -11.63361000 12.73663000 2.30000000
v -15.39574000 -9.54290100 2.30000000
v -16.29065000 -9.65627300 2.30000000
v -12.41033000 13.19391000 2.30000000
v -13.24564000 13.53447000 2.30000000
v -16.43213000 -9.41349800 2.30000000
v -16.50152000 -9.29133000 2.30000000
v -16.36184000 -9.53514800 2.30000000
v -13.34569000 13.43583000 2.30000000
v -13.44500000 13.33645000 2.30000000
v -13.54357000 13.23633000 2.30000000
v -15.95637000 -8.57262300 2.30000000
v -15.31364000 -7.94072000 2.30000000
v -13.20244000 12.40126000 2.30000000
v -12.74462000 11.62485000 2.30000000
v -15.51867000 -7.53214900 2.30000000
v -15.61711000 -7.32586200 2.30000000
v -15.41751000 -7.73711300 2.30000000
v -12.89754000 11.45496000 2.30000000
v -13.04819000 11.28306000 2.30000000
v -13.19654000 11.10917000 2.30000000
v -16.50962000 -7.45171300 2.30000000
v -17.41168000 -7.44730600 2.30000000
v -14.02631000 11.46116000 2.30000000
v -14.89893000 11.68978000 2.30000000
v -17.52026000 -7.18814100 2.30000000
v -17.57311000 -7.05796100 2.30000000
v -17.46645000 -7.31792500 2.30000000
v -14.98524000 11.57892000 2.30000000
v -15.07073000 11.46743000 2.30000000
v -15.15540000 11.35530000 2.30000000
v -16.93881000 -6.41655800 2.30000000
v -16.21910000 -5.87395500 2.30000000
v -14.70818000 10.57190000 2.30000000
v -14.15294000 9.86188700 2.30000000
v -16.36905000 -5.44211700 2.30000000
v -16.43972000 -5.22474500 2.30000000
v -16.29551000 -5.65853300 2.30000000
v -14.28237000 9.67349100 2.30000000
v -14.40929000 9.48339700 2.30000000
v -14.53368000 9.29163900 2.30000000
v -17.34102000 -5.23302400 2.30000000
v -18.23479000 -5.11091300 2.30000000
v -15.40229000 9.53231200 2.30000000
v -16.29729000 9.64506900 2.30000000
v -18.30861000 -4.83979200 2.30000000
v -18.34402000 -4.70382800 2.30000000
v -18.27220000 -4.97548900 2.30000000
v -16.36839000 9.52389500 2.30000000
v -16.43860000 9.40219600 2.30000000
v -16.50790000 9.27998100 2.30000000
v -17.63143000 -4.15070500 2.30000000
v -16.84705000 -3.70668500 2.30000000
v -15.96226000 8.56164900 2.30000000
v -15.31909000 7.93018800 2.30000000
v -16.93935000 -3.25896900 2.30000000
v -16.98105000 -3.03423200 2.30000000
v -16.89468000 -3.48313300 2.30000000
v -15.42283000 7.72651000 2.30000000
v -15.52385000 7.52147600 2.30000000
v -15.62215000 7.31512100 2.30000000
v -17.87572000 -2.92479700 2.30000000
v -18.74589000 -2.68707100 2.30000000
v -16.51474000 7.44035900 2.30000000
v -17.41680000 7.43533100 2.30000000
v -18.78370000 -2.40863300 2.30000000
v -18.80105000 -2.26921200 2.30000000
v -18.76531000 -2.54792200 2.30000000
v -17.47148000 7.30591200 2.30000000
v -17.52520000 7.17609100 2.30000000
v -17.57796000 7.04587500 2.30000000
v -18.02237000 -1.81383200 2.30000000
v -17.18674000 -1.47599300 2.30000000
v -16.94322000 6.40490900 2.30000000
v -16.22313000 5.86280100 2.30000000
v -17.21981000 -1.02005900 2.30000000
v -17.23182000 -0.79180270 2.30000000
v -17.20479000 -1.24813600 2.30000000
v -16.29939000 5.64732600 2.30000000
v -16.37279000 5.43086000 2.30000000
v -16.44331000 5.21344000 2.30000000
v -18.10455000 -0.56652620 2.30000000
v -18.93625000 -0.21725250 2.30000000
v -17.34462000 5.22109900 2.30000000
v -18.23830000 5.09837300 2.30000000
v -18.93739000 0.06373757 2.30000000
v -18.93640000 0.20423120 2.30000000
v -18.93734000 -0.07675956 2.30000000
v -18.27562000 4.96292400 2.30000000
v -18.31194000 4.82720100 2.30000000
v -18.34725000 4.69121300 2.30000000
v -18.10493000 0.55407680 2.30000000
v -17.23236000 0.77995330 2.30000000
v -17.63428000 4.13858000 2.30000000
v -16.84959000 3.69510000 2.30000000
v -17.20564000 1.23630500 2.30000000
v -17.18775000 1.46417500 2.30000000
v -17.22051000 1.00821800 2.30000000
v -16.89707000 3.47151500 2.30000000
v -16.94159000 3.24732000 2.30000000
v -16.98313000 3.02255500 2.30000000
v -18.02361000 1.80143800 2.30000000
v -18.80261000 2.25628300 2.30000000
v -17.87772000 2.91250500 2.30000000
v -18.74774000 2.67418000 2.30000000
v -18.76706000 2.53501800 2.30000000
v -18.78535000 2.39571700 2.30000000
v 18.86843000 -1.61597400 4.02500000
v 18.85592000 -1.75591300 4.02500000
v 18.87990000 -1.47594600 4.02500000
v 18.89033000 -1.33583600 4.02500000
v 17.99857000 -2.03641900 4.02500000
v 17.11042000 -2.19000400 4.02500000
v 18.09005000 -0.91955670 4.02500000
v 17.23873000 -0.62349360 4.02500000
v 17.04638000 -2.64262900 4.02500000
v 17.00987000 -2.86826500 4.02500000
v 17.07990000 -2.41652800 4.02500000
v 17.24548000 -0.39502180 4.02500000
v 17.24920000 -0.16648060 4.02500000
v 17.24989000 0.06208980 4.02500000
v 17.81527000 -3.27291600 4.02500000
v 18.55436000 -3.79009100 4.02500000
v 18.11040000 0.33028770 4.02500000
v 18.92380000 0.72030010 4.02500000
v 18.49608000 -4.06497300 4.02500000
v 18.46541000 -4.20208200 4.02500000
v 18.52573000 -3.92764000 4.02500000
v 18.91793000 0.86067480 4.02500000
v 18.91103000 1.00100200 4.02500000
v 18.90308000 1.14127400 4.02500000
v 17.57879000 -4.36828300 4.02500000
v 16.67818000 -4.40462500 4.02500000
v 18.05532000 1.44953600 4.02500000
v 17.17263000 1.63194600 4.02500000
v 16.55561000 -4.84501900 4.02500000
v 16.48996000 -5.06396000 4.02500000
v 16.61836000 -4.62522900 4.02500000
v 17.14950000 1.85934400 4.02500000
v 17.12336000 2.08641600 4.02500000
v 17.09421000 2.31312100 4.02500000
v 17.23565000 -5.57027400 4.02500000
v 17.90091000 -6.17949500 4.02500000
v 17.91235000 2.69134300 4.02500000
v 18.66788000 3.18418900 4.02500000
v 17.80726000 -6.44441900 4.02500000
v 17.75896000 -6.57635300 4.02500000
v 17.85458000 -6.31213100 4.02500000
v 18.64375000 3.32259700 4.02500000
v 18.61858000 3.46082300 4.02500000
v 18.59239000 3.59885800 4.02500000
v 16.85822000 -6.62540400 4.02500000
v 15.96058000 -6.54388300 4.02500000
v 17.71165000 3.79382700 4.02500000
v 16.81270000 3.85946300 4.02500000
v 15.78157000 -6.96451100 4.02500000
v 15.68791000 -7.17300900 4.02500000
v 15.87247000 -6.75479000 4.02500000
v 16.76009000 4.08189600 4.02500000
v 16.70453000 4.30361300 4.02500000
v 16.64604000 4.52457400 4.02500000
v 16.36113000 -7.77232400 4.02500000
v 16.94118000 -8.46316700 4.02500000
v 17.40782000 5.00635000 4.02500000
v 18.09256000 5.59359500 4.02500000
v 16.81375000 -8.71360000 4.02500000
v 16.74864000 -8.83810000 4.02500000
v 16.87793000 -8.58862000 4.02500000
v 18.05056000 5.72766900 4.02500000
v 18.00757000 5.86142700 4.02500000
v 17.96359000 5.99486300 4.02500000
v 15.84921000 -8.76916200 4.02500000
v 14.96989000 -8.57117300 4.02500000
v 17.06493000 6.07320500 4.02500000
v 16.16511000 6.02094300 4.02500000
v 14.73751000 -8.96483700 4.02500000
v 14.61743000 -9.15932500 4.02500000
v 14.85500000 -8.76877500 4.02500000
v 16.08391000 6.23460600 4.02500000
v 15.99989000 6.44717400 4.02500000
v 15.91306000 6.65861000 4.02500000
v 15.20667000 -9.84138700 4.02500000
v 15.69158000 -10.60203000 4.02500000
v 16.60543000 7.23569600 4.02500000
v 17.20766000 7.90729400 4.02500000
v 15.53255000 -10.83369000 4.02500000
v 15.45175000 -10.94862000 4.02500000
v 15.61250000 -10.71815000 4.02500000
v 17.14852000 8.03473900 4.02500000
v 17.08844000 8.16174200 4.02500000
v 17.02742000 8.28829500 4.02500000
v 14.56901000 -10.76288000 4.02500000
v 13.72305000 -10.45181000 4.02500000
v 16.12623000 8.24866800 4.02500000
v 15.24092000 8.07940300 4.02500000
v 13.44128000 -10.81177000 4.02500000
v 13.29684000 -10.98892000 4.02500000
v 13.58336000 -10.63272000 4.02500000
v 15.13253000 8.28063900 4.02500000
v 15.02148000 8.48042200 4.02500000
v 14.90780000 8.67871500 4.02500000
v 13.79201000 -11.74206000 4.02500000
v 14.17350000 -12.55949000 4.02500000
v 15.51892000 9.34123700 4.02500000
v 16.02834000 10.08570000 4.02500000
v 13.98559000 -12.76841000 4.02500000
v 13.89047000 -12.87182000 4.02500000
v 14.07993000 -12.66430000 4.02500000
v 15.95307000 10.20433000 4.02500000
v 15.87693000 10.32241000 4.02500000
v 15.79991000 10.43991000 4.02500000
v 13.03953000 -12.57244000 4.02500000
v 12.24142000 -12.15361000 4.02500000
v 14.91160000 10.28299000 4.02500000
v 14.05596000 9.99962200 4.02500000
v 11.91507000 -12.47372000 4.02500000
v 11.74875000 -12.63050000 4.02500000
v 12.07930000 -12.31474000 4.02500000
v 13.92223000 10.18499000 4.02500000
v 13.78605000 10.36857000 4.02500000
v 13.64746000 10.55033000 4.02500000
v 12.14138000 -13.44182000 4.02500000
v 12.41290000 -14.30206000 4.02500000
v 14.16688000 11.28695000 4.02500000
v 14.57477000 12.09153000 4.02500000
v 12.19933000 -14.48466000 4.02500000
v 12.09153000 -14.57477000 4.02500000
v 12.30645000 -14.39375000 4.02500000
v 14.48466000 12.19933000 4.02500000
v 14.39375000 12.30645000 4.02500000
v 14.30206000 12.41290000 4.02500000
v 11.28695000 -14.16688000 4.02500000
v 10.55033000 -13.64746000 4.02500000
v 13.44182000 12.14138000 4.02500000
v 12.63050000 11.74875000 4.02500000
v 10.18499000 -13.92223000 4.02500000
v 9.99962200 -14.05596000 4.02500000
v 10.36857000 -13.78605000 4.02500000
v 12.47372000 11.91507000 4.02500000
v 12.31474000 12.07930000 4.02500000
v 12.15361000 12.24142000 4.02500000
v 10.28299000 -14.91160000 4.02500000
v 10.43991000 -15.79991000 4.02500000
v 12.57244000 13.03953000 4.02500000
v 12.87182000 13.89047000 4.02500000
v 10.20433000 -15.95307000 4.02500000
v 10.08570000 -16.02834000 4.02500000
v 10.32241000 -15.87693000 4.02500000
v 12.76841000 13.98559000 4.02500000
v 12.66430000 14.07993000 4.02500000
v 12.55949000 14.17350000 4.02500000
v 9.34123700 -15.51892000 4.02500000
v 8.67871500 -14.90780000 4.02500000
v 11.74206000 13.79201000 4.02500000
v 10.98892000 13.29684000 4.02500000
v 8.28063900 -15.13253000 4.02500000
v 8.07940300 -15.24092000 4.02500000
v 8.48042200 -15.02148000 4.02500000
v 10.81177000 13.44128000 4.02500000
v 10.63272000 13.58336000 4.02500000
v 10.45181000 13.72305000 4.02500000
v 8.24866800 -16.12623000 4.02500000
v 8.28829500 -17.02742000 4.02500000
v 10.76288000 14.56901000 4.02500000
v 10.94862000 15.45175000 4.02500000
v 8.03473900 -17.14852000 4.02500000
v 7.90729400 -17.20766000 4.02500000
v 8.16174200 -17.08844000 4.02500000
v 10.83369000 15.53255000 4.02500000
v 10.71815000 15.61250000 4.02500000
v 10.60203000 15.69158000 4.02500000
v 7.23569600 -16.60543000 4.02500000
v 6.65861000 -15.91306000 4.02500000
v 9.84138700 15.20667000 4.02500000
v 9.15932500 14.61743000 4.02500000
v 6.23460600 -16.08391000 4.02500000
v 6.02094300 -16.16511000 4.02500000
v 6.44717400 -15.99989000 4.02500000
v 8.96483700 14.73751000 4.02500000
v 8.76877500 14.85500000 4.02500000
v 8.57117300 14.96989000 4.02500000
v 6.07320500 -17.06493000 4.02500000
v 5.99486300 -17.96359000 4.02500000
v 8.76916200 15.84921000 4.02500000
v 8.83810000 16.74864000 4.02500000
v 5.72766900 -18.05056000 4.02500000
v 5.59359500 -18.09256000 4.02500000
v 5.86142700 -18.00757000 4.02500000
v 8.71360000 16.81375000 4.02500000
v 8.58862000 16.87793000 4.02500000
v 8.46316700 16.94118000 4.02500000
v 5.00635000 -17.40782000 4.02500000
v 4.52457400 -16.64604000 4.02500000
v 7.77232400 16.36113000 4.02500000
v 7.17300900 15.68791000 4.02500000
v 4.08189600 -16.76009000 4.02500000
v 3.85946300 -16.81270000 4.02500000
v 4.30361300 -16.70453000 4.02500000
v 6.96451100 15.78157000 4.02500000
v 6.75479000 15.87247000 4.02500000
v 6.54388300 15.96058000 4.02500000
v 3.79382700 -17.71165000 4.02500000
v 3.59885800 -18.59239000 4.02500000
v 6.62540400 16.85822000 4.02500000
v 6.57635300 17.75896000 4.02500000
v 3.32259700 -18.64375000 4.02500000
v 3.18418900 -18.66788000 4.02500000
v 3.46082300 -18.61858000 4.02500000
v 6.44441900 17.80726000 4.02500000
v 6.31213100 17.85458000 4.02500000
v 6.17949500 17.90091000 4.02500000
v 2.69134300 -17.91235000 4.02500000
v 2.31312100 -17.09421000 4.02500000
v 5.57027400 17.23565000 4.02500000
v 5.06396000 16.48996000 4.02500000
v 1.85934400 -17.14950000 4.02500000
v 1.63194600 -17.17263000 4.02500000
v 2.08641600 -17.12336000 4.02500000
v 4.84501900 16.55561000 4.02500000
v 4.62522900 16.61836000 4.02500000
v 4.40462500 16.67818000 4.02500000
v 1.44953600 -18.05532000 4.02500000
v 1.14127400 -18.90308000 4.02500000
v 4.36828300 17.57879000 4.02500000
v 4.20208200 18.46541000 4.02500000
v 0.86067480 -18.91793000 4.02500000
v 0.72030010 -18.92380000 4.02500000
v 1.00100200 -18.91103000 4.02500000
v 4.06497300 18.49608000 4.02500000
v 3.92764000 18.52573000 4.02500000
v 3.79009100 18.55436000 4.02500000
v 0.33028770 -18.11040000 4.02500000
v 0.06208980 -17.24989000 4.02500000
v 3.27291600 17.81527000 4.02500000
v 2.86826500 17.00987000 4.02500000
v -0.39502180 -17.24548000 4.02500000
v -0.62349360 -17.23873000 4.02500000
v -0.16648060 -17.24920000 4.02500000
v 2.64262900 17.04638000 4.02500000
v 2.41652800 17.07990000 4.02500000
v 2.19000400 17.11042000 4.02500000
v -0.91955670 -18.09005000 4.02500000
v -1.33583600 -18.89033000 4.02500000
v 2.03641900 17.99857000 4.02500000
v 1.75591300 18.85592000 4.02500000
v -1.61597400 -18.86843000 4.02500000
v -1.75591300 -18.85592000 4.02500000
v -1.47594600 -18.87990000 4.02500000
v 1.61597400 18.86843000 4.02500000
v 1.47594600 18.87990000 4.02500000
v 1.33583600 18.89033000 4.02500000
v -2.03641900 -17.99857000 4.02500000
v -2.19000400 -17.11042000 4.02500000
v 0.91955670 18.09005000 4.02500000
v 0.62349360 17.23873000 4.02500000
v -2.64262900 -17.04638000 4.02500000
v -2.86826500 -17.00987000 4.02500000
v -2.41652800 -17.07990000 4.02500000
v 0.39502180 17.24548000 4.02500000
v 0.16648060 17.24920000 4.02500000
v -0.06208980 17.24989000 4.02500000
v -3.27291600 -17.81527000 4.02500000
v -3.79009100 -18.55436000 4.02500000
v -0.33028770 18.11040000 4.02500000
v -0.72030010 18.92380000 4.02500000
v -4.06497300 -18.49608000 4.02500000
v -4.20208200 -18.46541000 4.02500000
v -3.92764000 -18.52573000 4.02500000
v -0.86067480 18.91793000 4.02500000
v -1.00100200 18.91103000 4.02500000
v -1.14127400 18.90308000 4.02500000
v -4.36828300 -17.57879000 4.02500000
v -4.40462500 -16.67818000 4.02500000
v -1.44953600 18.05532000 4.02500000
v -1.63194600 17.17263000 4.02500000
v -4.84501900 -16.55561000 4.02500000
v -5.06396000 -16.48996000 4.02500000
v -4.62522900 -16.61836000 4.02500000
v -1.85934400 17.14950000 4.02500000
v -2.08641600 17.12336000 4.02500000
v -2.31312100 17.09421000 4.02500000
v -5.57027400 -17.23565000 4.02500000
v -6.17949500 -17.90091000 4.02500000
v -2.69134300 17.91235000 4.02500000
v -3.18418900 18.66788000 4.02500000
v -6.44441900 -17.80726000 4.02500000
v -6.57635300 -17.75896000 4.02500000
v -6.31213100 -17.85458000 4.02500000
v -3.32259700 18.64375000 4.02500000
v -3.46082300 18.61858000 4.02500000
v -3.59885800 18.59239000 4.02500000
v -6.62540400 -16.85822000 4.02500000
v -6.54388300 -15.96058000 4.02500000
v -3.79382700 17.71165000 4.02500000
v -3.85946300 16.81270000 4.02500000
v -6.96451100 -15.78157000 4.02500000
v -7.17300900 -15.68791000 4.02500000
v -6.75479000 -15.87247000 4.02500000
v -4.08189600 16.76009000 4.02500000
v -4.30361300 16.70453000 4.02500000
v -4.52457400 16.64604000 4.02500000
v -7.77232400 -16.36113000 4.02500000
v -8.46316700 -16.94118000 4.02500000
v -5.00635000 17.40782000 4.02500000
v -5.59359500 18.09256000 4.02500000
v -8.71360000 -16.81375000 4.02500000
v -8.83810000 -16.74864000 4.02500000
v -8.58862000 -16.87793000 4.02500000
v -5.72766900 18.05056000 4.02500000
v -5.86142700 18.00757000 4.02500000
v -5.99486300 17.96359000 4.02500000
v -8.76916200 -15.84921000 4.02500000
v -8.57117300 -14.96989000 4.02500000
v -6.07320500 17.06493000 4.02500000
v -6.02094300 16.16511000 4.02500000
v -8.96483700 -14.73751000 4.02500000
v -9.15932500 -14.61743000 4.02500000
v -8.76877500 -14.85500000 4.02500000
v -6.23460600 16.08391000 4.02500000
v -6.44717400 15.99989000 4.02500000
v -6.65861000 15.91306000 4.02500000
v -9.84138700 -15.20667000 4.02500000
v -10.60203000 -15.69158000 4.02500000
v -7.23569600 16.60543000 4.02500000
v -7.90729400 17.20766000 4.02500000
v -10.83369000 -15.53255000 4.02500000
v -10.94862000 -15.45175000 4.02500000
v -10.71815000 -15.61250000 4.02500000
v -8.03473900 17.14852000 4.02500000
v -8.16174200 17.08844000 4.02500000
v -8.28829500 17.02742000 4.02500000
v -10.76288000 -14.56901000 4.02500000
v -10.45181000 -13.72305000 4.02500000
v -8.24866800 16.12623000 4.02500000
v -8.07940300 15.24092000 4.02500000
v -10.81177000 -13.44128000 4.02500000
v -10.98892000 -13.29684000 4.02500000
v -10.63272000 -13.58336000 4.02500000
v -8.28063900 15.13253000 4.02500000
v -8.48042200 15.02148000 4.02500000
v -8.67871500 14.90780000 4.02500000
v -11.74206000 -13.79201000 4.02500000
v -12.55949000 -14.17350000 4.02500000
v -9.34123700 15.51892000 4.02500000
v -10.08570000 16.02834000 4.02500000
v -12.76841000 -13.98559000 4.02500000
v -12.87182000 -13.89047000 4.02500000
v -12.66430000 -14.07993000 4.02500000
v -10.20433000 15.95307000 4.02500000
v -10.32241000 15.87693000 4.02500000
v -10.43991000 15.79991000 4.02500000
v -12.57244000 -13.03953000 4.02500000
v -12.15361000 -12.24142000 4.02500000
v -10.28299000 14.91160000 4.02500000
v -9.99962200 14.05596000 4.02500000
v -12.47372000 -11.91507000 4.02500000
v -12.63050000 -11.74875000 4.02500000
v -12.31474000 -12.07930000 4.02500000
v -10.18499000 13.92223000 4.02500000
v -10.36857000 13.78605000 4.02500000
v -10.55033000 13.64746000 4.02500000
v -13.44182000 -12.14138000 4.02500000
v -14.30206000 -12.41290000 4.02500000
v -11.28695000 14.16688000 4.02500000
v -12.09153000 14.57477000 4.02500000
v -14.48466000 -12.19933000 4.02500000
v -14.57477000 -12.09153000 4.02500000
v -14.39375000 -12.30645000 4.02500000
v -12.19933000 14.48466000 4.02500000
v -12.30645000 14.39375000 4.02500000
v -12.41290000 14.30206000 4.02500000
v -14.16688000 -11.28695000 4.02500000
v -13.64746000 -10.55033000 4.02500000
v -12.14138000 13.44182000 4.02500000
v -11.74875000 12.63050000 4.02500000
v -13.92223000 -10.18499000 4.02500000
v -14.05596000 -9.99962200 4.02500000
v -13.78605000 -10.36857000 4.02500000
v -11.91507000 12.47372000 4.02500000
v -12.07930000 12.31474000 4.02500000
v -12.24142000 12.15361000 4.02500000
v -14.91160000 -10.28299000 4.02500000
v -15.79991000 -10.43991000 4.02500000
v -13.03953000 12.57244000 4.02500000
v -13.89047000 12.87182000 4.02500000
v -15.95307000 -10.20433000 4.02500000
v -16.02834000 -10.08570000 4.02500000
v -15.87693000 -10.32241000 4.02500000
v -13.98559000 12.76841000 4.02500000
v -14.07993000 12.66430000 4.02500000
v -14.17350000 12.55949000 4.02500000
v -15.51892000 -9.34123700 4.02500000
v -14.90780000 -8.67871500 4.02500000
v -13.79201000 11.74206000 4.02500000
v -13.29684000 10.98892000 4.02500000
v -15.13253000 -8.28063900 4.02500000
v -15.24092000 -8.07940300 4.02500000
v -15.02148000 -8.48042200 4.02500000
v -13.44128000 10.81177000 4.02500000
v -13.58336000 10.63272000 4.02500000
v -13.72305000 10.45181000 4.02500000
v -16.12623000 -8.24866800 4.02500000
v -17.02742000 -8.28829500 4.02500000
v -14.56901000 10.76288000 4.02500000
v -15.45175000 10.94862000 4.02500000
v -17.14852000 -8.03473900 4.02500000
v -17.20766000 -7.90729400 4.02500000
v -17.08844000 -8.16174200 4.02500000
v -15.53255000 10.83369000 4.02500000
v -15.61250000 10.71815000 4.02500000
v -15.69158000 10.60203000 4.02500000
v -16.60543000 -7.23569600 4.02500000
v -15.91306000 -6.65861000 4.02500000
v -15.20667000 9.84138700 4.02500000
v -14.61743000 9.15932500 4.02500000
v -16.08391000 -6.23460600 4.02500000
v -16.16511000 -6.02094300 4.02500000
v -15.99989000 -6.44717400 4.02500000
v -14.73751000 8.96483700 4.02500000
v -14.85500000 8.76877500 4.02500000
v -14.96989000 8.57117300 4.02500000
v -17.06493000 -6.07320500 4.02500000
v -17.96359000 -5.99486300 4.02500000
v -15.84921000 8.76916200 4.02500000
v -16.74864000 8.83810000 4.02500000
v -18.05056000 -5.72766900 4.02500000
v -18.09256000 -5.59359500 4.02500000
v -18.00757000 -5.86142700 4.02500000
v -16.81375000 8.71360000 4.02500000
v -16.87793000 8.58862000 4.02500000
v -16.94118000 8.46316700 4.02500000
v -17.40782000 -5.00635000 4.02500000
v -16.64604000 -4.52457400 4.02500000
v -16.36113000 7.77232400 4.02500000
v -15.68791000 7.17300900 4.02500000
v -16.76009000 -4.08189600 4.02500000
v -16.81270000 -3.85946300 4.02500000
v -16.70453000 -4.30361300 4.02500000
v -15.78157000 6.96451100 4.02500000
v -15.87247000 6.75479000 4.02500000
v -15.96058000 6.54388300 4.02500000
v -17.71165000 -3.79382700 4.02500000
v -18.59239000 -3.59885800 4.02500000
v -16.85822000 6.62540400 4.02500000
v -17.75896000 6.57635300 4.02500000
v -18.64375000 -3.32259700 4.02500000
v -18.66788000 -3.18418900 4.02500000
v -18.61858000 -3.46082300 4.02500000
v -17.80726000 6.44441900 4.02500000
v -17.85458000 6.31213100 4.02500000
v -17.90091000 6.17949500 4.02500000
v -17.91235000 -2.69134300 4.02500000
v -17.09421000 -2.31312100 4.02500000
v -17.23565000 5.57027400 4.02500000
v -16.48996000 5.06396000 4.02500000
v -17.14950000 -1.85934400 4.02500000
v -17.17263000 -1.63194600 4.02500000
v -17.12336000 -2.08641600 4.02500000
v -16.55561000 4.84501900 4.02500000
v -16.61836000 4.62522900 4.02500000
v -16.67818000 4.40462500 4.02500000
v -18.05532000 -1.44953600 4.02500000
v -18.90308000 -1.14127400 4.02500000
v -17.57879000 4.36828300 4.02500000
v -18.46541000 4.20208200 4.02500000
v -18.91793000 -0.86067480 4.02500000
v -18.92380000 -0.72030010 4.02500000
v -18.91103000 -1.00100200 4.02500000
v -18.49608000 4.06497300 4.02500000
v -18.52573000 3.92764000 4.02500000
v -18.55436000 3.79009100 4.02500000
v -18.11040000 -0.33028770 4.02500000
v -17.24989000 -0.06208980 4.02500000
v -17.81527000 3.27291600 4.02500000
v -17.00987000 2.86826500 4.02500000
v -17.24548000 0.39502180 4.02500000
v -17.23873000 0.62349360 4.02500000
v -17.24920000 0.16648060 4.02500000
v -17.04638000 2.64262900 4.02500000
v -17.07990000 2.41652800 4.02500000
v -17.11042000 2.19000400 4.02500000
v -18.09005000 0.91955670 4.02500000
v -18.89033000 1.33583600 4.02500000
v -17.99857000 2.03641900 4.02500000
v -18.85592000 1.75591300 4.02500000
v -18.86843000 1.61597400 4.02500000
v -18.87990000 1.47594600 4.02500000
v 18.80583000 -2.22923400 2.87500000
v 18.78878000 -2.36869200 2.87500000
v 18.82186000 -2.08965300 2.87500000
v 18.83684000 -1.94995700 2.87500000
v 17.92276000 -2.62114500 2.87500000
v 17.03007000 -2.74574100 2.87500000
v 18.05054000 -1.50785100 2.87500000
v 17.20930000 -1.18423700 2.87500000
v 16.95134000 -3.19604200 2.87500000
v 16.90750000 -3.42037000 2.87500000
v 16.99220000 -2.97115200 2.87500000
v 17.22348000 -0.95610560 2.87500000
v 17.23464000 -0.72780660 2.87500000
v 17.24277000 -0.49937980 2.87500000
v 17.69930000 -3.85102000 2.87500000
v 18.42117000 -4.39197600 2.87500000
v 18.11155000 -0.25933130 2.87500000
v 18.93721000 0.10400070 2.87500000
v 18.35397000 -4.66481600 2.87500000
v 18.31886000 -4.80085500 2.87500000
v 18.38808000 -4.52852100 2.87500000
v 18.93592000 0.24449190 2.87500000
v 18.93359000 0.38496960 2.87500000
v 18.93021000 0.52542620 2.87500000
v 17.42730000 -4.93811000 2.87500000
v 16.52599000 -4.94512100 2.87500000
v 18.09293000 0.86111700 2.87500000
v 17.21665000 1.07215900 2.87500000
v 16.38915000 -5.38129200 2.87500000
v 16.31641000 -5.59798000 2.87500000
v 16.45901000 -5.16366000 2.87500000
v 17.20093000 1.30019000 2.87500000
v 17.18219000 1.52799200 2.87500000
v 17.16044000 1.75552600 2.87500000
v 17.04522000 -6.12829600 2.87500000
v 17.69031000 -6.75884700 2.87500000
v 17.99046000 2.10692000 2.87500000
v 18.76163000 2.57491300 2.87500000
v 17.58807000 -7.02058200 2.87500000
v 17.53550000 -7.15087400 2.87500000
v 17.63967000 -6.88990400 2.87500000
v 18.74201000 2.71403400 2.87500000
v 18.72136000 2.85300500 2.87500000
v 18.69968000 2.99181900 2.87500000
v 16.63365000 -7.17058300 2.87500000
v 15.73914000 -7.05988900 2.87500000
v 17.82574000 3.21535100 2.87500000
v 16.92941000 3.31021000 2.87500000
v 15.54654000 -7.47446800 2.87500000
v 15.44613000 -7.67980700 2.87500000
v 15.64421000 -7.26781700 2.87500000
v 16.88407000 3.53423800 2.87500000
v 16.83575000 3.75764600 2.87500000
v 16.78449000 3.98039300 2.87500000
v 16.09950000 -8.30071600 2.87500000
v 16.65676000 -9.01007200 2.87500000
v 17.56154000 4.43712000 2.87500000
v 18.26503000 5.00176900 2.87500000
v 16.52124000 -9.25622500 2.87500000
v 16.45211000 -9.37854000 2.87500000
v 16.58945000 -9.13340000 2.87500000
v 18.22742000 5.13713800 2.87500000
v 18.18880000 5.27222500 2.87500000
v 18.14919000 5.40702100 2.87500000
v 15.55540000 -9.28036500 2.87500000
v 14.68299000 -9.05386100 2.87500000
v 17.25356000 5.51457000 2.87500000
v 16.35251000 5.49162300 2.87500000
v 14.43792000 -9.43975300 2.87500000
v 14.31157000 -9.63023000 2.87500000
v 14.56173000 -9.24761900 2.87500000
v 16.27831000 5.70781500 2.87500000
v 16.20125000 5.92300500 2.87500000
v 16.12135000 6.13715600 2.87500000
v 14.87830000 -10.33111000 2.87500000
v 15.33820000 -11.10713000 2.87500000
v 16.83214000 6.69140100 2.87500000
v 17.45591000 7.34304200 2.87500000
v 15.17171000 -11.33349000 2.87500000
v 15.08721000 -11.44574000 2.87500000
v 15.25538000 -11.22062000 2.87500000
v 17.40095000 7.47234500 2.87500000
v 17.34503000 7.60123500 2.87500000
v 17.28816000 7.72970800 2.87500000
v 14.21099000 -11.23136000 2.87500000
v 13.37561000 -10.89292000 2.87500000
v 16.38615000 7.71943300 2.87500000
v 15.49581000 7.57907200 2.87500000
v 13.08227000 -11.24352000 2.87500000
v 12.93214000 -11.41588000 2.87500000
v 13.23010000 -11.06919000 2.87500000
v 15.39403000 7.78373000 2.87500000
v 15.28954000 7.98702100 2.87500000
v 15.18237000 8.18890900 2.87500000
v 13.40254000 -12.18473000 2.87500000
v 13.75721000 -13.01415000 2.87500000
v 15.81473000 8.83119000 2.87500000
v 16.34811000 9.55867400 2.87500000
v 13.56260000 -13.21684000 2.87500000
v 13.46417000 -13.31709000 2.87500000
v 13.66028000 -13.11585000 2.87500000
v 16.27674000 9.67969700 2.87500000
v 16.20448000 9.80018700 2.87500000
v 16.13133000 9.92013700 2.87500000
v 12.62343000 -12.99018000 2.87500000
v 11.83936000 -12.54559000 2.87500000
v 15.23838000 9.79221400 2.87500000
v 14.37398000 9.53684100 2.87500000
v 11.50277000 -12.85491000 2.87500000
v 11.33143000 -13.00620000 2.87500000
v 11.67209000 -12.70137000 2.87500000
v 14.24635000 9.72646200 2.87500000
v 14.11622000 9.91437600 2.87500000
v 13.98361000 10.10055000 2.87500000
v 11.69745000 -13.82987000 2.87500000
v 11.94083000 -14.69849000 2.87500000
v 14.52673000 10.81987000 2.87500000
v 14.96059000 11.61076000 2.87500000
v 11.72143000 -14.87404000 2.87500000
v 11.61076000 -14.96059000 2.87500000
v 11.83145000 -14.78667000 2.87500000
v 14.87404000 11.72143000 2.87500000
v 14.78667000 11.83145000 2.87500000
v 14.69849000 11.94083000 2.87500000
v 10.81987000 -14.52673000 2.87500000
v 10.10055000 -13.98361000 2.87500000
v 13.82987000 11.69745000 2.87500000
v 13.00620000 11.33143000 2.87500000
v 9.72646200 -14.24635000 2.87500000
v 9.53684100 -14.37398000 2.87500000
v 9.91437600 -14.11622000 2.87500000
v 12.85491000 11.50277000 2.87500000
v 12.70137000 11.67209000 2.87500000
v 12.54559000 11.83936000 2.87500000
v 9.79221400 -15.23838000 2.87500000
v 9.92013700 -16.13133000 2.87500000
v 12.99018000 12.62343000 2.87500000
v 13.31709000 13.46417000 2.87500000
v 9.67969700 -16.27674000 2.87500000
v 9.55867400 -16.34811000 2.87500000
v 9.80018700 -16.20448000 2.87500000
v 13.21684000 13.56260000 2.87500000
v 13.11585000 13.66028000 2.87500000
v 13.01415000 13.75721000 2.87500000
v 8.83119000 -15.81473000 2.87500000
v 8.18890900 -15.18237000 2.87500000
v 12.18473000 13.40254000 2.87500000
v 11.41588000 12.93214000 2.87500000
v 7.78373000 -15.39403000 2.87500000
v 7.57907200 -15.49581000 2.87500000
v 7.98702100 -15.28954000 2.87500000
v 11.24352000 13.08227000 2.87500000
v 11.06919000 13.23010000 2.87500000
v 10.89292000 13.37561000 2.87500000
v 7.71943300 -16.38615000 2.87500000
v 7.72970800 -17.28816000 2.87500000
v 11.23136000 14.21099000 2.87500000
v 11.44574000 15.08721000 2.87500000
v 7.47234500 -17.40095000 2.87500000
v 7.34304200 -17.45591000 2.87500000
v 7.60123500 -17.34503000 2.87500000
v 11.33349000 15.17171000 2.87500000
v 11.22062000 15.25538000 2.87500000
v 11.10713000 15.33820000 2.87500000
v 6.69140100 -16.83214000 2.87500000
v 6.13715600 -16.12135000 2.87500000
v 10.33111000 14.87830000 2.87500000
v 9.63023000 14.31157000 2.87500000
v 5.70781500 -16.27831000 2.87500000
v 5.49162300 -16.35251000 2.87500000
v 5.92300500 -16.20125000 2.87500000
v 9.43975300 14.43792000 2.87500000
v 9.24761900 14.56173000 2.87500000
v 9.05386100 14.68299000 2.87500000
v 5.51457000 -17.25356000 2.87500000
v 5.40702100 -18.14919000 2.87500000
v 9.28036500 15.55540000 2.87500000
v 9.37854000 16.45211000 2.87500000
v 5.13713800 -18.22742000 2.87500000
v 5.00176900 -18.26503000 2.87500000
v 5.27222500 -18.18880000 2.87500000
v 9.25622500 16.52124000 2.87500000
v 9.13340000 16.58945000 2.87500000
v 9.01007200 16.65676000 2.87500000
v 4.43712000 -17.56154000 2.87500000
v 3.98039300 -16.78449000 2.87500000
v 8.30071600 16.09950000 2.87500000
v 7.67980700 15.44613000 2.87500000
v 3.53423800 -16.88407000 2.87500000
v 3.31021000 -16.92941000 2.87500000
v 3.75764600 -16.83575000 2.87500000
v 7.47446800 15.54654000 2.87500000
v 7.26781700 15.64421000 2.87500000
v 7.05988900 15.73914000 2.87500000
v 3.21535100 -17.82574000 2.87500000
v 2.99181900 -18.69968000 2.87500000
v 7.17058300 16.63365000 2.87500000
v 7.15087400 17.53550000 2.87500000
v 2.71403400 -18.74201000 2.87500000
v 2.57491300 -18.76163000 2.87500000
v 2.85300500 -18.72136000 2.87500000
v 7.02058200 17.58807000 2.87500000
v 6.88990400 17.63967000 2.87500000
v 6.75884700 17.69031000 2.87500000
v 2.10692000 -17.99046000 2.87500000
v 1.75552600 -17.16044000 2.87500000
v 6.12829600 17.04522000 2.87500000
v 5.59798000 16.31641000 2.87500000
v 1.30019000 -17.20093000 2.87500000
v 1.07215900 -17.21665000 2.87500000
v 1.52799200 -17.18219000 2.87500000
v 5.38129200 16.38915000 2.87500000
v 5.16366000 16.45901000 2.87500000
v 4.94512100 16.52599000 2.87500000
v 0.86111700 -18.09293000 2.87500000
v 0.52542620 -18.93021000 2.87500000
v 4.93811000 17.42730000 2.87500000
v 4.80085500 18.31886000 2.87500000
v 0.24449190 -18.93592000 2.87500000
v 0.10400070 -18.93721000 2.87500000
v 0.38496960 -18.93359000 2.87500000
v 4.66481600 18.35397000 2.87500000
v 4.52852100 18.38808000 2.87500000
v 4.39197600 18.42117000 2.87500000
v -0.25933130 -18.11155000 2.87500000
v -0.49937980 -17.24277000 2.87500000
v 3.85102000 17.69930000 2.87500000
v 3.42037000 16.90750000 2.87500000
v -0.95610560 -17.22348000 2.87500000
v -1.18423700 -17.20930000 2.87500000
v -0.72780660 -17.23464000 2.87500000
v 3.19604200 16.95134000 2.87500000
v 2.97115200 16.99220000 2.87500000
v 2.74574100 17.03007000 2.87500000
v -1.50785100 -18.05054000 2.87500000
v -1.94995700 -18.83684000 2.87500000
v 2.62114500 17.92276000 2.87500000
v 2.36869200 18.78878000 2.87500000
v -2.22923400 -18.80583000 2.87500000
v -2.36869200 -18.78878000 2.87500000
v -2.08965300 -18.82186000 2.87500000
v 2.22923400 18.80583000 2.87500000
v 2.08965300 18.82186000 2.87500000
v 1.94995700 18.83684000 2.87500000
v -2.62114500 -17.92276000 2.87500000
v -2.74574100 -17.03007000 2.87500000
v 1.50785100 18.05054000 2.87500000
v 1.18423700 17.20930000 2.87500000
v -3.19604200 -16.95134000 2.87500000
v -3.42037000 -16.90750000 2.87500000
v -2.97115200 -16.99220000 2.87500000
v 0.95610560 17.22348000 2.87500000
v 0.72780660 17.23464000 2.87500000
v 0.49937980 17.24277000 2.87500000
v -3.85102000 -17.69930000 2.87500000
v -4.39197600 -18.42117000 2.87500000
v 0.25933130 18.11155000 2.87500000
v -0.10400070 18.93721000 2.87500000
v -4.66481600 -18.35397000 2.87500000
v -4.80085500 -18.31886000 2.87500000
v -4.52852100 -18.38808000 2.87500000
v -0.24449190 18.93592000 2.87500000
v -0.38496960 18.93359000 2.87500000
v -0.52542620 18.93021000 2.87500000
v -4.93811000 -17.42730000 2.87500000
v -4.94512100 -16.52599000 2.87500000
v -0.86111700 18.09293000 2.87500000
v -1.07215900 17.21665000 2.87500000
v -5.38129200 -16.38915000 2.87500000
v -5.59798000 -16.31641000 2.87500000
v -5.16366000 -16.45901000 2.87500000
v -1.30019000 17.20093000 2.87500000
v -1.52799200 17.18219000 2.87500000
v -1.75552600 17.16044000 2.87500000
v -6.12829600 -17.04522000 2.87500000
v -6.75884700 -17.69031000 2.87500000
v -2.10692000 17.99046000 2.87500000
v -2.57491300 18.76163000 2.87500000
v -7.02058200 -17.58807000 2.87500000
v -7.15087400 -17.53550000 2.87500000
v -6.88990400 -17.63967000 2.87500000
v -2.71403400 18.74201000 2.87500000
v -2.85300500 18.72136000 2.87500000
v -2.99181900 18.69968000 2.87500000
v -7.17058300 -16.63365000 2.87500000
v -7.05988900 -15.73914000 2.87500000
v -3.21535100 17.82574000 2.87500000
v -3.31021000 16.92941000 2.87500000
v -7.47446800 -15.54654000 2.87500000
v -7.67980700 -15.44613000 2.87500000
v -7.26781700 -15.64421000 2.87500000
v -3.53423800 16.88407000 2.87500000
v -3.75764600 16.83575000 2.87500000
v -3.98039300 16.78449000 2.87500000
v -8.30071600 -16.09950000 2.87500000
v -9.01007200 -16.65676000 2.87500000
v -4.43712000 17.56154000 2.87500000
v -5.00176900 18.26503000 2.87500000
v -9.25622500 -16.52124000 2.87500000
v -9.37854000 -16.45211000 2.87500000
v -9.13340000 -16.58945000 2.87500000
v -5.13713800 18.22742000 2.87500000
v -5.27222500 18.18880000 2.87500000
v -5.40702100 18.14919000 2.87500000
v -9.28036500 -15.55540000 2.87500000
v -9.05386100 -14.68299000 2.87500000
v -5.51457000 17.25356000 2.87500000
v -5.49162300 16.35251000 2.87500000
v -9.43975300 -14.43792000 2.87500000
v -9.63023000 -14.31157000 2.87500000
v -9.24761900 -14.56173000 2.87500000
v -5.70781500 16.27831000 2.87500000
v -5.92300500 16.20125000 2.87500000
v -6.13715600 16.12135000 2.87500000
v -10.33111000 -14.87830000 2.87500000
v -11.10713000 -15.33820000 2.87500000
v -6.69140100 16.83214000 2.87500000
v -7.34304200 17.45591000 2.87500000
v -11.33349000 -15.17171000 2.87500000
v -11.44574000 -15.08721000 2.87500000
v -11.22062000 -15.25538000 2.87500000
v -7.47234500 17.40095000 2.87500000
v -7.60123500 17.34503000 2.87500000
v -7.72970800 17.28816000 2.87500000
v -11.23136000 -14.21099000 2.87500000
v -10.89292000 -13.37561000 2.87500000
v -7.71943300 16.38615000 2.87500000
v -7.57907200 15.49581000 2.87500000
v -11.24352000 -13.08227000 2.87500000
v -11.41588000 -12.93214000 2.87500000
v -11.06919000 -13.23010000 2.87500000
v -7.78373000 15.39403000 2.87500000
v -7.98702100 15.28954000 2.87500000
v -8.18890900 15.18237000 2.87500000
v -12.18473000 -13.40254000 2.87500000
v -13.01415000 -13.75721000 2.87500000
v -8.83119000 15.81473000 2.87500000
v -9.55867400 16.34811000 2.87500000
v -13.21684000 -13.56260000 2.87500000
v -13.31709000 -13.46417000 2.87500000
v -13.11585000 -13.66028000 2.87500000
v -9.67969700 16.27674000 2.87500000
v -9.80018700 16.20448000 2.87500000
v -9.92013700 16.13133000 2.87500000
v -12.99018000 -12.62343000 2.87500000
v -12.54559000 -11.83936000 2.87500000
v -9.79221400 15.23838000 2.87500000
v -9.53684100 14.37398000 2.87500000
v -12.85491000 -11.50277000 2.87500000
v -13.00620000 -11.33143000 2.87500000
v -12.70137000 -11.67209000 2.87500000
v -9.72646200 14.24635000 2.87500000
v -9.91437600 14.11622000 2.87500000
v -10.10055000 13.98361000 2.87500000
v -13.82987000 -11.69745000 2.87500000
v -14.69849000 -11.94083000 2.87500000
v -10.81987000 14.52673000 2.87500000
v -11.61076000 14.96059000 2.87500000
v -14.87404000 -11.72143000 2.87500000
v -14.96059000 -11.61076000 2.87500000
v -14.78667000 -11.83145000 2.87500000
v -11.72143000 14.87404000 2.87500000
v -11.83145000 14.78667000 2.87500000
v -11.94083000 14.69849000 2.87500000
v -14.52673000 -10.81987000 2.87500000
v -13.98361000 -10.10055000 2.87500000
v -11.69745000 13.82987000 2.87500000
v -11.33143000 13.00620000 2.87500000
v -14.24635000 -9.72646200 2.87500000
v -14.37398000 -9.53684100 2.87500000
v -14.11622000 -9.91437600 2.87500000
v -11.50277000 12.85491000 2.87500000
v -11.67209000 12.70137000 2.87500000
v -11.83936000 12.54559000 2.87500000
v -15.23838000 -9.79221400 2.87500000
v -16.13133000 -9.92013700 2.87500000
v -12.62343000 12.99018000 2.87500000
v -13.46417000 13.31709000 2.87500000
v -16.27674000 -9.67969700 2.87500000
v -16.34811000 -9.55867400 2.87500000
v -16.20448000 -9.80018700 2.87500000
v -13.56260000 13.21684000 2.87500000
v -13.66028000 13.11585000 2.87500000
v -13.75721000 13.01415000 2.87500000
v -15.81473000 -8.83119000 2.87500000
v -15.18237000 -8.18890900 2.87500000
v -13.40254000 12.18473000 2.87500000
v -12.93214000 11.41588000 2.87500000
v -15.39403000 -7.78373000 2.87500000
v -15.49581000 -7.57907200 2.87500000
v -15.28954000 -7.98702100 2.87500000
v -13.08227000 11.24352000 2.87500000
v -13.23010000 11.06919000 2.87500000
v -13.37561000 10.89292000 2.87500000
v -16.38615000 -7.71943300 2.87500000
v -17.28816000 -7.72970800 2.87500000
v -14.21099000 11.23136000 2.87500000
v -15.08721000 11.44574000 2.87500000
v -17.40095000 -7.47234500 2.87500000
v -17.45591000 -7.34304200 2.87500000
v -17.34503000 -7.60123500 2.87500000
v -15.17171000 11.33349000 2.87500000
v -15.25538000 11.22062000 2.87500000
v -15.33820000 11.10713000 2.87500000
v -16.83214000 -6.69140100 2.87500000
v -16.12135000 -6.13715600 2.87500000
v -14.87830000 10.33111000 2.87500000
v -14.31157000 9.63023000 2.87500000
v -16.27831000 -5.70781500 2.87500000
v -16.35251000 -5.49162300 2.87500000
v -16.20125000 -5.92300500 2.87500000
v -14.43792000 9.43975300 2.87500000
v -14.56173000 9.24761900 2.87500000
v -14.68299000 9.05386100 2.87500000
v -17.25356000 -5.51457000 2.87500000
v -18.14919000 -5.40702100 2.87500000
v -15.55540000 9.28036500 2.87500000
v -16.45211000 9.37854000 2.87500000
v -18.22742000 -5.13713800 2.87500000
v -18.26503000 -5.00176900 2.87500000
v -18.18880000 -5.27222500 2.87500000
v -16.52124000 9.25622500 2.87500000
v -16.58945000 9.13340000 2.87500000
v -16.65676000 9.01007200 2.87500000
v -17.56154000 -4.43712000 2.87500000
v -16.78449000 -3.98039300 2.87500000
v -16.09950000 8.30071600 2.87500000
v -15.44613000 7.67980700 2.87500000
v -16.88407000 -3.53423800 2.87500000
v -16.92941000 -3.31021000 2.87500000
v -16.83575000 -3.75764600 2.87500000
v -15.54654000 7.47446800 2.87500000
v -15.64421000 7.26781700 2.87500000
v -15.73914000 7.05988900 2.87500000
v -17.82574000 -3.21535100 2.87500000
v -18.69968000 -2.99181900 2.87500000
v -16.63365000 7.17058300 2.87500000
v -17.53550000 7.15087400 2.87500000
v -18.74201000 -2.71403400 2.87500000
v -18.76163000 -2.57491300 2.87500000
v -18.72136000 -2.85300500 2.87500000
v -17.58807000 7.02058200 2.87500000
v -17.63967000 6.88990400 2.87500000
v -17.69031000 6.75884700 2.87500000
v -17.99046000 -2.10692000 2.87500000
v -17.16044000 -1.75552600 2.87500000
v -17.04522000 6.12829600 2.87500000
v -16.31641000 5.59798000 2.87500000
v -17.20093000 -1.30019000 2.87500000
v -17.21665000 -1.07215900 2.87500000
v -17.18219000 -1.52799200 2.87500000
v -16.38915000 5.38129200 2.87500000
v -16.45901000 5.16366000 2.87500000
v -16.52599000 4.94512100 2.87500000
v -18.09293000 -0.86111700 2.87500000
v -18.93021000 -0.52542620 2.87500000
v -17.42730000 4.93811000 2.87500000
v -18.31886000 4.80085500 2.87500000
v -18.93592000 -0.24449190 2.87500000
v -18.93721000 -0.10400070 2.87500000
v -18.93359000 -0.38496960 2.87500000
v -18.35397000 4.66481600 2.87500000
v -18.38808000 4.52852100 2.87500000
v -18.42117000 4.39197600 2.87500000
v -18.11155000 0.25933130 2.87500000
v -17.24277000 0.49937980 2.87500000
v -17.69930000 3.85102000 2.87500000
v -16.90750000 3.42037000 2.87500000
v -17.22348000 0.95610560 2.87500000
v -17.20930000 1.18423700 2.87500000
v -17.23464000 0.72780660 2.87500000
v -16.95134000 3.19604200 2.87500000
v -16.99220000 2.97115200 2.87500000
v -17.03007000 2.74574100 2.87500000
v -18.05054000 1.50785100 2.87500000
v -18.83684000 1.94995700 2.87500000
v -17.92276000 2.62114500 2.87500000
v -18.78878000 2.36869200 2.87500000
v -18.80583000 2.22923400 2.87500000
v -18.82186000 2.08965300 2.87500000
v 18.83963000 -1.92285800 3.45000000
v 18.82484000 -2.06257600 3.45000000
v 18.85337000 -1.78303500 3.45000000
v 18.86608000 -1.64311400 3.45000000
v 17.96305000 -2.32909100 3.45000000
v 17.07251000 -2.46819900 3.45000000
v 18.07269000 -1.21386500 3.45000000
v 17.22630000 -0.90398490 3.45000000
v 17.00111000 -2.91972200 3.45000000
v 16.96093000 -3.14473400 3.45000000
v 17.03830000 -2.69419700 3.45000000
v 17.23676000 -0.67565320 3.45000000
v 17.24420000 -0.44720280 3.45000000
v 17.24861000 -0.21867400 3.45000000
v 17.75964000 -3.56244000 3.45000000
v 18.49021000 -4.09157500 3.45000000
v 18.11338000 0.03548288 3.45000000
v 18.93301000 0.41220500 3.45000000
v 18.42747000 -4.36547300 3.45000000
v 18.39457000 -4.50206500 3.45000000
v 18.45935000 -4.22864000 3.45000000
v 18.92943000 0.55265660 3.45000000
v 18.92481000 0.69307770 3.45000000
v 18.91915000 0.83346060 3.45000000
v 17.50536000 -4.65381300 3.45000000
v 16.60428000 -4.67549300 3.45000000
v 18.07652000 1.15548000 3.45000000
v 17.19692000 1.35223200 3.45000000
v 16.47456000 -5.11383300 3.45000000
v 16.40536000 -5.33167600 3.45000000
v 16.54088000 -4.89509300 3.45000000
v 17.17749000 1.57997600 3.45000000
v 17.15505000 1.80744300 3.45000000
v 17.12959000 2.03459300 3.45000000
v 17.14271000 -5.85006000 3.45000000
v 17.79797000 -6.47002800 3.45000000
v 17.95378000 2.39944900 3.45000000
v 18.71724000 2.87993300 3.45000000
v 17.70001000 -6.73339300 3.45000000
v 17.64957000 -6.86452300 3.45000000
v 17.74948000 -6.60189200 3.45000000
v 18.69535000 3.01871500 3.45000000
v 18.67244000 3.15733200 3.45000000
v 18.64851000 3.29577500 3.45000000
v 16.74816000 -6.89890700 3.45000000
v 15.85196000 -6.80278700 3.45000000
v 17.77105000 3.50505400 3.45000000
v 16.87329000 3.58531100 3.45000000
v 15.66613000 -7.22044600 3.45000000
v 15.56908000 -7.42739200 3.45000000
v 15.76043000 -7.01223200 3.45000000
v 16.82431000 3.80857200 3.45000000
v 16.77236000 4.03116300 3.45000000
v 16.71748000 4.25304700 3.45000000
v 16.23246000 -8.03758500 3.45000000
v 16.80120000 -8.73777700 3.45000000
v 17.48699000 4.72236100 3.45000000
v 18.18120000 5.29838400 3.45000000
v 16.66970000 -8.98610200 3.45000000
v 16.60257000 -9.10952700 3.45000000
v 16.73591000 -8.86218400 3.45000000
v 18.14139000 5.43312300 3.45000000
v 18.10058000 5.56756400 3.45000000
v 18.05878000 5.70169800 3.45000000
v 15.70439000 -9.02595900 3.45000000
v 14.82840000 -8.81368400 3.45000000
v 17.16152000 5.79465500 3.45000000
v 16.26096000 5.75704500 3.45000000
v 14.58965000 -9.20351400 3.45000000
v 14.46642000 -9.39602200 3.45000000
v 14.71032000 -9.00939000 3.45000000
v 16.18325000 5.97200100 3.45000000
v 16.10270000 6.18590900 3.45000000
v 16.01932000 6.39873000 3.45000000
v 15.04448000 -10.08758000 3.45000000
v 15.51695000 -10.85602000 3.45000000
v 16.72100000 6.96447100 3.45000000
v 17.33408000 7.62617800 3.45000000
v 15.35417000 -11.08506000 3.45000000
v 15.27150000 -11.19866000 3.45000000
v 15.43598000 -10.97084000 3.45000000
v 17.27702000 7.75456900 3.45000000
v 17.21902000 7.88253300 3.45000000
v 17.16006000 8.01006300 3.45000000
v 14.39191000 -10.99857000 3.45000000
v 13.55113000 -10.67378000 3.45000000
v 16.25834000 7.98510800 3.45000000
v 15.37040000 7.83027500 3.45000000
v 13.26353000 -11.02911000 3.45000000
v 13.11623000 -11.20388000 3.45000000
v 13.40851000 -10.85240000 3.45000000
v 15.26530000 8.03324900 3.45000000
v 15.15752000 8.23481200 3.45000000
v 15.04707000 8.43493000 3.45000000
v 13.59908000 -11.96498000 3.45000000
v 13.96721000 -12.78851000 3.45000000
v 15.66890000 9.08741700 3.45000000
v 16.19037000 9.82348700 3.45000000
v 13.77592000 -12.99434000 3.45000000
v 13.67914000 -13.09619000 3.45000000
v 13.87194000 -12.89178000 3.45000000
v 16.11704000 9.94333200 3.45000000
v 16.04283000 10.06263000 3.45000000
v 15.96773000 10.18137000 3.45000000
v 12.83318000 -12.78300000 3.45000000
v 12.04199000 -12.35124000 3.45000000
v 15.07698000 10.03893000 3.45000000
v 14.21685000 9.76952600 3.45000000
v 11.71047000 -12.66599000 3.45000000
v 11.54162000 -12.82005000 3.45000000
v 11.87727000 -12.50971000 3.45000000
v 14.08615000 9.95704500 3.45000000
v 13.95299000 10.14282000 3.45000000
v 13.81737000 10.32681000 3.45000000
v 11.92099000 -13.63765000 3.45000000
v 12.17848000 -14.50219000 3.45000000
v 14.34871000 11.05488000 3.45000000
v 14.76963000 11.85271000 3.45000000
v 11.96196000 -14.68129000 3.45000000
v 11.85271000 -14.76963000 3.45000000
v 12.07055000 -14.59214000 3.45000000
v 14.68129000 11.96196000 3.45000000
v 14.59214000 12.07055000 3.45000000
v 14.50219000 12.17848000 3.45000000
v 11.05488000 -14.34871000 3.45000000
v 10.32681000 -13.81737000 3.45000000
v 13.63765000 11.92099000 3.45000000
v 12.82005000 11.54162000 3.45000000
v 9.95704500 -14.08615000 3.45000000
v 9.76952600 -14.21685000 3.45000000
v 10.14282000 -13.95299000 3.45000000
v 12.66599000 11.71047000 3.45000000
v 12.50971000 11.87727000 3.45000000
v 12.35124000 12.04199000 3.45000000
v 10.03893000 -15.07698000 3.45000000
v 10.18137000 -15.96773000 3.45000000
v 12.78300000 12.83318000 3.45000000
v 13.09619000 13.67914000 3.45000000
v 9.94333200 -16.11704000 3.45000000
v 9.82348700 -16.19037000 3.45000000
v 10.06263000 -16.04283000 3.45000000
v 12.99434000 13.77592000 3.45000000
v 12.89178000 13.87194000 3.45000000
v 12.78851000 13.96721000 3.45000000
v 9.08741700 -15.66890000 3.45000000
v 8.43493000 -15.04707000 3.45000000
v 11.96498000 13.59908000 3.45000000
v 11.20388000 13.11623000 3.45000000
v 8.03324900 -15.26530000 3.45000000
v 7.83027500 -15.37040000 3.45000000
v 8.23481200 -15.15752000 3.45000000
v 11.02911000 13.26353000 3.45000000
v 10.85240000 13.40851000 3.45000000
v 10.67378000 13.55113000 3.45000000
v 7.98510800 -16.25834000 3.45000000
v 8.01006300 -17.16006000 3.45000000
v 10.99857000 14.39191000 3.45000000
v 11.19866000 15.27150000 3.45000000
v 7.75456900 -17.27702000 3.45000000
v 7.62617800 -17.33408000 3.45000000
v 7.88253300 -17.21902000 3.45000000
v 11.08506000 15.35417000 3.45000000
v 10.97084000 15.43598000 3.45000000
v 10.85602000 15.51695000 3.45000000
v 6.96447100 -16.72100000 3.45000000
v 6.39873000 -16.01932000 3.45000000
v 10.08758000 15.04448000 3.45000000
v 9.39602200 14.46642000 3.45000000
v 5.97200100 -16.18325000 3.45000000
v 5.75704500 -16.26096000 3.45000000
v 6.18590900 -16.10270000 3.45000000
v 9.20351400 14.58965000 3.45000000
v 9.00939000 14.71032000 3.45000000
v 8.81368400 14.82840000 3.45000000
v 5.79465500 -17.16152000 3.45000000
v 5.70169800 -18.05878000 3.45000000
v 9.02595900 15.70439000 3.45000000
v 9.10952700 16.60257000 3.45000000
v 5.43312300 -18.14139000 3.45000000
v 5.29838400 -18.18120000 3.45000000
v 5.56756400 -18.10058000 3.45000000
v 8.98610200 16.66970000 3.45000000
v 8.86218400 16.73591000 3.45000000
v 8.73777700 16.80120000 3.45000000
v 4.72236100 -17.48699000 3.45000000
v 4.25304700 -16.71748000 3.45000000
v 8.03758500 16.23246000 3.45000000
v 7.42739200 15.56908000 3.45000000
v 3.80857200 -16.82431000 3.45000000
v 3.58531100 -16.87329000 3.45000000
v 4.03116300 -16.77236000 3.45000000
v 7.22044600 15.66613000 3.45000000
v 7.01223200 15.76043000 3.45000000
v 6.80278700 15.85196000 3.45000000
v 3.50505400 -17.77105000 3.45000000
v 3.29577500 -18.64851000 3.45000000
v 6.89890700 16.74816000 3.45000000
v 6.86452300 17.64957000 3.45000000
v 3.01871500 -18.69535000 3.45000000
v 2.87993300 -18.71724000 3.45000000
v 3.15733200 -18.67244000 3.45000000
v 6.73339300 17.70001000 3.45000000
v 6.60189200 17.74948000 3.45000000
v 6.47002800 17.79797000 3.45000000
v 2.39944900 -17.95378000 3.45000000
v 2.03459300 -17.12959000 3.45000000
v 5.85006000 17.14271000 3.45000000
v 5.33167600 16.40536000 3.45000000
v 1.57997600 -17.17749000 3.45000000
v 1.35223200 -17.19692000 3.45000000
v 1.80744300 -17.15505000 3.45000000
v 5.11383300 16.47456000 3.45000000
v 4.89509300 16.54088000 3.45000000
v 4.67549300 16.60428000 3.45000000
v 1.15548000 -18.07652000 3.45000000
v 0.83346060 -18.91915000 3.45000000
v 4.65381300 17.50536000 3.45000000
v 4.50206500 18.39457000 3.45000000
v 0.55265660 -18.92943000 3.45000000
v 0.41220500 -18.93301000 3.45000000
v 0.69307770 -18.92481000 3.45000000
v 4.36547300 18.42747000 3.45000000
v 4.22864000 18.45935000 3.45000000
v 4.09157500 18.49021000 3.45000000
v 0.03548288 -18.11338000 3.45000000
v -0.21867400 -17.24861000 3.45000000
v 3.56244000 17.75964000 3.45000000
v 3.14473400 16.96093000 3.45000000
v -0.67565320 -17.23676000 3.45000000
v -0.90398490 -17.22630000 3.45000000
v -0.44720280 -17.24420000 3.45000000
v 2.91972200 17.00111000 3.45000000
v 2.69419700 17.03830000 3.45000000
v 2.46819900 17.07251000 3.45000000
v -1.21386500 -18.07269000 3.45000000
v -1.64311400 -18.86608000 3.45000000
v 2.32909100 17.96305000 3.45000000
v 2.06257600 18.82484000 3.45000000
v -1.92285800 -18.83963000 3.45000000
v -2.06257600 -18.82484000 3.45000000
v -1.78303500 -18.85337000 3.45000000
v 1.92285800 18.83963000 3.45000000
v 1.78303500 18.85337000 3.45000000
v 1.64311400 18.86608000 3.45000000
v -2.32909100 -17.96305000 3.45000000
v -2.46819900 -17.07251000 3.45000000
v 1.21386500 18.07269000 3.45000000
v 0.90398490 17.22630000 3.45000000
v -2.91972200 -17.00111000 3.45000000
v -3.14473400 -16.96093000 3.45000000
v -2.69419700 -17.03830000 3.45000000
v 0.67565320 17.23676000 3.45000000
v 0.44720280 17.24420000 3.45000000
v 0.21867400 17.24861000 3.45000000
v -3.56244000 -17.75964000 3.45000000
v -4.09157500 -18.49021000 3.45000000
v -0.03548288 18.11338000 3.45000000
v -0.41220500 18.93301000 3.45000000
v -4.36547300 -18.42747000 3.45000000
v -4.50206500 -18.39457000 3.45000000
v -4.22864000 -18.45935000 3.45000000
v -0.55265660 18.92943000 3.45000000
v -0.69307770 18.92481000 3.45000000
v -0.83346060 18.91915000 3.45000000
v -4.65381300 -17.50536000 3.45000000
v -4.67549300 -16.60428000 3.45000000
v -1.15548000 18.07652000 3.45000000
v -1.35223200 17.19692000 3.45000000
v -5.11383300 -16.47456000 3.45000000
v -5.33167600 -16.40536000 3.45000000
v -4.89509300 -16.54088000 3.45000000
v -1.57997600 17.17749000 3.45000000
v -1.80744300 17.15505000 3.45000000
v -2.03459300 17.12959000 3.45000000
v -5.85006000 -17.14271000 3.45000000
v -6.47002800 -17.79797000 3.45000000
v -2.39944900 17.95378000 3.45000000
v -2.87993300 18.71724000 3.45000000
v -6.73339300 -17.70001000 3.45000000
v -6.86452300 -17.64957000 3.45000000
v -6.60189200 -17.74948000 3.45000000
v -3.01871500 18.69535000 3.45000000
v -3.15733200 18.67244000 3.45000000
v -3.29577500 18.64851000 3.45000000
v -6.89890700 -16.74816000 3.45000000
v -6.80278700 -15.85196000 3.45000000
v -3.50505400 17.77105000 3.45000000
v -3.58531100 16.87329000 3.45000000
v -7.22044600 -15.66613000 3.45000000
v -7.42739200 -15.56908000 3.45000000
v -7.01223200 -15.76043000 3.45000000
v -3.80857200 16.82431000 3.45000000
v -4.03116300 16.77236000 3.45000000
v -4.25304700 16.71748000 3.45000000
v -8.03758500 -16.23246000 3.45000000
v -8.73777700 -16.80120000 3.45000000
v -4.72236100 17.48699000 3.45000000
v -5.29838400 18.18120000 3.45000000
v -8.98610200 -16.66970000 3.45000000
v -9.10952700 -16.60257000 3.45000000
v -8.86218400 -16.73591000 3.45000000
v -5.43312300 18.14139000 3.45000000
v -5.56756400 18.10058000 3.45000000
v -5.70169800 18.05878000 3.45000000
v -9.02595900 -15.70439000 3.45000000
v -8.81368400 -14.82840000 3.45000000
v -5.79465500 17.16152000 3.45000000
v -5.75704500 16.26096000 3.45000000
v -9.20351400 -14.58965000 3.45000000
v -9.39602200 -14.46642000 3.45000000
v -9.00939000 -14.71032000 3.45000000
v -5.97200100 16.18325000 3.45000000
v -6.18590900 16.10270000 3.45000000
v -6.39873000 16.01932000 3.45000000
v -10.08758000 -15.04448000 3.45000000
v -10.85602000 -15.51695000 3.45000000
v -6.96447100 16.72100000 3.45000000
v -7.62617800 17.33408000 3.45000000
v -11.08506000 -15.35417000 3.45000000
v -11.19866000 -15.27150000 3.45000000
v -10.97084000 -15.43598000 3.45000000
v -7.75456900 17.27702000 3.45000000
v -7.88253300 17.21902000 3.45000000
v -8.01006300 17.16006000 3.45000000
v -10.99857000 -14.39191000 3.45000000
v -10.67378000 -13.55113000 3.45000000
v -7.98510800 16.25834000 3.45000000
v -7.83027500 15.37040000 3.45000000
v -11.02911000 -13.26353000 3.45000000
v -11.20388000 -13.11623000 3.45000000
v -10.85240000 -13.40851000 3.45000000
v -8.03324900 15.26530000 3.45000000
v -8.23481200 15.15752000 3.45000000
v -8.43493000 15.04707000 3.45000000
v -11.96498000 -13.59908000 3.45000000
v -12.78851000 -13.96721000 3.45000000
v -9.08741700 15.66890000 3.45000000
v -9.82348700 16.19037000 3.45000000
v -12.99434000 -13.77592000 3.45000000
v -13.09619000 -13.67914000 3.45000000
v -12.89178000 -13.87194000 3.45000000
v -9.94333200 16.11704000 3.45000000
v -10.06263000 16.04283000 3.45000000
v -10.18137000 15.96773000 3.45000000
v -12.78300000 -12.83318000 3.45000000
v -12.35124000 -12.04199000 3.45000000
v -10.03893000 15.07698000 3.45000000
v -9.76952600 14.21685000 3.45000000
v -12.66599000 -11.71047000 3.45000000
v -12.82005000 -11.54162000 3.45000000
v -12.50971000 -11.87727000 3.45000000
v -9.95704500 14.08615000 3.45000000
v -10.14282000 13.95299000 3.45000000
v -10.32681000 13.81737000 3.45000000
v -13.63765000 -11.92099000 3.45000000
v -14.50219000 -12.17848000 3.45000000
v -11.05488000 14.34871000 3.45000000
v -11.85271000 14.76963000 3.45000000
v -14.68129000 -11.96196000 3.45000000
v -14.76963000 -11.85271000 3.45000000
v -14.59214000 -12.07055000 3.45000000
v -11.96196000 14.68129000 3.45000000
v -12.07055000 14.59214000 3.45000000
v -12.17848000 14.50219000 3.45000000
v -14.34871000 -11.05488000 3.45000000
v -13.81737000 -10.32681000 3.45000000
v -11.92099000 13.63765000 3.45000000
v -11.54162000 12.82005000 3.45000000
v -14.08615000 -9.95704500 3.45000000
v -14.21685000 -9.76952600 3.45000000
v -13.95299000 -10.14282000 3.45000000
v -11.71047000 12.66599000 3.45000000
v -11.87727000 12.50971000 3.45000000
v -12.04199000 12.35124000 3.45000000
v -15.07698000 -10.03893000 3.45000000
v -15.96773000 -10.18137000 3.45000000
v -12.83318000 12.78300000 3.45000000
v -13.67914000 13.09619000 3.45000000
v -16.11704000 -9.94333200 3.45000000
v -16.19037000 -9.82348700 3.45000000
v -16.04283000 -10.06263000 3.45000000
v -13.77592000 12.99434000 3.45000000
v -13.87194000 12.89178000 3.45000000
v -13.96721000 12.78851000 3.45000000
v -15.66890000 -9.08741700 3.45000000
v -15.04707000 -8.43493000 3.45000000
v -13.59908000 11.96498000 3.45000000
v -13.11623000 11.20388000 3.45000000
v -15.26530000 -8.03324900 3.45000000
v -15.37040000 -7.83027500 3.45000000
v -15.15752000 -8.23481200 3.45000000
v -13.26353000 11.02911000 3.45000000
v -13.40851000 10.85240000 3.45000000
v -13.55113000 10.67378000 3.45000000
v -16.25834000 -7.98510800 3.45000000
v -17.16006000 -8.01006300 3.45000000
v -14.39191000 10.99857000 3.45000000
v -15.27150000 11.19866000 3.45000000
v -17.27702000 -7.75456900 3.45000000
v -17.33408000 -7.62617800 3.45000000
v -17.21902000 -7.88253300 3.45000000
v -15.35417000 11.08506000 3.45000000
v -15.43598000 10.97084000 3.45000000
v -15.51695000 10.85602000 3.45000000
v -16.72100000 -6.96447100 3.45000000
v -16.01932000 -6.39873000 3.45000000
v -15.04448000 10.08758000 3.45000000
v -14.46642000 9.39602200 3.45000000
v -16.18325000 -5.97200100 3.45000000
v -16.26096000 -5.75704500 3.45000000
v -16.10270000 -6.18590900 3.45000000
v -14.58965000 9.20351400 3.45000000
v -14.71032000 9.00939000 3.45000000
v -14.82840000 8.81368400 3.45000000
v -17.16152000 -5.79465500 3.45000000
v -18.05878000 -5.70169800 3.45000000
v -15.70439000 9.02595900 3.45000000
v -16.60257000 9.10952700 3.45000000
v -18.14139000 -5.43312300 3.45000000
v -18.18120000 -5.29838400 3.45000000
v -18.10058000 -5.56756400 3.45000000
v -16.66970000 8.98610200 3.45000000
v -16.73591000 8.86218400 3.45000000
v -16.80120000 8.73777700 3.45000000
v -17.48699000 -4.72236100 3.45000000
v -16.71748000 -4.25304700 3.45000000
v -16.23246000 8.03758500 3.45000000
v -15.56908000 7.42739200 3.45000000
v -16.82431000 -3.80857200 3.45000000
v -16.87329000 -3.58531100 3.45000000
v -16.77236000 -4.03116300 3.45000000
v -15.66613000 7.22044600 3.45000000
v -15.76043000 7.01223200 3.45000000
v -15.85196000 6.80278700 3.45000000
v -17.77105000 -3.50505400 3.45000000
v -18.64851000 -3.29577500 3.45000000
v -16.74816000 6.89890700 3.45000000
v -17.64957000 6.86452300 3.45000000
v -18.69535000 -3.01871500 3.45000000
v -18.71724000 -2.87993300 3.45000000
v -18.67244000 -3.15733200 3.45000000
v -17.70001000 6.73339300 3.45000000
v -17.74948000 6.60189200 3.45000000
v -17.79797000 6.47002800 3.45000000
v -17.95378000 -2.39944900 3.45000000
v -17.12959000 -2.03459300 3.45000000
v -17.14271000 5.85006000 3.45000000
v -16.40536000 5.33167600 3.45000000
v -17.17749000 -1.57997600 3.45000000
v -17.19692000 -1.35223200 3.45000000
v -17.15505000 -1.80744300 3.45000000
v -16.47456000 5.11383300 3.45000000
v -16.54088000 4.89509300 3.45000000
v -16.60428000 4.67549300 3.45000000
v -18.07652000 -1.15548000 3.45000000
v -18.91915000 -0.83346060 3.45000000
v -17.50536000 4.65381300 3.45000000
v -18.39457000 4.50206500 3.45000000
v -18.92943000 -0.55265660 3.45000000
v -18.93301000 -0.41220500 3.45000000
v -18.92481000 -0.69307770 3.45000000
v -18.42747000 4.36547300 3.45000000
v -18.45935000 4.22864000 3.45000000
v -18.49021000 4.09157500 3.45000000
v -18.11338000 -0.03548288 3.45000000
v -17.24861000 0.21867400 3.45000000
v -17.75964000 3.56244000 3.45000000
v -16.96093000 3.14473400 3.45000000
v -17.23676000 0.67565320 3.45000000
v -17.22630000 0.90398490 3.45000000
v -17.24420000 0.44720280 3.45000000
v -17.00111000 2.91972200 3.45000000
v -17.03830000 2.69419700 3.45000000
v -17.07251000 2.46819900 3.45000000
v -18.07269000 1.21386500 3.45000000
v -18.86608000 1.64311400 3.45000000
v -17.96305000 2.32909100 3.45000000
v -18.82484000 2.06257600 3.45000000
v -18.83963000 1.92285800 3.45000000
v -18.85337000 1.78303500 3.45000000
f 1 2 3
f 1 3 4
f 5 4 3
f 6 2 1
f 7 5 3
f 8 2 6
f 9 2 8
f 10 3 11
f 10 7 3
f 12 13 2
f 12 2 9
f 14 10 11
f 15 13 12
f 16 14 11
f 17 13 15
f 18 16 11
f 19 13 17
f 20 11 21
f 20 18 11
f 22 1 4
f 23 22 4
f 24 12 9
f 25 26 13
f 25 13 19
f 27 20 21
f 28 26 25
f 29 27 21
f 30 26 28
f 31 29 21
f 32 10 14
f 32 33 10
f 34 12 24
f 35 26 30
f 36 31 21
f 36 21 37
f 38 19 39
f 38 25 19
f 40 41 20
f 40 20 27
f 42 22 23
f 42 43 22
f 44 22 43
f 45 42 23
f 46 24 47
f 48 49 33
f 50 24 46
f 50 34 24
f 51 48 33
f 51 33 32
f 52 53 26
f 52 26 35
f 54 36 37
f 55 34 50
f 56 51 32
f 57 53 52
f 58 54 37
f 59 52 35
f 60 53 57
f 61 58 37
f 62 53 60
f 63 37 64
f 63 61 37
f 65 66 41
f 67 39 68
f 69 38 39
f 69 39 67
f 70 41 40
f 70 65 41
f 71 38 69
f 72 70 40
f 73 52 59
f 74 36 54
f 74 75 36
f 76 59 77
f 78 79 75
f 80 73 59
f 80 59 76
f 81 75 74
f 81 78 75
f 82 83 53
f 82 53 62
f 84 63 64
f 85 73 80
f 86 81 74
f 87 83 82
f 88 84 64
f 89 83 87
f 90 88 64
f 91 83 89
f 92 64 93
f 92 90 64
f 94 62 95
f 94 82 62
f 96 63 84
f 96 97 63
f 98 94 95
f 98 95 99
f 100 101 97
f 102 94 98
f 103 97 96
f 103 100 97
f 104 94 102
f 105 103 96
f 106 92 93
f 107 83 91
f 107 108 83
f 109 106 93
f 110 108 107
f 111 109 93
f 112 108 110
f 113 108 112
f 114 93 115
f 114 111 93
f 116 117 92
f 116 92 106
f 118 107 91
f 118 91 119
f 120 119 121
f 122 123 117
f 124 119 120
f 124 118 119
f 125 117 116
f 125 122 117
f 126 118 124
f 127 125 116
f 128 129 114
f 128 114 115
f 130 113 131
f 130 108 113
f 130 132 108
f 133 132 130
f 134 128 115
f 135 134 115
f 136 132 133
f 137 130 131
f 138 129 128
f 139 132 136
f 140 135 115
f 141 131 142
f 143 144 129
f 145 131 141
f 145 137 131
f 146 129 138
f 146 143 129
f 147 137 145
f 148 146 138
f 149 150 132
f 149 132 139
f 151 140 115
f 151 115 152
f 153 154 155
f 156 157 158
f 159 150 149
f 160 151 152
f 161 149 139
f 161 154 153
f 161 139 154
f 162 140 151
f 162 158 140
f 163 150 159
f 164 160 152
f 165 161 153
f 166 156 158
f 166 158 162
f 167 150 163
f 168 164 152
f 169 161 165
f 170 166 162
f 171 172 173
f 174 175 176
f 177 178 150
f 177 150 167
f 179 152 180
f 179 168 152
f 181 172 171
f 182 177 167
f 182 172 181
f 182 167 172
f 183 174 176
f 183 176 168
f 183 184 174
f 183 168 179
f 185 178 177
f 186 179 180
f 187 182 181
f 188 184 183
f 189 178 185
f 190 186 180
f 191 178 189
f 192 190 180
f 193 194 195
f 196 197 198
f 199 197 196
f 200 197 199
f 201 193 195
f 201 202 193
f 203 178 191
f 203 197 200
f 203 191 197
f 204 192 180
f 204 180 205
f 204 201 195
f 204 195 192
f 206 200 199
f 207 202 201
f 208 204 205
f 209 203 210
f 209 178 203
f 211 209 210
f 212 208 205
f 213 209 211
f 214 212 205
f 215 216 217
f 218 219 220
f 221 216 215
f 221 215 222
f 221 222 223
f 224 218 220
f 224 225 226
f 224 226 218
f 227 209 213
f 227 216 221
f 227 213 216
f 228 205 229
f 228 214 205
f 228 224 220
f 228 220 214
f 230 228 229
f 231 230 229
f 232 231 229
f 233 209 227
f 233 227 234
f 233 234 235
f 233 235 236
f 237 238 239
f 240 241 242
f 243 237 244
f 243 244 245
f 243 238 237
f 246 240 242
f 246 242 232
f 246 247 248
f 246 248 240
f 249 246 232
f 249 232 229
f 250 236 238
f 250 233 236
f 250 238 243
f 251 249 229
f 251 252 253
f 251 253 249
f 254 252 251
f 255 233 250
f 255 250 256
f 255 256 257
f 255 257 258
f 259 260 261
f 262 263 264
f 265 261 254
f 265 266 267
f 265 267 259
f 265 259 261
f 268 262 269
f 268 269 270
f 268 263 262
f 271 254 251
f 271 265 254
f 272 255 258
f 272 258 263
f 272 263 268
f 273 274 275
f 273 275 276
f 273 276 271
f 273 271 251
f 277 278 279
f 280 281 282
f 283 281 280
f 284 255 272
f 284 272 285
f 284 285 286
f 284 286 287
f 288 279 274
f 288 289 290
f 288 290 277
f 288 277 279
f 291 283 292
f 291 281 283
f 293 287 281
f 293 281 291
f 293 284 287
f 294 288 274
f 294 274 273
f 295 296 297
f 298 299 300
f 301 294 273
f 301 302 303
f 301 303 304
f 301 304 294
f 305 297 302
f 305 306 307
f 305 307 295
f 305 295 297
f 308 298 309
f 308 309 310
f 308 299 298
f 311 284 293
f 311 293 312
f 311 312 313
f 311 313 314
f 315 299 308
f 315 314 299
f 315 311 314
f 316 302 301
f 316 305 302
f 317 318 319
f 320 321 322
f 323 320 322
f 324 325 326
f 324 326 327
f 324 327 316
f 324 316 301
f 328 317 329
f 328 329 330
f 328 318 317
f 331 332 323
f 331 323 322
f 333 315 334
f 333 334 335
f 333 335 336
f 333 311 315
f 337 336 318
f 337 333 336
f 337 318 328
f 338 322 325
f 338 325 324
f 338 331 322
f 339 333 337
f 340 341 342
f 343 344 345
f 346 341 340
f 347 343 345
f 348 346 349
f 348 341 346
f 350 347 345
f 350 351 347
f 352 353 354
f 352 354 355
f 352 355 338
f 352 338 324
f 356 357 341
f 356 341 348
f 358 350 345
f 358 353 352
f 358 345 353
f 359 360 361
f 362 363 364
f 365 359 361
f 366 363 362
f 367 339 368
f 367 368 357
f 367 357 356
f 367 356 369
f 367 333 339
f 370 359 365
f 370 365 371
f 372 366 362
f 372 362 373
f 372 374 366
f 375 372 373
f 376 359 370
f 376 377 359
f 378 379 380
f 381 382 383
f 384 373 385
f 384 385 386
f 384 386 358
f 384 358 352
f 384 375 373
f 387 367 369
f 387 376 388
f 387 377 376
f 387 369 389
f 387 389 377
f 390 391 392
f 390 392 382
f 390 382 381
f 393 380 394
f 393 394 395
f 393 378 380
f 396 397 398
f 396 398 399
f 400 401 402
f 403 381 404
f 403 390 381
f 405 378 393
f 405 406 378
f 407 399 408
f 407 396 399
f 409 401 400
f 409 410 411
f 409 411 401
f 412 375 384
f 412 403 404
f 412 404 413
f 412 413 414
f 412 414 375
f 415 406 405
f 415 405 416
f 415 416 417
f 415 387 388
f 415 388 418
f 415 418 406
f 419 420 421
f 422 423 424
f 422 424 425
f 426 409 400
f 426 400 427
f 428 396 407
f 428 429 396
f 430 431 423
f 430 423 422
f 432 419 421
f 432 421 433
f 432 433 434
f 432 435 419
f 436 437 438
f 439 440 441
f 439 441 442
f 443 403 412
f 443 427 444
f 443 444 445
f 443 445 403
f 443 426 427
f 446 430 422
f 446 422 447
f 448 435 432
f 449 439 442
f 449 442 450
f 451 437 436
f 451 452 453
f 451 453 437
f 454 415 417
f 454 428 455
f 454 455 456
f 454 417 429
f 454 429 428
f 457 458 459
f 460 461 462
f 460 462 463
f 464 457 459
f 464 459 465
f 464 465 466
f 467 468 461
f 467 461 460
f 469 451 436
f 469 436 470
f 471 439 449
f 471 472 439
f 473 474 475
f 476 477 478
f 476 478 479
f 480 481 482
f 480 482 474
f 480 474 473
f 483 479 484
f 483 476 479
f 485 486 487
f 488 485 487
f 488 487 489
f 488 489 490
f 491 426 443
f 491 446 447
f 491 447 492
f 491 492 493
f 491 493 426
f 494 457 464
f 494 495 457
f 496 460 497
f 496 467 460
f 498 476 483
f 499 435 448
f 499 448 500
f 499 500 501
f 499 456 435
f 499 454 456
f 502 498 483
f 503 473 504
f 503 480 473
f 505 506 485
f 505 485 488
f 507 446 491
f 507 470 508
f 507 508 509
f 507 509 446
f 507 469 470
f 510 472 471
f 510 499 501
f 510 471 511
f 510 511 512
f 510 512 495
f 510 501 472
f 513 496 497
f 513 469 507
f 513 497 514
f 513 514 515
f 513 515 469
f 516 494 517
f 516 517 518
f 516 518 498
f 516 510 495
f 516 495 494
f 519 504 520
f 519 520 521
f 519 521 496
f 519 496 513
f 519 503 504
f 522 502 523
f 522 523 524
f 522 524 506
f 522 498 502
f 522 516 498
f 525 505 526
f 525 526 527
f 525 527 503
f 525 503 519
f 525 506 505
f 525 522 506
f 528 529 415
f 528 415 454
f 530 528 454
f 530 454 499
f 531 530 499
f 531 499 510
f 532 531 510
f 532 510 516
f 533 532 516
f 533 516 522
f 534 533 522
f 534 522 525
f 534 525 519
f 535 534 519
f 536 535 519
f 536 519 513
f 537 536 513
f 537 513 507
f 538 537 507
f 538 507 491
f 539 538 491
f 539 491 443
f 540 539 443
f 540 443 412
f 540 412 384
f 541 540 384
f 542 541 384
f 542 384 352
f 543 542 352
f 543 352 324
f 543 324 301
f 544 543 301
f 545 301 273
f 545 544 301
f 546 273 251
f 546 545 273
f 547 251 229
f 547 546 251
f 548 229 205
f 548 547 229
f 549 205 180
f 549 180 152
f 549 548 205
f 550 549 152
f 551 152 115
f 551 115 93
f 551 550 152
f 552 93 64
f 552 551 93
f 553 552 64
f 554 553 64
f 554 64 37
f 555 554 37
f 555 37 21
f 556 555 21
f 556 21 11
f 556 11 3
f 557 556 3
f 558 557 3
f 558 3 2
f 559 558 2
f 559 2 13
f 559 13 26
f 560 559 26
f 561 560 26
f 561 26 53
f 561 53 83
f 562 561 83
f 563 562 83
f 563 83 108
f 564 563 108
f 564 108 132
f 565 564 132
f 565 132 150
f 565 150 178
f 566 565 178
f 567 566 178
f 567 178 209
f 568 567 209
f 568 209 233
f 569 568 233
f 569 233 255
f 570 569 255
f 570 255 284
f 570 284 311
f 571 570 311
f 572 571 311
f 572 311 333
f 573 572 333
f 573 333 367
f 573 367 387
f 574 573 387
f 529 574 387
f 529 387 415
f 575 388 376
f 575 376 576
f 577 418 388
f 577 388 575
f 578 406 418
f 578 418 577
f 579 370 371
f 579 371 580
f 576 376 370
f 576 370 579
f 581 378 406
f 581 406 578
f 582 379 378
f 582 378 581
f 583 361 360
f 583 360 584
f 585 365 361
f 585 361 583
f 580 371 365
f 580 365 585
f 586 380 379
f 586 379 582
f 587 394 380
f 587 380 586
f 588 395 394
f 588 394 587
f 589 359 377
f 589 377 590
f 584 360 359
f 584 359 589
f 591 393 395
f 591 395 588
f 592 405 393
f 592 393 591
f 593 369 356
f 593 356 594
f 595 389 369
f 595 369 593
f 590 377 389
f 590 389 595
f 596 416 405
f 596 405 592
f 597 417 416
f 597 416 596
f 598 429 417
f 598 417 597
f 599 348 349
f 599 349 600
f 594 356 348
f 594 348 599
f 601 396 429
f 601 429 598
f 602 397 396
f 602 396 601
f 603 340 342
f 603 342 604
f 605 346 340
f 605 340 603
f 600 349 346
f 600 346 605
f 606 398 397
f 606 397 602
f 607 399 398
f 607 398 606
f 608 408 399
f 608 399 607
f 609 341 357
f 609 357 610
f 604 342 341
f 604 341 609
f 611 407 408
f 611 408 608
f 612 428 407
f 612 407 611
f 613 339 337
f 613 337 614
f 615 368 339
f 615 339 613
f 610 357 368
f 610 368 615
f 616 455 428
f 616 428 612
f 617 456 455
f 617 455 616
f 618 435 456
f 618 456 617
f 619 328 330
f 619 330 620
f 614 337 328
f 614 328 619
f 621 419 435
f 621 435 618
f 622 420 419
f 622 419 621
f 623 317 319
f 623 319 624
f 625 329 317
f 625 317 623
f 620 330 329
f 620 329 625
f 626 421 420
f 626 420 622
f 627 433 421
f 627 421 626
f 628 434 433
f 628 433 627
f 629 318 336
f 629 336 630
f 624 319 318
f 624 318 629
f 631 432 434
f 631 434 628
f 632 448 432
f 632 432 631
f 633 334 315
f 633 315 634
f 635 335 334
f 635 334 633
f 630 336 335
f 630 335 635
f 636 500 448
f 636 448 632
f 637 501 500
f 637 500 636
f 638 472 501
f 638 501 637
f 639 308 310
f 639 310 640
f 634 315 308
f 634 308 639
f 641 439 472
f 641 472 638
f 642 440 439
f 642 439 641
f 643 298 300
f 643 300 644
f 645 309 298
f 645 298 643
f 640 310 309
f 640 309 645
f 646 441 440
f 646 440 642
f 647 442 441
f 647 441 646
f 648 450 442
f 648 442 647
f 649 299 314
f 649 314 650
f 644 300 299
f 644 299 649
f 651 449 450
f 651 450 648
f 652 471 449
f 652 449 651
f 653 312 293
f 653 293 654
f 655 313 312
f 655 312 653
f 650 314 313
f 650 313 655
f 656 511 471
f 656 471 652
f 657 512 511
f 657 511 656
f 658 495 512
f 658 512 657
f 659 291 292
f 659 292 660
f 654 293 291
f 654 291 659
f 661 457 495
f 661 495 658
f 662 458 457
f 662 457 661
f 663 280 282
f 663 282 664
f 665 283 280
f 665 280 663
f 660 292 283
f 660 283 665
f 666 459 458
f 666 458 662
f 667 465 459
f 667 459 666
f 668 466 465
f 668 465 667
f 669 281 287
f 669 287 670
f 664 282 281
f 664 281 669
f 671 464 466
f 671 466 668
f 672 494 464
f 672 464 671
f 673 285 272
f 673 272 674
f 675 286 285
f 675 285 673
f 670 287 286
f 670 286 675
f 676 517 494
f 676 494 672
f 677 518 517
f 677 517 676
f 678 498 518
f 678 518 677
f 679 268 270
f 679 270 680
f 674 272 268
f 674 268 679
f 681 476 498
f 681 498 678
f 682 477 476
f 682 476 681
f 683 262 264
f 683 264 684
f 685 269 262
f 685 262 683
f 680 270 269
f 680 269 685
f 686 478 477
f 686 477 682
f 687 479 478
f 687 478 686
f 688 484 479
f 688 479 687
f 689 263 258
f 689 258 690
f 684 264 263
f 684 263 689
f 691 483 484
f 691 484 688
f 692 502 483
f 692 483 691
f 693 256 250
f 693 250 694
f 695 257 256
f 695 256 693
f 690 258 257
f 690 257 695
f 696 523 502
f 696 502 692
f 697 524 523
f 697 523 696
f 698 506 524
f 698 524 697
f 699 243 245
f 699 245 700
f 694 250 243
f 694 243 699
f 701 485 506
f 701 506 698
f 702 486 485
f 702 485 701
f 703 237 239
f 703 239 704
f 705 244 237
f 705 237 703
f 700 245 244
f 700 244 705
f 706 487 486
f 706 486 702
f 707 489 487
f 707 487 706
f 708 490 489
f 708 489 707
f 709 238 236
f 709 236 710
f 704 239 238
f 704 238 709
f 711 488 490
f 711 490 708
f 712 505 488
f 712 488 711
f 713 234 227
f 713 227 714
f 715 235 234
f 715 234 713
f 710 236 235
f 710 235 715
f 716 526 505
f 716 505 712
f 717 527 526
f 717 526 716
f 718 503 527
f 718 527 717
f 719 221 223
f 719 223 720
f 714 227 221
f 714 221 719
f 721 480 503
f 721 503 718
f 722 481 480
f 722 480 721
f 723 215 217
f 723 217 724
f 725 222 215
f 725 215 723
f 720 223 222
f 720 222 725
f 726 482 481
f 726 481 722
f 727 474 482
f 727 482 726
f 728 475 474
f 728 474 727
f 729 216 213
f 729 213 730
f 724 217 216
f 724 216 729
f 731 473 475
f 731 475 728
f 732 504 473
f 732 473 731
f 733 210 203
f 733 203 734
f 735 211 210
f 735 210 733
f 730 213 211
f 730 211 735
f 736 520 504
f 736 504 732
f 737 521 520
f 737 520 736
f 738 496 521
f 738 521 737
f 739 200 206
f 739 206 740
f 734 203 200
f 734 200 739
f 741 467 496
f 741 496 738
f 742 468 467
f 742 467 741
f 743 196 198
f 743 198 744
f 745 199 196
f 745 196 743
f 740 206 199
f 740 199 745
f 746 461 468
f 746 468 742
f 747 462 461
f 747 461 746
f 748 463 462
f 748 462 747
f 749 197 191
f 749 191 750
f 744 198 197
f 744 197 749
f 751 460 463
f 751 463 748
f 752 497 460
f 752 460 751
f 753 185 177
f 753 177 754
f 755 189 185
f 755 185 753
f 750 191 189
f 750 189 755
f 756 514 497
f 756 497 752
f 757 515 514
f 757 514 756
f 758 469 515
f 758 515 757
f 759 182 187
f 759 187 760
f 754 177 182
f 754 182 759
f 761 451 469
f 761 469 758
f 762 452 451
f 762 451 761
f 763 171 173
f 763 173 764
f 765 181 171
f 765 171 763
f 760 187 181
f 760 181 765
f 766 453 452
f 766 452 762
f 767 437 453
f 767 453 766
f 768 438 437
f 768 437 767
f 769 172 167
f 769 167 770
f 764 173 172
f 764 172 769
f 771 436 438
f 771 438 768
f 772 470 436
f 772 436 771
f 773 159 149
f 773 149 774
f 775 163 159
f 775 159 773
f 770 167 163
f 770 163 775
f 776 508 470
f 776 470 772
f 777 509 508
f 777 508 776
f 778 446 509
f 778 509 777
f 779 161 169
f 779 169 780
f 774 149 161
f 774 161 779
f 781 430 446
f 781 446 778
f 782 431 430
f 782 430 781
f 783 153 155
f 783 155 784
f 785 165 153
f 785 153 783
f 780 169 165
f 780 165 785
f 786 423 431
f 786 431 782
f 787 424 423
f 787 423 786
f 788 425 424
f 788 424 787
f 789 154 139
f 789 139 790
f 784 155 154
f 784 154 789
f 791 422 425
f 791 425 788
f 792 447 422
f 792 422 791
f 793 133 130
f 793 130 794
f 795 136 133
f 795 133 793
f 790 139 136
f 790 136 795
f 796 492 447
f 796 447 792
f 797 493 492
f 797 492 796
f 798 426 493
f 798 493 797
f 799 137 147
f 799 147 800
f 794 130 137
f 794 137 799
f 801 409 426
f 801 426 798
f 802 410 409
f 802 409 801
f 803 141 142
f 803 142 804
f 805 145 141
f 805 141 803
f 800 147 145
f 800 145 805
f 806 411 410
f 806 410 802
f 807 401 411
f 807 411 806
f 808 402 401
f 808 401 807
f 809 131 113
f 809 113 810
f 804 142 131
f 804 131 809
f 811 400 402
f 811 402 808
f 812 427 400
f 812 400 811
f 813 110 107
f 813 107 814
f 815 112 110
f 815 110 813
f 810 113 112
f 810 112 815
f 816 444 427
f 816 427 812
f 817 445 444
f 817 444 816
f 818 403 445
f 818 445 817
f 819 118 126
f 819 126 820
f 814 107 118
f 814 118 819
f 821 390 403
f 821 403 818
f 822 391 390
f 822 390 821
f 823 120 121
f 823 121 824
f 825 124 120
f 825 120 823
f 820 126 124
f 820 124 825
f 826 392 391
f 826 391 822
f 827 382 392
f 827 392 826
f 828 383 382
f 828 382 827
f 829 119 91
f 829 91 830
f 824 121 119
f 824 119 829
f 831 381 383
f 831 383 828
f 832 404 381
f 832 381 831
f 833 87 82
f 833 82 834
f 835 89 87
f 835 87 833
f 830 91 89
f 830 89 835
f 836 413 404
f 836 404 832
f 837 414 413
f 837 413 836
f 838 375 414
f 838 414 837
f 839 94 104
f 839 104 840
f 834 82 94
f 834 94 839
f 841 372 375
f 841 375 838
f 842 374 372
f 842 372 841
f 843 98 99
f 843 99 844
f 845 102 98
f 845 98 843
f 840 104 102
f 840 102 845
f 846 366 374
f 846 374 842
f 847 363 366
f 847 366 846
f 848 364 363
f 848 363 847
f 849 95 62
f 849 62 850
f 844 99 95
f 844 95 849
f 851 362 364
f 851 364 848
f 852 373 362
f 852 362 851
f 853 57 52
f 853 52 854
f 855 60 57
f 855 57 853
f 850 62 60
f 850 60 855
f 856 385 373
f 856 373 852
f 857 386 385
f 857 385 856
f 858 358 386
f 858 386 857
f 859 73 85
f 859 85 860
f 854 52 73
f 854 73 859
f 861 350 358
f 861 358 858
f 862 351 350
f 862 350 861
f 863 76 77
f 863 77 864
f 865 80 76
f 865 76 863
f 860 85 80
f 860 80 865
f 866 347 351
f 866 351 862
f 867 343 347
f 867 347 866
f 868 344 343
f 868 343 867
f 869 59 35
f 869 35 870
f 864 77 59
f 864 59 869
f 871 345 344
f 871 344 868
f 872 353 345
f 872 345 871
f 873 28 25
f 873 25 874
f 875 30 28
f 875 28 873
f 870 35 30
f 870 30 875
f 876 354 353
f 876 353 872
f 877 355 354
f 877 354 876
f 878 338 355
f 878 355 877
f 879 38 71
f 879 71 880
f 874 25 38
f 874 38 879
f 881 331 338
f 881 338 878
f 882 332 331
f 882 331 881
f 883 67 68
f 883 68 884
f 885 69 67
f 885 67 883
f 880 71 69
f 880 69 885
f 886 323 332
f 886 332 882
f 887 320 323
f 887 323 886
f 888 321 320
f 888 320 887
f 889 39 19
f 889 19 890
f 884 68 39
f 884 39 889
f 891 322 321
f 891 321 888
f 892 325 322
f 892 322 891
f 893 15 12
f 893 12 894
f 895 17 15
f 895 15 893
f 890 19 17
f 890 17 895
f 896 326 325
f 896 325 892
f 897 327 326
f 897 326 896
f 898 316 327
f 898 327 897
f 899 34 55
f 899 55 900
f 894 12 34
f 894 34 899
f 901 305 316
f 901 316 898
f 902 306 305
f 902 305 901
f 903 46 47
f 903 47 904
f 905 50 46
f 905 46 903
f 900 55 50
f 900 50 905
f 906 307 306
f 906 306 902
f 907 295 307
f 907 307 906
f 908 296 295
f 908 295 907
f 909 24 9
f 909 9 910
f 904 47 24
f 904 24 909
f 911 297 296
f 911 296 908
f 912 302 297
f 912 297 911
f 913 6 1
f 913 1 914
f 915 8 6
f 915 6 913
f 910 9 8
f 910 8 915
f 916 303 302
f 916 302 912
f 917 304 303
f 917 303 916
f 918 294 304
f 918 304 917
f 919 22 44
f 919 44 920
f 914 1 22
f 914 22 919
f 921 288 294
f 921 294 918
f 922 289 288
f 922 288 921
f 923 42 45
f 923 45 924
f 925 43 42
f 925 42 923
f 920 44 43
f 920 43 925
f 926 290 289
f 926 289 922
f 927 277 290
f 927 290 926
f 928 278 277
f 928 277 927
f 929 23 4
f 929 4 930
f 924 45 23
f 924 23 929
f 931 279 278
f 931 278 928
f 932 274 279
f 932 279 931
f 933 7 10
f 933 10 934
f 935 5 7
f 935 7 933
f 930 4 5
f 930 5 935
f 936 275 274
f 936 274 932
f 937 276 275
f 937 275 936
f 938 271 276
f 938 276 937
f 939 33 49
f 939 49 940
f 934 10 33
f 934 33 939
f 941 265 271
f 941 271 938
f 942 266 265
f 942 265 941
f 943 51 56
f 943 56 944
f 945 48 51
f 945 51 943
f 940 49 48
f 940 48 945
f 946 267 266
f 946 266 942
f 947 259 267
f 947 267 946
f 948 260 259
f 948 259 947
f 949 32 14
f 949 14 950
f 944 56 32
f 944 32 949
f 951 261 260
f 951 260 948
f 952 254 261
f 952 261 951
f 953 18 20
f 953 20 954
f 955 16 18
f 955 18 953
f 950 14 16
f 950 16 955
f 956 252 254
f 956 254 952
f 957 253 252
f 957 252 956
f 958 249 253
f 958 253 957
f 959 41 66
f 959 66 960
f 954 20 41
f 954 41 959
f 961 246 249
f 961 249 958
f 962 247 246
f 962 246 961
f 963 70 72
f 963 72 964
f 965 65 70
f 965 70 963
f 960 66 65
f 960 65 965
f 966 248 247
f 966 247 962
f 967 240 248
f 967 248 966
f 968 241 240
f 968 240 967
f 969 40 27
f 969 27 970
f 964 72 40
f 964 40 969
f 971 242 241
f 971 241 968
f 972 232 242
f 972 242 971
f 973 31 36
f 973 36 974
f 975 29 31
f 975 31 973
f 970 27 29
f 970 29 975
f 976 231 232
f 976 232 972
f 977 230 231
f 977 231 976
f 978 228 230
f 978 230 977
f 979 75 79
f 979 79 980
f 974 36 75
f 974 75 979
f 981 224 228
f 981 228 978
f 982 225 224
f 982 224 981
f 983 81 86
f 983 86 984
f 985 78 81
f 985 81 983
f 980 79 78
f 980 78 985
f 986 226 225
f 986 225 982
f 987 218 226
f 987 226 986
f 988 219 218
f 988 218 987
f 989 74 54
f 989 54 990
f 984 86 74
f 984 74 989
f 991 220 219
f 991 219 988
f 992 214 220
f 992 220 991
f 993 61 63
f 993 63 994
f 995 58 61
f 995 61 993
f 990 54 58
f 990 58 995
f 996 212 214
f 996 214 992
f 997 208 212
f 997 212 996
f 998 204 208
f 998 208 997
f 999 97 101
f 999 101 1000
f 994 63 97
f 994 97 999
f 1001 201 204
f 1001 204 998
f 1002 207 201
f 1002 201 1001
f 1003 103 105
f 1003 105 1004
f 1005 100 103
f 1005 103 1003
f 1000 101 100
f 1000 100 1005
f 1006 202 207
f 1006 207 1002
f 1007 193 202
f 1007 202 1006
f 1008 194 193
f 1008 193 1007
f 1009 96 84
f 1009 84 1010
f 1004 105 96
f 1004 96 1009
f 1011 195 194
f 1011 194 1008
f 1012 192 195
f 1012 195 1011
f 1013 90 92
f 1013 92 1014
f 1015 88 90
f 1015 90 1013
f 1010 84 88
f 1010 88 1015
f 1016 190 192
f 1016 192 1012
f 1017 186 190
f 1017 190 1016
f 1018 179 186
f 1018 186 1017
f 1019 117 123
f 1019 123 1020
f 1014 92 117
f 1014 117 1019
f 1021 183 179
f 1021 179 1018
f 1022 188 183
f 1022 183 1021
f 1023 125 127
f 1023 127 1024
f 1025 122 125
f 1025 125 1023
f 1020 123 122
f 1020 122 1025
f 1026 184 188
f 1026 188 1022
f 1027 174 184
f 1027 184 1026
f 1028 175 174
f 1028 174 1027
f 1029 116 106
f 1029 106 1030
f 1024 127 116
f 1024 116 1029
f 1031 176 175
f 1031 175 1028
f 1032 168 176
f 1032 176 1031
f 1033 111 114
f 1033 114 1034
f 1035 109 111
f 1035 111 1033
f 1030 106 109
f 1030 109 1035
f 1036 164 168
f 1036 168 1032
f 1037 160 164
f 1037 164 1036
f 1038 151 160
f 1038 160 1037
f 1039 129 144
f 1039 144 1040
f 1034 114 129
f 1034 129 1039
f 1041 162 151
f 1041 151 1038
f 1042 170 162
f 1042 162 1041
f 1043 146 148
f 1043 148 1044
f 1045 143 146
f 1045 146 1043
f 1040 144 143
f 1040 143 1045
f 1046 166 170
f 1046 170 1042
f 1047 156 166
f 1047 166 1046
f 1048 157 156
f 1048 156 1047
f 1049 138 128
f 1049 128 1050
f 1044 148 138
f 1044 138 1049
f 1051 158 157
f 1051 157 1048
f 1052 140 158
f 1052 158 1051
f 1053 135 140
f 1053 140 1052
f 1054 134 135
f 1054 135 1053
f 1050 128 134
f 1050 134 1054
f 1055 557 558
f 1055 1056 557
f 1057 557 1056
f 1058 1055 558
f 1059 557 1057
f 1060 1058 558
f 1061 1060 558
f 1062 556 557
f 1062 557 1059
f 1063 556 1062
f 1064 558 559
f 1064 1061 558
f 1065 556 1063
f 1066 1064 559
f 1067 1066 559
f 1068 556 1065
f 1069 555 556
f 1069 556 1068
f 1070 1067 559
f 1071 1056 1055
f 1072 1056 1071
f 1073 1061 1064
f 1074 559 560
f 1074 1070 559
f 1075 555 1069
f 1076 1074 560
f 1077 555 1075
f 1078 1076 560
f 1079 555 1077
f 1080 1063 1062
f 1080 1062 1081
f 1082 1073 1064
f 1083 1078 560
f 1084 555 1079
f 1084 554 555
f 1085 1075 1069
f 1086 1087 1070
f 1086 1070 1074
f 1088 1075 1085
f 1089 1071 1090
f 1089 1072 1071
f 1091 1090 1071
f 1092 1072 1089
f 1093 1094 1073
f 1095 1081 1096
f 1095 1080 1081
f 1097 1073 1082
f 1097 1093 1073
f 1098 1080 1095
f 1099 560 561
f 1099 1083 560
f 1100 554 1084
f 1101 1097 1082
f 1102 1080 1098
f 1103 1099 561
f 1104 554 1100
f 1105 1100 1084
f 1106 1083 1099
f 1107 1103 561
f 1108 554 1104
f 1109 1107 561
f 1110 553 554
f 1110 554 1108
f 1111 1085 1112
f 1113 1114 1087
f 1115 1085 1111
f 1115 1088 1085
f 1116 1113 1087
f 1116 1087 1086
f 1117 1116 1086
f 1118 1088 1115
f 1119 1106 1099
f 1120 1100 1105
f 1121 1122 1106
f 1123 1105 1124
f 1125 1106 1119
f 1125 1121 1106
f 1126 1120 1105
f 1126 1105 1123
f 1127 553 1110
f 1128 561 562
f 1128 1109 561
f 1129 1125 1119
f 1130 1120 1126
f 1131 1128 562
f 1132 553 1127
f 1133 1131 562
f 1134 553 1132
f 1135 1133 562
f 1136 552 553
f 1136 553 1134
f 1137 1138 1109
f 1137 1109 1128
f 1139 1110 1140
f 1139 1127 1110
f 1141 1142 1138
f 1143 1140 1144
f 1145 1138 1137
f 1145 1141 1138
f 1146 1140 1143
f 1146 1139 1140
f 1147 1145 1137
f 1148 1139 1146
f 1149 552 1136
f 1150 1135 562
f 1150 562 563
f 1151 552 1149
f 1152 1150 563
f 1153 552 1151
f 1154 1152 563
f 1155 551 552
f 1155 552 1153
f 1156 1154 563
f 1157 1136 1158
f 1157 1149 1136
f 1159 1135 1150
f 1159 1160 1135
f 1161 1162 1160
f 1163 1158 1164
f 1165 1161 1160
f 1165 1160 1159
f 1166 1157 1158
f 1166 1158 1163
f 1167 1165 1159
f 1168 1157 1166
f 1169 1155 1170
f 1169 551 1155
f 1171 563 564
f 1171 1156 563
f 1172 551 1169
f 1173 1171 564
f 1174 551 1172
f 1175 1173 564
f 1176 1177 1156
f 1176 1156 1171
f 1178 1169 1170
f 1179 551 1174
f 1180 1175 564
f 1181 1170 1182
f 1183 1184 1177
f 1185 1178 1170
f 1185 1170 1181
f 1186 1177 1176
f 1186 1183 1177
f 1187 1186 1176
f 1188 1178 1185
f 1189 564 565
f 1189 1180 564
f 1190 551 1179
f 1190 550 551
f 1190 1179 1191
f 1192 1193 1194
f 1195 1191 1196
f 1197 1189 565
f 1198 550 1190
f 1199 1180 1189
f 1199 1192 1194
f 1199 1194 1180
f 1200 1190 1191
f 1201 1197 565
f 1202 550 1198
f 1203 1191 1195
f 1203 1200 1191
f 1204 1192 1199
f 1205 1201 565
f 1206 550 1202
f 1207 1204 1199
f 1208 1200 1203
f 1209 1210 1211
f 1212 1213 1214
f 1215 1205 565
f 1215 565 566
f 1216 549 550
f 1216 550 1206
f 1217 1209 1211
f 1218 1205 1215
f 1218 1211 1205
f 1218 1217 1211
f 1219 1213 1212
f 1219 1206 1213
f 1219 1212 1220
f 1219 1216 1206
f 1221 1215 566
f 1222 549 1216
f 1223 1217 1218
f 1224 1219 1220
f 1225 1221 566
f 1226 549 1222
f 1227 1225 566
f 1228 549 1226
f 1229 1230 1231
f 1232 1233 1234
f 1235 1229 1231
f 1235 1236 1229
f 1237 1233 1232
f 1237 1232 1238
f 1239 1227 566
f 1239 1235 1231
f 1239 1231 1227
f 1240 549 1228
f 1240 1233 1237
f 1240 548 549
f 1240 1228 1233
f 1241 1236 1235
f 1242 1237 1238
f 1243 548 1240
f 567 1244 1239
f 567 1239 566
f 1245 1244 567
f 1246 548 1243
f 1247 1245 567
f 1248 548 1246
f 1249 1250 1251
f 1252 1253 1254
f 1255 1249 1251
f 1256 1255 1251
f 1256 1257 1255
f 1256 1251 1247
f 1258 1253 1252
f 1258 1259 1260
f 1258 1252 1259
f 1261 1256 1247
f 1261 1247 567
f 1262 547 548
f 1262 548 1248
f 1262 1253 1258
f 1262 1248 1253
f 1263 547 1262
f 1264 547 1263
f 1265 547 1264
f 568 1266 1261
f 568 1267 1266
f 568 1268 1267
f 568 1261 567
f 1269 1270 1271
f 1272 1273 1274
f 1275 1269 1271
f 1276 1275 1271
f 1276 1277 1275
f 1278 1273 1272
f 1278 1265 1273
f 1278 1279 1280
f 1278 1272 1279
f 1281 1265 1278
f 1281 547 1265
f 1282 1271 1268
f 1282 1276 1271
f 1282 1268 568
f 546 547 1281
f 546 1283 1284
f 546 1281 1283
f 1285 546 1284
f 569 1282 568
f 569 1286 1282
f 569 1287 1286
f 569 1288 1287
f 1289 1290 1291
f 1292 1293 1294
f 1295 1296 1297
f 1295 1289 1296
f 1295 1290 1289
f 1298 1299 1292
f 1298 1300 1299
f 1298 1292 1294
f 1301 1285 1290
f 1301 546 1285
f 1301 1290 1295
f 1302 1288 569
f 1302 1294 1288
f 1302 1298 1294
f 545 1303 1304
f 545 1305 1303
f 545 1301 1305
f 545 546 1301
f 1306 1307 1308
f 1309 1310 1311
f 1312 1309 1311
f 570 1313 1302
f 570 1314 1313
f 570 1315 1314
f 570 1302 569
f 1316 1317 1318
f 1316 1306 1317
f 1316 1307 1306
f 1319 1320 1312
f 1319 1311 1315
f 1319 1312 1311
f 1321 1319 1315
f 1321 1315 570
f 1322 1307 1316
f 1322 1304 1307
f 1322 545 1304
f 1323 1324 1325
f 1326 1327 1328
f 544 545 1322
f 544 1329 1330
f 544 1331 1329
f 544 1322 1331
f 1332 1330 1324
f 1332 1333 1334
f 1332 1323 1333
f 1332 1324 1323
f 1335 1336 1326
f 1335 1337 1336
f 1335 1328 1338
f 1335 1326 1328
f 571 1321 570
f 571 1339 1321
f 571 1340 1339
f 571 1338 1340
f 1341 1335 1338
f 1341 1338 571
f 1342 544 1330
f 1342 1330 1332
f 1343 1344 1345
f 1346 1347 1348
f 1349 1347 1346
f 543 1350 1351
f 543 1352 1350
f 543 1342 1352
f 543 544 1342
f 1353 1354 1343
f 1353 1355 1354
f 1353 1343 1345
f 1356 1349 1357
f 1356 1347 1349
f 572 1358 1341
f 572 1359 1358
f 572 1360 1359
f 572 1341 571
f 1361 1345 1360
f 1361 1353 1345
f 1361 1360 572
f 1362 1351 1347
f 1362 543 1351
f 1362 1347 1356
f 1363 1361 572
f 1364 1365 1366
f 1367 1368 1369
f 1370 1368 1367
f 1370 1371 1372
f 1370 1367 1371
f 1373 1374 1364
f 1373 1375 1374
f 1373 1364 1366
f 542 1376 1377
f 542 1378 1376
f 542 1362 1378
f 542 543 1362
f 1379 1366 1380
f 1379 1373 1366
f 1381 1368 1370
f 1381 1377 1368
f 1381 542 1377
f 1382 1383 1384
f 1385 1386 1387
f 1388 1385 1387
f 573 1389 1363
f 573 1380 1389
f 573 1379 1380
f 573 1390 1379
f 573 1363 572
f 1391 1383 1382
f 1391 1392 1383
f 1391 1393 1392
f 1394 1395 1385
f 1394 1388 1396
f 1394 1385 1388
f 1397 1395 1394
f 1398 1391 1382
f 1398 1382 1399
f 1400 1401 1402
f 1400 1403 1401
f 1404 1405 1406
f 541 542 1381
f 541 1407 1395
f 541 1408 1407
f 541 1381 1408
f 541 1395 1397
f 574 1390 573
f 574 1398 1399
f 574 1409 1398
f 574 1410 1390
f 574 1399 1410
f 1411 1412 1404
f 1411 1413 1414
f 1411 1406 1413
f 1411 1404 1406
f 1415 1416 1403
f 1415 1403 1400
f 1417 1418 1419
f 1420 1421 1422
f 1423 1412 1411
f 1424 1415 1400
f 1424 1400 1425
f 1426 1418 1417
f 1426 1427 1418
f 1426 1428 1427
f 1426 1417 1429
f 1430 1420 1422
f 1430 1431 1432
f 1430 1422 1431
f 540 541 1397
f 540 1412 1423
f 540 1433 1412
f 540 1434 1433
f 540 1397 1434
f 529 1409 574
f 529 1424 1425
f 529 1435 1424
f 529 1436 1435
f 529 1437 1409
f 529 1425 1437
f 1438 1439 1440
f 1441 1442 1443
f 1441 1444 1442
f 1445 1420 1430
f 1445 1446 1420
f 1447 1426 1429
f 1448 1443 1449
f 1448 1441 1443
f 1450 1439 1438
f 1450 1451 1439
f 1450 1452 1451
f 1450 1438 1453
f 1454 1455 1456
f 1454 1457 1455
f 1458 1459 1460
f 539 1446 1445
f 539 1461 1446
f 539 1462 1461
f 539 1423 1462
f 539 540 1423
f 1463 1441 1448
f 1463 1464 1441
f 1465 1450 1453
f 1466 1457 1454
f 1466 1467 1457
f 1468 1458 1460
f 1468 1469 1470
f 1468 1460 1469
f 528 1447 1429
f 528 1471 1447
f 528 1472 1471
f 528 1429 1436
f 528 1436 529
f 1473 1474 1475
f 1476 1477 1478
f 1476 1479 1477
f 1480 1474 1473
f 1480 1481 1474
f 1480 1482 1481
f 1483 1478 1484
f 1483 1476 1478
f 1485 1458 1468
f 1485 1486 1458
f 1487 1466 1454
f 1487 1454 1488
f 1489 1490 1491
f 1492 1493 1494
f 1495 1480 1473
f 1496 1497 1498
f 1496 1491 1497
f 1496 1489 1491
f 1499 1500 1493
f 1499 1501 1500
f 1499 1493 1492
f 1502 1503 1504
f 1502 1505 1503
f 1506 1507 1505
f 1506 1505 1502
f 538 1464 1463
f 538 1508 1464
f 538 1509 1508
f 538 1445 1509
f 538 539 1445
f 1510 1480 1495
f 1511 1512 1476
f 1511 1476 1483
f 1513 1489 1496
f 530 1465 1453
f 530 1514 1465
f 530 1515 1514
f 530 1453 1472
f 530 1472 528
f 1516 1499 1492
f 1516 1492 1517
f 1518 1513 1496
f 1519 1520 1506
f 1519 1506 1502
f 537 538 1463
f 537 1486 1485
f 537 1521 1486
f 537 1522 1521
f 537 1463 1522
f 531 1487 1488
f 531 1515 530
f 531 1523 1487
f 531 1524 1523
f 531 1495 1524
f 531 1488 1515
f 536 1512 1511
f 536 537 1485
f 536 1525 1512
f 536 1526 1525
f 536 1485 1526
f 532 1527 1510
f 532 1528 1527
f 532 1517 1528
f 532 1495 531
f 532 1510 1495
f 535 536 1511
f 535 1529 1513
f 535 1530 1529
f 535 1511 1530
f 535 1513 1518
f 533 1531 1516
f 533 1532 1531
f 533 1519 1532
f 533 1516 1517
f 533 1517 532
f 534 535 1518
f 534 1533 1520
f 534 1534 1533
f 534 1518 1534
f 534 1520 1519
f 534 1519 533
f 1535 575 576
f 1535 576 1536
f 1537 577 575
f 1537 575 1535
f 1538 578 577
f 1538 577 1537
f 1539 579 580
f 1539 580 1540
f 1536 576 579
f 1536 579 1539
f 1541 581 578
f 1541 578 1538
f 1542 582 581
f 1542 581 1541
f 1543 583 584
f 1543 584 1544
f 1545 585 583
f 1545 583 1543
f 1540 580 585
f 1540 585 1545
f 1546 586 582
f 1546 582 1542
f 1547 587 586
f 1547 586 1546
f 1548 588 587
f 1548 587 1547
f 1549 589 590
f 1549 590 1550
f 1544 584 589
f 1544 589 1549
f 1551 591 588
f 1551 588 1548
f 1552 592 591
f 1552 591 1551
f 1553 593 594
f 1553 594 1554
f 1555 595 593
f 1555 593 1553
f 1550 590 595
f 1550 595 1555
f 1556 596 592
f 1556 592 1552
f 1557 597 596
f 1557 596 1556
f 1558 598 597
f 1558 597 1557
f 1559 599 600
f 1559 600 1560
f 1554 594 599
f 1554 599 1559
f 1561 601 598
f 1561 598 1558
f 1562 602 601
f 1562 601 1561
f 1563 603 604
f 1563 604 1564
f 1565 605 603
f 1565 603 1563
f 1560 600 605
f 1560 605 1565
f 1566 606 602
f 1566 602 1562
f 1567 607 606
f 1567 606 1566
f 1568 608 607
f 1568 607 1567
f 1569 609 610
f 1569 610 1570
f 1564 604 609
f 1564 609 1569
f 1571 611 608
f 1571 608 1568
f 1572 612 611
f 1572 611 1571
f 1573 613 614
f 1573 614 1574
f 1575 615 613
f 1575 613 1573
f 1570 610 615
f 1570 615 1575
f 1576 616 612
f 1576 612 1572
f 1577 617 616
f 1577 616 1576
f 1578 618 617
f 1578 617 1577
f 1579 619 620
f 1579 620 1580
f 1574 614 619
f 1574 619 1579
f 1581 621 618
f 1581 618 1578
f 1582 622 621
f 1582 621 1581
f 1583 623 624
f 1583 624 1584
f 1585 625 623
f 1585 623 1583
f 1580 620 625
f 1580 625 1585
f 1586 626 622
f 1586 622 1582
f 1587 627 626
f 1587 626 1586
f 1588 628 627
f 1588 627 1587
f 1589 629 630
f 1589 630 1590
f 1584 624 629
f 1584 629 1589
f 1591 631 628
f 1591 628 1588
f 1592 632 631
f 1592 631 1591
f 1593 633 634
f 1593 634 1594
f 1595 635 633
f 1595 633 1593
f 1590 630 635
f 1590 635 1595
f 1596 636 632
f 1596 632 1592
f 1597 637 636
f 1597 636 1596
f 1598 638 637
f 1598 637 1597
f 1599 639 640
f 1599 640 1600
f 1594 634 639
f 1594 639 1599
f 1601 641 638
f 1601 638 1598
f 1602 642 641
f 1602 641 1601
f 1603 643 644
f 1603 644 1604
f 1605 645 643
f 1605 643 1603
f 1600 640 645
f 1600 645 1605
f 1606 646 642
f 1606 642 1602
f 1607 647 646
f 1607 646 1606
f 1608 648 647
f 1608 647 1607
f 1609 649 650
f 1609 650 1610
f 1604 644 649
f 1604 649 1609
f 1611 651 648
f 1611 648 1608
f 1612 652 651
f 1612 651 1611
f 1613 653 654
f 1613 654 1614
f 1615 655 653
f 1615 653 1613
f 1610 650 655
f 1610 655 1615
f 1616 656 652
f 1616 652 1612
f 1617 657 656
f 1617 656 1616
f 1618 658 657
f 1618 657 1617
f 1619 659 660
f 1619 660 1620
f 1614 654 659
f 1614 659 1619
f 1621 661 658
f 1621 658 1618
f 1622 662 661
f 1622 661 1621
f 1623 663 664
f 1623 664 1624
f 1625 665 663
f 1625 663 1623
f 1620 660 665
f 1620 665 1625
f 1626 666 662
f 1626 662 1622
f 1627 667 666
f 1627 666 1626
f 1628 668 667
f 1628 667 1627
f 1629 669 670
f 1629 670 1630
f 1624 664 669
f 1624 669 1629
f 1631 671 668
f 1631 668 1628
f 1632 672 671
f 1632 671 1631
f 1633 673 674
f 1633 674 1634
f 1635 675 673
f 1635 673 1633
f 1630 670 675
f 1630 675 1635
f 1636 676 672
f 1636 672 1632
f 1637 677 676
f 1637 676 1636
f 1638 678 677
f 1638 677 1637
f 1639 679 680
f 1639 680 1640
f 1634 674 679
f 1634 679 1639
f 1641 681 678
f 1641 678 1638
f 1642 682 681
f 1642 681 1641
f 1643 683 684
f 1643 684 1644
f 1645 685 683
f 1645 683 1643
f 1640 680 685
f 1640 685 1645
f 1646 686 682
f 1646 682 1642
f 1647 687 686
f 1647 686 1646
f 1648 688 687
f 1648 687 1647
f 1649 689 690
f 1649 690 1650
f 1644 684 689
f 1644 689 1649
f 1651 691 688
f 1651 688 1648
f 1652 692 691
f 1652 691 1651
f 1653 693 694
f 1653 694 1654
f 1655 695 693
f 1655 693 1653
f 1650 690 695
f 1650 695 1655
f 1656 696 692
f 1656 692 1652
f 1657 697 696
f 1657 696 1656
f 1658 698 697
f 1658 697 1657
f 1659 699 700
f 1659 700 1660
f 1654 694 699
f 1654 699 1659
f 1661 701 698
f 1661 698 1658
f 1662 702 701
f 1662 701 1661
f 1663 703 704
f 1663 704 1664
f 1665 705 703
f 1665 703 1663
f 1660 700 705
f 1660 705 1665
f 1666 706 702
f 1666 702 1662
f 1667 707 706
f 1667 706 1666
f 1668 708 707
f 1668 707 1667
f 1669 709 710
f 1669 710 1670
f 1664 704 709
f 1664 709 1669
f 1671 711 708
f 1671 708 1668
f 1672 712 711
f 1672 711 1671
f 1673 713 714
f 1673 714 1674
f 1675 715 713
f 1675 713 1673
f 1670 710 715
f 1670 715 1675
f 1676 716 712
f 1676 712 1672
f 1677 717 716
f 1677 716 1676
f 1678 718 717
f 1678 717 1677
f 1679 719 720
f 1679 720 1680
f 1674 714 719
f 1674 719 1679
f 1681 721 718
f 1681 718 1678
f 1682 722 721
f 1682 721 1681
f 1683 723 724
f 1683 724 1684
f 1685 725 723
f 1685 723 1683
f 1680 720 725
f 1680 725 1685
f 1686 726 722
f 1686 722 1682
f 1687 727 726
f 1687 726 1686
f 1688 728 727
f 1688 727 1687
f 1689 729 730
f 1689 730 1690
f 1684 724 729
f 1684 729 1689
f 1691 731 728
f 1691 728 1688
f 1692 732 731
f 1692 731 1691
f 1693 733 734
f 1693 734 1694
f 1695 735 733
f 1695 733 1693
f 1690 730 735
f 1690 735 1695
f 1696 736 732
f 1696 732 1692
f 1697 737 736
f 1697 736 1696
f 1698 738 737
f 1698 737 1697
f 1699 739 740
f 1699 740 1700
f 1694 734 739
f 1694 739 1699
f 1701 741 738
f 1701 738 1698
f 1702 742 741
f 1702 741 1701
f 1703 743 744
f 1703 744 1704
f 1705 745 743
f 1705 743 1703
f 1700 740 745
f 1700 745 1705
f 1706 746 742
f 1706 742 1702
f 1707 747 746
f 1707 746 1706
f 1708 748 747
f 1708 747 1707
f 1709 749 750
f 1709 750 1710
f 1704 744 749
f 1704 749 1709
f 1711 751 748
f 1711 748 1708
f 1712 752 751
f 1712 751 1711
f 1713 753 754
f 1713 754 1714
f 1715 755 753
f 1715 753 1713
f 1710 750 755
f 1710 755 1715
f 1716 756 752
f 1716 752 1712
f 1717 757 756
f 1717 756 1716
f 1718 758 757
f 1718 757 1717
f 1719 759 760
f 1719 760 1720
f 1714 754 759
f 1714 759 1719
f 1721 761 758
f 1721 758 1718
f 1722 762 761
f 1722 761 1721
f 1723 763 764
f 1723 764 1724
f 1725 765 763
f 1725 763 1723
f 1720 760 765
f 1720 765 1725
f 1726 766 762
f 1726 762 1722
f 1727 767 766
f 1727 766 1726
f 1728 768 767
f 1728 767 1727
f 1729 769 770
f 1729 770 1730
f 1724 764 769
f 1724 769 1729
f 1731 771 768
f 1731 768 1728
f 1732 772 771
f 1732 771 1731
f 1733 773 774
f 1733 774 1734
f 1735 775 773
f 1735 773 1733
f 1730 770 775
f 1730 775 1735
f 1736 776 772
f 1736 772 1732
f 1737 777 776
f 1737 776 1736
f 1738 778 777
f 1738 777 1737
f 1739 779 780
f 1739 780 1740
f 1734 774 779
f 1734 779 1739
f 1741 781 778
f 1741 778 1738
f 1742 782 781
f 1742 781 1741
f 1743 783 784
f 1743 784 1744
f 1745 785 783
f 1745 783 1743
f 1740 780 785
f 1740 785 1745
f 1746 786 782
f 1746 782 1742
f 1747 787 786
f 1747 786 1746
f 1748 788 787
f 1748 787 1747
f 1749 789 790
f 1749 790 1750
f 1744 784 789
f 1744 789 1749
f 1751 791 788
f 1751 788 1748
f 1752 792 791
f 1752 791 1751
f 1753 793 794
f 1753 794 1754
f 1755 795 793
f 1755 793 1753
f 1750 790 795
f 1750 795 1755
f 1756 796 792
f 1756 792 1752
f 1757 797 796
f 1757 796 1756
f 1758 798 797
f 1758 797 1757
f 1759 799 800
f 1759 800 1760
f 1754 794 799
f 1754 799 1759
f 1761 801 798
f 1761 798 1758
f 1762 802 801
f 1762 801 1761
f 1763 803 804
f 1763 804 1764
f 1765 805 803
f 1765 803 1763
f 1760 800 805
f 1760 805 1765
f 1766 806 802
f 1766 802 1762
f 1767 807 806
f 1767 806 1766
f 1768 808 807
f 1768 807 1767
f 1769 809 810
f 1769 810 1770
f 1764 804 809
f 1764 809 1769
f 1771 811 808
f 1771 808 1768
f 1772 812 811
f 1772 811 1771
f 1773 813 814
f 1773 814 1774
f 1775 815 813
f 1775 813 1773
f 1770 810 815
f 1770 815 1775
f 1776 816 812
f 1776 812 1772
f 1777 817 816
f 1777 816 1776
f 1778 818 817
f 1778 817 1777
f 1779 819 820
f 1779 820 1780
f 1774 814 819
f 1774 819 1779
f 1781 821 818
f 1781 818 1778
f 1782 822 821
f 1782 821 1781
f 1783 823 824
f 1783 824 1784
f 1785 825 823
f 1785 823 1783
f 1780 820 825
f 1780 825 1785
f 1786 826 822
f 1786 822 1782
f 1787 827 826
f 1787 826 1786
f 1788 828 827
f 1788 827 1787
f 1789 829 830
f 1789 830 1790
f 1784 824 829
f 1784 829 1789
f 1791 831 828
f 1791 828 1788
f 1792 832 831
f 1792 831 1791
f 1793 833 834
f 1793 834 1794
f 1795 835 833
f 1795 833 1793
f 1790 830 835
f 1790 835 1795
f 1796 836 832
f 1796 832 1792
f 1797 837 836
f 1797 836 1796
f 1798 838 837
f 1798 837 1797
f 1799 839 840
f 1799 840 1800
f 1794 834 839
f 1794 839 1799
f 1801 841 838
f 1801 838 1798
f 1802 842 841
f 1802 841 1801
f 1803 843 844
f 1803 844 1804
f 1805 845 843
f 1805 843 1803
f 1800 840 845
f 1800 845 1805
f 1806 846 842
f 1806 842 1802
f 1807 847 846
f 1807 846 1806
f 1808 848 847
f 1808 847 1807
f 1809 849 850
f 1809 850 1810
f 1804 844 849
f 1804 849 1809
f 1811 851 848
f 1811 848 1808
f 1812 852 851
f 1812 851 1811
f 1813 853 854
f 1813 854 1814
f 1815 855 853
f 1815 853 1813
f 1810 850 855
f 1810 855 1815
f 1816 856 852
f 1816 852 1812
f 1817 857 856
f 1817 856 1816
f 1818 858 857
f 1818 857 1817
f 1819 859 860
f 1819 860 1820
f 1814 854 859
f 1814 859 1819
f 1821 861 858
f 1821 858 1818
f 1822 862 861
f 1822 861 1821
f 1823 863 864
f 1823 864 1824
f 1825 865 863
f 1825 863 1823
f 1820 860 865
f 1820 865 1825
f 1826 866 862
f 1826 862 1822
f 1827 867 866
f 1827 866 1826
f 1828 868 867
f 1828 867 1827
f 1829 869 870
f 1829 870 1830
f 1824 864 869
f 1824 869 1829
f 1831 871 868
f 1831 868 1828
f 1832 872 871
f 1832 871 1831
f 1833 873 874
f 1833 874 1834
f 1835 875 873
f 1835 873 1833
f 1830 870 875
f 1830 875 1835
f 1836 876 872
f 1836 872 1832
f 1837 877 876
f 1837 876 1836
f 1838 878 877
f 1838 877 1837
f 1839 879 880
f 1839 880 1840
f 1834 874 879
f 1834 879 1839
f 1841 881 878
f 1841 878 1838
f 1842 882 881
f 1842 881 1841
f 1843 883 884
f 1843 884 1844
f 1845 885 883
f 1845 883 1843
f 1840 880 885
f 1840 885 1845
f 1846 886 882
f 1846 882 1842
f 1847 887 886
f 1847 886 1846
f 1848 888 887
f 1848 887 1847
f 1849 889 890
f 1849 890 1850
f 1844 884 889
f 1844 889 1849
f 1851 891 888
f 1851 888 1848
f 1852 892 891
f 1852 891 1851
f 1853 893 894
f 1853 894 1854
f 1855 895 893
f 1855 893 1853
f 1850 890 895
f 1850 895 1855
f 1856 896 892
f 1856 892 1852
f 1857 897 896
f 1857 896 1856
f 1858 898 897
f 1858 897 1857
f 1859 899 900
f 1859 900 1860
f 1854 894 899
f 1854 899 1859
f 1861 901 898
f 1861 898 1858
f 1862 902 901
f 1862 901 1861
f 1863 903 904
f 1863 904 1864
f 1865 905 903
f 1865 903 1863
f 1860 900 905
f 1860 905 1865
f 1866 906 902
f 1866 902 1862
f 1867 907 906
f 1867 906 1866
f 1868 908 907
f 1868 907 1867
f 1869 909 910
f 1869 910 1870
f 1864 904 909
f 1864 909 1869
f 1871 911 908
f 1871 908 1868
f 1872 912 911
f 1872 911 1871
f 1873 913 914
f 1873 914 1874
f 1875 915 913
f 1875 913 1873
f 1870 910 915
f 1870 915 1875
f 1876 916 912
f 1876 912 1872
f 1877 917 916
f 1877 916 1876
f 1878 918 917
f 1878 917 1877
f 1879 919 920
f 1879 920 1880
f 1874 914 919
f 1874 919 1879
f 1881 921 918
f 1881 918 1878
f 1882 922 921
f 1882 921 1881
f 1883 923 924
f 1883 924 1884
f 1885 925 923
f 1885 923 1883
f 1880 920 925
f 1880 925 1885
f 1886 926 922
f 1886 922 1882
f 1887 927 926
f 1887 926 1886
f 1888 928 927
f 1888 927 1887
f 1889 929 930
f 1889 930 1890
f 1884 924 929
f 1884 929 1889
f 1891 931 928
f 1891 928 1888
f 1892 932 931
f 1892 931 1891
f 1893 933 934
f 1893 934 1894
f 1895 935 933
f 1895 933 1893
f 1890 930 935
f 1890 935 1895
f 1896 936 932
f 1896 932 1892
f 1897 937 936
f 1897 936 1896
f 1898 938 937
f 1898 937 1897
f 1899 939 940
f 1899 940 1900
f 1894 934 939
f 1894 939 1899
f 1901 941 938
f 1901 938 1898
f 1902 942 941
f 1902 941 1901
f 1903 943 944
f 1903 944 1904
f 1905 945 943
f 1905 943 1903
f 1900 940 945
f 1900 945 1905
f 1906 946 942
f 1906 942 1902
f 1907 947 946
f 1907 946 1906
f 1908 948 947
f 1908 947 1907
f 1909 949 950
f 1909 950 1910
f 1904 944 949
f 1904 949 1909
f 1911 951 948
f 1911 948 1908
f 1912 952 951
f 1912 951 1911
f 1913 953 954
f 1913 954 1914
f 1915 955 953
f 1915 953 1913
f 1910 950 955
f 1910 955 1915
f 1916 956 952
f 1916 952 1912
f 1917 957 956
f 1917 956 1916
f 1918 958 957
f 1918 957 1917
f 1919 959 960
f 1919 960 1920
f 1914 954 959
f 1914 959 1919
f 1921 961 958
f 1921 958 1918
f 1922 962 961
f 1922 961 1921
f 1923 963 964
f 1923 964 1924
f 1925 965 963
f 1925 963 1923
f 1920 960 965
f 1920 965 1925
f 1926 966 962
f 1926 962 1922
f 1927 967 966
f 1927 966 1926
f 1928 968 967
f 1928 967 1927
f 1929 969 970
f 1929 970 1930
f 1924 964 969
f 1924 969 1929
f 1931 971 968
f 1931 968 1928
f 1932 972 971
f 1932 971 1931
f 1933 973 974
f 1933 974 1934
f 1935 975 973
f 1935 973 1933
f 1930 970 975
f 1930 975 1935
f 1936 976 972
f 1936 972 1932
f 1937 977 976
f 1937 976 1936
f 1938 978 977
f 1938 977 1937
f 1939 979 980
f 1939 980 1940
f 1934 974 979
f 1934 979 1939
f 1941 981 978
f 1941 978 1938
f 1942 982 981
f 1942 981 1941
f 1943 983 984
f 1943 984 1944
f 1945 985 983
f 1945 983 1943
f 1940 980 985
f 1940 985 1945
f 1946 986 982
f 1946 982 1942
f 1947 987 986
f 1947 986 1946
f 1948 988 987
f 1948 987 1947
f 1949 989 990
f 1949 990 1950
f 1944 984 989
f 1944 989 1949
f 1951 991 988
f 1951 988 1948
f 1952 992 991
f 1952 991 1951
f 1953 993 994
f 1953 994 1954
f 1955 995 993
f 1955 993 1953
f 1950 990 995
f 1950 995 1955
f 1956 996 992
f 1956 992 1952
f 1957 997 996
f 1957 996 1956
f 1958 998 997
f 1958 997 1957
f 1959 999 1000
f 1959 1000 1960
f 1954 994 999
f 1954 999 1959
f 1961 1001 998
f 1961 998 1958
f 1962 1002 1001
f 1962 1001 1961
f 1963 1003 1004
f 1963 1004 1964
f 1965 1005 1003
f 1965 1003 1963
f 1960 1000 1005
f 1960 1005 1965
f 1966 1006 1002
f 1966 1002 1962
f 1967 1007 1006
f 1967 1006 1966
f 1968 1008 1007
f 1968 1007 1967
f 1969 1009 1010
f 1969 1010 1970
f 1964 1004 1009
f 1964 1009 1969
f 1971 1011 1008
f 1971 1008 1968
f 1972 1012 1011
f 1972 1011 1971
f 1973 1013 1014
f 1973 1014 1974
f 1975 1015 1013
f 1975 1013 1973
f 1970 1010 1015
f 1970 1015 1975
f 1976 1016 1012
f 1976 1012 1972
f 1977 1017 1016
f 1977 1016 1976
f 1978 1018 1017
f 1978 1017 1977
f 1979 1019 1020
f 1979 1020 1980
f 1974 1014 1019
f 1974 1019 1979
f 1981 1021 1018
f 1981 1018 1978
f 1982 1022 1021
f 1982 1021 1981
f 1983 1023 1024
f 1983 1024 1984
f 1985 1025 1023
f 1985 1023 1983
f 1980 1020 1025
f 1980 1025 1985
f 1986 1026 1022
f 1986 1022 1982
f 1987 1027 1026
f 1987 1026 1986
f 1988 1028 1027
f 1988 1027 1987
f 1989 1029 1030
f 1989 1030 1990
f 1984 1024 1029
f 1984 1029 1989
f 1991 1031 1028
f 1991 1028 1988
f 1992 1032 1031
f 1992 1031 1991
f 1993 1033 1034
f 1993 1034 1994
f 1995 1035 1033
f 1995 1033 1993
f 1990 1030 1035
f 1990 1035 1995
f 1996 1036 1032
f 1996 1032 1992
f 1997 1037 1036
f 1997 1036 1996
f 1998 1038 1037
f 1998 1037 1997
f 1999 1039 1040
f 1999 1040 2000
f 1994 1034 1039
f 1994 1039 1999
f 2001 1041 1038
f 2001 1038 1998
f 2002 1042 1041
f 2002 1041 2001
f 2003 1043 1044
f 2003 1044 2004
f 2005 1045 1043
f 2005 1043 2003
f 2000 1040 1045
f 2000 1045 2005
f 2006 1046 1042
f 2006 1042 2002
f 2007 1047 1046
f 2007 1046 2006
f 2008 1048 1047
f 2008 1047 2007
f 2009 1049 1050
f 2009 1050 2010
f 2004 1044 1049
f 2004 1049 2009
f 2011 1051 1048
f 2011 1048 2008
f 2012 1052 1051
f 2012 1051 2011
f 2013 1053 1052
f 2013 1052 2012
f 2014 1054 1053
f 2014 1053 2013
f 2010 1050 1054
f 2010 1054 2014
f 2015 1535 1536
f 2015 1536 2016
f 2017 1537 1535
f 2017 1535 2015
f 2018 1538 1537
f 2018 1537 2017
f 2019 1539 1540
f 2019 1540 2020
f 2016 1536 1539
f 2016 1539 2019
f 2021 1541 1538
f 2021 1538 2018
f 2022 1542 1541
f 2022 1541 2021
f 2023 1543 1544
f 2023 1544 2024
f 2025 1545 1543
f 2025 1543 2023
f 2020 1540 1545
f 2020 1545 2025
f 2026 1546 1542
f 2026 1542 2022
f 2027 1547 1546
f 2027 1546 2026
f 2028 1548 1547
f 2028 1547 2027
f 2029 1549 1550
f 2029 1550 2030
f 2024 1544 1549
f 2024 1549 2029
f 2031 1551 1548
f 2031 1548 2028
f 2032 1552 1551
f 2032 1551 2031
f 2033 1553 1554
f 2033 1554 2034
f 2035 1555 1553
f 2035 1553 2033
f 2030 1550 1555
f 2030 1555 2035
f 2036 1556 1552
f 2036 1552 2032
f 2037 1557 1556
f 2037 1556 2036
f 2038 1558 1557
f 2038 1557 2037
f 2039 1559 1560
f 2039 1560 2040
f 2034 1554 1559
f 2034 1559 2039
f 2041 1561 1558
f 2041 1558 2038
f 2042 1562 1561
f 2042 1561 2041
f 2043 1563 1564
f 2043 1564 2044
f 2045 1565 1563
f 2045 1563 2043
f 2040 1560 1565
f 2040 1565 2045
f 2046 1566 1562
f 2046 1562 2042
f 2047 1567 1566
f 2047 1566 2046
f 2048 1568 1567
f 2048 1567 2047
f 2049 1569 1570
f 2049 1570 2050
f 2044 1564 1569
f 2044 1569 2049
f 2051 1571 1568
f 2051 1568 2048
f 2052 1572 1571
f 2052 1571 2051
f 2053 1573 1574
f 2053 1574 2054
f 2055 1575 1573
f 2055 1573 2053
f 2050 1570 1575
f 2050 1575 2055
f 2056 1576 1572
f 2056 1572 2052
f 2057 1577 1576
f 2057 1576 2056
f 2058 1578 1577
f 2058 1577 2057
f 2059 1579 1580
f 2059 1580 2060
f 2054 1574 1579
f 2054 1579 2059
f 2061 1581 1578
f 2061 1578 2058
f 2062 1582 1581
f 2062 1581 2061
f 2063 1583 1584
f 2063 1584 2064
f 2065 1585 1583
f 2065 1583 2063
f 2060 1580 1585
f 2060 1585 2065
f 2066 1586 1582
f 2066 1582 2062
f 2067 1587 1586
f 2067 1586 2066
f 2068 1588 1587
f 2068 1587 2067
f 2069 1589 1590
f 2069 1590 2070
f 2064 1584 1589
f 2064 1589 2069
f 2071 1591 1588
f 2071 1588 2068
f 2072 1592 1591
f 2072 1591 2071
f 2073 1593 1594
f 2073 1594 2074
f 2075 1595 1593
f 2075 1593 2073
f 2070 1590 1595
f 2070 1595 2075
f 2076 1596 1592
f 2076 1592 2072
f 2077 1597 1596
f 2077 1596 2076
f 2078 1598 1597
f 2078 1597 2077
f 2079 1599 1600
f 2079 1600 2080
f 2074 1594 1599
f 2074 1599 2079
f 2081 1601 1598
f 2081 1598 2078
f 2082 1602 1601
f 2082 1601 2081
f 2083 1603 1604
f 2083 1604 2084
f 2085 1605 1603
f 2085 1603 2083
f 2080 1600 1605
f 2080 1605 2085
f 2086 1606 1602
f 2086 1602 2082
f 2087 1607 1606
f 2087 1606 2086
f 2088 1608 1607
f 2088 1607 2087
f 2089 1609 1610
f 2089 1610 2090
f 2084 1604 1609
f 2084 1609 2089
f 2091 1611 1608
f 2091 1608 2088
f 2092 1612 1611
f 2092 1611 2091
f 2093 1613 1614
f 2093 1614 2094
f 2095 1615 1613
f 2095 1613 2093
f 2090 1610 1615
f 2090 1615 2095
f 2096 1616 1612
f 2096 1612 2092
f 2097 1617 1616
f 2097 1616 2096
f 2098 1618 1617
f 2098 1617 2097
f 2099 1619 1620
f 2099 1620 2100
f 2094 1614 1619
f 2094 1619 2099
f 2101 1621 1618
f 2101 1618 2098
f 2102 1622 1621
f 2102 1621 2101
f 2103 1623 1624
f 2103 1624 2104
f 2105 1625 1623
f 2105 1623 2103
f 2100 1620 1625
f 2100 1625 2105
f 2106 1626 1622
f 2106 1622 2102
f 2107 1627 1626
f 2107 1626 2106
f 2108 1628 1627
f 2108 1627 2107
f 2109 1629 1630
f 2109 1630 2110
f 2104 1624 1629
f 2104 1629 2109
f 2111 1631 1628
f 2111 1628 2108
f 2112 1632 1631
f 2112 1631 2111
f 2113 1633 1634
f 2113 1634 2114
f 2115 1635 1633
f 2115 1633 2113
f 2110 1630 1635
f 2110 1635 2115
f 2116 1636 1632
f 2116 1632 2112
f 2117 1637 1636
f 2117 1636 2116
f 2118 1638 1637
f 2118 1637 2117
f 2119 1639 1640
f 2119 1640 2120
f 2114 1634 1639
f 2114 1639 2119
f 2121 1641 1638
f 2121 1638 2118
f 2122 1642 1641
f 2122 1641 2121
f 2123 1643 1644
f 2123 1644 2124
f 2125 1645 1643
f 2125 1643 2123
f 2120 1640 1645
f 2120 1645 2125
f 2126 1646 1642
f 2126 1642 2122
f 2127 1647 1646
f 2127 1646 2126
f 2128 1648 1647
f 2128 1647 2127
f 2129 1649 1650
f 2129 1650 2130
f 2124 1644 1649
f 2124 1649 2129
f 2131 1651 1648
f 2131 1648 2128
f 2132 1652 1651
f 2132 1651 2131
f 2133 1653 1654
f 2133 1654 2134
f 2135 1655 1653
f 2135 1653 2133
f 2130 1650 1655
f 2130 1655 2135
f 2136 1656 1652
f 2136 1652 2132
f 2137 1657 1656
f 2137 1656 2136
f 2138 1658 1657
f 2138 1657 2137
f 2139 1659 1660
f 2139 1660 2140
f 2134 1654 1659
f 2134 1659 2139
f 2141 1661 1658
f 2141 1658 2138
f 2142 1662 1661
f 2142 1661 2141
f 2143 1663 1664
f 2143 1664 2144
f 2145 1665 1663
f 2145 1663 2143
f 2140 1660 1665
f 2140 1665 2145
f 2146 1666 1662
f 2146 1662 2142
f 2147 1667 1666
f 2147 1666 2146
f 2148 1668 1667
f 2148 1667 2147
f 2149 1669 1670
f 2149 1670 2150
f 2144 1664 1669
f 2144 1669 2149
f 2151 1671 1668
f 2151 1668 2148
f 2152 1672 1671
f 2152 1671 2151
f 2153 1673 1674
f 2153 1674 2154
f 2155 1675 1673
f 2155 1673 2153
f 2150 1670 1675
f 2150 1675 2155
f 2156 1676 1672
f 2156 1672 2152
f 2157 1677 1676
f 2157 1676 2156
f 2158 1678 1677
f 2158 1677 2157
f 2159 1679 1680
f 2159 1680 2160
f 2154 1674 1679
f 2154 1679 2159
f 2161 1681 1678
f 2161 1678 2158
f 2162 1682 1681
f 2162 1681 2161
f 2163 1683 1684
f 2163 1684 2164
f 2165 1685 1683
f 2165 1683 2163
f 2160 1680 1685
f 2160 1685 2165
f 2166 1686 1682
f 2166 1682 2162
f 2167 1687 1686
f 2167 1686 2166
f 2168 1688 1687
f 2168 1687 2167
f 2169 1689 1690
f 2169 1690 2170
f 2164 1684 1689
f 2164 1689 2169
f 2171 1691 1688
f 2171 1688 2168
f 2172 1692 1691
f 2172 1691 2171
f 2173 1693 1694
f 2173 1694 2174
f 2175 1695 1693
f 2175 1693 2173
f 2170 1690 1695
f 2170 1695 2175
f 2176 1696 1692
f 2176 1692 2172
f 2177 1697 1696
f 2177 1696 2176
f 2178 1698 1697
f 2178 1697 2177
f 2179 1699 1700
f 2179 1700 2180
f 2174 1694 1699
f 2174 1699 2179
f 2181 1701 1698
f 2181 1698 2178
f 2182 1702 1701
f 2182 1701 2181
f 2183 1703 1704
f 2183 1704 2184
f 2185 1705 1703
f 2185 1703 2183
f 2180 1700 1705
f 2180 1705 2185
f 2186 1706 1702
f 2186 1702 2182
f 2187 1707 1706
f 2187 1706 2186
f 2188 1708 1707
f 2188 1707 2187
f 2189 1709 1710
f 2189 1710 2190
f 2184 1704 1709
f 2184 1709 2189
f 2191 1711 1708
f 2191 1708 2188
f 2192 1712 1711
f 2192 1711 2191
f 2193 1713 1714
f 2193 1714 2194
f 2195 1715 1713
f 2195 1713 2193
f 2190 1710 1715
f 2190 1715 2195
f 2196 1716 1712
f 2196 1712 2192
f 2197 1717 1716
f 2197 1716 2196
f 2198 1718 1717
f 2198 1717 2197
f 2199 1719 1720
f 2199 1720 2200
f 2194 1714 1719
f 2194 1719 2199
f 2201 1721 1718
f 2201 1718 2198
f 2202 1722 1721
f 2202 1721 2201
f 2203 1723 1724
f 2203 1724 2204
f 2205 1725 1723
f 2205 1723 2203
f 2200 1720 1725
f 2200 1725 2205
f 2206 1726 1722
f 2206 1722 2202
f 2207 1727 1726
f 2207 1726 2206
f 2208 1728 1727
f 2208 1727 2207
f 2209 1729 1730
f 2209 1730 2210
f 2204 1724 1729
f 2204 1729 2209
f 2211 1731 1728
f 2211 1728 2208
f 2212 1732 1731
f 2212 1731 2211
f 2213 1733 1734
f 2213 1734 2214
f 2215 1735 1733
f 2215 1733 2213
f 2210 1730 1735
f 2210 1735 2215
f 2216 1736 1732
f 2216 1732 2212
f 2217 1737 1736
f 2217 1736 2216
f 2218 1738 1737
f 2218 1737 2217
f 2219 1739 1740
f 2219 1740 2220
f 2214 1734 1739
f 2214 1739 2219
f 2221 1741 1738
f 2221 1738 2218
f 2222 1742 1741
f 2222 1741 2221
f 2223 1743 1744
f 2223 1744 2224
f 2225 1745 1743
f 2225 1743 2223
f 2220 1740 1745
f 2220 1745 2225
f 2226 1746 1742
f 2226 1742 2222
f 2227 1747 1746
f 2227 1746 2226
f 2228 1748 1747
f 2228 1747 2227
f 2229 1749 1750
f 2229 1750 2230
f 2224 1744 1749
f 2224 1749 2229
f 2231 1751 1748
f 2231 1748 2228
f 2232 1752 1751
f 2232 1751 2231
f 2233 1753 1754
f 2233 1754 2234
f 2235 1755 1753
f 2235 1753 2233
f 2230 1750 1755
f 2230 1755 2235
f 2236 1756 1752
f 2236 1752 2232
f 2237 1757 1756
f 2237 1756 2236
f 2238 1758 1757
f 2238 1757 2237
f 2239 1759 1760
f 2239 1760 2240
f 2234 1754 1759
f 2234 1759 2239
f 2241 1761 1758
f 2241 1758 2238
f 2242 1762 1761
f 2242 1761 2241
f 2243 1763 1764
f 2243 1764 2244
f 2245 1765 1763
f 2245 1763 2243
f 2240 1760 1765
f 2240 1765 2245
f 2246 1766 1762
f 2246 1762 2242
f 2247 1767 1766
f 2247 1766 2246
f 2248 1768 1767
f 2248 1767 2247
f 2249 1769 1770
f 2249 1770 2250
f 2244 1764 1769
f 2244 1769 2249
f 2251 1771 1768
f 2251 1768 2248
f 2252 1772 1771
f 2252 1771 2251
f 2253 1773 1774
f 2253 1774 2254
f 2255 1775 1773
f 2255 1773 2253
f 2250 1770 1775
f 2250 1775 2255
f 2256 1776 1772
f 2256 1772 2252
f 2257 1777 1776
f 2257 1776 2256
f 2258 1778 1777
f 2258 1777 2257
f 2259 1779 1780
f 2259 1780 2260
f 2254 1774 1779
f 2254 1779 2259
f 2261 1781 1778
f 2261 1778 2258
f 2262 1782 1781
f 2262 1781 2261
f 2263 1783 1784
f 2263 1784 2264
f 2265 1785 1783
f 2265 1783 2263
f 2260 1780 1785
f 2260 1785 2265
f 2266 1786 1782
f 2266 1782 2262
f 2267 1787 1786
f 2267 1786 2266
f 2268 1788 1787
f 2268 1787 2267
f 2269 1789 1790
f 2269 1790 2270
f 2264 1784 1789
f 2264 1789 2269
f 2271 1791 1788
f 2271 1788 2268
f 2272 1792 1791
f 2272 1791 2271
f 2273 1793 1794
f 2273 1794 2274
f 2275 1795 1793
f 2275 1793 2273
f 2270 1790 1795
f 2270 1795 2275
f 2276 1796 1792
f 2276 1792 2272
f 2277 1797 1796
f 2277 1796 2276
f 2278 1798 1797
f 2278 1797 2277
f 2279 1799 1800
f 2279 1800 2280
f 2274 1794 1799
f 2274 1799 2279
f 2281 1801 1798
f 2281 1798 2278
f 2282 1802 1801
f 2282 1801 2281
f 2283 1803 1804
f 2283 1804 2284
f 2285 1805 1803
f 2285 1803 2283
f 2280 1800 1805
f 2280 1805 2285
f 2286 1806 1802
f 2286 1802 2282
f 2287 1807 1806
f 2287 1806 2286
f 2288 1808 1807
f 2288 1807 2287
f 2289 1809 1810
f 2289 1810 2290
f 2284 1804 1809
f 2284 1809 2289
f 2291 1811 1808
f 2291 1808 2288
f 2292 1812 1811
f 2292 1811 2291
f 2293 1813 1814
f 2293 1814 2294
f 2295 1815 1813
f 2295 1813 2293
f 2290 1810 1815
f 2290 1815 2295
f 2296 1816 1812
f 2296 1812 2292
f 2297 1817 1816
f 2297 1816 2296
f 2298 1818 1817
f 2298 1817 2297
f 2299 1819 1820
f 2299 1820 2300
f 2294 1814 1819
f 2294 1819 2299
f 2301 1821 1818
f 2301 1818 2298
f 2302 1822 1821
f 2302 1821 2301
f 2303 1823 1824
f 2303 1824 2304
f 2305 1825 1823
f 2305 1823 2303
f 2300 1820 1825
f 2300 1825 2305
f 2306 1826 1822
f 2306 1822 2302
f 2307 1827 1826
f 2307 1826 2306
f 2308 1828 1827
f 2308 1827 2307
f 2309 1829 1830
f 2309 1830 2310
f 2304 1824 1829
f 2304 1829 2309
f 2311 1831 1828
f 2311 1828 2308
f 2312 1832 1831
f 2312 1831 2311
f 2313 1833 1834
f 2313 1834 2314
f 2315 1835 1833
f 2315 1833 2313
f 2310 1830 1835
f 2310 1835 2315
f 2316 1836 1832
f 2316 1832 2312
f 2317 1837 1836
f 2317 1836 2316
f 2318 1838 1837
f 2318 1837 2317
f 2319 1839 1840
f 2319 1840 2320
f 2314 1834 1839
f 2314 1839 2319
f 2321 1841 1838
f 2321 1838 2318
f 2322 1842 1841
f 2322 1841 2321
f 2323 1843 1844
f 2323 1844 2324
f 2325 1845 1843
f 2325 1843 2323
f 2320 1840 1845
f 2320 1845 2325
f 2326 1846 1842
f 2326 1842 2322
f 2327 1847 1846
f 2327 1846 2326
f 2328 1848 1847
f 2328 1847 2327
f 2329 1849 1850
f 2329 1850 2330
f 2324 1844 1849
f 2324 1849 2329
f 2331 1851 1848
f 2331 1848 2328
f 2332 1852 1851
f 2332 1851 2331
f 2333 1853 1854
f 2333 1854 2334
f 2335 1855 1853
f 2335 1853 2333
f 2330 1850 1855
f 2330 1855 2335
f 2336 1856 1852
f 2336 1852 2332
f 2337 1857 1856
f 2337 1856 2336
f 2338 1858 1857
f 2338 1857 2337
f 2339 1859 1860
f 2339 1860 2340
f 2334 1854 1859
f 2334 1859 2339
f 2341 1861 1858
f 2341 1858 2338
f 2342 1862 1861
f 2342 1861 2341
f 2343 1863 1864
f 2343 1864 2344
f 2345 1865 1863
f 2345 1863 2343
f 2340 1860 1865
f 2340 1865 2345
f 2346 1866 1862
f 2346 1862 2342
f 2347 1867 1866
f 2347 1866 2346
f 2348 1868 1867
f 2348 1867 2347
f 2349 1869 1870
f 2349 1870 2350
f 2344 1864 1869
f 2344 1869 2349
f 2351 1871 1868
f 2351 1868 2348
f 2352 1872 1871
f 2352 1871 2351
f 2353 1873 1874
f 2353 1874 2354
f 2355 1875 1873
f 2355 1873 2353
f 2350 1870 1875
f 2350 1875 2355
f 2356 1876 1872
f 2356 1872 2352
f 2357 1877 1876
f 2357 1876 2356
f 2358 1878 1877
f 2358 1877 2357
f 2359 1879 1880
f 2359 1880 2360
f 2354 1874 1879
f 2354 1879 2359
f 2361 1881 1878
f 2361 1878 2358
f 2362 1882 1881
f 2362 1881 2361
f 2363 1883 1884
f 2363 1884 2364
f 2365 1885 1883
f 2365 1883 2363
f 2360 1880 1885
f 2360 1885 2365
f 2366 1886 1882
f 2366 1882 2362
f 2367 1887 1886
f 2367 1886 2366
f 2368 1888 1887
f 2368 1887 2367
f 2369 1889 1890
f 2369 1890 2370
f 2364 1884 1889
f 2364 1889 2369
f 2371 1891 1888
f 2371 1888 2368
f 2372 1892 1891
f 2372 1891 2371
f 2373 1893 1894
f 2373 1894 2374
f 2375 1895 1893
f 2375 1893 2373
f 2370 1890 1895
f 2370 1895 2375
f 2376 1896 1892
f 2376 1892 2372
f 2377 1897 1896
f 2377 1896 2376
f 2378 1898 1897
f 2378 1897 2377
f 2379 1899 1900
f 2379 1900 2380
f 2374 1894 1899
f 2374 1899 2379
f 2381 1901 1898
f 2381 1898 2378
f 2382 1902 1901
f 2382 1901 2381
f 2383 1903 1904
f 2383 1904 2384
f 2385 1905 1903
f 2385 1903 2383
f 2380 1900 1905
f 2380 1905 2385
f 2386 1906 1902
f 2386 1902 2382
f 2387 1907 1906
f 2387 1906 2386
f 2388 1908 1907
f 2388 1907 2387
f 2389 1909 1910
f 2389 1910 2390
f 2384 1904 1909
f 2384 1909 2389
f 2391 1911 1908
f 2391 1908 2388
f 2392 1912 1911
f 2392 1911 2391
f 2393 1913 1914
f 2393 1914 2394
f 2395 1915 1913
f 2395 1913 2393
f 2390 1910 1915
f 2390 1915 2395
f 2396 1916 1912
f 2396 1912 2392
f 2397 1917 1916
f 2397 1916 2396
f 2398 1918 1917
f 2398 1917 2397
f 2399 1919 1920
f 2399 1920 2400
f 2394 1914 1919
f 2394 1919 2399
f 2401 1921 1918
f 2401 1918 2398
f 2402 1922 1921
f 2402 1921 2401
f 2403 1923 1924
f 2403 1924 2404
f 2405 1925 1923
f 2405 1923 2403
f 2400 1920 1925
f 2400 1925 2405
f 2406 1926 1922
f 2406 1922 2402
f 2407 1927 1926
f 2407 1926 2406
f 2408 1928 1927
f 2408 1927 2407
f 2409 1929 1930
f 2409 1930 2410
f 2404 1924 1929
f 2404 1929 2409
f 2411 1931 1928
f 2411 1928 2408
f 2412 1932 1931
f 2412 1931 2411
f 2413 1933 1934
f 2413 1934 2414
f 2415 1935 1933
f 2415 1933 2413
f 2410 1930 1935
f 2410 1935 2415
f 2416 1936 1932
f 2416 1932 2412
f 2417 1937 1936
f 2417 1936 2416
f 2418 1938 1937
f 2418 1937 2417
f 2419 1939 1940
f 2419 1940 2420
f 2414 1934 1939
f 2414 1939 2419
f 2421 1941 1938
f 2421 1938 2418
f 2422 1942 1941
f 2422 1941 2421
f 2423 1943 1944
f 2423 1944 2424
f 2425 1945 1943
f 2425 1943 2423
f 2420 1940 1945
f 2420 1945 2425
f 2426 1946 1942
f 2426 1942 2422
f 2427 1947 1946
f 2427 1946 2426
f 2428 1948 1947
f 2428 1947 2427
f 2429 1949 1950
f 2429 1950 2430
f 2424 1944 1949
f 2424 1949 2429
f 2431 1951 1948
f 2431 1948 2428
f 2432 1952 1951
f 2432 1951 2431
f 2433 1953 1954
f 2433 1954 2434
f 2435 1955 1953
f 2435 1953 2433
f 2430 1950 1955
f 2430 1955 2435
f 2436 1956 1952
f 2436 1952 2432
f 2437 1957 1956
f 2437 1956 2436
f 2438 1958 1957
f 2438 1957 2437
f 2439 1959 1960
f 2439 1960 2440
f 2434 1954 1959
f 2434 1959 2439
f 2441 1961 1958
f 2441 1958 2438
f 2442 1962 1961
f 2442 1961 2441
f 2443 1963 1964
f 2443 1964 2444
f 2445 1965 1963
f 2445 1963 2443
f 2440 1960 1965
f 2440 1965 2445
f 2446 1966 1962
f 2446 1962 2442
f 2447 1967 1966
f 2447 1966 2446
f 2448 1968 1967
f 2448 1967 2447
f 2449 1969 1970
f 2449 1970 2450
f 2444 1964 1969
f 2444 1969 2449
f 2451 1971 1968
f 2451 1968 2448
f 2452 1972 1971
f 2452 1971 2451
f 2453 1973 1974
f 2453 1974 2454
f 2455 1975 1973
f 2455 1973 2453
f 2450 1970 1975
f 2450 1975 2455
f 2456 1976 1972
f 2456 1972 2452
f 2457 1977 1976
f 2457 1976 2456
f 2458 1978 1977
f 2458 1977 2457
f 2459 1979 1980
f 2459 1980 2460
f 2454 1974 1979
f 2454 1979 2459
f 2461 1981 1978
f 2461 1978 2458
f 2462 1982 1981
f 2462 1981 2461
f 2463 1983 1984
f 2463 1984 2464
f 2465 1985 1983
f 2465 1983 2463
f 2460 1980 1985
f 2460 1985 2465
f 2466 1986 1982
f 2466 1982 2462
f 2467 1987 1986
f 2467 1986 2466
f 2468 1988 1987
f 2468 1987 2467
f 2469 1989 1990
f 2469 1990 2470
f 2464 1984 1989
f 2464 1989 2469
f 2471 1991 1988
f 2471 1988 2468
f 2472 1992 1991
f 2472 1991 2471
f 2473 1993 1994
f 2473 1994 2474
f 2475 1995 1993
f 2475 1993 2473
f 2470 1990 1995
f 2470 1995 2475
f 2476 1996 1992
f 2476 1992 2472
f 2477 1997 1996
f 2477 1996 2476
f 2478 1998 1997
f 2478 1997 2477
f 2479 1999 2000
f 2479 2000 2480
f 2474 1994 1999
f 2474 1999 2479
f 2481 2001 1998
f 2481 1998 2478
f 2482 2002 2001
f 2482 2001 2481
f 2483 2003 2004
f 2483 2004 2484
f 2485 2005 2003
f 2485 2003 2483
f 2480 2000 2005
f 2480 2005 2485
f 2486 2006 2002
f 2486 2002 2482
f 2487 2007 2006
f 2487 2006 2486
f 2488 2008 2007
f 2488 2007 2487
f 2489 2009 2010
f 2489 2010 2490
f 2484 2004 2009
f 2484 2009 2489
f 2491 2011 2008
f 2491 2008 2488
f 2492 2012 2011
f 2492 2011 2491
f 2493 2013 2012
f 2493 2012 2492
f 2494 2014 2013
f 2494 2013 2493
f 2490 2010 2014
f 2490 2014 2494
f 2495 2015 2016
f 2495 2016 2496
f 2497 2017 2015
f 2497 2015 2495
f 2498 2018 2017
f 2498 2017 2497
f 2499 2019 2020
f 2499 2020 2500
f 2496 2016 2019
f 2496 2019 2499
f 2501 2021 2018
f 2501 2018 2498
f 2502 2022 2021
f 2502 2021 2501
f 2503 2023 2024
f 2503 2024 2504
f 2505 2025 2023
f 2505 2023 2503
f 2500 2020 2025
f 2500 2025 2505
f 2506 2026 2022
f 2506 2022 2502
f 2507 2027 2026
f 2507 2026 2506
f 2508 2028 2027
f 2508 2027 2507
f 2509 2029 2030
f 2509 2030 2510
f 2504 2024 2029
f 2504 2029 2509
f 2511 2031 2028
f 2511 2028 2508
f 2512 2032 2031
f 2512 2031 2511
f 2513 2033 2034
f 2513 2034 2514
f 2515 2035 2033
f 2515 2033 2513
f 2510 2030 2035
f 2510 2035 2515
f 2516 2036 2032
f 2516 2032 2512
f 2517 2037 2036
f 2517 2036 2516
f 2518 2038 2037
f 2518 2037 2517
f 2519 2039 2040
f 2519 2040 2520
f 2514 2034 2039
f 2514 2039 2519
f 2521 2041 2038
f 2521 2038 2518
f 2522 2042 2041
f 2522 2041 2521
f 2523 2043 2044
f 2523 2044 2524
f 2525 2045 2043
f 2525 2043 2523
f 2520 2040 2045
f 2520 2045 2525
f 2526 2046 2042
f 2526 2042 2522
f 2527 2047 2046
f 2527 2046 2526
f 2528 2048 2047
f 2528 2047 2527
f 2529 2049 2050
f 2529 2050 2530
f 2524 2044 2049
f 2524 2049 2529
f 2531 2051 2048
f 2531 2048 2528
f 2532 2052 2051
f 2532 2051 2531
f 2533 2053 2054
f 2533 2054 2534
f 2535 2055 2053
f 2535 2053 2533
f 2530 2050 2055
f 2530 2055 2535
f 2536 2056 2052
f 2536 2052 2532
f 2537 2057 2056
f 2537 2056 2536
f 2538 2058 2057
f 2538 2057 2537
f 2539 2059 2060
f 2539 2060 2540
f 2534 2054 2059
f 2534 2059 2539
f 2541 2061 2058
f 2541 2058 2538
f 2542 2062 2061
f 2542 2061 2541
f 2543 2063 2064
f 2543 2064 2544
f 2545 2065 2063
f 2545 2063 2543
f 2540 2060 2065
f 2540 2065 2545
f 2546 2066 2062
f 2546 2062 2542
f 2547 2067 2066
f 2547 2066 2546
f 2548 2068 2067
f 2548 2067 2547
f 2549 2069 2070
f 2549 2070 2550
f 2544 2064 2069
f 2544 2069 2549
f 2551 2071 2068
f 2551 2068 2548
f 2552 2072 2071
f 2552 2071 2551
f 2553 2073 2074
f 2553 2074 2554
f 2555 2075 2073
f 2555 2073 2553
f 2550 2070 2075
f 2550 2075 2555
f 2556 2076 2072
f 2556 2072 2552
f 2557 2077 2076
f 2557 2076 2556
f 2558 2078 2077
f 2558 2077 2557
f 2559 2079 2080
f 2559 2080 2560
f 2554 2074 2079
f 2554 2079 2559
f 2561 2081 2078
f 2561 2078 2558
f 2562 2082 2081
f 2562 2081 2561
f 2563 2083 2084
f 2563 2084 2564
f 2565 2085 2083
f 2565 2083 2563
f 2560 2080 2085
f 2560 2085 2565
f 2566 2086 2082
f 2566 2082 2562
f 2567 2087 2086
f 2567 2086 2566
f 2568 2088 2087
f 2568 2087 2567
f 2569 2089 2090
f 2569 2090 2570
f 2564 2084 2089
f 2564 2089 2569
f 2571 2091 2088
f 2571 2088 2568
f 2572 2092 2091
f 2572 2091 2571
f 2573 2093 2094
f 2573 2094 2574
f 2575 2095 2093
f 2575 2093 2573
f 2570 2090 2095
f 2570 2095 2575
f 2576 2096 2092
f 2576 2092 2572
f 2577 2097 2096
f 2577 2096 2576
f 2578 2098 2097
f 2578 2097 2577
f 2579 2099 2100
f 2579 2100 2580
f 2574 2094 2099
f 2574 2099 2579
f 2581 2101 2098
f 2581 2098 2578
f 2582 2102 2101
f 2582 2101 2581
f 2583 2103 2104
f 2583 2104 2584
f 2585 2105 2103
f 2585 2103 2583
f 2580 2100 2105
f 2580 2105 2585
f 2586 2106 2102
f 2586 2102 2582
f 2587 2107 2106
f 2587 2106 2586
f 2588 2108 2107
f 2588 2107 2587
f 2589 2109 2110
f 2589 2110 2590
f 2584 2104 2109
f 2584 2109 2589
f 2591 2111 2108
f 2591 2108 2588
f 2592 2112 2111
f 2592 2111 2591
f 2593 2113 2114
f 2593 2114 2594
f 2595 2115 2113
f 2595 2113 2593
f 2590 2110 2115
f 2590 2115 2595
f 2596 2116 2112
f 2596 2112 2592
f 2597 2117 2116
f 2597 2116 2596
f 2598 2118 2117
f 2598 2117 2597
f 2599 2119 2120
f 2599 2120 2600
f 2594 2114 2119
f 2594 2119 2599
f 2601 2121 2118
f 2601 2118 2598
f 2602 2122 2121
f 2602 2121 2601
f 2603 2123 2124
f 2603 2124 2604
f 2605 2125 2123
f 2605 2123 2603
f 2600 2120 2125
f 2600 2125 2605
f 2606 2126 2122
f 2606 2122 2602
f 2607 2127 2126
f 2607 2126 2606
f 2608 2128 2127
f 2608 2127 2607
f 2609 2129 2130
f 2609 2130 2610
f 2604 2124 2129
f 2604 2129 2609
f 2611 2131 2128
f 2611 2128 2608
f 2612 2132 2131
f 2612 2131 2611
f 2613 2133 2134
f 2613 2134 2614
f 2615 2135 2133
f 2615 2133 2613
f 2610 2130 2135
f 2610 2135 2615
f 2616 2136 2132
f 2616 2132 2612
f 2617 2137 2136
f 2617 2136 2616
f 2618 2138 2137
f 2618 2137 2617
f 2619 2139 2140
f 2619 2140 2620
f 2614 2134 2139
f 2614 2139 2619
f 2621 2141 2138
f 2621 2138 2618
f 2622 2142 2141
f 2622 2141 2621
f 2623 2143 2144
f 2623 2144 2624
f 2625 2145 2143
f 2625 2143 2623
f 2620 2140 2145
f 2620 2145 2625
f 2626 2146 2142
f 2626 2142 2622
f 2627 2147 2146
f 2627 2146 2626
f 2628 2148 2147
f 2628 2147 2627
f 2629 2149 2150
f 2629 2150 2630
f 2624 2144 2149
f 2624 2149 2629
f 2631 2151 2148
f 2631 2148 2628
f 2632 2152 2151
f 2632 2151 2631
f 2633 2153 2154
f 2633 2154 2634
f 2635 2155 2153
f 2635 2153 2633
f 2630 2150 2155
f 2630 2155 2635
f 2636 2156 2152
f 2636 2152 2632
f 2637 2157 2156
f 2637 2156 2636
f 2638 2158 2157
f 2638 2157 2637
f 2639 2159 2160
f 2639 2160 2640
f 2634 2154 2159
f 2634 2159 2639
f 2641 2161 2158
f 2641 2158 2638
f 2642 2162 2161
f 2642 2161 2641
f 2643 2163 2164
f 2643 2164 2644
f 2645 2165 2163
f 2645 2163 2643
f 2640 2160 2165
f 2640 2165 2645
f 2646 2166 2162
f 2646 2162 2642
f 2647 2167 2166
f 2647 2166 2646
f 2648 2168 2167
f 2648 2167 2647
f 2649 2169 2170
f 2649 2170 2650
f 2644 2164 2169
f 2644 2169 2649
f 2651 2171 2168
f 2651 2168 2648
f 2652 2172 2171
f 2652 2171 2651
f 2653 2173 2174
f 2653 2174 2654
f 2655 2175 2173
f 2655 2173 2653
f 2650 2170 2175
f 2650 2175 2655
f 2656 2176 2172
f 2656 2172 2652
f 2657 2177 2176
f 2657 2176 2656
f 2658 2178 2177
f 2658 2177 2657
f 2659 2179 2180
f 2659 2180 2660
f 2654 2174 2179
f 2654 2179 2659
f 2661 2181 2178
f 2661 2178 2658
f 2662 2182 2181
f 2662 2181 2661
f 2663 2183 2184
f 2663 2184 2664
f 2665 2185 2183
f 2665 2183 2663
f 2660 2180 2185
f 2660 2185 2665
f 2666 2186 2182
f 2666 2182 2662
f 2667 2187 2186
f 2667 2186 2666
f 2668 2188 2187
f 2668 2187 2667
f 2669 2189 2190
f 2669 2190 2670
f 2664 2184 2189
f 2664 2189 2669
f 2671 2191 2188
f 2671 2188 2668
f 2672 2192 2191
f 2672 2191 2671
f 2673 2193 2194
f 2673 2194 2674
f 2675 2195 2193
f 2675 2193 2673
f 2670 2190 2195
f 2670 2195 2675
f 2676 2196 2192
f 2676 2192 2672
f 2677 2197 2196
f 2677 2196 2676
f 2678 2198 2197
f 2678 2197 2677
f 2679 2199 2200
f 2679 2200 2680
f 2674 2194 2199
f 2674 2199 2679
f 2681 2201 2198
f 2681 2198 2678
f 2682 2202 2201
f 2682 2201 2681
f 2683 2203 2204
f 2683 2204 2684
f 2685 2205 2203
f 2685 2203 2683
f 2680 2200 2205
f 2680 2205 2685
f 2686 2206 2202
f 2686 2202 2682
f 2687 2207 2206
f 2687 2206 2686
f 2688 2208 2207
f 2688 2207 2687
f 2689 2209 2210
f 2689 2210 2690
f 2684 2204 2209
f 2684 2209 2689
f 2691 2211 2208
f 2691 2208 2688
f 2692 2212 2211
f 2692 2211 2691
f 2693 2213 2214
f 2693 2214 2694
f 2695 2215 2213
f 2695 2213 2693
f 2690 2210 2215
f 2690 2215 2695
f 2696 2216 2212
f 2696 2212 2692
f 2697 2217 2216
f 2697 2216 2696
f 2698 2218 2217
f 2698 2217 2697
f 2699 2219 2220
f 2699 2220 2700
f 2694 2214 2219
f 2694 2219 2699
f 2701 2221 2218
f 2701 2218 2698
f 2702 2222 2221
f 2702 2221 2701
f 2703 2223 2224
f 2703 2224 2704
f 2705 2225 2223
f 2705 2223 2703
f 2700 2220 2225
f 2700 2225 2705
f 2706 2226 2222
f 2706 2222 2702
f 2707 2227 2226
f 2707 2226 2706
f 2708 2228 2227
f 2708 2227 2707
f 2709 2229 2230
f 2709 2230 2710
f 2704 2224 2229
f 2704 2229 2709
f 2711 2231 2228
f 2711 2228 2708
f 2712 2232 2231
f 2712 2231 2711
f 2713 2233 2234
f 2713 2234 2714
f 2715 2235 2233
f 2715 2233 2713
f 2710 2230 2235
f 2710 2235 2715
f 2716 2236 2232
f 2716 2232 2712
f 2717 2237 2236
f 2717 2236 2716
f 2718 2238 2237
f 2718 2237 2717
f 2719 2239 2240
f 2719 2240 2720
f 2714 2234 2239
f 2714 2239 2719
f 2721 2241 2238
f 2721 2238 2718
f 2722 2242 2241
f 2722 2241 2721
f 2723 2243 2244
f 2723 2244 2724
f 2725 2245 2243
f 2725 2243 2723
f 2720 2240 2245
f 2720 2245 2725
f 2726 2246 2242
f 2726 2242 2722
f 2727 2247 2246
f 2727 2246 2726
f 2728 2248 2247
f 2728 2247 2727
f 2729 2249 2250
f 2729 2250 2730
f 2724 2244 2249
f 2724 2249 2729
f 2731 2251 2248
f 2731 2248 2728
f 2732 2252 2251
f 2732 2251 2731
f 2733 2253 2254
f 2733 2254 2734
f 2735 2255 2253
f 2735 2253 2733
f 2730 2250 2255
f 2730 2255 2735
f 2736 2256 2252
f 2736 2252 2732
f 2737 2257 2256
f 2737 2256 2736
f 2738 2258 2257
f 2738 2257 2737
f 2739 2259 2260
f 2739 2260 2740
f 2734 2254 2259
f 2734 2259 2739
f 2741 2261 2258
f 2741 2258 2738
f 2742 2262 2261
f 2742 2261 2741
f 2743 2263 2264
f 2743 2264 2744
f 2745 2265 2263
f 2745 2263 2743
f 2740 2260 2265
f 2740 2265 2745
f 2746 2266 2262
f 2746 2262 2742
f 2747 2267 2266
f 2747 2266 2746
f 2748 2268 2267
f 2748 2267 2747
f 2749 2269 2270
f 2749 2270 2750
f 2744 2264 2269
f 2744 2269 2749
f 2751 2271 2268
f 2751 2268 2748
f 2752 2272 2271
f 2752 2271 2751
f 2753 2273 2274
f 2753 2274 2754
f 2755 2275 2273
f 2755 2273 2753
f 2750 2270 2275
f 2750 2275 2755
f 2756 2276 2272
f 2756 2272 2752
f 2757 2277 2276
f 2757 2276 2756
f 2758 2278 2277
f 2758 2277 2757
f 2759 2279 2280
f 2759 2280 2760
f 2754 2274 2279
f 2754 2279 2759
f 2761 2281 2278
f 2761 2278 2758
f 2762 2282 2281
f 2762 2281 2761
f 2763 2283 2284
f 2763 2284 2764
f 2765 2285 2283
f 2765 2283 2763
f 2760 2280 2285
f 2760 2285 2765
f 2766 2286 2282
f 2766 2282 2762
f 2767 2287 2286
f 2767 2286 2766
f 2768 2288 2287
f 2768 2287 2767
f 2769 2289 2290
f 2769 2290 2770
f 2764 2284 2289
f 2764 2289 2769
f 2771 2291 2288
f 2771 2288 2768
f 2772 2292 2291
f 2772 2291 2771
f 2773 2293 2294
f 2773 2294 2774
f 2775 2295 2293
f 2775 2293 2773
f 2770 2290 2295
f 2770 2295 2775
f 2776 2296 2292
f 2776 2292 2772
f 2777 2297 2296
f 2777 2296 2776
f 2778 2298 2297
f 2778 2297 2777
f 2779 2299 2300
f 2779 2300 2780
f 2774 2294 2299
f 2774 2299 2779
f 2781 2301 2298
f 2781 2298 2778
f 2782 2302 2301
f 2782 2301 2781
f 2783 2303 2304
f 2783 2304 2784
f 2785 2305 2303
f 2785 2303 2783
f 2780 2300 2305
f 2780 2305 2785
f 2786 2306 2302
f 2786 2302 2782
f 2787 2307 2306
f 2787 2306 2786
f 2788 2308 2307
f 2788 2307 2787
f 2789 2309 2310
f 2789 2310 2790
f 2784 2304 2309
f 2784 2309 2789
f 2791 2311 2308
f 2791 2308 2788
f 2792 2312 2311
f 2792 2311 2791
f 2793 2313 2314
f 2793 2314 2794
f 2795 2315 2313
f 2795 2313 2793
f 2790 2310 2315
f 2790 2315 2795
f 2796 2316 2312
f 2796 2312 2792
f 2797 2317 2316
f 2797 2316 2796
f 2798 2318 2317
f 2798 2317 2797
f 2799 2319 2320
f 2799 2320 2800
f 2794 2314 2319
f 2794 2319 2799
f 2801 2321 2318
f 2801 2318 2798
f 2802 2322 2321
f 2802 2321 2801
f 2803 2323 2324
f 2803 2324 2804
f 2805 2325 2323
f 2805 2323 2803
f 2800 2320 2325
f 2800 2325 2805
f 2806 2326 2322
f 2806 2322 2802
f 2807 2327 2326
f 2807 2326 2806
f 2808 2328 2327
f 2808 2327 2807
f 2809 2329 2330
f 2809 2330 2810
f 2804 2324 2329
f 2804 2329 2809
f 2811 2331 2328
f 2811 2328 2808
f 2812 2332 2331
f 2812 2331 2811
f 2813 2333 2334
f 2813 2334 2814
f 2815 2335 2333
f 2815 2333 2813
f 2810 2330 2335
f 2810 2335 2815
f 2816 2336 2332
f 2816 2332 2812
f 2817 2337 2336
f 2817 2336 2816
f 2818 2338 2337
f 2818 2337 2817
f 2819 2339 2340
f 2819 2340 2820
f 2814 2334 2339
f 2814 2339 2819
f 2821 2341 2338
f 2821 2338 2818
f 2822 2342 2341
f 2822 2341 2821
f 2823 2343 2344
f 2823 2344 2824
f 2825 2345 2343
f 2825 2343 2823
f 2820 2340 2345
f 2820 2345 2825
f 2826 2346 2342
f 2826 2342 2822
f 2827 2347 2346
f 2827 2346 2826
f 2828 2348 2347
f 2828 2347 2827
f 2829 2349 2350
f 2829 2350 2830
f 2824 2344 2349
f 2824 2349 2829
f 2831 2351 2348
f 2831 2348 2828
f 2832 2352 2351
f 2832 2351 2831
f 2833 2353 2354
f 2833 2354 2834
f 2835 2355 2353
f 2835 2353 2833
f 2830 2350 2355
f 2830 2355 2835
f 2836 2356 2352
f 2836 2352 2832
f 2837 2357 2356
f 2837 2356 2836
f 2838 2358 2357
f 2838 2357 2837
f 2839 2359 2360
f 2839 2360 2840
f 2834 2354 2359
f 2834 2359 2839
f 2841 2361 2358
f 2841 2358 2838
f 2842 2362 2361
f 2842 2361 2841
f 2843 2363 2364
f 2843 2364 2844
f 2845 2365 2363
f 2845 2363 2843
f 2840 2360 2365
f 2840 2365 2845
f 2846 2366 2362
f 2846 2362 2842
f 2847 2367 2366
f 2847 2366 2846
f 2848 2368 2367
f 2848 2367 2847
f 2849 2369 2370
f 2849 2370 2850
f 2844 2364 2369
f 2844 2369 2849
f 2851 2371 2368
f 2851 2368 2848
f 2372 2371 2851
f 2852 2372 2851
f 2853 2373 2374
f 2853 2374 2854
f 2855 2375 2373
f 2855 2373 2853
f 2850 2370 2375
f 2850 2375 2855
f 2856 2376 2372
f 2856 2372 2852
f 2857 2377 2376
f 2857 2376 2856
f 2858 2378 2377
f 2858 2377 2857
f 2859 2379 2380
f 2859 2380 2860
f 2854 2374 2379
f 2854 2379 2859
f 2861 2381 2378
f 2861 2378 2858
f 2862 2382 2381
f 2862 2381 2861
f 2863 2383 2384
f 2863 2384 2864
f 2865 2385 2383
f 2865 2383 2863
f 2860 2380 2385
f 2860 2385 2865
f 2866 2386 2382
f 2866 2382 2862
f 2867 2387 2386
f 2867 2386 2866
f 2868 2388 2387
f 2868 2387 2867
f 2869 2389 2390
f 2869 2390 2870
f 2864 2384 2389
f 2864 2389 2869
f 2871 2391 2388
f 2871 2388 2868
f 2872 2392 2391
f 2872 2391 2871
f 2873 2393 2394
f 2873 2394 2874
f 2875 2395 2393
f 2875 2393 2873
f 2870 2390 2395
f 2870 2395 2875
f 2876 2396 2392
f 2876 2392 2872
f 2877 2397 2396
f 2877 2396 2876
f 2878 2398 2397
f 2878 2397 2877
f 2879 2399 2400
f 2879 2400 2880
f 2874 2394 2399
f 2874 2399 2879
f 2881 2401 2398
f 2881 2398 2878
f 2882 2402 2401
f 2882 2401 2881
f 2883 2403 2404
f 2883 2404 2884
f 2885 2405 2403
f 2885 2403 2883
f 2880 2400 2405
f 2880 2405 2885
f 2886 2406 2402
f 2886 2402 2882
f 2887 2407 2406
f 2887 2406 2886
f 2888 2408 2407
f 2888 2407 2887
f 2889 2409 2410
f 2889 2410 2890
f 2884 2404 2409
f 2884 2409 2889
f 2891 2411 2408
f 2891 2408 2888
f 2892 2412 2411
f 2892 2411 2891
f 2893 2413 2414
f 2893 2414 2894
f 2895 2415 2413
f 2895 2413 2893
f 2890 2410 2415
f 2890 2415 2895
f 2896 2416 2412
f 2896 2412 2892
f 2897 2417 2416
f 2897 2416 2896
f 2898 2418 2417
f 2898 2417 2897
f 2899 2419 2420
f 2899 2420 2900
f 2894 2414 2419
f 2894 2419 2899
f 2901 2421 2418
f 2901 2418 2898
f 2902 2422 2421
f 2902 2421 2901
f 2903 2423 2424
f 2903 2424 2904
f 2905 2425 2423
f 2905 2423 2903
f 2900 2420 2425
f 2900 2425 2905
f 2906 2426 2422
f 2906 2422 2902
f 2907 2427 2426
f 2907 2426 2906
f 2908 2428 2427
f 2908 2427 2907
f 2909 2429 2430
f 2909 2430 2910
f 2904 2424 2429
f 2904 2429 2909
f 2911 2431 2428
f 2911 2428 2908
f 2912 2432 2431
f 2912 2431 2911
f 2913 2433 2434
f 2913 2434 2914
f 2915 2435 2433
f 2915 2433 2913
f 2910 2430 2435
f 2910 2435 2915
f 2916 2436 2432
f 2916 2432 2912
f 2917 2437 2436
f 2917 2436 2916
f 2918 2438 2437
f 2918 2437 2917
f 2919 2439 2440
f 2919 2440 2920
f 2914 2434 2439
f 2914 2439 2919
f 2921 2441 2438
f 2921 2438 2918
f 2922 2442 2441
f 2922 2441 2921
f 2923 2443 2444
f 2923 2444 2924
f 2925 2445 2443
f 2925 2443 2923
f 2920 2440 2445
f 2920 2445 2925
f 2926 2446 2442
f 2926 2442 2922
f 2927 2447 2446
f 2927 2446 2926
f 2928 2448 2447
f 2928 2447 2927
f 2929 2449 2450
f 2929 2450 2930
f 2924 2444 2449
f 2924 2449 2929
f 2931 2451 2448
f 2931 2448 2928
f 2932 2452 2451
f 2932 2451 2931
f 2933 2453 2454
f 2933 2454 2934
f 2935 2455 2453
f 2935 2453 2933
f 2930 2450 2455
f 2930 2455 2935
f 2936 2456 2452
f 2936 2452 2932
f 2937 2457 2456
f 2937 2456 2936
f 2938 2458 2457
f 2938 2457 2937
f 2939 2459 2460
f 2939 2460 2940
f 2934 2454 2459
f 2934 2459 2939
f 2941 2461 2458
f 2941 2458 2938
f 2942 2462 2461
f 2942 2461 2941
f 2943 2463 2464
f 2943 2464 2944
f 2945 2465 2463
f 2945 2463 2943
f 2940 2460 2465
f 2940 2465 2945
f 2946 2466 2462
f 2946 2462 2942
f 2947 2467 2466
f 2947 2466 2946
f 2948 2468 2467
f 2948 2467 2947
f 2949 2469 2470
f 2949 2470 2950
f 2944 2464 2469
f 2944 2469 2949
f 2951 2471 2468
f 2951 2468 2948
f 2952 2472 2471
f 2952 2471 2951
f 2953 2473 2474
f 2953 2474 2954
f 2955 2475 2473
f 2955 2473 2953
f 2950 2470 2475
f 2950 2475 2955
f 2956 2476 2472
f 2956 2472 2952
f 2957 2477 2476
f 2957 2476 2956
f 2958 2478 2477
f 2958 2477 2957
f 2959 2479 2480
f 2959 2480 2960
f 2954 2474 2479
f 2954 2479 2959
f 2961 2481 2478
f 2961 2478 2958
f 2962 2482 2481
f 2962 2481 2961
f 2963 2483 2484
f 2963 2484 2964
f 2965 2485 2483
f 2965 2483 2963
f 2960 2480 2485
f 2960 2485 2965
f 2966 2486 2482
f 2966 2482 2962
f 2967 2487 2486
f 2967 2486 2966
f 2968 2488 2487
f 2968 2487 2967
f 2969 2489 2490
f 2969 2490 2970
f 2964 2484 2489
f 2964 2489 2969
f 2971 2491 2488
f 2971 2488 2968
f 2972 2492 2491
f 2972 2491 2971
f 2973 2493 2492
f 2973 2492 2972
f 2974 2494 2493
f 2974 2493 2973
f 2970 2490 2494
f 2970 2494 2974
f 1409 2975 2976
f 1409 2976 1398
f 1437 2977 2975
f 1437 2975 1409
f 1425 2978 2977
f 1425 2977 1437
f 1391 2979 2980
f 1391 2980 1393
f 1398 2976 2979
f 1398 2979 1391
f 1400 2981 2978
f 1400 2978 1425
f 1402 2982 2981
f 1402 2981 1400
f 1383 2983 2984
f 1383 2984 1384
f 1392 2985 2983
f 1392 2983 1383
f 1393 2980 2985
f 1393 2985 1392
f 1401 2986 2982
f 1401 2982 1402
f 1403 2987 2986
f 1403 2986 1401
f 1416 2988 2987
f 1416 2987 1403
f 1382 2989 2990
f 1382 2990 1399
f 1384 2984 2989
f 1384 2989 1382
f 1415 2991 2988
f 1415 2988 1416
f 1424 2992 2991
f 1424 2991 1415
f 1390 2993 2994
f 1390 2994 1379
f 1410 2995 2993
f 1410 2993 1390
f 1399 2990 2995
f 1399 2995 1410
f 1435 2996 2992
f 1435 2992 1424
f 1436 2997 2996
f 1436 2996 1435
f 1429 2998 2997
f 1429 2997 1436
f 1373 2999 3000
f 1373 3000 1375
f 1379 2994 2999
f 1379 2999 1373
f 1417 3001 2998
f 1417 2998 1429
f 1419 3002 3001
f 1419 3001 1417
f 1364 3003 3004
f 1364 3004 1365
f 1374 3005 3003
f 1374 3003 1364
f 1375 3000 3005
f 1375 3005 1374
f 1418 3006 3002
f 1418 3002 1419
f 1427 3007 3006
f 1427 3006 1418
f 1428 3008 3007
f 1428 3007 1427
f 1366 3009 3010
f 1366 3010 1380
f 1365 3004 3009
f 1365 3009 1366
f 1426 3011 3008
f 1426 3008 1428
f 1447 3012 3011
f 1447 3011 1426
f 1363 3013 3014
f 1363 3014 1361
f 1389 3015 3013
f 1389 3013 1363
f 1380 3010 3015
f 1380 3015 1389
f 1471 3016 3012
f 1471 3012 1447
f 1472 3017 3016
f 1472 3016 1471
f 1453 3018 3017
f 1453 3017 1472
f 1353 3019 3020
f 1353 3020 1355
f 1361 3014 3019
f 1361 3019 1353
f 1438 3021 3018
f 1438 3018 1453
f 1440 3022 3021
f 1440 3021 1438
f 1343 3023 3024
f 1343 3024 1344
f 1354 3025 3023
f 1354 3023 1343
f 1355 3020 3025
f 1355 3025 1354
f 1439 3026 3022
f 1439 3022 1440
f 1451 3027 3026
f 1451 3026 1439
f 1452 3028 3027
f 1452 3027 1451
f 1345 3029 3030
f 1345 3030 1360
f 1344 3024 3029
f 1344 3029 1345
f 1450 3031 3028
f 1450 3028 1452
f 1465 3032 3031
f 1465 3031 1450
f 1358 3033 3034
f 1358 3034 1341
f 1359 3035 3033
f 1359 3033 1358
f 1360 3030 3035
f 1360 3035 1359
f 1514 3036 3032
f 1514 3032 1465
f 1515 3037 3036
f 1515 3036 1514
f 1488 3038 3037
f 1488 3037 1515
f 1335 3039 3040
f 1335 3040 1337
f 1341 3034 3039
f 1341 3039 1335
f 1454 3041 3038
f 1454 3038 1488
f 1456 3042 3041
f 1456 3041 1454
f 1326 3043 3044
f 1326 3044 1327
f 1336 3045 3043
f 1336 3043 1326
f 1337 3040 3045
f 1337 3045 1336
f 1455 3046 3042
f 1455 3042 1456
f 1457 3047 3046
f 1457 3046 1455
f 1467 3048 3047
f 1467 3047 1457
f 1328 3049 3050
f 1328 3050 1338
f 1327 3044 3049
f 1327 3049 1328
f 1466 3051 3048
f 1466 3048 1467
f 1487 3052 3051
f 1487 3051 1466
f 1339 3053 3054
f 1339 3054 1321
f 1340 3055 3053
f 1340 3053 1339
f 1338 3050 3055
f 1338 3055 1340
f 1523 3056 3052
f 1523 3052 1487
f 1524 3057 3056
f 1524 3056 1523
f 1495 3058 3057
f 1495 3057 1524
f 1319 3059 3060
f 1319 3060 1320
f 1321 3054 3059
f 1321 3059 1319
f 1473 3061 3058
f 1473 3058 1495
f 1475 3062 3061
f 1475 3061 1473
f 1309 3063 3064
f 1309 3064 1310
f 1312 3065 3063
f 1312 3063 1309
f 1320 3060 3065
f 1320 3065 1312
f 1474 3066 3062
f 1474 3062 1475
f 1481 3067 3066
f 1481 3066 1474
f 1482 3068 3067
f 1482 3067 1481
f 1311 3069 3070
f 1311 3070 1315
f 1310 3064 3069
f 1310 3069 1311
f 1480 3071 3068
f 1480 3068 1482
f 1510 3072 3071
f 1510 3071 1480
f 1313 3073 3074
f 1313 3074 1302
f 1314 3075 3073
f 1314 3073 1313
f 1315 3070 3075
f 1315 3075 1314
f 1527 3076 3072
f 1527 3072 1510
f 1528 3077 3076
f 1528 3076 1527
f 1517 3078 3077
f 1517 3077 1528
f 1298 3079 3080
f 1298 3080 1300
f 1302 3074 3079
f 1302 3079 1298
f 1492 3081 3078
f 1492 3078 1517
f 1494 3082 3081
f 1494 3081 1492
f 1292 3083 3084
f 1292 3084 1293
f 1299 3085 3083
f 1299 3083 1292
f 1300 3080 3085
f 1300 3085 1299
f 1493 3086 3082
f 1493 3082 1494
f 1500 3087 3086
f 1500 3086 1493
f 1501 3088 3087
f 1501 3087 1500
f 1294 3089 3090
f 1294 3090 1288
f 1293 3084 3089
f 1293 3089 1294
f 1499 3091 3088
f 1499 3088 1501
f 1516 3092 3091
f 1516 3091 1499
f 1286 3093 3094
f 1286 3094 1282
f 1287 3095 3093
f 1287 3093 1286
f 1288 3090 3095
f 1288 3095 1287
f 1531 3096 3092
f 1531 3092 1516
f 1532 3097 3096
f 1532 3096 1531
f 1519 3098 3097
f 1519 3097 1532
f 1276 3099 3100
f 1276 3100 1277
f 1282 3094 3099
f 1282 3099 1276
f 1502 3101 3098
f 1502 3098 1519
f 1504 3102 3101
f 1504 3101 1502
f 1269 3103 3104
f 1269 3104 1270
f 1275 3105 3103
f 1275 3103 1269
f 1277 3100 3105
f 1277 3105 1275
f 1503 3106 3102
f 1503 3102 1504
f 1505 3107 3106
f 1505 3106 1503
f 1507 3108 3107
f 1507 3107 1505
f 1271 3109 3110
f 1271 3110 1268
f 1270 3104 3109
f 1270 3109 1271
f 1506 3111 3108
f 1506 3108 1507
f 1520 3112 3111
f 1520 3111 1506
f 1266 3113 3114
f 1266 3114 1261
f 1267 3115 3113
f 1267 3113 1266
f 1268 3110 3115
f 1268 3115 1267
f 1533 3116 3112
f 1533 3112 1520
f 1534 3117 3116
f 1534 3116 1533
f 1518 3118 3117
f 1518 3117 1534
f 1256 3119 3120
f 1256 3120 1257
f 1261 3114 3119
f 1261 3119 1256
f 1496 3121 3118
f 1496 3118 1518
f 1498 3122 3121
f 1498 3121 1496
f 1249 3123 3124
f 1249 3124 1250
f 1255 3125 3123
f 1255 3123 1249
f 1257 3120 3125
f 1257 3125 1255
f 1497 3126 3122
f 1497 3122 1498
f 1491 3127 3126
f 1491 3126 1497
f 1490 3128 3127
f 1490 3127 1491
f 1251 3129 3130
f 1251 3130 1247
f 1250 3124 3129
f 1250 3129 1251
f 1489 3131 3128
f 1489 3128 1490
f 1513 3132 3131
f 1513 3131 1489
f 1244 3133 3134
f 1244 3134 1239
f 1245 3135 3133
f 1245 3133 1244
f 1247 3130 3135
f 1247 3135 1245
f 1529 3136 3132
f 1529 3132 1513
f 1530 3137 3136
f 1530 3136 1529
f 1511 3138 3137
f 1511 3137 1530
f 1235 3139 3140
f 1235 3140 1241
f 1239 3134 3139
f 1239 3139 1235
f 1483 3141 3138
f 1483 3138 1511
f 1484 3142 3141
f 1484 3141 1483
f 1229 3143 3144
f 1229 3144 1230
f 1236 3145 3143
f 1236 3143 1229
f 1241 3140 3145
f 1241 3145 1236
f 1478 3146 3142
f 1478 3142 1484
f 1477 3147 3146
f 1477 3146 1478
f 1479 3148 3147
f 1479 3147 1477
f 1231 3149 3150
f 1231 3150 1227
f 1230 3144 3149
f 1230 3149 1231
f 1476 3151 3148
f 1476 3148 1479
f 1512 3152 3151
f 1512 3151 1476
f 1221 3153 3154
f 1221 3154 1215
f 1225 3155 3153
f 1225 3153 1221
f 1227 3150 3155
f 1227 3155 1225
f 1525 3156 3152
f 1525 3152 1512
f 1526 3157 3156
f 1526 3156 1525
f 1485 3158 3157
f 1485 3157 1526
f 1218 3159 3160
f 1218 3160 1223
f 1215 3154 3159
f 1215 3159 1218
f 1468 3161 3158
f 1468 3158 1485
f 1470 3162 3161
f 1470 3161 1468
f 1209 3163 3164
f 1209 3164 1210
f 1217 3165 3163
f 1217 3163 1209
f 1223 3160 3165
f 1223 3165 1217
f 1469 3166 3162
f 1469 3162 1470
f 1460 3167 3166
f 1460 3166 1469
f 1459 3168 3167
f 1459 3167 1460
f 1211 3169 3170
f 1211 3170 1205
f 1210 3164 3169
f 1210 3169 1211
f 1458 3171 3168
f 1458 3168 1459
f 1486 3172 3171
f 1486 3171 1458
f 1197 3173 3174
f 1197 3174 1189
f 1201 3175 3173
f 1201 3173 1197
f 1205 3170 3175
f 1205 3175 1201
f 1521 3176 3172
f 1521 3172 1486
f 1522 3177 3176
f 1522 3176 1521
f 1463 3178 3177
f 1463 3177 1522
f 1199 3179 3180
f 1199 3180 1207
f 1189 3174 3179
f 1189 3179 1199
f 1448 3181 3178
f 1448 3178 1463
f 1449 3182 3181
f 1449 3181 1448
f 1192 3183 3184
f 1192 3184 1193
f 1204 3185 3183
f 1204 3183 1192
f 1207 3180 3185
f 1207 3185 1204
f 1443 3186 3182
f 1443 3182 1449
f 1442 3187 3186
f 1442 3186 1443
f 1444 3188 3187
f 1444 3187 1442
f 1194 3189 3190
f 1194 3190 1180
f 1193 3184 3189
f 1193 3189 1194
f 1441 3191 3188
f 1441 3188 1444
f 1464 3192 3191
f 1464 3191 1441
f 1173 3193 3194
f 1173 3194 1171
f 1175 3195 3193
f 1175 3193 1173
f 1180 3190 3195
f 1180 3195 1175
f 1508 3196 3192
f 1508 3192 1464
f 1509 3197 3196
f 1509 3196 1508
f 1445 3198 3197
f 1445 3197 1509
f 1176 3199 3200
f 1176 3200 1187
f 1171 3194 3199
f 1171 3199 1176
f 1430 3201 3198
f 1430 3198 1445
f 1432 3202 3201
f 1432 3201 1430
f 1183 3203 3204
f 1183 3204 1184
f 1186 3205 3203
f 1186 3203 1183
f 1187 3200 3205
f 1187 3205 1186
f 1431 3206 3202
f 1431 3202 1432
f 1422 3207 3206
f 1422 3206 1431
f 1421 3208 3207
f 1421 3207 1422
f 1177 3209 3210
f 1177 3210 1156
f 1184 3204 3209
f 1184 3209 1177
f 1420 3211 3208
f 1420 3208 1421
f 1446 3212 3211
f 1446 3211 1420
f 1152 3213 3214
f 1152 3214 1150
f 1154 3215 3213
f 1154 3213 1152
f 1156 3210 3215
f 1156 3215 1154
f 1461 3216 3212
f 1461 3212 1446
f 1462 3217 3216
f 1462 3216 1461
f 1423 3218 3217
f 1423 3217 1462
f 1159 3219 3220
f 1159 3220 1167
f 1150 3214 3219
f 1150 3219 1159
f 1411 3221 3218
f 1411 3218 1423
f 1414 3222 3221
f 1414 3221 1411
f 1161 3223 3224
f 1161 3224 1162
f 1165 3225 3223
f 1165 3223 1161
f 1167 3220 3225
f 1167 3225 1165
f 1413 3226 3222
f 1413 3222 1414
f 1406 3227 3226
f 1406 3226 1413
f 1405 3228 3227
f 1405 3227 1406
f 1160 3229 3230
f 1160 3230 1135
f 1162 3224 3229
f 1162 3229 1160
f 1404 3231 3228
f 1404 3228 1405
f 1412 3232 3231
f 1412 3231 1404
f 1131 3233 3234
f 1131 3234 1128
f 1133 3235 3233
f 1133 3233 1131
f 1135 3230 3235
f 1135 3235 1133
f 1433 3236 3232
f 1433 3232 1412
f 1434 3237 3236
f 1434 3236 1433
f 1397 3238 3237
f 1397 3237 1434
f 1137 3239 3240
f 1137 3240 1147
f 1128 3234 3239
f 1128 3239 1137
f 1394 3241 3238
f 1394 3238 1397
f 1396 3242 3241
f 1396 3241 1394
f 1141 3243 3244
f 1141 3244 1142
f 1145 3245 3243
f 1145 3243 1141
f 1147 3240 3245
f 1147 3245 1145
f 1388 3246 3242
f 1388 3242 1396
f 1387 3247 3246
f 1387 3246 1388
f 1386 3248 3247
f 1386 3247 1387
f 1138 3249 3250
f 1138 3250 1109
f 1142 3244 3249
f 1142 3249 1138
f 1385 3251 3248
f 1385 3248 1386
f 1395 3252 3251
f 1395 3251 1385
f 1103 3253 3254
f 1103 3254 1099
f 1107 3255 3253
f 1107 3253 1103
f 1109 3250 3255
f 1109 3255 1107
f 1407 3256 3252
f 1407 3252 1395
f 1408 3257 3256
f 1408 3256 1407
f 1381 3258 3257
f 1381 3257 1408
f 1119 3259 3260
f 1119 3260 1129
f 1099 3254 3259
f 1099 3259 1119
f 1370 3261 3258
f 1370 3258 1381
f 1372 3262 3261
f 1372 3261 1370
f 1121 3263 3264
f 1121 3264 1122
f 1125 3265 3263
f 1125 3263 1121
f 1129 3260 3265
f 1129 3265 1125
f 1371 3266 3262
f 1371 3262 1372
f 1367 3267 3266
f 1367 3266 1371
f 1369 3268 3267
f 1369 3267 1367
f 1106 3269 3270
f 1106 3270 1083
f 1122 3264 3269
f 1122 3269 1106
f 1368 3271 3268
f 1368 3268 1369
f 3272 3271 1368
f 1377 3272 1368
f 1076 3273 3274
f 1076 3274 1074
f 1078 3275 3273
f 1078 3273 1076
f 1083 3270 3275
f 1083 3275 1078
f 1376 3276 3272
f 1376 3272 1377
f 1378 3277 3276
f 1378 3276 1376
f 1362 3278 3277
f 1362 3277 1378
f 1086 3279 3280
f 1086 3280 1117
f 1074 3274 3279
f 1074 3279 1086
f 1356 3281 3278
f 1356 3278 1362
f 1357 3282 3281
f 1357 3281 1356
f 1113 3283 3284
f 1113 3284 1114
f 1116 3285 3283
f 1116 3283 1113
f 1117 3280 3285
f 1117 3285 1116
f 1349 3286 3282
f 1349 3282 1357
f 1346 3287 3286
f 1346 3286 1349
f 1348 3288 3287
f 1348 3287 1346
f 1087 3289 3290
f 1087 3290 1070
f 1114 3284 3289
f 1114 3289 1087
f 1347 3291 3288
f 1347 3288 1348
f 1351 3292 3291
f 1351 3291 1347
f 1066 3293 3294
f 1066 3294 1064
f 1067 3295 3293
f 1067 3293 1066
f 1070 3290 3295
f 1070 3295 1067
f 1350 3296 3292
f 1350 3292 1351
f 1352 3297 3296
f 1352 3296 1350
f 1342 3298 3297
f 1342 3297 1352
f 1082 3299 3300
f 1082 3300 1101
f 1064 3294 3299
f 1064 3299 1082
f 1332 3301 3298
f 1332 3298 1342
f 1334 3302 3301
f 1334 3301 1332
f 1093 3303 3304
f 1093 3304 1094
f 1097 3305 3303
f 1097 3303 1093
f 1101 3300 3305
f 1101 3305 1097
f 1333 3306 3302
f 1333 3302 1334
f 1323 3307 3306
f 1323 3306 1333
f 1325 3308 3307
f 1325 3307 1323
f 1073 3309 3310
f 1073 3310 1061
f 1094 3304 3309
f 1094 3309 1073
f 1324 3311 3308
f 1324 3308 1325
f 1330 3312 3311
f 1330 3311 1324
f 1058 3313 3314
f 1058 3314 1055
f 1060 3315 3313
f 1060 3313 1058
f 1061 3310 3315
f 1061 3315 1060
f 1329 3316 3312
f 1329 3312 1330
f 1331 3317 3316
f 1331 3316 1329
f 1322 3318 3317
f 1322 3317 1331
f 1071 3319 3320
f 1071 3320 1091
f 1055 3314 3319
f 1055 3319 1071
f 1316 3321 3318
f 1316 3318 1322
f 1318 3322 3321
f 1318 3321 1316
f 1089 3323 3324
f 1089 3324 1092
f 1090 3325 3323
f 1090 3323 1089
f 1091 3320 3325
f 1091 3325 1090
f 1317 3326 3322
f 1317 3322 1318
f 1306 3327 3326
f 1306 3326 1317
f 1308 3328 3327
f 1308 3327 1306
f 1072 3329 3330
f 1072 3330 1056
f 1092 3324 3329
f 1092 3329 1072
f 1307 3331 3328
f 1307 3328 1308
f 1304 3332 3331
f 1304 3331 1307
f 1059 3333 3334
f 1059 3334 1062
f 1057 3335 3333
f 1057 3333 1059
f 1056 3330 3335
f 1056 3335 1057
f 1303 3336 3332
f 1303 3332 1304
f 1305 3337 3336
f 1305 3336 1303
f 1301 3338 3337
f 1301 3337 1305
f 1081 3339 3340
f 1081 3340 1096
f 1062 3334 3339
f 1062 3339 1081
f 1295 3341 3338
f 1295 3338 1301
f 1297 3342 3341
f 1297 3341 1295
f 1098 3343 3344
f 1098 3344 1102
f 1095 3345 3343
f 1095 3343 1098
f 1096 3340 3345
f 1096 3345 1095
f 1296 3346 3342
f 1296 3342 1297
f 1289 3347 3346
f 1289 3346 1296
f 1291 3348 3347
f 1291 3347 1289
f 1080 3349 3350
f 1080 3350 1063
f 1102 3344 3349
f 1102 3349 1080
f 1290 3351 3348
f 1290 3348 1291
f 1285 3352 3351
f 1285 3351 1290
f 1068 3353 3354
f 1068 3354 1069
f 1065 3355 3353
f 1065 3353 1068
f 1063 3350 3355
f 1063 3355 1065
f 1284 3356 3352
f 1284 3352 1285
f 1283 3357 3356
f 1283 3356 1284
f 1281 3358 3357
f 1281 3357 1283
f 1085 3359 3360
f 1085 3360 1112
f 1069 3354 3359
f 1069 3359 1085
f 1278 3361 3358
f 1278 3358 1281
f 1280 3362 3361
f 1280 3361 1278
f 1115 3363 3364
f 1115 3364 1118
f 1111 3365 3363
f 1111 3363 1115
f 1112 3360 3365
f 1112 3365 1111
f 1279 3366 3362
f 1279 3362 1280
f 1272 3367 3366
f 1272 3366 1279
f 1274 3368 3367
f 1274 3367 1272
f 1088 3369 3370
f 1088 3370 1075
f 1118 3364 3369
f 1118 3369 1088
f 1273 3371 3368
f 1273 3368 1274
f 1265 3372 3371
f 1265 3371 1273
f 1079 3373 3374
f 1079 3374 1084
f 1077 3375 3373
f 1077 3373 1079
f 1075 3370 3375
f 1075 3375 1077
f 1264 3376 3372
f 1264 3372 1265
f 1263 3377 3376
f 1263 3376 1264
f 1262 3378 3377
f 1262 3377 1263
f 1105 3379 3380
f 1105 3380 1124
f 1084 3374 3379
f 1084 3379 1105
f 1258 3381 3378
f 1258 3378 1262
f 1260 3382 3381
f 1260 3381 1258
f 1126 3383 3384
f 1126 3384 1130
f 1123 3385 3383
f 1123 3383 1126
f 1124 3380 3385
f 1124 3385 1123
f 1259 3386 3382
f 1259 3382 1260
f 1252 3387 3386
f 1252 3386 1259
f 1254 3388 3387
f 1254 3387 1252
f 1120 3389 3390
f 1120 3390 1100
f 1130 3384 3389
f 1130 3389 1120
f 1253 3391 3388
f 1253 3388 1254
f 1248 3392 3391
f 1248 3391 1253
f 1108 3393 3394
f 1108 3394 1110
f 1104 3395 3393
f 1104 3393 1108
f 1100 3390 3395
f 1100 3395 1104
f 1246 3396 3392
f 1246 3392 1248
f 1243 3397 3396
f 1243 3396 1246
f 1240 3398 3397
f 1240 3397 1243
f 1140 3399 3400
f 1140 3400 1144
f 1110 3394 3399
f 1110 3399 1140
f 1237 3401 3398
f 1237 3398 1240
f 1242 3402 3401
f 1242 3401 1237
f 1146 3403 3404
f 1146 3404 1148
f 1143 3405 3403
f 1143 3403 1146
f 1144 3400 3405
f 1144 3405 1143
f 1238 3406 3402
f 1238 3402 1242
f 1232 3407 3406
f 1232 3406 1238
f 1234 3408 3407
f 1234 3407 1232
f 1139 3409 3410
f 1139 3410 1127
f 1148 3404 3409
f 1148 3409 1139
f 1233 3411 3408
f 1233 3408 1234
f 1228 3412 3411
f 1228 3411 1233
f 1134 3413 3414
f 1134 3414 1136
f 1132 3415 3413
f 1132 3413 1134
f 1127 3410 3415
f 1127 3415 1132
f 1226 3416 3412
f 1226 3412 1228
f 1222 3417 3416
f 1222 3416 1226
f 1216 3418 3417
f 1216 3417 1222
f 1158 3419 3420
f 1158 3420 1164
f 1136 3414 3419
f 1136 3419 1158
f 1219 3421 3418
f 1219 3418 1216
f 1224 3422 3421
f 1224 3421 1219
f 1166 3423 3424
f 1166 3424 1168
f 1163 3425 3423
f 1163 3423 1166
f 1164 3420 3425
f 1164 3425 1163
f 1220 3426 3422
f 1220 3422 1224
f 1212 3427 3426
f 1212 3426 1220
f 1214 3428 3427
f 1214 3427 1212
f 1157 3429 3430
f 1157 3430 1149
f 1168 3424 3429
f 1168 3429 1157
f 1213 3431 3428
f 1213 3428 1214
f 1206 3432 3431
f 1206 3431 1213
f 1153 3433 3434
f 1153 3434 1155
f 1151 3435 3433
f 1151 3433 1153
f 1149 3430 3435
f 1149 3435 1151
f 1202 3436 3432
f 1202 3432 1206
f 1198 3437 3436
f 1198 3436 1202
f 1190 3438 3437
f 1190 3437 1198
f 1170 3439 3440
f 1170 3440 1182
f 1155 3434 3439
f 1155 3439 1170
f 1200 3441 3438
f 1200 3438 1190
f 1208 3442 3441
f 1208 3441 1200
f 1185 3443 3444
f 1185 3444 1188
f 1181 3445 3443
f 1181 3443 1185
f 1182 3440 3445
f 1182 3445 1181
f 1203 3446 3442
f 1203 3442 1208
f 1195 3447 3446
f 1195 3446 1203
f 1196 3448 3447
f 1196 3447 1195
f 1178 3449 3450
f 1178 3450 1169
f 1188 3444 3449
f 1188 3449 1178
f 1191 3451 3448
f 1191 3448 1196
f 1179 3452 3451
f 1179 3451 1191
f 1174 3453 3452
f 1174 3452 1179
f 1172 3454 3453
f 1172 3453 1174
f 1169 3450 3454
f 1169 3454 1172
f 3455 2495 2496
f 3455 2496 3456
f 3457 2497 2495
f 3457 2495 3455
f 3458 2498 2497
f 3458 2497 3457
f 3459 2499 2500
f 3459 2500 3460
f 3456 2496 2499
f 3456 2499 3459
f 3461 2501 2498
f 3461 2498 3458
f 3462 2502 2501
f 3462 2501 3461
f 3463 2503 2504
f 3463 2504 3464
f 3465 2505 2503
f 3465 2503 3463
f 3460 2500 2505
f 3460 2505 3465
f 3466 2506 2502
f 3466 2502 3462
f 3467 2507 2506
f 3467 2506 3466
f 3468 2508 2507
f 3468 2507 3467
f 3469 2509 2510
f 3469 2510 3470
f 3464 2504 2509
f 3464 2509 3469
f 3471 2511 2508
f 3471 2508 3468
f 3472 2512 2511
f 3472 2511 3471
f 3473 2513 2514
f 3473 2514 3474
f 3475 2515 2513
f 3475 2513 3473
f 3470 2510 2515
f 3470 2515 3475
f 3476 2516 2512
f 3476 2512 3472
f 3477 2517 2516
f 3477 2516 3476
f 3478 2518 2517
f 3478 2517 3477
f 3479 2519 2520
f 3479 2520 3480
f 3474 2514 2519
f 3474 2519 3479
f 3481 2521 2518
f 3481 2518 3478
f 3482 2522 2521
f 3482 2521 3481
f 3483 2523 2524
f 3483 2524 3484
f 3485 2525 2523
f 3485 2523 3483
f 3480 2520 2525
f 3480 2525 3485
f 3486 2526 2522
f 3486 2522 3482
f 3487 2527 2526
f 3487 2526 3486
f 3488 2528 2527
f 3488 2527 3487
f 3489 2529 2530
f 3489 2530 3490
f 3484 2524 2529
f 3484 2529 3489
f 3491 2531 2528
f 3491 2528 3488
f 3492 2532 2531
f 3492 2531 3491
f 3493 2533 2534
f 3493 2534 3494
f 3495 2535 2533
f 3495 2533 3493
f 3490 2530 2535
f 3490 2535 3495
f 3496 2536 2532
f 3496 2532 3492
f 3497 2537 2536
f 3497 2536 3496
f 3498 2538 2537
f 3498 2537 3497
f 3499 2539 2540
f 3499 2540 3500
f 3494 2534 2539
f 3494 2539 3499
f 3501 2541 2538
f 3501 2538 3498
f 3502 2542 2541
f 3502 2541 3501
f 3503 2543 2544
f 3503 2544 3504
f 3505 2545 2543
f 3505 2543 3503
f 3500 2540 2545
f 3500 2545 3505
f 3506 2546 2542
f 3506 2542 3502
f 3507 2547 2546
f 3507 2546 3506
f 3508 2548 2547
f 3508 2547 3507
f 3509 2549 2550
f 3509 2550 3510
f 3504 2544 2549
f 3504 2549 3509
f 3511 2551 2548
f 3511 2548 3508
f 3512 2552 2551
f 3512 2551 3511
f 3513 2553 2554
f 3513 2554 3514
f 3515 2555 2553
f 3515 2553 3513
f 3510 2550 2555
f 3510 2555 3515
f 3516 2556 2552
f 3516 2552 3512
f 3517 2557 2556
f 3517 2556 3516
f 3518 2558 2557
f 3518 2557 3517
f 3519 2559 2560
f 3519 2560 3520
f 3514 2554 2559
f 3514 2559 3519
f 3521 2561 2558
f 3521 2558 3518
f 3522 2562 2561
f 3522 2561 3521
f 3523 2563 2564
f 3523 2564 3524
f 3525 2565 2563
f 3525 2563 3523
f 3520 2560 2565
f 3520 2565 3525
f 3526 2566 2562
f 3526 2562 3522
f 3527 2567 2566
f 3527 2566 3526
f 3528 2568 2567
f 3528 2567 3527
f 3529 2569 2570
f 3529 2570 3530
f 3524 2564 2569
f 3524 2569 3529
f 3531 2571 2568
f 3531 2568 3528
f 3532 2572 2571
f 3532 2571 3531
f 3533 2573 2574
f 3533 2574 3534
f 3535 2575 2573
f 3535 2573 3533
f 3530 2570 2575
f 3530 2575 3535
f 3536 2576 2572
f 3536 2572 3532
f 3537 2577 2576
f 3537 2576 3536
f 3538 2578 2577
f 3538 2577 3537
f 3539 2579 2580
f 3539 2580 3540
f 3534 2574 2579
f 3534 2579 3539
f 3541 2581 2578
f 3541 2578 3538
f 3542 2582 2581
f 3542 2581 3541
f 3543 2583 2584
f 3543 2584 3544
f 3545 2585 2583
f 3545 2583 3543
f 3540 2580 2585
f 3540 2585 3545
f 3546 2586 2582
f 3546 2582 3542
f 3547 2587 2586
f 3547 2586 3546
f 3548 2588 2587
f 3548 2587 3547
f 3549 2589 2590
f 3549 2590 3550
f 3544 2584 2589
f 3544 2589 3549
f 3551 2591 2588
f 3551 2588 3548
f 3552 2592 2591
f 3552 2591 3551
f 3553 2593 2594
f 3553 2594 3554
f 3555 2595 2593
f 3555 2593 3553
f 3550 2590 2595
f 3550 2595 3555
f 3556 2596 2592
f 3556 2592 3552
f 3557 2597 2596
f 3557 2596 3556
f 3558 2598 2597
f 3558 2597 3557
f 3559 2599 2600
f 3559 2600 3560
f 3554 2594 2599
f 3554 2599 3559
f 3561 2601 2598
f 3561 2598 3558
f 3562 2602 2601
f 3562 2601 3561
f 3563 2603 2604
f 3563 2604 3564
f 3565 2605 2603
f 3565 2603 3563
f 3560 2600 2605
f 3560 2605 3565
f 3566 2606 2602
f 3566 2602 3562
f 3567 2607 2606
f 3567 2606 3566
f 3568 2608 2607
f 3568 2607 3567
f 3569 2609 2610
f 3569 2610 3570
f 3564 2604 2609
f 3564 2609 3569
f 3571 2611 2608
f 3571 2608 3568
f 3572 2612 2611
f 3572 2611 3571
f 3573 2613 2614
f 3573 2614 3574
f 3575 2615 2613
f 3575 2613 3573
f 3570 2610 2615
f 3570 2615 3575
f 3576 2616 2612
f 3576 2612 3572
f 3577 2617 2616
f 3577 2616 3576
f 3578 2618 2617
f 3578 2617 3577
f 3579 2619 2620
f 3579 2620 3580
f 3574 2614 2619
f 3574 2619 3579
f 3581 2621 2618
f 3581 2618 3578
f 3582 2622 2621
f 3582 2621 3581
f 3583 2623 2624
f 3583 2624 3584
f 3585 2625 2623
f 3585 2623 3583
f 3580 2620 2625
f 3580 2625 3585
f 3586 2626 2622
f 3586 2622 3582
f 3587 2627 2626
f 3587 2626 3586
f 3588 2628 2627
f 3588 2627 3587
f 3589 2629 2630
f 3589 2630 3590
f 3584 2624 2629
f 3584 2629 3589
f 3591 2631 2628
f 3591 2628 3588
f 3592 2632 2631
f 3592 2631 3591
f 3593 2633 2634
f 3593 2634 3594
f 3595 2635 2633
f 3595 2633 3593
f 3590 2630 2635
f 3590 2635 3595
f 3596 2636 2632
f 3596 2632 3592
f 3597 2637 2636
f 3597 2636 3596
f 3598 2638 2637
f 3598 2637 3597
f 3599 2639 2640
f 3599 2640 3600
f 3594 2634 2639
f 3594 2639 3599
f 3601 2641 2638
f 3601 2638 3598
f 3602 2642 2641
f 3602 2641 3601
f 3603 2643 2644
f 3603 2644 3604
f 3605 2645 2643
f 3605 2643 3603
f 3600 2640 2645
f 3600 2645 3605
f 3606 2646 2642
f 3606 2642 3602
f 3607 2647 2646
f 3607 2646 3606
f 3608 2648 2647
f 3608 2647 3607
f 3609 2649 2650
f 3609 2650 3610
f 3604 2644 2649
f 3604 2649 3609
f 3611 2651 2648
f 3611 2648 3608
f 3612 2652 2651
f 3612 2651 3611
f 3613 2653 2654
f 3613 2654 3614
f 3615 2655 2653
f 3615 2653 3613
f 3610 2650 2655
f 3610 2655 3615
f 3616 2656 2652
f 3616 2652 3612
f 3617 2657 2656
f 3617 2656 3616
f 3618 2658 2657
f 3618 2657 3617
f 3619 2659 2660
f 3619 2660 3620
f 3614 2654 2659
f 3614 2659 3619
f 3621 2661 2658
f 3621 2658 3618
f 3622 2662 2661
f 3622 2661 3621
f 3623 2663 2664
f 3623 2664 3624
f 3625 2665 2663
f 3625 2663 3623
f 3620 2660 2665
f 3620 2665 3625
f 3626 2666 2662
f 3626 2662 3622
f 3627 2667 2666
f 3627 2666 3626
f 3628 2668 2667
f 3628 2667 3627
f 3629 2669 2670
f 3629 2670 3630
f 3624 2664 2669
f 3624 2669 3629
f 3631 2671 2668
f 3631 2668 3628
f 3632 2672 2671
f 3632 2671 3631
f 3633 2673 2674
f 3633 2674 3634
f 3635 2675 2673
f 3635 2673 3633
f 3630 2670 2675
f 3630 2675 3635
f 3636 2676 2672
f 3636 2672 3632
f 3637 2677 2676
f 3637 2676 3636
f 3638 2678 2677
f 3638 2677 3637
f 3639 2679 2680
f 3639 2680 3640
f 3634 2674 2679
f 3634 2679 3639
f 3641 2681 2678
f 3641 2678 3638
f 3642 2682 2681
f 3642 2681 3641
f 3643 2683 2684
f 3643 2684 3644
f 3645 2685 2683
f 3645 2683 3643
f 3640 2680 2685
f 3640 2685 3645
f 3646 2686 2682
f 3646 2682 3642
f 3647 2687 2686
f 3647 2686 3646
f 3648 2688 2687
f 3648 2687 3647
f 3649 2689 2690
f 3649 2690 3650
f 3644 2684 2689
f 3644 2689 3649
f 3651 2691 2688
f 3651 2688 3648
f 3652 2692 2691
f 3652 2691 3651
f 3653 2693 2694
f 3653 2694 3654
f 3655 2695 2693
f 3655 2693 3653
f 3650 2690 2695
f 3650 2695 3655
f 3656 2696 2692
f 3656 2692 3652
f 3657 2697 2696
f 3657 2696 3656
f 3658 2698 2697
f 3658 2697 3657
f 3659 2699 2700
f 3659 2700 3660
f 3654 2694 2699
f 3654 2699 3659
f 3661 2701 2698
f 3661 2698 3658
f 3662 2702 2701
f 3662 2701 3661
f 3663 2703 2704
f 3663 2704 3664
f 3665 2705 2703
f 3665 2703 3663
f 3660 2700 2705
f 3660 2705 3665
f 3666 2706 2702
f 3666 2702 3662
f 3667 2707 2706
f 3667 2706 3666
f 3668 2708 2707
f 3668 2707 3667
f 3669 2709 2710
f 3669 2710 3670
f 3664 2704 2709
f 3664 2709 3669
f 3671 2711 2708
f 3671 2708 3668
f 3672 2712 2711
f 3672 2711 3671
f 3673 2713 2714
f 3673 2714 3674
f 3675 2715 2713
f 3675 2713 3673
f 3670 2710 2715
f 3670 2715 3675
f 3676 2716 2712
f 3676 2712 3672
f 3677 2717 2716
f 3677 2716 3676
f 3678 2718 2717
f 3678 2717 3677
f 3679 2719 2720
f 3679 2720 3680
f 3674 2714 2719
f 3674 2719 3679
f 3681 2721 2718
f 3681 2718 3678
f 3682 2722 2721
f 3682 2721 3681
f 3683 2723 2724
f 3683 2724 3684
f 3685 2725 2723
f 3685 2723 3683
f 3680 2720 2725
f 3680 2725 3685
f 3686 2726 2722
f 3686 2722 3682
f 3687 2727 2726
f 3687 2726 3686
f 3688 2728 2727
f 3688 2727 3687
f 3689 2729 2730
f 3689 2730 3690
f 3684 2724 2729
f 3684 2729 3689
f 3691 2731 2728
f 3691 2728 3688
f 3692 2732 2731
f 3692 2731 3691
f 3693 2733 2734
f 3693 2734 3694
f 3695 2735 2733
f 3695 2733 3693
f 3690 2730 2735
f 3690 2735 3695
f 3696 2736 2732
f 3696 2732 3692
f 3697 2737 2736
f 3697 2736 3696
f 3698 2738 2737
f 3698 2737 3697
f 3699 2739 2740
f 3699 2740 3700
f 3694 2734 2739
f 3694 2739 3699
f 3701 2741 2738
f 3701 2738 3698
f 3702 2742 2741
f 3702 2741 3701
f 3703 2743 2744
f 3703 2744 3704
f 3705 2745 2743
f 3705 2743 3703
f 3700 2740 2745
f 3700 2745 3705
f 3706 2746 2742
f 3706 2742 3702
f 3707 2747 2746
f 3707 2746 3706
f 3708 2748 2747
f 3708 2747 3707
f 3709 2749 2750
f 3709 2750 3710
f 3704 2744 2749
f 3704 2749 3709
f 3711 2751 2748
f 3711 2748 3708
f 3712 2752 2751
f 3712 2751 3711
f 3713 2753 2754
f 3713 2754 3714
f 3715 2755 2753
f 3715 2753 3713
f 3710 2750 2755
f 3710 2755 3715
f 3716 2756 2752
f 3716 2752 3712
f 3717 2757 2756
f 3717 2756 3716
f 3718 2758 2757
f 3718 2757 3717
f 3719 2759 2760
f 3719 2760 3720
f 3714 2754 2759
f 3714 2759 3719
f 3721 2761 2758
f 3721 2758 3718
f 3722 2762 2761
f 3722 2761 3721
f 3723 2763 2764
f 3723 2764 3724
f 3725 2765 2763
f 3725 2763 3723
f 3720 2760 2765
f 3720 2765 3725
f 3726 2766 2762
f 3726 2762 3722
f 3727 2767 2766
f 3727 2766 3726
f 3728 2768 2767
f 3728 2767 3727
f 3729 2769 2770
f 3729 2770 3730
f 3724 2764 2769
f 3724 2769 3729
f 3731 2771 2768
f 3731 2768 3728
f 3732 2772 2771
f 3732 2771 3731
f 3733 2773 2774
f 3733 2774 3734
f 3735 2775 2773
f 3735 2773 3733
f 3730 2770 2775
f 3730 2775 3735
f 3736 2776 2772
f 3736 2772 3732
f 3737 2777 2776
f 3737 2776 3736
f 3738 2778 2777
f 3738 2777 3737
f 3739 2779 2780
f 3739 2780 3740
f 3734 2774 2779
f 3734 2779 3739
f 3741 2781 2778
f 3741 2778 3738
f 3742 2782 2781
f 3742 2781 3741
f 3743 2783 2784
f 3743 2784 3744
f 3745 2785 2783
f 3745 2783 3743
f 3740 2780 2785
f 3740 2785 3745
f 3746 2786 2782
f 3746 2782 3742
f 3747 2787 2786
f 3747 2786 3746
f 3748 2788 2787
f 3748 2787 3747
f 3749 2789 2790
f 3749 2790 3750
f 3744 2784 2789
f 3744 2789 3749
f 3751 2791 2788
f 3751 2788 3748
f 3752 2792 2791
f 3752 2791 3751
f 3753 2793 2794
f 3753 2794 3754
f 3755 2795 2793
f 3755 2793 3753
f 3750 2790 2795
f 3750 2795 3755
f 3756 2796 2792
f 3756 2792 3752
f 3757 2797 2796
f 3757 2796 3756
f 3758 2798 2797
f 3758 2797 3757
f 3759 2799 2800
f 3759 2800 3760
f 3754 2794 2799
f 3754 2799 3759
f 3761 2801 2798
f 3761 2798 3758
f 3762 2802 2801
f 3762 2801 3761
f 3763 2803 2804
f 3763 2804 3764
f 3765 2805 2803
f 3765 2803 3763
f 3760 2800 2805
f 3760 2805 3765
f 3766 2806 2802
f 3766 2802 3762
f 3767 2807 2806
f 3767 2806 3766
f 3768 2808 2807
f 3768 2807 3767
f 3769 2809 2810
f 3769 2810 3770
f 3764 2804 2809
f 3764 2809 3769
f 3771 2811 2808
f 3771 2808 3768
f 3772 2812 2811
f 3772 2811 3771
f 3773 2813 2814
f 3773 2814 3774
f 3775 2815 2813
f 3775 2813 3773
f 3770 2810 2815
f 3770 2815 3775
f 3776 2816 2812
f 3776 2812 3772
f 3777 2817 2816
f 3777 2816 3776
f 3778 2818 2817
f 3778 2817 3777
f 3779 2819 2820
f 3779 2820 3780
f 3774 2814 2819
f 3774 2819 3779
f 3781 2821 2818
f 3781 2818 3778
f 3782 2822 2821
f 3782 2821 3781
f 3783 2823 2824
f 3783 2824 3784
f 3785 2825 2823
f 3785 2823 3783
f 3780 2820 2825
f 3780 2825 3785
f 3786 2826 2822
f 3786 2822 3782
f 3787 2827 2826
f 3787 2826 3786
f 3788 2828 2827
f 3788 2827 3787
f 3789 2829 2830
f 3789 2830 3790
f 3784 2824 2829
f 3784 2829 3789
f 3791 2831 2828
f 3791 2828 3788
f 3792 2832 2831
f 3792 2831 3791
f 3793 2833 2834
f 3793 2834 3794
f 3795 2835 2833
f 3795 2833 3793
f 3790 2830 2835
f 3790 2835 3795
f 3796 2836 2832
f 3796 2832 3792
f 3797 2837 2836
f 3797 2836 3796
f 3798 2838 2837
f 3798 2837 3797
f 3799 2839 2840
f 3799 2840 3800
f 3794 2834 2839
f 3794 2839 3799
f 3801 2841 2838
f 3801 2838 3798
f 3802 2842 2841
f 3802 2841 3801
f 3803 2843 2844
f 3803 2844 3804
f 3805 2845 2843
f 3805 2843 3803
f 3800 2840 2845
f 3800 2845 3805
f 3806 2846 2842
f 3806 2842 3802
f 3807 2847 2846
f 3807 2846 3806
f 3808 2848 2847
f 3808 2847 3807
f 3809 2849 2850
f 3809 2850 3810
f 3804 2844 2849
f 3804 2849 3809
f 3811 2851 2848
f 3811 2848 3808
f 2852 2851 3811
f 3812 2852 3811
f 3813 2853 2854
f 3813 2854 3814
f 3815 2855 2853
f 3815 2853 3813
f 3810 2850 2855
f 3810 2855 3815
f 3816 2856 2852
f 3816 2852 3812
f 3817 2857 2856
f 3817 2856 3816
f 3818 2858 2857
f 3818 2857 3817
f 3819 2859 2860
f 3819 2860 3820
f 3814 2854 2859
f 3814 2859 3819
f 3821 2861 2858
f 3821 2858 3818
f 3822 2862 2861
f 3822 2861 3821
f 3823 2863 2864
f 3823 2864 3824
f 3825 2865 2863
f 3825 2863 3823
f 3820 2860 2865
f 3820 2865 3825
f 3826 2866 2862
f 3826 2862 3822
f 3827 2867 2866
f 3827 2866 3826
f 3828 2868 2867
f 3828 2867 3827
f 3829 2869 2870
f 3829 2870 3830
f 3824 2864 2869
f 3824 2869 3829
f 3831 2871 2868
f 3831 2868 3828
f 3832 2872 2871
f 3832 2871 3831
f 3833 2873 2874
f 3833 2874 3834
f 3835 2875 2873
f 3835 2873 3833
f 3830 2870 2875
f 3830 2875 3835
f 3836 2876 2872
f 3836 2872 3832
f 3837 2877 2876
f 3837 2876 3836
f 3838 2878 2877
f 3838 2877 3837
f 3839 2879 2880
f 3839 2880 3840
f 3834 2874 2879
f 3834 2879 3839
f 3841 2881 2878
f 3841 2878 3838
f 3842 2882 2881
f 3842 2881 3841
f 3843 2883 2884
f 3843 2884 3844
f 3845 2885 2883
f 3845 2883 3843
f 3840 2880 2885
f 3840 2885 3845
f 3846 2886 2882
f 3846 2882 3842
f 3847 2887 2886
f 3847 2886 3846
f 3848 2888 2887
f 3848 2887 3847
f 3849 2889 2890
f 3849 2890 3850
f 3844 2884 2889
f 3844 2889 3849
f 3851 2891 2888
f 3851 2888 3848
f 3852 2892 2891
f 3852 2891 3851
f 3853 2893 2894
f 3853 2894 3854
f 3855 2895 2893
f 3855 2893 3853
f 3850 2890 2895
f 3850 2895 3855
f 3856 2896 2892
f 3856 2892 3852
f 3857 2897 2896
f 3857 2896 3856
f 3858 2898 2897
f 3858 2897 3857
f 3859 2899 2900
f 3859 2900 3860
f 3854 2894 2899
f 3854 2899 3859
f 3861 2901 2898
f 3861 2898 3858
f 3862 2902 2901
f 3862 2901 3861
f 3863 2903 2904
f 3863 2904 3864
f 3865 2905 2903
f 3865 2903 3863
f 3860 2900 2905
f 3860 2905 3865
f 3866 2906 2902
f 3866 2902 3862
f 3867 2907 2906
f 3867 2906 3866
f 3868 2908 2907
f 3868 2907 3867
f 3869 2909 2910
f 3869 2910 3870
f 3864 2904 2909
f 3864 2909 3869
f 3871 2911 2908
f 3871 2908 3868
f 3872 2912 2911
f 3872 2911 3871
f 3873 2913 2914
f 3873 2914 3874
f 3875 2915 2913
f 3875 2913 3873
f 3870 2910 2915
f 3870 2915 3875
f 3876 2916 2912
f 3876 2912 3872
f 3877 2917 2916
f 3877 2916 3876
f 3878 2918 2917
f 3878 2917 3877
f 3879 2919 2920
f 3879 2920 3880
f 3874 2914 2919
f 3874 2919 3879
f 3881 2921 2918
f 3881 2918 3878
f 3882 2922 2921
f 3882 2921 3881
f 3883 2923 2924
f 3883 2924 3884
f 3885 2925 2923
f 3885 2923 3883
f 3880 2920 2925
f 3880 2925 3885
f 3886 2926 2922
f 3886 2922 3882
f 3887 2927 2926
f 3887 2926 3886
f 3888 2928 2927
f 3888 2927 3887
f 3889 2929 2930
f 3889 2930 3890
f 3884 2924 2929
f 3884 2929 3889
f 3891 2931 2928
f 3891 2928 3888
f 3892 2932 2931
f 3892 2931 3891
f 3893 2933 2934
f 3893 2934 3894
f 3895 2935 2933
f 3895 2933 3893
f 3890 2930 2935
f 3890 2935 3895
f 3896 2936 2932
f 3896 2932 3892
f 3897 2937 2936
f 3897 2936 3896
f 3898 2938 2937
f 3898 2937 3897
f 3899 2939 2940
f 3899 2940 3900
f 3894 2934 2939
f 3894 2939 3899
f 3901 2941 2938
f 3901 2938 3898
f 3902 2942 2941
f 3902 2941 3901
f 3903 2943 2944
f 3903 2944 3904
f 3905 2945 2943
f 3905 2943 3903
f 3900 2940 2945
f 3900 2945 3905
f 3906 2946 2942
f 3906 2942 3902
f 3907 2947 2946
f 3907 2946 3906
f 3908 2948 2947
f 3908 2947 3907
f 3909 2949 2950
f 3909 2950 3910
f 3904 2944 2949
f 3904 2949 3909
f 3911 2951 2948
f 3911 2948 3908
f 3912 2952 2951
f 3912 2951 3911
f 3913 2953 2954
f 3913 2954 3914
f 3915 2955 2953
f 3915 2953 3913
f 3910 2950 2955
f 3910 2955 3915
f 3916 2956 2952
f 3916 2952 3912
f 3917 2957 2956
f 3917 2956 3916
f 3918 2958 2957
f 3918 2957 3917
f 3919 2959 2960
f 3919 2960 3920
f 3914 2954 2959
f 3914 2959 3919
f 3921 2961 2958
f 3921 2958 3918
f 3922 2962 2961
f 3922 2961 3921
f 3923 2963 2964
f 3923 2964 3924
f 3925 2965 2963
f 3925 2963 3923
f 3920 2960 2965
f 3920 2965 3925
f 3926 2966 2962
f 3926 2962 3922
f 3927 2967 2966
f 3927 2966 3926
f 3928 2968 2967
f 3928 2967 3927
f 3929 2969 2970
f 3929 2970 3930
f 3924 2964 2969
f 3924 2969 3929
f 3931 2971 2968
f 3931 2968 3928
f 3932 2972 2971
f 3932 2971 3931
f 3933 2973 2972
f 3933 2972 3932
f 3934 2974 2973
f 3934 2973 3933
f 3930 2970 2974
f 3930 2974 3934
f 2975 3935 3936
f 2975 3936 2976
f 2977 3937 3935
f 2977 3935 2975
f 2978 3938 3937
f 2978 3937 2977
f 2979 3939 3940
f 2979 3940 2980
f 2976 3936 3939
f 2976 3939 2979
f 2981 3941 3938
f 2981 3938 2978
f 2982 3942 3941
f 2982 3941 2981
f 2983 3943 3944
f 2983 3944 2984
f 2985 3945 3943
f 2985 3943 2983
f 2980 3940 3945
f 2980 3945 2985
f 2986 3946 3942
f 2986 3942 2982
f 2987 3947 3946
f 2987 3946 2986
f 2988 3948 3947
f 2988 3947 2987
f 2989 3949 3950
f 2989 3950 2990
f 2984 3944 3949
f 2984 3949 2989
f 2991 3951 3948
f 2991 3948 2988
f 2992 3952 3951
f 2992 3951 2991
f 2993 3953 3954
f 2993 3954 2994
f 2995 3955 3953
f 2995 3953 2993
f 2990 3950 3955
f 2990 3955 2995
f 2996 3956 3952
f 2996 3952 2992
f 2997 3957 3956
f 2997 3956 2996
f 2998 3958 3957
f 2998 3957 2997
f 2999 3959 3960
f 2999 3960 3000
f 2994 3954 3959
f 2994 3959 2999
f 3001 3961 3958
f 3001 3958 2998
f 3002 3962 3961
f 3002 3961 3001
f 3003 3963 3964
f 3003 3964 3004
f 3005 3965 3963
f 3005 3963 3003
f 3000 3960 3965
f 3000 3965 3005
f 3006 3966 3962
f 3006 3962 3002
f 3007 3967 3966
f 3007 3966 3006
f 3008 3968 3967
f 3008 3967 3007
f 3009 3969 3970
f 3009 3970 3010
f 3004 3964 3969
f 3004 3969 3009
f 3011 3971 3968
f 3011 3968 3008
f 3012 3972 3971
f 3012 3971 3011
f 3013 3973 3974
f 3013 3974 3014
f 3015 3975 3973
f 3015 3973 3013
f 3010 3970 3975
f 3010 3975 3015
f 3016 3976 3972
f 3016 3972 3012
f 3017 3977 3976
f 3017 3976 3016
f 3018 3978 3977
f 3018 3977 3017
f 3019 3979 3980
f 3019 3980 3020
f 3014 3974 3979
f 3014 3979 3019
f 3021 3981 3978
f 3021 3978 3018
f 3022 3982 3981
f 3022 3981 3021
f 3023 3983 3984
f 3023 3984 3024
f 3025 3985 3983
f 3025 3983 3023
f 3020 3980 3985
f 3020 3985 3025
f 3026 3986 3982
f 3026 3982 3022
f 3027 3987 3986
f 3027 3986 3026
f 3028 3988 3987
f 3028 3987 3027
f 3029 3989 3990
f 3029 3990 3030
f 3024 3984 3989
f 3024 3989 3029
f 3031 3991 3988
f 3031 3988 3028
f 3032 3992 3991
f 3032 3991 3031
f 3033 3993 3994
f 3033 3994 3034
f 3035 3995 3993
f 3035 3993 3033
f 3030 3990 3995
f 3030 3995 3035
f 3036 3996 3992
f 3036 3992 3032
f 3037 3997 3996
f 3037 3996 3036
f 3038 3998 3997
f 3038 3997 3037
f 3039 3999 4000
f 3039 4000 3040
f 3034 3994 3999
f 3034 3999 3039
f 3041 4001 3998
f 3041 3998 3038
f 3042 4002 4001
f 3042 4001 3041
f 3043 4003 4004
f 3043 4004 3044
f 3045 4005 4003
f 3045 4003 3043
f 3040 4000 4005
f 3040 4005 3045
f 3046 4006 4002
f 3046 4002 3042
f 3047 4007 4006
f 3047 4006 3046
f 3048 4008 4007
f 3048 4007 3047
f 3049 4009 4010
f 3049 4010 3050
f 3044 4004 4009
f 3044 4009 3049
f 3051 4011 4008
f 3051 4008 3048
f 3052 4012 4011
f 3052 4011 3051
f 3053 4013 4014
f 3053 4014 3054
f 3055 4015 4013
f 3055 4013 3053
f 3050 4010 4015
f 3050 4015 3055
f 3056 4016 4012
f 3056 4012 3052
f 3057 4017 4016
f 3057 4016 3056
f 3058 4018 4017
f 3058 4017 3057
f 3059 4019 4020
f 3059 4020 3060
f 3054 4014 4019
f 3054 4019 3059
f 3061 4021 4018
f 3061 4018 3058
f 3062 4022 4021
f 3062 4021 3061
f 3063 4023 4024
f 3063 4024 3064
f 3065 4025 4023
f 3065 4023 3063
f 3060 4020 4025
f 3060 4025 3065
f 3066 4026 4022
f 3066 4022 3062
f 3067 4027 4026
f 3067 4026 3066
f 3068 4028 4027
f 3068 4027 3067
f 3069 4029 4030
f 3069 4030 3070
f 3064 4024 4029
f 3064 4029 3069
f 3071 4031 4028
f 3071 4028 3068
f 3072 4032 4031
f 3072 4031 3071
f 3073 4033 4034
f 3073 4034 3074
f 3075 4035 4033
f 3075 4033 3073
f 3070 4030 4035
f 3070 4035 3075
f 3076 4036 4032
f 3076 4032 3072
f 3077 4037 4036
f 3077 4036 3076
f 3078 4038 4037
f 3078 4037 3077
f 3079 4039 4040
f 3079 4040 3080
f 3074 4034 4039
f 3074 4039 3079
f 3081 4041 4038
f 3081 4038 3078
f 3082 4042 4041
f 3082 4041 3081
f 3083 4043 4044
f 3083 4044 3084
f 3085 4045 4043
f 3085 4043 3083
f 3080 4040 4045
f 3080 4045 3085
f 3086 4046 4042
f 3086 4042 3082
f 3087 4047 4046
f 3087 4046 3086
f 3088 4048 4047
f 3088 4047 3087
f 3089 4049 4050
f 3089 4050 3090
f 3084 4044 4049
f 3084 4049 3089
f 3091 4051 4048
f 3091 4048 3088
f 3092 4052 4051
f 3092 4051 3091
f 3093 4053 4054
f 3093 4054 3094
f 3095 4055 4053
f 3095 4053 3093
f 3090 4050 4055
f 3090 4055 3095
f 3096 4056 4052
f 3096 4052 3092
f 3097 4057 4056
f 3097 4056 3096
f 3098 4058 4057
f 3098 4057 3097
f 3099 4059 4060
f 3099 4060 3100
f 3094 4054 4059
f 3094 4059 3099
f 3101 4061 4058
f 3101 4058 3098
f 3102 4062 4061
f 3102 4061 3101
f 3103 4063 4064
f 3103 4064 3104
f 3105 4065 4063
f 3105 4063 3103
f 3100 4060 4065
f 3100 4065 3105
f 3106 4066 4062
f 3106 4062 3102
f 3107 4067 4066
f 3107 4066 3106
f 3108 4068 4067
f 3108 4067 3107
f 3109 4069 4070
f 3109 4070 3110
f 3104 4064 4069
f 3104 4069 3109
f 3111 4071 4068
f 3111 4068 3108
f 3112 4072 4071
f 3112 4071 3111
f 3113 4073 4074
f 3113 4074 3114
f 3115 4075 4073
f 3115 4073 3113
f 3110 4070 4075
f 3110 4075 3115
f 3116 4076 4072
f 3116 4072 3112
f 3117 4077 4076
f 3117 4076 3116
f 3118 4078 4077
f 3118 4077 3117
f 3119 4079 4080
f 3119 4080 3120
f 3114 4074 4079
f 3114 4079 3119
f 3121 4081 4078
f 3121 4078 3118
f 3122 4082 4081
f 3122 4081 3121
f 3123 4083 4084
f 3123 4084 3124
f 3125 4085 4083
f 3125 4083 3123
f 3120 4080 4085
f 3120 4085 3125
f 3126 4086 4082
f 3126 4082 3122
f 3127 4087 4086
f 3127 4086 3126
f 3128 4088 4087
f 3128 4087 3127
f 3129 4089 4090
f 3129 4090 3130
f 3124 4084 4089
f 3124 4089 3129
f 3131 4091 4088
f 3131 4088 3128
f 3132 4092 4091
f 3132 4091 3131
f 3133 4093 4094
f 3133 4094 3134
f 3135 4095 4093
f 3135 4093 3133
f 3130 4090 4095
f 3130 4095 3135
f 3136 4096 4092
f 3136 4092 3132
f 3137 4097 4096
f 3137 4096 3136
f 3138 4098 4097
f 3138 4097 3137
f 3139 4099 4100
f 3139 4100 3140
f 3134 4094 4099
f 3134 4099 3139
f 3141 4101 4098
f 3141 4098 3138
f 3142 4102 4101
f 3142 4101 3141
f 3143 4103 4104
f 3143 4104 3144
f 3145 4105 4103
f 3145 4103 3143
f 3140 4100 4105
f 3140 4105 3145
f 3146 4106 4102
f 3146 4102 3142
f 3147 4107 4106
f 3147 4106 3146
f 3148 4108 4107
f 3148 4107 3147
f 3149 4109 4110
f 3149 4110 3150
f 3144 4104 4109
f 3144 4109 3149
f 3151 4111 4108
f 3151 4108 3148
f 3152 4112 4111
f 3152 4111 3151
f 3153 4113 4114
f 3153 4114 3154
f 3155 4115 4113
f 3155 4113 3153
f 3150 4110 4115
f 3150 4115 3155
f 3156 4116 4112
f 3156 4112 3152
f 3157 4117 4116
f 3157 4116 3156
f 3158 4118 4117
f 3158 4117 3157
f 3159 4119 4120
f 3159 4120 3160
f 3154 4114 4119
f 3154 4119 3159
f 3161 4121 4118
f 3161 4118 3158
f 3162 4122 4121
f 3162 4121 3161
f 3163 4123 4124
f 3163 4124 3164
f 3165 4125 4123
f 3165 4123 3163
f 3160 4120 4125
f 3160 4125 3165
f 3166 4126 4122
f 3166 4122 3162
f 3167 4127 4126
f 3167 4126 3166
f 3168 4128 4127
f 3168 4127 3167
f 3169 4129 4130
f 3169 4130 3170
f 3164 4124 4129
f 3164 4129 3169
f 3171 4131 4128
f 3171 4128 3168
f 3172 4132 4131
f 3172 4131 3171
f 3173 4133 4134
f 3173 4134 3174
f 3175 4135 4133
f 3175 4133 3173
f 3170 4130 4135
f 3170 4135 3175
f 3176 4136 4132
f 3176 4132 3172
f 3177 4137 4136
f 3177 4136 3176
f 3178 4138 4137
f 3178 4137 3177
f 3179 4139 4140
f 3179 4140 3180
f 3174 4134 4139
f 3174 4139 3179
f 3181 4141 4138
f 3181 4138 3178
f 3182 4142 4141
f 3182 4141 3181
f 3183 4143 4144
f 3183 4144 3184
f 3185 4145 4143
f 3185 4143 3183
f 3180 4140 4145
f 3180 4145 3185
f 3186 4146 4142
f 3186 4142 3182
f 3187 4147 4146
f 3187 4146 3186
f 3188 4148 4147
f 3188 4147 3187
f 3189 4149 4150
f 3189 4150 3190
f 3184 4144 4149
f 3184 4149 3189
f 3191 4151 4148
f 3191 4148 3188
f 3192 4152 4151
f 3192 4151 3191
f 3193 4153 4154
f 3193 4154 3194
f 3195 4155 4153
f 3195 4153 3193
f 3190 4150 4155
f 3190 4155 3195
f 3196 4156 4152
f 3196 4152 3192
f 3197 4157 4156
f 3197 4156 3196
f 3198 4158 4157
f 3198 4157 3197
f 3199 4159 4160
f 3199 4160 3200
f 3194 4154 4159
f 3194 4159 3199
f 3201 4161 4158
f 3201 4158 3198
f 3202 4162 4161
f 3202 4161 3201
f 3203 4163 4164
f 3203 4164 3204
f 3205 4165 4163
f 3205 4163 3203
f 3200 4160 4165
f 3200 4165 3205
f 3206 4166 4162
f 3206 4162 3202
f 3207 4167 4166
f 3207 4166 3206
f 3208 4168 4167
f 3208 4167 3207
f 3209 4169 4170
f 3209 4170 3210
f 3204 4164 4169
f 3204 4169 3209
f 3211 4171 4168
f 3211 4168 3208
f 3212 4172 4171
f 3212 4171 3211
f 3213 4173 4174
f 3213 4174 3214
f 3215 4175 4173
f 3215 4173 3213
f 3210 4170 4175
f 3210 4175 3215
f 3216 4176 4172
f 3216 4172 3212
f 3217 4177 4176
f 3217 4176 3216
f 3218 4178 4177
f 3218 4177 3217
f 3219 4179 4180
f 3219 4180 3220
f 3214 4174 4179
f 3214 4179 3219
f 3221 4181 4178
f 3221 4178 3218
f 3222 4182 4181
f 3222 4181 3221
f 3223 4183 4184
f 3223 4184 3224
f 3225 4185 4183
f 3225 4183 3223
f 3220 4180 4185
f 3220 4185 3225
f 3226 4186 4182
f 3226 4182 3222
f 3227 4187 4186
f 3227 4186 3226
f 3228 4188 4187
f 3228 4187 3227
f 3229 4189 4190
f 3229 4190 3230
f 3224 4184 4189
f 3224 4189 3229
f 3231 4191 4188
f 3231 4188 3228
f 3232 4192 4191
f 3232 4191 3231
f 3233 4193 4194
f 3233 4194 3234
f 3235 4195 4193
f 3235 4193 3233
f 3230 4190 4195
f 3230 4195 3235
f 3236 4196 4192
f 3236 4192 3232
f 3237 4197 4196
f 3237 4196 3236
f 3238 4198 4197
f 3238 4197 3237
f 3239 4199 4200
f 3239 4200 3240
f 3234 4194 4199
f 3234 4199 3239
f 3241 4201 4198
f 3241 4198 3238
f 3242 4202 4201
f 3242 4201 3241
f 3243 4203 4204
f 3243 4204 3244
f 3245 4205 4203
f 3245 4203 3243
f 3240 4200 4205
f 3240 4205 3245
f 3246 4206 4202
f 3246 4202 3242
f 3247 4207 4206
f 3247 4206 3246
f 3248 4208 4207
f 3248 4207 3247
f 3249 4209 4210
f 3249 4210 3250
f 3244 4204 4209
f 3244 4209 3249
f 3251 4211 4208
f 3251 4208 3248
f 3252 4212 4211
f 3252 4211 3251
f 3253 4213 4214
f 3253 4214 3254
f 3255 4215 4213
f 3255 4213 3253
f 3250 4210 4215
f 3250 4215 3255
f 3256 4216 4212
f 3256 4212 3252
f 3257 4217 4216
f 3257 4216 3256
f 3258 4218 4217
f 3258 4217 3257
f 3259 4219 4220
f 3259 4220 3260
f 3254 4214 4219
f 3254 4219 3259
f 3261 4221 4218
f 3261 4218 3258
f 3262 4222 4221
f 3262 4221 3261
f 3263 4223 4224
f 3263 4224 3264
f 3265 4225 4223
f 3265 4223 3263
f 3260 4220 4225
f 3260 4225 3265
f 3266 4226 4222
f 3266 4222 3262
f 3267 4227 4226
f 3267 4226 3266
f 3268 4228 4227
f 3268 4227 3267
f 3269 4229 4230
f 3269 4230 3270
f 3264 4224 4229
f 3264 4229 3269
f 3271 4231 4228
f 3271 4228 3268
f 3272 4232 4231
f 3272 4231 3271
f 3273 4233 4234
f 3273 4234 3274
f 3275 4235 4233
f 3275 4233 3273
f 3270 4230 4235
f 3270 4235 3275
f 3276 4236 4232
f 3276 4232 3272
f 3277 4237 4236
f 3277 4236 3276
f 3278 4238 4237
f 3278 4237 3277
f 3279 4239 4240
f 3279 4240 3280
f 3274 4234 4239
f 3274 4239 3279
f 3281 4241 4238
f 3281 4238 3278
f 3282 4242 4241
f 3282 4241 3281
f 3283 4243 4244
f 3283 4244 3284
f 3285 4245 4243
f 3285 4243 3283
f 3280 4240 4245
f 3280 4245 3285
f 3286 4246 4242
f 3286 4242 3282
f 3287 4247 4246
f 3287 4246 3286
f 3288 4248 4247
f 3288 4247 3287
f 3289 4249 4250
f 3289 4250 3290
f 3284 4244 4249
f 3284 4249 3289
f 3291 4251 4248
f 3291 4248 3288
f 3292 4252 4251
f 3292 4251 3291
f 3293 4253 4254
f 3293 4254 3294
f 3295 4255 4253
f 3295 4253 3293
f 3290 4250 4255
f 3290 4255 3295
f 3296 4256 4252
f 3296 4252 3292
f 3297 4257 4256
f 3297 4256 3296
f 3298 4258 4257
f 3298 4257 3297
f 3299 4259 4260
f 3299 4260 3300
f 3294 4254 4259
f 3294 4259 3299
f 3301 4261 4258
f 3301 4258 3298
f 3302 4262 4261
f 3302 4261 3301
f 3303 4263 4264
f 3303 4264 3304
f 3305 4265 4263
f 3305 4263 3303
f 3300 4260 4265
f 3300 4265 3305
f 3306 4266 4262
f 3306 4262 3302
f 3307 4267 4266
f 3307 4266 3306
f 3308 4268 4267
f 3308 4267 3307
f 3309 4269 4270
f 3309 4270 3310
f 3304 4264 4269
f 3304 4269 3309
f 3311 4271 4268
f 3311 4268 3308
f 3312 4272 4271
f 3312 4271 3311
f 3313 4273 4274
f 3313 4274 3314
f 3315 4275 4273
f 3315 4273 3313
f 3310 4270 4275
f 3310 4275 3315
f 3316 4276 4272
f 3316 4272 3312
f 3317 4277 4276
f 3317 4276 3316
f 3318 4278 4277
f 3318 4277 3317
f 3319 4279 4280
f 3319 4280 3320
f 3314 4274 4279
f 3314 4279 3319
f 3321 4281 4278
f 3321 4278 3318
f 3322 4282 4281
f 3322 4281 3321
f 3323 4283 4284
f 3323 4284 3324
f 3325 4285 4283
f 3325 4283 3323
f 3320 4280 4285
f 3320 4285 3325
f 3326 4286 4282
f 3326 4282 3322
f 3327 4287 4286
f 3327 4286 3326
f 3328 4288 4287
f 3328 4287 3327
f 3329 4289 4290
f 3329 4290 3330
f 3324 4284 4289
f 3324 4289 3329
f 3331 4291 4288
f 3331 4288 3328
f 3332 4292 4291
f 3332 4291 3331
f 3333 4293 4294
f 3333 4294 3334
f 3335 4295 4293
f 3335 4293 3333
f 3330 4290 4295
f 3330 4295 3335
f 3336 4296 4292
f 3336 4292 3332
f 3337 4297 4296
f 3337 4296 3336
f 3338 4298 4297
f 3338 4297 3337
f 3339 4299 4300
f 3339 4300 3340
f 3334 4294 4299
f 3334 4299 3339
f 3341 4301 4298
f 3341 4298 3338
f 3342 4302 4301
f 3342 4301 3341
f 3343 4303 4304
f 3343 4304 3344
f 3345 4305 4303
f 3345 4303 3343
f 3340 4300 4305
f 3340 4305 3345
f 3346 4306 4302
f 3346 4302 3342
f 3347 4307 4306
f 3347 4306 3346
f 3348 4308 4307
f 3348 4307 3347
f 3349 4309 4310
f 3349 4310 3350
f 3344 4304 4309
f 3344 4309 3349
f 3351 4311 4308
f 3351 4308 3348
f 3352 4312 4311
f 3352 4311 3351
f 3353 4313 4314
f 3353 4314 3354
f 3355 4315 4313
f 3355 4313 3353
f 3350 4310 4315
f 3350 4315 3355
f 3356 4316 4312
f 3356 4312 3352
f 3357 4317 4316
f 3357 4316 3356
f 3358 4318 4317
f 3358 4317 3357
f 3359 4319 4320
f 3359 4320 3360
f 3354 4314 4319
f 3354 4319 3359
f 3361 4321 4318
f 3361 4318 3358
f 3362 4322 4321
f 3362 4321 3361
f 3363 4323 4324
f 3363 4324 3364
f 3365 4325 4323
f 3365 4323 3363
f 3360 4320 4325
f 3360 4325 3365
f 3366 4326 4322
f 3366 4322 3362
f 3367 4327 4326
f 3367 4326 3366
f 3368 4328 4327
f 3368 4327 3367
f 3369 4329 4330
f 3369 4330 3370
f 3364 4324 4329
f 3364 4329 3369
f 3371 4331 4328
f 3371 4328 3368
f 3372 4332 4331
f 3372 4331 3371
f 3373 4333 4334
f 3373 4334 3374
f 3375 4335 4333
f 3375 4333 3373
f 3370 4330 4335
f 3370 4335 3375
f 3376 4336 4332
f 3376 4332 3372
f 3377 4337 4336
f 3377 4336 3376
f 3378 4338 4337
f 3378 4337 3377
f 3379 4339 4340
f 3379 4340 3380
f 3374 4334 4339
f 3374 4339 3379
f 3381 4341 4338
f 3381 4338 3378
f 3382 4342 4341
f 3382 4341 3381
f 3383 4343 4344
f 3383 4344 3384
f 3385 4345 4343
f 3385 4343 3383
f 3380 4340 4345
f 3380 4345 3385
f 3386 4346 4342
f 3386 4342 3382
f 3387 4347 4346
f 3387 4346 3386
f 3388 4348 4347
f 3388 4347 3387
f 3389 4349 4350
f 3389 4350 3390
f 3384 4344 4349
f 3384 4349 3389
f 3391 4351 4348
f 3391 4348 3388
f 3392 4352 4351
f 3392 4351 3391
f 3393 4353 4354
f 3393 4354 3394
f 3395 4355 4353
f 3395 4353 3393
f 3390 4350 4355
f 3390 4355 3395
f 3396 4356 4352
f 3396 4352 3392
f 3397 4357 4356
f 3397 4356 3396
f 3398 4358 4357
f 3398 4357 3397
f 3399 4359 4360
f 3399 4360 3400
f 3394 4354 4359
f 3394 4359 3399
f 3401 4361 4358
f 3401 4358 3398
f 3402 4362 4361
f 3402 4361 3401
f 3403 4363 4364
f 3403 4364 3404
f 3405 4365 4363
f 3405 4363 3403
f 3400 4360 4365
f 3400 4365 3405
f 3406 4366 4362
f 3406 4362 3402
f 3407 4367 4366
f 3407 4366 3406
f 3408 4368 4367
f 3408 4367 3407
f 3409 4369 4370
f 3409 4370 3410
f 3404 4364 4369
f 3404 4369 3409
f 3411 4371 4368
f 3411 4368 3408
f 3412 4372 4371
f 3412 4371 3411
f 3413 4373 4374
f 3413 4374 3414
f 3415 4375 4373
f 3415 4373 3413
f 3410 4370 4375
f 3410 4375 3415
f 3416 4376 4372
f 3416 4372 3412
f 3417 4377 4376
f 3417 4376 3416
f 3418 4378 4377
f 3418 4377 3417
f 3419 4379 4380
f 3419 4380 3420
f 3414 4374 4379
f 3414 4379 3419
f 3421 4381 4378
f 3421 4378 3418
f 3422 4382 4381
f 3422 4381 3421
f 3423 4383 4384
f 3423 4384 3424
f 3425 4385 4383
f 3425 4383 3423
f 3420 4380 4385
f 3420 4385 3425
f 3426 4386 4382
f 3426 4382 3422
f 3427 4387 4386
f 3427 4386 3426
f 3428 4388 4387
f 3428 4387 3427
f 3429 4389 4390
f 3429 4390 3430
f 3424 4384 4389
f 3424 4389 3429
f 3431 4391 4388
f 3431 4388 3428
f 3432 4392 4391
f 3432 4391 3431
f 3433 4393 4394
f 3433 4394 3434
f 3435 4395 4393
f 3435 4393 3433
f 3430 4390 4395
f 3430 4395 3435
f 3436 4396 4392
f 3436 4392 3432
f 3437 4397 4396
f 3437 4396 3436
f 3438 4398 4397
f 3438 4397 3437
f 3439 4399 4400
f 3439 4400 3440
f 3434 4394 4399
f 3434 4399 3439
f 3441 4401 4398
f 3441 4398 3438
f 3442 4402 4401
f 3442 4401 3441
f 3443 4403 4404
f 3443 4404 3444
f 3445 4405 4403
f 3445 4403 3443
f 3440 4400 4405
f 3440 4405 3445
f 3446 4406 4402
f 3446 4402 3442
f 3447 4407 4406
f 3447 4406 3446
f 3448 4408 4407
f 3448 4407 3447
f 3449 4409 4410
f 3449 4410 3450
f 3444 4404 4409
f 3444 4409 3449
f 3451 4411 4408
f 3451 4408 3448
f 3452 4412 4411
f 3452 4411 3451
f 3453 4413 4412
f 3453 4412 3452
f 3454 4414 4413
f 3454 4413 3453
f 3450 4410 4414
f 3450 4414 3454
f 3935 3455 3456
f 3935 3456 3936
f 3937 3457 3455
f 3937 3455 3935
f 3938 3458 3457
f 3938 3457 3937
f 3939 3459 3460
f 3939 3460 3940
f 3936 3456 3459
f 3936 3459 3939
f 3941 3461 3458
f 3941 3458 3938
f 3942 3462 3461
f 3942 3461 3941
f 3943 3463 3464
f 3943 3464 3944
f 3945 3465 3463
f 3945 3463 3943
f 3940 3460 3465
f 3940 3465 3945
f 3946 3466 3462
f 3946 3462 3942
f 3947 3467 3466
f 3947 3466 3946
f 3948 3468 3467
f 3948 3467 3947
f 3949 3469 3470
f 3949 3470 3950
f 3944 3464 3469
f 3944 3469 3949
f 3951 3471 3468
f 3951 3468 3948
f 3952 3472 3471
f 3952 3471 3951
f 3953 3473 3474
f 3953 3474 3954
f 3955 3475 3473
f 3955 3473 3953
f 3950 3470 3475
f 3950 3475 3955
f 3956 3476 3472
f 3956 3472 3952
f 3957 3477 3476
f 3957 3476 3956
f 3958 3478 3477
f 3958 3477 3957
f 3959 3479 3480
f 3959 3480 3960
f 3474 3479 3959
f 3954 3474 3959
f 3961 3481 3478
f 3961 3478 3958
f 3962 3482 3481
f 3962 3481 3961
f 3963 3483 3484
f 3963 3484 3964
f 3965 3485 3483
f 3965 3483 3963
f 3960 3480 3485
f 3960 3485 3965
f 3966 3486 3482
f 3966 3482 3962
f 3967 3487 3486
f 3967 3486 3966
f 3968 3488 3487
f 3968 3487 3967
f 3969 3489 3490
f 3969 3490 3970
f 3964 3484 3489
f 3964 3489 3969
f 3971 3491 3488
f 3971 3488 3968
f 3972 3492 3491
f 3972 3491 3971
f 3973 3493 3494
f 3973 3494 3974
f 3975 3495 3493
f 3975 3493 3973
f 3970 3490 3495
f 3970 3495 3975
f 3976 3496 3492
f 3976 3492 3972
f 3977 3497 3496
f 3977 3496 3976
f 3978 3498 3497
f 3978 3497 3977
f 3979 3499 3500
f 3979 3500 3980
f 3974 3494 3499
f 3974 3499 3979
f 3981 3501 3498
f 3981 3498 3978
f 3982 3502 3501
f 3982 3501 3981
f 3983 3503 3504
f 3983 3504 3984
f 3985 3505 3503
f 3985 3503 3983
f 3980 3500 3505
f 3980 3505 3985
f 3986 3506 3502
f 3986 3502 3982
f 3987 3507 3506
f 3987 3506 3986
f 3988 3508 3507
f 3988 3507 3987
f 3989 3509 3510
f 3989 3510 3990
f 3984 3504 3509
f 3984 3509 3989
f 3991 3511 3508
f 3991 3508 3988
f 3992 3512 3511
f 3992 3511 3991
f 3993 3513 3514
f 3993 3514 3994
f 3995 3515 3513
f 3995 3513 3993
f 3990 3510 3515
f 3990 3515 3995
f 3996 3516 3512
f 3996 3512 3992
f 3997 3517 3516
f 3997 3516 3996
f 3998 3518 3517
f 3998 3517 3997
f 3999 3519 3520
f 3999 3520 4000
f 3994 3514 3519
f 3994 3519 3999
f 4001 3521 3518
f 4001 3518 3998
f 4002 3522 3521
f 4002 3521 4001
f 4003 3523 3524
f 4003 3524 4004
f 4005 3525 3523
f 4005 3523 4003
f 4000 3520 3525
f 4000 3525 4005
f 4006 3526 3522
f 4006 3522 4002
f 4007 3527 3526
f 4007 3526 4006
f 4008 3528 3527
f 4008 3527 4007
f 4009 3529 3530
f 4009 3530 4010
f 4004 3524 3529
f 4004 3529 4009
f 4011 3531 3528
f 4011 3528 4008
f 4012 3532 3531
f 4012 3531 4011
f 4013 3533 3534
f 4013 3534 4014
f 4015 3535 3533
f 4015 3533 4013
f 4010 3530 3535
f 4010 3535 4015
f 4016 3536 3532
f 4016 3532 4012
f 4017 3537 3536
f 4017 3536 4016
f 4018 3538 3537
f 4018 3537 4017
f 4019 3539 3540
f 4019 3540 4020
f 4014 3534 3539
f 4014 3539 4019
f 4021 3541 3538
f 4021 3538 4018
f 4022 3542 3541
f 4022 3541 4021
f 4023 3543 3544
f 4023 3544 4024
f 4025 3545 3543
f 4025 3543 4023
f 4020 3540 3545
f 4020 3545 4025
f 4026 3546 3542
f 4026 3542 4022
f 4027 3547 3546
f 4027 3546 4026
f 4028 3548 3547
f 4028 3547 4027
f 4029 3549 3550
f 4029 3550 4030
f 4024 3544 3549
f 4024 3549 4029
f 4031 3551 3548
f 4031 3548 4028
f 4032 3552 3551
f 4032 3551 4031
f 4033 3553 3554
f 4033 3554 4034
f 4035 3555 3553
f 4035 3553 4033
f 4030 3550 3555
f 4030 3555 4035
f 4036 3556 3552
f 4036 3552 4032
f 4037 3557 3556
f 4037 3556 4036
f 4038 3558 3557
f 4038 3557 4037
f 4039 3559 3560
f 4039 3560 4040
f 4034 3554 3559
f 4034 3559 4039
f 4041 3561 3558
f 4041 3558 4038
f 4042 3562 3561
f 4042 3561 4041
f 4043 3563 3564
f 4043 3564 4044
f 4045 3565 3563
f 4045 3563 4043
f 4040 3560 3565
f 4040 3565 4045
f 4046 3566 3562
f 4046 3562 4042
f 4047 3567 3566
f 4047 3566 4046
f 4048 3568 3567
f 4048 3567 4047
f 4049 3569 3570
f 4049 3570 4050
f 4044 3564 3569
f 4044 3569 4049
f 4051 3571 3568
f 4051 3568 4048
f 4052 3572 3571
f 4052 3571 4051
f 4053 3573 3574
f 4053 3574 4054
f 4055 3575 3573
f 4055 3573 4053
f 4050 3570 3575
f 4050 3575 4055
f 4056 3576 3572
f 4056 3572 4052
f 4057 3577 3576
f 4057 3576 4056
f 4058 3578 3577
f 4058 3577 4057
f 4059 3579 3580
f 4059 3580 4060
f 4054 3574 3579
f 4054 3579 4059
f 4061 3581 3578
f 4061 3578 4058
f 4062 3582 3581
f 4062 3581 4061
f 4063 3583 3584
f 4063 3584 4064
f 4065 3585 3583
f 4065 3583 4063
f 4060 3580 3585
f 4060 3585 4065
f 4066 3586 3582
f 4066 3582 4062
f 4067 3587 3586
f 4067 3586 4066
f 4068 3588 3587
f 4068 3587 4067
f 4069 3589 3590
f 4069 3590 4070
f 4064 3584 3589
f 4064 3589 4069
f 4071 3591 3588
f 4071 3588 4068
f 4072 3592 3591
f 4072 3591 4071
f 4073 3593 3594
f 4073 3594 4074
f 4075 3595 3593
f 4075 3593 4073
f 4070 3590 3595
f 4070 3595 4075
f 4076 3596 3592
f 4076 3592 4072
f 4077 3597 3596
f 4077 3596 4076
f 4078 3598 3597
f 4078 3597 4077
f 4079 3599 3600
f 4079 3600 4080
f 4074 3594 3599
f 4074 3599 4079
f 4081 3601 3598
f 4081 3598 4078
f 4082 3602 3601
f 4082 3601 4081
f 4083 3603 3604
f 4083 3604 4084
f 4085 3605 3603
f 4085 3603 4083
f 4080 3600 3605
f 4080 3605 4085
f 4086 3606 3602
f 4086 3602 4082
f 4087 3607 3606
f 4087 3606 4086
f 4088 3608 3607
f 4088 3607 4087
f 4089 3609 3610
f 4089 3610 4090
f 4084 3604 3609
f 4084 3609 4089
f 4091 3611 3608
f 4091 3608 4088
f 4092 3612 3611
f 4092 3611 4091
f 4093 3613 3614
f 4093 3614 4094
f 4095 3615 3613
f 4095 3613 4093
f 4090 3610 3615
f 4090 3615 4095
f 4096 3616 3612
f 4096 3612 4092
f 4097 3617 3616
f 4097 3616 4096
f 4098 3618 3617
f 4098 3617 4097
f 4099 3619 3620
f 4099 3620 4100
f 4094 3614 3619
f 4094 3619 4099
f 4101 3621 3618
f 4101 3618 4098
f 4102 3622 3621
f 4102 3621 4101
f 4103 3623 3624
f 4103 3624 4104
f 4105 3625 3623
f 4105 3623 4103
f 4100 3620 3625
f 4100 3625 4105
f 4106 3626 3622
f 4106 3622 4102
f 4107 3627 3626
f 4107 3626 4106
f 4108 3628 3627
f 4108 3627 4107
f 4109 3629 3630
f 4109 3630 4110
f 4104 3624 3629
f 4104 3629 4109
f 4111 3631 3628
f 4111 3628 4108
f 4112 3632 3631
f 4112 3631 4111
f 4113 3633 3634
f 4113 3634 4114
f 4115 3635 3633
f 4115 3633 4113
f 4110 3630 3635
f 4110 3635 4115
f 4116 3636 3632
f 4116 3632 4112
f 4117 3637 3636
f 4117 3636 4116
f 4118 3638 3637
f 4118 3637 4117
f 4119 3639 3640
f 4119 3640 4120
f 4114 3634 3639
f 4114 3639 4119
f 4121 3641 3638
f 4121 3638 4118
f 4122 3642 3641
f 4122 3641 4121
f 4123 3643 3644
f 4123 3644 4124
f 4125 3645 3643
f 4125 3643 4123
f 4120 3640 3645
f 4120 3645 4125
f 4126 3646 3642
f 4126 3642 4122
f 4127 3647 3646
f 4127 3646 4126
f 4128 3648 3647
f 4128 3647 4127
f 4129 3649 3650
f 4129 3650 4130
f 4124 3644 3649
f 4124 3649 4129
f 4131 3651 3648
f 4131 3648 4128
f 4132 3652 3651
f 4132 3651 4131
f 4133 3653 3654
f 4133 3654 4134
f 4135 3655 3653
f 4135 3653 4133
f 4130 3650 3655
f 4130 3655 4135
f 4136 3656 3652
f 4136 3652 4132
f 4137 3657 3656
f 4137 3656 4136
f 4138 3658 3657
f 4138 3657 4137
f 4139 3659 3660
f 4139 3660 4140
f 4134 3654 3659
f 4134 3659 4139
f 4141 3661 3658
f 4141 3658 4138
f 4142 3662 3661
f 4142 3661 4141
f 4143 3663 3664
f 4143 3664 4144
f 4145 3665 3663
f 4145 3663 4143
f 4140 3660 3665
f 4140 3665 4145
f 4146 3666 3662
f 4146 3662 4142
f 4147 3667 3666
f 4147 3666 4146
f 4148 3668 3667
f 4148 3667 4147
f 4149 3669 3670
f 4149 3670 4150
f 4144 3664 3669
f 4144 3669 4149
f 4151 3671 3668
f 4151 3668 4148
f 4152 3672 3671
f 4152 3671 4151
f 4153 3673 3674
f 4153 3674 4154
f 4155 3675 3673
f 4155 3673 4153
f 4150 3670 3675
f 4150 3675 4155
f 4156 3676 3672
f 4156 3672 4152
f 4157 3677 3676
f 4157 3676 4156
f 4158 3678 3677
f 4158 3677 4157
f 4159 3679 3680
f 4159 3680 4160
f 4154 3674 3679
f 4154 3679 4159
f 4161 3681 3678
f 4161 3678 4158
f 4162 3682 3681
f 4162 3681 4161
f 4163 3683 3684
f 4163 3684 4164
f 4165 3685 3683
f 4165 3683 4163
f 4160 3680 3685
f 4160 3685 4165
f 4166 3686 3682
f 4166 3682 4162
f 4167 3687 3686
f 4167 3686 4166
f 4168 3688 3687
f 4168 3687 4167
f 4169 3689 3690
f 4169 3690 4170
f 4164 3684 3689
f 4164 3689 4169
f 4171 3691 3688
f 4171 3688 4168
f 4172 3692 3691
f 4172 3691 4171
f 4173 3693 3694
f 4173 3694 4174
f 4175 3695 3693
f 4175 3693 4173
f 4170 3690 3695
f 4170 3695 4175
f 4176 3696 3692
f 4176 3692 4172
f 4177 3697 3696
f 4177 3696 4176
f 4178 3698 3697
f 4178 3697 4177
f 4179 3699 3700
f 4179 3700 4180
f 4174 3694 3699
f 4174 3699 4179
f 4181 3701 3698
f 4181 3698 4178
f 4182 3702 3701
f 4182 3701 4181
f 4183 3703 3704
f 4183 3704 4184
f 4185 3705 3703
f 4185 3703 4183
f 4180 3700 3705
f 4180 3705 4185
f 4186 3706 3702
f 4186 3702 4182
f 4187 3707 3706
f 4187 3706 4186
f 4188 3708 3707
f 4188 3707 4187
f 4189 3709 3710
f 4189 3710 4190
f 4184 3704 3709
f 4184 3709 4189
f 4191 3711 3708
f 4191 3708 4188
f 4192 3712 3711
f 4192 3711 4191
f 4193 3713 3714
f 4193 3714 4194
f 4195 3715 3713
f 4195 3713 4193
f 4190 3710 3715
f 4190 3715 4195
f 4196 3716 3712
f 4196 3712 4192
f 4197 3717 3716
f 4197 3716 4196
f 4198 3718 3717
f 4198 3717 4197
f 4199 3719 3720
f 4199 3720 4200
f 4194 3714 3719
f 4194 3719 4199
f 4201 3721 3718
f 4201 3718 4198
f 4202 3722 3721
f 4202 3721 4201
f 4203 3723 3724
f 4203 3724 4204
f 4205 3725 3723
f 4205 3723 4203
f 4200 3720 3725
f 4200 3725 4205
f 4206 3726 3722
f 4206 3722 4202
f 4207 3727 3726
f 4207 3726 4206
f 4208 3728 3727
f 4208 3727 4207
f 4209 3729 3730
f 4209 3730 4210
f 4204 3724 3729
f 4204 3729 4209
f 4211 3731 3728
f 4211 3728 4208
f 4212 3732 3731
f 4212 3731 4211
f 4213 3733 3734
f 4213 3734 4214
f 4215 3735 3733
f 4215 3733 4213
f 4210 3730 3735
f 4210 3735 4215
f 4216 3736 3732
f 4216 3732 4212
f 4217 3737 3736
f 4217 3736 4216
f 4218 3738 3737
f 4218 3737 4217
f 4219 3739 3740
f 4219 3740 4220
f 4214 3734 3739
f 4214 3739 4219
f 4221 3741 3738
f 4221 3738 4218
f 4222 3742 3741
f 4222 3741 4221
f 4223 3743 3744
f 4223 3744 4224
f 4225 3745 3743
f 4225 3743 4223
f 4220 3740 3745
f 4220 3745 4225
f 4226 3746 3742
f 4226 3742 4222
f 4227 3747 3746
f 4227 3746 4226
f 4228 3748 3747
f 4228 3747 4227
f 4229 3749 3750
f 4229 3750 4230
f 4224 3744 3749
f 4224 3749 4229
f 4231 3751 3748
f 4231 3748 4228
f 4232 3752 3751
f 4232 3751 4231
f 4233 3753 3754
f 4233 3754 4234
f 4235 3755 3753
f 4235 3753 4233
f 4230 3750 3755
f 4230 3755 4235
f 4236 3756 3752
f 4236 3752 4232
f 4237 3757 3756
f 4237 3756 4236
f 4238 3758 3757
f 4238 3757 4237
f 4239 3759 3760
f 4239 3760 4240
f 4234 3754 3759
f 4234 3759 4239
f 4241 3761 3758
f 4241 3758 4238
f 4242 3762 3761
f 4242 3761 4241
f 4243 3763 3764
f 4243 3764 4244
f 4245 3765 3763
f 4245 3763 4243
f 4240 3760 3765
f 4240 3765 4245
f 4246 3766 3762
f 4246 3762 4242
f 4247 3767 3766
f 4247 3766 4246
f 4248 3768 3767
f 4248 3767 4247
f 4249 3769 3770
f 4249 3770 4250
f 4244 3764 3769
f 4244 3769 4249
f 4251 3771 3768
f 4251 3768 4248
f 4252 3772 3771
f 4252 3771 4251
f 4253 3773 3774
f 4253 3774 4254
f 4255 3775 3773
f 4255 3773 4253
f 4250 3770 3775
f 4250 3775 4255
f 4256 3776 3772
f 4256 3772 4252
f 4257 3777 3776
f 4257 3776 4256
f 4258 3778 3777
f 4258 3777 4257
f 4259 3779 3780
f 4259 3780 4260
f 4254 3774 3779
f 4254 3779 4259
f 4261 3781 3778
f 4261 3778 4258
f 4262 3782 3781
f 4262 3781 4261
f 4263 3783 3784
f 4263 3784 4264
f 4265 3785 3783
f 4265 3783 4263
f 4260 3780 3785
f 4260 3785 4265
f 4266 3786 3782
f 4266 3782 4262
f 4267 3787 3786
f 4267 3786 4266
f 4268 3788 3787
f 4268 3787 4267
f 4269 3789 3790
f 4269 3790 4270
f 4264 3784 3789
f 4264 3789 4269
f 4271 3791 3788
f 4271 3788 4268
f 4272 3792 3791
f 4272 3791 4271
f 4273 3793 3794
f 4273 3794 4274
f 4275 3795 3793
f 4275 3793 4273
f 4270 3790 3795
f 4270 3795 4275
f 4276 3796 3792
f 4276 3792 4272
f 4277 3797 3796
f 4277 3796 4276
f 4278 3798 3797
f 4278 3797 4277
f 4279 3799 3800
f 4279 3800 4280
f 4274 3794 3799
f 4274 3799 4279
f 4281 3801 3798
f 4281 3798 4278
f 4282 3802 3801
f 4282 3801 4281
f 4283 3803 3804
f 4283 3804 4284
f 4285 3805 3803
f 4285 3803 4283
f 4280 3800 3805
f 4280 3805 4285
f 4286 3806 3802
f 4286 3802 4282
f 4287 3807 3806
f 4287 3806 4286
f 4288 3808 3807
f 4288 3807 4287
f 4289 3809 3810
f 4289 3810 4290
f 4284 3804 3809
f 4284 3809 4289
f 4291 3811 3808
f 4291 3808 4288
f 4292 3812 3811
f 4292 3811 4291
f 4293 3813 3814
f 4293 3814 4294
f 4295 3815 3813
f 4295 3813 4293
f 4290 3810 3815
f 4290 3815 4295
f 4296 3816 3812
f 4296 3812 4292
f 4297 3817 3816
f 4297 3816 4296
f 4298 3818 3817
f 4298 3817 4297
f 4299 3819 3820
f 4299 3820 4300
f 4294 3814 3819
f 4294 3819 4299
f 4301 3821 3818
f 4301 3818 4298
f 4302 3822 3821
f 4302 3821 4301
f 4303 3823 3824
f 4303 3824 4304
f 4305 3825 3823
f 4305 3823 4303
f 4300 3820 3825
f 4300 3825 4305
f 4306 3826 3822
f 4306 3822 4302
f 4307 3827 3826
f 4307 3826 4306
f 4308 3828 3827
f 4308 3827 4307
f 4309 3829 3830
f 4309 3830 4310
f 4304 3824 3829
f 4304 3829 4309
f 4311 3831 3828
f 4311 3828 4308
f 4312 3832 3831
f 4312 3831 4311
f 4313 3833 3834
f 4313 3834 4314
f 4315 3835 3833
f 4315 3833 4313
f 4310 3830 3835
f 4310 3835 4315
f 4316 3836 3832
f 4316 3832 4312
f 4317 3837 3836
f 4317 3836 4316
f 4318 3838 3837
f 4318 3837 4317
f 4319 3839 3840
f 4319 3840 4320
f 4314 3834 3839
f 4314 3839 4319
f 4321 3841 3838
f 4321 3838 4318
f 4322 3842 3841
f 4322 3841 4321
f 4323 3843 3844
f 4323 3844 4324
f 4325 3845 3843
f 4325 3843 4323
f 4320 3840 3845
f 4320 3845 4325
f 4326 3846 3842
f 4326 3842 4322
f 4327 3847 3846
f 4327 3846 4326
f 4328 3848 3847
f 4328 3847 4327
f 4329 3849 3850
f 4329 3850 4330
f 4324 3844 3849
f 4324 3849 4329
f 4331 3851 3848
f 4331 3848 4328
f 4332 3852 3851
f 4332 3851 4331
f 4333 3853 3854
f 4333 3854 4334
f 4335 3855 3853
f 4335 3853 4333
f 4330 3850 3855
f 4330 3855 4335
f 4336 3856 3852
f 4336 3852 4332
f 4337 3857 3856
f 4337 3856 4336
f 4338 3858 3857
f 4338 3857 4337
f 4339 3859 3860
f 4339 3860 4340
f 4334 3854 3859
f 4334 3859 4339
f 4341 3861 3858
f 4341 3858 4338
f 4342 3862 3861
f 4342 3861 4341
f 4343 3863 3864
f 4343 3864 4344
f 4345 3865 3863
f 4345 3863 4343
f 4340 3860 3865
f 4340 3865 4345
f 4346 3866 3862
f 4346 3862 4342
f 4347 3867 3866
f 4347 3866 4346
f 4348 3868 3867
f 4348 3867 4347
f 4349 3869 3870
f 4349 3870 4350
f 4344 3864 3869
f 4344 3869 4349
f 4351 3871 3868
f 4351 3868 4348
f 4352 3872 3871
f 4352 3871 4351
f 4353 3873 3874
f 4353 3874 4354
f 4355 3875 3873
f 4355 3873 4353
f 4350 3870 3875
f 4350 3875 4355
f 4356 3876 3872
f 4356 3872 4352
f 4357 3877 3876
f 4357 3876 4356
f 4358 3878 3877
f 4358 3877 4357
f 4359 3879 3880
f 4359 3880 4360
f 4354 3874 3879
f 4354 3879 4359
f 4361 3881 3878
f 4361 3878 4358
f 4362 3882 3881
f 4362 3881 4361
f 4363 3883 3884
f 4363 3884 4364
f 4365 3885 3883
f 4365 3883 4363
f 4360 3880 3885
f 4360 3885 4365
f 4366 3886 3882
f 4366 3882 4362
f 4367 3887 3886
f 4367 3886 4366
f 4368 3888 3887
f 4368 3887 4367
f 4369 3889 3890
f 4369 3890 4370
f 4364 3884 3889
f 4364 3889 4369
f 4371 3891 3888
f 4371 3888 4368
f 4372 3892 3891
f 4372 3891 4371
f 4373 3893 3894
f 4373 3894 4374
f 4375 3895 3893
f 4375 3893 4373
f 4370 3890 3895
f 4370 3895 4375
f 4376 3896 3892
f 4376 3892 4372
f 4377 3897 3896
f 4377 3896 4376
f 4378 3898 3897
f 4378 3897 4377
f 4379 3899 3900
f 4379 3900 4380
f 4374 3894 3899
f 4374 3899 4379
f 4381 3901 3898
f 4381 3898 4378
f 4382 3902 3901
f 4382 3901 4381
f 4383 3903 3904
f 4383 3904 4384
f 4385 3905 3903
f 4385 3903 4383
f 4380 3900 3905
f 4380 3905 4385
f 4386 3906 3902
f 4386 3902 4382
f 4387 3907 3906
f 4387 3906 4386
f 4388 3908 3907
f 4388 3907 4387
f 4389 3909 3910
f 4389 3910 4390
f 4384 3904 3909
f 4384 3909 4389
f 4391 3911 3908
f 4391 3908 4388
f 4392 3912 3911
f 4392 3911 4391
f 4393 3913 3914
f 4393 3914 4394
f 4395 3915 3913
f 4395 3913 4393
f 4390 3910 3915
f 4390 3915 4395
f 4396 3916 3912
f 4396 3912 4392
f 4397 3917 3916
f 4397 3916 4396
f 4398 3918 3917
f 4398 3917 4397
f 4399 3919 3920
f 4399 3920 4400
f 4394 3914 3919
f 4394 3919 4399
f 4401 3921 3918
f 4401 3918 4398
f 4402 3922 3921
f 4402 3921 4401
f 4403 3923 3924
f 4403 3924 4404
f 4405 3925 3923
f 4405 3923 4403
f 4400 3920 3925
f 4400 3925 4405
f 4406 3926 3922
f 4406 3922 4402
f 4407 3927 3926
f 4407 3926 4406
f 4408 3928 3927
f 4408 3927 4407
f 4409 3929 3930
f 4409 3930 4410
f 4404 3924 3929
f 4404 3929 4409
f 4411 3931 3928
f 4411 3928 4408
f 4412 3932 3931
f 4412 3931 4411
f 4413 3933 3932
f 4413 3932 4412
f 4414 3934 3933
f 4414 3933 4413
f 4410 3930 3934
f 4410 3934 4414
