# https://github.com/mikedh/trimesh

o geometry_1
v 3.49380800 -0.69621020 0.57500000
v 3.30834500 -1.32146000 0.00000000
v 3.52584100 -0.50975460 -0.00000000
v 3.42815100 -0.96911720 0.57500000
v 3.48393900 -0.74402860 1.15000000
v 3.53705400 -0.42503450 2.30000000
v 3.53170200 -0.46742820 1.15000000
v 3.52496400 -0.51578740 1.72500000
v 3.55463000 -0.23666550 1.72500000
v 3.53821000 0.41530410 2.30000000
v 3.56222900 0.04392559 1.72500000
v 3.70916200 -1.27831900 0.57500000
v 3.92694000 -1.56854700 0.00000000
v 3.76680300 -1.52958700 -0.00000000
v 3.78447100 -1.03429300 1.15000000
v 4.19841300 -0.50450750 2.30000000
v 3.52178000 -1.03601700 1.15000000
v 3.44691500 -1.26294900 0.57500000
v 3.84374400 -0.78588420 1.72500000
v 4.03364300 -0.50809540 2.30000000
v 3.58172200 -0.80469530 1.72500000
v 3.35853500 -1.34738300 0.28750000
v 3.37959900 -1.49202800 0.00000000
v 3.33973200 -1.47625900 0.00000000
v 3.31885400 -1.46178500 0.00000000
v 3.30560900 -1.44696200 0.00000000
v 3.35090700 -1.33854700 0.28750000
v 3.34539400 -1.33001000 0.28750000
v 3.29694800 -1.43063400 0.00000000
v 3.34098300 -1.32065700 0.28750000
v 3.29206000 -1.41145300 0.00000000
v 3.29179000 -1.38318300 0.00000000
v 3.29724600 -1.35440500 0.00000000
v 3.38219600 -1.21121700 0.57500000
v 3.51083400 -0.76180450 1.72500000
v 3.54697600 -0.66275640 2.01250000
v 3.64982500 -0.57150350 2.30000000
v 3.60724200 -0.56653190 2.30000000
v 3.58334100 -0.55792180 2.30000000
v 3.56672500 -0.54700960 2.30000000
v 3.53991100 -0.65545220 2.01250000
v 3.55415200 -0.53346210 2.30000000
v 3.53376800 -0.64713270 2.01250000
v 3.54449000 -0.51618660 2.30000000
v 3.53695100 -0.48893910 2.30000000
v 3.53481200 -0.45972660 2.30000000
v -2.81804600 -4.09650400 -0.00000000
v -2.43118900 -4.65315200 0.00000000
v -2.81415300 -4.43204700 0.00000000
v -4.48875100 -2.13865300 -0.00000000
v -4.43204700 -2.81415300 0.00000000
v -4.65315200 -2.43118900 -0.00000000
v -4.08273900 -2.81734800 0.00000000
v -2.12708100 -4.48126400 0.00000000
v -2.77851600 -3.76334400 0.00000000
v -1.87002600 -4.28805300 0.00000000
v -4.28793700 -1.86989300 0.00000000
v -3.76351700 -2.77855000 0.00000000
v -3.53490600 -2.71794600 0.00000000
v -1.70234500 -4.12126400 -0.00000000
v -2.70646200 -3.50303800 0.00000000
v -4.09538400 -1.68048900 0.00000000
v -3.41279400 -2.66843800 -0.00000000
v -2.52478300 -3.22997800 0.00000000
v -2.61655700 -3.32187200 0.00000000
v -3.20806300 -2.49735300 -0.00000000
v -3.32187200 -2.61655700 0.00000000
v -1.62134700 -4.01733200 -0.00000000
v -3.80151600 -1.53485200 -0.00000000
v -3.92694000 -1.56854700 0.00000000
v -1.52958700 -3.76680300 -0.00000000
v -2.38157000 -3.12710500 0.00000000
v -1.56854700 -3.92694000 0.00000000
v -2.24077300 -3.03287900 0.00000000
v -3.62605300 -1.51736700 -0.00000000
v 0.22110480 -5.24534200 0.00000000
v -0.22110480 -5.24534200 0.00000000
v -0.39224760 -4.95669900 -0.00000000
v -3.45700600 -1.50616400 -0.00000000
v -2.98193300 -2.18080500 -0.00000000
v -1.49202800 -3.37959900 -0.00000000
v -2.17182900 -2.97215900 0.00000000
v -3.36693900 -1.48805100 -0.00000000
v -2.94834400 -2.15416400 -0.00000000
v -1.47625900 -3.33973200 -0.00000000
v -2.14913300 -2.93929300 0.00000000
v -3.33085000 -1.47093600 -0.00000000
v -2.92537000 -2.14332000 -0.00000000
v -1.46178500 -3.31885400 -0.00000000
v -2.14099000 -2.91703100 0.00000000
v -3.31266800 -1.45572800 -0.00000000
v -2.90591000 -2.13926000 -0.00000000
v -1.44696200 -3.30560900 -0.00000000
v -2.13901100 -2.89750700 0.00000000
v -3.30119100 -1.43980900 -0.00000000
v -2.88744000 -2.13992400 -0.00000000
v -1.43063400 -3.29694800 -0.00000000
v -2.14173400 -2.87891100 0.00000000
v -3.29425200 -1.42234300 -0.00000000
v -2.86838400 -2.14528100 -0.00000000
v -1.41145300 -3.29206000 -0.00000000
v -2.15000900 -2.85834100 0.00000000
v -3.29113300 -1.40039100 -0.00000000
v -2.84376700 -2.15918300 -0.00000000
v -1.38318300 -3.29179000 -0.00000000
v -2.16276100 -2.83901200 0.00000000
v -3.29251100 -1.37727600 -0.00000000
v -0.57153740 -4.05963500 -0.00000000
v -0.59234600 -4.38695100 0.00000000
v -0.60506860 -4.18510400 -0.00000000
v -4.02694000 -0.55873990 -0.00000000
v -4.18510400 -0.60506860 0.00000000
v -4.28978500 -0.60453830 0.00000000
v -4.95669900 0.39224760 0.00000000
v -5.24534200 -0.22110480 0.00000000
v -5.24534200 0.22110480 -0.00000000
v -4.94442900 -0.39852590 0.00000000
v 0.39852590 -4.94442900 -0.00000000
v -0.52459350 -4.64840900 0.00000000
v 0.52453650 -4.64857600 -0.00000000
v -4.64840900 0.52459350 0.00000000
v -4.64857600 -0.52453650 0.00000000
v -4.42029200 -0.58635770 0.00000000
v 0.58635770 -4.42029200 -0.00000000
v -4.38695100 0.59234600 0.00000000
v 0.60453830 -4.28978500 0.00000000
v -4.05963500 0.57153740 -0.00000000
v -4.18510400 0.60506860 0.00000000
v 0.55873990 -4.02694000 -0.00000000
v 0.60506860 -4.18510400 0.00000000
v -0.49894770 -3.89893700 0.00000000
v -0.42412690 -3.74693700 0.00000000
v -3.89893700 0.49894770 -0.00000000
v -3.74693700 0.42412690 -0.00000000
v -3.67283300 -0.39766570 -0.00000000
v 0.39766570 -3.67283300 -0.00000000
v -0.39477960 -3.65988000 0.00000000
v -3.65988000 0.39477960 -0.00000000
v -3.63042300 -0.39138830 -0.00000000
v 0.39138830 -3.63042300 -0.00000000
v -0.39155700 -3.62006900 0.00000000
v -3.62006900 0.39155700 -0.00000000
v -3.60510500 -0.39348420 -0.00000000
v 0.39348420 -3.60510500 -0.00000000
v -0.39563610 -3.59671800 0.00000000
v -3.59671800 0.39563610 -0.00000000
v -3.58622200 -0.39969810 -0.00000000
v 0.39969810 -3.58622200 -0.00000000
v -0.40368410 -3.57882000 0.00000000
v -3.57882000 0.40368410 -0.00000000
v -3.57055800 -0.40950830 -0.00000000
v 0.40950830 -3.57055800 -0.00000000
v -0.41534030 -3.56407700 0.00000000
v -3.56407700 0.41534030 -0.00000000
v -3.55673400 -0.42367530 -0.00000000
v 0.42367530 -3.55673400 -0.00000000
v -0.43279240 -3.55040000 0.00000000
v -3.55040000 0.43279240 -0.00000000
v -3.54236600 -0.44802340 -0.00000000
v 0.44802340 -3.54236600 -0.00000000
v -0.45349990 -3.54003600 0.00000000
v -3.54003600 0.45349990 -0.00000000
v 1.53485200 -3.80151600 0.00000000
v 1.68048900 -4.09538400 0.00000000
v 1.56854700 -3.92694000 0.00000000
v -3.76680300 1.52958700 -0.00000000
v -3.92694000 1.56854700 0.00000000
v -4.01733200 1.62134700 0.00000000
v -1.16767700 -1.03447100 0.00000000
v -2.79859100 -2.20438100 -0.00000000
v -2.82157200 -2.17829600 -0.00000000
v -2.20438100 -2.79859100 0.00000000
v -0.88618100 -1.28385500 0.00000000
v -1.38131100 -0.72496810 0.00000000
v -3.30834500 -1.32146000 0.00000000
v -0.55318360 -1.45862500 0.00000000
v -1.35440500 -3.29724600 -0.00000000
v -1.32146000 -3.30834500 0.00000000
v -0.50975460 -3.52584100 0.00000000
v -1.51466900 -0.37333240 0.00000000
v -3.52584100 -0.50975460 0.00000000
v -0.18803720 -1.54862600 0.00000000
v 2.81415300 -4.43204700 0.00000000
v 2.43118900 -4.65315200 0.00000000
v 2.13865300 -4.48875100 0.00000000
v -1.56000000 0.00000000 0.00000000
v -3.53270100 -0.47567360 -0.00000000
v -3.52584100 0.50975460 0.00000000
v 0.18803720 -1.54862600 0.00000000
v 0.47567360 -3.53270100 -0.00000000
v 0.50975460 -3.52584100 -0.00000000
v -4.09650400 2.81804600 0.00000000
v -4.65315200 2.43118900 -0.00000000
v -4.43204700 2.81415300 -0.00000000
v -4.48126400 2.12708100 -0.00000000
v 2.81734800 -4.08273900 0.00000000
v 1.86989300 -4.28793700 0.00000000
v -1.51466900 0.37333240 0.00000000
v -3.30834500 1.32146000 0.00000000
v 2.77855000 -3.76351700 0.00000000
v -3.76334400 2.77851600 0.00000000
v -4.28805300 1.87002600 0.00000000
v -4.12126400 1.70234500 0.00000000
v 0.55318360 -1.45862500 0.00000000
v 1.32146000 -3.30834500 0.00000000
v 1.37727600 -3.29251100 0.00000000
v 2.71794600 -3.53490600 -0.00000000
v 2.18080500 -2.98193300 0.00000000
v 1.50616400 -3.45700600 0.00000000
v 1.48805100 -3.36693900 0.00000000
v -2.97215900 2.17182900 -0.00000000
v -3.33973200 1.47625900 -0.00000000
v -3.37959900 1.49202800 -0.00000000
v -3.50303800 2.70646200 0.00000000
v 2.15416400 -2.94834400 0.00000000
v 1.47093600 -3.33085000 0.00000000
v -3.03287900 2.24077300 -0.00000000
v -2.93929300 2.14913300 -0.00000000
v -3.31885400 1.46178500 -0.00000000
v 2.14332000 -2.92537000 0.00000000
v 1.45572800 -3.31266800 0.00000000
v -2.91703100 2.14099000 -0.00000000
v -3.30560900 1.44696200 -0.00000000
v 2.13926000 -2.90591000 0.00000000
v 1.43980900 -3.30119100 0.00000000
v -2.89750700 2.13901100 -0.00000000
v -3.29694800 1.43063400 -0.00000000
v 2.13992400 -2.88744000 0.00000000
v 1.42234300 -3.29425200 0.00000000
v -3.12710500 2.38157000 -0.00000000
v 2.66843800 -3.41279400 0.00000000
v -2.87891100 2.14173400 -0.00000000
v -3.29206000 1.41145300 -0.00000000
v 2.14528100 -2.86838400 0.00000000
v 1.40039100 -3.29113300 0.00000000
v 2.49735300 -3.20806300 -0.00000000
v 1.51736700 -3.62605300 0.00000000
v -2.85834100 2.15000900 -0.00000000
v -3.29179000 1.38318300 -0.00000000
v 2.61655700 -3.32187200 -0.00000000
v -3.22997800 2.52478300 -0.00000000
v -3.32187200 2.61655700 0.00000000
v 2.15918300 -2.84376700 0.00000000
v -2.83901200 2.16276100 -0.00000000
v -1.38131100 0.72496810 0.00000000
v -3.29724600 1.35440500 -0.00000000
v 0.88618100 -1.28385500 0.00000000
v 2.17829600 -2.82157200 0.00000000
v 2.20438100 -2.79859100 0.00000000
v -1.16767700 1.03447100 0.00000000
v -2.79859100 2.20438100 0.00000000
v 1.16767700 -1.03447100 0.00000000
v -2.20438100 2.79859100 0.00000000
v -0.88618100 1.28385500 0.00000000
v 2.79859100 -2.20438100 0.00000000
v -2.17829600 2.82157200 0.00000000
v 2.83901200 -2.16276100 0.00000000
v 1.38131100 -0.72496810 0.00000000
v -2.15918300 2.84376700 0.00000000
v -2.66843800 3.41279400 -0.00000000
v -2.49735300 3.20806300 0.00000000
v -2.61655700 3.32187200 0.00000000
v 3.50303800 -2.70646200 -0.00000000
v 3.32187200 -2.61655700 0.00000000
v 3.22997800 -2.52478300 0.00000000
v -1.45572800 3.31266800 -0.00000000
v -2.13926000 2.90591000 0.00000000
v -2.14332000 2.92537000 0.00000000
v 2.93929300 -2.14913300 0.00000000
v 2.91703100 -2.14099000 0.00000000
v 2.89750700 -2.13901100 0.00000000
v -1.47093600 3.33085000 -0.00000000
v -2.15416400 2.94834400 0.00000000
v -1.43980900 3.30119100 -0.00000000
v -2.13992400 2.88744000 0.00000000
v 2.97215900 -2.17182900 0.00000000
v 2.87891100 -2.14173400 0.00000000
v -1.42234300 3.29425200 -0.00000000
v -2.14528100 2.86838400 0.00000000
v -1.48805100 3.36693900 -0.00000000
v -2.18080500 2.98193300 0.00000000
v 2.85834100 -2.15000900 0.00000000
v 3.03287900 -2.24077300 0.00000000
v -1.40039100 3.29113300 -0.00000000
v -1.37727600 3.29251100 -0.00000000
v -0.55318360 1.45862500 0.00000000
v -1.50616400 3.45700600 -0.00000000
v 1.51466900 -0.37333240 0.00000000
v -1.32146000 3.30834500 -0.00000000
v -1.51736700 3.62605300 -0.00000000
v 4.65315200 -2.43118900 0.00000000
v 4.43204700 -2.81415300 -0.00000000
v 4.09650400 -2.81804600 -0.00000000
v 3.12710500 -2.38157000 0.00000000
v -1.53485200 3.80151600 -0.00000000
v -2.13865300 4.48875100 0.00000000
v -2.81415300 4.43204700 -0.00000000
v -2.43118900 4.65315200 0.00000000
v -2.81734800 4.08273900 -0.00000000
v 4.48126400 -2.12708100 -0.00000000
v 3.76334400 -2.77851600 -0.00000000
v 4.01733200 -1.62134700 -0.00000000
v -1.68048900 4.09538400 -0.00000000
v -1.56854700 3.92694000 0.00000000
v -2.71794600 3.53490600 0.00000000
v 4.28805300 -1.87002600 -0.00000000
v -1.86989300 4.28793700 0.00000000
v -2.77855000 3.76351700 0.00000000
v 4.12126400 -1.70234500 -0.00000000
v 1.56000000 -0.00000000 0.00000000
v -0.50975460 3.52584100 -0.00000000
v -0.18803720 1.54862600 0.00000000
v -0.47567360 3.53270100 0.00000000
v 3.54003600 -0.45349990 -0.00000000
v -0.44802340 3.54236600 0.00000000
v 0.18803720 1.54862600 0.00000000
v -0.60453830 4.28978500 0.00000000
v -0.55873990 4.02694000 -0.00000000
v -0.60506860 4.18510400 -0.00000000
v 4.38695100 -0.59234600 -0.00000000
v 4.18510400 -0.60506860 0.00000000
v 4.05963500 -0.57153740 0.00000000
v 0.41534030 3.56407700 -0.00000000
v -0.42367530 3.55673400 0.00000000
v -0.40950830 3.57055800 0.00000000
v 3.57055800 0.40950830 -0.00000000
v 3.57882000 -0.40368410 -0.00000000
v 3.56407700 -0.41534030 -0.00000000
v 3.55673400 0.42367530 -0.00000000
v 3.55040000 -0.43279240 -0.00000000
v 0.40368410 3.57882000 -0.00000000
v -0.39969810 3.58622200 0.00000000
v 0.43279240 3.55040000 -0.00000000
v 3.58622200 0.39969810 -0.00000000
v 3.59671800 -0.39563610 -0.00000000
v 3.54236600 0.44802340 -0.00000000
v 0.39563610 3.59671800 -0.00000000
v -0.39348420 3.60510500 0.00000000
v 0.45349990 3.54003600 -0.00000000
v 3.60510500 0.39348420 -0.00000000
v 3.62006900 -0.39155700 0.00000000
v 3.53270100 0.47567360 -0.00000000
v 0.39155700 3.62006900 -0.00000000
v -0.39138830 3.63042300 0.00000000
v 3.63042300 0.39138830 0.00000000
v 3.65988000 -0.39477960 0.00000000
v 0.50975460 3.52584100 -0.00000000
v 0.55318360 1.45862500 0.00000000
v 3.52584100 0.50975460 0.00000000
v 1.51466900 0.37333240 0.00000000
v 0.39477960 3.65988000 -0.00000000
v -0.39766570 3.67283300 0.00000000
v 3.67283300 0.39766570 0.00000000
v 3.74693700 -0.42412690 0.00000000
v 0.42412690 3.74693700 -0.00000000
v 0.49894770 3.89893700 -0.00000000
v 4.02694000 0.55873990 0.00000000
v 3.89893700 -0.49894770 0.00000000
v 1.32146000 3.30834500 0.00000000
v 3.30834500 1.32146000 0.00000000
v 1.38131100 0.72496810 0.00000000
v 0.57153740 4.05963500 -0.00000000
v 1.35440500 3.29724600 0.00000000
v 3.29251100 1.37727600 0.00000000
v 1.38318300 3.29179000 0.00000000
v 0.88618100 1.28385500 0.00000000
v 4.28978500 0.60453830 -0.00000000
v 4.18510400 0.60506860 0.00000000
v 0.59234600 4.38695100 0.00000000
v 0.60506860 4.18510400 0.00000000
v -0.58635770 4.42029200 0.00000000
v 2.82157200 2.17829600 0.00000000
v 1.16767700 1.03447100 0.00000000
v 2.16276100 2.83901200 0.00000000
v 2.84376700 2.15918300 0.00000000
v 3.29113300 1.40039100 0.00000000
v 2.20438100 2.79859100 0.00000000
v 2.79859100 2.20438100 0.00000000
v 4.42029200 0.58635770 -0.00000000
v 4.64840900 -0.52459350 -0.00000000
v 2.15000900 2.85834100 0.00000000
v 1.41145300 3.29206000 0.00000000
v 2.86838400 2.14528100 0.00000000
v 3.29425200 1.42234300 0.00000000
v 2.14173400 2.87891100 0.00000000
v 1.43063400 3.29694800 0.00000000
v 2.88744000 2.13992400 0.00000000
v 3.30119100 1.43980900 0.00000000
v 2.13901100 2.89750700 0.00000000
v 1.44696200 3.30560900 0.00000000
v 2.90591000 2.13926000 0.00000000
v 3.31266800 1.45572800 0.00000000
v 2.14099000 2.91703100 0.00000000
v 1.46178500 3.31885400 0.00000000
v 2.92537000 2.14332000 0.00000000
v 3.33085000 1.47093600 0.00000000
v 2.14913300 2.93929300 0.00000000
v 1.47625900 3.33973200 0.00000000
v 2.94834400 2.15416400 0.00000000
v 3.36693900 1.48805100 0.00000000
v 2.17182900 2.97215900 0.00000000
v 1.49202800 3.37959900 0.00000000
v 2.98193300 2.18080500 0.00000000
v 3.45700600 1.50616400 0.00000000
v 0.52459350 4.64840900 -0.00000000
v -0.52453650 4.64857600 0.00000000
v -0.39852590 4.94442900 -0.00000000
v 4.64857600 0.52453650 -0.00000000
v 2.24077300 3.03287900 0.00000000
v 1.52958700 3.76680300 0.00000000
v 4.94442900 0.39852590 -0.00000000
v 4.95669900 -0.39224760 -0.00000000
v 0.39224760 4.95669900 -0.00000000
v -0.22110480 5.24534200 -0.00000000
v 0.22110480 5.24534200 0.00000000
v 5.24534200 0.22110480 0.00000000
v 5.24534200 -0.22110480 0.00000000
v 2.38157000 3.12710500 0.00000000
v 1.62134700 4.01733200 0.00000000
v 1.56854700 3.92694000 0.00000000
v 3.20806300 2.49735300 0.00000000
v 3.62605300 1.51736700 -0.00000000
v 3.80151600 1.53485200 -0.00000000
v 2.52478300 3.22997800 -0.00000000
v 4.09538400 1.68048900 -0.00000000
v 3.92694000 1.56854700 0.00000000
v 3.41279400 2.66843800 -0.00000000
v 3.32187200 2.61655700 0.00000000
v 2.70646200 3.50303800 -0.00000000
v 2.61655700 3.32187200 -0.00000000
v 1.70234500 4.12126400 0.00000000
v 3.53490600 2.71794600 -0.00000000
v 4.28793700 1.86989300 -0.00000000
v 2.77851600 3.76334400 0.00000000
v 1.87002600 4.28805300 0.00000000
v 3.76351700 2.77855000 -0.00000000
v 2.12708100 4.48126400 0.00000000
v 4.08273900 2.81734800 -0.00000000
v 4.48875100 2.13865300 -0.00000000
v 2.81804600 4.09650400 0.00000000
v 2.43118900 4.65315200 0.00000000
v 4.43204700 2.81415300 0.00000000
v 4.65315200 2.43118900 -0.00000000
v 2.81415300 4.43204700 0.00000000
v 3.91584600 -0.24111400 0.57500000
v 3.92323600 0.01416164 1.15000000
v 4.19978500 0.49295770 2.30000000
v 3.66773900 -0.15478620 0.57500000
v 3.67003900 0.08416468 1.15000000
v 3.91400300 0.26937720 1.72500000
v 4.06991300 0.49305130 2.30000000
v 3.89594300 0.52181530 2.30000000
v 3.65678700 0.32275890 1.72500000
v 3.58044700 -0.29444870 0.28750000
v 3.59531900 -0.28382970 0.28750000
v 3.60349000 -0.27994420 0.28750000
v 3.58813300 -0.17775880 0.57500000
v 3.58083900 0.28964450 1.72500000
v 3.56951400 0.40603770 2.01250000
v 3.53744100 0.47331710 2.30000000
v 3.54212400 0.49599500 2.30000000
v 3.55084600 0.51638030 2.30000000
v 3.56209000 0.53143960 2.30000000
v 3.58204300 0.41934110 2.01250000
v 3.57731300 0.54382480 2.30000000
v 3.58930400 0.42473860 2.01250000
v 3.59882600 0.55377900 2.30000000
v 3.63812400 0.56091590 2.30000000
v 3.72980200 0.55497470 2.30000000
v 3.55463000 -0.23666550 2.87500000
v 3.52496400 -0.51578740 2.87500000
v 3.48393900 -0.74402860 3.45000000
v 3.30834500 -1.32146000 4.60000000
v 3.53170200 -0.46742820 3.45000000
v 3.42815100 -0.96911720 4.02500000
v 3.49380800 -0.69621020 4.02500000
v 3.52584100 -0.50975460 4.60000000
v 3.53777600 -0.41898120 4.02500000
v 4.75382200 -2.04296500 0.57500000
v 4.87666600 -1.72935300 1.15000000
v 5.12225900 -1.15106900 2.30000000
v 4.30023700 -1.49321500 0.57500000
v 4.20922600 -1.42009700 0.57500000
v 4.97884600 -1.40841300 1.72500000
v 4.87786300 -0.90147530 2.30000000
v 4.38827500 -1.21027800 1.15000000
v 4.29270000 -1.14323600 1.15000000
v 4.45771800 -0.92221270 1.72500000
v 4.62497800 -0.70283800 2.30000000
v 4.42063600 -0.58375770 2.30000000
v 4.35798400 -0.86153120 1.72500000
v 4.29935200 -0.53225210 2.30000000
v 3.84374400 -0.78588420 2.87500000
v 3.78447100 -1.03429300 3.45000000
v 3.92694000 -1.56854700 4.60000000
v 3.52178000 -1.03601700 3.45000000
v 3.58172200 -0.80469530 2.87500000
v 3.70916200 -1.27831900 4.02500000
v 3.76680300 -1.52958700 4.60000000
v 3.44691500 -1.26294900 4.02500000
v 3.53991100 -0.65545220 2.58750000
v 3.53376800 -0.64713270 2.58750000
v 3.51083400 -0.76180450 2.87500000
v 3.38219600 -1.21121700 4.02500000
v 3.35853500 -1.34738300 4.31250000
v 3.37959900 -1.49202800 4.60000000
v 3.33973200 -1.47625900 4.60000000
v 3.31885400 -1.46178500 4.60000000
v 3.30560900 -1.44696200 4.60000000
v 3.35090700 -1.33854700 4.31250000
v 3.34539400 -1.33001000 4.31250000
v 3.29694800 -1.43063400 4.60000000
v 3.34098300 -1.32065700 4.31250000
v 3.29206000 -1.41145300 4.60000000
v 3.29179000 -1.38318300 4.60000000
v 3.29724600 -1.35440500 4.60000000
v 4.43205900 -0.30184950 0.57500000
v 4.54414500 -0.26920300 0.57500000
v 4.44230700 -0.01286046 1.15000000
v 4.55203200 0.02700928 1.15000000
v 5.12540600 1.13697600 2.30000000
v 4.43373200 0.27618310 1.72500000
v 4.39155000 0.55722520 2.30000000
v 4.54063100 0.32310710 1.72500000
v 4.62674600 0.69001600 2.30000000
v 4.89056400 0.89728100 2.30000000
v 4.70778300 -2.32363400 0.57500000
v 4.64067600 -2.45491900 0.57500000
v 4.79056100 -2.14779600 1.15000000
v 5.00722000 -1.57805300 2.30000000
v 4.84898500 -2.01242300 1.15000000
v 4.92014700 -1.83157100 1.72500000
v 4.96964000 -1.69268400 1.72500000
v 5.01521300 -1.55246200 1.72500000
v 5.23887700 0.34156570 0.57500000
v 5.24640300 0.19431590 0.57500000
v 5.22264500 0.53523500 1.15000000
v 5.20555600 0.68168320 1.15000000
v 5.17675800 0.87388610 1.72500000
v 5.15017600 1.01891200 1.72500000
v 5.01154100 1.56427400 2.30000000
v 5.11953300 1.16313500 1.72500000
v 3.68735100 -2.47743900 0.57500000
v 3.80074400 -2.50520900 0.57500000
v 3.84072100 -2.23229100 1.15000000
v 3.88359900 -1.67297900 2.30000000
v 3.95568000 -2.25262500 1.15000000
v 3.97781600 -1.97768500 1.72500000
v 4.08180700 -1.71320400 2.30000000
v 4.09385500 -1.99049600 1.72500000
v 4.35188800 -1.71580200 2.30000000
v 4.68399300 -1.66821400 2.30000000
v 5.13841300 0.60765180 0.57500000
v 5.08799300 0.94066940 1.15000000
v 4.47072200 0.85695660 0.57500000
v 4.35534500 0.87477310 0.57500000
v 5.01601400 1.26970100 1.72500000
v 4.67509100 1.65823100 2.30000000
v 4.40549600 1.14600600 1.15000000
v 4.28920500 1.15627800 1.15000000
v 3.88818600 1.66229000 2.30000000
v 4.32160300 1.43019900 1.72500000
v 4.35676700 1.70381300 2.30000000
v 4.12026200 1.70476900 2.30000000
v 4.20489000 1.43288400 1.72500000
v 3.98947400 1.68873200 2.30000000
v 3.27066500 -2.16673400 0.57500000
v 3.40470300 -1.94935400 1.15000000
v 3.09896200 -1.96791800 0.57500000
v 3.22042900 -1.76213100 1.15000000
v 3.52431500 -1.72371400 1.72500000
v 3.77117400 -1.60796100 2.30000000
v 3.63489300 -1.49606600 2.30000000
v 3.32825000 -1.54887600 1.72500000
v 2.97172300 -2.04346300 0.28750000
v 2.98074200 -2.04418400 0.28750000
v 3.24591900 -1.53958000 1.72500000
v 3.27183200 -1.40944100 2.30000000
v 3.29430900 -1.43311800 2.01250000
v 3.30017300 -1.35881600 2.30000000
v 3.31556700 -1.34151800 2.30000000
v 3.33331300 -1.32822400 2.30000000
v 3.35058000 -1.32080500 2.30000000
v 3.31181100 -1.42786100 2.01250000
v 3.36995600 -1.31769000 2.30000000
v 3.32079800 -1.42681800 2.01250000
v 3.39356400 -1.31982600 2.30000000
v 3.43116500 -1.33329400 2.30000000
v 3.50759100 -1.38427900 2.30000000
v 3.85138800 0.74752420 0.57500000
v 3.79459500 0.99651160 1.15000000
v 3.56796000 0.86367290 1.15000000
v 3.61659100 0.62971180 0.57500000
v 3.72172200 1.24127600 1.72500000
v 3.74728500 1.57679800 2.30000000
v 3.50421000 1.09397400 1.72500000
v 3.56220200 0.52087460 0.28750000
v 3.55370400 0.52676920 0.28750000
v 3.53467600 0.64215370 0.57500000
v 3.42137300 1.09567500 1.72500000
v 3.27569600 1.40043600 2.30000000
v 3.40314900 1.19952400 2.01250000
v 3.44659300 1.32997600 2.30000000
v 3.40722900 1.31299000 2.30000000
v 3.38222500 1.30849600 2.30000000
v 3.36237900 1.30963800 2.30000000
v 3.39337900 1.20231700 2.01250000
v 3.34471700 1.31508400 2.30000000
v 3.38389900 1.20645100 2.01250000
v 3.32771200 1.32521400 2.30000000
v 3.30755900 1.34504200 2.30000000
v 3.29110000 1.36927100 2.30000000
v 3.68459800 0.58942340 0.43125000
v 2.67762200 -2.34984000 0.57500000
v 2.48430700 -2.55335500 0.57500000
v 2.64516500 -2.38631700 1.15000000
v 2.85066100 -2.13661800 2.30000000
v 2.82482900 -2.17065600 1.15000000
v 2.79481400 -2.20916700 1.72500000
v 2.96006700 -1.98227300 1.72500000
v 3.10694400 -1.74307400 1.72500000
v 3.37383200 1.14396800 0.57500000
v 3.45342400 0.87479530 0.57500000
v 3.38919400 1.09762200 1.15000000
v 3.29225800 1.36104600 1.15000000
v 3.31060200 1.31579700 1.72500000
v 3.19673300 1.57235700 1.72500000
v 2.85652800 2.12876900 2.30000000
v 3.06301800 1.81915500 1.72500000
v 2.57306900 -2.96163800 0.57500000
v 2.76030200 -2.78796000 1.15000000
v 3.38367900 -2.53612300 2.30000000
v 2.53194200 -2.65810700 1.15000000
v 2.35364200 -2.81720400 0.57500000
v 2.93583800 -2.60246800 1.72500000
v 3.23919000 -2.45684500 2.30000000
v 2.69951500 -2.48774700 1.72500000
v 2.23488500 -2.84613500 0.28750000
v 2.23269700 -2.83466900 0.28750000
v 2.23219100 -2.82452000 0.28750000
v 2.23304800 -2.81421300 0.28750000
v 2.32346000 -2.74004300 0.57500000
v 2.65956900 -2.41515900 1.72500000
v 2.74039300 -2.34745200 2.01250000
v 2.87508900 -2.31984900 2.30000000
v 2.84069700 -2.29425200 2.30000000
v 2.82430300 -2.27484500 2.30000000
v 2.81537000 -2.25708700 2.30000000
v 2.73792700 -2.33759400 2.01250000
v 2.81125500 -2.23906800 2.30000000
v 2.73676700 -2.32731800 2.01250000
v 2.81152500 -2.21927600 2.30000000
v 2.81861900 -2.19190900 2.30000000
v 2.83137300 -2.16554100 2.30000000
v 3.51177900 1.74911200 0.57500000
v 3.39054200 1.97388300 1.15000000
v 3.39064200 2.52680600 2.30000000
v 3.25374800 1.69982100 0.57500000
v 3.13626400 1.90790800 1.15000000
v 3.25493800 2.19028900 1.72500000
v 3.27812200 2.46195100 2.30000000
v 3.11307800 2.39987700 2.30000000
v 3.00549100 2.10791100 1.72500000
v 3.24798200 1.53522300 0.28750000
v 3.25555200 1.55185600 0.28750000
v 3.26068600 1.55930600 0.28750000
v 3.19629400 1.64012300 0.57500000
v 2.95627500 2.04125900 1.72500000
v 2.88827100 2.13639600 2.01250000
v 2.82685600 2.17862500 2.30000000
v 2.81957200 2.20060600 2.30000000
v 2.81693300 2.22262100 2.30000000
v 2.81914100 2.24128500 2.30000000
v 2.89246900 2.15418100 2.01250000
v 2.82613100 2.25962200 2.30000000
v 2.89605900 2.16248600 2.01250000
v 2.83978500 2.27900000 2.30000000
v 2.87025000 2.30482900 2.30000000
v 2.95261600 2.34552300 2.30000000
v 3.09394900 -4.10092100 0.57500000
v 3.35420000 -3.89094000 1.15000000
v 3.86047200 -3.55798500 2.30000000
v 2.96059600 -3.39652600 0.57500000
v 3.60023800 -3.66447300 1.72500000
v 3.77361600 -3.21963200 2.30000000
v 3.17530100 -3.19671400 1.15000000
v 3.37655200 -2.98335600 1.72500000
v 3.65392900 -2.92116400 2.30000000
v 3.53650400 -2.71586700 2.30000000
v 3.26742100 -2.81341200 1.72500000
v 3.45722200 -2.61062000 2.30000000
v 3.98920000 1.95462000 0.57500000
v 4.06994700 2.03893600 0.57500000
v 3.85358100 2.21001600 1.15000000
v 3.92867100 2.29940700 1.15000000
v 3.87024400 3.54735300 2.30000000
v 3.70163300 2.45604800 1.72500000
v 3.52458100 2.67834600 2.30000000
v 3.77074800 2.55013400 1.72500000
v 3.66187200 2.91094500 2.30000000
v 3.78671200 3.22235000 2.30000000
v 2.91524300 -4.36621800 0.57500000
v 2.79148400 -4.44636000 0.57500000
v 3.07485000 -4.25532600 1.15000000
v 3.54735300 -3.87024400 2.30000000
v 3.19313300 -4.16730200 1.15000000
v 3.34518700 -4.04626100 1.72500000
v 3.45749200 -3.95072800 1.72500000
v 3.56707100 -3.85207800 1.72500000
v 4.36621800 2.91524300 0.57500000
v 4.44636000 2.79148400 0.57500000
v 4.25532600 3.07485000 1.15000000
v 4.16730200 3.19313300 1.15000000
v 4.04626100 3.34518700 1.72500000
v 3.95072800 3.45749200 1.72500000
v 3.55798500 3.86047200 2.30000000
v 3.85207800 3.56707100 1.72500000
v 1.95462000 -3.98920000 0.57500000
v 2.03893600 -4.06994700 0.57500000
v 2.21001600 -3.85358100 1.15000000
v 2.52680600 -3.39064200 2.30000000
v 2.29940700 -3.92867100 1.15000000
v 2.45604800 -3.70163300 1.72500000
v 2.67834600 -3.52458100 2.30000000
v 2.55013400 -3.77074800 1.72500000
v 2.91094500 -3.66187200 2.30000000
v 3.22235000 -3.78671200 2.30000000
v 4.10092100 3.09394900 0.57500000
v 3.89094000 3.35420000 1.15000000
v 3.39652600 2.96059600 0.57500000
v 3.66447300 3.60023800 1.72500000
v 3.21963200 3.77361600 2.30000000
v 3.19671400 3.17530100 1.15000000
v 2.98335600 3.37655200 1.72500000
v 2.92116400 3.65392900 2.30000000
v 2.71586700 3.53650400 2.30000000
v 2.81341200 3.26742100 1.72500000
v 2.53612300 3.38367900 2.30000000
v 2.61062000 3.45722200 2.30000000
v 1.74911200 -3.51177900 0.57500000
v 1.97388300 -3.39054200 1.15000000
v 1.69982100 -3.25374800 0.57500000
v 1.90790800 -3.13626400 1.15000000
v 2.19028900 -3.25493800 1.72500000
v 2.46195100 -3.27812200 2.30000000
v 2.39987700 -3.11307800 2.30000000
v 2.10791100 -3.00549100 1.72500000
v 1.55185600 -3.25555200 0.28750000
v 1.55930600 -3.26068600 0.28750000
v 2.04125900 -2.95627500 1.72500000
v 2.12876900 -2.85652800 2.30000000
v 2.13639600 -2.88827100 2.01250000
v 2.17862500 -2.82685600 2.30000000
v 2.20060600 -2.81957200 2.30000000
v 2.22262100 -2.81693300 2.30000000
v 2.24128500 -2.81914100 2.30000000
v 2.15418100 -2.89246900 2.01250000
v 2.25962200 -2.82613100 2.30000000
v 2.16248600 -2.89605900 2.01250000
v 2.27900000 -2.83978500 2.30000000
v 2.30482900 -2.87025000 2.30000000
v 2.34552300 -2.95261600 2.30000000
v 2.96163800 2.57306900 0.57500000
v 2.78796000 2.76030200 1.15000000
v 2.65810700 2.53194200 1.15000000
v 2.81720400 2.35364200 0.57500000
v 2.60246800 2.93583800 1.72500000
v 2.45684500 3.23919000 2.30000000
v 2.48774700 2.69951500 1.72500000
v 2.84613500 2.23488500 0.28750000
v 2.83466900 2.23269700 0.28750000
v 2.82452000 2.23219100 0.28750000
v 2.81421300 2.23304800 0.28750000
v 2.74004300 2.32346000 0.57500000
v 2.41515900 2.65956900 1.72500000
v 2.13661800 2.85066100 2.30000000
v 2.34745200 2.74039300 2.01250000
v 2.31984900 2.87508900 2.30000000
v 2.29425200 2.84069700 2.30000000
v 2.27484500 2.82430300 2.30000000
v 2.25708700 2.81537000 2.30000000
v 2.33759400 2.73792700 2.01250000
v 2.23906800 2.81125500 2.30000000
v 2.32731800 2.73676700 2.01250000
v 2.21927600 2.81152500 2.30000000
v 2.19190900 2.81861900 2.30000000
v 2.16554100 2.83137300 2.30000000
v 1.14396800 -3.37383200 0.57500000
v 0.87479530 -3.45342400 0.57500000
v 1.09762200 -3.38919400 1.15000000
v 1.40043600 -3.27569600 2.30000000
v 1.36104600 -3.29225800 1.15000000
v 1.31579700 -3.31060200 1.72500000
v 1.57235700 -3.19673300 1.72500000
v 1.81915500 -3.06301800 1.72500000
v 2.34984000 2.67762200 0.57500000
v 2.55335500 2.48430700 0.57500000
v 2.38631700 2.64516500 1.15000000
v 2.17065600 2.82482900 1.15000000
v 2.20916700 2.79481400 1.72500000
v 1.98227300 2.96006700 1.72500000
v 1.40944100 3.27183200 2.30000000
v 1.74307400 3.10694400 1.72500000
v 0.74752420 -3.85138800 0.57500000
v 0.99651160 -3.79459500 1.15000000
v 1.66229000 -3.88818600 2.30000000
v 0.86367290 -3.56796000 1.15000000
v 0.62971180 -3.61659100 0.57500000
v 1.24127600 -3.72172200 1.72500000
v 1.57679800 -3.74728500 2.30000000
v 1.09397400 -3.50421000 1.72500000
v 0.51239960 -3.58226800 0.28750000
v 0.51623820 -3.57124400 0.28750000
v 0.52087460 -3.56220200 0.28750000
v 0.52676920 -3.55370400 0.28750000
v 0.64215370 -3.53467600 0.57500000
v 1.09567500 -3.42137300 1.72500000
v 1.19952400 -3.40314900 2.01250000
v 1.32997600 -3.44659300 2.30000000
v 1.31299000 -3.40722900 2.30000000
v 1.30849600 -3.38222500 2.30000000
v 1.30963800 -3.36237900 2.30000000
v 1.20231700 -3.39337900 2.01250000
v 1.31508400 -3.34471700 2.30000000
v 1.20645100 -3.38389900 2.01250000
v 1.32521400 -3.32771200 2.30000000
v 1.34504200 -3.30755900 2.30000000
v 1.36927100 -3.29110000 2.30000000
v 2.16673400 3.27066500 0.57500000
v 1.94935400 3.40470300 1.15000000
v 1.67297900 3.88359900 2.30000000
v 1.96791800 3.09896200 0.57500000
v 1.76213100 3.22042900 1.15000000
v 1.72371400 3.52431500 1.72500000
v 1.60796100 3.77117400 2.30000000
v 1.49606600 3.63489300 2.30000000
v 1.54887600 3.32825000 1.72500000
v 2.04346300 2.97172300 0.28750000
v 2.04418400 2.98074200 0.28750000
v 1.53958000 3.24591900 1.72500000
v 1.43311800 3.29430900 2.01250000
v 1.35881600 3.30017300 2.30000000
v 1.34151800 3.31556700 2.30000000
v 1.32822400 3.33331300 2.30000000
v 1.32080500 3.35058000 2.30000000
v 1.42786100 3.31181100 2.01250000
v 1.31769000 3.36995600 2.30000000
v 1.42681800 3.32079800 2.01250000
v 1.31982600 3.39356400 2.30000000
v 1.33329400 3.43116500 2.30000000
v 1.38427900 3.50759100 2.30000000
v 0.60765180 -5.13841300 0.57500000
v 0.94066940 -5.08799300 1.15000000
v 1.56427400 -5.01154100 2.30000000
v 0.85695660 -4.47072200 0.57500000
v 0.87477310 -4.35534500 0.57500000
v 1.26970100 -5.01601400 1.72500000
v 1.65823100 -4.67509100 2.30000000
v 1.14600600 -4.40549600 1.15000000
v 1.15627800 -4.28920500 1.15000000
v 1.43019900 -4.32160300 1.72500000
v 1.70381300 -4.35676700 2.30000000
v 1.70476900 -4.12026200 2.30000000
v 1.43288400 -4.20489000 1.72500000
v 1.68873200 -3.98947400 2.30000000
v 2.47743900 3.68735100 0.57500000
v 2.50520900 3.80074400 0.57500000
v 2.23229100 3.84072100 1.15000000
v 2.25262500 3.95568000 1.15000000
v 1.57805300 5.00722000 2.30000000
v 1.97768500 3.97781600 1.72500000
v 1.71320400 4.08180700 2.30000000
v 1.99049600 4.09385500 1.72500000
v 1.71580200 4.35188800 2.30000000
v 1.66821400 4.68399300 2.30000000
v 0.34156570 -5.23887700 0.57500000
v 0.19431590 -5.24640300 0.57500000
v 0.53523500 -5.22264500 1.15000000
v 1.13697600 -5.12540600 2.30000000
v 0.68168320 -5.20555600 1.15000000
v 0.87388610 -5.17675800 1.72500000
v 1.01891200 -5.15017600 1.72500000
v 1.16313500 -5.11953300 1.72500000
v 2.32363400 4.70778300 0.57500000
v 2.45491900 4.64067600 0.57500000
v 2.14779600 4.79056100 1.15000000
v 2.01242300 4.84898500 1.15000000
v 1.83157100 4.92014700 1.72500000
v 1.69268400 4.96964000 1.72500000
v 1.15106900 5.12225900 2.30000000
v 1.55246200 5.01521300 1.72500000
v -0.30184950 -4.43205900 0.57500000
v -0.26920300 -4.54414500 0.57500000
v -0.01286046 -4.44230700 1.15000000
v 0.49295770 -4.19978500 2.30000000
v 0.02700928 -4.55203200 1.15000000
v 0.27618310 -4.43373200 1.72500000
v 0.55722520 -4.39155000 2.30000000
v 0.32310710 -4.54063100 1.72500000
v 0.69001600 -4.62674600 2.30000000
v 0.89728100 -4.89056400 2.30000000
v 1.72935300 4.87666600 1.15000000
v 1.49321500 4.30023700 0.57500000
v 1.42009700 4.20922600 0.57500000
v 1.40841300 4.97884600 1.72500000
v 0.90147530 4.87786300 2.30000000
v 1.21027800 4.38827500 1.15000000
v 1.14323600 4.29270000 1.15000000
v 0.50450750 4.19841300 2.30000000
v 0.92221270 4.45771800 1.72500000
v 0.70283800 4.62497800 2.30000000
v 0.58375770 4.42063600 2.30000000
v 0.86153120 4.35798400 1.72500000
v 0.53225210 4.29935200 2.30000000
v -0.24111400 -3.91584600 0.57500000
v 0.01416164 -3.92323600 1.15000000
v -0.15478620 -3.66773900 0.57500000
v 0.08416468 -3.67003900 1.15000000
v 0.26937720 -3.91400300 1.72500000
v 0.49305130 -4.06991300 2.30000000
v 0.52181530 -3.89594300 2.30000000
v 0.32275890 -3.65678700 1.72500000
v -0.29444870 -3.58044700 0.28750000
v -0.28382970 -3.59531900 0.28750000
v -0.27994420 -3.60349000 0.28750000
v -0.17775880 -3.58813300 0.57500000
v 0.41530410 -3.53821000 2.30000000
v 0.40603770 -3.56951400 2.01250000
v 0.47331710 -3.53744100 2.30000000
v 0.49599500 -3.54212400 2.30000000
v 0.51638030 -3.55084600 2.30000000
v 0.53143960 -3.56209000 2.30000000
v 0.41934110 -3.58204300 2.01250000
v 0.54382480 -3.57731300 2.30000000
v 0.42473860 -3.58930400 2.01250000
v 0.55377900 -3.59882600 2.30000000
v 0.56091590 -3.63812400 2.30000000
v 0.55497470 -3.72980200 2.30000000
v 1.27831900 3.70916200 0.57500000
v 1.03429300 3.78447100 1.15000000
v 1.03601700 3.52178000 1.15000000
v 1.26294900 3.44691500 0.57500000
v 0.78588420 3.84374400 1.72500000
v 0.50809540 4.03364300 2.30000000
v 0.80469530 3.58172200 1.72500000
v 1.34738300 3.35853500 0.28750000
v 1.33854700 3.35090700 0.28750000
v 1.33001000 3.34539400 0.28750000
v 1.32065700 3.34098300 0.28750000
v 1.21121700 3.38219600 0.57500000
v 0.76180450 3.51083400 1.72500000
v 0.42503450 3.53705400 2.30000000
v 0.66275640 3.54697600 2.01250000
v 0.57150350 3.64982500 2.30000000
v 0.56653190 3.60724200 2.30000000
v 0.55792180 3.58334100 2.30000000
v 0.54700960 3.56672500 2.30000000
v 0.65545220 3.53991100 2.01250000
v 0.53346210 3.55415200 2.30000000
v 0.64713270 3.53376800 2.01250000
v 0.51618660 3.54449000 2.30000000
v 0.48893910 3.53695100 2.30000000
v 0.45972660 3.53481200 2.30000000
v -0.69621020 -3.49380800 0.57500000
v -0.96911720 -3.42815100 0.57500000
v -0.74402860 -3.48393900 1.15000000
v -0.42503450 -3.53705400 2.30000000
v -0.46742820 -3.53170200 1.15000000
v -0.51578740 -3.52496400 1.72500000
v -0.23666550 -3.55463000 1.72500000
v 0.04392559 -3.56222900 1.72500000
v 0.69621020 3.49380800 0.57500000
v 0.96911720 3.42815100 0.57500000
v 0.74402860 3.48393900 1.15000000
v 0.46742820 3.53170200 1.15000000
v 0.51578740 3.52496400 1.72500000
v 0.23666550 3.55463000 1.72500000
v -0.41530410 3.53821000 2.30000000
v -0.04392559 3.56222900 1.72500000
v -1.27831900 -3.70916200 0.57500000
v -1.03429300 -3.78447100 1.15000000
v -0.50450750 -4.19841300 2.30000000
v -1.03601700 -3.52178000 1.15000000
v -1.26294900 -3.44691500 0.57500000
v -0.78588420 -3.84374400 1.72500000
v -0.50809540 -4.03364300 2.30000000
v -0.80469530 -3.58172200 1.72500000
v -1.34738300 -3.35853500 0.28750000
v -1.33854700 -3.35090700 0.28750000
v -1.33001000 -3.34539400 0.28750000
v -1.32065700 -3.34098300 0.28750000
v -1.21121700 -3.38219600 0.57500000
v -0.76180450 -3.51083400 1.72500000
v -0.66275640 -3.54697600 2.01250000
v -0.57150350 -3.64982500 2.30000000
v -0.56653190 -3.60724200 2.30000000
v -0.55792180 -3.58334100 2.30000000
v -0.54700960 -3.56672500 2.30000000
v -0.65545220 -3.53991100 2.01250000
v -0.53346210 -3.55415200 2.30000000
v -0.64713270 -3.53376800 2.01250000
v -0.51618660 -3.54449000 2.30000000
v -0.48893910 -3.53695100 2.30000000
v -0.45972660 -3.53481200 2.30000000
v 0.24111400 3.91584600 0.57500000
v -0.01416164 3.92323600 1.15000000
v -0.49295770 4.19978500 2.30000000
v 0.15478620 3.66773900 0.57500000
v -0.08416468 3.67003900 1.15000000
v -0.26937720 3.91400300 1.72500000
v -0.49305130 4.06991300 2.30000000
v -0.52181530 3.89594300 2.30000000
v -0.32275890 3.65678700 1.72500000
v 0.29444870 3.58044700 0.28750000
v 0.28382970 3.59531900 0.28750000
v 0.27994420 3.60349000 0.28750000
v 0.17775880 3.58813300 0.57500000
v -0.28964450 3.58083900 1.72500000
v -0.40603770 3.56951400 2.01250000
v -0.47331710 3.53744100 2.30000000
v -0.49599500 3.54212400 2.30000000
v -0.51638030 3.55084600 2.30000000
v -0.53143960 3.56209000 2.30000000
v -0.41934110 3.58204300 2.01250000
v -0.54382480 3.57731300 2.30000000
v -0.42473860 3.58930400 2.01250000
v -0.55377900 3.59882600 2.30000000
v -0.56091590 3.63812400 2.30000000
v -0.55497470 3.72980200 2.30000000
v -1.72935300 -4.87666600 1.15000000
v -1.15106900 -5.12225900 2.30000000
v -1.49321500 -4.30023700 0.57500000
v -1.42009700 -4.20922600 0.57500000
v -1.40841300 -4.97884600 1.72500000
v -0.90147530 -4.87786300 2.30000000
v -1.21027800 -4.38827500 1.15000000
v -1.14323600 -4.29270000 1.15000000
v -0.92221270 -4.45771800 1.72500000
v -0.70283800 -4.62497800 2.30000000
v -0.58375770 -4.42063600 2.30000000
v -0.86153120 -4.35798400 1.72500000
v -0.53225210 -4.29935200 2.30000000
v 0.30184950 4.43205900 0.57500000
v 0.26920300 4.54414500 0.57500000
v 0.01286046 4.44230700 1.15000000
v -0.02700928 4.55203200 1.15000000
v -1.13697600 5.12540600 2.30000000
v -0.27618310 4.43373200 1.72500000
v -0.55722520 4.39155000 2.30000000
v -0.32310710 4.54063100 1.72500000
v -0.69001600 4.62674600 2.30000000
v -0.89728100 4.89056400 2.30000000
v -2.32363400 -4.70778300 0.57500000
v -2.45491900 -4.64067600 0.57500000
v -2.14779600 -4.79056100 1.15000000
v -1.57805300 -5.00722000 2.30000000
v -2.01242300 -4.84898500 1.15000000
v -1.83157100 -4.92014700 1.72500000
v -1.69268400 -4.96964000 1.72500000
v -1.55246200 -5.01521300 1.72500000
v -0.34156570 5.23887700 0.57500000
v -0.19431590 5.24640300 0.57500000
v -0.53523500 5.22264500 1.15000000
v -0.68168320 5.20555600 1.15000000
v -0.87388610 5.17675800 1.72500000
v -1.01891200 5.15017600 1.72500000
v -1.56427400 5.01154100 2.30000000
v -1.16313500 5.11953300 1.72500000
v -2.47743900 -3.68735100 0.57500000
v -2.50520900 -3.80074400 0.57500000
v -2.23229100 -3.84072100 1.15000000
v -1.67297900 -3.88359900 2.30000000
v -2.25262500 -3.95568000 1.15000000
v -1.97768500 -3.97781600 1.72500000
v -1.71320400 -4.08180700 2.30000000
v -1.99049600 -4.09385500 1.72500000
v -1.71580200 -4.35188800 2.30000000
v -1.66821400 -4.68399300 2.30000000
v -0.60765180 5.13841300 0.57500000
v -0.94066940 5.08799300 1.15000000
v -0.85695660 4.47072200 0.57500000
v -0.87477310 4.35534500 0.57500000
v -1.26970100 5.01601400 1.72500000
v -1.65823100 4.67509100 2.30000000
v -1.14600600 4.40549600 1.15000000
v -1.15627800 4.28920500 1.15000000
v -1.66229000 3.88818600 2.30000000
v -1.43019900 4.32160300 1.72500000
v -1.70381300 4.35676700 2.30000000
v -1.70476900 4.12026200 2.30000000
v -1.43288400 4.20489000 1.72500000
v -1.68873200 3.98947400 2.30000000
v -2.16673400 -3.27066500 0.57500000
v -1.94935400 -3.40470300 1.15000000
v -1.96791800 -3.09896200 0.57500000
v -1.76213100 -3.22042900 1.15000000
v -1.72371400 -3.52431500 1.72500000
v -1.60796100 -3.77117400 2.30000000
v -1.49606600 -3.63489300 2.30000000
v -1.54887600 -3.32825000 1.72500000
v -2.04522300 -2.95353400 0.28750000
v -2.04346300 -2.97172300 0.28750000
v -2.04418400 -2.98074200 0.28750000
v -1.94801000 -3.01853500 0.57500000
v -1.40944100 -3.27183200 2.30000000
v -1.43311800 -3.29430900 2.01250000
v -1.35881600 -3.30017300 2.30000000
v -1.34151800 -3.31556700 2.30000000
v -1.32822400 -3.33331300 2.30000000
v -1.32080500 -3.35058000 2.30000000
v -1.42786100 -3.31181100 2.01250000
v -1.31769000 -3.36995600 2.30000000
v -1.42681800 -3.32079800 2.01250000
v -1.31982600 -3.39356400 2.30000000
v -1.33329400 -3.43116500 2.30000000
v -1.38427900 -3.50759100 2.30000000
v -0.74752420 3.85138800 0.57500000
v -0.99651160 3.79459500 1.15000000
v -0.86367290 3.56796000 1.15000000
v -0.62971180 3.61659100 0.57500000
v -1.24127600 3.72172200 1.72500000
v -1.57679800 3.74728500 2.30000000
v -1.09397400 3.50421000 1.72500000
v -0.51239960 3.58226800 0.28750000
v -0.51623820 3.57124400 0.28750000
v -0.52087460 3.56220200 0.28750000
v -0.52676920 3.55370400 0.28750000
v -0.64215370 3.53467600 0.57500000
v -1.09567500 3.42137300 1.72500000
v -1.40043600 3.27569600 2.30000000
v -1.19952400 3.40314900 2.01250000
v -1.32997600 3.44659300 2.30000000
v -1.31299000 3.40722900 2.30000000
v -1.30849600 3.38222500 2.30000000
v -1.30963800 3.36237900 2.30000000
v -1.20231700 3.39337900 2.01250000
v -1.31508400 3.34471700 2.30000000
v -1.20645100 3.38389900 2.01250000
v -1.32521400 3.32771200 2.30000000
v -1.34504200 3.30755900 2.30000000
v -1.36927100 3.29110000 2.30000000
v -2.34984000 -2.67762200 0.57500000
v -2.55335500 -2.48430700 0.57500000
v -2.38631700 -2.64516500 1.15000000
v -2.13661800 -2.85066100 2.30000000
v -2.17065600 -2.82482900 1.15000000
v -2.20916700 -2.79481400 1.72500000
v -1.98227300 -2.96006700 1.72500000
v -1.74307400 -3.10694400 1.72500000
v -1.14396800 3.37383200 0.57500000
v -0.87479530 3.45342400 0.57500000
v -1.09762200 3.38919400 1.15000000
v -1.36104600 3.29225800 1.15000000
v -1.31579700 3.31060200 1.72500000
v -1.57235700 3.19673300 1.72500000
v -2.12876900 2.85652800 2.30000000
v -1.81915500 3.06301800 1.72500000
v -2.96163800 -2.57306900 0.57500000
v -2.78796000 -2.76030200 1.15000000
v -2.53612300 -3.38367900 2.30000000
v -2.65810700 -2.53194200 1.15000000
v -2.81720400 -2.35364200 0.57500000
v -2.60246800 -2.93583800 1.72500000
v -2.45684500 -3.23919000 2.30000000
v -2.48774700 -2.69951500 1.72500000
v -2.84613500 -2.23488500 0.28750000
v -2.83466900 -2.23269700 0.28750000
v -2.82452000 -2.23219100 0.28750000
v -2.81421300 -2.23304800 0.28750000
v -2.74004300 -2.32346000 0.57500000
v -2.41515900 -2.65956900 1.72500000
v -2.34745200 -2.74039300 2.01250000
v -2.31984900 -2.87508900 2.30000000
v -2.29425200 -2.84069700 2.30000000
v -2.27484500 -2.82430300 2.30000000
v -2.25708700 -2.81537000 2.30000000
v -2.33759400 -2.73792700 2.01250000
v -2.23906800 -2.81125500 2.30000000
v -2.32731800 -2.73676700 2.01250000
v -2.21927600 -2.81152500 2.30000000
v -2.19190900 -2.81861900 2.30000000
v -2.16554100 -2.83137300 2.30000000
v -1.74911200 3.51177900 0.57500000
v -1.97388300 3.39054200 1.15000000
v -2.52680600 3.39064200 2.30000000
v -1.69982100 3.25374800 0.57500000
v -1.90790800 3.13626400 1.15000000
v -2.19028900 3.25493800 1.72500000
v -2.46195100 3.27812200 2.30000000
v -2.39987700 3.11307800 2.30000000
v -2.10791100 3.00549100 1.72500000
v -1.55185600 3.25555200 0.28750000
v -1.55930600 3.26068600 0.28750000
v -2.04125900 2.95627500 1.72500000
v -2.13639600 2.88827100 2.01250000
v -2.17862500 2.82685600 2.30000000
v -2.20060600 2.81957200 2.30000000
v -2.22262100 2.81693300 2.30000000
v -2.24128500 2.81914100 2.30000000
v -2.15418100 2.89246900 2.01250000
v -2.25962200 2.82613100 2.30000000
v -2.16248600 2.89605900 2.01250000
v -2.27900000 2.83978500 2.30000000
v -2.30482900 2.87025000 2.30000000
v -2.34552300 2.95261600 2.30000000
v -4.10092100 -3.09394900 0.57500000
v -3.89094000 -3.35420000 1.15000000
v -3.55798500 -3.86047200 2.30000000
v -3.39652600 -2.96059600 0.57500000
v -3.66447300 -3.60023800 1.72500000
v -3.21963200 -3.77361600 2.30000000
v -3.19671400 -3.17530100 1.15000000
v -2.98335600 -3.37655200 1.72500000
v -2.92116400 -3.65392900 2.30000000
v -2.71586700 -3.53650400 2.30000000
v -2.81341200 -3.26742100 1.72500000
v -2.61062000 -3.45722200 2.30000000
v -1.95462000 3.98920000 0.57500000
v -2.03893600 4.06994700 0.57500000
v -2.21001600 3.85358100 1.15000000
v -2.29940700 3.92867100 1.15000000
v -3.54735300 3.87024400 2.30000000
v -2.45604800 3.70163300 1.72500000
v -2.67834600 3.52458100 2.30000000
v -2.55013400 3.77074800 1.72500000
v -2.91094500 3.66187200 2.30000000
v -3.22235000 3.78671200 2.30000000
v -4.36621800 -2.91524300 0.57500000
v -4.44636000 -2.79148400 0.57500000
v -4.25532600 -3.07485000 1.15000000
v -3.87024400 -3.54735300 2.30000000
v -4.16730200 -3.19313300 1.15000000
v -4.04626100 -3.34518700 1.72500000
v -3.95072800 -3.45749200 1.72500000
v -3.85207800 -3.56707100 1.72500000
v -2.91524300 4.36621800 0.57500000
v -2.79148400 4.44636000 0.57500000
v -3.07485000 4.25532600 1.15000000
v -3.19313300 4.16730200 1.15000000
v -3.34518700 4.04626100 1.72500000
v -3.45749200 3.95072800 1.72500000
v -3.86047200 3.55798500 2.30000000
v -3.56707100 3.85207800 1.72500000
v -3.98920000 -1.95462000 0.57500000
v -4.06994700 -2.03893600 0.57500000
v -3.85358100 -2.21001600 1.15000000
v -3.39064200 -2.52680600 2.30000000
v -3.92867100 -2.29940700 1.15000000
v -3.70163300 -2.45604800 1.72500000
v -3.52458100 -2.67834600 2.30000000
v -3.77074800 -2.55013400 1.72500000
v -3.66187200 -2.91094500 2.30000000
v -3.78671200 -3.22235000 2.30000000
v -3.09394900 4.10092100 0.57500000
v -3.35420000 3.89094000 1.15000000
v -2.96059600 3.39652600 0.57500000
v -3.60023800 3.66447300 1.72500000
v -3.77361600 3.21963200 2.30000000
v -3.17530100 3.19671400 1.15000000
v -3.37655200 2.98335600 1.72500000
v -3.65392900 2.92116400 2.30000000
v -3.53650400 2.71586700 2.30000000
v -3.26742100 2.81341200 1.72500000
v -3.38367900 2.53612300 2.30000000
v -3.45722200 2.61062000 2.30000000
v -3.51177900 -1.74911200 0.57500000
v -3.39054200 -1.97388300 1.15000000
v -3.25374800 -1.69982100 0.57500000
v -3.13626400 -1.90790800 1.15000000
v -3.25493800 -2.19028900 1.72500000
v -3.27812200 -2.46195100 2.30000000
v -3.11307800 -2.39987700 2.30000000
v -3.00549100 -2.10791100 1.72500000
v -3.24798200 -1.53522300 0.28750000
v -3.25555200 -1.55185600 0.28750000
v -3.26068600 -1.55930600 0.28750000
v -3.19629400 -1.64012300 0.57500000
v -2.95627500 -2.04125900 1.72500000
v -2.85652800 -2.12876900 2.30000000
v -2.88827100 -2.13639600 2.01250000
v -2.82685600 -2.17862500 2.30000000
v -2.81957200 -2.20060600 2.30000000
v -2.81693300 -2.22262100 2.30000000
v -2.81914100 -2.24128500 2.30000000
v -2.89246900 -2.15418100 2.01250000
v -2.82613100 -2.25962200 2.30000000
v -2.89605900 -2.16248600 2.01250000
v -2.83978500 -2.27900000 2.30000000
v -2.87025000 -2.30482900 2.30000000
v -2.95261600 -2.34552300 2.30000000
v -2.57306900 2.96163800 0.57500000
v -2.76030200 2.78796000 1.15000000
v -2.53194200 2.65810700 1.15000000
v -2.35364200 2.81720400 0.57500000
v -2.93583800 2.60246800 1.72500000
v -3.23919000 2.45684500 2.30000000
v -2.69951500 2.48774700 1.72500000
v -2.23488500 2.84613500 0.28750000
v -2.23269700 2.83466900 0.28750000
v -2.23219100 2.82452000 0.28750000
v -2.23304800 2.81421300 0.28750000
v -2.32346000 2.74004300 0.57500000
v -2.65956900 2.41515900 1.72500000
v -2.85066100 2.13661800 2.30000000
v -2.74039300 2.34745200 2.01250000
v -2.87508900 2.31984900 2.30000000
v -2.84069700 2.29425200 2.30000000
v -2.82430300 2.27484500 2.30000000
v -2.81537000 2.25708700 2.30000000
v -2.73792700 2.33759400 2.01250000
v -2.81125500 2.23906800 2.30000000
v -2.73676700 2.32731800 2.01250000
v -2.81152500 2.21927600 2.30000000
v -2.81861900 2.19190900 2.30000000
v -2.83137300 2.16554100 2.30000000
v -3.37383200 -1.14396800 0.57500000
v -3.45342400 -0.87479530 0.57500000
v -3.38919400 -1.09762200 1.15000000
v -3.27569600 -1.40043600 2.30000000
v -3.29225800 -1.36104600 1.15000000
v -3.31060200 -1.31579700 1.72500000
v -3.19673300 -1.57235700 1.72500000
v -3.06301800 -1.81915500 1.72500000
v -2.67762200 2.34984000 0.57500000
v -2.48430700 2.55335500 0.57500000
v -2.64516500 2.38631700 1.15000000
v -2.82482900 2.17065600 1.15000000
v -2.79481400 2.20916700 1.72500000
v -2.96006700 1.98227300 1.72500000
v -3.27183200 1.40944100 2.30000000
v -3.10694400 1.74307400 1.72500000
v -3.85138800 -0.74752420 0.57500000
v -3.79459500 -0.99651160 1.15000000
v -3.88818600 -1.66229000 2.30000000
v -3.56796000 -0.86367290 1.15000000
v -3.61659100 -0.62971180 0.57500000
v -3.72172200 -1.24127600 1.72500000
v -3.74728500 -1.57679800 2.30000000
v -3.50421000 -1.09397400 1.72500000
v -3.58226800 -0.51239960 0.28750000
v -3.57124400 -0.51623820 0.28750000
v -3.56220200 -0.52087460 0.28750000
v -3.55370400 -0.52676920 0.28750000
v -3.53467600 -0.64215370 0.57500000
v -3.42137300 -1.09567500 1.72500000
v -3.40314900 -1.19952400 2.01250000
v -3.44659300 -1.32997600 2.30000000
v -3.40722900 -1.31299000 2.30000000
v -3.38222500 -1.30849600 2.30000000
v -3.36237900 -1.30963800 2.30000000
v -3.39337900 -1.20231700 2.01250000
v -3.34471700 -1.31508400 2.30000000
v -3.38389900 -1.20645100 2.01250000
v -3.32771200 -1.32521400 2.30000000
v -3.30755900 -1.34504200 2.30000000
v -3.29110000 -1.36927100 2.30000000
v -3.27066500 2.16673400 0.57500000
v -3.40470300 1.94935400 1.15000000
v -3.88359900 1.67297900 2.30000000
v -3.09896200 1.96791800 0.57500000
v -3.22042900 1.76213100 1.15000000
v -3.52431500 1.72371400 1.72500000
v -3.77117400 1.60796100 2.30000000
v -3.63489300 1.49606600 2.30000000
v -3.32825000 1.54887600 1.72500000
v -2.95353400 2.04522300 0.28750000
v -2.97172300 2.04346300 0.28750000
v -2.98074200 2.04418400 0.28750000
v -3.01853500 1.94801000 0.57500000
v -3.24591900 1.53958000 1.72500000
v -3.29430900 1.43311800 2.01250000
v -3.30017300 1.35881600 2.30000000
v -3.31556700 1.34151800 2.30000000
v -3.33331300 1.32822400 2.30000000
v -3.35058000 1.32080500 2.30000000
v -3.31181100 1.42786100 2.01250000
v -3.36995600 1.31769000 2.30000000
v -3.32079800 1.42681800 2.01250000
v -3.39356400 1.31982600 2.30000000
v -3.43116500 1.33329400 2.30000000
v -3.50759100 1.38427900 2.30000000
v -5.13841300 -0.60765180 0.57500000
v -5.08799300 -0.94066940 1.15000000
v -5.01154100 -1.56427400 2.30000000
v -4.47072200 -0.85695660 0.57500000
v -4.35534500 -0.87477310 0.57500000
v -5.01601400 -1.26970100 1.72500000
v -4.67509100 -1.65823100 2.30000000
v -4.40549600 -1.14600600 1.15000000
v -4.28920500 -1.15627800 1.15000000
v -4.32160300 -1.43019900 1.72500000
v -4.35676700 -1.70381300 2.30000000
v -4.12026200 -1.70476900 2.30000000
v -4.20489000 -1.43288400 1.72500000
v -3.98947400 -1.68873200 2.30000000
v -3.68735100 2.47743900 0.57500000
v -3.80074400 2.50520900 0.57500000
v -3.84072100 2.23229100 1.15000000
v -3.95568000 2.25262500 1.15000000
v -5.00722000 1.57805300 2.30000000
v -3.97781600 1.97768500 1.72500000
v -4.08180700 1.71320400 2.30000000
v -4.09385500 1.99049600 1.72500000
v -4.35188800 1.71580200 2.30000000
v -4.68399300 1.66821400 2.30000000
v -5.23887700 -0.34156570 0.57500000
v -5.24640300 -0.19431590 0.57500000
v -5.22264500 -0.53523500 1.15000000
v -5.12540600 -1.13697600 2.30000000
v -5.20555600 -0.68168320 1.15000000
v -5.17675800 -0.87388610 1.72500000
v -5.15017600 -1.01891200 1.72500000
v -5.11953300 -1.16313500 1.72500000
v -4.70778300 2.32363400 0.57500000
v -4.64067600 2.45491900 0.57500000
v -4.79056100 2.14779600 1.15000000
v -4.84898500 2.01242300 1.15000000
v -4.92014700 1.83157100 1.72500000
v -4.96964000 1.69268400 1.72500000
v -5.12225900 1.15106900 2.30000000
v -5.01521300 1.55246200 1.72500000
v -4.43205900 0.30184950 0.57500000
v -4.54414500 0.26920300 0.57500000
v -4.44230700 0.01286046 1.15000000
v -4.19978500 -0.49295770 2.30000000
v -4.55203200 -0.02700928 1.15000000
v -4.43373200 -0.27618310 1.72500000
v -4.39155000 -0.55722520 2.30000000
v -4.54063100 -0.32310710 1.72500000
v -4.62674600 -0.69001600 2.30000000
v -4.89056400 -0.89728100 2.30000000
v -4.75382200 2.04296500 0.57500000
v -4.87666600 1.72935300 1.15000000
v -4.30023700 1.49321500 0.57500000
v -4.20922600 1.42009700 0.57500000
v -4.97884600 1.40841300 1.72500000
v -4.87786300 0.90147530 2.30000000
v -4.38827500 1.21027800 1.15000000
v -4.29270000 1.14323600 1.15000000
v -4.19841300 0.50450750 2.30000000
v -4.45771800 0.92221270 1.72500000
v -4.62497800 0.70283800 2.30000000
v -4.42063600 0.58375770 2.30000000
v -4.35798400 0.86153120 1.72500000
v -4.29935200 0.53225210 2.30000000
v -3.91584600 0.24111400 0.57500000
v -3.92323600 -0.01416164 1.15000000
v -3.66773900 0.15478620 0.57500000
v -3.67003900 -0.08416468 1.15000000
v -3.91400300 -0.26937720 1.72500000
v -4.06991300 -0.49305130 2.30000000
v -3.89594300 -0.52181530 2.30000000
v -3.58044700 0.29444870 0.28750000
v -3.59531900 0.28382970 0.28750000
v -3.60349000 0.27994420 0.28750000
v -3.58813300 0.17775880 0.57500000
v -3.53821000 -0.41530410 2.30000000
v -3.58930400 -0.42473860 2.01250000
v -3.72980200 -0.55497470 2.30000000
v -3.54954500 -0.43770470 2.15625000
v -3.53744100 -0.47331710 2.30000000
v -3.54212400 -0.49599500 2.30000000
v -3.60339600 -0.27824340 1.65312500
v -3.65678700 -0.32275890 1.72500000
v -3.59243000 -0.39537670 1.94062500
v -3.58107500 -0.51435510 2.22812500
v -3.55084600 -0.51638030 2.30000000
v -3.56209000 -0.53143960 2.30000000
v -3.57731300 -0.54382480 2.30000000
v -3.59882600 -0.55377900 2.30000000
v -3.63812400 -0.56091590 2.30000000
v -3.55766600 -0.36525830 1.97656200
v -3.70916200 1.27831900 0.57500000
v -3.78447100 1.03429300 1.15000000
v -3.52178000 1.03601700 1.15000000
v -3.44691500 1.26294900 0.57500000
v -3.84374400 0.78588420 1.72500000
v -4.03364300 0.50809540 2.30000000
v -3.58172200 0.80469530 1.72500000
v -3.35853500 1.34738300 0.28750000
v -3.35090700 1.33854700 0.28750000
v -3.34539400 1.33001000 0.28750000
v -3.34098300 1.32065700 0.28750000
v -3.38219600 1.21121700 0.57500000
v -3.51083400 0.76180450 1.72500000
v -3.53705400 0.42503450 2.30000000
v -3.54697600 0.66275640 2.01250000
v -3.64982500 0.57150350 2.30000000
v -3.60724200 0.56653190 2.30000000
v -3.58334100 0.55792180 2.30000000
v -3.56672500 0.54700960 2.30000000
v -3.53991100 0.65545220 2.01250000
v -3.55415200 0.53346210 2.30000000
v -3.53376800 0.64713270 2.01250000
v -3.54449000 0.51618660 2.30000000
v -3.53695100 0.48893910 2.30000000
v -3.53481200 0.45972660 2.30000000
v -3.49380800 0.69621020 0.57500000
v -3.42815100 0.96911720 0.57500000
v -3.48393900 0.74402860 1.15000000
v -3.53170200 0.46742820 1.15000000
v -3.52496400 0.51578740 1.72500000
v -3.55463000 0.23666550 1.72500000
v -3.56222900 -0.04392559 1.72500000
v 1.51466900 0.37333240 4.60000000
v 1.56000000 -0.00000000 4.60000000
v 1.38131100 0.72496810 4.60000000
v 1.16767700 1.03447100 4.60000000
v 0.88618100 1.28385500 4.60000000
v 0.55318360 1.45862500 4.60000000
v 0.18803720 1.54862600 4.60000000
v -0.18803720 1.54862600 4.60000000
v -0.55318360 1.45862500 4.60000000
v -0.88618100 1.28385500 4.60000000
v -1.16767700 1.03447100 4.60000000
v -1.38131100 0.72496810 4.60000000
v -1.51466900 0.37333240 4.60000000
v -1.56000000 0.00000000 4.60000000
v -1.51466900 -0.37333240 4.60000000
v -1.38131100 -0.72496810 4.60000000
v -1.16767700 -1.03447100 4.60000000
v -0.88618100 -1.28385500 4.60000000
v -0.55318360 -1.45862500 4.60000000
v -0.18803720 -1.54862600 4.60000000
v 0.18803720 -1.54862600 4.60000000
v 0.55318360 -1.45862500 4.60000000
v 0.88618100 -1.28385500 4.60000000
v 1.16767700 -1.03447100 4.60000000
v 1.38131100 -0.72496810 4.60000000
v 1.51466900 -0.37333240 4.60000000
v 3.91400300 0.26937720 2.87500000
v 3.92323600 0.01416164 3.45000000
v 4.18510400 -0.60506860 4.60000000
v 3.65678700 0.32275890 2.87500000
v 3.67003900 0.08416468 3.45000000
v 3.91584600 -0.24111400 4.02500000
v 4.05963500 -0.57153740 4.60000000
v 3.89893700 -0.49894770 4.60000000
v 3.66773900 -0.15478620 4.02500000
v 3.56951400 0.40603770 2.58750000
v 3.58204300 0.41934110 2.58750000
v 3.58930400 0.42473860 2.58750000
v 3.58083900 0.28964450 2.87500000
v 3.58813300 -0.17775880 4.02500000
v 3.58044700 -0.29444870 4.31250000
v 3.54003600 -0.45349990 4.60000000
v 3.55040000 -0.43279240 4.60000000
v 3.56407700 -0.41534030 4.60000000
v 3.57882000 -0.40368410 4.60000000
v 3.59531900 -0.28382970 4.31250000
v 3.59671800 -0.39563610 4.60000000
v 3.60349000 -0.27994420 4.31250000
v 3.62006900 -0.39155700 4.60000000
v 3.65988000 -0.39477960 4.60000000
v 3.74693700 -0.42412690 4.60000000
v -2.81804600 -4.09650400 4.60000000
v -2.81415300 -4.43204700 4.60000000
v -2.43118900 -4.65315200 4.60000000
v -4.48875100 -2.13865300 4.60000000
v -4.65315200 -2.43118900 4.60000000
v -4.43204700 -2.81415300 4.60000000
v -4.08273900 -2.81734800 4.60000000
v -2.12708100 -4.48126400 4.60000000
v -2.77851600 -3.76334400 4.60000000
v -1.87002600 -4.28805300 4.60000000
v -4.28793700 -1.86989300 4.60000000
v -3.76351700 -2.77855000 4.60000000
v -3.53490600 -2.71794600 4.60000000
v -1.70234500 -4.12126400 4.60000000
v -2.70646200 -3.50303800 4.60000000
v -4.09538400 -1.68048900 4.60000000
v -3.41279400 -2.66843800 4.60000000
v -2.52478300 -3.22997800 4.60000000
v -2.61655700 -3.32187200 4.60000000
v -3.20806300 -2.49735300 4.60000000
v -3.32187200 -2.61655700 4.60000000
v -1.62134700 -4.01733200 4.60000000
v -3.80151600 -1.53485200 4.60000000
v -3.92694000 -1.56854700 4.60000000
v -1.52958700 -3.76680300 4.60000000
v -2.38157000 -3.12710500 4.60000000
v -1.56854700 -3.92694000 4.60000000
v -2.24077300 -3.03287900 4.60000000
v -3.62605300 -1.51736700 4.60000000
v 0.22110480 -5.24534200 4.60000000
v -0.39224760 -4.95669900 4.60000000
v -0.22110480 -5.24534200 4.60000000
v -3.45700600 -1.50616400 4.60000000
v -2.98193300 -2.18080500 4.60000000
v -1.49202800 -3.37959900 4.60000000
v -2.17182900 -2.97215900 4.60000000
v -3.36693900 -1.48805100 4.60000000
v -2.94834400 -2.15416400 4.60000000
v -1.47625900 -3.33973200 4.60000000
v -2.14913300 -2.93929300 4.60000000
v -3.33085000 -1.47093600 4.60000000
v -2.92537000 -2.14332000 4.60000000
v -1.46178500 -3.31885400 4.60000000
v -2.14099000 -2.91703100 4.60000000
v -3.31266800 -1.45572800 4.60000000
v -2.90591000 -2.13926000 4.60000000
v -1.44696200 -3.30560900 4.60000000
v -2.13901100 -2.89750700 4.60000000
v -3.30119100 -1.43980900 4.60000000
v -2.88744000 -2.13992400 4.60000000
v -1.43063400 -3.29694800 4.60000000
v -2.14173400 -2.87891100 4.60000000
v -3.29425200 -1.42234300 4.60000000
v -2.86838400 -2.14528100 4.60000000
v -1.41145300 -3.29206000 4.60000000
v -2.15000900 -2.85834100 4.60000000
v -3.29113300 -1.40039100 4.60000000
v -2.84376700 -2.15918300 4.60000000
v -1.38318300 -3.29179000 4.60000000
v -2.16276100 -2.83901200 4.60000000
v -3.29251100 -1.37727600 4.60000000
v -0.57153740 -4.05963500 4.60000000
v -0.60506860 -4.18510400 4.60000000
v -0.59234600 -4.38695100 4.60000000
v -4.02694000 -0.55873990 4.60000000
v -4.28978500 -0.60453830 4.60000000
v -4.18510400 -0.60506860 4.60000000
v -4.95669900 0.39224760 4.60000000
v -5.24534200 0.22110480 4.60000000
v -5.24534200 -0.22110480 4.60000000
v -4.94442900 -0.39852590 4.60000000
v 0.39852590 -4.94442900 4.60000000
v -0.52459350 -4.64840900 4.60000000
v 0.52453650 -4.64857600 4.60000000
v -4.64840900 0.52459350 4.60000000
v -4.64857600 -0.52453650 4.60000000
v -4.42029200 -0.58635770 4.60000000
v 0.58635770 -4.42029200 4.60000000
v -4.38695100 0.59234600 4.60000000
v 0.60453830 -4.28978500 4.60000000
v -4.05963500 0.57153740 4.60000000
v -4.18510400 0.60506860 4.60000000
v 0.55873990 -4.02694000 4.60000000
v 0.60506860 -4.18510400 4.60000000
v -0.42412690 -3.74693700 4.60000000
v -0.49894770 -3.89893700 4.60000000
v -3.89893700 0.49894770 4.60000000
v -3.74693700 0.42412690 4.60000000
v -3.67283300 -0.39766570 4.60000000
v 0.39766570 -3.67283300 4.60000000
v -0.39477960 -3.65988000 4.60000000
v -3.65988000 0.39477960 4.60000000
v -3.63042300 -0.39138830 4.60000000
v 0.39138830 -3.63042300 4.60000000
v -0.39155700 -3.62006900 4.60000000
v -3.62006900 0.39155700 4.60000000
v -3.60510500 -0.39348420 4.60000000
v 0.39348420 -3.60510500 4.60000000
v -0.39563610 -3.59671800 4.60000000
v -3.59671800 0.39563610 4.60000000
v -3.58622200 -0.39969810 4.60000000
v 0.39969810 -3.58622200 4.60000000
v -0.40368410 -3.57882000 4.60000000
v -3.57882000 0.40368410 4.60000000
v -3.57055800 -0.40950830 4.60000000
v 0.40950830 -3.57055800 4.60000000
v -0.41534030 -3.56407700 4.60000000
v -3.56407700 0.41534030 4.60000000
v -3.55673400 -0.42367530 4.60000000
v 0.42367530 -3.55673400 4.60000000
v -0.43279240 -3.55040000 4.60000000
v -3.55040000 0.43279240 4.60000000
v -3.54236600 -0.44802340 4.60000000
v 0.44802340 -3.54236600 4.60000000
v -0.45349990 -3.54003600 4.60000000
v -3.54003600 0.45349990 4.60000000
v 1.53485200 -3.80151600 4.60000000
v 1.56854700 -3.92694000 4.60000000
v 1.68048900 -4.09538400 4.60000000
v -3.76680300 1.52958700 4.60000000
v -4.01733200 1.62134700 4.60000000
v -3.92694000 1.56854700 4.60000000
v -2.82157200 -2.17829600 4.60000000
v -2.79859100 -2.20438100 4.60000000
v -2.20438100 -2.79859100 4.60000000
v -3.30834500 -1.32146000 4.60000000
v -1.35440500 -3.29724600 4.60000000
v -1.32146000 -3.30834500 4.60000000
v -0.50975460 -3.52584100 4.60000000
v -3.52584100 -0.50975460 4.60000000
v 2.81415300 -4.43204700 4.60000000
v 2.13865300 -4.48875100 4.60000000
v 2.43118900 -4.65315200 4.60000000
v -3.53270100 -0.47567360 4.60000000
v -3.52584100 0.50975460 4.60000000
v 0.47567360 -3.53270100 4.60000000
v 0.50975460 -3.52584100 4.60000000
v -4.09650400 2.81804600 4.60000000
v -4.43204700 2.81415300 4.60000000
v -4.65315200 2.43118900 4.60000000
v -4.48126400 2.12708100 4.60000000
v 2.81734800 -4.08273900 4.60000000
v 1.86989300 -4.28793700 4.60000000
v -3.30834500 1.32146000 4.60000000
v 2.77855000 -3.76351700 4.60000000
v -3.76334400 2.77851600 4.60000000
v -4.28805300 1.87002600 4.60000000
v -4.12126400 1.70234500 4.60000000
v 1.32146000 -3.30834500 4.60000000
v 1.37727600 -3.29251100 4.60000000
v 2.71794600 -3.53490600 4.60000000
v 2.18080500 -2.98193300 4.60000000
v 1.48805100 -3.36693900 4.60000000
v 1.50616400 -3.45700600 4.60000000
v -2.97215900 2.17182900 4.60000000
v -3.37959900 1.49202800 4.60000000
v -3.33973200 1.47625900 4.60000000
v -3.50303800 2.70646200 4.60000000
v 2.15416400 -2.94834400 4.60000000
v 1.47093600 -3.33085000 4.60000000
v -3.03287900 2.24077300 4.60000000
v -2.93929300 2.14913300 4.60000000
v -3.31885400 1.46178500 4.60000000
v 2.14332000 -2.92537000 4.60000000
v 1.45572800 -3.31266800 4.60000000
v -2.91703100 2.14099000 4.60000000
v -3.30560900 1.44696200 4.60000000
v 2.13926000 -2.90591000 4.60000000
v 1.43980900 -3.30119100 4.60000000
v -2.89750700 2.13901100 4.60000000
v -3.29694800 1.43063400 4.60000000
v 2.13992400 -2.88744000 4.60000000
v 1.42234300 -3.29425200 4.60000000
v -3.12710500 2.38157000 4.60000000
v 2.66843800 -3.41279400 4.60000000
v -2.87891100 2.14173400 4.60000000
v -3.29206000 1.41145300 4.60000000
v 2.14528100 -2.86838400 4.60000000
v 1.40039100 -3.29113300 4.60000000
v 2.49735300 -3.20806300 4.60000000
v 1.51736700 -3.62605300 4.60000000
v -2.85834100 2.15000900 4.60000000
v -3.29179000 1.38318300 4.60000000
v 2.61655700 -3.32187200 4.60000000
v -3.22997800 2.52478300 4.60000000
v -3.32187200 2.61655700 4.60000000
v 2.15918300 -2.84376700 4.60000000
v -2.83901200 2.16276100 4.60000000
v -3.29724600 1.35440500 4.60000000
v 2.17829600 -2.82157200 4.60000000
v 2.20438100 -2.79859100 4.60000000
v -2.79859100 2.20438100 4.60000000
v 2.79859100 -2.20438100 4.60000000
v -2.20438100 2.79859100 4.60000000
v -2.17829600 2.82157200 4.60000000
v 2.83901200 -2.16276100 4.60000000
v -2.15918300 2.84376700 4.60000000
v -2.66843800 3.41279400 4.60000000
v -2.61655700 3.32187200 4.60000000
v -2.49735300 3.20806300 4.60000000
v 3.50303800 -2.70646200 4.60000000
v 3.22997800 -2.52478300 4.60000000
v 3.32187200 -2.61655700 4.60000000
v -1.45572800 3.31266800 4.60000000
v -2.14332000 2.92537000 4.60000000
v -2.13926000 2.90591000 4.60000000
v 2.91703100 -2.14099000 4.60000000
v 2.93929300 -2.14913300 4.60000000
v 2.89750700 -2.13901100 4.60000000
v -1.47093600 3.33085000 4.60000000
v -2.15416400 2.94834400 4.60000000
v -1.43980900 3.30119100 4.60000000
v -2.13992400 2.88744000 4.60000000
v 2.97215900 -2.17182900 4.60000000
v 2.87891100 -2.14173400 4.60000000
v -1.42234300 3.29425200 4.60000000
v -2.14528100 2.86838400 4.60000000
v -1.48805100 3.36693900 4.60000000
v -2.18080500 2.98193300 4.60000000
v 2.85834100 -2.15000900 4.60000000
v 3.03287900 -2.24077300 4.60000000
v -1.40039100 3.29113300 4.60000000
v -1.37727600 3.29251100 4.60000000
v -1.50616400 3.45700600 4.60000000
v -1.32146000 3.30834500 4.60000000
v -1.51736700 3.62605300 4.60000000
v 4.65315200 -2.43118900 4.60000000
v 4.09650400 -2.81804600 4.60000000
v 4.43204700 -2.81415300 4.60000000
v 3.12710500 -2.38157000 4.60000000
v -1.53485200 3.80151600 4.60000000
v -2.13865300 4.48875100 4.60000000
v -2.43118900 4.65315200 4.60000000
v -2.81415300 4.43204700 4.60000000
v -2.81734800 4.08273900 4.60000000
v 4.48126400 -2.12708100 4.60000000
v 3.76334400 -2.77851600 4.60000000
v 4.01733200 -1.62134700 4.60000000
v -1.68048900 4.09538400 4.60000000
v -1.56854700 3.92694000 4.60000000
v -2.71794600 3.53490600 4.60000000
v 4.28805300 -1.87002600 4.60000000
v -1.86989300 4.28793700 4.60000000
v -2.77855000 3.76351700 4.60000000
v 4.12126400 -1.70234500 4.60000000
v -0.50975460 3.52584100 4.60000000
v -0.47567360 3.53270100 4.60000000
v -0.44802340 3.54236600 4.60000000
v -0.60453830 4.28978500 4.60000000
v -0.60506860 4.18510400 4.60000000
v -0.55873990 4.02694000 4.60000000
v 4.38695100 -0.59234600 4.60000000
v 0.41534030 3.56407700 4.60000000
v -0.40950830 3.57055800 4.60000000
v -0.42367530 3.55673400 4.60000000
v 3.57055800 0.40950830 4.60000000
v 3.55673400 0.42367530 4.60000000
v 0.40368410 3.57882000 4.60000000
v -0.39969810 3.58622200 4.60000000
v 0.43279240 3.55040000 4.60000000
v 3.58622200 0.39969810 4.60000000
v 3.54236600 0.44802340 4.60000000
v 0.39563610 3.59671800 4.60000000
v -0.39348420 3.60510500 4.60000000
v 0.45349990 3.54003600 4.60000000
v 3.60510500 0.39348420 4.60000000
v 3.53270100 0.47567360 4.60000000
v 0.39155700 3.62006900 4.60000000
v -0.39138830 3.63042300 4.60000000
v 3.63042300 0.39138830 4.60000000
v 3.52584100 0.50975460 4.60000000
v 0.50975460 3.52584100 4.60000000
v 0.39477960 3.65988000 4.60000000
v -0.39766570 3.67283300 4.60000000
v 3.67283300 0.39766570 4.60000000
v 0.42412690 3.74693700 4.60000000
v 0.49894770 3.89893700 4.60000000
v 4.02694000 0.55873990 4.60000000
v 1.32146000 3.30834500 4.60000000
v 3.30834500 1.32146000 4.60000000
v 0.57153740 4.05963500 4.60000000
v 1.35440500 3.29724600 4.60000000
v 3.29251100 1.37727600 4.60000000
v 1.38318300 3.29179000 4.60000000
v 4.28978500 0.60453830 4.60000000
v 4.18510400 0.60506860 4.60000000
v 0.59234600 4.38695100 4.60000000
v 0.60506860 4.18510400 4.60000000
v -0.58635770 4.42029200 4.60000000
v 2.82157200 2.17829600 4.60000000
v 2.16276100 2.83901200 4.60000000
v 2.84376700 2.15918300 4.60000000
v 3.29113300 1.40039100 4.60000000
v 2.20438100 2.79859100 4.60000000
v 2.79859100 2.20438100 4.60000000
v 4.42029200 0.58635770 4.60000000
v 4.64840900 -0.52459350 4.60000000
v 2.15000900 2.85834100 4.60000000
v 1.41145300 3.29206000 4.60000000
v 2.86838400 2.14528100 4.60000000
v 3.29425200 1.42234300 4.60000000
v 2.14173400 2.87891100 4.60000000
v 1.43063400 3.29694800 4.60000000
v 2.88744000 2.13992400 4.60000000
v 3.30119100 1.43980900 4.60000000
v 2.13901100 2.89750700 4.60000000
v 1.44696200 3.30560900 4.60000000
v 2.90591000 2.13926000 4.60000000
v 3.31266800 1.45572800 4.60000000
v 2.14099000 2.91703100 4.60000000
v 1.46178500 3.31885400 4.60000000
v 2.92537000 2.14332000 4.60000000
v 3.33085000 1.47093600 4.60000000
v 2.14913300 2.93929300 4.60000000
v 1.47625900 3.33973200 4.60000000
v 2.94834400 2.15416400 4.60000000
v 3.36693900 1.48805100 4.60000000
v 2.17182900 2.97215900 4.60000000
v 1.49202800 3.37959900 4.60000000
v 2.98193300 2.18080500 4.60000000
v 3.45700600 1.50616400 4.60000000
v 0.52459350 4.64840900 4.60000000
v -0.39852590 4.94442900 4.60000000
v -0.52453650 4.64857600 4.60000000
v 4.64857600 0.52453650 4.60000000
v 2.24077300 3.03287900 4.60000000
v 1.52958700 3.76680300 4.60000000
v 4.94442900 0.39852590 4.60000000
v 4.95669900 -0.39224760 4.60000000
v 0.39224760 4.95669900 4.60000000
v -0.22110480 5.24534200 4.60000000
v 5.24534200 0.22110480 4.60000000
v 5.24534200 -0.22110480 4.60000000
v 0.22110480 5.24534200 4.60000000
v 2.38157000 3.12710500 4.60000000
v 1.62134700 4.01733200 4.60000000
v 1.56854700 3.92694000 4.60000000
v 3.20806300 2.49735300 4.60000000
v 3.62605300 1.51736700 4.60000000
v 3.80151600 1.53485200 4.60000000
v 2.52478300 3.22997800 4.60000000
v 4.09538400 1.68048900 4.60000000
v 3.92694000 1.56854700 4.60000000
v 3.41279400 2.66843800 4.60000000
v 3.32187200 2.61655700 4.60000000
v 2.70646200 3.50303800 4.60000000
v 2.61655700 3.32187200 4.60000000
v 1.70234500 4.12126400 4.60000000
v 3.53490600 2.71794600 4.60000000
v 4.28793700 1.86989300 4.60000000
v 2.77851600 3.76334400 4.60000000
v 1.87002600 4.28805300 4.60000000
v 3.76351700 2.77855000 4.60000000
v 2.12708100 4.48126400 4.60000000
v 4.08273900 2.81734800 4.60000000
v 4.48875100 2.13865300 4.60000000
v 2.81804600 4.09650400 4.60000000
v 2.43118900 4.65315200 4.60000000
v 4.43204700 2.81415300 4.60000000
v 4.65315200 2.43118900 4.60000000
v 2.81415300 4.43204700 4.60000000
v 4.87666600 -1.72935300 3.45000000
v 4.45771800 -0.92221270 2.87500000
v 4.35798400 -0.86153120 2.87500000
v 4.75382200 -2.04296500 4.02500000
v 4.38827500 -1.21027800 3.45000000
v 4.29270000 -1.14323600 3.45000000
v 4.30023700 -1.49321500 4.02500000
v 4.20922600 -1.42009700 4.02500000
v 4.43373200 0.27618310 2.87500000
v 4.54063100 0.32310710 2.87500000
v 4.44230700 -0.01286046 3.45000000
v 4.55203200 0.02700928 3.45000000
v 4.43205900 -0.30184950 4.02500000
v 4.54414500 -0.26920300 4.02500000
v 4.96964000 -1.69268400 2.87500000
v 4.92014700 -1.83157100 2.87500000
v 4.79056100 -2.14779600 3.45000000
v 4.84898500 -2.01242300 3.45000000
v 4.64067600 -2.45491900 4.02500000
v 4.70778300 -2.32363400 4.02500000
v 4.77117800 -2.19051600 4.02500000
v 5.15017600 1.01891200 2.87500000
v 5.17675800 0.87388610 2.87500000
v 5.22264500 0.53523500 3.45000000
v 5.20555600 0.68168320 3.45000000
v 5.24640300 0.19431590 4.02500000
v 5.23887700 0.34156570 4.02500000
v 5.22721900 0.48854610 4.02500000
v 3.97781600 -1.97768500 2.87500000
v 4.09385500 -1.99049600 2.87500000
v 3.84072100 -2.23229100 3.45000000
v 3.95568000 -2.25262500 3.45000000
v 3.68735100 -2.47743900 4.02500000
v 3.80074400 -2.50520900 4.02500000
v 5.01601400 1.26970100 2.87500000
v 5.08799300 0.94066940 3.45000000
v 4.32160300 1.43019900 2.87500000
v 4.20489000 1.43288400 2.87500000
v 5.13841300 0.60765180 4.02500000
v 4.40549600 1.14600600 3.45000000
v 4.28920500 1.15627800 3.45000000
v 4.47072200 0.85695660 4.02500000
v 4.35534500 0.87477310 4.02500000
v 3.52431500 -1.72371400 2.87500000
v 3.22042900 -1.76213100 3.45000000
v 3.32825000 -1.54887600 2.87500000
v 3.40470300 -1.94935400 3.45000000
v 3.27066500 -2.16673400 4.02500000
v 3.09896200 -1.96791800 4.02500000
v 3.32079800 -1.42681800 2.58750000
v 3.01853500 -1.94801000 4.02500000
v 2.95353400 -2.04522300 4.31250000
v 2.97172300 -2.04346300 4.31250000
v 2.98074200 -2.04418400 4.31250000
v 3.72172200 1.24127600 2.87500000
v 3.79459500 0.99651160 3.45000000
v 3.56796000 0.86367290 3.45000000
v 3.50421000 1.09397400 2.87500000
v 3.85138800 0.74752420 4.02500000
v 3.61659100 0.62971180 4.02500000
v 3.39337900 1.20231700 2.58750000
v 3.38389900 1.20645100 2.58750000
v 3.42137300 1.09567500 2.87500000
v 3.53467600 0.64215370 4.02500000
v 3.58226800 0.51239960 4.31250000
v 3.57124400 0.51623820 4.31250000
v 3.56220200 0.52087460 4.31250000
v 3.55370400 0.52676920 4.31250000
v 2.96006700 -1.98227300 2.87500000
v 2.79481400 -2.20916700 2.87500000
v 2.64516500 -2.38631700 3.45000000
v 2.82482900 -2.17065600 3.45000000
v 2.48430700 -2.55335500 4.02500000
v 2.67762200 -2.34984000 4.02500000
v 2.85431400 -2.13173600 4.02500000
v 3.19673300 1.57235700 2.87500000
v 3.31060200 1.31579700 2.87500000
v 3.38919400 1.09762200 3.45000000
v 3.29225800 1.36104600 3.45000000
v 3.45342400 0.87479530 4.02500000
v 3.37383200 1.14396800 4.02500000
v 3.27329500 1.40604000 4.02500000
v 2.93583800 -2.60246800 2.87500000
v 2.76030200 -2.78796000 3.45000000
v 2.53194200 -2.65810700 3.45000000
v 2.69951500 -2.48774700 2.87500000
v 2.57306900 -2.96163800 4.02500000
v 2.35364200 -2.81720400 4.02500000
v 2.74039300 -2.34745200 2.58750000
v 2.73792700 -2.33759400 2.58750000
v 2.73676700 -2.32731800 2.58750000
v 2.65956900 -2.41515900 2.87500000
v 2.32346000 -2.74004300 4.02500000
v 2.23488500 -2.84613500 4.31250000
v 2.23269700 -2.83466900 4.31250000
v 2.23219100 -2.82452000 4.31250000
v 2.23304800 -2.81421300 4.31250000
v 3.25493800 2.19028900 2.87500000
v 3.39054200 1.97388300 3.45000000
v 3.00549100 2.10791100 2.87500000
v 3.13626400 1.90790800 3.45000000
v 3.51177900 1.74911200 4.02500000
v 3.25374800 1.69982100 4.02500000
v 2.89246900 2.15418100 2.58750000
v 2.89605900 2.16248600 2.58750000
v 3.19629400 1.64012300 4.02500000
v 3.24798200 1.53522300 4.31250000
v 3.25555200 1.55185600 4.31250000
v 3.26068600 1.55930600 4.31250000
v 3.60023800 -3.66447300 2.87500000
v 3.35420000 -3.89094000 3.45000000
v 3.37655200 -2.98335600 2.87500000
v 3.09394900 -4.10092100 4.02500000
v 3.17530100 -3.19671400 3.45000000
v 2.96059600 -3.39652600 4.02500000
v 2.87445500 -3.21385100 4.02500000
v 3.70163300 2.45604800 2.87500000
v 3.77074800 2.55013400 2.87500000
v 3.85358100 2.21001600 3.45000000
v 3.92867100 2.29940700 3.45000000
v 3.98920000 1.95462000 4.02500000
v 4.06994700 2.03893600 4.02500000
v 3.45749200 -3.95072800 2.87500000
v 3.34518700 -4.04626100 2.87500000
v 3.07485000 -4.25532600 3.45000000
v 3.19313300 -4.16730200 3.45000000
v 2.79148400 -4.44636000 4.02500000
v 2.91524300 -4.36621800 4.02500000
v 3.03670300 -4.28263200 4.02500000
v 3.95072800 3.45749200 2.87500000
v 4.04626100 3.34518700 2.87500000
v 4.25532600 3.07485000 3.45000000
v 4.16730200 3.19313300 3.45000000
v 4.44636000 2.79148400 4.02500000
v 4.36621800 2.91524300 4.02500000
v 4.28263200 3.03670300 4.02500000
v 2.45604800 -3.70163300 2.87500000
v 2.55013400 -3.77074800 2.87500000
v 2.21001600 -3.85358100 3.45000000
v 2.29940700 -3.92867100 3.45000000
v 1.95462000 -3.98920000 4.02500000
v 2.03893600 -4.06994700 4.02500000
v 3.66447300 3.60023800 2.87500000
v 3.89094000 3.35420000 3.45000000
v 2.98335600 3.37655200 2.87500000
v 4.10092100 3.09394900 4.02500000
v 3.19671400 3.17530100 3.45000000
v 3.39652600 2.96059600 4.02500000
v 3.21385100 2.87445500 4.02500000
v 2.19028900 -3.25493800 2.87500000
v 1.97388300 -3.39054200 3.45000000
v 2.10791100 -3.00549100 2.87500000
v 1.90790800 -3.13626400 3.45000000
v 1.74911200 -3.51177900 4.02500000
v 1.69982100 -3.25374800 4.02500000
v 2.13639600 -2.88827100 2.58750000
v 2.15418100 -2.89246900 2.58750000
v 2.16248600 -2.89605900 2.58750000
v 2.04125900 -2.95627500 2.87500000
v 1.64012300 -3.19629400 4.02500000
v 1.53522300 -3.24798200 4.31250000
v 1.55185600 -3.25555200 4.31250000
v 1.55930600 -3.26068600 4.31250000
v 2.60246800 2.93583800 2.87500000
v 2.78796000 2.76030200 3.45000000
v 2.65810700 2.53194200 3.45000000
v 2.48774700 2.69951500 2.87500000
v 2.96163800 2.57306900 4.02500000
v 2.81720400 2.35364200 4.02500000
v 2.34745200 2.74039300 2.58750000
v 2.33759400 2.73792700 2.58750000
v 2.32731800 2.73676700 2.58750000
v 2.41515900 2.65956900 2.87500000
v 2.74004300 2.32346000 4.02500000
v 2.84613500 2.23488500 4.31250000
v 2.83466900 2.23269700 4.31250000
v 2.82452000 2.23219100 4.31250000
v 2.81421300 2.23304800 4.31250000
v 1.57235700 -3.19673300 2.87500000
v 1.31579700 -3.31060200 2.87500000
v 1.09762200 -3.38919400 3.45000000
v 1.36104600 -3.29225800 3.45000000
v 0.87479530 -3.45342400 4.02500000
v 1.14396800 -3.37383200 4.02500000
v 1.40604000 -3.27329500 4.02500000
v 1.98227300 2.96006700 2.87500000
v 2.20916700 2.79481400 2.87500000
v 2.38631700 2.64516500 3.45000000
v 2.17065600 2.82482900 3.45000000
v 2.55335500 2.48430700 4.02500000
v 2.34984000 2.67762200 4.02500000
v 2.13173600 2.85431400 4.02500000
v 1.24127600 -3.72172200 2.87500000
v 0.99651160 -3.79459500 3.45000000
v 0.86367290 -3.56796000 3.45000000
v 1.09397400 -3.50421000 2.87500000
v 0.74752420 -3.85138800 4.02500000
v 0.62971180 -3.61659100 4.02500000
v 1.19952400 -3.40314900 2.58750000
v 1.20231700 -3.39337900 2.58750000
v 1.20645100 -3.38389900 2.58750000
v 1.09567500 -3.42137300 2.87500000
v 0.64215370 -3.53467600 4.02500000
v 0.51239960 -3.58226800 4.31250000
v 0.51623820 -3.57124400 4.31250000
v 0.52087460 -3.56220200 4.31250000
v 0.52676920 -3.55370400 4.31250000
v 1.72371400 3.52431500 2.87500000
v 1.94935400 3.40470300 3.45000000
v 1.54887600 3.32825000 2.87500000
v 1.76213100 3.22042900 3.45000000
v 2.16673400 3.27066500 4.02500000
v 1.96791800 3.09896200 4.02500000
v 1.42786100 3.31181100 2.58750000
v 1.42681800 3.32079800 2.58750000
v 1.94801000 3.01853500 4.02500000
v 2.04522300 2.95353400 4.31250000
v 2.04346300 2.97172300 4.31250000
v 2.04418400 2.98074200 4.31250000
v 0.94066940 -5.08799300 3.45000000
v 1.43019900 -4.32160300 2.87500000
v 1.43288400 -4.20489000 2.87500000
v 0.60765180 -5.13841300 4.02500000
v 1.14600600 -4.40549600 3.45000000
v 1.15627800 -4.28920500 3.45000000
v 0.85695660 -4.47072200 4.02500000
v 0.87477310 -4.35534500 4.02500000
v 1.97768500 3.97781600 2.87500000
v 1.99049600 4.09385500 2.87500000
v 2.23229100 3.84072100 3.45000000
v 2.25262500 3.95568000 3.45000000
v 2.47743900 3.68735100 4.02500000
v 2.50520900 3.80074400 4.02500000
v 1.01891200 -5.15017600 2.87500000
v 0.87388610 -5.17675800 2.87500000
v 0.53523500 -5.22264500 3.45000000
v 0.68168320 -5.20555600 3.45000000
v 0.19431590 -5.24640300 4.02500000
v 0.34156570 -5.23887700 4.02500000
v 0.48854610 -5.22721900 4.02500000
v 1.69268400 4.96964000 2.87500000
v 1.83157100 4.92014700 2.87500000
v 2.14779600 4.79056100 3.45000000
v 2.01242300 4.84898500 3.45000000
v 2.45491900 4.64067600 4.02500000
v 2.32363400 4.70778300 4.02500000
v 2.19051600 4.77117800 4.02500000
v 0.27618310 -4.43373200 2.87500000
v 0.32310710 -4.54063100 2.87500000
v -0.01286046 -4.44230700 3.45000000
v 0.02700928 -4.55203200 3.45000000
v -0.30184950 -4.43205900 4.02500000
v -0.26920300 -4.54414500 4.02500000
v 1.72935300 4.87666600 3.45000000
v 0.92221270 4.45771800 2.87500000
v 0.86153120 4.35798400 2.87500000
v 2.04296500 4.75382200 4.02500000
v 1.21027800 4.38827500 3.45000000
v 1.14323600 4.29270000 3.45000000
v 1.49321500 4.30023700 4.02500000
v 1.42009700 4.20922600 4.02500000
v 0.26937720 -3.91400300 2.87500000
v 0.01416164 -3.92323600 3.45000000
v 0.32275890 -3.65678700 2.87500000
v 0.08416468 -3.67003900 3.45000000
v -0.24111400 -3.91584600 4.02500000
v -0.15478620 -3.66773900 4.02500000
v 0.40603770 -3.56951400 2.58750000
v 0.41934110 -3.58204300 2.58750000
v 0.42473860 -3.58930400 2.58750000
v 0.28964450 -3.58083900 2.87500000
v -0.29444870 -3.58044700 4.31250000
v -0.28382970 -3.59531900 4.31250000
v -0.27994420 -3.60349000 4.31250000
v 0.78588420 3.84374400 2.87500000
v 1.03429300 3.78447100 3.45000000
v 1.03601700 3.52178000 3.45000000
v 0.80469530 3.58172200 2.87500000
v 1.27831900 3.70916200 4.02500000
v 1.26294900 3.44691500 4.02500000
v 0.66275640 3.54697600 2.58750000
v 0.65545220 3.53991100 2.58750000
v 0.64713270 3.53376800 2.58750000
v 0.76180450 3.51083400 2.87500000
v 1.21121700 3.38219600 4.02500000
v 1.34738300 3.35853500 4.31250000
v 1.33854700 3.35090700 4.31250000
v 1.33001000 3.34539400 4.31250000
v 1.32065700 3.34098300 4.31250000
v -0.23666550 -3.55463000 2.87500000
v -0.51578740 -3.52496400 2.87500000
v -0.74402860 -3.48393900 3.45000000
v -0.46742820 -3.53170200 3.45000000
v -0.96911720 -3.42815100 4.02500000
v -0.69621020 -3.49380800 4.02500000
v -0.41898120 -3.53777600 4.02500000
v 0.23666550 3.55463000 2.87500000
v 0.51578740 3.52496400 2.87500000
v 0.74402860 3.48393900 3.45000000
v 0.46742820 3.53170200 3.45000000
v 0.96911720 3.42815100 4.02500000
v 0.69621020 3.49380800 4.02500000
v 0.41898120 3.53777600 4.02500000
v -0.78588420 -3.84374400 2.87500000
v -1.03429300 -3.78447100 3.45000000
v -1.03601700 -3.52178000 3.45000000
v -0.80469530 -3.58172200 2.87500000
v -1.27831900 -3.70916200 4.02500000
v -1.26294900 -3.44691500 4.02500000
v -0.66275640 -3.54697600 2.58750000
v -0.65545220 -3.53991100 2.58750000
v -0.64713270 -3.53376800 2.58750000
v -0.76180450 -3.51083400 2.87500000
v -1.21121700 -3.38219600 4.02500000
v -1.34738300 -3.35853500 4.31250000
v -1.33854700 -3.35090700 4.31250000
v -1.33001000 -3.34539400 4.31250000
v -1.32065700 -3.34098300 4.31250000
v -0.26937720 3.91400300 2.87500000
v -0.01416164 3.92323600 3.45000000
v 0.24111400 3.91584600 4.02500000
v 0.15478620 3.66773900 4.02500000
v -0.08416468 3.67003900 3.45000000
v -0.42473860 3.58930400 2.58750000
v -0.32275890 3.65678700 2.87500000
v -0.41934110 3.58204300 2.58750000
v 0.17775880 3.58813300 4.02500000
v 0.29444870 3.58044700 4.31250000
v 0.28382970 3.59531900 4.31250000
v 0.27994420 3.60349000 4.31250000
v -0.43240510 3.54800700 2.44375000
v -0.51311730 3.57916200 2.37187500
v -0.27704110 3.60147400 2.94687500
v -1.40841300 -4.97884600 2.87500000
v -1.72935300 -4.87666600 3.45000000
v -0.92221270 -4.45771800 2.87500000
v -0.86153120 -4.35798400 2.87500000
v -2.04296500 -4.75382200 4.02500000
v -1.21027800 -4.38827500 3.45000000
v -1.14323600 -4.29270000 3.45000000
v -1.49321500 -4.30023700 4.02500000
v -1.42009700 -4.20922600 4.02500000
v -0.27618310 4.43373200 2.87500000
v -0.32310710 4.54063100 2.87500000
v 0.01286046 4.44230700 3.45000000
v -0.02700928 4.55203200 3.45000000
v 0.30184950 4.43205900 4.02500000
v 0.26920300 4.54414500 4.02500000
v -1.69268400 -4.96964000 2.87500000
v -1.83157100 -4.92014700 2.87500000
v -2.14779600 -4.79056100 3.45000000
v -2.01242300 -4.84898500 3.45000000
v -2.45491900 -4.64067600 4.02500000
v -2.32363400 -4.70778300 4.02500000
v -2.19051600 -4.77117800 4.02500000
v -1.01891200 5.15017600 2.87500000
v -0.87388610 5.17675800 2.87500000
v -0.53523500 5.22264500 3.45000000
v -0.68168320 5.20555600 3.45000000
v -0.19431590 5.24640300 4.02500000
v -0.34156570 5.23887700 4.02500000
v -0.48854610 5.22721900 4.02500000
v -1.97768500 -3.97781600 2.87500000
v -1.99049600 -4.09385500 2.87500000
v -2.23229100 -3.84072100 3.45000000
v -2.25262500 -3.95568000 3.45000000
v -2.47743900 -3.68735100 4.02500000
v -2.50520900 -3.80074400 4.02500000
v -1.26970100 5.01601400 2.87500000
v -0.94066940 5.08799300 3.45000000
v -1.43019900 4.32160300 2.87500000
v -1.43288400 4.20489000 2.87500000
v -0.60765180 5.13841300 4.02500000
v -1.14600600 4.40549600 3.45000000
v -1.15627800 4.28920500 3.45000000
v -0.85695660 4.47072200 4.02500000
v -0.87477310 4.35534500 4.02500000
v -1.72371400 -3.52431500 2.87500000
v -1.94935400 -3.40470300 3.45000000
v -1.54887600 -3.32825000 2.87500000
v -1.76213100 -3.22042900 3.45000000
v -2.16673400 -3.27066500 4.02500000
v -1.96791800 -3.09896200 4.02500000
v -1.43311800 -3.29430900 2.58750000
v -1.42786100 -3.31181100 2.58750000
v -1.42681800 -3.32079800 2.58750000
v -1.53958000 -3.24591900 2.87500000
v -1.94801000 -3.01853500 4.02500000
v -2.04522300 -2.95353400 4.31250000
v -2.04346300 -2.97172300 4.31250000
v -2.04418400 -2.98074200 4.31250000
v -1.24127600 3.72172200 2.87500000
v -0.99651160 3.79459500 3.45000000
v -0.86367290 3.56796000 3.45000000
v -1.09397400 3.50421000 2.87500000
v -0.74752420 3.85138800 4.02500000
v -0.62971180 3.61659100 4.02500000
v -1.19952400 3.40314900 2.58750000
v -1.20231700 3.39337900 2.58750000
v -1.20645100 3.38389900 2.58750000
v -1.09567500 3.42137300 2.87500000
v -0.64215370 3.53467600 4.02500000
v -0.51239960 3.58226800 4.31250000
v -0.51623820 3.57124400 4.31250000
v -0.52087460 3.56220200 4.31250000
v -0.52676920 3.55370400 4.31250000
v -1.98227300 -2.96006700 2.87500000
v -2.20916700 -2.79481400 2.87500000
v -2.38631700 -2.64516500 3.45000000
v -2.17065600 -2.82482900 3.45000000
v -2.55335500 -2.48430700 4.02500000
v -2.34984000 -2.67762200 4.02500000
v -2.13173600 -2.85431400 4.02500000
v -1.57235700 3.19673300 2.87500000
v -1.31579700 3.31060200 2.87500000
v -1.09762200 3.38919400 3.45000000
v -1.36104600 3.29225800 3.45000000
v -0.87479530 3.45342400 4.02500000
v -1.14396800 3.37383200 4.02500000
v -1.40604000 3.27329500 4.02500000
v -2.60246800 -2.93583800 2.87500000
v -2.78796000 -2.76030200 3.45000000
v -2.65810700 -2.53194200 3.45000000
v -2.48774700 -2.69951500 2.87500000
v -2.96163800 -2.57306900 4.02500000
v -2.81720400 -2.35364200 4.02500000
v -2.34745200 -2.74039300 2.58750000
v -2.33759400 -2.73792700 2.58750000
v -2.32731800 -2.73676700 2.58750000
v -2.41515900 -2.65956900 2.87500000
v -2.74004300 -2.32346000 4.02500000
v -2.84613500 -2.23488500 4.31250000
v -2.83466900 -2.23269700 4.31250000
v -2.82452000 -2.23219100 4.31250000
v -2.81421300 -2.23304800 4.31250000
v -2.19028900 3.25493800 2.87500000
v -1.97388300 3.39054200 3.45000000
v -2.10791100 3.00549100 2.87500000
v -1.90790800 3.13626400 3.45000000
v -1.74911200 3.51177900 4.02500000
v -1.69982100 3.25374800 4.02500000
v -2.13639600 2.88827100 2.58750000
v -2.15418100 2.89246900 2.58750000
v -2.16248600 2.89605900 2.58750000
v -2.04125900 2.95627500 2.87500000
v -1.53522300 3.24798200 4.31250000
v -1.55185600 3.25555200 4.31250000
v -1.55930600 3.26068600 4.31250000
v -3.66447300 -3.60023800 2.87500000
v -3.89094000 -3.35420000 3.45000000
v -2.98335600 -3.37655200 2.87500000
v -4.10092100 -3.09394900 4.02500000
v -3.19671400 -3.17530100 3.45000000
v -3.39652600 -2.96059600 4.02500000
v -3.21385100 -2.87445500 4.02500000
v -2.45604800 3.70163300 2.87500000
v -2.55013400 3.77074800 2.87500000
v -2.21001600 3.85358100 3.45000000
v -2.29940700 3.92867100 3.45000000
v -1.95462000 3.98920000 4.02500000
v -2.03893600 4.06994700 4.02500000
v -3.95072800 -3.45749200 2.87500000
v -4.04626100 -3.34518700 2.87500000
v -4.25532600 -3.07485000 3.45000000
v -4.16730200 -3.19313300 3.45000000
v -4.44636000 -2.79148400 4.02500000
v -4.36621800 -2.91524300 4.02500000
v -4.28263200 -3.03670300 4.02500000
v -3.45749200 3.95072800 2.87500000
v -3.34518700 4.04626100 2.87500000
v -3.07485000 4.25532600 3.45000000
v -3.19313300 4.16730200 3.45000000
v -2.79148400 4.44636000 4.02500000
v -2.91524300 4.36621800 4.02500000
v -3.03670300 4.28263200 4.02500000
v -3.70163300 -2.45604800 2.87500000
v -3.77074800 -2.55013400 2.87500000
v -3.85358100 -2.21001600 3.45000000
v -3.92867100 -2.29940700 3.45000000
v -3.98920000 -1.95462000 4.02500000
v -4.06994700 -2.03893600 4.02500000
v -3.60023800 3.66447300 2.87500000
v -3.35420000 3.89094000 3.45000000
v -3.37655200 2.98335600 2.87500000
v -3.09394900 4.10092100 4.02500000
v -3.17530100 3.19671400 3.45000000
v -2.96059600 3.39652600 4.02500000
v -2.87445500 3.21385100 4.02500000
v -3.25493800 -2.19028900 2.87500000
v -3.39054200 -1.97388300 3.45000000
v -3.00549100 -2.10791100 2.87500000
v -3.13626400 -1.90790800 3.45000000
v -3.51177900 -1.74911200 4.02500000
v -3.25374800 -1.69982100 4.02500000
v -2.88827100 -2.13639600 2.58750000
v -2.89246900 -2.15418100 2.58750000
v -2.89605900 -2.16248600 2.58750000
v -2.95627500 -2.04125900 2.87500000
v -3.19629400 -1.64012300 4.02500000
v -3.24798200 -1.53522300 4.31250000
v -3.25555200 -1.55185600 4.31250000
v -3.26068600 -1.55930600 4.31250000
v -2.93583800 2.60246800 2.87500000
v -2.76030200 2.78796000 3.45000000
v -2.53194200 2.65810700 3.45000000
v -2.69951500 2.48774700 2.87500000
v -2.57306900 2.96163800 4.02500000
v -2.35364200 2.81720400 4.02500000
v -2.74039300 2.34745200 2.58750000
v -2.73792700 2.33759400 2.58750000
v -2.73676700 2.32731800 2.58750000
v -2.65956900 2.41515900 2.87500000
v -2.32346000 2.74004300 4.02500000
v -2.23488500 2.84613500 4.31250000
v -2.23269700 2.83466900 4.31250000
v -2.23219100 2.82452000 4.31250000
v -2.23304800 2.81421300 4.31250000
v -3.19673300 -1.57235700 2.87500000
v -3.31060200 -1.31579700 2.87500000
v -3.38919400 -1.09762200 3.45000000
v -3.29225800 -1.36104600 3.45000000
v -3.45342400 -0.87479530 4.02500000
v -3.37383200 -1.14396800 4.02500000
v -3.27329500 -1.40604000 4.02500000
v -2.96006700 1.98227300 2.87500000
v -2.79481400 2.20916700 2.87500000
v -2.64516500 2.38631700 3.45000000
v -2.82482900 2.17065600 3.45000000
v -2.48430700 2.55335500 4.02500000
v -2.67762200 2.34984000 4.02500000
v -2.85431400 2.13173600 4.02500000
v -3.72172200 -1.24127600 2.87500000
v -3.79459500 -0.99651160 3.45000000
v -3.56796000 -0.86367290 3.45000000
v -3.50421000 -1.09397400 2.87500000
v -3.85138800 -0.74752420 4.02500000
v -3.61659100 -0.62971180 4.02500000
v -3.40314900 -1.19952400 2.58750000
v -3.39337900 -1.20231700 2.58750000
v -3.38389900 -1.20645100 2.58750000
v -3.42137300 -1.09567500 2.87500000
v -3.53467600 -0.64215370 4.02500000
v -3.58226800 -0.51239960 4.31250000
v -3.57124400 -0.51623820 4.31250000
v -3.56220200 -0.52087460 4.31250000
v -3.55370400 -0.52676920 4.31250000
v -3.32825000 1.54887600 2.87500000
v -3.52431500 1.72371400 2.87500000
v -3.22042900 1.76213100 3.45000000
v -3.40470300 1.94935400 3.45000000
v -3.27066500 2.16673400 4.02500000
v -3.09896200 1.96791800 4.02500000
v -3.01853500 1.94801000 4.02500000
v -2.95353400 2.04522300 4.31250000
v -2.97172300 2.04346300 4.31250000
v -2.98074200 2.04418400 4.31250000
v -5.01601400 -1.26970100 2.87500000
v -5.08799300 -0.94066940 3.45000000
v -4.32160300 -1.43019900 2.87500000
v -4.20489000 -1.43288400 2.87500000
v -5.13841300 -0.60765180 4.02500000
v -4.40549600 -1.14600600 3.45000000
v -4.28920500 -1.15627800 3.45000000
v -4.47072200 -0.85695660 4.02500000
v -4.35534500 -0.87477310 4.02500000
v -3.97781600 1.97768500 2.87500000
v -4.09385500 1.99049600 2.87500000
v -3.84072100 2.23229100 3.45000000
v -3.95568000 2.25262500 3.45000000
v -3.68735100 2.47743900 4.02500000
v -3.80074400 2.50520900 4.02500000
v -5.15017600 -1.01891200 2.87500000
v -5.17675800 -0.87388610 2.87500000
v -5.22264500 -0.53523500 3.45000000
v -5.20555600 -0.68168320 3.45000000
v -5.24640300 -0.19431590 4.02500000
v -5.23887700 -0.34156570 4.02500000
v -5.22721900 -0.48854610 4.02500000
v -4.96964000 1.69268400 2.87500000
v -4.92014700 1.83157100 2.87500000
v -4.79056100 2.14779600 3.45000000
v -4.84898500 2.01242300 3.45000000
v -4.64067600 2.45491900 4.02500000
v -4.70778300 2.32363400 4.02500000
v -4.77117800 2.19051600 4.02500000
v -4.43373200 -0.27618310 2.87500000
v -4.54063100 -0.32310710 2.87500000
v -4.44230700 0.01286046 3.45000000
v -4.55203200 -0.02700928 3.45000000
v -4.43205900 0.30184950 4.02500000
v -4.54414500 0.26920300 4.02500000
v -4.87666600 1.72935300 3.45000000
v -4.45771800 0.92221270 2.87500000
v -4.35798400 0.86153120 2.87500000
v -4.75382200 2.04296500 4.02500000
v -4.38827500 1.21027800 3.45000000
v -4.29270000 1.14323600 3.45000000
v -4.30023700 1.49321500 4.02500000
v -4.20922600 1.42009700 4.02500000
v -3.65678700 -0.32275890 2.87500000
v -3.91400300 -0.26937720 2.87500000
v -3.67003900 -0.08416468 3.45000000
v -3.92323600 -0.01416164 3.45000000
v -3.91584600 0.24111400 4.02500000
v -3.66773900 0.15478620 4.02500000
v -3.58813300 0.17775880 4.02500000
v -3.58044700 0.29444870 4.31250000
v -3.59531900 0.28382970 4.31250000
v -3.60349000 0.27994420 4.31250000
v -3.84374400 0.78588420 2.87500000
v -3.78447100 1.03429300 3.45000000
v -3.52178000 1.03601700 3.45000000
v -3.58172200 0.80469530 2.87500000
v -3.70916200 1.27831900 4.02500000
v -3.44691500 1.26294900 4.02500000
v -3.54697600 0.66275640 2.58750000
v -3.53991100 0.65545220 2.58750000
v -3.53376800 0.64713270 2.58750000
v -3.51083400 0.76180450 2.87500000
v -3.38219600 1.21121700 4.02500000
v -3.35853500 1.34738300 4.31250000
v -3.35090700 1.33854700 4.31250000
v -3.34539400 1.33001000 4.31250000
v -3.34098300 1.32065700 4.31250000
v -3.55463000 0.23666550 2.87500000
v -3.52496400 0.51578740 2.87500000
v -3.48393900 0.74402860 3.45000000
v -3.53170200 0.46742820 3.45000000
v -3.42815100 0.96911720 4.02500000
v -3.49380800 0.69621020 4.02500000
v -3.53777600 0.41898120 4.02500000
f 1 2 3
f 1 4 2
f 5 6 2
f 5 2 4
f 7 5 4
f 7 1 3
f 7 4 1
f 8 6 5
f 9 10 6
f 9 5 7
f 9 6 8
f 9 8 5
f 11 3 10
f 11 7 3
f 11 10 9
f 11 9 7
f 12 13 14
f 15 16 13
f 15 13 12
f 17 12 18
f 17 15 12
f 19 20 16
f 19 16 15
f 21 19 15
f 21 15 17
f 22 14 23
f 22 23 24
f 22 24 25
f 22 25 26
f 22 12 14
f 22 18 12
f 27 22 26
f 28 26 29
f 28 27 26
f 30 29 31
f 30 31 32
f 30 32 33
f 30 33 2
f 30 28 29
f 34 2 6
f 34 18 22
f 34 27 28
f 34 17 18
f 34 30 2
f 34 22 27
f 34 28 30
f 35 21 17
f 35 34 6
f 35 17 34
f 36 37 20
f 36 38 37
f 36 39 38
f 36 40 39
f 36 20 19
f 36 19 21
f 36 21 35
f 41 42 40
f 41 40 36
f 41 36 35
f 43 44 42
f 43 45 44
f 43 46 45
f 43 6 46
f 43 42 41
f 43 35 6
f 43 41 35
f 47 48 49
f 50 51 52
f 50 53 51
f 54 48 47
f 55 54 47
f 56 54 55
f 57 53 50
f 57 58 53
f 57 59 58
f 60 56 55
f 60 55 61
f 62 59 57
f 62 63 59
f 64 61 65
f 66 67 63
f 68 60 61
f 68 61 64
f 69 62 70
f 69 63 62
f 69 66 63
f 71 68 64
f 71 64 72
f 71 73 68
f 74 71 72
f 75 66 69
f 76 77 78
f 79 80 66
f 79 66 75
f 81 71 74
f 81 74 82
f 83 80 79
f 83 84 80
f 85 81 82
f 85 82 86
f 87 84 83
f 87 88 84
f 89 85 86
f 89 86 90
f 91 92 88
f 91 88 87
f 93 89 90
f 93 90 94
f 95 96 92
f 95 92 91
f 97 93 94
f 97 94 98
f 99 96 95
f 99 100 96
f 101 98 102
f 101 97 98
f 103 100 99
f 103 104 100
f 105 101 102
f 105 102 106
f 107 104 103
f 108 109 110
f 111 112 113
f 114 115 116
f 114 117 115
f 118 78 119
f 118 76 78
f 120 118 119
f 121 122 117
f 121 123 122
f 121 117 114
f 124 120 119
f 124 119 109
f 125 123 121
f 125 113 123
f 126 124 109
f 126 109 108
f 127 125 128
f 127 111 113
f 127 113 125
f 129 130 126
f 129 126 108
f 129 131 132
f 129 108 131
f 133 111 127
f 134 135 111
f 134 111 133
f 136 129 132
f 136 132 137
f 138 139 135
f 138 135 134
f 140 136 137
f 140 137 141
f 142 139 138
f 142 143 139
f 144 140 141
f 144 141 145
f 146 143 142
f 146 147 143
f 148 144 145
f 148 145 149
f 150 151 147
f 150 147 146
f 152 148 149
f 152 149 153
f 154 155 151
f 154 151 150
f 156 152 153
f 156 153 157
f 158 159 155
f 158 155 154
f 160 156 157
f 160 157 161
f 162 159 158
f 163 164 165
f 166 167 168
f 169 170 171
f 169 172 170
f 173 172 169
f 173 106 172
f 173 105 106
f 174 107 175
f 174 104 107
f 174 171 104
f 174 169 171
f 176 177 105
f 176 178 177
f 176 179 178
f 176 105 173
f 180 175 181
f 180 174 175
f 182 179 176
f 182 160 161
f 182 161 179
f 183 184 185
f 186 187 159
f 186 181 187
f 186 159 162
f 186 180 181
f 186 162 188
f 189 190 160
f 189 191 190
f 189 160 182
f 192 193 194
f 192 195 193
f 196 185 197
f 196 183 185
f 198 186 188
f 198 188 199
f 200 196 197
f 201 195 192
f 201 202 195
f 201 203 202
f 204 205 191
f 204 206 205
f 204 191 189
f 207 197 164
f 207 200 197
f 208 209 210
f 211 212 213
f 214 168 203
f 214 203 201
f 215 210 216
f 215 208 210
f 217 211 213
f 217 213 166
f 218 212 211
f 218 219 212
f 220 216 221
f 220 215 216
f 222 219 218
f 222 223 219
f 224 220 221
f 224 221 225
f 226 223 222
f 226 227 223
f 228 225 229
f 228 224 225
f 230 217 166
f 231 207 164
f 231 164 163
f 232 227 226
f 232 233 227
f 234 229 235
f 234 228 229
f 236 231 163
f 236 237 209
f 236 163 237
f 236 209 208
f 238 239 233
f 238 233 232
f 240 231 236
f 241 168 214
f 241 214 242
f 241 230 166
f 241 166 168
f 243 235 206
f 243 234 235
f 244 239 238
f 245 239 244
f 245 198 199
f 245 246 239
f 245 199 246
f 247 206 204
f 247 248 243
f 247 249 248
f 247 243 206
f 250 245 244
f 250 244 251
f 252 249 247
f 253 254 250
f 253 250 251
f 255 249 252
f 256 254 253
f 257 252 258
f 257 255 252
f 259 254 256
f 260 261 262
f 263 264 265
f 266 267 268
f 25 269 270
f 26 270 271
f 26 25 270
f 272 266 268
f 272 268 273
f 274 275 267
f 274 267 266
f 24 269 25
f 24 276 269
f 29 26 271
f 29 271 277
f 278 279 275
f 278 275 274
f 280 272 273
f 280 273 281
f 31 29 277
f 31 277 282
f 23 276 24
f 23 283 276
f 284 279 278
f 284 259 279
f 32 31 282
f 32 282 257
f 32 257 258
f 285 254 259
f 285 259 284
f 285 286 254
f 33 32 258
f 287 280 281
f 287 281 261
f 2 258 288
f 2 33 258
f 289 286 285
f 290 287 261
f 291 292 293
f 14 283 23
f 14 294 283
f 14 265 294
f 295 290 261
f 295 261 260
f 296 297 298
f 296 299 297
f 300 291 293
f 300 293 301
f 302 263 265
f 302 14 13
f 302 265 14
f 303 304 295
f 303 295 260
f 303 260 305
f 306 300 301
f 307 308 299
f 307 305 308
f 307 299 296
f 307 303 305
f 309 263 302
f 309 301 263
f 309 306 301
f 3 288 310
f 3 2 288
f 311 286 289
f 311 312 286
f 313 312 311
f 314 3 310
f 315 312 313
f 315 316 312
f 317 318 319
f 320 321 322
f 323 324 325
f 326 327 328
f 329 328 330
f 329 326 328
f 331 325 332
f 331 323 325
f 333 315 324
f 333 324 323
f 334 335 327
f 334 327 326
f 336 330 314
f 336 329 330
f 336 314 310
f 337 332 338
f 337 331 332
f 339 315 333
f 339 316 315
f 340 341 335
f 340 335 334
f 342 336 310
f 343 338 344
f 343 337 338
f 345 346 341
f 345 341 340
f 347 316 339
f 347 348 316
f 349 342 310
f 349 310 350
f 351 343 344
f 351 344 352
f 353 354 346
f 353 346 345
f 355 352 318
f 355 351 352
f 356 355 318
f 357 358 354
f 357 322 358
f 357 354 353
f 359 348 347
f 360 349 350
f 360 350 361
f 362 356 318
f 362 318 317
f 363 348 359
f 364 360 361
f 365 348 363
f 365 366 348
f 367 322 357
f 367 320 322
f 367 357 368
f 369 370 362
f 369 317 371
f 369 362 317
f 372 361 373
f 374 366 365
f 375 376 364
f 375 364 361
f 375 361 372
f 377 366 374
f 377 373 366
f 378 373 377
f 378 372 373
f 379 380 320
f 379 320 367
f 381 374 365
f 381 365 382
f 383 384 376
f 383 376 375
f 385 381 382
f 385 382 386
f 387 384 383
f 387 388 384
f 389 385 386
f 389 386 390
f 391 392 388
f 391 388 387
f 393 389 390
f 393 390 394
f 395 396 392
f 395 392 391
f 397 393 394
f 397 394 398
f 399 396 395
f 399 400 396
f 401 397 398
f 401 398 402
f 403 400 399
f 403 404 400
f 405 369 371
f 405 406 407
f 405 371 406
f 408 380 379
f 409 401 402
f 410 409 402
f 411 412 380
f 411 380 408
f 413 407 414
f 413 405 407
f 415 413 414
f 416 417 412
f 416 412 411
f 418 409 410
f 419 410 420
f 421 422 404
f 421 423 422
f 421 404 403
f 424 418 410
f 424 410 419
f 425 426 423
f 427 421 428
f 427 423 421
f 427 425 423
f 429 430 424
f 429 419 431
f 429 424 419
f 432 433 425
f 432 425 427
f 434 431 435
f 434 429 431
f 436 433 432
f 437 434 435
f 438 439 433
f 438 433 436
f 440 434 437
f 441 440 437
f 442 439 438
f 442 443 439
f 444 440 441
f 445 358 322
f 445 322 321
f 446 321 447
f 446 448 445
f 446 445 321
f 446 449 448
f 450 451 452
f 450 447 451
f 450 453 449
f 450 446 447
f 450 449 446
f 454 3 314
f 454 314 330
f 454 330 328
f 454 328 327
f 455 327 335
f 455 454 327
f 456 335 341
f 456 341 346
f 456 346 354
f 456 354 358
f 456 455 335
f 456 445 448
f 456 358 445
f 457 454 455
f 457 456 448
f 457 3 454
f 457 448 449
f 457 455 456
f 458 10 3
f 458 449 453
f 458 3 457
f 458 457 449
f 459 460 10
f 459 461 460
f 459 462 461
f 459 463 462
f 459 10 458
f 464 465 463
f 464 463 459
f 464 459 458
f 466 467 465
f 466 468 467
f 466 469 468
f 466 452 469
f 466 453 450
f 466 450 452
f 466 458 453
f 466 465 464
f 466 464 458
f 470 6 10
f 470 471 6
f 472 473 6
f 472 6 471
f 474 472 471
f 474 470 10
f 474 471 470
f 475 473 472
f 476 477 473
f 476 472 474
f 476 473 475
f 476 475 472
f 478 10 477
f 478 474 10
f 478 477 476
f 478 476 474
f 479 291 300
f 480 481 291
f 480 291 479
f 482 300 306
f 482 306 309
f 482 479 300
f 483 309 302
f 483 302 13
f 483 482 309
f 484 485 481
f 484 481 480
f 486 479 482
f 486 480 479
f 487 13 16
f 487 486 482
f 487 483 13
f 487 482 483
f 488 489 485
f 488 490 489
f 488 484 480
f 488 485 484
f 488 480 486
f 491 492 490
f 491 16 492
f 491 487 16
f 491 490 488
f 491 486 487
f 491 488 486
f 493 16 20
f 494 495 16
f 494 16 493
f 496 493 497
f 496 494 493
f 498 499 495
f 498 495 494
f 500 498 494
f 500 494 496
f 501 20 37
f 501 37 38
f 501 38 39
f 501 39 40
f 501 40 42
f 501 493 20
f 501 497 493
f 502 42 44
f 502 44 45
f 502 45 46
f 502 46 6
f 502 501 42
f 503 501 502
f 503 502 6
f 503 496 497
f 503 497 501
f 504 6 473
f 504 496 503
f 504 500 496
f 504 503 6
f 505 506 499
f 505 507 506
f 505 508 507
f 505 509 508
f 505 499 498
f 505 498 500
f 505 500 504
f 510 509 505
f 510 505 504
f 511 512 509
f 511 509 510
f 511 510 504
f 513 514 512
f 513 515 514
f 513 516 515
f 513 473 516
f 513 504 473
f 513 512 511
f 513 511 504
f 517 321 320
f 518 320 380
f 518 380 412
f 518 412 417
f 518 517 320
f 519 447 321
f 519 321 517
f 520 417 521
f 520 518 417
f 520 517 518
f 520 519 517
f 522 523 447
f 522 447 519
f 524 525 523
f 524 526 525
f 524 521 526
f 524 519 520
f 524 520 521
f 524 523 522
f 524 522 519
f 527 292 291
f 527 528 292
f 529 530 292
f 529 292 528
f 531 529 528
f 531 527 291
f 531 528 527
f 532 530 529
f 533 481 530
f 533 529 531
f 533 530 532
f 533 532 529
f 534 291 481
f 534 531 291
f 534 481 533
f 534 533 531
f 535 417 416
f 535 536 417
f 537 521 417
f 537 417 536
f 538 537 536
f 538 535 416
f 538 536 535
f 539 521 537
f 540 541 521
f 540 537 538
f 540 521 539
f 540 539 537
f 542 416 541
f 542 538 416
f 542 541 540
f 542 540 538
f 543 264 263
f 544 263 301
f 544 301 293
f 544 293 292
f 544 543 263
f 545 546 264
f 545 264 543
f 547 292 530
f 547 544 292
f 547 543 544
f 547 545 543
f 548 549 546
f 548 546 545
f 550 551 549
f 550 552 551
f 550 530 552
f 550 545 547
f 550 547 530
f 550 549 548
f 550 548 545
f 553 416 411
f 554 541 416
f 554 416 553
f 555 411 408
f 555 408 379
f 555 553 411
f 556 379 367
f 556 367 368
f 556 555 379
f 557 558 541
f 557 541 554
f 559 553 555
f 559 554 553
f 560 368 561
f 560 559 555
f 560 556 368
f 560 555 556
f 562 563 558
f 562 564 563
f 562 558 557
f 562 554 559
f 562 557 554
f 565 566 564
f 565 561 566
f 565 560 561
f 565 564 562
f 565 559 560
f 565 562 559
f 567 294 265
f 567 265 264
f 568 264 546
f 568 569 567
f 568 567 264
f 568 570 569
f 571 572 573
f 571 546 572
f 571 574 570
f 571 568 546
f 571 570 568
f 575 255 257
f 575 257 282
f 575 282 277
f 575 277 271
f 575 271 270
f 575 570 255
f 575 569 570
f 576 270 269
f 576 269 276
f 576 276 283
f 576 283 294
f 576 569 575
f 576 575 270
f 576 567 569
f 576 294 567
f 577 578 255
f 577 570 574
f 577 255 570
f 579 580 578
f 579 581 580
f 579 582 581
f 579 583 582
f 579 578 577
f 584 585 583
f 584 579 577
f 584 583 579
f 586 587 585
f 586 588 587
f 586 589 588
f 586 573 589
f 586 577 574
f 586 574 571
f 586 571 573
f 586 585 584
f 586 584 577
f 590 368 357
f 591 561 368
f 591 368 590
f 592 590 593
f 592 591 590
f 594 595 561
f 594 561 591
f 596 594 591
f 596 591 592
f 597 353 345
f 597 345 340
f 597 340 334
f 597 334 326
f 598 326 329
f 598 329 336
f 598 336 342
f 598 342 349
f 598 597 326
f 599 597 598
f 599 598 349
f 599 592 593
f 600 349 601
f 600 592 599
f 600 596 592
f 600 599 349
f 602 603 595
f 602 604 603
f 602 605 604
f 602 606 605
f 602 595 594
f 602 594 596
f 602 596 600
f 607 608 606
f 607 606 602
f 607 602 600
f 609 610 608
f 609 611 610
f 609 612 611
f 609 601 612
f 609 608 607
f 609 600 601
f 609 607 600
f 613 357 353
f 613 353 597
f 613 597 599
f 613 590 357
f 613 593 590
f 613 599 593
f 614 249 255
f 614 615 249
f 616 617 249
f 616 249 615
f 618 616 615
f 618 614 255
f 618 615 614
f 619 617 616
f 620 578 617
f 620 616 618
f 620 617 619
f 620 619 616
f 621 255 578
f 621 618 255
f 621 578 620
f 621 620 618
f 622 349 360
f 622 623 349
f 624 601 349
f 624 349 623
f 625 624 623
f 625 622 360
f 625 623 622
f 626 601 624
f 627 628 601
f 627 624 625
f 627 601 626
f 627 626 624
f 629 360 628
f 629 625 360
f 629 628 627
f 629 627 625
f 630 240 236
f 631 632 240
f 631 240 630
f 633 630 634
f 633 631 630
f 635 636 632
f 635 632 631
f 637 635 631
f 637 631 633
f 638 236 208
f 638 208 215
f 638 215 220
f 638 220 224
f 638 630 236
f 638 634 630
f 639 638 224
f 640 224 228
f 640 639 224
f 641 228 234
f 641 234 243
f 641 243 248
f 641 248 249
f 641 640 228
f 642 634 638
f 642 639 640
f 642 633 634
f 642 641 249
f 642 638 639
f 642 640 641
f 643 249 617
f 643 637 633
f 643 642 249
f 643 633 642
f 644 645 636
f 644 646 645
f 644 647 646
f 644 648 647
f 644 636 635
f 644 635 637
f 644 637 643
f 649 650 648
f 649 648 644
f 649 644 643
f 651 652 650
f 651 653 652
f 651 654 653
f 651 617 654
f 651 650 649
f 651 643 617
f 651 649 643
f 655 422 423
f 655 423 426
f 656 426 657
f 656 658 655
f 656 655 426
f 656 659 658
f 660 661 662
f 660 657 661
f 660 663 659
f 660 656 657
f 660 659 656
f 664 360 364
f 664 364 376
f 664 376 384
f 664 384 388
f 665 388 392
f 665 664 388
f 666 392 396
f 666 396 400
f 666 400 404
f 666 404 422
f 666 665 392
f 666 655 658
f 666 422 655
f 667 664 665
f 667 666 658
f 667 360 664
f 667 658 659
f 667 665 666
f 668 628 360
f 668 659 663
f 668 360 667
f 668 667 659
f 669 670 628
f 669 671 670
f 669 672 671
f 669 673 672
f 669 628 668
f 674 675 673
f 674 673 669
f 674 669 668
f 676 677 675
f 676 678 677
f 676 679 678
f 676 662 679
f 676 663 660
f 676 660 662
f 676 668 663
f 676 675 674
f 676 674 668
f 680 183 196
f 681 682 183
f 681 183 680
f 683 196 200
f 683 200 207
f 683 207 231
f 683 231 240
f 683 680 196
f 684 685 682
f 684 682 681
f 686 680 683
f 686 681 680
f 686 683 240
f 687 688 685
f 687 689 688
f 687 681 686
f 687 684 681
f 687 685 684
f 690 240 632
f 690 691 689
f 690 632 691
f 690 687 686
f 690 686 240
f 690 689 687
f 692 426 425
f 693 425 433
f 693 433 439
f 693 439 443
f 693 692 425
f 694 657 426
f 694 426 692
f 695 443 696
f 695 693 443
f 695 692 693
f 695 694 692
f 697 698 657
f 697 657 694
f 699 700 698
f 699 701 700
f 699 696 701
f 699 694 695
f 699 695 696
f 699 698 697
f 699 697 694
f 702 184 183
f 702 703 184
f 704 705 184
f 704 184 703
f 706 704 703
f 706 702 183
f 706 703 702
f 707 705 704
f 708 682 705
f 708 704 706
f 708 705 707
f 708 707 704
f 709 183 682
f 709 706 183
f 709 682 708
f 709 708 706
f 710 443 442
f 710 711 443
f 712 696 443
f 712 443 711
f 713 712 711
f 713 710 442
f 713 711 710
f 714 696 712
f 715 716 696
f 715 712 713
f 715 696 714
f 715 714 712
f 717 442 716
f 717 713 442
f 717 716 715
f 717 715 713
f 718 165 164
f 719 164 197
f 719 197 185
f 719 185 184
f 719 718 164
f 720 721 165
f 720 165 718
f 722 184 705
f 722 719 184
f 722 718 719
f 722 720 718
f 723 724 721
f 723 721 720
f 725 726 724
f 725 727 726
f 725 705 727
f 725 720 722
f 725 722 705
f 725 724 723
f 725 723 720
f 728 442 438
f 729 716 442
f 729 442 728
f 730 438 436
f 730 436 432
f 730 432 427
f 730 427 428
f 730 728 438
f 731 732 716
f 731 716 729
f 733 728 730
f 733 730 428
f 733 729 728
f 734 735 732
f 734 736 735
f 734 731 729
f 734 729 733
f 734 732 731
f 737 428 738
f 737 739 736
f 737 738 739
f 737 734 733
f 737 733 428
f 737 736 734
f 740 237 163
f 740 163 165
f 741 165 721
f 741 742 740
f 741 740 165
f 741 743 742
f 744 745 746
f 744 721 745
f 744 747 743
f 744 741 721
f 744 743 741
f 748 205 206
f 748 206 235
f 748 235 229
f 748 229 225
f 748 225 221
f 748 743 205
f 748 742 743
f 749 221 216
f 749 216 210
f 749 210 209
f 749 209 237
f 749 742 748
f 749 748 221
f 749 740 742
f 749 237 740
f 750 751 205
f 750 743 747
f 750 205 743
f 752 753 751
f 752 754 753
f 752 755 754
f 752 756 755
f 752 751 750
f 757 758 756
f 757 752 750
f 757 756 752
f 759 760 758
f 759 761 760
f 759 762 761
f 759 746 762
f 759 750 747
f 759 747 744
f 759 744 746
f 759 758 757
f 759 757 750
f 763 428 421
f 764 738 428
f 764 428 763
f 765 763 766
f 765 764 763
f 767 768 738
f 767 738 764
f 769 767 764
f 769 764 765
f 770 421 403
f 770 403 399
f 770 399 395
f 770 395 391
f 770 763 421
f 770 766 763
f 771 770 391
f 772 391 387
f 772 771 391
f 773 387 383
f 773 383 375
f 773 375 372
f 773 372 378
f 773 772 387
f 774 765 766
f 774 773 378
f 774 771 772
f 774 766 770
f 774 770 771
f 774 772 773
f 775 378 776
f 775 765 774
f 775 769 765
f 775 774 378
f 777 778 768
f 777 779 778
f 777 780 779
f 777 781 780
f 777 768 767
f 777 767 769
f 777 769 775
f 782 783 781
f 782 781 777
f 782 777 775
f 784 785 783
f 784 786 785
f 784 787 786
f 784 776 787
f 784 783 782
f 784 775 776
f 784 782 775
f 788 191 205
f 788 789 191
f 790 791 191
f 790 191 789
f 792 790 789
f 792 788 205
f 792 789 788
f 793 791 790
f 794 751 791
f 794 790 792
f 794 791 793
f 794 793 790
f 795 205 751
f 795 792 205
f 795 751 794
f 795 794 792
f 796 378 377
f 796 797 378
f 798 776 378
f 798 378 797
f 799 798 797
f 799 796 377
f 799 797 796
f 800 776 798
f 801 802 776
f 801 798 799
f 801 776 800
f 801 800 798
f 803 377 802
f 803 799 377
f 803 802 801
f 803 801 799
f 804 130 129
f 805 806 130
f 805 130 804
f 807 804 808
f 807 805 804
f 809 810 806
f 809 806 805
f 811 809 805
f 811 805 807
f 812 129 136
f 812 136 140
f 812 140 144
f 812 144 148
f 812 804 129
f 812 808 804
f 813 812 148
f 814 148 152
f 814 813 148
f 815 152 156
f 815 156 160
f 815 160 190
f 815 190 191
f 815 814 152
f 816 807 808
f 816 815 191
f 816 813 814
f 816 808 812
f 816 812 813
f 816 814 815
f 817 191 791
f 817 807 816
f 817 811 807
f 817 816 191
f 818 819 810
f 818 820 819
f 818 821 820
f 818 822 821
f 818 810 809
f 818 809 811
f 818 811 817
f 823 824 822
f 823 822 818
f 823 818 817
f 825 826 824
f 825 827 826
f 825 828 827
f 825 791 828
f 825 824 823
f 825 817 791
f 825 823 817
f 829 418 424
f 829 424 430
f 830 430 831
f 830 832 829
f 830 829 430
f 830 833 832
f 834 835 836
f 834 831 835
f 834 837 833
f 834 830 831
f 834 833 830
f 838 377 374
f 838 374 381
f 838 381 385
f 838 385 389
f 838 389 393
f 838 833 377
f 838 832 833
f 839 393 397
f 839 397 401
f 839 401 409
f 839 409 418
f 839 832 838
f 839 838 393
f 839 829 832
f 839 418 829
f 840 802 377
f 840 833 837
f 840 377 833
f 841 842 802
f 841 843 842
f 841 844 843
f 841 845 844
f 841 802 840
f 846 847 845
f 846 841 840
f 846 845 841
f 848 849 847
f 848 850 849
f 848 851 850
f 848 836 851
f 848 840 837
f 848 837 834
f 848 834 836
f 848 847 846
f 848 846 840
f 852 76 118
f 853 854 76
f 853 76 852
f 855 118 120
f 855 120 124
f 855 852 118
f 856 124 126
f 856 126 130
f 856 855 124
f 857 858 854
f 857 854 853
f 859 852 855
f 859 853 852
f 860 130 806
f 860 859 855
f 860 856 130
f 860 855 856
f 861 862 858
f 861 863 862
f 861 858 857
f 861 853 859
f 861 857 853
f 864 865 863
f 864 806 865
f 864 860 806
f 864 863 861
f 864 859 860
f 864 861 859
f 866 430 429
f 867 429 434
f 867 434 440
f 867 440 444
f 867 866 429
f 868 831 430
f 868 430 866
f 869 444 870
f 869 867 444
f 869 866 867
f 869 868 866
f 871 872 831
f 871 831 868
f 873 874 872
f 873 875 874
f 873 870 875
f 873 868 869
f 873 869 870
f 873 872 871
f 873 871 868
f 876 77 76
f 876 877 77
f 878 879 77
f 878 77 877
f 880 878 877
f 880 876 76
f 880 877 876
f 881 879 878
f 882 854 879
f 882 878 880
f 882 879 881
f 882 881 878
f 883 76 854
f 883 880 76
f 883 854 882
f 883 882 880
f 884 444 441
f 884 885 444
f 886 870 444
f 886 444 885
f 887 886 885
f 887 884 441
f 887 885 884
f 888 870 886
f 889 890 870
f 889 886 887
f 889 870 888
f 889 888 886
f 891 441 890
f 891 887 441
f 891 890 889
f 891 889 887
f 892 110 109
f 893 109 119
f 893 119 78
f 893 78 77
f 893 892 109
f 894 895 110
f 894 110 892
f 896 77 879
f 896 893 77
f 896 892 893
f 896 894 892
f 897 898 895
f 897 895 894
f 899 900 898
f 899 901 900
f 899 879 901
f 899 894 896
f 899 896 879
f 899 898 897
f 899 897 894
f 902 890 441
f 903 441 437
f 903 437 435
f 903 435 431
f 903 902 441
f 904 431 419
f 904 419 420
f 904 903 431
f 905 906 890
f 905 890 902
f 907 902 903
f 908 420 909
f 908 907 903
f 908 904 420
f 908 903 904
f 910 911 906
f 910 912 911
f 910 902 907
f 910 905 902
f 910 906 905
f 913 914 912
f 913 909 914
f 913 912 910
f 913 908 909
f 913 907 908
f 913 910 907
f 915 131 108
f 915 108 110
f 916 110 895
f 916 917 915
f 916 915 110
f 916 918 917
f 919 920 921
f 919 895 920
f 919 922 918
f 919 916 895
f 919 918 916
f 923 179 161
f 923 161 157
f 923 157 153
f 923 153 149
f 924 149 145
f 924 923 149
f 925 145 141
f 925 141 137
f 925 137 132
f 925 132 131
f 925 924 145
f 925 915 917
f 925 131 915
f 926 927 179
f 926 923 924
f 926 925 917
f 926 179 923
f 926 917 918
f 926 924 925
f 928 929 927
f 928 930 929
f 928 931 930
f 928 932 931
f 928 918 922
f 928 927 926
f 928 926 918
f 933 934 932
f 933 932 928
f 933 928 922
f 935 936 934
f 935 937 936
f 935 938 937
f 935 921 938
f 935 922 919
f 935 919 921
f 935 934 933
f 935 933 922
f 939 420 410
f 940 909 420
f 940 420 939
f 941 939 942
f 941 940 939
f 943 944 909
f 943 909 940
f 945 943 940
f 945 940 941
f 946 410 402
f 946 402 398
f 946 398 394
f 946 394 390
f 946 939 410
f 946 942 939
f 947 946 390
f 948 390 386
f 948 947 390
f 949 386 382
f 949 382 365
f 949 365 363
f 949 363 359
f 949 948 386
f 950 941 942
f 950 949 359
f 950 947 948
f 950 942 946
f 950 946 947
f 950 948 949
f 951 359 952
f 951 941 950
f 951 945 941
f 951 950 359
f 953 954 944
f 953 955 954
f 953 956 955
f 953 957 956
f 953 944 943
f 953 943 945
f 953 945 951
f 958 959 957
f 958 957 953
f 958 953 951
f 960 961 959
f 960 962 961
f 960 963 962
f 960 952 963
f 960 959 958
f 960 951 952
f 960 958 951
f 964 178 179
f 964 965 178
f 966 967 178
f 966 178 965
f 968 966 965
f 968 964 179
f 968 965 964
f 969 967 966
f 970 927 967
f 970 966 968
f 970 967 969
f 970 969 966
f 971 179 927
f 971 968 179
f 971 927 970
f 971 970 968
f 972 359 347
f 972 973 359
f 974 952 359
f 974 359 973
f 975 974 973
f 975 972 347
f 975 973 972
f 976 952 974
f 977 978 952
f 977 974 975
f 977 952 976
f 977 976 974
f 979 347 978
f 979 975 347
f 979 978 977
f 979 977 975
f 980 73 71
f 981 982 73
f 981 73 980
f 983 980 984
f 983 981 980
f 985 986 982
f 985 982 981
f 987 985 981
f 987 981 983
f 988 71 81
f 988 81 85
f 988 85 89
f 988 89 93
f 988 980 71
f 988 984 980
f 989 988 93
f 990 93 97
f 990 989 93
f 991 97 101
f 991 101 105
f 991 105 177
f 991 177 178
f 991 990 97
f 992 983 984
f 992 991 178
f 992 989 990
f 992 984 988
f 992 988 989
f 992 990 991
f 993 178 967
f 993 983 992
f 993 987 983
f 993 992 178
f 994 995 986
f 994 996 995
f 994 997 996
f 994 998 997
f 994 986 985
f 994 985 987
f 994 987 993
f 999 1000 998
f 999 998 994
f 999 994 993
f 1001 1002 1000
f 1001 1003 1002
f 1001 1004 1003
f 1001 967 1004
f 1001 1000 999
f 1001 993 967
f 1001 999 993
f 1005 356 362
f 1005 362 370
f 1006 370 1007
f 1006 1008 1005
f 1006 1005 370
f 1006 1009 1008
f 1010 1011 1012
f 1010 1007 1011
f 1010 1013 1009
f 1010 1006 1007
f 1010 1009 1006
f 1014 347 339
f 1014 339 333
f 1014 333 323
f 1014 323 331
f 1015 331 337
f 1015 1014 331
f 1016 337 343
f 1016 343 351
f 1016 351 355
f 1016 355 356
f 1016 1015 337
f 1016 1005 1008
f 1016 356 1005
f 1017 1014 1015
f 1017 1016 1008
f 1017 347 1014
f 1017 1008 1009
f 1017 1015 1016
f 1018 978 347
f 1018 1009 1013
f 1018 347 1017
f 1018 1017 1009
f 1019 1020 978
f 1019 1021 1020
f 1019 1022 1021
f 1019 1023 1022
f 1019 978 1018
f 1024 1025 1023
f 1024 1023 1019
f 1024 1019 1018
f 1026 1027 1025
f 1026 1028 1027
f 1026 1029 1028
f 1026 1012 1029
f 1026 1013 1010
f 1026 1010 1012
f 1026 1018 1013
f 1026 1025 1024
f 1026 1024 1018
f 1030 1031 48
f 1032 48 54
f 1032 54 56
f 1032 56 60
f 1032 1030 48
f 1033 60 68
f 1033 68 73
f 1033 1032 60
f 1034 1035 1031
f 1034 1031 1030
f 1036 1030 1032
f 1037 73 982
f 1037 1036 1032
f 1037 1033 73
f 1037 1032 1033
f 1038 1039 1035
f 1038 1040 1039
f 1038 1030 1036
f 1038 1034 1030
f 1038 1035 1034
f 1041 1042 1040
f 1041 982 1042
f 1041 1037 982
f 1041 1040 1038
f 1041 1036 1037
f 1041 1038 1036
f 1043 370 369
f 1044 369 405
f 1044 405 413
f 1044 413 415
f 1044 1043 369
f 1045 1007 370
f 1045 370 1043
f 1046 415 1047
f 1046 1044 415
f 1046 1043 1044
f 1046 1045 1043
f 1048 1049 1007
f 1048 1007 1045
f 1050 1051 1049
f 1050 1052 1051
f 1050 1047 1052
f 1050 1045 1046
f 1050 1046 1047
f 1050 1049 1048
f 1050 1048 1045
f 1053 49 48
f 1053 1054 49
f 1055 1056 49
f 1055 49 1054
f 1057 1055 1054
f 1057 1053 48
f 1057 1054 1053
f 1058 1056 1055
f 1059 1031 1056
f 1059 1055 1057
f 1059 1056 1058
f 1059 1058 1055
f 1060 48 1031
f 1060 1057 48
f 1060 1031 1059
f 1060 1059 1057
f 1061 415 414
f 1061 1062 415
f 1063 1047 415
f 1063 415 1062
f 1064 1063 1062
f 1064 1061 414
f 1064 1062 1061
f 1065 1047 1063
f 1066 1067 1047
f 1066 1063 1064
f 1066 1047 1065
f 1066 1065 1063
f 1068 414 1067
f 1068 1064 414
f 1068 1067 1066
f 1068 1066 1064
f 1069 65 61
f 1070 61 55
f 1070 55 47
f 1070 47 49
f 1070 1069 61
f 1071 1072 65
f 1071 65 1069
f 1073 49 1056
f 1073 1070 49
f 1073 1069 1070
f 1073 1071 1069
f 1074 1075 1072
f 1074 1072 1071
f 1076 1077 1075
f 1076 1078 1077
f 1076 1056 1078
f 1076 1071 1073
f 1076 1073 1056
f 1076 1075 1074
f 1076 1074 1071
f 1079 414 407
f 1080 1067 414
f 1080 414 1079
f 1081 407 406
f 1081 406 371
f 1081 1079 407
f 1082 371 317
f 1082 317 319
f 1082 1081 371
f 1083 1084 1067
f 1083 1067 1080
f 1085 1079 1081
f 1085 1080 1079
f 1086 319 1087
f 1086 1085 1081
f 1086 1082 319
f 1086 1081 1082
f 1088 1089 1084
f 1088 1090 1089
f 1088 1084 1083
f 1088 1080 1085
f 1088 1083 1080
f 1091 1092 1090
f 1091 1087 1092
f 1091 1086 1087
f 1091 1090 1088
f 1091 1085 1086
f 1091 1088 1085
f 1093 72 64
f 1093 64 65
f 1094 65 1072
f 1094 1095 1093
f 1094 1093 65
f 1094 1096 1095
f 1097 1098 1099
f 1097 1072 1098
f 1097 1100 1096
f 1097 1094 1072
f 1097 1096 1094
f 1101 172 106
f 1101 106 102
f 1101 102 98
f 1101 98 94
f 1102 94 90
f 1102 1101 94
f 1103 90 86
f 1103 86 82
f 1103 82 74
f 1103 74 72
f 1103 1102 90
f 1103 1093 1095
f 1103 72 1093
f 1104 1105 172
f 1104 1102 1103
f 1104 1103 1095
f 1104 1101 1102
f 1104 172 1101
f 1104 1095 1096
f 1106 1107 1105
f 1106 1108 1107
f 1106 1109 1108
f 1106 1110 1109
f 1106 1096 1100
f 1106 1104 1096
f 1106 1105 1104
f 1111 1112 1110
f 1111 1110 1106
f 1111 1106 1100
f 1113 1114 1112
f 1113 1115 1114
f 1113 1116 1115
f 1113 1099 1116
f 1113 1100 1097
f 1113 1097 1099
f 1113 1112 1111
f 1113 1111 1100
f 1117 319 318
f 1118 1087 319
f 1118 319 1117
f 1119 1117 1120
f 1119 1118 1117
f 1121 1122 1087
f 1121 1087 1118
f 1123 1121 1118
f 1123 1118 1119
f 1124 318 352
f 1124 352 344
f 1124 344 338
f 1124 338 332
f 1124 1117 318
f 1124 1120 1117
f 1125 1124 332
f 1126 332 325
f 1126 1125 332
f 1127 325 324
f 1127 324 315
f 1127 315 313
f 1127 313 311
f 1127 1126 325
f 1128 1119 1120
f 1128 1127 311
f 1128 1125 1126
f 1128 1120 1124
f 1128 1124 1125
f 1128 1126 1127
f 1129 311 1130
f 1129 1119 1128
f 1129 1123 1119
f 1129 1128 311
f 1131 1132 1122
f 1131 1133 1132
f 1131 1134 1133
f 1131 1135 1134
f 1131 1122 1121
f 1131 1121 1123
f 1131 1123 1129
f 1136 1137 1135
f 1136 1135 1131
f 1136 1131 1129
f 1138 1139 1137
f 1138 1140 1139
f 1138 1141 1140
f 1138 1130 1141
f 1138 1137 1136
f 1138 1129 1130
f 1138 1136 1129
f 1142 170 172
f 1142 1143 170
f 1144 1145 170
f 1144 170 1143
f 1146 1144 1143
f 1146 1142 172
f 1146 1143 1142
f 1147 1145 1144
f 1148 1105 1145
f 1148 1144 1146
f 1148 1145 1147
f 1148 1147 1144
f 1149 172 1105
f 1149 1146 172
f 1149 1105 1148
f 1149 1148 1146
f 1150 311 289
f 1150 1151 311
f 1152 1130 311
f 1152 311 1151
f 1153 1152 1151
f 1153 1150 289
f 1153 1151 1150
f 1154 1130 1152
f 1155 1156 1130
f 1155 1152 1153
f 1155 1130 1154
f 1155 1154 1152
f 1157 289 1156
f 1157 1153 289
f 1157 1156 1155
f 1157 1155 1153
f 1158 67 66
f 1159 1160 67
f 1159 67 1158
f 1161 1158 1162
f 1161 1159 1158
f 1163 1164 1160
f 1163 1160 1159
f 1165 1163 1159
f 1165 1159 1161
f 1166 66 80
f 1166 80 84
f 1166 84 88
f 1166 88 92
f 1166 1158 66
f 1166 1162 1158
f 1167 1166 92
f 1168 92 96
f 1168 1167 92
f 1169 96 100
f 1169 100 104
f 1169 104 171
f 1169 171 170
f 1169 1168 96
f 1170 1161 1162
f 1170 1169 170
f 1170 1167 1168
f 1170 1162 1166
f 1170 1166 1167
f 1170 1168 1169
f 1171 170 1145
f 1171 1161 1170
f 1171 1165 1161
f 1171 1170 170
f 1172 1173 1164
f 1172 1174 1173
f 1172 1175 1174
f 1172 1176 1175
f 1172 1164 1163
f 1172 1163 1165
f 1172 1165 1171
f 1177 1178 1176
f 1177 1176 1172
f 1177 1172 1171
f 1179 1180 1178
f 1179 1181 1180
f 1179 1182 1181
f 1179 1145 1182
f 1179 1178 1177
f 1179 1171 1145
f 1179 1177 1171
f 1183 290 295
f 1183 295 304
f 1184 304 1185
f 1184 1186 1183
f 1184 1183 304
f 1184 1187 1186
f 1188 1189 1190
f 1188 1185 1189
f 1188 1191 1187
f 1188 1184 1185
f 1188 1187 1184
f 1192 289 285
f 1192 285 284
f 1192 284 278
f 1192 278 274
f 1192 274 266
f 1192 1187 289
f 1192 1186 1187
f 1193 266 272
f 1193 272 280
f 1193 280 287
f 1193 287 290
f 1193 1186 1192
f 1193 1192 266
f 1193 1183 1186
f 1193 290 1183
f 1194 1156 289
f 1194 1187 1191
f 1194 289 1187
f 1195 1196 1156
f 1195 1197 1196
f 1195 1198 1197
f 1195 1199 1198
f 1195 1156 1194
f 1200 1201 1199
f 1200 1195 1194
f 1200 1199 1195
f 1202 1203 1201
f 1202 1204 1203
f 1202 1205 1204
f 1202 1190 1205
f 1202 1194 1191
f 1202 1191 1188
f 1202 1188 1190
f 1202 1201 1200
f 1202 1200 1194
f 1206 51 53
f 1207 1208 51
f 1207 51 1206
f 1209 53 58
f 1209 58 59
f 1209 59 63
f 1209 63 67
f 1209 1206 53
f 1210 1211 1208
f 1210 1208 1207
f 1212 1206 1209
f 1212 1207 1206
f 1212 1209 67
f 1213 1214 1211
f 1213 1215 1214
f 1213 1210 1207
f 1213 1207 1212
f 1213 1211 1210
f 1216 67 1160
f 1216 1217 1215
f 1216 1160 1217
f 1216 1213 1212
f 1216 1212 67
f 1216 1215 1213
f 1218 304 303
f 1219 303 307
f 1219 307 296
f 1219 296 298
f 1219 1218 303
f 1220 1185 304
f 1220 304 1218
f 1221 298 1222
f 1221 1219 298
f 1221 1218 1219
f 1221 1220 1218
f 1223 1224 1185
f 1223 1185 1220
f 1225 1226 1224
f 1225 1227 1226
f 1225 1222 1227
f 1225 1220 1221
f 1225 1221 1222
f 1225 1224 1223
f 1225 1223 1220
f 1228 52 51
f 1228 1229 52
f 1230 1231 52
f 1230 52 1229
f 1232 1230 1229
f 1232 1228 51
f 1232 1229 1228
f 1233 1231 1230
f 1234 1208 1231
f 1234 1230 1232
f 1234 1231 1233
f 1234 1233 1230
f 1235 51 1208
f 1235 1232 51
f 1235 1208 1234
f 1235 1234 1232
f 1236 298 297
f 1236 1237 298
f 1238 1222 298
f 1238 298 1237
f 1239 1238 1237
f 1239 1236 297
f 1239 1237 1236
f 1240 1222 1238
f 1241 1242 1222
f 1241 1238 1239
f 1241 1222 1240
f 1241 1240 1238
f 1243 297 1242
f 1243 1239 297
f 1243 1242 1241
f 1243 1241 1239
f 1244 70 62
f 1245 62 57
f 1245 57 50
f 1245 50 52
f 1245 1244 62
f 1246 1247 70
f 1246 70 1244
f 1248 52 1231
f 1248 1245 52
f 1248 1244 1245
f 1248 1246 1244
f 1249 1250 1247
f 1249 1247 1246
f 1251 1252 1250
f 1251 1253 1252
f 1251 1231 1253
f 1251 1246 1248
f 1251 1248 1231
f 1251 1250 1249
f 1251 1249 1246
f 1254 297 299
f 1255 1242 297
f 1255 297 1254
f 1256 299 308
f 1256 308 305
f 1256 305 260
f 1256 260 262
f 1256 1254 299
f 1257 1258 1242
f 1257 1242 1255
f 1259 1254 1256
f 1259 1255 1254
f 1259 1256 262
f 1260 1261 1258
f 1260 1262 1261
f 1260 1257 1255
f 1260 1255 1259
f 1260 1258 1257
f 1263 262 1264
f 1263 1265 1262
f 1263 1264 1265
f 1263 1260 1259
f 1263 1259 262
f 1263 1262 1260
f 1266 75 69
f 1266 69 70
f 1267 70 1247
f 1267 1268 1266
f 1267 1266 70
f 1267 1269 1268
f 1270 1271 1272
f 1270 1247 1271
f 1270 1273 1269
f 1270 1267 1247
f 1270 1269 1267
f 1274 175 107
f 1274 107 103
f 1274 103 99
f 1274 99 95
f 1275 95 91
f 1275 1274 95
f 1276 91 87
f 1276 87 83
f 1276 83 79
f 1276 79 75
f 1276 1275 91
f 1276 1266 1268
f 1276 75 1266
f 1277 1274 1275
f 1277 1276 1268
f 1277 175 1274
f 1277 1268 1269
f 1277 1275 1276
f 1278 1279 175
f 1278 1269 1273
f 1278 175 1277
f 1278 1277 1269
f 1280 1281 1279
f 1280 1282 1281
f 1280 1283 1282
f 1280 1284 1283
f 1280 1279 1278
f 1285 1286 1284
f 1285 1284 1280
f 1285 1280 1278
f 1287 1288 1286
f 1287 1289 1288
f 1287 1290 1289
f 1287 1272 1290
f 1287 1273 1270
f 1287 1270 1272
f 1287 1278 1273
f 1287 1286 1285
f 1287 1285 1278
f 1291 262 261
f 1292 1264 262
f 1292 262 1291
f 1293 1291 1294
f 1293 1292 1291
f 1295 1296 1264
f 1295 1264 1292
f 1297 1295 1292
f 1297 1292 1293
f 1298 261 281
f 1298 281 273
f 1298 273 268
f 1298 268 267
f 1298 1291 261
f 1298 1294 1291
f 1299 1298 267
f 1300 267 275
f 1300 1299 267
f 1301 275 279
f 1301 279 259
f 1301 259 256
f 1301 256 253
f 1301 1300 275
f 1302 1293 1294
f 1302 1301 253
f 1302 1299 1300
f 1302 1294 1298
f 1302 1298 1299
f 1302 1300 1301
f 1303 253 1304
f 1303 1293 1302
f 1303 1297 1293
f 1303 1302 253
f 1305 1306 1296
f 1305 1307 1306
f 1305 1308 1307
f 1305 1309 1308
f 1305 1296 1295
f 1305 1295 1297
f 1305 1297 1303
f 1310 1311 1309
f 1310 1309 1305
f 1310 1305 1303
f 1312 1313 1311
f 1312 1314 1313
f 1312 1315 1314
f 1312 1304 1315
f 1312 1311 1310
f 1312 1303 1304
f 1312 1310 1303
f 1316 181 175
f 1316 1317 181
f 1318 1319 181
f 1318 181 1317
f 1320 1318 1317
f 1320 1316 175
f 1320 1317 1316
f 1321 1319 1318
f 1322 1279 1319
f 1322 1318 1320
f 1322 1319 1321
f 1322 1321 1318
f 1323 175 1279
f 1323 1320 175
f 1323 1279 1322
f 1323 1322 1320
f 1324 253 251
f 1324 1325 253
f 1326 1304 253
f 1326 253 1325
f 1327 1326 1325
f 1327 1324 251
f 1327 1325 1324
f 1328 1304 1326
f 1329 1330 1304
f 1329 1326 1327
f 1329 1304 1328
f 1329 1328 1326
f 1331 251 1330
f 1331 1327 251
f 1331 1330 1329
f 1331 1329 1327
f 1332 112 111
f 1333 1334 112
f 1333 112 1332
f 1335 1332 1336
f 1335 1333 1332
f 1337 1338 1334
f 1337 1334 1333
f 1339 1337 1333
f 1339 1333 1335
f 1340 111 135
f 1340 135 139
f 1340 139 143
f 1340 143 147
f 1340 1332 111
f 1340 1336 1332
f 1341 1340 147
f 1342 147 151
f 1342 1341 147
f 1343 151 155
f 1343 155 159
f 1343 159 187
f 1343 187 181
f 1343 1342 151
f 1344 1335 1336
f 1344 1343 181
f 1344 1341 1342
f 1344 1336 1340
f 1344 1340 1341
f 1344 1342 1343
f 1345 181 1319
f 1345 1335 1344
f 1345 1339 1335
f 1345 1344 181
f 1346 1347 1338
f 1346 1348 1347
f 1346 1349 1348
f 1346 1350 1349
f 1346 1338 1337
f 1346 1337 1339
f 1346 1339 1345
f 1351 1352 1350
f 1351 1350 1346
f 1351 1346 1345
f 1353 1354 1352
f 1353 1355 1354
f 1353 1356 1355
f 1353 1319 1356
f 1353 1352 1351
f 1353 1345 1319
f 1353 1351 1345
f 1357 230 241
f 1357 241 242
f 1358 242 1359
f 1358 1360 1357
f 1358 1357 242
f 1358 1361 1360
f 1362 1363 1364
f 1362 1359 1363
f 1362 1365 1361
f 1362 1358 1359
f 1362 1361 1358
f 1366 251 244
f 1366 244 238
f 1366 238 232
f 1366 232 226
f 1367 226 222
f 1367 1366 226
f 1368 222 218
f 1368 218 211
f 1368 211 217
f 1368 217 230
f 1368 1367 222
f 1368 1357 1360
f 1368 230 1357
f 1369 1366 1367
f 1369 1368 1360
f 1369 251 1366
f 1369 1360 1361
f 1369 1367 1368
f 1370 1330 251
f 1370 1361 1365
f 1370 251 1369
f 1370 1369 1361
f 1371 1372 1330
f 1371 1373 1372
f 1371 1374 1373
f 1371 1375 1374
f 1371 1330 1370
f 1376 1377 1375
f 1376 1375 1371
f 1376 1371 1370
f 1378 1379 1377
f 1378 1380 1379
f 1378 1381 1380
f 1378 1364 1381
f 1378 1365 1362
f 1378 1362 1364
f 1378 1370 1365
f 1378 1377 1376
f 1378 1376 1370
f 1382 115 117
f 1383 1384 115
f 1383 115 1382
f 1385 117 122
f 1385 122 123
f 1385 1382 117
f 1386 123 113
f 1386 113 112
f 1386 1385 123
f 1387 1388 1384
f 1387 1384 1383
f 1389 1382 1385
f 1389 1383 1382
f 1390 112 1334
f 1390 1389 1385
f 1390 1386 112
f 1390 1385 1386
f 1391 1392 1388
f 1391 1393 1392
f 1391 1388 1387
f 1391 1383 1389
f 1391 1387 1383
f 1394 1395 1393
f 1394 1334 1395
f 1394 1390 1334
f 1394 1393 1391
f 1394 1389 1390
f 1394 1391 1389
f 1396 242 214
f 1397 214 201
f 1397 201 192
f 1397 192 194
f 1397 1396 214
f 1398 1359 242
f 1398 242 1396
f 1399 194 1400
f 1399 1397 194
f 1399 1396 1397
f 1399 1398 1396
f 1401 1402 1359
f 1401 1359 1398
f 1403 1404 1402
f 1403 1405 1404
f 1403 1400 1405
f 1403 1398 1399
f 1403 1399 1400
f 1403 1402 1401
f 1403 1401 1398
f 1406 116 115
f 1406 1407 116
f 1408 1409 116
f 1408 116 1407
f 1410 1408 1407
f 1410 1406 115
f 1410 1407 1406
f 1411 1409 1408
f 1412 1384 1409
f 1412 1408 1410
f 1412 1409 1411
f 1412 1411 1408
f 1413 115 1384
f 1413 1410 115
f 1413 1384 1412
f 1413 1412 1410
f 1414 194 193
f 1414 1415 194
f 1416 1400 194
f 1416 194 1415
f 1417 1416 1415
f 1417 1414 193
f 1417 1415 1414
f 1418 1400 1416
f 1419 1420 1400
f 1419 1416 1417
f 1419 1400 1418
f 1419 1418 1416
f 1421 193 1420
f 1421 1417 193
f 1421 1420 1419
f 1421 1419 1417
f 1422 128 125
f 1423 125 121
f 1423 121 114
f 1423 114 116
f 1423 1422 125
f 1424 1425 128
f 1424 128 1422
f 1426 116 1409
f 1426 1423 116
f 1426 1422 1423
f 1426 1424 1422
f 1427 1428 1425
f 1427 1425 1424
f 1429 1430 1428
f 1429 1431 1430
f 1429 1409 1431
f 1429 1424 1426
f 1429 1426 1409
f 1429 1428 1427
f 1429 1427 1424
f 1432 193 195
f 1433 1420 193
f 1433 193 1432
f 1434 195 202
f 1434 202 203
f 1434 1432 195
f 1435 203 168
f 1435 168 167
f 1435 1434 203
f 1436 1437 1420
f 1436 1420 1433
f 1438 1432 1434
f 1438 1433 1432
f 1439 167 1440
f 1439 1438 1434
f 1439 1435 167
f 1439 1434 1435
f 1441 1442 1437
f 1441 1443 1442
f 1441 1433 1438
f 1441 1437 1436
f 1441 1436 1433
f 1444 1445 1443
f 1444 1440 1445
f 1444 1443 1441
f 1444 1439 1440
f 1444 1438 1439
f 1444 1441 1438
f 1446 133 127
f 1446 127 128
f 1447 128 1425
f 1447 1448 1446
f 1447 1446 128
f 1447 1449 1448
f 1450 1451 1452
f 1450 1425 1451
f 1450 1447 1425
f 1453 188 162
f 1453 162 158
f 1453 158 154
f 1453 154 150
f 1454 150 146
f 1454 1453 150
f 1455 146 142
f 1455 142 138
f 1455 138 134
f 1455 134 133
f 1455 1454 146
f 1455 1446 1448
f 1455 133 1446
f 1456 1457 188
f 1456 1453 1454
f 1456 1455 1448
f 1456 188 1453
f 1456 1448 1449
f 1456 1454 1455
f 1458 1452 1459
f 1458 1450 1452
f 1460 1461 1457
f 1460 1462 1461
f 1463 1456 1449
f 1463 1450 1464
f 1463 1449 1447
f 1463 1447 1450
f 1465 1464 1450
f 1465 1450 1458
f 1465 1463 1464
f 1466 1467 1462
f 1466 1468 1467
f 1466 1469 1468
f 1466 1470 1469
f 1466 1471 1470
f 1466 1459 1471
f 1466 1458 1459
f 1466 1462 1460
f 1466 1460 1458
f 1472 1460 1457
f 1472 1457 1456
f 1472 1456 1463
f 1472 1458 1460
f 1472 1465 1458
f 1472 1463 1465
f 1473 167 166
f 1474 1440 167
f 1474 167 1473
f 1475 1473 1476
f 1475 1474 1473
f 1477 1478 1440
f 1477 1440 1474
f 1479 1477 1474
f 1479 1474 1475
f 1480 166 213
f 1480 213 212
f 1480 212 219
f 1480 219 223
f 1480 1473 166
f 1480 1476 1473
f 1481 1480 223
f 1482 223 227
f 1482 1481 223
f 1483 227 233
f 1483 233 239
f 1483 239 246
f 1483 246 199
f 1483 1482 227
f 1484 1475 1476
f 1484 1483 199
f 1484 1481 1482
f 1484 1476 1480
f 1484 1480 1481
f 1484 1482 1483
f 1485 199 1486
f 1485 1475 1484
f 1485 1479 1475
f 1485 1484 199
f 1487 1488 1478
f 1487 1489 1488
f 1487 1490 1489
f 1487 1491 1490
f 1487 1478 1477
f 1487 1477 1479
f 1487 1479 1485
f 1492 1493 1491
f 1492 1491 1487
f 1492 1487 1485
f 1494 1495 1493
f 1494 1496 1495
f 1494 1497 1496
f 1494 1486 1497
f 1494 1493 1492
f 1494 1485 1486
f 1494 1492 1485
f 1498 199 188
f 1498 1499 199
f 1500 1486 199
f 1500 199 1499
f 1501 1500 1499
f 1501 1498 188
f 1501 1499 1498
f 1502 1486 1500
f 1503 1457 1486
f 1503 1500 1501
f 1503 1486 1502
f 1503 1502 1500
f 1504 188 1457
f 1504 1501 188
f 1504 1457 1503
f 1504 1503 1501
f 1505 310 1506
f 1505 350 310
f 1507 361 350
f 1507 350 1505
f 1508 373 361
f 1508 366 373
f 1508 361 1507
f 1509 366 1508
f 1510 348 366
f 1510 366 1509
f 1511 316 348
f 1511 348 1510
f 1512 312 316
f 1512 316 1511
f 1513 286 312
f 1513 312 1512
f 1514 254 286
f 1514 286 1513
f 1515 250 254
f 1515 254 1514
f 1516 245 250
f 1516 250 1515
f 1517 245 1516
f 1517 198 245
f 1518 198 1517
f 1518 186 198
f 1518 180 186
f 1519 180 1518
f 1520 180 1519
f 1520 174 180
f 1520 169 174
f 1521 169 1520
f 1521 173 169
f 1522 173 1521
f 1522 176 173
f 1523 176 1522
f 1524 176 1523
f 1524 182 176
f 1525 182 1524
f 1525 189 182
f 1525 204 189
f 1526 204 1525
f 1526 247 204
f 1527 247 1526
f 1527 252 247
f 1528 252 1527
f 1528 258 252
f 1529 258 1528
f 1530 288 258
f 1530 258 1529
f 1506 310 288
f 1506 288 1530
f 1531 452 451
f 1531 451 447
f 1532 447 1533
f 1532 1534 1531
f 1532 1531 447
f 1532 1535 1534
f 1536 1537 1538
f 1536 1533 1537
f 1536 1539 1535
f 1536 1532 1533
f 1536 1535 1532
f 1540 10 460
f 1540 460 461
f 1540 461 462
f 1540 462 463
f 1541 463 465
f 1541 1540 463
f 1542 465 467
f 1542 467 468
f 1542 468 469
f 1542 469 452
f 1542 1541 465
f 1542 1531 1534
f 1542 452 1531
f 1543 1540 1541
f 1543 1542 1534
f 1543 10 1540
f 1543 1534 1535
f 1543 1541 1542
f 1544 477 10
f 1544 1535 1539
f 1544 10 1543
f 1544 1543 1535
f 1545 1546 477
f 1545 1547 1546
f 1545 1548 1547
f 1545 1549 1548
f 1545 477 1544
f 1550 1551 1549
f 1550 1549 1545
f 1550 1545 1544
f 1552 1553 1551
f 1552 1554 1553
f 1552 1555 1554
f 1552 1538 1555
f 1552 1539 1536
f 1552 1536 1538
f 1552 1544 1539
f 1552 1551 1550
f 1552 1550 1544
f 1556 1557 1558
f 1559 1560 1561
f 1559 1561 1562
f 1563 1556 1558
f 1564 1556 1563
f 1565 1564 1563
f 1566 1559 1562
f 1566 1562 1567
f 1566 1567 1568
f 1569 1564 1565
f 1569 1570 1564
f 1571 1566 1568
f 1571 1568 1572
f 1573 1574 1570
f 1575 1572 1576
f 1577 1570 1569
f 1577 1573 1570
f 1578 1579 1571
f 1578 1571 1572
f 1578 1572 1575
f 1580 1573 1577
f 1580 1581 1573
f 1580 1577 1582
f 1583 1581 1580
f 1584 1578 1575
f 1585 1586 1587
f 1588 1575 1589
f 1588 1584 1575
f 1590 1583 1580
f 1590 1591 1583
f 1592 1589 1593
f 1592 1588 1589
f 1594 1591 1590
f 1594 1595 1591
f 1596 1593 1597
f 1596 1592 1593
f 1598 1595 1594
f 1598 1599 1595
f 1600 1596 1597
f 1600 1597 1601
f 1602 1599 1598
f 1602 1603 1599
f 1604 1600 1601
f 1604 1601 1605
f 1606 1603 1602
f 1606 1607 1603
f 1608 1604 1605
f 1608 1605 1609
f 1610 1607 1606
f 1610 1611 1607
f 1612 1609 1613
f 1612 1608 1609
f 1614 1611 1610
f 1614 1615 1611
f 1616 1612 1613
f 1617 1618 1619
f 1620 1621 1622
f 1623 1624 1625
f 1623 1625 1626
f 1627 1628 1586
f 1627 1586 1585
f 1629 1628 1627
f 1630 1623 1626
f 1630 1626 1631
f 1630 1631 1632
f 1633 1628 1629
f 1633 1619 1628
f 1634 1630 1632
f 1634 1632 1621
f 1635 1617 1619
f 1635 1619 1633
f 1636 1637 1634
f 1636 1621 1620
f 1636 1634 1621
f 1638 1635 1639
f 1638 1617 1635
f 1638 1640 1641
f 1638 1641 1617
f 1642 1636 1620
f 1643 1620 1644
f 1643 1642 1620
f 1645 1640 1638
f 1645 1646 1640
f 1647 1644 1648
f 1647 1643 1644
f 1649 1646 1645
f 1649 1650 1646
f 1651 1647 1648
f 1651 1648 1652
f 1653 1650 1649
f 1653 1654 1650
f 1655 1651 1652
f 1655 1652 1656
f 1657 1654 1653
f 1657 1658 1654
f 1659 1656 1660
f 1659 1655 1656
f 1661 1658 1657
f 1661 1662 1658
f 1663 1660 1664
f 1663 1659 1660
f 1665 1662 1661
f 1665 1666 1662
f 1667 1664 1668
f 1667 1663 1664
f 1669 1666 1665
f 1669 1670 1666
f 1671 1667 1668
f 1672 1673 1674
f 1675 1676 1677
f 1521 1678 1679
f 1521 1679 1680
f 1522 1521 1680
f 1522 1680 1615
f 1522 1615 1614
f 1520 1616 1613
f 1520 1681 1616
f 1520 1613 1678
f 1520 1678 1521
f 1523 1614 1682
f 1523 1682 1683
f 1523 1683 1684
f 1523 1522 1614
f 1519 1685 1681
f 1519 1681 1520
f 1524 1523 1684
f 1524 1670 1669
f 1524 1684 1670
f 1686 1687 1688
f 1518 1668 1689
f 1518 1689 1685
f 1518 1671 1668
f 1518 1685 1519
f 1518 1690 1671
f 1525 1669 1691
f 1525 1691 1692
f 1525 1524 1669
f 1693 1694 1695
f 1693 1695 1696
f 1697 1698 1687
f 1697 1687 1686
f 1517 1690 1518
f 1517 1699 1690
f 1700 1698 1697
f 1701 1693 1696
f 1701 1696 1702
f 1701 1702 1703
f 1526 1692 1704
f 1526 1704 1705
f 1526 1525 1692
f 1706 1674 1698
f 1706 1698 1700
f 1707 1708 1709
f 1710 1711 1712
f 1713 1703 1676
f 1713 1701 1703
f 1714 1715 1708
f 1714 1708 1707
f 1716 1711 1710
f 1716 1675 1711
f 1717 1710 1712
f 1717 1712 1718
f 1719 1720 1715
f 1719 1715 1714
f 1721 1717 1718
f 1721 1718 1722
f 1723 1720 1719
f 1723 1724 1720
f 1725 1721 1722
f 1725 1722 1726
f 1727 1728 1724
f 1727 1724 1723
f 1729 1675 1716
f 1730 1674 1706
f 1730 1672 1674
f 1731 1725 1726
f 1731 1726 1732
f 1733 1734 1728
f 1733 1728 1727
f 1735 1709 1736
f 1735 1736 1672
f 1735 1672 1730
f 1735 1707 1709
f 1737 1732 1738
f 1737 1731 1732
f 1739 1735 1730
f 1740 1675 1729
f 1740 1713 1676
f 1740 1741 1713
f 1740 1676 1675
f 1742 1705 1734
f 1742 1734 1733
f 1743 1737 1738
f 1516 1699 1517
f 1516 1743 1738
f 1516 1738 1744
f 1516 1744 1699
f 1527 1526 1705
f 1527 1742 1745
f 1527 1745 1746
f 1527 1705 1742
f 1515 1743 1516
f 1515 1747 1743
f 1528 1527 1746
f 1748 1528 1746
f 1749 1747 1515
f 1749 1515 1514
f 1750 1749 1514
f 1751 1529 1528
f 1751 1528 1748
f 1752 1750 1514
f 1753 1754 1755
f 1756 1757 1758
f 1759 1760 1761
f 508 1762 1763
f 509 1762 508
f 509 1764 1762
f 1765 1766 1760
f 1765 1760 1759
f 1767 1759 1761
f 1767 1761 1768
f 507 508 1763
f 507 1763 1769
f 512 1764 509
f 512 1770 1764
f 1771 1768 1772
f 1771 1767 1768
f 1773 1766 1765
f 1773 1774 1766
f 514 1775 1770
f 514 1770 512
f 506 507 1769
f 506 1769 1776
f 1777 1771 1772
f 1777 1772 1752
f 515 1529 1751
f 515 1751 1775
f 515 1775 514
f 1778 1777 1752
f 1778 1514 1513
f 1778 1752 1514
f 516 1529 515
f 1779 1774 1773
f 1779 1755 1774
f 473 1530 1529
f 473 1529 516
f 1780 1778 1513
f 1781 1755 1779
f 1782 1783 1784
f 499 1776 1785
f 499 1785 1757
f 499 506 1776
f 1786 1753 1755
f 1786 1755 1781
f 1787 1788 1789
f 1787 1789 1790
f 1791 1783 1782
f 1791 1792 1783
f 1793 1757 1756
f 1793 495 499
f 1793 499 1757
f 1794 1786 1795
f 1794 1753 1786
f 1794 1796 1753
f 1797 1792 1791
f 1798 1787 1790
f 1798 1790 1799
f 1798 1799 1796
f 1798 1796 1794
f 1800 1793 1756
f 1800 1756 1792
f 1800 1792 1797
f 477 1506 1530
f 477 1530 473
f 1801 1780 1513
f 1801 1513 1512
f 1802 1801 1512
f 1546 1506 477
f 1803 1802 1512
f 1803 1512 1511
f 1804 1805 1806
f 1807 1537 1533
f 1808 1809 1810
f 1811 1548 1549
f 1812 1547 1548
f 1812 1548 1811
f 1813 1814 1809
f 1813 1809 1808
f 1815 1810 1803
f 1815 1808 1810
f 1816 1549 1551
f 1816 1811 1549
f 1817 1547 1812
f 1817 1546 1547
f 1817 1506 1546
f 1818 1819 1814
f 1818 1814 1813
f 1820 1815 1803
f 1820 1803 1511
f 1821 1551 1553
f 1821 1816 1551
f 1822 1506 1817
f 1823 1824 1819
f 1823 1819 1818
f 1825 1553 1554
f 1825 1821 1553
f 1826 1506 1822
f 1826 1505 1506
f 1827 1820 1511
f 1827 1511 1510
f 1828 1829 1824
f 1828 1824 1823
f 1830 1554 1555
f 1830 1825 1554
f 1831 1829 1828
f 1831 1806 1829
f 1832 1806 1831
f 1833 1555 1538
f 1833 1538 1537
f 1833 1830 1555
f 1834 1827 1510
f 1835 1505 1826
f 1835 1507 1505
f 1836 1806 1832
f 1836 1804 1806
f 1837 1834 1510
f 1838 1507 1835
f 1839 1837 1510
f 1839 1510 1509
f 1840 1537 1807
f 1840 1841 1833
f 1840 1833 1537
f 1842 1836 1843
f 1842 1844 1804
f 1842 1804 1836
f 1845 1508 1507
f 1846 1839 1509
f 1847 1838 1848
f 1847 1507 1838
f 1847 1845 1507
f 1849 1846 1509
f 1849 1509 1508
f 1850 1849 1508
f 1850 1508 1845
f 1851 1807 1852
f 1851 1840 1807
f 1853 1839 1846
f 1853 1854 1839
f 1855 1848 1856
f 1855 1847 1848
f 1857 1854 1853
f 1857 1858 1854
f 1859 1855 1856
f 1859 1856 1860
f 1861 1858 1857
f 1861 1862 1858
f 1863 1859 1860
f 1863 1860 1864
f 1865 1862 1861
f 1865 1866 1862
f 1867 1864 1868
f 1867 1863 1864
f 1869 1866 1865
f 1869 1870 1866
f 1871 1867 1868
f 1871 1868 1872
f 1873 1870 1869
f 1873 1874 1870
f 1875 1872 1876
f 1875 1871 1872
f 1877 1878 1879
f 1877 1879 1844
f 1877 1844 1842
f 1880 1851 1852
f 1881 1874 1873
f 1882 1874 1881
f 1883 1852 1884
f 1883 1880 1852
f 1885 1886 1878
f 1885 1878 1877
f 1887 1884 1888
f 1887 1883 1884
f 1889 1886 1885
f 1890 1882 1881
f 1891 1892 1882
f 1893 1876 1894
f 1893 1894 1895
f 1893 1875 1876
f 1896 1882 1890
f 1896 1891 1882
f 1897 1895 1898
f 1899 1900 1893
f 1899 1895 1897
f 1899 1893 1895
f 1901 1896 1902
f 1901 1891 1896
f 1901 1903 1891
f 1904 1897 1905
f 1904 1899 1897
f 1906 1907 1903
f 1906 1903 1901
f 1908 1904 1905
f 1909 1907 1906
f 1910 1905 1911
f 1910 1908 1905
f 1912 1909 1906
f 1913 1909 1912
f 1914 1910 1911
f 1914 1911 1915
f 1916 1913 1912
f 1917 1782 481
f 1918 481 485
f 1918 485 489
f 1918 489 490
f 1918 1917 481
f 1919 490 492
f 1919 492 16
f 1919 1918 490
f 1920 1791 1782
f 1920 1782 1917
f 1921 1917 1918
f 1922 16 495
f 1922 1921 1918
f 1922 1919 16
f 1922 1918 1919
f 1923 1797 1791
f 1923 1800 1797
f 1923 1917 1921
f 1923 1920 1917
f 1923 1791 1920
f 1924 1793 1800
f 1924 495 1793
f 1924 1800 1923
f 1924 1922 495
f 1924 1921 1922
f 1924 1923 1921
f 1925 447 523
f 1926 523 525
f 1926 525 526
f 1926 526 521
f 1926 1925 523
f 1927 1533 447
f 1927 447 1925
f 1928 521 1888
f 1928 1926 521
f 1928 1925 1926
f 1928 1927 1925
f 1929 1807 1533
f 1929 1533 1927
f 1930 1852 1807
f 1930 1884 1852
f 1930 1888 1884
f 1930 1927 1928
f 1930 1928 1888
f 1930 1807 1929
f 1930 1929 1927
f 1931 530 481
f 1931 1932 530
f 1933 1784 530
f 1933 530 1932
f 1934 1933 1932
f 1934 1931 481
f 1934 1932 1931
f 1935 1784 1933
f 1936 1782 1784
f 1936 1933 1934
f 1936 1784 1935
f 1936 1935 1933
f 1937 481 1782
f 1937 1934 481
f 1937 1782 1936
f 1937 1936 1934
f 1938 521 541
f 1938 1939 521
f 1940 1888 521
f 1940 521 1939
f 1941 1940 1939
f 1941 1938 541
f 1941 1939 1938
f 1942 1888 1940
f 1943 1887 1888
f 1943 1940 1941
f 1943 1888 1942
f 1943 1942 1940
f 1944 541 1887
f 1944 1941 541
f 1944 1887 1943
f 1944 1943 1941
f 1945 546 549
f 1946 549 551
f 1946 551 552
f 1946 552 530
f 1946 1945 549
f 1947 1758 546
f 1947 546 1945
f 1948 530 1784
f 1948 1946 530
f 1948 1945 1946
f 1948 1947 1945
f 1949 1756 1758
f 1949 1758 1947
f 1950 1792 1756
f 1950 1783 1792
f 1950 1784 1783
f 1950 1947 1948
f 1950 1948 1784
f 1950 1756 1949
f 1950 1949 1947
f 1951 541 558
f 1952 1887 541
f 1952 541 1951
f 1953 558 563
f 1953 563 564
f 1953 1951 558
f 1954 564 566
f 1954 566 561
f 1954 1953 564
f 1955 1883 1887
f 1955 1887 1952
f 1956 1951 1953
f 1956 1952 1951
f 1957 561 1841
f 1957 1956 1953
f 1957 1954 561
f 1957 1953 1954
f 1958 1880 1883
f 1958 1851 1880
f 1958 1883 1955
f 1958 1952 1956
f 1958 1955 1952
f 1959 1840 1851
f 1959 1841 1840
f 1959 1957 1841
f 1959 1851 1958
f 1959 1956 1957
f 1959 1958 1956
f 1960 573 572
f 1960 572 546
f 1961 578 1962
f 1963 546 1758
f 1963 1962 1960
f 1963 1960 546
f 1963 1961 1962
f 1964 1757 1785
f 1964 1758 1757
f 1964 1965 1961
f 1964 1963 1758
f 1964 1961 1963
f 1966 578 580
f 1966 580 581
f 1966 581 582
f 1966 582 583
f 1966 583 585
f 1966 585 587
f 1966 587 588
f 1966 588 589
f 1966 589 573
f 1966 1962 578
f 1966 1960 1962
f 1966 573 1960
f 1967 1748 578
f 1967 1961 1965
f 1967 578 1961
f 1968 1751 1748
f 1968 1775 1751
f 1968 1770 1775
f 1968 1764 1770
f 1968 1748 1967
f 1969 1762 1764
f 1969 1968 1967
f 1969 1764 1968
f 1970 1763 1762
f 1970 1769 1763
f 1970 1776 1769
f 1970 1785 1776
f 1970 1967 1965
f 1970 1965 1964
f 1970 1969 1967
f 1970 1964 1785
f 1970 1762 1969
f 1971 561 595
f 1972 1841 561
f 1972 561 1971
f 1973 1971 1974
f 1973 1972 1971
f 1975 1833 1841
f 1975 1841 1972
f 1976 1975 1972
f 1976 1972 1973
f 1977 595 603
f 1977 603 604
f 1977 604 605
f 1977 605 606
f 1977 606 608
f 1977 1971 595
f 1977 1974 1971
f 1978 608 610
f 1978 610 611
f 1978 611 612
f 1978 612 601
f 1978 1977 608
f 1979 1977 1978
f 1979 1978 601
f 1979 1973 1974
f 1979 1974 1977
f 1980 601 1826
f 1980 1973 1979
f 1980 1976 1973
f 1980 1979 601
f 1981 1830 1833
f 1981 1825 1830
f 1981 1821 1825
f 1981 1816 1821
f 1981 1833 1975
f 1981 1975 1976
f 1981 1976 1980
f 1982 1816 1981
f 1982 1981 1980
f 1983 1811 1816
f 1983 1816 1982
f 1983 1982 1980
f 1984 1812 1811
f 1984 1817 1812
f 1984 1822 1817
f 1984 1826 1822
f 1984 1980 1826
f 1984 1811 1983
f 1984 1983 1980
f 1985 617 578
f 1985 1986 617
f 1987 1746 617
f 1987 617 1986
f 1988 1987 1986
f 1988 1985 578
f 1988 1986 1985
f 1989 1746 1987
f 1990 1748 1746
f 1990 1987 1988
f 1990 1746 1989
f 1990 1989 1987
f 1991 578 1748
f 1991 1988 578
f 1991 1748 1990
f 1991 1990 1988
f 1992 601 628
f 1992 1993 601
f 1994 1826 601
f 1994 601 1993
f 1995 1994 1993
f 1995 1992 628
f 1995 1993 1992
f 1996 1826 1994
f 1997 1835 1826
f 1997 1994 1995
f 1997 1826 1996
f 1997 1996 1994
f 1998 628 1835
f 1998 1995 628
f 1998 1835 1997
f 1998 1997 1995
f 1999 632 636
f 2000 1739 632
f 2000 632 1999
f 2001 1999 2002
f 2001 2000 1999
f 2003 1735 1739
f 2003 1739 2000
f 2004 2003 2000
f 2004 2000 2001
f 2005 636 645
f 2005 645 646
f 2005 646 647
f 2005 647 648
f 2005 1999 636
f 2005 2002 1999
f 2006 648 650
f 2006 2005 648
f 2007 650 652
f 2007 652 653
f 2007 653 654
f 2007 654 617
f 2007 2006 650
f 2008 2007 617
f 2008 2006 2007
f 2008 2001 2002
f 2008 2002 2005
f 2008 2005 2006
f 2009 617 1746
f 2009 2008 617
f 2009 2001 2008
f 2009 2004 2001
f 2010 1707 1735
f 2010 1714 1707
f 2010 1719 1714
f 2010 1723 1719
f 2010 1735 2003
f 2010 2003 2004
f 2010 2004 2009
f 2011 1723 2010
f 2011 2010 2009
f 2012 1727 1723
f 2012 1723 2011
f 2012 2011 2009
f 2013 1733 1727
f 2013 1742 1733
f 2013 1745 1742
f 2013 1746 1745
f 2013 2009 1746
f 2013 1727 2012
f 2013 2012 2009
f 2014 662 661
f 2014 661 657
f 2015 657 1898
f 2015 2016 2014
f 2015 2014 657
f 2015 2017 2016
f 2018 1895 1894
f 2018 1898 1895
f 2018 2019 2017
f 2018 2015 1898
f 2018 2017 2015
f 2020 628 670
f 2020 670 671
f 2020 671 672
f 2020 672 673
f 2020 673 675
f 2020 2017 628
f 2020 2016 2017
f 2021 675 677
f 2021 677 678
f 2021 678 679
f 2021 679 662
f 2021 2016 2020
f 2021 2020 675
f 2021 2014 2016
f 2021 662 2014
f 2022 1835 628
f 2022 2017 2019
f 2022 628 2017
f 2023 1838 1835
f 2023 1848 1838
f 2023 1856 1848
f 2023 1860 1856
f 2023 1835 2022
f 2024 1864 1860
f 2024 2023 2022
f 2024 1860 2023
f 2025 1868 1864
f 2025 1872 1868
f 2025 1876 1872
f 2025 1894 1876
f 2025 2022 2019
f 2025 2019 2018
f 2025 2018 1894
f 2025 1864 2024
f 2025 2024 2022
f 2026 682 685
f 2027 1686 682
f 2027 682 2026
f 2028 685 688
f 2028 688 689
f 2028 689 691
f 2028 691 632
f 2028 2026 685
f 2029 1697 1686
f 2029 1686 2027
f 2030 2026 2028
f 2030 2027 2026
f 2030 2028 632
f 2031 1700 1697
f 2031 1706 1700
f 2031 2029 2027
f 2031 2027 2030
f 2031 1697 2029
f 2032 632 1739
f 2032 1730 1706
f 2032 1739 1730
f 2032 2031 2030
f 2032 2030 632
f 2032 1706 2031
f 2033 657 698
f 2034 698 700
f 2034 700 701
f 2034 701 696
f 2034 2033 698
f 2035 1898 657
f 2035 657 2033
f 2036 696 1915
f 2036 2034 696
f 2036 2033 2034
f 2036 2035 2033
f 2037 1897 1898
f 2037 1898 2035
f 2038 1905 1897
f 2038 1911 1905
f 2038 1915 1911
f 2038 2035 2036
f 2038 2036 1915
f 2038 1897 2037
f 2038 2037 2035
f 2039 705 682
f 2039 2040 705
f 2041 1688 705
f 2041 705 2040
f 2042 2041 2040
f 2042 2039 682
f 2042 2040 2039
f 2043 1688 2041
f 2044 1686 1688
f 2044 2041 2042
f 2044 1688 2043
f 2044 2043 2041
f 2045 682 1686
f 2045 2042 682
f 2045 1686 2044
f 2045 2044 2042
f 2046 696 716
f 2046 2047 696
f 2048 1915 696
f 2048 696 2047
f 2049 2048 2047
f 2049 2046 716
f 2049 2047 2046
f 2050 1915 2048
f 2051 1914 1915
f 2051 2048 2049
f 2051 1915 2050
f 2051 2050 2048
f 2052 716 1914
f 2052 2049 716
f 2052 1914 2051
f 2052 2051 2049
f 2053 721 724
f 2054 724 726
f 2054 726 727
f 2054 727 705
f 2054 2053 724
f 2055 1673 721
f 2055 721 2053
f 2056 705 1688
f 2056 2054 705
f 2056 2053 2054
f 2056 2055 2053
f 2057 1674 1673
f 2057 1673 2055
f 2058 1698 1674
f 2058 1687 1698
f 2058 1688 1687
f 2058 2055 2056
f 2058 2056 1688
f 2058 1674 2057
f 2058 2057 2055
f 2059 716 732
f 2060 1914 716
f 2060 716 2059
f 2061 732 735
f 2061 735 736
f 2061 736 739
f 2061 739 738
f 2061 2059 732
f 2062 1910 1914
f 2062 1914 2060
f 2063 2059 2061
f 2063 2061 738
f 2063 2060 2059
f 2064 1908 1910
f 2064 1904 1908
f 2064 2062 2060
f 2064 2060 2063
f 2064 1910 2062
f 2065 738 1900
f 2065 1899 1904
f 2065 1900 1899
f 2065 2064 2063
f 2065 2063 738
f 2065 1904 2064
f 2066 746 745
f 2066 745 721
f 2067 721 1673
f 2067 2068 2066
f 2067 2066 721
f 2067 2069 2068
f 2070 1672 1736
f 2070 1673 1672
f 2070 2071 2069
f 2070 2067 1673
f 2070 2069 2067
f 2072 751 753
f 2072 753 754
f 2072 754 755
f 2072 755 756
f 2073 756 758
f 2073 2072 756
f 2074 758 760
f 2074 760 761
f 2074 761 762
f 2074 762 746
f 2074 2073 758
f 2074 2066 2068
f 2074 746 2066
f 2075 2072 2073
f 2075 2074 2068
f 2075 751 2072
f 2075 2068 2069
f 2075 2073 2074
f 2076 1704 751
f 2076 2069 2071
f 2076 751 2075
f 2076 2075 2069
f 2077 1705 1704
f 2077 1734 1705
f 2077 1728 1734
f 2077 1724 1728
f 2077 1704 2076
f 2078 1720 1724
f 2078 1724 2077
f 2078 2077 2076
f 2079 1715 1720
f 2079 1708 1715
f 2079 1709 1708
f 2079 1736 1709
f 2079 2071 2070
f 2079 2070 1736
f 2079 2076 2071
f 2079 1720 2078
f 2079 2078 2076
f 2080 738 768
f 2081 1900 738
f 2081 738 2080
f 2082 2080 2083
f 2082 2081 2080
f 2084 1893 1900
f 2084 1900 2081
f 2085 2084 2081
f 2085 2081 2082
f 2086 768 778
f 2086 778 779
f 2086 779 780
f 2086 780 781
f 2086 2080 768
f 2086 2083 2080
f 2087 781 783
f 2087 2086 781
f 2088 783 785
f 2088 785 786
f 2088 786 787
f 2088 787 776
f 2088 2087 783
f 2089 2087 2088
f 2089 2088 776
f 2089 2082 2083
f 2089 2083 2086
f 2089 2086 2087
f 2090 776 1850
f 2090 2089 776
f 2090 2082 2089
f 2090 2085 2082
f 2091 1875 1893
f 2091 1871 1875
f 2091 1867 1871
f 2091 1863 1867
f 2091 1893 2084
f 2091 2084 2085
f 2091 2085 2090
f 2092 1863 2091
f 2092 2091 2090
f 2093 1859 1863
f 2093 1863 2092
f 2093 2092 2090
f 2094 1855 1859
f 2094 1847 1855
f 2094 1845 1847
f 2094 1850 1845
f 2094 2090 1850
f 2094 1859 2093
f 2094 2093 2090
f 2095 791 751
f 2095 2096 791
f 2097 1692 791
f 2097 791 2096
f 2098 2097 2096
f 2098 2095 751
f 2098 2096 2095
f 2099 1692 2097
f 2100 1704 1692
f 2100 2097 2098
f 2100 1692 2099
f 2100 2099 2097
f 2101 751 1704
f 2101 2098 751
f 2101 1704 2100
f 2101 2100 2098
f 2102 776 802
f 2102 2103 776
f 2104 1850 776
f 2104 776 2103
f 2105 2104 2103
f 2105 2102 802
f 2105 2103 2102
f 2106 1850 2104
f 2107 1849 1850
f 2107 2104 2105
f 2107 1850 2106
f 2107 2106 2104
f 2108 802 1849
f 2108 2105 802
f 2108 1849 2107
f 2108 2107 2105
f 2109 806 810
f 2110 1639 806
f 2110 806 2109
f 2111 2109 2112
f 2111 2110 2109
f 2113 1638 1639
f 2113 1639 2110
f 2114 2113 2110
f 2114 2110 2111
f 2115 810 819
f 2115 819 820
f 2115 820 821
f 2115 821 822
f 2115 2109 810
f 2115 2112 2109
f 2116 822 824
f 2116 2115 822
f 2117 824 826
f 2117 826 827
f 2117 827 828
f 2117 828 791
f 2117 2116 824
f 2118 2116 2117
f 2118 2117 791
f 2118 2111 2112
f 2118 2112 2115
f 2118 2115 2116
f 2119 791 1692
f 2119 2118 791
f 2119 2111 2118
f 2119 2114 2111
f 2120 1645 1638
f 2120 1649 1645
f 2120 1653 1649
f 2120 1657 1653
f 2120 1638 2113
f 2120 2113 2114
f 2120 2114 2119
f 2121 1657 2120
f 2121 2120 2119
f 2122 1661 1657
f 2122 1657 2121
f 2122 2121 2119
f 2123 1665 1661
f 2123 1669 1665
f 2123 1691 1669
f 2123 1692 1691
f 2123 2119 1692
f 2123 1661 2122
f 2123 2122 2119
f 2124 836 835
f 2124 835 831
f 2125 831 1902
f 2125 2126 2124
f 2125 2124 831
f 2125 2127 2126
f 2128 1896 1890
f 2128 1902 1896
f 2128 2129 2127
f 2128 2125 1902
f 2128 2127 2125
f 2130 802 842
f 2130 842 843
f 2130 843 844
f 2130 844 845
f 2130 845 847
f 2130 2127 802
f 2130 2126 2127
f 2131 847 849
f 2131 849 850
f 2131 850 851
f 2131 851 836
f 2131 2124 2126
f 2131 836 2124
f 2131 2126 2130
f 2131 2130 847
f 2132 1849 802
f 2132 2127 2129
f 2132 802 2127
f 2133 1846 1849
f 2133 1853 1846
f 2133 1857 1853
f 2133 1861 1857
f 2133 1849 2132
f 2134 1865 1861
f 2134 2133 2132
f 2134 1861 2133
f 2135 1869 1865
f 2135 1873 1869
f 2135 1881 1873
f 2135 1890 1881
f 2135 2132 2129
f 2135 2129 2128
f 2135 2128 1890
f 2135 1865 2134
f 2135 2134 2132
f 2136 1585 854
f 2137 854 858
f 2137 858 862
f 2137 862 863
f 2137 2136 854
f 2138 863 865
f 2138 865 806
f 2138 2137 863
f 2139 1627 1585
f 2139 1585 2136
f 2140 2136 2137
f 2141 806 1639
f 2141 2140 2137
f 2141 2138 806
f 2141 2137 2138
f 2142 1629 1627
f 2142 1633 1629
f 2142 2136 2140
f 2142 2139 2136
f 2142 1627 2139
f 2143 1635 1633
f 2143 1639 1635
f 2143 1633 2142
f 2143 2141 1639
f 2143 2140 2141
f 2143 2142 2140
f 2144 831 872
f 2145 872 874
f 2145 874 875
f 2145 875 870
f 2145 2144 872
f 2146 1902 831
f 2146 831 2144
f 2147 870 1916
f 2147 2145 870
f 2147 2144 2145
f 2147 2146 2144
f 2148 1901 1902
f 2148 1902 2146
f 2149 1906 1901
f 2149 1912 1906
f 2149 1916 1912
f 2149 2146 2147
f 2149 2147 1916
f 2149 1901 2148
f 2149 2148 2146
f 2150 879 854
f 2150 2151 879
f 2152 1587 879
f 2152 879 2151
f 2153 2152 2151
f 2153 2150 854
f 2153 2151 2150
f 2154 1587 2152
f 2155 1585 1587
f 2155 2152 2153
f 2155 1587 2154
f 2155 2154 2152
f 2156 854 1585
f 2156 2153 854
f 2156 1585 2155
f 2156 2155 2153
f 2157 870 890
f 2157 2158 870
f 2159 1916 870
f 2159 870 2158
f 2160 2159 2158
f 2160 2157 890
f 2160 2158 2157
f 2161 1916 2159
f 2162 1913 1916
f 2162 2159 2160
f 2162 1916 2161
f 2162 2161 2159
f 2163 890 1913
f 2163 2160 890
f 2163 1913 2162
f 2163 2162 2160
f 2164 895 898
f 2165 898 900
f 2165 900 901
f 2165 901 879
f 2165 2164 898
f 2166 1618 895
f 2166 895 2164
f 2167 879 1587
f 2167 2165 879
f 2167 2164 2165
f 2167 2166 2164
f 2168 1619 1618
f 2168 1618 2166
f 2169 1628 1619
f 2169 1586 1628
f 2169 1587 1586
f 2169 2166 2167
f 2169 2167 1587
f 2169 1619 2168
f 2169 2168 2166
f 2170 1913 890
f 2171 890 906
f 2171 906 911
f 2171 911 912
f 2171 2170 890
f 2172 912 914
f 2172 914 909
f 2172 2171 912
f 2173 1909 1913
f 2173 1913 2170
f 2174 2170 2171
f 2175 909 1892
f 2175 2174 2171
f 2175 2172 909
f 2175 2171 2172
f 2176 1907 1909
f 2176 1903 1907
f 2176 2170 2174
f 2176 2173 2170
f 2176 1909 2173
f 2177 1891 1903
f 2177 1892 1891
f 2177 2175 1892
f 2177 1903 2176
f 2177 2174 2175
f 2177 2176 2174
f 2178 921 920
f 2178 920 895
f 2179 895 1618
f 2179 2180 2178
f 2179 2178 895
f 2179 2181 2180
f 2182 1617 1641
f 2182 1618 1617
f 2182 2183 2181
f 2182 2179 1618
f 2182 2181 2179
f 2184 927 929
f 2184 929 930
f 2184 930 931
f 2184 931 932
f 2185 932 934
f 2185 2184 932
f 2186 934 936
f 2186 936 937
f 2186 937 938
f 2186 938 921
f 2186 2185 934
f 2186 2178 2180
f 2186 921 2178
f 2187 1684 927
f 2187 2184 2185
f 2187 2186 2180
f 2187 927 2184
f 2187 2180 2181
f 2187 2185 2186
f 2188 1670 1684
f 2188 1666 1670
f 2188 1662 1666
f 2188 1658 1662
f 2188 2181 2183
f 2188 1684 2187
f 2188 2187 2181
f 2189 1654 1658
f 2189 1658 2188
f 2189 2188 2183
f 2190 1650 1654
f 2190 1646 1650
f 2190 1640 1646
f 2190 1641 1640
f 2190 2183 2182
f 2190 2182 1641
f 2190 1654 2189
f 2190 2189 2183
f 2191 909 944
f 2192 1892 909
f 2192 909 2191
f 2193 2191 2194
f 2193 2192 2191
f 2195 1882 1892
f 2195 2192 2193
f 2195 1892 2192
f 2196 2195 2193
f 2197 944 954
f 2197 954 955
f 2197 955 956
f 2197 956 957
f 2197 2191 944
f 2197 2194 2191
f 2198 957 959
f 2198 2197 957
f 2199 959 961
f 2199 961 962
f 2199 962 963
f 2199 963 952
f 2199 2198 959
f 2200 2199 952
f 2200 2198 2199
f 2200 2193 2194
f 2200 2194 2197
f 2200 2197 2198
f 2201 952 1834
f 2201 2200 952
f 2201 2193 2200
f 2201 2196 2193
f 2202 1874 1882
f 2202 1870 1874
f 2202 1866 1870
f 2202 1862 1866
f 2202 1882 2195
f 2202 2195 2196
f 2202 2196 2201
f 2203 1862 2202
f 2203 2202 2201
f 2204 1858 1862
f 2204 1862 2203
f 2204 2203 2201
f 2205 1854 1858
f 2205 1839 1854
f 2205 1837 1839
f 2205 1834 1837
f 2205 2201 1834
f 2205 1858 2204
f 2205 2204 2201
f 2206 967 927
f 2206 2207 967
f 2208 1683 967
f 2208 967 2207
f 2209 2208 2207
f 2209 2206 927
f 2209 2207 2206
f 2210 1683 2208
f 2211 1684 1683
f 2211 2208 2209
f 2211 1683 2210
f 2211 2210 2208
f 2212 927 1684
f 2212 2209 927
f 2212 1684 2211
f 2212 2211 2209
f 2213 952 978
f 2213 2214 952
f 2215 1834 952
f 2215 952 2214
f 2216 2215 2214
f 2216 2213 978
f 2216 2214 2213
f 2217 1834 2215
f 2218 1827 1834
f 2218 2215 2216
f 2218 1834 2217
f 2218 2217 2215
f 2219 978 1827
f 2219 2216 978
f 2219 1827 2218
f 2219 2218 2216
f 2220 982 986
f 2221 1582 982
f 2221 982 2220
f 2222 2220 2223
f 2222 2221 2220
f 2224 1580 1582
f 2224 1582 2221
f 2225 2224 2221
f 2225 2221 2222
f 2226 986 995
f 2226 995 996
f 2226 996 997
f 2226 997 998
f 2226 2220 986
f 2226 2223 2220
f 2227 998 1000
f 2227 2226 998
f 2228 1000 1002
f 2228 1002 1003
f 2228 1003 1004
f 2228 1004 967
f 2228 2227 1000
f 2229 2227 2228
f 2229 2228 967
f 2229 2222 2223
f 2229 2223 2226
f 2229 2226 2227
f 2230 967 1683
f 2230 2229 967
f 2230 2222 2229
f 2230 2225 2222
f 2231 1590 1580
f 2231 1594 1590
f 2231 1598 1594
f 2231 1602 1598
f 2231 1580 2224
f 2231 2224 2225
f 2231 2225 2230
f 2232 1602 2231
f 2232 2231 2230
f 2233 1606 1602
f 2233 1602 2232
f 2233 2232 2230
f 2234 1610 1606
f 2234 1614 1610
f 2234 1682 1614
f 2234 1683 1682
f 2234 2230 1683
f 2234 1606 2233
f 2234 2233 2230
f 2235 1012 1011
f 2235 1011 1007
f 2236 1007 1843
f 2236 2235 1007
f 2237 1836 1832
f 2237 1843 1836
f 2237 2238 2239
f 2237 2236 1843
f 2237 2239 2236
f 2240 1029 1012
f 2240 2235 2241
f 2240 1012 2235
f 2240 2241 2242
f 2243 1827 978
f 2243 2239 2238
f 2244 1820 1827
f 2244 1815 1820
f 2244 1808 1815
f 2244 1813 1808
f 2244 1827 2243
f 2245 1818 1813
f 2245 2244 2243
f 2245 1813 2244
f 2246 1823 1818
f 2246 1828 1823
f 2246 1831 1828
f 2246 1832 1831
f 2246 2243 2238
f 2246 2238 2237
f 2246 2237 1832
f 2246 1818 2245
f 2246 2245 2243
f 2247 978 1020
f 2247 1020 1021
f 2247 2240 2242
f 2248 1021 1022
f 2248 1022 1023
f 2248 1023 1025
f 2248 1025 1027
f 2248 1027 1028
f 2248 1028 1029
f 2248 1029 2240
f 2248 2247 1021
f 2248 2240 2247
f 2249 2241 2235
f 2249 2239 2243
f 2249 978 2247
f 2249 2236 2239
f 2249 2235 2236
f 2249 2243 978
f 2249 2242 2241
f 2249 2247 2242
f 2250 1031 1035
f 2251 1558 1031
f 2251 1031 2250
f 2252 1035 1039
f 2252 1039 1040
f 2252 2250 1035
f 2253 1040 1042
f 2253 1042 982
f 2253 2252 1040
f 2254 1563 1558
f 2254 1558 2251
f 2255 2250 2252
f 2255 2251 2250
f 2256 982 1582
f 2256 2255 2252
f 2256 2253 982
f 2256 2252 2253
f 2257 1565 1563
f 2257 1569 1565
f 2257 1563 2254
f 2257 2251 2255
f 2257 2254 2251
f 2258 1577 1569
f 2258 1582 1577
f 2258 2256 1582
f 2258 1569 2257
f 2258 2255 2256
f 2258 2257 2255
f 2259 1007 1049
f 2260 1049 1051
f 2260 1051 1052
f 2260 1052 1047
f 2260 2259 1049
f 2261 1843 1007
f 2261 1007 2259
f 2262 1047 1889
f 2262 2260 1047
f 2262 2259 2260
f 2262 2261 2259
f 2263 1842 1843
f 2263 1843 2261
f 2264 1877 1842
f 2264 1885 1877
f 2264 1889 1885
f 2264 2261 2262
f 2264 2262 1889
f 2264 1842 2263
f 2264 2263 2261
f 2265 1056 1031
f 2265 2266 1056
f 2267 1557 1056
f 2267 1056 2266
f 2268 2267 2266
f 2268 2265 1031
f 2268 2266 2265
f 2269 1557 2267
f 2270 1558 1557
f 2270 2267 2268
f 2270 1557 2269
f 2270 2269 2267
f 2271 1031 1558
f 2271 2268 1031
f 2271 1558 2270
f 2271 2270 2268
f 2272 1047 1067
f 2272 2273 1047
f 2274 1889 1047
f 2274 1047 2273
f 2275 2274 2273
f 2275 2272 1067
f 2275 2273 2272
f 2276 1889 2274
f 2277 1886 1889
f 2277 2274 2275
f 2277 1889 2276
f 2277 2276 2274
f 2278 1067 1886
f 2278 2275 1067
f 2278 1886 2277
f 2278 2277 2275
f 2279 1072 1075
f 2280 1075 1077
f 2280 1077 1078
f 2280 1078 1056
f 2280 2279 1075
f 2281 1574 1072
f 2281 1072 2279
f 2282 1056 1557
f 2282 2280 1056
f 2282 2279 2280
f 2282 2281 2279
f 2283 1570 1574
f 2283 1574 2281
f 2284 1564 1570
f 2284 1556 1564
f 2284 1557 1556
f 2284 2281 2282
f 2284 2282 1557
f 2284 1570 2283
f 2284 2283 2281
f 2285 1067 1084
f 2286 1886 1067
f 2286 1067 2285
f 2287 1084 1089
f 2287 1089 1090
f 2287 2285 1084
f 2288 1090 1092
f 2288 1092 1087
f 2288 2287 1090
f 2289 1878 1886
f 2289 1886 2286
f 2290 2285 2287
f 2290 2286 2285
f 2291 1087 1805
f 2291 2290 2287
f 2291 2288 1087
f 2291 2287 2288
f 2292 1879 1878
f 2292 1844 1879
f 2292 1878 2289
f 2292 2286 2290
f 2292 2289 2286
f 2293 1804 1844
f 2293 1805 1804
f 2293 2291 1805
f 2293 1844 2292
f 2293 2290 2291
f 2293 2292 2290
f 2294 1099 1098
f 2294 1098 1072
f 2295 1072 1574
f 2295 2296 2294
f 2295 2294 1072
f 2295 2297 2296
f 2298 1573 1581
f 2298 1574 1573
f 2298 2299 2297
f 2298 2295 1574
f 2298 2297 2295
f 2300 1105 1107
f 2300 1107 1108
f 2300 1108 1109
f 2300 1109 1110
f 2301 1110 1112
f 2301 2300 1110
f 2302 1112 1114
f 2302 1114 1115
f 2302 1115 1116
f 2302 1116 1099
f 2302 2301 1112
f 2302 2294 2296
f 2302 1099 2294
f 2303 2300 2301
f 2303 2302 2296
f 2303 1105 2300
f 2303 2296 2297
f 2303 2301 2302
f 2304 1680 1105
f 2304 2297 2299
f 2304 1105 2303
f 2304 2303 2297
f 2305 1615 1680
f 2305 1611 1615
f 2305 1607 1611
f 2305 1603 1607
f 2305 1680 2304
f 2306 1599 1603
f 2306 1603 2305
f 2306 2305 2304
f 2307 1595 1599
f 2307 1591 1595
f 2307 1583 1591
f 2307 1581 1583
f 2307 2299 2298
f 2307 2298 1581
f 2307 2304 2299
f 2307 1599 2306
f 2307 2306 2304
f 2308 1087 1122
f 2309 1805 1087
f 2309 1087 2308
f 2310 2308 2311
f 2310 2309 2308
f 2312 1806 1805
f 2312 1805 2309
f 2313 2312 2309
f 2313 2309 2310
f 2314 1122 1132
f 2314 1132 1133
f 2314 1133 1134
f 2314 1134 1135
f 2314 2308 1122
f 2314 2311 2308
f 2315 1135 1137
f 2315 2314 1135
f 2316 1137 1139
f 2316 1139 1140
f 2316 1140 1141
f 2316 1141 1130
f 2316 2315 1137
f 2317 2315 2316
f 2317 2316 1130
f 2317 2310 2311
f 2317 2311 2314
f 2317 2314 2315
f 2318 1130 1801
f 2318 2317 1130
f 2318 2310 2317
f 2318 2313 2310
f 2319 1829 1806
f 2319 1824 1829
f 2319 1819 1824
f 2319 1814 1819
f 2319 1806 2312
f 2319 2312 2313
f 2319 2313 2318
f 2320 1814 2319
f 2320 2319 2318
f 2321 1809 1814
f 2321 1814 2320
f 2321 2320 2318
f 2322 1810 1809
f 2322 1803 1810
f 2322 1802 1803
f 2322 1801 1802
f 2322 2318 1801
f 2322 1809 2321
f 2322 2321 2318
f 2323 1145 1105
f 2323 2324 1145
f 2325 1679 1145
f 2325 1145 2324
f 2326 2325 2324
f 2326 2323 1105
f 2326 2324 2323
f 2327 1679 2325
f 2328 1680 1679
f 2328 2325 2326
f 2328 1679 2327
f 2328 2327 2325
f 2329 1105 1680
f 2329 2326 1105
f 2329 1680 2328
f 2329 2328 2326
f 2330 1130 1156
f 2330 2331 1130
f 2332 1801 1130
f 2332 1130 2331
f 2333 2332 2331
f 2333 2330 1156
f 2333 2331 2330
f 2334 1801 2332
f 2335 1780 1801
f 2335 2332 2333
f 2335 1801 2334
f 2335 2334 2332
f 2336 1156 1780
f 2336 2333 1156
f 2336 1780 2335
f 2336 2335 2333
f 2337 1160 1164
f 2338 1576 1160
f 2338 1160 2337
f 2339 2337 2340
f 2339 2338 2337
f 2341 1575 1576
f 2341 1576 2338
f 2342 2341 2338
f 2342 2338 2339
f 2343 1164 1173
f 2343 1173 1174
f 2343 1174 1175
f 2343 1175 1176
f 2343 2337 1164
f 2343 2340 2337
f 2344 1176 1178
f 2344 2343 1176
f 2345 1178 1180
f 2345 1180 1181
f 2345 1181 1182
f 2345 1182 1145
f 2345 2344 1178
f 2346 2344 2345
f 2346 2345 1145
f 2346 2339 2340
f 2346 2340 2343
f 2346 2343 2344
f 2347 1145 1679
f 2347 2346 1145
f 2347 2339 2346
f 2347 2342 2339
f 2348 1589 1575
f 2348 1593 1589
f 2348 1597 1593
f 2348 1601 1597
f 2348 1575 2341
f 2348 2341 2342
f 2348 2342 2347
f 2349 1601 2348
f 2349 2348 2347
f 2350 1605 1601
f 2350 1601 2349
f 2350 2349 2347
f 2351 1609 1605
f 2351 1613 1609
f 2351 1678 1613
f 2351 1679 1678
f 2351 2347 1679
f 2351 1605 2350
f 2351 2350 2347
f 2352 1190 1189
f 2352 1189 1185
f 2353 1185 1795
f 2353 2354 2352
f 2353 2352 1185
f 2353 2355 2354
f 2356 1786 1781
f 2356 1795 1786
f 2356 2357 2355
f 2356 2353 1795
f 2356 2355 2353
f 2358 1156 1196
f 2358 1196 1197
f 2358 1197 1198
f 2358 1198 1199
f 2359 1199 1201
f 2359 2358 1199
f 2360 1201 1203
f 2360 1203 1204
f 2360 1204 1205
f 2360 1205 1190
f 2360 2359 1201
f 2360 2352 2354
f 2360 1190 2352
f 2361 1780 1156
f 2361 2359 2360
f 2361 2360 2354
f 2361 2358 2359
f 2361 1156 2358
f 2361 2354 2355
f 2362 1778 1780
f 2362 1777 1778
f 2362 1771 1777
f 2362 1767 1771
f 2362 2355 2357
f 2362 2361 2355
f 2362 1780 2361
f 2363 1759 1767
f 2363 1767 2362
f 2363 2362 2357
f 2364 1765 1759
f 2364 1773 1765
f 2364 1779 1773
f 2364 1781 1779
f 2364 2357 2356
f 2364 2356 1781
f 2364 1759 2363
f 2364 2363 2357
f 2365 1208 1211
f 2366 1561 1208
f 2366 1208 2365
f 2367 1211 1214
f 2367 1214 1215
f 2367 1215 1217
f 2367 1217 1160
f 2367 2365 1211
f 2368 1562 1561
f 2368 1561 2366
f 2369 2365 2367
f 2369 2367 1160
f 2369 2366 2365
f 2370 1567 1562
f 2370 1568 1567
f 2370 2368 2366
f 2370 2366 2369
f 2370 1562 2368
f 2371 1160 1576
f 2371 1572 1568
f 2371 1576 1572
f 2371 2370 2369
f 2371 2369 1160
f 2371 1568 2370
f 2372 1185 1224
f 2373 1224 1226
f 2373 1226 1227
f 2373 1227 1222
f 2373 2372 1224
f 2374 1795 1185
f 2374 1185 2372
f 2375 1222 1788
f 2375 2373 1222
f 2375 2372 2373
f 2375 2374 2372
f 2376 1794 1795
f 2376 1795 2374
f 2377 1798 1794
f 2377 1787 1798
f 2377 1788 1787
f 2377 2374 2375
f 2377 2375 1788
f 2377 1794 2376
f 2377 2376 2374
f 2378 1231 1208
f 2378 2379 1231
f 2380 1560 1231
f 2380 1231 2379
f 2381 2380 2379
f 2381 2378 1208
f 2381 2379 2378
f 2382 1560 2380
f 2383 1561 1560
f 2383 2380 2381
f 2383 1560 2382
f 2383 2382 2380
f 2384 1208 1561
f 2384 2381 1208
f 2384 1561 2383
f 2384 2383 2381
f 2385 1222 1242
f 2385 2386 1222
f 2387 1788 1222
f 2387 1222 2386
f 2388 2387 2386
f 2388 2385 1242
f 2388 2386 2385
f 2389 1788 2387
f 2390 1789 1788
f 2390 2387 2388
f 2390 1788 2389
f 2390 2389 2387
f 2391 1242 1789
f 2391 2388 1242
f 2391 1789 2390
f 2391 2390 2388
f 2392 1247 1250
f 2393 1250 1252
f 2393 1252 1253
f 2393 1253 1231
f 2393 2392 1250
f 2394 1579 1247
f 2394 1247 2392
f 2395 1231 1560
f 2395 2393 1231
f 2395 2392 2393
f 2395 2394 2392
f 2396 1571 1579
f 2396 1579 2394
f 2397 1566 1571
f 2397 1559 1566
f 2397 1560 1559
f 2397 2394 2395
f 2397 2395 1560
f 2397 1571 2396
f 2397 2396 2394
f 2398 1242 1258
f 2399 1789 1242
f 2399 1242 2398
f 2400 1258 1261
f 2400 1261 1262
f 2400 1262 1265
f 2400 1265 1264
f 2400 2398 1258
f 2401 1790 1789
f 2401 1789 2399
f 2402 2398 2400
f 2402 2400 1264
f 2402 2399 2398
f 2403 1799 1790
f 2403 1796 1799
f 2403 2401 2399
f 2403 2399 2402
f 2403 1790 2401
f 2404 1264 1754
f 2404 1753 1796
f 2404 1754 1753
f 2404 2403 2402
f 2404 2402 1264
f 2404 1796 2403
f 2405 1272 1271
f 2405 1271 1247
f 2406 1247 1579
f 2406 2407 2405
f 2406 2405 1247
f 2406 2408 2407
f 2409 1578 1584
f 2409 1579 1578
f 2409 2410 2408
f 2409 2406 1579
f 2409 2408 2406
f 2411 1279 1281
f 2411 1281 1282
f 2411 1282 1283
f 2411 1283 1284
f 2412 1284 1286
f 2412 2411 1284
f 2413 1286 1288
f 2413 1288 1289
f 2413 1289 1290
f 2413 1290 1272
f 2413 2412 1286
f 2413 2405 2407
f 2413 1272 2405
f 2414 2412 2413
f 2414 2413 2407
f 2414 2411 2412
f 2414 1279 2411
f 2414 2407 2408
f 2415 1681 1279
f 2415 2408 2410
f 2415 2414 2408
f 2415 1279 2414
f 2416 1616 1681
f 2416 1612 1616
f 2416 1608 1612
f 2416 1604 1608
f 2416 1681 2415
f 2417 1600 1604
f 2417 1604 2416
f 2417 2416 2415
f 2418 1596 1600
f 2418 1592 1596
f 2418 1588 1592
f 2418 1584 1588
f 2418 2410 2409
f 2418 2409 1584
f 2418 2415 2410
f 2418 1600 2417
f 2418 2417 2415
f 2419 1264 1296
f 2420 1754 1264
f 2420 1264 2419
f 2421 2419 2422
f 2421 2420 2419
f 2423 1755 1754
f 2423 1754 2420
f 2424 2423 2420
f 2424 2420 2421
f 2425 1296 1306
f 2425 1306 1307
f 2425 1307 1308
f 2425 1308 1309
f 2425 2419 1296
f 2425 2422 2419
f 2426 1309 1311
f 2426 2425 1309
f 2427 1311 1313
f 2427 1313 1314
f 2427 1314 1315
f 2427 1315 1304
f 2427 2426 1311
f 2428 1304 1749
f 2428 2426 2427
f 2428 2427 1304
f 2428 2421 2422
f 2428 2422 2425
f 2428 2425 2426
f 2429 2428 1749
f 2429 2421 2428
f 2429 2424 2421
f 2430 1774 1755
f 2430 1766 1774
f 2430 1760 1766
f 2430 1761 1760
f 2430 1755 2423
f 2430 2423 2424
f 2430 2424 2429
f 2431 1761 2430
f 2431 2430 2429
f 2432 1768 1761
f 2432 1761 2431
f 2432 2431 2429
f 2433 1772 1768
f 2433 1752 1772
f 2433 1750 1752
f 2433 1749 1750
f 2433 2429 1749
f 2433 1768 2432
f 2433 2432 2429
f 2434 1319 1279
f 2434 2435 1319
f 2436 1685 1319
f 2436 1319 2435
f 2437 2436 2435
f 2437 2434 1279
f 2437 2435 2434
f 2438 1685 2436
f 2439 1681 1685
f 2439 2436 2437
f 2439 1685 2438
f 2439 2438 2436
f 2440 1279 1681
f 2440 2437 1279
f 2440 1681 2439
f 2440 2439 2437
f 2441 1304 1330
f 2441 2442 1304
f 2443 1749 1304
f 2443 1304 2442
f 2444 2443 2442
f 2444 2441 1330
f 2444 2442 2441
f 2445 1749 2443
f 2446 1747 1749
f 2446 2443 2444
f 2446 1749 2445
f 2446 2445 2443
f 2447 1330 1747
f 2447 2444 1330
f 2447 1747 2446
f 2447 2446 2444
f 2448 1334 1338
f 2449 1622 1334
f 2449 1334 2448
f 2450 2448 2451
f 2450 2449 2448
f 2452 1620 1622
f 2452 1622 2449
f 2453 2452 2449
f 2453 2449 2450
f 2454 1338 1347
f 2454 1347 1348
f 2454 1348 1349
f 2454 1349 1350
f 2454 2448 1338
f 2454 2451 2448
f 2455 1350 1352
f 2455 2454 1350
f 2456 1352 1354
f 2456 1354 1355
f 2456 1355 1356
f 2456 1356 1319
f 2456 2455 1352
f 2457 2455 2456
f 2457 2456 1319
f 2457 2450 2451
f 2457 2451 2454
f 2457 2454 2455
f 2458 1319 1685
f 2458 2457 1319
f 2458 2450 2457
f 2458 2453 2450
f 2459 1644 1620
f 2459 1648 1644
f 2459 1652 1648
f 2459 1656 1652
f 2459 1620 2452
f 2459 2452 2453
f 2459 2453 2458
f 2460 1656 2459
f 2460 2459 2458
f 2461 1660 1656
f 2461 1656 2460
f 2461 2460 2458
f 2462 1664 1660
f 2462 1668 1664
f 2462 1689 1668
f 2462 1685 1689
f 2462 2458 1685
f 2462 1660 2461
f 2462 2461 2458
f 2463 1330 1372
f 2463 1372 1373
f 2463 1373 1374
f 2463 1374 1375
f 2463 1375 1377
f 2463 1377 1379
f 2463 1379 1380
f 2463 1380 1381
f 2464 1381 1364
f 2464 1364 1363
f 2464 1363 1359
f 2464 2463 1381
f 2465 1330 2463
f 2466 1359 1741
f 2466 2463 2464
f 2466 2464 1359
f 2466 2465 2463
f 2467 1740 1729
f 2467 1741 1740
f 2467 2468 2465
f 2467 2466 1741
f 2467 2465 2466
f 2469 1747 1330
f 2469 2465 2468
f 2469 1330 2465
f 2470 1743 1747
f 2470 1737 1743
f 2470 1731 1737
f 2470 1725 1731
f 2470 1747 2469
f 2471 1721 1725
f 2471 2470 2469
f 2471 1725 2470
f 2472 1717 1721
f 2472 1710 1717
f 2472 1716 1710
f 2472 1729 1716
f 2472 2469 2468
f 2472 2471 2469
f 2472 2468 2467
f 2472 2467 1729
f 2472 1721 2471
f 2473 1384 1388
f 2474 1625 1384
f 2474 1384 2473
f 2475 1388 1392
f 2475 1392 1393
f 2475 2473 1388
f 2476 1393 1395
f 2476 1395 1334
f 2476 2475 1393
f 2477 1626 1625
f 2477 1625 2474
f 2478 2473 2475
f 2478 2474 2473
f 2479 1334 1622
f 2479 2478 2475
f 2479 2476 1334
f 2479 2475 2476
f 2480 1631 1626
f 2480 1632 1631
f 2480 1626 2477
f 2480 2474 2478
f 2480 2477 2474
f 2481 1621 1632
f 2481 1622 1621
f 2481 2479 1622
f 2481 1632 2480
f 2481 2478 2479
f 2481 2480 2478
f 2482 1359 1402
f 2483 1402 1404
f 2483 1404 1405
f 2483 1405 1400
f 2483 2482 1402
f 2484 1741 1359
f 2484 1359 2482
f 2485 1400 1694
f 2485 2483 1400
f 2485 2482 2483
f 2485 2484 2482
f 2486 1713 1741
f 2486 1741 2484
f 2487 1701 1713
f 2487 1693 1701
f 2487 1694 1693
f 2487 2484 2485
f 2487 2485 1694
f 2487 1713 2486
f 2487 2486 2484
f 2488 1409 1384
f 2488 2489 1409
f 2490 1624 1409
f 2490 1409 2489
f 2491 2490 2489
f 2491 2488 1384
f 2491 2489 2488
f 2492 1624 2490
f 2493 1625 1624
f 2493 2490 2491
f 2493 1624 2492
f 2493 2492 2490
f 2494 1384 1625
f 2494 2491 1384
f 2494 1625 2493
f 2494 2493 2491
f 2495 1400 1420
f 2495 2496 1400
f 2497 1694 1400
f 2497 1400 2496
f 2498 2497 2496
f 2498 2495 1420
f 2498 2496 2495
f 2499 1694 2497
f 2500 1695 1694
f 2500 2497 2498
f 2500 1694 2499
f 2500 2499 2497
f 2501 1420 1695
f 2501 2498 1420
f 2501 1695 2500
f 2501 2500 2498
f 2502 1425 1428
f 2503 1428 1430
f 2503 1430 1431
f 2503 1431 1409
f 2503 2502 1428
f 2504 1637 1425
f 2504 1425 2502
f 2505 1409 1624
f 2505 2503 1409
f 2505 2502 2503
f 2505 2504 2502
f 2506 1634 1637
f 2506 1637 2504
f 2507 1630 1634
f 2507 1623 1630
f 2507 1624 1623
f 2507 2504 2505
f 2507 2505 1624
f 2507 1634 2506
f 2507 2506 2504
f 2508 1695 1420
f 2509 1420 1437
f 2509 1437 1442
f 2509 1442 1443
f 2509 2508 1420
f 2510 1443 1445
f 2510 1445 1440
f 2510 2509 1443
f 2511 1696 1695
f 2511 1695 2508
f 2512 2508 2509
f 2513 1440 1677
f 2513 2512 2509
f 2513 2510 1440
f 2513 2509 2510
f 2514 1702 1696
f 2514 1703 1702
f 2514 2508 2512
f 2514 2511 2508
f 2514 1696 2511
f 2515 1676 1703
f 2515 1677 1676
f 2515 2513 1677
f 2515 1703 2514
f 2515 2512 2513
f 2515 2514 2512
f 2516 1457 1461
f 2516 1461 1462
f 2516 1462 1467
f 2516 1467 1468
f 2516 1468 1469
f 2516 1469 1470
f 2516 1470 1471
f 2516 1471 1459
f 2517 1459 1452
f 2517 1452 1451
f 2517 1451 1425
f 2517 2516 1459
f 2518 1457 2516
f 2519 1425 1637
f 2519 2516 2517
f 2519 2517 1425
f 2519 2518 2516
f 2520 1636 1642
f 2520 1637 1636
f 2520 2521 2518
f 2520 2519 1637
f 2520 2518 2519
f 2522 1690 1457
f 2522 2518 2521
f 2522 1457 2518
f 2523 1671 1690
f 2523 1667 1671
f 2523 1663 1667
f 2523 1659 1663
f 2523 1690 2522
f 2524 1655 1659
f 2524 1659 2523
f 2524 2523 2522
f 2525 1651 1655
f 2525 1647 1651
f 2525 1643 1647
f 2525 1642 1643
f 2525 2522 2521
f 2525 2524 2522
f 2525 2521 2520
f 2525 2520 1642
f 2525 1655 2524
f 2526 1440 1478
f 2527 1677 1440
f 2527 1440 2526
f 2528 2526 2529
f 2528 2527 2526
f 2530 1675 1677
f 2530 1677 2527
f 2531 2530 2527
f 2531 2527 2528
f 2532 1478 1488
f 2532 1488 1489
f 2532 1489 1490
f 2532 1490 1491
f 2532 2526 1478
f 2532 2529 2526
f 2533 1491 1493
f 2533 2532 1491
f 2534 1493 1495
f 2534 1495 1496
f 2534 1496 1497
f 2534 1497 1486
f 2534 2533 1493
f 2535 2533 2534
f 2535 2534 1486
f 2535 2528 2529
f 2535 2529 2532
f 2535 2532 2533
f 2536 1486 1699
f 2536 2535 1486
f 2536 2528 2535
f 2536 2531 2528
f 2537 1711 1675
f 2537 1712 1711
f 2537 1718 1712
f 2537 1722 1718
f 2537 1675 2530
f 2537 2530 2531
f 2537 2531 2536
f 2538 1722 2537
f 2538 2537 2536
f 2539 1726 1722
f 2539 1722 2538
f 2539 2538 2536
f 2540 1732 1726
f 2540 1738 1732
f 2540 1744 1738
f 2540 1699 1744
f 2540 2536 1699
f 2540 1726 2539
f 2540 2539 2536
f 2541 1486 1457
f 2541 2542 1486
f 2543 1699 1486
f 2543 1486 2542
f 2544 2543 2542
f 2544 2541 1457
f 2544 2542 2541
f 2545 1699 2543
f 2546 1690 1699
f 2546 2543 2544
f 2546 1699 2545
f 2546 2545 2543
f 2547 1457 1690
f 2547 2544 1457
f 2547 1690 2546
f 2547 2546 2544
