ISO-10303-21;
HEADER;
FILE_DESCRIPTION(('Open CASCADE Model'),'2;1');
FILE_NAME('Open CASCADE Shape Model','2026-09-11T12:14:20',('Author'),(
    'Open CASCADE'),'Open CASCADE STEP processor 7.9','Open CASCADE 7.9'
  ,'Unknown');
FILE_SCHEMA((
'AP242_MANAGED_MODEL_BASED_3D_ENGINEERING_MIM_LF {1 0 10303 442 1 1 4 }'
    ));
ENDSEC;
DATA;
#1 = APPLICATION_PROTOCOL_DEFINITION('international standard',
  'ap242_managed_model_based_3d_engineering',2013,#2);
#2 = APPLICATION_CONTEXT('Managed model based 3d engineering');
#3 = SHAPE_DEFINITION_REPRESENTATION(#4,#10);
#4 = PRODUCT_DEFINITION_SHAPE('','',#5);
#5 = PRODUCT_DEFINITION('design','',#6,#9);
#6 = PRODUCT_DEFINITION_FORMATION('','',#7);
#7 = PRODUCT('Planar four-bar linkage with closed loop',
  'Planar four-bar linkage with closed loop','',(#8));
#8 = PRODUCT_CONTEXT('',#2,'mechanical');
#9 = PRODUCT_DEFINITION_CONTEXT('part definition',#2,'design');
#10 = SHAPE_REPRESENTATION('',(#11,#15,#19,#23,#27,#31,#35,#39,#43),#47
  );
#11 = AXIS2_PLACEMENT_3D('',#12,#13,#14);
#12 = CARTESIAN_POINT('',(0.,0.,0.));
#13 = DIRECTION('',(0.,0.,1.));
#14 = DIRECTION('',(1.,0.,-0.));
#15 = AXIS2_PLACEMENT_3D('',#16,#17,#18);
#16 = CARTESIAN_POINT('',(0.,0.,0.));
#17 = DIRECTION('',(0.,0.,1.));
#18 = DIRECTION('',(1.,0.,0.));
#19 = AXIS2_PLACEMENT_3D('',#20,#21,#22);
#20 = CARTESIAN_POINT('',(20.,0.,0.));
#21 = DIRECTION('',(0.,0.,1.));
#22 = DIRECTION('',(1.,0.,0.));
#23 = AXIS2_PLACEMENT_3D('',#24,#25,#26);
#24 = CARTESIAN_POINT('',(61.875,27.321866242993,0.));
#25 = DIRECTION('',(0.,-0.,1.));
#26 = DIRECTION('',(0.625,0.7806247498,0.));
#27 = AXIS2_PLACEMENT_3D('',#28,#29,#30);
#28 = CARTESIAN_POINT('',(40.,0.,0.));
#29 = DIRECTION('',(0.,0.,1.));
#30 = DIRECTION('',(1.,0.,0.));
#31 = AXIS2_PLACEMENT_3D('',#32,#33,#34);
#32 = CARTESIAN_POINT('',(20.,0.,0.));
#33 = DIRECTION('',(0.,-0.,1.));
#34 = DIRECTION('',(0.8375,0.54643732486,0.));
#35 = AXIS2_PLACEMENT_3D('',#36,#37,#38);
#36 = CARTESIAN_POINT('',(0.,0.,0.));
#37 = DIRECTION('',(0.,0.,1.));
#38 = DIRECTION('',(1.,0.,0.));
#39 = AXIS2_PLACEMENT_3D('',#40,#41,#42);
#40 = CARTESIAN_POINT('',(0.,0.,0.));
#41 = DIRECTION('',(0.,0.,1.));
#42 = DIRECTION('',(1.,0.,0.));
#43 = AXIS2_PLACEMENT_3D('',#44,#45,#46);
#44 = CARTESIAN_POINT('',(40.,0.,0.));
#45 = DIRECTION('',(0.,-0.,1.));
#46 = DIRECTION('',(0.625,0.7806247498,0.));
#47 = ( GEOMETRIC_REPRESENTATION_CONTEXT(3) 
GLOBAL_UNCERTAINTY_ASSIGNED_CONTEXT((#51)) GLOBAL_UNIT_ASSIGNED_CONTEXT(
(#48,#49,#50)) REPRESENTATION_CONTEXT('Context #1',
  '3D Context with UNIT and UNCERTAINTY') );
#48 = ( LENGTH_UNIT() NAMED_UNIT(*) SI_UNIT(.MILLI.,.METRE.) );
#49 = ( NAMED_UNIT(*) PLANE_ANGLE_UNIT() SI_UNIT($,.RADIAN.) );
#50 = ( NAMED_UNIT(*) SI_UNIT($,.STERADIAN.) SOLID_ANGLE_UNIT() );
#51 = UNCERTAINTY_MEASURE_WITH_UNIT(LENGTH_MEASURE(5.E-07),#48,
  'distance_accuracy_value','confusion accuracy');
#52 = PRODUCT_RELATED_PRODUCT_CATEGORY('part',$,(#7));
#53 = SHAPE_DEFINITION_REPRESENTATION(#54,#60);
#54 = PRODUCT_DEFINITION_SHAPE('','',#55);
#55 = PRODUCT_DEFINITION('design','',#56,#59);
#56 = PRODUCT_DEFINITION_FORMATION('','',#57);
#57 = PRODUCT('pivot bolt','pivot bolt','',(#58));
#58 = PRODUCT_CONTEXT('',#2,'mechanical');
#59 = PRODUCT_DEFINITION_CONTEXT('part definition',#2,'design');
#60 = ADVANCED_BREP_SHAPE_REPRESENTATION('',(#11,#61),#727);
#61 = MANIFOLD_SOLID_BREP('',#62);
#62 = CLOSED_SHELL('',(#63,#183,#259,#335,#444,#548,#575,#602,#609,#664,
    #719,#723));
#63 = ADVANCED_FACE('',(#64),#78,.F.);
#64 = FACE_BOUND('',#65,.F.);
#65 = EDGE_LOOP('',(#66,#101,#129,#157));
#66 = ORIENTED_EDGE('',*,*,#67,.T.);
#67 = EDGE_CURVE('',#68,#70,#72,.T.);
#68 = VERTEX_POINT('',#69);
#69 = CARTESIAN_POINT('',(3.4,0.,-2.4));
#70 = VERTEX_POINT('',#71);
#71 = CARTESIAN_POINT('',(3.4,0.,0.));
#72 = SURFACE_CURVE('',#73,(#77,#89),.PCURVE_S1.);
#73 = LINE('',#74,#75);
#74 = CARTESIAN_POINT('',(3.4,0.,-2.4));
#75 = VECTOR('',#76,1.);
#76 = DIRECTION('',(0.,0.,1.));
#77 = PCURVE('',#78,#83);
#78 = PLANE('',#79);
#79 = AXIS2_PLACEMENT_3D('',#80,#81,#82);
#80 = CARTESIAN_POINT('',(3.4,0.,-2.4));
#81 = DIRECTION('',(-0.866025403784,-0.5,0.));
#82 = DIRECTION('',(-0.5,0.866025403784,0.));
#83 = DEFINITIONAL_REPRESENTATION('',(#84),#88);
#84 = LINE('',#85,#86);
#85 = CARTESIAN_POINT('',(0.,0.));
#86 = VECTOR('',#87,1.);
#87 = DIRECTION('',(0.,-1.));
#88 = ( GEOMETRIC_REPRESENTATION_CONTEXT(2) 
PARAMETRIC_REPRESENTATION_CONTEXT() REPRESENTATION_CONTEXT('2D SPACE',''
  ) );
#89 = PCURVE('',#90,#95);
#90 = PLANE('',#91);
#91 = AXIS2_PLACEMENT_3D('',#92,#93,#94);
#92 = CARTESIAN_POINT('',(1.7,-2.944486372867,-2.4));
#93 = DIRECTION('',(-0.866025403784,0.5,0.));
#94 = DIRECTION('',(0.5,0.866025403784,0.));
#95 = DEFINITIONAL_REPRESENTATION('',(#96),#100);
#96 = LINE('',#97,#98);
#97 = CARTESIAN_POINT('',(3.4,0.));
#98 = VECTOR('',#99,1.);
#99 = DIRECTION('',(0.,-1.));
#100 = ( GEOMETRIC_REPRESENTATION_CONTEXT(2) 
PARAMETRIC_REPRESENTATION_CONTEXT() REPRESENTATION_CONTEXT('2D SPACE',''
  ) );
#101 = ORIENTED_EDGE('',*,*,#102,.T.);
#102 = EDGE_CURVE('',#70,#103,#105,.T.);
#103 = VERTEX_POINT('',#104);
#104 = CARTESIAN_POINT('',(1.7,2.944486372867,0.));
#105 = SURFACE_CURVE('',#106,(#110,#117),.PCURVE_S1.);
#106 = LINE('',#107,#108);
#107 = CARTESIAN_POINT('',(3.4,0.,0.));
#108 = VECTOR('',#109,1.);
#109 = DIRECTION('',(-0.5,0.866025403784,0.));
#110 = PCURVE('',#78,#111);
#111 = DEFINITIONAL_REPRESENTATION('',(#112),#116);
#112 = LINE('',#113,#114);
#113 = CARTESIAN_POINT('',(0.,-2.4));
#114 = VECTOR('',#115,1.);
#115 = DIRECTION('',(1.,0.));
#116 = ( GEOMETRIC_REPRESENTATION_CONTEXT(2) 
PARAMETRIC_REPRESENTATION_CONTEXT() REPRESENTATION_CONTEXT('2D SPACE',''
  ) );
#117 = PCURVE('',#118,#123);
#118 = PLANE('',#119);
#119 = AXIS2_PLACEMENT_3D('',#120,#121,#122);
#120 = CARTESIAN_POINT('',(1.741526313138E-16,-2.959394466492E-17,0.));
#121 = DIRECTION('',(0.,0.,1.));
#122 = DIRECTION('',(1.,0.,0.));
#123 = DEFINITIONAL_REPRESENTATION('',(#124),#128);
#124 = LINE('',#125,#126);
#125 = CARTESIAN_POINT('',(3.4,2.959394466492E-17));
#126 = VECTOR('',#127,1.);
#127 = DIRECTION('',(-0.5,0.866025403784));
#128 = ( GEOMETRIC_REPRESENTATION_CONTEXT(2) 
PARAMETRIC_REPRESENTATION_CONTEXT() REPRESENTATION_CONTEXT('2D SPACE',''
  ) );
#129 = ORIENTED_EDGE('',*,*,#130,.F.);
#130 = EDGE_CURVE('',#131,#103,#133,.T.);
#131 = VERTEX_POINT('',#132);
#132 = CARTESIAN_POINT('',(1.7,2.944486372867,-2.4));
#133 = SURFACE_CURVE('',#134,(#138,#145),.PCURVE_S1.);
#134 = LINE('',#135,#136);
#135 = CARTESIAN_POINT('',(1.7,2.944486372867,-2.4));
#136 = VECTOR('',#137,1.);
#137 = DIRECTION('',(0.,0.,1.));
#138 = PCURVE('',#78,#139);
#139 = DEFINITIONAL_REPRESENTATION('',(#140),#144);
#140 = LINE('',#141,#142);
#141 = CARTESIAN_POINT('',(3.4,0.));
#142 = VECTOR('',#143,1.);
#143 = DIRECTION('',(0.,-1.));
#144 = ( GEOMETRIC_REPRESENTATION_CONTEXT(2) 
PARAMETRIC_REPRESENTATION_CONTEXT() REPRESENTATION_CONTEXT('2D SPACE',''
  ) );
#145 = PCURVE('',#146,#151);
#146 = PLANE('',#147);
#147 = AXIS2_PLACEMENT_3D('',#148,#149,#150);
#148 = CARTESIAN_POINT('',(1.7,2.944486372867,-2.4));
#149 = DIRECTION('',(0.,-1.,0.));
#150 = DIRECTION('',(-1.,0.,0.));
#151 = DEFINITIONAL_REPRESENTATION('',(#152),#156);
#152 = LINE('',#153,#154);
#153 = CARTESIAN_POINT('',(0.,-0.));
#154 = VECTOR('',#155,1.);
#155 = DIRECTION('',(0.,-1.));
#156 = ( GEOMETRIC_REPRESENTATION_CONTEXT(2) 
PARAMETRIC_REPRESENTATION_CONTEXT() REPRESENTATION_CONTEXT('2D SPACE',''
  ) );
#157 = ORIENTED_EDGE('',*,*,#158,.F.);
#158 = EDGE_CURVE('',#68,#131,#159,.T.);
#159 = SURFACE_CURVE('',#160,(#164,#171),.PCURVE_S1.);
#160 = LINE('',#161,#162);
#161 = CARTESIAN_POINT('',(3.4,0.,-2.4));
#162 = VECTOR('',#163,1.);
#163 = DIRECTION('',(-0.5,0.866025403784,0.));
#164 = PCURVE('',#78,#165);
#165 = DEFINITIONAL_REPRESENTATION('',(#166),#170);
#166 = LINE('',#167,#168);
#167 = CARTESIAN_POINT('',(0.,0.));
#168 = VECTOR('',#169,1.);
#169 = DIRECTION('',(1.,0.));
#170 = ( GEOMETRIC_REPRESENTATION_CONTEXT(2) 
PARAMETRIC_REPRESENTATION_CONTEXT() REPRESENTATION_CONTEXT('2D SPACE',''
  ) );
#171 = PCURVE('',#172,#177);
#172 = PLANE('',#173);
#173 = AXIS2_PLACEMENT_3D('',#174,#175,#176);
#174 = CARTESIAN_POINT('',(1.741526313138E-16,-2.959394466492E-17,-2.4)
  );
#175 = DIRECTION('',(0.,0.,1.));
#176 = DIRECTION('',(1.,0.,-0.));
#177 = DEFINITIONAL_REPRESENTATION('',(#178),#182);
#178 = LINE('',#179,#180);
#179 = CARTESIAN_POINT('',(3.4,2.959394466492E-17));
#180 = VECTOR('',#181,1.);
#181 = DIRECTION('',(-0.5,0.866025403784));
#182 = ( GEOMETRIC_REPRESENTATION_CONTEXT(2) 
PARAMETRIC_REPRESENTATION_CONTEXT() REPRESENTATION_CONTEXT('2D SPACE',''
  ) );
#183 = ADVANCED_FACE('',(#184),#90,.F.);
#184 = FACE_BOUND('',#185,.F.);
#185 = EDGE_LOOP('',(#186,#216,#237,#238));
#186 = ORIENTED_EDGE('',*,*,#187,.T.);
#187 = EDGE_CURVE('',#188,#190,#192,.T.);
#188 = VERTEX_POINT('',#189);
#189 = CARTESIAN_POINT('',(1.7,-2.944486372867,-2.4));
#190 = VERTEX_POINT('',#191);
#191 = CARTESIAN_POINT('',(1.7,-2.944486372867,0.));
#192 = SURFACE_CURVE('',#193,(#197,#204),.PCURVE_S1.);
#193 = LINE('',#194,#195);
#194 = CARTESIAN_POINT('',(1.7,-2.944486372867,-2.4));
#195 = VECTOR('',#196,1.);
#196 = DIRECTION('',(0.,0.,1.));
#197 = PCURVE('',#90,#198);
#198 = DEFINITIONAL_REPRESENTATION('',(#199),#203);
#199 = LINE('',#200,#201);
#200 = CARTESIAN_POINT('',(0.,0.));
#201 = VECTOR('',#202,1.);
#202 = DIRECTION('',(0.,-1.));
#203 = ( GEOMETRIC_REPRESENTATION_CONTEXT(2) 
PARAMETRIC_REPRESENTATION_CONTEXT() REPRESENTATION_CONTEXT('2D SPACE',''
  ) );
#204 = PCURVE('',#205,#210);
#205 = PLANE('',#206);
#206 = AXIS2_PLACEMENT_3D('',#207,#208,#209);
#207 = CARTESIAN_POINT('',(-1.7,-2.944486372867,-2.4));
#208 = DIRECTION('',(2.612289469706E-16,1.,-0.));
#209 = DIRECTION('',(1.,-2.612289469706E-16,0.));
#210 = DEFINITIONAL_REPRESENTATION('',(#211),#215);
#211 = LINE('',#212,#213);
#212 = CARTESIAN_POINT('',(3.4,0.));
#213 = VECTOR('',#214,1.);
#214 = DIRECTION('',(0.,-1.));
#215 = ( GEOMETRIC_REPRESENTATION_CONTEXT(2) 
PARAMETRIC_REPRESENTATION_CONTEXT() REPRESENTATION_CONTEXT('2D SPACE',''
  ) );
#216 = ORIENTED_EDGE('',*,*,#217,.T.);
#217 = EDGE_CURVE('',#190,#70,#218,.T.);
#218 = SURFACE_CURVE('',#219,(#223,#230),.PCURVE_S1.);
#219 = LINE('',#220,#221);
#220 = CARTESIAN_POINT('',(1.7,-2.944486372867,0.));
#221 = VECTOR('',#222,1.);
#222 = DIRECTION('',(0.5,0.866025403784,0.));
#223 = PCURVE('',#90,#224);
#224 = DEFINITIONAL_REPRESENTATION('',(#225),#229);
#225 = LINE('',#226,#227);
#226 = CARTESIAN_POINT('',(0.,-2.4));
#227 = VECTOR('',#228,1.);
#228 = DIRECTION('',(1.,0.));
#229 = ( GEOMETRIC_REPRESENTATION_CONTEXT(2) 
PARAMETRIC_REPRESENTATION_CONTEXT() REPRESENTATION_CONTEXT('2D SPACE',''
  ) );
#230 = PCURVE('',#118,#231);
#231 = DEFINITIONAL_REPRESENTATION('',(#232),#236);
#232 = LINE('',#233,#234);
#233 = CARTESIAN_POINT('',(1.7,-2.944486372867));
#234 = VECTOR('',#235,1.);
#235 = DIRECTION('',(0.5,0.866025403784));
#236 = ( GEOMETRIC_REPRESENTATION_CONTEXT(2) 
PARAMETRIC_REPRESENTATION_CONTEXT() REPRESENTATION_CONTEXT('2D SPACE',''
  ) );
#237 = ORIENTED_EDGE('',*,*,#67,.F.);
#238 = ORIENTED_EDGE('',*,*,#239,.F.);
#239 = EDGE_CURVE('',#188,#68,#240,.T.);
#240 = SURFACE_CURVE('',#241,(#245,#252),.PCURVE_S1.);
#241 = LINE('',#242,#243);
#242 = CARTESIAN_POINT('',(1.7,-2.944486372867,-2.4));
#243 = VECTOR('',#244,1.);
#244 = DIRECTION('',(0.5,0.866025403784,0.));
#245 = PCURVE('',#90,#246);
#246 = DEFINITIONAL_REPRESENTATION('',(#247),#251);
#247 = LINE('',#248,#249);
#248 = CARTESIAN_POINT('',(0.,0.));
#249 = VECTOR('',#250,1.);
#250 = DIRECTION('',(1.,0.));
#251 = ( GEOMETRIC_REPRESENTATION_CONTEXT(2) 
PARAMETRIC_REPRESENTATION_CONTEXT() REPRESENTATION_CONTEXT('2D SPACE',''
  ) );
#252 = PCURVE('',#172,#253);
#253 = DEFINITIONAL_REPRESENTATION('',(#254),#258);
#254 = LINE('',#255,#256);
#255 = CARTESIAN_POINT('',(1.7,-2.944486372867));
#256 = VECTOR('',#257,1.);
#257 = DIRECTION('',(0.5,0.866025403784));
#258 = ( GEOMETRIC_REPRESENTATION_CONTEXT(2) 
PARAMETRIC_REPRESENTATION_CONTEXT() REPRESENTATION_CONTEXT('2D SPACE',''
  ) );
#259 = ADVANCED_FACE('',(#260),#146,.F.);
#260 = FACE_BOUND('',#261,.F.);
#261 = EDGE_LOOP('',(#262,#263,#286,#314));
#262 = ORIENTED_EDGE('',*,*,#130,.T.);
#263 = ORIENTED_EDGE('',*,*,#264,.T.);
#264 = EDGE_CURVE('',#103,#265,#267,.T.);
#265 = VERTEX_POINT('',#266);
#266 = CARTESIAN_POINT('',(-1.7,2.944486372867,0.));
#267 = SURFACE_CURVE('',#268,(#272,#279),.PCURVE_S1.);
#268 = LINE('',#269,#270);
#269 = CARTESIAN_POINT('',(1.7,2.944486372867,0.));
#270 = VECTOR('',#271,1.);
#271 = DIRECTION('',(-1.,0.,0.));
#272 = PCURVE('',#146,#273);
#273 = DEFINITIONAL_REPRESENTATION('',(#274),#278);
#274 = LINE('',#275,#276);
#275 = CARTESIAN_POINT('',(0.,-2.4));
#276 = VECTOR('',#277,1.);
#277 = DIRECTION('',(1.,0.));
#278 = ( GEOMETRIC_REPRESENTATION_CONTEXT(2) 
PARAMETRIC_REPRESENTATION_CONTEXT() REPRESENTATION_CONTEXT('2D SPACE',''
  ) );
#279 = PCURVE('',#118,#280);
#280 = DEFINITIONAL_REPRESENTATION('',(#281),#285);
#281 = LINE('',#282,#283);
#282 = CARTESIAN_POINT('',(1.7,2.944486372867));
#283 = VECTOR('',#284,1.);
#284 = DIRECTION('',(-1.,0.));
#285 = ( GEOMETRIC_REPRESENTATION_CONTEXT(2) 
PARAMETRIC_REPRESENTATION_CONTEXT() REPRESENTATION_CONTEXT('2D SPACE',''
  ) );
#286 = ORIENTED_EDGE('',*,*,#287,.F.);
#287 = EDGE_CURVE('',#288,#265,#290,.T.);
#288 = VERTEX_POINT('',#289);
#289 = CARTESIAN_POINT('',(-1.7,2.944486372867,-2.4));
#290 = SURFACE_CURVE('',#291,(#295,#302),.PCURVE_S1.);
#291 = LINE('',#292,#293);
#292 = CARTESIAN_POINT('',(-1.7,2.944486372867,-2.4));
#293 = VECTOR('',#294,1.);
#294 = DIRECTION('',(0.,0.,1.));
#295 = PCURVE('',#146,#296);
#296 = DEFINITIONAL_REPRESENTATION('',(#297),#301);
#297 = LINE('',#298,#299);
#298 = CARTESIAN_POINT('',(3.4,0.));
#299 = VECTOR('',#300,1.);
#300 = DIRECTION('',(0.,-1.));
#301 = ( GEOMETRIC_REPRESENTATION_CONTEXT(2) 
PARAMETRIC_REPRESENTATION_CONTEXT() REPRESENTATION_CONTEXT('2D SPACE',''
  ) );
#302 = PCURVE('',#303,#308);
#303 = PLANE('',#304);
#304 = AXIS2_PLACEMENT_3D('',#305,#306,#307);
#305 = CARTESIAN_POINT('',(-1.7,2.944486372867,-2.4));
#306 = DIRECTION('',(0.866025403784,-0.5,0.));
#307 = DIRECTION('',(-0.5,-0.866025403784,0.));
#308 = DEFINITIONAL_REPRESENTATION('',(#309),#313);
#309 = LINE('',#310,#311);
#310 = CARTESIAN_POINT('',(0.,0.));
#311 = VECTOR('',#312,1.);
#312 = DIRECTION('',(0.,-1.));
#313 = ( GEOMETRIC_REPRESENTATION_CONTEXT(2) 
PARAMETRIC_REPRESENTATION_CONTEXT() REPRESENTATION_CONTEXT('2D SPACE',''
  ) );
#314 = ORIENTED_EDGE('',*,*,#315,.F.);
#315 = EDGE_CURVE('',#131,#288,#316,.T.);
#316 = SURFACE_CURVE('',#317,(#321,#328),.PCURVE_S1.);
#317 = LINE('',#318,#319);
#318 = CARTESIAN_POINT('',(1.7,2.944486372867,-2.4));
#319 = VECTOR('',#320,1.);
#320 = DIRECTION('',(-1.,0.,0.));
#321 = PCURVE('',#146,#322);
#322 = DEFINITIONAL_REPRESENTATION('',(#323),#327);
#323 = LINE('',#324,#325);
#324 = CARTESIAN_POINT('',(0.,-0.));
#325 = VECTOR('',#326,1.);
#326 = DIRECTION('',(1.,0.));
#327 = ( GEOMETRIC_REPRESENTATION_CONTEXT(2) 
PARAMETRIC_REPRESENTATION_CONTEXT() REPRESENTATION_CONTEXT('2D SPACE',''
  ) );
#328 = PCURVE('',#172,#329);
#329 = DEFINITIONAL_REPRESENTATION('',(#330),#334);
#330 = LINE('',#331,#332);
#331 = CARTESIAN_POINT('',(1.7,2.944486372867));
#332 = VECTOR('',#333,1.);
#333 = DIRECTION('',(-1.,0.));
#334 = ( GEOMETRIC_REPRESENTATION_CONTEXT(2) 
PARAMETRIC_REPRESENTATION_CONTEXT() REPRESENTATION_CONTEXT('2D SPACE',''
  ) );
#335 = ADVANCED_FACE('',(#336,#413),#172,.F.);
#336 = FACE_BOUND('',#337,.F.);
#337 = EDGE_LOOP('',(#338,#339,#340,#363,#391,#412));
#338 = ORIENTED_EDGE('',*,*,#158,.T.);
#339 = ORIENTED_EDGE('',*,*,#315,.T.);
#340 = ORIENTED_EDGE('',*,*,#341,.T.);
#341 = EDGE_CURVE('',#288,#342,#344,.T.);
#342 = VERTEX_POINT('',#343);
#343 = CARTESIAN_POINT('',(-3.4,4.163799117101E-16,-2.4));
#344 = SURFACE_CURVE('',#345,(#349,#356),.PCURVE_S1.);
#345 = LINE('',#346,#347);
#346 = CARTESIAN_POINT('',(-1.7,2.944486372867,-2.4));
#347 = VECTOR('',#348,1.);
#348 = DIRECTION('',(-0.5,-0.866025403784,0.));
#349 = PCURVE('',#172,#350);
#350 = DEFINITIONAL_REPRESENTATION('',(#351),#355);
#351 = LINE('',#352,#353);
#352 = CARTESIAN_POINT('',(-1.7,2.944486372867));
#353 = VECTOR('',#354,1.);
#354 = DIRECTION('',(-0.5,-0.866025403784));
#355 = ( GEOMETRIC_REPRESENTATION_CONTEXT(2) 
PARAMETRIC_REPRESENTATION_CONTEXT() REPRESENTATION_CONTEXT('2D SPACE',''
  ) );
#356 = PCURVE('',#303,#357);
#357 = DEFINITIONAL_REPRESENTATION('',(#358),#362);
#358 = LINE('',#359,#360);
#359 = CARTESIAN_POINT('',(0.,0.));
#360 = VECTOR('',#361,1.);
#361 = DIRECTION('',(1.,0.));
#362 = ( GEOMETRIC_REPRESENTATION_CONTEXT(2) 
PARAMETRIC_REPRESENTATION_CONTEXT() REPRESENTATION_CONTEXT('2D SPACE',''
  ) );
#363 = ORIENTED_EDGE('',*,*,#364,.T.);
#364 = EDGE_CURVE('',#342,#365,#367,.T.);
#365 = VERTEX_POINT('',#366);
#366 = CARTESIAN_POINT('',(-1.7,-2.944486372867,-2.4));
#367 = SURFACE_CURVE('',#368,(#372,#379),.PCURVE_S1.);
#368 = LINE('',#369,#370);
#369 = CARTESIAN_POINT('',(-3.4,4.163799117101E-16,-2.4));
#370 = VECTOR('',#371,1.);
#371 = DIRECTION('',(0.5,-0.866025403784,0.));
#372 = PCURVE('',#172,#373);
#373 = DEFINITIONAL_REPRESENTATION('',(#374),#378);
#374 = LINE('',#375,#376);
#375 = CARTESIAN_POINT('',(-3.4,4.45973856375E-16));
#376 = VECTOR('',#377,1.);
#377 = DIRECTION('',(0.5,-0.866025403784));
#378 = ( GEOMETRIC_REPRESENTATION_CONTEXT(2) 
PARAMETRIC_REPRESENTATION_CONTEXT() REPRESENTATION_CONTEXT('2D SPACE',''
  ) );
#379 = PCURVE('',#380,#385);
#380 = PLANE('',#381);
#381 = AXIS2_PLACEMENT_3D('',#382,#383,#384);
#382 = CARTESIAN_POINT('',(-3.4,4.163799117101E-16,-2.4));
#383 = DIRECTION('',(0.866025403784,0.5,-0.));
#384 = DIRECTION('',(0.5,-0.866025403784,0.));
#385 = DEFINITIONAL_REPRESENTATION('',(#386),#390);
#386 = LINE('',#387,#388);
#387 = CARTESIAN_POINT('',(0.,0.));
#388 = VECTOR('',#389,1.);
#389 = DIRECTION('',(1.,0.));
#390 = ( GEOMETRIC_REPRESENTATION_CONTEXT(2) 
PARAMETRIC_REPRESENTATION_CONTEXT() REPRESENTATION_CONTEXT('2D SPACE',''
  ) );
#391 = ORIENTED_EDGE('',*,*,#392,.T.);
#392 = EDGE_CURVE('',#365,#188,#393,.T.);
#393 = SURFACE_CURVE('',#394,(#398,#405),.PCURVE_S1.);
#394 = LINE('',#395,#396);
#395 = CARTESIAN_POINT('',(-1.7,-2.944486372867,-2.4));
#396 = VECTOR('',#397,1.);
#397 = DIRECTION('',(1.,-2.612289469706E-16,0.));
#398 = PCURVE('',#172,#399);
#399 = DEFINITIONAL_REPRESENTATION('',(#400),#404);
#400 = LINE('',#401,#402);
#401 = CARTESIAN_POINT('',(-1.7,-2.944486372867));
#402 = VECTOR('',#403,1.);
#403 = DIRECTION('',(1.,-2.612289469706E-16));
#404 = ( GEOMETRIC_REPRESENTATION_CONTEXT(2) 
PARAMETRIC_REPRESENTATION_CONTEXT() REPRESENTATION_CONTEXT('2D SPACE',''
  ) );
#405 = PCURVE('',#205,#406);
#406 = DEFINITIONAL_REPRESENTATION('',(#407),#411);
#407 = LINE('',#408,#409);
#408 = CARTESIAN_POINT('',(0.,0.));
#409 = VECTOR('',#410,1.);
#410 = DIRECTION('',(1.,0.));
#411 = ( GEOMETRIC_REPRESENTATION_CONTEXT(2) 
PARAMETRIC_REPRESENTATION_CONTEXT() REPRESENTATION_CONTEXT('2D SPACE',''
  ) );
#412 = ORIENTED_EDGE('',*,*,#239,.T.);
#413 = FACE_BOUND('',#414,.F.);
#414 = EDGE_LOOP('',(#415));
#415 = ORIENTED_EDGE('',*,*,#416,.F.);
#416 = EDGE_CURVE('',#417,#417,#419,.T.);
#417 = VERTEX_POINT('',#418);
#418 = CARTESIAN_POINT('',(2.,-4.898587196589E-16,-2.4));
#419 = SURFACE_CURVE('',#420,(#425,#432),.PCURVE_S1.);
#420 = CIRCLE('',#421,2.);
#421 = AXIS2_PLACEMENT_3D('',#422,#423,#424);
#422 = CARTESIAN_POINT('',(0.,0.,-2.4));
#423 = DIRECTION('',(0.,0.,1.));
#424 = DIRECTION('',(1.,0.,-0.));
#425 = PCURVE('',#172,#426);
#426 = DEFINITIONAL_REPRESENTATION('',(#427),#431);
#427 = CIRCLE('',#428,2.);
#428 = AXIS2_PLACEMENT_2D('',#429,#430);
#429 = CARTESIAN_POINT('',(-1.741526313138E-16,2.959394466492E-17));
#430 = DIRECTION('',(1.,0.));
#431 = ( GEOMETRIC_REPRESENTATION_CONTEXT(2) 
PARAMETRIC_REPRESENTATION_CONTEXT() REPRESENTATION_CONTEXT('2D SPACE',''
  ) );
#432 = PCURVE('',#433,#438);
#433 = CYLINDRICAL_SURFACE('',#434,2.);
#434 = AXIS2_PLACEMENT_3D('',#435,#436,#437);
#435 = CARTESIAN_POINT('',(0.,0.,-11.));
#436 = DIRECTION('',(0.,0.,1.));
#437 = DIRECTION('',(1.,0.,-0.));
#438 = DEFINITIONAL_REPRESENTATION('',(#439),#443);
#439 = LINE('',#440,#441);
#440 = CARTESIAN_POINT('',(0.,8.6));
#441 = VECTOR('',#442,1.);
#442 = DIRECTION('',(1.,0.));
#443 = ( GEOMETRIC_REPRESENTATION_CONTEXT(2) 
PARAMETRIC_REPRESENTATION_CONTEXT() REPRESENTATION_CONTEXT('2D SPACE',''
  ) );
#444 = ADVANCED_FACE('',(#445,#517),#118,.T.);
#445 = FACE_BOUND('',#446,.T.);
#446 = EDGE_LOOP('',(#447,#448,#449,#472,#495,#516));
#447 = ORIENTED_EDGE('',*,*,#102,.T.);
#448 = ORIENTED_EDGE('',*,*,#264,.T.);
#449 = ORIENTED_EDGE('',*,*,#450,.T.);
#450 = EDGE_CURVE('',#265,#451,#453,.T.);
#451 = VERTEX_POINT('',#452);
#452 = CARTESIAN_POINT('',(-3.4,4.163799117101E-16,0.));
#453 = SURFACE_CURVE('',#454,(#458,#465),.PCURVE_S1.);
#454 = LINE('',#455,#456);
#455 = CARTESIAN_POINT('',(-1.7,2.944486372867,0.));
#456 = VECTOR('',#457,1.);
#457 = DIRECTION('',(-0.5,-0.866025403784,0.));
#458 = PCURVE('',#118,#459);
#459 = DEFINITIONAL_REPRESENTATION('',(#460),#464);
#460 = LINE('',#461,#462);
#461 = CARTESIAN_POINT('',(-1.7,2.944486372867));
#462 = VECTOR('',#463,1.);
#463 = DIRECTION('',(-0.5,-0.866025403784));
#464 = ( GEOMETRIC_REPRESENTATION_CONTEXT(2) 
PARAMETRIC_REPRESENTATION_CONTEXT() REPRESENTATION_CONTEXT('2D SPACE',''
  ) );
#465 = PCURVE('',#303,#466);
#466 = DEFINITIONAL_REPRESENTATION('',(#467),#471);
#467 = LINE('',#468,#469);
#468 = CARTESIAN_POINT('',(0.,-2.4));
#469 = VECTOR('',#470,1.);
#470 = DIRECTION('',(1.,0.));
#471 = ( GEOMETRIC_REPRESENTATION_CONTEXT(2) 
PARAMETRIC_REPRESENTATION_CONTEXT() REPRESENTATION_CONTEXT('2D SPACE',''
  ) );
#472 = ORIENTED_EDGE('',*,*,#473,.T.);
#473 = EDGE_CURVE('',#451,#474,#476,.T.);
#474 = VERTEX_POINT('',#475);
#475 = CARTESIAN_POINT('',(-1.7,-2.944486372867,0.));
#476 = SURFACE_CURVE('',#477,(#481,#488),.PCURVE_S1.);
#477 = LINE('',#478,#479);
#478 = CARTESIAN_POINT('',(-3.4,4.163799117101E-16,0.));
#479 = VECTOR('',#480,1.);
#480 = DIRECTION('',(0.5,-0.866025403784,0.));
#481 = PCURVE('',#118,#482);
#482 = DEFINITIONAL_REPRESENTATION('',(#483),#487);
#483 = LINE('',#484,#485);
#484 = CARTESIAN_POINT('',(-3.4,4.45973856375E-16));
#485 = VECTOR('',#486,1.);
#486 = DIRECTION('',(0.5,-0.866025403784));
#487 = ( GEOMETRIC_REPRESENTATION_CONTEXT(2) 
PARAMETRIC_REPRESENTATION_CONTEXT() REPRESENTATION_CONTEXT('2D SPACE',''
  ) );
#488 = PCURVE('',#380,#489);
#489 = DEFINITIONAL_REPRESENTATION('',(#490),#494);
#490 = LINE('',#491,#492);
#491 = CARTESIAN_POINT('',(0.,-2.4));
#492 = VECTOR('',#493,1.);
#493 = DIRECTION('',(1.,0.));
#494 = ( GEOMETRIC_REPRESENTATION_CONTEXT(2) 
PARAMETRIC_REPRESENTATION_CONTEXT() REPRESENTATION_CONTEXT('2D SPACE',''
  ) );
#495 = ORIENTED_EDGE('',*,*,#496,.T.);
#496 = EDGE_CURVE('',#474,#190,#497,.T.);
#497 = SURFACE_CURVE('',#498,(#502,#509),.PCURVE_S1.);
#498 = LINE('',#499,#500);
#499 = CARTESIAN_POINT('',(-1.7,-2.944486372867,0.));
#500 = VECTOR('',#501,1.);
#501 = DIRECTION('',(1.,-2.612289469706E-16,0.));
#502 = PCURVE('',#118,#503);
#503 = DEFINITIONAL_REPRESENTATION('',(#504),#508);
#504 = LINE('',#505,#506);
#505 = CARTESIAN_POINT('',(-1.7,-2.944486372867));
#506 = VECTOR('',#507,1.);
#507 = DIRECTION('',(1.,-2.612289469706E-16));
#508 = ( GEOMETRIC_REPRESENTATION_CONTEXT(2) 
PARAMETRIC_REPRESENTATION_CONTEXT() REPRESENTATION_CONTEXT('2D SPACE',''
  ) );
#509 = PCURVE('',#205,#510);
#510 = DEFINITIONAL_REPRESENTATION('',(#511),#515);
#511 = LINE('',#512,#513);
#512 = CARTESIAN_POINT('',(0.,-2.4));
#513 = VECTOR('',#514,1.);
#514 = DIRECTION('',(1.,0.));
#515 = ( GEOMETRIC_REPRESENTATION_CONTEXT(2) 
PARAMETRIC_REPRESENTATION_CONTEXT() REPRESENTATION_CONTEXT('2D SPACE',''
  ) );
#516 = ORIENTED_EDGE('',*,*,#217,.T.);
#517 = FACE_BOUND('',#518,.T.);
#518 = EDGE_LOOP('',(#519));
#519 = ORIENTED_EDGE('',*,*,#520,.F.);
#520 = EDGE_CURVE('',#521,#521,#523,.T.);
#521 = VERTEX_POINT('',#522);
#522 = CARTESIAN_POINT('',(2.72,-6.662078587362E-16,0.));
#523 = SURFACE_CURVE('',#524,(#529,#536),.PCURVE_S1.);
#524 = CIRCLE('',#525,2.72);
#525 = AXIS2_PLACEMENT_3D('',#526,#527,#528);
#526 = CARTESIAN_POINT('',(0.,0.,0.));
#527 = DIRECTION('',(0.,0.,1.));
#528 = DIRECTION('',(1.,0.,-0.));
#529 = PCURVE('',#118,#530);
#530 = DEFINITIONAL_REPRESENTATION('',(#531),#535);
#531 = CIRCLE('',#532,2.72);
#532 = AXIS2_PLACEMENT_2D('',#533,#534);
#533 = CARTESIAN_POINT('',(-1.741526313138E-16,2.959394466492E-17));
#534 = DIRECTION('',(1.,0.));
#535 = ( GEOMETRIC_REPRESENTATION_CONTEXT(2) 
PARAMETRIC_REPRESENTATION_CONTEXT() REPRESENTATION_CONTEXT('2D SPACE',''
  ) );
#536 = PCURVE('',#537,#542);
#537 = CYLINDRICAL_SURFACE('',#538,2.72);
#538 = AXIS2_PLACEMENT_3D('',#539,#540,#541);
#539 = CARTESIAN_POINT('',(0.,0.,-0.3));
#540 = DIRECTION('',(0.,0.,1.));
#541 = DIRECTION('',(1.,0.,-0.));
#542 = DEFINITIONAL_REPRESENTATION('',(#543),#547);
#543 = LINE('',#544,#545);
#544 = CARTESIAN_POINT('',(0.,0.3));
#545 = VECTOR('',#546,1.);
#546 = DIRECTION('',(1.,0.));
#547 = ( GEOMETRIC_REPRESENTATION_CONTEXT(2) 
PARAMETRIC_REPRESENTATION_CONTEXT() REPRESENTATION_CONTEXT('2D SPACE',''
  ) );
#548 = ADVANCED_FACE('',(#549),#205,.F.);
#549 = FACE_BOUND('',#550,.F.);
#550 = EDGE_LOOP('',(#551,#572,#573,#574));
#551 = ORIENTED_EDGE('',*,*,#552,.T.);
#552 = EDGE_CURVE('',#365,#474,#553,.T.);
#553 = SURFACE_CURVE('',#554,(#558,#565),.PCURVE_S1.);
#554 = LINE('',#555,#556);
#555 = CARTESIAN_POINT('',(-1.7,-2.944486372867,-2.4));
#556 = VECTOR('',#557,1.);
#557 = DIRECTION('',(0.,0.,1.));
#558 = PCURVE('',#205,#559);
#559 = DEFINITIONAL_REPRESENTATION('',(#560),#564);
#560 = LINE('',#561,#562);
#561 = CARTESIAN_POINT('',(0.,0.));
#562 = VECTOR('',#563,1.);
#563 = DIRECTION('',(0.,-1.));
#564 = ( GEOMETRIC_REPRESENTATION_CONTEXT(2) 
PARAMETRIC_REPRESENTATION_CONTEXT() REPRESENTATION_CONTEXT('2D SPACE',''
  ) );
#565 = PCURVE('',#380,#566);
#566 = DEFINITIONAL_REPRESENTATION('',(#567),#571);
#567 = LINE('',#568,#569);
#568 = CARTESIAN_POINT('',(3.4,0.));
#569 = VECTOR('',#570,1.);
#570 = DIRECTION('',(0.,-1.));
#571 = ( GEOMETRIC_REPRESENTATION_CONTEXT(2) 
PARAMETRIC_REPRESENTATION_CONTEXT() REPRESENTATION_CONTEXT('2D SPACE',''
  ) );
#572 = ORIENTED_EDGE('',*,*,#496,.T.);
#573 = ORIENTED_EDGE('',*,*,#187,.F.);
#574 = ORIENTED_EDGE('',*,*,#392,.F.);
#575 = ADVANCED_FACE('',(#576),#303,.F.);
#576 = FACE_BOUND('',#577,.F.);
#577 = EDGE_LOOP('',(#578,#579,#580,#601));
#578 = ORIENTED_EDGE('',*,*,#287,.T.);
#579 = ORIENTED_EDGE('',*,*,#450,.T.);
#580 = ORIENTED_EDGE('',*,*,#581,.F.);
#581 = EDGE_CURVE('',#342,#451,#582,.T.);
#582 = SURFACE_CURVE('',#583,(#587,#594),.PCURVE_S1.);
#583 = LINE('',#584,#585);
#584 = CARTESIAN_POINT('',(-3.4,4.163799117101E-16,-2.4));
#585 = VECTOR('',#586,1.);
#586 = DIRECTION('',(0.,0.,1.));
#587 = PCURVE('',#303,#588);
#588 = DEFINITIONAL_REPRESENTATION('',(#589),#593);
#589 = LINE('',#590,#591);
#590 = CARTESIAN_POINT('',(3.4,0.));
#591 = VECTOR('',#592,1.);
#592 = DIRECTION('',(0.,-1.));
#593 = ( GEOMETRIC_REPRESENTATION_CONTEXT(2) 
PARAMETRIC_REPRESENTATION_CONTEXT() REPRESENTATION_CONTEXT('2D SPACE',''
  ) );
#594 = PCURVE('',#380,#595);
#595 = DEFINITIONAL_REPRESENTATION('',(#596),#600);
#596 = LINE('',#597,#598);
#597 = CARTESIAN_POINT('',(0.,0.));
#598 = VECTOR('',#599,1.);
#599 = DIRECTION('',(0.,-1.));
#600 = ( GEOMETRIC_REPRESENTATION_CONTEXT(2) 
PARAMETRIC_REPRESENTATION_CONTEXT() REPRESENTATION_CONTEXT('2D SPACE',''
  ) );
#601 = ORIENTED_EDGE('',*,*,#341,.F.);
#602 = ADVANCED_FACE('',(#603),#380,.F.);
#603 = FACE_BOUND('',#604,.F.);
#604 = EDGE_LOOP('',(#605,#606,#607,#608));
#605 = ORIENTED_EDGE('',*,*,#581,.T.);
#606 = ORIENTED_EDGE('',*,*,#473,.T.);
#607 = ORIENTED_EDGE('',*,*,#552,.F.);
#608 = ORIENTED_EDGE('',*,*,#364,.F.);
#609 = ADVANCED_FACE('',(#610),#433,.T.);
#610 = FACE_BOUND('',#611,.T.);
#611 = EDGE_LOOP('',(#612,#613,#636,#663));
#612 = ORIENTED_EDGE('',*,*,#416,.F.);
#613 = ORIENTED_EDGE('',*,*,#614,.F.);
#614 = EDGE_CURVE('',#615,#417,#617,.T.);
#615 = VERTEX_POINT('',#616);
#616 = CARTESIAN_POINT('',(2.,-4.898587196589E-16,-11.));
#617 = SEAM_CURVE('',#618,(#622,#629),.PCURVE_S1.);
#618 = LINE('',#619,#620);
#619 = CARTESIAN_POINT('',(2.,-4.898587196589E-16,-11.));
#620 = VECTOR('',#621,1.);
#621 = DIRECTION('',(0.,0.,1.));
#622 = PCURVE('',#433,#623);
#623 = DEFINITIONAL_REPRESENTATION('',(#624),#628);
#624 = LINE('',#625,#626);
#625 = CARTESIAN_POINT('',(6.28318530718,-0.));
#626 = VECTOR('',#627,1.);
#627 = DIRECTION('',(0.,1.));
#628 = ( GEOMETRIC_REPRESENTATION_CONTEXT(2) 
PARAMETRIC_REPRESENTATION_CONTEXT() REPRESENTATION_CONTEXT('2D SPACE',''
  ) );
#629 = PCURVE('',#433,#630);
#630 = DEFINITIONAL_REPRESENTATION('',(#631),#635);
#631 = LINE('',#632,#633);
#632 = CARTESIAN_POINT('',(0.,-0.));
#633 = VECTOR('',#634,1.);
#634 = DIRECTION('',(0.,1.));
#635 = ( GEOMETRIC_REPRESENTATION_CONTEXT(2) 
PARAMETRIC_REPRESENTATION_CONTEXT() REPRESENTATION_CONTEXT('2D SPACE',''
  ) );
#636 = ORIENTED_EDGE('',*,*,#637,.T.);
#637 = EDGE_CURVE('',#615,#615,#638,.T.);
#638 = SURFACE_CURVE('',#639,(#644,#651),.PCURVE_S1.);
#639 = CIRCLE('',#640,2.);
#640 = AXIS2_PLACEMENT_3D('',#641,#642,#643);
#641 = CARTESIAN_POINT('',(0.,0.,-11.));
#642 = DIRECTION('',(0.,0.,1.));
#643 = DIRECTION('',(1.,0.,-0.));
#644 = PCURVE('',#433,#645);
#645 = DEFINITIONAL_REPRESENTATION('',(#646),#650);
#646 = LINE('',#647,#648);
#647 = CARTESIAN_POINT('',(0.,0.));
#648 = VECTOR('',#649,1.);
#649 = DIRECTION('',(1.,0.));
#650 = ( GEOMETRIC_REPRESENTATION_CONTEXT(2) 
PARAMETRIC_REPRESENTATION_CONTEXT() REPRESENTATION_CONTEXT('2D SPACE',''
  ) );
#651 = PCURVE('',#652,#657);
#652 = PLANE('',#653);
#653 = AXIS2_PLACEMENT_3D('',#654,#655,#656);
#654 = CARTESIAN_POINT('',(0.,0.,-11.));
#655 = DIRECTION('',(0.,0.,1.));
#656 = DIRECTION('',(1.,0.,-0.));
#657 = DEFINITIONAL_REPRESENTATION('',(#658),#662);
#658 = CIRCLE('',#659,2.);
#659 = AXIS2_PLACEMENT_2D('',#660,#661);
#660 = CARTESIAN_POINT('',(0.,0.));
#661 = DIRECTION('',(1.,0.));
#662 = ( GEOMETRIC_REPRESENTATION_CONTEXT(2) 
PARAMETRIC_REPRESENTATION_CONTEXT() REPRESENTATION_CONTEXT('2D SPACE',''
  ) );
#663 = ORIENTED_EDGE('',*,*,#614,.T.);
#664 = ADVANCED_FACE('',(#665),#537,.T.);
#665 = FACE_BOUND('',#666,.T.);
#666 = EDGE_LOOP('',(#667,#690,#717,#718));
#667 = ORIENTED_EDGE('',*,*,#668,.T.);
#668 = EDGE_CURVE('',#521,#669,#671,.T.);
#669 = VERTEX_POINT('',#670);
#670 = CARTESIAN_POINT('',(2.72,-6.662078587362E-16,0.3));
#671 = SEAM_CURVE('',#672,(#676,#683),.PCURVE_S1.);
#672 = LINE('',#673,#674);
#673 = CARTESIAN_POINT('',(2.72,-6.662078587362E-16,-0.3));
#674 = VECTOR('',#675,1.);
#675 = DIRECTION('',(0.,0.,1.));
#676 = PCURVE('',#537,#677);
#677 = DEFINITIONAL_REPRESENTATION('',(#678),#682);
#678 = LINE('',#679,#680);
#679 = CARTESIAN_POINT('',(6.28318530718,-0.));
#680 = VECTOR('',#681,1.);
#681 = DIRECTION('',(0.,1.));
#682 = ( GEOMETRIC_REPRESENTATION_CONTEXT(2) 
PARAMETRIC_REPRESENTATION_CONTEXT() REPRESENTATION_CONTEXT('2D SPACE',''
  ) );
#683 = PCURVE('',#537,#684);
#684 = DEFINITIONAL_REPRESENTATION('',(#685),#689);
#685 = LINE('',#686,#687);
#686 = CARTESIAN_POINT('',(0.,-0.));
#687 = VECTOR('',#688,1.);
#688 = DIRECTION('',(0.,1.));
#689 = ( GEOMETRIC_REPRESENTATION_CONTEXT(2) 
PARAMETRIC_REPRESENTATION_CONTEXT() REPRESENTATION_CONTEXT('2D SPACE',''
  ) );
#690 = ORIENTED_EDGE('',*,*,#691,.F.);
#691 = EDGE_CURVE('',#669,#669,#692,.T.);
#692 = SURFACE_CURVE('',#693,(#698,#705),.PCURVE_S1.);
#693 = CIRCLE('',#694,2.72);
#694 = AXIS2_PLACEMENT_3D('',#695,#696,#697);
#695 = CARTESIAN_POINT('',(0.,0.,0.3));
#696 = DIRECTION('',(0.,0.,1.));
#697 = DIRECTION('',(1.,0.,-0.));
#698 = PCURVE('',#537,#699);
#699 = DEFINITIONAL_REPRESENTATION('',(#700),#704);
#700 = LINE('',#701,#702);
#701 = CARTESIAN_POINT('',(0.,0.6));
#702 = VECTOR('',#703,1.);
#703 = DIRECTION('',(1.,0.));
#704 = ( GEOMETRIC_REPRESENTATION_CONTEXT(2) 
PARAMETRIC_REPRESENTATION_CONTEXT() REPRESENTATION_CONTEXT('2D SPACE',''
  ) );
#705 = PCURVE('',#706,#711);
#706 = PLANE('',#707);
#707 = AXIS2_PLACEMENT_3D('',#708,#709,#710);
#708 = CARTESIAN_POINT('',(0.,0.,0.3));
#709 = DIRECTION('',(0.,0.,1.));
#710 = DIRECTION('',(1.,0.,-0.));
#711 = DEFINITIONAL_REPRESENTATION('',(#712),#716);
#712 = CIRCLE('',#713,2.72);
#713 = AXIS2_PLACEMENT_2D('',#714,#715);
#714 = CARTESIAN_POINT('',(0.,0.));
#715 = DIRECTION('',(1.,0.));
#716 = ( GEOMETRIC_REPRESENTATION_CONTEXT(2) 
PARAMETRIC_REPRESENTATION_CONTEXT() REPRESENTATION_CONTEXT('2D SPACE',''
  ) );
#717 = ORIENTED_EDGE('',*,*,#668,.F.);
#718 = ORIENTED_EDGE('',*,*,#520,.T.);
#719 = ADVANCED_FACE('',(#720),#652,.F.);
#720 = FACE_BOUND('',#721,.T.);
#721 = EDGE_LOOP('',(#722));
#722 = ORIENTED_EDGE('',*,*,#637,.F.);
#723 = ADVANCED_FACE('',(#724),#706,.T.);
#724 = FACE_BOUND('',#725,.T.);
#725 = EDGE_LOOP('',(#726));
#726 = ORIENTED_EDGE('',*,*,#691,.T.);
#727 = ( GEOMETRIC_REPRESENTATION_CONTEXT(3) 
GLOBAL_UNCERTAINTY_ASSIGNED_CONTEXT((#731)) GLOBAL_UNIT_ASSIGNED_CONTEXT
((#728,#729,#730)) REPRESENTATION_CONTEXT('Context #1',
  '3D Context with UNIT and UNCERTAINTY') );
#728 = ( LENGTH_UNIT() NAMED_UNIT(*) SI_UNIT(.MILLI.,.METRE.) );
#729 = ( NAMED_UNIT(*) PLANE_ANGLE_UNIT() SI_UNIT($,.RADIAN.) );
#730 = ( NAMED_UNIT(*) SI_UNIT($,.STERADIAN.) SOLID_ANGLE_UNIT() );
#731 = UNCERTAINTY_MEASURE_WITH_UNIT(LENGTH_MEASURE(1.E-07),#728,
  'distance_accuracy_value','confusion accuracy');
#732 = CONTEXT_DEPENDENT_SHAPE_REPRESENTATION(#733,#735);
#733 = ( REPRESENTATION_RELATIONSHIP('','',#60,#10) 
REPRESENTATION_RELATIONSHIP_WITH_TRANSFORMATION(#734) 
SHAPE_REPRESENTATION_RELATIONSHIP() );
#734 = ITEM_DEFINED_TRANSFORMATION('','',#11,#15);
#735 = PRODUCT_DEFINITION_SHAPE('Placement','Placement of an item',#736
  );
#736 = NEXT_ASSEMBLY_USAGE_OCCURRENCE('1','Bolt A','',#5,#55,$);
#737 = PRODUCT_RELATED_PRODUCT_CATEGORY('part',$,(#57));
#738 = CONTEXT_DEPENDENT_SHAPE_REPRESENTATION(#739,#741);
#739 = ( REPRESENTATION_RELATIONSHIP('','',#60,#10) 
REPRESENTATION_RELATIONSHIP_WITH_TRANSFORMATION(#740) 
SHAPE_REPRESENTATION_RELATIONSHIP() );
#740 = ITEM_DEFINED_TRANSFORMATION('','',#11,#19);
#741 = PRODUCT_DEFINITION_SHAPE('Placement','Placement of an item',#742
  );
#742 = NEXT_ASSEMBLY_USAGE_OCCURRENCE('2','Bolt B','',#5,#55,$);
#743 = CONTEXT_DEPENDENT_SHAPE_REPRESENTATION(#744,#746);
#744 = ( REPRESENTATION_RELATIONSHIP('','',#60,#10) 
REPRESENTATION_RELATIONSHIP_WITH_TRANSFORMATION(#745) 
SHAPE_REPRESENTATION_RELATIONSHIP() );
#745 = ITEM_DEFINED_TRANSFORMATION('','',#11,#23);
#746 = PRODUCT_DEFINITION_SHAPE('Placement','Placement of an item',#747
  );
#747 = NEXT_ASSEMBLY_USAGE_OCCURRENCE('3','Bolt C','',#5,#55,$);
#748 = CONTEXT_DEPENDENT_SHAPE_REPRESENTATION(#749,#751);
#749 = ( REPRESENTATION_RELATIONSHIP('','',#60,#10) 
REPRESENTATION_RELATIONSHIP_WITH_TRANSFORMATION(#750) 
SHAPE_REPRESENTATION_RELATIONSHIP() );
#750 = ITEM_DEFINED_TRANSFORMATION('','',#11,#27);
#751 = PRODUCT_DEFINITION_SHAPE('Placement','Placement of an item',#752
  );
#752 = NEXT_ASSEMBLY_USAGE_OCCURRENCE('4','Bolt D','',#5,#55,$);
#753 = SHAPE_DEFINITION_REPRESENTATION(#754,#760);
#754 = PRODUCT_DEFINITION_SHAPE('','',#755);
#755 = PRODUCT_DEFINITION('design','',#756,#759);
#756 = PRODUCT_DEFINITION_FORMATION('','',#757);
#757 = PRODUCT('coupler','coupler','',(#758));
#758 = PRODUCT_CONTEXT('',#2,'mechanical');
#759 = PRODUCT_DEFINITION_CONTEXT('part definition',#2,'design');
#760 = ADVANCED_BREP_SHAPE_REPRESENTATION('',(#11,#761),#5187);
#761 = MANIFOLD_SOLID_BREP('',#762);
#762 = CLOSED_SHELL('',(#763,#1235,#1371,#1425,#1479,#1554,#1629,#1902,
    #2170,#2249,#2328,#2382,#2436,#2510,#2560,#2824,#3068,#3118,#3336,
    #3430,#3620,#3647,#3674,#3701,#3728,#3782,#4022,#4096,#4146,#4193,
    #4221,#4248,#4275,#4307,#4381,#4431,#4478,#4506,#4628,#4750,#4821,
    #4848,#4919,#4926,#4953,#5024,#5031,#5038,#5045,#5076,#5109,#5116,
    #5147,#5180));
#763 = ADVANCED_FACE('',(#764,#1111,#1142,#1173,#1204),#778,.F.);
#764 = FACE_BOUND('',#765,.F.);
#765 = EDGE_LOOP('',(#766,#801,#830,#858,#886,#914,#943,#971,#1000,#1028
    ,#1056,#1084));
#766 = ORIENTED_EDGE('',*,*,#767,.F.);
#767 = EDGE_CURVE('',#768,#770,#772,.T.);
#768 = VERTEX_POINT('',#769);
#769 = CARTESIAN_POINT('',(3.434748899119,2.75,-2.));
#770 = VERTEX_POINT('',#771);
#771 = CARTESIAN_POINT('',(46.565251100881,2.75,-2.));
#772 = SURFACE_CURVE('',#773,(#777,#789),.PCURVE_S1.);
#773 = LINE('',#774,#775);
#774 = CARTESIAN_POINT('',(-5.,2.75,-2.));
#775 = VECTOR('',#776,1.);
#776 = DIRECTION('',(1.,0.,-0.));
#777 = PCURVE('',#778,#783);
#778 = PLANE('',#779);
#779 = AXIS2_PLACEMENT_3D('',#780,#781,#782);
#780 = CARTESIAN_POINT('',(0.,0.,-2.));
#781 = DIRECTION('',(0.,0.,1.));
#782 = DIRECTION('',(1.,0.,-0.));
#783 = DEFINITIONAL_REPRESENTATION('',(#784),#788);
#784 = LINE('',#785,#786);
#785 = CARTESIAN_POINT('',(-5.,2.75));
#786 = VECTOR('',#787,1.);
#787 = DIRECTION('',(1.,0.));
#788 = ( GEOMETRIC_REPRESENTATION_CONTEXT(2) 
PARAMETRIC_REPRESENTATION_CONTEXT() REPRESENTATION_CONTEXT('2D SPACE',''
  ) );
#789 = PCURVE('',#790,#795);
#790 = PLANE('',#791);
#791 = AXIS2_PLACEMENT_3D('',#792,#793,#794);
#792 = CARTESIAN_POINT('',(-5.,2.75,-2.));
#793 = DIRECTION('',(-0.,1.,0.));
#794 = DIRECTION('',(0.,0.,1.));
#795 = DEFINITIONAL_REPRESENTATION('',(#796),#800);
#796 = LINE('',#797,#798);
#797 = CARTESIAN_POINT('',(0.,0.));
#798 = VECTOR('',#799,1.);
#799 = DIRECTION('',(0.,1.));
#800 = ( GEOMETRIC_REPRESENTATION_CONTEXT(2) 
PARAMETRIC_REPRESENTATION_CONTEXT() REPRESENTATION_CONTEXT('2D SPACE',''
  ) );
#801 = ORIENTED_EDGE('',*,*,#802,.T.);
#802 = EDGE_CURVE('',#768,#803,#805,.T.);
#803 = VERTEX_POINT('',#804);
#804 = CARTESIAN_POINT('',(-3.434748899119,2.75,-2.));
#805 = SURFACE_CURVE('',#806,(#811,#818),.PCURVE_S1.);
#806 = CIRCLE('',#807,4.4);
#807 = AXIS2_PLACEMENT_3D('',#808,#809,#810);
#808 = CARTESIAN_POINT('',(0.,0.,-2.));
#809 = DIRECTION('',(0.,0.,1.));
#810 = DIRECTION('',(1.,0.,-0.));
#811 = PCURVE('',#778,#812);
#812 = DEFINITIONAL_REPRESENTATION('',(#813),#817);
#813 = CIRCLE('',#814,4.4);
#814 = AXIS2_PLACEMENT_2D('',#815,#816);
#815 = CARTESIAN_POINT('',(0.,0.));
#816 = DIRECTION('',(1.,0.));
#817 = ( GEOMETRIC_REPRESENTATION_CONTEXT(2) 
PARAMETRIC_REPRESENTATION_CONTEXT() REPRESENTATION_CONTEXT('2D SPACE',''
  ) );
#818 = PCURVE('',#819,#824);
#819 = CONICAL_SURFACE('',#820,5.,0.785398163397);
#820 = AXIS2_PLACEMENT_3D('',#821,#822,#823);
#821 = CARTESIAN_POINT('',(0.,0.,-1.4));
#822 = DIRECTION('',(0.,0.,1.));
#823 = DIRECTION('',(1.,0.,-0.));
#824 = DEFINITIONAL_REPRESENTATION('',(#825),#829);
#825 = LINE('',#826,#827);
#826 = CARTESIAN_POINT('',(0.,-0.6));
#827 = VECTOR('',#828,1.);
#828 = DIRECTION('',(1.,-0.));
#829 = ( GEOMETRIC_REPRESENTATION_CONTEXT(2) 
PARAMETRIC_REPRESENTATION_CONTEXT() REPRESENTATION_CONTEXT('2D SPACE',''
  ) );
#830 = ORIENTED_EDGE('',*,*,#831,.F.);
#831 = EDGE_CURVE('',#832,#803,#834,.T.);
#832 = VERTEX_POINT('',#833);
#833 = CARTESIAN_POINT('',(-5.,2.75,-2.));
#834 = SURFACE_CURVE('',#835,(#839,#846),.PCURVE_S1.);
#835 = LINE('',#836,#837);
#836 = CARTESIAN_POINT('',(-5.,2.75,-2.));
#837 = VECTOR('',#838,1.);
#838 = DIRECTION('',(1.,0.,-0.));
#839 = PCURVE('',#778,#840);
#840 = DEFINITIONAL_REPRESENTATION('',(#841),#845);
#841 = LINE('',#842,#843);
#842 = CARTESIAN_POINT('',(-5.,2.75));
#843 = VECTOR('',#844,1.);
#844 = DIRECTION('',(1.,0.));
#845 = ( GEOMETRIC_REPRESENTATION_CONTEXT(2) 
PARAMETRIC_REPRESENTATION_CONTEXT() REPRESENTATION_CONTEXT('2D SPACE',''
  ) );
#846 = PCURVE('',#847,#852);
#847 = PLANE('',#848);
#848 = AXIS2_PLACEMENT_3D('',#849,#850,#851);
#849 = CARTESIAN_POINT('',(-5.,2.75,-2.));
#850 = DIRECTION('',(-0.,1.,0.));
#851 = DIRECTION('',(0.,0.,1.));
#852 = DEFINITIONAL_REPRESENTATION('',(#853),#857);
#853 = LINE('',#854,#855);
#854 = CARTESIAN_POINT('',(0.,0.));
#855 = VECTOR('',#856,1.);
#856 = DIRECTION('',(0.,1.));
#857 = ( GEOMETRIC_REPRESENTATION_CONTEXT(2) 
PARAMETRIC_REPRESENTATION_CONTEXT() REPRESENTATION_CONTEXT('2D SPACE',''
  ) );
#858 = ORIENTED_EDGE('',*,*,#859,.F.);
#859 = EDGE_CURVE('',#860,#832,#862,.T.);
#860 = VERTEX_POINT('',#861);
#861 = CARTESIAN_POINT('',(-5.,-2.75,-2.));
#862 = SURFACE_CURVE('',#863,(#867,#874),.PCURVE_S1.);
#863 = LINE('',#864,#865);
#864 = CARTESIAN_POINT('',(-5.,-2.75,-2.));
#865 = VECTOR('',#866,1.);
#866 = DIRECTION('',(-0.,1.,0.));
#867 = PCURVE('',#778,#868);
#868 = DEFINITIONAL_REPRESENTATION('',(#869),#873);
#869 = LINE('',#870,#871);
#870 = CARTESIAN_POINT('',(-5.,-2.75));
#871 = VECTOR('',#872,1.);
#872 = DIRECTION('',(0.,1.));
#873 = ( GEOMETRIC_REPRESENTATION_CONTEXT(2) 
PARAMETRIC_REPRESENTATION_CONTEXT() REPRESENTATION_CONTEXT('2D SPACE',''
  ) );
#874 = PCURVE('',#875,#880);
#875 = PLANE('',#876);
#876 = AXIS2_PLACEMENT_3D('',#877,#878,#879);
#877 = CARTESIAN_POINT('',(-5.,-2.75,-2.));
#878 = DIRECTION('',(1.,0.,-0.));
#879 = DIRECTION('',(0.,0.,1.));
#880 = DEFINITIONAL_REPRESENTATION('',(#881),#885);
#881 = LINE('',#882,#883);
#882 = CARTESIAN_POINT('',(0.,0.));
#883 = VECTOR('',#884,1.);
#884 = DIRECTION('',(0.,-1.));
#885 = ( GEOMETRIC_REPRESENTATION_CONTEXT(2) 
PARAMETRIC_REPRESENTATION_CONTEXT() REPRESENTATION_CONTEXT('2D SPACE',''
  ) );
#886 = ORIENTED_EDGE('',*,*,#887,.T.);
#887 = EDGE_CURVE('',#860,#888,#890,.T.);
#888 = VERTEX_POINT('',#889);
#889 = CARTESIAN_POINT('',(-3.434748899119,-2.75,-2.));
#890 = SURFACE_CURVE('',#891,(#895,#902),.PCURVE_S1.);
#891 = LINE('',#892,#893);
#892 = CARTESIAN_POINT('',(-5.,-2.75,-2.));
#893 = VECTOR('',#894,1.);
#894 = DIRECTION('',(1.,0.,-0.));
#895 = PCURVE('',#778,#896);
#896 = DEFINITIONAL_REPRESENTATION('',(#897),#901);
#897 = LINE('',#898,#899);
#898 = CARTESIAN_POINT('',(-5.,-2.75));
#899 = VECTOR('',#900,1.);
#900 = DIRECTION('',(1.,0.));
#901 = ( GEOMETRIC_REPRESENTATION_CONTEXT(2) 
PARAMETRIC_REPRESENTATION_CONTEXT() REPRESENTATION_CONTEXT('2D SPACE',''
  ) );
#902 = PCURVE('',#903,#908);
#903 = PLANE('',#904);
#904 = AXIS2_PLACEMENT_3D('',#905,#906,#907);
#905 = CARTESIAN_POINT('',(-5.,-2.75,-2.));
#906 = DIRECTION('',(-0.,1.,0.));
#907 = DIRECTION('',(0.,0.,1.));
#908 = DEFINITIONAL_REPRESENTATION('',(#909),#913);
#909 = LINE('',#910,#911);
#910 = CARTESIAN_POINT('',(0.,0.));
#911 = VECTOR('',#912,1.);
#912 = DIRECTION('',(0.,1.));
#913 = ( GEOMETRIC_REPRESENTATION_CONTEXT(2) 
PARAMETRIC_REPRESENTATION_CONTEXT() REPRESENTATION_CONTEXT('2D SPACE',''
  ) );
#914 = ORIENTED_EDGE('',*,*,#915,.T.);
#915 = EDGE_CURVE('',#888,#916,#918,.T.);
#916 = VERTEX_POINT('',#917);
#917 = CARTESIAN_POINT('',(3.434748899119,-2.75,-2.));
#918 = SURFACE_CURVE('',#919,(#924,#931),.PCURVE_S1.);
#919 = CIRCLE('',#920,4.4);
#920 = AXIS2_PLACEMENT_3D('',#921,#922,#923);
#921 = CARTESIAN_POINT('',(0.,0.,-2.));
#922 = DIRECTION('',(0.,0.,1.));
#923 = DIRECTION('',(1.,0.,-0.));
#924 = PCURVE('',#778,#925);
#925 = DEFINITIONAL_REPRESENTATION('',(#926),#930);
#926 = CIRCLE('',#927,4.4);
#927 = AXIS2_PLACEMENT_2D('',#928,#929);
#928 = CARTESIAN_POINT('',(0.,0.));
#929 = DIRECTION('',(1.,0.));
#930 = ( GEOMETRIC_REPRESENTATION_CONTEXT(2) 
PARAMETRIC_REPRESENTATION_CONTEXT() REPRESENTATION_CONTEXT('2D SPACE',''
  ) );
#931 = PCURVE('',#932,#937);
#932 = CONICAL_SURFACE('',#933,5.,0.785398163397);
#933 = AXIS2_PLACEMENT_3D('',#934,#935,#936);
#934 = CARTESIAN_POINT('',(0.,0.,-1.4));
#935 = DIRECTION('',(0.,0.,1.));
#936 = DIRECTION('',(1.,0.,-0.));
#937 = DEFINITIONAL_REPRESENTATION('',(#938),#942);
#938 = LINE('',#939,#940);
#939 = CARTESIAN_POINT('',(0.,-0.6));
#940 = VECTOR('',#941,1.);
#941 = DIRECTION('',(1.,-0.));
#942 = ( GEOMETRIC_REPRESENTATION_CONTEXT(2) 
PARAMETRIC_REPRESENTATION_CONTEXT() REPRESENTATION_CONTEXT('2D SPACE',''
  ) );
#943 = ORIENTED_EDGE('',*,*,#944,.T.);
#944 = EDGE_CURVE('',#916,#945,#947,.T.);
#945 = VERTEX_POINT('',#946);
#946 = CARTESIAN_POINT('',(46.565251100881,-2.75,-2.));
#947 = SURFACE_CURVE('',#948,(#952,#959),.PCURVE_S1.);
#948 = LINE('',#949,#950);
#949 = CARTESIAN_POINT('',(-5.,-2.75,-2.));
#950 = VECTOR('',#951,1.);
#951 = DIRECTION('',(1.,0.,-0.));
#952 = PCURVE('',#778,#953);
#953 = DEFINITIONAL_REPRESENTATION('',(#954),#958);
#954 = LINE('',#955,#956);
#955 = CARTESIAN_POINT('',(-5.,-2.75));
#956 = VECTOR('',#957,1.);
#957 = DIRECTION('',(1.,0.));
#958 = ( GEOMETRIC_REPRESENTATION_CONTEXT(2) 
PARAMETRIC_REPRESENTATION_CONTEXT() REPRESENTATION_CONTEXT('2D SPACE',''
  ) );
#959 = PCURVE('',#960,#965);
#960 = PLANE('',#961);
#961 = AXIS2_PLACEMENT_3D('',#962,#963,#964);
#962 = CARTESIAN_POINT('',(-5.,-2.75,-2.));
#963 = DIRECTION('',(-0.,1.,0.));
#964 = DIRECTION('',(0.,0.,1.));
#965 = DEFINITIONAL_REPRESENTATION('',(#966),#970);
#966 = LINE('',#967,#968);
#967 = CARTESIAN_POINT('',(0.,0.));
#968 = VECTOR('',#969,1.);
#969 = DIRECTION('',(0.,1.));
#970 = ( GEOMETRIC_REPRESENTATION_CONTEXT(2) 
PARAMETRIC_REPRESENTATION_CONTEXT() REPRESENTATION_CONTEXT('2D SPACE',''
  ) );
#971 = ORIENTED_EDGE('',*,*,#972,.T.);
#972 = EDGE_CURVE('',#945,#973,#975,.T.);
#973 = VERTEX_POINT('',#974);
#974 = CARTESIAN_POINT('',(53.434748899119,-2.75,-2.));
#975 = SURFACE_CURVE('',#976,(#981,#988),.PCURVE_S1.);
#976 = CIRCLE('',#977,4.4);
#977 = AXIS2_PLACEMENT_3D('',#978,#979,#980);
#978 = CARTESIAN_POINT('',(50.,0.,-2.));
#979 = DIRECTION('',(0.,0.,1.));
#980 = DIRECTION('',(1.,0.,-0.));
#981 = PCURVE('',#778,#982);
#982 = DEFINITIONAL_REPRESENTATION('',(#983),#987);
#983 = CIRCLE('',#984,4.4);
#984 = AXIS2_PLACEMENT_2D('',#985,#986);
#985 = CARTESIAN_POINT('',(50.,0.));
#986 = DIRECTION('',(1.,0.));
#987 = ( GEOMETRIC_REPRESENTATION_CONTEXT(2) 
PARAMETRIC_REPRESENTATION_CONTEXT() REPRESENTATION_CONTEXT('2D SPACE',''
  ) );
#988 = PCURVE('',#989,#994);
#989 = CONICAL_SURFACE('',#990,5.,0.785398163397);
#990 = AXIS2_PLACEMENT_3D('',#991,#992,#993);
#991 = CARTESIAN_POINT('',(50.,0.,-1.4));
#992 = DIRECTION('',(0.,0.,1.));
#993 = DIRECTION('',(1.,0.,-0.));
#994 = DEFINITIONAL_REPRESENTATION('',(#995),#999);
#995 = LINE('',#996,#997);
#996 = CARTESIAN_POINT('',(0.,-0.6));
#997 = VECTOR('',#998,1.);
#998 = DIRECTION('',(1.,-0.));
#999 = ( GEOMETRIC_REPRESENTATION_CONTEXT(2) 
PARAMETRIC_REPRESENTATION_CONTEXT() REPRESENTATION_CONTEXT('2D SPACE',''
  ) );
#1000 = ORIENTED_EDGE('',*,*,#1001,.T.);
#1001 = EDGE_CURVE('',#973,#1002,#1004,.T.);
#1002 = VERTEX_POINT('',#1003);
#1003 = CARTESIAN_POINT('',(55.,-2.75,-2.));
#1004 = SURFACE_CURVE('',#1005,(#1009,#1016),.PCURVE_S1.);
#1005 = LINE('',#1006,#1007);
#1006 = CARTESIAN_POINT('',(-5.,-2.75,-2.));
#1007 = VECTOR('',#1008,1.);
#1008 = DIRECTION('',(1.,0.,-0.));
#1009 = PCURVE('',#778,#1010);
#1010 = DEFINITIONAL_REPRESENTATION('',(#1011),#1015);
#1011 = LINE('',#1012,#1013);
#1012 = CARTESIAN_POINT('',(-5.,-2.75));
#1013 = VECTOR('',#1014,1.);
#1014 = DIRECTION('',(1.,0.));
#1015 = ( GEOMETRIC_REPRESENTATION_CONTEXT(2) 
PARAMETRIC_REPRESENTATION_CONTEXT() REPRESENTATION_CONTEXT('2D SPACE',''
  ) );
#1016 = PCURVE('',#1017,#1022);
#1017 = PLANE('',#1018);
#1018 = AXIS2_PLACEMENT_3D('',#1019,#1020,#1021);
#1019 = CARTESIAN_POINT('',(-5.,-2.75,-2.));
#1020 = DIRECTION('',(-0.,1.,0.));
#1021 = DIRECTION('',(0.,0.,1.));
#1022 = DEFINITIONAL_REPRESENTATION('',(#1023),#1027);
#1023 = LINE('',#1024,#1025);
#1024 = CARTESIAN_POINT('',(0.,0.));
#1025 = VECTOR('',#1026,1.);
#1026 = DIRECTION('',(0.,1.));
#1027 = ( GEOMETRIC_REPRESENTATION_CONTEXT(2) 
PARAMETRIC_REPRESENTATION_CONTEXT() REPRESENTATION_CONTEXT('2D SPACE',''
  ) );
#1028 = ORIENTED_EDGE('',*,*,#1029,.T.);
#1029 = EDGE_CURVE('',#1002,#1030,#1032,.T.);
#1030 = VERTEX_POINT('',#1031);
#1031 = CARTESIAN_POINT('',(55.,2.75,-2.));
#1032 = SURFACE_CURVE('',#1033,(#1037,#1044),.PCURVE_S1.);
#1033 = LINE('',#1034,#1035);
#1034 = CARTESIAN_POINT('',(55.,-2.75,-2.));
#1035 = VECTOR('',#1036,1.);
#1036 = DIRECTION('',(-0.,1.,0.));
#1037 = PCURVE('',#778,#1038);
#1038 = DEFINITIONAL_REPRESENTATION('',(#1039),#1043);
#1039 = LINE('',#1040,#1041);
#1040 = CARTESIAN_POINT('',(55.,-2.75));
#1041 = VECTOR('',#1042,1.);
#1042 = DIRECTION('',(0.,1.));
#1043 = ( GEOMETRIC_REPRESENTATION_CONTEXT(2) 
PARAMETRIC_REPRESENTATION_CONTEXT() REPRESENTATION_CONTEXT('2D SPACE',''
  ) );
#1044 = PCURVE('',#1045,#1050);
#1045 = PLANE('',#1046);
#1046 = AXIS2_PLACEMENT_3D('',#1047,#1048,#1049);
#1047 = CARTESIAN_POINT('',(55.,-2.75,-2.));
#1048 = DIRECTION('',(1.,0.,-0.));
#1049 = DIRECTION('',(0.,0.,1.));
#1050 = DEFINITIONAL_REPRESENTATION('',(#1051),#1055);
#1051 = LINE('',#1052,#1053);
#1052 = CARTESIAN_POINT('',(0.,0.));
#1053 = VECTOR('',#1054,1.);
#1054 = DIRECTION('',(0.,-1.));
#1055 = ( GEOMETRIC_REPRESENTATION_CONTEXT(2) 
PARAMETRIC_REPRESENTATION_CONTEXT() REPRESENTATION_CONTEXT('2D SPACE',''
  ) );
#1056 = ORIENTED_EDGE('',*,*,#1057,.F.);
#1057 = EDGE_CURVE('',#1058,#1030,#1060,.T.);
#1058 = VERTEX_POINT('',#1059);
#1059 = CARTESIAN_POINT('',(53.434748899119,2.75,-2.));
#1060 = SURFACE_CURVE('',#1061,(#1065,#1072),.PCURVE_S1.);
#1061 = LINE('',#1062,#1063);
#1062 = CARTESIAN_POINT('',(-5.,2.75,-2.));
#1063 = VECTOR('',#1064,1.);
#1064 = DIRECTION('',(1.,0.,-0.));
#1065 = PCURVE('',#778,#1066);
#1066 = DEFINITIONAL_REPRESENTATION('',(#1067),#1071);
#1067 = LINE('',#1068,#1069);
#1068 = CARTESIAN_POINT('',(-5.,2.75));
#1069 = VECTOR('',#1070,1.);
#1070 = DIRECTION('',(1.,0.));
#1071 = ( GEOMETRIC_REPRESENTATION_CONTEXT(2) 
PARAMETRIC_REPRESENTATION_CONTEXT() REPRESENTATION_CONTEXT('2D SPACE',''
  ) );
#1072 = PCURVE('',#1073,#1078);
#1073 = PLANE('',#1074);
#1074 = AXIS2_PLACEMENT_3D('',#1075,#1076,#1077);
#1075 = CARTESIAN_POINT('',(-5.,2.75,-2.));
#1076 = DIRECTION('',(-0.,1.,0.));
#1077 = DIRECTION('',(0.,0.,1.));
#1078 = DEFINITIONAL_REPRESENTATION('',(#1079),#1083);
#1079 = LINE('',#1080,#1081);
#1080 = CARTESIAN_POINT('',(0.,0.));
#1081 = VECTOR('',#1082,1.);
#1082 = DIRECTION('',(0.,1.));
#1083 = ( GEOMETRIC_REPRESENTATION_CONTEXT(2) 
PARAMETRIC_REPRESENTATION_CONTEXT() REPRESENTATION_CONTEXT('2D SPACE',''
  ) );
#1084 = ORIENTED_EDGE('',*,*,#1085,.T.);
#1085 = EDGE_CURVE('',#1058,#770,#1086,.T.);
#1086 = SURFACE_CURVE('',#1087,(#1092,#1099),.PCURVE_S1.);
#1087 = CIRCLE('',#1088,4.4);
#1088 = AXIS2_PLACEMENT_3D('',#1089,#1090,#1091);
#1089 = CARTESIAN_POINT('',(50.,0.,-2.));
#1090 = DIRECTION('',(0.,0.,1.));
#1091 = DIRECTION('',(1.,0.,-0.));
#1092 = PCURVE('',#778,#1093);
#1093 = DEFINITIONAL_REPRESENTATION('',(#1094),#1098);
#1094 = CIRCLE('',#1095,4.4);
#1095 = AXIS2_PLACEMENT_2D('',#1096,#1097);
#1096 = CARTESIAN_POINT('',(50.,0.));
#1097 = DIRECTION('',(1.,0.));
#1098 = ( GEOMETRIC_REPRESENTATION_CONTEXT(2) 
PARAMETRIC_REPRESENTATION_CONTEXT() REPRESENTATION_CONTEXT('2D SPACE',''
  ) );
#1099 = PCURVE('',#1100,#1105);
#1100 = CONICAL_SURFACE('',#1101,5.,0.785398163397);
#1101 = AXIS2_PLACEMENT_3D('',#1102,#1103,#1104);
#1102 = CARTESIAN_POINT('',(50.,0.,-1.4));
#1103 = DIRECTION('',(0.,0.,1.));
#1104 = DIRECTION('',(1.,0.,-0.));
#1105 = DEFINITIONAL_REPRESENTATION('',(#1106),#1110);
#1106 = LINE('',#1107,#1108);
#1107 = CARTESIAN_POINT('',(0.,-0.6));
#1108 = VECTOR('',#1109,1.);
#1109 = DIRECTION('',(1.,-0.));
#1110 = ( GEOMETRIC_REPRESENTATION_CONTEXT(2) 
PARAMETRIC_REPRESENTATION_CONTEXT() REPRESENTATION_CONTEXT('2D SPACE',''
  ) );
#1111 = FACE_BOUND('',#1112,.F.);
#1112 = EDGE_LOOP('',(#1113));
#1113 = ORIENTED_EDGE('',*,*,#1114,.F.);
#1114 = EDGE_CURVE('',#1115,#1115,#1117,.T.);
#1115 = VERTEX_POINT('',#1116);
#1116 = CARTESIAN_POINT('',(2.05,-5.021051876504E-16,-2.));
#1117 = SURFACE_CURVE('',#1118,(#1123,#1130),.PCURVE_S1.);
#1118 = CIRCLE('',#1119,2.05);
#1119 = AXIS2_PLACEMENT_3D('',#1120,#1121,#1122);
#1120 = CARTESIAN_POINT('',(0.,0.,-2.));
#1121 = DIRECTION('',(0.,0.,1.));
#1122 = DIRECTION('',(1.,0.,-0.));
#1123 = PCURVE('',#778,#1124);
#1124 = DEFINITIONAL_REPRESENTATION('',(#1125),#1129);
#1125 = CIRCLE('',#1126,2.05);
#1126 = AXIS2_PLACEMENT_2D('',#1127,#1128);
#1127 = CARTESIAN_POINT('',(0.,0.));
#1128 = DIRECTION('',(1.,0.));
#1129 = ( GEOMETRIC_REPRESENTATION_CONTEXT(2) 
PARAMETRIC_REPRESENTATION_CONTEXT() REPRESENTATION_CONTEXT('2D SPACE',''
  ) );
#1130 = PCURVE('',#1131,#1136);
#1131 = CYLINDRICAL_SURFACE('',#1132,2.05);
#1132 = AXIS2_PLACEMENT_3D('',#1133,#1134,#1135);
#1133 = CARTESIAN_POINT('',(0.,0.,-3.));
#1134 = DIRECTION('',(0.,0.,1.));
#1135 = DIRECTION('',(1.,0.,-0.));
#1136 = DEFINITIONAL_REPRESENTATION('',(#1137),#1141);
#1137 = LINE('',#1138,#1139);
#1138 = CARTESIAN_POINT('',(0.,1.));
#1139 = VECTOR('',#1140,1.);
#1140 = DIRECTION('',(1.,0.));
#1141 = ( GEOMETRIC_REPRESENTATION_CONTEXT(2) 
PARAMETRIC_REPRESENTATION_CONTEXT() REPRESENTATION_CONTEXT('2D SPACE',''
  ) );
#1142 = FACE_BOUND('',#1143,.F.);
#1143 = EDGE_LOOP('',(#1144));
#1144 = ORIENTED_EDGE('',*,*,#1145,.F.);
#1145 = EDGE_CURVE('',#1146,#1146,#1148,.T.);
#1146 = VERTEX_POINT('',#1147);
#1147 = CARTESIAN_POINT('',(17.2,-5.388445916248E-16,-2.));
#1148 = SURFACE_CURVE('',#1149,(#1154,#1161),.PCURVE_S1.);
#1149 = CIRCLE('',#1150,2.2);
#1150 = AXIS2_PLACEMENT_3D('',#1151,#1152,#1153);
#1151 = CARTESIAN_POINT('',(15.,0.,-2.));
#1152 = DIRECTION('',(0.,0.,1.));
#1153 = DIRECTION('',(1.,0.,-0.));
#1154 = PCURVE('',#778,#1155);
#1155 = DEFINITIONAL_REPRESENTATION('',(#1156),#1160);
#1156 = CIRCLE('',#1157,2.2);
#1157 = AXIS2_PLACEMENT_2D('',#1158,#1159);
#1158 = CARTESIAN_POINT('',(15.,0.));
#1159 = DIRECTION('',(1.,0.));
#1160 = ( GEOMETRIC_REPRESENTATION_CONTEXT(2) 
PARAMETRIC_REPRESENTATION_CONTEXT() REPRESENTATION_CONTEXT('2D SPACE',''
  ) );
#1161 = PCURVE('',#1162,#1167);
#1162 = CYLINDRICAL_SURFACE('',#1163,2.2);
#1163 = AXIS2_PLACEMENT_3D('',#1164,#1165,#1166);
#1164 = CARTESIAN_POINT('',(15.,0.,-3.));
#1165 = DIRECTION('',(0.,0.,1.));
#1166 = DIRECTION('',(1.,0.,-0.));
#1167 = DEFINITIONAL_REPRESENTATION('',(#1168),#1172);
#1168 = LINE('',#1169,#1170);
#1169 = CARTESIAN_POINT('',(0.,1.));
#1170 = VECTOR('',#1171,1.);
#1171 = DIRECTION('',(1.,0.));
#1172 = ( GEOMETRIC_REPRESENTATION_CONTEXT(2) 
PARAMETRIC_REPRESENTATION_CONTEXT() REPRESENTATION_CONTEXT('2D SPACE',''
  ) );
#1173 = FACE_BOUND('',#1174,.F.);
#1174 = EDGE_LOOP('',(#1175));
#1175 = ORIENTED_EDGE('',*,*,#1176,.F.);
#1176 = EDGE_CURVE('',#1177,#1177,#1179,.T.);
#1177 = VERTEX_POINT('',#1178);
#1178 = CARTESIAN_POINT('',(37.2,-5.388445916248E-16,-2.));
#1179 = SURFACE_CURVE('',#1180,(#1185,#1192),.PCURVE_S1.);
#1180 = CIRCLE('',#1181,2.2);
#1181 = AXIS2_PLACEMENT_3D('',#1182,#1183,#1184);
#1182 = CARTESIAN_POINT('',(35.,0.,-2.));
#1183 = DIRECTION('',(0.,0.,1.));
#1184 = DIRECTION('',(1.,0.,-0.));
#1185 = PCURVE('',#778,#1186);
#1186 = DEFINITIONAL_REPRESENTATION('',(#1187),#1191);
#1187 = CIRCLE('',#1188,2.2);
#1188 = AXIS2_PLACEMENT_2D('',#1189,#1190);
#1189 = CARTESIAN_POINT('',(35.,0.));
#1190 = DIRECTION('',(1.,0.));
#1191 = ( GEOMETRIC_REPRESENTATION_CONTEXT(2) 
PARAMETRIC_REPRESENTATION_CONTEXT() REPRESENTATION_CONTEXT('2D SPACE',''
  ) );
#1192 = PCURVE('',#1193,#1198);
#1193 = CYLINDRICAL_SURFACE('',#1194,2.2);
#1194 = AXIS2_PLACEMENT_3D('',#1195,#1196,#1197);
#1195 = CARTESIAN_POINT('',(35.,0.,-3.));
#1196 = DIRECTION('',(0.,0.,1.));
#1197 = DIRECTION('',(1.,0.,-0.));
#1198 = DEFINITIONAL_REPRESENTATION('',(#1199),#1203);
#1199 = LINE('',#1200,#1201);
#1200 = CARTESIAN_POINT('',(0.,1.));
#1201 = VECTOR('',#1202,1.);
#1202 = DIRECTION('',(1.,0.));
#1203 = ( GEOMETRIC_REPRESENTATION_CONTEXT(2) 
PARAMETRIC_REPRESENTATION_CONTEXT() REPRESENTATION_CONTEXT('2D SPACE',''
  ) );
#1204 = FACE_BOUND('',#1205,.F.);
#1205 = EDGE_LOOP('',(#1206));
#1206 = ORIENTED_EDGE('',*,*,#1207,.F.);
#1207 = EDGE_CURVE('',#1208,#1208,#1210,.T.);
#1208 = VERTEX_POINT('',#1209);
#1209 = CARTESIAN_POINT('',(52.05,-5.021051876504E-16,-2.));
#1210 = SURFACE_CURVE('',#1211,(#1216,#1223),.PCURVE_S1.);
#1211 = CIRCLE('',#1212,2.05);
#1212 = AXIS2_PLACEMENT_3D('',#1213,#1214,#1215);
#1213 = CARTESIAN_POINT('',(50.,0.,-2.));
#1214 = DIRECTION('',(0.,0.,1.));
#1215 = DIRECTION('',(1.,0.,-0.));
#1216 = PCURVE('',#778,#1217);
#1217 = DEFINITIONAL_REPRESENTATION('',(#1218),#1222);
#1218 = CIRCLE('',#1219,2.05);
#1219 = AXIS2_PLACEMENT_2D('',#1220,#1221);
#1220 = CARTESIAN_POINT('',(50.,0.));
#1221 = DIRECTION('',(1.,0.));
#1222 = ( GEOMETRIC_REPRESENTATION_CONTEXT(2) 
PARAMETRIC_REPRESENTATION_CONTEXT() REPRESENTATION_CONTEXT('2D SPACE',''
  ) );
#1223 = PCURVE('',#1224,#1229);
#1224 = CYLINDRICAL_SURFACE('',#1225,2.05);
#1225 = AXIS2_PLACEMENT_3D('',#1226,#1227,#1228);
#1226 = CARTESIAN_POINT('',(50.,0.,-3.));
#1227 = DIRECTION('',(0.,0.,1.));
#1228 = DIRECTION('',(1.,0.,-0.));
#1229 = DEFINITIONAL_REPRESENTATION('',(#1230),#1234);
#1230 = LINE('',#1231,#1232);
#1231 = CARTESIAN_POINT('',(0.,1.));
#1232 = VECTOR('',#1233,1.);
#1233 = DIRECTION('',(1.,0.));
#1234 = ( GEOMETRIC_REPRESENTATION_CONTEXT(2) 
PARAMETRIC_REPRESENTATION_CONTEXT() REPRESENTATION_CONTEXT('2D SPACE',''
  ) );
#1235 = ADVANCED_FACE('',(#1236),#790,.T.);
#1236 = FACE_BOUND('',#1237,.T.);
#1237 = EDGE_LOOP('',(#1238,#1239,#1266,#1292,#1320,#1346));
#1238 = ORIENTED_EDGE('',*,*,#767,.F.);
#1239 = ORIENTED_EDGE('',*,*,#1240,.T.);
#1240 = EDGE_CURVE('',#768,#1241,#1243,.T.);
#1241 = VERTEX_POINT('',#1242);
#1242 = CARTESIAN_POINT('',(4.175823272123,2.75,-1.4));
#1243 = SURFACE_CURVE('',#1244,(#1249,#1256),.PCURVE_S1.);
#1244 = HYPERBOLA('',#1245,2.75,2.75);
#1245 = AXIS2_PLACEMENT_3D('',#1246,#1247,#1248);
#1246 = CARTESIAN_POINT('',(0.,2.75,-6.4));
#1247 = DIRECTION('',(-0.,1.,0.));
#1248 = DIRECTION('',(0.,0.,1.));
#1249 = PCURVE('',#790,#1250);
#1250 = DEFINITIONAL_REPRESENTATION('',(#1251),#1255);
#1251 = ( BOUNDED_CURVE() B_SPLINE_CURVE(2,(#1252,#1253,#1254),
.UNSPECIFIED.,.F.,.F.) B_SPLINE_CURVE_WITH_KNOTS((3,3),(1.046967915003,
1.204971208168),.PIECEWISE_BEZIER_KNOTS.) CURVE() 
GEOMETRIC_REPRESENTATION_ITEM() RATIONAL_B_SPLINE_CURVE((1.,
1.003122253474,1.)) REPRESENTATION_ITEM('') );
#1252 = CARTESIAN_POINT('',(8.881784197001E-16,8.434748899119));
#1253 = CARTESIAN_POINT('',(0.270787700728,8.781634775844));
#1254 = CARTESIAN_POINT('',(0.6,9.175823272123));
#1255 = ( GEOMETRIC_REPRESENTATION_CONTEXT(2) 
PARAMETRIC_REPRESENTATION_CONTEXT() REPRESENTATION_CONTEXT('2D SPACE',''
  ) );
#1256 = PCURVE('',#819,#1257);
#1257 = DEFINITIONAL_REPRESENTATION('',(#1258),#1265);
#1258 = B_SPLINE_CURVE_WITH_KNOTS('',5,(#1259,#1260,#1261,#1262,#1263,
    #1264),.UNSPECIFIED.,.F.,.F.,(6,6),(1.046967915003,1.204971208168),
  .PIECEWISE_BEZIER_KNOTS.);
#1259 = CARTESIAN_POINT('',(0.675131532937,-0.6));
#1260 = CARTESIAN_POINT('',(0.655381121291,-0.491459672549));
#1261 = CARTESIAN_POINT('',(0.636239721106,-0.377427038356));
#1262 = CARTESIAN_POINT('',(0.617698336386,-0.257676273539));
#1263 = CARTESIAN_POINT('',(0.599744600117,-0.131958765734));
#1264 = CARTESIAN_POINT('',(0.582364237869,-6.661338147751E-16));
#1265 = ( GEOMETRIC_REPRESENTATION_CONTEXT(2) 
PARAMETRIC_REPRESENTATION_CONTEXT() REPRESENTATION_CONTEXT('2D SPACE',''
  ) );
#1266 = ORIENTED_EDGE('',*,*,#1267,.T.);
#1267 = EDGE_CURVE('',#1241,#1268,#1270,.T.);
#1268 = VERTEX_POINT('',#1269);
#1269 = CARTESIAN_POINT('',(4.175823272123,2.75,-0.8));
#1270 = SURFACE_CURVE('',#1271,(#1275,#1281),.PCURVE_S1.);
#1271 = LINE('',#1272,#1273);
#1272 = CARTESIAN_POINT('',(4.175823272123,2.75,-2.));
#1273 = VECTOR('',#1274,1.);
#1274 = DIRECTION('',(0.,0.,1.));
#1275 = PCURVE('',#790,#1276);
#1276 = DEFINITIONAL_REPRESENTATION('',(#1277),#1280);
#1277 = B_SPLINE_CURVE_WITH_KNOTS('',1,(#1278,#1279),.UNSPECIFIED.,.F.,
  .F.,(2,2),(0.599987408199,1.32),.PIECEWISE_BEZIER_KNOTS.);
#1278 = CARTESIAN_POINT('',(0.599987408199,9.175823272123));
#1279 = CARTESIAN_POINT('',(1.32,9.175823272123));
#1280 = ( GEOMETRIC_REPRESENTATION_CONTEXT(2) 
PARAMETRIC_REPRESENTATION_CONTEXT() REPRESENTATION_CONTEXT('2D SPACE',''
  ) );
#1281 = PCURVE('',#1282,#1287);
#1282 = CYLINDRICAL_SURFACE('',#1283,5.);
#1283 = AXIS2_PLACEMENT_3D('',#1284,#1285,#1286);
#1284 = CARTESIAN_POINT('',(0.,0.,-2.));
#1285 = DIRECTION('',(0.,0.,1.));
#1286 = DIRECTION('',(1.,0.,-0.));
#1287 = DEFINITIONAL_REPRESENTATION('',(#1288),#1291);
#1288 = B_SPLINE_CURVE_WITH_KNOTS('',1,(#1289,#1290),.UNSPECIFIED.,.F.,
  .F.,(2,2),(0.599987408199,1.32),.PIECEWISE_BEZIER_KNOTS.);
#1289 = CARTESIAN_POINT('',(0.582364237869,0.599987408199));
#1290 = CARTESIAN_POINT('',(0.582364237869,1.32));
#1291 = ( GEOMETRIC_REPRESENTATION_CONTEXT(2) 
PARAMETRIC_REPRESENTATION_CONTEXT() REPRESENTATION_CONTEXT('2D SPACE',''
  ) );
#1292 = ORIENTED_EDGE('',*,*,#1293,.T.);
#1293 = EDGE_CURVE('',#1268,#1294,#1296,.T.);
#1294 = VERTEX_POINT('',#1295);
#1295 = CARTESIAN_POINT('',(45.824176727878,2.75,-0.8));
#1296 = SURFACE_CURVE('',#1297,(#1301,#1308),.PCURVE_S1.);
#1297 = LINE('',#1298,#1299);
#1298 = CARTESIAN_POINT('',(-5.,2.75,-0.8));
#1299 = VECTOR('',#1300,1.);
#1300 = DIRECTION('',(1.,0.,-0.));
#1301 = PCURVE('',#790,#1302);
#1302 = DEFINITIONAL_REPRESENTATION('',(#1303),#1307);
#1303 = LINE('',#1304,#1305);
#1304 = CARTESIAN_POINT('',(1.2,0.));
#1305 = VECTOR('',#1306,1.);
#1306 = DIRECTION('',(0.,1.));
#1307 = ( GEOMETRIC_REPRESENTATION_CONTEXT(2) 
PARAMETRIC_REPRESENTATION_CONTEXT() REPRESENTATION_CONTEXT('2D SPACE',''
  ) );
#1308 = PCURVE('',#1309,#1314);
#1309 = PLANE('',#1310);
#1310 = AXIS2_PLACEMENT_3D('',#1311,#1312,#1313);
#1311 = CARTESIAN_POINT('',(-5.,-2.75,-0.8));
#1312 = DIRECTION('',(0.,0.,1.));
#1313 = DIRECTION('',(1.,0.,-0.));
#1314 = DEFINITIONAL_REPRESENTATION('',(#1315),#1319);
#1315 = LINE('',#1316,#1317);
#1316 = CARTESIAN_POINT('',(0.,5.5));
#1317 = VECTOR('',#1318,1.);
#1318 = DIRECTION('',(1.,0.));
#1319 = ( GEOMETRIC_REPRESENTATION_CONTEXT(2) 
PARAMETRIC_REPRESENTATION_CONTEXT() REPRESENTATION_CONTEXT('2D SPACE',''
  ) );
#1320 = ORIENTED_EDGE('',*,*,#1321,.F.);
#1321 = EDGE_CURVE('',#1322,#1294,#1324,.T.);
#1322 = VERTEX_POINT('',#1323);
#1323 = CARTESIAN_POINT('',(45.824176727878,2.75,-1.4));
#1324 = SURFACE_CURVE('',#1325,(#1329,#1335),.PCURVE_S1.);
#1325 = LINE('',#1326,#1327);
#1326 = CARTESIAN_POINT('',(45.824176727877,2.75,-2.));
#1327 = VECTOR('',#1328,1.);
#1328 = DIRECTION('',(0.,0.,1.));
#1329 = PCURVE('',#790,#1330);
#1330 = DEFINITIONAL_REPRESENTATION('',(#1331),#1334);
#1331 = B_SPLINE_CURVE_WITH_KNOTS('',1,(#1332,#1333),.UNSPECIFIED.,.F.,
  .F.,(2,2),(0.599987408199,1.32),.PIECEWISE_BEZIER_KNOTS.);
#1332 = CARTESIAN_POINT('',(0.599987408199,50.824176727877));
#1333 = CARTESIAN_POINT('',(1.32,50.824176727877));
#1334 = ( GEOMETRIC_REPRESENTATION_CONTEXT(2) 
PARAMETRIC_REPRESENTATION_CONTEXT() REPRESENTATION_CONTEXT('2D SPACE',''
  ) );
#1335 = PCURVE('',#1336,#1341);
#1336 = CYLINDRICAL_SURFACE('',#1337,5.);
#1337 = AXIS2_PLACEMENT_3D('',#1338,#1339,#1340);
#1338 = CARTESIAN_POINT('',(50.,0.,-2.));
#1339 = DIRECTION('',(0.,0.,1.));
#1340 = DIRECTION('',(1.,0.,-0.));
#1341 = DEFINITIONAL_REPRESENTATION('',(#1342),#1345);
#1342 = B_SPLINE_CURVE_WITH_KNOTS('',1,(#1343,#1344),.UNSPECIFIED.,.F.,
  .F.,(2,2),(0.599987408199,1.32),.PIECEWISE_BEZIER_KNOTS.);
#1343 = CARTESIAN_POINT('',(2.559228415721,0.599987408199));
#1344 = CARTESIAN_POINT('',(2.559228415721,1.32));
#1345 = ( GEOMETRIC_REPRESENTATION_CONTEXT(2) 
PARAMETRIC_REPRESENTATION_CONTEXT() REPRESENTATION_CONTEXT('2D SPACE',''
  ) );
#1346 = ORIENTED_EDGE('',*,*,#1347,.T.);
#1347 = EDGE_CURVE('',#1322,#770,#1348,.T.);
#1348 = SURFACE_CURVE('',#1349,(#1354,#1361),.PCURVE_S1.);
#1349 = HYPERBOLA('',#1350,2.75,2.75);
#1350 = AXIS2_PLACEMENT_3D('',#1351,#1352,#1353);
#1351 = CARTESIAN_POINT('',(50.,2.75,-6.4));
#1352 = DIRECTION('',(-0.,1.,0.));
#1353 = DIRECTION('',(0.,0.,1.));
#1354 = PCURVE('',#790,#1355);
#1355 = DEFINITIONAL_REPRESENTATION('',(#1356),#1360);
#1356 = ( BOUNDED_CURVE() B_SPLINE_CURVE(2,(#1357,#1358,#1359),
.UNSPECIFIED.,.F.,.F.) B_SPLINE_CURVE_WITH_KNOTS((3,3),(-1.204971208168,
-1.046967915003),.PIECEWISE_BEZIER_KNOTS.) CURVE() 
GEOMETRIC_REPRESENTATION_ITEM() RATIONAL_B_SPLINE_CURVE((1.,
1.003122253474,1.)) REPRESENTATION_ITEM('') );
#1357 = CARTESIAN_POINT('',(0.6,50.824176727877));
#1358 = CARTESIAN_POINT('',(0.270787700728,51.218365224156));
#1359 = CARTESIAN_POINT('',(3.552713678801E-15,51.565251100881));
#1360 = ( GEOMETRIC_REPRESENTATION_CONTEXT(2) 
PARAMETRIC_REPRESENTATION_CONTEXT() REPRESENTATION_CONTEXT('2D SPACE',''
  ) );
#1361 = PCURVE('',#1100,#1362);
#1362 = DEFINITIONAL_REPRESENTATION('',(#1363),#1370);
#1363 = B_SPLINE_CURVE_WITH_KNOTS('',5,(#1364,#1365,#1366,#1367,#1368,
    #1369),.UNSPECIFIED.,.F.,.F.,(6,6),(-1.204971208168,-1.046967915003)
  ,.PIECEWISE_BEZIER_KNOTS.);
#1364 = CARTESIAN_POINT('',(2.559228415721,-1.998401444325E-15));
#1365 = CARTESIAN_POINT('',(2.541848053473,-0.131958765734));
#1366 = CARTESIAN_POINT('',(2.523894317204,-0.257676273539));
#1367 = CARTESIAN_POINT('',(2.505352932484,-0.377427038356));
#1368 = CARTESIAN_POINT('',(2.486211532298,-0.491459672549));
#1369 = CARTESIAN_POINT('',(2.466461120653,-0.6));
#1370 = ( GEOMETRIC_REPRESENTATION_CONTEXT(2) 
PARAMETRIC_REPRESENTATION_CONTEXT() REPRESENTATION_CONTEXT('2D SPACE',''
  ) );
#1371 = ADVANCED_FACE('',(#1372),#819,.T.);
#1372 = FACE_BOUND('',#1373,.F.);
#1373 = EDGE_LOOP('',(#1374,#1375,#1399,#1424));
#1374 = ORIENTED_EDGE('',*,*,#1240,.T.);
#1375 = ORIENTED_EDGE('',*,*,#1376,.T.);
#1376 = EDGE_CURVE('',#1241,#1377,#1379,.T.);
#1377 = VERTEX_POINT('',#1378);
#1378 = CARTESIAN_POINT('',(-4.175823272123,2.75,-1.4));
#1379 = SURFACE_CURVE('',#1380,(#1385,#1392),.PCURVE_S1.);
#1380 = CIRCLE('',#1381,5.);
#1381 = AXIS2_PLACEMENT_3D('',#1382,#1383,#1384);
#1382 = CARTESIAN_POINT('',(0.,0.,-1.4));
#1383 = DIRECTION('',(0.,0.,1.));
#1384 = DIRECTION('',(1.,0.,-0.));
#1385 = PCURVE('',#819,#1386);
#1386 = DEFINITIONAL_REPRESENTATION('',(#1387),#1391);
#1387 = LINE('',#1388,#1389);
#1388 = CARTESIAN_POINT('',(0.,-0.));
#1389 = VECTOR('',#1390,1.);
#1390 = DIRECTION('',(1.,-0.));
#1391 = ( GEOMETRIC_REPRESENTATION_CONTEXT(2) 
PARAMETRIC_REPRESENTATION_CONTEXT() REPRESENTATION_CONTEXT('2D SPACE',''
  ) );
#1392 = PCURVE('',#1282,#1393);
#1393 = DEFINITIONAL_REPRESENTATION('',(#1394),#1398);
#1394 = LINE('',#1395,#1396);
#1395 = CARTESIAN_POINT('',(0.,0.6));
#1396 = VECTOR('',#1397,1.);
#1397 = DIRECTION('',(1.,0.));
#1398 = ( GEOMETRIC_REPRESENTATION_CONTEXT(2) 
PARAMETRIC_REPRESENTATION_CONTEXT() REPRESENTATION_CONTEXT('2D SPACE',''
  ) );
#1399 = ORIENTED_EDGE('',*,*,#1400,.T.);
#1400 = EDGE_CURVE('',#1377,#803,#1401,.T.);
#1401 = SURFACE_CURVE('',#1402,(#1407,#1417),.PCURVE_S1.);
#1402 = HYPERBOLA('',#1403,2.75,2.75);
#1403 = AXIS2_PLACEMENT_3D('',#1404,#1405,#1406);
#1404 = CARTESIAN_POINT('',(0.,2.75,-6.4));
#1405 = DIRECTION('',(-0.,1.,0.));
#1406 = DIRECTION('',(0.,0.,1.));
#1407 = PCURVE('',#819,#1408);
#1408 = DEFINITIONAL_REPRESENTATION('',(#1409),#1416);
#1409 = B_SPLINE_CURVE_WITH_KNOTS('',5,(#1410,#1411,#1412,#1413,#1414,
    #1415),.UNSPECIFIED.,.F.,.F.,(6,6),(-1.204971208168,-1.046967915003)
  ,.PIECEWISE_BEZIER_KNOTS.);
#1410 = CARTESIAN_POINT('',(2.559228415721,-6.661338147751E-16));
#1411 = CARTESIAN_POINT('',(2.541848053473,-0.131958765734));
#1412 = CARTESIAN_POINT('',(2.523894317204,-0.257676273539));
#1413 = CARTESIAN_POINT('',(2.505352932484,-0.377427038356));
#1414 = CARTESIAN_POINT('',(2.486211532298,-0.491459672549));
#1415 = CARTESIAN_POINT('',(2.466461120653,-0.6));
#1416 = ( GEOMETRIC_REPRESENTATION_CONTEXT(2) 
PARAMETRIC_REPRESENTATION_CONTEXT() REPRESENTATION_CONTEXT('2D SPACE',''
  ) );
#1417 = PCURVE('',#847,#1418);
#1418 = DEFINITIONAL_REPRESENTATION('',(#1419),#1423);
#1419 = ( BOUNDED_CURVE() B_SPLINE_CURVE(2,(#1420,#1421,#1422),
.UNSPECIFIED.,.F.,.F.) B_SPLINE_CURVE_WITH_KNOTS((3,3),(-1.204971208168,
-1.046967915003),.PIECEWISE_BEZIER_KNOTS.) CURVE() 
GEOMETRIC_REPRESENTATION_ITEM() RATIONAL_B_SPLINE_CURVE((1.,
1.003122253474,1.)) REPRESENTATION_ITEM('') );
#1420 = CARTESIAN_POINT('',(0.6,0.824176727877));
#1421 = CARTESIAN_POINT('',(0.270787700728,1.218365224156));
#1422 = CARTESIAN_POINT('',(8.881784197001E-16,1.565251100881));
#1423 = ( GEOMETRIC_REPRESENTATION_CONTEXT(2) 
PARAMETRIC_REPRESENTATION_CONTEXT() REPRESENTATION_CONTEXT('2D SPACE',''
  ) );
#1424 = ORIENTED_EDGE('',*,*,#802,.F.);
#1425 = ADVANCED_FACE('',(#1426),#1100,.T.);
#1426 = FACE_BOUND('',#1427,.F.);
#1427 = EDGE_LOOP('',(#1428,#1455,#1477,#1478));
#1428 = ORIENTED_EDGE('',*,*,#1429,.T.);
#1429 = EDGE_CURVE('',#1058,#1430,#1432,.T.);
#1430 = VERTEX_POINT('',#1431);
#1431 = CARTESIAN_POINT('',(54.175823272122,2.75,-1.4));
#1432 = SURFACE_CURVE('',#1433,(#1438,#1448),.PCURVE_S1.);
#1433 = HYPERBOLA('',#1434,2.75,2.75);
#1434 = AXIS2_PLACEMENT_3D('',#1435,#1436,#1437);
#1435 = CARTESIAN_POINT('',(50.,2.75,-6.4));
#1436 = DIRECTION('',(-0.,1.,0.));
#1437 = DIRECTION('',(0.,0.,1.));
#1438 = PCURVE('',#1100,#1439);
#1439 = DEFINITIONAL_REPRESENTATION('',(#1440),#1447);
#1440 = B_SPLINE_CURVE_WITH_KNOTS('',5,(#1441,#1442,#1443,#1444,#1445,
    #1446),.UNSPECIFIED.,.F.,.F.,(6,6),(1.046967915003,1.204971208168),
  .PIECEWISE_BEZIER_KNOTS.);
#1441 = CARTESIAN_POINT('',(0.675131532937,-0.6));
#1442 = CARTESIAN_POINT('',(0.655381121291,-0.491459672549));
#1443 = CARTESIAN_POINT('',(0.636239721106,-0.377427038356));
#1444 = CARTESIAN_POINT('',(0.617698336386,-0.257676273539));
#1445 = CARTESIAN_POINT('',(0.599744600117,-0.131958765734));
#1446 = CARTESIAN_POINT('',(0.582364237869,-1.998401444325E-15));
#1447 = ( GEOMETRIC_REPRESENTATION_CONTEXT(2) 
PARAMETRIC_REPRESENTATION_CONTEXT() REPRESENTATION_CONTEXT('2D SPACE',''
  ) );
#1448 = PCURVE('',#1073,#1449);
#1449 = DEFINITIONAL_REPRESENTATION('',(#1450),#1454);
#1450 = ( BOUNDED_CURVE() B_SPLINE_CURVE(2,(#1451,#1452,#1453),
.UNSPECIFIED.,.F.,.F.) B_SPLINE_CURVE_WITH_KNOTS((3,3),(1.046967915003,
1.204971208168),.PIECEWISE_BEZIER_KNOTS.) CURVE() 
GEOMETRIC_REPRESENTATION_ITEM() RATIONAL_B_SPLINE_CURVE((1.,
1.003122253474,1.)) REPRESENTATION_ITEM('') );
#1451 = CARTESIAN_POINT('',(3.552713678801E-15,58.434748899119));
#1452 = CARTESIAN_POINT('',(0.270787700728,58.781634775844));
#1453 = CARTESIAN_POINT('',(0.6,59.175823272123));
#1454 = ( GEOMETRIC_REPRESENTATION_CONTEXT(2) 
PARAMETRIC_REPRESENTATION_CONTEXT() REPRESENTATION_CONTEXT('2D SPACE',''
  ) );
#1455 = ORIENTED_EDGE('',*,*,#1456,.T.);
#1456 = EDGE_CURVE('',#1430,#1322,#1457,.T.);
#1457 = SURFACE_CURVE('',#1458,(#1463,#1470),.PCURVE_S1.);
#1458 = CIRCLE('',#1459,5.);
#1459 = AXIS2_PLACEMENT_3D('',#1460,#1461,#1462);
#1460 = CARTESIAN_POINT('',(50.,0.,-1.4));
#1461 = DIRECTION('',(0.,0.,1.));
#1462 = DIRECTION('',(1.,0.,-0.));
#1463 = PCURVE('',#1100,#1464);
#1464 = DEFINITIONAL_REPRESENTATION('',(#1465),#1469);
#1465 = LINE('',#1466,#1467);
#1466 = CARTESIAN_POINT('',(0.,-0.));
#1467 = VECTOR('',#1468,1.);
#1468 = DIRECTION('',(1.,-0.));
#1469 = ( GEOMETRIC_REPRESENTATION_CONTEXT(2) 
PARAMETRIC_REPRESENTATION_CONTEXT() REPRESENTATION_CONTEXT('2D SPACE',''
  ) );
#1470 = PCURVE('',#1336,#1471);
#1471 = DEFINITIONAL_REPRESENTATION('',(#1472),#1476);
#1472 = LINE('',#1473,#1474);
#1473 = CARTESIAN_POINT('',(0.,0.6));
#1474 = VECTOR('',#1475,1.);
#1475 = DIRECTION('',(1.,0.));
#1476 = ( GEOMETRIC_REPRESENTATION_CONTEXT(2) 
PARAMETRIC_REPRESENTATION_CONTEXT() REPRESENTATION_CONTEXT('2D SPACE',''
  ) );
#1477 = ORIENTED_EDGE('',*,*,#1347,.T.);
#1478 = ORIENTED_EDGE('',*,*,#1085,.F.);
#1479 = ADVANCED_FACE('',(#1480),#847,.T.);
#1480 = FACE_BOUND('',#1481,.T.);
#1481 = EDGE_LOOP('',(#1482,#1483,#1506,#1534,#1553));
#1482 = ORIENTED_EDGE('',*,*,#831,.F.);
#1483 = ORIENTED_EDGE('',*,*,#1484,.T.);
#1484 = EDGE_CURVE('',#832,#1485,#1487,.T.);
#1485 = VERTEX_POINT('',#1486);
#1486 = CARTESIAN_POINT('',(-5.,2.75,-0.8));
#1487 = SURFACE_CURVE('',#1488,(#1492,#1499),.PCURVE_S1.);
#1488 = LINE('',#1489,#1490);
#1489 = CARTESIAN_POINT('',(-5.,2.75,-2.));
#1490 = VECTOR('',#1491,1.);
#1491 = DIRECTION('',(0.,0.,1.));
#1492 = PCURVE('',#847,#1493);
#1493 = DEFINITIONAL_REPRESENTATION('',(#1494),#1498);
#1494 = LINE('',#1495,#1496);
#1495 = CARTESIAN_POINT('',(0.,0.));
#1496 = VECTOR('',#1497,1.);
#1497 = DIRECTION('',(1.,0.));
#1498 = ( GEOMETRIC_REPRESENTATION_CONTEXT(2) 
PARAMETRIC_REPRESENTATION_CONTEXT() REPRESENTATION_CONTEXT('2D SPACE',''
  ) );
#1499 = PCURVE('',#875,#1500);
#1500 = DEFINITIONAL_REPRESENTATION('',(#1501),#1505);
#1501 = LINE('',#1502,#1503);
#1502 = CARTESIAN_POINT('',(0.,-5.5));
#1503 = VECTOR('',#1504,1.);
#1504 = DIRECTION('',(1.,0.));
#1505 = ( GEOMETRIC_REPRESENTATION_CONTEXT(2) 
PARAMETRIC_REPRESENTATION_CONTEXT() REPRESENTATION_CONTEXT('2D SPACE',''
  ) );
#1506 = ORIENTED_EDGE('',*,*,#1507,.T.);
#1507 = EDGE_CURVE('',#1485,#1508,#1510,.T.);
#1508 = VERTEX_POINT('',#1509);
#1509 = CARTESIAN_POINT('',(-4.175823272123,2.75,-0.8));
#1510 = SURFACE_CURVE('',#1511,(#1515,#1522),.PCURVE_S1.);
#1511 = LINE('',#1512,#1513);
#1512 = CARTESIAN_POINT('',(-5.,2.75,-0.8));
#1513 = VECTOR('',#1514,1.);
#1514 = DIRECTION('',(1.,0.,-0.));
#1515 = PCURVE('',#847,#1516);
#1516 = DEFINITIONAL_REPRESENTATION('',(#1517),#1521);
#1517 = LINE('',#1518,#1519);
#1518 = CARTESIAN_POINT('',(1.2,0.));
#1519 = VECTOR('',#1520,1.);
#1520 = DIRECTION('',(0.,1.));
#1521 = ( GEOMETRIC_REPRESENTATION_CONTEXT(2) 
PARAMETRIC_REPRESENTATION_CONTEXT() REPRESENTATION_CONTEXT('2D SPACE',''
  ) );
#1522 = PCURVE('',#1523,#1528);
#1523 = PLANE('',#1524);
#1524 = AXIS2_PLACEMENT_3D('',#1525,#1526,#1527);
#1525 = CARTESIAN_POINT('',(-5.,-2.75,-0.8));
#1526 = DIRECTION('',(0.,0.,1.));
#1527 = DIRECTION('',(1.,0.,-0.));
#1528 = DEFINITIONAL_REPRESENTATION('',(#1529),#1533);
#1529 = LINE('',#1530,#1531);
#1530 = CARTESIAN_POINT('',(0.,5.5));
#1531 = VECTOR('',#1532,1.);
#1532 = DIRECTION('',(1.,0.));
#1533 = ( GEOMETRIC_REPRESENTATION_CONTEXT(2) 
PARAMETRIC_REPRESENTATION_CONTEXT() REPRESENTATION_CONTEXT('2D SPACE',''
  ) );
#1534 = ORIENTED_EDGE('',*,*,#1535,.F.);
#1535 = EDGE_CURVE('',#1377,#1508,#1536,.T.);
#1536 = SURFACE_CURVE('',#1537,(#1541,#1547),.PCURVE_S1.);
#1537 = LINE('',#1538,#1539);
#1538 = CARTESIAN_POINT('',(-4.175823272123,2.75,-2.));
#1539 = VECTOR('',#1540,1.);
#1540 = DIRECTION('',(0.,0.,1.));
#1541 = PCURVE('',#847,#1542);
#1542 = DEFINITIONAL_REPRESENTATION('',(#1543),#1546);
#1543 = B_SPLINE_CURVE_WITH_KNOTS('',1,(#1544,#1545),.UNSPECIFIED.,.F.,
  .F.,(2,2),(0.599987408199,1.32),.PIECEWISE_BEZIER_KNOTS.);
#1544 = CARTESIAN_POINT('',(0.599987408199,0.824176727877));
#1545 = CARTESIAN_POINT('',(1.32,0.824176727877));
#1546 = ( GEOMETRIC_REPRESENTATION_CONTEXT(2) 
PARAMETRIC_REPRESENTATION_CONTEXT() REPRESENTATION_CONTEXT('2D SPACE',''
  ) );
#1547 = PCURVE('',#1282,#1548);
#1548 = DEFINITIONAL_REPRESENTATION('',(#1549),#1552);
#1549 = B_SPLINE_CURVE_WITH_KNOTS('',1,(#1550,#1551),.UNSPECIFIED.,.F.,
  .F.,(2,2),(0.599987408199,1.32),.PIECEWISE_BEZIER_KNOTS.);
#1550 = CARTESIAN_POINT('',(2.559228415721,0.599987408199));
#1551 = CARTESIAN_POINT('',(2.559228415721,1.32));
#1552 = ( GEOMETRIC_REPRESENTATION_CONTEXT(2) 
PARAMETRIC_REPRESENTATION_CONTEXT() REPRESENTATION_CONTEXT('2D SPACE',''
  ) );
#1553 = ORIENTED_EDGE('',*,*,#1400,.T.);
#1554 = ADVANCED_FACE('',(#1555),#1073,.T.);
#1555 = FACE_BOUND('',#1556,.T.);
#1556 = EDGE_LOOP('',(#1557,#1558,#1559,#1580,#1608));
#1557 = ORIENTED_EDGE('',*,*,#1057,.F.);
#1558 = ORIENTED_EDGE('',*,*,#1429,.T.);
#1559 = ORIENTED_EDGE('',*,*,#1560,.T.);
#1560 = EDGE_CURVE('',#1430,#1561,#1563,.T.);
#1561 = VERTEX_POINT('',#1562);
#1562 = CARTESIAN_POINT('',(54.175823272122,2.75,-0.8));
#1563 = SURFACE_CURVE('',#1564,(#1568,#1574),.PCURVE_S1.);
#1564 = LINE('',#1565,#1566);
#1565 = CARTESIAN_POINT('',(54.175823272123,2.75,-2.));
#1566 = VECTOR('',#1567,1.);
#1567 = DIRECTION('',(0.,0.,1.));
#1568 = PCURVE('',#1073,#1569);
#1569 = DEFINITIONAL_REPRESENTATION('',(#1570),#1573);
#1570 = B_SPLINE_CURVE_WITH_KNOTS('',1,(#1571,#1572),.UNSPECIFIED.,.F.,
  .F.,(2,2),(0.599987408199,1.32),.PIECEWISE_BEZIER_KNOTS.);
#1571 = CARTESIAN_POINT('',(0.599987408199,59.175823272123));
#1572 = CARTESIAN_POINT('',(1.32,59.175823272123));
#1573 = ( GEOMETRIC_REPRESENTATION_CONTEXT(2) 
PARAMETRIC_REPRESENTATION_CONTEXT() REPRESENTATION_CONTEXT('2D SPACE',''
  ) );
#1574 = PCURVE('',#1336,#1575);
#1575 = DEFINITIONAL_REPRESENTATION('',(#1576),#1579);
#1576 = B_SPLINE_CURVE_WITH_KNOTS('',1,(#1577,#1578),.UNSPECIFIED.,.F.,
  .F.,(2,2),(0.599987408199,1.32),.PIECEWISE_BEZIER_KNOTS.);
#1577 = CARTESIAN_POINT('',(0.582364237869,0.599987408199));
#1578 = CARTESIAN_POINT('',(0.582364237869,1.32));
#1579 = ( GEOMETRIC_REPRESENTATION_CONTEXT(2) 
PARAMETRIC_REPRESENTATION_CONTEXT() REPRESENTATION_CONTEXT('2D SPACE',''
  ) );
#1580 = ORIENTED_EDGE('',*,*,#1581,.T.);
#1581 = EDGE_CURVE('',#1561,#1582,#1584,.T.);
#1582 = VERTEX_POINT('',#1583);
#1583 = CARTESIAN_POINT('',(55.,2.75,-0.8));
#1584 = SURFACE_CURVE('',#1585,(#1589,#1596),.PCURVE_S1.);
#1585 = LINE('',#1586,#1587);
#1586 = CARTESIAN_POINT('',(-5.,2.75,-0.8));
#1587 = VECTOR('',#1588,1.);
#1588 = DIRECTION('',(1.,0.,-0.));
#1589 = PCURVE('',#1073,#1590);
#1590 = DEFINITIONAL_REPRESENTATION('',(#1591),#1595);
#1591 = LINE('',#1592,#1593);
#1592 = CARTESIAN_POINT('',(1.2,0.));
#1593 = VECTOR('',#1594,1.);
#1594 = DIRECTION('',(0.,1.));
#1595 = ( GEOMETRIC_REPRESENTATION_CONTEXT(2) 
PARAMETRIC_REPRESENTATION_CONTEXT() REPRESENTATION_CONTEXT('2D SPACE',''
  ) );
#1596 = PCURVE('',#1597,#1602);
#1597 = PLANE('',#1598);
#1598 = AXIS2_PLACEMENT_3D('',#1599,#1600,#1601);
#1599 = CARTESIAN_POINT('',(-5.,-2.75,-0.8));
#1600 = DIRECTION('',(0.,0.,1.));
#1601 = DIRECTION('',(1.,0.,-0.));
#1602 = DEFINITIONAL_REPRESENTATION('',(#1603),#1607);
#1603 = LINE('',#1604,#1605);
#1604 = CARTESIAN_POINT('',(0.,5.5));
#1605 = VECTOR('',#1606,1.);
#1606 = DIRECTION('',(1.,0.));
#1607 = ( GEOMETRIC_REPRESENTATION_CONTEXT(2) 
PARAMETRIC_REPRESENTATION_CONTEXT() REPRESENTATION_CONTEXT('2D SPACE',''
  ) );
#1608 = ORIENTED_EDGE('',*,*,#1609,.F.);
#1609 = EDGE_CURVE('',#1030,#1582,#1610,.T.);
#1610 = SURFACE_CURVE('',#1611,(#1615,#1622),.PCURVE_S1.);
#1611 = LINE('',#1612,#1613);
#1612 = CARTESIAN_POINT('',(55.,2.75,-2.));
#1613 = VECTOR('',#1614,1.);
#1614 = DIRECTION('',(0.,0.,1.));
#1615 = PCURVE('',#1073,#1616);
#1616 = DEFINITIONAL_REPRESENTATION('',(#1617),#1621);
#1617 = LINE('',#1618,#1619);
#1618 = CARTESIAN_POINT('',(0.,60.));
#1619 = VECTOR('',#1620,1.);
#1620 = DIRECTION('',(1.,0.));
#1621 = ( GEOMETRIC_REPRESENTATION_CONTEXT(2) 
PARAMETRIC_REPRESENTATION_CONTEXT() REPRESENTATION_CONTEXT('2D SPACE',''
  ) );
#1622 = PCURVE('',#1045,#1623);
#1623 = DEFINITIONAL_REPRESENTATION('',(#1624),#1628);
#1624 = LINE('',#1625,#1626);
#1625 = CARTESIAN_POINT('',(0.,-5.5));
#1626 = VECTOR('',#1627,1.);
#1627 = DIRECTION('',(1.,0.));
#1628 = ( GEOMETRIC_REPRESENTATION_CONTEXT(2) 
PARAMETRIC_REPRESENTATION_CONTEXT() REPRESENTATION_CONTEXT('2D SPACE',''
  ) );
#1629 = ADVANCED_FACE('',(#1630),#875,.F.);
#1630 = FACE_BOUND('',#1631,.F.);
#1631 = EDGE_LOOP('',(#1632,#1655,#1656,#1657,#1680,#1708,#1736,#1764,
    #1792,#1820,#1848,#1876));
#1632 = ORIENTED_EDGE('',*,*,#1633,.F.);
#1633 = EDGE_CURVE('',#860,#1634,#1636,.T.);
#1634 = VERTEX_POINT('',#1635);
#1635 = CARTESIAN_POINT('',(-5.,-2.75,-0.8));
#1636 = SURFACE_CURVE('',#1637,(#1641,#1648),.PCURVE_S1.);
#1637 = LINE('',#1638,#1639);
#1638 = CARTESIAN_POINT('',(-5.,-2.75,-2.));
#1639 = VECTOR('',#1640,1.);
#1640 = DIRECTION('',(0.,0.,1.));
#1641 = PCURVE('',#875,#1642);
#1642 = DEFINITIONAL_REPRESENTATION('',(#1643),#1647);
#1643 = LINE('',#1644,#1645);
#1644 = CARTESIAN_POINT('',(0.,0.));
#1645 = VECTOR('',#1646,1.);
#1646 = DIRECTION('',(1.,0.));
#1647 = ( GEOMETRIC_REPRESENTATION_CONTEXT(2) 
PARAMETRIC_REPRESENTATION_CONTEXT() REPRESENTATION_CONTEXT('2D SPACE',''
  ) );
#1648 = PCURVE('',#903,#1649);
#1649 = DEFINITIONAL_REPRESENTATION('',(#1650),#1654);
#1650 = LINE('',#1651,#1652);
#1651 = CARTESIAN_POINT('',(0.,0.));
#1652 = VECTOR('',#1653,1.);
#1653 = DIRECTION('',(1.,0.));
#1654 = ( GEOMETRIC_REPRESENTATION_CONTEXT(2) 
PARAMETRIC_REPRESENTATION_CONTEXT() REPRESENTATION_CONTEXT('2D SPACE',''
  ) );
#1655 = ORIENTED_EDGE('',*,*,#859,.T.);
#1656 = ORIENTED_EDGE('',*,*,#1484,.T.);
#1657 = ORIENTED_EDGE('',*,*,#1658,.F.);
#1658 = EDGE_CURVE('',#1659,#1485,#1661,.T.);
#1659 = VERTEX_POINT('',#1660);
#1660 = CARTESIAN_POINT('',(-5.,1.2375,-0.8));
#1661 = SURFACE_CURVE('',#1662,(#1666,#1673),.PCURVE_S1.);
#1662 = LINE('',#1663,#1664);
#1663 = CARTESIAN_POINT('',(-5.,-2.75,-0.8));
#1664 = VECTOR('',#1665,1.);
#1665 = DIRECTION('',(-0.,1.,0.));
#1666 = PCURVE('',#875,#1667);
#1667 = DEFINITIONAL_REPRESENTATION('',(#1668),#1672);
#1668 = LINE('',#1669,#1670);
#1669 = CARTESIAN_POINT('',(1.2,0.));
#1670 = VECTOR('',#1671,1.);
#1671 = DIRECTION('',(0.,-1.));
#1672 = ( GEOMETRIC_REPRESENTATION_CONTEXT(2) 
PARAMETRIC_REPRESENTATION_CONTEXT() REPRESENTATION_CONTEXT('2D SPACE',''
  ) );
#1673 = PCURVE('',#1523,#1674);
#1674 = DEFINITIONAL_REPRESENTATION('',(#1675),#1679);
#1675 = LINE('',#1676,#1677);
#1676 = CARTESIAN_POINT('',(0.,0.));
#1677 = VECTOR('',#1678,1.);
#1678 = DIRECTION('',(0.,1.));
#1679 = ( GEOMETRIC_REPRESENTATION_CONTEXT(2) 
PARAMETRIC_REPRESENTATION_CONTEXT() REPRESENTATION_CONTEXT('2D SPACE',''
  ) );
#1680 = ORIENTED_EDGE('',*,*,#1681,.T.);
#1681 = EDGE_CURVE('',#1659,#1682,#1684,.T.);
#1682 = VERTEX_POINT('',#1683);
#1683 = CARTESIAN_POINT('',(-5.,1.2375,0.8));
#1684 = SURFACE_CURVE('',#1685,(#1689,#1696),.PCURVE_S1.);
#1685 = LINE('',#1686,#1687);
#1686 = CARTESIAN_POINT('',(-5.,1.2375,-0.8));
#1687 = VECTOR('',#1688,1.);
#1688 = DIRECTION('',(0.,0.,1.));
#1689 = PCURVE('',#875,#1690);
#1690 = DEFINITIONAL_REPRESENTATION('',(#1691),#1695);
#1691 = LINE('',#1692,#1693);
#1692 = CARTESIAN_POINT('',(1.2,-3.9875));
#1693 = VECTOR('',#1694,1.);
#1694 = DIRECTION('',(1.,0.));
#1695 = ( GEOMETRIC_REPRESENTATION_CONTEXT(2) 
PARAMETRIC_REPRESENTATION_CONTEXT() REPRESENTATION_CONTEXT('2D SPACE',''
  ) );
#1696 = PCURVE('',#1697,#1702);
#1697 = PLANE('',#1698);
#1698 = AXIS2_PLACEMENT_3D('',#1699,#1700,#1701);
#1699 = CARTESIAN_POINT('',(-5.,1.2375,-0.8));
#1700 = DIRECTION('',(-0.,1.,0.));
#1701 = DIRECTION('',(0.,0.,1.));
#1702 = DEFINITIONAL_REPRESENTATION('',(#1703),#1707);
#1703 = LINE('',#1704,#1705);
#1704 = CARTESIAN_POINT('',(0.,0.));
#1705 = VECTOR('',#1706,1.);
#1706 = DIRECTION('',(1.,0.));
#1707 = ( GEOMETRIC_REPRESENTATION_CONTEXT(2) 
PARAMETRIC_REPRESENTATION_CONTEXT() REPRESENTATION_CONTEXT('2D SPACE',''
  ) );
#1708 = ORIENTED_EDGE('',*,*,#1709,.T.);
#1709 = EDGE_CURVE('',#1682,#1710,#1712,.T.);
#1710 = VERTEX_POINT('',#1711);
#1711 = CARTESIAN_POINT('',(-5.,2.75,0.8));
#1712 = SURFACE_CURVE('',#1713,(#1717,#1724),.PCURVE_S1.);
#1713 = LINE('',#1714,#1715);
#1714 = CARTESIAN_POINT('',(-5.,-2.75,0.8));
#1715 = VECTOR('',#1716,1.);
#1716 = DIRECTION('',(-0.,1.,0.));
#1717 = PCURVE('',#875,#1718);
#1718 = DEFINITIONAL_REPRESENTATION('',(#1719),#1723);
#1719 = LINE('',#1720,#1721);
#1720 = CARTESIAN_POINT('',(2.8,0.));
#1721 = VECTOR('',#1722,1.);
#1722 = DIRECTION('',(0.,-1.));
#1723 = ( GEOMETRIC_REPRESENTATION_CONTEXT(2) 
PARAMETRIC_REPRESENTATION_CONTEXT() REPRESENTATION_CONTEXT('2D SPACE',''
  ) );
#1724 = PCURVE('',#1725,#1730);
#1725 = PLANE('',#1726);
#1726 = AXIS2_PLACEMENT_3D('',#1727,#1728,#1729);
#1727 = CARTESIAN_POINT('',(-5.,-2.75,0.8));
#1728 = DIRECTION('',(0.,0.,1.));
#1729 = DIRECTION('',(1.,0.,-0.));
#1730 = DEFINITIONAL_REPRESENTATION('',(#1731),#1735);
#1731 = LINE('',#1732,#1733);
#1732 = CARTESIAN_POINT('',(0.,0.));
#1733 = VECTOR('',#1734,1.);
#1734 = DIRECTION('',(0.,1.));
#1735 = ( GEOMETRIC_REPRESENTATION_CONTEXT(2) 
PARAMETRIC_REPRESENTATION_CONTEXT() REPRESENTATION_CONTEXT('2D SPACE',''
  ) );
#1736 = ORIENTED_EDGE('',*,*,#1737,.T.);
#1737 = EDGE_CURVE('',#1710,#1738,#1740,.T.);
#1738 = VERTEX_POINT('',#1739);
#1739 = CARTESIAN_POINT('',(-5.,2.75,2.));
#1740 = SURFACE_CURVE('',#1741,(#1745,#1752),.PCURVE_S1.);
#1741 = LINE('',#1742,#1743);
#1742 = CARTESIAN_POINT('',(-5.,2.75,0.8));
#1743 = VECTOR('',#1744,1.);
#1744 = DIRECTION('',(0.,0.,1.));
#1745 = PCURVE('',#875,#1746);
#1746 = DEFINITIONAL_REPRESENTATION('',(#1747),#1751);
#1747 = LINE('',#1748,#1749);
#1748 = CARTESIAN_POINT('',(2.8,-5.5));
#1749 = VECTOR('',#1750,1.);
#1750 = DIRECTION('',(1.,0.));
#1751 = ( GEOMETRIC_REPRESENTATION_CONTEXT(2) 
PARAMETRIC_REPRESENTATION_CONTEXT() REPRESENTATION_CONTEXT('2D SPACE',''
  ) );
#1752 = PCURVE('',#1753,#1758);
#1753 = PLANE('',#1754);
#1754 = AXIS2_PLACEMENT_3D('',#1755,#1756,#1757);
#1755 = CARTESIAN_POINT('',(-5.,2.75,0.8));
#1756 = DIRECTION('',(-0.,1.,0.));
#1757 = DIRECTION('',(0.,0.,1.));
#1758 = DEFINITIONAL_REPRESENTATION('',(#1759),#1763);
#1759 = LINE('',#1760,#1761);
#1760 = CARTESIAN_POINT('',(0.,0.));
#1761 = VECTOR('',#1762,1.);
#1762 = DIRECTION('',(1.,0.));
#1763 = ( GEOMETRIC_REPRESENTATION_CONTEXT(2) 
PARAMETRIC_REPRESENTATION_CONTEXT() REPRESENTATION_CONTEXT('2D SPACE',''
  ) );
#1764 = ORIENTED_EDGE('',*,*,#1765,.F.);
#1765 = EDGE_CURVE('',#1766,#1738,#1768,.T.);
#1766 = VERTEX_POINT('',#1767);
#1767 = CARTESIAN_POINT('',(-5.,-2.75,2.));
#1768 = SURFACE_CURVE('',#1769,(#1773,#1780),.PCURVE_S1.);
#1769 = LINE('',#1770,#1771);
#1770 = CARTESIAN_POINT('',(-5.,-2.75,2.));
#1771 = VECTOR('',#1772,1.);
#1772 = DIRECTION('',(-0.,1.,0.));
#1773 = PCURVE('',#875,#1774);
#1774 = DEFINITIONAL_REPRESENTATION('',(#1775),#1779);
#1775 = LINE('',#1776,#1777);
#1776 = CARTESIAN_POINT('',(4.,0.));
#1777 = VECTOR('',#1778,1.);
#1778 = DIRECTION('',(0.,-1.));
#1779 = ( GEOMETRIC_REPRESENTATION_CONTEXT(2) 
PARAMETRIC_REPRESENTATION_CONTEXT() REPRESENTATION_CONTEXT('2D SPACE',''
  ) );
#1780 = PCURVE('',#1781,#1786);
#1781 = PLANE('',#1782);
#1782 = AXIS2_PLACEMENT_3D('',#1783,#1784,#1785);
#1783 = CARTESIAN_POINT('',(-5.,-2.75,2.));
#1784 = DIRECTION('',(0.,0.,1.));
#1785 = DIRECTION('',(1.,0.,-0.));
#1786 = DEFINITIONAL_REPRESENTATION('',(#1787),#1791);
#1787 = LINE('',#1788,#1789);
#1788 = CARTESIAN_POINT('',(0.,0.));
#1789 = VECTOR('',#1790,1.);
#1790 = DIRECTION('',(0.,1.));
#1791 = ( GEOMETRIC_REPRESENTATION_CONTEXT(2) 
PARAMETRIC_REPRESENTATION_CONTEXT() REPRESENTATION_CONTEXT('2D SPACE',''
  ) );
#1792 = ORIENTED_EDGE('',*,*,#1793,.F.);
#1793 = EDGE_CURVE('',#1794,#1766,#1796,.T.);
#1794 = VERTEX_POINT('',#1795);
#1795 = CARTESIAN_POINT('',(-5.,-2.75,0.8));
#1796 = SURFACE_CURVE('',#1797,(#1801,#1808),.PCURVE_S1.);
#1797 = LINE('',#1798,#1799);
#1798 = CARTESIAN_POINT('',(-5.,-2.75,0.8));
#1799 = VECTOR('',#1800,1.);
#1800 = DIRECTION('',(0.,0.,1.));
#1801 = PCURVE('',#875,#1802);
#1802 = DEFINITIONAL_REPRESENTATION('',(#1803),#1807);
#1803 = LINE('',#1804,#1805);
#1804 = CARTESIAN_POINT('',(2.8,0.));
#1805 = VECTOR('',#1806,1.);
#1806 = DIRECTION('',(1.,0.));
#1807 = ( GEOMETRIC_REPRESENTATION_CONTEXT(2) 
PARAMETRIC_REPRESENTATION_CONTEXT() REPRESENTATION_CONTEXT('2D SPACE',''
  ) );
#1808 = PCURVE('',#1809,#1814);
#1809 = PLANE('',#1810);
#1810 = AXIS2_PLACEMENT_3D('',#1811,#1812,#1813);
#1811 = CARTESIAN_POINT('',(-5.,-2.75,0.8));
#1812 = DIRECTION('',(-0.,1.,0.));
#1813 = DIRECTION('',(0.,0.,1.));
#1814 = DEFINITIONAL_REPRESENTATION('',(#1815),#1819);
#1815 = LINE('',#1816,#1817);
#1816 = CARTESIAN_POINT('',(0.,0.));
#1817 = VECTOR('',#1818,1.);
#1818 = DIRECTION('',(1.,0.));
#1819 = ( GEOMETRIC_REPRESENTATION_CONTEXT(2) 
PARAMETRIC_REPRESENTATION_CONTEXT() REPRESENTATION_CONTEXT('2D SPACE',''
  ) );
#1820 = ORIENTED_EDGE('',*,*,#1821,.T.);
#1821 = EDGE_CURVE('',#1794,#1822,#1824,.T.);
#1822 = VERTEX_POINT('',#1823);
#1823 = CARTESIAN_POINT('',(-5.,-1.2375,0.8));
#1824 = SURFACE_CURVE('',#1825,(#1829,#1836),.PCURVE_S1.);
#1825 = LINE('',#1826,#1827);
#1826 = CARTESIAN_POINT('',(-5.,-2.75,0.8));
#1827 = VECTOR('',#1828,1.);
#1828 = DIRECTION('',(-0.,1.,0.));
#1829 = PCURVE('',#875,#1830);
#1830 = DEFINITIONAL_REPRESENTATION('',(#1831),#1835);
#1831 = LINE('',#1832,#1833);
#1832 = CARTESIAN_POINT('',(2.8,0.));
#1833 = VECTOR('',#1834,1.);
#1834 = DIRECTION('',(0.,-1.));
#1835 = ( GEOMETRIC_REPRESENTATION_CONTEXT(2) 
PARAMETRIC_REPRESENTATION_CONTEXT() REPRESENTATION_CONTEXT('2D SPACE',''
  ) );
#1836 = PCURVE('',#1837,#1842);
#1837 = PLANE('',#1838);
#1838 = AXIS2_PLACEMENT_3D('',#1839,#1840,#1841);
#1839 = CARTESIAN_POINT('',(-5.,-2.75,0.8));
#1840 = DIRECTION('',(0.,0.,1.));
#1841 = DIRECTION('',(1.,0.,-0.));
#1842 = DEFINITIONAL_REPRESENTATION('',(#1843),#1847);
#1843 = LINE('',#1844,#1845);
#1844 = CARTESIAN_POINT('',(0.,0.));
#1845 = VECTOR('',#1846,1.);
#1846 = DIRECTION('',(0.,1.));
#1847 = ( GEOMETRIC_REPRESENTATION_CONTEXT(2) 
PARAMETRIC_REPRESENTATION_CONTEXT() REPRESENTATION_CONTEXT('2D SPACE',''
  ) );
#1848 = ORIENTED_EDGE('',*,*,#1849,.F.);
#1849 = EDGE_CURVE('',#1850,#1822,#1852,.T.);
#1850 = VERTEX_POINT('',#1851);
#1851 = CARTESIAN_POINT('',(-5.,-1.2375,-0.8));
#1852 = SURFACE_CURVE('',#1853,(#1857,#1864),.PCURVE_S1.);
#1853 = LINE('',#1854,#1855);
#1854 = CARTESIAN_POINT('',(-5.,-1.2375,-0.8));
#1855 = VECTOR('',#1856,1.);
#1856 = DIRECTION('',(0.,0.,1.));
#1857 = PCURVE('',#875,#1858);
#1858 = DEFINITIONAL_REPRESENTATION('',(#1859),#1863);
#1859 = LINE('',#1860,#1861);
#1860 = CARTESIAN_POINT('',(1.2,-1.5125));
#1861 = VECTOR('',#1862,1.);
#1862 = DIRECTION('',(1.,0.));
#1863 = ( GEOMETRIC_REPRESENTATION_CONTEXT(2) 
PARAMETRIC_REPRESENTATION_CONTEXT() REPRESENTATION_CONTEXT('2D SPACE',''
  ) );
#1864 = PCURVE('',#1865,#1870);
#1865 = PLANE('',#1866);
#1866 = AXIS2_PLACEMENT_3D('',#1867,#1868,#1869);
#1867 = CARTESIAN_POINT('',(-5.,-1.2375,-0.8));
#1868 = DIRECTION('',(-0.,1.,0.));
#1869 = DIRECTION('',(0.,0.,1.));
#1870 = DEFINITIONAL_REPRESENTATION('',(#1871),#1875);
#1871 = LINE('',#1872,#1873);
#1872 = CARTESIAN_POINT('',(0.,0.));
#1873 = VECTOR('',#1874,1.);
#1874 = DIRECTION('',(1.,0.));
#1875 = ( GEOMETRIC_REPRESENTATION_CONTEXT(2) 
PARAMETRIC_REPRESENTATION_CONTEXT() REPRESENTATION_CONTEXT('2D SPACE',''
  ) );
#1876 = ORIENTED_EDGE('',*,*,#1877,.F.);
#1877 = EDGE_CURVE('',#1634,#1850,#1878,.T.);
#1878 = SURFACE_CURVE('',#1879,(#1883,#1890),.PCURVE_S1.);
#1879 = LINE('',#1880,#1881);
#1880 = CARTESIAN_POINT('',(-5.,-2.75,-0.8));
#1881 = VECTOR('',#1882,1.);
#1882 = DIRECTION('',(-0.,1.,0.));
#1883 = PCURVE('',#875,#1884);
#1884 = DEFINITIONAL_REPRESENTATION('',(#1885),#1889);
#1885 = LINE('',#1886,#1887);
#1886 = CARTESIAN_POINT('',(1.2,0.));
#1887 = VECTOR('',#1888,1.);
#1888 = DIRECTION('',(0.,-1.));
#1889 = ( GEOMETRIC_REPRESENTATION_CONTEXT(2) 
PARAMETRIC_REPRESENTATION_CONTEXT() REPRESENTATION_CONTEXT('2D SPACE',''
  ) );
#1890 = PCURVE('',#1891,#1896);
#1891 = PLANE('',#1892);
#1892 = AXIS2_PLACEMENT_3D('',#1893,#1894,#1895);
#1893 = CARTESIAN_POINT('',(-5.,-2.75,-0.8));
#1894 = DIRECTION('',(0.,0.,1.));
#1895 = DIRECTION('',(1.,0.,-0.));
#1896 = DEFINITIONAL_REPRESENTATION('',(#1897),#1901);
#1897 = LINE('',#1898,#1899);
#1898 = CARTESIAN_POINT('',(0.,0.));
#1899 = VECTOR('',#1900,1.);
#1900 = DIRECTION('',(0.,1.));
#1901 = ( GEOMETRIC_REPRESENTATION_CONTEXT(2) 
PARAMETRIC_REPRESENTATION_CONTEXT() REPRESENTATION_CONTEXT('2D SPACE',''
  ) );
#1902 = ADVANCED_FACE('',(#1903),#1045,.T.);
#1903 = FACE_BOUND('',#1904,.T.);
#1904 = EDGE_LOOP('',(#1905,#1928,#1929,#1930,#1953,#1981,#2009,#2037,
    #2060,#2088,#2116,#2144));
#1905 = ORIENTED_EDGE('',*,*,#1906,.F.);
#1906 = EDGE_CURVE('',#1002,#1907,#1909,.T.);
#1907 = VERTEX_POINT('',#1908);
#1908 = CARTESIAN_POINT('',(55.,-2.75,-0.8));
#1909 = SURFACE_CURVE('',#1910,(#1914,#1921),.PCURVE_S1.);
#1910 = LINE('',#1911,#1912);
#1911 = CARTESIAN_POINT('',(55.,-2.75,-2.));
#1912 = VECTOR('',#1913,1.);
#1913 = DIRECTION('',(0.,0.,1.));
#1914 = PCURVE('',#1045,#1915);
#1915 = DEFINITIONAL_REPRESENTATION('',(#1916),#1920);
#1916 = LINE('',#1917,#1918);
#1917 = CARTESIAN_POINT('',(0.,0.));
#1918 = VECTOR('',#1919,1.);
#1919 = DIRECTION('',(1.,0.));
#1920 = ( GEOMETRIC_REPRESENTATION_CONTEXT(2) 
PARAMETRIC_REPRESENTATION_CONTEXT() REPRESENTATION_CONTEXT('2D SPACE',''
  ) );
#1921 = PCURVE('',#1017,#1922);
#1922 = DEFINITIONAL_REPRESENTATION('',(#1923),#1927);
#1923 = LINE('',#1924,#1925);
#1924 = CARTESIAN_POINT('',(0.,60.));
#1925 = VECTOR('',#1926,1.);
#1926 = DIRECTION('',(1.,0.));
#1927 = ( GEOMETRIC_REPRESENTATION_CONTEXT(2) 
PARAMETRIC_REPRESENTATION_CONTEXT() REPRESENTATION_CONTEXT('2D SPACE',''
  ) );
#1928 = ORIENTED_EDGE('',*,*,#1029,.T.);
#1929 = ORIENTED_EDGE('',*,*,#1609,.T.);
#1930 = ORIENTED_EDGE('',*,*,#1931,.F.);
#1931 = EDGE_CURVE('',#1932,#1582,#1934,.T.);
#1932 = VERTEX_POINT('',#1933);
#1933 = CARTESIAN_POINT('',(55.,1.2375,-0.8));
#1934 = SURFACE_CURVE('',#1935,(#1939,#1946),.PCURVE_S1.);
#1935 = LINE('',#1936,#1937);
#1936 = CARTESIAN_POINT('',(55.,-2.75,-0.8));
#1937 = VECTOR('',#1938,1.);
#1938 = DIRECTION('',(-0.,1.,0.));
#1939 = PCURVE('',#1045,#1940);
#1940 = DEFINITIONAL_REPRESENTATION('',(#1941),#1945);
#1941 = LINE('',#1942,#1943);
#1942 = CARTESIAN_POINT('',(1.2,0.));
#1943 = VECTOR('',#1944,1.);
#1944 = DIRECTION('',(0.,-1.));
#1945 = ( GEOMETRIC_REPRESENTATION_CONTEXT(2) 
PARAMETRIC_REPRESENTATION_CONTEXT() REPRESENTATION_CONTEXT('2D SPACE',''
  ) );
#1946 = PCURVE('',#1597,#1947);
#1947 = DEFINITIONAL_REPRESENTATION('',(#1948),#1952);
#1948 = LINE('',#1949,#1950);
#1949 = CARTESIAN_POINT('',(60.,0.));
#1950 = VECTOR('',#1951,1.);
#1951 = DIRECTION('',(0.,1.));
#1952 = ( GEOMETRIC_REPRESENTATION_CONTEXT(2) 
PARAMETRIC_REPRESENTATION_CONTEXT() REPRESENTATION_CONTEXT('2D SPACE',''
  ) );
#1953 = ORIENTED_EDGE('',*,*,#1954,.T.);
#1954 = EDGE_CURVE('',#1932,#1955,#1957,.T.);
#1955 = VERTEX_POINT('',#1956);
#1956 = CARTESIAN_POINT('',(55.,1.2375,0.8));
#1957 = SURFACE_CURVE('',#1958,(#1962,#1969),.PCURVE_S1.);
#1958 = LINE('',#1959,#1960);
#1959 = CARTESIAN_POINT('',(55.,1.2375,-0.8));
#1960 = VECTOR('',#1961,1.);
#1961 = DIRECTION('',(0.,0.,1.));
#1962 = PCURVE('',#1045,#1963);
#1963 = DEFINITIONAL_REPRESENTATION('',(#1964),#1968);
#1964 = LINE('',#1965,#1966);
#1965 = CARTESIAN_POINT('',(1.2,-3.9875));
#1966 = VECTOR('',#1967,1.);
#1967 = DIRECTION('',(1.,0.));
#1968 = ( GEOMETRIC_REPRESENTATION_CONTEXT(2) 
PARAMETRIC_REPRESENTATION_CONTEXT() REPRESENTATION_CONTEXT('2D SPACE',''
  ) );
#1969 = PCURVE('',#1970,#1975);
#1970 = PLANE('',#1971);
#1971 = AXIS2_PLACEMENT_3D('',#1972,#1973,#1974);
#1972 = CARTESIAN_POINT('',(-5.,1.2375,-0.8));
#1973 = DIRECTION('',(-0.,1.,0.));
#1974 = DIRECTION('',(0.,0.,1.));
#1975 = DEFINITIONAL_REPRESENTATION('',(#1976),#1980);
#1976 = LINE('',#1977,#1978);
#1977 = CARTESIAN_POINT('',(0.,60.));
#1978 = VECTOR('',#1979,1.);
#1979 = DIRECTION('',(1.,0.));
#1980 = ( GEOMETRIC_REPRESENTATION_CONTEXT(2) 
PARAMETRIC_REPRESENTATION_CONTEXT() REPRESENTATION_CONTEXT('2D SPACE',''
  ) );
#1981 = ORIENTED_EDGE('',*,*,#1982,.T.);
#1982 = EDGE_CURVE('',#1955,#1983,#1985,.T.);
#1983 = VERTEX_POINT('',#1984);
#1984 = CARTESIAN_POINT('',(55.,2.75,0.8));
#1985 = SURFACE_CURVE('',#1986,(#1990,#1997),.PCURVE_S1.);
#1986 = LINE('',#1987,#1988);
#1987 = CARTESIAN_POINT('',(55.,-2.75,0.8));
#1988 = VECTOR('',#1989,1.);
#1989 = DIRECTION('',(-0.,1.,0.));
#1990 = PCURVE('',#1045,#1991);
#1991 = DEFINITIONAL_REPRESENTATION('',(#1992),#1996);
#1992 = LINE('',#1993,#1994);
#1993 = CARTESIAN_POINT('',(2.8,0.));
#1994 = VECTOR('',#1995,1.);
#1995 = DIRECTION('',(0.,-1.));
#1996 = ( GEOMETRIC_REPRESENTATION_CONTEXT(2) 
PARAMETRIC_REPRESENTATION_CONTEXT() REPRESENTATION_CONTEXT('2D SPACE',''
  ) );
#1997 = PCURVE('',#1998,#2003);
#1998 = PLANE('',#1999);
#1999 = AXIS2_PLACEMENT_3D('',#2000,#2001,#2002);
#2000 = CARTESIAN_POINT('',(-5.,-2.75,0.8));
#2001 = DIRECTION('',(0.,0.,1.));
#2002 = DIRECTION('',(1.,0.,-0.));
#2003 = DEFINITIONAL_REPRESENTATION('',(#2004),#2008);
#2004 = LINE('',#2005,#2006);
#2005 = CARTESIAN_POINT('',(60.,0.));
#2006 = VECTOR('',#2007,1.);
#2007 = DIRECTION('',(0.,1.));
#2008 = ( GEOMETRIC_REPRESENTATION_CONTEXT(2) 
PARAMETRIC_REPRESENTATION_CONTEXT() REPRESENTATION_CONTEXT('2D SPACE',''
  ) );
#2009 = ORIENTED_EDGE('',*,*,#2010,.T.);
#2010 = EDGE_CURVE('',#1983,#2011,#2013,.T.);
#2011 = VERTEX_POINT('',#2012);
#2012 = CARTESIAN_POINT('',(55.,2.75,2.));
#2013 = SURFACE_CURVE('',#2014,(#2018,#2025),.PCURVE_S1.);
#2014 = LINE('',#2015,#2016);
#2015 = CARTESIAN_POINT('',(55.,2.75,0.8));
#2016 = VECTOR('',#2017,1.);
#2017 = DIRECTION('',(0.,0.,1.));
#2018 = PCURVE('',#1045,#2019);
#2019 = DEFINITIONAL_REPRESENTATION('',(#2020),#2024);
#2020 = LINE('',#2021,#2022);
#2021 = CARTESIAN_POINT('',(2.8,-5.5));
#2022 = VECTOR('',#2023,1.);
#2023 = DIRECTION('',(1.,0.));
#2024 = ( GEOMETRIC_REPRESENTATION_CONTEXT(2) 
PARAMETRIC_REPRESENTATION_CONTEXT() REPRESENTATION_CONTEXT('2D SPACE',''
  ) );
#2025 = PCURVE('',#2026,#2031);
#2026 = PLANE('',#2027);
#2027 = AXIS2_PLACEMENT_3D('',#2028,#2029,#2030);
#2028 = CARTESIAN_POINT('',(-5.,2.75,0.8));
#2029 = DIRECTION('',(-0.,1.,0.));
#2030 = DIRECTION('',(0.,0.,1.));
#2031 = DEFINITIONAL_REPRESENTATION('',(#2032),#2036);
#2032 = LINE('',#2033,#2034);
#2033 = CARTESIAN_POINT('',(0.,60.));
#2034 = VECTOR('',#2035,1.);
#2035 = DIRECTION('',(1.,0.));
#2036 = ( GEOMETRIC_REPRESENTATION_CONTEXT(2) 
PARAMETRIC_REPRESENTATION_CONTEXT() REPRESENTATION_CONTEXT('2D SPACE',''
  ) );
#2037 = ORIENTED_EDGE('',*,*,#2038,.F.);
#2038 = EDGE_CURVE('',#2039,#2011,#2041,.T.);
#2039 = VERTEX_POINT('',#2040);
#2040 = CARTESIAN_POINT('',(55.,-2.75,2.));
#2041 = SURFACE_CURVE('',#2042,(#2046,#2053),.PCURVE_S1.);
#2042 = LINE('',#2043,#2044);
#2043 = CARTESIAN_POINT('',(55.,-2.75,2.));
#2044 = VECTOR('',#2045,1.);
#2045 = DIRECTION('',(-0.,1.,0.));
#2046 = PCURVE('',#1045,#2047);
#2047 = DEFINITIONAL_REPRESENTATION('',(#2048),#2052);
#2048 = LINE('',#2049,#2050);
#2049 = CARTESIAN_POINT('',(4.,0.));
#2050 = VECTOR('',#2051,1.);
#2051 = DIRECTION('',(0.,-1.));
#2052 = ( GEOMETRIC_REPRESENTATION_CONTEXT(2) 
PARAMETRIC_REPRESENTATION_CONTEXT() REPRESENTATION_CONTEXT('2D SPACE',''
  ) );
#2053 = PCURVE('',#1781,#2054);
#2054 = DEFINITIONAL_REPRESENTATION('',(#2055),#2059);
#2055 = LINE('',#2056,#2057);
#2056 = CARTESIAN_POINT('',(60.,0.));
#2057 = VECTOR('',#2058,1.);
#2058 = DIRECTION('',(0.,1.));
#2059 = ( GEOMETRIC_REPRESENTATION_CONTEXT(2) 
PARAMETRIC_REPRESENTATION_CONTEXT() REPRESENTATION_CONTEXT('2D SPACE',''
  ) );
#2060 = ORIENTED_EDGE('',*,*,#2061,.F.);
#2061 = EDGE_CURVE('',#2062,#2039,#2064,.T.);
#2062 = VERTEX_POINT('',#2063);
#2063 = CARTESIAN_POINT('',(55.,-2.75,0.8));
#2064 = SURFACE_CURVE('',#2065,(#2069,#2076),.PCURVE_S1.);
#2065 = LINE('',#2066,#2067);
#2066 = CARTESIAN_POINT('',(55.,-2.75,0.8));
#2067 = VECTOR('',#2068,1.);
#2068 = DIRECTION('',(0.,0.,1.));
#2069 = PCURVE('',#1045,#2070);
#2070 = DEFINITIONAL_REPRESENTATION('',(#2071),#2075);
#2071 = LINE('',#2072,#2073);
#2072 = CARTESIAN_POINT('',(2.8,0.));
#2073 = VECTOR('',#2074,1.);
#2074 = DIRECTION('',(1.,0.));
#2075 = ( GEOMETRIC_REPRESENTATION_CONTEXT(2) 
PARAMETRIC_REPRESENTATION_CONTEXT() REPRESENTATION_CONTEXT('2D SPACE',''
  ) );
#2076 = PCURVE('',#2077,#2082);
#2077 = PLANE('',#2078);
#2078 = AXIS2_PLACEMENT_3D('',#2079,#2080,#2081);
#2079 = CARTESIAN_POINT('',(-5.,-2.75,0.8));
#2080 = DIRECTION('',(-0.,1.,0.));
#2081 = DIRECTION('',(0.,0.,1.));
#2082 = DEFINITIONAL_REPRESENTATION('',(#2083),#2087);
#2083 = LINE('',#2084,#2085);
#2084 = CARTESIAN_POINT('',(0.,60.));
#2085 = VECTOR('',#2086,1.);
#2086 = DIRECTION('',(1.,0.));
#2087 = ( GEOMETRIC_REPRESENTATION_CONTEXT(2) 
PARAMETRIC_REPRESENTATION_CONTEXT() REPRESENTATION_CONTEXT('2D SPACE',''
  ) );
#2088 = ORIENTED_EDGE('',*,*,#2089,.T.);
#2089 = EDGE_CURVE('',#2062,#2090,#2092,.T.);
#2090 = VERTEX_POINT('',#2091);
#2091 = CARTESIAN_POINT('',(55.,-1.2375,0.8));
#2092 = SURFACE_CURVE('',#2093,(#2097,#2104),.PCURVE_S1.);
#2093 = LINE('',#2094,#2095);
#2094 = CARTESIAN_POINT('',(55.,-2.75,0.8));
#2095 = VECTOR('',#2096,1.);
#2096 = DIRECTION('',(-0.,1.,0.));
#2097 = PCURVE('',#1045,#2098);
#2098 = DEFINITIONAL_REPRESENTATION('',(#2099),#2103);
#2099 = LINE('',#2100,#2101);
#2100 = CARTESIAN_POINT('',(2.8,0.));
#2101 = VECTOR('',#2102,1.);
#2102 = DIRECTION('',(0.,-1.));
#2103 = ( GEOMETRIC_REPRESENTATION_CONTEXT(2) 
PARAMETRIC_REPRESENTATION_CONTEXT() REPRESENTATION_CONTEXT('2D SPACE',''
  ) );
#2104 = PCURVE('',#2105,#2110);
#2105 = PLANE('',#2106);
#2106 = AXIS2_PLACEMENT_3D('',#2107,#2108,#2109);
#2107 = CARTESIAN_POINT('',(-5.,-2.75,0.8));
#2108 = DIRECTION('',(0.,0.,1.));
#2109 = DIRECTION('',(1.,0.,-0.));
#2110 = DEFINITIONAL_REPRESENTATION('',(#2111),#2115);
#2111 = LINE('',#2112,#2113);
#2112 = CARTESIAN_POINT('',(60.,0.));
#2113 = VECTOR('',#2114,1.);
#2114 = DIRECTION('',(0.,1.));
#2115 = ( GEOMETRIC_REPRESENTATION_CONTEXT(2) 
PARAMETRIC_REPRESENTATION_CONTEXT() REPRESENTATION_CONTEXT('2D SPACE',''
  ) );
#2116 = ORIENTED_EDGE('',*,*,#2117,.F.);
#2117 = EDGE_CURVE('',#2118,#2090,#2120,.T.);
#2118 = VERTEX_POINT('',#2119);
#2119 = CARTESIAN_POINT('',(55.,-1.2375,-0.8));
#2120 = SURFACE_CURVE('',#2121,(#2125,#2132),.PCURVE_S1.);
#2121 = LINE('',#2122,#2123);
#2122 = CARTESIAN_POINT('',(55.,-1.2375,-0.8));
#2123 = VECTOR('',#2124,1.);
#2124 = DIRECTION('',(0.,0.,1.));
#2125 = PCURVE('',#1045,#2126);
#2126 = DEFINITIONAL_REPRESENTATION('',(#2127),#2131);
#2127 = LINE('',#2128,#2129);
#2128 = CARTESIAN_POINT('',(1.2,-1.5125));
#2129 = VECTOR('',#2130,1.);
#2130 = DIRECTION('',(1.,0.));
#2131 = ( GEOMETRIC_REPRESENTATION_CONTEXT(2) 
PARAMETRIC_REPRESENTATION_CONTEXT() REPRESENTATION_CONTEXT('2D SPACE',''
  ) );
#2132 = PCURVE('',#2133,#2138);
#2133 = PLANE('',#2134);
#2134 = AXIS2_PLACEMENT_3D('',#2135,#2136,#2137);
#2135 = CARTESIAN_POINT('',(-5.,-1.2375,-0.8));
#2136 = DIRECTION('',(-0.,1.,0.));
#2137 = DIRECTION('',(0.,0.,1.));
#2138 = DEFINITIONAL_REPRESENTATION('',(#2139),#2143);
#2139 = LINE('',#2140,#2141);
#2140 = CARTESIAN_POINT('',(0.,60.));
#2141 = VECTOR('',#2142,1.);
#2142 = DIRECTION('',(1.,0.));
#2143 = ( GEOMETRIC_REPRESENTATION_CONTEXT(2) 
PARAMETRIC_REPRESENTATION_CONTEXT() REPRESENTATION_CONTEXT('2D SPACE',''
  ) );
#2144 = ORIENTED_EDGE('',*,*,#2145,.F.);
#2145 = EDGE_CURVE('',#1907,#2118,#2146,.T.);
#2146 = SURFACE_CURVE('',#2147,(#2151,#2158),.PCURVE_S1.);
#2147 = LINE('',#2148,#2149);
#2148 = CARTESIAN_POINT('',(55.,-2.75,-0.8));
#2149 = VECTOR('',#2150,1.);
#2150 = DIRECTION('',(-0.,1.,0.));
#2151 = PCURVE('',#1045,#2152);
#2152 = DEFINITIONAL_REPRESENTATION('',(#2153),#2157);
#2153 = LINE('',#2154,#2155);
#2154 = CARTESIAN_POINT('',(1.2,0.));
#2155 = VECTOR('',#2156,1.);
#2156 = DIRECTION('',(0.,-1.));
#2157 = ( GEOMETRIC_REPRESENTATION_CONTEXT(2) 
PARAMETRIC_REPRESENTATION_CONTEXT() REPRESENTATION_CONTEXT('2D SPACE',''
  ) );
#2158 = PCURVE('',#2159,#2164);
#2159 = PLANE('',#2160);
#2160 = AXIS2_PLACEMENT_3D('',#2161,#2162,#2163);
#2161 = CARTESIAN_POINT('',(-5.,-2.75,-0.8));
#2162 = DIRECTION('',(0.,0.,1.));
#2163 = DIRECTION('',(1.,0.,-0.));
#2164 = DEFINITIONAL_REPRESENTATION('',(#2165),#2169);
#2165 = LINE('',#2166,#2167);
#2166 = CARTESIAN_POINT('',(60.,0.));
#2167 = VECTOR('',#2168,1.);
#2168 = DIRECTION('',(0.,1.));
#2169 = ( GEOMETRIC_REPRESENTATION_CONTEXT(2) 
PARAMETRIC_REPRESENTATION_CONTEXT() REPRESENTATION_CONTEXT('2D SPACE',''
  ) );
#2170 = ADVANCED_FACE('',(#2171),#903,.F.);
#2171 = FACE_BOUND('',#2172,.F.);
#2172 = EDGE_LOOP('',(#2173,#2174,#2175,#2198,#2224));
#2173 = ORIENTED_EDGE('',*,*,#887,.F.);
#2174 = ORIENTED_EDGE('',*,*,#1633,.T.);
#2175 = ORIENTED_EDGE('',*,*,#2176,.T.);
#2176 = EDGE_CURVE('',#1634,#2177,#2179,.T.);
#2177 = VERTEX_POINT('',#2178);
#2178 = CARTESIAN_POINT('',(-4.175823272123,-2.75,-0.8));
#2179 = SURFACE_CURVE('',#2180,(#2184,#2191),.PCURVE_S1.);
#2180 = LINE('',#2181,#2182);
#2181 = CARTESIAN_POINT('',(-5.,-2.75,-0.8));
#2182 = VECTOR('',#2183,1.);
#2183 = DIRECTION('',(1.,0.,-0.));
#2184 = PCURVE('',#903,#2185);
#2185 = DEFINITIONAL_REPRESENTATION('',(#2186),#2190);
#2186 = LINE('',#2187,#2188);
#2187 = CARTESIAN_POINT('',(1.2,0.));
#2188 = VECTOR('',#2189,1.);
#2189 = DIRECTION('',(0.,1.));
#2190 = ( GEOMETRIC_REPRESENTATION_CONTEXT(2) 
PARAMETRIC_REPRESENTATION_CONTEXT() REPRESENTATION_CONTEXT('2D SPACE',''
  ) );
#2191 = PCURVE('',#1891,#2192);
#2192 = DEFINITIONAL_REPRESENTATION('',(#2193),#2197);
#2193 = LINE('',#2194,#2195);
#2194 = CARTESIAN_POINT('',(0.,0.));
#2195 = VECTOR('',#2196,1.);
#2196 = DIRECTION('',(1.,0.));
#2197 = ( GEOMETRIC_REPRESENTATION_CONTEXT(2) 
PARAMETRIC_REPRESENTATION_CONTEXT() REPRESENTATION_CONTEXT('2D SPACE',''
  ) );
#2198 = ORIENTED_EDGE('',*,*,#2199,.F.);
#2199 = EDGE_CURVE('',#2200,#2177,#2202,.T.);
#2200 = VERTEX_POINT('',#2201);
#2201 = CARTESIAN_POINT('',(-4.175823272123,-2.75,-1.4));
#2202 = SURFACE_CURVE('',#2203,(#2207,#2213),.PCURVE_S1.);
#2203 = LINE('',#2204,#2205);
#2204 = CARTESIAN_POINT('',(-4.175823272123,-2.75,-2.));
#2205 = VECTOR('',#2206,1.);
#2206 = DIRECTION('',(0.,0.,1.));
#2207 = PCURVE('',#903,#2208);
#2208 = DEFINITIONAL_REPRESENTATION('',(#2209),#2212);
#2209 = B_SPLINE_CURVE_WITH_KNOTS('',1,(#2210,#2211),.UNSPECIFIED.,.F.,
  .F.,(2,2),(0.599987408199,1.32),.PIECEWISE_BEZIER_KNOTS.);
#2210 = CARTESIAN_POINT('',(0.599987408199,0.824176727877));
#2211 = CARTESIAN_POINT('',(1.32,0.824176727877));
#2212 = ( GEOMETRIC_REPRESENTATION_CONTEXT(2) 
PARAMETRIC_REPRESENTATION_CONTEXT() REPRESENTATION_CONTEXT('2D SPACE',''
  ) );
#2213 = PCURVE('',#2214,#2219);
#2214 = CYLINDRICAL_SURFACE('',#2215,5.);
#2215 = AXIS2_PLACEMENT_3D('',#2216,#2217,#2218);
#2216 = CARTESIAN_POINT('',(0.,0.,-2.));
#2217 = DIRECTION('',(0.,0.,1.));
#2218 = DIRECTION('',(1.,0.,-0.));
#2219 = DEFINITIONAL_REPRESENTATION('',(#2220),#2223);
#2220 = B_SPLINE_CURVE_WITH_KNOTS('',1,(#2221,#2222),.UNSPECIFIED.,.F.,
  .F.,(2,2),(0.599987408199,1.32),.PIECEWISE_BEZIER_KNOTS.);
#2221 = CARTESIAN_POINT('',(3.723956891459,0.599987408199));
#2222 = CARTESIAN_POINT('',(3.723956891459,1.32));
#2223 = ( GEOMETRIC_REPRESENTATION_CONTEXT(2) 
PARAMETRIC_REPRESENTATION_CONTEXT() REPRESENTATION_CONTEXT('2D SPACE',''
  ) );
#2224 = ORIENTED_EDGE('',*,*,#2225,.T.);
#2225 = EDGE_CURVE('',#2200,#888,#2226,.T.);
#2226 = SURFACE_CURVE('',#2227,(#2232,#2239),.PCURVE_S1.);
#2227 = HYPERBOLA('',#2228,2.75,2.75);
#2228 = AXIS2_PLACEMENT_3D('',#2229,#2230,#2231);
#2229 = CARTESIAN_POINT('',(0.,-2.75,-6.4));
#2230 = DIRECTION('',(-0.,1.,0.));
#2231 = DIRECTION('',(0.,0.,1.));
#2232 = PCURVE('',#903,#2233);
#2233 = DEFINITIONAL_REPRESENTATION('',(#2234),#2238);
#2234 = ( BOUNDED_CURVE() B_SPLINE_CURVE(2,(#2235,#2236,#2237),
.UNSPECIFIED.,.F.,.F.) B_SPLINE_CURVE_WITH_KNOTS((3,3),(-1.204971208168,
-1.046967915003),.PIECEWISE_BEZIER_KNOTS.) CURVE() 
GEOMETRIC_REPRESENTATION_ITEM() RATIONAL_B_SPLINE_CURVE((1.,
1.003122253474,1.)) REPRESENTATION_ITEM('') );
#2235 = CARTESIAN_POINT('',(0.6,0.824176727877));
#2236 = CARTESIAN_POINT('',(0.270787700728,1.218365224156));
#2237 = CARTESIAN_POINT('',(8.881784197001E-16,1.565251100881));
#2238 = ( GEOMETRIC_REPRESENTATION_CONTEXT(2) 
PARAMETRIC_REPRESENTATION_CONTEXT() REPRESENTATION_CONTEXT('2D SPACE',''
  ) );
#2239 = PCURVE('',#932,#2240);
#2240 = DEFINITIONAL_REPRESENTATION('',(#2241),#2248);
#2241 = B_SPLINE_CURVE_WITH_KNOTS('',5,(#2242,#2243,#2244,#2245,#2246,
    #2247),.UNSPECIFIED.,.F.,.F.,(6,6),(-1.204971208168,-1.046967915003)
  ,.PIECEWISE_BEZIER_KNOTS.);
#2242 = CARTESIAN_POINT('',(3.723956891459,2.22044604925E-16));
#2243 = CARTESIAN_POINT('',(3.741337253707,-0.131958765734));
#2244 = CARTESIAN_POINT('',(3.759290989976,-0.257676273539));
#2245 = CARTESIAN_POINT('',(3.777832374696,-0.377427038356));
#2246 = CARTESIAN_POINT('',(3.796973774881,-0.491459672549));
#2247 = CARTESIAN_POINT('',(3.816724186527,-0.6));
#2248 = ( GEOMETRIC_REPRESENTATION_CONTEXT(2) 
PARAMETRIC_REPRESENTATION_CONTEXT() REPRESENTATION_CONTEXT('2D SPACE',''
  ) );
#2249 = ADVANCED_FACE('',(#2250),#1017,.F.);
#2250 = FACE_BOUND('',#2251,.F.);
#2251 = EDGE_LOOP('',(#2252,#2253,#2280,#2306,#2327));
#2252 = ORIENTED_EDGE('',*,*,#1001,.F.);
#2253 = ORIENTED_EDGE('',*,*,#2254,.T.);
#2254 = EDGE_CURVE('',#973,#2255,#2257,.T.);
#2255 = VERTEX_POINT('',#2256);
#2256 = CARTESIAN_POINT('',(54.175823272122,-2.75,-1.4));
#2257 = SURFACE_CURVE('',#2258,(#2263,#2270),.PCURVE_S1.);
#2258 = HYPERBOLA('',#2259,2.75,2.75);
#2259 = AXIS2_PLACEMENT_3D('',#2260,#2261,#2262);
#2260 = CARTESIAN_POINT('',(50.,-2.75,-6.4));
#2261 = DIRECTION('',(-0.,1.,0.));
#2262 = DIRECTION('',(0.,0.,1.));
#2263 = PCURVE('',#1017,#2264);
#2264 = DEFINITIONAL_REPRESENTATION('',(#2265),#2269);
#2265 = ( BOUNDED_CURVE() B_SPLINE_CURVE(2,(#2266,#2267,#2268),
.UNSPECIFIED.,.F.,.F.) B_SPLINE_CURVE_WITH_KNOTS((3,3),(1.046967915003,
1.204971208168),.PIECEWISE_BEZIER_KNOTS.) CURVE() 
GEOMETRIC_REPRESENTATION_ITEM() RATIONAL_B_SPLINE_CURVE((1.,
1.003122253474,1.)) REPRESENTATION_ITEM('') );
#2266 = CARTESIAN_POINT('',(-1.7763568394E-15,58.434748899119));
#2267 = CARTESIAN_POINT('',(0.270787700728,58.781634775844));
#2268 = CARTESIAN_POINT('',(0.6,59.175823272123));
#2269 = ( GEOMETRIC_REPRESENTATION_CONTEXT(2) 
PARAMETRIC_REPRESENTATION_CONTEXT() REPRESENTATION_CONTEXT('2D SPACE',''
  ) );
#2270 = PCURVE('',#989,#2271);
#2271 = DEFINITIONAL_REPRESENTATION('',(#2272),#2279);
#2272 = B_SPLINE_CURVE_WITH_KNOTS('',5,(#2273,#2274,#2275,#2276,#2277,
    #2278),.UNSPECIFIED.,.F.,.F.,(6,6),(1.046967915003,1.204971208168),
  .PIECEWISE_BEZIER_KNOTS.);
#2273 = CARTESIAN_POINT('',(5.608053774243,-0.6));
#2274 = CARTESIAN_POINT('',(5.627804185888,-0.491459672549));
#2275 = CARTESIAN_POINT('',(5.646945586074,-0.377427038356));
#2276 = CARTESIAN_POINT('',(5.665486970793,-0.257676273539));
#2277 = CARTESIAN_POINT('',(5.683440707063,-0.131958765734));
#2278 = CARTESIAN_POINT('',(5.700821069311,-1.998401444325E-15));
#2279 = ( GEOMETRIC_REPRESENTATION_CONTEXT(2) 
PARAMETRIC_REPRESENTATION_CONTEXT() REPRESENTATION_CONTEXT('2D SPACE',''
  ) );
#2280 = ORIENTED_EDGE('',*,*,#2281,.T.);
#2281 = EDGE_CURVE('',#2255,#2282,#2284,.T.);
#2282 = VERTEX_POINT('',#2283);
#2283 = CARTESIAN_POINT('',(54.175823272122,-2.75,-0.8));
#2284 = SURFACE_CURVE('',#2285,(#2289,#2295),.PCURVE_S1.);
#2285 = LINE('',#2286,#2287);
#2286 = CARTESIAN_POINT('',(54.175823272123,-2.75,-2.));
#2287 = VECTOR('',#2288,1.);
#2288 = DIRECTION('',(0.,0.,1.));
#2289 = PCURVE('',#1017,#2290);
#2290 = DEFINITIONAL_REPRESENTATION('',(#2291),#2294);
#2291 = B_SPLINE_CURVE_WITH_KNOTS('',1,(#2292,#2293),.UNSPECIFIED.,.F.,
  .F.,(2,2),(0.599987408199,1.32),.PIECEWISE_BEZIER_KNOTS.);
#2292 = CARTESIAN_POINT('',(0.599987408199,59.175823272123));
#2293 = CARTESIAN_POINT('',(1.32,59.175823272123));
#2294 = ( GEOMETRIC_REPRESENTATION_CONTEXT(2) 
PARAMETRIC_REPRESENTATION_CONTEXT() REPRESENTATION_CONTEXT('2D SPACE',''
  ) );
#2295 = PCURVE('',#2296,#2301);
#2296 = CYLINDRICAL_SURFACE('',#2297,5.);
#2297 = AXIS2_PLACEMENT_3D('',#2298,#2299,#2300);
#2298 = CARTESIAN_POINT('',(50.,0.,-2.));
#2299 = DIRECTION('',(0.,0.,1.));
#2300 = DIRECTION('',(1.,0.,-0.));
#2301 = DEFINITIONAL_REPRESENTATION('',(#2302),#2305);
#2302 = B_SPLINE_CURVE_WITH_KNOTS('',1,(#2303,#2304),.UNSPECIFIED.,.F.,
  .F.,(2,2),(0.599987408199,1.32),.PIECEWISE_BEZIER_KNOTS.);
#2303 = CARTESIAN_POINT('',(5.700821069311,0.599987408199));
#2304 = CARTESIAN_POINT('',(5.700821069311,1.32));
#2305 = ( GEOMETRIC_REPRESENTATION_CONTEXT(2) 
PARAMETRIC_REPRESENTATION_CONTEXT() REPRESENTATION_CONTEXT('2D SPACE',''
  ) );
#2306 = ORIENTED_EDGE('',*,*,#2307,.T.);
#2307 = EDGE_CURVE('',#2282,#1907,#2308,.T.);
#2308 = SURFACE_CURVE('',#2309,(#2313,#2320),.PCURVE_S1.);
#2309 = LINE('',#2310,#2311);
#2310 = CARTESIAN_POINT('',(-5.,-2.75,-0.8));
#2311 = VECTOR('',#2312,1.);
#2312 = DIRECTION('',(1.,0.,-0.));
#2313 = PCURVE('',#1017,#2314);
#2314 = DEFINITIONAL_REPRESENTATION('',(#2315),#2319);
#2315 = LINE('',#2316,#2317);
#2316 = CARTESIAN_POINT('',(1.2,0.));
#2317 = VECTOR('',#2318,1.);
#2318 = DIRECTION('',(0.,1.));
#2319 = ( GEOMETRIC_REPRESENTATION_CONTEXT(2) 
PARAMETRIC_REPRESENTATION_CONTEXT() REPRESENTATION_CONTEXT('2D SPACE',''
  ) );
#2320 = PCURVE('',#2159,#2321);
#2321 = DEFINITIONAL_REPRESENTATION('',(#2322),#2326);
#2322 = LINE('',#2323,#2324);
#2323 = CARTESIAN_POINT('',(0.,0.));
#2324 = VECTOR('',#2325,1.);
#2325 = DIRECTION('',(1.,0.));
#2326 = ( GEOMETRIC_REPRESENTATION_CONTEXT(2) 
PARAMETRIC_REPRESENTATION_CONTEXT() REPRESENTATION_CONTEXT('2D SPACE',''
  ) );
#2327 = ORIENTED_EDGE('',*,*,#1906,.F.);
#2328 = ADVANCED_FACE('',(#2329),#932,.T.);
#2329 = FACE_BOUND('',#2330,.F.);
#2330 = EDGE_LOOP('',(#2331,#2355,#2380,#2381));
#2331 = ORIENTED_EDGE('',*,*,#2332,.T.);
#2332 = EDGE_CURVE('',#2200,#2333,#2335,.T.);
#2333 = VERTEX_POINT('',#2334);
#2334 = CARTESIAN_POINT('',(4.175823272123,-2.75,-1.4));
#2335 = SURFACE_CURVE('',#2336,(#2341,#2348),.PCURVE_S1.);
#2336 = CIRCLE('',#2337,5.);
#2337 = AXIS2_PLACEMENT_3D('',#2338,#2339,#2340);
#2338 = CARTESIAN_POINT('',(0.,0.,-1.4));
#2339 = DIRECTION('',(0.,0.,1.));
#2340 = DIRECTION('',(1.,0.,-0.));
#2341 = PCURVE('',#932,#2342);
#2342 = DEFINITIONAL_REPRESENTATION('',(#2343),#2347);
#2343 = LINE('',#2344,#2345);
#2344 = CARTESIAN_POINT('',(0.,-0.));
#2345 = VECTOR('',#2346,1.);
#2346 = DIRECTION('',(1.,-0.));
#2347 = ( GEOMETRIC_REPRESENTATION_CONTEXT(2) 
PARAMETRIC_REPRESENTATION_CONTEXT() REPRESENTATION_CONTEXT('2D SPACE',''
  ) );
#2348 = PCURVE('',#2214,#2349);
#2349 = DEFINITIONAL_REPRESENTATION('',(#2350),#2354);
#2350 = LINE('',#2351,#2352);
#2351 = CARTESIAN_POINT('',(0.,0.6));
#2352 = VECTOR('',#2353,1.);
#2353 = DIRECTION('',(1.,0.));
#2354 = ( GEOMETRIC_REPRESENTATION_CONTEXT(2) 
PARAMETRIC_REPRESENTATION_CONTEXT() REPRESENTATION_CONTEXT('2D SPACE',''
  ) );
#2355 = ORIENTED_EDGE('',*,*,#2356,.F.);
#2356 = EDGE_CURVE('',#916,#2333,#2357,.T.);
#2357 = SURFACE_CURVE('',#2358,(#2363,#2373),.PCURVE_S1.);
#2358 = HYPERBOLA('',#2359,2.75,2.75);
#2359 = AXIS2_PLACEMENT_3D('',#2360,#2361,#2362);
#2360 = CARTESIAN_POINT('',(0.,-2.75,-6.4));
#2361 = DIRECTION('',(-0.,1.,0.));
#2362 = DIRECTION('',(0.,0.,1.));
#2363 = PCURVE('',#932,#2364);
#2364 = DEFINITIONAL_REPRESENTATION('',(#2365),#2372);
#2365 = B_SPLINE_CURVE_WITH_KNOTS('',5,(#2366,#2367,#2368,#2369,#2370,
    #2371),.UNSPECIFIED.,.F.,.F.,(6,6),(1.046967915003,1.204971208168),
  .PIECEWISE_BEZIER_KNOTS.);
#2366 = CARTESIAN_POINT('',(5.608053774243,-0.6));
#2367 = CARTESIAN_POINT('',(5.627804185888,-0.491459672549));
#2368 = CARTESIAN_POINT('',(5.646945586074,-0.377427038356));
#2369 = CARTESIAN_POINT('',(5.665486970793,-0.257676273539));
#2370 = CARTESIAN_POINT('',(5.683440707063,-0.131958765734));
#2371 = CARTESIAN_POINT('',(5.700821069311,-6.661338147751E-16));
#2372 = ( GEOMETRIC_REPRESENTATION_CONTEXT(2) 
PARAMETRIC_REPRESENTATION_CONTEXT() REPRESENTATION_CONTEXT('2D SPACE',''
  ) );
#2373 = PCURVE('',#960,#2374);
#2374 = DEFINITIONAL_REPRESENTATION('',(#2375),#2379);
#2375 = ( BOUNDED_CURVE() B_SPLINE_CURVE(2,(#2376,#2377,#2378),
.UNSPECIFIED.,.F.,.F.) B_SPLINE_CURVE_WITH_KNOTS((3,3),(1.046967915003,
1.204971208168),.PIECEWISE_BEZIER_KNOTS.) CURVE() 
GEOMETRIC_REPRESENTATION_ITEM() RATIONAL_B_SPLINE_CURVE((1.,
1.003122253474,1.)) REPRESENTATION_ITEM('') );
#2376 = CARTESIAN_POINT('',(0.,8.434748899119));
#2377 = CARTESIAN_POINT('',(0.270787700728,8.781634775844));
#2378 = CARTESIAN_POINT('',(0.6,9.175823272123));
#2379 = ( GEOMETRIC_REPRESENTATION_CONTEXT(2) 
PARAMETRIC_REPRESENTATION_CONTEXT() REPRESENTATION_CONTEXT('2D SPACE',''
  ) );
#2380 = ORIENTED_EDGE('',*,*,#915,.F.);
#2381 = ORIENTED_EDGE('',*,*,#2225,.F.);
#2382 = ADVANCED_FACE('',(#2383),#989,.T.);
#2383 = FACE_BOUND('',#2384,.F.);
#2384 = EDGE_LOOP('',(#2385,#2409,#2410,#2411));
#2385 = ORIENTED_EDGE('',*,*,#2386,.T.);
#2386 = EDGE_CURVE('',#2387,#2255,#2389,.T.);
#2387 = VERTEX_POINT('',#2388);
#2388 = CARTESIAN_POINT('',(45.824176727878,-2.75,-1.4));
#2389 = SURFACE_CURVE('',#2390,(#2395,#2402),.PCURVE_S1.);
#2390 = CIRCLE('',#2391,5.);
#2391 = AXIS2_PLACEMENT_3D('',#2392,#2393,#2394);
#2392 = CARTESIAN_POINT('',(50.,0.,-1.4));
#2393 = DIRECTION('',(0.,0.,1.));
#2394 = DIRECTION('',(1.,0.,-0.));
#2395 = PCURVE('',#989,#2396);
#2396 = DEFINITIONAL_REPRESENTATION('',(#2397),#2401);
#2397 = LINE('',#2398,#2399);
#2398 = CARTESIAN_POINT('',(0.,-0.));
#2399 = VECTOR('',#2400,1.);
#2400 = DIRECTION('',(1.,-0.));
#2401 = ( GEOMETRIC_REPRESENTATION_CONTEXT(2) 
PARAMETRIC_REPRESENTATION_CONTEXT() REPRESENTATION_CONTEXT('2D SPACE',''
  ) );
#2402 = PCURVE('',#2296,#2403);
#2403 = DEFINITIONAL_REPRESENTATION('',(#2404),#2408);
#2404 = LINE('',#2405,#2406);
#2405 = CARTESIAN_POINT('',(0.,0.6));
#2406 = VECTOR('',#2407,1.);
#2407 = DIRECTION('',(1.,0.));
#2408 = ( GEOMETRIC_REPRESENTATION_CONTEXT(2) 
PARAMETRIC_REPRESENTATION_CONTEXT() REPRESENTATION_CONTEXT('2D SPACE',''
  ) );
#2409 = ORIENTED_EDGE('',*,*,#2254,.F.);
#2410 = ORIENTED_EDGE('',*,*,#972,.F.);
#2411 = ORIENTED_EDGE('',*,*,#2412,.F.);
#2412 = EDGE_CURVE('',#2387,#945,#2413,.T.);
#2413 = SURFACE_CURVE('',#2414,(#2419,#2429),.PCURVE_S1.);
#2414 = HYPERBOLA('',#2415,2.75,2.75);
#2415 = AXIS2_PLACEMENT_3D('',#2416,#2417,#2418);
#2416 = CARTESIAN_POINT('',(50.,-2.75,-6.4));
#2417 = DIRECTION('',(-0.,1.,0.));
#2418 = DIRECTION('',(0.,0.,1.));
#2419 = PCURVE('',#989,#2420);
#2420 = DEFINITIONAL_REPRESENTATION('',(#2421),#2428);
#2421 = B_SPLINE_CURVE_WITH_KNOTS('',5,(#2422,#2423,#2424,#2425,#2426,
    #2427),.UNSPECIFIED.,.F.,.F.,(6,6),(-1.204971208168,-1.046967915003)
  ,.PIECEWISE_BEZIER_KNOTS.);
#2422 = CARTESIAN_POINT('',(3.723956891459,-1.998401444325E-15));
#2423 = CARTESIAN_POINT('',(3.741337253707,-0.131958765734));
#2424 = CARTESIAN_POINT('',(3.759290989976,-0.257676273539));
#2425 = CARTESIAN_POINT('',(3.777832374696,-0.377427038356));
#2426 = CARTESIAN_POINT('',(3.796973774881,-0.491459672549));
#2427 = CARTESIAN_POINT('',(3.816724186527,-0.6));
#2428 = ( GEOMETRIC_REPRESENTATION_CONTEXT(2) 
PARAMETRIC_REPRESENTATION_CONTEXT() REPRESENTATION_CONTEXT('2D SPACE',''
  ) );
#2429 = PCURVE('',#960,#2430);
#2430 = DEFINITIONAL_REPRESENTATION('',(#2431),#2435);
#2431 = ( BOUNDED_CURVE() B_SPLINE_CURVE(2,(#2432,#2433,#2434),
.UNSPECIFIED.,.F.,.F.) B_SPLINE_CURVE_WITH_KNOTS((3,3),(-1.204971208168,
-1.046967915003),.PIECEWISE_BEZIER_KNOTS.) CURVE() 
GEOMETRIC_REPRESENTATION_ITEM() RATIONAL_B_SPLINE_CURVE((1.,
1.003122253474,1.)) REPRESENTATION_ITEM('') );
#2432 = CARTESIAN_POINT('',(0.6,50.824176727877));
#2433 = CARTESIAN_POINT('',(0.270787700728,51.218365224156));
#2434 = CARTESIAN_POINT('',(3.552713678801E-15,51.565251100881));
#2435 = ( GEOMETRIC_REPRESENTATION_CONTEXT(2) 
PARAMETRIC_REPRESENTATION_CONTEXT() REPRESENTATION_CONTEXT('2D SPACE',''
  ) );
#2436 = ADVANCED_FACE('',(#2437),#960,.F.);
#2437 = FACE_BOUND('',#2438,.F.);
#2438 = EDGE_LOOP('',(#2439,#2440,#2441,#2462,#2490,#2509));
#2439 = ORIENTED_EDGE('',*,*,#944,.F.);
#2440 = ORIENTED_EDGE('',*,*,#2356,.T.);
#2441 = ORIENTED_EDGE('',*,*,#2442,.T.);
#2442 = EDGE_CURVE('',#2333,#2443,#2445,.T.);
#2443 = VERTEX_POINT('',#2444);
#2444 = CARTESIAN_POINT('',(4.175823272123,-2.75,-0.8));
#2445 = SURFACE_CURVE('',#2446,(#2450,#2456),.PCURVE_S1.);
#2446 = LINE('',#2447,#2448);
#2447 = CARTESIAN_POINT('',(4.175823272123,-2.75,-2.));
#2448 = VECTOR('',#2449,1.);
#2449 = DIRECTION('',(0.,0.,1.));
#2450 = PCURVE('',#960,#2451);
#2451 = DEFINITIONAL_REPRESENTATION('',(#2452),#2455);
#2452 = B_SPLINE_CURVE_WITH_KNOTS('',1,(#2453,#2454),.UNSPECIFIED.,.F.,
  .F.,(2,2),(0.599987408199,1.32),.PIECEWISE_BEZIER_KNOTS.);
#2453 = CARTESIAN_POINT('',(0.599987408199,9.175823272123));
#2454 = CARTESIAN_POINT('',(1.32,9.175823272123));
#2455 = ( GEOMETRIC_REPRESENTATION_CONTEXT(2) 
PARAMETRIC_REPRESENTATION_CONTEXT() REPRESENTATION_CONTEXT('2D SPACE',''
  ) );
#2456 = PCURVE('',#2214,#2457);
#2457 = DEFINITIONAL_REPRESENTATION('',(#2458),#2461);
#2458 = B_SPLINE_CURVE_WITH_KNOTS('',1,(#2459,#2460),.UNSPECIFIED.,.F.,
  .F.,(2,2),(0.599987408199,1.32),.PIECEWISE_BEZIER_KNOTS.);
#2459 = CARTESIAN_POINT('',(5.700821069311,0.599987408199));
#2460 = CARTESIAN_POINT('',(5.700821069311,1.32));
#2461 = ( GEOMETRIC_REPRESENTATION_CONTEXT(2) 
PARAMETRIC_REPRESENTATION_CONTEXT() REPRESENTATION_CONTEXT('2D SPACE',''
  ) );
#2462 = ORIENTED_EDGE('',*,*,#2463,.T.);
#2463 = EDGE_CURVE('',#2443,#2464,#2466,.T.);
#2464 = VERTEX_POINT('',#2465);
#2465 = CARTESIAN_POINT('',(45.824176727878,-2.75,-0.8));
#2466 = SURFACE_CURVE('',#2467,(#2471,#2478),.PCURVE_S1.);
#2467 = LINE('',#2468,#2469);
#2468 = CARTESIAN_POINT('',(-5.,-2.75,-0.8));
#2469 = VECTOR('',#2470,1.);
#2470 = DIRECTION('',(1.,0.,-0.));
#2471 = PCURVE('',#960,#2472);
#2472 = DEFINITIONAL_REPRESENTATION('',(#2473),#2477);
#2473 = LINE('',#2474,#2475);
#2474 = CARTESIAN_POINT('',(1.2,0.));
#2475 = VECTOR('',#2476,1.);
#2476 = DIRECTION('',(0.,1.));
#2477 = ( GEOMETRIC_REPRESENTATION_CONTEXT(2) 
PARAMETRIC_REPRESENTATION_CONTEXT() REPRESENTATION_CONTEXT('2D SPACE',''
  ) );
#2478 = PCURVE('',#2479,#2484);
#2479 = PLANE('',#2480);
#2480 = AXIS2_PLACEMENT_3D('',#2481,#2482,#2483);
#2481 = CARTESIAN_POINT('',(-5.,-2.75,-0.8));
#2482 = DIRECTION('',(0.,0.,1.));
#2483 = DIRECTION('',(1.,0.,-0.));
#2484 = DEFINITIONAL_REPRESENTATION('',(#2485),#2489);
#2485 = LINE('',#2486,#2487);
#2486 = CARTESIAN_POINT('',(0.,0.));
#2487 = VECTOR('',#2488,1.);
#2488 = DIRECTION('',(1.,0.));
#2489 = ( GEOMETRIC_REPRESENTATION_CONTEXT(2) 
PARAMETRIC_REPRESENTATION_CONTEXT() REPRESENTATION_CONTEXT('2D SPACE',''
  ) );
#2490 = ORIENTED_EDGE('',*,*,#2491,.F.);
#2491 = EDGE_CURVE('',#2387,#2464,#2492,.T.);
#2492 = SURFACE_CURVE('',#2493,(#2497,#2503),.PCURVE_S1.);
#2493 = LINE('',#2494,#2495);
#2494 = CARTESIAN_POINT('',(45.824176727877,-2.75,-2.));
#2495 = VECTOR('',#2496,1.);
#2496 = DIRECTION('',(0.,0.,1.));
#2497 = PCURVE('',#960,#2498);
#2498 = DEFINITIONAL_REPRESENTATION('',(#2499),#2502);
#2499 = B_SPLINE_CURVE_WITH_KNOTS('',1,(#2500,#2501),.UNSPECIFIED.,.F.,
  .F.,(2,2),(0.599987408199,1.32),.PIECEWISE_BEZIER_KNOTS.);
#2500 = CARTESIAN_POINT('',(0.599987408199,50.824176727877));
#2501 = CARTESIAN_POINT('',(1.32,50.824176727877));
#2502 = ( GEOMETRIC_REPRESENTATION_CONTEXT(2) 
PARAMETRIC_REPRESENTATION_CONTEXT() REPRESENTATION_CONTEXT('2D SPACE',''
  ) );
#2503 = PCURVE('',#2296,#2504);
#2504 = DEFINITIONAL_REPRESENTATION('',(#2505),#2508);
#2505 = B_SPLINE_CURVE_WITH_KNOTS('',1,(#2506,#2507),.UNSPECIFIED.,.F.,
  .F.,(2,2),(0.599987408199,1.32),.PIECEWISE_BEZIER_KNOTS.);
#2506 = CARTESIAN_POINT('',(3.723956891459,0.599987408199));
#2507 = CARTESIAN_POINT('',(3.723956891459,1.32));
#2508 = ( GEOMETRIC_REPRESENTATION_CONTEXT(2) 
PARAMETRIC_REPRESENTATION_CONTEXT() REPRESENTATION_CONTEXT('2D SPACE',''
  ) );
#2509 = ORIENTED_EDGE('',*,*,#2412,.T.);
#2510 = ADVANCED_FACE('',(#2511),#1131,.F.);
#2511 = FACE_BOUND('',#2512,.F.);
#2512 = EDGE_LOOP('',(#2513,#2537,#2558,#2559));
#2513 = ORIENTED_EDGE('',*,*,#2514,.F.);
#2514 = EDGE_CURVE('',#2515,#2515,#2517,.T.);
#2515 = VERTEX_POINT('',#2516);
#2516 = CARTESIAN_POINT('',(2.05,-5.021051876504E-16,2.));
#2517 = SURFACE_CURVE('',#2518,(#2523,#2530),.PCURVE_S1.);
#2518 = CIRCLE('',#2519,2.05);
#2519 = AXIS2_PLACEMENT_3D('',#2520,#2521,#2522);
#2520 = CARTESIAN_POINT('',(0.,0.,2.));
#2521 = DIRECTION('',(0.,0.,1.));
#2522 = DIRECTION('',(1.,0.,-0.));
#2523 = PCURVE('',#1131,#2524);
#2524 = DEFINITIONAL_REPRESENTATION('',(#2525),#2529);
#2525 = LINE('',#2526,#2527);
#2526 = CARTESIAN_POINT('',(0.,5.));
#2527 = VECTOR('',#2528,1.);
#2528 = DIRECTION('',(1.,0.));
#2529 = ( GEOMETRIC_REPRESENTATION_CONTEXT(2) 
PARAMETRIC_REPRESENTATION_CONTEXT() REPRESENTATION_CONTEXT('2D SPACE',''
  ) );
#2530 = PCURVE('',#1781,#2531);
#2531 = DEFINITIONAL_REPRESENTATION('',(#2532),#2536);
#2532 = CIRCLE('',#2533,2.05);
#2533 = AXIS2_PLACEMENT_2D('',#2534,#2535);
#2534 = CARTESIAN_POINT('',(5.,2.75));
#2535 = DIRECTION('',(1.,0.));
#2536 = ( GEOMETRIC_REPRESENTATION_CONTEXT(2) 
PARAMETRIC_REPRESENTATION_CONTEXT() REPRESENTATION_CONTEXT('2D SPACE',''
  ) );
#2537 = ORIENTED_EDGE('',*,*,#2538,.F.);
#2538 = EDGE_CURVE('',#1115,#2515,#2539,.T.);
#2539 = SEAM_CURVE('',#2540,(#2544,#2551),.PCURVE_S1.);
#2540 = LINE('',#2541,#2542);
#2541 = CARTESIAN_POINT('',(2.05,-5.021051876504E-16,-3.));
#2542 = VECTOR('',#2543,1.);
#2543 = DIRECTION('',(0.,0.,1.));
#2544 = PCURVE('',#1131,#2545);
#2545 = DEFINITIONAL_REPRESENTATION('',(#2546),#2550);
#2546 = LINE('',#2547,#2548);
#2547 = CARTESIAN_POINT('',(6.28318530718,-0.));
#2548 = VECTOR('',#2549,1.);
#2549 = DIRECTION('',(0.,1.));
#2550 = ( GEOMETRIC_REPRESENTATION_CONTEXT(2) 
PARAMETRIC_REPRESENTATION_CONTEXT() REPRESENTATION_CONTEXT('2D SPACE',''
  ) );
#2551 = PCURVE('',#1131,#2552);
#2552 = DEFINITIONAL_REPRESENTATION('',(#2553),#2557);
#2553 = LINE('',#2554,#2555);
#2554 = CARTESIAN_POINT('',(0.,-0.));
#2555 = VECTOR('',#2556,1.);
#2556 = DIRECTION('',(0.,1.));
#2557 = ( GEOMETRIC_REPRESENTATION_CONTEXT(2) 
PARAMETRIC_REPRESENTATION_CONTEXT() REPRESENTATION_CONTEXT('2D SPACE',''
  ) );
#2558 = ORIENTED_EDGE('',*,*,#1114,.T.);
#2559 = ORIENTED_EDGE('',*,*,#2538,.T.);
#2560 = ADVANCED_FACE('',(#2561,#2610,#2717),#1162,.F.);
#2561 = FACE_BOUND('',#2562,.F.);
#2562 = EDGE_LOOP('',(#2563,#2587,#2608,#2609));
#2563 = ORIENTED_EDGE('',*,*,#2564,.F.);
#2564 = EDGE_CURVE('',#2565,#2565,#2567,.T.);
#2565 = VERTEX_POINT('',#2566);
#2566 = CARTESIAN_POINT('',(17.2,-5.388445916248E-16,2.));
#2567 = SURFACE_CURVE('',#2568,(#2573,#2580),.PCURVE_S1.);
#2568 = CIRCLE('',#2569,2.2);
#2569 = AXIS2_PLACEMENT_3D('',#2570,#2571,#2572);
#2570 = CARTESIAN_POINT('',(15.,0.,2.));
#2571 = DIRECTION('',(0.,0.,1.));
#2572 = DIRECTION('',(1.,0.,-0.));
#2573 = PCURVE('',#1162,#2574);
#2574 = DEFINITIONAL_REPRESENTATION('',(#2575),#2579);
#2575 = LINE('',#2576,#2577);
#2576 = CARTESIAN_POINT('',(0.,5.));
#2577 = VECTOR('',#2578,1.);
#2578 = DIRECTION('',(1.,0.));
#2579 = ( GEOMETRIC_REPRESENTATION_CONTEXT(2) 
PARAMETRIC_REPRESENTATION_CONTEXT() REPRESENTATION_CONTEXT('2D SPACE',''
  ) );
#2580 = PCURVE('',#1781,#2581);
#2581 = DEFINITIONAL_REPRESENTATION('',(#2582),#2586);
#2582 = CIRCLE('',#2583,2.2);
#2583 = AXIS2_PLACEMENT_2D('',#2584,#2585);
#2584 = CARTESIAN_POINT('',(20.,2.75));
#2585 = DIRECTION('',(1.,0.));
#2586 = ( GEOMETRIC_REPRESENTATION_CONTEXT(2) 
PARAMETRIC_REPRESENTATION_CONTEXT() REPRESENTATION_CONTEXT('2D SPACE',''
  ) );
#2587 = ORIENTED_EDGE('',*,*,#2588,.F.);
#2588 = EDGE_CURVE('',#1146,#2565,#2589,.T.);
#2589 = SEAM_CURVE('',#2590,(#2594,#2601),.PCURVE_S1.);
#2590 = LINE('',#2591,#2592);
#2591 = CARTESIAN_POINT('',(17.2,-5.388445916248E-16,-3.));
#2592 = VECTOR('',#2593,1.);
#2593 = DIRECTION('',(0.,0.,1.));
#2594 = PCURVE('',#1162,#2595);
#2595 = DEFINITIONAL_REPRESENTATION('',(#2596),#2600);
#2596 = LINE('',#2597,#2598);
#2597 = CARTESIAN_POINT('',(6.28318530718,-0.));
#2598 = VECTOR('',#2599,1.);
#2599 = DIRECTION('',(0.,1.));
#2600 = ( GEOMETRIC_REPRESENTATION_CONTEXT(2) 
PARAMETRIC_REPRESENTATION_CONTEXT() REPRESENTATION_CONTEXT('2D SPACE',''
  ) );
#2601 = PCURVE('',#1162,#2602);
#2602 = DEFINITIONAL_REPRESENTATION('',(#2603),#2607);
#2603 = LINE('',#2604,#2605);
#2604 = CARTESIAN_POINT('',(0.,-0.));
#2605 = VECTOR('',#2606,1.);
#2606 = DIRECTION('',(0.,1.));
#2607 = ( GEOMETRIC_REPRESENTATION_CONTEXT(2) 
PARAMETRIC_REPRESENTATION_CONTEXT() REPRESENTATION_CONTEXT('2D SPACE',''
  ) );
#2608 = ORIENTED_EDGE('',*,*,#1145,.T.);
#2609 = ORIENTED_EDGE('',*,*,#2588,.T.);
#2610 = FACE_BOUND('',#2611,.F.);
#2611 = EDGE_LOOP('',(#2612,#2638,#2664,#2693));
#2612 = ORIENTED_EDGE('',*,*,#2613,.F.);
#2613 = EDGE_CURVE('',#2614,#2616,#2618,.T.);
#2614 = VERTEX_POINT('',#2615);
#2615 = CARTESIAN_POINT('',(16.818954026357,1.2375,-0.8));
#2616 = VERTEX_POINT('',#2617);
#2617 = CARTESIAN_POINT('',(13.181045973643,1.2375,-0.8));
#2618 = SURFACE_CURVE('',#2619,(#2624,#2631),.PCURVE_S1.);
#2619 = CIRCLE('',#2620,2.2);
#2620 = AXIS2_PLACEMENT_3D('',#2621,#2622,#2623);
#2621 = CARTESIAN_POINT('',(15.,0.,-0.8));
#2622 = DIRECTION('',(0.,0.,1.));
#2623 = DIRECTION('',(1.,0.,-0.));
#2624 = PCURVE('',#1162,#2625);
#2625 = DEFINITIONAL_REPRESENTATION('',(#2626),#2630);
#2626 = LINE('',#2627,#2628);
#2627 = CARTESIAN_POINT('',(0.,2.2));
#2628 = VECTOR('',#2629,1.);
#2629 = DIRECTION('',(1.,0.));
#2630 = ( GEOMETRIC_REPRESENTATION_CONTEXT(2) 
PARAMETRIC_REPRESENTATION_CONTEXT() REPRESENTATION_CONTEXT('2D SPACE',''
  ) );
#2631 = PCURVE('',#1309,#2632);
#2632 = DEFINITIONAL_REPRESENTATION('',(#2633),#2637);
#2633 = CIRCLE('',#2634,2.2);
#2634 = AXIS2_PLACEMENT_2D('',#2635,#2636);
#2635 = CARTESIAN_POINT('',(20.,2.75));
#2636 = DIRECTION('',(1.,0.));
#2637 = ( GEOMETRIC_REPRESENTATION_CONTEXT(2) 
PARAMETRIC_REPRESENTATION_CONTEXT() REPRESENTATION_CONTEXT('2D SPACE',''
  ) );
#2638 = ORIENTED_EDGE('',*,*,#2639,.T.);
#2639 = EDGE_CURVE('',#2614,#2640,#2642,.T.);
#2640 = VERTEX_POINT('',#2641);
#2641 = CARTESIAN_POINT('',(16.818954026357,1.2375,0.8));
#2642 = SURFACE_CURVE('',#2643,(#2647,#2653),.PCURVE_S1.);
#2643 = LINE('',#2644,#2645);
#2644 = CARTESIAN_POINT('',(16.818954026357,1.2375,-3.));
#2645 = VECTOR('',#2646,1.);
#2646 = DIRECTION('',(0.,0.,1.));
#2647 = PCURVE('',#1162,#2648);
#2648 = DEFINITIONAL_REPRESENTATION('',(#2649),#2652);
#2649 = B_SPLINE_CURVE_WITH_KNOTS('',1,(#2650,#2651),.UNSPECIFIED.,.F.,
  .F.,(2,2),(2.04,3.96),.PIECEWISE_BEZIER_KNOTS.);
#2650 = CARTESIAN_POINT('',(0.597406416645,2.04));
#2651 = CARTESIAN_POINT('',(0.597406416645,3.96));
#2652 = ( GEOMETRIC_REPRESENTATION_CONTEXT(2) 
PARAMETRIC_REPRESENTATION_CONTEXT() REPRESENTATION_CONTEXT('2D SPACE',''
  ) );
#2653 = PCURVE('',#2654,#2659);
#2654 = PLANE('',#2655);
#2655 = AXIS2_PLACEMENT_3D('',#2656,#2657,#2658);
#2656 = CARTESIAN_POINT('',(-5.,1.2375,-0.8));
#2657 = DIRECTION('',(-0.,1.,0.));
#2658 = DIRECTION('',(0.,0.,1.));
#2659 = DEFINITIONAL_REPRESENTATION('',(#2660),#2663);
#2660 = B_SPLINE_CURVE_WITH_KNOTS('',1,(#2661,#2662),.UNSPECIFIED.,.F.,
  .F.,(2,2),(2.04,3.96),.PIECEWISE_BEZIER_KNOTS.);
#2661 = CARTESIAN_POINT('',(-0.16,21.818954026357));
#2662 = CARTESIAN_POINT('',(1.76,21.818954026357));
#2663 = ( GEOMETRIC_REPRESENTATION_CONTEXT(2) 
PARAMETRIC_REPRESENTATION_CONTEXT() REPRESENTATION_CONTEXT('2D SPACE',''
  ) );
#2664 = ORIENTED_EDGE('',*,*,#2665,.T.);
#2665 = EDGE_CURVE('',#2640,#2666,#2668,.T.);
#2666 = VERTEX_POINT('',#2667);
#2667 = CARTESIAN_POINT('',(13.181045973643,1.2375,0.8));
#2668 = SURFACE_CURVE('',#2669,(#2674,#2681),.PCURVE_S1.);
#2669 = CIRCLE('',#2670,2.2);
#2670 = AXIS2_PLACEMENT_3D('',#2671,#2672,#2673);
#2671 = CARTESIAN_POINT('',(15.,0.,0.8));
#2672 = DIRECTION('',(0.,0.,1.));
#2673 = DIRECTION('',(1.,0.,-0.));
#2674 = PCURVE('',#1162,#2675);
#2675 = DEFINITIONAL_REPRESENTATION('',(#2676),#2680);
#2676 = LINE('',#2677,#2678);
#2677 = CARTESIAN_POINT('',(0.,3.8));
#2678 = VECTOR('',#2679,1.);
#2679 = DIRECTION('',(1.,0.));
#2680 = ( GEOMETRIC_REPRESENTATION_CONTEXT(2) 
PARAMETRIC_REPRESENTATION_CONTEXT() REPRESENTATION_CONTEXT('2D SPACE',''
  ) );
#2681 = PCURVE('',#2682,#2687);
#2682 = PLANE('',#2683);
#2683 = AXIS2_PLACEMENT_3D('',#2684,#2685,#2686);
#2684 = CARTESIAN_POINT('',(-5.,-2.75,0.8));
#2685 = DIRECTION('',(0.,0.,1.));
#2686 = DIRECTION('',(1.,0.,-0.));
#2687 = DEFINITIONAL_REPRESENTATION('',(#2688),#2692);
#2688 = CIRCLE('',#2689,2.2);
#2689 = AXIS2_PLACEMENT_2D('',#2690,#2691);
#2690 = CARTESIAN_POINT('',(20.,2.75));
#2691 = DIRECTION('',(1.,0.));
#2692 = ( GEOMETRIC_REPRESENTATION_CONTEXT(2) 
PARAMETRIC_REPRESENTATION_CONTEXT() REPRESENTATION_CONTEXT('2D SPACE',''
  ) );
#2693 = ORIENTED_EDGE('',*,*,#2694,.F.);
#2694 = EDGE_CURVE('',#2616,#2666,#2695,.T.);
#2695 = SURFACE_CURVE('',#2696,(#2700,#2706),.PCURVE_S1.);
#2696 = LINE('',#2697,#2698);
#2697 = CARTESIAN_POINT('',(13.181045973643,1.2375,-3.));
#2698 = VECTOR('',#2699,1.);
#2699 = DIRECTION('',(0.,0.,1.));
#2700 = PCURVE('',#1162,#2701);
#2701 = DEFINITIONAL_REPRESENTATION('',(#2702),#2705);
#2702 = B_SPLINE_CURVE_WITH_KNOTS('',1,(#2703,#2704),.UNSPECIFIED.,.F.,
  .F.,(2,2),(2.04,3.96),.PIECEWISE_BEZIER_KNOTS.);
#2703 = CARTESIAN_POINT('',(2.544186236944,2.04));
#2704 = CARTESIAN_POINT('',(2.544186236944,3.96));
#2705 = ( GEOMETRIC_REPRESENTATION_CONTEXT(2) 
PARAMETRIC_REPRESENTATION_CONTEXT() REPRESENTATION_CONTEXT('2D SPACE',''
  ) );
#2706 = PCURVE('',#2707,#2712);
#2707 = PLANE('',#2708);
#2708 = AXIS2_PLACEMENT_3D('',#2709,#2710,#2711);
#2709 = CARTESIAN_POINT('',(-5.,1.2375,-0.8));
#2710 = DIRECTION('',(-0.,1.,0.));
#2711 = DIRECTION('',(0.,0.,1.));
#2712 = DEFINITIONAL_REPRESENTATION('',(#2713),#2716);
#2713 = B_SPLINE_CURVE_WITH_KNOTS('',1,(#2714,#2715),.UNSPECIFIED.,.F.,
  .F.,(2,2),(2.04,3.96),.PIECEWISE_BEZIER_KNOTS.);
#2714 = CARTESIAN_POINT('',(-0.16,18.181045973643));
#2715 = CARTESIAN_POINT('',(1.76,18.181045973643));
#2716 = ( GEOMETRIC_REPRESENTATION_CONTEXT(2) 
PARAMETRIC_REPRESENTATION_CONTEXT() REPRESENTATION_CONTEXT('2D SPACE',''
  ) );
#2717 = FACE_BOUND('',#2718,.F.);
#2718 = EDGE_LOOP('',(#2719,#2745,#2771,#2800));
#2719 = ORIENTED_EDGE('',*,*,#2720,.F.);
#2720 = EDGE_CURVE('',#2721,#2723,#2725,.T.);
#2721 = VERTEX_POINT('',#2722);
#2722 = CARTESIAN_POINT('',(13.181045973643,-1.2375,-0.8));
#2723 = VERTEX_POINT('',#2724);
#2724 = CARTESIAN_POINT('',(16.818954026357,-1.2375,-0.8));
#2725 = SURFACE_CURVE('',#2726,(#2731,#2738),.PCURVE_S1.);
#2726 = CIRCLE('',#2727,2.2);
#2727 = AXIS2_PLACEMENT_3D('',#2728,#2729,#2730);
#2728 = CARTESIAN_POINT('',(15.,0.,-0.8));
#2729 = DIRECTION('',(0.,0.,1.));
#2730 = DIRECTION('',(1.,0.,-0.));
#2731 = PCURVE('',#1162,#2732);
#2732 = DEFINITIONAL_REPRESENTATION('',(#2733),#2737);
#2733 = LINE('',#2734,#2735);
#2734 = CARTESIAN_POINT('',(0.,2.2));
#2735 = VECTOR('',#2736,1.);
#2736 = DIRECTION('',(1.,0.));
#2737 = ( GEOMETRIC_REPRESENTATION_CONTEXT(2) 
PARAMETRIC_REPRESENTATION_CONTEXT() REPRESENTATION_CONTEXT('2D SPACE',''
  ) );
#2738 = PCURVE('',#2479,#2739);
#2739 = DEFINITIONAL_REPRESENTATION('',(#2740),#2744);
#2740 = CIRCLE('',#2741,2.2);
#2741 = AXIS2_PLACEMENT_2D('',#2742,#2743);
#2742 = CARTESIAN_POINT('',(20.,2.75));
#2743 = DIRECTION('',(1.,0.));
#2744 = ( GEOMETRIC_REPRESENTATION_CONTEXT(2) 
PARAMETRIC_REPRESENTATION_CONTEXT() REPRESENTATION_CONTEXT('2D SPACE',''
  ) );
#2745 = ORIENTED_EDGE('',*,*,#2746,.T.);
#2746 = EDGE_CURVE('',#2721,#2747,#2749,.T.);
#2747 = VERTEX_POINT('',#2748);
#2748 = CARTESIAN_POINT('',(13.181045973643,-1.2375,0.8));
#2749 = SURFACE_CURVE('',#2750,(#2754,#2760),.PCURVE_S1.);
#2750 = LINE('',#2751,#2752);
#2751 = CARTESIAN_POINT('',(13.181045973643,-1.2375,-3.));
#2752 = VECTOR('',#2753,1.);
#2753 = DIRECTION('',(0.,0.,1.));
#2754 = PCURVE('',#1162,#2755);
#2755 = DEFINITIONAL_REPRESENTATION('',(#2756),#2759);
#2756 = B_SPLINE_CURVE_WITH_KNOTS('',1,(#2757,#2758),.UNSPECIFIED.,.F.,
  .F.,(2,2),(2.04,3.96),.PIECEWISE_BEZIER_KNOTS.);
#2757 = CARTESIAN_POINT('',(3.738999070235,2.04));
#2758 = CARTESIAN_POINT('',(3.738999070235,3.96));
#2759 = ( GEOMETRIC_REPRESENTATION_CONTEXT(2) 
PARAMETRIC_REPRESENTATION_CONTEXT() REPRESENTATION_CONTEXT('2D SPACE',''
  ) );
#2760 = PCURVE('',#2761,#2766);
#2761 = PLANE('',#2762);
#2762 = AXIS2_PLACEMENT_3D('',#2763,#2764,#2765);
#2763 = CARTESIAN_POINT('',(-5.,-1.2375,-0.8));
#2764 = DIRECTION('',(-0.,1.,0.));
#2765 = DIRECTION('',(0.,0.,1.));
#2766 = DEFINITIONAL_REPRESENTATION('',(#2767),#2770);
#2767 = B_SPLINE_CURVE_WITH_KNOTS('',1,(#2768,#2769),.UNSPECIFIED.,.F.,
  .F.,(2,2),(2.04,3.96),.PIECEWISE_BEZIER_KNOTS.);
#2768 = CARTESIAN_POINT('',(-0.16,18.181045973643));
#2769 = CARTESIAN_POINT('',(1.76,18.181045973643));
#2770 = ( GEOMETRIC_REPRESENTATION_CONTEXT(2) 
PARAMETRIC_REPRESENTATION_CONTEXT() REPRESENTATION_CONTEXT('2D SPACE',''
  ) );
#2771 = ORIENTED_EDGE('',*,*,#2772,.T.);
#2772 = EDGE_CURVE('',#2747,#2773,#2775,.T.);
#2773 = VERTEX_POINT('',#2774);
#2774 = CARTESIAN_POINT('',(16.818954026357,-1.2375,0.8));
#2775 = SURFACE_CURVE('',#2776,(#2781,#2788),.PCURVE_S1.);
#2776 = CIRCLE('',#2777,2.2);
#2777 = AXIS2_PLACEMENT_3D('',#2778,#2779,#2780);
#2778 = CARTESIAN_POINT('',(15.,0.,0.8));
#2779 = DIRECTION('',(0.,0.,1.));
#2780 = DIRECTION('',(1.,0.,-0.));
#2781 = PCURVE('',#1162,#2782);
#2782 = DEFINITIONAL_REPRESENTATION('',(#2783),#2787);
#2783 = LINE('',#2784,#2785);
#2784 = CARTESIAN_POINT('',(0.,3.8));
#2785 = VECTOR('',#2786,1.);
#2786 = DIRECTION('',(1.,0.));
#2787 = ( GEOMETRIC_REPRESENTATION_CONTEXT(2) 
PARAMETRIC_REPRESENTATION_CONTEXT() REPRESENTATION_CONTEXT('2D SPACE',''
  ) );
#2788 = PCURVE('',#2789,#2794);
#2789 = PLANE('',#2790);
#2790 = AXIS2_PLACEMENT_3D('',#2791,#2792,#2793);
#2791 = CARTESIAN_POINT('',(-5.,-2.75,0.8));
#2792 = DIRECTION('',(0.,0.,1.));
#2793 = DIRECTION('',(1.,0.,-0.));
#2794 = DEFINITIONAL_REPRESENTATION('',(#2795),#2799);
#2795 = CIRCLE('',#2796,2.2);
#2796 = AXIS2_PLACEMENT_2D('',#2797,#2798);
#2797 = CARTESIAN_POINT('',(20.,2.75));
#2798 = DIRECTION('',(1.,0.));
#2799 = ( GEOMETRIC_REPRESENTATION_CONTEXT(2) 
PARAMETRIC_REPRESENTATION_CONTEXT() REPRESENTATION_CONTEXT('2D SPACE',''
  ) );
#2800 = ORIENTED_EDGE('',*,*,#2801,.F.);
#2801 = EDGE_CURVE('',#2723,#2773,#2802,.T.);
#2802 = SURFACE_CURVE('',#2803,(#2807,#2813),.PCURVE_S1.);
#2803 = LINE('',#2804,#2805);
#2804 = CARTESIAN_POINT('',(16.818954026357,-1.2375,-3.));
#2805 = VECTOR('',#2806,1.);
#2806 = DIRECTION('',(0.,0.,1.));
#2807 = PCURVE('',#1162,#2808);
#2808 = DEFINITIONAL_REPRESENTATION('',(#2809),#2812);
#2809 = B_SPLINE_CURVE_WITH_KNOTS('',1,(#2810,#2811),.UNSPECIFIED.,.F.,
  .F.,(2,2),(2.04,3.96),.PIECEWISE_BEZIER_KNOTS.);
#2810 = CARTESIAN_POINT('',(5.685778890534,2.04));
#2811 = CARTESIAN_POINT('',(5.685778890534,3.96));
#2812 = ( GEOMETRIC_REPRESENTATION_CONTEXT(2) 
PARAMETRIC_REPRESENTATION_CONTEXT() REPRESENTATION_CONTEXT('2D SPACE',''
  ) );
#2813 = PCURVE('',#2814,#2819);
#2814 = PLANE('',#2815);
#2815 = AXIS2_PLACEMENT_3D('',#2816,#2817,#2818);
#2816 = CARTESIAN_POINT('',(-5.,-1.2375,-0.8));
#2817 = DIRECTION('',(-0.,1.,0.));
#2818 = DIRECTION('',(0.,0.,1.));
#2819 = DEFINITIONAL_REPRESENTATION('',(#2820),#2823);
#2820 = B_SPLINE_CURVE_WITH_KNOTS('',1,(#2821,#2822),.UNSPECIFIED.,.F.,
  .F.,(2,2),(2.04,3.96),.PIECEWISE_BEZIER_KNOTS.);
#2821 = CARTESIAN_POINT('',(-0.16,21.818954026357));
#2822 = CARTESIAN_POINT('',(1.76,21.818954026357));
#2823 = ( GEOMETRIC_REPRESENTATION_CONTEXT(2) 
PARAMETRIC_REPRESENTATION_CONTEXT() REPRESENTATION_CONTEXT('2D SPACE',''
  ) );
#2824 = ADVANCED_FACE('',(#2825,#2874,#2971),#1193,.F.);
#2825 = FACE_BOUND('',#2826,.F.);
#2826 = EDGE_LOOP('',(#2827,#2851,#2872,#2873));
#2827 = ORIENTED_EDGE('',*,*,#2828,.F.);
#2828 = EDGE_CURVE('',#2829,#2829,#2831,.T.);
#2829 = VERTEX_POINT('',#2830);
#2830 = CARTESIAN_POINT('',(37.2,-5.388445916248E-16,2.));
#2831 = SURFACE_CURVE('',#2832,(#2837,#2844),.PCURVE_S1.);
#2832 = CIRCLE('',#2833,2.2);
#2833 = AXIS2_PLACEMENT_3D('',#2834,#2835,#2836);
#2834 = CARTESIAN_POINT('',(35.,0.,2.));
#2835 = DIRECTION('',(0.,0.,1.));
#2836 = DIRECTION('',(1.,0.,-0.));
#2837 = PCURVE('',#1193,#2838);
#2838 = DEFINITIONAL_REPRESENTATION('',(#2839),#2843);
#2839 = LINE('',#2840,#2841);
#2840 = CARTESIAN_POINT('',(0.,5.));
#2841 = VECTOR('',#2842,1.);
#2842 = DIRECTION('',(1.,0.));
#2843 = ( GEOMETRIC_REPRESENTATION_CONTEXT(2) 
PARAMETRIC_REPRESENTATION_CONTEXT() REPRESENTATION_CONTEXT('2D SPACE',''
  ) );
#2844 = PCURVE('',#1781,#2845);
#2845 = DEFINITIONAL_REPRESENTATION('',(#2846),#2850);
#2846 = CIRCLE('',#2847,2.2);
#2847 = AXIS2_PLACEMENT_2D('',#2848,#2849);
#2848 = CARTESIAN_POINT('',(40.,2.75));
#2849 = DIRECTION('',(1.,0.));
#2850 = ( GEOMETRIC_REPRESENTATION_CONTEXT(2) 
PARAMETRIC_REPRESENTATION_CONTEXT() REPRESENTATION_CONTEXT('2D SPACE',''
  ) );
#2851 = ORIENTED_EDGE('',*,*,#2852,.F.);
#2852 = EDGE_CURVE('',#1177,#2829,#2853,.T.);
#2853 = SEAM_CURVE('',#2854,(#2858,#2865),.PCURVE_S1.);
#2854 = LINE('',#2855,#2856);
#2855 = CARTESIAN_POINT('',(37.2,-5.388445916248E-16,-3.));
#2856 = VECTOR('',#2857,1.);
#2857 = DIRECTION('',(0.,0.,1.));
#2858 = PCURVE('',#1193,#2859);
#2859 = DEFINITIONAL_REPRESENTATION('',(#2860),#2864);
#2860 = LINE('',#2861,#2862);
#2861 = CARTESIAN_POINT('',(6.28318530718,-0.));
#2862 = VECTOR('',#2863,1.);
#2863 = DIRECTION('',(0.,1.));
#2864 = ( GEOMETRIC_REPRESENTATION_CONTEXT(2) 
PARAMETRIC_REPRESENTATION_CONTEXT() REPRESENTATION_CONTEXT('2D SPACE',''
  ) );
#2865 = PCURVE('',#1193,#2866);
#2866 = DEFINITIONAL_REPRESENTATION('',(#2867),#2871);
#2867 = LINE('',#2868,#2869);
#2868 = CARTESIAN_POINT('',(0.,-0.));
#2869 = VECTOR('',#2870,1.);
#2870 = DIRECTION('',(0.,1.));
#2871 = ( GEOMETRIC_REPRESENTATION_CONTEXT(2) 
PARAMETRIC_REPRESENTATION_CONTEXT() REPRESENTATION_CONTEXT('2D SPACE',''
  ) );
#2872 = ORIENTED_EDGE('',*,*,#1176,.T.);
#2873 = ORIENTED_EDGE('',*,*,#2852,.T.);
#2874 = FACE_BOUND('',#2875,.F.);
#2875 = EDGE_LOOP('',(#2876,#2902,#2928,#2952));
#2876 = ORIENTED_EDGE('',*,*,#2877,.F.);
#2877 = EDGE_CURVE('',#2878,#2880,#2882,.T.);
#2878 = VERTEX_POINT('',#2879);
#2879 = CARTESIAN_POINT('',(36.818954026357,1.2375,-0.8));
#2880 = VERTEX_POINT('',#2881);
#2881 = CARTESIAN_POINT('',(33.181045973643,1.2375,-0.8));
#2882 = SURFACE_CURVE('',#2883,(#2888,#2895),.PCURVE_S1.);
#2883 = CIRCLE('',#2884,2.2);
#2884 = AXIS2_PLACEMENT_3D('',#2885,#2886,#2887);
#2885 = CARTESIAN_POINT('',(35.,0.,-0.8));
#2886 = DIRECTION('',(0.,0.,1.));
#2887 = DIRECTION('',(1.,0.,-0.));
#2888 = PCURVE('',#1193,#2889);
#2889 = DEFINITIONAL_REPRESENTATION('',(#2890),#2894);
#2890 = LINE('',#2891,#2892);
#2891 = CARTESIAN_POINT('',(0.,2.2));
#2892 = VECTOR('',#2893,1.);
#2893 = DIRECTION('',(1.,0.));
#2894 = ( GEOMETRIC_REPRESENTATION_CONTEXT(2) 
PARAMETRIC_REPRESENTATION_CONTEXT() REPRESENTATION_CONTEXT('2D SPACE',''
  ) );
#2895 = PCURVE('',#1309,#2896);
#2896 = DEFINITIONAL_REPRESENTATION('',(#2897),#2901);
#2897 = CIRCLE('',#2898,2.2);
#2898 = AXIS2_PLACEMENT_2D('',#2899,#2900);
#2899 = CARTESIAN_POINT('',(40.,2.75));
#2900 = DIRECTION('',(1.,0.));
#2901 = ( GEOMETRIC_REPRESENTATION_CONTEXT(2) 
PARAMETRIC_REPRESENTATION_CONTEXT() REPRESENTATION_CONTEXT('2D SPACE',''
  ) );
#2902 = ORIENTED_EDGE('',*,*,#2903,.T.);
#2903 = EDGE_CURVE('',#2878,#2904,#2906,.T.);
#2904 = VERTEX_POINT('',#2905);
#2905 = CARTESIAN_POINT('',(36.818954026357,1.2375,0.8));
#2906 = SURFACE_CURVE('',#2907,(#2911,#2917),.PCURVE_S1.);
#2907 = LINE('',#2908,#2909);
#2908 = CARTESIAN_POINT('',(36.818954026357,1.2375,-3.));
#2909 = VECTOR('',#2910,1.);
#2910 = DIRECTION('',(0.,0.,1.));
#2911 = PCURVE('',#1193,#2912);
#2912 = DEFINITIONAL_REPRESENTATION('',(#2913),#2916);
#2913 = B_SPLINE_CURVE_WITH_KNOTS('',1,(#2914,#2915),.UNSPECIFIED.,.F.,
  .F.,(2,2),(2.04,3.96),.PIECEWISE_BEZIER_KNOTS.);
#2914 = CARTESIAN_POINT('',(0.597406416645,2.04));
#2915 = CARTESIAN_POINT('',(0.597406416645,3.96));
#2916 = ( GEOMETRIC_REPRESENTATION_CONTEXT(2) 
PARAMETRIC_REPRESENTATION_CONTEXT() REPRESENTATION_CONTEXT('2D SPACE',''
  ) );
#2917 = PCURVE('',#2918,#2923);
#2918 = PLANE('',#2919);
#2919 = AXIS2_PLACEMENT_3D('',#2920,#2921,#2922);
#2920 = CARTESIAN_POINT('',(-5.,1.2375,-0.8));
#2921 = DIRECTION('',(-0.,1.,0.));
#2922 = DIRECTION('',(0.,0.,1.));
#2923 = DEFINITIONAL_REPRESENTATION('',(#2924),#2927);
#2924 = B_SPLINE_CURVE_WITH_KNOTS('',1,(#2925,#2926),.UNSPECIFIED.,.F.,
  .F.,(2,2),(2.04,3.96),.PIECEWISE_BEZIER_KNOTS.);
#2925 = CARTESIAN_POINT('',(-0.16,41.818954026357));
#2926 = CARTESIAN_POINT('',(1.76,41.818954026357));
#2927 = ( GEOMETRIC_REPRESENTATION_CONTEXT(2) 
PARAMETRIC_REPRESENTATION_CONTEXT() REPRESENTATION_CONTEXT('2D SPACE',''
  ) );
#2928 = ORIENTED_EDGE('',*,*,#2929,.T.);
#2929 = EDGE_CURVE('',#2904,#2930,#2932,.T.);
#2930 = VERTEX_POINT('',#2931);
#2931 = CARTESIAN_POINT('',(33.181045973643,1.2375,0.8));
#2932 = SURFACE_CURVE('',#2933,(#2938,#2945),.PCURVE_S1.);
#2933 = CIRCLE('',#2934,2.2);
#2934 = AXIS2_PLACEMENT_3D('',#2935,#2936,#2937);
#2935 = CARTESIAN_POINT('',(35.,0.,0.8));
#2936 = DIRECTION('',(0.,0.,1.));
#2937 = DIRECTION('',(1.,0.,-0.));
#2938 = PCURVE('',#1193,#2939);
#2939 = DEFINITIONAL_REPRESENTATION('',(#2940),#2944);
#2940 = LINE('',#2941,#2942);
#2941 = CARTESIAN_POINT('',(0.,3.8));
#2942 = VECTOR('',#2943,1.);
#2943 = DIRECTION('',(1.,0.));
#2944 = ( GEOMETRIC_REPRESENTATION_CONTEXT(2) 
PARAMETRIC_REPRESENTATION_CONTEXT() REPRESENTATION_CONTEXT('2D SPACE',''
  ) );
#2945 = PCURVE('',#2682,#2946);
#2946 = DEFINITIONAL_REPRESENTATION('',(#2947),#2951);
#2947 = CIRCLE('',#2948,2.2);
#2948 = AXIS2_PLACEMENT_2D('',#2949,#2950);
#2949 = CARTESIAN_POINT('',(40.,2.75));
#2950 = DIRECTION('',(1.,0.));
#2951 = ( GEOMETRIC_REPRESENTATION_CONTEXT(2) 
PARAMETRIC_REPRESENTATION_CONTEXT() REPRESENTATION_CONTEXT('2D SPACE',''
  ) );
#2952 = ORIENTED_EDGE('',*,*,#2953,.F.);
#2953 = EDGE_CURVE('',#2880,#2930,#2954,.T.);
#2954 = SURFACE_CURVE('',#2955,(#2959,#2965),.PCURVE_S1.);
#2955 = LINE('',#2956,#2957);
#2956 = CARTESIAN_POINT('',(33.181045973643,1.2375,-3.));
#2957 = VECTOR('',#2958,1.);
#2958 = DIRECTION('',(0.,0.,1.));
#2959 = PCURVE('',#1193,#2960);
#2960 = DEFINITIONAL_REPRESENTATION('',(#2961),#2964);
#2961 = B_SPLINE_CURVE_WITH_KNOTS('',1,(#2962,#2963),.UNSPECIFIED.,.F.,
  .F.,(2,2),(2.04,3.96),.PIECEWISE_BEZIER_KNOTS.);
#2962 = CARTESIAN_POINT('',(2.544186236944,2.04));
#2963 = CARTESIAN_POINT('',(2.544186236944,3.96));
#2964 = ( GEOMETRIC_REPRESENTATION_CONTEXT(2) 
PARAMETRIC_REPRESENTATION_CONTEXT() REPRESENTATION_CONTEXT('2D SPACE',''
  ) );
#2965 = PCURVE('',#2654,#2966);
#2966 = DEFINITIONAL_REPRESENTATION('',(#2967),#2970);
#2967 = B_SPLINE_CURVE_WITH_KNOTS('',1,(#2968,#2969),.UNSPECIFIED.,.F.,
  .F.,(2,2),(2.04,3.96),.PIECEWISE_BEZIER_KNOTS.);
#2968 = CARTESIAN_POINT('',(-0.16,38.181045973643));
#2969 = CARTESIAN_POINT('',(1.76,38.181045973643));
#2970 = ( GEOMETRIC_REPRESENTATION_CONTEXT(2) 
PARAMETRIC_REPRESENTATION_CONTEXT() REPRESENTATION_CONTEXT('2D SPACE',''
  ) );
#2971 = FACE_BOUND('',#2972,.F.);
#2972 = EDGE_LOOP('',(#2973,#2999,#3020,#3044));
#2973 = ORIENTED_EDGE('',*,*,#2974,.F.);
#2974 = EDGE_CURVE('',#2975,#2977,#2979,.T.);
#2975 = VERTEX_POINT('',#2976);
#2976 = CARTESIAN_POINT('',(33.181045973643,-1.2375,-0.8));
#2977 = VERTEX_POINT('',#2978);
#2978 = CARTESIAN_POINT('',(36.818954026357,-1.2375,-0.8));
#2979 = SURFACE_CURVE('',#2980,(#2985,#2992),.PCURVE_S1.);
#2980 = CIRCLE('',#2981,2.2);
#2981 = AXIS2_PLACEMENT_3D('',#2982,#2983,#2984);
#2982 = CARTESIAN_POINT('',(35.,0.,-0.8));
#2983 = DIRECTION('',(0.,0.,1.));
#2984 = DIRECTION('',(1.,0.,-0.));
#2985 = PCURVE('',#1193,#2986);
#2986 = DEFINITIONAL_REPRESENTATION('',(#2987),#2991);
#2987 = LINE('',#2988,#2989);
#2988 = CARTESIAN_POINT('',(0.,2.2));
#2989 = VECTOR('',#2990,1.);
#2990 = DIRECTION('',(1.,0.));
#2991 = ( GEOMETRIC_REPRESENTATION_CONTEXT(2) 
PARAMETRIC_REPRESENTATION_CONTEXT() REPRESENTATION_CONTEXT('2D SPACE',''
  ) );
#2992 = PCURVE('',#2479,#2993);
#2993 = DEFINITIONAL_REPRESENTATION('',(#2994),#2998);
#2994 = CIRCLE('',#2995,2.2);
#2995 = AXIS2_PLACEMENT_2D('',#2996,#2997);
#2996 = CARTESIAN_POINT('',(40.,2.75));
#2997 = DIRECTION('',(1.,0.));
#2998 = ( GEOMETRIC_REPRESENTATION_CONTEXT(2) 
PARAMETRIC_REPRESENTATION_CONTEXT() REPRESENTATION_CONTEXT('2D SPACE',''
  ) );
#2999 = ORIENTED_EDGE('',*,*,#3000,.T.);
#3000 = EDGE_CURVE('',#2975,#3001,#3003,.T.);
#3001 = VERTEX_POINT('',#3002);
#3002 = CARTESIAN_POINT('',(33.181045973643,-1.2375,0.8));
#3003 = SURFACE_CURVE('',#3004,(#3008,#3014),.PCURVE_S1.);
#3004 = LINE('',#3005,#3006);
#3005 = CARTESIAN_POINT('',(33.181045973643,-1.2375,-3.));
#3006 = VECTOR('',#3007,1.);
#3007 = DIRECTION('',(0.,0.,1.));
#3008 = PCURVE('',#1193,#3009);
#3009 = DEFINITIONAL_REPRESENTATION('',(#3010),#3013);
#3010 = B_SPLINE_CURVE_WITH_KNOTS('',1,(#3011,#3012),.UNSPECIFIED.,.F.,
  .F.,(2,2),(2.04,3.96),.PIECEWISE_BEZIER_KNOTS.);
#3011 = CARTESIAN_POINT('',(3.738999070235,2.04));
#3012 = CARTESIAN_POINT('',(3.738999070235,3.96));
#3013 = ( GEOMETRIC_REPRESENTATION_CONTEXT(2) 
PARAMETRIC_REPRESENTATION_CONTEXT() REPRESENTATION_CONTEXT('2D SPACE',''
  ) );
#3014 = PCURVE('',#2814,#3015);
#3015 = DEFINITIONAL_REPRESENTATION('',(#3016),#3019);
#3016 = B_SPLINE_CURVE_WITH_KNOTS('',1,(#3017,#3018),.UNSPECIFIED.,.F.,
  .F.,(2,2),(2.04,3.96),.PIECEWISE_BEZIER_KNOTS.);
#3017 = CARTESIAN_POINT('',(-0.16,38.181045973643));
#3018 = CARTESIAN_POINT('',(1.76,38.181045973643));
#3019 = ( GEOMETRIC_REPRESENTATION_CONTEXT(2) 
PARAMETRIC_REPRESENTATION_CONTEXT() REPRESENTATION_CONTEXT('2D SPACE',''
  ) );
#3020 = ORIENTED_EDGE('',*,*,#3021,.T.);
#3021 = EDGE_CURVE('',#3001,#3022,#3024,.T.);
#3022 = VERTEX_POINT('',#3023);
#3023 = CARTESIAN_POINT('',(36.818954026357,-1.2375,0.8));
#3024 = SURFACE_CURVE('',#3025,(#3030,#3037),.PCURVE_S1.);
#3025 = CIRCLE('',#3026,2.2);
#3026 = AXIS2_PLACEMENT_3D('',#3027,#3028,#3029);
#3027 = CARTESIAN_POINT('',(35.,0.,0.8));
#3028 = DIRECTION('',(0.,0.,1.));
#3029 = DIRECTION('',(1.,0.,-0.));
#3030 = PCURVE('',#1193,#3031);
#3031 = DEFINITIONAL_REPRESENTATION('',(#3032),#3036);
#3032 = LINE('',#3033,#3034);
#3033 = CARTESIAN_POINT('',(0.,3.8));
#3034 = VECTOR('',#3035,1.);
#3035 = DIRECTION('',(1.,0.));
#3036 = ( GEOMETRIC_REPRESENTATION_CONTEXT(2) 
PARAMETRIC_REPRESENTATION_CONTEXT() REPRESENTATION_CONTEXT('2D SPACE',''
  ) );
#3037 = PCURVE('',#2789,#3038);
#3038 = DEFINITIONAL_REPRESENTATION('',(#3039),#3043);
#3039 = CIRCLE('',#3040,2.2);
#3040 = AXIS2_PLACEMENT_2D('',#3041,#3042);
#3041 = CARTESIAN_POINT('',(40.,2.75));
#3042 = DIRECTION('',(1.,0.));
#3043 = ( GEOMETRIC_REPRESENTATION_CONTEXT(2) 
PARAMETRIC_REPRESENTATION_CONTEXT() REPRESENTATION_CONTEXT('2D SPACE',''
  ) );
#3044 = ORIENTED_EDGE('',*,*,#3045,.F.);
#3045 = EDGE_CURVE('',#2977,#3022,#3046,.T.);
#3046 = SURFACE_CURVE('',#3047,(#3051,#3057),.PCURVE_S1.);
#3047 = LINE('',#3048,#3049);
#3048 = CARTESIAN_POINT('',(36.818954026357,-1.2375,-3.));
#3049 = VECTOR('',#3050,1.);
#3050 = DIRECTION('',(0.,0.,1.));
#3051 = PCURVE('',#1193,#3052);
#3052 = DEFINITIONAL_REPRESENTATION('',(#3053),#3056);
#3053 = B_SPLINE_CURVE_WITH_KNOTS('',1,(#3054,#3055),.UNSPECIFIED.,.F.,
  .F.,(2,2),(2.04,3.96),.PIECEWISE_BEZIER_KNOTS.);
#3054 = CARTESIAN_POINT('',(5.685778890534,2.04));
#3055 = CARTESIAN_POINT('',(5.685778890534,3.96));
#3056 = ( GEOMETRIC_REPRESENTATION_CONTEXT(2) 
PARAMETRIC_REPRESENTATION_CONTEXT() REPRESENTATION_CONTEXT('2D SPACE',''
  ) );
#3057 = PCURVE('',#3058,#3063);
#3058 = PLANE('',#3059);
#3059 = AXIS2_PLACEMENT_3D('',#3060,#3061,#3062);
#3060 = CARTESIAN_POINT('',(-5.,-1.2375,-0.8));
#3061 = DIRECTION('',(-0.,1.,0.));
#3062 = DIRECTION('',(0.,0.,1.));
#3063 = DEFINITIONAL_REPRESENTATION('',(#3064),#3067);
#3064 = B_SPLINE_CURVE_WITH_KNOTS('',1,(#3065,#3066),.UNSPECIFIED.,.F.,
  .F.,(2,2),(2.04,3.96),.PIECEWISE_BEZIER_KNOTS.);
#3065 = CARTESIAN_POINT('',(-0.16,41.818954026357));
#3066 = CARTESIAN_POINT('',(1.76,41.818954026357));
#3067 = ( GEOMETRIC_REPRESENTATION_CONTEXT(2) 
PARAMETRIC_REPRESENTATION_CONTEXT() REPRESENTATION_CONTEXT('2D SPACE',''
  ) );
#3068 = ADVANCED_FACE('',(#3069),#1224,.F.);
#3069 = FACE_BOUND('',#3070,.F.);
#3070 = EDGE_LOOP('',(#3071,#3095,#3116,#3117));
#3071 = ORIENTED_EDGE('',*,*,#3072,.F.);
#3072 = EDGE_CURVE('',#3073,#3073,#3075,.T.);
#3073 = VERTEX_POINT('',#3074);
#3074 = CARTESIAN_POINT('',(52.05,-5.021051876504E-16,2.));
#3075 = SURFACE_CURVE('',#3076,(#3081,#3088),.PCURVE_S1.);
#3076 = CIRCLE('',#3077,2.05);
#3077 = AXIS2_PLACEMENT_3D('',#3078,#3079,#3080);
#3078 = CARTESIAN_POINT('',(50.,0.,2.));
#3079 = DIRECTION('',(0.,0.,1.));
#3080 = DIRECTION('',(1.,0.,-0.));
#3081 = PCURVE('',#1224,#3082);
#3082 = DEFINITIONAL_REPRESENTATION('',(#3083),#3087);
#3083 = LINE('',#3084,#3085);
#3084 = CARTESIAN_POINT('',(0.,5.));
#3085 = VECTOR('',#3086,1.);
#3086 = DIRECTION('',(1.,0.));
#3087 = ( GEOMETRIC_REPRESENTATION_CONTEXT(2) 
PARAMETRIC_REPRESENTATION_CONTEXT() REPRESENTATION_CONTEXT('2D SPACE',''
  ) );
#3088 = PCURVE('',#1781,#3089);
#3089 = DEFINITIONAL_REPRESENTATION('',(#3090),#3094);
#3090 = CIRCLE('',#3091,2.05);
#3091 = AXIS2_PLACEMENT_2D('',#3092,#3093);
#3092 = CARTESIAN_POINT('',(55.,2.75));
#3093 = DIRECTION('',(1.,0.));
#3094 = ( GEOMETRIC_REPRESENTATION_CONTEXT(2) 
PARAMETRIC_REPRESENTATION_CONTEXT() REPRESENTATION_CONTEXT('2D SPACE',''
  ) );
#3095 = ORIENTED_EDGE('',*,*,#3096,.F.);
#3096 = EDGE_CURVE('',#1208,#3073,#3097,.T.);
#3097 = SEAM_CURVE('',#3098,(#3102,#3109),.PCURVE_S1.);
#3098 = LINE('',#3099,#3100);
#3099 = CARTESIAN_POINT('',(52.05,-5.021051876504E-16,-3.));
#3100 = VECTOR('',#3101,1.);
#3101 = DIRECTION('',(0.,0.,1.));
#3102 = PCURVE('',#1224,#3103);
#3103 = DEFINITIONAL_REPRESENTATION('',(#3104),#3108);
#3104 = LINE('',#3105,#3106);
#3105 = CARTESIAN_POINT('',(6.28318530718,-0.));
#3106 = VECTOR('',#3107,1.);
#3107 = DIRECTION('',(0.,1.));
#3108 = ( GEOMETRIC_REPRESENTATION_CONTEXT(2) 
PARAMETRIC_REPRESENTATION_CONTEXT() REPRESENTATION_CONTEXT('2D SPACE',''
  ) );
#3109 = PCURVE('',#1224,#3110);
#3110 = DEFINITIONAL_REPRESENTATION('',(#3111),#3115);
#3111 = LINE('',#3112,#3113);
#3112 = CARTESIAN_POINT('',(0.,-0.));
#3113 = VECTOR('',#3114,1.);
#3114 = DIRECTION('',(0.,1.));
#3115 = ( GEOMETRIC_REPRESENTATION_CONTEXT(2) 
PARAMETRIC_REPRESENTATION_CONTEXT() REPRESENTATION_CONTEXT('2D SPACE',''
  ) );
#3116 = ORIENTED_EDGE('',*,*,#1207,.T.);
#3117 = ORIENTED_EDGE('',*,*,#3096,.T.);
#3118 = ADVANCED_FACE('',(#3119),#1336,.T.);
#3119 = FACE_BOUND('',#3120,.T.);
#3120 = EDGE_LOOP('',(#3121,#3122,#3123,#3124,#3148,#3169,#3193,#3219,
    #3248,#3269,#3293,#3314));
#3121 = ORIENTED_EDGE('',*,*,#1560,.F.);
#3122 = ORIENTED_EDGE('',*,*,#1456,.T.);
#3123 = ORIENTED_EDGE('',*,*,#1321,.T.);
#3124 = ORIENTED_EDGE('',*,*,#3125,.T.);
#3125 = EDGE_CURVE('',#1294,#3126,#3128,.T.);
#3126 = VERTEX_POINT('',#3127);
#3127 = CARTESIAN_POINT('',(45.155560532941,1.2375,-0.8));
#3128 = SURFACE_CURVE('',#3129,(#3134,#3141),.PCURVE_S1.);
#3129 = CIRCLE('',#3130,5.);
#3130 = AXIS2_PLACEMENT_3D('',#3131,#3132,#3133);
#3131 = CARTESIAN_POINT('',(50.,0.,-0.8));
#3132 = DIRECTION('',(0.,0.,1.));
#3133 = DIRECTION('',(1.,0.,-0.));
#3134 = PCURVE('',#1336,#3135);
#3135 = DEFINITIONAL_REPRESENTATION('',(#3136),#3140);
#3136 = LINE('',#3137,#3138);
#3137 = CARTESIAN_POINT('',(0.,1.2));
#3138 = VECTOR('',#3139,1.);
#3139 = DIRECTION('',(1.,0.));
#3140 = ( GEOMETRIC_REPRESENTATION_CONTEXT(2) 
PARAMETRIC_REPRESENTATION_CONTEXT() REPRESENTATION_CONTEXT('2D SPACE',''
  ) );
#3141 = PCURVE('',#1309,#3142);
#3142 = DEFINITIONAL_REPRESENTATION('',(#3143),#3147);
#3143 = CIRCLE('',#3144,5.);
#3144 = AXIS2_PLACEMENT_2D('',#3145,#3146);
#3145 = CARTESIAN_POINT('',(55.,2.75));
#3146 = DIRECTION('',(1.,0.));
#3147 = ( GEOMETRIC_REPRESENTATION_CONTEXT(2) 
PARAMETRIC_REPRESENTATION_CONTEXT() REPRESENTATION_CONTEXT('2D SPACE',''
  ) );
#3148 = ORIENTED_EDGE('',*,*,#3149,.T.);
#3149 = EDGE_CURVE('',#3126,#3150,#3152,.T.);
#3150 = VERTEX_POINT('',#3151);
#3151 = CARTESIAN_POINT('',(45.155560532941,1.2375,0.8));
#3152 = SURFACE_CURVE('',#3153,(#3157,#3163),.PCURVE_S1.);
#3153 = LINE('',#3154,#3155);
#3154 = CARTESIAN_POINT('',(45.155560532941,1.2375,-2.));
#3155 = VECTOR('',#3156,1.);
#3156 = DIRECTION('',(0.,0.,1.));
#3157 = PCURVE('',#1336,#3158);
#3158 = DEFINITIONAL_REPRESENTATION('',(#3159),#3162);
#3159 = B_SPLINE_CURVE_WITH_KNOTS('',1,(#3160,#3161),.UNSPECIFIED.,.F.,
  .F.,(2,2),(1.04,2.96),.PIECEWISE_BEZIER_KNOTS.);
#3160 = CARTESIAN_POINT('',(2.89149353012,1.04));
#3161 = CARTESIAN_POINT('',(2.89149353012,2.96));
#3162 = ( GEOMETRIC_REPRESENTATION_CONTEXT(2) 
PARAMETRIC_REPRESENTATION_CONTEXT() REPRESENTATION_CONTEXT('2D SPACE',''
  ) );
#3163 = PCURVE('',#2918,#3164);
#3164 = DEFINITIONAL_REPRESENTATION('',(#3165),#3168);
#3165 = B_SPLINE_CURVE_WITH_KNOTS('',1,(#3166,#3167),.UNSPECIFIED.,.F.,
  .F.,(2,2),(1.04,2.96),.PIECEWISE_BEZIER_KNOTS.);
#3166 = CARTESIAN_POINT('',(-0.16,50.155560532941));
#3167 = CARTESIAN_POINT('',(1.76,50.155560532941));
#3168 = ( GEOMETRIC_REPRESENTATION_CONTEXT(2) 
PARAMETRIC_REPRESENTATION_CONTEXT() REPRESENTATION_CONTEXT('2D SPACE',''
  ) );
#3169 = ORIENTED_EDGE('',*,*,#3170,.F.);
#3170 = EDGE_CURVE('',#3171,#3150,#3173,.T.);
#3171 = VERTEX_POINT('',#3172);
#3172 = CARTESIAN_POINT('',(45.824176727878,2.75,0.8));
#3173 = SURFACE_CURVE('',#3174,(#3179,#3186),.PCURVE_S1.);
#3174 = CIRCLE('',#3175,5.);
#3175 = AXIS2_PLACEMENT_3D('',#3176,#3177,#3178);
#3176 = CARTESIAN_POINT('',(50.,0.,0.8));
#3177 = DIRECTION('',(0.,0.,1.));
#3178 = DIRECTION('',(1.,0.,-0.));
#3179 = PCURVE('',#1336,#3180);
#3180 = DEFINITIONAL_REPRESENTATION('',(#3181),#3185);
#3181 = LINE('',#3182,#3183);
#3182 = CARTESIAN_POINT('',(0.,2.8));
#3183 = VECTOR('',#3184,1.);
#3184 = DIRECTION('',(1.,0.));
#3185 = ( GEOMETRIC_REPRESENTATION_CONTEXT(2) 
PARAMETRIC_REPRESENTATION_CONTEXT() REPRESENTATION_CONTEXT('2D SPACE',''
  ) );
#3186 = PCURVE('',#2682,#3187);
#3187 = DEFINITIONAL_REPRESENTATION('',(#3188),#3192);
#3188 = CIRCLE('',#3189,5.);
#3189 = AXIS2_PLACEMENT_2D('',#3190,#3191);
#3190 = CARTESIAN_POINT('',(55.,2.75));
#3191 = DIRECTION('',(1.,0.));
#3192 = ( GEOMETRIC_REPRESENTATION_CONTEXT(2) 
PARAMETRIC_REPRESENTATION_CONTEXT() REPRESENTATION_CONTEXT('2D SPACE',''
  ) );
#3193 = ORIENTED_EDGE('',*,*,#3194,.T.);
#3194 = EDGE_CURVE('',#3171,#3195,#3197,.T.);
#3195 = VERTEX_POINT('',#3196);
#3196 = CARTESIAN_POINT('',(45.824176727878,2.75,1.4));
#3197 = SURFACE_CURVE('',#3198,(#3202,#3208),.PCURVE_S1.);
#3198 = LINE('',#3199,#3200);
#3199 = CARTESIAN_POINT('',(45.824176727877,2.75,-2.));
#3200 = VECTOR('',#3201,1.);
#3201 = DIRECTION('',(0.,0.,1.));
#3202 = PCURVE('',#1336,#3203);
#3203 = DEFINITIONAL_REPRESENTATION('',(#3204),#3207);
#3204 = B_SPLINE_CURVE_WITH_KNOTS('',1,(#3205,#3206),.UNSPECIFIED.,.F.,
  .F.,(2,2),(2.68,3.400012591801),.PIECEWISE_BEZIER_KNOTS.);
#3205 = CARTESIAN_POINT('',(2.559228415721,2.68));
#3206 = CARTESIAN_POINT('',(2.559228415721,3.400012591801));
#3207 = ( GEOMETRIC_REPRESENTATION_CONTEXT(2) 
PARAMETRIC_REPRESENTATION_CONTEXT() REPRESENTATION_CONTEXT('2D SPACE',''
  ) );
#3208 = PCURVE('',#3209,#3214);
#3209 = PLANE('',#3210);
#3210 = AXIS2_PLACEMENT_3D('',#3211,#3212,#3213);
#3211 = CARTESIAN_POINT('',(-5.,2.75,0.8));
#3212 = DIRECTION('',(-0.,1.,0.));
#3213 = DIRECTION('',(0.,0.,1.));
#3214 = DEFINITIONAL_REPRESENTATION('',(#3215),#3218);
#3215 = B_SPLINE_CURVE_WITH_KNOTS('',1,(#3216,#3217),.UNSPECIFIED.,.F.,
  .F.,(2,2),(2.68,3.400012591801),.PIECEWISE_BEZIER_KNOTS.);
#3216 = CARTESIAN_POINT('',(-0.12,50.824176727877));
#3217 = CARTESIAN_POINT('',(0.600012591801,50.824176727877));
#3218 = ( GEOMETRIC_REPRESENTATION_CONTEXT(2) 
PARAMETRIC_REPRESENTATION_CONTEXT() REPRESENTATION_CONTEXT('2D SPACE',''
  ) );
#3219 = ORIENTED_EDGE('',*,*,#3220,.F.);
#3220 = EDGE_CURVE('',#3221,#3195,#3223,.T.);
#3221 = VERTEX_POINT('',#3222);
#3222 = CARTESIAN_POINT('',(54.175823272122,2.75,1.4));
#3223 = SURFACE_CURVE('',#3224,(#3229,#3236),.PCURVE_S1.);
#3224 = CIRCLE('',#3225,5.);
#3225 = AXIS2_PLACEMENT_3D('',#3226,#3227,#3228);
#3226 = CARTESIAN_POINT('',(50.,0.,1.4));
#3227 = DIRECTION('',(0.,0.,1.));
#3228 = DIRECTION('',(1.,0.,-0.));
#3229 = PCURVE('',#1336,#3230);
#3230 = DEFINITIONAL_REPRESENTATION('',(#3231),#3235);
#3231 = LINE('',#3232,#3233);
#3232 = CARTESIAN_POINT('',(0.,3.4));
#3233 = VECTOR('',#3234,1.);
#3234 = DIRECTION('',(1.,0.));
#3235 = ( GEOMETRIC_REPRESENTATION_CONTEXT(2) 
PARAMETRIC_REPRESENTATION_CONTEXT() REPRESENTATION_CONTEXT('2D SPACE',''
  ) );
#3236 = PCURVE('',#3237,#3242);
#3237 = CONICAL_SURFACE('',#3238,5.,0.785398163397);
#3238 = AXIS2_PLACEMENT_3D('',#3239,#3240,#3241);
#3239 = CARTESIAN_POINT('',(50.,0.,1.4));
#3240 = DIRECTION('',(-0.,-0.,-1.));
#3241 = DIRECTION('',(1.,0.,-0.));
#3242 = DEFINITIONAL_REPRESENTATION('',(#3243),#3247);
#3243 = LINE('',#3244,#3245);
#3244 = CARTESIAN_POINT('',(-0.,-0.));
#3245 = VECTOR('',#3246,1.);
#3246 = DIRECTION('',(-1.,-0.));
#3247 = ( GEOMETRIC_REPRESENTATION_CONTEXT(2) 
PARAMETRIC_REPRESENTATION_CONTEXT() REPRESENTATION_CONTEXT('2D SPACE',''
  ) );
#3248 = ORIENTED_EDGE('',*,*,#3249,.F.);
#3249 = EDGE_CURVE('',#3250,#3221,#3252,.T.);
#3250 = VERTEX_POINT('',#3251);
#3251 = CARTESIAN_POINT('',(54.175823272122,2.75,0.8));
#3252 = SURFACE_CURVE('',#3253,(#3257,#3263),.PCURVE_S1.);
#3253 = LINE('',#3254,#3255);
#3254 = CARTESIAN_POINT('',(54.175823272123,2.75,-2.));
#3255 = VECTOR('',#3256,1.);
#3256 = DIRECTION('',(0.,0.,1.));
#3257 = PCURVE('',#1336,#3258);
#3258 = DEFINITIONAL_REPRESENTATION('',(#3259),#3262);
#3259 = B_SPLINE_CURVE_WITH_KNOTS('',1,(#3260,#3261),.UNSPECIFIED.,.F.,
  .F.,(2,2),(2.68,3.400012591801),.PIECEWISE_BEZIER_KNOTS.);
#3260 = CARTESIAN_POINT('',(0.582364237869,2.68));
#3261 = CARTESIAN_POINT('',(0.582364237869,3.400012591801));
#3262 = ( GEOMETRIC_REPRESENTATION_CONTEXT(2) 
PARAMETRIC_REPRESENTATION_CONTEXT() REPRESENTATION_CONTEXT('2D SPACE',''
  ) );
#3263 = PCURVE('',#2026,#3264);
#3264 = DEFINITIONAL_REPRESENTATION('',(#3265),#3268);
#3265 = B_SPLINE_CURVE_WITH_KNOTS('',1,(#3266,#3267),.UNSPECIFIED.,.F.,
  .F.,(2,2),(2.68,3.400012591801),.PIECEWISE_BEZIER_KNOTS.);
#3266 = CARTESIAN_POINT('',(-0.12,59.175823272123));
#3267 = CARTESIAN_POINT('',(0.600012591801,59.175823272123));
#3268 = ( GEOMETRIC_REPRESENTATION_CONTEXT(2) 
PARAMETRIC_REPRESENTATION_CONTEXT() REPRESENTATION_CONTEXT('2D SPACE',''
  ) );
#3269 = ORIENTED_EDGE('',*,*,#3270,.F.);
#3270 = EDGE_CURVE('',#3271,#3250,#3273,.T.);
#3271 = VERTEX_POINT('',#3272);
#3272 = CARTESIAN_POINT('',(54.844439467059,1.2375,0.8));
#3273 = SURFACE_CURVE('',#3274,(#3279,#3286),.PCURVE_S1.);
#3274 = CIRCLE('',#3275,5.);
#3275 = AXIS2_PLACEMENT_3D('',#3276,#3277,#3278);
#3276 = CARTESIAN_POINT('',(50.,0.,0.8));
#3277 = DIRECTION('',(0.,0.,1.));
#3278 = DIRECTION('',(1.,0.,-0.));
#3279 = PCURVE('',#1336,#3280);
#3280 = DEFINITIONAL_REPRESENTATION('',(#3281),#3285);
#3281 = LINE('',#3282,#3283);
#3282 = CARTESIAN_POINT('',(0.,2.8));
#3283 = VECTOR('',#3284,1.);
#3284 = DIRECTION('',(1.,0.));
#3285 = ( GEOMETRIC_REPRESENTATION_CONTEXT(2) 
PARAMETRIC_REPRESENTATION_CONTEXT() REPRESENTATION_CONTEXT('2D SPACE',''
  ) );
#3286 = PCURVE('',#1998,#3287);
#3287 = DEFINITIONAL_REPRESENTATION('',(#3288),#3292);
#3288 = CIRCLE('',#3289,5.);
#3289 = AXIS2_PLACEMENT_2D('',#3290,#3291);
#3290 = CARTESIAN_POINT('',(55.,2.75));
#3291 = DIRECTION('',(1.,0.));
#3292 = ( GEOMETRIC_REPRESENTATION_CONTEXT(2) 
PARAMETRIC_REPRESENTATION_CONTEXT() REPRESENTATION_CONTEXT('2D SPACE',''
  ) );
#3293 = ORIENTED_EDGE('',*,*,#3294,.F.);
#3294 = EDGE_CURVE('',#3295,#3271,#3297,.T.);
#3295 = VERTEX_POINT('',#3296);
#3296 = CARTESIAN_POINT('',(54.844439467059,1.2375,-0.8));
#3297 = SURFACE_CURVE('',#3298,(#3302,#3308),.PCURVE_S1.);
#3298 = LINE('',#3299,#3300);
#3299 = CARTESIAN_POINT('',(54.844439467059,1.2375,-2.));
#3300 = VECTOR('',#3301,1.);
#3301 = DIRECTION('',(0.,0.,1.));
#3302 = PCURVE('',#1336,#3303);
#3303 = DEFINITIONAL_REPRESENTATION('',(#3304),#3307);
#3304 = B_SPLINE_CURVE_WITH_KNOTS('',1,(#3305,#3306),.UNSPECIFIED.,.F.,
  .F.,(2,2),(1.04,2.96),.PIECEWISE_BEZIER_KNOTS.);
#3305 = CARTESIAN_POINT('',(0.25009912347,1.04));
#3306 = CARTESIAN_POINT('',(0.25009912347,2.96));
#3307 = ( GEOMETRIC_REPRESENTATION_CONTEXT(2) 
PARAMETRIC_REPRESENTATION_CONTEXT() REPRESENTATION_CONTEXT('2D SPACE',''
  ) );
#3308 = PCURVE('',#1970,#3309);
#3309 = DEFINITIONAL_REPRESENTATION('',(#3310),#3313);
#3310 = B_SPLINE_CURVE_WITH_KNOTS('',1,(#3311,#3312),.UNSPECIFIED.,.F.,
  .F.,(2,2),(1.04,2.96),.PIECEWISE_BEZIER_KNOTS.);
#3311 = CARTESIAN_POINT('',(-0.16,59.844439467059));
#3312 = CARTESIAN_POINT('',(1.76,59.844439467059));
#3313 = ( GEOMETRIC_REPRESENTATION_CONTEXT(2) 
PARAMETRIC_REPRESENTATION_CONTEXT() REPRESENTATION_CONTEXT('2D SPACE',''
  ) );
#3314 = ORIENTED_EDGE('',*,*,#3315,.T.);
#3315 = EDGE_CURVE('',#3295,#1561,#3316,.T.);
#3316 = SURFACE_CURVE('',#3317,(#3322,#3329),.PCURVE_S1.);
#3317 = CIRCLE('',#3318,5.);
#3318 = AXIS2_PLACEMENT_3D('',#3319,#3320,#3321);
#3319 = CARTESIAN_POINT('',(50.,0.,-0.8));
#3320 = DIRECTION('',(0.,0.,1.));
#3321 = DIRECTION('',(1.,0.,-0.));
#3322 = PCURVE('',#1336,#3323);
#3323 = DEFINITIONAL_REPRESENTATION('',(#3324),#3328);
#3324 = LINE('',#3325,#3326);
#3325 = CARTESIAN_POINT('',(0.,1.2));
#3326 = VECTOR('',#3327,1.);
#3327 = DIRECTION('',(1.,0.));
#3328 = ( GEOMETRIC_REPRESENTATION_CONTEXT(2) 
PARAMETRIC_REPRESENTATION_CONTEXT() REPRESENTATION_CONTEXT('2D SPACE',''
  ) );
#3329 = PCURVE('',#1597,#3330);
#3330 = DEFINITIONAL_REPRESENTATION('',(#3331),#3335);
#3331 = CIRCLE('',#3332,5.);
#3332 = AXIS2_PLACEMENT_2D('',#3333,#3334);
#3333 = CARTESIAN_POINT('',(55.,2.75));
#3334 = DIRECTION('',(1.,0.));
#3335 = ( GEOMETRIC_REPRESENTATION_CONTEXT(2) 
PARAMETRIC_REPRESENTATION_CONTEXT() REPRESENTATION_CONTEXT('2D SPACE',''
  ) );
#3336 = ADVANCED_FACE('',(#3337),#1309,.T.);
#3337 = FACE_BOUND('',#3338,.T.);
#3338 = EDGE_LOOP('',(#3339,#3363,#3384,#3385,#3406,#3407,#3428,#3429));
#3339 = ORIENTED_EDGE('',*,*,#3340,.F.);
#3340 = EDGE_CURVE('',#3341,#1268,#3343,.T.);
#3341 = VERTEX_POINT('',#3342);
#3342 = CARTESIAN_POINT('',(4.844439467059,1.2375,-0.8));
#3343 = SURFACE_CURVE('',#3344,(#3349,#3356),.PCURVE_S1.);
#3344 = CIRCLE('',#3345,5.);
#3345 = AXIS2_PLACEMENT_3D('',#3346,#3347,#3348);
#3346 = CARTESIAN_POINT('',(0.,0.,-0.8));
#3347 = DIRECTION('',(0.,0.,1.));
#3348 = DIRECTION('',(1.,0.,-0.));
#3349 = PCURVE('',#1309,#3350);
#3350 = DEFINITIONAL_REPRESENTATION('',(#3351),#3355);
#3351 = CIRCLE('',#3352,5.);
#3352 = AXIS2_PLACEMENT_2D('',#3353,#3354);
#3353 = CARTESIAN_POINT('',(5.,2.75));
#3354 = DIRECTION('',(1.,0.));
#3355 = ( GEOMETRIC_REPRESENTATION_CONTEXT(2) 
PARAMETRIC_REPRESENTATION_CONTEXT() REPRESENTATION_CONTEXT('2D SPACE',''
  ) );
#3356 = PCURVE('',#1282,#3357);
#3357 = DEFINITIONAL_REPRESENTATION('',(#3358),#3362);
#3358 = LINE('',#3359,#3360);
#3359 = CARTESIAN_POINT('',(0.,1.2));
#3360 = VECTOR('',#3361,1.);
#3361 = DIRECTION('',(1.,0.));
#3362 = ( GEOMETRIC_REPRESENTATION_CONTEXT(2) 
PARAMETRIC_REPRESENTATION_CONTEXT() REPRESENTATION_CONTEXT('2D SPACE',''
  ) );
#3363 = ORIENTED_EDGE('',*,*,#3364,.T.);
#3364 = EDGE_CURVE('',#3341,#2616,#3365,.T.);
#3365 = SURFACE_CURVE('',#3366,(#3370,#3377),.PCURVE_S1.);
#3366 = LINE('',#3367,#3368);
#3367 = CARTESIAN_POINT('',(-5.,1.2375,-0.8));
#3368 = VECTOR('',#3369,1.);
#3369 = DIRECTION('',(1.,0.,-0.));
#3370 = PCURVE('',#1309,#3371);
#3371 = DEFINITIONAL_REPRESENTATION('',(#3372),#3376);
#3372 = LINE('',#3373,#3374);
#3373 = CARTESIAN_POINT('',(0.,3.9875));
#3374 = VECTOR('',#3375,1.);
#3375 = DIRECTION('',(1.,0.));
#3376 = ( GEOMETRIC_REPRESENTATION_CONTEXT(2) 
PARAMETRIC_REPRESENTATION_CONTEXT() REPRESENTATION_CONTEXT('2D SPACE',''
  ) );
#3377 = PCURVE('',#2707,#3378);
#3378 = DEFINITIONAL_REPRESENTATION('',(#3379),#3383);
#3379 = LINE('',#3380,#3381);
#3380 = CARTESIAN_POINT('',(0.,0.));
#3381 = VECTOR('',#3382,1.);
#3382 = DIRECTION('',(0.,1.));
#3383 = ( GEOMETRIC_REPRESENTATION_CONTEXT(2) 
PARAMETRIC_REPRESENTATION_CONTEXT() REPRESENTATION_CONTEXT('2D SPACE',''
  ) );
#3384 = ORIENTED_EDGE('',*,*,#2613,.F.);
#3385 = ORIENTED_EDGE('',*,*,#3386,.T.);
#3386 = EDGE_CURVE('',#2614,#2880,#3387,.T.);
#3387 = SURFACE_CURVE('',#3388,(#3392,#3399),.PCURVE_S1.);
#3388 = LINE('',#3389,#3390);
#3389 = CARTESIAN_POINT('',(-5.,1.2375,-0.8));
#3390 = VECTOR('',#3391,1.);
#3391 = DIRECTION('',(1.,0.,-0.));
#3392 = PCURVE('',#1309,#3393);
#3393 = DEFINITIONAL_REPRESENTATION('',(#3394),#3398);
#3394 = LINE('',#3395,#3396);
#3395 = CARTESIAN_POINT('',(0.,3.9875));
#3396 = VECTOR('',#3397,1.);
#3397 = DIRECTION('',(1.,0.));
#3398 = ( GEOMETRIC_REPRESENTATION_CONTEXT(2) 
PARAMETRIC_REPRESENTATION_CONTEXT() REPRESENTATION_CONTEXT('2D SPACE',''
  ) );
#3399 = PCURVE('',#2654,#3400);
#3400 = DEFINITIONAL_REPRESENTATION('',(#3401),#3405);
#3401 = LINE('',#3402,#3403);
#3402 = CARTESIAN_POINT('',(0.,0.));
#3403 = VECTOR('',#3404,1.);
#3404 = DIRECTION('',(0.,1.));
#3405 = ( GEOMETRIC_REPRESENTATION_CONTEXT(2) 
PARAMETRIC_REPRESENTATION_CONTEXT() REPRESENTATION_CONTEXT('2D SPACE',''
  ) );
#3406 = ORIENTED_EDGE('',*,*,#2877,.F.);
#3407 = ORIENTED_EDGE('',*,*,#3408,.T.);
#3408 = EDGE_CURVE('',#2878,#3126,#3409,.T.);
#3409 = SURFACE_CURVE('',#3410,(#3414,#3421),.PCURVE_S1.);
#3410 = LINE('',#3411,#3412);
#3411 = CARTESIAN_POINT('',(-5.,1.2375,-0.8));
#3412 = VECTOR('',#3413,1.);
#3413 = DIRECTION('',(1.,0.,-0.));
#3414 = PCURVE('',#1309,#3415);
#3415 = DEFINITIONAL_REPRESENTATION('',(#3416),#3420);
#3416 = LINE('',#3417,#3418);
#3417 = CARTESIAN_POINT('',(0.,3.9875));
#3418 = VECTOR('',#3419,1.);
#3419 = DIRECTION('',(1.,0.));
#3420 = ( GEOMETRIC_REPRESENTATION_CONTEXT(2) 
PARAMETRIC_REPRESENTATION_CONTEXT() REPRESENTATION_CONTEXT('2D SPACE',''
  ) );
#3421 = PCURVE('',#2918,#3422);
#3422 = DEFINITIONAL_REPRESENTATION('',(#3423),#3427);
#3423 = LINE('',#3424,#3425);
#3424 = CARTESIAN_POINT('',(0.,0.));
#3425 = VECTOR('',#3426,1.);
#3426 = DIRECTION('',(0.,1.));
#3427 = ( GEOMETRIC_REPRESENTATION_CONTEXT(2) 
PARAMETRIC_REPRESENTATION_CONTEXT() REPRESENTATION_CONTEXT('2D SPACE',''
  ) );
#3428 = ORIENTED_EDGE('',*,*,#3125,.F.);
#3429 = ORIENTED_EDGE('',*,*,#1293,.F.);
#3430 = ADVANCED_FACE('',(#3431),#1282,.T.);
#3431 = FACE_BOUND('',#3432,.T.);
#3432 = EDGE_LOOP('',(#3433,#3434,#3435,#3436,#3460,#3481,#3505,#3526,
    #3555,#3576,#3600,#3619));
#3433 = ORIENTED_EDGE('',*,*,#1267,.F.);
#3434 = ORIENTED_EDGE('',*,*,#1376,.T.);
#3435 = ORIENTED_EDGE('',*,*,#1535,.T.);
#3436 = ORIENTED_EDGE('',*,*,#3437,.T.);
#3437 = EDGE_CURVE('',#1508,#3438,#3440,.T.);
#3438 = VERTEX_POINT('',#3439);
#3439 = CARTESIAN_POINT('',(-4.844439467059,1.2375,-0.8));
#3440 = SURFACE_CURVE('',#3441,(#3446,#3453),.PCURVE_S1.);
#3441 = CIRCLE('',#3442,5.);
#3442 = AXIS2_PLACEMENT_3D('',#3443,#3444,#3445);
#3443 = CARTESIAN_POINT('',(0.,0.,-0.8));
#3444 = DIRECTION('',(0.,0.,1.));
#3445 = DIRECTION('',(1.,0.,-0.));
#3446 = PCURVE('',#1282,#3447);
#3447 = DEFINITIONAL_REPRESENTATION('',(#3448),#3452);
#3448 = LINE('',#3449,#3450);
#3449 = CARTESIAN_POINT('',(0.,1.2));
#3450 = VECTOR('',#3451,1.);
#3451 = DIRECTION('',(1.,0.));
#3452 = ( GEOMETRIC_REPRESENTATION_CONTEXT(2) 
PARAMETRIC_REPRESENTATION_CONTEXT() REPRESENTATION_CONTEXT('2D SPACE',''
  ) );
#3453 = PCURVE('',#1523,#3454);
#3454 = DEFINITIONAL_REPRESENTATION('',(#3455),#3459);
#3455 = CIRCLE('',#3456,5.);
#3456 = AXIS2_PLACEMENT_2D('',#3457,#3458);
#3457 = CARTESIAN_POINT('',(5.,2.75));
#3458 = DIRECTION('',(1.,0.));
#3459 = ( GEOMETRIC_REPRESENTATION_CONTEXT(2) 
PARAMETRIC_REPRESENTATION_CONTEXT() REPRESENTATION_CONTEXT('2D SPACE',''
  ) );
#3460 = ORIENTED_EDGE('',*,*,#3461,.T.);
#3461 = EDGE_CURVE('',#3438,#3462,#3464,.T.);
#3462 = VERTEX_POINT('',#3463);
#3463 = CARTESIAN_POINT('',(-4.844439467059,1.2375,0.8));
#3464 = SURFACE_CURVE('',#3465,(#3469,#3475),.PCURVE_S1.);
#3465 = LINE('',#3466,#3467);
#3466 = CARTESIAN_POINT('',(-4.844439467059,1.2375,-2.));
#3467 = VECTOR('',#3468,1.);
#3468 = DIRECTION('',(0.,0.,1.));
#3469 = PCURVE('',#1282,#3470);
#3470 = DEFINITIONAL_REPRESENTATION('',(#3471),#3474);
#3471 = B_SPLINE_CURVE_WITH_KNOTS('',1,(#3472,#3473),.UNSPECIFIED.,.F.,
  .F.,(2,2),(1.04,2.96),.PIECEWISE_BEZIER_KNOTS.);
#3472 = CARTESIAN_POINT('',(2.89149353012,1.04));
#3473 = CARTESIAN_POINT('',(2.89149353012,2.96));
#3474 = ( GEOMETRIC_REPRESENTATION_CONTEXT(2) 
PARAMETRIC_REPRESENTATION_CONTEXT() REPRESENTATION_CONTEXT('2D SPACE',''
  ) );
#3475 = PCURVE('',#1697,#3476);
#3476 = DEFINITIONAL_REPRESENTATION('',(#3477),#3480);
#3477 = B_SPLINE_CURVE_WITH_KNOTS('',1,(#3478,#3479),.UNSPECIFIED.,.F.,
  .F.,(2,2),(1.04,2.96),.PIECEWISE_BEZIER_KNOTS.);
#3478 = CARTESIAN_POINT('',(-0.16,0.155560532941));
#3479 = CARTESIAN_POINT('',(1.76,0.155560532941));
#3480 = ( GEOMETRIC_REPRESENTATION_CONTEXT(2) 
PARAMETRIC_REPRESENTATION_CONTEXT() REPRESENTATION_CONTEXT('2D SPACE',''
  ) );
#3481 = ORIENTED_EDGE('',*,*,#3482,.F.);
#3482 = EDGE_CURVE('',#3483,#3462,#3485,.T.);
#3483 = VERTEX_POINT('',#3484);
#3484 = CARTESIAN_POINT('',(-4.175823272123,2.75,0.8));
#3485 = SURFACE_CURVE('',#3486,(#3491,#3498),.PCURVE_S1.);
#3486 = CIRCLE('',#3487,5.);
#3487 = AXIS2_PLACEMENT_3D('',#3488,#3489,#3490);
#3488 = CARTESIAN_POINT('',(0.,0.,0.8));
#3489 = DIRECTION('',(0.,0.,1.));
#3490 = DIRECTION('',(1.,0.,-0.));
#3491 = PCURVE('',#1282,#3492);
#3492 = DEFINITIONAL_REPRESENTATION('',(#3493),#3497);
#3493 = LINE('',#3494,#3495);
#3494 = CARTESIAN_POINT('',(0.,2.8));
#3495 = VECTOR('',#3496,1.);
#3496 = DIRECTION('',(1.,0.));
#3497 = ( GEOMETRIC_REPRESENTATION_CONTEXT(2) 
PARAMETRIC_REPRESENTATION_CONTEXT() REPRESENTATION_CONTEXT('2D SPACE',''
  ) );
#3498 = PCURVE('',#1725,#3499);
#3499 = DEFINITIONAL_REPRESENTATION('',(#3500),#3504);
#3500 = CIRCLE('',#3501,5.);
#3501 = AXIS2_PLACEMENT_2D('',#3502,#3503);
#3502 = CARTESIAN_POINT('',(5.,2.75));
#3503 = DIRECTION('',(1.,0.));
#3504 = ( GEOMETRIC_REPRESENTATION_CONTEXT(2) 
PARAMETRIC_REPRESENTATION_CONTEXT() REPRESENTATION_CONTEXT('2D SPACE',''
  ) );
#3505 = ORIENTED_EDGE('',*,*,#3506,.T.);
#3506 = EDGE_CURVE('',#3483,#3507,#3509,.T.);
#3507 = VERTEX_POINT('',#3508);
#3508 = CARTESIAN_POINT('',(-4.175823272123,2.75,1.4));
#3509 = SURFACE_CURVE('',#3510,(#3514,#3520),.PCURVE_S1.);
#3510 = LINE('',#3511,#3512);
#3511 = CARTESIAN_POINT('',(-4.175823272123,2.75,-2.));
#3512 = VECTOR('',#3513,1.);
#3513 = DIRECTION('',(0.,0.,1.));
#3514 = PCURVE('',#1282,#3515);
#3515 = DEFINITIONAL_REPRESENTATION('',(#3516),#3519);
#3516 = B_SPLINE_CURVE_WITH_KNOTS('',1,(#3517,#3518),.UNSPECIFIED.,.F.,
  .F.,(2,2),(2.68,3.400012591801),.PIECEWISE_BEZIER_KNOTS.);
#3517 = CARTESIAN_POINT('',(2.559228415721,2.68));
#3518 = CARTESIAN_POINT('',(2.559228415721,3.400012591801));
#3519 = ( GEOMETRIC_REPRESENTATION_CONTEXT(2) 
PARAMETRIC_REPRESENTATION_CONTEXT() REPRESENTATION_CONTEXT('2D SPACE',''
  ) );
#3520 = PCURVE('',#1753,#3521);
#3521 = DEFINITIONAL_REPRESENTATION('',(#3522),#3525);
#3522 = B_SPLINE_CURVE_WITH_KNOTS('',1,(#3523,#3524),.UNSPECIFIED.,.F.,
  .F.,(2,2),(2.68,3.400012591801),.PIECEWISE_BEZIER_KNOTS.);
#3523 = CARTESIAN_POINT('',(-0.12,0.824176727877));
#3524 = CARTESIAN_POINT('',(0.600012591801,0.824176727877));
#3525 = ( GEOMETRIC_REPRESENTATION_CONTEXT(2) 
PARAMETRIC_REPRESENTATION_CONTEXT() REPRESENTATION_CONTEXT('2D SPACE',''
  ) );
#3526 = ORIENTED_EDGE('',*,*,#3527,.F.);
#3527 = EDGE_CURVE('',#3528,#3507,#3530,.T.);
#3528 = VERTEX_POINT('',#3529);
#3529 = CARTESIAN_POINT('',(4.175823272123,2.75,1.4));
#3530 = SURFACE_CURVE('',#3531,(#3536,#3543),.PCURVE_S1.);
#3531 = CIRCLE('',#3532,5.);
#3532 = AXIS2_PLACEMENT_3D('',#3533,#3534,#3535);
#3533 = CARTESIAN_POINT('',(0.,0.,1.4));
#3534 = DIRECTION('',(0.,0.,1.));
#3535 = DIRECTION('',(1.,0.,-0.));
#3536 = PCURVE('',#1282,#3537);
#3537 = DEFINITIONAL_REPRESENTATION('',(#3538),#3542);
#3538 = LINE('',#3539,#3540);
#3539 = CARTESIAN_POINT('',(0.,3.4));
#3540 = VECTOR('',#3541,1.);
#3541 = DIRECTION('',(1.,0.));
#3542 = ( GEOMETRIC_REPRESENTATION_CONTEXT(2) 
PARAMETRIC_REPRESENTATION_CONTEXT() REPRESENTATION_CONTEXT('2D SPACE',''
  ) );
#3543 = PCURVE('',#3544,#3549);
#3544 = CONICAL_SURFACE('',#3545,5.,0.785398163397);
#3545 = AXIS2_PLACEMENT_3D('',#3546,#3547,#3548);
#3546 = CARTESIAN_POINT('',(0.,0.,1.4));
#3547 = DIRECTION('',(-0.,-0.,-1.));
#3548 = DIRECTION('',(1.,0.,-0.));
#3549 = DEFINITIONAL_REPRESENTATION('',(#3550),#3554);
#3550 = LINE('',#3551,#3552);
#3551 = CARTESIAN_POINT('',(-0.,-0.));
#3552 = VECTOR('',#3553,1.);
#3553 = DIRECTION('',(-1.,-0.));
#3554 = ( GEOMETRIC_REPRESENTATION_CONTEXT(2) 
PARAMETRIC_REPRESENTATION_CONTEXT() REPRESENTATION_CONTEXT('2D SPACE',''
  ) );
#3555 = ORIENTED_EDGE('',*,*,#3556,.F.);
#3556 = EDGE_CURVE('',#3557,#3528,#3559,.T.);
#3557 = VERTEX_POINT('',#3558);
#3558 = CARTESIAN_POINT('',(4.175823272123,2.75,0.8));
#3559 = SURFACE_CURVE('',#3560,(#3564,#3570),.PCURVE_S1.);
#3560 = LINE('',#3561,#3562);
#3561 = CARTESIAN_POINT('',(4.175823272123,2.75,-2.));
#3562 = VECTOR('',#3563,1.);
#3563 = DIRECTION('',(0.,0.,1.));
#3564 = PCURVE('',#1282,#3565);
#3565 = DEFINITIONAL_REPRESENTATION('',(#3566),#3569);
#3566 = B_SPLINE_CURVE_WITH_KNOTS('',1,(#3567,#3568),.UNSPECIFIED.,.F.,
  .F.,(2,2),(2.68,3.400012591801),.PIECEWISE_BEZIER_KNOTS.);
#3567 = CARTESIAN_POINT('',(0.582364237869,2.68));
#3568 = CARTESIAN_POINT('',(0.582364237869,3.400012591801));
#3569 = ( GEOMETRIC_REPRESENTATION_CONTEXT(2) 
PARAMETRIC_REPRESENTATION_CONTEXT() REPRESENTATION_CONTEXT('2D SPACE',''
  ) );
#3570 = PCURVE('',#3209,#3571);
#3571 = DEFINITIONAL_REPRESENTATION('',(#3572),#3575);
#3572 = B_SPLINE_CURVE_WITH_KNOTS('',1,(#3573,#3574),.UNSPECIFIED.,.F.,
  .F.,(2,2),(2.68,3.400012591801),.PIECEWISE_BEZIER_KNOTS.);
#3573 = CARTESIAN_POINT('',(-0.12,9.175823272123));
#3574 = CARTESIAN_POINT('',(0.600012591801,9.175823272123));
#3575 = ( GEOMETRIC_REPRESENTATION_CONTEXT(2) 
PARAMETRIC_REPRESENTATION_CONTEXT() REPRESENTATION_CONTEXT('2D SPACE',''
  ) );
#3576 = ORIENTED_EDGE('',*,*,#3577,.F.);
#3577 = EDGE_CURVE('',#3578,#3557,#3580,.T.);
#3578 = VERTEX_POINT('',#3579);
#3579 = CARTESIAN_POINT('',(4.844439467059,1.2375,0.8));
#3580 = SURFACE_CURVE('',#3581,(#3586,#3593),.PCURVE_S1.);
#3581 = CIRCLE('',#3582,5.);
#3582 = AXIS2_PLACEMENT_3D('',#3583,#3584,#3585);
#3583 = CARTESIAN_POINT('',(0.,0.,0.8));
#3584 = DIRECTION('',(0.,0.,1.));
#3585 = DIRECTION('',(1.,0.,-0.));
#3586 = PCURVE('',#1282,#3587);
#3587 = DEFINITIONAL_REPRESENTATION('',(#3588),#3592);
#3588 = LINE('',#3589,#3590);
#3589 = CARTESIAN_POINT('',(0.,2.8));
#3590 = VECTOR('',#3591,1.);
#3591 = DIRECTION('',(1.,0.));
#3592 = ( GEOMETRIC_REPRESENTATION_CONTEXT(2) 
PARAMETRIC_REPRESENTATION_CONTEXT() REPRESENTATION_CONTEXT('2D SPACE',''
  ) );
#3593 = PCURVE('',#2682,#3594);
#3594 = DEFINITIONAL_REPRESENTATION('',(#3595),#3599);
#3595 = CIRCLE('',#3596,5.);
#3596 = AXIS2_PLACEMENT_2D('',#3597,#3598);
#3597 = CARTESIAN_POINT('',(5.,2.75));
#3598 = DIRECTION('',(1.,0.));
#3599 = ( GEOMETRIC_REPRESENTATION_CONTEXT(2) 
PARAMETRIC_REPRESENTATION_CONTEXT() REPRESENTATION_CONTEXT('2D SPACE',''
  ) );
#3600 = ORIENTED_EDGE('',*,*,#3601,.F.);
#3601 = EDGE_CURVE('',#3341,#3578,#3602,.T.);
#3602 = SURFACE_CURVE('',#3603,(#3607,#3613),.PCURVE_S1.);
#3603 = LINE('',#3604,#3605);
#3604 = CARTESIAN_POINT('',(4.844439467059,1.2375,-2.));
#3605 = VECTOR('',#3606,1.);
#3606 = DIRECTION('',(0.,0.,1.));
#3607 = PCURVE('',#1282,#3608);
#3608 = DEFINITIONAL_REPRESENTATION('',(#3609),#3612);
#3609 = B_SPLINE_CURVE_WITH_KNOTS('',1,(#3610,#3611),.UNSPECIFIED.,.F.,
  .F.,(2,2),(1.04,2.96),.PIECEWISE_BEZIER_KNOTS.);
#3610 = CARTESIAN_POINT('',(0.25009912347,1.04));
#3611 = CARTESIAN_POINT('',(0.25009912347,2.96));
#3612 = ( GEOMETRIC_REPRESENTATION_CONTEXT(2) 
PARAMETRIC_REPRESENTATION_CONTEXT() REPRESENTATION_CONTEXT('2D SPACE',''
  ) );
#3613 = PCURVE('',#2707,#3614);
#3614 = DEFINITIONAL_REPRESENTATION('',(#3615),#3618);
#3615 = B_SPLINE_CURVE_WITH_KNOTS('',1,(#3616,#3617),.UNSPECIFIED.,.F.,
  .F.,(2,2),(1.04,2.96),.PIECEWISE_BEZIER_KNOTS.);
#3616 = CARTESIAN_POINT('',(-0.16,9.844439467059));
#3617 = CARTESIAN_POINT('',(1.76,9.844439467059));
#3618 = ( GEOMETRIC_REPRESENTATION_CONTEXT(2) 
PARAMETRIC_REPRESENTATION_CONTEXT() REPRESENTATION_CONTEXT('2D SPACE',''
  ) );
#3619 = ORIENTED_EDGE('',*,*,#3340,.T.);
#3620 = ADVANCED_FACE('',(#3621),#1523,.T.);
#3621 = FACE_BOUND('',#3622,.T.);
#3622 = EDGE_LOOP('',(#3623,#3624,#3645,#3646));
#3623 = ORIENTED_EDGE('',*,*,#1658,.F.);
#3624 = ORIENTED_EDGE('',*,*,#3625,.T.);
#3625 = EDGE_CURVE('',#1659,#3438,#3626,.T.);
#3626 = SURFACE_CURVE('',#3627,(#3631,#3638),.PCURVE_S1.);
#3627 = LINE('',#3628,#3629);
#3628 = CARTESIAN_POINT('',(-5.,1.2375,-0.8));
#3629 = VECTOR('',#3630,1.);
#3630 = DIRECTION('',(1.,0.,-0.));
#3631 = PCURVE('',#1523,#3632);
#3632 = DEFINITIONAL_REPRESENTATION('',(#3633),#3637);
#3633 = LINE('',#3634,#3635);
#3634 = CARTESIAN_POINT('',(0.,3.9875));
#3635 = VECTOR('',#3636,1.);
#3636 = DIRECTION('',(1.,0.));
#3637 = ( GEOMETRIC_REPRESENTATION_CONTEXT(2) 
PARAMETRIC_REPRESENTATION_CONTEXT() REPRESENTATION_CONTEXT('2D SPACE',''
  ) );
#3638 = PCURVE('',#1697,#3639);
#3639 = DEFINITIONAL_REPRESENTATION('',(#3640),#3644);
#3640 = LINE('',#3641,#3642);
#3641 = CARTESIAN_POINT('',(0.,0.));
#3642 = VECTOR('',#3643,1.);
#3643 = DIRECTION('',(0.,1.));
#3644 = ( GEOMETRIC_REPRESENTATION_CONTEXT(2) 
PARAMETRIC_REPRESENTATION_CONTEXT() REPRESENTATION_CONTEXT('2D SPACE',''
  ) );
#3645 = ORIENTED_EDGE('',*,*,#3437,.F.);
#3646 = ORIENTED_EDGE('',*,*,#1507,.F.);
#3647 = ADVANCED_FACE('',(#3648),#1597,.T.);
#3648 = FACE_BOUND('',#3649,.T.);
#3649 = EDGE_LOOP('',(#3650,#3651,#3672,#3673));
#3650 = ORIENTED_EDGE('',*,*,#3315,.F.);
#3651 = ORIENTED_EDGE('',*,*,#3652,.T.);
#3652 = EDGE_CURVE('',#3295,#1932,#3653,.T.);
#3653 = SURFACE_CURVE('',#3654,(#3658,#3665),.PCURVE_S1.);
#3654 = LINE('',#3655,#3656);
#3655 = CARTESIAN_POINT('',(-5.,1.2375,-0.8));
#3656 = VECTOR('',#3657,1.);
#3657 = DIRECTION('',(1.,0.,-0.));
#3658 = PCURVE('',#1597,#3659);
#3659 = DEFINITIONAL_REPRESENTATION('',(#3660),#3664);
#3660 = LINE('',#3661,#3662);
#3661 = CARTESIAN_POINT('',(0.,3.9875));
#3662 = VECTOR('',#3663,1.);
#3663 = DIRECTION('',(1.,0.));
#3664 = ( GEOMETRIC_REPRESENTATION_CONTEXT(2) 
PARAMETRIC_REPRESENTATION_CONTEXT() REPRESENTATION_CONTEXT('2D SPACE',''
  ) );
#3665 = PCURVE('',#1970,#3666);
#3666 = DEFINITIONAL_REPRESENTATION('',(#3667),#3671);
#3667 = LINE('',#3668,#3669);
#3668 = CARTESIAN_POINT('',(0.,0.));
#3669 = VECTOR('',#3670,1.);
#3670 = DIRECTION('',(0.,1.));
#3671 = ( GEOMETRIC_REPRESENTATION_CONTEXT(2) 
PARAMETRIC_REPRESENTATION_CONTEXT() REPRESENTATION_CONTEXT('2D SPACE',''
  ) );
#3672 = ORIENTED_EDGE('',*,*,#1931,.T.);
#3673 = ORIENTED_EDGE('',*,*,#1581,.F.);
#3674 = ADVANCED_FACE('',(#3675),#1697,.T.);
#3675 = FACE_BOUND('',#3676,.T.);
#3676 = EDGE_LOOP('',(#3677,#3678,#3679,#3700));
#3677 = ORIENTED_EDGE('',*,*,#3625,.F.);
#3678 = ORIENTED_EDGE('',*,*,#1681,.T.);
#3679 = ORIENTED_EDGE('',*,*,#3680,.T.);
#3680 = EDGE_CURVE('',#1682,#3462,#3681,.T.);
#3681 = SURFACE_CURVE('',#3682,(#3686,#3693),.PCURVE_S1.);
#3682 = LINE('',#3683,#3684);
#3683 = CARTESIAN_POINT('',(-5.,1.2375,0.8));
#3684 = VECTOR('',#3685,1.);
#3685 = DIRECTION('',(1.,0.,-0.));
#3686 = PCURVE('',#1697,#3687);
#3687 = DEFINITIONAL_REPRESENTATION('',(#3688),#3692);
#3688 = LINE('',#3689,#3690);
#3689 = CARTESIAN_POINT('',(1.6,0.));
#3690 = VECTOR('',#3691,1.);
#3691 = DIRECTION('',(0.,1.));
#3692 = ( GEOMETRIC_REPRESENTATION_CONTEXT(2) 
PARAMETRIC_REPRESENTATION_CONTEXT() REPRESENTATION_CONTEXT('2D SPACE',''
  ) );
#3693 = PCURVE('',#1725,#3694);
#3694 = DEFINITIONAL_REPRESENTATION('',(#3695),#3699);
#3695 = LINE('',#3696,#3697);
#3696 = CARTESIAN_POINT('',(0.,3.9875));
#3697 = VECTOR('',#3698,1.);
#3698 = DIRECTION('',(1.,0.));
#3699 = ( GEOMETRIC_REPRESENTATION_CONTEXT(2) 
PARAMETRIC_REPRESENTATION_CONTEXT() REPRESENTATION_CONTEXT('2D SPACE',''
  ) );
#3700 = ORIENTED_EDGE('',*,*,#3461,.F.);
#3701 = ADVANCED_FACE('',(#3702),#1725,.F.);
#3702 = FACE_BOUND('',#3703,.F.);
#3703 = EDGE_LOOP('',(#3704,#3705,#3706,#3707));
#3704 = ORIENTED_EDGE('',*,*,#1709,.F.);
#3705 = ORIENTED_EDGE('',*,*,#3680,.T.);
#3706 = ORIENTED_EDGE('',*,*,#3482,.F.);
#3707 = ORIENTED_EDGE('',*,*,#3708,.F.);
#3708 = EDGE_CURVE('',#1710,#3483,#3709,.T.);
#3709 = SURFACE_CURVE('',#3710,(#3714,#3721),.PCURVE_S1.);
#3710 = LINE('',#3711,#3712);
#3711 = CARTESIAN_POINT('',(-5.,2.75,0.8));
#3712 = VECTOR('',#3713,1.);
#3713 = DIRECTION('',(1.,0.,-0.));
#3714 = PCURVE('',#1725,#3715);
#3715 = DEFINITIONAL_REPRESENTATION('',(#3716),#3720);
#3716 = LINE('',#3717,#3718);
#3717 = CARTESIAN_POINT('',(0.,5.5));
#3718 = VECTOR('',#3719,1.);
#3719 = DIRECTION('',(1.,0.));
#3720 = ( GEOMETRIC_REPRESENTATION_CONTEXT(2) 
PARAMETRIC_REPRESENTATION_CONTEXT() REPRESENTATION_CONTEXT('2D SPACE',''
  ) );
#3721 = PCURVE('',#1753,#3722);
#3722 = DEFINITIONAL_REPRESENTATION('',(#3723),#3727);
#3723 = LINE('',#3724,#3725);
#3724 = CARTESIAN_POINT('',(0.,0.));
#3725 = VECTOR('',#3726,1.);
#3726 = DIRECTION('',(0.,1.));
#3727 = ( GEOMETRIC_REPRESENTATION_CONTEXT(2) 
PARAMETRIC_REPRESENTATION_CONTEXT() REPRESENTATION_CONTEXT('2D SPACE',''
  ) );
#3728 = ADVANCED_FACE('',(#3729),#1753,.T.);
#3729 = FACE_BOUND('',#3730,.T.);
#3730 = EDGE_LOOP('',(#3731,#3732,#3733,#3756,#3781));
#3731 = ORIENTED_EDGE('',*,*,#3708,.F.);
#3732 = ORIENTED_EDGE('',*,*,#1737,.T.);
#3733 = ORIENTED_EDGE('',*,*,#3734,.T.);
#3734 = EDGE_CURVE('',#1738,#3735,#3737,.T.);
#3735 = VERTEX_POINT('',#3736);
#3736 = CARTESIAN_POINT('',(-3.434748899119,2.75,2.));
#3737 = SURFACE_CURVE('',#3738,(#3742,#3749),.PCURVE_S1.);
#3738 = LINE('',#3739,#3740);
#3739 = CARTESIAN_POINT('',(-5.,2.75,2.));
#3740 = VECTOR('',#3741,1.);
#3741 = DIRECTION('',(1.,0.,-0.));
#3742 = PCURVE('',#1753,#3743);
#3743 = DEFINITIONAL_REPRESENTATION('',(#3744),#3748);
#3744 = LINE('',#3745,#3746);
#3745 = CARTESIAN_POINT('',(1.2,0.));
#3746 = VECTOR('',#3747,1.);
#3747 = DIRECTION('',(0.,1.));
#3748 = ( GEOMETRIC_REPRESENTATION_CONTEXT(2) 
PARAMETRIC_REPRESENTATION_CONTEXT() REPRESENTATION_CONTEXT('2D SPACE',''
  ) );
#3749 = PCURVE('',#1781,#3750);
#3750 = DEFINITIONAL_REPRESENTATION('',(#3751),#3755);
#3751 = LINE('',#3752,#3753);
#3752 = CARTESIAN_POINT('',(0.,5.5));
#3753 = VECTOR('',#3754,1.);
#3754 = DIRECTION('',(1.,0.));
#3755 = ( GEOMETRIC_REPRESENTATION_CONTEXT(2) 
PARAMETRIC_REPRESENTATION_CONTEXT() REPRESENTATION_CONTEXT('2D SPACE',''
  ) );
#3756 = ORIENTED_EDGE('',*,*,#3757,.T.);
#3757 = EDGE_CURVE('',#3735,#3507,#3758,.T.);
#3758 = SURFACE_CURVE('',#3759,(#3764,#3771),.PCURVE_S1.);
#3759 = HYPERBOLA('',#3760,2.75,2.75);
#3760 = AXIS2_PLACEMENT_3D('',#3761,#3762,#3763);
#3761 = CARTESIAN_POINT('',(0.,2.75,6.4));
#3762 = DIRECTION('',(0.,1.,0.));
#3763 = DIRECTION('',(-0.,0.,-1.));
#3764 = PCURVE('',#1753,#3765);
#3765 = DEFINITIONAL_REPRESENTATION('',(#3766),#3770);
#3766 = ( BOUNDED_CURVE() B_SPLINE_CURVE(2,(#3767,#3768,#3769),
.UNSPECIFIED.,.F.,.F.) B_SPLINE_CURVE_WITH_KNOTS((3,3),(1.046967915003,
1.204971208168),.PIECEWISE_BEZIER_KNOTS.) CURVE() 
GEOMETRIC_REPRESENTATION_ITEM() RATIONAL_B_SPLINE_CURVE((1.,
1.003122253474,1.)) REPRESENTATION_ITEM('') );
#3767 = CARTESIAN_POINT('',(1.2,1.565251100881));
#3768 = CARTESIAN_POINT('',(0.929212299272,1.218365224156));
#3769 = CARTESIAN_POINT('',(0.6,0.824176727877));
#3770 = ( GEOMETRIC_REPRESENTATION_CONTEXT(2) 
PARAMETRIC_REPRESENTATION_CONTEXT() REPRESENTATION_CONTEXT('2D SPACE',''
  ) );
#3771 = PCURVE('',#3544,#3772);
#3772 = DEFINITIONAL_REPRESENTATION('',(#3773),#3780);
#3773 = B_SPLINE_CURVE_WITH_KNOTS('',5,(#3774,#3775,#3776,#3777,#3778,
    #3779),.UNSPECIFIED.,.F.,.F.,(6,6),(1.046967915003,1.204971208168),
  .PIECEWISE_BEZIER_KNOTS.);
#3774 = CARTESIAN_POINT('',(-2.466461120653,-0.6));
#3775 = CARTESIAN_POINT('',(-2.486211532298,-0.491459672549));
#3776 = CARTESIAN_POINT('',(-2.505352932484,-0.377427038356));
#3777 = CARTESIAN_POINT('',(-2.523894317204,-0.257676273539));
#3778 = CARTESIAN_POINT('',(-2.541848053473,-0.131958765734));
#3779 = CARTESIAN_POINT('',(-2.559228415721,-6.661338147751E-16));
#3780 = ( GEOMETRIC_REPRESENTATION_CONTEXT(2) 
PARAMETRIC_REPRESENTATION_CONTEXT() REPRESENTATION_CONTEXT('2D SPACE',''
  ) );
#3781 = ORIENTED_EDGE('',*,*,#3506,.F.);
#3782 = ADVANCED_FACE('',(#3783,#4010,#4013,#4016,#4019),#1781,.T.);
#3783 = FACE_BOUND('',#3784,.T.);
#3784 = EDGE_LOOP('',(#3785,#3808,#3832,#3855,#3877,#3878,#3879,#3902,
    #3931,#3959,#3988,#4009));
#3785 = ORIENTED_EDGE('',*,*,#3786,.F.);
#3786 = EDGE_CURVE('',#3787,#2011,#3789,.T.);
#3787 = VERTEX_POINT('',#3788);
#3788 = CARTESIAN_POINT('',(53.434748899119,2.75,2.));
#3789 = SURFACE_CURVE('',#3790,(#3794,#3801),.PCURVE_S1.);
#3790 = LINE('',#3791,#3792);
#3791 = CARTESIAN_POINT('',(-5.,2.75,2.));
#3792 = VECTOR('',#3793,1.);
#3793 = DIRECTION('',(1.,0.,-0.));
#3794 = PCURVE('',#1781,#3795);
#3795 = DEFINITIONAL_REPRESENTATION('',(#3796),#3800);
#3796 = LINE('',#3797,#3798);
#3797 = CARTESIAN_POINT('',(0.,5.5));
#3798 = VECTOR('',#3799,1.);
#3799 = DIRECTION('',(1.,0.));
#3800 = ( GEOMETRIC_REPRESENTATION_CONTEXT(2) 
PARAMETRIC_REPRESENTATION_CONTEXT() REPRESENTATION_CONTEXT('2D SPACE',''
  ) );
#3801 = PCURVE('',#2026,#3802);
#3802 = DEFINITIONAL_REPRESENTATION('',(#3803),#3807);
#3803 = LINE('',#3804,#3805);
#3804 = CARTESIAN_POINT('',(1.2,0.));
#3805 = VECTOR('',#3806,1.);
#3806 = DIRECTION('',(0.,1.));
#3807 = ( GEOMETRIC_REPRESENTATION_CONTEXT(2) 
PARAMETRIC_REPRESENTATION_CONTEXT() REPRESENTATION_CONTEXT('2D SPACE',''
  ) );
#3808 = ORIENTED_EDGE('',*,*,#3809,.T.);
#3809 = EDGE_CURVE('',#3787,#3810,#3812,.T.);
#3810 = VERTEX_POINT('',#3811);
#3811 = CARTESIAN_POINT('',(46.565251100881,2.75,2.));
#3812 = SURFACE_CURVE('',#3813,(#3818,#3825),.PCURVE_S1.);
#3813 = CIRCLE('',#3814,4.4);
#3814 = AXIS2_PLACEMENT_3D('',#3815,#3816,#3817);
#3815 = CARTESIAN_POINT('',(50.,0.,2.));
#3816 = DIRECTION('',(0.,0.,1.));
#3817 = DIRECTION('',(1.,0.,-0.));
#3818 = PCURVE('',#1781,#3819);
#3819 = DEFINITIONAL_REPRESENTATION('',(#3820),#3824);
#3820 = CIRCLE('',#3821,4.4);
#3821 = AXIS2_PLACEMENT_2D('',#3822,#3823);
#3822 = CARTESIAN_POINT('',(55.,2.75));
#3823 = DIRECTION('',(1.,0.));
#3824 = ( GEOMETRIC_REPRESENTATION_CONTEXT(2) 
PARAMETRIC_REPRESENTATION_CONTEXT() REPRESENTATION_CONTEXT('2D SPACE',''
  ) );
#3825 = PCURVE('',#3237,#3826);
#3826 = DEFINITIONAL_REPRESENTATION('',(#3827),#3831);
#3827 = LINE('',#3828,#3829);
#3828 = CARTESIAN_POINT('',(-0.,-0.6));
#3829 = VECTOR('',#3830,1.);
#3830 = DIRECTION('',(-1.,-0.));
#3831 = ( GEOMETRIC_REPRESENTATION_CONTEXT(2) 
PARAMETRIC_REPRESENTATION_CONTEXT() REPRESENTATION_CONTEXT('2D SPACE',''
  ) );
#3832 = ORIENTED_EDGE('',*,*,#3833,.F.);
#3833 = EDGE_CURVE('',#3834,#3810,#3836,.T.);
#3834 = VERTEX_POINT('',#3835);
#3835 = CARTESIAN_POINT('',(3.434748899119,2.75,2.));
#3836 = SURFACE_CURVE('',#3837,(#3841,#3848),.PCURVE_S1.);
#3837 = LINE('',#3838,#3839);
#3838 = CARTESIAN_POINT('',(-5.,2.75,2.));
#3839 = VECTOR('',#3840,1.);
#3840 = DIRECTION('',(1.,0.,-0.));
#3841 = PCURVE('',#1781,#3842);
#3842 = DEFINITIONAL_REPRESENTATION('',(#3843),#3847);
#3843 = LINE('',#3844,#3845);
#3844 = CARTESIAN_POINT('',(0.,5.5));
#3845 = VECTOR('',#3846,1.);
#3846 = DIRECTION('',(1.,0.));
#3847 = ( GEOMETRIC_REPRESENTATION_CONTEXT(2) 
PARAMETRIC_REPRESENTATION_CONTEXT() REPRESENTATION_CONTEXT('2D SPACE',''
  ) );
#3848 = PCURVE('',#3209,#3849);
#3849 = DEFINITIONAL_REPRESENTATION('',(#3850),#3854);
#3850 = LINE('',#3851,#3852);
#3851 = CARTESIAN_POINT('',(1.2,0.));
#3852 = VECTOR('',#3853,1.);
#3853 = DIRECTION('',(0.,1.));
#3854 = ( GEOMETRIC_REPRESENTATION_CONTEXT(2) 
PARAMETRIC_REPRESENTATION_CONTEXT() REPRESENTATION_CONTEXT('2D SPACE',''
  ) );
#3855 = ORIENTED_EDGE('',*,*,#3856,.T.);
#3856 = EDGE_CURVE('',#3834,#3735,#3857,.T.);
#3857 = SURFACE_CURVE('',#3858,(#3863,#3870),.PCURVE_S1.);
#3858 = CIRCLE('',#3859,4.4);
#3859 = AXIS2_PLACEMENT_3D('',#3860,#3861,#3862);
#3860 = CARTESIAN_POINT('',(0.,0.,2.));
#3861 = DIRECTION('',(0.,0.,1.));
#3862 = DIRECTION('',(1.,0.,-0.));
#3863 = PCURVE('',#1781,#3864);
#3864 = DEFINITIONAL_REPRESENTATION('',(#3865),#3869);
#3865 = CIRCLE('',#3866,4.4);
#3866 = AXIS2_PLACEMENT_2D('',#3867,#3868);
#3867 = CARTESIAN_POINT('',(5.,2.75));
#3868 = DIRECTION('',(1.,0.));
#3869 = ( GEOMETRIC_REPRESENTATION_CONTEXT(2) 
PARAMETRIC_REPRESENTATION_CONTEXT() REPRESENTATION_CONTEXT('2D SPACE',''
  ) );
#3870 = PCURVE('',#3544,#3871);
#3871 = DEFINITIONAL_REPRESENTATION('',(#3872),#3876);
#3872 = LINE('',#3873,#3874);
#3873 = CARTESIAN_POINT('',(-0.,-0.6));
#3874 = VECTOR('',#3875,1.);
#3875 = DIRECTION('',(-1.,-0.));
#3876 = ( GEOMETRIC_REPRESENTATION_CONTEXT(2) 
PARAMETRIC_REPRESENTATION_CONTEXT() REPRESENTATION_CONTEXT('2D SPACE',''
  ) );
#3877 = ORIENTED_EDGE('',*,*,#3734,.F.);
#3878 = ORIENTED_EDGE('',*,*,#1765,.F.);
#3879 = ORIENTED_EDGE('',*,*,#3880,.T.);
#3880 = EDGE_CURVE('',#1766,#3881,#3883,.T.);
#3881 = VERTEX_POINT('',#3882);
#3882 = CARTESIAN_POINT('',(-3.434748899119,-2.75,2.));
#3883 = SURFACE_CURVE('',#3884,(#3888,#3895),.PCURVE_S1.);
#3884 = LINE('',#3885,#3886);
#3885 = CARTESIAN_POINT('',(-5.,-2.75,2.));
#3886 = VECTOR('',#3887,1.);
#3887 = DIRECTION('',(1.,0.,-0.));
#3888 = PCURVE('',#1781,#3889);
#3889 = DEFINITIONAL_REPRESENTATION('',(#3890),#3894);
#3890 = LINE('',#3891,#3892);
#3891 = CARTESIAN_POINT('',(0.,0.));
#3892 = VECTOR('',#3893,1.);
#3893 = DIRECTION('',(1.,0.));
#3894 = ( GEOMETRIC_REPRESENTATION_CONTEXT(2) 
PARAMETRIC_REPRESENTATION_CONTEXT() REPRESENTATION_CONTEXT('2D SPACE',''
  ) );
#3895 = PCURVE('',#1809,#3896);
#3896 = DEFINITIONAL_REPRESENTATION('',(#3897),#3901);
#3897 = LINE('',#3898,#3899);
#3898 = CARTESIAN_POINT('',(1.2,0.));
#3899 = VECTOR('',#3900,1.);
#3900 = DIRECTION('',(0.,1.));
#3901 = ( GEOMETRIC_REPRESENTATION_CONTEXT(2) 
PARAMETRIC_REPRESENTATION_CONTEXT() REPRESENTATION_CONTEXT('2D SPACE',''
  ) );
#3902 = ORIENTED_EDGE('',*,*,#3903,.T.);
#3903 = EDGE_CURVE('',#3881,#3904,#3906,.T.);
#3904 = VERTEX_POINT('',#3905);
#3905 = CARTESIAN_POINT('',(3.434748899119,-2.75,2.));
#3906 = SURFACE_CURVE('',#3907,(#3912,#3919),.PCURVE_S1.);
#3907 = CIRCLE('',#3908,4.4);
#3908 = AXIS2_PLACEMENT_3D('',#3909,#3910,#3911);
#3909 = CARTESIAN_POINT('',(0.,0.,2.));
#3910 = DIRECTION('',(0.,0.,1.));
#3911 = DIRECTION('',(1.,0.,-0.));
#3912 = PCURVE('',#1781,#3913);
#3913 = DEFINITIONAL_REPRESENTATION('',(#3914),#3918);
#3914 = CIRCLE('',#3915,4.4);
#3915 = AXIS2_PLACEMENT_2D('',#3916,#3917);
#3916 = CARTESIAN_POINT('',(5.,2.75));
#3917 = DIRECTION('',(1.,0.));
#3918 = ( GEOMETRIC_REPRESENTATION_CONTEXT(2) 
PARAMETRIC_REPRESENTATION_CONTEXT() REPRESENTATION_CONTEXT('2D SPACE',''
  ) );
#3919 = PCURVE('',#3920,#3925);
#3920 = CONICAL_SURFACE('',#3921,5.,0.785398163397);
#3921 = AXIS2_PLACEMENT_3D('',#3922,#3923,#3924);
#3922 = CARTESIAN_POINT('',(0.,0.,1.4));
#3923 = DIRECTION('',(-0.,-0.,-1.));
#3924 = DIRECTION('',(1.,0.,-0.));
#3925 = DEFINITIONAL_REPRESENTATION('',(#3926),#3930);
#3926 = LINE('',#3927,#3928);
#3927 = CARTESIAN_POINT('',(-0.,-0.6));
#3928 = VECTOR('',#3929,1.);
#3929 = DIRECTION('',(-1.,-0.));
#3930 = ( GEOMETRIC_REPRESENTATION_CONTEXT(2) 
PARAMETRIC_REPRESENTATION_CONTEXT() REPRESENTATION_CONTEXT('2D SPACE',''
  ) );
#3931 = ORIENTED_EDGE('',*,*,#3932,.T.);
#3932 = EDGE_CURVE('',#3904,#3933,#3935,.T.);
#3933 = VERTEX_POINT('',#3934);
#3934 = CARTESIAN_POINT('',(46.565251100881,-2.75,2.));
#3935 = SURFACE_CURVE('',#3936,(#3940,#3947),.PCURVE_S1.);
#3936 = LINE('',#3937,#3938);
#3937 = CARTESIAN_POINT('',(-5.,-2.75,2.));
#3938 = VECTOR('',#3939,1.);
#3939 = DIRECTION('',(1.,0.,-0.));
#3940 = PCURVE('',#1781,#3941);
#3941 = DEFINITIONAL_REPRESENTATION('',(#3942),#3946);
#3942 = LINE('',#3943,#3944);
#3943 = CARTESIAN_POINT('',(0.,0.));
#3944 = VECTOR('',#3945,1.);
#3945 = DIRECTION('',(1.,0.));
#3946 = ( GEOMETRIC_REPRESENTATION_CONTEXT(2) 
PARAMETRIC_REPRESENTATION_CONTEXT() REPRESENTATION_CONTEXT('2D SPACE',''
  ) );
#3947 = PCURVE('',#3948,#3953);
#3948 = PLANE('',#3949);
#3949 = AXIS2_PLACEMENT_3D('',#3950,#3951,#3952);
#3950 = CARTESIAN_POINT('',(-5.,-2.75,0.8));
#3951 = DIRECTION('',(-0.,1.,0.));
#3952 = DIRECTION('',(0.,0.,1.));
#3953 = DEFINITIONAL_REPRESENTATION('',(#3954),#3958);
#3954 = LINE('',#3955,#3956);
#3955 = CARTESIAN_POINT('',(1.2,0.));
#3956 = VECTOR('',#3957,1.);
#3957 = DIRECTION('',(0.,1.));
#3958 = ( GEOMETRIC_REPRESENTATION_CONTEXT(2) 
PARAMETRIC_REPRESENTATION_CONTEXT() REPRESENTATION_CONTEXT('2D SPACE',''
  ) );
#3959 = ORIENTED_EDGE('',*,*,#3960,.T.);
#3960 = EDGE_CURVE('',#3933,#3961,#3963,.T.);
#3961 = VERTEX_POINT('',#3962);
#3962 = CARTESIAN_POINT('',(53.434748899119,-2.75,2.));
#3963 = SURFACE_CURVE('',#3964,(#3969,#3976),.PCURVE_S1.);
#3964 = CIRCLE('',#3965,4.4);
#3965 = AXIS2_PLACEMENT_3D('',#3966,#3967,#3968);
#3966 = CARTESIAN_POINT('',(50.,0.,2.));
#3967 = DIRECTION('',(0.,0.,1.));
#3968 = DIRECTION('',(1.,0.,-0.));
#3969 = PCURVE('',#1781,#3970);
#3970 = DEFINITIONAL_REPRESENTATION('',(#3971),#3975);
#3971 = CIRCLE('',#3972,4.4);
#3972 = AXIS2_PLACEMENT_2D('',#3973,#3974);
#3973 = CARTESIAN_POINT('',(55.,2.75));
#3974 = DIRECTION('',(1.,0.));
#3975 = ( GEOMETRIC_REPRESENTATION_CONTEXT(2) 
PARAMETRIC_REPRESENTATION_CONTEXT() REPRESENTATION_CONTEXT('2D SPACE',''
  ) );
#3976 = PCURVE('',#3977,#3982);
#3977 = CONICAL_SURFACE('',#3978,5.,0.785398163397);
#3978 = AXIS2_PLACEMENT_3D('',#3979,#3980,#3981);
#3979 = CARTESIAN_POINT('',(50.,0.,1.4));
#3980 = DIRECTION('',(-0.,-0.,-1.));
#3981 = DIRECTION('',(1.,0.,-0.));
#3982 = DEFINITIONAL_REPRESENTATION('',(#3983),#3987);
#3983 = LINE('',#3984,#3985);
#3984 = CARTESIAN_POINT('',(-0.,-0.6));
#3985 = VECTOR('',#3986,1.);
#3986 = DIRECTION('',(-1.,-0.));
#3987 = ( GEOMETRIC_REPRESENTATION_CONTEXT(2) 
PARAMETRIC_REPRESENTATION_CONTEXT() REPRESENTATION_CONTEXT('2D SPACE',''
  ) );
#3988 = ORIENTED_EDGE('',*,*,#3989,.T.);
#3989 = EDGE_CURVE('',#3961,#2039,#3990,.T.);
#3990 = SURFACE_CURVE('',#3991,(#3995,#4002),.PCURVE_S1.);
#3991 = LINE('',#3992,#3993);
#3992 = CARTESIAN_POINT('',(-5.,-2.75,2.));
#3993 = VECTOR('',#3994,1.);
#3994 = DIRECTION('',(1.,0.,-0.));
#3995 = PCURVE('',#1781,#3996);
#3996 = DEFINITIONAL_REPRESENTATION('',(#3997),#4001);
#3997 = LINE('',#3998,#3999);
#3998 = CARTESIAN_POINT('',(0.,0.));
#3999 = VECTOR('',#4000,1.);
#4000 = DIRECTION('',(1.,0.));
#4001 = ( GEOMETRIC_REPRESENTATION_CONTEXT(2) 
PARAMETRIC_REPRESENTATION_CONTEXT() REPRESENTATION_CONTEXT('2D SPACE',''
  ) );
#4002 = PCURVE('',#2077,#4003);
#4003 = DEFINITIONAL_REPRESENTATION('',(#4004),#4008);
#4004 = LINE('',#4005,#4006);
#4005 = CARTESIAN_POINT('',(1.2,0.));
#4006 = VECTOR('',#4007,1.);
#4007 = DIRECTION('',(0.,1.));
#4008 = ( GEOMETRIC_REPRESENTATION_CONTEXT(2) 
PARAMETRIC_REPRESENTATION_CONTEXT() REPRESENTATION_CONTEXT('2D SPACE',''
  ) );
#4009 = ORIENTED_EDGE('',*,*,#2038,.T.);
#4010 = FACE_BOUND('',#4011,.T.);
#4011 = EDGE_LOOP('',(#4012));
#4012 = ORIENTED_EDGE('',*,*,#2514,.F.);
#4013 = FACE_BOUND('',#4014,.T.);
#4014 = EDGE_LOOP('',(#4015));
#4015 = ORIENTED_EDGE('',*,*,#2564,.F.);
#4016 = FACE_BOUND('',#4017,.T.);
#4017 = EDGE_LOOP('',(#4018));
#4018 = ORIENTED_EDGE('',*,*,#2828,.F.);
#4019 = FACE_BOUND('',#4020,.T.);
#4020 = EDGE_LOOP('',(#4021));
#4021 = ORIENTED_EDGE('',*,*,#3072,.F.);
#4022 = ADVANCED_FACE('',(#4023),#1809,.F.);
#4023 = FACE_BOUND('',#4024,.F.);
#4024 = EDGE_LOOP('',(#4025,#4048,#4049,#4050,#4077));
#4025 = ORIENTED_EDGE('',*,*,#4026,.F.);
#4026 = EDGE_CURVE('',#1794,#4027,#4029,.T.);
#4027 = VERTEX_POINT('',#4028);
#4028 = CARTESIAN_POINT('',(-4.175823272123,-2.75,0.8));
#4029 = SURFACE_CURVE('',#4030,(#4034,#4041),.PCURVE_S1.);
#4030 = LINE('',#4031,#4032);
#4031 = CARTESIAN_POINT('',(-5.,-2.75,0.8));
#4032 = VECTOR('',#4033,1.);
#4033 = DIRECTION('',(1.,0.,-0.));
#4034 = PCURVE('',#1809,#4035);
#4035 = DEFINITIONAL_REPRESENTATION('',(#4036),#4040);
#4036 = LINE('',#4037,#4038);
#4037 = CARTESIAN_POINT('',(0.,0.));
#4038 = VECTOR('',#4039,1.);
#4039 = DIRECTION('',(0.,1.));
#4040 = ( GEOMETRIC_REPRESENTATION_CONTEXT(2) 
PARAMETRIC_REPRESENTATION_CONTEXT() REPRESENTATION_CONTEXT('2D SPACE',''
  ) );
#4041 = PCURVE('',#1837,#4042);
#4042 = DEFINITIONAL_REPRESENTATION('',(#4043),#4047);
#4043 = LINE('',#4044,#4045);
#4044 = CARTESIAN_POINT('',(0.,0.));
#4045 = VECTOR('',#4046,1.);
#4046 = DIRECTION('',(1.,0.));
#4047 = ( GEOMETRIC_REPRESENTATION_CONTEXT(2) 
PARAMETRIC_REPRESENTATION_CONTEXT() REPRESENTATION_CONTEXT('2D SPACE',''
  ) );
#4048 = ORIENTED_EDGE('',*,*,#1793,.T.);
#4049 = ORIENTED_EDGE('',*,*,#3880,.T.);
#4050 = ORIENTED_EDGE('',*,*,#4051,.T.);
#4051 = EDGE_CURVE('',#3881,#4052,#4054,.T.);
#4052 = VERTEX_POINT('',#4053);
#4053 = CARTESIAN_POINT('',(-4.175823272123,-2.75,1.4));
#4054 = SURFACE_CURVE('',#4055,(#4060,#4067),.PCURVE_S1.);
#4055 = HYPERBOLA('',#4056,2.75,2.75);
#4056 = AXIS2_PLACEMENT_3D('',#4057,#4058,#4059);
#4057 = CARTESIAN_POINT('',(0.,-2.75,6.4));
#4058 = DIRECTION('',(0.,1.,0.));
#4059 = DIRECTION('',(-0.,0.,-1.));
#4060 = PCURVE('',#1809,#4061);
#4061 = DEFINITIONAL_REPRESENTATION('',(#4062),#4066);
#4062 = ( BOUNDED_CURVE() B_SPLINE_CURVE(2,(#4063,#4064,#4065),
.UNSPECIFIED.,.F.,.F.) B_SPLINE_CURVE_WITH_KNOTS((3,3),(1.046967915003,
1.204971208168),.PIECEWISE_BEZIER_KNOTS.) CURVE() 
GEOMETRIC_REPRESENTATION_ITEM() RATIONAL_B_SPLINE_CURVE((1.,
1.003122253474,1.)) REPRESENTATION_ITEM('') );
#4063 = CARTESIAN_POINT('',(1.2,1.565251100881));
#4064 = CARTESIAN_POINT('',(0.929212299272,1.218365224156));
#4065 = CARTESIAN_POINT('',(0.6,0.824176727877));
#4066 = ( GEOMETRIC_REPRESENTATION_CONTEXT(2) 
PARAMETRIC_REPRESENTATION_CONTEXT() REPRESENTATION_CONTEXT('2D SPACE',''
  ) );
#4067 = PCURVE('',#3920,#4068);
#4068 = DEFINITIONAL_REPRESENTATION('',(#4069),#4076);
#4069 = B_SPLINE_CURVE_WITH_KNOTS('',5,(#4070,#4071,#4072,#4073,#4074,
    #4075),.UNSPECIFIED.,.F.,.F.,(6,6),(1.046967915003,1.204971208168),
  .PIECEWISE_BEZIER_KNOTS.);
#4070 = CARTESIAN_POINT('',(-3.816724186527,-0.6));
#4071 = CARTESIAN_POINT('',(-3.796973774881,-0.491459672549));
#4072 = CARTESIAN_POINT('',(-3.777832374696,-0.377427038356));
#4073 = CARTESIAN_POINT('',(-3.759290989976,-0.257676273539));
#4074 = CARTESIAN_POINT('',(-3.741337253707,-0.131958765734));
#4075 = CARTESIAN_POINT('',(-3.723956891459,2.22044604925E-16));
#4076 = ( GEOMETRIC_REPRESENTATION_CONTEXT(2) 
PARAMETRIC_REPRESENTATION_CONTEXT() REPRESENTATION_CONTEXT('2D SPACE',''
  ) );
#4077 = ORIENTED_EDGE('',*,*,#4078,.F.);
#4078 = EDGE_CURVE('',#4027,#4052,#4079,.T.);
#4079 = SURFACE_CURVE('',#4080,(#4084,#4090),.PCURVE_S1.);
#4080 = LINE('',#4081,#4082);
#4081 = CARTESIAN_POINT('',(-4.175823272123,-2.75,-2.));
#4082 = VECTOR('',#4083,1.);
#4083 = DIRECTION('',(0.,0.,1.));
#4084 = PCURVE('',#1809,#4085);
#4085 = DEFINITIONAL_REPRESENTATION('',(#4086),#4089);
#4086 = B_SPLINE_CURVE_WITH_KNOTS('',1,(#4087,#4088),.UNSPECIFIED.,.F.,
  .F.,(2,2),(2.68,3.400012591801),.PIECEWISE_BEZIER_KNOTS.);
#4087 = CARTESIAN_POINT('',(-0.12,0.824176727877));
#4088 = CARTESIAN_POINT('',(0.600012591801,0.824176727877));
#4089 = ( GEOMETRIC_REPRESENTATION_CONTEXT(2) 
PARAMETRIC_REPRESENTATION_CONTEXT() REPRESENTATION_CONTEXT('2D SPACE',''
  ) );
#4090 = PCURVE('',#2214,#4091);
#4091 = DEFINITIONAL_REPRESENTATION('',(#4092),#4095);
#4092 = B_SPLINE_CURVE_WITH_KNOTS('',1,(#4093,#4094),.UNSPECIFIED.,.F.,
  .F.,(2,2),(2.68,3.400012591801),.PIECEWISE_BEZIER_KNOTS.);
#4093 = CARTESIAN_POINT('',(3.723956891459,2.68));
#4094 = CARTESIAN_POINT('',(3.723956891459,3.400012591801));
#4095 = ( GEOMETRIC_REPRESENTATION_CONTEXT(2) 
PARAMETRIC_REPRESENTATION_CONTEXT() REPRESENTATION_CONTEXT('2D SPACE',''
  ) );
#4096 = ADVANCED_FACE('',(#4097),#1837,.F.);
#4097 = FACE_BOUND('',#4098,.F.);
#4098 = EDGE_LOOP('',(#4099,#4100,#4101,#4125));
#4099 = ORIENTED_EDGE('',*,*,#1821,.F.);
#4100 = ORIENTED_EDGE('',*,*,#4026,.T.);
#4101 = ORIENTED_EDGE('',*,*,#4102,.F.);
#4102 = EDGE_CURVE('',#4103,#4027,#4105,.T.);
#4103 = VERTEX_POINT('',#4104);
#4104 = CARTESIAN_POINT('',(-4.844439467059,-1.2375,0.8));
#4105 = SURFACE_CURVE('',#4106,(#4111,#4118),.PCURVE_S1.);
#4106 = CIRCLE('',#4107,5.);
#4107 = AXIS2_PLACEMENT_3D('',#4108,#4109,#4110);
#4108 = CARTESIAN_POINT('',(0.,0.,0.8));
#4109 = DIRECTION('',(0.,0.,1.));
#4110 = DIRECTION('',(1.,0.,-0.));
#4111 = PCURVE('',#1837,#4112);
#4112 = DEFINITIONAL_REPRESENTATION('',(#4113),#4117);
#4113 = CIRCLE('',#4114,5.);
#4114 = AXIS2_PLACEMENT_2D('',#4115,#4116);
#4115 = CARTESIAN_POINT('',(5.,2.75));
#4116 = DIRECTION('',(1.,0.));
#4117 = ( GEOMETRIC_REPRESENTATION_CONTEXT(2) 
PARAMETRIC_REPRESENTATION_CONTEXT() REPRESENTATION_CONTEXT('2D SPACE',''
  ) );
#4118 = PCURVE('',#2214,#4119);
#4119 = DEFINITIONAL_REPRESENTATION('',(#4120),#4124);
#4120 = LINE('',#4121,#4122);
#4121 = CARTESIAN_POINT('',(0.,2.8));
#4122 = VECTOR('',#4123,1.);
#4123 = DIRECTION('',(1.,0.));
#4124 = ( GEOMETRIC_REPRESENTATION_CONTEXT(2) 
PARAMETRIC_REPRESENTATION_CONTEXT() REPRESENTATION_CONTEXT('2D SPACE',''
  ) );
#4125 = ORIENTED_EDGE('',*,*,#4126,.F.);
#4126 = EDGE_CURVE('',#1822,#4103,#4127,.T.);
#4127 = SURFACE_CURVE('',#4128,(#4132,#4139),.PCURVE_S1.);
#4128 = LINE('',#4129,#4130);
#4129 = CARTESIAN_POINT('',(-5.,-1.2375,0.8));
#4130 = VECTOR('',#4131,1.);
#4131 = DIRECTION('',(1.,0.,-0.));
#4132 = PCURVE('',#1837,#4133);
#4133 = DEFINITIONAL_REPRESENTATION('',(#4134),#4138);
#4134 = LINE('',#4135,#4136);
#4135 = CARTESIAN_POINT('',(0.,1.5125));
#4136 = VECTOR('',#4137,1.);
#4137 = DIRECTION('',(1.,0.));
#4138 = ( GEOMETRIC_REPRESENTATION_CONTEXT(2) 
PARAMETRIC_REPRESENTATION_CONTEXT() REPRESENTATION_CONTEXT('2D SPACE',''
  ) );
#4139 = PCURVE('',#1865,#4140);
#4140 = DEFINITIONAL_REPRESENTATION('',(#4141),#4145);
#4141 = LINE('',#4142,#4143);
#4142 = CARTESIAN_POINT('',(1.6,0.));
#4143 = VECTOR('',#4144,1.);
#4144 = DIRECTION('',(0.,1.));
#4145 = ( GEOMETRIC_REPRESENTATION_CONTEXT(2) 
PARAMETRIC_REPRESENTATION_CONTEXT() REPRESENTATION_CONTEXT('2D SPACE',''
  ) );
#4146 = ADVANCED_FACE('',(#4147),#1865,.F.);
#4147 = FACE_BOUND('',#4148,.F.);
#4148 = EDGE_LOOP('',(#4149,#4172,#4173,#4174));
#4149 = ORIENTED_EDGE('',*,*,#4150,.F.);
#4150 = EDGE_CURVE('',#1850,#4151,#4153,.T.);
#4151 = VERTEX_POINT('',#4152);
#4152 = CARTESIAN_POINT('',(-4.844439467059,-1.2375,-0.8));
#4153 = SURFACE_CURVE('',#4154,(#4158,#4165),.PCURVE_S1.);
#4154 = LINE('',#4155,#4156);
#4155 = CARTESIAN_POINT('',(-5.,-1.2375,-0.8));
#4156 = VECTOR('',#4157,1.);
#4157 = DIRECTION('',(1.,0.,-0.));
#4158 = PCURVE('',#1865,#4159);
#4159 = DEFINITIONAL_REPRESENTATION('',(#4160),#4164);
#4160 = LINE('',#4161,#4162);
#4161 = CARTESIAN_POINT('',(0.,0.));
#4162 = VECTOR('',#4163,1.);
#4163 = DIRECTION('',(0.,1.));
#4164 = ( GEOMETRIC_REPRESENTATION_CONTEXT(2) 
PARAMETRIC_REPRESENTATION_CONTEXT() REPRESENTATION_CONTEXT('2D SPACE',''
  ) );
#4165 = PCURVE('',#1891,#4166);
#4166 = DEFINITIONAL_REPRESENTATION('',(#4167),#4171);
#4167 = LINE('',#4168,#4169);
#4168 = CARTESIAN_POINT('',(0.,1.5125));
#4169 = VECTOR('',#4170,1.);
#4170 = DIRECTION('',(1.,0.));
#4171 = ( GEOMETRIC_REPRESENTATION_CONTEXT(2) 
PARAMETRIC_REPRESENTATION_CONTEXT() REPRESENTATION_CONTEXT('2D SPACE',''
  ) );
#4172 = ORIENTED_EDGE('',*,*,#1849,.T.);
#4173 = ORIENTED_EDGE('',*,*,#4126,.T.);
#4174 = ORIENTED_EDGE('',*,*,#4175,.F.);
#4175 = EDGE_CURVE('',#4151,#4103,#4176,.T.);
#4176 = SURFACE_CURVE('',#4177,(#4181,#4187),.PCURVE_S1.);
#4177 = LINE('',#4178,#4179);
#4178 = CARTESIAN_POINT('',(-4.844439467059,-1.2375,-2.));
#4179 = VECTOR('',#4180,1.);
#4180 = DIRECTION('',(0.,0.,1.));
#4181 = PCURVE('',#1865,#4182);
#4182 = DEFINITIONAL_REPRESENTATION('',(#4183),#4186);
#4183 = B_SPLINE_CURVE_WITH_KNOTS('',1,(#4184,#4185),.UNSPECIFIED.,.F.,
  .F.,(2,2),(1.04,2.96),.PIECEWISE_BEZIER_KNOTS.);
#4184 = CARTESIAN_POINT('',(-0.16,0.155560532941));
#4185 = CARTESIAN_POINT('',(1.76,0.155560532941));
#4186 = ( GEOMETRIC_REPRESENTATION_CONTEXT(2) 
PARAMETRIC_REPRESENTATION_CONTEXT() REPRESENTATION_CONTEXT('2D SPACE',''
  ) );
#4187 = PCURVE('',#2214,#4188);
#4188 = DEFINITIONAL_REPRESENTATION('',(#4189),#4192);
#4189 = B_SPLINE_CURVE_WITH_KNOTS('',1,(#4190,#4191),.UNSPECIFIED.,.F.,
  .F.,(2,2),(1.04,2.96),.PIECEWISE_BEZIER_KNOTS.);
#4190 = CARTESIAN_POINT('',(3.391691777059,1.04));
#4191 = CARTESIAN_POINT('',(3.391691777059,2.96));
#4192 = ( GEOMETRIC_REPRESENTATION_CONTEXT(2) 
PARAMETRIC_REPRESENTATION_CONTEXT() REPRESENTATION_CONTEXT('2D SPACE',''
  ) );
#4193 = ADVANCED_FACE('',(#4194),#1891,.T.);
#4194 = FACE_BOUND('',#4195,.T.);
#4195 = EDGE_LOOP('',(#4196,#4197,#4198,#4220));
#4196 = ORIENTED_EDGE('',*,*,#1877,.F.);
#4197 = ORIENTED_EDGE('',*,*,#2176,.T.);
#4198 = ORIENTED_EDGE('',*,*,#4199,.F.);
#4199 = EDGE_CURVE('',#4151,#2177,#4200,.T.);
#4200 = SURFACE_CURVE('',#4201,(#4206,#4213),.PCURVE_S1.);
#4201 = CIRCLE('',#4202,5.);
#4202 = AXIS2_PLACEMENT_3D('',#4203,#4204,#4205);
#4203 = CARTESIAN_POINT('',(0.,0.,-0.8));
#4204 = DIRECTION('',(0.,0.,1.));
#4205 = DIRECTION('',(1.,0.,-0.));
#4206 = PCURVE('',#1891,#4207);
#4207 = DEFINITIONAL_REPRESENTATION('',(#4208),#4212);
#4208 = CIRCLE('',#4209,5.);
#4209 = AXIS2_PLACEMENT_2D('',#4210,#4211);
#4210 = CARTESIAN_POINT('',(5.,2.75));
#4211 = DIRECTION('',(1.,0.));
#4212 = ( GEOMETRIC_REPRESENTATION_CONTEXT(2) 
PARAMETRIC_REPRESENTATION_CONTEXT() REPRESENTATION_CONTEXT('2D SPACE',''
  ) );
#4213 = PCURVE('',#2214,#4214);
#4214 = DEFINITIONAL_REPRESENTATION('',(#4215),#4219);
#4215 = LINE('',#4216,#4217);
#4216 = CARTESIAN_POINT('',(0.,1.2));
#4217 = VECTOR('',#4218,1.);
#4218 = DIRECTION('',(1.,0.));
#4219 = ( GEOMETRIC_REPRESENTATION_CONTEXT(2) 
PARAMETRIC_REPRESENTATION_CONTEXT() REPRESENTATION_CONTEXT('2D SPACE',''
  ) );
#4220 = ORIENTED_EDGE('',*,*,#4150,.F.);
#4221 = ADVANCED_FACE('',(#4222),#1970,.T.);
#4222 = FACE_BOUND('',#4223,.T.);
#4223 = EDGE_LOOP('',(#4224,#4225,#4226,#4247));
#4224 = ORIENTED_EDGE('',*,*,#3652,.F.);
#4225 = ORIENTED_EDGE('',*,*,#3294,.T.);
#4226 = ORIENTED_EDGE('',*,*,#4227,.T.);
#4227 = EDGE_CURVE('',#3271,#1955,#4228,.T.);
#4228 = SURFACE_CURVE('',#4229,(#4233,#4240),.PCURVE_S1.);
#4229 = LINE('',#4230,#4231);
#4230 = CARTESIAN_POINT('',(-5.,1.2375,0.8));
#4231 = VECTOR('',#4232,1.);
#4232 = DIRECTION('',(1.,0.,-0.));
#4233 = PCURVE('',#1970,#4234);
#4234 = DEFINITIONAL_REPRESENTATION('',(#4235),#4239);
#4235 = LINE('',#4236,#4237);
#4236 = CARTESIAN_POINT('',(1.6,0.));
#4237 = VECTOR('',#4238,1.);
#4238 = DIRECTION('',(0.,1.));
#4239 = ( GEOMETRIC_REPRESENTATION_CONTEXT(2) 
PARAMETRIC_REPRESENTATION_CONTEXT() REPRESENTATION_CONTEXT('2D SPACE',''
  ) );
#4240 = PCURVE('',#1998,#4241);
#4241 = DEFINITIONAL_REPRESENTATION('',(#4242),#4246);
#4242 = LINE('',#4243,#4244);
#4243 = CARTESIAN_POINT('',(0.,3.9875));
#4244 = VECTOR('',#4245,1.);
#4245 = DIRECTION('',(1.,0.));
#4246 = ( GEOMETRIC_REPRESENTATION_CONTEXT(2) 
PARAMETRIC_REPRESENTATION_CONTEXT() REPRESENTATION_CONTEXT('2D SPACE',''
  ) );
#4247 = ORIENTED_EDGE('',*,*,#1954,.F.);
#4248 = ADVANCED_FACE('',(#4249),#1998,.F.);
#4249 = FACE_BOUND('',#4250,.F.);
#4250 = EDGE_LOOP('',(#4251,#4252,#4253,#4254));
#4251 = ORIENTED_EDGE('',*,*,#3270,.F.);
#4252 = ORIENTED_EDGE('',*,*,#4227,.T.);
#4253 = ORIENTED_EDGE('',*,*,#1982,.T.);
#4254 = ORIENTED_EDGE('',*,*,#4255,.F.);
#4255 = EDGE_CURVE('',#3250,#1983,#4256,.T.);
#4256 = SURFACE_CURVE('',#4257,(#4261,#4268),.PCURVE_S1.);
#4257 = LINE('',#4258,#4259);
#4258 = CARTESIAN_POINT('',(-5.,2.75,0.8));
#4259 = VECTOR('',#4260,1.);
#4260 = DIRECTION('',(1.,0.,-0.));
#4261 = PCURVE('',#1998,#4262);
#4262 = DEFINITIONAL_REPRESENTATION('',(#4263),#4267);
#4263 = LINE('',#4264,#4265);
#4264 = CARTESIAN_POINT('',(0.,5.5));
#4265 = VECTOR('',#4266,1.);
#4266 = DIRECTION('',(1.,0.));
#4267 = ( GEOMETRIC_REPRESENTATION_CONTEXT(2) 
PARAMETRIC_REPRESENTATION_CONTEXT() REPRESENTATION_CONTEXT('2D SPACE',''
  ) );
#4268 = PCURVE('',#2026,#4269);
#4269 = DEFINITIONAL_REPRESENTATION('',(#4270),#4274);
#4270 = LINE('',#4271,#4272);
#4271 = CARTESIAN_POINT('',(0.,0.));
#4272 = VECTOR('',#4273,1.);
#4273 = DIRECTION('',(0.,1.));
#4274 = ( GEOMETRIC_REPRESENTATION_CONTEXT(2) 
PARAMETRIC_REPRESENTATION_CONTEXT() REPRESENTATION_CONTEXT('2D SPACE',''
  ) );
#4275 = ADVANCED_FACE('',(#4276),#2026,.T.);
#4276 = FACE_BOUND('',#4277,.T.);
#4277 = EDGE_LOOP('',(#4278,#4279,#4280,#4305,#4306));
#4278 = ORIENTED_EDGE('',*,*,#4255,.F.);
#4279 = ORIENTED_EDGE('',*,*,#3249,.T.);
#4280 = ORIENTED_EDGE('',*,*,#4281,.T.);
#4281 = EDGE_CURVE('',#3221,#3787,#4282,.T.);
#4282 = SURFACE_CURVE('',#4283,(#4288,#4295),.PCURVE_S1.);
#4283 = HYPERBOLA('',#4284,2.75,2.75);
#4284 = AXIS2_PLACEMENT_3D('',#4285,#4286,#4287);
#4285 = CARTESIAN_POINT('',(50.,2.75,6.4));
#4286 = DIRECTION('',(0.,1.,0.));
#4287 = DIRECTION('',(-0.,0.,-1.));
#4288 = PCURVE('',#2026,#4289);
#4289 = DEFINITIONAL_REPRESENTATION('',(#4290),#4294);
#4290 = ( BOUNDED_CURVE() B_SPLINE_CURVE(2,(#4291,#4292,#4293),
.UNSPECIFIED.,.F.,.F.) B_SPLINE_CURVE_WITH_KNOTS((3,3),(-1.204971208168,
-1.046967915003),.PIECEWISE_BEZIER_KNOTS.) CURVE() 
GEOMETRIC_REPRESENTATION_ITEM() RATIONAL_B_SPLINE_CURVE((1.,
1.003122253474,1.)) REPRESENTATION_ITEM('') );
#4291 = CARTESIAN_POINT('',(0.6,59.175823272123));
#4292 = CARTESIAN_POINT('',(0.929212299272,58.781634775844));
#4293 = CARTESIAN_POINT('',(1.2,58.434748899119));
#4294 = ( GEOMETRIC_REPRESENTATION_CONTEXT(2) 
PARAMETRIC_REPRESENTATION_CONTEXT() REPRESENTATION_CONTEXT('2D SPACE',''
  ) );
#4295 = PCURVE('',#3237,#4296);
#4296 = DEFINITIONAL_REPRESENTATION('',(#4297),#4304);
#4297 = B_SPLINE_CURVE_WITH_KNOTS('',5,(#4298,#4299,#4300,#4301,#4302,
    #4303),.UNSPECIFIED.,.F.,.F.,(6,6),(-1.204971208168,-1.046967915003)
  ,.PIECEWISE_BEZIER_KNOTS.);
#4298 = CARTESIAN_POINT('',(-0.582364237869,-1.998401444325E-15));
#4299 = CARTESIAN_POINT('',(-0.599744600117,-0.131958765734));
#4300 = CARTESIAN_POINT('',(-0.617698336386,-0.257676273539));
#4301 = CARTESIAN_POINT('',(-0.636239721106,-0.377427038356));
#4302 = CARTESIAN_POINT('',(-0.655381121291,-0.491459672549));
#4303 = CARTESIAN_POINT('',(-0.675131532937,-0.6));
#4304 = ( GEOMETRIC_REPRESENTATION_CONTEXT(2) 
PARAMETRIC_REPRESENTATION_CONTEXT() REPRESENTATION_CONTEXT('2D SPACE',''
  ) );
#4305 = ORIENTED_EDGE('',*,*,#3786,.T.);
#4306 = ORIENTED_EDGE('',*,*,#2010,.F.);
#4307 = ADVANCED_FACE('',(#4308),#2077,.F.);
#4308 = FACE_BOUND('',#4309,.F.);
#4309 = EDGE_LOOP('',(#4310,#4333,#4354,#4379,#4380));
#4310 = ORIENTED_EDGE('',*,*,#4311,.F.);
#4311 = EDGE_CURVE('',#4312,#2062,#4314,.T.);
#4312 = VERTEX_POINT('',#4313);
#4313 = CARTESIAN_POINT('',(54.175823272122,-2.75,0.8));
#4314 = SURFACE_CURVE('',#4315,(#4319,#4326),.PCURVE_S1.);
#4315 = LINE('',#4316,#4317);
#4316 = CARTESIAN_POINT('',(-5.,-2.75,0.8));
#4317 = VECTOR('',#4318,1.);
#4318 = DIRECTION('',(1.,0.,-0.));
#4319 = PCURVE('',#2077,#4320);
#4320 = DEFINITIONAL_REPRESENTATION('',(#4321),#4325);
#4321 = LINE('',#4322,#4323);
#4322 = CARTESIAN_POINT('',(0.,0.));
#4323 = VECTOR('',#4324,1.);
#4324 = DIRECTION('',(0.,1.));
#4325 = ( GEOMETRIC_REPRESENTATION_CONTEXT(2) 
PARAMETRIC_REPRESENTATION_CONTEXT() REPRESENTATION_CONTEXT('2D SPACE',''
  ) );
#4326 = PCURVE('',#2105,#4327);
#4327 = DEFINITIONAL_REPRESENTATION('',(#4328),#4332);
#4328 = LINE('',#4329,#4330);
#4329 = CARTESIAN_POINT('',(0.,0.));
#4330 = VECTOR('',#4331,1.);
#4331 = DIRECTION('',(1.,0.));
#4332 = ( GEOMETRIC_REPRESENTATION_CONTEXT(2) 
PARAMETRIC_REPRESENTATION_CONTEXT() REPRESENTATION_CONTEXT('2D SPACE',''
  ) );
#4333 = ORIENTED_EDGE('',*,*,#4334,.T.);
#4334 = EDGE_CURVE('',#4312,#4335,#4337,.T.);
#4335 = VERTEX_POINT('',#4336);
#4336 = CARTESIAN_POINT('',(54.175823272122,-2.75,1.4));
#4337 = SURFACE_CURVE('',#4338,(#4342,#4348),.PCURVE_S1.);
#4338 = LINE('',#4339,#4340);
#4339 = CARTESIAN_POINT('',(54.175823272123,-2.75,-2.));
#4340 = VECTOR('',#4341,1.);
#4341 = DIRECTION('',(0.,0.,1.));
#4342 = PCURVE('',#2077,#4343);
#4343 = DEFINITIONAL_REPRESENTATION('',(#4344),#4347);
#4344 = B_SPLINE_CURVE_WITH_KNOTS('',1,(#4345,#4346),.UNSPECIFIED.,.F.,
  .F.,(2,2),(2.68,3.400012591801),.PIECEWISE_BEZIER_KNOTS.);
#4345 = CARTESIAN_POINT('',(-0.12,59.175823272123));
#4346 = CARTESIAN_POINT('',(0.600012591801,59.175823272123));
#4347 = ( GEOMETRIC_REPRESENTATION_CONTEXT(2) 
PARAMETRIC_REPRESENTATION_CONTEXT() REPRESENTATION_CONTEXT('2D SPACE',''
  ) );
#4348 = PCURVE('',#2296,#4349);
#4349 = DEFINITIONAL_REPRESENTATION('',(#4350),#4353);
#4350 = B_SPLINE_CURVE_WITH_KNOTS('',1,(#4351,#4352),.UNSPECIFIED.,.F.,
  .F.,(2,2),(2.68,3.400012591801),.PIECEWISE_BEZIER_KNOTS.);
#4351 = CARTESIAN_POINT('',(5.700821069311,2.68));
#4352 = CARTESIAN_POINT('',(5.700821069311,3.400012591801));
#4353 = ( GEOMETRIC_REPRESENTATION_CONTEXT(2) 
PARAMETRIC_REPRESENTATION_CONTEXT() REPRESENTATION_CONTEXT('2D SPACE',''
  ) );
#4354 = ORIENTED_EDGE('',*,*,#4355,.T.);
#4355 = EDGE_CURVE('',#4335,#3961,#4356,.T.);
#4356 = SURFACE_CURVE('',#4357,(#4362,#4369),.PCURVE_S1.);
#4357 = HYPERBOLA('',#4358,2.75,2.75);
#4358 = AXIS2_PLACEMENT_3D('',#4359,#4360,#4361);
#4359 = CARTESIAN_POINT('',(50.,-2.75,6.4));
#4360 = DIRECTION('',(0.,1.,0.));
#4361 = DIRECTION('',(-0.,0.,-1.));
#4362 = PCURVE('',#2077,#4363);
#4363 = DEFINITIONAL_REPRESENTATION('',(#4364),#4368);
#4364 = ( BOUNDED_CURVE() B_SPLINE_CURVE(2,(#4365,#4366,#4367),
.UNSPECIFIED.,.F.,.F.) B_SPLINE_CURVE_WITH_KNOTS((3,3),(-1.204971208168,
-1.046967915003),.PIECEWISE_BEZIER_KNOTS.) CURVE() 
GEOMETRIC_REPRESENTATION_ITEM() RATIONAL_B_SPLINE_CURVE((1.,
1.003122253474,1.)) REPRESENTATION_ITEM('') );
#4365 = CARTESIAN_POINT('',(0.6,59.175823272123));
#4366 = CARTESIAN_POINT('',(0.929212299272,58.781634775844));
#4367 = CARTESIAN_POINT('',(1.2,58.434748899119));
#4368 = ( GEOMETRIC_REPRESENTATION_CONTEXT(2) 
PARAMETRIC_REPRESENTATION_CONTEXT() REPRESENTATION_CONTEXT('2D SPACE',''
  ) );
#4369 = PCURVE('',#3977,#4370);
#4370 = DEFINITIONAL_REPRESENTATION('',(#4371),#4378);
#4371 = B_SPLINE_CURVE_WITH_KNOTS('',5,(#4372,#4373,#4374,#4375,#4376,
    #4377),.UNSPECIFIED.,.F.,.F.,(6,6),(-1.204971208168,-1.046967915003)
  ,.PIECEWISE_BEZIER_KNOTS.);
#4372 = CARTESIAN_POINT('',(-5.700821069311,-1.998401444325E-15));
#4373 = CARTESIAN_POINT('',(-5.683440707063,-0.131958765734));
#4374 = CARTESIAN_POINT('',(-5.665486970793,-0.257676273539));
#4375 = CARTESIAN_POINT('',(-5.646945586074,-0.377427038356));
#4376 = CARTESIAN_POINT('',(-5.627804185888,-0.491459672549));
#4377 = CARTESIAN_POINT('',(-5.608053774243,-0.6));
#4378 = ( GEOMETRIC_REPRESENTATION_CONTEXT(2) 
PARAMETRIC_REPRESENTATION_CONTEXT() REPRESENTATION_CONTEXT('2D SPACE',''
  ) );
#4379 = ORIENTED_EDGE('',*,*,#3989,.T.);
#4380 = ORIENTED_EDGE('',*,*,#2061,.F.);
#4381 = ADVANCED_FACE('',(#4382),#2105,.F.);
#4382 = FACE_BOUND('',#4383,.F.);
#4383 = EDGE_LOOP('',(#4384,#4408,#4409,#4410));
#4384 = ORIENTED_EDGE('',*,*,#4385,.F.);
#4385 = EDGE_CURVE('',#4312,#4386,#4388,.T.);
#4386 = VERTEX_POINT('',#4387);
#4387 = CARTESIAN_POINT('',(54.844439467059,-1.2375,0.8));
#4388 = SURFACE_CURVE('',#4389,(#4394,#4401),.PCURVE_S1.);
#4389 = CIRCLE('',#4390,5.);
#4390 = AXIS2_PLACEMENT_3D('',#4391,#4392,#4393);
#4391 = CARTESIAN_POINT('',(50.,0.,0.8));
#4392 = DIRECTION('',(0.,0.,1.));
#4393 = DIRECTION('',(1.,0.,-0.));
#4394 = PCURVE('',#2105,#4395);
#4395 = DEFINITIONAL_REPRESENTATION('',(#4396),#4400);
#4396 = CIRCLE('',#4397,5.);
#4397 = AXIS2_PLACEMENT_2D('',#4398,#4399);
#4398 = CARTESIAN_POINT('',(55.,2.75));
#4399 = DIRECTION('',(1.,0.));
#4400 = ( GEOMETRIC_REPRESENTATION_CONTEXT(2) 
PARAMETRIC_REPRESENTATION_CONTEXT() REPRESENTATION_CONTEXT('2D SPACE',''
  ) );
#4401 = PCURVE('',#2296,#4402);
#4402 = DEFINITIONAL_REPRESENTATION('',(#4403),#4407);
#4403 = LINE('',#4404,#4405);
#4404 = CARTESIAN_POINT('',(0.,2.8));
#4405 = VECTOR('',#4406,1.);
#4406 = DIRECTION('',(1.,0.));
#4407 = ( GEOMETRIC_REPRESENTATION_CONTEXT(2) 
PARAMETRIC_REPRESENTATION_CONTEXT() REPRESENTATION_CONTEXT('2D SPACE',''
  ) );
#4408 = ORIENTED_EDGE('',*,*,#4311,.T.);
#4409 = ORIENTED_EDGE('',*,*,#2089,.T.);
#4410 = ORIENTED_EDGE('',*,*,#4411,.F.);
#4411 = EDGE_CURVE('',#4386,#2090,#4412,.T.);
#4412 = SURFACE_CURVE('',#4413,(#4417,#4424),.PCURVE_S1.);
#4413 = LINE('',#4414,#4415);
#4414 = CARTESIAN_POINT('',(-5.,-1.2375,0.8));
#4415 = VECTOR('',#4416,1.);
#4416 = DIRECTION('',(1.,0.,-0.));
#4417 = PCURVE('',#2105,#4418);
#4418 = DEFINITIONAL_REPRESENTATION('',(#4419),#4423);
#4419 = LINE('',#4420,#4421);
#4420 = CARTESIAN_POINT('',(0.,1.5125));
#4421 = VECTOR('',#4422,1.);
#4422 = DIRECTION('',(1.,0.));
#4423 = ( GEOMETRIC_REPRESENTATION_CONTEXT(2) 
PARAMETRIC_REPRESENTATION_CONTEXT() REPRESENTATION_CONTEXT('2D SPACE',''
  ) );
#4424 = PCURVE('',#2133,#4425);
#4425 = DEFINITIONAL_REPRESENTATION('',(#4426),#4430);
#4426 = LINE('',#4427,#4428);
#4427 = CARTESIAN_POINT('',(1.6,0.));
#4428 = VECTOR('',#4429,1.);
#4429 = DIRECTION('',(0.,1.));
#4430 = ( GEOMETRIC_REPRESENTATION_CONTEXT(2) 
PARAMETRIC_REPRESENTATION_CONTEXT() REPRESENTATION_CONTEXT('2D SPACE',''
  ) );
#4431 = ADVANCED_FACE('',(#4432),#2133,.F.);
#4432 = FACE_BOUND('',#4433,.F.);
#4433 = EDGE_LOOP('',(#4434,#4457,#4476,#4477));
#4434 = ORIENTED_EDGE('',*,*,#4435,.F.);
#4435 = EDGE_CURVE('',#4436,#2118,#4438,.T.);
#4436 = VERTEX_POINT('',#4437);
#4437 = CARTESIAN_POINT('',(54.844439467059,-1.2375,-0.8));
#4438 = SURFACE_CURVE('',#4439,(#4443,#4450),.PCURVE_S1.);
#4439 = LINE('',#4440,#4441);
#4440 = CARTESIAN_POINT('',(-5.,-1.2375,-0.8));
#4441 = VECTOR('',#4442,1.);
#4442 = DIRECTION('',(1.,0.,-0.));
#4443 = PCURVE('',#2133,#4444);
#4444 = DEFINITIONAL_REPRESENTATION('',(#4445),#4449);
#4445 = LINE('',#4446,#4447);
#4446 = CARTESIAN_POINT('',(0.,0.));
#4447 = VECTOR('',#4448,1.);
#4448 = DIRECTION('',(0.,1.));
#4449 = ( GEOMETRIC_REPRESENTATION_CONTEXT(2) 
PARAMETRIC_REPRESENTATION_CONTEXT() REPRESENTATION_CONTEXT('2D SPACE',''
  ) );
#4450 = PCURVE('',#2159,#4451);
#4451 = DEFINITIONAL_REPRESENTATION('',(#4452),#4456);
#4452 = LINE('',#4453,#4454);
#4453 = CARTESIAN_POINT('',(0.,1.5125));
#4454 = VECTOR('',#4455,1.);
#4455 = DIRECTION('',(1.,0.));
#4456 = ( GEOMETRIC_REPRESENTATION_CONTEXT(2) 
PARAMETRIC_REPRESENTATION_CONTEXT() REPRESENTATION_CONTEXT('2D SPACE',''
  ) );
#4457 = ORIENTED_EDGE('',*,*,#4458,.T.);
#4458 = EDGE_CURVE('',#4436,#4386,#4459,.T.);
#4459 = SURFACE_CURVE('',#4460,(#4464,#4470),.PCURVE_S1.);
#4460 = LINE('',#4461,#4462);
#4461 = CARTESIAN_POINT('',(54.844439467059,-1.2375,-2.));
#4462 = VECTOR('',#4463,1.);
#4463 = DIRECTION('',(0.,0.,1.));
#4464 = PCURVE('',#2133,#4465);
#4465 = DEFINITIONAL_REPRESENTATION('',(#4466),#4469);
#4466 = B_SPLINE_CURVE_WITH_KNOTS('',1,(#4467,#4468),.UNSPECIFIED.,.F.,
  .F.,(2,2),(1.04,2.96),.PIECEWISE_BEZIER_KNOTS.);
#4467 = CARTESIAN_POINT('',(-0.16,59.844439467059));
#4468 = CARTESIAN_POINT('',(1.76,59.844439467059));
#4469 = ( GEOMETRIC_REPRESENTATION_CONTEXT(2) 
PARAMETRIC_REPRESENTATION_CONTEXT() REPRESENTATION_CONTEXT('2D SPACE',''
  ) );
#4470 = PCURVE('',#2296,#4471);
#4471 = DEFINITIONAL_REPRESENTATION('',(#4472),#4475);
#4472 = B_SPLINE_CURVE_WITH_KNOTS('',1,(#4473,#4474),.UNSPECIFIED.,.F.,
  .F.,(2,2),(1.04,2.96),.PIECEWISE_BEZIER_KNOTS.);
#4473 = CARTESIAN_POINT('',(6.03308618371,1.04));
#4474 = CARTESIAN_POINT('',(6.03308618371,2.96));
#4475 = ( GEOMETRIC_REPRESENTATION_CONTEXT(2) 
PARAMETRIC_REPRESENTATION_CONTEXT() REPRESENTATION_CONTEXT('2D SPACE',''
  ) );
#4476 = ORIENTED_EDGE('',*,*,#4411,.T.);
#4477 = ORIENTED_EDGE('',*,*,#2117,.F.);
#4478 = ADVANCED_FACE('',(#4479),#2159,.T.);
#4479 = FACE_BOUND('',#4480,.T.);
#4480 = EDGE_LOOP('',(#4481,#4503,#4504,#4505));
#4481 = ORIENTED_EDGE('',*,*,#4482,.F.);
#4482 = EDGE_CURVE('',#2282,#4436,#4483,.T.);
#4483 = SURFACE_CURVE('',#4484,(#4489,#4496),.PCURVE_S1.);
#4484 = CIRCLE('',#4485,5.);
#4485 = AXIS2_PLACEMENT_3D('',#4486,#4487,#4488);
#4486 = CARTESIAN_POINT('',(50.,0.,-0.8));
#4487 = DIRECTION('',(0.,0.,1.));
#4488 = DIRECTION('',(1.,0.,-0.));
#4489 = PCURVE('',#2159,#4490);
#4490 = DEFINITIONAL_REPRESENTATION('',(#4491),#4495);
#4491 = CIRCLE('',#4492,5.);
#4492 = AXIS2_PLACEMENT_2D('',#4493,#4494);
#4493 = CARTESIAN_POINT('',(55.,2.75));
#4494 = DIRECTION('',(1.,0.));
#4495 = ( GEOMETRIC_REPRESENTATION_CONTEXT(2) 
PARAMETRIC_REPRESENTATION_CONTEXT() REPRESENTATION_CONTEXT('2D SPACE',''
  ) );
#4496 = PCURVE('',#2296,#4497);
#4497 = DEFINITIONAL_REPRESENTATION('',(#4498),#4502);
#4498 = LINE('',#4499,#4500);
#4499 = CARTESIAN_POINT('',(0.,1.2));
#4500 = VECTOR('',#4501,1.);
#4501 = DIRECTION('',(1.,0.));
#4502 = ( GEOMETRIC_REPRESENTATION_CONTEXT(2) 
PARAMETRIC_REPRESENTATION_CONTEXT() REPRESENTATION_CONTEXT('2D SPACE',''
  ) );
#4503 = ORIENTED_EDGE('',*,*,#2307,.T.);
#4504 = ORIENTED_EDGE('',*,*,#2145,.T.);
#4505 = ORIENTED_EDGE('',*,*,#4435,.F.);
#4506 = ADVANCED_FACE('',(#4507),#2214,.T.);
#4507 = FACE_BOUND('',#4508,.T.);
#4508 = EDGE_LOOP('',(#4509,#4510,#4511,#4535,#4556,#4580,#4601,#4623,
    #4624,#4625,#4626,#4627));
#4509 = ORIENTED_EDGE('',*,*,#2332,.T.);
#4510 = ORIENTED_EDGE('',*,*,#2442,.T.);
#4511 = ORIENTED_EDGE('',*,*,#4512,.T.);
#4512 = EDGE_CURVE('',#2443,#4513,#4515,.T.);
#4513 = VERTEX_POINT('',#4514);
#4514 = CARTESIAN_POINT('',(4.844439467059,-1.2375,-0.8));
#4515 = SURFACE_CURVE('',#4516,(#4521,#4528),.PCURVE_S1.);
#4516 = CIRCLE('',#4517,5.);
#4517 = AXIS2_PLACEMENT_3D('',#4518,#4519,#4520);
#4518 = CARTESIAN_POINT('',(0.,0.,-0.8));
#4519 = DIRECTION('',(0.,0.,1.));
#4520 = DIRECTION('',(1.,0.,-0.));
#4521 = PCURVE('',#2214,#4522);
#4522 = DEFINITIONAL_REPRESENTATION('',(#4523),#4527);
#4523 = LINE('',#4524,#4525);
#4524 = CARTESIAN_POINT('',(0.,1.2));
#4525 = VECTOR('',#4526,1.);
#4526 = DIRECTION('',(1.,0.));
#4527 = ( GEOMETRIC_REPRESENTATION_CONTEXT(2) 
PARAMETRIC_REPRESENTATION_CONTEXT() REPRESENTATION_CONTEXT('2D SPACE',''
  ) );
#4528 = PCURVE('',#2479,#4529);
#4529 = DEFINITIONAL_REPRESENTATION('',(#4530),#4534);
#4530 = CIRCLE('',#4531,5.);
#4531 = AXIS2_PLACEMENT_2D('',#4532,#4533);
#4532 = CARTESIAN_POINT('',(5.,2.75));
#4533 = DIRECTION('',(1.,0.));
#4534 = ( GEOMETRIC_REPRESENTATION_CONTEXT(2) 
PARAMETRIC_REPRESENTATION_CONTEXT() REPRESENTATION_CONTEXT('2D SPACE',''
  ) );
#4535 = ORIENTED_EDGE('',*,*,#4536,.T.);
#4536 = EDGE_CURVE('',#4513,#4537,#4539,.T.);
#4537 = VERTEX_POINT('',#4538);
#4538 = CARTESIAN_POINT('',(4.844439467059,-1.2375,0.8));
#4539 = SURFACE_CURVE('',#4540,(#4544,#4550),.PCURVE_S1.);
#4540 = LINE('',#4541,#4542);
#4541 = CARTESIAN_POINT('',(4.844439467059,-1.2375,-2.));
#4542 = VECTOR('',#4543,1.);
#4543 = DIRECTION('',(0.,0.,1.));
#4544 = PCURVE('',#2214,#4545);
#4545 = DEFINITIONAL_REPRESENTATION('',(#4546),#4549);
#4546 = B_SPLINE_CURVE_WITH_KNOTS('',1,(#4547,#4548),.UNSPECIFIED.,.F.,
  .F.,(2,2),(1.04,2.96),.PIECEWISE_BEZIER_KNOTS.);
#4547 = CARTESIAN_POINT('',(6.03308618371,1.04));
#4548 = CARTESIAN_POINT('',(6.03308618371,2.96));
#4549 = ( GEOMETRIC_REPRESENTATION_CONTEXT(2) 
PARAMETRIC_REPRESENTATION_CONTEXT() REPRESENTATION_CONTEXT('2D SPACE',''
  ) );
#4550 = PCURVE('',#2761,#4551);
#4551 = DEFINITIONAL_REPRESENTATION('',(#4552),#4555);
#4552 = B_SPLINE_CURVE_WITH_KNOTS('',1,(#4553,#4554),.UNSPECIFIED.,.F.,
  .F.,(2,2),(1.04,2.96),.PIECEWISE_BEZIER_KNOTS.);
#4553 = CARTESIAN_POINT('',(-0.16,9.844439467059));
#4554 = CARTESIAN_POINT('',(1.76,9.844439467059));
#4555 = ( GEOMETRIC_REPRESENTATION_CONTEXT(2) 
PARAMETRIC_REPRESENTATION_CONTEXT() REPRESENTATION_CONTEXT('2D SPACE',''
  ) );
#4556 = ORIENTED_EDGE('',*,*,#4557,.F.);
#4557 = EDGE_CURVE('',#4558,#4537,#4560,.T.);
#4558 = VERTEX_POINT('',#4559);
#4559 = CARTESIAN_POINT('',(4.175823272123,-2.75,0.8));
#4560 = SURFACE_CURVE('',#4561,(#4566,#4573),.PCURVE_S1.);
#4561 = CIRCLE('',#4562,5.);
#4562 = AXIS2_PLACEMENT_3D('',#4563,#4564,#4565);
#4563 = CARTESIAN_POINT('',(0.,0.,0.8));
#4564 = DIRECTION('',(0.,0.,1.));
#4565 = DIRECTION('',(1.,0.,-0.));
#4566 = PCURVE('',#2214,#4567);
#4567 = DEFINITIONAL_REPRESENTATION('',(#4568),#4572);
#4568 = LINE('',#4569,#4570);
#4569 = CARTESIAN_POINT('',(0.,2.8));
#4570 = VECTOR('',#4571,1.);
#4571 = DIRECTION('',(1.,0.));
#4572 = ( GEOMETRIC_REPRESENTATION_CONTEXT(2) 
PARAMETRIC_REPRESENTATION_CONTEXT() REPRESENTATION_CONTEXT('2D SPACE',''
  ) );
#4573 = PCURVE('',#2789,#4574);
#4574 = DEFINITIONAL_REPRESENTATION('',(#4575),#4579);
#4575 = CIRCLE('',#4576,5.);
#4576 = AXIS2_PLACEMENT_2D('',#4577,#4578);
#4577 = CARTESIAN_POINT('',(5.,2.75));
#4578 = DIRECTION('',(1.,0.));
#4579 = ( GEOMETRIC_REPRESENTATION_CONTEXT(2) 
PARAMETRIC_REPRESENTATION_CONTEXT() REPRESENTATION_CONTEXT('2D SPACE',''
  ) );
#4580 = ORIENTED_EDGE('',*,*,#4581,.T.);
#4581 = EDGE_CURVE('',#4558,#4582,#4584,.T.);
#4582 = VERTEX_POINT('',#4583);
#4583 = CARTESIAN_POINT('',(4.175823272123,-2.75,1.4));
#4584 = SURFACE_CURVE('',#4585,(#4589,#4595),.PCURVE_S1.);
#4585 = LINE('',#4586,#4587);
#4586 = CARTESIAN_POINT('',(4.175823272123,-2.75,-2.));
#4587 = VECTOR('',#4588,1.);
#4588 = DIRECTION('',(0.,0.,1.));
#4589 = PCURVE('',#2214,#4590);
#4590 = DEFINITIONAL_REPRESENTATION('',(#4591),#4594);
#4591 = B_SPLINE_CURVE_WITH_KNOTS('',1,(#4592,#4593),.UNSPECIFIED.,.F.,
  .F.,(2,2),(2.68,3.400012591801),.PIECEWISE_BEZIER_KNOTS.);
#4592 = CARTESIAN_POINT('',(5.700821069311,2.68));
#4593 = CARTESIAN_POINT('',(5.700821069311,3.400012591801));
#4594 = ( GEOMETRIC_REPRESENTATION_CONTEXT(2) 
PARAMETRIC_REPRESENTATION_CONTEXT() REPRESENTATION_CONTEXT('2D SPACE',''
  ) );
#4595 = PCURVE('',#3948,#4596);
#4596 = DEFINITIONAL_REPRESENTATION('',(#4597),#4600);
#4597 = B_SPLINE_CURVE_WITH_KNOTS('',1,(#4598,#4599),.UNSPECIFIED.,.F.,
  .F.,(2,2),(2.68,3.400012591801),.PIECEWISE_BEZIER_KNOTS.);
#4598 = CARTESIAN_POINT('',(-0.12,9.175823272123));
#4599 = CARTESIAN_POINT('',(0.600012591801,9.175823272123));
#4600 = ( GEOMETRIC_REPRESENTATION_CONTEXT(2) 
PARAMETRIC_REPRESENTATION_CONTEXT() REPRESENTATION_CONTEXT('2D SPACE',''
  ) );
#4601 = ORIENTED_EDGE('',*,*,#4602,.F.);
#4602 = EDGE_CURVE('',#4052,#4582,#4603,.T.);
#4603 = SURFACE_CURVE('',#4604,(#4609,#4616),.PCURVE_S1.);
#4604 = CIRCLE('',#4605,5.);
#4605 = AXIS2_PLACEMENT_3D('',#4606,#4607,#4608);
#4606 = CARTESIAN_POINT('',(0.,0.,1.4));
#4607 = DIRECTION('',(0.,0.,1.));
#4608 = DIRECTION('',(1.,0.,-0.));
#4609 = PCURVE('',#2214,#4610);
#4610 = DEFINITIONAL_REPRESENTATION('',(#4611),#4615);
#4611 = LINE('',#4612,#4613);
#4612 = CARTESIAN_POINT('',(0.,3.4));
#4613 = VECTOR('',#4614,1.);
#4614 = DIRECTION('',(1.,0.));
#4615 = ( GEOMETRIC_REPRESENTATION_CONTEXT(2) 
PARAMETRIC_REPRESENTATION_CONTEXT() REPRESENTATION_CONTEXT('2D SPACE',''
  ) );
#4616 = PCURVE('',#3920,#4617);
#4617 = DEFINITIONAL_REPRESENTATION('',(#4618),#4622);
#4618 = LINE('',#4619,#4620);
#4619 = CARTESIAN_POINT('',(-0.,-0.));
#4620 = VECTOR('',#4621,1.);
#4621 = DIRECTION('',(-1.,-0.));
#4622 = ( GEOMETRIC_REPRESENTATION_CONTEXT(2) 
PARAMETRIC_REPRESENTATION_CONTEXT() REPRESENTATION_CONTEXT('2D SPACE',''
  ) );
#4623 = ORIENTED_EDGE('',*,*,#4078,.F.);
#4624 = ORIENTED_EDGE('',*,*,#4102,.F.);
#4625 = ORIENTED_EDGE('',*,*,#4175,.F.);
#4626 = ORIENTED_EDGE('',*,*,#4199,.T.);
#4627 = ORIENTED_EDGE('',*,*,#2199,.F.);
#4628 = ADVANCED_FACE('',(#4629),#2296,.T.);
#4629 = FACE_BOUND('',#4630,.T.);
#4630 = EDGE_LOOP('',(#4631,#4632,#4633,#4634,#4635,#4636,#4637,#4661,
    #4682,#4706,#4727,#4749));
#4631 = ORIENTED_EDGE('',*,*,#2386,.T.);
#4632 = ORIENTED_EDGE('',*,*,#2281,.T.);
#4633 = ORIENTED_EDGE('',*,*,#4482,.T.);
#4634 = ORIENTED_EDGE('',*,*,#4458,.T.);
#4635 = ORIENTED_EDGE('',*,*,#4385,.F.);
#4636 = ORIENTED_EDGE('',*,*,#4334,.T.);
#4637 = ORIENTED_EDGE('',*,*,#4638,.F.);
#4638 = EDGE_CURVE('',#4639,#4335,#4641,.T.);
#4639 = VERTEX_POINT('',#4640);
#4640 = CARTESIAN_POINT('',(45.824176727878,-2.75,1.4));
#4641 = SURFACE_CURVE('',#4642,(#4647,#4654),.PCURVE_S1.);
#4642 = CIRCLE('',#4643,5.);
#4643 = AXIS2_PLACEMENT_3D('',#4644,#4645,#4646);
#4644 = CARTESIAN_POINT('',(50.,0.,1.4));
#4645 = DIRECTION('',(0.,0.,1.));
#4646 = DIRECTION('',(1.,0.,-0.));
#4647 = PCURVE('',#2296,#4648);
#4648 = DEFINITIONAL_REPRESENTATION('',(#4649),#4653);
#4649 = LINE('',#4650,#4651);
#4650 = CARTESIAN_POINT('',(0.,3.4));
#4651 = VECTOR('',#4652,1.);
#4652 = DIRECTION('',(1.,0.));
#4653 = ( GEOMETRIC_REPRESENTATION_CONTEXT(2) 
PARAMETRIC_REPRESENTATION_CONTEXT() REPRESENTATION_CONTEXT('2D SPACE',''
  ) );
#4654 = PCURVE('',#3977,#4655);
#4655 = DEFINITIONAL_REPRESENTATION('',(#4656),#4660);
#4656 = LINE('',#4657,#4658);
#4657 = CARTESIAN_POINT('',(-0.,-0.));
#4658 = VECTOR('',#4659,1.);
#4659 = DIRECTION('',(-1.,-0.));
#4660 = ( GEOMETRIC_REPRESENTATION_CONTEXT(2) 
PARAMETRIC_REPRESENTATION_CONTEXT() REPRESENTATION_CONTEXT('2D SPACE',''
  ) );
#4661 = ORIENTED_EDGE('',*,*,#4662,.F.);
#4662 = EDGE_CURVE('',#4663,#4639,#4665,.T.);
#4663 = VERTEX_POINT('',#4664);
#4664 = CARTESIAN_POINT('',(45.824176727878,-2.75,0.8));
#4665 = SURFACE_CURVE('',#4666,(#4670,#4676),.PCURVE_S1.);
#4666 = LINE('',#4667,#4668);
#4667 = CARTESIAN_POINT('',(45.824176727877,-2.75,-2.));
#4668 = VECTOR('',#4669,1.);
#4669 = DIRECTION('',(0.,0.,1.));
#4670 = PCURVE('',#2296,#4671);
#4671 = DEFINITIONAL_REPRESENTATION('',(#4672),#4675);
#4672 = B_SPLINE_CURVE_WITH_KNOTS('',1,(#4673,#4674),.UNSPECIFIED.,.F.,
  .F.,(2,2),(2.68,3.400012591801),.PIECEWISE_BEZIER_KNOTS.);
#4673 = CARTESIAN_POINT('',(3.723956891459,2.68));
#4674 = CARTESIAN_POINT('',(3.723956891459,3.400012591801));
#4675 = ( GEOMETRIC_REPRESENTATION_CONTEXT(2) 
PARAMETRIC_REPRESENTATION_CONTEXT() REPRESENTATION_CONTEXT('2D SPACE',''
  ) );
#4676 = PCURVE('',#3948,#4677);
#4677 = DEFINITIONAL_REPRESENTATION('',(#4678),#4681);
#4678 = B_SPLINE_CURVE_WITH_KNOTS('',1,(#4679,#4680),.UNSPECIFIED.,.F.,
  .F.,(2,2),(2.68,3.400012591801),.PIECEWISE_BEZIER_KNOTS.);
#4679 = CARTESIAN_POINT('',(-0.12,50.824176727877));
#4680 = CARTESIAN_POINT('',(0.600012591801,50.824176727877));
#4681 = ( GEOMETRIC_REPRESENTATION_CONTEXT(2) 
PARAMETRIC_REPRESENTATION_CONTEXT() REPRESENTATION_CONTEXT('2D SPACE',''
  ) );
#4682 = ORIENTED_EDGE('',*,*,#4683,.F.);
#4683 = EDGE_CURVE('',#4684,#4663,#4686,.T.);
#4684 = VERTEX_POINT('',#4685);
#4685 = CARTESIAN_POINT('',(45.155560532941,-1.2375,0.8));
#4686 = SURFACE_CURVE('',#4687,(#4692,#4699),.PCURVE_S1.);
#4687 = CIRCLE('',#4688,5.);
#4688 = AXIS2_PLACEMENT_3D('',#4689,#4690,#4691);
#4689 = CARTESIAN_POINT('',(50.,0.,0.8));
#4690 = DIRECTION('',(0.,0.,1.));
#4691 = DIRECTION('',(1.,0.,-0.));
#4692 = PCURVE('',#2296,#4693);
#4693 = DEFINITIONAL_REPRESENTATION('',(#4694),#4698);
#4694 = LINE('',#4695,#4696);
#4695 = CARTESIAN_POINT('',(0.,2.8));
#4696 = VECTOR('',#4697,1.);
#4697 = DIRECTION('',(1.,0.));
#4698 = ( GEOMETRIC_REPRESENTATION_CONTEXT(2) 
PARAMETRIC_REPRESENTATION_CONTEXT() REPRESENTATION_CONTEXT('2D SPACE',''
  ) );
#4699 = PCURVE('',#2789,#4700);
#4700 = DEFINITIONAL_REPRESENTATION('',(#4701),#4705);
#4701 = CIRCLE('',#4702,5.);
#4702 = AXIS2_PLACEMENT_2D('',#4703,#4704);
#4703 = CARTESIAN_POINT('',(55.,2.75));
#4704 = DIRECTION('',(1.,0.));
#4705 = ( GEOMETRIC_REPRESENTATION_CONTEXT(2) 
PARAMETRIC_REPRESENTATION_CONTEXT() REPRESENTATION_CONTEXT('2D SPACE',''
  ) );
#4706 = ORIENTED_EDGE('',*,*,#4707,.F.);
#4707 = EDGE_CURVE('',#4708,#4684,#4710,.T.);
#4708 = VERTEX_POINT('',#4709);
#4709 = CARTESIAN_POINT('',(45.155560532941,-1.2375,-0.8));
#4710 = SURFACE_CURVE('',#4711,(#4715,#4721),.PCURVE_S1.);
#4711 = LINE('',#4712,#4713);
#4712 = CARTESIAN_POINT('',(45.155560532941,-1.2375,-2.));
#4713 = VECTOR('',#4714,1.);
#4714 = DIRECTION('',(0.,0.,1.));
#4715 = PCURVE('',#2296,#4716);
#4716 = DEFINITIONAL_REPRESENTATION('',(#4717),#4720);
#4717 = B_SPLINE_CURVE_WITH_KNOTS('',1,(#4718,#4719),.UNSPECIFIED.,.F.,
  .F.,(2,2),(1.04,2.96),.PIECEWISE_BEZIER_KNOTS.);
#4718 = CARTESIAN_POINT('',(3.391691777059,1.04));
#4719 = CARTESIAN_POINT('',(3.391691777059,2.96));
#4720 = ( GEOMETRIC_REPRESENTATION_CONTEXT(2) 
PARAMETRIC_REPRESENTATION_CONTEXT() REPRESENTATION_CONTEXT('2D SPACE',''
  ) );
#4721 = PCURVE('',#3058,#4722);
#4722 = DEFINITIONAL_REPRESENTATION('',(#4723),#4726);
#4723 = B_SPLINE_CURVE_WITH_KNOTS('',1,(#4724,#4725),.UNSPECIFIED.,.F.,
  .F.,(2,2),(1.04,2.96),.PIECEWISE_BEZIER_KNOTS.);
#4724 = CARTESIAN_POINT('',(-0.16,50.155560532941));
#4725 = CARTESIAN_POINT('',(1.76,50.155560532941));
#4726 = ( GEOMETRIC_REPRESENTATION_CONTEXT(2) 
PARAMETRIC_REPRESENTATION_CONTEXT() REPRESENTATION_CONTEXT('2D SPACE',''
  ) );
#4727 = ORIENTED_EDGE('',*,*,#4728,.T.);
#4728 = EDGE_CURVE('',#4708,#2464,#4729,.T.);
#4729 = SURFACE_CURVE('',#4730,(#4735,#4742),.PCURVE_S1.);
#4730 = CIRCLE('',#4731,5.);
#4731 = AXIS2_PLACEMENT_3D('',#4732,#4733,#4734);
#4732 = CARTESIAN_POINT('',(50.,0.,-0.8));
#4733 = DIRECTION('',(0.,0.,1.));
#4734 = DIRECTION('',(1.,0.,-0.));
#4735 = PCURVE('',#2296,#4736);
#4736 = DEFINITIONAL_REPRESENTATION('',(#4737),#4741);
#4737 = LINE('',#4738,#4739);
#4738 = CARTESIAN_POINT('',(0.,1.2));
#4739 = VECTOR('',#4740,1.);
#4740 = DIRECTION('',(1.,0.));
#4741 = ( GEOMETRIC_REPRESENTATION_CONTEXT(2) 
PARAMETRIC_REPRESENTATION_CONTEXT() REPRESENTATION_CONTEXT('2D SPACE',''
  ) );
#4742 = PCURVE('',#2479,#4743);
#4743 = DEFINITIONAL_REPRESENTATION('',(#4744),#4748);
#4744 = CIRCLE('',#4745,5.);
#4745 = AXIS2_PLACEMENT_2D('',#4746,#4747);
#4746 = CARTESIAN_POINT('',(55.,2.75));
#4747 = DIRECTION('',(1.,0.));
#4748 = ( GEOMETRIC_REPRESENTATION_CONTEXT(2) 
PARAMETRIC_REPRESENTATION_CONTEXT() REPRESENTATION_CONTEXT('2D SPACE',''
  ) );
#4749 = ORIENTED_EDGE('',*,*,#2491,.F.);
#4750 = ADVANCED_FACE('',(#4751),#2479,.T.);
#4751 = FACE_BOUND('',#4752,.T.);
#4752 = EDGE_LOOP('',(#4753,#4754,#4755,#4756,#4777,#4778,#4799,#4800));
#4753 = ORIENTED_EDGE('',*,*,#4512,.F.);
#4754 = ORIENTED_EDGE('',*,*,#2463,.T.);
#4755 = ORIENTED_EDGE('',*,*,#4728,.F.);
#4756 = ORIENTED_EDGE('',*,*,#4757,.F.);
#4757 = EDGE_CURVE('',#2977,#4708,#4758,.T.);
#4758 = SURFACE_CURVE('',#4759,(#4763,#4770),.PCURVE_S1.);
#4759 = LINE('',#4760,#4761);
#4760 = CARTESIAN_POINT('',(-5.,-1.2375,-0.8));
#4761 = VECTOR('',#4762,1.);
#4762 = DIRECTION('',(1.,0.,-0.));
#4763 = PCURVE('',#2479,#4764);
#4764 = DEFINITIONAL_REPRESENTATION('',(#4765),#4769);
#4765 = LINE('',#4766,#4767);
#4766 = CARTESIAN_POINT('',(0.,1.5125));
#4767 = VECTOR('',#4768,1.);
#4768 = DIRECTION('',(1.,0.));
#4769 = ( GEOMETRIC_REPRESENTATION_CONTEXT(2) 
PARAMETRIC_REPRESENTATION_CONTEXT() REPRESENTATION_CONTEXT('2D SPACE',''
  ) );
#4770 = PCURVE('',#3058,#4771);
#4771 = DEFINITIONAL_REPRESENTATION('',(#4772),#4776);
#4772 = LINE('',#4773,#4774);
#4773 = CARTESIAN_POINT('',(0.,0.));
#4774 = VECTOR('',#4775,1.);
#4775 = DIRECTION('',(0.,1.));
#4776 = ( GEOMETRIC_REPRESENTATION_CONTEXT(2) 
PARAMETRIC_REPRESENTATION_CONTEXT() REPRESENTATION_CONTEXT('2D SPACE',''
  ) );
#4777 = ORIENTED_EDGE('',*,*,#2974,.F.);
#4778 = ORIENTED_EDGE('',*,*,#4779,.F.);
#4779 = EDGE_CURVE('',#2723,#2975,#4780,.T.);
#4780 = SURFACE_CURVE('',#4781,(#4785,#4792),.PCURVE_S1.);
#4781 = LINE('',#4782,#4783);
#4782 = CARTESIAN_POINT('',(-5.,-1.2375,-0.8));
#4783 = VECTOR('',#4784,1.);
#4784 = DIRECTION('',(1.,0.,-0.));
#4785 = PCURVE('',#2479,#4786);
#4786 = DEFINITIONAL_REPRESENTATION('',(#4787),#4791);
#4787 = LINE('',#4788,#4789);
#4788 = CARTESIAN_POINT('',(0.,1.5125));
#4789 = VECTOR('',#4790,1.);
#4790 = DIRECTION('',(1.,0.));
#4791 = ( GEOMETRIC_REPRESENTATION_CONTEXT(2) 
PARAMETRIC_REPRESENTATION_CONTEXT() REPRESENTATION_CONTEXT('2D SPACE',''
  ) );
#4792 = PCURVE('',#2814,#4793);
#4793 = DEFINITIONAL_REPRESENTATION('',(#4794),#4798);
#4794 = LINE('',#4795,#4796);
#4795 = CARTESIAN_POINT('',(0.,0.));
#4796 = VECTOR('',#4797,1.);
#4797 = DIRECTION('',(0.,1.));
#4798 = ( GEOMETRIC_REPRESENTATION_CONTEXT(2) 
PARAMETRIC_REPRESENTATION_CONTEXT() REPRESENTATION_CONTEXT('2D SPACE',''
  ) );
#4799 = ORIENTED_EDGE('',*,*,#2720,.F.);
#4800 = ORIENTED_EDGE('',*,*,#4801,.F.);
#4801 = EDGE_CURVE('',#4513,#2721,#4802,.T.);
#4802 = SURFACE_CURVE('',#4803,(#4807,#4814),.PCURVE_S1.);
#4803 = LINE('',#4804,#4805);
#4804 = CARTESIAN_POINT('',(-5.,-1.2375,-0.8));
#4805 = VECTOR('',#4806,1.);
#4806 = DIRECTION('',(1.,0.,-0.));
#4807 = PCURVE('',#2479,#4808);
#4808 = DEFINITIONAL_REPRESENTATION('',(#4809),#4813);
#4809 = LINE('',#4810,#4811);
#4810 = CARTESIAN_POINT('',(0.,1.5125));
#4811 = VECTOR('',#4812,1.);
#4812 = DIRECTION('',(1.,0.));
#4813 = ( GEOMETRIC_REPRESENTATION_CONTEXT(2) 
PARAMETRIC_REPRESENTATION_CONTEXT() REPRESENTATION_CONTEXT('2D SPACE',''
  ) );
#4814 = PCURVE('',#2761,#4815);
#4815 = DEFINITIONAL_REPRESENTATION('',(#4816),#4820);
#4816 = LINE('',#4817,#4818);
#4817 = CARTESIAN_POINT('',(0.,0.));
#4818 = VECTOR('',#4819,1.);
#4819 = DIRECTION('',(0.,1.));
#4820 = ( GEOMETRIC_REPRESENTATION_CONTEXT(2) 
PARAMETRIC_REPRESENTATION_CONTEXT() REPRESENTATION_CONTEXT('2D SPACE',''
  ) );
#4821 = ADVANCED_FACE('',(#4822),#2707,.T.);
#4822 = FACE_BOUND('',#4823,.T.);
#4823 = EDGE_LOOP('',(#4824,#4825,#4826,#4847));
#4824 = ORIENTED_EDGE('',*,*,#3364,.F.);
#4825 = ORIENTED_EDGE('',*,*,#3601,.T.);
#4826 = ORIENTED_EDGE('',*,*,#4827,.T.);
#4827 = EDGE_CURVE('',#3578,#2666,#4828,.T.);
#4828 = SURFACE_CURVE('',#4829,(#4833,#4840),.PCURVE_S1.);
#4829 = LINE('',#4830,#4831);
#4830 = CARTESIAN_POINT('',(-5.,1.2375,0.8));
#4831 = VECTOR('',#4832,1.);
#4832 = DIRECTION('',(1.,0.,-0.));
#4833 = PCURVE('',#2707,#4834);
#4834 = DEFINITIONAL_REPRESENTATION('',(#4835),#4839);
#4835 = LINE('',#4836,#4837);
#4836 = CARTESIAN_POINT('',(1.6,0.));
#4837 = VECTOR('',#4838,1.);
#4838 = DIRECTION('',(0.,1.));
#4839 = ( GEOMETRIC_REPRESENTATION_CONTEXT(2) 
PARAMETRIC_REPRESENTATION_CONTEXT() REPRESENTATION_CONTEXT('2D SPACE',''
  ) );
#4840 = PCURVE('',#2682,#4841);
#4841 = DEFINITIONAL_REPRESENTATION('',(#4842),#4846);
#4842 = LINE('',#4843,#4844);
#4843 = CARTESIAN_POINT('',(0.,3.9875));
#4844 = VECTOR('',#4845,1.);
#4845 = DIRECTION('',(1.,0.));
#4846 = ( GEOMETRIC_REPRESENTATION_CONTEXT(2) 
PARAMETRIC_REPRESENTATION_CONTEXT() REPRESENTATION_CONTEXT('2D SPACE',''
  ) );
#4847 = ORIENTED_EDGE('',*,*,#2694,.F.);
#4848 = ADVANCED_FACE('',(#4849),#2682,.F.);
#4849 = FACE_BOUND('',#4850,.F.);
#4850 = EDGE_LOOP('',(#4851,#4852,#4853,#4854,#4875,#4876,#4897,#4898));
#4851 = ORIENTED_EDGE('',*,*,#3577,.F.);
#4852 = ORIENTED_EDGE('',*,*,#4827,.T.);
#4853 = ORIENTED_EDGE('',*,*,#2665,.F.);
#4854 = ORIENTED_EDGE('',*,*,#4855,.T.);
#4855 = EDGE_CURVE('',#2640,#2930,#4856,.T.);
#4856 = SURFACE_CURVE('',#4857,(#4861,#4868),.PCURVE_S1.);
#4857 = LINE('',#4858,#4859);
#4858 = CARTESIAN_POINT('',(-5.,1.2375,0.8));
#4859 = VECTOR('',#4860,1.);
#4860 = DIRECTION('',(1.,0.,-0.));
#4861 = PCURVE('',#2682,#4862);
#4862 = DEFINITIONAL_REPRESENTATION('',(#4863),#4867);
#4863 = LINE('',#4864,#4865);
#4864 = CARTESIAN_POINT('',(0.,3.9875));
#4865 = VECTOR('',#4866,1.);
#4866 = DIRECTION('',(1.,0.));
#4867 = ( GEOMETRIC_REPRESENTATION_CONTEXT(2) 
PARAMETRIC_REPRESENTATION_CONTEXT() REPRESENTATION_CONTEXT('2D SPACE',''
  ) );
#4868 = PCURVE('',#2654,#4869);
#4869 = DEFINITIONAL_REPRESENTATION('',(#4870),#4874);
#4870 = LINE('',#4871,#4872);
#4871 = CARTESIAN_POINT('',(1.6,0.));
#4872 = VECTOR('',#4873,1.);
#4873 = DIRECTION('',(0.,1.));
#4874 = ( GEOMETRIC_REPRESENTATION_CONTEXT(2) 
PARAMETRIC_REPRESENTATION_CONTEXT() REPRESENTATION_CONTEXT('2D SPACE',''
  ) );
#4875 = ORIENTED_EDGE('',*,*,#2929,.F.);
#4876 = ORIENTED_EDGE('',*,*,#4877,.T.);
#4877 = EDGE_CURVE('',#2904,#3150,#4878,.T.);
#4878 = SURFACE_CURVE('',#4879,(#4883,#4890),.PCURVE_S1.);
#4879 = LINE('',#4880,#4881);
#4880 = CARTESIAN_POINT('',(-5.,1.2375,0.8));
#4881 = VECTOR('',#4882,1.);
#4882 = DIRECTION('',(1.,0.,-0.));
#4883 = PCURVE('',#2682,#4884);
#4884 = DEFINITIONAL_REPRESENTATION('',(#4885),#4889);
#4885 = LINE('',#4886,#4887);
#4886 = CARTESIAN_POINT('',(0.,3.9875));
#4887 = VECTOR('',#4888,1.);
#4888 = DIRECTION('',(1.,0.));
#4889 = ( GEOMETRIC_REPRESENTATION_CONTEXT(2) 
PARAMETRIC_REPRESENTATION_CONTEXT() REPRESENTATION_CONTEXT('2D SPACE',''
  ) );
#4890 = PCURVE('',#2918,#4891);
#4891 = DEFINITIONAL_REPRESENTATION('',(#4892),#4896);
#4892 = LINE('',#4893,#4894);
#4893 = CARTESIAN_POINT('',(1.6,0.));
#4894 = VECTOR('',#4895,1.);
#4895 = DIRECTION('',(0.,1.));
#4896 = ( GEOMETRIC_REPRESENTATION_CONTEXT(2) 
PARAMETRIC_REPRESENTATION_CONTEXT() REPRESENTATION_CONTEXT('2D SPACE',''
  ) );
#4897 = ORIENTED_EDGE('',*,*,#3170,.F.);
#4898 = ORIENTED_EDGE('',*,*,#4899,.F.);
#4899 = EDGE_CURVE('',#3557,#3171,#4900,.T.);
#4900 = SURFACE_CURVE('',#4901,(#4905,#4912),.PCURVE_S1.);
#4901 = LINE('',#4902,#4903);
#4902 = CARTESIAN_POINT('',(-5.,2.75,0.8));
#4903 = VECTOR('',#4904,1.);
#4904 = DIRECTION('',(1.,0.,-0.));
#4905 = PCURVE('',#2682,#4906);
#4906 = DEFINITIONAL_REPRESENTATION('',(#4907),#4911);
#4907 = LINE('',#4908,#4909);
#4908 = CARTESIAN_POINT('',(0.,5.5));
#4909 = VECTOR('',#4910,1.);
#4910 = DIRECTION('',(1.,0.));
#4911 = ( GEOMETRIC_REPRESENTATION_CONTEXT(2) 
PARAMETRIC_REPRESENTATION_CONTEXT() REPRESENTATION_CONTEXT('2D SPACE',''
  ) );
#4912 = PCURVE('',#3209,#4913);
#4913 = DEFINITIONAL_REPRESENTATION('',(#4914),#4918);
#4914 = LINE('',#4915,#4916);
#4915 = CARTESIAN_POINT('',(0.,0.));
#4916 = VECTOR('',#4917,1.);
#4917 = DIRECTION('',(0.,1.));
#4918 = ( GEOMETRIC_REPRESENTATION_CONTEXT(2) 
PARAMETRIC_REPRESENTATION_CONTEXT() REPRESENTATION_CONTEXT('2D SPACE',''
  ) );
#4919 = ADVANCED_FACE('',(#4920),#2654,.T.);
#4920 = FACE_BOUND('',#4921,.T.);
#4921 = EDGE_LOOP('',(#4922,#4923,#4924,#4925));
#4922 = ORIENTED_EDGE('',*,*,#3386,.F.);
#4923 = ORIENTED_EDGE('',*,*,#2639,.T.);
#4924 = ORIENTED_EDGE('',*,*,#4855,.T.);
#4925 = ORIENTED_EDGE('',*,*,#2953,.F.);
#4926 = ADVANCED_FACE('',(#4927),#2814,.F.);
#4927 = FACE_BOUND('',#4928,.F.);
#4928 = EDGE_LOOP('',(#4929,#4930,#4931,#4952));
#4929 = ORIENTED_EDGE('',*,*,#4779,.F.);
#4930 = ORIENTED_EDGE('',*,*,#2801,.T.);
#4931 = ORIENTED_EDGE('',*,*,#4932,.T.);
#4932 = EDGE_CURVE('',#2773,#3001,#4933,.T.);
#4933 = SURFACE_CURVE('',#4934,(#4938,#4945),.PCURVE_S1.);
#4934 = LINE('',#4935,#4936);
#4935 = CARTESIAN_POINT('',(-5.,-1.2375,0.8));
#4936 = VECTOR('',#4937,1.);
#4937 = DIRECTION('',(1.,0.,-0.));
#4938 = PCURVE('',#2814,#4939);
#4939 = DEFINITIONAL_REPRESENTATION('',(#4940),#4944);
#4940 = LINE('',#4941,#4942);
#4941 = CARTESIAN_POINT('',(1.6,0.));
#4942 = VECTOR('',#4943,1.);
#4943 = DIRECTION('',(0.,1.));
#4944 = ( GEOMETRIC_REPRESENTATION_CONTEXT(2) 
PARAMETRIC_REPRESENTATION_CONTEXT() REPRESENTATION_CONTEXT('2D SPACE',''
  ) );
#4945 = PCURVE('',#2789,#4946);
#4946 = DEFINITIONAL_REPRESENTATION('',(#4947),#4951);
#4947 = LINE('',#4948,#4949);
#4948 = CARTESIAN_POINT('',(0.,1.5125));
#4949 = VECTOR('',#4950,1.);
#4950 = DIRECTION('',(1.,0.));
#4951 = ( GEOMETRIC_REPRESENTATION_CONTEXT(2) 
PARAMETRIC_REPRESENTATION_CONTEXT() REPRESENTATION_CONTEXT('2D SPACE',''
  ) );
#4952 = ORIENTED_EDGE('',*,*,#3000,.F.);
#4953 = ADVANCED_FACE('',(#4954),#2789,.F.);
#4954 = FACE_BOUND('',#4955,.F.);
#4955 = EDGE_LOOP('',(#4956,#4957,#4978,#4979,#5000,#5001,#5002,#5003));
#4956 = ORIENTED_EDGE('',*,*,#4557,.F.);
#4957 = ORIENTED_EDGE('',*,*,#4958,.T.);
#4958 = EDGE_CURVE('',#4558,#4663,#4959,.T.);
#4959 = SURFACE_CURVE('',#4960,(#4964,#4971),.PCURVE_S1.);
#4960 = LINE('',#4961,#4962);
#4961 = CARTESIAN_POINT('',(-5.,-2.75,0.8));
#4962 = VECTOR('',#4963,1.);
#4963 = DIRECTION('',(1.,0.,-0.));
#4964 = PCURVE('',#2789,#4965);
#4965 = DEFINITIONAL_REPRESENTATION('',(#4966),#4970);
#4966 = LINE('',#4967,#4968);
#4967 = CARTESIAN_POINT('',(0.,0.));
#4968 = VECTOR('',#4969,1.);
#4969 = DIRECTION('',(1.,0.));
#4970 = ( GEOMETRIC_REPRESENTATION_CONTEXT(2) 
PARAMETRIC_REPRESENTATION_CONTEXT() REPRESENTATION_CONTEXT('2D SPACE',''
  ) );
#4971 = PCURVE('',#3948,#4972);
#4972 = DEFINITIONAL_REPRESENTATION('',(#4973),#4977);
#4973 = LINE('',#4974,#4975);
#4974 = CARTESIAN_POINT('',(0.,0.));
#4975 = VECTOR('',#4976,1.);
#4976 = DIRECTION('',(0.,1.));
#4977 = ( GEOMETRIC_REPRESENTATION_CONTEXT(2) 
PARAMETRIC_REPRESENTATION_CONTEXT() REPRESENTATION_CONTEXT('2D SPACE',''
  ) );
#4978 = ORIENTED_EDGE('',*,*,#4683,.F.);
#4979 = ORIENTED_EDGE('',*,*,#4980,.F.);
#4980 = EDGE_CURVE('',#3022,#4684,#4981,.T.);
#4981 = SURFACE_CURVE('',#4982,(#4986,#4993),.PCURVE_S1.);
#4982 = LINE('',#4983,#4984);
#4983 = CARTESIAN_POINT('',(-5.,-1.2375,0.8));
#4984 = VECTOR('',#4985,1.);
#4985 = DIRECTION('',(1.,0.,-0.));
#4986 = PCURVE('',#2789,#4987);
#4987 = DEFINITIONAL_REPRESENTATION('',(#4988),#4992);
#4988 = LINE('',#4989,#4990);
#4989 = CARTESIAN_POINT('',(0.,1.5125));
#4990 = VECTOR('',#4991,1.);
#4991 = DIRECTION('',(1.,0.));
#4992 = ( GEOMETRIC_REPRESENTATION_CONTEXT(2) 
PARAMETRIC_REPRESENTATION_CONTEXT() REPRESENTATION_CONTEXT('2D SPACE',''
  ) );
#4993 = PCURVE('',#3058,#4994);
#4994 = DEFINITIONAL_REPRESENTATION('',(#4995),#4999);
#4995 = LINE('',#4996,#4997);
#4996 = CARTESIAN_POINT('',(1.6,0.));
#4997 = VECTOR('',#4998,1.);
#4998 = DIRECTION('',(0.,1.));
#4999 = ( GEOMETRIC_REPRESENTATION_CONTEXT(2) 
PARAMETRIC_REPRESENTATION_CONTEXT() REPRESENTATION_CONTEXT('2D SPACE',''
  ) );
#5000 = ORIENTED_EDGE('',*,*,#3021,.F.);
#5001 = ORIENTED_EDGE('',*,*,#4932,.F.);
#5002 = ORIENTED_EDGE('',*,*,#2772,.F.);
#5003 = ORIENTED_EDGE('',*,*,#5004,.F.);
#5004 = EDGE_CURVE('',#4537,#2747,#5005,.T.);
#5005 = SURFACE_CURVE('',#5006,(#5010,#5017),.PCURVE_S1.);
#5006 = LINE('',#5007,#5008);
#5007 = CARTESIAN_POINT('',(-5.,-1.2375,0.8));
#5008 = VECTOR('',#5009,1.);
#5009 = DIRECTION('',(1.,0.,-0.));
#5010 = PCURVE('',#2789,#5011);
#5011 = DEFINITIONAL_REPRESENTATION('',(#5012),#5016);
#5012 = LINE('',#5013,#5014);
#5013 = CARTESIAN_POINT('',(0.,1.5125));
#5014 = VECTOR('',#5015,1.);
#5015 = DIRECTION('',(1.,0.));
#5016 = ( GEOMETRIC_REPRESENTATION_CONTEXT(2) 
PARAMETRIC_REPRESENTATION_CONTEXT() REPRESENTATION_CONTEXT('2D SPACE',''
  ) );
#5017 = PCURVE('',#2761,#5018);
#5018 = DEFINITIONAL_REPRESENTATION('',(#5019),#5023);
#5019 = LINE('',#5020,#5021);
#5020 = CARTESIAN_POINT('',(1.6,0.));
#5021 = VECTOR('',#5022,1.);
#5022 = DIRECTION('',(0.,1.));
#5023 = ( GEOMETRIC_REPRESENTATION_CONTEXT(2) 
PARAMETRIC_REPRESENTATION_CONTEXT() REPRESENTATION_CONTEXT('2D SPACE',''
  ) );
#5024 = ADVANCED_FACE('',(#5025),#2761,.F.);
#5025 = FACE_BOUND('',#5026,.F.);
#5026 = EDGE_LOOP('',(#5027,#5028,#5029,#5030));
#5027 = ORIENTED_EDGE('',*,*,#4801,.F.);
#5028 = ORIENTED_EDGE('',*,*,#4536,.T.);
#5029 = ORIENTED_EDGE('',*,*,#5004,.T.);
#5030 = ORIENTED_EDGE('',*,*,#2746,.F.);
#5031 = ADVANCED_FACE('',(#5032),#2918,.T.);
#5032 = FACE_BOUND('',#5033,.T.);
#5033 = EDGE_LOOP('',(#5034,#5035,#5036,#5037));
#5034 = ORIENTED_EDGE('',*,*,#3408,.F.);
#5035 = ORIENTED_EDGE('',*,*,#2903,.T.);
#5036 = ORIENTED_EDGE('',*,*,#4877,.T.);
#5037 = ORIENTED_EDGE('',*,*,#3149,.F.);
#5038 = ADVANCED_FACE('',(#5039),#3058,.F.);
#5039 = FACE_BOUND('',#5040,.F.);
#5040 = EDGE_LOOP('',(#5041,#5042,#5043,#5044));
#5041 = ORIENTED_EDGE('',*,*,#4757,.F.);
#5042 = ORIENTED_EDGE('',*,*,#3045,.T.);
#5043 = ORIENTED_EDGE('',*,*,#4980,.T.);
#5044 = ORIENTED_EDGE('',*,*,#4707,.F.);
#5045 = ADVANCED_FACE('',(#5046),#3237,.T.);
#5046 = FACE_BOUND('',#5047,.T.);
#5047 = EDGE_LOOP('',(#5048,#5049,#5050,#5075));
#5048 = ORIENTED_EDGE('',*,*,#4281,.F.);
#5049 = ORIENTED_EDGE('',*,*,#3220,.T.);
#5050 = ORIENTED_EDGE('',*,*,#5051,.F.);
#5051 = EDGE_CURVE('',#3810,#3195,#5052,.T.);
#5052 = SURFACE_CURVE('',#5053,(#5058,#5068),.PCURVE_S1.);
#5053 = HYPERBOLA('',#5054,2.75,2.75);
#5054 = AXIS2_PLACEMENT_3D('',#5055,#5056,#5057);
#5055 = CARTESIAN_POINT('',(50.,2.75,6.4));
#5056 = DIRECTION('',(0.,1.,0.));
#5057 = DIRECTION('',(-0.,0.,-1.));
#5058 = PCURVE('',#3237,#5059);
#5059 = DEFINITIONAL_REPRESENTATION('',(#5060),#5067);
#5060 = B_SPLINE_CURVE_WITH_KNOTS('',5,(#5061,#5062,#5063,#5064,#5065,
    #5066),.UNSPECIFIED.,.F.,.F.,(6,6),(1.046967915003,1.204971208168),
  .PIECEWISE_BEZIER_KNOTS.);
#5061 = CARTESIAN_POINT('',(-2.466461120653,-0.6));
#5062 = CARTESIAN_POINT('',(-2.486211532298,-0.491459672549));
#5063 = CARTESIAN_POINT('',(-2.505352932484,-0.377427038356));
#5064 = CARTESIAN_POINT('',(-2.523894317204,-0.257676273539));
#5065 = CARTESIAN_POINT('',(-2.541848053473,-0.131958765734));
#5066 = CARTESIAN_POINT('',(-2.559228415721,-1.998401444325E-15));
#5067 = ( GEOMETRIC_REPRESENTATION_CONTEXT(2) 
PARAMETRIC_REPRESENTATION_CONTEXT() REPRESENTATION_CONTEXT('2D SPACE',''
  ) );
#5068 = PCURVE('',#3209,#5069);
#5069 = DEFINITIONAL_REPRESENTATION('',(#5070),#5074);
#5070 = ( BOUNDED_CURVE() B_SPLINE_CURVE(2,(#5071,#5072,#5073),
.UNSPECIFIED.,.F.,.F.) B_SPLINE_CURVE_WITH_KNOTS((3,3),(1.046967915003,
1.204971208168),.PIECEWISE_BEZIER_KNOTS.) CURVE() 
GEOMETRIC_REPRESENTATION_ITEM() RATIONAL_B_SPLINE_CURVE((1.,
1.003122253474,1.)) REPRESENTATION_ITEM('') );
#5071 = CARTESIAN_POINT('',(1.2,51.565251100881));
#5072 = CARTESIAN_POINT('',(0.929212299272,51.218365224156));
#5073 = CARTESIAN_POINT('',(0.6,50.824176727877));
#5074 = ( GEOMETRIC_REPRESENTATION_CONTEXT(2) 
PARAMETRIC_REPRESENTATION_CONTEXT() REPRESENTATION_CONTEXT('2D SPACE',''
  ) );
#5075 = ORIENTED_EDGE('',*,*,#3809,.F.);
#5076 = ADVANCED_FACE('',(#5077),#3209,.T.);
#5077 = FACE_BOUND('',#5078,.T.);
#5078 = EDGE_LOOP('',(#5079,#5080,#5081,#5106,#5107,#5108));
#5079 = ORIENTED_EDGE('',*,*,#4899,.F.);
#5080 = ORIENTED_EDGE('',*,*,#3556,.T.);
#5081 = ORIENTED_EDGE('',*,*,#5082,.T.);
#5082 = EDGE_CURVE('',#3528,#3834,#5083,.T.);
#5083 = SURFACE_CURVE('',#5084,(#5089,#5096),.PCURVE_S1.);
#5084 = HYPERBOLA('',#5085,2.75,2.75);
#5085 = AXIS2_PLACEMENT_3D('',#5086,#5087,#5088);
#5086 = CARTESIAN_POINT('',(0.,2.75,6.4));
#5087 = DIRECTION('',(0.,1.,0.));
#5088 = DIRECTION('',(-0.,0.,-1.));
#5089 = PCURVE('',#3209,#5090);
#5090 = DEFINITIONAL_REPRESENTATION('',(#5091),#5095);
#5091 = ( BOUNDED_CURVE() B_SPLINE_CURVE(2,(#5092,#5093,#5094),
.UNSPECIFIED.,.F.,.F.) B_SPLINE_CURVE_WITH_KNOTS((3,3),(-1.204971208168,
-1.046967915003),.PIECEWISE_BEZIER_KNOTS.) CURVE() 
GEOMETRIC_REPRESENTATION_ITEM() RATIONAL_B_SPLINE_CURVE((1.,
1.003122253474,1.)) REPRESENTATION_ITEM('') );
#5092 = CARTESIAN_POINT('',(0.6,9.175823272123));
#5093 = CARTESIAN_POINT('',(0.929212299272,8.781634775844));
#5094 = CARTESIAN_POINT('',(1.2,8.434748899119));
#5095 = ( GEOMETRIC_REPRESENTATION_CONTEXT(2) 
PARAMETRIC_REPRESENTATION_CONTEXT() REPRESENTATION_CONTEXT('2D SPACE',''
  ) );
#5096 = PCURVE('',#3544,#5097);
#5097 = DEFINITIONAL_REPRESENTATION('',(#5098),#5105);
#5098 = B_SPLINE_CURVE_WITH_KNOTS('',5,(#5099,#5100,#5101,#5102,#5103,
    #5104),.UNSPECIFIED.,.F.,.F.,(6,6),(-1.204971208168,-1.046967915003)
  ,.PIECEWISE_BEZIER_KNOTS.);
#5099 = CARTESIAN_POINT('',(-0.582364237869,-6.661338147751E-16));
#5100 = CARTESIAN_POINT('',(-0.599744600117,-0.131958765734));
#5101 = CARTESIAN_POINT('',(-0.617698336386,-0.257676273539));
#5102 = CARTESIAN_POINT('',(-0.636239721106,-0.377427038356));
#5103 = CARTESIAN_POINT('',(-0.655381121291,-0.491459672549));
#5104 = CARTESIAN_POINT('',(-0.675131532937,-0.6));
#5105 = ( GEOMETRIC_REPRESENTATION_CONTEXT(2) 
PARAMETRIC_REPRESENTATION_CONTEXT() REPRESENTATION_CONTEXT('2D SPACE',''
  ) );
#5106 = ORIENTED_EDGE('',*,*,#3833,.T.);
#5107 = ORIENTED_EDGE('',*,*,#5051,.T.);
#5108 = ORIENTED_EDGE('',*,*,#3194,.F.);
#5109 = ADVANCED_FACE('',(#5110),#3544,.T.);
#5110 = FACE_BOUND('',#5111,.T.);
#5111 = EDGE_LOOP('',(#5112,#5113,#5114,#5115));
#5112 = ORIENTED_EDGE('',*,*,#5082,.F.);
#5113 = ORIENTED_EDGE('',*,*,#3527,.T.);
#5114 = ORIENTED_EDGE('',*,*,#3757,.F.);
#5115 = ORIENTED_EDGE('',*,*,#3856,.F.);
#5116 = ADVANCED_FACE('',(#5117),#3977,.T.);
#5117 = FACE_BOUND('',#5118,.T.);
#5118 = EDGE_LOOP('',(#5119,#5120,#5121,#5122));
#5119 = ORIENTED_EDGE('',*,*,#4638,.T.);
#5120 = ORIENTED_EDGE('',*,*,#4355,.T.);
#5121 = ORIENTED_EDGE('',*,*,#3960,.F.);
#5122 = ORIENTED_EDGE('',*,*,#5123,.T.);
#5123 = EDGE_CURVE('',#3933,#4639,#5124,.T.);
#5124 = SURFACE_CURVE('',#5125,(#5130,#5140),.PCURVE_S1.);
#5125 = HYPERBOLA('',#5126,2.75,2.75);
#5126 = AXIS2_PLACEMENT_3D('',#5127,#5128,#5129);
#5127 = CARTESIAN_POINT('',(50.,-2.75,6.4));
#5128 = DIRECTION('',(0.,1.,0.));
#5129 = DIRECTION('',(-0.,0.,-1.));
#5130 = PCURVE('',#3977,#5131);
#5131 = DEFINITIONAL_REPRESENTATION('',(#5132),#5139);
#5132 = B_SPLINE_CURVE_WITH_KNOTS('',5,(#5133,#5134,#5135,#5136,#5137,
    #5138),.UNSPECIFIED.,.F.,.F.,(6,6),(1.046967915003,1.204971208168),
  .PIECEWISE_BEZIER_KNOTS.);
#5133 = CARTESIAN_POINT('',(-3.816724186527,-0.6));
#5134 = CARTESIAN_POINT('',(-3.796973774881,-0.491459672549));
#5135 = CARTESIAN_POINT('',(-3.777832374696,-0.377427038356));
#5136 = CARTESIAN_POINT('',(-3.759290989976,-0.257676273539));
#5137 = CARTESIAN_POINT('',(-3.741337253707,-0.131958765734));
#5138 = CARTESIAN_POINT('',(-3.723956891459,-1.998401444325E-15));
#5139 = ( GEOMETRIC_REPRESENTATION_CONTEXT(2) 
PARAMETRIC_REPRESENTATION_CONTEXT() REPRESENTATION_CONTEXT('2D SPACE',''
  ) );
#5140 = PCURVE('',#3948,#5141);
#5141 = DEFINITIONAL_REPRESENTATION('',(#5142),#5146);
#5142 = ( BOUNDED_CURVE() B_SPLINE_CURVE(2,(#5143,#5144,#5145),
.UNSPECIFIED.,.F.,.F.) B_SPLINE_CURVE_WITH_KNOTS((3,3),(1.046967915003,
1.204971208168),.PIECEWISE_BEZIER_KNOTS.) CURVE() 
GEOMETRIC_REPRESENTATION_ITEM() RATIONAL_B_SPLINE_CURVE((1.,
1.003122253474,1.)) REPRESENTATION_ITEM('') );
#5143 = CARTESIAN_POINT('',(1.2,51.565251100881));
#5144 = CARTESIAN_POINT('',(0.929212299272,51.218365224156));
#5145 = CARTESIAN_POINT('',(0.6,50.824176727877));
#5146 = ( GEOMETRIC_REPRESENTATION_CONTEXT(2) 
PARAMETRIC_REPRESENTATION_CONTEXT() REPRESENTATION_CONTEXT('2D SPACE',''
  ) );
#5147 = ADVANCED_FACE('',(#5148),#3948,.F.);
#5148 = FACE_BOUND('',#5149,.F.);
#5149 = EDGE_LOOP('',(#5150,#5151,#5152,#5177,#5178,#5179));
#5150 = ORIENTED_EDGE('',*,*,#4958,.F.);
#5151 = ORIENTED_EDGE('',*,*,#4581,.T.);
#5152 = ORIENTED_EDGE('',*,*,#5153,.T.);
#5153 = EDGE_CURVE('',#4582,#3904,#5154,.T.);
#5154 = SURFACE_CURVE('',#5155,(#5160,#5167),.PCURVE_S1.);
#5155 = HYPERBOLA('',#5156,2.75,2.75);
#5156 = AXIS2_PLACEMENT_3D('',#5157,#5158,#5159);
#5157 = CARTESIAN_POINT('',(0.,-2.75,6.4));
#5158 = DIRECTION('',(0.,1.,0.));
#5159 = DIRECTION('',(-0.,0.,-1.));
#5160 = PCURVE('',#3948,#5161);
#5161 = DEFINITIONAL_REPRESENTATION('',(#5162),#5166);
#5162 = ( BOUNDED_CURVE() B_SPLINE_CURVE(2,(#5163,#5164,#5165),
.UNSPECIFIED.,.F.,.F.) B_SPLINE_CURVE_WITH_KNOTS((3,3),(-1.204971208168,
-1.046967915003),.PIECEWISE_BEZIER_KNOTS.) CURVE() 
GEOMETRIC_REPRESENTATION_ITEM() RATIONAL_B_SPLINE_CURVE((1.,
1.003122253474,1.)) REPRESENTATION_ITEM('') );
#5163 = CARTESIAN_POINT('',(0.6,9.175823272123));
#5164 = CARTESIAN_POINT('',(0.929212299272,8.781634775844));
#5165 = CARTESIAN_POINT('',(1.2,8.434748899119));
#5166 = ( GEOMETRIC_REPRESENTATION_CONTEXT(2) 
PARAMETRIC_REPRESENTATION_CONTEXT() REPRESENTATION_CONTEXT('2D SPACE',''
  ) );
#5167 = PCURVE('',#3920,#5168);
#5168 = DEFINITIONAL_REPRESENTATION('',(#5169),#5176);
#5169 = B_SPLINE_CURVE_WITH_KNOTS('',5,(#5170,#5171,#5172,#5173,#5174,
    #5175),.UNSPECIFIED.,.F.,.F.,(6,6),(-1.204971208168,-1.046967915003)
  ,.PIECEWISE_BEZIER_KNOTS.);
#5170 = CARTESIAN_POINT('',(-5.700821069311,-6.661338147751E-16));
#5171 = CARTESIAN_POINT('',(-5.683440707063,-0.131958765734));
#5172 = CARTESIAN_POINT('',(-5.665486970793,-0.257676273539));
#5173 = CARTESIAN_POINT('',(-5.646945586074,-0.377427038356));
#5174 = CARTESIAN_POINT('',(-5.627804185888,-0.491459672549));
#5175 = CARTESIAN_POINT('',(-5.608053774243,-0.6));
#5176 = ( GEOMETRIC_REPRESENTATION_CONTEXT(2) 
PARAMETRIC_REPRESENTATION_CONTEXT() REPRESENTATION_CONTEXT('2D SPACE',''
  ) );
#5177 = ORIENTED_EDGE('',*,*,#3932,.T.);
#5178 = ORIENTED_EDGE('',*,*,#5123,.T.);
#5179 = ORIENTED_EDGE('',*,*,#4662,.F.);
#5180 = ADVANCED_FACE('',(#5181),#3920,.T.);
#5181 = FACE_BOUND('',#5182,.T.);
#5182 = EDGE_LOOP('',(#5183,#5184,#5185,#5186));
#5183 = ORIENTED_EDGE('',*,*,#4602,.T.);
#5184 = ORIENTED_EDGE('',*,*,#5153,.T.);
#5185 = ORIENTED_EDGE('',*,*,#3903,.F.);
#5186 = ORIENTED_EDGE('',*,*,#4051,.T.);
#5187 = ( GEOMETRIC_REPRESENTATION_CONTEXT(3) 
GLOBAL_UNCERTAINTY_ASSIGNED_CONTEXT((#5191)) 
GLOBAL_UNIT_ASSIGNED_CONTEXT((#5188,#5189,#5190)) REPRESENTATION_CONTEXT
('Context #1','3D Context with UNIT and UNCERTAINTY') );
#5188 = ( LENGTH_UNIT() NAMED_UNIT(*) SI_UNIT(.MILLI.,.METRE.) );
#5189 = ( NAMED_UNIT(*) PLANE_ANGLE_UNIT() SI_UNIT($,.RADIAN.) );
#5190 = ( NAMED_UNIT(*) SI_UNIT($,.STERADIAN.) SOLID_ANGLE_UNIT() );
#5191 = UNCERTAINTY_MEASURE_WITH_UNIT(LENGTH_MEASURE(1.E-06),#5188,
  'distance_accuracy_value','confusion accuracy');
#5192 = CONTEXT_DEPENDENT_SHAPE_REPRESENTATION(#5193,#5195);
#5193 = ( REPRESENTATION_RELATIONSHIP('','',#760,#10) 
REPRESENTATION_RELATIONSHIP_WITH_TRANSFORMATION(#5194) 
SHAPE_REPRESENTATION_RELATIONSHIP() );
#5194 = ITEM_DEFINED_TRANSFORMATION('','',#11,#31);
#5195 = PRODUCT_DEFINITION_SHAPE('Placement','Placement of an item',
  #5196);
#5196 = NEXT_ASSEMBLY_USAGE_OCCURRENCE('5','Coupler','',#5,#755,$);
#5197 = PRODUCT_RELATED_PRODUCT_CATEGORY('part',$,(#757));
#5198 = SHAPE_DEFINITION_REPRESENTATION(#5199,#5205);
#5199 = PRODUCT_DEFINITION_SHAPE('','',#5200);
#5200 = PRODUCT_DEFINITION('design','',#5201,#5204);
#5201 = PRODUCT_DEFINITION_FORMATION('','',#5202);
#5202 = PRODUCT('crank','crank','',(#5203));
#5203 = PRODUCT_CONTEXT('',#2,'mechanical');
#5204 = PRODUCT_DEFINITION_CONTEXT('part definition',#2,'design');
#5205 = ADVANCED_BREP_SHAPE_REPRESENTATION('',(#11,#5206),#9632);
#5206 = MANIFOLD_SOLID_BREP('',#5207);
#5207 = CLOSED_SHELL('',(#5208,#5680,#5816,#5870,#5924,#5999,#6074,#6347
    ,#6615,#6694,#6773,#6827,#6881,#6955,#7005,#7269,#7513,#7563,#7781,
    #7875,#8065,#8092,#8119,#8146,#8173,#8227,#8467,#8541,#8591,#8638,
    #8666,#8693,#8720,#8752,#8826,#8876,#8923,#8951,#9073,#9195,#9266,
    #9293,#9364,#9371,#9398,#9469,#9476,#9483,#9490,#9521,#9554,#9561,
    #9592,#9625));
#5208 = ADVANCED_FACE('',(#5209,#5556,#5587,#5618,#5649),#5223,.F.);
#5209 = FACE_BOUND('',#5210,.F.);
#5210 = EDGE_LOOP('',(#5211,#5246,#5275,#5303,#5331,#5359,#5388,#5416,
    #5445,#5473,#5501,#5529));
#5211 = ORIENTED_EDGE('',*,*,#5212,.F.);
#5212 = EDGE_CURVE('',#5213,#5215,#5217,.T.);
#5213 = VERTEX_POINT('',#5214);
#5214 = CARTESIAN_POINT('',(3.434748899119,2.75,-2.));
#5215 = VERTEX_POINT('',#5216);
#5216 = CARTESIAN_POINT('',(16.565251100881,2.75,-2.));
#5217 = SURFACE_CURVE('',#5218,(#5222,#5234),.PCURVE_S1.);
#5218 = LINE('',#5219,#5220);
#5219 = CARTESIAN_POINT('',(-5.,2.75,-2.));
#5220 = VECTOR('',#5221,1.);
#5221 = DIRECTION('',(1.,0.,-0.));
#5222 = PCURVE('',#5223,#5228);
#5223 = PLANE('',#5224);
#5224 = AXIS2_PLACEMENT_3D('',#5225,#5226,#5227);
#5225 = CARTESIAN_POINT('',(0.,0.,-2.));
#5226 = DIRECTION('',(0.,0.,1.));
#5227 = DIRECTION('',(1.,0.,-0.));
#5228 = DEFINITIONAL_REPRESENTATION('',(#5229),#5233);
#5229 = LINE('',#5230,#5231);
#5230 = CARTESIAN_POINT('',(-5.,2.75));
#5231 = VECTOR('',#5232,1.);
#5232 = DIRECTION('',(1.,0.));
#5233 = ( GEOMETRIC_REPRESENTATION_CONTEXT(2) 
PARAMETRIC_REPRESENTATION_CONTEXT() REPRESENTATION_CONTEXT('2D SPACE',''
  ) );
#5234 = PCURVE('',#5235,#5240);
#5235 = PLANE('',#5236);
#5236 = AXIS2_PLACEMENT_3D('',#5237,#5238,#5239);
#5237 = CARTESIAN_POINT('',(-5.,2.75,-2.));
#5238 = DIRECTION('',(-0.,1.,0.));
#5239 = DIRECTION('',(0.,0.,1.));
#5240 = DEFINITIONAL_REPRESENTATION('',(#5241),#5245);
#5241 = LINE('',#5242,#5243);
#5242 = CARTESIAN_POINT('',(0.,0.));
#5243 = VECTOR('',#5244,1.);
#5244 = DIRECTION('',(0.,1.));
#5245 = ( GEOMETRIC_REPRESENTATION_CONTEXT(2) 
PARAMETRIC_REPRESENTATION_CONTEXT() REPRESENTATION_CONTEXT('2D SPACE',''
  ) );
#5246 = ORIENTED_EDGE('',*,*,#5247,.T.);
#5247 = EDGE_CURVE('',#5213,#5248,#5250,.T.);
#5248 = VERTEX_POINT('',#5249);
#5249 = CARTESIAN_POINT('',(-3.434748899119,2.75,-2.));
#5250 = SURFACE_CURVE('',#5251,(#5256,#5263),.PCURVE_S1.);
#5251 = CIRCLE('',#5252,4.4);
#5252 = AXIS2_PLACEMENT_3D('',#5253,#5254,#5255);
#5253 = CARTESIAN_POINT('',(0.,0.,-2.));
#5254 = DIRECTION('',(0.,0.,1.));
#5255 = DIRECTION('',(1.,0.,-0.));
#5256 = PCURVE('',#5223,#5257);
#5257 = DEFINITIONAL_REPRESENTATION('',(#5258),#5262);
#5258 = CIRCLE('',#5259,4.4);
#5259 = AXIS2_PLACEMENT_2D('',#5260,#5261);
#5260 = CARTESIAN_POINT('',(0.,0.));
#5261 = DIRECTION('',(1.,0.));
#5262 = ( GEOMETRIC_REPRESENTATION_CONTEXT(2) 
PARAMETRIC_REPRESENTATION_CONTEXT() REPRESENTATION_CONTEXT('2D SPACE',''
  ) );
#5263 = PCURVE('',#5264,#5269);
#5264 = CONICAL_SURFACE('',#5265,5.,0.785398163397);
#5265 = AXIS2_PLACEMENT_3D('',#5266,#5267,#5268);
#5266 = CARTESIAN_POINT('',(0.,0.,-1.4));
#5267 = DIRECTION('',(0.,0.,1.));
#5268 = DIRECTION('',(1.,0.,-0.));
#5269 = DEFINITIONAL_REPRESENTATION('',(#5270),#5274);
#5270 = LINE('',#5271,#5272);
#5271 = CARTESIAN_POINT('',(0.,-0.6));
#5272 = VECTOR('',#5273,1.);
#5273 = DIRECTION('',(1.,-0.));
#5274 = ( GEOMETRIC_REPRESENTATION_CONTEXT(2) 
PARAMETRIC_REPRESENTATION_CONTEXT() REPRESENTATION_CONTEXT('2D SPACE',''
  ) );
#5275 = ORIENTED_EDGE('',*,*,#5276,.F.);
#5276 = EDGE_CURVE('',#5277,#5248,#5279,.T.);
#5277 = VERTEX_POINT('',#5278);
#5278 = CARTESIAN_POINT('',(-5.,2.75,-2.));
#5279 = SURFACE_CURVE('',#5280,(#5284,#5291),.PCURVE_S1.);
#5280 = LINE('',#5281,#5282);
#5281 = CARTESIAN_POINT('',(-5.,2.75,-2.));
#5282 = VECTOR('',#5283,1.);
#5283 = DIRECTION('',(1.,0.,-0.));
#5284 = PCURVE('',#5223,#5285);
#5285 = DEFINITIONAL_REPRESENTATION('',(#5286),#5290);
#5286 = LINE('',#5287,#5288);
#5287 = CARTESIAN_POINT('',(-5.,2.75));
#5288 = VECTOR('',#5289,1.);
#5289 = DIRECTION('',(1.,0.));
#5290 = ( GEOMETRIC_REPRESENTATION_CONTEXT(2) 
PARAMETRIC_REPRESENTATION_CONTEXT() REPRESENTATION_CONTEXT('2D SPACE',''
  ) );
#5291 = PCURVE('',#5292,#5297);
#5292 = PLANE('',#5293);
#5293 = AXIS2_PLACEMENT_3D('',#5294,#5295,#5296);
#5294 = CARTESIAN_POINT('',(-5.,2.75,-2.));
#5295 = DIRECTION('',(-0.,1.,0.));
#5296 = DIRECTION('',(0.,0.,1.));
#5297 = DEFINITIONAL_REPRESENTATION('',(#5298),#5302);
#5298 = LINE('',#5299,#5300);
#5299 = CARTESIAN_POINT('',(0.,0.));
#5300 = VECTOR('',#5301,1.);
#5301 = DIRECTION('',(0.,1.));
#5302 = ( GEOMETRIC_REPRESENTATION_CONTEXT(2) 
PARAMETRIC_REPRESENTATION_CONTEXT() REPRESENTATION_CONTEXT('2D SPACE',''
  ) );
#5303 = ORIENTED_EDGE('',*,*,#5304,.F.);
#5304 = EDGE_CURVE('',#5305,#5277,#5307,.T.);
#5305 = VERTEX_POINT('',#5306);
#5306 = CARTESIAN_POINT('',(-5.,-2.75,-2.));
#5307 = SURFACE_CURVE('',#5308,(#5312,#5319),.PCURVE_S1.);
#5308 = LINE('',#5309,#5310);
#5309 = CARTESIAN_POINT('',(-5.,-2.75,-2.));
#5310 = VECTOR('',#5311,1.);
#5311 = DIRECTION('',(-0.,1.,0.));
#5312 = PCURVE('',#5223,#5313);
#5313 = DEFINITIONAL_REPRESENTATION('',(#5314),#5318);
#5314 = LINE('',#5315,#5316);
#5315 = CARTESIAN_POINT('',(-5.,-2.75));
#5316 = VECTOR('',#5317,1.);
#5317 = DIRECTION('',(0.,1.));
#5318 = ( GEOMETRIC_REPRESENTATION_CONTEXT(2) 
PARAMETRIC_REPRESENTATION_CONTEXT() REPRESENTATION_CONTEXT('2D SPACE',''
  ) );
#5319 = PCURVE('',#5320,#5325);
#5320 = PLANE('',#5321);
#5321 = AXIS2_PLACEMENT_3D('',#5322,#5323,#5324);
#5322 = CARTESIAN_POINT('',(-5.,-2.75,-2.));
#5323 = DIRECTION('',(1.,0.,-0.));
#5324 = DIRECTION('',(0.,0.,1.));
#5325 = DEFINITIONAL_REPRESENTATION('',(#5326),#5330);
#5326 = LINE('',#5327,#5328);
#5327 = CARTESIAN_POINT('',(0.,0.));
#5328 = VECTOR('',#5329,1.);
#5329 = DIRECTION('',(0.,-1.));
#5330 = ( GEOMETRIC_REPRESENTATION_CONTEXT(2) 
PARAMETRIC_REPRESENTATION_CONTEXT() REPRESENTATION_CONTEXT('2D SPACE',''
  ) );
#5331 = ORIENTED_EDGE('',*,*,#5332,.T.);
#5332 = EDGE_CURVE('',#5305,#5333,#5335,.T.);
#5333 = VERTEX_POINT('',#5334);
#5334 = CARTESIAN_POINT('',(-3.434748899119,-2.75,-2.));
#5335 = SURFACE_CURVE('',#5336,(#5340,#5347),.PCURVE_S1.);
#5336 = LINE('',#5337,#5338);
#5337 = CARTESIAN_POINT('',(-5.,-2.75,-2.));
#5338 = VECTOR('',#5339,1.);
#5339 = DIRECTION('',(1.,0.,-0.));
#5340 = PCURVE('',#5223,#5341);
#5341 = DEFINITIONAL_REPRESENTATION('',(#5342),#5346);
#5342 = LINE('',#5343,#5344);
#5343 = CARTESIAN_POINT('',(-5.,-2.75));
#5344 = VECTOR('',#5345,1.);
#5345 = DIRECTION('',(1.,0.));
#5346 = ( GEOMETRIC_REPRESENTATION_CONTEXT(2) 
PARAMETRIC_REPRESENTATION_CONTEXT() REPRESENTATION_CONTEXT('2D SPACE',''
  ) );
#5347 = PCURVE('',#5348,#5353);
#5348 = PLANE('',#5349);
#5349 = AXIS2_PLACEMENT_3D('',#5350,#5351,#5352);
#5350 = CARTESIAN_POINT('',(-5.,-2.75,-2.));
#5351 = DIRECTION('',(-0.,1.,0.));
#5352 = DIRECTION('',(0.,0.,1.));
#5353 = DEFINITIONAL_REPRESENTATION('',(#5354),#5358);
#5354 = LINE('',#5355,#5356);
#5355 = CARTESIAN_POINT('',(0.,0.));
#5356 = VECTOR('',#5357,1.);
#5357 = DIRECTION('',(0.,1.));
#5358 = ( GEOMETRIC_REPRESENTATION_CONTEXT(2) 
PARAMETRIC_REPRESENTATION_CONTEXT() REPRESENTATION_CONTEXT('2D SPACE',''
  ) );
#5359 = ORIENTED_EDGE('',*,*,#5360,.T.);
#5360 = EDGE_CURVE('',#5333,#5361,#5363,.T.);
#5361 = VERTEX_POINT('',#5362);
#5362 = CARTESIAN_POINT('',(3.434748899119,-2.75,-2.));
#5363 = SURFACE_CURVE('',#5364,(#5369,#5376),.PCURVE_S1.);
#5364 = CIRCLE('',#5365,4.4);
#5365 = AXIS2_PLACEMENT_3D('',#5366,#5367,#5368);
#5366 = CARTESIAN_POINT('',(0.,0.,-2.));
#5367 = DIRECTION('',(0.,0.,1.));
#5368 = DIRECTION('',(1.,0.,-0.));
#5369 = PCURVE('',#5223,#5370);
#5370 = DEFINITIONAL_REPRESENTATION('',(#5371),#5375);
#5371 = CIRCLE('',#5372,4.4);
#5372 = AXIS2_PLACEMENT_2D('',#5373,#5374);
#5373 = CARTESIAN_POINT('',(0.,0.));
#5374 = DIRECTION('',(1.,0.));
#5375 = ( GEOMETRIC_REPRESENTATION_CONTEXT(2) 
PARAMETRIC_REPRESENTATION_CONTEXT() REPRESENTATION_CONTEXT('2D SPACE',''
  ) );
#5376 = PCURVE('',#5377,#5382);
#5377 = CONICAL_SURFACE('',#5378,5.,0.785398163397);
#5378 = AXIS2_PLACEMENT_3D('',#5379,#5380,#5381);
#5379 = CARTESIAN_POINT('',(0.,0.,-1.4));
#5380 = DIRECTION('',(0.,0.,1.));
#5381 = DIRECTION('',(1.,0.,-0.));
#5382 = DEFINITIONAL_REPRESENTATION('',(#5383),#5387);
#5383 = LINE('',#5384,#5385);
#5384 = CARTESIAN_POINT('',(0.,-0.6));
#5385 = VECTOR('',#5386,1.);
#5386 = DIRECTION('',(1.,-0.));
#5387 = ( GEOMETRIC_REPRESENTATION_CONTEXT(2) 
PARAMETRIC_REPRESENTATION_CONTEXT() REPRESENTATION_CONTEXT('2D SPACE',''
  ) );
#5388 = ORIENTED_EDGE('',*,*,#5389,.T.);
#5389 = EDGE_CURVE('',#5361,#5390,#5392,.T.);
#5390 = VERTEX_POINT('',#5391);
#5391 = CARTESIAN_POINT('',(16.565251100881,-2.75,-2.));
#5392 = SURFACE_CURVE('',#5393,(#5397,#5404),.PCURVE_S1.);
#5393 = LINE('',#5394,#5395);
#5394 = CARTESIAN_POINT('',(-5.,-2.75,-2.));
#5395 = VECTOR('',#5396,1.);
#5396 = DIRECTION('',(1.,0.,-0.));
#5397 = PCURVE('',#5223,#5398);
#5398 = DEFINITIONAL_REPRESENTATION('',(#5399),#5403);
#5399 = LINE('',#5400,#5401);
#5400 = CARTESIAN_POINT('',(-5.,-2.75));
#5401 = VECTOR('',#5402,1.);
#5402 = DIRECTION('',(1.,0.));
#5403 = ( GEOMETRIC_REPRESENTATION_CONTEXT(2) 
PARAMETRIC_REPRESENTATION_CONTEXT() REPRESENTATION_CONTEXT('2D SPACE',''
  ) );
#5404 = PCURVE('',#5405,#5410);
#5405 = PLANE('',#5406);
#5406 = AXIS2_PLACEMENT_3D('',#5407,#5408,#5409);
#5407 = CARTESIAN_POINT('',(-5.,-2.75,-2.));
#5408 = DIRECTION('',(-0.,1.,0.));
#5409 = DIRECTION('',(0.,0.,1.));
#5410 = DEFINITIONAL_REPRESENTATION('',(#5411),#5415);
#5411 = LINE('',#5412,#5413);
#5412 = CARTESIAN_POINT('',(0.,0.));
#5413 = VECTOR('',#5414,1.);
#5414 = DIRECTION('',(0.,1.));
#5415 = ( GEOMETRIC_REPRESENTATION_CONTEXT(2) 
PARAMETRIC_REPRESENTATION_CONTEXT() REPRESENTATION_CONTEXT('2D SPACE',''
  ) );
#5416 = ORIENTED_EDGE('',*,*,#5417,.T.);
#5417 = EDGE_CURVE('',#5390,#5418,#5420,.T.);
#5418 = VERTEX_POINT('',#5419);
#5419 = CARTESIAN_POINT('',(23.434748899119,-2.75,-2.));
#5420 = SURFACE_CURVE('',#5421,(#5426,#5433),.PCURVE_S1.);
#5421 = CIRCLE('',#5422,4.4);
#5422 = AXIS2_PLACEMENT_3D('',#5423,#5424,#5425);
#5423 = CARTESIAN_POINT('',(20.,0.,-2.));
#5424 = DIRECTION('',(0.,0.,1.));
#5425 = DIRECTION('',(1.,0.,-0.));
#5426 = PCURVE('',#5223,#5427);
#5427 = DEFINITIONAL_REPRESENTATION('',(#5428),#5432);
#5428 = CIRCLE('',#5429,4.4);
#5429 = AXIS2_PLACEMENT_2D('',#5430,#5431);
#5430 = CARTESIAN_POINT('',(20.,0.));
#5431 = DIRECTION('',(1.,0.));
#5432 = ( GEOMETRIC_REPRESENTATION_CONTEXT(2) 
PARAMETRIC_REPRESENTATION_CONTEXT() REPRESENTATION_CONTEXT('2D SPACE',''
  ) );
#5433 = PCURVE('',#5434,#5439);
#5434 = CONICAL_SURFACE('',#5435,5.,0.785398163397);
#5435 = AXIS2_PLACEMENT_3D('',#5436,#5437,#5438);
#5436 = CARTESIAN_POINT('',(20.,0.,-1.4));
#5437 = DIRECTION('',(0.,0.,1.));
#5438 = DIRECTION('',(1.,0.,-0.));
#5439 = DEFINITIONAL_REPRESENTATION('',(#5440),#5444);
#5440 = LINE('',#5441,#5442);
#5441 = CARTESIAN_POINT('',(0.,-0.6));
#5442 = VECTOR('',#5443,1.);
#5443 = DIRECTION('',(1.,-0.));
#5444 = ( GEOMETRIC_REPRESENTATION_CONTEXT(2) 
PARAMETRIC_REPRESENTATION_CONTEXT() REPRESENTATION_CONTEXT('2D SPACE',''
  ) );
#5445 = ORIENTED_EDGE('',*,*,#5446,.T.);
#5446 = EDGE_CURVE('',#5418,#5447,#5449,.T.);
#5447 = VERTEX_POINT('',#5448);
#5448 = CARTESIAN_POINT('',(25.,-2.75,-2.));
#5449 = SURFACE_CURVE('',#5450,(#5454,#5461),.PCURVE_S1.);
#5450 = LINE('',#5451,#5452);
#5451 = CARTESIAN_POINT('',(-5.,-2.75,-2.));
#5452 = VECTOR('',#5453,1.);
#5453 = DIRECTION('',(1.,0.,-0.));
#5454 = PCURVE('',#5223,#5455);
#5455 = DEFINITIONAL_REPRESENTATION('',(#5456),#5460);
#5456 = LINE('',#5457,#5458);
#5457 = CARTESIAN_POINT('',(-5.,-2.75));
#5458 = VECTOR('',#5459,1.);
#5459 = DIRECTION('',(1.,0.));
#5460 = ( GEOMETRIC_REPRESENTATION_CONTEXT(2) 
PARAMETRIC_REPRESENTATION_CONTEXT() REPRESENTATION_CONTEXT('2D SPACE',''
  ) );
#5461 = PCURVE('',#5462,#5467);
#5462 = PLANE('',#5463);
#5463 = AXIS2_PLACEMENT_3D('',#5464,#5465,#5466);
#5464 = CARTESIAN_POINT('',(-5.,-2.75,-2.));
#5465 = DIRECTION('',(-0.,1.,0.));
#5466 = DIRECTION('',(0.,0.,1.));
#5467 = DEFINITIONAL_REPRESENTATION('',(#5468),#5472);
#5468 = LINE('',#5469,#5470);
#5469 = CARTESIAN_POINT('',(0.,0.));
#5470 = VECTOR('',#5471,1.);
#5471 = DIRECTION('',(0.,1.));
#5472 = ( GEOMETRIC_REPRESENTATION_CONTEXT(2) 
PARAMETRIC_REPRESENTATION_CONTEXT() REPRESENTATION_CONTEXT('2D SPACE',''
  ) );
#5473 = ORIENTED_EDGE('',*,*,#5474,.T.);
#5474 = EDGE_CURVE('',#5447,#5475,#5477,.T.);
#5475 = VERTEX_POINT('',#5476);
#5476 = CARTESIAN_POINT('',(25.,2.75,-2.));
#5477 = SURFACE_CURVE('',#5478,(#5482,#5489),.PCURVE_S1.);
#5478 = LINE('',#5479,#5480);
#5479 = CARTESIAN_POINT('',(25.,-2.75,-2.));
#5480 = VECTOR('',#5481,1.);
#5481 = DIRECTION('',(-0.,1.,0.));
#5482 = PCURVE('',#5223,#5483);
#5483 = DEFINITIONAL_REPRESENTATION('',(#5484),#5488);
#5484 = LINE('',#5485,#5486);
#5485 = CARTESIAN_POINT('',(25.,-2.75));
#5486 = VECTOR('',#5487,1.);
#5487 = DIRECTION('',(0.,1.));
#5488 = ( GEOMETRIC_REPRESENTATION_CONTEXT(2) 
PARAMETRIC_REPRESENTATION_CONTEXT() REPRESENTATION_CONTEXT('2D SPACE',''
  ) );
#5489 = PCURVE('',#5490,#5495);
#5490 = PLANE('',#5491);
#5491 = AXIS2_PLACEMENT_3D('',#5492,#5493,#5494);
#5492 = CARTESIAN_POINT('',(25.,-2.75,-2.));
#5493 = DIRECTION('',(1.,0.,-0.));
#5494 = DIRECTION('',(0.,0.,1.));
#5495 = DEFINITIONAL_REPRESENTATION('',(#5496),#5500);
#5496 = LINE('',#5497,#5498);
#5497 = CARTESIAN_POINT('',(0.,0.));
#5498 = VECTOR('',#5499,1.);
#5499 = DIRECTION('',(0.,-1.));
#5500 = ( GEOMETRIC_REPRESENTATION_CONTEXT(2) 
PARAMETRIC_REPRESENTATION_CONTEXT() REPRESENTATION_CONTEXT('2D SPACE',''
  ) );
#5501 = ORIENTED_EDGE('',*,*,#5502,.F.);
#5502 = EDGE_CURVE('',#5503,#5475,#5505,.T.);
#5503 = VERTEX_POINT('',#5504);
#5504 = CARTESIAN_POINT('',(23.434748899119,2.75,-2.));
#5505 = SURFACE_CURVE('',#5506,(#5510,#5517),.PCURVE_S1.);
#5506 = LINE('',#5507,#5508);
#5507 = CARTESIAN_POINT('',(-5.,2.75,-2.));
#5508 = VECTOR('',#5509,1.);
#5509 = DIRECTION('',(1.,0.,-0.));
#5510 = PCURVE('',#5223,#5511);
#5511 = DEFINITIONAL_REPRESENTATION('',(#5512),#5516);
#5512 = LINE('',#5513,#5514);
#5513 = CARTESIAN_POINT('',(-5.,2.75));
#5514 = VECTOR('',#5515,1.);
#5515 = DIRECTION('',(1.,0.));
#5516 = ( GEOMETRIC_REPRESENTATION_CONTEXT(2) 
PARAMETRIC_REPRESENTATION_CONTEXT() REPRESENTATION_CONTEXT('2D SPACE',''
  ) );
#5517 = PCURVE('',#5518,#5523);
#5518 = PLANE('',#5519);
#5519 = AXIS2_PLACEMENT_3D('',#5520,#5521,#5522);
#5520 = CARTESIAN_POINT('',(-5.,2.75,-2.));
#5521 = DIRECTION('',(-0.,1.,0.));
#5522 = DIRECTION('',(0.,0.,1.));
#5523 = DEFINITIONAL_REPRESENTATION('',(#5524),#5528);
#5524 = LINE('',#5525,#5526);
#5525 = CARTESIAN_POINT('',(0.,0.));
#5526 = VECTOR('',#5527,1.);
#5527 = DIRECTION('',(0.,1.));
#5528 = ( GEOMETRIC_REPRESENTATION_CONTEXT(2) 
PARAMETRIC_REPRESENTATION_CONTEXT() REPRESENTATION_CONTEXT('2D SPACE',''
  ) );
#5529 = ORIENTED_EDGE('',*,*,#5530,.T.);
#5530 = EDGE_CURVE('',#5503,#5215,#5531,.T.);
#5531 = SURFACE_CURVE('',#5532,(#5537,#5544),.PCURVE_S1.);
#5532 = CIRCLE('',#5533,4.4);
#5533 = AXIS2_PLACEMENT_3D('',#5534,#5535,#5536);
#5534 = CARTESIAN_POINT('',(20.,0.,-2.));
#5535 = DIRECTION('',(0.,0.,1.));
#5536 = DIRECTION('',(1.,0.,-0.));
#5537 = PCURVE('',#5223,#5538);
#5538 = DEFINITIONAL_REPRESENTATION('',(#5539),#5543);
#5539 = CIRCLE('',#5540,4.4);
#5540 = AXIS2_PLACEMENT_2D('',#5541,#5542);
#5541 = CARTESIAN_POINT('',(20.,0.));
#5542 = DIRECTION('',(1.,0.));
#5543 = ( GEOMETRIC_REPRESENTATION_CONTEXT(2) 
PARAMETRIC_REPRESENTATION_CONTEXT() REPRESENTATION_CONTEXT('2D SPACE',''
  ) );
#5544 = PCURVE('',#5545,#5550);
#5545 = CONICAL_SURFACE('',#5546,5.,0.785398163397);
#5546 = AXIS2_PLACEMENT_3D('',#5547,#5548,#5549);
#5547 = CARTESIAN_POINT('',(20.,0.,-1.4));
#5548 = DIRECTION('',(0.,0.,1.));
#5549 = DIRECTION('',(1.,0.,-0.));
#5550 = DEFINITIONAL_REPRESENTATION('',(#5551),#5555);
#5551 = LINE('',#5552,#5553);
#5552 = CARTESIAN_POINT('',(0.,-0.6));
#5553 = VECTOR('',#5554,1.);
#5554 = DIRECTION('',(1.,-0.));
#5555 = ( GEOMETRIC_REPRESENTATION_CONTEXT(2) 
PARAMETRIC_REPRESENTATION_CONTEXT() REPRESENTATION_CONTEXT('2D SPACE',''
  ) );
#5556 = FACE_BOUND('',#5557,.F.);
#5557 = EDGE_LOOP('',(#5558));
#5558 = ORIENTED_EDGE('',*,*,#5559,.F.);
#5559 = EDGE_CURVE('',#5560,#5560,#5562,.T.);
#5560 = VERTEX_POINT('',#5561);
#5561 = CARTESIAN_POINT('',(2.05,-5.021051876504E-16,-2.));
#5562 = SURFACE_CURVE('',#5563,(#5568,#5575),.PCURVE_S1.);
#5563 = CIRCLE('',#5564,2.05);
#5564 = AXIS2_PLACEMENT_3D('',#5565,#5566,#5567);
#5565 = CARTESIAN_POINT('',(0.,0.,-2.));
#5566 = DIRECTION('',(0.,0.,1.));
#5567 = DIRECTION('',(1.,0.,-0.));
#5568 = PCURVE('',#5223,#5569);
#5569 = DEFINITIONAL_REPRESENTATION('',(#5570),#5574);
#5570 = CIRCLE('',#5571,2.05);
#5571 = AXIS2_PLACEMENT_2D('',#5572,#5573);
#5572 = CARTESIAN_POINT('',(0.,0.));
#5573 = DIRECTION('',(1.,0.));
#5574 = ( GEOMETRIC_REPRESENTATION_CONTEXT(2) 
PARAMETRIC_REPRESENTATION_CONTEXT() REPRESENTATION_CONTEXT('2D SPACE',''
  ) );
#5575 = PCURVE('',#5576,#5581);
#5576 = CYLINDRICAL_SURFACE('',#5577,2.05);
#5577 = AXIS2_PLACEMENT_3D('',#5578,#5579,#5580);
#5578 = CARTESIAN_POINT('',(0.,0.,-3.));
#5579 = DIRECTION('',(0.,0.,1.));
#5580 = DIRECTION('',(1.,0.,-0.));
#5581 = DEFINITIONAL_REPRESENTATION('',(#5582),#5586);
#5582 = LINE('',#5583,#5584);
#5583 = CARTESIAN_POINT('',(0.,1.));
#5584 = VECTOR('',#5585,1.);
#5585 = DIRECTION('',(1.,0.));
#5586 = ( GEOMETRIC_REPRESENTATION_CONTEXT(2) 
PARAMETRIC_REPRESENTATION_CONTEXT() REPRESENTATION_CONTEXT('2D SPACE',''
  ) );
#5587 = FACE_BOUND('',#5588,.F.);
#5588 = EDGE_LOOP('',(#5589));
#5589 = ORIENTED_EDGE('',*,*,#5590,.F.);
#5590 = EDGE_CURVE('',#5591,#5591,#5593,.T.);
#5591 = VERTEX_POINT('',#5592);
#5592 = CARTESIAN_POINT('',(9.7,-5.388445916248E-16,-2.));
#5593 = SURFACE_CURVE('',#5594,(#5599,#5606),.PCURVE_S1.);
#5594 = CIRCLE('',#5595,2.2);
#5595 = AXIS2_PLACEMENT_3D('',#5596,#5597,#5598);
#5596 = CARTESIAN_POINT('',(7.5,0.,-2.));
#5597 = DIRECTION('',(0.,0.,1.));
#5598 = DIRECTION('',(1.,0.,-0.));
#5599 = PCURVE('',#5223,#5600);
#5600 = DEFINITIONAL_REPRESENTATION('',(#5601),#5605);
#5601 = CIRCLE('',#5602,2.2);
#5602 = AXIS2_PLACEMENT_2D('',#5603,#5604);
#5603 = CARTESIAN_POINT('',(7.5,0.));
#5604 = DIRECTION('',(1.,0.));
#5605 = ( GEOMETRIC_REPRESENTATION_CONTEXT(2) 
PARAMETRIC_REPRESENTATION_CONTEXT() REPRESENTATION_CONTEXT('2D SPACE',''
  ) );
#5606 = PCURVE('',#5607,#5612);
#5607 = CYLINDRICAL_SURFACE('',#5608,2.2);
#5608 = AXIS2_PLACEMENT_3D('',#5609,#5610,#5611);
#5609 = CARTESIAN_POINT('',(7.5,0.,-3.));
#5610 = DIRECTION('',(0.,0.,1.));
#5611 = DIRECTION('',(1.,0.,-0.));
#5612 = DEFINITIONAL_REPRESENTATION('',(#5613),#5617);
#5613 = LINE('',#5614,#5615);
#5614 = CARTESIAN_POINT('',(0.,1.));
#5615 = VECTOR('',#5616,1.);
#5616 = DIRECTION('',(1.,0.));
#5617 = ( GEOMETRIC_REPRESENTATION_CONTEXT(2) 
PARAMETRIC_REPRESENTATION_CONTEXT() REPRESENTATION_CONTEXT('2D SPACE',''
  ) );
#5618 = FACE_BOUND('',#5619,.F.);
#5619 = EDGE_LOOP('',(#5620));
#5620 = ORIENTED_EDGE('',*,*,#5621,.F.);
#5621 = EDGE_CURVE('',#5622,#5622,#5624,.T.);
#5622 = VERTEX_POINT('',#5623);
#5623 = CARTESIAN_POINT('',(14.7,-5.388445916248E-16,-2.));
#5624 = SURFACE_CURVE('',#5625,(#5630,#5637),.PCURVE_S1.);
#5625 = CIRCLE('',#5626,2.2);
#5626 = AXIS2_PLACEMENT_3D('',#5627,#5628,#5629);
#5627 = CARTESIAN_POINT('',(12.5,0.,-2.));
#5628 = DIRECTION('',(0.,0.,1.));
#5629 = DIRECTION('',(1.,0.,-0.));
#5630 = PCURVE('',#5223,#5631);
#5631 = DEFINITIONAL_REPRESENTATION('',(#5632),#5636);
#5632 = CIRCLE('',#5633,2.2);
#5633 = AXIS2_PLACEMENT_2D('',#5634,#5635);
#5634 = CARTESIAN_POINT('',(12.5,0.));
#5635 = DIRECTION('',(1.,0.));
#5636 = ( GEOMETRIC_REPRESENTATION_CONTEXT(2) 
PARAMETRIC_REPRESENTATION_CONTEXT() REPRESENTATION_CONTEXT('2D SPACE',''
  ) );
#5637 = PCURVE('',#5638,#5643);
#5638 = CYLINDRICAL_SURFACE('',#5639,2.2);
#5639 = AXIS2_PLACEMENT_3D('',#5640,#5641,#5642);
#5640 = CARTESIAN_POINT('',(12.5,0.,-3.));
#5641 = DIRECTION('',(0.,0.,1.));
#5642 = DIRECTION('',(1.,0.,-0.));
#5643 = DEFINITIONAL_REPRESENTATION('',(#5644),#5648);
#5644 = LINE('',#5645,#5646);
#5645 = CARTESIAN_POINT('',(0.,1.));
#5646 = VECTOR('',#5647,1.);
#5647 = DIRECTION('',(1.,0.));
#5648 = ( GEOMETRIC_REPRESENTATION_CONTEXT(2) 
PARAMETRIC_REPRESENTATION_CONTEXT() REPRESENTATION_CONTEXT('2D SPACE',''
  ) );
#5649 = FACE_BOUND('',#5650,.F.);
#5650 = EDGE_LOOP('',(#5651));
#5651 = ORIENTED_EDGE('',*,*,#5652,.F.);
#5652 = EDGE_CURVE('',#5653,#5653,#5655,.T.);
#5653 = VERTEX_POINT('',#5654);
#5654 = CARTESIAN_POINT('',(22.05,-5.021051876504E-16,-2.));
#5655 = SURFACE_CURVE('',#5656,(#5661,#5668),.PCURVE_S1.);
#5656 = CIRCLE('',#5657,2.05);
#5657 = AXIS2_PLACEMENT_3D('',#5658,#5659,#5660);
#5658 = CARTESIAN_POINT('',(20.,0.,-2.));
#5659 = DIRECTION('',(0.,0.,1.));
#5660 = DIRECTION('',(1.,0.,-0.));
#5661 = PCURVE('',#5223,#5662);
#5662 = DEFINITIONAL_REPRESENTATION('',(#5663),#5667);
#5663 = CIRCLE('',#5664,2.05);
#5664 = AXIS2_PLACEMENT_2D('',#5665,#5666);
#5665 = CARTESIAN_POINT('',(20.,0.));
#5666 = DIRECTION('',(1.,0.));
#5667 = ( GEOMETRIC_REPRESENTATION_CONTEXT(2) 
PARAMETRIC_REPRESENTATION_CONTEXT() REPRESENTATION_CONTEXT('2D SPACE',''
  ) );
#5668 = PCURVE('',#5669,#5674);
#5669 = CYLINDRICAL_SURFACE('',#5670,2.05);
#5670 = AXIS2_PLACEMENT_3D('',#5671,#5672,#5673);
#5671 = CARTESIAN_POINT('',(20.,0.,-3.));
#5672 = DIRECTION('',(0.,0.,1.));
#5673 = DIRECTION('',(1.,0.,-0.));
#5674 = DEFINITIONAL_REPRESENTATION('',(#5675),#5679);
#5675 = LINE('',#5676,#5677);
#5676 = CARTESIAN_POINT('',(0.,1.));
#5677 = VECTOR('',#5678,1.);
#5678 = DIRECTION('',(1.,0.));
#5679 = ( GEOMETRIC_REPRESENTATION_CONTEXT(2) 
PARAMETRIC_REPRESENTATION_CONTEXT() REPRESENTATION_CONTEXT('2D SPACE',''
  ) );
#5680 = ADVANCED_FACE('',(#5681),#5235,.T.);
#5681 = FACE_BOUND('',#5682,.T.);
#5682 = EDGE_LOOP('',(#5683,#5684,#5711,#5737,#5765,#5791));
#5683 = ORIENTED_EDGE('',*,*,#5212,.F.);
#5684 = ORIENTED_EDGE('',*,*,#5685,.T.);
#5685 = EDGE_CURVE('',#5213,#5686,#5688,.T.);
#5686 = VERTEX_POINT('',#5687);
#5687 = CARTESIAN_POINT('',(4.175823272123,2.75,-1.4));
#5688 = SURFACE_CURVE('',#5689,(#5694,#5701),.PCURVE_S1.);
#5689 = HYPERBOLA('',#5690,2.75,2.75);
#5690 = AXIS2_PLACEMENT_3D('',#5691,#5692,#5693);
#5691 = CARTESIAN_POINT('',(0.,2.75,-6.4));
#5692 = DIRECTION('',(-0.,1.,0.));
#5693 = DIRECTION('',(0.,0.,1.));
#5694 = PCURVE('',#5235,#5695);
#5695 = DEFINITIONAL_REPRESENTATION('',(#5696),#5700);
#5696 = ( BOUNDED_CURVE() B_SPLINE_CURVE(2,(#5697,#5698,#5699),
.UNSPECIFIED.,.F.,.F.) B_SPLINE_CURVE_WITH_KNOTS((3,3),(1.046967915003,
1.204971208168),.PIECEWISE_BEZIER_KNOTS.) CURVE() 
GEOMETRIC_REPRESENTATION_ITEM() RATIONAL_B_SPLINE_CURVE((1.,
1.003122253474,1.)) REPRESENTATION_ITEM('') );
#5697 = CARTESIAN_POINT('',(8.881784197001E-16,8.434748899119));
#5698 = CARTESIAN_POINT('',(0.270787700728,8.781634775844));
#5699 = CARTESIAN_POINT('',(0.6,9.175823272123));
#5700 = ( GEOMETRIC_REPRESENTATION_CONTEXT(2) 
PARAMETRIC_REPRESENTATION_CONTEXT() REPRESENTATION_CONTEXT('2D SPACE',''
  ) );
#5701 = PCURVE('',#5264,#5702);
#5702 = DEFINITIONAL_REPRESENTATION('',(#5703),#5710);
#5703 = B_SPLINE_CURVE_WITH_KNOTS('',5,(#5704,#5705,#5706,#5707,#5708,
    #5709),.UNSPECIFIED.,.F.,.F.,(6,6),(1.046967915003,1.204971208168),
  .PIECEWISE_BEZIER_KNOTS.);
#5704 = CARTESIAN_POINT('',(0.675131532937,-0.6));
#5705 = CARTESIAN_POINT('',(0.655381121291,-0.491459672549));
#5706 = CARTESIAN_POINT('',(0.636239721106,-0.377427038356));
#5707 = CARTESIAN_POINT('',(0.617698336386,-0.257676273539));
#5708 = CARTESIAN_POINT('',(0.599744600117,-0.131958765734));
#5709 = CARTESIAN_POINT('',(0.582364237869,-6.661338147751E-16));
#5710 = ( GEOMETRIC_REPRESENTATION_CONTEXT(2) 
PARAMETRIC_REPRESENTATION_CONTEXT() REPRESENTATION_CONTEXT('2D SPACE',''
  ) );
#5711 = ORIENTED_EDGE('',*,*,#5712,.T.);
#5712 = EDGE_CURVE('',#5686,#5713,#5715,.T.);
#5713 = VERTEX_POINT('',#5714);
#5714 = CARTESIAN_POINT('',(4.175823272123,2.75,-0.8));
#5715 = SURFACE_CURVE('',#5716,(#5720,#5726),.PCURVE_S1.);
#5716 = LINE('',#5717,#5718);
#5717 = CARTESIAN_POINT('',(4.175823272123,2.75,-2.));
#5718 = VECTOR('',#5719,1.);
#5719 = DIRECTION('',(0.,0.,1.));
#5720 = PCURVE('',#5235,#5721);
#5721 = DEFINITIONAL_REPRESENTATION('',(#5722),#5725);
#5722 = B_SPLINE_CURVE_WITH_KNOTS('',1,(#5723,#5724),.UNSPECIFIED.,.F.,
  .F.,(2,2),(0.599993225049,1.32),.PIECEWISE_BEZIER_KNOTS.);
#5723 = CARTESIAN_POINT('',(0.599993225049,9.175823272123));
#5724 = CARTESIAN_POINT('',(1.32,9.175823272123));
#5725 = ( GEOMETRIC_REPRESENTATION_CONTEXT(2) 
PARAMETRIC_REPRESENTATION_CONTEXT() REPRESENTATION_CONTEXT('2D SPACE',''
  ) );
#5726 = PCURVE('',#5727,#5732);
#5727 = CYLINDRICAL_SURFACE('',#5728,5.);
#5728 = AXIS2_PLACEMENT_3D('',#5729,#5730,#5731);
#5729 = CARTESIAN_POINT('',(0.,0.,-2.));
#5730 = DIRECTION('',(0.,0.,1.));
#5731 = DIRECTION('',(1.,0.,-0.));
#5732 = DEFINITIONAL_REPRESENTATION('',(#5733),#5736);
#5733 = B_SPLINE_CURVE_WITH_KNOTS('',1,(#5734,#5735),.UNSPECIFIED.,.F.,
  .F.,(2,2),(0.599993225049,1.32),.PIECEWISE_BEZIER_KNOTS.);
#5734 = CARTESIAN_POINT('',(0.582364237869,0.599993225049));
#5735 = CARTESIAN_POINT('',(0.582364237869,1.32));
#5736 = ( GEOMETRIC_REPRESENTATION_CONTEXT(2) 
PARAMETRIC_REPRESENTATION_CONTEXT() REPRESENTATION_CONTEXT('2D SPACE',''
  ) );
#5737 = ORIENTED_EDGE('',*,*,#5738,.T.);
#5738 = EDGE_CURVE('',#5713,#5739,#5741,.T.);
#5739 = VERTEX_POINT('',#5740);
#5740 = CARTESIAN_POINT('',(15.824176727878,2.75,-0.8));
#5741 = SURFACE_CURVE('',#5742,(#5746,#5753),.PCURVE_S1.);
#5742 = LINE('',#5743,#5744);
#5743 = CARTESIAN_POINT('',(-5.,2.75,-0.8));
#5744 = VECTOR('',#5745,1.);
#5745 = DIRECTION('',(1.,0.,-0.));
#5746 = PCURVE('',#5235,#5747);
#5747 = DEFINITIONAL_REPRESENTATION('',(#5748),#5752);
#5748 = LINE('',#5749,#5750);
#5749 = CARTESIAN_POINT('',(1.2,0.));
#5750 = VECTOR('',#5751,1.);
#5751 = DIRECTION('',(0.,1.));
#5752 = ( GEOMETRIC_REPRESENTATION_CONTEXT(2) 
PARAMETRIC_REPRESENTATION_CONTEXT() REPRESENTATION_CONTEXT('2D SPACE',''
  ) );
#5753 = PCURVE('',#5754,#5759);
#5754 = PLANE('',#5755);
#5755 = AXIS2_PLACEMENT_3D('',#5756,#5757,#5758);
#5756 = CARTESIAN_POINT('',(-5.,-2.75,-0.8));
#5757 = DIRECTION('',(0.,0.,1.));
#5758 = DIRECTION('',(1.,0.,-0.));
#5759 = DEFINITIONAL_REPRESENTATION('',(#5760),#5764);
#5760 = LINE('',#5761,#5762);
#5761 = CARTESIAN_POINT('',(0.,5.5));
#5762 = VECTOR('',#5763,1.);
#5763 = DIRECTION('',(1.,0.));
#5764 = ( GEOMETRIC_REPRESENTATION_CONTEXT(2) 
PARAMETRIC_REPRESENTATION_CONTEXT() REPRESENTATION_CONTEXT('2D SPACE',''
  ) );
#5765 = ORIENTED_EDGE('',*,*,#5766,.F.);
#5766 = EDGE_CURVE('',#5767,#5739,#5769,.T.);
#5767 = VERTEX_POINT('',#5768);
#5768 = CARTESIAN_POINT('',(15.824176727878,2.75,-1.4));
#5769 = SURFACE_CURVE('',#5770,(#5774,#5780),.PCURVE_S1.);
#5770 = LINE('',#5771,#5772);
#5771 = CARTESIAN_POINT('',(15.824176727877,2.75,-2.));
#5772 = VECTOR('',#5773,1.);
#5773 = DIRECTION('',(0.,0.,1.));
#5774 = PCURVE('',#5235,#5775);
#5775 = DEFINITIONAL_REPRESENTATION('',(#5776),#5779);
#5776 = B_SPLINE_CURVE_WITH_KNOTS('',1,(#5777,#5778),.UNSPECIFIED.,.F.,
  .F.,(2,2),(0.599993225049,1.32),.PIECEWISE_BEZIER_KNOTS.);
#5777 = CARTESIAN_POINT('',(0.599993225049,20.824176727877));
#5778 = CARTESIAN_POINT('',(1.32,20.824176727877));
#5779 = ( GEOMETRIC_REPRESENTATION_CONTEXT(2) 
PARAMETRIC_REPRESENTATION_CONTEXT() REPRESENTATION_CONTEXT('2D SPACE',''
  ) );
#5780 = PCURVE('',#5781,#5786);
#5781 = CYLINDRICAL_SURFACE('',#5782,5.);
#5782 = AXIS2_PLACEMENT_3D('',#5783,#5784,#5785);
#5783 = CARTESIAN_POINT('',(20.,0.,-2.));
#5784 = DIRECTION('',(0.,0.,1.));
#5785 = DIRECTION('',(1.,0.,-0.));
#5786 = DEFINITIONAL_REPRESENTATION('',(#5787),#5790);
#5787 = B_SPLINE_CURVE_WITH_KNOTS('',1,(#5788,#5789),.UNSPECIFIED.,.F.,
  .F.,(2,2),(0.599993225049,1.32),.PIECEWISE_BEZIER_KNOTS.);
#5788 = CARTESIAN_POINT('',(2.559228415721,0.599993225049));
#5789 = CARTESIAN_POINT('',(2.559228415721,1.32));
#5790 = ( GEOMETRIC_REPRESENTATION_CONTEXT(2) 
PARAMETRIC_REPRESENTATION_CONTEXT() REPRESENTATION_CONTEXT('2D SPACE',''
  ) );
#5791 = ORIENTED_EDGE('',*,*,#5792,.T.);
#5792 = EDGE_CURVE('',#5767,#5215,#5793,.T.);
#5793 = SURFACE_CURVE('',#5794,(#5799,#5806),.PCURVE_S1.);
#5794 = HYPERBOLA('',#5795,2.75,2.75);
#5795 = AXIS2_PLACEMENT_3D('',#5796,#5797,#5798);
#5796 = CARTESIAN_POINT('',(20.,2.75,-6.4));
#5797 = DIRECTION('',(-0.,1.,0.));
#5798 = DIRECTION('',(0.,0.,1.));
#5799 = PCURVE('',#5235,#5800);
#5800 = DEFINITIONAL_REPRESENTATION('',(#5801),#5805);
#5801 = ( BOUNDED_CURVE() B_SPLINE_CURVE(2,(#5802,#5803,#5804),
.UNSPECIFIED.,.F.,.F.) B_SPLINE_CURVE_WITH_KNOTS((3,3),(-1.204971208168,
-1.046967915003),.PIECEWISE_BEZIER_KNOTS.) CURVE() 
GEOMETRIC_REPRESENTATION_ITEM() RATIONAL_B_SPLINE_CURVE((1.,
1.003122253474,1.)) REPRESENTATION_ITEM('') );
#5802 = CARTESIAN_POINT('',(0.6,20.824176727877));
#5803 = CARTESIAN_POINT('',(0.270787700728,21.218365224156));
#5804 = CARTESIAN_POINT('',(8.881784197001E-16,21.565251100881));
#5805 = ( GEOMETRIC_REPRESENTATION_CONTEXT(2) 
PARAMETRIC_REPRESENTATION_CONTEXT() REPRESENTATION_CONTEXT('2D SPACE',''
  ) );
#5806 = PCURVE('',#5545,#5807);
#5807 = DEFINITIONAL_REPRESENTATION('',(#5808),#5815);
#5808 = B_SPLINE_CURVE_WITH_KNOTS('',5,(#5809,#5810,#5811,#5812,#5813,
    #5814),.UNSPECIFIED.,.F.,.F.,(6,6),(-1.204971208168,-1.046967915003)
  ,.PIECEWISE_BEZIER_KNOTS.);
#5809 = CARTESIAN_POINT('',(2.559228415721,-1.554312234475E-15));
#5810 = CARTESIAN_POINT('',(2.541848053473,-0.131958765734));
#5811 = CARTESIAN_POINT('',(2.523894317204,-0.257676273539));
#5812 = CARTESIAN_POINT('',(2.505352932484,-0.377427038356));
#5813 = CARTESIAN_POINT('',(2.486211532298,-0.491459672549));
#5814 = CARTESIAN_POINT('',(2.466461120653,-0.6));
#5815 = ( GEOMETRIC_REPRESENTATION_CONTEXT(2) 
PARAMETRIC_REPRESENTATION_CONTEXT() REPRESENTATION_CONTEXT('2D SPACE',''
  ) );
#5816 = ADVANCED_FACE('',(#5817),#5264,.T.);
#5817 = FACE_BOUND('',#5818,.F.);
#5818 = EDGE_LOOP('',(#5819,#5820,#5844,#5869));
#5819 = ORIENTED_EDGE('',*,*,#5685,.T.);
#5820 = ORIENTED_EDGE('',*,*,#5821,.T.);
#5821 = EDGE_CURVE('',#5686,#5822,#5824,.T.);
#5822 = VERTEX_POINT('',#5823);
#5823 = CARTESIAN_POINT('',(-4.175823272123,2.75,-1.4));
#5824 = SURFACE_CURVE('',#5825,(#5830,#5837),.PCURVE_S1.);
#5825 = CIRCLE('',#5826,5.);
#5826 = AXIS2_PLACEMENT_3D('',#5827,#5828,#5829);
#5827 = CARTESIAN_POINT('',(0.,0.,-1.4));
#5828 = DIRECTION('',(0.,0.,1.));
#5829 = DIRECTION('',(1.,0.,-0.));
#5830 = PCURVE('',#5264,#5831);
#5831 = DEFINITIONAL_REPRESENTATION('',(#5832),#5836);
#5832 = LINE('',#5833,#5834);
#5833 = CARTESIAN_POINT('',(0.,-0.));
#5834 = VECTOR('',#5835,1.);
#5835 = DIRECTION('',(1.,-0.));
#5836 = ( GEOMETRIC_REPRESENTATION_CONTEXT(2) 
PARAMETRIC_REPRESENTATION_CONTEXT() REPRESENTATION_CONTEXT('2D SPACE',''
  ) );
#5837 = PCURVE('',#5727,#5838);
#5838 = DEFINITIONAL_REPRESENTATION('',(#5839),#5843);
#5839 = LINE('',#5840,#5841);
#5840 = CARTESIAN_POINT('',(0.,0.6));
#5841 = VECTOR('',#5842,1.);
#5842 = DIRECTION('',(1.,0.));
#5843 = ( GEOMETRIC_REPRESENTATION_CONTEXT(2) 
PARAMETRIC_REPRESENTATION_CONTEXT() REPRESENTATION_CONTEXT('2D SPACE',''
  ) );
#5844 = ORIENTED_EDGE('',*,*,#5845,.T.);
#5845 = EDGE_CURVE('',#5822,#5248,#5846,.T.);
#5846 = SURFACE_CURVE('',#5847,(#5852,#5862),.PCURVE_S1.);
#5847 = HYPERBOLA('',#5848,2.75,2.75);
#5848 = AXIS2_PLACEMENT_3D('',#5849,#5850,#5851);
#5849 = CARTESIAN_POINT('',(0.,2.75,-6.4));
#5850 = DIRECTION('',(-0.,1.,0.));
#5851 = DIRECTION('',(0.,0.,1.));
#5852 = PCURVE('',#5264,#5853);
#5853 = DEFINITIONAL_REPRESENTATION('',(#5854),#5861);
#5854 = B_SPLINE_CURVE_WITH_KNOTS('',5,(#5855,#5856,#5857,#5858,#5859,
    #5860),.UNSPECIFIED.,.F.,.F.,(6,6),(-1.204971208168,-1.046967915003)
  ,.PIECEWISE_BEZIER_KNOTS.);
#5855 = CARTESIAN_POINT('',(2.559228415721,-6.661338147751E-16));
#5856 = CARTESIAN_POINT('',(2.541848053473,-0.131958765734));
#5857 = CARTESIAN_POINT('',(2.523894317204,-0.257676273539));
#5858 = CARTESIAN_POINT('',(2.505352932484,-0.377427038356));
#5859 = CARTESIAN_POINT('',(2.486211532298,-0.491459672549));
#5860 = CARTESIAN_POINT('',(2.466461120653,-0.6));
#5861 = ( GEOMETRIC_REPRESENTATION_CONTEXT(2) 
PARAMETRIC_REPRESENTATION_CONTEXT() REPRESENTATION_CONTEXT('2D SPACE',''
  ) );
#5862 = PCURVE('',#5292,#5863);
#5863 = DEFINITIONAL_REPRESENTATION('',(#5864),#5868);
#5864 = ( BOUNDED_CURVE() B_SPLINE_CURVE(2,(#5865,#5866,#5867),
.UNSPECIFIED.,.F.,.F.) B_SPLINE_CURVE_WITH_KNOTS((3,3),(-1.204971208168,
-1.046967915003),.PIECEWISE_BEZIER_KNOTS.) CURVE() 
GEOMETRIC_REPRESENTATION_ITEM() RATIONAL_B_SPLINE_CURVE((1.,
1.003122253474,1.)) REPRESENTATION_ITEM('') );
#5865 = CARTESIAN_POINT('',(0.6,0.824176727877));
#5866 = CARTESIAN_POINT('',(0.270787700728,1.218365224156));
#5867 = CARTESIAN_POINT('',(8.881784197001E-16,1.565251100881));
#5868 = ( GEOMETRIC_REPRESENTATION_CONTEXT(2) 
PARAMETRIC_REPRESENTATION_CONTEXT() REPRESENTATION_CONTEXT('2D SPACE',''
  ) );
#5869 = ORIENTED_EDGE('',*,*,#5247,.F.);
#5870 = ADVANCED_FACE('',(#5871),#5545,.T.);
#5871 = FACE_BOUND('',#5872,.F.);
#5872 = EDGE_LOOP('',(#5873,#5900,#5922,#5923));
#5873 = ORIENTED_EDGE('',*,*,#5874,.T.);
#5874 = EDGE_CURVE('',#5503,#5875,#5877,.T.);
#5875 = VERTEX_POINT('',#5876);
#5876 = CARTESIAN_POINT('',(24.175823272122,2.75,-1.4));
#5877 = SURFACE_CURVE('',#5878,(#5883,#5893),.PCURVE_S1.);
#5878 = HYPERBOLA('',#5879,2.75,2.75);
#5879 = AXIS2_PLACEMENT_3D('',#5880,#5881,#5882);
#5880 = CARTESIAN_POINT('',(20.,2.75,-6.4));
#5881 = DIRECTION('',(-0.,1.,0.));
#5882 = DIRECTION('',(0.,0.,1.));
#5883 = PCURVE('',#5545,#5884);
#5884 = DEFINITIONAL_REPRESENTATION('',(#5885),#5892);
#5885 = B_SPLINE_CURVE_WITH_KNOTS('',5,(#5886,#5887,#5888,#5889,#5890,
    #5891),.UNSPECIFIED.,.F.,.F.,(6,6),(1.046967915003,1.204971208168),
  .PIECEWISE_BEZIER_KNOTS.);
#5886 = CARTESIAN_POINT('',(0.675131532937,-0.6));
#5887 = CARTESIAN_POINT('',(0.655381121291,-0.491459672549));
#5888 = CARTESIAN_POINT('',(0.636239721106,-0.377427038356));
#5889 = CARTESIAN_POINT('',(0.617698336386,-0.257676273539));
#5890 = CARTESIAN_POINT('',(0.599744600117,-0.131958765734));
#5891 = CARTESIAN_POINT('',(0.582364237869,-1.998401444325E-15));
#5892 = ( GEOMETRIC_REPRESENTATION_CONTEXT(2) 
PARAMETRIC_REPRESENTATION_CONTEXT() REPRESENTATION_CONTEXT('2D SPACE',''
  ) );
#5893 = PCURVE('',#5518,#5894);
#5894 = DEFINITIONAL_REPRESENTATION('',(#5895),#5899);
#5895 = ( BOUNDED_CURVE() B_SPLINE_CURVE(2,(#5896,#5897,#5898),
.UNSPECIFIED.,.F.,.F.) B_SPLINE_CURVE_WITH_KNOTS((3,3),(1.046967915003,
1.204971208168),.PIECEWISE_BEZIER_KNOTS.) CURVE() 
GEOMETRIC_REPRESENTATION_ITEM() RATIONAL_B_SPLINE_CURVE((1.,
1.003122253474,1.)) REPRESENTATION_ITEM('') );
#5896 = CARTESIAN_POINT('',(8.881784197001E-16,28.434748899119));
#5897 = CARTESIAN_POINT('',(0.270787700728,28.781634775844));
#5898 = CARTESIAN_POINT('',(0.6,29.175823272123));
#5899 = ( GEOMETRIC_REPRESENTATION_CONTEXT(2) 
PARAMETRIC_REPRESENTATION_CONTEXT() REPRESENTATION_CONTEXT('2D SPACE',''
  ) );
#5900 = ORIENTED_EDGE('',*,*,#5901,.T.);
#5901 = EDGE_CURVE('',#5875,#5767,#5902,.T.);
#5902 = SURFACE_CURVE('',#5903,(#5908,#5915),.PCURVE_S1.);
#5903 = CIRCLE('',#5904,5.);
#5904 = AXIS2_PLACEMENT_3D('',#5905,#5906,#5907);
#5905 = CARTESIAN_POINT('',(20.,0.,-1.4));
#5906 = DIRECTION('',(0.,0.,1.));
#5907 = DIRECTION('',(1.,0.,-0.));
#5908 = PCURVE('',#5545,#5909);
#5909 = DEFINITIONAL_REPRESENTATION('',(#5910),#5914);
#5910 = LINE('',#5911,#5912);
#5911 = CARTESIAN_POINT('',(0.,-0.));
#5912 = VECTOR('',#5913,1.);
#5913 = DIRECTION('',(1.,-0.));
#5914 = ( GEOMETRIC_REPRESENTATION_CONTEXT(2) 
PARAMETRIC_REPRESENTATION_CONTEXT() REPRESENTATION_CONTEXT('2D SPACE',''
  ) );
#5915 = PCURVE('',#5781,#5916);
#5916 = DEFINITIONAL_REPRESENTATION('',(#5917),#5921);
#5917 = LINE('',#5918,#5919);
#5918 = CARTESIAN_POINT('',(0.,0.6));
#5919 = VECTOR('',#5920,1.);
#5920 = DIRECTION('',(1.,0.));
#5921 = ( GEOMETRIC_REPRESENTATION_CONTEXT(2) 
PARAMETRIC_REPRESENTATION_CONTEXT() REPRESENTATION_CONTEXT('2D SPACE',''
  ) );
#5922 = ORIENTED_EDGE('',*,*,#5792,.T.);
#5923 = ORIENTED_EDGE('',*,*,#5530,.F.);
#5924 = ADVANCED_FACE('',(#5925),#5292,.T.);
#5925 = FACE_BOUND('',#5926,.T.);
#5926 = EDGE_LOOP('',(#5927,#5928,#5951,#5979,#5998));
#5927 = ORIENTED_EDGE('',*,*,#5276,.F.);
#5928 = ORIENTED_EDGE('',*,*,#5929,.T.);
#5929 = EDGE_CURVE('',#5277,#5930,#5932,.T.);
#5930 = VERTEX_POINT('',#5931);
#5931 = CARTESIAN_POINT('',(-5.,2.75,-0.8));
#5932 = SURFACE_CURVE('',#5933,(#5937,#5944),.PCURVE_S1.);
#5933 = LINE('',#5934,#5935);
#5934 = CARTESIAN_POINT('',(-5.,2.75,-2.));
#5935 = VECTOR('',#5936,1.);
#5936 = DIRECTION('',(0.,0.,1.));
#5937 = PCURVE('',#5292,#5938);
#5938 = DEFINITIONAL_REPRESENTATION('',(#5939),#5943);
#5939 = LINE('',#5940,#5941);
#5940 = CARTESIAN_POINT('',(0.,0.));
#5941 = VECTOR('',#5942,1.);
#5942 = DIRECTION('',(1.,0.));
#5943 = ( GEOMETRIC_REPRESENTATION_CONTEXT(2) 
PARAMETRIC_REPRESENTATION_CONTEXT() REPRESENTATION_CONTEXT('2D SPACE',''
  ) );
#5944 = PCURVE('',#5320,#5945);
#5945 = DEFINITIONAL_REPRESENTATION('',(#5946),#5950);
#5946 = LINE('',#5947,#5948);
#5947 = CARTESIAN_POINT('',(0.,-5.5));
#5948 = VECTOR('',#5949,1.);
#5949 = DIRECTION('',(1.,0.));
#5950 = ( GEOMETRIC_REPRESENTATION_CONTEXT(2) 
PARAMETRIC_REPRESENTATION_CONTEXT() REPRESENTATION_CONTEXT('2D SPACE',''
  ) );
#5951 = ORIENTED_EDGE('',*,*,#5952,.T.);
#5952 = EDGE_CURVE('',#5930,#5953,#5955,.T.);
#5953 = VERTEX_POINT('',#5954);
#5954 = CARTESIAN_POINT('',(-4.175823272123,2.75,-0.8));
#5955 = SURFACE_CURVE('',#5956,(#5960,#5967),.PCURVE_S1.);
#5956 = LINE('',#5957,#5958);
#5957 = CARTESIAN_POINT('',(-5.,2.75,-0.8));
#5958 = VECTOR('',#5959,1.);
#5959 = DIRECTION('',(1.,0.,-0.));
#5960 = PCURVE('',#5292,#5961);
#5961 = DEFINITIONAL_REPRESENTATION('',(#5962),#5966);
#5962 = LINE('',#5963,#5964);
#5963 = CARTESIAN_POINT('',(1.2,0.));
#5964 = VECTOR('',#5965,1.);
#5965 = DIRECTION('',(0.,1.));
#5966 = ( GEOMETRIC_REPRESENTATION_CONTEXT(2) 
PARAMETRIC_REPRESENTATION_CONTEXT() REPRESENTATION_CONTEXT('2D SPACE',''
  ) );
#5967 = PCURVE('',#5968,#5973);
#5968 = PLANE('',#5969);
#5969 = AXIS2_PLACEMENT_3D('',#5970,#5971,#5972);
#5970 = CARTESIAN_POINT('',(-5.,-2.75,-0.8));
#5971 = DIRECTION('',(0.,0.,1.));
#5972 = DIRECTION('',(1.,0.,-0.));
#5973 = DEFINITIONAL_REPRESENTATION('',(#5974),#5978);
#5974 = LINE('',#5975,#5976);
#5975 = CARTESIAN_POINT('',(0.,5.5));
#5976 = VECTOR('',#5977,1.);
#5977 = DIRECTION('',(1.,0.));
#5978 = ( GEOMETRIC_REPRESENTATION_CONTEXT(2) 
PARAMETRIC_REPRESENTATION_CONTEXT() REPRESENTATION_CONTEXT('2D SPACE',''
  ) );
#5979 = ORIENTED_EDGE('',*,*,#5980,.F.);
#5980 = EDGE_CURVE('',#5822,#5953,#5981,.T.);
#5981 = SURFACE_CURVE('',#5982,(#5986,#5992),.PCURVE_S1.);
#5982 = LINE('',#5983,#5984);
#5983 = CARTESIAN_POINT('',(-4.175823272123,2.75,-2.));
#5984 = VECTOR('',#5985,1.);
#5985 = DIRECTION('',(0.,0.,1.));
#5986 = PCURVE('',#5292,#5987);
#5987 = DEFINITIONAL_REPRESENTATION('',(#5988),#5991);
#5988 = B_SPLINE_CURVE_WITH_KNOTS('',1,(#5989,#5990),.UNSPECIFIED.,.F.,
  .F.,(2,2),(0.599993225049,1.32),.PIECEWISE_BEZIER_KNOTS.);
#5989 = CARTESIAN_POINT('',(0.599993225049,0.824176727877));
#5990 = CARTESIAN_POINT('',(1.32,0.824176727877));
#5991 = ( GEOMETRIC_REPRESENTATION_CONTEXT(2) 
PARAMETRIC_REPRESENTATION_CONTEXT() REPRESENTATION_CONTEXT('2D SPACE',''
  ) );
#5992 = PCURVE('',#5727,#5993);
#5993 = DEFINITIONAL_REPRESENTATION('',(#5994),#5997);
#5994 = B_SPLINE_CURVE_WITH_KNOTS('',1,(#5995,#5996),.UNSPECIFIED.,.F.,
  .F.,(2,2),(0.599993225049,1.32),.PIECEWISE_BEZIER_KNOTS.);
#5995 = CARTESIAN_POINT('',(2.559228415721,0.599993225049));
#5996 = CARTESIAN_POINT('',(2.559228415721,1.32));
#5997 = ( GEOMETRIC_REPRESENTATION_CONTEXT(2) 
PARAMETRIC_REPRESENTATION_CONTEXT() REPRESENTATION_CONTEXT('2D SPACE',''
  ) );
#5998 = ORIENTED_EDGE('',*,*,#5845,.T.);
#5999 = ADVANCED_FACE('',(#6000),#5518,.T.);
#6000 = FACE_BOUND('',#6001,.T.);
#6001 = EDGE_LOOP('',(#6002,#6003,#6004,#6025,#6053));
#6002 = ORIENTED_EDGE('',*,*,#5502,.F.);
#6003 = ORIENTED_EDGE('',*,*,#5874,.T.);
#6004 = ORIENTED_EDGE('',*,*,#6005,.T.);
#6005 = EDGE_CURVE('',#5875,#6006,#6008,.T.);
#6006 = VERTEX_POINT('',#6007);
#6007 = CARTESIAN_POINT('',(24.175823272122,2.75,-0.8));
#6008 = SURFACE_CURVE('',#6009,(#6013,#6019),.PCURVE_S1.);
#6009 = LINE('',#6010,#6011);
#6010 = CARTESIAN_POINT('',(24.175823272123,2.75,-2.));
#6011 = VECTOR('',#6012,1.);
#6012 = DIRECTION('',(0.,0.,1.));
#6013 = PCURVE('',#5518,#6014);
#6014 = DEFINITIONAL_REPRESENTATION('',(#6015),#6018);
#6015 = B_SPLINE_CURVE_WITH_KNOTS('',1,(#6016,#6017),.UNSPECIFIED.,.F.,
  .F.,(2,2),(0.599993225049,1.32),.PIECEWISE_BEZIER_KNOTS.);
#6016 = CARTESIAN_POINT('',(0.599993225049,29.175823272123));
#6017 = CARTESIAN_POINT('',(1.32,29.175823272123));
#6018 = ( GEOMETRIC_REPRESENTATION_CONTEXT(2) 
PARAMETRIC_REPRESENTATION_CONTEXT() REPRESENTATION_CONTEXT('2D SPACE',''
  ) );
#6019 = PCURVE('',#5781,#6020);
#6020 = DEFINITIONAL_REPRESENTATION('',(#6021),#6024);
#6021 = B_SPLINE_CURVE_WITH_KNOTS('',1,(#6022,#6023),.UNSPECIFIED.,.F.,
  .F.,(2,2),(0.599993225049,1.32),.PIECEWISE_BEZIER_KNOTS.);
#6022 = CARTESIAN_POINT('',(0.582364237869,0.599993225049));
#6023 = CARTESIAN_POINT('',(0.582364237869,1.32));
#6024 = ( GEOMETRIC_REPRESENTATION_CONTEXT(2) 
PARAMETRIC_REPRESENTATION_CONTEXT() REPRESENTATION_CONTEXT('2D SPACE',''
  ) );
#6025 = ORIENTED_EDGE('',*,*,#6026,.T.);
#6026 = EDGE_CURVE('',#6006,#6027,#6029,.T.);
#6027 = VERTEX_POINT('',#6028);
#6028 = CARTESIAN_POINT('',(25.,2.75,-0.8));
#6029 = SURFACE_CURVE('',#6030,(#6034,#6041),.PCURVE_S1.);
#6030 = LINE('',#6031,#6032);
#6031 = CARTESIAN_POINT('',(-5.,2.75,-0.8));
#6032 = VECTOR('',#6033,1.);
#6033 = DIRECTION('',(1.,0.,-0.));
#6034 = PCURVE('',#5518,#6035);
#6035 = DEFINITIONAL_REPRESENTATION('',(#6036),#6040);
#6036 = LINE('',#6037,#6038);
#6037 = CARTESIAN_POINT('',(1.2,0.));
#6038 = VECTOR('',#6039,1.);
#6039 = DIRECTION('',(0.,1.));
#6040 = ( GEOMETRIC_REPRESENTATION_CONTEXT(2) 
PARAMETRIC_REPRESENTATION_CONTEXT() REPRESENTATION_CONTEXT('2D SPACE',''
  ) );
#6041 = PCURVE('',#6042,#6047);
#6042 = PLANE('',#6043);
#6043 = AXIS2_PLACEMENT_3D('',#6044,#6045,#6046);
#6044 = CARTESIAN_POINT('',(-5.,-2.75,-0.8));
#6045 = DIRECTION('',(0.,0.,1.));
#6046 = DIRECTION('',(1.,0.,-0.));
#6047 = DEFINITIONAL_REPRESENTATION('',(#6048),#6052);
#6048 = LINE('',#6049,#6050);
#6049 = CARTESIAN_POINT('',(0.,5.5));
#6050 = VECTOR('',#6051,1.);
#6051 = DIRECTION('',(1.,0.));
#6052 = ( GEOMETRIC_REPRESENTATION_CONTEXT(2) 
PARAMETRIC_REPRESENTATION_CONTEXT() REPRESENTATION_CONTEXT('2D SPACE',''
  ) );
#6053 = ORIENTED_EDGE('',*,*,#6054,.F.);
#6054 = EDGE_CURVE('',#5475,#6027,#6055,.T.);
#6055 = SURFACE_CURVE('',#6056,(#6060,#6067),.PCURVE_S1.);
#6056 = LINE('',#6057,#6058);
#6057 = CARTESIAN_POINT('',(25.,2.75,-2.));
#6058 = VECTOR('',#6059,1.);
#6059 = DIRECTION('',(0.,0.,1.));
#6060 = PCURVE('',#5518,#6061);
#6061 = DEFINITIONAL_REPRESENTATION('',(#6062),#6066);
#6062 = LINE('',#6063,#6064);
#6063 = CARTESIAN_POINT('',(0.,30.));
#6064 = VECTOR('',#6065,1.);
#6065 = DIRECTION('',(1.,0.));
#6066 = ( GEOMETRIC_REPRESENTATION_CONTEXT(2) 
PARAMETRIC_REPRESENTATION_CONTEXT() REPRESENTATION_CONTEXT('2D SPACE',''
  ) );
#6067 = PCURVE('',#5490,#6068);
#6068 = DEFINITIONAL_REPRESENTATION('',(#6069),#6073);
#6069 = LINE('',#6070,#6071);
#6070 = CARTESIAN_POINT('',(0.,-5.5));
#6071 = VECTOR('',#6072,1.);
#6072 = DIRECTION('',(1.,0.));
#6073 = ( GEOMETRIC_REPRESENTATION_CONTEXT(2) 
PARAMETRIC_REPRESENTATION_CONTEXT() REPRESENTATION_CONTEXT('2D SPACE',''
  ) );
#6074 = ADVANCED_FACE('',(#6075),#5320,.F.);
#6075 = FACE_BOUND('',#6076,.F.);
#6076 = EDGE_LOOP('',(#6077,#6100,#6101,#6102,#6125,#6153,#6181,#6209,
    #6237,#6265,#6293,#6321));
#6077 = ORIENTED_EDGE('',*,*,#6078,.F.);
#6078 = EDGE_CURVE('',#5305,#6079,#6081,.T.);
#6079 = VERTEX_POINT('',#6080);
#6080 = CARTESIAN_POINT('',(-5.,-2.75,-0.8));
#6081 = SURFACE_CURVE('',#6082,(#6086,#6093),.PCURVE_S1.);
#6082 = LINE('',#6083,#6084);
#6083 = CARTESIAN_POINT('',(-5.,-2.75,-2.));
#6084 = VECTOR('',#6085,1.);
#6085 = DIRECTION('',(0.,0.,1.));
#6086 = PCURVE('',#5320,#6087);
#6087 = DEFINITIONAL_REPRESENTATION('',(#6088),#6092);
#6088 = LINE('',#6089,#6090);
#6089 = CARTESIAN_POINT('',(0.,0.));
#6090 = VECTOR('',#6091,1.);
#6091 = DIRECTION('',(1.,0.));
#6092 = ( GEOMETRIC_REPRESENTATION_CONTEXT(2) 
PARAMETRIC_REPRESENTATION_CONTEXT() REPRESENTATION_CONTEXT('2D SPACE',''
  ) );
#6093 = PCURVE('',#5348,#6094);
#6094 = DEFINITIONAL_REPRESENTATION('',(#6095),#6099);
#6095 = LINE('',#6096,#6097);
#6096 = CARTESIAN_POINT('',(0.,0.));
#6097 = VECTOR('',#6098,1.);
#6098 = DIRECTION('',(1.,0.));
#6099 = ( GEOMETRIC_REPRESENTATION_CONTEXT(2) 
PARAMETRIC_REPRESENTATION_CONTEXT() REPRESENTATION_CONTEXT('2D SPACE',''
  ) );
#6100 = ORIENTED_EDGE('',*,*,#5304,.T.);
#6101 = ORIENTED_EDGE('',*,*,#5929,.T.);
#6102 = ORIENTED_EDGE('',*,*,#6103,.F.);
#6103 = EDGE_CURVE('',#6104,#5930,#6106,.T.);
#6104 = VERTEX_POINT('',#6105);
#6105 = CARTESIAN_POINT('',(-5.,1.2375,-0.8));
#6106 = SURFACE_CURVE('',#6107,(#6111,#6118),.PCURVE_S1.);
#6107 = LINE('',#6108,#6109);
#6108 = CARTESIAN_POINT('',(-5.,-2.75,-0.8));
#6109 = VECTOR('',#6110,1.);
#6110 = DIRECTION('',(-0.,1.,0.));
#6111 = PCURVE('',#5320,#6112);
#6112 = DEFINITIONAL_REPRESENTATION('',(#6113),#6117);
#6113 = LINE('',#6114,#6115);
#6114 = CARTESIAN_POINT('',(1.2,0.));
#6115 = VECTOR('',#6116,1.);
#6116 = DIRECTION('',(0.,-1.));
#6117 = ( GEOMETRIC_REPRESENTATION_CONTEXT(2) 
PARAMETRIC_REPRESENTATION_CONTEXT() REPRESENTATION_CONTEXT('2D SPACE',''
  ) );
#6118 = PCURVE('',#5968,#6119);
#6119 = DEFINITIONAL_REPRESENTATION('',(#6120),#6124);
#6120 = LINE('',#6121,#6122);
#6121 = CARTESIAN_POINT('',(0.,0.));
#6122 = VECTOR('',#6123,1.);
#6123 = DIRECTION('',(0.,1.));
#6124 = ( GEOMETRIC_REPRESENTATION_CONTEXT(2) 
PARAMETRIC_REPRESENTATION_CONTEXT() REPRESENTATION_CONTEXT('2D SPACE',''
  ) );
#6125 = ORIENTED_EDGE('',*,*,#6126,.T.);
#6126 = EDGE_CURVE('',#6104,#6127,#6129,.T.);
#6127 = VERTEX_POINT('',#6128);
#6128 = CARTESIAN_POINT('',(-5.,1.2375,0.8));
#6129 = SURFACE_CURVE('',#6130,(#6134,#6141),.PCURVE_S1.);
#6130 = LINE('',#6131,#6132);
#6131 = CARTESIAN_POINT('',(-5.,1.2375,-0.8));
#6132 = VECTOR('',#6133,1.);
#6133 = DIRECTION('',(0.,0.,1.));
#6134 = PCURVE('',#5320,#6135);
#6135 = DEFINITIONAL_REPRESENTATION('',(#6136),#6140);
#6136 = LINE('',#6137,#6138);
#6137 = CARTESIAN_POINT('',(1.2,-3.9875));
#6138 = VECTOR('',#6139,1.);
#6139 = DIRECTION('',(1.,0.));
#6140 = ( GEOMETRIC_REPRESENTATION_CONTEXT(2) 
PARAMETRIC_REPRESENTATION_CONTEXT() REPRESENTATION_CONTEXT('2D SPACE',''
  ) );
#6141 = PCURVE('',#6142,#6147);
#6142 = PLANE('',#6143);
#6143 = AXIS2_PLACEMENT_3D('',#6144,#6145,#6146);
#6144 = CARTESIAN_POINT('',(-5.,1.2375,-0.8));
#6145 = DIRECTION('',(-0.,1.,0.));
#6146 = DIRECTION('',(0.,0.,1.));
#6147 = DEFINITIONAL_REPRESENTATION('',(#6148),#6152);
#6148 = LINE('',#6149,#6150);
#6149 = CARTESIAN_POINT('',(0.,0.));
#6150 = VECTOR('',#6151,1.);
#6151 = DIRECTION('',(1.,0.));
#6152 = ( GEOMETRIC_REPRESENTATION_CONTEXT(2) 
PARAMETRIC_REPRESENTATION_CONTEXT() REPRESENTATION_CONTEXT('2D SPACE',''
  ) );
#6153 = ORIENTED_EDGE('',*,*,#6154,.T.);
#6154 = EDGE_CURVE('',#6127,#6155,#6157,.T.);
#6155 = VERTEX_POINT('',#6156);
#6156 = CARTESIAN_POINT('',(-5.,2.75,0.8));
#6157 = SURFACE_CURVE('',#6158,(#6162,#6169),.PCURVE_S1.);
#6158 = LINE('',#6159,#6160);
#6159 = CARTESIAN_POINT('',(-5.,-2.75,0.8));
#6160 = VECTOR('',#6161,1.);
#6161 = DIRECTION('',(-0.,1.,0.));
#6162 = PCURVE('',#5320,#6163);
#6163 = DEFINITIONAL_REPRESENTATION('',(#6164),#6168);
#6164 = LINE('',#6165,#6166);
#6165 = CARTESIAN_POINT('',(2.8,0.));
#6166 = VECTOR('',#6167,1.);
#6167 = DIRECTION('',(0.,-1.));
#6168 = ( GEOMETRIC_REPRESENTATION_CONTEXT(2) 
PARAMETRIC_REPRESENTATION_CONTEXT() REPRESENTATION_CONTEXT('2D SPACE',''
  ) );
#6169 = PCURVE('',#6170,#6175);
#6170 = PLANE('',#6171);
#6171 = AXIS2_PLACEMENT_3D('',#6172,#6173,#6174);
#6172 = CARTESIAN_POINT('',(-5.,-2.75,0.8));
#6173 = DIRECTION('',(0.,0.,1.));
#6174 = DIRECTION('',(1.,0.,-0.));
#6175 = DEFINITIONAL_REPRESENTATION('',(#6176),#6180);
#6176 = LINE('',#6177,#6178);
#6177 = CARTESIAN_POINT('',(0.,0.));
#6178 = VECTOR('',#6179,1.);
#6179 = DIRECTION('',(0.,1.));
#6180 = ( GEOMETRIC_REPRESENTATION_CONTEXT(2) 
PARAMETRIC_REPRESENTATION_CONTEXT() REPRESENTATION_CONTEXT('2D SPACE',''
  ) );
#6181 = ORIENTED_EDGE('',*,*,#6182,.T.);
#6182 = EDGE_CURVE('',#6155,#6183,#6185,.T.);
#6183 = VERTEX_POINT('',#6184);
#6184 = CARTESIAN_POINT('',(-5.,2.75,2.));
#6185 = SURFACE_CURVE('',#6186,(#6190,#6197),.PCURVE_S1.);
#6186 = LINE('',#6187,#6188);
#6187 = CARTESIAN_POINT('',(-5.,2.75,0.8));
#6188 = VECTOR('',#6189,1.);
#6189 = DIRECTION('',(0.,0.,1.));
#6190 = PCURVE('',#5320,#6191);
#6191 = DEFINITIONAL_REPRESENTATION('',(#6192),#6196);
#6192 = LINE('',#6193,#6194);
#6193 = CARTESIAN_POINT('',(2.8,-5.5));
#6194 = VECTOR('',#6195,1.);
#6195 = DIRECTION('',(1.,0.));
#6196 = ( GEOMETRIC_REPRESENTATION_CONTEXT(2) 
PARAMETRIC_REPRESENTATION_CONTEXT() REPRESENTATION_CONTEXT('2D SPACE',''
  ) );
#6197 = PCURVE('',#6198,#6203);
#6198 = PLANE('',#6199);
#6199 = AXIS2_PLACEMENT_3D('',#6200,#6201,#6202);
#6200 = CARTESIAN_POINT('',(-5.,2.75,0.8));
#6201 = DIRECTION('',(-0.,1.,0.));
#6202 = DIRECTION('',(0.,0.,1.));
#6203 = DEFINITIONAL_REPRESENTATION('',(#6204),#6208);
#6204 = LINE('',#6205,#6206);
#6205 = CARTESIAN_POINT('',(0.,0.));
#6206 = VECTOR('',#6207,1.);
#6207 = DIRECTION('',(1.,0.));
#6208 = ( GEOMETRIC_REPRESENTATION_CONTEXT(2) 
PARAMETRIC_REPRESENTATION_CONTEXT() REPRESENTATION_CONTEXT('2D SPACE',''
  ) );
#6209 = ORIENTED_EDGE('',*,*,#6210,.F.);
#6210 = EDGE_CURVE('',#6211,#6183,#6213,.T.);
#6211 = VERTEX_POINT('',#6212);
#6212 = CARTESIAN_POINT('',(-5.,-2.75,2.));
#6213 = SURFACE_CURVE('',#6214,(#6218,#6225),.PCURVE_S1.);
#6214 = LINE('',#6215,#6216);
#6215 = CARTESIAN_POINT('',(-5.,-2.75,2.));
#6216 = VECTOR('',#6217,1.);
#6217 = DIRECTION('',(-0.,1.,0.));
#6218 = PCURVE('',#5320,#6219);
#6219 = DEFINITIONAL_REPRESENTATION('',(#6220),#6224);
#6220 = LINE('',#6221,#6222);
#6221 = CARTESIAN_POINT('',(4.,0.));
#6222 = VECTOR('',#6223,1.);
#6223 = DIRECTION('',(0.,-1.));
#6224 = ( GEOMETRIC_REPRESENTATION_CONTEXT(2) 
PARAMETRIC_REPRESENTATION_CONTEXT() REPRESENTATION_CONTEXT('2D SPACE',''
  ) );
#6225 = PCURVE('',#6226,#6231);
#6226 = PLANE('',#6227);
#6227 = AXIS2_PLACEMENT_3D('',#6228,#6229,#6230);
#6228 = CARTESIAN_POINT('',(-5.,-2.75,2.));
#6229 = DIRECTION('',(0.,0.,1.));
#6230 = DIRECTION('',(1.,0.,-0.));
#6231 = DEFINITIONAL_REPRESENTATION('',(#6232),#6236);
#6232 = LINE('',#6233,#6234);
#6233 = CARTESIAN_POINT('',(0.,0.));
#6234 = VECTOR('',#6235,1.);
#6235 = DIRECTION('',(0.,1.));
#6236 = ( GEOMETRIC_REPRESENTATION_CONTEXT(2) 
PARAMETRIC_REPRESENTATION_CONTEXT() REPRESENTATION_CONTEXT('2D SPACE',''
  ) );
#6237 = ORIENTED_EDGE('',*,*,#6238,.F.);
#6238 = EDGE_CURVE('',#6239,#6211,#6241,.T.);
#6239 = VERTEX_POINT('',#6240);
#6240 = CARTESIAN_POINT('',(-5.,-2.75,0.8));
#6241 = SURFACE_CURVE('',#6242,(#6246,#6253),.PCURVE_S1.);
#6242 = LINE('',#6243,#6244);
#6243 = CARTESIAN_POINT('',(-5.,-2.75,0.8));
#6244 = VECTOR('',#6245,1.);
#6245 = DIRECTION('',(0.,0.,1.));
#6246 = PCURVE('',#5320,#6247);
#6247 = DEFINITIONAL_REPRESENTATION('',(#6248),#6252);
#6248 = LINE('',#6249,#6250);
#6249 = CARTESIAN_POINT('',(2.8,0.));
#6250 = VECTOR('',#6251,1.);
#6251 = DIRECTION('',(1.,0.));
#6252 = ( GEOMETRIC_REPRESENTATION_CONTEXT(2) 
PARAMETRIC_REPRESENTATION_CONTEXT() REPRESENTATION_CONTEXT('2D SPACE',''
  ) );
#6253 = PCURVE('',#6254,#6259);
#6254 = PLANE('',#6255);
#6255 = AXIS2_PLACEMENT_3D('',#6256,#6257,#6258);
#6256 = CARTESIAN_POINT('',(-5.,-2.75,0.8));
#6257 = DIRECTION('',(-0.,1.,0.));
#6258 = DIRECTION('',(0.,0.,1.));
#6259 = DEFINITIONAL_REPRESENTATION('',(#6260),#6264);
#6260 = LINE('',#6261,#6262);
#6261 = CARTESIAN_POINT('',(0.,0.));
#6262 = VECTOR('',#6263,1.);
#6263 = DIRECTION('',(1.,0.));
#6264 = ( GEOMETRIC_REPRESENTATION_CONTEXT(2) 
PARAMETRIC_REPRESENTATION_CONTEXT() REPRESENTATION_CONTEXT('2D SPACE',''
  ) );
#6265 = ORIENTED_EDGE('',*,*,#6266,.T.);
#6266 = EDGE_CURVE('',#6239,#6267,#6269,.T.);
#6267 = VERTEX_POINT('',#6268);
#6268 = CARTESIAN_POINT('',(-5.,-1.2375,0.8));
#6269 = SURFACE_CURVE('',#6270,(#6274,#6281),.PCURVE_S1.);
#6270 = LINE('',#6271,#6272);
#6271 = CARTESIAN_POINT('',(-5.,-2.75,0.8));
#6272 = VECTOR('',#6273,1.);
#6273 = DIRECTION('',(-0.,1.,0.));
#6274 = PCURVE('',#5320,#6275);
#6275 = DEFINITIONAL_REPRESENTATION('',(#6276),#6280);
#6276 = LINE('',#6277,#6278);
#6277 = CARTESIAN_POINT('',(2.8,0.));
#6278 = VECTOR('',#6279,1.);
#6279 = DIRECTION('',(0.,-1.));
#6280 = ( GEOMETRIC_REPRESENTATION_CONTEXT(2) 
PARAMETRIC_REPRESENTATION_CONTEXT() REPRESENTATION_CONTEXT('2D SPACE',''
  ) );
#6281 = PCURVE('',#6282,#6287);
#6282 = PLANE('',#6283);
#6283 = AXIS2_PLACEMENT_3D('',#6284,#6285,#6286);
#6284 = CARTESIAN_POINT('',(-5.,-2.75,0.8));
#6285 = DIRECTION('',(0.,0.,1.));
#6286 = DIRECTION('',(1.,0.,-0.));
#6287 = DEFINITIONAL_REPRESENTATION('',(#6288),#6292);
#6288 = LINE('',#6289,#6290);
#6289 = CARTESIAN_POINT('',(0.,0.));
#6290 = VECTOR('',#6291,1.);
#6291 = DIRECTION('',(0.,1.));
#6292 = ( GEOMETRIC_REPRESENTATION_CONTEXT(2) 
PARAMETRIC_REPRESENTATION_CONTEXT() REPRESENTATION_CONTEXT('2D SPACE',''
  ) );
#6293 = ORIENTED_EDGE('',*,*,#6294,.F.);
#6294 = EDGE_CURVE('',#6295,#6267,#6297,.T.);
#6295 = VERTEX_POINT('',#6296);
#6296 = CARTESIAN_POINT('',(-5.,-1.2375,-0.8));
#6297 = SURFACE_CURVE('',#6298,(#6302,#6309),.PCURVE_S1.);
#6298 = LINE('',#6299,#6300);
#6299 = CARTESIAN_POINT('',(-5.,-1.2375,-0.8));
#6300 = VECTOR('',#6301,1.);
#6301 = DIRECTION('',(0.,0.,1.));
#6302 = PCURVE('',#5320,#6303);
#6303 = DEFINITIONAL_REPRESENTATION('',(#6304),#6308);
#6304 = LINE('',#6305,#6306);
#6305 = CARTESIAN_POINT('',(1.2,-1.5125));
#6306 = VECTOR('',#6307,1.);
#6307 = DIRECTION('',(1.,0.));
#6308 = ( GEOMETRIC_REPRESENTATION_CONTEXT(2) 
PARAMETRIC_REPRESENTATION_CONTEXT() REPRESENTATION_CONTEXT('2D SPACE',''
  ) );
#6309 = PCURVE('',#6310,#6315);
#6310 = PLANE('',#6311);
#6311 = AXIS2_PLACEMENT_3D('',#6312,#6313,#6314);
#6312 = CARTESIAN_POINT('',(-5.,-1.2375,-0.8));
#6313 = DIRECTION('',(-0.,1.,0.));
#6314 = DIRECTION('',(0.,0.,1.));
#6315 = DEFINITIONAL_REPRESENTATION('',(#6316),#6320);
#6316 = LINE('',#6317,#6318);
#6317 = CARTESIAN_POINT('',(0.,0.));
#6318 = VECTOR('',#6319,1.);
#6319 = DIRECTION('',(1.,0.));
#6320 = ( GEOMETRIC_REPRESENTATION_CONTEXT(2) 
PARAMETRIC_REPRESENTATION_CONTEXT() REPRESENTATION_CONTEXT('2D SPACE',''
  ) );
#6321 = ORIENTED_EDGE('',*,*,#6322,.F.);
#6322 = EDGE_CURVE('',#6079,#6295,#6323,.T.);
#6323 = SURFACE_CURVE('',#6324,(#6328,#6335),.PCURVE_S1.);
#6324 = LINE('',#6325,#6326);
#6325 = CARTESIAN_POINT('',(-5.,-2.75,-0.8));
#6326 = VECTOR('',#6327,1.);
#6327 = DIRECTION('',(-0.,1.,0.));
#6328 = PCURVE('',#5320,#6329);
#6329 = DEFINITIONAL_REPRESENTATION('',(#6330),#6334);
#6330 = LINE('',#6331,#6332);
#6331 = CARTESIAN_POINT('',(1.2,0.));
#6332 = VECTOR('',#6333,1.);
#6333 = DIRECTION('',(0.,-1.));
#6334 = ( GEOMETRIC_REPRESENTATION_CONTEXT(2) 
PARAMETRIC_REPRESENTATION_CONTEXT() REPRESENTATION_CONTEXT('2D SPACE',''
  ) );
#6335 = PCURVE('',#6336,#6341);
#6336 = PLANE('',#6337);
#6337 = AXIS2_PLACEMENT_3D('',#6338,#6339,#6340);
#6338 = CARTESIAN_POINT('',(-5.,-2.75,-0.8));
#6339 = DIRECTION('',(0.,0.,1.));
#6340 = DIRECTION('',(1.,0.,-0.));
#6341 = DEFINITIONAL_REPRESENTATION('',(#6342),#6346);
#6342 = LINE('',#6343,#6344);
#6343 = CARTESIAN_POINT('',(0.,0.));
#6344 = VECTOR('',#6345,1.);
#6345 = DIRECTION('',(0.,1.));
#6346 = ( GEOMETRIC_REPRESENTATION_CONTEXT(2) 
PARAMETRIC_REPRESENTATION_CONTEXT() REPRESENTATION_CONTEXT('2D SPACE',''
  ) );
#6347 = ADVANCED_FACE('',(#6348),#5490,.T.);
#6348 = FACE_BOUND('',#6349,.T.);
#6349 = EDGE_LOOP('',(#6350,#6373,#6374,#6375,#6398,#6426,#6454,#6482,
    #6505,#6533,#6561,#6589));
#6350 = ORIENTED_EDGE('',*,*,#6351,.F.);
#6351 = EDGE_CURVE('',#5447,#6352,#6354,.T.);
#6352 = VERTEX_POINT('',#6353);
#6353 = CARTESIAN_POINT('',(25.,-2.75,-0.8));
#6354 = SURFACE_CURVE('',#6355,(#6359,#6366),.PCURVE_S1.);
#6355 = LINE('',#6356,#6357);
#6356 = CARTESIAN_POINT('',(25.,-2.75,-2.));
#6357 = VECTOR('',#6358,1.);
#6358 = DIRECTION('',(0.,0.,1.));
#6359 = PCURVE('',#5490,#6360);
#6360 = DEFINITIONAL_REPRESENTATION('',(#6361),#6365);
#6361 = LINE('',#6362,#6363);
#6362 = CARTESIAN_POINT('',(0.,0.));
#6363 = VECTOR('',#6364,1.);
#6364 = DIRECTION('',(1.,0.));
#6365 = ( GEOMETRIC_REPRESENTATION_CONTEXT(2) 
PARAMETRIC_REPRESENTATION_CONTEXT() REPRESENTATION_CONTEXT('2D SPACE',''
  ) );
#6366 = PCURVE('',#5462,#6367);
#6367 = DEFINITIONAL_REPRESENTATION('',(#6368),#6372);
#6368 = LINE('',#6369,#6370);
#6369 = CARTESIAN_POINT('',(0.,30.));
#6370 = VECTOR('',#6371,1.);
#6371 = DIRECTION('',(1.,0.));
#6372 = ( GEOMETRIC_REPRESENTATION_CONTEXT(2) 
PARAMETRIC_REPRESENTATION_CONTEXT() REPRESENTATION_CONTEXT('2D SPACE',''
  ) );
#6373 = ORIENTED_EDGE('',*,*,#5474,.T.);
#6374 = ORIENTED_EDGE('',*,*,#6054,.T.);
#6375 = ORIENTED_EDGE('',*,*,#6376,.F.);
#6376 = EDGE_CURVE('',#6377,#6027,#6379,.T.);
#6377 = VERTEX_POINT('',#6378);
#6378 = CARTESIAN_POINT('',(25.,1.2375,-0.8));
#6379 = SURFACE_CURVE('',#6380,(#6384,#6391),.PCURVE_S1.);
#6380 = LINE('',#6381,#6382);
#6381 = CARTESIAN_POINT('',(25.,-2.75,-0.8));
#6382 = VECTOR('',#6383,1.);
#6383 = DIRECTION('',(-0.,1.,0.));
#6384 = PCURVE('',#5490,#6385);
#6385 = DEFINITIONAL_REPRESENTATION('',(#6386),#6390);
#6386 = LINE('',#6387,#6388);
#6387 = CARTESIAN_POINT('',(1.2,0.));
#6388 = VECTOR('',#6389,1.);
#6389 = DIRECTION('',(0.,-1.));
#6390 = ( GEOMETRIC_REPRESENTATION_CONTEXT(2) 
PARAMETRIC_REPRESENTATION_CONTEXT() REPRESENTATION_CONTEXT('2D SPACE',''
  ) );
#6391 = PCURVE('',#6042,#6392);
#6392 = DEFINITIONAL_REPRESENTATION('',(#6393),#6397);
#6393 = LINE('',#6394,#6395);
#6394 = CARTESIAN_POINT('',(30.,0.));
#6395 = VECTOR('',#6396,1.);
#6396 = DIRECTION('',(0.,1.));
#6397 = ( GEOMETRIC_REPRESENTATION_CONTEXT(2) 
PARAMETRIC_REPRESENTATION_CONTEXT() REPRESENTATION_CONTEXT('2D SPACE',''
  ) );
#6398 = ORIENTED_EDGE('',*,*,#6399,.T.);
#6399 = EDGE_CURVE('',#6377,#6400,#6402,.T.);
#6400 = VERTEX_POINT('',#6401);
#6401 = CARTESIAN_POINT('',(25.,1.2375,0.8));
#6402 = SURFACE_CURVE('',#6403,(#6407,#6414),.PCURVE_S1.);
#6403 = LINE('',#6404,#6405);
#6404 = CARTESIAN_POINT('',(25.,1.2375,-0.8));
#6405 = VECTOR('',#6406,1.);
#6406 = DIRECTION('',(0.,0.,1.));
#6407 = PCURVE('',#5490,#6408);
#6408 = DEFINITIONAL_REPRESENTATION('',(#6409),#6413);
#6409 = LINE('',#6410,#6411);
#6410 = CARTESIAN_POINT('',(1.2,-3.9875));
#6411 = VECTOR('',#6412,1.);
#6412 = DIRECTION('',(1.,0.));
#6413 = ( GEOMETRIC_REPRESENTATION_CONTEXT(2) 
PARAMETRIC_REPRESENTATION_CONTEXT() REPRESENTATION_CONTEXT('2D SPACE',''
  ) );
#6414 = PCURVE('',#6415,#6420);
#6415 = PLANE('',#6416);
#6416 = AXIS2_PLACEMENT_3D('',#6417,#6418,#6419);
#6417 = CARTESIAN_POINT('',(-5.,1.2375,-0.8));
#6418 = DIRECTION('',(-0.,1.,0.));
#6419 = DIRECTION('',(0.,0.,1.));
#6420 = DEFINITIONAL_REPRESENTATION('',(#6421),#6425);
#6421 = LINE('',#6422,#6423);
#6422 = CARTESIAN_POINT('',(0.,30.));
#6423 = VECTOR('',#6424,1.);
#6424 = DIRECTION('',(1.,0.));
#6425 = ( GEOMETRIC_REPRESENTATION_CONTEXT(2) 
PARAMETRIC_REPRESENTATION_CONTEXT() REPRESENTATION_CONTEXT('2D SPACE',''
  ) );
#6426 = ORIENTED_EDGE('',*,*,#6427,.T.);
#6427 = EDGE_CURVE('',#6400,#6428,#6430,.T.);
#6428 = VERTEX_POINT('',#6429);
#6429 = CARTESIAN_POINT('',(25.,2.75,0.8));
#6430 = SURFACE_CURVE('',#6431,(#6435,#6442),.PCURVE_S1.);
#6431 = LINE('',#6432,#6433);
#6432 = CARTESIAN_POINT('',(25.,-2.75,0.8));
#6433 = VECTOR('',#6434,1.);
#6434 = DIRECTION('',(-0.,1.,0.));
#6435 = PCURVE('',#5490,#6436);
#6436 = DEFINITIONAL_REPRESENTATION('',(#6437),#6441);
#6437 = LINE('',#6438,#6439);
#6438 = CARTESIAN_POINT('',(2.8,0.));
#6439 = VECTOR('',#6440,1.);
#6440 = DIRECTION('',(0.,-1.));
#6441 = ( GEOMETRIC_REPRESENTATION_CONTEXT(2) 
PARAMETRIC_REPRESENTATION_CONTEXT() REPRESENTATION_CONTEXT('2D SPACE',''
  ) );
#6442 = PCURVE('',#6443,#6448);
#6443 = PLANE('',#6444);
#6444 = AXIS2_PLACEMENT_3D('',#6445,#6446,#6447);
#6445 = CARTESIAN_POINT('',(-5.,-2.75,0.8));
#6446 = DIRECTION('',(0.,0.,1.));
#6447 = DIRECTION('',(1.,0.,-0.));
#6448 = DEFINITIONAL_REPRESENTATION('',(#6449),#6453);
#6449 = LINE('',#6450,#6451);
#6450 = CARTESIAN_POINT('',(30.,0.));
#6451 = VECTOR('',#6452,1.);
#6452 = DIRECTION('',(0.,1.));
#6453 = ( GEOMETRIC_REPRESENTATION_CONTEXT(2) 
PARAMETRIC_REPRESENTATION_CONTEXT() REPRESENTATION_CONTEXT('2D SPACE',''
  ) );
#6454 = ORIENTED_EDGE('',*,*,#6455,.T.);
#6455 = EDGE_CURVE('',#6428,#6456,#6458,.T.);
#6456 = VERTEX_POINT('',#6457);
#6457 = CARTESIAN_POINT('',(25.,2.75,2.));
#6458 = SURFACE_CURVE('',#6459,(#6463,#6470),.PCURVE_S1.);
#6459 = LINE('',#6460,#6461);
#6460 = CARTESIAN_POINT('',(25.,2.75,0.8));
#6461 = VECTOR('',#6462,1.);
#6462 = DIRECTION('',(0.,0.,1.));
#6463 = PCURVE('',#5490,#6464);
#6464 = DEFINITIONAL_REPRESENTATION('',(#6465),#6469);
#6465 = LINE('',#6466,#6467);
#6466 = CARTESIAN_POINT('',(2.8,-5.5));
#6467 = VECTOR('',#6468,1.);
#6468 = DIRECTION('',(1.,0.));
#6469 = ( GEOMETRIC_REPRESENTATION_CONTEXT(2) 
PARAMETRIC_REPRESENTATION_CONTEXT() REPRESENTATION_CONTEXT('2D SPACE',''
  ) );
#6470 = PCURVE('',#6471,#6476);
#6471 = PLANE('',#6472);
#6472 = AXIS2_PLACEMENT_3D('',#6473,#6474,#6475);
#6473 = CARTESIAN_POINT('',(-5.,2.75,0.8));
#6474 = DIRECTION('',(-0.,1.,0.));
#6475 = DIRECTION('',(0.,0.,1.));
#6476 = DEFINITIONAL_REPRESENTATION('',(#6477),#6481);
#6477 = LINE('',#6478,#6479);
#6478 = CARTESIAN_POINT('',(0.,30.));
#6479 = VECTOR('',#6480,1.);
#6480 = DIRECTION('',(1.,0.));
#6481 = ( GEOMETRIC_REPRESENTATION_CONTEXT(2) 
PARAMETRIC_REPRESENTATION_CONTEXT() REPRESENTATION_CONTEXT('2D SPACE',''
  ) );
#6482 = ORIENTED_EDGE('',*,*,#6483,.F.);
#6483 = EDGE_CURVE('',#6484,#6456,#6486,.T.);
#6484 = VERTEX_POINT('',#6485);
#6485 = CARTESIAN_POINT('',(25.,-2.75,2.));
#6486 = SURFACE_CURVE('',#6487,(#6491,#6498),.PCURVE_S1.);
#6487 = LINE('',#6488,#6489);
#6488 = CARTESIAN_POINT('',(25.,-2.75,2.));
#6489 = VECTOR('',#6490,1.);
#6490 = DIRECTION('',(-0.,1.,0.));
#6491 = PCURVE('',#5490,#6492);
#6492 = DEFINITIONAL_REPRESENTATION('',(#6493),#6497);
#6493 = LINE('',#6494,#6495);
#6494 = CARTESIAN_POINT('',(4.,0.));
#6495 = VECTOR('',#6496,1.);
#6496 = DIRECTION('',(0.,-1.));
#6497 = ( GEOMETRIC_REPRESENTATION_CONTEXT(2) 
PARAMETRIC_REPRESENTATION_CONTEXT() REPRESENTATION_CONTEXT('2D SPACE',''
  ) );
#6498 = PCURVE('',#6226,#6499);
#6499 = DEFINITIONAL_REPRESENTATION('',(#6500),#6504);
#6500 = LINE('',#6501,#6502);
#6501 = CARTESIAN_POINT('',(30.,0.));
#6502 = VECTOR('',#6503,1.);
#6503 = DIRECTION('',(0.,1.));
#6504 = ( GEOMETRIC_REPRESENTATION_CONTEXT(2) 
PARAMETRIC_REPRESENTATION_CONTEXT() REPRESENTATION_CONTEXT('2D SPACE',''
  ) );
#6505 = ORIENTED_EDGE('',*,*,#6506,.F.);
#6506 = EDGE_CURVE('',#6507,#6484,#6509,.T.);
#6507 = VERTEX_POINT('',#6508);
#6508 = CARTESIAN_POINT('',(25.,-2.75,0.8));
#6509 = SURFACE_CURVE('',#6510,(#6514,#6521),.PCURVE_S1.);
#6510 = LINE('',#6511,#6512);
#6511 = CARTESIAN_POINT('',(25.,-2.75,0.8));
#6512 = VECTOR('',#6513,1.);
#6513 = DIRECTION('',(0.,0.,1.));
#6514 = PCURVE('',#5490,#6515);
#6515 = DEFINITIONAL_REPRESENTATION('',(#6516),#6520);
#6516 = LINE('',#6517,#6518);
#6517 = CARTESIAN_POINT('',(2.8,0.));
#6518 = VECTOR('',#6519,1.);
#6519 = DIRECTION('',(1.,0.));
#6520 = ( GEOMETRIC_REPRESENTATION_CONTEXT(2) 
PARAMETRIC_REPRESENTATION_CONTEXT() REPRESENTATION_CONTEXT('2D SPACE',''
  ) );
#6521 = PCURVE('',#6522,#6527);
#6522 = PLANE('',#6523);
#6523 = AXIS2_PLACEMENT_3D('',#6524,#6525,#6526);
#6524 = CARTESIAN_POINT('',(-5.,-2.75,0.8));
#6525 = DIRECTION('',(-0.,1.,0.));
#6526 = DIRECTION('',(0.,0.,1.));
#6527 = DEFINITIONAL_REPRESENTATION('',(#6528),#6532);
#6528 = LINE('',#6529,#6530);
#6529 = CARTESIAN_POINT('',(0.,30.));
#6530 = VECTOR('',#6531,1.);
#6531 = DIRECTION('',(1.,0.));
#6532 = ( GEOMETRIC_REPRESENTATION_CONTEXT(2) 
PARAMETRIC_REPRESENTATION_CONTEXT() REPRESENTATION_CONTEXT('2D SPACE',''
  ) );
#6533 = ORIENTED_EDGE('',*,*,#6534,.T.);
#6534 = EDGE_CURVE('',#6507,#6535,#6537,.T.);
#6535 = VERTEX_POINT('',#6536);
#6536 = CARTESIAN_POINT('',(25.,-1.2375,0.8));
#6537 = SURFACE_CURVE('',#6538,(#6542,#6549),.PCURVE_S1.);
#6538 = LINE('',#6539,#6540);
#6539 = CARTESIAN_POINT('',(25.,-2.75,0.8));
#6540 = VECTOR('',#6541,1.);
#6541 = DIRECTION('',(-0.,1.,0.));
#6542 = PCURVE('',#5490,#6543);
#6543 = DEFINITIONAL_REPRESENTATION('',(#6544),#6548);
#6544 = LINE('',#6545,#6546);
#6545 = CARTESIAN_POINT('',(2.8,0.));
#6546 = VECTOR('',#6547,1.);
#6547 = DIRECTION('',(0.,-1.));
#6548 = ( GEOMETRIC_REPRESENTATION_CONTEXT(2) 
PARAMETRIC_REPRESENTATION_CONTEXT() REPRESENTATION_CONTEXT('2D SPACE',''
  ) );
#6549 = PCURVE('',#6550,#6555);
#6550 = PLANE('',#6551);
#6551 = AXIS2_PLACEMENT_3D('',#6552,#6553,#6554);
#6552 = CARTESIAN_POINT('',(-5.,-2.75,0.8));
#6553 = DIRECTION('',(0.,0.,1.));
#6554 = DIRECTION('',(1.,0.,-0.));
#6555 = DEFINITIONAL_REPRESENTATION('',(#6556),#6560);
#6556 = LINE('',#6557,#6558);
#6557 = CARTESIAN_POINT('',(30.,0.));
#6558 = VECTOR('',#6559,1.);
#6559 = DIRECTION('',(0.,1.));
#6560 = ( GEOMETRIC_REPRESENTATION_CONTEXT(2) 
PARAMETRIC_REPRESENTATION_CONTEXT() REPRESENTATION_CONTEXT('2D SPACE',''
  ) );
#6561 = ORIENTED_EDGE('',*,*,#6562,.F.);
#6562 = EDGE_CURVE('',#6563,#6535,#6565,.T.);
#6563 = VERTEX_POINT('',#6564);
#6564 = CARTESIAN_POINT('',(25.,-1.2375,-0.8));
#6565 = SURFACE_CURVE('',#6566,(#6570,#6577),.PCURVE_S1.);
#6566 = LINE('',#6567,#6568);
#6567 = CARTESIAN_POINT('',(25.,-1.2375,-0.8));
#6568 = VECTOR('',#6569,1.);
#6569 = DIRECTION('',(0.,0.,1.));
#6570 = PCURVE('',#5490,#6571);
#6571 = DEFINITIONAL_REPRESENTATION('',(#6572),#6576);
#6572 = LINE('',#6573,#6574);
#6573 = CARTESIAN_POINT('',(1.2,-1.5125));
#6574 = VECTOR('',#6575,1.);
#6575 = DIRECTION('',(1.,0.));
#6576 = ( GEOMETRIC_REPRESENTATION_CONTEXT(2) 
PARAMETRIC_REPRESENTATION_CONTEXT() REPRESENTATION_CONTEXT('2D SPACE',''
  ) );
#6577 = PCURVE('',#6578,#6583);
#6578 = PLANE('',#6579);
#6579 = AXIS2_PLACEMENT_3D('',#6580,#6581,#6582);
#6580 = CARTESIAN_POINT('',(-5.,-1.2375,-0.8));
#6581 = DIRECTION('',(-0.,1.,0.));
#6582 = DIRECTION('',(0.,0.,1.));
#6583 = DEFINITIONAL_REPRESENTATION('',(#6584),#6588);
#6584 = LINE('',#6585,#6586);
#6585 = CARTESIAN_POINT('',(0.,30.));
#6586 = VECTOR('',#6587,1.);
#6587 = DIRECTION('',(1.,0.));
#6588 = ( GEOMETRIC_REPRESENTATION_CONTEXT(2) 
PARAMETRIC_REPRESENTATION_CONTEXT() REPRESENTATION_CONTEXT('2D SPACE',''
  ) );
#6589 = ORIENTED_EDGE('',*,*,#6590,.F.);
#6590 = EDGE_CURVE('',#6352,#6563,#6591,.T.);
#6591 = SURFACE_CURVE('',#6592,(#6596,#6603),.PCURVE_S1.);
#6592 = LINE('',#6593,#6594);
#6593 = CARTESIAN_POINT('',(25.,-2.75,-0.8));
#6594 = VECTOR('',#6595,1.);
#6595 = DIRECTION('',(-0.,1.,0.));
#6596 = PCURVE('',#5490,#6597);
#6597 = DEFINITIONAL_REPRESENTATION('',(#6598),#6602);
#6598 = LINE('',#6599,#6600);
#6599 = CARTESIAN_POINT('',(1.2,0.));
#6600 = VECTOR('',#6601,1.);
#6601 = DIRECTION('',(0.,-1.));
#6602 = ( GEOMETRIC_REPRESENTATION_CONTEXT(2) 
PARAMETRIC_REPRESENTATION_CONTEXT() REPRESENTATION_CONTEXT('2D SPACE',''
  ) );
#6603 = PCURVE('',#6604,#6609);
#6604 = PLANE('',#6605);
#6605 = AXIS2_PLACEMENT_3D('',#6606,#6607,#6608);
#6606 = CARTESIAN_POINT('',(-5.,-2.75,-0.8));
#6607 = DIRECTION('',(0.,0.,1.));
#6608 = DIRECTION('',(1.,0.,-0.));
#6609 = DEFINITIONAL_REPRESENTATION('',(#6610),#6614);
#6610 = LINE('',#6611,#6612);
#6611 = CARTESIAN_POINT('',(30.,0.));
#6612 = VECTOR('',#6613,1.);
#6613 = DIRECTION('',(0.,1.));
#6614 = ( GEOMETRIC_REPRESENTATION_CONTEXT(2) 
PARAMETRIC_REPRESENTATION_CONTEXT() REPRESENTATION_CONTEXT('2D SPACE',''
  ) );
#6615 = ADVANCED_FACE('',(#6616),#5348,.F.);
#6616 = FACE_BOUND('',#6617,.F.);
#6617 = EDGE_LOOP('',(#6618,#6619,#6620,#6643,#6669));
#6618 = ORIENTED_EDGE('',*,*,#5332,.F.);
#6619 = ORIENTED_EDGE('',*,*,#6078,.T.);
#6620 = ORIENTED_EDGE('',*,*,#6621,.T.);
#6621 = EDGE_CURVE('',#6079,#6622,#6624,.T.);
#6622 = VERTEX_POINT('',#6623);
#6623 = CARTESIAN_POINT('',(-4.175823272123,-2.75,-0.8));
#6624 = SURFACE_CURVE('',#6625,(#6629,#6636),.PCURVE_S1.);
#6625 = LINE('',#6626,#6627);
#6626 = CARTESIAN_POINT('',(-5.,-2.75,-0.8));
#6627 = VECTOR('',#6628,1.);
#6628 = DIRECTION('',(1.,0.,-0.));
#6629 = PCURVE('',#5348,#6630);
#6630 = DEFINITIONAL_REPRESENTATION('',(#6631),#6635);
#6631 = LINE('',#6632,#6633);
#6632 = CARTESIAN_POINT('',(1.2,0.));
#6633 = VECTOR('',#6634,1.);
#6634 = DIRECTION('',(0.,1.));
#6635 = ( GEOMETRIC_REPRESENTATION_CONTEXT(2) 
PARAMETRIC_REPRESENTATION_CONTEXT() REPRESENTATION_CONTEXT('2D SPACE',''
  ) );
#6636 = PCURVE('',#6336,#6637);
#6637 = DEFINITIONAL_REPRESENTATION('',(#6638),#6642);
#6638 = LINE('',#6639,#6640);
#6639 = CARTESIAN_POINT('',(0.,0.));
#6640 = VECTOR('',#6641,1.);
#6641 = DIRECTION('',(1.,0.));
#6642 = ( GEOMETRIC_REPRESENTATION_CONTEXT(2) 
PARAMETRIC_REPRESENTATION_CONTEXT() REPRESENTATION_CONTEXT('2D SPACE',''
  ) );
#6643 = ORIENTED_EDGE('',*,*,#6644,.F.);
#6644 = EDGE_CURVE('',#6645,#6622,#6647,.T.);
#6645 = VERTEX_POINT('',#6646);
#6646 = CARTESIAN_POINT('',(-4.175823272123,-2.75,-1.4));
#6647 = SURFACE_CURVE('',#6648,(#6652,#6658),.PCURVE_S1.);
#6648 = LINE('',#6649,#6650);
#6649 = CARTESIAN_POINT('',(-4.175823272123,-2.75,-2.));
#6650 = VECTOR('',#6651,1.);
#6651 = DIRECTION('',(0.,0.,1.));
#6652 = PCURVE('',#5348,#6653);
#6653 = DEFINITIONAL_REPRESENTATION('',(#6654),#6657);
#6654 = B_SPLINE_CURVE_WITH_KNOTS('',1,(#6655,#6656),.UNSPECIFIED.,.F.,
  .F.,(2,2),(0.599993225049,1.32),.PIECEWISE_BEZIER_KNOTS.);
#6655 = CARTESIAN_POINT('',(0.599993225049,0.824176727877));
#6656 = CARTESIAN_POINT('',(1.32,0.824176727877));
#6657 = ( GEOMETRIC_REPRESENTATION_CONTEXT(2) 
PARAMETRIC_REPRESENTATION_CONTEXT() REPRESENTATION_CONTEXT('2D SPACE',''
  ) );
#6658 = PCURVE('',#6659,#6664);
#6659 = CYLINDRICAL_SURFACE('',#6660,5.);
#6660 = AXIS2_PLACEMENT_3D('',#6661,#6662,#6663);
#6661 = CARTESIAN_POINT('',(0.,0.,-2.));
#6662 = DIRECTION('',(0.,0.,1.));
#6663 = DIRECTION('',(1.,0.,-0.));
#6664 = DEFINITIONAL_REPRESENTATION('',(#6665),#6668);
#6665 = B_SPLINE_CURVE_WITH_KNOTS('',1,(#6666,#6667),.UNSPECIFIED.,.F.,
  .F.,(2,2),(0.599993225049,1.32),.PIECEWISE_BEZIER_KNOTS.);
#6666 = CARTESIAN_POINT('',(3.723956891459,0.599993225049));
#6667 = CARTESIAN_POINT('',(3.723956891459,1.32));
#6668 = ( GEOMETRIC_REPRESENTATION_CONTEXT(2) 
PARAMETRIC_REPRESENTATION_CONTEXT() REPRESENTATION_CONTEXT('2D SPACE',''
  ) );
#6669 = ORIENTED_EDGE('',*,*,#6670,.T.);
#6670 = EDGE_CURVE('',#6645,#5333,#6671,.T.);
#6671 = SURFACE_CURVE('',#6672,(#6677,#6684),.PCURVE_S1.);
#6672 = HYPERBOLA('',#6673,2.75,2.75);
#6673 = AXIS2_PLACEMENT_3D('',#6674,#6675,#6676);
#6674 = CARTESIAN_POINT('',(0.,-2.75,-6.4));
#6675 = DIRECTION('',(-0.,1.,0.));
#6676 = DIRECTION('',(0.,0.,1.));
#6677 = PCURVE('',#5348,#6678);
#6678 = DEFINITIONAL_REPRESENTATION('',(#6679),#6683);
#6679 = ( BOUNDED_CURVE() B_SPLINE_CURVE(2,(#6680,#6681,#6682),
.UNSPECIFIED.,.F.,.F.) B_SPLINE_CURVE_WITH_KNOTS((3,3),(-1.204971208168,
-1.046967915003),.PIECEWISE_BEZIER_KNOTS.) CURVE() 
GEOMETRIC_REPRESENTATION_ITEM() RATIONAL_B_SPLINE_CURVE((1.,
1.003122253474,1.)) REPRESENTATION_ITEM('') );
#6680 = CARTESIAN_POINT('',(0.6,0.824176727877));
#6681 = CARTESIAN_POINT('',(0.270787700728,1.218365224156));
#6682 = CARTESIAN_POINT('',(8.881784197001E-16,1.565251100881));
#6683 = ( GEOMETRIC_REPRESENTATION_CONTEXT(2) 
PARAMETRIC_REPRESENTATION_CONTEXT() REPRESENTATION_CONTEXT('2D SPACE',''
  ) );
#6684 = PCURVE('',#5377,#6685);
#6685 = DEFINITIONAL_REPRESENTATION('',(#6686),#6693);
#6686 = B_SPLINE_CURVE_WITH_KNOTS('',5,(#6687,#6688,#6689,#6690,#6691,
    #6692),.UNSPECIFIED.,.F.,.F.,(6,6),(-1.204971208168,-1.046967915003)
  ,.PIECEWISE_BEZIER_KNOTS.);
#6687 = CARTESIAN_POINT('',(3.723956891459,2.22044604925E-16));
#6688 = CARTESIAN_POINT('',(3.741337253707,-0.131958765734));
#6689 = CARTESIAN_POINT('',(3.759290989976,-0.257676273539));
#6690 = CARTESIAN_POINT('',(3.777832374696,-0.377427038356));
#6691 = CARTESIAN_POINT('',(3.796973774881,-0.491459672549));
#6692 = CARTESIAN_POINT('',(3.816724186527,-0.6));
#6693 = ( GEOMETRIC_REPRESENTATION_CONTEXT(2) 
PARAMETRIC_REPRESENTATION_CONTEXT() REPRESENTATION_CONTEXT('2D SPACE',''
  ) );
#6694 = ADVANCED_FACE('',(#6695),#5462,.F.);
#6695 = FACE_BOUND('',#6696,.F.);
#6696 = EDGE_LOOP('',(#6697,#6698,#6725,#6751,#6772));
#6697 = ORIENTED_EDGE('',*,*,#5446,.F.);
#6698 = ORIENTED_EDGE('',*,*,#6699,.T.);
#6699 = EDGE_CURVE('',#5418,#6700,#6702,.T.);
#6700 = VERTEX_POINT('',#6701);
#6701 = CARTESIAN_POINT('',(24.175823272122,-2.75,-1.4));
#6702 = SURFACE_CURVE('',#6703,(#6708,#6715),.PCURVE_S1.);
#6703 = HYPERBOLA('',#6704,2.75,2.75);
#6704 = AXIS2_PLACEMENT_3D('',#6705,#6706,#6707);
#6705 = CARTESIAN_POINT('',(20.,-2.75,-6.4));
#6706 = DIRECTION('',(-0.,1.,0.));
#6707 = DIRECTION('',(0.,0.,1.));
#6708 = PCURVE('',#5462,#6709);
#6709 = DEFINITIONAL_REPRESENTATION('',(#6710),#6714);
#6710 = ( BOUNDED_CURVE() B_SPLINE_CURVE(2,(#6711,#6712,#6713),
.UNSPECIFIED.,.F.,.F.) B_SPLINE_CURVE_WITH_KNOTS((3,3),(1.046967915003,
1.204971208168),.PIECEWISE_BEZIER_KNOTS.) CURVE() 
GEOMETRIC_REPRESENTATION_ITEM() RATIONAL_B_SPLINE_CURVE((1.,
1.003122253474,1.)) REPRESENTATION_ITEM('') );
#6711 = CARTESIAN_POINT('',(8.881784197001E-16,28.434748899119));
#6712 = CARTESIAN_POINT('',(0.270787700728,28.781634775844));
#6713 = CARTESIAN_POINT('',(0.6,29.175823272123));
#6714 = ( GEOMETRIC_REPRESENTATION_CONTEXT(2) 
PARAMETRIC_REPRESENTATION_CONTEXT() REPRESENTATION_CONTEXT('2D SPACE',''
  ) );
#6715 = PCURVE('',#5434,#6716);
#6716 = DEFINITIONAL_REPRESENTATION('',(#6717),#6724);
#6717 = B_SPLINE_CURVE_WITH_KNOTS('',5,(#6718,#6719,#6720,#6721,#6722,
    #6723),.UNSPECIFIED.,.F.,.F.,(6,6),(1.046967915003,1.204971208168),
  .PIECEWISE_BEZIER_KNOTS.);
#6718 = CARTESIAN_POINT('',(5.608053774243,-0.6));
#6719 = CARTESIAN_POINT('',(5.627804185888,-0.491459672549));
#6720 = CARTESIAN_POINT('',(5.646945586074,-0.377427038356));
#6721 = CARTESIAN_POINT('',(5.665486970793,-0.257676273539));
#6722 = CARTESIAN_POINT('',(5.683440707063,-0.131958765734));
#6723 = CARTESIAN_POINT('',(5.700821069311,-1.998401444325E-15));
#6724 = ( GEOMETRIC_REPRESENTATION_CONTEXT(2) 
PARAMETRIC_REPRESENTATION_CONTEXT() REPRESENTATION_CONTEXT('2D SPACE',''
  ) );
#6725 = ORIENTED_EDGE('',*,*,#6726,.T.);
#6726 = EDGE_CURVE('',#6700,#6727,#6729,.T.);
#6727 = VERTEX_POINT('',#6728);
#6728 = CARTESIAN_POINT('',(24.175823272122,-2.75,-0.8));
#6729 = SURFACE_CURVE('',#6730,(#6734,#6740),.PCURVE_S1.);
#6730 = LINE('',#6731,#6732);
#6731 = CARTESIAN_POINT('',(24.175823272123,-2.75,-2.));
#6732 = VECTOR('',#6733,1.);
#6733 = DIRECTION('',(0.,0.,1.));
#6734 = PCURVE('',#5462,#6735);
#6735 = DEFINITIONAL_REPRESENTATION('',(#6736),#6739);
#6736 = B_SPLINE_CURVE_WITH_KNOTS('',1,(#6737,#6738),.UNSPECIFIED.,.F.,
  .F.,(2,2),(0.599993225049,1.32),.PIECEWISE_BEZIER_KNOTS.);
#6737 = CARTESIAN_POINT('',(0.599993225049,29.175823272123));
#6738 = CARTESIAN_POINT('',(1.32,29.175823272123));
#6739 = ( GEOMETRIC_REPRESENTATION_CONTEXT(2) 
PARAMETRIC_REPRESENTATION_CONTEXT() REPRESENTATION_CONTEXT('2D SPACE',''
  ) );
#6740 = PCURVE('',#6741,#6746);
#6741 = CYLINDRICAL_SURFACE('',#6742,5.);
#6742 = AXIS2_PLACEMENT_3D('',#6743,#6744,#6745);
#6743 = CARTESIAN_POINT('',(20.,0.,-2.));
#6744 = DIRECTION('',(0.,0.,1.));
#6745 = DIRECTION('',(1.,0.,-0.));
#6746 = DEFINITIONAL_REPRESENTATION('',(#6747),#6750);
#6747 = B_SPLINE_CURVE_WITH_KNOTS('',1,(#6748,#6749),.UNSPECIFIED.,.F.,
  .F.,(2,2),(0.599993225049,1.32),.PIECEWISE_BEZIER_KNOTS.);
#6748 = CARTESIAN_POINT('',(5.700821069311,0.599993225049));
#6749 = CARTESIAN_POINT('',(5.700821069311,1.32));
#6750 = ( GEOMETRIC_REPRESENTATION_CONTEXT(2) 
PARAMETRIC_REPRESENTATION_CONTEXT() REPRESENTATION_CONTEXT('2D SPACE',''
  ) );
#6751 = ORIENTED_EDGE('',*,*,#6752,.T.);
#6752 = EDGE_CURVE('',#6727,#6352,#6753,.T.);
#6753 = SURFACE_CURVE('',#6754,(#6758,#6765),.PCURVE_S1.);
#6754 = LINE('',#6755,#6756);
#6755 = CARTESIAN_POINT('',(-5.,-2.75,-0.8));
#6756 = VECTOR('',#6757,1.);
#6757 = DIRECTION('',(1.,0.,-0.));
#6758 = PCURVE('',#5462,#6759);
#6759 = DEFINITIONAL_REPRESENTATION('',(#6760),#6764);
#6760 = LINE('',#6761,#6762);
#6761 = CARTESIAN_POINT('',(1.2,0.));
#6762 = VECTOR('',#6763,1.);
#6763 = DIRECTION('',(0.,1.));
#6764 = ( GEOMETRIC_REPRESENTATION_CONTEXT(2) 
PARAMETRIC_REPRESENTATION_CONTEXT() REPRESENTATION_CONTEXT('2D SPACE',''
  ) );
#6765 = PCURVE('',#6604,#6766);
#6766 = DEFINITIONAL_REPRESENTATION('',(#6767),#6771);
#6767 = LINE('',#6768,#6769);
#6768 = CARTESIAN_POINT('',(0.,0.));
#6769 = VECTOR('',#6770,1.);
#6770 = DIRECTION('',(1.,0.));
#6771 = ( GEOMETRIC_REPRESENTATION_CONTEXT(2) 
PARAMETRIC_REPRESENTATION_CONTEXT() REPRESENTATION_CONTEXT('2D SPACE',''
  ) );
#6772 = ORIENTED_EDGE('',*,*,#6351,.F.);
#6773 = ADVANCED_FACE('',(#6774),#5377,.T.);
#6774 = FACE_BOUND('',#6775,.F.);
#6775 = EDGE_LOOP('',(#6776,#6800,#6825,#6826));
#6776 = ORIENTED_EDGE('',*,*,#6777,.T.);
#6777 = EDGE_CURVE('',#6645,#6778,#6780,.T.);
#6778 = VERTEX_POINT('',#6779);
#6779 = CARTESIAN_POINT('',(4.175823272123,-2.75,-1.4));
#6780 = SURFACE_CURVE('',#6781,(#6786,#6793),.PCURVE_S1.);
#6781 = CIRCLE('',#6782,5.);
#6782 = AXIS2_PLACEMENT_3D('',#6783,#6784,#6785);
#6783 = CARTESIAN_POINT('',(0.,0.,-1.4));
#6784 = DIRECTION('',(0.,0.,1.));
#6785 = DIRECTION('',(1.,0.,-0.));
#6786 = PCURVE('',#5377,#6787);
#6787 = DEFINITIONAL_REPRESENTATION('',(#6788),#6792);
#6788 = LINE('',#6789,#6790);
#6789 = CARTESIAN_POINT('',(0.,-0.));
#6790 = VECTOR('',#6791,1.);
#6791 = DIRECTION('',(1.,-0.));
#6792 = ( GEOMETRIC_REPRESENTATION_CONTEXT(2) 
PARAMETRIC_REPRESENTATION_CONTEXT() REPRESENTATION_CONTEXT('2D SPACE',''
  ) );
#6793 = PCURVE('',#6659,#6794);
#6794 = DEFINITIONAL_REPRESENTATION('',(#6795),#6799);
#6795 = LINE('',#6796,#6797);
#6796 = CARTESIAN_POINT('',(0.,0.6));
#6797 = VECTOR('',#6798,1.);
#6798 = DIRECTION('',(1.,0.));
#6799 = ( GEOMETRIC_REPRESENTATION_CONTEXT(2) 
PARAMETRIC_REPRESENTATION_CONTEXT() REPRESENTATION_CONTEXT('2D SPACE',''
  ) );
#6800 = ORIENTED_EDGE('',*,*,#6801,.F.);
#6801 = EDGE_CURVE('',#5361,#6778,#6802,.T.);
#6802 = SURFACE_CURVE('',#6803,(#6808,#6818),.PCURVE_S1.);
#6803 = HYPERBOLA('',#6804,2.75,2.75);
#6804 = AXIS2_PLACEMENT_3D('',#6805,#6806,#6807);
#6805 = CARTESIAN_POINT('',(0.,-2.75,-6.4));
#6806 = DIRECTION('',(-0.,1.,0.));
#6807 = DIRECTION('',(0.,0.,1.));
#6808 = PCURVE('',#5377,#6809);
#6809 = DEFINITIONAL_REPRESENTATION('',(#6810),#6817);
#6810 = B_SPLINE_CURVE_WITH_KNOTS('',5,(#6811,#6812,#6813,#6814,#6815,
    #6816),.UNSPECIFIED.,.F.,.F.,(6,6),(1.046967915003,1.204971208168),
  .PIECEWISE_BEZIER_KNOTS.);
#6811 = CARTESIAN_POINT('',(5.608053774243,-0.6));
#6812 = CARTESIAN_POINT('',(5.627804185888,-0.491459672549));
#6813 = CARTESIAN_POINT('',(5.646945586074,-0.377427038356));
#6814 = CARTESIAN_POINT('',(5.665486970793,-0.257676273539));
#6815 = CARTESIAN_POINT('',(5.683440707063,-0.131958765734));
#6816 = CARTESIAN_POINT('',(5.700821069311,-6.661338147751E-16));
#6817 = ( GEOMETRIC_REPRESENTATION_CONTEXT(2) 
PARAMETRIC_REPRESENTATION_CONTEXT() REPRESENTATION_CONTEXT('2D SPACE',''
  ) );
#6818 = PCURVE('',#5405,#6819);
#6819 = DEFINITIONAL_REPRESENTATION('',(#6820),#6824);
#6820 = ( BOUNDED_CURVE() B_SPLINE_CURVE(2,(#6821,#6822,#6823),
.UNSPECIFIED.,.F.,.F.) B_SPLINE_CURVE_WITH_KNOTS((3,3),(1.046967915003,
1.204971208168),.PIECEWISE_BEZIER_KNOTS.) CURVE() 
GEOMETRIC_REPRESENTATION_ITEM() RATIONAL_B_SPLINE_CURVE((1.,
1.003122253474,1.)) REPRESENTATION_ITEM('') );
#6821 = CARTESIAN_POINT('',(0.,8.434748899119));
#6822 = CARTESIAN_POINT('',(0.270787700728,8.781634775844));
#6823 = CARTESIAN_POINT('',(0.6,9.175823272123));
#6824 = ( GEOMETRIC_REPRESENTATION_CONTEXT(2) 
PARAMETRIC_REPRESENTATION_CONTEXT() REPRESENTATION_CONTEXT('2D SPACE',''
  ) );
#6825 = ORIENTED_EDGE('',*,*,#5360,.F.);
#6826 = ORIENTED_EDGE('',*,*,#6670,.F.);
#6827 = ADVANCED_FACE('',(#6828),#5434,.T.);
#6828 = FACE_BOUND('',#6829,.F.);
#6829 = EDGE_LOOP('',(#6830,#6854,#6855,#6856));
#6830 = ORIENTED_EDGE('',*,*,#6831,.T.);
#6831 = EDGE_CURVE('',#6832,#6700,#6834,.T.);
#6832 = VERTEX_POINT('',#6833);
#6833 = CARTESIAN_POINT('',(15.824176727878,-2.75,-1.4));
#6834 = SURFACE_CURVE('',#6835,(#6840,#6847),.PCURVE_S1.);
#6835 = CIRCLE('',#6836,5.);
#6836 = AXIS2_PLACEMENT_3D('',#6837,#6838,#6839);
#6837 = CARTESIAN_POINT('',(20.,0.,-1.4));
#6838 = DIRECTION('',(0.,0.,1.));
#6839 = DIRECTION('',(1.,0.,-0.));
#6840 = PCURVE('',#5434,#6841);
#6841 = DEFINITIONAL_REPRESENTATION('',(#6842),#6846);
#6842 = LINE('',#6843,#6844);
#6843 = CARTESIAN_POINT('',(0.,-0.));
#6844 = VECTOR('',#6845,1.);
#6845 = DIRECTION('',(1.,-0.));
#6846 = ( GEOMETRIC_REPRESENTATION_CONTEXT(2) 
PARAMETRIC_REPRESENTATION_CONTEXT() REPRESENTATION_CONTEXT('2D SPACE',''
  ) );
#6847 = PCURVE('',#6741,#6848);
#6848 = DEFINITIONAL_REPRESENTATION('',(#6849),#6853);
#6849 = LINE('',#6850,#6851);
#6850 = CARTESIAN_POINT('',(0.,0.6));
#6851 = VECTOR('',#6852,1.);
#6852 = DIRECTION('',(1.,0.));
#6853 = ( GEOMETRIC_REPRESENTATION_CONTEXT(2) 
PARAMETRIC_REPRESENTATION_CONTEXT() REPRESENTATION_CONTEXT('2D SPACE',''
  ) );
#6854 = ORIENTED_EDGE('',*,*,#6699,.F.);
#6855 = ORIENTED_EDGE('',*,*,#5417,.F.);
#6856 = ORIENTED_EDGE('',*,*,#6857,.F.);
#6857 = EDGE_CURVE('',#6832,#5390,#6858,.T.);
#6858 = SURFACE_CURVE('',#6859,(#6864,#6874),.PCURVE_S1.);
#6859 = HYPERBOLA('',#6860,2.75,2.75);
#6860 = AXIS2_PLACEMENT_3D('',#6861,#6862,#6863);
#6861 = CARTESIAN_POINT('',(20.,-2.75,-6.4));
#6862 = DIRECTION('',(-0.,1.,0.));
#6863 = DIRECTION('',(0.,0.,1.));
#6864 = PCURVE('',#5434,#6865);
#6865 = DEFINITIONAL_REPRESENTATION('',(#6866),#6873);
#6866 = B_SPLINE_CURVE_WITH_KNOTS('',5,(#6867,#6868,#6869,#6870,#6871,
    #6872),.UNSPECIFIED.,.F.,.F.,(6,6),(-1.204971208168,-1.046967915003)
  ,.PIECEWISE_BEZIER_KNOTS.);
#6867 = CARTESIAN_POINT('',(3.723956891459,1.110223024625E-15));
#6868 = CARTESIAN_POINT('',(3.741337253707,-0.131958765734));
#6869 = CARTESIAN_POINT('',(3.759290989976,-0.257676273539));
#6870 = CARTESIAN_POINT('',(3.777832374696,-0.377427038356));
#6871 = CARTESIAN_POINT('',(3.796973774881,-0.491459672549));
#6872 = CARTESIAN_POINT('',(3.816724186527,-0.6));
#6873 = ( GEOMETRIC_REPRESENTATION_CONTEXT(2) 
PARAMETRIC_REPRESENTATION_CONTEXT() REPRESENTATION_CONTEXT('2D SPACE',''
  ) );
#6874 = PCURVE('',#5405,#6875);
#6875 = DEFINITIONAL_REPRESENTATION('',(#6876),#6880);
#6876 = ( BOUNDED_CURVE() B_SPLINE_CURVE(2,(#6877,#6878,#6879),
.UNSPECIFIED.,.F.,.F.) B_SPLINE_CURVE_WITH_KNOTS((3,3),(-1.204971208168,
-1.046967915003),.PIECEWISE_BEZIER_KNOTS.) CURVE() 
GEOMETRIC_REPRESENTATION_ITEM() RATIONAL_B_SPLINE_CURVE((1.,
1.003122253474,1.)) REPRESENTATION_ITEM('') );
#6877 = CARTESIAN_POINT('',(0.6,20.824176727877));
#6878 = CARTESIAN_POINT('',(0.270787700728,21.218365224156));
#6879 = CARTESIAN_POINT('',(8.881784197001E-16,21.565251100881));
#6880 = ( GEOMETRIC_REPRESENTATION_CONTEXT(2) 
PARAMETRIC_REPRESENTATION_CONTEXT() REPRESENTATION_CONTEXT('2D SPACE',''
  ) );
#6881 = ADVANCED_FACE('',(#6882),#5405,.F.);
#6882 = FACE_BOUND('',#6883,.F.);
#6883 = EDGE_LOOP('',(#6884,#6885,#6886,#6907,#6935,#6954));
#6884 = ORIENTED_EDGE('',*,*,#5389,.F.);
#6885 = ORIENTED_EDGE('',*,*,#6801,.T.);
#6886 = ORIENTED_EDGE('',*,*,#6887,.T.);
#6887 = EDGE_CURVE('',#6778,#6888,#6890,.T.);
#6888 = VERTEX_POINT('',#6889);
#6889 = CARTESIAN_POINT('',(4.175823272123,-2.75,-0.8));
#6890 = SURFACE_CURVE('',#6891,(#6895,#6901),.PCURVE_S1.);
#6891 = LINE('',#6892,#6893);
#6892 = CARTESIAN_POINT('',(4.175823272123,-2.75,-2.));
#6893 = VECTOR('',#6894,1.);
#6894 = DIRECTION('',(0.,0.,1.));
#6895 = PCURVE('',#5405,#6896);
#6896 = DEFINITIONAL_REPRESENTATION('',(#6897),#6900);
#6897 = B_SPLINE_CURVE_WITH_KNOTS('',1,(#6898,#6899),.UNSPECIFIED.,.F.,
  .F.,(2,2),(0.599993225049,1.32),.PIECEWISE_BEZIER_KNOTS.);
#6898 = CARTESIAN_POINT('',(0.599993225049,9.175823272123));
#6899 = CARTESIAN_POINT('',(1.32,9.175823272123));
#6900 = ( GEOMETRIC_REPRESENTATION_CONTEXT(2) 
PARAMETRIC_REPRESENTATION_CONTEXT() REPRESENTATION_CONTEXT('2D SPACE',''
  ) );
#6901 = PCURVE('',#6659,#6902);
#6902 = DEFINITIONAL_REPRESENTATION('',(#6903),#6906);
#6903 = B_SPLINE_CURVE_WITH_KNOTS('',1,(#6904,#6905),.UNSPECIFIED.,.F.,
  .F.,(2,2),(0.599993225049,1.32),.PIECEWISE_BEZIER_KNOTS.);
#6904 = CARTESIAN_POINT('',(5.700821069311,0.599993225049));
#6905 = CARTESIAN_POINT('',(5.700821069311,1.32));
#6906 = ( GEOMETRIC_REPRESENTATION_CONTEXT(2) 
PARAMETRIC_REPRESENTATION_CONTEXT() REPRESENTATION_CONTEXT('2D SPACE',''
  ) );
#6907 = ORIENTED_EDGE('',*,*,#6908,.T.);
#6908 = EDGE_CURVE('',#6888,#6909,#6911,.T.);
#6909 = VERTEX_POINT('',#6910);
#6910 = CARTESIAN_POINT('',(15.824176727878,-2.75,-0.8));
#6911 = SURFACE_CURVE('',#6912,(#6916,#6923),.PCURVE_S1.);
#6912 = LINE('',#6913,#6914);
#6913 = CARTESIAN_POINT('',(-5.,-2.75,-0.8));
#6914 = VECTOR('',#6915,1.);
#6915 = DIRECTION('',(1.,0.,-0.));
#6916 = PCURVE('',#5405,#6917);
#6917 = DEFINITIONAL_REPRESENTATION('',(#6918),#6922);
#6918 = LINE('',#6919,#6920);
#6919 = CARTESIAN_POINT('',(1.2,0.));
#6920 = VECTOR('',#6921,1.);
#6921 = DIRECTION('',(0.,1.));
#6922 = ( GEOMETRIC_REPRESENTATION_CONTEXT(2) 
PARAMETRIC_REPRESENTATION_CONTEXT() REPRESENTATION_CONTEXT('2D SPACE',''
  ) );
#6923 = PCURVE('',#6924,#6929);
#6924 = PLANE('',#6925);
#6925 = AXIS2_PLACEMENT_3D('',#6926,#6927,#6928);
#6926 = CARTESIAN_POINT('',(-5.,-2.75,-0.8));
#6927 = DIRECTION('',(0.,0.,1.));
#6928 = DIRECTION('',(1.,0.,-0.));
#6929 = DEFINITIONAL_REPRESENTATION('',(#6930),#6934);
#6930 = LINE('',#6931,#6932);
#6931 = CARTESIAN_POINT('',(0.,0.));
#6932 = VECTOR('',#6933,1.);
#6933 = DIRECTION('',(1.,0.));
#6934 = ( GEOMETRIC_REPRESENTATION_CONTEXT(2) 
PARAMETRIC_REPRESENTATION_CONTEXT() REPRESENTATION_CONTEXT('2D SPACE',''
  ) );
#6935 = ORIENTED_EDGE('',*,*,#6936,.F.);
#6936 = EDGE_CURVE('',#6832,#6909,#6937,.T.);
#6937 = SURFACE_CURVE('',#6938,(#6942,#6948),.PCURVE_S1.);
#6938 = LINE('',#6939,#6940);
#6939 = CARTESIAN_POINT('',(15.824176727877,-2.75,-2.));
#6940 = VECTOR('',#6941,1.);
#6941 = DIRECTION('',(0.,0.,1.));
#6942 = PCURVE('',#5405,#6943);
#6943 = DEFINITIONAL_REPRESENTATION('',(#6944),#6947);
#6944 = B_SPLINE_CURVE_WITH_KNOTS('',1,(#6945,#6946),.UNSPECIFIED.,.F.,
  .F.,(2,2),(0.599993225049,1.32),.PIECEWISE_BEZIER_KNOTS.);
#6945 = CARTESIAN_POINT('',(0.599993225049,20.824176727877));
#6946 = CARTESIAN_POINT('',(1.32,20.824176727877));
#6947 = ( GEOMETRIC_REPRESENTATION_CONTEXT(2) 
PARAMETRIC_REPRESENTATION_CONTEXT() REPRESENTATION_CONTEXT('2D SPACE',''
  ) );
#6948 = PCURVE('',#6741,#6949);
#6949 = DEFINITIONAL_REPRESENTATION('',(#6950),#6953);
#6950 = B_SPLINE_CURVE_WITH_KNOTS('',1,(#6951,#6952),.UNSPECIFIED.,.F.,
  .F.,(2,2),(0.599993225049,1.32),.PIECEWISE_BEZIER_KNOTS.);
#6951 = CARTESIAN_POINT('',(3.723956891459,0.599993225049));
#6952 = CARTESIAN_POINT('',(3.723956891459,1.32));
#6953 = ( GEOMETRIC_REPRESENTATION_CONTEXT(2) 
PARAMETRIC_REPRESENTATION_CONTEXT() REPRESENTATION_CONTEXT('2D SPACE',''
  ) );
#6954 = ORIENTED_EDGE('',*,*,#6857,.T.);
#6955 = ADVANCED_FACE('',(#6956),#5576,.F.);
#6956 = FACE_BOUND('',#6957,.F.);
#6957 = EDGE_LOOP('',(#6958,#6982,#7003,#7004));
#6958 = ORIENTED_EDGE('',*,*,#6959,.F.);
#6959 = EDGE_CURVE('',#6960,#6960,#6962,.T.);
#6960 = VERTEX_POINT('',#6961);
#6961 = CARTESIAN_POINT('',(2.05,-5.021051876504E-16,2.));
#6962 = SURFACE_CURVE('',#6963,(#6968,#6975),.PCURVE_S1.);
#6963 = CIRCLE('',#6964,2.05);
#6964 = AXIS2_PLACEMENT_3D('',#6965,#6966,#6967);
#6965 = CARTESIAN_POINT('',(0.,0.,2.));
#6966 = DIRECTION('',(0.,0.,1.));
#6967 = DIRECTION('',(1.,0.,-0.));
#6968 = PCURVE('',#5576,#6969);
#6969 = DEFINITIONAL_REPRESENTATION('',(#6970),#6974);
#6970 = LINE('',#6971,#6972);
#6971 = CARTESIAN_POINT('',(0.,5.));
#6972 = VECTOR('',#6973,1.);
#6973 = DIRECTION('',(1.,0.));
#6974 = ( GEOMETRIC_REPRESENTATION_CONTEXT(2) 
PARAMETRIC_REPRESENTATION_CONTEXT() REPRESENTATION_CONTEXT('2D SPACE',''
  ) );
#6975 = PCURVE('',#6226,#6976);
#6976 = DEFINITIONAL_REPRESENTATION('',(#6977),#6981);
#6977 = CIRCLE('',#6978,2.05);
#6978 = AXIS2_PLACEMENT_2D('',#6979,#6980);
#6979 = CARTESIAN_POINT('',(5.,2.75));
#6980 = DIRECTION('',(1.,0.));
#6981 = ( GEOMETRIC_REPRESENTATION_CONTEXT(2) 
PARAMETRIC_REPRESENTATION_CONTEXT() REPRESENTATION_CONTEXT('2D SPACE',''
  ) );
#6982 = ORIENTED_EDGE('',*,*,#6983,.F.);
#6983 = EDGE_CURVE('',#5560,#6960,#6984,.T.);
#6984 = SEAM_CURVE('',#6985,(#6989,#6996),.PCURVE_S1.);
#6985 = LINE('',#6986,#6987);
#6986 = CARTESIAN_POINT('',(2.05,-5.021051876504E-16,-3.));
#6987 = VECTOR('',#6988,1.);
#6988 = DIRECTION('',(0.,0.,1.));
#6989 = PCURVE('',#5576,#6990);
#6990 = DEFINITIONAL_REPRESENTATION('',(#6991),#6995);
#6991 = LINE('',#6992,#6993);
#6992 = CARTESIAN_POINT('',(6.28318530718,-0.));
#6993 = VECTOR('',#6994,1.);
#6994 = DIRECTION('',(0.,1.));
#6995 = ( GEOMETRIC_REPRESENTATION_CONTEXT(2) 
PARAMETRIC_REPRESENTATION_CONTEXT() REPRESENTATION_CONTEXT('2D SPACE',''
  ) );
#6996 = PCURVE('',#5576,#6997);
#6997 = DEFINITIONAL_REPRESENTATION('',(#6998),#7002);
#6998 = LINE('',#6999,#7000);
#6999 = CARTESIAN_POINT('',(0.,-0.));
#7000 = VECTOR('',#7001,1.);
#7001 = DIRECTION('',(0.,1.));
#7002 = ( GEOMETRIC_REPRESENTATION_CONTEXT(2) 
PARAMETRIC_REPRESENTATION_CONTEXT() REPRESENTATION_CONTEXT('2D SPACE',''
  ) );
#7003 = ORIENTED_EDGE('',*,*,#5559,.T.);
#7004 = ORIENTED_EDGE('',*,*,#6983,.T.);
#7005 = ADVANCED_FACE('',(#7006,#7055,#7162),#5607,.F.);
#7006 = FACE_BOUND('',#7007,.F.);
#7007 = EDGE_LOOP('',(#7008,#7032,#7053,#7054));
#7008 = ORIENTED_EDGE('',*,*,#7009,.F.);
#7009 = EDGE_CURVE('',#7010,#7010,#7012,.T.);
#7010 = VERTEX_POINT('',#7011);
#7011 = CARTESIAN_POINT('',(9.7,-5.388445916248E-16,2.));
#7012 = SURFACE_CURVE('',#7013,(#7018,#7025),.PCURVE_S1.);
#7013 = CIRCLE('',#7014,2.2);
#7014 = AXIS2_PLACEMENT_3D('',#7015,#7016,#7017);
#7015 = CARTESIAN_POINT('',(7.5,0.,2.));
#7016 = DIRECTION('',(0.,0.,1.));
#7017 = DIRECTION('',(1.,0.,-0.));
#7018 = PCURVE('',#5607,#7019);
#7019 = DEFINITIONAL_REPRESENTATION('',(#7020),#7024);
#7020 = LINE('',#7021,#7022);
#7021 = CARTESIAN_POINT('',(0.,5.));
#7022 = VECTOR('',#7023,1.);
#7023 = DIRECTION('',(1.,0.));
#7024 = ( GEOMETRIC_REPRESENTATION_CONTEXT(2) 
PARAMETRIC_REPRESENTATION_CONTEXT() REPRESENTATION_CONTEXT('2D SPACE',''
  ) );
#7025 = PCURVE('',#6226,#7026);
#7026 = DEFINITIONAL_REPRESENTATION('',(#7027),#7031);
#7027 = CIRCLE('',#7028,2.2);
#7028 = AXIS2_PLACEMENT_2D('',#7029,#7030);
#7029 = CARTESIAN_POINT('',(12.5,2.75));
#7030 = DIRECTION('',(1.,0.));
#7031 = ( GEOMETRIC_REPRESENTATION_CONTEXT(2) 
PARAMETRIC_REPRESENTATION_CONTEXT() REPRESENTATION_CONTEXT('2D SPACE',''
  ) );
#7032 = ORIENTED_EDGE('',*,*,#7033,.F.);
#7033 = EDGE_CURVE('',#5591,#7010,#7034,.T.);
#7034 = SEAM_CURVE('',#7035,(#7039,#7046),.PCURVE_S1.);
#7035 = LINE('',#7036,#7037);
#7036 = CARTESIAN_POINT('',(9.7,-5.388445916248E-16,-3.));
#7037 = VECTOR('',#7038,1.);
#7038 = DIRECTION('',(0.,0.,1.));
#7039 = PCURVE('',#5607,#7040);
#7040 = DEFINITIONAL_REPRESENTATION('',(#7041),#7045);
#7041 = LINE('',#7042,#7043);
#7042 = CARTESIAN_POINT('',(6.28318530718,-0.));
#7043 = VECTOR('',#7044,1.);
#7044 = DIRECTION('',(0.,1.));
#7045 = ( GEOMETRIC_REPRESENTATION_CONTEXT(2) 
PARAMETRIC_REPRESENTATION_CONTEXT() REPRESENTATION_CONTEXT('2D SPACE',''
  ) );
#7046 = PCURVE('',#5607,#7047);
#7047 = DEFINITIONAL_REPRESENTATION('',(#7048),#7052);
#7048 = LINE('',#7049,#7050);
#7049 = CARTESIAN_POINT('',(0.,-0.));
#7050 = VECTOR('',#7051,1.);
#7051 = DIRECTION('',(0.,1.));
#7052 = ( GEOMETRIC_REPRESENTATION_CONTEXT(2) 
PARAMETRIC_REPRESENTATION_CONTEXT() REPRESENTATION_CONTEXT('2D SPACE',''
  ) );
#7053 = ORIENTED_EDGE('',*,*,#5590,.T.);
#7054 = ORIENTED_EDGE('',*,*,#7033,.T.);
#7055 = FACE_BOUND('',#7056,.F.);
#7056 = EDGE_LOOP('',(#7057,#7083,#7109,#7138));
#7057 = ORIENTED_EDGE('',*,*,#7058,.F.);
#7058 = EDGE_CURVE('',#7059,#7061,#7063,.T.);
#7059 = VERTEX_POINT('',#7060);
#7060 = CARTESIAN_POINT('',(9.318954026357,1.2375,-0.8));
#7061 = VERTEX_POINT('',#7062);
#7062 = CARTESIAN_POINT('',(5.681045973643,1.2375,-0.8));
#7063 = SURFACE_CURVE('',#7064,(#7069,#7076),.PCURVE_S1.);
#7064 = CIRCLE('',#7065,2.2);
#7065 = AXIS2_PLACEMENT_3D('',#7066,#7067,#7068);
#7066 = CARTESIAN_POINT('',(7.5,0.,-0.8));
#7067 = DIRECTION('',(0.,0.,1.));
#7068 = DIRECTION('',(1.,0.,-0.));
#7069 = PCURVE('',#5607,#7070);
#7070 = DEFINITIONAL_REPRESENTATION('',(#7071),#7075);
#7071 = LINE('',#7072,#7073);
#7072 = CARTESIAN_POINT('',(0.,2.2));
#7073 = VECTOR('',#7074,1.);
#7074 = DIRECTION('',(1.,0.));
#7075 = ( GEOMETRIC_REPRESENTATION_CONTEXT(2) 
PARAMETRIC_REPRESENTATION_CONTEXT() REPRESENTATION_CONTEXT('2D SPACE',''
  ) );
#7076 = PCURVE('',#5754,#7077);
#7077 = DEFINITIONAL_REPRESENTATION('',(#7078),#7082);
#7078 = CIRCLE('',#7079,2.2);
#7079 = AXIS2_PLACEMENT_2D('',#7080,#7081);
#7080 = CARTESIAN_POINT('',(12.5,2.75));
#7081 = DIRECTION('',(1.,0.));
#7082 = ( GEOMETRIC_REPRESENTATION_CONTEXT(2) 
PARAMETRIC_REPRESENTATION_CONTEXT() REPRESENTATION_CONTEXT('2D SPACE',''
  ) );
#7083 = ORIENTED_EDGE('',*,*,#7084,.T.);
#7084 = EDGE_CURVE('',#7059,#7085,#7087,.T.);
#7085 = VERTEX_POINT('',#7086);
#7086 = CARTESIAN_POINT('',(9.318954026357,1.2375,0.8));
#7087 = SURFACE_CURVE('',#7088,(#7092,#7098),.PCURVE_S1.);
#7088 = LINE('',#7089,#7090);
#7089 = CARTESIAN_POINT('',(9.318954026357,1.2375,-3.));
#7090 = VECTOR('',#7091,1.);
#7091 = DIRECTION('',(0.,0.,1.));
#7092 = PCURVE('',#5607,#7093);
#7093 = DEFINITIONAL_REPRESENTATION('',(#7094),#7097);
#7094 = B_SPLINE_CURVE_WITH_KNOTS('',1,(#7095,#7096),.UNSPECIFIED.,.F.,
  .F.,(2,2),(2.04,3.96),.PIECEWISE_BEZIER_KNOTS.);
#7095 = CARTESIAN_POINT('',(0.597406416645,2.04));
#7096 = CARTESIAN_POINT('',(0.597406416645,3.96));
#7097 = ( GEOMETRIC_REPRESENTATION_CONTEXT(2) 
PARAMETRIC_REPRESENTATION_CONTEXT() REPRESENTATION_CONTEXT('2D SPACE',''
  ) );
#7098 = PCURVE('',#7099,#7104);
#7099 = PLANE('',#7100);
#7100 = AXIS2_PLACEMENT_3D('',#7101,#7102,#7103);
#7101 = CARTESIAN_POINT('',(-5.,1.2375,-0.8));
#7102 = DIRECTION('',(-0.,1.,0.));
#7103 = DIRECTION('',(0.,0.,1.));
#7104 = DEFINITIONAL_REPRESENTATION('',(#7105),#7108);
#7105 = B_SPLINE_CURVE_WITH_KNOTS('',1,(#7106,#7107),.UNSPECIFIED.,.F.,
  .F.,(2,2),(2.04,3.96),.PIECEWISE_BEZIER_KNOTS.);
#7106 = CARTESIAN_POINT('',(-0.16,14.318954026357));
#7107 = CARTESIAN_POINT('',(1.76,14.318954026357));
#7108 = ( GEOMETRIC_REPRESENTATION_CONTEXT(2) 
PARAMETRIC_REPRESENTATION_CONTEXT() REPRESENTATION_CONTEXT('2D SPACE',''
  ) );
#7109 = ORIENTED_EDGE('',*,*,#7110,.T.);
#7110 = EDGE_CURVE('',#7085,#7111,#7113,.T.);
#7111 = VERTEX_POINT('',#7112);
#7112 = CARTESIAN_POINT('',(5.681045973643,1.2375,0.8));
#7113 = SURFACE_CURVE('',#7114,(#7119,#7126),.PCURVE_S1.);
#7114 = CIRCLE('',#7115,2.2);
#7115 = AXIS2_PLACEMENT_3D('',#7116,#7117,#7118);
#7116 = CARTESIAN_POINT('',(7.5,0.,0.8));
#7117 = DIRECTION('',(0.,0.,1.));
#7118 = DIRECTION('',(1.,0.,-0.));
#7119 = PCURVE('',#5607,#7120);
#7120 = DEFINITIONAL_REPRESENTATION('',(#7121),#7125);
#7121 = LINE('',#7122,#7123);
#7122 = CARTESIAN_POINT('',(0.,3.8));
#7123 = VECTOR('',#7124,1.);
#7124 = DIRECTION('',(1.,0.));
#7125 = ( GEOMETRIC_REPRESENTATION_CONTEXT(2) 
PARAMETRIC_REPRESENTATION_CONTEXT() REPRESENTATION_CONTEXT('2D SPACE',''
  ) );
#7126 = PCURVE('',#7127,#7132);
#7127 = PLANE('',#7128);
#7128 = AXIS2_PLACEMENT_3D('',#7129,#7130,#7131);
#7129 = CARTESIAN_POINT('',(-5.,-2.75,0.8));
#7130 = DIRECTION('',(0.,0.,1.));
#7131 = DIRECTION('',(1.,0.,-0.));
#7132 = DEFINITIONAL_REPRESENTATION('',(#7133),#7137);
#7133 = CIRCLE('',#7134,2.2);
#7134 = AXIS2_PLACEMENT_2D('',#7135,#7136);
#7135 = CARTESIAN_POINT('',(12.5,2.75));
#7136 = DIRECTION('',(1.,0.));
#7137 = ( GEOMETRIC_REPRESENTATION_CONTEXT(2) 
PARAMETRIC_REPRESENTATION_CONTEXT() REPRESENTATION_CONTEXT('2D SPACE',''
  ) );
#7138 = ORIENTED_EDGE('',*,*,#7139,.F.);
#7139 = EDGE_CURVE('',#7061,#7111,#7140,.T.);
#7140 = SURFACE_CURVE('',#7141,(#7145,#7151),.PCURVE_S1.);
#7141 = LINE('',#7142,#7143);
#7142 = CARTESIAN_POINT('',(5.681045973643,1.2375,-3.));
#7143 = VECTOR('',#7144,1.);
#7144 = DIRECTION('',(0.,0.,1.));
#7145 = PCURVE('',#5607,#7146);
#7146 = DEFINITIONAL_REPRESENTATION('',(#7147),#7150);
#7147 = B_SPLINE_CURVE_WITH_KNOTS('',1,(#7148,#7149),.UNSPECIFIED.,.F.,
  .F.,(2,2),(2.04,3.96),.PIECEWISE_BEZIER_KNOTS.);
#7148 = CARTESIAN_POINT('',(2.544186236944,2.04));
#7149 = CARTESIAN_POINT('',(2.544186236944,3.96));
#7150 = ( GEOMETRIC_REPRESENTATION_CONTEXT(2) 
PARAMETRIC_REPRESENTATION_CONTEXT() REPRESENTATION_CONTEXT('2D SPACE',''
  ) );
#7151 = PCURVE('',#7152,#7157);
#7152 = PLANE('',#7153);
#7153 = AXIS2_PLACEMENT_3D('',#7154,#7155,#7156);
#7154 = CARTESIAN_POINT('',(-5.,1.2375,-0.8));
#7155 = DIRECTION('',(-0.,1.,0.));
#7156 = DIRECTION('',(0.,0.,1.));
#7157 = DEFINITIONAL_REPRESENTATION('',(#7158),#7161);
#7158 = B_SPLINE_CURVE_WITH_KNOTS('',1,(#7159,#7160),.UNSPECIFIED.,.F.,
  .F.,(2,2),(2.04,3.96),.PIECEWISE_BEZIER_KNOTS.);
#7159 = CARTESIAN_POINT('',(-0.16,10.681045973643));
#7160 = CARTESIAN_POINT('',(1.76,10.681045973643));
#7161 = ( GEOMETRIC_REPRESENTATION_CONTEXT(2) 
PARAMETRIC_REPRESENTATION_CONTEXT() REPRESENTATION_CONTEXT('2D SPACE',''
  ) );
#7162 = FACE_BOUND('',#7163,.F.);
#7163 = EDGE_LOOP('',(#7164,#7190,#7216,#7245));
#7164 = ORIENTED_EDGE('',*,*,#7165,.F.);
#7165 = EDGE_CURVE('',#7166,#7168,#7170,.T.);
#7166 = VERTEX_POINT('',#7167);
#7167 = CARTESIAN_POINT('',(5.681045973643,-1.2375,-0.8));
#7168 = VERTEX_POINT('',#7169);
#7169 = CARTESIAN_POINT('',(9.318954026357,-1.2375,-0.8));
#7170 = SURFACE_CURVE('',#7171,(#7176,#7183),.PCURVE_S1.);
#7171 = CIRCLE('',#7172,2.2);
#7172 = AXIS2_PLACEMENT_3D('',#7173,#7174,#7175);
#7173 = CARTESIAN_POINT('',(7.5,0.,-0.8));
#7174 = DIRECTION('',(0.,0.,1.));
#7175 = DIRECTION('',(1.,0.,-0.));
#7176 = PCURVE('',#5607,#7177);
#7177 = DEFINITIONAL_REPRESENTATION('',(#7178),#7182);
#7178 = LINE('',#7179,#7180);
#7179 = CARTESIAN_POINT('',(0.,2.2));
#7180 = VECTOR('',#7181,1.);
#7181 = DIRECTION('',(1.,0.));
#7182 = ( GEOMETRIC_REPRESENTATION_CONTEXT(2) 
PARAMETRIC_REPRESENTATION_CONTEXT() REPRESENTATION_CONTEXT('2D SPACE',''
  ) );
#7183 = PCURVE('',#6924,#7184);
#7184 = DEFINITIONAL_REPRESENTATION('',(#7185),#7189);
#7185 = CIRCLE('',#7186,2.2);
#7186 = AXIS2_PLACEMENT_2D('',#7187,#7188);
#7187 = CARTESIAN_POINT('',(12.5,2.75));
#7188 = DIRECTION('',(1.,0.));
#7189 = ( GEOMETRIC_REPRESENTATION_CONTEXT(2) 
PARAMETRIC_REPRESENTATION_CONTEXT() REPRESENTATION_CONTEXT('2D SPACE',''
  ) );
#7190 = ORIENTED_EDGE('',*,*,#7191,.T.);
#7191 = EDGE_CURVE('',#7166,#7192,#7194,.T.);
#7192 = VERTEX_POINT('',#7193);
#7193 = CARTESIAN_POINT('',(5.681045973643,-1.2375,0.8));
#7194 = SURFACE_CURVE('',#7195,(#7199,#7205),.PCURVE_S1.);
#7195 = LINE('',#7196,#7197);
#7196 = CARTESIAN_POINT('',(5.681045973643,-1.2375,-3.));
#7197 = VECTOR('',#7198,1.);
#7198 = DIRECTION('',(0.,0.,1.));
#7199 = PCURVE('',#5607,#7200);
#7200 = DEFINITIONAL_REPRESENTATION('',(#7201),#7204);
#7201 = B_SPLINE_CURVE_WITH_KNOTS('',1,(#7202,#7203),.UNSPECIFIED.,.F.,
  .F.,(2,2),(2.04,3.96),.PIECEWISE_BEZIER_KNOTS.);
#7202 = CARTESIAN_POINT('',(3.738999070235,2.04));
#7203 = CARTESIAN_POINT('',(3.738999070235,3.96));
#7204 = ( GEOMETRIC_REPRESENTATION_CONTEXT(2) 
PARAMETRIC_REPRESENTATION_CONTEXT() REPRESENTATION_CONTEXT('2D SPACE',''
  ) );
#7205 = PCURVE('',#7206,#7211);
#7206 = PLANE('',#7207);
#7207 = AXIS2_PLACEMENT_3D('',#7208,#7209,#7210);
#7208 = CARTESIAN_POINT('',(-5.,-1.2375,-0.8));
#7209 = DIRECTION('',(-0.,1.,0.));
#7210 = DIRECTION('',(0.,0.,1.));
#7211 = DEFINITIONAL_REPRESENTATION('',(#7212),#7215);
#7212 = B_SPLINE_CURVE_WITH_KNOTS('',1,(#7213,#7214),.UNSPECIFIED.,.F.,
  .F.,(2,2),(2.04,3.96),.PIECEWISE_BEZIER_KNOTS.);
#7213 = CARTESIAN_POINT('',(-0.16,10.681045973643));
#7214 = CARTESIAN_POINT('',(1.76,10.681045973643));
#7215 = ( GEOMETRIC_REPRESENTATION_CONTEXT(2) 
PARAMETRIC_REPRESENTATION_CONTEXT() REPRESENTATION_CONTEXT('2D SPACE',''
  ) );
#7216 = ORIENTED_EDGE('',*,*,#7217,.T.);
#7217 = EDGE_CURVE('',#7192,#7218,#7220,.T.);
#7218 = VERTEX_POINT('',#7219);
#7219 = CARTESIAN_POINT('',(9.318954026357,-1.2375,0.8));
#7220 = SURFACE_CURVE('',#7221,(#7226,#7233),.PCURVE_S1.);
#7221 = CIRCLE('',#7222,2.2);
#7222 = AXIS2_PLACEMENT_3D('',#7223,#7224,#7225);
#7223 = CARTESIAN_POINT('',(7.5,0.,0.8));
#7224 = DIRECTION('',(0.,0.,1.));
#7225 = DIRECTION('',(1.,0.,-0.));
#7226 = PCURVE('',#5607,#7227);
#7227 = DEFINITIONAL_REPRESENTATION('',(#7228),#7232);
#7228 = LINE('',#7229,#7230);
#7229 = CARTESIAN_POINT('',(0.,3.8));
#7230 = VECTOR('',#7231,1.);
#7231 = DIRECTION('',(1.,0.));
#7232 = ( GEOMETRIC_REPRESENTATION_CONTEXT(2) 
PARAMETRIC_REPRESENTATION_CONTEXT() REPRESENTATION_CONTEXT('2D SPACE',''
  ) );
#7233 = PCURVE('',#7234,#7239);
#7234 = PLANE('',#7235);
#7235 = AXIS2_PLACEMENT_3D('',#7236,#7237,#7238);
#7236 = CARTESIAN_POINT('',(-5.,-2.75,0.8));
#7237 = DIRECTION('',(0.,0.,1.));
#7238 = DIRECTION('',(1.,0.,-0.));
#7239 = DEFINITIONAL_REPRESENTATION('',(#7240),#7244);
#7240 = CIRCLE('',#7241,2.2);
#7241 = AXIS2_PLACEMENT_2D('',#7242,#7243);
#7242 = CARTESIAN_POINT('',(12.5,2.75));
#7243 = DIRECTION('',(1.,0.));
#7244 = ( GEOMETRIC_REPRESENTATION_CONTEXT(2) 
PARAMETRIC_REPRESENTATION_CONTEXT() REPRESENTATION_CONTEXT('2D SPACE',''
  ) );
#7245 = ORIENTED_EDGE('',*,*,#7246,.F.);
#7246 = EDGE_CURVE('',#7168,#7218,#7247,.T.);
#7247 = SURFACE_CURVE('',#7248,(#7252,#7258),.PCURVE_S1.);
#7248 = LINE('',#7249,#7250);
#7249 = CARTESIAN_POINT('',(9.318954026357,-1.2375,-3.));
#7250 = VECTOR('',#7251,1.);
#7251 = DIRECTION('',(0.,0.,1.));
#7252 = PCURVE('',#5607,#7253);
#7253 = DEFINITIONAL_REPRESENTATION('',(#7254),#7257);
#7254 = B_SPLINE_CURVE_WITH_KNOTS('',1,(#7255,#7256),.UNSPECIFIED.,.F.,
  .F.,(2,2),(2.04,3.96),.PIECEWISE_BEZIER_KNOTS.);
#7255 = CARTESIAN_POINT('',(5.685778890534,2.04));
#7256 = CARTESIAN_POINT('',(5.685778890534,3.96));
#7257 = ( GEOMETRIC_REPRESENTATION_CONTEXT(2) 
PARAMETRIC_REPRESENTATION_CONTEXT() REPRESENTATION_CONTEXT('2D SPACE',''
  ) );
#7258 = PCURVE('',#7259,#7264);
#7259 = PLANE('',#7260);
#7260 = AXIS2_PLACEMENT_3D('',#7261,#7262,#7263);
#7261 = CARTESIAN_POINT('',(-5.,-1.2375,-0.8));
#7262 = DIRECTION('',(-0.,1.,0.));
#7263 = DIRECTION('',(0.,0.,1.));
#7264 = DEFINITIONAL_REPRESENTATION('',(#7265),#7268);
#7265 = B_SPLINE_CURVE_WITH_KNOTS('',1,(#7266,#7267),.UNSPECIFIED.,.F.,
  .F.,(2,2),(2.04,3.96),.PIECEWISE_BEZIER_KNOTS.);
#7266 = CARTESIAN_POINT('',(-0.16,14.318954026357));
#7267 = CARTESIAN_POINT('',(1.76,14.318954026357));
#7268 = ( GEOMETRIC_REPRESENTATION_CONTEXT(2) 
PARAMETRIC_REPRESENTATION_CONTEXT() REPRESENTATION_CONTEXT('2D SPACE',''
  ) );
#7269 = ADVANCED_FACE('',(#7270,#7319,#7416),#5638,.F.);
#7270 = FACE_BOUND('',#7271,.F.);
#7271 = EDGE_LOOP('',(#7272,#7296,#7317,#7318));
#7272 = ORIENTED_EDGE('',*,*,#7273,.F.);
#7273 = EDGE_CURVE('',#7274,#7274,#7276,.T.);
#7274 = VERTEX_POINT('',#7275);
#7275 = CARTESIAN_POINT('',(14.7,-5.388445916248E-16,2.));
#7276 = SURFACE_CURVE('',#7277,(#7282,#7289),.PCURVE_S1.);
#7277 = CIRCLE('',#7278,2.2);
#7278 = AXIS2_PLACEMENT_3D('',#7279,#7280,#7281);
#7279 = CARTESIAN_POINT('',(12.5,0.,2.));
#7280 = DIRECTION('',(0.,0.,1.));
#7281 = DIRECTION('',(1.,0.,-0.));
#7282 = PCURVE('',#5638,#7283);
#7283 = DEFINITIONAL_REPRESENTATION('',(#7284),#7288);
#7284 = LINE('',#7285,#7286);
#7285 = CARTESIAN_POINT('',(0.,5.));
#7286 = VECTOR('',#7287,1.);
#7287 = DIRECTION('',(1.,0.));
#7288 = ( GEOMETRIC_REPRESENTATION_CONTEXT(2) 
PARAMETRIC_REPRESENTATION_CONTEXT() REPRESENTATION_CONTEXT('2D SPACE',''
  ) );
#7289 = PCURVE('',#6226,#7290);
#7290 = DEFINITIONAL_REPRESENTATION('',(#7291),#7295);
#7291 = CIRCLE('',#7292,2.2);
#7292 = AXIS2_PLACEMENT_2D('',#7293,#7294);
#7293 = CARTESIAN_POINT('',(17.5,2.75));
#7294 = DIRECTION('',(1.,0.));
#7295 = ( GEOMETRIC_REPRESENTATION_CONTEXT(2) 
PARAMETRIC_REPRESENTATION_CONTEXT() REPRESENTATION_CONTEXT('2D SPACE',''
  ) );
#7296 = ORIENTED_EDGE('',*,*,#7297,.F.);
#7297 = EDGE_CURVE('',#5622,#7274,#7298,.T.);
#7298 = SEAM_CURVE('',#7299,(#7303,#7310),.PCURVE_S1.);
#7299 = LINE('',#7300,#7301);
#7300 = CARTESIAN_POINT('',(14.7,-5.388445916248E-16,-3.));
#7301 = VECTOR('',#7302,1.);
#7302 = DIRECTION('',(0.,0.,1.));
#7303 = PCURVE('',#5638,#7304);
#7304 = DEFINITIONAL_REPRESENTATION('',(#7305),#7309);
#7305 = LINE('',#7306,#7307);
#7306 = CARTESIAN_POINT('',(6.28318530718,-0.));
#7307 = VECTOR('',#7308,1.);
#7308 = DIRECTION('',(0.,1.));
#7309 = ( GEOMETRIC_REPRESENTATION_CONTEXT(2) 
PARAMETRIC_REPRESENTATION_CONTEXT() REPRESENTATION_CONTEXT('2D SPACE',''
  ) );
#7310 = PCURVE('',#5638,#7311);
#7311 = DEFINITIONAL_REPRESENTATION('',(#7312),#7316);
#7312 = LINE('',#7313,#7314);
#7313 = CARTESIAN_POINT('',(0.,-0.));
#7314 = VECTOR('',#7315,1.);
#7315 = DIRECTION('',(0.,1.));
#7316 = ( GEOMETRIC_REPRESENTATION_CONTEXT(2) 
PARAMETRIC_REPRESENTATION_CONTEXT() REPRESENTATION_CONTEXT('2D SPACE',''
  ) );
#7317 = ORIENTED_EDGE('',*,*,#5621,.T.);
#7318 = ORIENTED_EDGE('',*,*,#7297,.T.);
#7319 = FACE_BOUND('',#7320,.F.);
#7320 = EDGE_LOOP('',(#7321,#7347,#7373,#7397));
#7321 = ORIENTED_EDGE('',*,*,#7322,.F.);
#7322 = EDGE_CURVE('',#7323,#7325,#7327,.T.);
#7323 = VERTEX_POINT('',#7324);
#7324 = CARTESIAN_POINT('',(14.318954026357,1.2375,-0.8));
#7325 = VERTEX_POINT('',#7326);
#7326 = CARTESIAN_POINT('',(10.681045973643,1.2375,-0.8));
#7327 = SURFACE_CURVE('',#7328,(#7333,#7340),.PCURVE_S1.);
#7328 = CIRCLE('',#7329,2.2);
#7329 = AXIS2_PLACEMENT_3D('',#7330,#7331,#7332);
#7330 = CARTESIAN_POINT('',(12.5,0.,-0.8));
#7331 = DIRECTION('',(0.,0.,1.));
#7332 = DIRECTION('',(1.,0.,-0.));
#7333 = PCURVE('',#5638,#7334);
#7334 = DEFINITIONAL_REPRESENTATION('',(#7335),#7339);
#7335 = LINE('',#7336,#7337);
#7336 = CARTESIAN_POINT('',(0.,2.2));
#7337 = VECTOR('',#7338,1.);
#7338 = DIRECTION('',(1.,0.));
#7339 = ( GEOMETRIC_REPRESENTATION_CONTEXT(2) 
PARAMETRIC_REPRESENTATION_CONTEXT() REPRESENTATION_CONTEXT('2D SPACE',''
  ) );
#7340 = PCURVE('',#5754,#7341);
#7341 = DEFINITIONAL_REPRESENTATION('',(#7342),#7346);
#7342 = CIRCLE('',#7343,2.2);
#7343 = AXIS2_PLACEMENT_2D('',#7344,#7345);
#7344 = CARTESIAN_POINT('',(17.5,2.75));
#7345 = DIRECTION('',(1.,0.));
#7346 = ( GEOMETRIC_REPRESENTATION_CONTEXT(2) 
PARAMETRIC_REPRESENTATION_CONTEXT() REPRESENTATION_CONTEXT('2D SPACE',''
  ) );
#7347 = ORIENTED_EDGE('',*,*,#7348,.T.);
#7348 = EDGE_CURVE('',#7323,#7349,#7351,.T.);
#7349 = VERTEX_POINT('',#7350);
#7350 = CARTESIAN_POINT('',(14.318954026357,1.2375,0.8));
#7351 = SURFACE_CURVE('',#7352,(#7356,#7362),.PCURVE_S1.);
#7352 = LINE('',#7353,#7354);
#7353 = CARTESIAN_POINT('',(14.318954026357,1.2375,-3.));
#7354 = VECTOR('',#7355,1.);
#7355 = DIRECTION('',(0.,0.,1.));
#7356 = PCURVE('',#5638,#7357);
#7357 = DEFINITIONAL_REPRESENTATION('',(#7358),#7361);
#7358 = B_SPLINE_CURVE_WITH_KNOTS('',1,(#7359,#7360),.UNSPECIFIED.,.F.,
  .F.,(2,2),(2.04,3.96),.PIECEWISE_BEZIER_KNOTS.);
#7359 = CARTESIAN_POINT('',(0.597406416645,2.04));
#7360 = CARTESIAN_POINT('',(0.597406416645,3.96));
#7361 = ( GEOMETRIC_REPRESENTATION_CONTEXT(2) 
PARAMETRIC_REPRESENTATION_CONTEXT() REPRESENTATION_CONTEXT('2D SPACE',''
  ) );
#7362 = PCURVE('',#7363,#7368);
#7363 = PLANE('',#7364);
#7364 = AXIS2_PLACEMENT_3D('',#7365,#7366,#7367);
#7365 = CARTESIAN_POINT('',(-5.,1.2375,-0.8));
#7366 = DIRECTION('',(-0.,1.,0.));
#7367 = DIRECTION('',(0.,0.,1.));
#7368 = DEFINITIONAL_REPRESENTATION('',(#7369),#7372);
#7369 = B_SPLINE_CURVE_WITH_KNOTS('',1,(#7370,#7371),.UNSPECIFIED.,.F.,
  .F.,(2,2),(2.04,3.96),.PIECEWISE_BEZIER_KNOTS.);
#7370 = CARTESIAN_POINT('',(-0.16,19.318954026357));
#7371 = CARTESIAN_POINT('',(1.76,19.318954026357));
#7372 = ( GEOMETRIC_REPRESENTATION_CONTEXT(2) 
PARAMETRIC_REPRESENTATION_CONTEXT() REPRESENTATION_CONTEXT('2D SPACE',''
  ) );
#7373 = ORIENTED_EDGE('',*,*,#7374,.T.);
#7374 = EDGE_CURVE('',#7349,#7375,#7377,.T.);
#7375 = VERTEX_POINT('',#7376);
#7376 = CARTESIAN_POINT('',(10.681045973643,1.2375,0.8));
#7377 = SURFACE_CURVE('',#7378,(#7383,#7390),.PCURVE_S1.);
#7378 = CIRCLE('',#7379,2.2);
#7379 = AXIS2_PLACEMENT_3D('',#7380,#7381,#7382);
#7380 = CARTESIAN_POINT('',(12.5,0.,0.8));
#7381 = DIRECTION('',(0.,0.,1.));
#7382 = DIRECTION('',(1.,0.,-0.));
#7383 = PCURVE('',#5638,#7384);
#7384 = DEFINITIONAL_REPRESENTATION('',(#7385),#7389);
#7385 = LINE('',#7386,#7387);
#7386 = CARTESIAN_POINT('',(0.,3.8));
#7387 = VECTOR('',#7388,1.);
#7388 = DIRECTION('',(1.,0.));
#7389 = ( GEOMETRIC_REPRESENTATION_CONTEXT(2) 
PARAMETRIC_REPRESENTATION_CONTEXT() REPRESENTATION_CONTEXT('2D SPACE',''
  ) );
#7390 = PCURVE('',#7127,#7391);
#7391 = DEFINITIONAL_REPRESENTATION('',(#7392),#7396);
#7392 = CIRCLE('',#7393,2.2);
#7393 = AXIS2_PLACEMENT_2D('',#7394,#7395);
#7394 = CARTESIAN_POINT('',(17.5,2.75));
#7395 = DIRECTION('',(1.,0.));
#7396 = ( GEOMETRIC_REPRESENTATION_CONTEXT(2) 
PARAMETRIC_REPRESENTATION_CONTEXT() REPRESENTATION_CONTEXT('2D SPACE',''
  ) );
#7397 = ORIENTED_EDGE('',*,*,#7398,.F.);
#7398 = EDGE_CURVE('',#7325,#7375,#7399,.T.);
#7399 = SURFACE_CURVE('',#7400,(#7404,#7410),.PCURVE_S1.);
#7400 = LINE('',#7401,#7402);
#7401 = CARTESIAN_POINT('',(10.681045973643,1.2375,-3.));
#7402 = VECTOR('',#7403,1.);
#7403 = DIRECTION('',(0.,0.,1.));
#7404 = PCURVE('',#5638,#7405);
#7405 = DEFINITIONAL_REPRESENTATION('',(#7406),#7409);
#7406 = B_SPLINE_CURVE_WITH_KNOTS('',1,(#7407,#7408),.UNSPECIFIED.,.F.,
  .F.,(2,2),(2.04,3.96),.PIECEWISE_BEZIER_KNOTS.);
#7407 = CARTESIAN_POINT('',(2.544186236944,2.04));
#7408 = CARTESIAN_POINT('',(2.544186236944,3.96));
#7409 = ( GEOMETRIC_REPRESENTATION_CONTEXT(2) 
PARAMETRIC_REPRESENTATION_CONTEXT() REPRESENTATION_CONTEXT('2D SPACE',''
  ) );
#7410 = PCURVE('',#7099,#7411);
#7411 = DEFINITIONAL_REPRESENTATION('',(#7412),#7415);
#7412 = B_SPLINE_CURVE_WITH_KNOTS('',1,(#7413,#7414),.UNSPECIFIED.,.F.,
  .F.,(2,2),(2.04,3.96),.PIECEWISE_BEZIER_KNOTS.);
#7413 = CARTESIAN_POINT('',(-0.16,15.681045973643));
#7414 = CARTESIAN_POINT('',(1.76,15.681045973643));
#7415 = ( GEOMETRIC_REPRESENTATION_CONTEXT(2) 
PARAMETRIC_REPRESENTATION_CONTEXT() REPRESENTATION_CONTEXT('2D SPACE',''
  ) );
#7416 = FACE_BOUND('',#7417,.F.);
#7417 = EDGE_LOOP('',(#7418,#7444,#7465,#7489));
#7418 = ORIENTED_EDGE('',*,*,#7419,.F.);
#7419 = EDGE_CURVE('',#7420,#7422,#7424,.T.);
#7420 = VERTEX_POINT('',#7421);
#7421 = CARTESIAN_POINT('',(10.681045973643,-1.2375,-0.8));
#7422 = VERTEX_POINT('',#7423);
#7423 = CARTESIAN_POINT('',(14.318954026357,-1.2375,-0.8));
#7424 = SURFACE_CURVE('',#7425,(#7430,#7437),.PCURVE_S1.);
#7425 = CIRCLE('',#7426,2.2);
#7426 = AXIS2_PLACEMENT_3D('',#7427,#7428,#7429);
#7427 = CARTESIAN_POINT('',(12.5,0.,-0.8));
#7428 = DIRECTION('',(0.,0.,1.));
#7429 = DIRECTION('',(1.,0.,-0.));
#7430 = PCURVE('',#5638,#7431);
#7431 = DEFINITIONAL_REPRESENTATION('',(#7432),#7436);
#7432 = LINE('',#7433,#7434);
#7433 = CARTESIAN_POINT('',(0.,2.2));
#7434 = VECTOR('',#7435,1.);
#7435 = DIRECTION('',(1.,0.));
#7436 = ( GEOMETRIC_REPRESENTATION_CONTEXT(2) 
PARAMETRIC_REPRESENTATION_CONTEXT() REPRESENTATION_CONTEXT('2D SPACE',''
  ) );
#7437 = PCURVE('',#6924,#7438);
#7438 = DEFINITIONAL_REPRESENTATION('',(#7439),#7443);
#7439 = CIRCLE('',#7440,2.2);
#7440 = AXIS2_PLACEMENT_2D('',#7441,#7442);
#7441 = CARTESIAN_POINT('',(17.5,2.75));
#7442 = DIRECTION('',(1.,0.));
#7443 = ( GEOMETRIC_REPRESENTATION_CONTEXT(2) 
PARAMETRIC_REPRESENTATION_CONTEXT() REPRESENTATION_CONTEXT('2D SPACE',''
  ) );
#7444 = ORIENTED_EDGE('',*,*,#7445,.T.);
#7445 = EDGE_CURVE('',#7420,#7446,#7448,.T.);
#7446 = VERTEX_POINT('',#7447);
#7447 = CARTESIAN_POINT('',(10.681045973643,-1.2375,0.8));
#7448 = SURFACE_CURVE('',#7449,(#7453,#7459),.PCURVE_S1.);
#7449 = LINE('',#7450,#7451);
#7450 = CARTESIAN_POINT('',(10.681045973643,-1.2375,-3.));
#7451 = VECTOR('',#7452,1.);
#7452 = DIRECTION('',(0.,0.,1.));
#7453 = PCURVE('',#5638,#7454);
#7454 = DEFINITIONAL_REPRESENTATION('',(#7455),#7458);
#7455 = B_SPLINE_CURVE_WITH_KNOTS('',1,(#7456,#7457),.UNSPECIFIED.,.F.,
  .F.,(2,2),(2.04,3.96),.PIECEWISE_BEZIER_KNOTS.);
#7456 = CARTESIAN_POINT('',(3.738999070235,2.04));
#7457 = CARTESIAN_POINT('',(3.738999070235,3.96));
#7458 = ( GEOMETRIC_REPRESENTATION_CONTEXT(2) 
PARAMETRIC_REPRESENTATION_CONTEXT() REPRESENTATION_CONTEXT('2D SPACE',''
  ) );
#7459 = PCURVE('',#7259,#7460);
#7460 = DEFINITIONAL_REPRESENTATION('',(#7461),#7464);
#7461 = B_SPLINE_CURVE_WITH_KNOTS('',1,(#7462,#7463),.UNSPECIFIED.,.F.,
  .F.,(2,2),(2.04,3.96),.PIECEWISE_BEZIER_KNOTS.);
#7462 = CARTESIAN_POINT('',(-0.16,15.681045973643));
#7463 = CARTESIAN_POINT('',(1.76,15.681045973643));
#7464 = ( GEOMETRIC_REPRESENTATION_CONTEXT(2) 
PARAMETRIC_REPRESENTATION_CONTEXT() REPRESENTATION_CONTEXT('2D SPACE',''
  ) );
#7465 = ORIENTED_EDGE('',*,*,#7466,.T.);
#7466 = EDGE_CURVE('',#7446,#7467,#7469,.T.);
#7467 = VERTEX_POINT('',#7468);
#7468 = CARTESIAN_POINT('',(14.318954026357,-1.2375,0.8));
#7469 = SURFACE_CURVE('',#7470,(#7475,#7482),.PCURVE_S1.);
#7470 = CIRCLE('',#7471,2.2);
#7471 = AXIS2_PLACEMENT_3D('',#7472,#7473,#7474);
#7472 = CARTESIAN_POINT('',(12.5,0.,0.8));
#7473 = DIRECTION('',(0.,0.,1.));
#7474 = DIRECTION('',(1.,0.,-0.));
#7475 = PCURVE('',#5638,#7476);
#7476 = DEFINITIONAL_REPRESENTATION('',(#7477),#7481);
#7477 = LINE('',#7478,#7479);
#7478 = CARTESIAN_POINT('',(0.,3.8));
#7479 = VECTOR('',#7480,1.);
#7480 = DIRECTION('',(1.,0.));
#7481 = ( GEOMETRIC_REPRESENTATION_CONTEXT(2) 
PARAMETRIC_REPRESENTATION_CONTEXT() REPRESENTATION_CONTEXT('2D SPACE',''
  ) );
#7482 = PCURVE('',#7234,#7483);
#7483 = DEFINITIONAL_REPRESENTATION('',(#7484),#7488);
#7484 = CIRCLE('',#7485,2.2);
#7485 = AXIS2_PLACEMENT_2D('',#7486,#7487);
#7486 = CARTESIAN_POINT('',(17.5,2.75));
#7487 = DIRECTION('',(1.,0.));
#7488 = ( GEOMETRIC_REPRESENTATION_CONTEXT(2) 
PARAMETRIC_REPRESENTATION_CONTEXT() REPRESENTATION_CONTEXT('2D SPACE',''
  ) );
#7489 = ORIENTED_EDGE('',*,*,#7490,.F.);
#7490 = EDGE_CURVE('',#7422,#7467,#7491,.T.);
#7491 = SURFACE_CURVE('',#7492,(#7496,#7502),.PCURVE_S1.);
#7492 = LINE('',#7493,#7494);
#7493 = CARTESIAN_POINT('',(14.318954026357,-1.2375,-3.));
#7494 = VECTOR('',#7495,1.);
#7495 = DIRECTION('',(0.,0.,1.));
#7496 = PCURVE('',#5638,#7497);
#7497 = DEFINITIONAL_REPRESENTATION('',(#7498),#7501);
#7498 = B_SPLINE_CURVE_WITH_KNOTS('',1,(#7499,#7500),.UNSPECIFIED.,.F.,
  .F.,(2,2),(2.04,3.96),.PIECEWISE_BEZIER_KNOTS.);
#7499 = CARTESIAN_POINT('',(5.685778890534,2.04));
#7500 = CARTESIAN_POINT('',(5.685778890534,3.96));
#7501 = ( GEOMETRIC_REPRESENTATION_CONTEXT(2) 
PARAMETRIC_REPRESENTATION_CONTEXT() REPRESENTATION_CONTEXT('2D SPACE',''
  ) );
#7502 = PCURVE('',#7503,#7508);
#7503 = PLANE('',#7504);
#7504 = AXIS2_PLACEMENT_3D('',#7505,#7506,#7507);
#7505 = CARTESIAN_POINT('',(-5.,-1.2375,-0.8));
#7506 = DIRECTION('',(-0.,1.,0.));
#7507 = DIRECTION('',(0.,0.,1.));
#7508 = DEFINITIONAL_REPRESENTATION('',(#7509),#7512);
#7509 = B_SPLINE_CURVE_WITH_KNOTS('',1,(#7510,#7511),.UNSPECIFIED.,.F.,
  .F.,(2,2),(2.04,3.96),.PIECEWISE_BEZIER_KNOTS.);
#7510 = CARTESIAN_POINT('',(-0.16,19.318954026357));
#7511 = CARTESIAN_POINT('',(1.76,19.318954026357));
#7512 = ( GEOMETRIC_REPRESENTATION_CONTEXT(2) 
PARAMETRIC_REPRESENTATION_CONTEXT() REPRESENTATION_CONTEXT('2D SPACE',''
  ) );
#7513 = ADVANCED_FACE('',(#7514),#5669,.F.);
#7514 = FACE_BOUND('',#7515,.F.);
#7515 = EDGE_LOOP('',(#7516,#7540,#7561,#7562));
#7516 = ORIENTED_EDGE('',*,*,#7517,.F.);
#7517 = EDGE_CURVE('',#7518,#7518,#7520,.T.);
#7518 = VERTEX_POINT('',#7519);
#7519 = CARTESIAN_POINT('',(22.05,-5.021051876504E-16,2.));
#7520 = SURFACE_CURVE('',#7521,(#7526,#7533),.PCURVE_S1.);
#7521 = CIRCLE('',#7522,2.05);
#7522 = AXIS2_PLACEMENT_3D('',#7523,#7524,#7525);
#7523 = CARTESIAN_POINT('',(20.,0.,2.));
#7524 = DIRECTION('',(0.,0.,1.));
#7525 = DIRECTION('',(1.,0.,-0.));
#7526 = PCURVE('',#5669,#7527);
#7527 = DEFINITIONAL_REPRESENTATION('',(#7528),#7532);
#7528 = LINE('',#7529,#7530);
#7529 = CARTESIAN_POINT('',(0.,5.));
#7530 = VECTOR('',#7531,1.);
#7531 = DIRECTION('',(1.,0.));
#7532 = ( GEOMETRIC_REPRESENTATION_CONTEXT(2) 
PARAMETRIC_REPRESENTATION_CONTEXT() REPRESENTATION_CONTEXT('2D SPACE',''
  ) );
#7533 = PCURVE('',#6226,#7534);
#7534 = DEFINITIONAL_REPRESENTATION('',(#7535),#7539);
#7535 = CIRCLE('',#7536,2.05);
#7536 = AXIS2_PLACEMENT_2D('',#7537,#7538);
#7537 = CARTESIAN_POINT('',(25.,2.75));
#7538 = DIRECTION('',(1.,0.));
#7539 = ( GEOMETRIC_REPRESENTATION_CONTEXT(2) 
PARAMETRIC_REPRESENTATION_CONTEXT() REPRESENTATION_CONTEXT('2D SPACE',''
  ) );
#7540 = ORIENTED_EDGE('',*,*,#7541,.F.);
#7541 = EDGE_CURVE('',#5653,#7518,#7542,.T.);
#7542 = SEAM_CURVE('',#7543,(#7547,#7554),.PCURVE_S1.);
#7543 = LINE('',#7544,#7545);
#7544 = CARTESIAN_POINT('',(22.05,-5.021051876504E-16,-3.));
#7545 = VECTOR('',#7546,1.);
#7546 = DIRECTION('',(0.,0.,1.));
#7547 = PCURVE('',#5669,#7548);
#7548 = DEFINITIONAL_REPRESENTATION('',(#7549),#7553);
#7549 = LINE('',#7550,#7551);
#7550 = CARTESIAN_POINT('',(6.28318530718,-0.));
#7551 = VECTOR('',#7552,1.);
#7552 = DIRECTION('',(0.,1.));
#7553 = ( GEOMETRIC_REPRESENTATION_CONTEXT(2) 
PARAMETRIC_REPRESENTATION_CONTEXT() REPRESENTATION_CONTEXT('2D SPACE',''
  ) );
#7554 = PCURVE('',#5669,#7555);
#7555 = DEFINITIONAL_REPRESENTATION('',(#7556),#7560);
#7556 = LINE('',#7557,#7558);
#7557 = CARTESIAN_POINT('',(0.,-0.));
#7558 = VECTOR('',#7559,1.);
#7559 = DIRECTION('',(0.,1.));
#7560 = ( GEOMETRIC_REPRESENTATION_CONTEXT(2) 
PARAMETRIC_REPRESENTATION_CONTEXT() REPRESENTATION_CONTEXT('2D SPACE',''
  ) );
#7561 = ORIENTED_EDGE('',*,*,#5652,.T.);
#7562 = ORIENTED_EDGE('',*,*,#7541,.T.);
#7563 = ADVANCED_FACE('',(#7564),#5781,.T.);
#7564 = FACE_BOUND('',#7565,.T.);
#7565 = EDGE_LOOP('',(#7566,#7567,#7568,#7569,#7593,#7614,#7638,#7664,
    #7693,#7714,#7738,#7759));
#7566 = ORIENTED_EDGE('',*,*,#6005,.F.);
#7567 = ORIENTED_EDGE('',*,*,#5901,.T.);
#7568 = ORIENTED_EDGE('',*,*,#5766,.T.);
#7569 = ORIENTED_EDGE('',*,*,#7570,.T.);
#7570 = EDGE_CURVE('',#5739,#7571,#7573,.T.);
#7571 = VERTEX_POINT('',#7572);
#7572 = CARTESIAN_POINT('',(15.155560532941,1.2375,-0.8));
#7573 = SURFACE_CURVE('',#7574,(#7579,#7586),.PCURVE_S1.);
#7574 = CIRCLE('',#7575,5.);
#7575 = AXIS2_PLACEMENT_3D('',#7576,#7577,#7578);
#7576 = CARTESIAN_POINT('',(20.,0.,-0.8));
#7577 = DIRECTION('',(0.,0.,1.));
#7578 = DIRECTION('',(1.,0.,-0.));
#7579 = PCURVE('',#5781,#7580);
#7580 = DEFINITIONAL_REPRESENTATION('',(#7581),#7585);
#7581 = LINE('',#7582,#7583);
#7582 = CARTESIAN_POINT('',(0.,1.2));
#7583 = VECTOR('',#7584,1.);
#7584 = DIRECTION('',(1.,0.));
#7585 = ( GEOMETRIC_REPRESENTATION_CONTEXT(2) 
PARAMETRIC_REPRESENTATION_CONTEXT() REPRESENTATION_CONTEXT('2D SPACE',''
  ) );
#7586 = PCURVE('',#5754,#7587);
#7587 = DEFINITIONAL_REPRESENTATION('',(#7588),#7592);
#7588 = CIRCLE('',#7589,5.);
#7589 = AXIS2_PLACEMENT_2D('',#7590,#7591);
#7590 = CARTESIAN_POINT('',(25.,2.75));
#7591 = DIRECTION('',(1.,0.));
#7592 = ( GEOMETRIC_REPRESENTATION_CONTEXT(2) 
PARAMETRIC_REPRESENTATION_CONTEXT() REPRESENTATION_CONTEXT('2D SPACE',''
  ) );
#7593 = ORIENTED_EDGE('',*,*,#7594,.T.);
#7594 = EDGE_CURVE('',#7571,#7595,#7597,.T.);
#7595 = VERTEX_POINT('',#7596);
#7596 = CARTESIAN_POINT('',(15.155560532941,1.2375,0.8));
#7597 = SURFACE_CURVE('',#7598,(#7602,#7608),.PCURVE_S1.);
#7598 = LINE('',#7599,#7600);
#7599 = CARTESIAN_POINT('',(15.155560532941,1.2375,-2.));
#7600 = VECTOR('',#7601,1.);
#7601 = DIRECTION('',(0.,0.,1.));
#7602 = PCURVE('',#5781,#7603);
#7603 = DEFINITIONAL_REPRESENTATION('',(#7604),#7607);
#7604 = B_SPLINE_CURVE_WITH_KNOTS('',1,(#7605,#7606),.UNSPECIFIED.,.F.,
  .F.,(2,2),(1.04,2.96),.PIECEWISE_BEZIER_KNOTS.);
#7605 = CARTESIAN_POINT('',(2.89149353012,1.04));
#7606 = CARTESIAN_POINT('',(2.89149353012,2.96));
#7607 = ( GEOMETRIC_REPRESENTATION_CONTEXT(2) 
PARAMETRIC_REPRESENTATION_CONTEXT() REPRESENTATION_CONTEXT('2D SPACE',''
  ) );
#7608 = PCURVE('',#7363,#7609);
#7609 = DEFINITIONAL_REPRESENTATION('',(#7610),#7613);
#7610 = B_SPLINE_CURVE_WITH_KNOTS('',1,(#7611,#7612),.UNSPECIFIED.,.F.,
  .F.,(2,2),(1.04,2.96),.PIECEWISE_BEZIER_KNOTS.);
#7611 = CARTESIAN_POINT('',(-0.16,20.155560532941));
#7612 = CARTESIAN_POINT('',(1.76,20.155560532941));
#7613 = ( GEOMETRIC_REPRESENTATION_CONTEXT(2) 
PARAMETRIC_REPRESENTATION_CONTEXT() REPRESENTATION_CONTEXT('2D SPACE',''
  ) );
#7614 = ORIENTED_EDGE('',*,*,#7615,.F.);
#7615 = EDGE_CURVE('',#7616,#7595,#7618,.T.);
#7616 = VERTEX_POINT('',#7617);
#7617 = CARTESIAN_POINT('',(15.824176727878,2.75,0.8));
#7618 = SURFACE_CURVE('',#7619,(#7624,#7631),.PCURVE_S1.);
#7619 = CIRCLE('',#7620,5.);
#7620 = AXIS2_PLACEMENT_3D('',#7621,#7622,#7623);
#7621 = CARTESIAN_POINT('',(20.,0.,0.8));
#7622 = DIRECTION('',(0.,0.,1.));
#7623 = DIRECTION('',(1.,0.,-0.));
#7624 = PCURVE('',#5781,#7625);
#7625 = DEFINITIONAL_REPRESENTATION('',(#7626),#7630);
#7626 = LINE('',#7627,#7628);
#7627 = CARTESIAN_POINT('',(0.,2.8));
#7628 = VECTOR('',#7629,1.);
#7629 = DIRECTION('',(1.,0.));
#7630 = ( GEOMETRIC_REPRESENTATION_CONTEXT(2) 
PARAMETRIC_REPRESENTATION_CONTEXT() REPRESENTATION_CONTEXT('2D SPACE',''
  ) );
#7631 = PCURVE('',#7127,#7632);
#7632 = DEFINITIONAL_REPRESENTATION('',(#7633),#7637);
#7633 = CIRCLE('',#7634,5.);
#7634 = AXIS2_PLACEMENT_2D('',#7635,#7636);
#7635 = CARTESIAN_POINT('',(25.,2.75));
#7636 = DIRECTION('',(1.,0.));
#7637 = ( GEOMETRIC_REPRESENTATION_CONTEXT(2) 
PARAMETRIC_REPRESENTATION_CONTEXT() REPRESENTATION_CONTEXT('2D SPACE',''
  ) );
#7638 = ORIENTED_EDGE('',*,*,#7639,.T.);
#7639 = EDGE_CURVE('',#7616,#7640,#7642,.T.);
#7640 = VERTEX_POINT('',#7641);
#7641 = CARTESIAN_POINT('',(15.824176727878,2.75,1.4));
#7642 = SURFACE_CURVE('',#7643,(#7647,#7653),.PCURVE_S1.);
#7643 = LINE('',#7644,#7645);
#7644 = CARTESIAN_POINT('',(15.824176727877,2.75,-2.));
#7645 = VECTOR('',#7646,1.);
#7646 = DIRECTION('',(0.,0.,1.));
#7647 = PCURVE('',#5781,#7648);
#7648 = DEFINITIONAL_REPRESENTATION('',(#7649),#7652);
#7649 = B_SPLINE_CURVE_WITH_KNOTS('',1,(#7650,#7651),.UNSPECIFIED.,.F.,
  .F.,(2,2),(2.68,3.400006774951),.PIECEWISE_BEZIER_KNOTS.);
#7650 = CARTESIAN_POINT('',(2.559228415721,2.68));
#7651 = CARTESIAN_POINT('',(2.559228415721,3.400006774951));
#7652 = ( GEOMETRIC_REPRESENTATION_CONTEXT(2) 
PARAMETRIC_REPRESENTATION_CONTEXT() REPRESENTATION_CONTEXT('2D SPACE',''
  ) );
#7653 = PCURVE('',#7654,#7659);
#7654 = PLANE('',#7655);
#7655 = AXIS2_PLACEMENT_3D('',#7656,#7657,#7658);
#7656 = CARTESIAN_POINT('',(-5.,2.75,0.8));
#7657 = DIRECTION('',(-0.,1.,0.));
#7658 = DIRECTION('',(0.,0.,1.));
#7659 = DEFINITIONAL_REPRESENTATION('',(#7660),#7663);
#7660 = B_SPLINE_CURVE_WITH_KNOTS('',1,(#7661,#7662),.UNSPECIFIED.,.F.,
  .F.,(2,2),(2.68,3.400006774951),.PIECEWISE_BEZIER_KNOTS.);
#7661 = CARTESIAN_POINT('',(-0.12,20.824176727877));
#7662 = CARTESIAN_POINT('',(0.600006774951,20.824176727877));
#7663 = ( GEOMETRIC_REPRESENTATION_CONTEXT(2) 
PARAMETRIC_REPRESENTATION_CONTEXT() REPRESENTATION_CONTEXT('2D SPACE',''
  ) );
#7664 = ORIENTED_EDGE('',*,*,#7665,.F.);
#7665 = EDGE_CURVE('',#7666,#7640,#7668,.T.);
#7666 = VERTEX_POINT('',#7667);
#7667 = CARTESIAN_POINT('',(24.175823272122,2.75,1.4));
#7668 = SURFACE_CURVE('',#7669,(#7674,#7681),.PCURVE_S1.);
#7669 = CIRCLE('',#7670,5.);
#7670 = AXIS2_PLACEMENT_3D('',#7671,#7672,#7673);
#7671 = CARTESIAN_POINT('',(20.,0.,1.4));
#7672 = DIRECTION('',(0.,0.,1.));
#7673 = DIRECTION('',(1.,0.,-0.));
#7674 = PCURVE('',#5781,#7675);
#7675 = DEFINITIONAL_REPRESENTATION('',(#7676),#7680);
#7676 = LINE('',#7677,#7678);
#7677 = CARTESIAN_POINT('',(0.,3.4));
#7678 = VECTOR('',#7679,1.);
#7679 = DIRECTION('',(1.,0.));
#7680 = ( GEOMETRIC_REPRESENTATION_CONTEXT(2) 
PARAMETRIC_REPRESENTATION_CONTEXT() REPRESENTATION_CONTEXT('2D SPACE',''
  ) );
#7681 = PCURVE('',#7682,#7687);
#7682 = CONICAL_SURFACE('',#7683,5.,0.785398163397);
#7683 = AXIS2_PLACEMENT_3D('',#7684,#7685,#7686);
#7684 = CARTESIAN_POINT('',(20.,0.,1.4));
#7685 = DIRECTION('',(-0.,-0.,-1.));
#7686 = DIRECTION('',(1.,0.,-0.));
#7687 = DEFINITIONAL_REPRESENTATION('',(#7688),#7692);
#7688 = LINE('',#7689,#7690);
#7689 = CARTESIAN_POINT('',(-0.,-0.));
#7690 = VECTOR('',#7691,1.);
#7691 = DIRECTION('',(-1.,-0.));
#7692 = ( GEOMETRIC_REPRESENTATION_CONTEXT(2) 
PARAMETRIC_REPRESENTATION_CONTEXT() REPRESENTATION_CONTEXT('2D SPACE',''
  ) );
#7693 = ORIENTED_EDGE('',*,*,#7694,.F.);
#7694 = EDGE_CURVE('',#7695,#7666,#7697,.T.);
#7695 = VERTEX_POINT('',#7696);
#7696 = CARTESIAN_POINT('',(24.175823272122,2.75,0.8));
#7697 = SURFACE_CURVE('',#7698,(#7702,#7708),.PCURVE_S1.);
#7698 = LINE('',#7699,#7700);
#7699 = CARTESIAN_POINT('',(24.175823272123,2.75,-2.));
#7700 = VECTOR('',#7701,1.);
#7701 = DIRECTION('',(0.,0.,1.));
#7702 = PCURVE('',#5781,#7703);
#7703 = DEFINITIONAL_REPRESENTATION('',(#7704),#7707);
#7704 = B_SPLINE_CURVE_WITH_KNOTS('',1,(#7705,#7706),.UNSPECIFIED.,.F.,
  .F.,(2,2),(2.68,3.400006774951),.PIECEWISE_BEZIER_KNOTS.);
#7705 = CARTESIAN_POINT('',(0.582364237869,2.68));
#7706 = CARTESIAN_POINT('',(0.582364237869,3.400006774951));
#7707 = ( GEOMETRIC_REPRESENTATION_CONTEXT(2) 
PARAMETRIC_REPRESENTATION_CONTEXT() REPRESENTATION_CONTEXT('2D SPACE',''
  ) );
#7708 = PCURVE('',#6471,#7709);
#7709 = DEFINITIONAL_REPRESENTATION('',(#7710),#7713);
#7710 = B_SPLINE_CURVE_WITH_KNOTS('',1,(#7711,#7712),.UNSPECIFIED.,.F.,
  .F.,(2,2),(2.68,3.400006774951),.PIECEWISE_BEZIER_KNOTS.);
#7711 = CARTESIAN_POINT('',(-0.12,29.175823272123));
#7712 = CARTESIAN_POINT('',(0.600006774951,29.175823272123));
#7713 = ( GEOMETRIC_REPRESENTATION_CONTEXT(2) 
PARAMETRIC_REPRESENTATION_CONTEXT() REPRESENTATION_CONTEXT('2D SPACE',''
  ) );
#7714 = ORIENTED_EDGE('',*,*,#7715,.F.);
#7715 = EDGE_CURVE('',#7716,#7695,#7718,.T.);
#7716 = VERTEX_POINT('',#7717);
#7717 = CARTESIAN_POINT('',(24.844439467059,1.2375,0.8));
#7718 = SURFACE_CURVE('',#7719,(#7724,#7731),.PCURVE_S1.);
#7719 = CIRCLE('',#7720,5.);
#7720 = AXIS2_PLACEMENT_3D('',#7721,#7722,#7723);
#7721 = CARTESIAN_POINT('',(20.,0.,0.8));
#7722 = DIRECTION('',(0.,0.,1.));
#7723 = DIRECTION('',(1.,0.,-0.));
#7724 = PCURVE('',#5781,#7725);
#7725 = DEFINITIONAL_REPRESENTATION('',(#7726),#7730);
#7726 = LINE('',#7727,#7728);
#7727 = CARTESIAN_POINT('',(0.,2.8));
#7728 = VECTOR('',#7729,1.);
#7729 = DIRECTION('',(1.,0.));
#7730 = ( GEOMETRIC_REPRESENTATION_CONTEXT(2) 
PARAMETRIC_REPRESENTATION_CONTEXT() REPRESENTATION_CONTEXT('2D SPACE',''
  ) );
#7731 = PCURVE('',#6443,#7732);
#7732 = DEFINITIONAL_REPRESENTATION('',(#7733),#7737);
#7733 = CIRCLE('',#7734,5.);
#7734 = AXIS2_PLACEMENT_2D('',#7735,#7736);
#7735 = CARTESIAN_POINT('',(25.,2.75));
#7736 = DIRECTION('',(1.,0.));
#7737 = ( GEOMETRIC_REPRESENTATION_CONTEXT(2) 
PARAMETRIC_REPRESENTATION_CONTEXT() REPRESENTATION_CONTEXT('2D SPACE',''
  ) );
#7738 = ORIENTED_EDGE('',*,*,#7739,.F.);
#7739 = EDGE_CURVE('',#7740,#7716,#7742,.T.);
#7740 = VERTEX_POINT('',#7741);
#7741 = CARTESIAN_POINT('',(24.844439467059,1.2375,-0.8));
#7742 = SURFACE_CURVE('',#7743,(#7747,#7753),.PCURVE_S1.);
#7743 = LINE('',#7744,#7745);
#7744 = CARTESIAN_POINT('',(24.844439467059,1.2375,-2.));
#7745 = VECTOR('',#7746,1.);
#7746 = DIRECTION('',(0.,0.,1.));
#7747 = PCURVE('',#5781,#7748);
#7748 = DEFINITIONAL_REPRESENTATION('',(#7749),#7752);
#7749 = B_SPLINE_CURVE_WITH_KNOTS('',1,(#7750,#7751),.UNSPECIFIED.,.F.,
  .F.,(2,2),(1.04,2.96),.PIECEWISE_BEZIER_KNOTS.);
#7750 = CARTESIAN_POINT('',(0.25009912347,1.04));
#7751 = CARTESIAN_POINT('',(0.25009912347,2.96));
#7752 = ( GEOMETRIC_REPRESENTATION_CONTEXT(2) 
PARAMETRIC_REPRESENTATION_CONTEXT() REPRESENTATION_CONTEXT('2D SPACE',''
  ) );
#7753 = PCURVE('',#6415,#7754);
#7754 = DEFINITIONAL_REPRESENTATION('',(#7755),#7758);
#7755 = B_SPLINE_CURVE_WITH_KNOTS('',1,(#7756,#7757),.UNSPECIFIED.,.F.,
  .F.,(2,2),(1.04,2.96),.PIECEWISE_BEZIER_KNOTS.);
#7756 = CARTESIAN_POINT('',(-0.16,29.844439467059));
#7757 = CARTESIAN_POINT('',(1.76,29.844439467059));
#7758 = ( GEOMETRIC_REPRESENTATION_CONTEXT(2) 
PARAMETRIC_REPRESENTATION_CONTEXT() REPRESENTATION_CONTEXT('2D SPACE',''
  ) );
#7759 = ORIENTED_EDGE('',*,*,#7760,.T.);
#7760 = EDGE_CURVE('',#7740,#6006,#7761,.T.);
#7761 = SURFACE_CURVE('',#7762,(#7767,#7774),.PCURVE_S1.);
#7762 = CIRCLE('',#7763,5.);
#7763 = AXIS2_PLACEMENT_3D('',#7764,#7765,#7766);
#7764 = CARTESIAN_POINT('',(20.,0.,-0.8));
#7765 = DIRECTION('',(0.,0.,1.));
#7766 = DIRECTION('',(1.,0.,-0.));
#7767 = PCURVE('',#5781,#7768);
#7768 = DEFINITIONAL_REPRESENTATION('',(#7769),#7773);
#7769 = LINE('',#7770,#7771);
#7770 = CARTESIAN_POINT('',(0.,1.2));
#7771 = VECTOR('',#7772,1.);
#7772 = DIRECTION('',(1.,0.));
#7773 = ( GEOMETRIC_REPRESENTATION_CONTEXT(2) 
PARAMETRIC_REPRESENTATION_CONTEXT() REPRESENTATION_CONTEXT('2D SPACE',''
  ) );
#7774 = PCURVE('',#6042,#7775);
#7775 = DEFINITIONAL_REPRESENTATION('',(#7776),#7780);
#7776 = CIRCLE('',#7777,5.);
#7777 = AXIS2_PLACEMENT_2D('',#7778,#7779);
#7778 = CARTESIAN_POINT('',(25.,2.75));
#7779 = DIRECTION('',(1.,0.));
#7780 = ( GEOMETRIC_REPRESENTATION_CONTEXT(2) 
PARAMETRIC_REPRESENTATION_CONTEXT() REPRESENTATION_CONTEXT('2D SPACE',''
  ) );
#7781 = ADVANCED_FACE('',(#7782),#5754,.T.);
#7782 = FACE_BOUND('',#7783,.T.);
#7783 = EDGE_LOOP('',(#7784,#7808,#7829,#7830,#7851,#7852,#7873,#7874));
#7784 = ORIENTED_EDGE('',*,*,#7785,.F.);
#7785 = EDGE_CURVE('',#7786,#5713,#7788,.T.);
#7786 = VERTEX_POINT('',#7787);
#7787 = CARTESIAN_POINT('',(4.844439467059,1.2375,-0.8));
#7788 = SURFACE_CURVE('',#7789,(#7794,#7801),.PCURVE_S1.);
#7789 = CIRCLE('',#7790,5.);
#7790 = AXIS2_PLACEMENT_3D('',#7791,#7792,#7793);
#7791 = CARTESIAN_POINT('',(0.,0.,-0.8));
#7792 = DIRECTION('',(0.,0.,1.));
#7793 = DIRECTION('',(1.,0.,-0.));
#7794 = PCURVE('',#5754,#7795);
#7795 = DEFINITIONAL_REPRESENTATION('',(#7796),#7800);
#7796 = CIRCLE('',#7797,5.);
#7797 = AXIS2_PLACEMENT_2D('',#7798,#7799);
#7798 = CARTESIAN_POINT('',(5.,2.75));
#7799 = DIRECTION('',(1.,0.));
#7800 = ( GEOMETRIC_REPRESENTATION_CONTEXT(2) 
PARAMETRIC_REPRESENTATION_CONTEXT() REPRESENTATION_CONTEXT('2D SPACE',''
  ) );
#7801 = PCURVE('',#5727,#7802);
#7802 = DEFINITIONAL_REPRESENTATION('',(#7803),#7807);
#7803 = LINE('',#7804,#7805);
#7804 = CARTESIAN_POINT('',(0.,1.2));
#7805 = VECTOR('',#7806,1.);
#7806 = DIRECTION('',(1.,0.));
#7807 = ( GEOMETRIC_REPRESENTATION_CONTEXT(2) 
PARAMETRIC_REPRESENTATION_CONTEXT() REPRESENTATION_CONTEXT('2D SPACE',''
  ) );
#7808 = ORIENTED_EDGE('',*,*,#7809,.T.);
#7809 = EDGE_CURVE('',#7786,#7061,#7810,.T.);
#7810 = SURFACE_CURVE('',#7811,(#7815,#7822),.PCURVE_S1.);
#7811 = LINE('',#7812,#7813);
#7812 = CARTESIAN_POINT('',(-5.,1.2375,-0.8));
#7813 = VECTOR('',#7814,1.);
#7814 = DIRECTION('',(1.,0.,-0.));
#7815 = PCURVE('',#5754,#7816);
#7816 = DEFINITIONAL_REPRESENTATION('',(#7817),#7821);
#7817 = LINE('',#7818,#7819);
#7818 = CARTESIAN_POINT('',(0.,3.9875));
#7819 = VECTOR('',#7820,1.);
#7820 = DIRECTION('',(1.,0.));
#7821 = ( GEOMETRIC_REPRESENTATION_CONTEXT(2) 
PARAMETRIC_REPRESENTATION_CONTEXT() REPRESENTATION_CONTEXT('2D SPACE',''
  ) );
#7822 = PCURVE('',#7152,#7823);
#7823 = DEFINITIONAL_REPRESENTATION('',(#7824),#7828);
#7824 = LINE('',#7825,#7826);
#7825 = CARTESIAN_POINT('',(0.,0.));
#7826 = VECTOR('',#7827,1.);
#7827 = DIRECTION('',(0.,1.));
#7828 = ( GEOMETRIC_REPRESENTATION_CONTEXT(2) 
PARAMETRIC_REPRESENTATION_CONTEXT() REPRESENTATION_CONTEXT('2D SPACE',''
  ) );
#7829 = ORIENTED_EDGE('',*,*,#7058,.F.);
#7830 = ORIENTED_EDGE('',*,*,#7831,.T.);
#7831 = EDGE_CURVE('',#7059,#7325,#7832,.T.);
#7832 = SURFACE_CURVE('',#7833,(#7837,#7844),.PCURVE_S1.);
#7833 = LINE('',#7834,#7835);
#7834 = CARTESIAN_POINT('',(-5.,1.2375,-0.8));
#7835 = VECTOR('',#7836,1.);
#7836 = DIRECTION('',(1.,0.,-0.));
#7837 = PCURVE('',#5754,#7838);
#7838 = DEFINITIONAL_REPRESENTATION('',(#7839),#7843);
#7839 = LINE('',#7840,#7841);
#7840 = CARTESIAN_POINT('',(0.,3.9875));
#7841 = VECTOR('',#7842,1.);
#7842 = DIRECTION('',(1.,0.));
#7843 = ( GEOMETRIC_REPRESENTATION_CONTEXT(2) 
PARAMETRIC_REPRESENTATION_CONTEXT() REPRESENTATION_CONTEXT('2D SPACE',''
  ) );
#7844 = PCURVE('',#7099,#7845);
#7845 = DEFINITIONAL_REPRESENTATION('',(#7846),#7850);
#7846 = LINE('',#7847,#7848);
#7847 = CARTESIAN_POINT('',(0.,0.));
#7848 = VECTOR('',#7849,1.);
#7849 = DIRECTION('',(0.,1.));
#7850 = ( GEOMETRIC_REPRESENTATION_CONTEXT(2) 
PARAMETRIC_REPRESENTATION_CONTEXT() REPRESENTATION_CONTEXT('2D SPACE',''
  ) );
#7851 = ORIENTED_EDGE('',*,*,#7322,.F.);
#7852 = ORIENTED_EDGE('',*,*,#7853,.T.);
#7853 = EDGE_CURVE('',#7323,#7571,#7854,.T.);
#7854 = SURFACE_CURVE('',#7855,(#7859,#7866),.PCURVE_S1.);
#7855 = LINE('',#7856,#7857);
#7856 = CARTESIAN_POINT('',(-5.,1.2375,-0.8));
#7857 = VECTOR('',#7858,1.);
#7858 = DIRECTION('',(1.,0.,-0.));
#7859 = PCURVE('',#5754,#7860);
#7860 = DEFINITIONAL_REPRESENTATION('',(#7861),#7865);
#7861 = LINE('',#7862,#7863);
#7862 = CARTESIAN_POINT('',(0.,3.9875));
#7863 = VECTOR('',#7864,1.);
#7864 = DIRECTION('',(1.,0.));
#7865 = ( GEOMETRIC_REPRESENTATION_CONTEXT(2) 
PARAMETRIC_REPRESENTATION_CONTEXT() REPRESENTATION_CONTEXT('2D SPACE',''
  ) );
#7866 = PCURVE('',#7363,#7867);
#7867 = DEFINITIONAL_REPRESENTATION('',(#7868),#7872);
#7868 = LINE('',#7869,#7870);
#7869 = CARTESIAN_POINT('',(0.,0.));
#7870 = VECTOR('',#7871,1.);
#7871 = DIRECTION('',(0.,1.));
#7872 = ( GEOMETRIC_REPRESENTATION_CONTEXT(2) 
PARAMETRIC_REPRESENTATION_CONTEXT() REPRESENTATION_CONTEXT('2D SPACE',''
  ) );
#7873 = ORIENTED_EDGE('',*,*,#7570,.F.);
#7874 = ORIENTED_EDGE('',*,*,#5738,.F.);
#7875 = ADVANCED_FACE('',(#7876),#5727,.T.);
#7876 = FACE_BOUND('',#7877,.T.);
#7877 = EDGE_LOOP('',(#7878,#7879,#7880,#7881,#7905,#7926,#7950,#7971,
    #8000,#8021,#8045,#8064));
#7878 = ORIENTED_EDGE('',*,*,#5712,.F.);
#7879 = ORIENTED_EDGE('',*,*,#5821,.T.);
#7880 = ORIENTED_EDGE('',*,*,#5980,.T.);
#7881 = ORIENTED_EDGE('',*,*,#7882,.T.);
#7882 = EDGE_CURVE('',#5953,#7883,#7885,.T.);
#7883 = VERTEX_POINT('',#7884);
#7884 = CARTESIAN_POINT('',(-4.844439467059,1.2375,-0.8));
#7885 = SURFACE_CURVE('',#7886,(#7891,#7898),.PCURVE_S1.);
#7886 = CIRCLE('',#7887,5.);
#7887 = AXIS2_PLACEMENT_3D('',#7888,#7889,#7890);
#7888 = CARTESIAN_POINT('',(0.,0.,-0.8));
#7889 = DIRECTION('',(0.,0.,1.));
#7890 = DIRECTION('',(1.,0.,-0.));
#7891 = PCURVE('',#5727,#7892);
#7892 = DEFINITIONAL_REPRESENTATION('',(#7893),#7897);
#7893 = LINE('',#7894,#7895);
#7894 = CARTESIAN_POINT('',(0.,1.2));
#7895 = VECTOR('',#7896,1.);
#7896 = DIRECTION('',(1.,0.));
#7897 = ( GEOMETRIC_REPRESENTATION_CONTEXT(2) 
PARAMETRIC_REPRESENTATION_CONTEXT() REPRESENTATION_CONTEXT('2D SPACE',''
  ) );
#7898 = PCURVE('',#5968,#7899);
#7899 = DEFINITIONAL_REPRESENTATION('',(#7900),#7904);
#7900 = CIRCLE('',#7901,5.);
#7901 = AXIS2_PLACEMENT_2D('',#7902,#7903);
#7902 = CARTESIAN_POINT('',(5.,2.75));
#7903 = DIRECTION('',(1.,0.));
#7904 = ( GEOMETRIC_REPRESENTATION_CONTEXT(2) 
PARAMETRIC_REPRESENTATION_CONTEXT() REPRESENTATION_CONTEXT('2D SPACE',''
  ) );
#7905 = ORIENTED_EDGE('',*,*,#7906,.T.);
#7906 = EDGE_CURVE('',#7883,#7907,#7909,.T.);
#7907 = VERTEX_POINT('',#7908);
#7908 = CARTESIAN_POINT('',(-4.844439467059,1.2375,0.8));
#7909 = SURFACE_CURVE('',#7910,(#7914,#7920),.PCURVE_S1.);
#7910 = LINE('',#7911,#7912);
#7911 = CARTESIAN_POINT('',(-4.844439467059,1.2375,-2.));
#7912 = VECTOR('',#7913,1.);
#7913 = DIRECTION('',(0.,0.,1.));
#7914 = PCURVE('',#5727,#7915);
#7915 = DEFINITIONAL_REPRESENTATION('',(#7916),#7919);
#7916 = B_SPLINE_CURVE_WITH_KNOTS('',1,(#7917,#7918),.UNSPECIFIED.,.F.,
  .F.,(2,2),(1.04,2.96),.PIECEWISE_BEZIER_KNOTS.);
#7917 = CARTESIAN_POINT('',(2.89149353012,1.04));
#7918 = CARTESIAN_POINT('',(2.89149353012,2.96));
#7919 = ( GEOMETRIC_REPRESENTATION_CONTEXT(2) 
PARAMETRIC_REPRESENTATION_CONTEXT() REPRESENTATION_CONTEXT('2D SPACE',''
  ) );
#7920 = PCURVE('',#6142,#7921);
#7921 = DEFINITIONAL_REPRESENTATION('',(#7922),#7925);
#7922 = B_SPLINE_CURVE_WITH_KNOTS('',1,(#7923,#7924),.UNSPECIFIED.,.F.,
  .F.,(2,2),(1.04,2.96),.PIECEWISE_BEZIER_KNOTS.);
#7923 = CARTESIAN_POINT('',(-0.16,0.155560532941));
#7924 = CARTESIAN_POINT('',(1.76,0.155560532941));
#7925 = ( GEOMETRIC_REPRESENTATION_CONTEXT(2) 
PARAMETRIC_REPRESENTATION_CONTEXT() REPRESENTATION_CONTEXT('2D SPACE',''
  ) );
#7926 = ORIENTED_EDGE('',*,*,#7927,.F.);
#7927 = EDGE_CURVE('',#7928,#7907,#7930,.T.);
#7928 = VERTEX_POINT('',#7929);
#7929 = CARTESIAN_POINT('',(-4.175823272123,2.75,0.8));
#7930 = SURFACE_CURVE('',#7931,(#7936,#7943),.PCURVE_S1.);
#7931 = CIRCLE('',#7932,5.);
#7932 = AXIS2_PLACEMENT_3D('',#7933,#7934,#7935);
#7933 = CARTESIAN_POINT('',(0.,0.,0.8));
#7934 = DIRECTION('',(0.,0.,1.));
#7935 = DIRECTION('',(1.,0.,-0.));
#7936 = PCURVE('',#5727,#7937);
#7937 = DEFINITIONAL_REPRESENTATION('',(#7938),#7942);
#7938 = LINE('',#7939,#7940);
#7939 = CARTESIAN_POINT('',(0.,2.8));
#7940 = VECTOR('',#7941,1.);
#7941 = DIRECTION('',(1.,0.));
#7942 = ( GEOMETRIC_REPRESENTATION_CONTEXT(2) 
PARAMETRIC_REPRESENTATION_CONTEXT() REPRESENTATION_CONTEXT('2D SPACE',''
  ) );
#7943 = PCURVE('',#6170,#7944);
#7944 = DEFINITIONAL_REPRESENTATION('',(#7945),#7949);
#7945 = CIRCLE('',#7946,5.);
#7946 = AXIS2_PLACEMENT_2D('',#7947,#7948);
#7947 = CARTESIAN_POINT('',(5.,2.75));
#7948 = DIRECTION('',(1.,0.));
#7949 = ( GEOMETRIC_REPRESENTATION_CONTEXT(2) 
PARAMETRIC_REPRESENTATION_CONTEXT() REPRESENTATION_CONTEXT('2D SPACE',''
  ) );
#7950 = ORIENTED_EDGE('',*,*,#7951,.T.);
#7951 = EDGE_CURVE('',#7928,#7952,#7954,.T.);
#7952 = VERTEX_POINT('',#7953);
#7953 = CARTESIAN_POINT('',(-4.175823272123,2.75,1.4));
#7954 = SURFACE_CURVE('',#7955,(#7959,#7965),.PCURVE_S1.);
#7955 = LINE('',#7956,#7957);
#7956 = CARTESIAN_POINT('',(-4.175823272123,2.75,-2.));
#7957 = VECTOR('',#7958,1.);
#7958 = DIRECTION('',(0.,0.,1.));
#7959 = PCURVE('',#5727,#7960);
#7960 = DEFINITIONAL_REPRESENTATION('',(#7961),#7964);
#7961 = B_SPLINE_CURVE_WITH_KNOTS('',1,(#7962,#7963),.UNSPECIFIED.,.F.,
  .F.,(2,2),(2.68,3.400006774951),.PIECEWISE_BEZIER_KNOTS.);
#7962 = CARTESIAN_POINT('',(2.559228415721,2.68));
#7963 = CARTESIAN_POINT('',(2.559228415721,3.400006774951));
#7964 = ( GEOMETRIC_REPRESENTATION_CONTEXT(2) 
PARAMETRIC_REPRESENTATION_CONTEXT() REPRESENTATION_CONTEXT('2D SPACE',''
  ) );
#7965 = PCURVE('',#6198,#7966);
#7966 = DEFINITIONAL_REPRESENTATION('',(#7967),#7970);
#7967 = B_SPLINE_CURVE_WITH_KNOTS('',1,(#7968,#7969),.UNSPECIFIED.,.F.,
  .F.,(2,2),(2.68,3.400006774951),.PIECEWISE_BEZIER_KNOTS.);
#7968 = CARTESIAN_POINT('',(-0.12,0.824176727877));
#7969 = CARTESIAN_POINT('',(0.600006774951,0.824176727877));
#7970 = ( GEOMETRIC_REPRESENTATION_CONTEXT(2) 
PARAMETRIC_REPRESENTATION_CONTEXT() REPRESENTATION_CONTEXT('2D SPACE',''
  ) );
#7971 = ORIENTED_EDGE('',*,*,#7972,.F.);
#7972 = EDGE_CURVE('',#7973,#7952,#7975,.T.);
#7973 = VERTEX_POINT('',#7974);
#7974 = CARTESIAN_POINT('',(4.175823272123,2.75,1.4));
#7975 = SURFACE_CURVE('',#7976,(#7981,#7988),.PCURVE_S1.);
#7976 = CIRCLE('',#7977,5.);
#7977 = AXIS2_PLACEMENT_3D('',#7978,#7979,#7980);
#7978 = CARTESIAN_POINT('',(0.,0.,1.4));
#7979 = DIRECTION('',(0.,0.,1.));
#7980 = DIRECTION('',(1.,0.,-0.));
#7981 = PCURVE('',#5727,#7982);
#7982 = DEFINITIONAL_REPRESENTATION('',(#7983),#7987);
#7983 = LINE('',#7984,#7985);
#7984 = CARTESIAN_POINT('',(0.,3.4));
#7985 = VECTOR('',#7986,1.);
#7986 = DIRECTION('',(1.,0.));
#7987 = ( GEOMETRIC_REPRESENTATION_CONTEXT(2) 
PARAMETRIC_REPRESENTATION_CONTEXT() REPRESENTATION_CONTEXT('2D SPACE',''
  ) );
#7988 = PCURVE('',#7989,#7994);
#7989 = CONICAL_SURFACE('',#7990,5.,0.785398163397);
#7990 = AXIS2_PLACEMENT_3D('',#7991,#7992,#7993);
#7991 = CARTESIAN_POINT('',(0.,0.,1.4));
#7992 = DIRECTION('',(-0.,-0.,-1.));
#7993 = DIRECTION('',(1.,0.,-0.));
#7994 = DEFINITIONAL_REPRESENTATION('',(#7995),#7999);
#7995 = LINE('',#7996,#7997);
#7996 = CARTESIAN_POINT('',(-0.,-0.));
#7997 = VECTOR('',#7998,1.);
#7998 = DIRECTION('',(-1.,-0.));
#7999 = ( GEOMETRIC_REPRESENTATION_CONTEXT(2) 
PARAMETRIC_REPRESENTATION_CONTEXT() REPRESENTATION_CONTEXT('2D SPACE',''
  ) );
#8000 = ORIENTED_EDGE('',*,*,#8001,.F.);
#8001 = EDGE_CURVE('',#8002,#7973,#8004,.T.);
#8002 = VERTEX_POINT('',#8003);
#8003 = CARTESIAN_POINT('',(4.175823272123,2.75,0.8));
#8004 = SURFACE_CURVE('',#8005,(#8009,#8015),.PCURVE_S1.);
#8005 = LINE('',#8006,#8007);
#8006 = CARTESIAN_POINT('',(4.175823272123,2.75,-2.));
#8007 = VECTOR('',#8008,1.);
#8008 = DIRECTION('',(0.,0.,1.));
#8009 = PCURVE('',#5727,#8010);
#8010 = DEFINITIONAL_REPRESENTATION('',(#8011),#8014);
#8011 = B_SPLINE_CURVE_WITH_KNOTS('',1,(#8012,#8013),.UNSPECIFIED.,.F.,
  .F.,(2,2),(2.68,3.400006774951),.PIECEWISE_BEZIER_KNOTS.);
#8012 = CARTESIAN_POINT('',(0.582364237869,2.68));
#8013 = CARTESIAN_POINT('',(0.582364237869,3.400006774951));
#8014 = ( GEOMETRIC_REPRESENTATION_CONTEXT(2) 
PARAMETRIC_REPRESENTATION_CONTEXT() REPRESENTATION_CONTEXT('2D SPACE',''
  ) );
#8015 = PCURVE('',#7654,#8016);
#8016 = DEFINITIONAL_REPRESENTATION('',(#8017),#8020);
#8017 = B_SPLINE_CURVE_WITH_KNOTS('',1,(#8018,#8019),.UNSPECIFIED.,.F.,
  .F.,(2,2),(2.68,3.400006774951),.PIECEWISE_BEZIER_KNOTS.);
#8018 = CARTESIAN_POINT('',(-0.12,9.175823272123));
#8019 = CARTESIAN_POINT('',(0.600006774951,9.175823272123));
#8020 = ( GEOMETRIC_REPRESENTATION_CONTEXT(2) 
PARAMETRIC_REPRESENTATION_CONTEXT() REPRESENTATION_CONTEXT('2D SPACE',''
  ) );
#8021 = ORIENTED_EDGE('',*,*,#8022,.F.);
#8022 = EDGE_CURVE('',#8023,#8002,#8025,.T.);
#8023 = VERTEX_POINT('',#8024);
#8024 = CARTESIAN_POINT('',(4.844439467059,1.2375,0.8));
#8025 = SURFACE_CURVE('',#8026,(#8031,#8038),.PCURVE_S1.);
#8026 = CIRCLE('',#8027,5.);
#8027 = AXIS2_PLACEMENT_3D('',#8028,#8029,#8030);
#8028 = CARTESIAN_POINT('',(0.,0.,0.8));
#8029 = DIRECTION('',(0.,0.,1.));
#8030 = DIRECTION('',(1.,0.,-0.));
#8031 = PCURVE('',#5727,#8032);
#8032 = DEFINITIONAL_REPRESENTATION('',(#8033),#8037);
#8033 = LINE('',#8034,#8035);
#8034 = CARTESIAN_POINT('',(0.,2.8));
#8035 = VECTOR('',#8036,1.);
#8036 = DIRECTION('',(1.,0.));
#8037 = ( GEOMETRIC_REPRESENTATION_CONTEXT(2) 
PARAMETRIC_REPRESENTATION_CONTEXT() REPRESENTATION_CONTEXT('2D SPACE',''
  ) );
#8038 = PCURVE('',#7127,#8039);
#8039 = DEFINITIONAL_REPRESENTATION('',(#8040),#8044);
#8040 = CIRCLE('',#8041,5.);
#8041 = AXIS2_PLACEMENT_2D('',#8042,#8043);
#8042 = CARTESIAN_POINT('',(5.,2.75));
#8043 = DIRECTION('',(1.,0.));
#8044 = ( GEOMETRIC_REPRESENTATION_CONTEXT(2) 
PARAMETRIC_REPRESENTATION_CONTEXT() REPRESENTATION_CONTEXT('2D SPACE',''
  ) );
#8045 = ORIENTED_EDGE('',*,*,#8046,.F.);
#8046 = EDGE_CURVE('',#7786,#8023,#8047,.T.);
#8047 = SURFACE_CURVE('',#8048,(#8052,#8058),.PCURVE_S1.);
#8048 = LINE('',#8049,#8050);
#8049 = CARTESIAN_POINT('',(4.844439467059,1.2375,-2.));
#8050 = VECTOR('',#8051,1.);
#8051 = DIRECTION('',(0.,0.,1.));
#8052 = PCURVE('',#5727,#8053);
#8053 = DEFINITIONAL_REPRESENTATION('',(#8054),#8057);
#8054 = B_SPLINE_CURVE_WITH_KNOTS('',1,(#8055,#8056),.UNSPECIFIED.,.F.,
  .F.,(2,2),(1.04,2.96),.PIECEWISE_BEZIER_KNOTS.);
#8055 = CARTESIAN_POINT('',(0.25009912347,1.04));
#8056 = CARTESIAN_POINT('',(0.25009912347,2.96));
#8057 = ( GEOMETRIC_REPRESENTATION_CONTEXT(2) 
PARAMETRIC_REPRESENTATION_CONTEXT() REPRESENTATION_CONTEXT('2D SPACE',''
  ) );
#8058 = PCURVE('',#7152,#8059);
#8059 = DEFINITIONAL_REPRESENTATION('',(#8060),#8063);
#8060 = B_SPLINE_CURVE_WITH_KNOTS('',1,(#8061,#8062),.UNSPECIFIED.,.F.,
  .F.,(2,2),(1.04,2.96),.PIECEWISE_BEZIER_KNOTS.);
#8061 = CARTESIAN_POINT('',(-0.16,9.844439467059));
#8062 = CARTESIAN_POINT('',(1.76,9.844439467059));
#8063 = ( GEOMETRIC_REPRESENTATION_CONTEXT(2) 
PARAMETRIC_REPRESENTATION_CONTEXT() REPRESENTATION_CONTEXT('2D SPACE',''
  ) );
#8064 = ORIENTED_EDGE('',*,*,#7785,.T.);
#8065 = ADVANCED_FACE('',(#8066),#5968,.T.);
#8066 = FACE_BOUND('',#8067,.T.);
#8067 = EDGE_LOOP('',(#8068,#8069,#8090,#8091));
#8068 = ORIENTED_EDGE('',*,*,#6103,.F.);
#8069 = ORIENTED_EDGE('',*,*,#8070,.T.);
#8070 = EDGE_CURVE('',#6104,#7883,#8071,.T.);
#8071 = SURFACE_CURVE('',#8072,(#8076,#8083),.PCURVE_S1.);
#8072 = LINE('',#8073,#8074);
#8073 = CARTESIAN_POINT('',(-5.,1.2375,-0.8));
#8074 = VECTOR('',#8075,1.);
#8075 = DIRECTION('',(1.,0.,-0.));
#8076 = PCURVE('',#5968,#8077);
#8077 = DEFINITIONAL_REPRESENTATION('',(#8078),#8082);
#8078 = LINE('',#8079,#8080);
#8079 = CARTESIAN_POINT('',(0.,3.9875));
#8080 = VECTOR('',#8081,1.);
#8081 = DIRECTION('',(1.,0.));
#8082 = ( GEOMETRIC_REPRESENTATION_CONTEXT(2) 
PARAMETRIC_REPRESENTATION_CONTEXT() REPRESENTATION_CONTEXT('2D SPACE',''
  ) );
#8083 = PCURVE('',#6142,#8084);
#8084 = DEFINITIONAL_REPRESENTATION('',(#8085),#8089);
#8085 = LINE('',#8086,#8087);
#8086 = CARTESIAN_POINT('',(0.,0.));
#8087 = VECTOR('',#8088,1.);
#8088 = DIRECTION('',(0.,1.));
#8089 = ( GEOMETRIC_REPRESENTATION_CONTEXT(2) 
PARAMETRIC_REPRESENTATION_CONTEXT() REPRESENTATION_CONTEXT('2D SPACE',''
  ) );
#8090 = ORIENTED_EDGE('',*,*,#7882,.F.);
#8091 = ORIENTED_EDGE('',*,*,#5952,.F.);
#8092 = ADVANCED_FACE('',(#8093),#6042,.T.);
#8093 = FACE_BOUND('',#8094,.T.);
#8094 = EDGE_LOOP('',(#8095,#8096,#8117,#8118));
#8095 = ORIENTED_EDGE('',*,*,#7760,.F.);
#8096 = ORIENTED_EDGE('',*,*,#8097,.T.);
#8097 = EDGE_CURVE('',#7740,#6377,#8098,.T.);
#8098 = SURFACE_CURVE('',#8099,(#8103,#8110),.PCURVE_S1.);
#8099 = LINE('',#8100,#8101);
#8100 = CARTESIAN_POINT('',(-5.,1.2375,-0.8));
#8101 = VECTOR('',#8102,1.);
#8102 = DIRECTION('',(1.,0.,-0.));
#8103 = PCURVE('',#6042,#8104);
#8104 = DEFINITIONAL_REPRESENTATION('',(#8105),#8109);
#8105 = LINE('',#8106,#8107);
#8106 = CARTESIAN_POINT('',(0.,3.9875));
#8107 = VECTOR('',#8108,1.);
#8108 = DIRECTION('',(1.,0.));
#8109 = ( GEOMETRIC_REPRESENTATION_CONTEXT(2) 
PARAMETRIC_REPRESENTATION_CONTEXT() REPRESENTATION_CONTEXT('2D SPACE',''
  ) );
#8110 = PCURVE('',#6415,#8111);
#8111 = DEFINITIONAL_REPRESENTATION('',(#8112),#8116);
#8112 = LINE('',#8113,#8114);
#8113 = CARTESIAN_POINT('',(0.,0.));
#8114 = VECTOR('',#8115,1.);
#8115 = DIRECTION('',(0.,1.));
#8116 = ( GEOMETRIC_REPRESENTATION_CONTEXT(2) 
PARAMETRIC_REPRESENTATION_CONTEXT() REPRESENTATION_CONTEXT('2D SPACE',''
  ) );
#8117 = ORIENTED_EDGE('',*,*,#6376,.T.);
#8118 = ORIENTED_EDGE('',*,*,#6026,.F.);
#8119 = ADVANCED_FACE('',(#8120),#6142,.T.);
#8120 = FACE_BOUND('',#8121,.T.);
#8121 = EDGE_LOOP('',(#8122,#8123,#8124,#8145));
#8122 = ORIENTED_EDGE('',*,*,#8070,.F.);
#8123 = ORIENTED_EDGE('',*,*,#6126,.T.);
#8124 = ORIENTED_EDGE('',*,*,#8125,.T.);
#8125 = EDGE_CURVE('',#6127,#7907,#8126,.T.);
#8126 = SURFACE_CURVE('',#8127,(#8131,#8138),.PCURVE_S1.);
#8127 = LINE('',#8128,#8129);
#8128 = CARTESIAN_POINT('',(-5.,1.2375,0.8));
#8129 = VECTOR('',#8130,1.);
#8130 = DIRECTION('',(1.,0.,-0.));
#8131 = PCURVE('',#6142,#8132);
#8132 = DEFINITIONAL_REPRESENTATION('',(#8133),#8137);
#8133 = LINE('',#8134,#8135);
#8134 = CARTESIAN_POINT('',(1.6,0.));
#8135 = VECTOR('',#8136,1.);
#8136 = DIRECTION('',(0.,1.));
#8137 = ( GEOMETRIC_REPRESENTATION_CONTEXT(2) 
PARAMETRIC_REPRESENTATION_CONTEXT() REPRESENTATION_CONTEXT('2D SPACE',''
  ) );
#8138 = PCURVE('',#6170,#8139);
#8139 = DEFINITIONAL_REPRESENTATION('',(#8140),#8144);
#8140 = LINE('',#8141,#8142);
#8141 = CARTESIAN_POINT('',(0.,3.9875));
#8142 = VECTOR('',#8143,1.);
#8143 = DIRECTION('',(1.,0.));
#8144 = ( GEOMETRIC_REPRESENTATION_CONTEXT(2) 
PARAMETRIC_REPRESENTATION_CONTEXT() REPRESENTATION_CONTEXT('2D SPACE',''
  ) );
#8145 = ORIENTED_EDGE('',*,*,#7906,.F.);
#8146 = ADVANCED_FACE('',(#8147),#6170,.F.);
#8147 = FACE_BOUND('',#8148,.F.);
#8148 = EDGE_LOOP('',(#8149,#8150,#8151,#8152));
#8149 = ORIENTED_EDGE('',*,*,#6154,.F.);
#8150 = ORIENTED_EDGE('',*,*,#8125,.T.);
#8151 = ORIENTED_EDGE('',*,*,#7927,.F.);
#8152 = ORIENTED_EDGE('',*,*,#8153,.F.);
#8153 = EDGE_CURVE('',#6155,#7928,#8154,.T.);
#8154 = SURFACE_CURVE('',#8155,(#8159,#8166),.PCURVE_S1.);
#8155 = LINE('',#8156,#8157);
#8156 = CARTESIAN_POINT('',(-5.,2.75,0.8));
#8157 = VECTOR('',#8158,1.);
#8158 = DIRECTION('',(1.,0.,-0.));
#8159 = PCURVE('',#6170,#8160);
#8160 = DEFINITIONAL_REPRESENTATION('',(#8161),#8165);
#8161 = LINE('',#8162,#8163);
#8162 = CARTESIAN_POINT('',(0.,5.5));
#8163 = VECTOR('',#8164,1.);
#8164 = DIRECTION('',(1.,0.));
#8165 = ( GEOMETRIC_REPRESENTATION_CONTEXT(2) 
PARAMETRIC_REPRESENTATION_CONTEXT() REPRESENTATION_CONTEXT('2D SPACE',''
  ) );
#8166 = PCURVE('',#6198,#8167);
#8167 = DEFINITIONAL_REPRESENTATION('',(#8168),#8172);
#8168 = LINE('',#8169,#8170);
#8169 = CARTESIAN_POINT('',(0.,0.));
#8170 = VECTOR('',#8171,1.);
#8171 = DIRECTION('',(0.,1.));
#8172 = ( GEOMETRIC_REPRESENTATION_CONTEXT(2) 
PARAMETRIC_REPRESENTATION_CONTEXT() REPRESENTATION_CONTEXT('2D SPACE',''
  ) );
#8173 = ADVANCED_FACE('',(#8174),#6198,.T.);
#8174 = FACE_BOUND('',#8175,.T.);
#8175 = EDGE_LOOP('',(#8176,#8177,#8178,#8201,#8226));
#8176 = ORIENTED_EDGE('',*,*,#8153,.F.);
#8177 = ORIENTED_EDGE('',*,*,#6182,.T.);
#8178 = ORIENTED_EDGE('',*,*,#8179,.T.);
#8179 = EDGE_CURVE('',#6183,#8180,#8182,.T.);
#8180 = VERTEX_POINT('',#8181);
#8181 = CARTESIAN_POINT('',(-3.434748899119,2.75,2.));
#8182 = SURFACE_CURVE('',#8183,(#8187,#8194),.PCURVE_S1.);
#8183 = LINE('',#8184,#8185);
#8184 = CARTESIAN_POINT('',(-5.,2.75,2.));
#8185 = VECTOR('',#8186,1.);
#8186 = DIRECTION('',(1.,0.,-0.));
#8187 = PCURVE('',#6198,#8188);
#8188 = DEFINITIONAL_REPRESENTATION('',(#8189),#8193);
#8189 = LINE('',#8190,#8191);
#8190 = CARTESIAN_POINT('',(1.2,0.));
#8191 = VECTOR('',#8192,1.);
#8192 = DIRECTION('',(0.,1.));
#8193 = ( GEOMETRIC_REPRESENTATION_CONTEXT(2) 
PARAMETRIC_REPRESENTATION_CONTEXT() REPRESENTATION_CONTEXT('2D SPACE',''
  ) );
#8194 = PCURVE('',#6226,#8195);
#8195 = DEFINITIONAL_REPRESENTATION('',(#8196),#8200);
#8196 = LINE('',#8197,#8198);
#8197 = CARTESIAN_POINT('',(0.,5.5));
#8198 = VECTOR('',#8199,1.);
#8199 = DIRECTION('',(1.,0.));
#8200 = ( GEOMETRIC_REPRESENTATION_CONTEXT(2) 
PARAMETRIC_REPRESENTATION_CONTEXT() REPRESENTATION_CONTEXT('2D SPACE',''
  ) );
#8201 = ORIENTED_EDGE('',*,*,#8202,.T.);
#8202 = EDGE_CURVE('',#8180,#7952,#8203,.T.);
#8203 = SURFACE_CURVE('',#8204,(#8209,#8216),.PCURVE_S1.);
#8204 = HYPERBOLA('',#8205,2.75,2.75);
#8205 = AXIS2_PLACEMENT_3D('',#8206,#8207,#8208);
#8206 = CARTESIAN_POINT('',(0.,2.75,6.4));
#8207 = DIRECTION('',(0.,1.,0.));
#8208 = DIRECTION('',(-0.,0.,-1.));
#8209 = PCURVE('',#6198,#8210);
#8210 = DEFINITIONAL_REPRESENTATION('',(#8211),#8215);
#8211 = ( BOUNDED_CURVE() B_SPLINE_CURVE(2,(#8212,#8213,#8214),
.UNSPECIFIED.,.F.,.F.) B_SPLINE_CURVE_WITH_KNOTS((3,3),(1.046967915003,
1.204971208168),.PIECEWISE_BEZIER_KNOTS.) CURVE() 
GEOMETRIC_REPRESENTATION_ITEM() RATIONAL_B_SPLINE_CURVE((1.,
1.003122253474,1.)) REPRESENTATION_ITEM('') );
#8212 = CARTESIAN_POINT('',(1.2,1.565251100881));
#8213 = CARTESIAN_POINT('',(0.929212299272,1.218365224156));
#8214 = CARTESIAN_POINT('',(0.6,0.824176727877));
#8215 = ( GEOMETRIC_REPRESENTATION_CONTEXT(2) 
PARAMETRIC_REPRESENTATION_CONTEXT() REPRESENTATION_CONTEXT('2D SPACE',''
  ) );
#8216 = PCURVE('',#7989,#8217);
#8217 = DEFINITIONAL_REPRESENTATION('',(#8218),#8225);
#8218 = B_SPLINE_CURVE_WITH_KNOTS('',5,(#8219,#8220,#8221,#8222,#8223,
    #8224),.UNSPECIFIED.,.F.,.F.,(6,6),(1.046967915003,1.204971208168),
  .PIECEWISE_BEZIER_KNOTS.);
#8219 = CARTESIAN_POINT('',(-2.466461120653,-0.6));
#8220 = CARTESIAN_POINT('',(-2.486211532298,-0.491459672549));
#8221 = CARTESIAN_POINT('',(-2.505352932484,-0.377427038356));
#8222 = CARTESIAN_POINT('',(-2.523894317204,-0.257676273539));
#8223 = CARTESIAN_POINT('',(-2.541848053473,-0.131958765734));
#8224 = CARTESIAN_POINT('',(-2.559228415721,-6.661338147751E-16));
#8225 = ( GEOMETRIC_REPRESENTATION_CONTEXT(2) 
PARAMETRIC_REPRESENTATION_CONTEXT() REPRESENTATION_CONTEXT('2D SPACE',''
  ) );
#8226 = ORIENTED_EDGE('',*,*,#7951,.F.);
#8227 = ADVANCED_FACE('',(#8228,#8455,#8458,#8461,#8464),#6226,.T.);
#8228 = FACE_BOUND('',#8229,.T.);
#8229 = EDGE_LOOP('',(#8230,#8253,#8277,#8300,#8322,#8323,#8324,#8347,
    #8376,#8404,#8433,#8454));
#8230 = ORIENTED_EDGE('',*,*,#8231,.F.);
#8231 = EDGE_CURVE('',#8232,#6456,#8234,.T.);
#8232 = VERTEX_POINT('',#8233);
#8233 = CARTESIAN_POINT('',(23.434748899119,2.75,2.));
#8234 = SURFACE_CURVE('',#8235,(#8239,#8246),.PCURVE_S1.);
#8235 = LINE('',#8236,#8237);
#8236 = CARTESIAN_POINT('',(-5.,2.75,2.));
#8237 = VECTOR('',#8238,1.);
#8238 = DIRECTION('',(1.,0.,-0.));
#8239 = PCURVE('',#6226,#8240);
#8240 = DEFINITIONAL_REPRESENTATION('',(#8241),#8245);
#8241 = LINE('',#8242,#8243);
#8242 = CARTESIAN_POINT('',(0.,5.5));
#8243 = VECTOR('',#8244,1.);
#8244 = DIRECTION('',(1.,0.));
#8245 = ( GEOMETRIC_REPRESENTATION_CONTEXT(2) 
PARAMETRIC_REPRESENTATION_CONTEXT() REPRESENTATION_CONTEXT('2D SPACE',''
  ) );
#8246 = PCURVE('',#6471,#8247);
#8247 = DEFINITIONAL_REPRESENTATION('',(#8248),#8252);
#8248 = LINE('',#8249,#8250);
#8249 = CARTESIAN_POINT('',(1.2,0.));
#8250 = VECTOR('',#8251,1.);
#8251 = DIRECTION('',(0.,1.));
#8252 = ( GEOMETRIC_REPRESENTATION_CONTEXT(2) 
PARAMETRIC_REPRESENTATION_CONTEXT() REPRESENTATION_CONTEXT('2D SPACE',''
  ) );
#8253 = ORIENTED_EDGE('',*,*,#8254,.T.);
#8254 = EDGE_CURVE('',#8232,#8255,#8257,.T.);
#8255 = VERTEX_POINT('',#8256);
#8256 = CARTESIAN_POINT('',(16.565251100881,2.75,2.));
#8257 = SURFACE_CURVE('',#8258,(#8263,#8270),.PCURVE_S1.);
#8258 = CIRCLE('',#8259,4.4);
#8259 = AXIS2_PLACEMENT_3D('',#8260,#8261,#8262);
#8260 = CARTESIAN_POINT('',(20.,0.,2.));
#8261 = DIRECTION('',(0.,0.,1.));
#8262 = DIRECTION('',(1.,0.,-0.));
#8263 = PCURVE('',#6226,#8264);
#8264 = DEFINITIONAL_REPRESENTATION('',(#8265),#8269);
#8265 = CIRCLE('',#8266,4.4);
#8266 = AXIS2_PLACEMENT_2D('',#8267,#8268);
#8267 = CARTESIAN_POINT('',(25.,2.75));
#8268 = DIRECTION('',(1.,0.));
#8269 = ( GEOMETRIC_REPRESENTATION_CONTEXT(2) 
PARAMETRIC_REPRESENTATION_CONTEXT() REPRESENTATION_CONTEXT('2D SPACE',''
  ) );
#8270 = PCURVE('',#7682,#8271);
#8271 = DEFINITIONAL_REPRESENTATION('',(#8272),#8276);
#8272 = LINE('',#8273,#8274);
#8273 = CARTESIAN_POINT('',(-0.,-0.6));
#8274 = VECTOR('',#8275,1.);
#8275 = DIRECTION('',(-1.,-0.));
#8276 = ( GEOMETRIC_REPRESENTATION_CONTEXT(2) 
PARAMETRIC_REPRESENTATION_CONTEXT() REPRESENTATION_CONTEXT('2D SPACE',''
  ) );
#8277 = ORIENTED_EDGE('',*,*,#8278,.F.);
#8278 = EDGE_CURVE('',#8279,#8255,#8281,.T.);
#8279 = VERTEX_POINT('',#8280);
#8280 = CARTESIAN_POINT('',(3.434748899119,2.75,2.));
#8281 = SURFACE_CURVE('',#8282,(#8286,#8293),.PCURVE_S1.);
#8282 = LINE('',#8283,#8284);
#8283 = CARTESIAN_POINT('',(-5.,2.75,2.));
#8284 = VECTOR('',#8285,1.);
#8285 = DIRECTION('',(1.,0.,-0.));
#8286 = PCURVE('',#6226,#8287);
#8287 = DEFINITIONAL_REPRESENTATION('',(#8288),#8292);
#8288 = LINE('',#8289,#8290);
#8289 = CARTESIAN_POINT('',(0.,5.5));
#8290 = VECTOR('',#8291,1.);
#8291 = DIRECTION('',(1.,0.));
#8292 = ( GEOMETRIC_REPRESENTATION_CONTEXT(2) 
PARAMETRIC_REPRESENTATION_CONTEXT() REPRESENTATION_CONTEXT('2D SPACE',''
  ) );
#8293 = PCURVE('',#7654,#8294);
#8294 = DEFINITIONAL_REPRESENTATION('',(#8295),#8299);
#8295 = LINE('',#8296,#8297);
#8296 = CARTESIAN_POINT('',(1.2,0.));
#8297 = VECTOR('',#8298,1.);
#8298 = DIRECTION('',(0.,1.));
#8299 = ( GEOMETRIC_REPRESENTATION_CONTEXT(2) 
PARAMETRIC_REPRESENTATION_CONTEXT() REPRESENTATION_CONTEXT('2D SPACE',''
  ) );
#8300 = ORIENTED_EDGE('',*,*,#8301,.T.);
#8301 = EDGE_CURVE('',#8279,#8180,#8302,.T.);
#8302 = SURFACE_CURVE('',#8303,(#8308,#8315),.PCURVE_S1.);
#8303 = CIRCLE('',#8304,4.4);
#8304 = AXIS2_PLACEMENT_3D('',#8305,#8306,#8307);
#8305 = CARTESIAN_POINT('',(0.,0.,2.));
#8306 = DIRECTION('',(0.,0.,1.));
#8307 = DIRECTION('',(1.,0.,-0.));
#8308 = PCURVE('',#6226,#8309);
#8309 = DEFINITIONAL_REPRESENTATION('',(#8310),#8314);
#8310 = CIRCLE('',#8311,4.4);
#8311 = AXIS2_PLACEMENT_2D('',#8312,#8313);
#8312 = CARTESIAN_POINT('',(5.,2.75));
#8313 = DIRECTION('',(1.,0.));
#8314 = ( GEOMETRIC_REPRESENTATION_CONTEXT(2) 
PARAMETRIC_REPRESENTATION_CONTEXT() REPRESENTATION_CONTEXT('2D SPACE',''
  ) );
#8315 = PCURVE('',#7989,#8316);
#8316 = DEFINITIONAL_REPRESENTATION('',(#8317),#8321);
#8317 = LINE('',#8318,#8319);
#8318 = CARTESIAN_POINT('',(-0.,-0.6));
#8319 = VECTOR('',#8320,1.);
#8320 = DIRECTION('',(-1.,-0.));
#8321 = ( GEOMETRIC_REPRESENTATION_CONTEXT(2) 
PARAMETRIC_REPRESENTATION_CONTEXT() REPRESENTATION_CONTEXT('2D SPACE',''
  ) );
#8322 = ORIENTED_EDGE('',*,*,#8179,.F.);
#8323 = ORIENTED_EDGE('',*,*,#6210,.F.);
#8324 = ORIENTED_EDGE('',*,*,#8325,.T.);
#8325 = EDGE_CURVE('',#6211,#8326,#8328,.T.);
#8326 = VERTEX_POINT('',#8327);
#8327 = CARTESIAN_POINT('',(-3.434748899119,-2.75,2.));
#8328 = SURFACE_CURVE('',#8329,(#8333,#8340),.PCURVE_S1.);
#8329 = LINE('',#8330,#8331);
#8330 = CARTESIAN_POINT('',(-5.,-2.75,2.));
#8331 = VECTOR('',#8332,1.);
#8332 = DIRECTION('',(1.,0.,-0.));
#8333 = PCURVE('',#6226,#8334);
#8334 = DEFINITIONAL_REPRESENTATION('',(#8335),#8339);
#8335 = LINE('',#8336,#8337);
#8336 = CARTESIAN_POINT('',(0.,0.));
#8337 = VECTOR('',#8338,1.);
#8338 = DIRECTION('',(1.,0.));
#8339 = ( GEOMETRIC_REPRESENTATION_CONTEXT(2) 
PARAMETRIC_REPRESENTATION_CONTEXT() REPRESENTATION_CONTEXT('2D SPACE',''
  ) );
#8340 = PCURVE('',#6254,#8341);
#8341 = DEFINITIONAL_REPRESENTATION('',(#8342),#8346);
#8342 = LINE('',#8343,#8344);
#8343 = CARTESIAN_POINT('',(1.2,0.));
#8344 = VECTOR('',#8345,1.);
#8345 = DIRECTION('',(0.,1.));
#8346 = ( GEOMETRIC_REPRESENTATION_CONTEXT(2) 
PARAMETRIC_REPRESENTATION_CONTEXT() REPRESENTATION_CONTEXT('2D SPACE',''
  ) );
#8347 = ORIENTED_EDGE('',*,*,#8348,.T.);
#8348 = EDGE_CURVE('',#8326,#8349,#8351,.T.);
#8349 = VERTEX_POINT('',#8350);
#8350 = CARTESIAN_POINT('',(3.434748899119,-2.75,2.));
#8351 = SURFACE_CURVE('',#8352,(#8357,#8364),.PCURVE_S1.);
#8352 = CIRCLE('',#8353,4.4);
#8353 = AXIS2_PLACEMENT_3D('',#8354,#8355,#8356);
#8354 = CARTESIAN_POINT('',(0.,0.,2.));
#8355 = DIRECTION('',(0.,0.,1.));
#8356 = DIRECTION('',(1.,0.,-0.));
#8357 = PCURVE('',#6226,#8358);
#8358 = DEFINITIONAL_REPRESENTATION('',(#8359),#8363);
#8359 = CIRCLE('',#8360,4.4);
#8360 = AXIS2_PLACEMENT_2D('',#8361,#8362);
#8361 = CARTESIAN_POINT('',(5.,2.75));
#8362 = DIRECTION('',(1.,0.));
#8363 = ( GEOMETRIC_REPRESENTATION_CONTEXT(2) 
PARAMETRIC_REPRESENTATION_CONTEXT() REPRESENTATION_CONTEXT('2D SPACE',''
  ) );
#8364 = PCURVE('',#8365,#8370);
#8365 = CONICAL_SURFACE('',#8366,5.,0.785398163397);
#8366 = AXIS2_PLACEMENT_3D('',#8367,#8368,#8369);
#8367 = CARTESIAN_POINT('',(0.,0.,1.4));
#8368 = DIRECTION('',(-0.,-0.,-1.));
#8369 = DIRECTION('',(1.,0.,-0.));
#8370 = DEFINITIONAL_REPRESENTATION('',(#8371),#8375);
#8371 = LINE('',#8372,#8373);
#8372 = CARTESIAN_POINT('',(-0.,-0.6));
#8373 = VECTOR('',#8374,1.);
#8374 = DIRECTION('',(-1.,-0.));
#8375 = ( GEOMETRIC_REPRESENTATION_CONTEXT(2) 
PARAMETRIC_REPRESENTATION_CONTEXT() REPRESENTATION_CONTEXT('2D SPACE',''
  ) );
#8376 = ORIENTED_EDGE('',*,*,#8377,.T.);
#8377 = EDGE_CURVE('',#8349,#8378,#8380,.T.);
#8378 = VERTEX_POINT('',#8379);
#8379 = CARTESIAN_POINT('',(16.565251100881,-2.75,2.));
#8380 = SURFACE_CURVE('',#8381,(#8385,#8392),.PCURVE_S1.);
#8381 = LINE('',#8382,#8383);
#8382 = CARTESIAN_POINT('',(-5.,-2.75,2.));
#8383 = VECTOR('',#8384,1.);
#8384 = DIRECTION('',(1.,0.,-0.));
#8385 = PCURVE('',#6226,#8386);
#8386 = DEFINITIONAL_REPRESENTATION('',(#8387),#8391);
#8387 = LINE('',#8388,#8389);
#8388 = CARTESIAN_POINT('',(0.,0.));
#8389 = VECTOR('',#8390,1.);
#8390 = DIRECTION('',(1.,0.));
#8391 = ( GEOMETRIC_REPRESENTATION_CONTEXT(2) 
PARAMETRIC_REPRESENTATION_CONTEXT() REPRESENTATION_CONTEXT('2D SPACE',''
  ) );
#8392 = PCURVE('',#8393,#8398);
#8393 = PLANE('',#8394);
#8394 = AXIS2_PLACEMENT_3D('',#8395,#8396,#8397);
#8395 = CARTESIAN_POINT('',(-5.,-2.75,0.8));
#8396 = DIRECTION('',(-0.,1.,0.));
#8397 = DIRECTION('',(0.,0.,1.));
#8398 = DEFINITIONAL_REPRESENTATION('',(#8399),#8403);
#8399 = LINE('',#8400,#8401);
#8400 = CARTESIAN_POINT('',(1.2,0.));
#8401 = VECTOR('',#8402,1.);
#8402 = DIRECTION('',(0.,1.));
#8403 = ( GEOMETRIC_REPRESENTATION_CONTEXT(2) 
PARAMETRIC_REPRESENTATION_CONTEXT() REPRESENTATION_CONTEXT('2D SPACE',''
  ) );
#8404 = ORIENTED_EDGE('',*,*,#8405,.T.);
#8405 = EDGE_CURVE('',#8378,#8406,#8408,.T.);
#8406 = VERTEX_POINT('',#8407);
#8407 = CARTESIAN_POINT('',(23.434748899119,-2.75,2.));
#8408 = SURFACE_CURVE('',#8409,(#8414,#8421),.PCURVE_S1.);
#8409 = CIRCLE('',#8410,4.4);
#8410 = AXIS2_PLACEMENT_3D('',#8411,#8412,#8413);
#8411 = CARTESIAN_POINT('',(20.,0.,2.));
#8412 = DIRECTION('',(0.,0.,1.));
#8413 = DIRECTION('',(1.,0.,-0.));
#8414 = PCURVE('',#6226,#8415);
#8415 = DEFINITIONAL_REPRESENTATION('',(#8416),#8420);
#8416 = CIRCLE('',#8417,4.4);
#8417 = AXIS2_PLACEMENT_2D('',#8418,#8419);
#8418 = CARTESIAN_POINT('',(25.,2.75));
#8419 = DIRECTION('',(1.,0.));
#8420 = ( GEOMETRIC_REPRESENTATION_CONTEXT(2) 
PARAMETRIC_REPRESENTATION_CONTEXT() REPRESENTATION_CONTEXT('2D SPACE',''
  ) );
#8421 = PCURVE('',#8422,#8427);
#8422 = CONICAL_SURFACE('',#8423,5.,0.785398163397);
#8423 = AXIS2_PLACEMENT_3D('',#8424,#8425,#8426);
#8424 = CARTESIAN_POINT('',(20.,0.,1.4));
#8425 = DIRECTION('',(-0.,-0.,-1.));
#8426 = DIRECTION('',(1.,0.,-0.));
#8427 = DEFINITIONAL_REPRESENTATION('',(#8428),#8432);
#8428 = LINE('',#8429,#8430);
#8429 = CARTESIAN_POINT('',(-0.,-0.6));
#8430 = VECTOR('',#8431,1.);
#8431 = DIRECTION('',(-1.,-0.));
#8432 = ( GEOMETRIC_REPRESENTATION_CONTEXT(2) 
PARAMETRIC_REPRESENTATION_CONTEXT() REPRESENTATION_CONTEXT('2D SPACE',''
  ) );
#8433 = ORIENTED_EDGE('',*,*,#8434,.T.);
#8434 = EDGE_CURVE('',#8406,#6484,#8435,.T.);
#8435 = SURFACE_CURVE('',#8436,(#8440,#8447),.PCURVE_S1.);
#8436 = LINE('',#8437,#8438);
#8437 = CARTESIAN_POINT('',(-5.,-2.75,2.));
#8438 = VECTOR('',#8439,1.);
#8439 = DIRECTION('',(1.,0.,-0.));
#8440 = PCURVE('',#6226,#8441);
#8441 = DEFINITIONAL_REPRESENTATION('',(#8442),#8446);
#8442 = LINE('',#8443,#8444);
#8443 = CARTESIAN_POINT('',(0.,0.));
#8444 = VECTOR('',#8445,1.);
#8445 = DIRECTION('',(1.,0.));
#8446 = ( GEOMETRIC_REPRESENTATION_CONTEXT(2) 
PARAMETRIC_REPRESENTATION_CONTEXT() REPRESENTATION_CONTEXT('2D SPACE',''
  ) );
#8447 = PCURVE('',#6522,#8448);
#8448 = DEFINITIONAL_REPRESENTATION('',(#8449),#8453);
#8449 = LINE('',#8450,#8451);
#8450 = CARTESIAN_POINT('',(1.2,0.));
#8451 = VECTOR('',#8452,1.);
#8452 = DIRECTION('',(0.,1.));
#8453 = ( GEOMETRIC_REPRESENTATION_CONTEXT(2) 
PARAMETRIC_REPRESENTATION_CONTEXT() REPRESENTATION_CONTEXT('2D SPACE',''
  ) );
#8454 = ORIENTED_EDGE('',*,*,#6483,.T.);
#8455 = FACE_BOUND('',#8456,.T.);
#8456 = EDGE_LOOP('',(#8457));
#8457 = ORIENTED_EDGE('',*,*,#6959,.F.);
#8458 = FACE_BOUND('',#8459,.T.);
#8459 = EDGE_LOOP('',(#8460));
#8460 = ORIENTED_EDGE('',*,*,#7009,.F.);
#8461 = FACE_BOUND('',#8462,.T.);
#8462 = EDGE_LOOP('',(#8463));
#8463 = ORIENTED_EDGE('',*,*,#7273,.F.);
#8464 = FACE_BOUND('',#8465,.T.);
#8465 = EDGE_LOOP('',(#8466));
#8466 = ORIENTED_EDGE('',*,*,#7517,.F.);
#8467 = ADVANCED_FACE('',(#8468),#6254,.F.);
#8468 = FACE_BOUND('',#8469,.F.);
#8469 = EDGE_LOOP('',(#8470,#8493,#8494,#8495,#8522));
#8470 = ORIENTED_EDGE('',*,*,#8471,.F.);
#8471 = EDGE_CURVE('',#6239,#8472,#8474,.T.);
#8472 = VERTEX_POINT('',#8473);
#8473 = CARTESIAN_POINT('',(-4.175823272123,-2.75,0.8));
#8474 = SURFACE_CURVE('',#8475,(#8479,#8486),.PCURVE_S1.);
#8475 = LINE('',#8476,#8477);
#8476 = CARTESIAN_POINT('',(-5.,-2.75,0.8));
#8477 = VECTOR('',#8478,1.);
#8478 = DIRECTION('',(1.,0.,-0.));
#8479 = PCURVE('',#6254,#8480);
#8480 = DEFINITIONAL_REPRESENTATION('',(#8481),#8485);
#8481 = LINE('',#8482,#8483);
#8482 = CARTESIAN_POINT('',(0.,0.));
#8483 = VECTOR('',#8484,1.);
#8484 = DIRECTION('',(0.,1.));
#8485 = ( GEOMETRIC_REPRESENTATION_CONTEXT(2) 
PARAMETRIC_REPRESENTATION_CONTEXT() REPRESENTATION_CONTEXT('2D SPACE',''
  ) );
#8486 = PCURVE('',#6282,#8487);
#8487 = DEFINITIONAL_REPRESENTATION('',(#8488),#8492);
#8488 = LINE('',#8489,#8490);
#8489 = CARTESIAN_POINT('',(0.,0.));
#8490 = VECTOR('',#8491,1.);
#8491 = DIRECTION('',(1.,0.));
#8492 = ( GEOMETRIC_REPRESENTATION_CONTEXT(2) 
PARAMETRIC_REPRESENTATION_CONTEXT() REPRESENTATION_CONTEXT('2D SPACE',''
  ) );
#8493 = ORIENTED_EDGE('',*,*,#6238,.T.);
#8494 = ORIENTED_EDGE('',*,*,#8325,.T.);
#8495 = ORIENTED_EDGE('',*,*,#8496,.T.);
#8496 = EDGE_CURVE('',#8326,#8497,#8499,.T.);
#8497 = VERTEX_POINT('',#8498);
#8498 = CARTESIAN_POINT('',(-4.175823272123,-2.75,1.4));
#8499 = SURFACE_CURVE('',#8500,(#8505,#8512),.PCURVE_S1.);
#8500 = HYPERBOLA('',#8501,2.75,2.75);
#8501 = AXIS2_PLACEMENT_3D('',#8502,#8503,#8504);
#8502 = CARTESIAN_POINT('',(0.,-2.75,6.4));
#8503 = DIRECTION('',(0.,1.,0.));
#8504 = DIRECTION('',(-0.,0.,-1.));
#8505 = PCURVE('',#6254,#8506);
#8506 = DEFINITIONAL_REPRESENTATION('',(#8507),#8511);
#8507 = ( BOUNDED_CURVE() B_SPLINE_CURVE(2,(#8508,#8509,#8510),
.UNSPECIFIED.,.F.,.F.) B_SPLINE_CURVE_WITH_KNOTS((3,3),(1.046967915003,
1.204971208168),.PIECEWISE_BEZIER_KNOTS.) CURVE() 
GEOMETRIC_REPRESENTATION_ITEM() RATIONAL_B_SPLINE_CURVE((1.,
1.003122253474,1.)) REPRESENTATION_ITEM('') );
#8508 = CARTESIAN_POINT('',(1.2,1.565251100881));
#8509 = CARTESIAN_POINT('',(0.929212299272,1.218365224156));
#8510 = CARTESIAN_POINT('',(0.6,0.824176727877));
#8511 = ( GEOMETRIC_REPRESENTATION_CONTEXT(2) 
PARAMETRIC_REPRESENTATION_CONTEXT() REPRESENTATION_CONTEXT('2D SPACE',''
  ) );
#8512 = PCURVE('',#8365,#8513);
#8513 = DEFINITIONAL_REPRESENTATION('',(#8514),#8521);
#8514 = B_SPLINE_CURVE_WITH_KNOTS('',5,(#8515,#8516,#8517,#8518,#8519,
    #8520),.UNSPECIFIED.,.F.,.F.,(6,6),(1.046967915003,1.204971208168),
  .PIECEWISE_BEZIER_KNOTS.);
#8515 = CARTESIAN_POINT('',(-3.816724186527,-0.6));
#8516 = CARTESIAN_POINT('',(-3.796973774881,-0.491459672549));
#8517 = CARTESIAN_POINT('',(-3.777832374696,-0.377427038356));
#8518 = CARTESIAN_POINT('',(-3.759290989976,-0.257676273539));
#8519 = CARTESIAN_POINT('',(-3.741337253707,-0.131958765734));
#8520 = CARTESIAN_POINT('',(-3.723956891459,2.22044604925E-16));
#8521 = ( GEOMETRIC_REPRESENTATION_CONTEXT(2) 
PARAMETRIC_REPRESENTATION_CONTEXT() REPRESENTATION_CONTEXT('2D SPACE',''
  ) );
#8522 = ORIENTED_EDGE('',*,*,#8523,.F.);
#8523 = EDGE_CURVE('',#8472,#8497,#8524,.T.);
#8524 = SURFACE_CURVE('',#8525,(#8529,#8535),.PCURVE_S1.);
#8525 = LINE('',#8526,#8527);
#8526 = CARTESIAN_POINT('',(-4.175823272123,-2.75,-2.));
#8527 = VECTOR('',#8528,1.);
#8528 = DIRECTION('',(0.,0.,1.));
#8529 = PCURVE('',#6254,#8530);
#8530 = DEFINITIONAL_REPRESENTATION('',(#8531),#8534);
#8531 = B_SPLINE_CURVE_WITH_KNOTS('',1,(#8532,#8533),.UNSPECIFIED.,.F.,
  .F.,(2,2),(2.68,3.400006774951),.PIECEWISE_BEZIER_KNOTS.);
#8532 = CARTESIAN_POINT('',(-0.12,0.824176727877));
#8533 = CARTESIAN_POINT('',(0.600006774951,0.824176727877));
#8534 = ( GEOMETRIC_REPRESENTATION_CONTEXT(2) 
PARAMETRIC_REPRESENTATION_CONTEXT() REPRESENTATION_CONTEXT('2D SPACE',''
  ) );
#8535 = PCURVE('',#6659,#8536);
#8536 = DEFINITIONAL_REPRESENTATION('',(#8537),#8540);
#8537 = B_SPLINE_CURVE_WITH_KNOTS('',1,(#8538,#8539),.UNSPECIFIED.,.F.,
  .F.,(2,2),(2.68,3.400006774951),.PIECEWISE_BEZIER_KNOTS.);
#8538 = CARTESIAN_POINT('',(3.723956891459,2.68));
#8539 = CARTESIAN_POINT('',(3.723956891459,3.400006774951));
#8540 = ( GEOMETRIC_REPRESENTATION_CONTEXT(2) 
PARAMETRIC_REPRESENTATION_CONTEXT() REPRESENTATION_CONTEXT('2D SPACE',''
  ) );
#8541 = ADVANCED_FACE('',(#8542),#6282,.F.);
#8542 = FACE_BOUND('',#8543,.F.);
#8543 = EDGE_LOOP('',(#8544,#8545,#8546,#8570));
#8544 = ORIENTED_EDGE('',*,*,#6266,.F.);
#8545 = ORIENTED_EDGE('',*,*,#8471,.T.);
#8546 = ORIENTED_EDGE('',*,*,#8547,.F.);
#8547 = EDGE_CURVE('',#8548,#8472,#8550,.T.);
#8548 = VERTEX_POINT('',#8549);
#8549 = CARTESIAN_POINT('',(-4.844439467059,-1.2375,0.8));
#8550 = SURFACE_CURVE('',#8551,(#8556,#8563),.PCURVE_S1.);
#8551 = CIRCLE('',#8552,5.);
#8552 = AXIS2_PLACEMENT_3D('',#8553,#8554,#8555);
#8553 = CARTESIAN_POINT('',(0.,0.,0.8));
#8554 = DIRECTION('',(0.,0.,1.));
#8555 = DIRECTION('',(1.,0.,-0.));
#8556 = PCURVE('',#6282,#8557);
#8557 = DEFINITIONAL_REPRESENTATION('',(#8558),#8562);
#8558 = CIRCLE('',#8559,5.);
#8559 = AXIS2_PLACEMENT_2D('',#8560,#8561);
#8560 = CARTESIAN_POINT('',(5.,2.75));
#8561 = DIRECTION('',(1.,0.));
#8562 = ( GEOMETRIC_REPRESENTATION_CONTEXT(2) 
PARAMETRIC_REPRESENTATION_CONTEXT() REPRESENTATION_CONTEXT('2D SPACE',''
  ) );
#8563 = PCURVE('',#6659,#8564);
#8564 = DEFINITIONAL_REPRESENTATION('',(#8565),#8569);
#8565 = LINE('',#8566,#8567);
#8566 = CARTESIAN_POINT('',(0.,2.8));
#8567 = VECTOR('',#8568,1.);
#8568 = DIRECTION('',(1.,0.));
#8569 = ( GEOMETRIC_REPRESENTATION_CONTEXT(2) 
PARAMETRIC_REPRESENTATION_CONTEXT() REPRESENTATION_CONTEXT('2D SPACE',''
  ) );
#8570 = ORIENTED_EDGE('',*,*,#8571,.F.);
#8571 = EDGE_CURVE('',#6267,#8548,#8572,.T.);
#8572 = SURFACE_CURVE('',#8573,(#8577,#8584),.PCURVE_S1.);
#8573 = LINE('',#8574,#8575);
#8574 = CARTESIAN_POINT('',(-5.,-1.2375,0.8));
#8575 = VECTOR('',#8576,1.);
#8576 = DIRECTION('',(1.,0.,-0.));
#8577 = PCURVE('',#6282,#8578);
#8578 = DEFINITIONAL_REPRESENTATION('',(#8579),#8583);
#8579 = LINE('',#8580,#8581);
#8580 = CARTESIAN_POINT('',(0.,1.5125));
#8581 = VECTOR('',#8582,1.);
#8582 = DIRECTION('',(1.,0.));
#8583 = ( GEOMETRIC_REPRESENTATION_CONTEXT(2) 
PARAMETRIC_REPRESENTATION_CONTEXT() REPRESENTATION_CONTEXT('2D SPACE',''
  ) );
#8584 = PCURVE('',#6310,#8585);
#8585 = DEFINITIONAL_REPRESENTATION('',(#8586),#8590);
#8586 = LINE('',#8587,#8588);
#8587 = CARTESIAN_POINT('',(1.6,0.));
#8588 = VECTOR('',#8589,1.);
#8589 = DIRECTION('',(0.,1.));
#8590 = ( GEOMETRIC_REPRESENTATION_CONTEXT(2) 
PARAMETRIC_REPRESENTATION_CONTEXT() REPRESENTATION_CONTEXT('2D SPACE',''
  ) );
#8591 = ADVANCED_FACE('',(#8592),#6310,.F.);
#8592 = FACE_BOUND('',#8593,.F.);
#8593 = EDGE_LOOP('',(#8594,#8617,#8618,#8619));
#8594 = ORIENTED_EDGE('',*,*,#8595,.F.);
#8595 = EDGE_CURVE('',#6295,#8596,#8598,.T.);
#8596 = VERTEX_POINT('',#8597);
#8597 = CARTESIAN_POINT('',(-4.844439467059,-1.2375,-0.8));
#8598 = SURFACE_CURVE('',#8599,(#8603,#8610),.PCURVE_S1.);
#8599 = LINE('',#8600,#8601);
#8600 = CARTESIAN_POINT('',(-5.,-1.2375,-0.8));
#8601 = VECTOR('',#8602,1.);
#8602 = DIRECTION('',(1.,0.,-0.));
#8603 = PCURVE('',#6310,#8604);
#8604 = DEFINITIONAL_REPRESENTATION('',(#8605),#8609);
#8605 = LINE('',#8606,#8607);
#8606 = CARTESIAN_POINT('',(0.,0.));
#8607 = VECTOR('',#8608,1.);
#8608 = DIRECTION('',(0.,1.));
#8609 = ( GEOMETRIC_REPRESENTATION_CONTEXT(2) 
PARAMETRIC_REPRESENTATION_CONTEXT() REPRESENTATION_CONTEXT('2D SPACE',''
  ) );
#8610 = PCURVE('',#6336,#8611);
#8611 = DEFINITIONAL_REPRESENTATION('',(#8612),#8616);
#8612 = LINE('',#8613,#8614);
#8613 = CARTESIAN_POINT('',(0.,1.5125));
#8614 = VECTOR('',#8615,1.);
#8615 = DIRECTION('',(1.,0.));
#8616 = ( GEOMETRIC_REPRESENTATION_CONTEXT(2) 
PARAMETRIC_REPRESENTATION_CONTEXT() REPRESENTATION_CONTEXT('2D SPACE',''
  ) );
#8617 = ORIENTED_EDGE('',*,*,#6294,.T.);
#8618 = ORIENTED_EDGE('',*,*,#8571,.T.);
#8619 = ORIENTED_EDGE('',*,*,#8620,.F.);
#8620 = EDGE_CURVE('',#8596,#8548,#8621,.T.);
#8621 = SURFACE_CURVE('',#8622,(#8626,#8632),.PCURVE_S1.);
#8622 = LINE('',#8623,#8624);
#8623 = CARTESIAN_POINT('',(-4.844439467059,-1.2375,-2.));
#8624 = VECTOR('',#8625,1.);
#8625 = DIRECTION('',(0.,0.,1.));
#8626 = PCURVE('',#6310,#8627);
#8627 = DEFINITIONAL_REPRESENTATION('',(#8628),#8631);
#8628 = B_SPLINE_CURVE_WITH_KNOTS('',1,(#8629,#8630),.UNSPECIFIED.,.F.,
  .F.,(2,2),(1.04,2.96),.PIECEWISE_BEZIER_KNOTS.);
#8629 = CARTESIAN_POINT('',(-0.16,0.155560532941));
#8630 = CARTESIAN_POINT('',(1.76,0.155560532941));
#8631 = ( GEOMETRIC_REPRESENTATION_CONTEXT(2) 
PARAMETRIC_REPRESENTATION_CONTEXT() REPRESENTATION_CONTEXT('2D SPACE',''
  ) );
#8632 = PCURVE('',#6659,#8633);
#8633 = DEFINITIONAL_REPRESENTATION('',(#8634),#8637);
#8634 = B_SPLINE_CURVE_WITH_KNOTS('',1,(#8635,#8636),.UNSPECIFIED.,.F.,
  .F.,(2,2),(1.04,2.96),.PIECEWISE_BEZIER_KNOTS.);
#8635 = CARTESIAN_POINT('',(3.391691777059,1.04));
#8636 = CARTESIAN_POINT('',(3.391691777059,2.96));
#8637 = ( GEOMETRIC_REPRESENTATION_CONTEXT(2) 
PARAMETRIC_REPRESENTATION_CONTEXT() REPRESENTATION_CONTEXT('2D SPACE',''
  ) );
#8638 = ADVANCED_FACE('',(#8639),#6336,.T.);
#8639 = FACE_BOUND('',#8640,.T.);
#8640 = EDGE_LOOP('',(#8641,#8642,#8643,#8665));
#8641 = ORIENTED_EDGE('',*,*,#6322,.F.);
#8642 = ORIENTED_EDGE('',*,*,#6621,.T.);
#8643 = ORIENTED_EDGE('',*,*,#8644,.F.);
#8644 = EDGE_CURVE('',#8596,#6622,#8645,.T.);
#8645 = SURFACE_CURVE('',#8646,(#8651,#8658),.PCURVE_S1.);
#8646 = CIRCLE('',#8647,5.);
#8647 = AXIS2_PLACEMENT_3D('',#8648,#8649,#8650);
#8648 = CARTESIAN_POINT('',(0.,0.,-0.8));
#8649 = DIRECTION('',(0.,0.,1.));
#8650 = DIRECTION('',(1.,0.,-0.));
#8651 = PCURVE('',#6336,#8652);
#8652 = DEFINITIONAL_REPRESENTATION('',(#8653),#8657);
#8653 = CIRCLE('',#8654,5.);
#8654 = AXIS2_PLACEMENT_2D('',#8655,#8656);
#8655 = CARTESIAN_POINT('',(5.,2.75));
#8656 = DIRECTION('',(1.,0.));
#8657 = ( GEOMETRIC_REPRESENTATION_CONTEXT(2) 
PARAMETRIC_REPRESENTATION_CONTEXT() REPRESENTATION_CONTEXT('2D SPACE',''
  ) );
#8658 = PCURVE('',#6659,#8659);
#8659 = DEFINITIONAL_REPRESENTATION('',(#8660),#8664);
#8660 = LINE('',#8661,#8662);
#8661 = CARTESIAN_POINT('',(0.,1.2));
#8662 = VECTOR('',#8663,1.);
#8663 = DIRECTION('',(1.,0.));
#8664 = ( GEOMETRIC_REPRESENTATION_CONTEXT(2) 
PARAMETRIC_REPRESENTATION_CONTEXT() REPRESENTATION_CONTEXT('2D SPACE',''
  ) );
#8665 = ORIENTED_EDGE('',*,*,#8595,.F.);
#8666 = ADVANCED_FACE('',(#8667),#6415,.T.);
#8667 = FACE_BOUND('',#8668,.T.);
#8668 = EDGE_LOOP('',(#8669,#8670,#8671,#8692));
#8669 = ORIENTED_EDGE('',*,*,#8097,.F.);
#8670 = ORIENTED_EDGE('',*,*,#7739,.T.);
#8671 = ORIENTED_EDGE('',*,*,#8672,.T.);
#8672 = EDGE_CURVE('',#7716,#6400,#8673,.T.);
#8673 = SURFACE_CURVE('',#8674,(#8678,#8685),.PCURVE_S1.);
#8674 = LINE('',#8675,#8676);
#8675 = CARTESIAN_POINT('',(-5.,1.2375,0.8));
#8676 = VECTOR('',#8677,1.);
#8677 = DIRECTION('',(1.,0.,-0.));
#8678 = PCURVE('',#6415,#8679);
#8679 = DEFINITIONAL_REPRESENTATION('',(#8680),#8684);
#8680 = LINE('',#8681,#8682);
#8681 = CARTESIAN_POINT('',(1.6,0.));
#8682 = VECTOR('',#8683,1.);
#8683 = DIRECTION('',(0.,1.));
#8684 = ( GEOMETRIC_REPRESENTATION_CONTEXT(2) 
PARAMETRIC_REPRESENTATION_CONTEXT() REPRESENTATION_CONTEXT('2D SPACE',''
  ) );
#8685 = PCURVE('',#6443,#8686);
#8686 = DEFINITIONAL_REPRESENTATION('',(#8687),#8691);
#8687 = LINE('',#8688,#8689);
#8688 = CARTESIAN_POINT('',(0.,3.9875));
#8689 = VECTOR('',#8690,1.);
#8690 = DIRECTION('',(1.,0.));
#8691 = ( GEOMETRIC_REPRESENTATION_CONTEXT(2) 
PARAMETRIC_REPRESENTATION_CONTEXT() REPRESENTATION_CONTEXT('2D SPACE',''
  ) );
#8692 = ORIENTED_EDGE('',*,*,#6399,.F.);
#8693 = ADVANCED_FACE('',(#8694),#6443,.F.);
#8694 = FACE_BOUND('',#8695,.F.);
#8695 = EDGE_LOOP('',(#8696,#8697,#8698,#8699));
#8696 = ORIENTED_EDGE('',*,*,#7715,.F.);
#8697 = ORIENTED_EDGE('',*,*,#8672,.T.);
#8698 = ORIENTED_EDGE('',*,*,#6427,.T.);
#8699 = ORIENTED_EDGE('',*,*,#8700,.F.);
#8700 = EDGE_CURVE('',#7695,#6428,#8701,.T.);
#8701 = SURFACE_CURVE('',#8702,(#8706,#8713),.PCURVE_S1.);
#8702 = LINE('',#8703,#8704);
#8703 = CARTESIAN_POINT('',(-5.,2.75,0.8));
#8704 = VECTOR('',#8705,1.);
#8705 = DIRECTION('',(1.,0.,-0.));
#8706 = PCURVE('',#6443,#8707);
#8707 = DEFINITIONAL_REPRESENTATION('',(#8708),#8712);
#8708 = LINE('',#8709,#8710);
#8709 = CARTESIAN_POINT('',(0.,5.5));
#8710 = VECTOR('',#8711,1.);
#8711 = DIRECTION('',(1.,0.));
#8712 = ( GEOMETRIC_REPRESENTATION_CONTEXT(2) 
PARAMETRIC_REPRESENTATION_CONTEXT() REPRESENTATION_CONTEXT('2D SPACE',''
  ) );
#8713 = PCURVE('',#6471,#8714);
#8714 = DEFINITIONAL_REPRESENTATION('',(#8715),#8719);
#8715 = LINE('',#8716,#8717);
#8716 = CARTESIAN_POINT('',(0.,0.));
#8717 = VECTOR('',#8718,1.);
#8718 = DIRECTION('',(0.,1.));
#8719 = ( GEOMETRIC_REPRESENTATION_CONTEXT(2) 
PARAMETRIC_REPRESENTATION_CONTEXT() REPRESENTATION_CONTEXT('2D SPACE',''
  ) );
#8720 = ADVANCED_FACE('',(#8721),#6471,.T.);
#8721 = FACE_BOUND('',#8722,.T.);
#8722 = EDGE_LOOP('',(#8723,#8724,#8725,#8750,#8751));
#8723 = ORIENTED_EDGE('',*,*,#8700,.F.);
#8724 = ORIENTED_EDGE('',*,*,#7694,.T.);
#8725 = ORIENTED_EDGE('',*,*,#8726,.T.);
#8726 = EDGE_CURVE('',#7666,#8232,#8727,.T.);
#8727 = SURFACE_CURVE('',#8728,(#8733,#8740),.PCURVE_S1.);
#8728 = HYPERBOLA('',#8729,2.75,2.75);
#8729 = AXIS2_PLACEMENT_3D('',#8730,#8731,#8732);
#8730 = CARTESIAN_POINT('',(20.,2.75,6.4));
#8731 = DIRECTION('',(0.,1.,0.));
#8732 = DIRECTION('',(-0.,0.,-1.));
#8733 = PCURVE('',#6471,#8734);
#8734 = DEFINITIONAL_REPRESENTATION('',(#8735),#8739);
#8735 = ( BOUNDED_CURVE() B_SPLINE_CURVE(2,(#8736,#8737,#8738),
.UNSPECIFIED.,.F.,.F.) B_SPLINE_CURVE_WITH_KNOTS((3,3),(-1.204971208168,
-1.046967915003),.PIECEWISE_BEZIER_KNOTS.) CURVE() 
GEOMETRIC_REPRESENTATION_ITEM() RATIONAL_B_SPLINE_CURVE((1.,
1.003122253474,1.)) REPRESENTATION_ITEM('') );
#8736 = CARTESIAN_POINT('',(0.6,29.175823272123));
#8737 = CARTESIAN_POINT('',(0.929212299272,28.781634775844));
#8738 = CARTESIAN_POINT('',(1.2,28.434748899119));
#8739 = ( GEOMETRIC_REPRESENTATION_CONTEXT(2) 
PARAMETRIC_REPRESENTATION_CONTEXT() REPRESENTATION_CONTEXT('2D SPACE',''
  ) );
#8740 = PCURVE('',#7682,#8741);
#8741 = DEFINITIONAL_REPRESENTATION('',(#8742),#8749);
#8742 = B_SPLINE_CURVE_WITH_KNOTS('',5,(#8743,#8744,#8745,#8746,#8747,
    #8748),.UNSPECIFIED.,.F.,.F.,(6,6),(-1.204971208168,-1.046967915003)
  ,.PIECEWISE_BEZIER_KNOTS.);
#8743 = CARTESIAN_POINT('',(-0.582364237869,-1.998401444325E-15));
#8744 = CARTESIAN_POINT('',(-0.599744600117,-0.131958765734));
#8745 = CARTESIAN_POINT('',(-0.617698336386,-0.257676273539));
#8746 = CARTESIAN_POINT('',(-0.636239721106,-0.377427038356));
#8747 = CARTESIAN_POINT('',(-0.655381121291,-0.491459672549));
#8748 = CARTESIAN_POINT('',(-0.675131532937,-0.6));
#8749 = ( GEOMETRIC_REPRESENTATION_CONTEXT(2) 
PARAMETRIC_REPRESENTATION_CONTEXT() REPRESENTATION_CONTEXT('2D SPACE',''
  ) );
#8750 = ORIENTED_EDGE('',*,*,#8231,.T.);
#8751 = ORIENTED_EDGE('',*,*,#6455,.F.);
#8752 = ADVANCED_FACE('',(#8753),#6522,.F.);
#8753 = FACE_BOUND('',#8754,.F.);
#8754 = EDGE_LOOP('',(#8755,#8778,#8799,#8824,#8825));
#8755 = ORIENTED_EDGE('',*,*,#8756,.F.);
#8756 = EDGE_CURVE('',#8757,#6507,#8759,.T.);
#8757 = VERTEX_POINT('',#8758);
#8758 = CARTESIAN_POINT('',(24.175823272122,-2.75,0.8));
#8759 = SURFACE_CURVE('',#8760,(#8764,#8771),.PCURVE_S1.);
#8760 = LINE('',#8761,#8762);
#8761 = CARTESIAN_POINT('',(-5.,-2.75,0.8));
#8762 = VECTOR('',#8763,1.);
#8763 = DIRECTION('',(1.,0.,-0.));
#8764 = PCURVE('',#6522,#8765);
#8765 = DEFINITIONAL_REPRESENTATION('',(#8766),#8770);
#8766 = LINE('',#8767,#8768);
#8767 = CARTESIAN_POINT('',(0.,0.));
#8768 = VECTOR('',#8769,1.);
#8769 = DIRECTION('',(0.,1.));
#8770 = ( GEOMETRIC_REPRESENTATION_CONTEXT(2) 
PARAMETRIC_REPRESENTATION_CONTEXT() REPRESENTATION_CONTEXT('2D SPACE',''
  ) );
#8771 = PCURVE('',#6550,#8772);
#8772 = DEFINITIONAL_REPRESENTATION('',(#8773),#8777);
#8773 = LINE('',#8774,#8775);
#8774 = CARTESIAN_POINT('',(0.,0.));
#8775 = VECTOR('',#8776,1.);
#8776 = DIRECTION('',(1.,0.));
#8777 = ( GEOMETRIC_REPRESENTATION_CONTEXT(2) 
PARAMETRIC_REPRESENTATION_CONTEXT() REPRESENTATION_CONTEXT('2D SPACE',''
  ) );
#8778 = ORIENTED_EDGE('',*,*,#8779,.T.);
#8779 = EDGE_CURVE('',#8757,#8780,#8782,.T.);
#8780 = VERTEX_POINT('',#8781);
#8781 = CARTESIAN_POINT('',(24.175823272122,-2.75,1.4));
#8782 = SURFACE_CURVE('',#8783,(#8787,#8793),.PCURVE_S1.);
#8783 = LINE('',#8784,#8785);
#8784 = CARTESIAN_POINT('',(24.175823272123,-2.75,-2.));
#8785 = VECTOR('',#8786,1.);
#8786 = DIRECTION('',(0.,0.,1.));
#8787 = PCURVE('',#6522,#8788);
#8788 = DEFINITIONAL_REPRESENTATION('',(#8789),#8792);
#8789 = B_SPLINE_CURVE_WITH_KNOTS('',1,(#8790,#8791),.UNSPECIFIED.,.F.,
  .F.,(2,2),(2.68,3.400006774951),.PIECEWISE_BEZIER_KNOTS.);
#8790 = CARTESIAN_POINT('',(-0.12,29.175823272123));
#8791 = CARTESIAN_POINT('',(0.600006774951,29.175823272123));
#8792 = ( GEOMETRIC_REPRESENTATION_CONTEXT(2) 
PARAMETRIC_REPRESENTATION_CONTEXT() REPRESENTATION_CONTEXT('2D SPACE',''
  ) );
#8793 = PCURVE('',#6741,#8794);
#8794 = DEFINITIONAL_REPRESENTATION('',(#8795),#8798);
#8795 = B_SPLINE_CURVE_WITH_KNOTS('',1,(#8796,#8797),.UNSPECIFIED.,.F.,
  .F.,(2,2),(2.68,3.400006774951),.PIECEWISE_BEZIER_KNOTS.);
#8796 = CARTESIAN_POINT('',(5.700821069311,2.68));
#8797 = CARTESIAN_POINT('',(5.700821069311,3.400006774951));
#8798 = ( GEOMETRIC_REPRESENTATION_CONTEXT(2) 
PARAMETRIC_REPRESENTATION_CONTEXT() REPRESENTATION_CONTEXT('2D SPACE',''
  ) );
#8799 = ORIENTED_EDGE('',*,*,#8800,.T.);
#8800 = EDGE_CURVE('',#8780,#8406,#8801,.T.);
#8801 = SURFACE_CURVE('',#8802,(#8807,#8814),.PCURVE_S1.);
#8802 = HYPERBOLA('',#8803,2.75,2.75);
#8803 = AXIS2_PLACEMENT_3D('',#8804,#8805,#8806);
#8804 = CARTESIAN_POINT('',(20.,-2.75,6.4));
#8805 = DIRECTION('',(0.,1.,0.));
#8806 = DIRECTION('',(-0.,0.,-1.));
#8807 = PCURVE('',#6522,#8808);
#8808 = DEFINITIONAL_REPRESENTATION('',(#8809),#8813);
#8809 = ( BOUNDED_CURVE() B_SPLINE_CURVE(2,(#8810,#8811,#8812),
.UNSPECIFIED.,.F.,.F.) B_SPLINE_CURVE_WITH_KNOTS((3,3),(-1.204971208168,
-1.046967915003),.PIECEWISE_BEZIER_KNOTS.) CURVE() 
GEOMETRIC_REPRESENTATION_ITEM() RATIONAL_B_SPLINE_CURVE((1.,
1.003122253474,1.)) REPRESENTATION_ITEM('') );
#8810 = CARTESIAN_POINT('',(0.6,29.175823272123));
#8811 = CARTESIAN_POINT('',(0.929212299272,28.781634775844));
#8812 = CARTESIAN_POINT('',(1.2,28.434748899119));
#8813 = ( GEOMETRIC_REPRESENTATION_CONTEXT(2) 
PARAMETRIC_REPRESENTATION_CONTEXT() REPRESENTATION_CONTEXT('2D SPACE',''
  ) );
#8814 = PCURVE('',#8422,#8815);
#8815 = DEFINITIONAL_REPRESENTATION('',(#8816),#8823);
#8816 = B_SPLINE_CURVE_WITH_KNOTS('',5,(#8817,#8818,#8819,#8820,#8821,
    #8822),.UNSPECIFIED.,.F.,.F.,(6,6),(-1.204971208168,-1.046967915003)
  ,.PIECEWISE_BEZIER_KNOTS.);
#8817 = CARTESIAN_POINT('',(-5.700821069311,-1.998401444325E-15));
#8818 = CARTESIAN_POINT('',(-5.683440707063,-0.131958765734));
#8819 = CARTESIAN_POINT('',(-5.665486970793,-0.257676273539));
#8820 = CARTESIAN_POINT('',(-5.646945586074,-0.377427038356));
#8821 = CARTESIAN_POINT('',(-5.627804185888,-0.491459672549));
#8822 = CARTESIAN_POINT('',(-5.608053774243,-0.6));
#8823 = ( GEOMETRIC_REPRESENTATION_CONTEXT(2) 
PARAMETRIC_REPRESENTATION_CONTEXT() REPRESENTATION_CONTEXT('2D SPACE',''
  ) );
#8824 = ORIENTED_EDGE('',*,*,#8434,.T.);
#8825 = ORIENTED_EDGE('',*,*,#6506,.F.);
#8826 = ADVANCED_FACE('',(#8827),#6550,.F.);
#8827 = FACE_BOUND('',#8828,.F.);
#8828 = EDGE_LOOP('',(#8829,#8853,#8854,#8855));
#8829 = ORIENTED_EDGE('',*,*,#8830,.F.);
#8830 = EDGE_CURVE('',#8757,#8831,#8833,.T.);
#8831 = VERTEX_POINT('',#8832);
#8832 = CARTESIAN_POINT('',(24.844439467059,-1.2375,0.8));
#8833 = SURFACE_CURVE('',#8834,(#8839,#8846),.PCURVE_S1.);
#8834 = CIRCLE('',#8835,5.);
#8835 = AXIS2_PLACEMENT_3D('',#8836,#8837,#8838);
#8836 = CARTESIAN_POINT('',(20.,0.,0.8));
#8837 = DIRECTION('',(0.,0.,1.));
#8838 = DIRECTION('',(1.,0.,-0.));
#8839 = PCURVE('',#6550,#8840);
#8840 = DEFINITIONAL_REPRESENTATION('',(#8841),#8845);
#8841 = CIRCLE('',#8842,5.);
#8842 = AXIS2_PLACEMENT_2D('',#8843,#8844);
#8843 = CARTESIAN_POINT('',(25.,2.75));
#8844 = DIRECTION('',(1.,0.));
#8845 = ( GEOMETRIC_REPRESENTATION_CONTEXT(2) 
PARAMETRIC_REPRESENTATION_CONTEXT() REPRESENTATION_CONTEXT('2D SPACE',''
  ) );
#8846 = PCURVE('',#6741,#8847);
#8847 = DEFINITIONAL_REPRESENTATION('',(#8848),#8852);
#8848 = LINE('',#8849,#8850);
#8849 = CARTESIAN_POINT('',(0.,2.8));
#8850 = VECTOR('',#8851,1.);
#8851 = DIRECTION('',(1.,0.));
#8852 = ( GEOMETRIC_REPRESENTATION_CONTEXT(2) 
PARAMETRIC_REPRESENTATION_CONTEXT() REPRESENTATION_CONTEXT('2D SPACE',''
  ) );
#8853 = ORIENTED_EDGE('',*,*,#8756,.T.);
#8854 = ORIENTED_EDGE('',*,*,#6534,.T.);
#8855 = ORIENTED_EDGE('',*,*,#8856,.F.);
#8856 = EDGE_CURVE('',#8831,#6535,#8857,.T.);
#8857 = SURFACE_CURVE('',#8858,(#8862,#8869),.PCURVE_S1.);
#8858 = LINE('',#8859,#8860);
#8859 = CARTESIAN_POINT('',(-5.,-1.2375,0.8));
#8860 = VECTOR('',#8861,1.);
#8861 = DIRECTION('',(1.,0.,-0.));
#8862 = PCURVE('',#6550,#8863);
#8863 = DEFINITIONAL_REPRESENTATION('',(#8864),#8868);
#8864 = LINE('',#8865,#8866);
#8865 = CARTESIAN_POINT('',(0.,1.5125));
#8866 = VECTOR('',#8867,1.);
#8867 = DIRECTION('',(1.,0.));
#8868 = ( GEOMETRIC_REPRESENTATION_CONTEXT(2) 
PARAMETRIC_REPRESENTATION_CONTEXT() REPRESENTATION_CONTEXT('2D SPACE',''
  ) );
#8869 = PCURVE('',#6578,#8870);
#8870 = DEFINITIONAL_REPRESENTATION('',(#8871),#8875);
#8871 = LINE('',#8872,#8873);
#8872 = CARTESIAN_POINT('',(1.6,0.));
#8873 = VECTOR('',#8874,1.);
#8874 = DIRECTION('',(0.,1.));
#8875 = ( GEOMETRIC_REPRESENTATION_CONTEXT(2) 
PARAMETRIC_REPRESENTATION_CONTEXT() REPRESENTATION_CONTEXT('2D SPACE',''
  ) );
#8876 = ADVANCED_FACE('',(#8877),#6578,.F.);
#8877 = FACE_BOUND('',#8878,.F.);
#8878 = EDGE_LOOP('',(#8879,#8902,#8921,#8922));
#8879 = ORIENTED_EDGE('',*,*,#8880,.F.);
#8880 = EDGE_CURVE('',#8881,#6563,#8883,.T.);
#8881 = VERTEX_POINT('',#8882);
#8882 = CARTESIAN_POINT('',(24.844439467059,-1.2375,-0.8));
#8883 = SURFACE_CURVE('',#8884,(#8888,#8895),.PCURVE_S1.);
#8884 = LINE('',#8885,#8886);
#8885 = CARTESIAN_POINT('',(-5.,-1.2375,-0.8));
#8886 = VECTOR('',#8887,1.);
#8887 = DIRECTION('',(1.,0.,-0.));
#8888 = PCURVE('',#6578,#8889);
#8889 = DEFINITIONAL_REPRESENTATION('',(#8890),#8894);
#8890 = LINE('',#8891,#8892);
#8891 = CARTESIAN_POINT('',(0.,0.));
#8892 = VECTOR('',#8893,1.);
#8893 = DIRECTION('',(0.,1.));
#8894 = ( GEOMETRIC_REPRESENTATION_CONTEXT(2) 
PARAMETRIC_REPRESENTATION_CONTEXT() REPRESENTATION_CONTEXT('2D SPACE',''
  ) );
#8895 = PCURVE('',#6604,#8896);
#8896 = DEFINITIONAL_REPRESENTATION('',(#8897),#8901);
#8897 = LINE('',#8898,#8899);
#8898 = CARTESIAN_POINT('',(0.,1.5125));
#8899 = VECTOR('',#8900,1.);
#8900 = DIRECTION('',(1.,0.));
#8901 = ( GEOMETRIC_REPRESENTATION_CONTEXT(2) 
PARAMETRIC_REPRESENTATION_CONTEXT() REPRESENTATION_CONTEXT('2D SPACE',''
  ) );
#8902 = ORIENTED_EDGE('',*,*,#8903,.T.);
#8903 = EDGE_CURVE('',#8881,#8831,#8904,.T.);
#8904 = SURFACE_CURVE('',#8905,(#8909,#8915),.PCURVE_S1.);
#8905 = LINE('',#8906,#8907);
#8906 = CARTESIAN_POINT('',(24.844439467059,-1.2375,-2.));
#8907 = VECTOR('',#8908,1.);
#8908 = DIRECTION('',(0.,0.,1.));
#8909 = PCURVE('',#6578,#8910);
#8910 = DEFINITIONAL_REPRESENTATION('',(#8911),#8914);
#8911 = B_SPLINE_CURVE_WITH_KNOTS('',1,(#8912,#8913),.UNSPECIFIED.,.F.,
  .F.,(2,2),(1.04,2.96),.PIECEWISE_BEZIER_KNOTS.);
#8912 = CARTESIAN_POINT('',(-0.16,29.844439467059));
#8913 = CARTESIAN_POINT('',(1.76,29.844439467059));
#8914 = ( GEOMETRIC_REPRESENTATION_CONTEXT(2) 
PARAMETRIC_REPRESENTATION_CONTEXT() REPRESENTATION_CONTEXT('2D SPACE',''
  ) );
#8915 = PCURVE('',#6741,#8916);
#8916 = DEFINITIONAL_REPRESENTATION('',(#8917),#8920);
#8917 = B_SPLINE_CURVE_WITH_KNOTS('',1,(#8918,#8919),.UNSPECIFIED.,.F.,
  .F.,(2,2),(1.04,2.96),.PIECEWISE_BEZIER_KNOTS.);
#8918 = CARTESIAN_POINT('',(6.03308618371,1.04));
#8919 = CARTESIAN_POINT('',(6.03308618371,2.96));
#8920 = ( GEOMETRIC_REPRESENTATION_CONTEXT(2) 
PARAMETRIC_REPRESENTATION_CONTEXT() REPRESENTATION_CONTEXT('2D SPACE',''
  ) );
#8921 = ORIENTED_EDGE('',*,*,#8856,.T.);
#8922 = ORIENTED_EDGE('',*,*,#6562,.F.);
#8923 = ADVANCED_FACE('',(#8924),#6604,.T.);
#8924 = FACE_BOUND('',#8925,.T.);
#8925 = EDGE_LOOP('',(#8926,#8948,#8949,#8950));
#8926 = ORIENTED_EDGE('',*,*,#8927,.F.);
#8927 = EDGE_CURVE('',#6727,#8881,#8928,.T.);
#8928 = SURFACE_CURVE('',#8929,(#8934,#8941),.PCURVE_S1.);
#8929 = CIRCLE('',#8930,5.);
#8930 = AXIS2_PLACEMENT_3D('',#8931,#8932,#8933);
#8931 = CARTESIAN_POINT('',(20.,0.,-0.8));
#8932 = DIRECTION('',(0.,0.,1.));
#8933 = DIRECTION('',(1.,0.,-0.));
#8934 = PCURVE('',#6604,#8935);
#8935 = DEFINITIONAL_REPRESENTATION('',(#8936),#8940);
#8936 = CIRCLE('',#8937,5.);
#8937 = AXIS2_PLACEMENT_2D('',#8938,#8939);
#8938 = CARTESIAN_POINT('',(25.,2.75));
#8939 = DIRECTION('',(1.,0.));
#8940 = ( GEOMETRIC_REPRESENTATION_CONTEXT(2) 
PARAMETRIC_REPRESENTATION_CONTEXT() REPRESENTATION_CONTEXT('2D SPACE',''
  ) );
#8941 = PCURVE('',#6741,#8942);
#8942 = DEFINITIONAL_REPRESENTATION('',(#8943),#8947);
#8943 = LINE('',#8944,#8945);
#8944 = CARTESIAN_POINT('',(0.,1.2));
#8945 = VECTOR('',#8946,1.);
#8946 = DIRECTION('',(1.,0.));
#8947 = ( GEOMETRIC_REPRESENTATION_CONTEXT(2) 
PARAMETRIC_REPRESENTATION_CONTEXT() REPRESENTATION_CONTEXT('2D SPACE',''
  ) );
#8948 = ORIENTED_EDGE('',*,*,#6752,.T.);
#8949 = ORIENTED_EDGE('',*,*,#6590,.T.);
#8950 = ORIENTED_EDGE('',*,*,#8880,.F.);
#8951 = ADVANCED_FACE('',(#8952),#6659,.T.);
#8952 = FACE_BOUND('',#8953,.T.);
#8953 = EDGE_LOOP('',(#8954,#8955,#8956,#8980,#9001,#9025,#9046,#9068,
    #9069,#9070,#9071,#9072));
#8954 = ORIENTED_EDGE('',*,*,#6777,.T.);
#8955 = ORIENTED_EDGE('',*,*,#6887,.T.);
#8956 = ORIENTED_EDGE('',*,*,#8957,.T.);
#8957 = EDGE_CURVE('',#6888,#8958,#8960,.T.);
#8958 = VERTEX_POINT('',#8959);
#8959 = CARTESIAN_POINT('',(4.844439467059,-1.2375,-0.8));
#8960 = SURFACE_CURVE('',#8961,(#8966,#8973),.PCURVE_S1.);
#8961 = CIRCLE('',#8962,5.);
#8962 = AXIS2_PLACEMENT_3D('',#8963,#8964,#8965);
#8963 = CARTESIAN_POINT('',(0.,0.,-0.8));
#8964 = DIRECTION('',(0.,0.,1.));
#8965 = DIRECTION('',(1.,0.,-0.));
#8966 = PCURVE('',#6659,#8967);
#8967 = DEFINITIONAL_REPRESENTATION('',(#8968),#8972);
#8968 = LINE('',#8969,#8970);
#8969 = CARTESIAN_POINT('',(0.,1.2));
#8970 = VECTOR('',#8971,1.);
#8971 = DIRECTION('',(1.,0.));
#8972 = ( GEOMETRIC_REPRESENTATION_CONTEXT(2) 
PARAMETRIC_REPRESENTATION_CONTEXT() REPRESENTATION_CONTEXT('2D SPACE',''
  ) );
#8973 = PCURVE('',#6924,#8974);
#8974 = DEFINITIONAL_REPRESENTATION('',(#8975),#8979);
#8975 = CIRCLE('',#8976,5.);
#8976 = AXIS2_PLACEMENT_2D('',#8977,#8978);
#8977 = CARTESIAN_POINT('',(5.,2.75));
#8978 = DIRECTION('',(1.,0.));
#8979 = ( GEOMETRIC_REPRESENTATION_CONTEXT(2) 
PARAMETRIC_REPRESENTATION_CONTEXT() REPRESENTATION_CONTEXT('2D SPACE',''
  ) );
#8980 = ORIENTED_EDGE('',*,*,#8981,.T.);
#8981 = EDGE_CURVE('',#8958,#8982,#8984,.T.);
#8982 = VERTEX_POINT('',#8983);
#8983 = CARTESIAN_POINT('',(4.844439467059,-1.2375,0.8));
#8984 = SURFACE_CURVE('',#8985,(#8989,#8995),.PCURVE_S1.);
#8985 = LINE('',#8986,#8987);
#8986 = CARTESIAN_POINT('',(4.844439467059,-1.2375,-2.));
#8987 = VECTOR('',#8988,1.);
#8988 = DIRECTION('',(0.,0.,1.));
#8989 = PCURVE('',#6659,#8990);
#8990 = DEFINITIONAL_REPRESENTATION('',(#8991),#8994);
#8991 = B_SPLINE_CURVE_WITH_KNOTS('',1,(#8992,#8993),.UNSPECIFIED.,.F.,
  .F.,(2,2),(1.04,2.96),.PIECEWISE_BEZIER_KNOTS.);
#8992 = CARTESIAN_POINT('',(6.03308618371,1.04));
#8993 = CARTESIAN_POINT('',(6.03308618371,2.96));
#8994 = ( GEOMETRIC_REPRESENTATION_CONTEXT(2) 
PARAMETRIC_REPRESENTATION_CONTEXT() REPRESENTATION_CONTEXT('2D SPACE',''
  ) );
#8995 = PCURVE('',#7206,#8996);
#8996 = DEFINITIONAL_REPRESENTATION('',(#8997),#9000);
#8997 = B_SPLINE_CURVE_WITH_KNOTS('',1,(#8998,#8999),.UNSPECIFIED.,.F.,
  .F.,(2,2),(1.04,2.96),.PIECEWISE_BEZIER_KNOTS.);
#8998 = CARTESIAN_POINT('',(-0.16,9.844439467059));
#8999 = CARTESIAN_POINT('',(1.76,9.844439467059));
#9000 = ( GEOMETRIC_REPRESENTATION_CONTEXT(2) 
PARAMETRIC_REPRESENTATION_CONTEXT() REPRESENTATION_CONTEXT('2D SPACE',''
  ) );
#9001 = ORIENTED_EDGE('',*,*,#9002,.F.);
#9002 = EDGE_CURVE('',#9003,#8982,#9005,.T.);
#9003 = VERTEX_POINT('',#9004);
#9004 = CARTESIAN_POINT('',(4.175823272123,-2.75,0.8));
#9005 = SURFACE_CURVE('',#9006,(#9011,#9018),.PCURVE_S1.);
#9006 = CIRCLE('',#9007,5.);
#9007 = AXIS2_PLACEMENT_3D('',#9008,#9009,#9010);
#9008 = CARTESIAN_POINT('',(0.,0.,0.8));
#9009 = DIRECTION('',(0.,0.,1.));
#9010 = DIRECTION('',(1.,0.,-0.));
#9011 = PCURVE('',#6659,#9012);
#9012 = DEFINITIONAL_REPRESENTATION('',(#9013),#9017);
#9013 = LINE('',#9014,#9015);
#9014 = CARTESIAN_POINT('',(0.,2.8));
#9015 = VECTOR('',#9016,1.);
#9016 = DIRECTION('',(1.,0.));
#9017 = ( GEOMETRIC_REPRESENTATION_CONTEXT(2) 
PARAMETRIC_REPRESENTATION_CONTEXT() REPRESENTATION_CONTEXT('2D SPACE',''
  ) );
#9018 = PCURVE('',#7234,#9019);
#9019 = DEFINITIONAL_REPRESENTATION('',(#9020),#9024);
#9020 = CIRCLE('',#9021,5.);
#9021 = AXIS2_PLACEMENT_2D('',#9022,#9023);
#9022 = CARTESIAN_POINT('',(5.,2.75));
#9023 = DIRECTION('',(1.,0.));
#9024 = ( GEOMETRIC_REPRESENTATION_CONTEXT(2) 
PARAMETRIC_REPRESENTATION_CONTEXT() REPRESENTATION_CONTEXT('2D SPACE',''
  ) );
#9025 = ORIENTED_EDGE('',*,*,#9026,.T.);
#9026 = EDGE_CURVE('',#9003,#9027,#9029,.T.);
#9027 = VERTEX_POINT('',#9028);
#9028 = CARTESIAN_POINT('',(4.175823272123,-2.75,1.4));
#9029 = SURFACE_CURVE('',#9030,(#9034,#9040),.PCURVE_S1.);
#9030 = LINE('',#9031,#9032);
#9031 = CARTESIAN_POINT('',(4.175823272123,-2.75,-2.));
#9032 = VECTOR('',#9033,1.);
#9033 = DIRECTION('',(0.,0.,1.));
#9034 = PCURVE('',#6659,#9035);
#9035 = DEFINITIONAL_REPRESENTATION('',(#9036),#9039);
#9036 = B_SPLINE_CURVE_WITH_KNOTS('',1,(#9037,#9038),.UNSPECIFIED.,.F.,
  .F.,(2,2),(2.68,3.400006774951),.PIECEWISE_BEZIER_KNOTS.);
#9037 = CARTESIAN_POINT('',(5.700821069311,2.68));
#9038 = CARTESIAN_POINT('',(5.700821069311,3.400006774951));
#9039 = ( GEOMETRIC_REPRESENTATION_CONTEXT(2) 
PARAMETRIC_REPRESENTATION_CONTEXT() REPRESENTATION_CONTEXT('2D SPACE',''
  ) );
#9040 = PCURVE('',#8393,#9041);
#9041 = DEFINITIONAL_REPRESENTATION('',(#9042),#9045);
#9042 = B_SPLINE_CURVE_WITH_KNOTS('',1,(#9043,#9044),.UNSPECIFIED.,.F.,
  .F.,(2,2),(2.68,3.400006774951),.PIECEWISE_BEZIER_KNOTS.);
#9043 = CARTESIAN_POINT('',(-0.12,9.175823272123));
#9044 = CARTESIAN_POINT('',(0.600006774951,9.175823272123));
#9045 = ( GEOMETRIC_REPRESENTATION_CONTEXT(2) 
PARAMETRIC_REPRESENTATION_CONTEXT() REPRESENTATION_CONTEXT('2D SPACE',''
  ) );
#9046 = ORIENTED_EDGE('',*,*,#9047,.F.);
#9047 = EDGE_CURVE('',#8497,#9027,#9048,.T.);
#9048 = SURFACE_CURVE('',#9049,(#9054,#9061),.PCURVE_S1.);
#9049 = CIRCLE('',#9050,5.);
#9050 = AXIS2_PLACEMENT_3D('',#9051,#9052,#9053);
#9051 = CARTESIAN_POINT('',(0.,0.,1.4));
#9052 = DIRECTION('',(0.,0.,1.));
#9053 = DIRECTION('',(1.,0.,-0.));
#9054 = PCURVE('',#6659,#9055);
#9055 = DEFINITIONAL_REPRESENTATION('',(#9056),#9060);
#9056 = LINE('',#9057,#9058);
#9057 = CARTESIAN_POINT('',(0.,3.4));
#9058 = VECTOR('',#9059,1.);
#9059 = DIRECTION('',(1.,0.));
#9060 = ( GEOMETRIC_REPRESENTATION_CONTEXT(2) 
PARAMETRIC_REPRESENTATION_CONTEXT() REPRESENTATION_CONTEXT('2D SPACE',''
  ) );
#9061 = PCURVE('',#8365,#9062);
#9062 = DEFINITIONAL_REPRESENTATION('',(#9063),#9067);
#9063 = LINE('',#9064,#9065);
#9064 = CARTESIAN_POINT('',(-0.,-0.));
#9065 = VECTOR('',#9066,1.);
#9066 = DIRECTION('',(-1.,-0.));
#9067 = ( GEOMETRIC_REPRESENTATION_CONTEXT(2) 
PARAMETRIC_REPRESENTATION_CONTEXT() REPRESENTATION_CONTEXT('2D SPACE',''
  ) );
#9068 = ORIENTED_EDGE('',*,*,#8523,.F.);
#9069 = ORIENTED_EDGE('',*,*,#8547,.F.);
#9070 = ORIENTED_EDGE('',*,*,#8620,.F.);
#9071 = ORIENTED_EDGE('',*,*,#8644,.T.);
#9072 = ORIENTED_EDGE('',*,*,#6644,.F.);
#9073 = ADVANCED_FACE('',(#9074),#6741,.T.);
#9074 = FACE_BOUND('',#9075,.T.);
#9075 = EDGE_LOOP('',(#9076,#9077,#9078,#9079,#9080,#9081,#9082,#9106,
    #9127,#9151,#9172,#9194));
#9076 = ORIENTED_EDGE('',*,*,#6831,.T.);
#9077 = ORIENTED_EDGE('',*,*,#6726,.T.);
#9078 = ORIENTED_EDGE('',*,*,#8927,.T.);
#9079 = ORIENTED_EDGE('',*,*,#8903,.T.);
#9080 = ORIENTED_EDGE('',*,*,#8830,.F.);
#9081 = ORIENTED_EDGE('',*,*,#8779,.T.);
#9082 = ORIENTED_EDGE('',*,*,#9083,.F.);
#9083 = EDGE_CURVE('',#9084,#8780,#9086,.T.);
#9084 = VERTEX_POINT('',#9085);
#9085 = CARTESIAN_POINT('',(15.824176727878,-2.75,1.4));
#9086 = SURFACE_CURVE('',#9087,(#9092,#9099),.PCURVE_S1.);
#9087 = CIRCLE('',#9088,5.);
#9088 = AXIS2_PLACEMENT_3D('',#9089,#9090,#9091);
#9089 = CARTESIAN_POINT('',(20.,0.,1.4));
#9090 = DIRECTION('',(0.,0.,1.));
#9091 = DIRECTION('',(1.,0.,-0.));
#9092 = PCURVE('',#6741,#9093);
#9093 = DEFINITIONAL_REPRESENTATION('',(#9094),#9098);
#9094 = LINE('',#9095,#9096);
#9095 = CARTESIAN_POINT('',(0.,3.4));
#9096 = VECTOR('',#9097,1.);
#9097 = DIRECTION('',(1.,0.));
#9098 = ( GEOMETRIC_REPRESENTATION_CONTEXT(2) 
PARAMETRIC_REPRESENTATION_CONTEXT() REPRESENTATION_CONTEXT('2D SPACE',''
  ) );
#9099 = PCURVE('',#8422,#9100);
#9100 = DEFINITIONAL_REPRESENTATION('',(#9101),#9105);
#9101 = LINE('',#9102,#9103);
#9102 = CARTESIAN_POINT('',(-0.,-0.));
#9103 = VECTOR('',#9104,1.);
#9104 = DIRECTION('',(-1.,-0.));
#9105 = ( GEOMETRIC_REPRESENTATION_CONTEXT(2) 
PARAMETRIC_REPRESENTATION_CONTEXT() REPRESENTATION_CONTEXT('2D SPACE',''
  ) );
#9106 = ORIENTED_EDGE('',*,*,#9107,.F.);
#9107 = EDGE_CURVE('',#9108,#9084,#9110,.T.);
#9108 = VERTEX_POINT('',#9109);
#9109 = CARTESIAN_POINT('',(15.824176727878,-2.75,0.8));
#9110 = SURFACE_CURVE('',#9111,(#9115,#9121),.PCURVE_S1.);
#9111 = LINE('',#9112,#9113);
#9112 = CARTESIAN_POINT('',(15.824176727877,-2.75,-2.));
#9113 = VECTOR('',#9114,1.);
#9114 = DIRECTION('',(0.,0.,1.));
#9115 = PCURVE('',#6741,#9116);
#9116 = DEFINITIONAL_REPRESENTATION('',(#9117),#9120);
#9117 = B_SPLINE_CURVE_WITH_KNOTS('',1,(#9118,#9119),.UNSPECIFIED.,.F.,
  .F.,(2,2),(2.68,3.400006774951),.PIECEWISE_BEZIER_KNOTS.);
#9118 = CARTESIAN_POINT('',(3.723956891459,2.68));
#9119 = CARTESIAN_POINT('',(3.723956891459,3.400006774951));
#9120 = ( GEOMETRIC_REPRESENTATION_CONTEXT(2) 
PARAMETRIC_REPRESENTATION_CONTEXT() REPRESENTATION_CONTEXT('2D SPACE',''
  ) );
#9121 = PCURVE('',#8393,#9122);
#9122 = DEFINITIONAL_REPRESENTATION('',(#9123),#9126);
#9123 = B_SPLINE_CURVE_WITH_KNOTS('',1,(#9124,#9125),.UNSPECIFIED.,.F.,
  .F.,(2,2),(2.68,3.400006774951),.PIECEWISE_BEZIER_KNOTS.);
#9124 = CARTESIAN_POINT('',(-0.12,20.824176727877));
#9125 = CARTESIAN_POINT('',(0.600006774951,20.824176727877));
#9126 = ( GEOMETRIC_REPRESENTATION_CONTEXT(2) 
PARAMETRIC_REPRESENTATION_CONTEXT() REPRESENTATION_CONTEXT('2D SPACE',''
  ) );
#9127 = ORIENTED_EDGE('',*,*,#9128,.F.);
#9128 = EDGE_CURVE('',#9129,#9108,#9131,.T.);
#9129 = VERTEX_POINT('',#9130);
#9130 = CARTESIAN_POINT('',(15.155560532941,-1.2375,0.8));
#9131 = SURFACE_CURVE('',#9132,(#9137,#9144),.PCURVE_S1.);
#9132 = CIRCLE('',#9133,5.);
#9133 = AXIS2_PLACEMENT_3D('',#9134,#9135,#9136);
#9134 = CARTESIAN_POINT('',(20.,0.,0.8));
#9135 = DIRECTION('',(0.,0.,1.));
#9136 = DIRECTION('',(1.,0.,-0.));
#9137 = PCURVE('',#6741,#9138);
#9138 = DEFINITIONAL_REPRESENTATION('',(#9139),#9143);
#9139 = LINE('',#9140,#9141);
#9140 = CARTESIAN_POINT('',(0.,2.8));
#9141 = VECTOR('',#9142,1.);
#9142 = DIRECTION('',(1.,0.));
#9143 = ( GEOMETRIC_REPRESENTATION_CONTEXT(2) 
PARAMETRIC_REPRESENTATION_CONTEXT() REPRESENTATION_CONTEXT('2D SPACE',''
  ) );
#9144 = PCURVE('',#7234,#9145);
#9145 = DEFINITIONAL_REPRESENTATION('',(#9146),#9150);
#9146 = CIRCLE('',#9147,5.);
#9147 = AXIS2_PLACEMENT_2D('',#9148,#9149);
#9148 = CARTESIAN_POINT('',(25.,2.75));
#9149 = DIRECTION('',(1.,0.));
#9150 = ( GEOMETRIC_REPRESENTATION_CONTEXT(2) 
PARAMETRIC_REPRESENTATION_CONTEXT() REPRESENTATION_CONTEXT('2D SPACE',''
  ) );
#9151 = ORIENTED_EDGE('',*,*,#9152,.F.);
#9152 = EDGE_CURVE('',#9153,#9129,#9155,.T.);
#9153 = VERTEX_POINT('',#9154);
#9154 = CARTESIAN_POINT('',(15.155560532941,-1.2375,-0.8));
#9155 = SURFACE_CURVE('',#9156,(#9160,#9166),.PCURVE_S1.);
#9156 = LINE('',#9157,#9158);
#9157 = CARTESIAN_POINT('',(15.155560532941,-1.2375,-2.));
#9158 = VECTOR('',#9159,1.);
#9159 = DIRECTION('',(0.,0.,1.));
#9160 = PCURVE('',#6741,#9161);
#9161 = DEFINITIONAL_REPRESENTATION('',(#9162),#9165);
#9162 = B_SPLINE_CURVE_WITH_KNOTS('',1,(#9163,#9164),.UNSPECIFIED.,.F.,
  .F.,(2,2),(1.04,2.96),.PIECEWISE_BEZIER_KNOTS.);
#9163 = CARTESIAN_POINT('',(3.391691777059,1.04));
#9164 = CARTESIAN_POINT('',(3.391691777059,2.96));
#9165 = ( GEOMETRIC_REPRESENTATION_CONTEXT(2) 
PARAMETRIC_REPRESENTATION_CONTEXT() REPRESENTATION_CONTEXT('2D SPACE',''
  ) );
#9166 = PCURVE('',#7503,#9167);
#9167 = DEFINITIONAL_REPRESENTATION('',(#9168),#9171);
#9168 = B_SPLINE_CURVE_WITH_KNOTS('',1,(#9169,#9170),.UNSPECIFIED.,.F.,
  .F.,(2,2),(1.04,2.96),.PIECEWISE_BEZIER_KNOTS.);
#9169 = CARTESIAN_POINT('',(-0.16,20.155560532941));
#9170 = CARTESIAN_POINT('',(1.76,20.155560532941));
#9171 = ( GEOMETRIC_REPRESENTATION_CONTEXT(2) 
PARAMETRIC_REPRESENTATION_CONTEXT() REPRESENTATION_CONTEXT('2D SPACE',''
  ) );
#9172 = ORIENTED_EDGE('',*,*,#9173,.T.);
#9173 = EDGE_CURVE('',#9153,#6909,#9174,.T.);
#9174 = SURFACE_CURVE('',#9175,(#9180,#9187),.PCURVE_S1.);
#9175 = CIRCLE('',#9176,5.);
#9176 = AXIS2_PLACEMENT_3D('',#9177,#9178,#9179);
#9177 = CARTESIAN_POINT('',(20.,0.,-0.8));
#9178 = DIRECTION('',(0.,0.,1.));
#9179 = DIRECTION('',(1.,0.,-0.));
#9180 = PCURVE('',#6741,#9181);
#9181 = DEFINITIONAL_REPRESENTATION('',(#9182),#9186);
#9182 = LINE('',#9183,#9184);
#9183 = CARTESIAN_POINT('',(0.,1.2));
#9184 = VECTOR('',#9185,1.);
#9185 = DIRECTION('',(1.,0.));
#9186 = ( GEOMETRIC_REPRESENTATION_CONTEXT(2) 
PARAMETRIC_REPRESENTATION_CONTEXT() REPRESENTATION_CONTEXT('2D SPACE',''
  ) );
#9187 = PCURVE('',#6924,#9188);
#9188 = DEFINITIONAL_REPRESENTATION('',(#9189),#9193);
#9189 = CIRCLE('',#9190,5.);
#9190 = AXIS2_PLACEMENT_2D('',#9191,#9192);
#9191 = CARTESIAN_POINT('',(25.,2.75));
#9192 = DIRECTION('',(1.,0.));
#9193 = ( GEOMETRIC_REPRESENTATION_CONTEXT(2) 
PARAMETRIC_REPRESENTATION_CONTEXT() REPRESENTATION_CONTEXT('2D SPACE',''
  ) );
#9194 = ORIENTED_EDGE('',*,*,#6936,.F.);
#9195 = ADVANCED_FACE('',(#9196),#6924,.T.);
#9196 = FACE_BOUND('',#9197,.T.);
#9197 = EDGE_LOOP('',(#9198,#9199,#9200,#9201,#9222,#9223,#9244,#9245));
#9198 = ORIENTED_EDGE('',*,*,#8957,.F.);
#9199 = ORIENTED_EDGE('',*,*,#6908,.T.);
#9200 = ORIENTED_EDGE('',*,*,#9173,.F.);
#9201 = ORIENTED_EDGE('',*,*,#9202,.F.);
#9202 = EDGE_CURVE('',#7422,#9153,#9203,.T.);
#9203 = SURFACE_CURVE('',#9204,(#9208,#9215),.PCURVE_S1.);
#9204 = LINE('',#9205,#9206);
#9205 = CARTESIAN_POINT('',(-5.,-1.2375,-0.8));
#9206 = VECTOR('',#9207,1.);
#9207 = DIRECTION('',(1.,0.,-0.));
#9208 = PCURVE('',#6924,#9209);
#9209 = DEFINITIONAL_REPRESENTATION('',(#9210),#9214);
#9210 = LINE('',#9211,#9212);
#9211 = CARTESIAN_POINT('',(0.,1.5125));
#9212 = VECTOR('',#9213,1.);
#9213 = DIRECTION('',(1.,0.));
#9214 = ( GEOMETRIC_REPRESENTATION_CONTEXT(2) 
PARAMETRIC_REPRESENTATION_CONTEXT() REPRESENTATION_CONTEXT('2D SPACE',''
  ) );
#9215 = PCURVE('',#7503,#9216);
#9216 = DEFINITIONAL_REPRESENTATION('',(#9217),#9221);
#9217 = LINE('',#9218,#9219);
#9218 = CARTESIAN_POINT('',(0.,0.));
#9219 = VECTOR('',#9220,1.);
#9220 = DIRECTION('',(0.,1.));
#9221 = ( GEOMETRIC_REPRESENTATION_CONTEXT(2) 
PARAMETRIC_REPRESENTATION_CONTEXT() REPRESENTATION_CONTEXT('2D SPACE',''
  ) );
#9222 = ORIENTED_EDGE('',*,*,#7419,.F.);
#9223 = ORIENTED_EDGE('',*,*,#9224,.F.);
#9224 = EDGE_CURVE('',#7168,#7420,#9225,.T.);
#9225 = SURFACE_CURVE('',#9226,(#9230,#9237),.PCURVE_S1.);
#9226 = LINE('',#9227,#9228);
#9227 = CARTESIAN_POINT('',(-5.,-1.2375,-0.8));
#9228 = VECTOR('',#9229,1.);
#9229 = DIRECTION('',(1.,0.,-0.));
#9230 = PCURVE('',#6924,#9231);
#9231 = DEFINITIONAL_REPRESENTATION('',(#9232),#9236);
#9232 = LINE('',#9233,#9234);
#9233 = CARTESIAN_POINT('',(0.,1.5125));
#9234 = VECTOR('',#9235,1.);
#9235 = DIRECTION('',(1.,0.));
#9236 = ( GEOMETRIC_REPRESENTATION_CONTEXT(2) 
PARAMETRIC_REPRESENTATION_CONTEXT() REPRESENTATION_CONTEXT('2D SPACE',''
  ) );
#9237 = PCURVE('',#7259,#9238);
#9238 = DEFINITIONAL_REPRESENTATION('',(#9239),#9243);
#9239 = LINE('',#9240,#9241);
#9240 = CARTESIAN_POINT('',(0.,0.));
#9241 = VECTOR('',#9242,1.);
#9242 = DIRECTION('',(0.,1.));
#9243 = ( GEOMETRIC_REPRESENTATION_CONTEXT(2) 
PARAMETRIC_REPRESENTATION_CONTEXT() REPRESENTATION_CONTEXT('2D SPACE',''
  ) );
#9244 = ORIENTED_EDGE('',*,*,#7165,.F.);
#9245 = ORIENTED_EDGE('',*,*,#9246,.F.);
#9246 = EDGE_CURVE('',#8958,#7166,#9247,.T.);
#9247 = SURFACE_CURVE('',#9248,(#9252,#9259),.PCURVE_S1.);
#9248 = LINE('',#9249,#9250);
#9249 = CARTESIAN_POINT('',(-5.,-1.2375,-0.8));
#9250 = VECTOR('',#9251,1.);
#9251 = DIRECTION('',(1.,0.,-0.));
#9252 = PCURVE('',#6924,#9253);
#9253 = DEFINITIONAL_REPRESENTATION('',(#9254),#9258);
#9254 = LINE('',#9255,#9256);
#9255 = CARTESIAN_POINT('',(0.,1.5125));
#9256 = VECTOR('',#9257,1.);
#9257 = DIRECTION('',(1.,0.));
#9258 = ( GEOMETRIC_REPRESENTATION_CONTEXT(2) 
PARAMETRIC_REPRESENTATION_CONTEXT() REPRESENTATION_CONTEXT('2D SPACE',''
  ) );
#9259 = PCURVE('',#7206,#9260);
#9260 = DEFINITIONAL_REPRESENTATION('',(#9261),#9265);
#9261 = LINE('',#9262,#9263);
#9262 = CARTESIAN_POINT('',(0.,0.));
#9263 = VECTOR('',#9264,1.);
#9264 = DIRECTION('',(0.,1.));
#9265 = ( GEOMETRIC_REPRESENTATION_CONTEXT(2) 
PARAMETRIC_REPRESENTATION_CONTEXT() REPRESENTATION_CONTEXT('2D SPACE',''
  ) );
#9266 = ADVANCED_FACE('',(#9267),#7152,.T.);
#9267 = FACE_BOUND('',#9268,.T.);
#9268 = EDGE_LOOP('',(#9269,#9270,#9271,#9292));
#9269 = ORIENTED_EDGE('',*,*,#7809,.F.);
#9270 = ORIENTED_EDGE('',*,*,#8046,.T.);
#9271 = ORIENTED_EDGE('',*,*,#9272,.T.);
#9272 = EDGE_CURVE('',#8023,#7111,#9273,.T.);
#9273 = SURFACE_CURVE('',#9274,(#9278,#9285),.PCURVE_S1.);
#9274 = LINE('',#9275,#9276);
#9275 = CARTESIAN_POINT('',(-5.,1.2375,0.8));
#9276 = VECTOR('',#9277,1.);
#9277 = DIRECTION('',(1.,0.,-0.));
#9278 = PCURVE('',#7152,#9279);
#9279 = DEFINITIONAL_REPRESENTATION('',(#9280),#9284);
#9280 = LINE('',#9281,#9282);
#9281 = CARTESIAN_POINT('',(1.6,0.));
#9282 = VECTOR('',#9283,1.);
#9283 = DIRECTION('',(0.,1.));
#9284 = ( GEOMETRIC_REPRESENTATION_CONTEXT(2) 
PARAMETRIC_REPRESENTATION_CONTEXT() REPRESENTATION_CONTEXT('2D SPACE',''
  ) );
#9285 = PCURVE('',#7127,#9286);
#9286 = DEFINITIONAL_REPRESENTATION('',(#9287),#9291);
#9287 = LINE('',#9288,#9289);
#9288 = CARTESIAN_POINT('',(0.,3.9875));
#9289 = VECTOR('',#9290,1.);
#9290 = DIRECTION('',(1.,0.));
#9291 = ( GEOMETRIC_REPRESENTATION_CONTEXT(2) 
PARAMETRIC_REPRESENTATION_CONTEXT() REPRESENTATION_CONTEXT('2D SPACE',''
  ) );
#9292 = ORIENTED_EDGE('',*,*,#7139,.F.);
#9293 = ADVANCED_FACE('',(#9294),#7127,.F.);
#9294 = FACE_BOUND('',#9295,.F.);
#9295 = EDGE_LOOP('',(#9296,#9297,#9298,#9299,#9320,#9321,#9342,#9343));
#9296 = ORIENTED_EDGE('',*,*,#8022,.F.);
#9297 = ORIENTED_EDGE('',*,*,#9272,.T.);
#9298 = ORIENTED_EDGE('',*,*,#7110,.F.);
#9299 = ORIENTED_EDGE('',*,*,#9300,.T.);
#9300 = EDGE_CURVE('',#7085,#7375,#9301,.T.);
#9301 = SURFACE_CURVE('',#9302,(#9306,#9313),.PCURVE_S1.);
#9302 = LINE('',#9303,#9304);
#9303 = CARTESIAN_POINT('',(-5.,1.2375,0.8));
#9304 = VECTOR('',#9305,1.);
#9305 = DIRECTION('',(1.,0.,-0.));
#9306 = PCURVE('',#7127,#9307);
#9307 = DEFINITIONAL_REPRESENTATION('',(#9308),#9312);
#9308 = LINE('',#9309,#9310);
#9309 = CARTESIAN_POINT('',(0.,3.9875));
#9310 = VECTOR('',#9311,1.);
#9311 = DIRECTION('',(1.,0.));
#9312 = ( GEOMETRIC_REPRESENTATION_CONTEXT(2) 
PARAMETRIC_REPRESENTATION_CONTEXT() REPRESENTATION_CONTEXT('2D SPACE',''
  ) );
#9313 = PCURVE('',#7099,#9314);
#9314 = DEFINITIONAL_REPRESENTATION('',(#9315),#9319);
#9315 = LINE('',#9316,#9317);
#9316 = CARTESIAN_POINT('',(1.6,0.));
#9317 = VECTOR('',#9318,1.);
#9318 = DIRECTION('',(0.,1.));
#9319 = ( GEOMETRIC_REPRESENTATION_CONTEXT(2) 
PARAMETRIC_REPRESENTATION_CONTEXT() REPRESENTATION_CONTEXT('2D SPACE',''
  ) );
#9320 = ORIENTED_EDGE('',*,*,#7374,.F.);
#9321 = ORIENTED_EDGE('',*,*,#9322,.T.);
#9322 = EDGE_CURVE('',#7349,#7595,#9323,.T.);
#9323 = SURFACE_CURVE('',#9324,(#9328,#9335),.PCURVE_S1.);
#9324 = LINE('',#9325,#9326);
#9325 = CARTESIAN_POINT('',(-5.,1.2375,0.8));
#9326 = VECTOR('',#9327,1.);
#9327 = DIRECTION('',(1.,0.,-0.));
#9328 = PCURVE('',#7127,#9329);
#9329 = DEFINITIONAL_REPRESENTATION('',(#9330),#9334);
#9330 = LINE('',#9331,#9332);
#9331 = CARTESIAN_POINT('',(0.,3.9875));
#9332 = VECTOR('',#9333,1.);
#9333 = DIRECTION('',(1.,0.));
#9334 = ( GEOMETRIC_REPRESENTATION_CONTEXT(2) 
PARAMETRIC_REPRESENTATION_CONTEXT() REPRESENTATION_CONTEXT('2D SPACE',''
  ) );
#9335 = PCURVE('',#7363,#9336);
#9336 = DEFINITIONAL_REPRESENTATION('',(#9337),#9341);
#9337 = LINE('',#9338,#9339);
#9338 = CARTESIAN_POINT('',(1.6,0.));
#9339 = VECTOR('',#9340,1.);
#9340 = DIRECTION('',(0.,1.));
#9341 = ( GEOMETRIC_REPRESENTATION_CONTEXT(2) 
PARAMETRIC_REPRESENTATION_CONTEXT() REPRESENTATION_CONTEXT('2D SPACE',''
  ) );
#9342 = ORIENTED_EDGE('',*,*,#7615,.F.);
#9343 = ORIENTED_EDGE('',*,*,#9344,.F.);
#9344 = EDGE_CURVE('',#8002,#7616,#9345,.T.);
#9345 = SURFACE_CURVE('',#9346,(#9350,#9357),.PCURVE_S1.);
#9346 = LINE('',#9347,#9348);
#9347 = CARTESIAN_POINT('',(-5.,2.75,0.8));
#9348 = VECTOR('',#9349,1.);
#9349 = DIRECTION('',(1.,0.,-0.));
#9350 = PCURVE('',#7127,#9351);
#9351 = DEFINITIONAL_REPRESENTATION('',(#9352),#9356);
#9352 = LINE('',#9353,#9354);
#9353 = CARTESIAN_POINT('',(0.,5.5));
#9354 = VECTOR('',#9355,1.);
#9355 = DIRECTION('',(1.,0.));
#9356 = ( GEOMETRIC_REPRESENTATION_CONTEXT(2) 
PARAMETRIC_REPRESENTATION_CONTEXT() REPRESENTATION_CONTEXT('2D SPACE',''
  ) );
#9357 = PCURVE('',#7654,#9358);
#9358 = DEFINITIONAL_REPRESENTATION('',(#9359),#9363);
#9359 = LINE('',#9360,#9361);
#9360 = CARTESIAN_POINT('',(0.,0.));
#9361 = VECTOR('',#9362,1.);
#9362 = DIRECTION('',(0.,1.));
#9363 = ( GEOMETRIC_REPRESENTATION_CONTEXT(2) 
PARAMETRIC_REPRESENTATION_CONTEXT() REPRESENTATION_CONTEXT('2D SPACE',''
  ) );
#9364 = ADVANCED_FACE('',(#9365),#7099,.T.);
#9365 = FACE_BOUND('',#9366,.T.);
#9366 = EDGE_LOOP('',(#9367,#9368,#9369,#9370));
#9367 = ORIENTED_EDGE('',*,*,#7831,.F.);
#9368 = ORIENTED_EDGE('',*,*,#7084,.T.);
#9369 = ORIENTED_EDGE('',*,*,#9300,.T.);
#9370 = ORIENTED_EDGE('',*,*,#7398,.F.);
#9371 = ADVANCED_FACE('',(#9372),#7259,.F.);
#9372 = FACE_BOUND('',#9373,.F.);
#9373 = EDGE_LOOP('',(#9374,#9375,#9376,#9397));
#9374 = ORIENTED_EDGE('',*,*,#9224,.F.);
#9375 = ORIENTED_EDGE('',*,*,#7246,.T.);
#9376 = ORIENTED_EDGE('',*,*,#9377,.T.);
#9377 = EDGE_CURVE('',#7218,#7446,#9378,.T.);
#9378 = SURFACE_CURVE('',#9379,(#9383,#9390),.PCURVE_S1.);
#9379 = LINE('',#9380,#9381);
#9380 = CARTESIAN_POINT('',(-5.,-1.2375,0.8));
#9381 = VECTOR('',#9382,1.);
#9382 = DIRECTION('',(1.,0.,-0.));
#9383 = PCURVE('',#7259,#9384);
#9384 = DEFINITIONAL_REPRESENTATION('',(#9385),#9389);
#9385 = LINE('',#9386,#9387);
#9386 = CARTESIAN_POINT('',(1.6,0.));
#9387 = VECTOR('',#9388,1.);
#9388 = DIRECTION('',(0.,1.));
#9389 = ( GEOMETRIC_REPRESENTATION_CONTEXT(2) 
PARAMETRIC_REPRESENTATION_CONTEXT() REPRESENTATION_CONTEXT('2D SPACE',''
  ) );
#9390 = PCURVE('',#7234,#9391);
#9391 = DEFINITIONAL_REPRESENTATION('',(#9392),#9396);
#9392 = LINE('',#9393,#9394);
#9393 = CARTESIAN_POINT('',(0.,1.5125));
#9394 = VECTOR('',#9395,1.);
#9395 = DIRECTION('',(1.,0.));
#9396 = ( GEOMETRIC_REPRESENTATION_CONTEXT(2) 
PARAMETRIC_REPRESENTATION_CONTEXT() REPRESENTATION_CONTEXT('2D SPACE',''
  ) );
#9397 = ORIENTED_EDGE('',*,*,#7445,.F.);
#9398 = ADVANCED_FACE('',(#9399),#7234,.F.);
#9399 = FACE_BOUND('',#9400,.F.);
#9400 = EDGE_LOOP('',(#9401,#9402,#9423,#9424,#9445,#9446,#9447,#9448));
#9401 = ORIENTED_EDGE('',*,*,#9002,.F.);
#9402 = ORIENTED_EDGE('',*,*,#9403,.T.);
#9403 = EDGE_CURVE('',#9003,#9108,#9404,.T.);
#9404 = SURFACE_CURVE('',#9405,(#9409,#9416),.PCURVE_S1.);
#9405 = LINE('',#9406,#9407);
#9406 = CARTESIAN_POINT('',(-5.,-2.75,0.8));
#9407 = VECTOR('',#9408,1.);
#9408 = DIRECTION('',(1.,0.,-0.));
#9409 = PCURVE('',#7234,#9410);
#9410 = DEFINITIONAL_REPRESENTATION('',(#9411),#9415);
#9411 = LINE('',#9412,#9413);
#9412 = CARTESIAN_POINT('',(0.,0.));
#9413 = VECTOR('',#9414,1.);
#9414 = DIRECTION('',(1.,0.));
#9415 = ( GEOMETRIC_REPRESENTATION_CONTEXT(2) 
PARAMETRIC_REPRESENTATION_CONTEXT() REPRESENTATION_CONTEXT('2D SPACE',''
  ) );
#9416 = PCURVE('',#8393,#9417);
#9417 = DEFINITIONAL_REPRESENTATION('',(#9418),#9422);
#9418 = LINE('',#9419,#9420);
#9419 = CARTESIAN_POINT('',(0.,0.));
#9420 = VECTOR('',#9421,1.);
#9421 = DIRECTION('',(0.,1.));
#9422 = ( GEOMETRIC_REPRESENTATION_CONTEXT(2) 
PARAMETRIC_REPRESENTATION_CONTEXT() REPRESENTATION_CONTEXT('2D SPACE',''
  ) );
#9423 = ORIENTED_EDGE('',*,*,#9128,.F.);
#9424 = ORIENTED_EDGE('',*,*,#9425,.F.);
#9425 = EDGE_CURVE('',#7467,#9129,#9426,.T.);
#9426 = SURFACE_CURVE('',#9427,(#9431,#9438),.PCURVE_S1.);
#9427 = LINE('',#9428,#9429);
#9428 = CARTESIAN_POINT('',(-5.,-1.2375,0.8));
#9429 = VECTOR('',#9430,1.);
#9430 = DIRECTION('',(1.,0.,-0.));
#9431 = PCURVE('',#7234,#9432);
#9432 = DEFINITIONAL_REPRESENTATION('',(#9433),#9437);
#9433 = LINE('',#9434,#9435);
#9434 = CARTESIAN_POINT('',(0.,1.5125));
#9435 = VECTOR('',#9436,1.);
#9436 = DIRECTION('',(1.,0.));
#9437 = ( GEOMETRIC_REPRESENTATION_CONTEXT(2) 
PARAMETRIC_REPRESENTATION_CONTEXT() REPRESENTATION_CONTEXT('2D SPACE',''
  ) );
#9438 = PCURVE('',#7503,#9439);
#9439 = DEFINITIONAL_REPRESENTATION('',(#9440),#9444);
#9440 = LINE('',#9441,#9442);
#9441 = CARTESIAN_POINT('',(1.6,0.));
#9442 = VECTOR('',#9443,1.);
#9443 = DIRECTION('',(0.,1.));
#9444 = ( GEOMETRIC_REPRESENTATION_CONTEXT(2) 
PARAMETRIC_REPRESENTATION_CONTEXT() REPRESENTATION_CONTEXT('2D SPACE',''
  ) );
#9445 = ORIENTED_EDGE('',*,*,#7466,.F.);
#9446 = ORIENTED_EDGE('',*,*,#9377,.F.);
#9447 = ORIENTED_EDGE('',*,*,#7217,.F.);
#9448 = ORIENTED_EDGE('',*,*,#9449,.F.);
#9449 = EDGE_CURVE('',#8982,#7192,#9450,.T.);
#9450 = SURFACE_CURVE('',#9451,(#9455,#9462),.PCURVE_S1.);
#9451 = LINE('',#9452,#9453);
#9452 = CARTESIAN_POINT('',(-5.,-1.2375,0.8));
#9453 = VECTOR('',#9454,1.);
#9454 = DIRECTION('',(1.,0.,-0.));
#9455 = PCURVE('',#7234,#9456);
#9456 = DEFINITIONAL_REPRESENTATION('',(#9457),#9461);
#9457 = LINE('',#9458,#9459);
#9458 = CARTESIAN_POINT('',(0.,1.5125));
#9459 = VECTOR('',#9460,1.);
#9460 = DIRECTION('',(1.,0.));
#9461 = ( GEOMETRIC_REPRESENTATION_CONTEXT(2) 
PARAMETRIC_REPRESENTATION_CONTEXT() REPRESENTATION_CONTEXT('2D SPACE',''
  ) );
#9462 = PCURVE('',#7206,#9463);
#9463 = DEFINITIONAL_REPRESENTATION('',(#9464),#9468);
#9464 = LINE('',#9465,#9466);
#9465 = CARTESIAN_POINT('',(1.6,0.));
#9466 = VECTOR('',#9467,1.);
#9467 = DIRECTION('',(0.,1.));
#9468 = ( GEOMETRIC_REPRESENTATION_CONTEXT(2) 
PARAMETRIC_REPRESENTATION_CONTEXT() REPRESENTATION_CONTEXT('2D SPACE',''
  ) );
#9469 = ADVANCED_FACE('',(#9470),#7206,.F.);
#9470 = FACE_BOUND('',#9471,.F.);
#9471 = EDGE_LOOP('',(#9472,#9473,#9474,#9475));
#9472 = ORIENTED_EDGE('',*,*,#9246,.F.);
#9473 = ORIENTED_EDGE('',*,*,#8981,.T.);
#9474 = ORIENTED_EDGE('',*,*,#9449,.T.);
#9475 = ORIENTED_EDGE('',*,*,#7191,.F.);
#9476 = ADVANCED_FACE('',(#9477),#7363,.T.);
#9477 = FACE_BOUND('',#9478,.T.);
#9478 = EDGE_LOOP('',(#9479,#9480,#9481,#9482));
#9479 = ORIENTED_EDGE('',*,*,#7853,.F.);
#9480 = ORIENTED_EDGE('',*,*,#7348,.T.);
#9481 = ORIENTED_EDGE('',*,*,#9322,.T.);
#9482 = ORIENTED_EDGE('',*,*,#7594,.F.);
#9483 = ADVANCED_FACE('',(#9484),#7503,.F.);
#9484 = FACE_BOUND('',#9485,.F.);
#9485 = EDGE_LOOP('',(#9486,#9487,#9488,#9489));
#9486 = ORIENTED_EDGE('',*,*,#9202,.F.);
#9487 = ORIENTED_EDGE('',*,*,#7490,.T.);
#9488 = ORIENTED_EDGE('',*,*,#9425,.T.);
#9489 = ORIENTED_EDGE('',*,*,#9152,.F.);
#9490 = ADVANCED_FACE('',(#9491),#7682,.T.);
#9491 = FACE_BOUND('',#9492,.T.);
#9492 = EDGE_LOOP('',(#9493,#9494,#9495,#9520));
#9493 = ORIENTED_EDGE('',*,*,#8726,.F.);
#9494 = ORIENTED_EDGE('',*,*,#7665,.T.);
#9495 = ORIENTED_EDGE('',*,*,#9496,.F.);
#9496 = EDGE_CURVE('',#8255,#7640,#9497,.T.);
#9497 = SURFACE_CURVE('',#9498,(#9503,#9513),.PCURVE_S1.);
#9498 = HYPERBOLA('',#9499,2.75,2.75);
#9499 = AXIS2_PLACEMENT_3D('',#9500,#9501,#9502);
#9500 = CARTESIAN_POINT('',(20.,2.75,6.4));
#9501 = DIRECTION('',(0.,1.,0.));
#9502 = DIRECTION('',(-0.,0.,-1.));
#9503 = PCURVE('',#7682,#9504);
#9504 = DEFINITIONAL_REPRESENTATION('',(#9505),#9512);
#9505 = B_SPLINE_CURVE_WITH_KNOTS('',5,(#9506,#9507,#9508,#9509,#9510,
    #9511),.UNSPECIFIED.,.F.,.F.,(6,6),(1.046967915003,1.204971208168),
  .PIECEWISE_BEZIER_KNOTS.);
#9506 = CARTESIAN_POINT('',(-2.466461120653,-0.6));
#9507 = CARTESIAN_POINT('',(-2.486211532298,-0.491459672549));
#9508 = CARTESIAN_POINT('',(-2.505352932484,-0.377427038356));
#9509 = CARTESIAN_POINT('',(-2.523894317204,-0.257676273539));
#9510 = CARTESIAN_POINT('',(-2.541848053473,-0.131958765734));
#9511 = CARTESIAN_POINT('',(-2.559228415721,-1.554312234475E-15));
#9512 = ( GEOMETRIC_REPRESENTATION_CONTEXT(2) 
PARAMETRIC_REPRESENTATION_CONTEXT() REPRESENTATION_CONTEXT('2D SPACE',''
  ) );
#9513 = PCURVE('',#7654,#9514);
#9514 = DEFINITIONAL_REPRESENTATION('',(#9515),#9519);
#9515 = ( BOUNDED_CURVE() B_SPLINE_CURVE(2,(#9516,#9517,#9518),
.UNSPECIFIED.,.F.,.F.) B_SPLINE_CURVE_WITH_KNOTS((3,3),(1.046967915003,
1.204971208168),.PIECEWISE_BEZIER_KNOTS.) CURVE() 
GEOMETRIC_REPRESENTATION_ITEM() RATIONAL_B_SPLINE_CURVE((1.,
1.003122253474,1.)) REPRESENTATION_ITEM('') );
#9516 = CARTESIAN_POINT('',(1.2,21.565251100881));
#9517 = CARTESIAN_POINT('',(0.929212299272,21.218365224156));
#9518 = CARTESIAN_POINT('',(0.6,20.824176727877));
#9519 = ( GEOMETRIC_REPRESENTATION_CONTEXT(2) 
PARAMETRIC_REPRESENTATION_CONTEXT() REPRESENTATION_CONTEXT('2D SPACE',''
  ) );
#9520 = ORIENTED_EDGE('',*,*,#8254,.F.);
#9521 = ADVANCED_FACE('',(#9522),#7654,.T.);
#9522 = FACE_BOUND('',#9523,.T.);
#9523 = EDGE_LOOP('',(#9524,#9525,#9526,#9551,#9552,#9553));
#9524 = ORIENTED_EDGE('',*,*,#9344,.F.);
#9525 = ORIENTED_EDGE('',*,*,#8001,.T.);
#9526 = ORIENTED_EDGE('',*,*,#9527,.T.);
#9527 = EDGE_CURVE('',#7973,#8279,#9528,.T.);
#9528 = SURFACE_CURVE('',#9529,(#9534,#9541),.PCURVE_S1.);
#9529 = HYPERBOLA('',#9530,2.75,2.75);
#9530 = AXIS2_PLACEMENT_3D('',#9531,#9532,#9533);
#9531 = CARTESIAN_POINT('',(0.,2.75,6.4));
#9532 = DIRECTION('',(0.,1.,0.));
#9533 = DIRECTION('',(-0.,0.,-1.));
#9534 = PCURVE('',#7654,#9535);
#9535 = DEFINITIONAL_REPRESENTATION('',(#9536),#9540);
#9536 = ( BOUNDED_CURVE() B_SPLINE_CURVE(2,(#9537,#9538,#9539),
.UNSPECIFIED.,.F.,.F.) B_SPLINE_CURVE_WITH_KNOTS((3,3),(-1.204971208168,
-1.046967915003),.PIECEWISE_BEZIER_KNOTS.) CURVE() 
GEOMETRIC_REPRESENTATION_ITEM() RATIONAL_B_SPLINE_CURVE((1.,
1.003122253474,1.)) REPRESENTATION_ITEM('') );
#9537 = CARTESIAN_POINT('',(0.6,9.175823272123));
#9538 = CARTESIAN_POINT('',(0.929212299272,8.781634775844));
#9539 = CARTESIAN_POINT('',(1.2,8.434748899119));
#9540 = ( GEOMETRIC_REPRESENTATION_CONTEXT(2) 
PARAMETRIC_REPRESENTATION_CONTEXT() REPRESENTATION_CONTEXT('2D SPACE',''
  ) );
#9541 = PCURVE('',#7989,#9542);
#9542 = DEFINITIONAL_REPRESENTATION('',(#9543),#9550);
#9543 = B_SPLINE_CURVE_WITH_KNOTS('',5,(#9544,#9545,#9546,#9547,#9548,
    #9549),.UNSPECIFIED.,.F.,.F.,(6,6),(-1.204971208168,-1.046967915003)
  ,.PIECEWISE_BEZIER_KNOTS.);
#9544 = CARTESIAN_POINT('',(-0.582364237869,-6.661338147751E-16));
#9545 = CARTESIAN_POINT('',(-0.599744600117,-0.131958765734));
#9546 = CARTESIAN_POINT('',(-0.617698336386,-0.257676273539));
#9547 = CARTESIAN_POINT('',(-0.636239721106,-0.377427038356));
#9548 = CARTESIAN_POINT('',(-0.655381121291,-0.491459672549));
#9549 = CARTESIAN_POINT('',(-0.675131532937,-0.6));
#9550 = ( GEOMETRIC_REPRESENTATION_CONTEXT(2) 
PARAMETRIC_REPRESENTATION_CONTEXT() REPRESENTATION_CONTEXT('2D SPACE',''
  ) );
#9551 = ORIENTED_EDGE('',*,*,#8278,.T.);
#9552 = ORIENTED_EDGE('',*,*,#9496,.T.);
#9553 = ORIENTED_EDGE('',*,*,#7639,.F.);
#9554 = ADVANCED_FACE('',(#9555),#7989,.T.);
#9555 = FACE_BOUND('',#9556,.T.);
#9556 = EDGE_LOOP('',(#9557,#9558,#9559,#9560));
#9557 = ORIENTED_EDGE('',*,*,#9527,.F.);
#9558 = ORIENTED_EDGE('',*,*,#7972,.T.);
#9559 = ORIENTED_EDGE('',*,*,#8202,.F.);
#9560 = ORIENTED_EDGE('',*,*,#8301,.F.);
#9561 = ADVANCED_FACE('',(#9562),#8422,.T.);
#9562 = FACE_BOUND('',#9563,.T.);
#9563 = EDGE_LOOP('',(#9564,#9565,#9566,#9567));
#9564 = ORIENTED_EDGE('',*,*,#9083,.T.);
#9565 = ORIENTED_EDGE('',*,*,#8800,.T.);
#9566 = ORIENTED_EDGE('',*,*,#8405,.F.);
#9567 = ORIENTED_EDGE('',*,*,#9568,.T.);
#9568 = EDGE_CURVE('',#8378,#9084,#9569,.T.);
#9569 = SURFACE_CURVE('',#9570,(#9575,#9585),.PCURVE_S1.);
#9570 = HYPERBOLA('',#9571,2.75,2.75);
#9571 = AXIS2_PLACEMENT_3D('',#9572,#9573,#9574);
#9572 = CARTESIAN_POINT('',(20.,-2.75,6.4));
#9573 = DIRECTION('',(0.,1.,0.));
#9574 = DIRECTION('',(-0.,0.,-1.));
#9575 = PCURVE('',#8422,#9576);
#9576 = DEFINITIONAL_REPRESENTATION('',(#9577),#9584);
#9577 = B_SPLINE_CURVE_WITH_KNOTS('',5,(#9578,#9579,#9580,#9581,#9582,
    #9583),.UNSPECIFIED.,.F.,.F.,(6,6),(1.046967915003,1.204971208168),
  .PIECEWISE_BEZIER_KNOTS.);
#9578 = CARTESIAN_POINT('',(-3.816724186527,-0.6));
#9579 = CARTESIAN_POINT('',(-3.796973774881,-0.491459672549));
#9580 = CARTESIAN_POINT('',(-3.777832374696,-0.377427038356));
#9581 = CARTESIAN_POINT('',(-3.759290989976,-0.257676273539));
#9582 = CARTESIAN_POINT('',(-3.741337253707,-0.131958765734));
#9583 = CARTESIAN_POINT('',(-3.723956891459,1.110223024625E-15));
#9584 = ( GEOMETRIC_REPRESENTATION_CONTEXT(2) 
PARAMETRIC_REPRESENTATION_CONTEXT() REPRESENTATION_CONTEXT('2D SPACE',''
  ) );
#9585 = PCURVE('',#8393,#9586);
#9586 = DEFINITIONAL_REPRESENTATION('',(#9587),#9591);
#9587 = ( BOUNDED_CURVE() B_SPLINE_CURVE(2,(#9588,#9589,#9590),
.UNSPECIFIED.,.F.,.F.) B_SPLINE_CURVE_WITH_KNOTS((3,3),(1.046967915003,
1.204971208168),.PIECEWISE_BEZIER_KNOTS.) CURVE() 
GEOMETRIC_REPRESENTATION_ITEM() RATIONAL_B_SPLINE_CURVE((1.,
1.003122253474,1.)) REPRESENTATION_ITEM('') );
#9588 = CARTESIAN_POINT('',(1.2,21.565251100881));
#9589 = CARTESIAN_POINT('',(0.929212299272,21.218365224156));
#9590 = CARTESIAN_POINT('',(0.6,20.824176727877));
#9591 = ( GEOMETRIC_REPRESENTATION_CONTEXT(2) 
PARAMETRIC_REPRESENTATION_CONTEXT() REPRESENTATION_CONTEXT('2D SPACE',''
  ) );
#9592 = ADVANCED_FACE('',(#9593),#8393,.F.);
#9593 = FACE_BOUND('',#9594,.F.);
#9594 = EDGE_LOOP('',(#9595,#9596,#9597,#9622,#9623,#9624));
#9595 = ORIENTED_EDGE('',*,*,#9403,.F.);
#9596 = ORIENTED_EDGE('',*,*,#9026,.T.);
#9597 = ORIENTED_EDGE('',*,*,#9598,.T.);
#9598 = EDGE_CURVE('',#9027,#8349,#9599,.T.);
#9599 = SURFACE_CURVE('',#9600,(#9605,#9612),.PCURVE_S1.);
#9600 = HYPERBOLA('',#9601,2.75,2.75);
#9601 = AXIS2_PLACEMENT_3D('',#9602,#9603,#9604);
#9602 = CARTESIAN_POINT('',(0.,-2.75,6.4));
#9603 = DIRECTION('',(0.,1.,0.));
#9604 = DIRECTION('',(-0.,0.,-1.));
#9605 = PCURVE('',#8393,#9606);
#9606 = DEFINITIONAL_REPRESENTATION('',(#9607),#9611);
#9607 = ( BOUNDED_CURVE() B_SPLINE_CURVE(2,(#9608,#9609,#9610),
.UNSPECIFIED.,.F.,.F.) B_SPLINE_CURVE_WITH_KNOTS((3,3),(-1.204971208168,
-1.046967915003),.PIECEWISE_BEZIER_KNOTS.) CURVE() 
GEOMETRIC_REPRESENTATION_ITEM() RATIONAL_B_SPLINE_CURVE((1.,
1.003122253474,1.)) REPRESENTATION_ITEM('') );
#9608 = CARTESIAN_POINT('',(0.6,9.175823272123));
#9609 = CARTESIAN_POINT('',(0.929212299272,8.781634775844));
#9610 = CARTESIAN_POINT('',(1.2,8.434748899119));
#9611 = ( GEOMETRIC_REPRESENTATION_CONTEXT(2) 
PARAMETRIC_REPRESENTATION_CONTEXT() REPRESENTATION_CONTEXT('2D SPACE',''
  ) );
#9612 = PCURVE('',#8365,#9613);
#9613 = DEFINITIONAL_REPRESENTATION('',(#9614),#9621);
#9614 = B_SPLINE_CURVE_WITH_KNOTS('',5,(#9615,#9616,#9617,#9618,#9619,
    #9620),.UNSPECIFIED.,.F.,.F.,(6,6),(-1.204971208168,-1.046967915003)
  ,.PIECEWISE_BEZIER_KNOTS.);
#9615 = CARTESIAN_POINT('',(-5.700821069311,-6.661338147751E-16));
#9616 = CARTESIAN_POINT('',(-5.683440707063,-0.131958765734));
#9617 = CARTESIAN_POINT('',(-5.665486970793,-0.257676273539));
#9618 = CARTESIAN_POINT('',(-5.646945586074,-0.377427038356));
#9619 = CARTESIAN_POINT('',(-5.627804185888,-0.491459672549));
#9620 = CARTESIAN_POINT('',(-5.608053774243,-0.6));
#9621 = ( GEOMETRIC_REPRESENTATION_CONTEXT(2) 
PARAMETRIC_REPRESENTATION_CONTEXT() REPRESENTATION_CONTEXT('2D SPACE',''
  ) );
#9622 = ORIENTED_EDGE('',*,*,#8377,.T.);
#9623 = ORIENTED_EDGE('',*,*,#9568,.T.);
#9624 = ORIENTED_EDGE('',*,*,#9107,.F.);
#9625 = ADVANCED_FACE('',(#9626),#8365,.T.);
#9626 = FACE_BOUND('',#9627,.T.);
#9627 = EDGE_LOOP('',(#9628,#9629,#9630,#9631));
#9628 = ORIENTED_EDGE('',*,*,#9047,.T.);
#9629 = ORIENTED_EDGE('',*,*,#9598,.T.);
#9630 = ORIENTED_EDGE('',*,*,#8348,.F.);
#9631 = ORIENTED_EDGE('',*,*,#8496,.T.);
#9632 = ( GEOMETRIC_REPRESENTATION_CONTEXT(3) 
GLOBAL_UNCERTAINTY_ASSIGNED_CONTEXT((#9636)) 
GLOBAL_UNIT_ASSIGNED_CONTEXT((#9633,#9634,#9635)) REPRESENTATION_CONTEXT
('Context #1','3D Context with UNIT and UNCERTAINTY') );
#9633 = ( LENGTH_UNIT() NAMED_UNIT(*) SI_UNIT(.MILLI.,.METRE.) );
#9634 = ( NAMED_UNIT(*) PLANE_ANGLE_UNIT() SI_UNIT($,.RADIAN.) );
#9635 = ( NAMED_UNIT(*) SI_UNIT($,.STERADIAN.) SOLID_ANGLE_UNIT() );
#9636 = UNCERTAINTY_MEASURE_WITH_UNIT(LENGTH_MEASURE(5.E-07),#9633,
  'distance_accuracy_value','confusion accuracy');
#9637 = CONTEXT_DEPENDENT_SHAPE_REPRESENTATION(#9638,#9640);
#9638 = ( REPRESENTATION_RELATIONSHIP('','',#5205,#10) 
REPRESENTATION_RELATIONSHIP_WITH_TRANSFORMATION(#9639) 
SHAPE_REPRESENTATION_RELATIONSHIP() );
#9639 = ITEM_DEFINED_TRANSFORMATION('','',#11,#35);
#9640 = PRODUCT_DEFINITION_SHAPE('Placement','Placement of an item',
  #9641);
#9641 = NEXT_ASSEMBLY_USAGE_OCCURRENCE('6','Crank','',#5,#5200,$);
#9642 = PRODUCT_RELATED_PRODUCT_CATEGORY('part',$,(#5202));
#9643 = SHAPE_DEFINITION_REPRESENTATION(#9644,#9650);
#9644 = PRODUCT_DEFINITION_SHAPE('','',#9645);
#9645 = PRODUCT_DEFINITION('design','',#9646,#9649);
#9646 = PRODUCT_DEFINITION_FORMATION('','',#9647);
#9647 = PRODUCT('ground span','ground span','',(#9648));
#9648 = PRODUCT_CONTEXT('',#2,'mechanical');
#9649 = PRODUCT_DEFINITION_CONTEXT('part definition',#2,'design');
#9650 = ADVANCED_BREP_SHAPE_REPRESENTATION('',(#11,#9651),#14077);
#9651 = MANIFOLD_SOLID_BREP('',#9652);
#9652 = CLOSED_SHELL('',(#9653,#10125,#10261,#10315,#10369,#10444,#10519
    ,#10792,#11060,#11139,#11218,#11272,#11326,#11400,#11450,#11714,
    #11958,#12008,#12226,#12320,#12510,#12537,#12564,#12591,#12618,
    #12672,#12912,#12986,#13036,#13083,#13111,#13138,#13165,#13197,
    #13271,#13321,#13368,#13396,#13518,#13640,#13711,#13738,#13809,
    #13816,#13843,#13914,#13921,#13928,#13935,#13966,#13999,#14006,
    #14037,#14070));
#9653 = ADVANCED_FACE('',(#9654,#10001,#10032,#10063,#10094),#9668,.F.);
#9654 = FACE_BOUND('',#9655,.F.);
#9655 = EDGE_LOOP('',(#9656,#9691,#9720,#9748,#9776,#9804,#9833,#9861,
    #9890,#9918,#9946,#9974));
#9656 = ORIENTED_EDGE('',*,*,#9657,.F.);
#9657 = EDGE_CURVE('',#9658,#9660,#9662,.T.);
#9658 = VERTEX_POINT('',#9659);
#9659 = CARTESIAN_POINT('',(3.434748899119,2.75,-2.));
#9660 = VERTEX_POINT('',#9661);
#9661 = CARTESIAN_POINT('',(36.565251100881,2.75,-2.));
#9662 = SURFACE_CURVE('',#9663,(#9667,#9679),.PCURVE_S1.);
#9663 = LINE('',#9664,#9665);
#9664 = CARTESIAN_POINT('',(-5.,2.75,-2.));
#9665 = VECTOR('',#9666,1.);
#9666 = DIRECTION('',(1.,0.,-0.));
#9667 = PCURVE('',#9668,#9673);
#9668 = PLANE('',#9669);
#9669 = AXIS2_PLACEMENT_3D('',#9670,#9671,#9672);
#9670 = CARTESIAN_POINT('',(0.,0.,-2.));
#9671 = DIRECTION('',(0.,0.,1.));
#9672 = DIRECTION('',(1.,0.,-0.));
#9673 = DEFINITIONAL_REPRESENTATION('',(#9674),#9678);
#9674 = LINE('',#9675,#9676);
#9675 = CARTESIAN_POINT('',(-5.,2.75));
#9676 = VECTOR('',#9677,1.);
#9677 = DIRECTION('',(1.,0.));
#9678 = ( GEOMETRIC_REPRESENTATION_CONTEXT(2) 
PARAMETRIC_REPRESENTATION_CONTEXT() REPRESENTATION_CONTEXT('2D SPACE',''
  ) );
#9679 = PCURVE('',#9680,#9685);
#9680 = PLANE('',#9681);
#9681 = AXIS2_PLACEMENT_3D('',#9682,#9683,#9684);
#9682 = CARTESIAN_POINT('',(-5.,2.75,-2.));
#9683 = DIRECTION('',(-0.,1.,0.));
#9684 = DIRECTION('',(0.,0.,1.));
#9685 = DEFINITIONAL_REPRESENTATION('',(#9686),#9690);
#9686 = LINE('',#9687,#9688);
#9687 = CARTESIAN_POINT('',(0.,0.));
#9688 = VECTOR('',#9689,1.);
#9689 = DIRECTION('',(0.,1.));
#9690 = ( GEOMETRIC_REPRESENTATION_CONTEXT(2) 
PARAMETRIC_REPRESENTATION_CONTEXT() REPRESENTATION_CONTEXT('2D SPACE',''
  ) );
#9691 = ORIENTED_EDGE('',*,*,#9692,.T.);
#9692 = EDGE_CURVE('',#9658,#9693,#9695,.T.);
#9693 = VERTEX_POINT('',#9694);
#9694 = CARTESIAN_POINT('',(-3.434748899119,2.75,-2.));
#9695 = SURFACE_CURVE('',#9696,(#9701,#9708),.PCURVE_S1.);
#9696 = CIRCLE('',#9697,4.4);
#9697 = AXIS2_PLACEMENT_3D('',#9698,#9699,#9700);
#9698 = CARTESIAN_POINT('',(0.,0.,-2.));
#9699 = DIRECTION('',(0.,0.,1.));
#9700 = DIRECTION('',(1.,0.,-0.));
#9701 = PCURVE('',#9668,#9702);
#9702 = DEFINITIONAL_REPRESENTATION('',(#9703),#9707);
#9703 = CIRCLE('',#9704,4.4);
#9704 = AXIS2_PLACEMENT_2D('',#9705,#9706);
#9705 = CARTESIAN_POINT('',(0.,0.));
#9706 = DIRECTION('',(1.,0.));
#9707 = ( GEOMETRIC_REPRESENTATION_CONTEXT(2) 
PARAMETRIC_REPRESENTATION_CONTEXT() REPRESENTATION_CONTEXT('2D SPACE',''
  ) );
#9708 = PCURVE('',#9709,#9714);
#9709 = CONICAL_SURFACE('',#9710,5.,0.785398163397);
#9710 = AXIS2_PLACEMENT_3D('',#9711,#9712,#9713);
#9711 = CARTESIAN_POINT('',(0.,0.,-1.4));
#9712 = DIRECTION('',(0.,0.,1.));
#9713 = DIRECTION('',(1.,0.,-0.));
#9714 = DEFINITIONAL_REPRESENTATION('',(#9715),#9719);
#9715 = LINE('',#9716,#9717);
#9716 = CARTESIAN_POINT('',(0.,-0.6));
#9717 = VECTOR('',#9718,1.);
#9718 = DIRECTION('',(1.,-0.));
#9719 = ( GEOMETRIC_REPRESENTATION_CONTEXT(2) 
PARAMETRIC_REPRESENTATION_CONTEXT() REPRESENTATION_CONTEXT('2D SPACE',''
  ) );
#9720 = ORIENTED_EDGE('',*,*,#9721,.F.);
#9721 = EDGE_CURVE('',#9722,#9693,#9724,.T.);
#9722 = VERTEX_POINT('',#9723);
#9723 = CARTESIAN_POINT('',(-5.,2.75,-2.));
#9724 = SURFACE_CURVE('',#9725,(#9729,#9736),.PCURVE_S1.);
#9725 = LINE('',#9726,#9727);
#9726 = CARTESIAN_POINT('',(-5.,2.75,-2.));
#9727 = VECTOR('',#9728,1.);
#9728 = DIRECTION('',(1.,0.,-0.));
#9729 = PCURVE('',#9668,#9730);
#9730 = DEFINITIONAL_REPRESENTATION('',(#9731),#9735);
#9731 = LINE('',#9732,#9733);
#9732 = CARTESIAN_POINT('',(-5.,2.75));
#9733 = VECTOR('',#9734,1.);
#9734 = DIRECTION('',(1.,0.));
#9735 = ( GEOMETRIC_REPRESENTATION_CONTEXT(2) 
PARAMETRIC_REPRESENTATION_CONTEXT() REPRESENTATION_CONTEXT('2D SPACE',''
  ) );
#9736 = PCURVE('',#9737,#9742);
#9737 = PLANE('',#9738);
#9738 = AXIS2_PLACEMENT_3D('',#9739,#9740,#9741);
#9739 = CARTESIAN_POINT('',(-5.,2.75,-2.));
#9740 = DIRECTION('',(-0.,1.,0.));
#9741 = DIRECTION('',(0.,0.,1.));
#9742 = DEFINITIONAL_REPRESENTATION('',(#9743),#9747);
#9743 = LINE('',#9744,#9745);
#9744 = CARTESIAN_POINT('',(0.,0.));
#9745 = VECTOR('',#9746,1.);
#9746 = DIRECTION('',(0.,1.));
#9747 = ( GEOMETRIC_REPRESENTATION_CONTEXT(2) 
PARAMETRIC_REPRESENTATION_CONTEXT() REPRESENTATION_CONTEXT('2D SPACE',''
  ) );
#9748 = ORIENTED_EDGE('',*,*,#9749,.F.);
#9749 = EDGE_CURVE('',#9750,#9722,#9752,.T.);
#9750 = VERTEX_POINT('',#9751);
#9751 = CARTESIAN_POINT('',(-5.,-2.75,-2.));
#9752 = SURFACE_CURVE('',#9753,(#9757,#9764),.PCURVE_S1.);
#9753 = LINE('',#9754,#9755);
#9754 = CARTESIAN_POINT('',(-5.,-2.75,-2.));
#9755 = VECTOR('',#9756,1.);
#9756 = DIRECTION('',(-0.,1.,0.));
#9757 = PCURVE('',#9668,#9758);
#9758 = DEFINITIONAL_REPRESENTATION('',(#9759),#9763);
#9759 = LINE('',#9760,#9761);
#9760 = CARTESIAN_POINT('',(-5.,-2.75));
#9761 = VECTOR('',#9762,1.);
#9762 = DIRECTION('',(0.,1.));
#9763 = ( GEOMETRIC_REPRESENTATION_CONTEXT(2) 
PARAMETRIC_REPRESENTATION_CONTEXT() REPRESENTATION_CONTEXT('2D SPACE',''
  ) );
#9764 = PCURVE('',#9765,#9770);
#9765 = PLANE('',#9766);
#9766 = AXIS2_PLACEMENT_3D('',#9767,#9768,#9769);
#9767 = CARTESIAN_POINT('',(-5.,-2.75,-2.));
#9768 = DIRECTION('',(1.,0.,-0.));
#9769 = DIRECTION('',(0.,0.,1.));
#9770 = DEFINITIONAL_REPRESENTATION('',(#9771),#9775);
#9771 = LINE('',#9772,#9773);
#9772 = CARTESIAN_POINT('',(0.,0.));
#9773 = VECTOR('',#9774,1.);
#9774 = DIRECTION('',(0.,-1.));
#9775 = ( GEOMETRIC_REPRESENTATION_CONTEXT(2) 
PARAMETRIC_REPRESENTATION_CONTEXT() REPRESENTATION_CONTEXT('2D SPACE',''
  ) );
#9776 = ORIENTED_EDGE('',*,*,#9777,.T.);
#9777 = EDGE_CURVE('',#9750,#9778,#9780,.T.);
#9778 = VERTEX_POINT('',#9779);
#9779 = CARTESIAN_POINT('',(-3.434748899119,-2.75,-2.));
#9780 = SURFACE_CURVE('',#9781,(#9785,#9792),.PCURVE_S1.);
#9781 = LINE('',#9782,#9783);
#9782 = CARTESIAN_POINT('',(-5.,-2.75,-2.));
#9783 = VECTOR('',#9784,1.);
#9784 = DIRECTION('',(1.,0.,-0.));
#9785 = PCURVE('',#9668,#9786);
#9786 = DEFINITIONAL_REPRESENTATION('',(#9787),#9791);
#9787 = LINE('',#9788,#9789);
#9788 = CARTESIAN_POINT('',(-5.,-2.75));
#9789 = VECTOR('',#9790,1.);
#9790 = DIRECTION('',(1.,0.));
#9791 = ( GEOMETRIC_REPRESENTATION_CONTEXT(2) 
PARAMETRIC_REPRESENTATION_CONTEXT() REPRESENTATION_CONTEXT('2D SPACE',''
  ) );
#9792 = PCURVE('',#9793,#9798);
#9793 = PLANE('',#9794);
#9794 = AXIS2_PLACEMENT_3D('',#9795,#9796,#9797);
#9795 = CARTESIAN_POINT('',(-5.,-2.75,-2.));
#9796 = DIRECTION('',(-0.,1.,0.));
#9797 = DIRECTION('',(0.,0.,1.));
#9798 = DEFINITIONAL_REPRESENTATION('',(#9799),#9803);
#9799 = LINE('',#9800,#9801);
#9800 = CARTESIAN_POINT('',(0.,0.));
#9801 = VECTOR('',#9802,1.);
#9802 = DIRECTION('',(0.,1.));
#9803 = ( GEOMETRIC_REPRESENTATION_CONTEXT(2) 
PARAMETRIC_REPRESENTATION_CONTEXT() REPRESENTATION_CONTEXT('2D SPACE',''
  ) );
#9804 = ORIENTED_EDGE('',*,*,#9805,.T.);
#9805 = EDGE_CURVE('',#9778,#9806,#9808,.T.);
#9806 = VERTEX_POINT('',#9807);
#9807 = CARTESIAN_POINT('',(3.434748899119,-2.75,-2.));
#9808 = SURFACE_CURVE('',#9809,(#9814,#9821),.PCURVE_S1.);
#9809 = CIRCLE('',#9810,4.4);
#9810 = AXIS2_PLACEMENT_3D('',#9811,#9812,#9813);
#9811 = CARTESIAN_POINT('',(0.,0.,-2.));
#9812 = DIRECTION('',(0.,0.,1.));
#9813 = DIRECTION('',(1.,0.,-0.));
#9814 = PCURVE('',#9668,#9815);
#9815 = DEFINITIONAL_REPRESENTATION('',(#9816),#9820);
#9816 = CIRCLE('',#9817,4.4);
#9817 = AXIS2_PLACEMENT_2D('',#9818,#9819);
#9818 = CARTESIAN_POINT('',(0.,0.));
#9819 = DIRECTION('',(1.,0.));
#9820 = ( GEOMETRIC_REPRESENTATION_CONTEXT(2) 
PARAMETRIC_REPRESENTATION_CONTEXT() REPRESENTATION_CONTEXT('2D SPACE',''
  ) );
#9821 = PCURVE('',#9822,#9827);
#9822 = CONICAL_SURFACE('',#9823,5.,0.785398163397);
#9823 = AXIS2_PLACEMENT_3D('',#9824,#9825,#9826);
#9824 = CARTESIAN_POINT('',(0.,0.,-1.4));
#9825 = DIRECTION('',(0.,0.,1.));
#9826 = DIRECTION('',(1.,0.,-0.));
#9827 = DEFINITIONAL_REPRESENTATION('',(#9828),#9832);
#9828 = LINE('',#9829,#9830);
#9829 = CARTESIAN_POINT('',(0.,-0.6));
#9830 = VECTOR('',#9831,1.);
#9831 = DIRECTION('',(1.,-0.));
#9832 = ( GEOMETRIC_REPRESENTATION_CONTEXT(2) 
PARAMETRIC_REPRESENTATION_CONTEXT() REPRESENTATION_CONTEXT('2D SPACE',''
  ) );
#9833 = ORIENTED_EDGE('',*,*,#9834,.T.);
#9834 = EDGE_CURVE('',#9806,#9835,#9837,.T.);
#9835 = VERTEX_POINT('',#9836);
#9836 = CARTESIAN_POINT('',(36.565251100881,-2.75,-2.));
#9837 = SURFACE_CURVE('',#9838,(#9842,#9849),.PCURVE_S1.);
#9838 = LINE('',#9839,#9840);
#9839 = CARTESIAN_POINT('',(-5.,-2.75,-2.));
#9840 = VECTOR('',#9841,1.);
#9841 = DIRECTION('',(1.,0.,-0.));
#9842 = PCURVE('',#9668,#9843);
#9843 = DEFINITIONAL_REPRESENTATION('',(#9844),#9848);
#9844 = LINE('',#9845,#9846);
#9845 = CARTESIAN_POINT('',(-5.,-2.75));
#9846 = VECTOR('',#9847,1.);
#9847 = DIRECTION('',(1.,0.));
#9848 = ( GEOMETRIC_REPRESENTATION_CONTEXT(2) 
PARAMETRIC_REPRESENTATION_CONTEXT() REPRESENTATION_CONTEXT('2D SPACE',''
  ) );
#9849 = PCURVE('',#9850,#9855);
#9850 = PLANE('',#9851);
#9851 = AXIS2_PLACEMENT_3D('',#9852,#9853,#9854);
#9852 = CARTESIAN_POINT('',(-5.,-2.75,-2.));
#9853 = DIRECTION('',(-0.,1.,0.));
#9854 = DIRECTION('',(0.,0.,1.));
#9855 = DEFINITIONAL_REPRESENTATION('',(#9856),#9860);
#9856 = LINE('',#9857,#9858);
#9857 = CARTESIAN_POINT('',(0.,0.));
#9858 = VECTOR('',#9859,1.);
#9859 = DIRECTION('',(0.,1.));
#9860 = ( GEOMETRIC_REPRESENTATION_CONTEXT(2) 
PARAMETRIC_REPRESENTATION_CONTEXT() REPRESENTATION_CONTEXT('2D SPACE',''
  ) );
#9861 = ORIENTED_EDGE('',*,*,#9862,.T.);
#9862 = EDGE_CURVE('',#9835,#9863,#9865,.T.);
#9863 = VERTEX_POINT('',#9864);
#9864 = CARTESIAN_POINT('',(43.434748899119,-2.75,-2.));
#9865 = SURFACE_CURVE('',#9866,(#9871,#9878),.PCURVE_S1.);
#9866 = CIRCLE('',#9867,4.4);
#9867 = AXIS2_PLACEMENT_3D('',#9868,#9869,#9870);
#9868 = CARTESIAN_POINT('',(40.,0.,-2.));
#9869 = DIRECTION('',(0.,0.,1.));
#9870 = DIRECTION('',(1.,0.,-0.));
#9871 = PCURVE('',#9668,#9872);
#9872 = DEFINITIONAL_REPRESENTATION('',(#9873),#9877);
#9873 = CIRCLE('',#9874,4.4);
#9874 = AXIS2_PLACEMENT_2D('',#9875,#9876);
#9875 = CARTESIAN_POINT('',(40.,0.));
#9876 = DIRECTION('',(1.,0.));
#9877 = ( GEOMETRIC_REPRESENTATION_CONTEXT(2) 
PARAMETRIC_REPRESENTATION_CONTEXT() REPRESENTATION_CONTEXT('2D SPACE',''
  ) );
#9878 = PCURVE('',#9879,#9884);
#9879 = CONICAL_SURFACE('',#9880,5.,0.785398163397);
#9880 = AXIS2_PLACEMENT_3D('',#9881,#9882,#9883);
#9881 = CARTESIAN_POINT('',(40.,0.,-1.4));
#9882 = DIRECTION('',(0.,0.,1.));
#9883 = DIRECTION('',(1.,0.,-0.));
#9884 = DEFINITIONAL_REPRESENTATION('',(#9885),#9889);
#9885 = LINE('',#9886,#9887);
#9886 = CARTESIAN_POINT('',(0.,-0.6));
#9887 = VECTOR('',#9888,1.);
#9888 = DIRECTION('',(1.,-0.));
#9889 = ( GEOMETRIC_REPRESENTATION_CONTEXT(2) 
PARAMETRIC_REPRESENTATION_CONTEXT() REPRESENTATION_CONTEXT('2D SPACE',''
  ) );
#9890 = ORIENTED_EDGE('',*,*,#9891,.T.);
#9891 = EDGE_CURVE('',#9863,#9892,#9894,.T.);
#9892 = VERTEX_POINT('',#9893);
#9893 = CARTESIAN_POINT('',(45.,-2.75,-2.));
#9894 = SURFACE_CURVE('',#9895,(#9899,#9906),.PCURVE_S1.);
#9895 = LINE('',#9896,#9897);
#9896 = CARTESIAN_POINT('',(-5.,-2.75,-2.));
#9897 = VECTOR('',#9898,1.);
#9898 = DIRECTION('',(1.,0.,-0.));
#9899 = PCURVE('',#9668,#9900);
#9900 = DEFINITIONAL_REPRESENTATION('',(#9901),#9905);
#9901 = LINE('',#9902,#9903);
#9902 = CARTESIAN_POINT('',(-5.,-2.75));
#9903 = VECTOR('',#9904,1.);
#9904 = DIRECTION('',(1.,0.));
#9905 = ( GEOMETRIC_REPRESENTATION_CONTEXT(2) 
PARAMETRIC_REPRESENTATION_CONTEXT() REPRESENTATION_CONTEXT('2D SPACE',''
  ) );
#9906 = PCURVE('',#9907,#9912);
#9907 = PLANE('',#9908);
#9908 = AXIS2_PLACEMENT_3D('',#9909,#9910,#9911);
#9909 = CARTESIAN_POINT('',(-5.,-2.75,-2.));
#9910 = DIRECTION('',(-0.,1.,0.));
#9911 = DIRECTION('',(0.,0.,1.));
#9912 = DEFINITIONAL_REPRESENTATION('',(#9913),#9917);
#9913 = LINE('',#9914,#9915);
#9914 = CARTESIAN_POINT('',(0.,0.));
#9915 = VECTOR('',#9916,1.);
#9916 = DIRECTION('',(0.,1.));
#9917 = ( GEOMETRIC_REPRESENTATION_CONTEXT(2) 
PARAMETRIC_REPRESENTATION_CONTEXT() REPRESENTATION_CONTEXT('2D SPACE',''
  ) );
#9918 = ORIENTED_EDGE('',*,*,#9919,.T.);
#9919 = EDGE_CURVE('',#9892,#9920,#9922,.T.);
#9920 = VERTEX_POINT('',#9921);
#9921 = CARTESIAN_POINT('',(45.,2.75,-2.));
#9922 = SURFACE_CURVE('',#9923,(#9927,#9934),.PCURVE_S1.);
#9923 = LINE('',#9924,#9925);
#9924 = CARTESIAN_POINT('',(45.,-2.75,-2.));
#9925 = VECTOR('',#9926,1.);
#9926 = DIRECTION('',(-0.,1.,0.));
#9927 = PCURVE('',#9668,#9928);
#9928 = DEFINITIONAL_REPRESENTATION('',(#9929),#9933);
#9929 = LINE('',#9930,#9931);
#9930 = CARTESIAN_POINT('',(45.,-2.75));
#9931 = VECTOR('',#9932,1.);
#9932 = DIRECTION('',(0.,1.));
#9933 = ( GEOMETRIC_REPRESENTATION_CONTEXT(2) 
PARAMETRIC_REPRESENTATION_CONTEXT() REPRESENTATION_CONTEXT('2D SPACE',''
  ) );
#9934 = PCURVE('',#9935,#9940);
#9935 = PLANE('',#9936);
#9936 = AXIS2_PLACEMENT_3D('',#9937,#9938,#9939);
#9937 = CARTESIAN_POINT('',(45.,-2.75,-2.));
#9938 = DIRECTION('',(1.,0.,-0.));
#9939 = DIRECTION('',(0.,0.,1.));
#9940 = DEFINITIONAL_REPRESENTATION('',(#9941),#9945);
#9941 = LINE('',#9942,#9943);
#9942 = CARTESIAN_POINT('',(0.,0.));
#9943 = VECTOR('',#9944,1.);
#9944 = DIRECTION('',(0.,-1.));
#9945 = ( GEOMETRIC_REPRESENTATION_CONTEXT(2) 
PARAMETRIC_REPRESENTATION_CONTEXT() REPRESENTATION_CONTEXT('2D SPACE',''
  ) );
#9946 = ORIENTED_EDGE('',*,*,#9947,.F.);
#9947 = EDGE_CURVE('',#9948,#9920,#9950,.T.);
#9948 = VERTEX_POINT('',#9949);
#9949 = CARTESIAN_POINT('',(43.434748899119,2.75,-2.));
#9950 = SURFACE_CURVE('',#9951,(#9955,#9962),.PCURVE_S1.);
#9951 = LINE('',#9952,#9953);
#9952 = CARTESIAN_POINT('',(-5.,2.75,-2.));
#9953 = VECTOR('',#9954,1.);
#9954 = DIRECTION('',(1.,0.,-0.));
#9955 = PCURVE('',#9668,#9956);
#9956 = DEFINITIONAL_REPRESENTATION('',(#9957),#9961);
#9957 = LINE('',#9958,#9959);
#9958 = CARTESIAN_POINT('',(-5.,2.75));
#9959 = VECTOR('',#9960,1.);
#9960 = DIRECTION('',(1.,0.));
#9961 = ( GEOMETRIC_REPRESENTATION_CONTEXT(2) 
PARAMETRIC_REPRESENTATION_CONTEXT() REPRESENTATION_CONTEXT('2D SPACE',''
  ) );
#9962 = PCURVE('',#9963,#9968);
#9963 = PLANE('',#9964);
#9964 = AXIS2_PLACEMENT_3D('',#9965,#9966,#9967);
#9965 = CARTESIAN_POINT('',(-5.,2.75,-2.));
#9966 = DIRECTION('',(-0.,1.,0.));
#9967 = DIRECTION('',(0.,0.,1.));
#9968 = DEFINITIONAL_REPRESENTATION('',(#9969),#9973);
#9969 = LINE('',#9970,#9971);
#9970 = CARTESIAN_POINT('',(0.,0.));
#9971 = VECTOR('',#9972,1.);
#9972 = DIRECTION('',(0.,1.));
#9973 = ( GEOMETRIC_REPRESENTATION_CONTEXT(2) 
PARAMETRIC_REPRESENTATION_CONTEXT() REPRESENTATION_CONTEXT('2D SPACE',''
  ) );
#9974 = ORIENTED_EDGE('',*,*,#9975,.T.);
#9975 = EDGE_CURVE('',#9948,#9660,#9976,.T.);
#9976 = SURFACE_CURVE('',#9977,(#9982,#9989),.PCURVE_S1.);
#9977 = CIRCLE('',#9978,4.4);
#9978 = AXIS2_PLACEMENT_3D('',#9979,#9980,#9981);
#9979 = CARTESIAN_POINT('',(40.,0.,-2.));
#9980 = DIRECTION('',(0.,0.,1.));
#9981 = DIRECTION('',(1.,0.,-0.));
#9982 = PCURVE('',#9668,#9983);
#9983 = DEFINITIONAL_REPRESENTATION('',(#9984),#9988);
#9984 = CIRCLE('',#9985,4.4);
#9985 = AXIS2_PLACEMENT_2D('',#9986,#9987);
#9986 = CARTESIAN_POINT('',(40.,0.));
#9987 = DIRECTION('',(1.,0.));
#9988 = ( GEOMETRIC_REPRESENTATION_CONTEXT(2) 
PARAMETRIC_REPRESENTATION_CONTEXT() REPRESENTATION_CONTEXT('2D SPACE',''
  ) );
#9989 = PCURVE('',#9990,#9995);
#9990 = CONICAL_SURFACE('',#9991,5.,0.785398163397);
#9991 = AXIS2_PLACEMENT_3D('',#9992,#9993,#9994);
#9992 = CARTESIAN_POINT('',(40.,0.,-1.4));
#9993 = DIRECTION('',(0.,0.,1.));
#9994 = DIRECTION('',(1.,0.,-0.));
#9995 = DEFINITIONAL_REPRESENTATION('',(#9996),#10000);
#9996 = LINE('',#9997,#9998);
#9997 = CARTESIAN_POINT('',(0.,-0.6));
#9998 = VECTOR('',#9999,1.);
#9999 = DIRECTION('',(1.,-0.));
#10000 = ( GEOMETRIC_REPRESENTATION_CONTEXT(2) 
PARAMETRIC_REPRESENTATION_CONTEXT() REPRESENTATION_CONTEXT('2D SPACE',''
  ) );
#10001 = FACE_BOUND('',#10002,.F.);
#10002 = EDGE_LOOP('',(#10003));
#10003 = ORIENTED_EDGE('',*,*,#10004,.F.);
#10004 = EDGE_CURVE('',#10005,#10005,#10007,.T.);
#10005 = VERTEX_POINT('',#10006);
#10006 = CARTESIAN_POINT('',(2.05,-5.021051876504E-16,-2.));
#10007 = SURFACE_CURVE('',#10008,(#10013,#10020),.PCURVE_S1.);
#10008 = CIRCLE('',#10009,2.05);
#10009 = AXIS2_PLACEMENT_3D('',#10010,#10011,#10012);
#10010 = CARTESIAN_POINT('',(0.,0.,-2.));
#10011 = DIRECTION('',(0.,0.,1.));
#10012 = DIRECTION('',(1.,0.,-0.));
#10013 = PCURVE('',#9668,#10014);
#10014 = DEFINITIONAL_REPRESENTATION('',(#10015),#10019);
#10015 = CIRCLE('',#10016,2.05);
#10016 = AXIS2_PLACEMENT_2D('',#10017,#10018);
#10017 = CARTESIAN_POINT('',(0.,0.));
#10018 = DIRECTION('',(1.,0.));
#10019 = ( GEOMETRIC_REPRESENTATION_CONTEXT(2) 
PARAMETRIC_REPRESENTATION_CONTEXT() REPRESENTATION_CONTEXT('2D SPACE',''
  ) );
#10020 = PCURVE('',#10021,#10026);
#10021 = CYLINDRICAL_SURFACE('',#10022,2.05);
#10022 = AXIS2_PLACEMENT_3D('',#10023,#10024,#10025);
#10023 = CARTESIAN_POINT('',(0.,0.,-3.));
#10024 = DIRECTION('',(0.,0.,1.));
#10025 = DIRECTION('',(1.,0.,-0.));
#10026 = DEFINITIONAL_REPRESENTATION('',(#10027),#10031);
#10027 = LINE('',#10028,#10029);
#10028 = CARTESIAN_POINT('',(0.,1.));
#10029 = VECTOR('',#10030,1.);
#10030 = DIRECTION('',(1.,0.));
#10031 = ( GEOMETRIC_REPRESENTATION_CONTEXT(2) 
PARAMETRIC_REPRESENTATION_CONTEXT() REPRESENTATION_CONTEXT('2D SPACE',''
  ) );
#10032 = FACE_BOUND('',#10033,.F.);
#10033 = EDGE_LOOP('',(#10034));
#10034 = ORIENTED_EDGE('',*,*,#10035,.F.);
#10035 = EDGE_CURVE('',#10036,#10036,#10038,.T.);
#10036 = VERTEX_POINT('',#10037);
#10037 = CARTESIAN_POINT('',(14.7,-5.388445916248E-16,-2.));
#10038 = SURFACE_CURVE('',#10039,(#10044,#10051),.PCURVE_S1.);
#10039 = CIRCLE('',#10040,2.2);
#10040 = AXIS2_PLACEMENT_3D('',#10041,#10042,#10043);
#10041 = CARTESIAN_POINT('',(12.5,0.,-2.));
#10042 = DIRECTION('',(0.,0.,1.));
#10043 = DIRECTION('',(1.,0.,-0.));
#10044 = PCURVE('',#9668,#10045);
#10045 = DEFINITIONAL_REPRESENTATION('',(#10046),#10050);
#10046 = CIRCLE('',#10047,2.2);
#10047 = AXIS2_PLACEMENT_2D('',#10048,#10049);
#10048 = CARTESIAN_POINT('',(12.5,0.));
#10049 = DIRECTION('',(1.,0.));
#10050 = ( GEOMETRIC_REPRESENTATION_CONTEXT(2) 
PARAMETRIC_REPRESENTATION_CONTEXT() REPRESENTATION_CONTEXT('2D SPACE',''
  ) );
#10051 = PCURVE('',#10052,#10057);
#10052 = CYLINDRICAL_SURFACE('',#10053,2.2);
#10053 = AXIS2_PLACEMENT_3D('',#10054,#10055,#10056);
#10054 = CARTESIAN_POINT('',(12.5,0.,-3.));
#10055 = DIRECTION('',(0.,0.,1.));
#10056 = DIRECTION('',(1.,0.,-0.));
#10057 = DEFINITIONAL_REPRESENTATION('',(#10058),#10062);
#10058 = LINE('',#10059,#10060);
#10059 = CARTESIAN_POINT('',(0.,1.));
#10060 = VECTOR('',#10061,1.);
#10061 = DIRECTION('',(1.,0.));
#10062 = ( GEOMETRIC_REPRESENTATION_CONTEXT(2) 
PARAMETRIC_REPRESENTATION_CONTEXT() REPRESENTATION_CONTEXT('2D SPACE',''
  ) );
#10063 = FACE_BOUND('',#10064,.F.);
#10064 = EDGE_LOOP('',(#10065));
#10065 = ORIENTED_EDGE('',*,*,#10066,.F.);
#10066 = EDGE_CURVE('',#10067,#10067,#10069,.T.);
#10067 = VERTEX_POINT('',#10068);
#10068 = CARTESIAN_POINT('',(29.7,-5.388445916248E-16,-2.));
#10069 = SURFACE_CURVE('',#10070,(#10075,#10082),.PCURVE_S1.);
#10070 = CIRCLE('',#10071,2.2);
#10071 = AXIS2_PLACEMENT_3D('',#10072,#10073,#10074);
#10072 = CARTESIAN_POINT('',(27.5,0.,-2.));
#10073 = DIRECTION('',(0.,0.,1.));
#10074 = DIRECTION('',(1.,0.,-0.));
#10075 = PCURVE('',#9668,#10076);
#10076 = DEFINITIONAL_REPRESENTATION('',(#10077),#10081);
#10077 = CIRCLE('',#10078,2.2);
#10078 = AXIS2_PLACEMENT_2D('',#10079,#10080);
#10079 = CARTESIAN_POINT('',(27.5,0.));
#10080 = DIRECTION('',(1.,0.));
#10081 = ( GEOMETRIC_REPRESENTATION_CONTEXT(2) 
PARAMETRIC_REPRESENTATION_CONTEXT() REPRESENTATION_CONTEXT('2D SPACE',''
  ) );
#10082 = PCURVE('',#10083,#10088);
#10083 = CYLINDRICAL_SURFACE('',#10084,2.2);
#10084 = AXIS2_PLACEMENT_3D('',#10085,#10086,#10087);
#10085 = CARTESIAN_POINT('',(27.5,0.,-3.));
#10086 = DIRECTION('',(0.,0.,1.));
#10087 = DIRECTION('',(1.,0.,-0.));
#10088 = DEFINITIONAL_REPRESENTATION('',(#10089),#10093);
#10089 = LINE('',#10090,#10091);
#10090 = CARTESIAN_POINT('',(0.,1.));
#10091 = VECTOR('',#10092,1.);
#10092 = DIRECTION('',(1.,0.));
#10093 = ( GEOMETRIC_REPRESENTATION_CONTEXT(2) 
PARAMETRIC_REPRESENTATION_CONTEXT() REPRESENTATION_CONTEXT('2D SPACE',''
  ) );
#10094 = FACE_BOUND('',#10095,.F.);
#10095 = EDGE_LOOP('',(#10096));
#10096 = ORIENTED_EDGE('',*,*,#10097,.F.);
#10097 = EDGE_CURVE('',#10098,#10098,#10100,.T.);
#10098 = VERTEX_POINT('',#10099);
#10099 = CARTESIAN_POINT('',(42.05,-5.021051876504E-16,-2.));
#10100 = SURFACE_CURVE('',#10101,(#10106,#10113),.PCURVE_S1.);
#10101 = CIRCLE('',#10102,2.05);
#10102 = AXIS2_PLACEMENT_3D('',#10103,#10104,#10105);
#10103 = CARTESIAN_POINT('',(40.,0.,-2.));
#10104 = DIRECTION('',(0.,0.,1.));
#10105 = DIRECTION('',(1.,0.,-0.));
#10106 = PCURVE('',#9668,#10107);
#10107 = DEFINITIONAL_REPRESENTATION('',(#10108),#10112);
#10108 = CIRCLE('',#10109,2.05);
#10109 = AXIS2_PLACEMENT_2D('',#10110,#10111);
#10110 = CARTESIAN_POINT('',(40.,0.));
#10111 = DIRECTION('',(1.,0.));
#10112 = ( GEOMETRIC_REPRESENTATION_CONTEXT(2) 
PARAMETRIC_REPRESENTATION_CONTEXT() REPRESENTATION_CONTEXT('2D SPACE',''
  ) );
#10113 = PCURVE('',#10114,#10119);
#10114 = CYLINDRICAL_SURFACE('',#10115,2.05);
#10115 = AXIS2_PLACEMENT_3D('',#10116,#10117,#10118);
#10116 = CARTESIAN_POINT('',(40.,0.,-3.));
#10117 = DIRECTION('',(0.,0.,1.));
#10118 = DIRECTION('',(1.,0.,-0.));
#10119 = DEFINITIONAL_REPRESENTATION('',(#10120),#10124);
#10120 = LINE('',#10121,#10122);
#10121 = CARTESIAN_POINT('',(0.,1.));
#10122 = VECTOR('',#10123,1.);
#10123 = DIRECTION('',(1.,0.));
#10124 = ( GEOMETRIC_REPRESENTATION_CONTEXT(2) 
PARAMETRIC_REPRESENTATION_CONTEXT() REPRESENTATION_CONTEXT('2D SPACE',''
  ) );
#10125 = ADVANCED_FACE('',(#10126),#9680,.T.);
#10126 = FACE_BOUND('',#10127,.T.);
#10127 = EDGE_LOOP('',(#10128,#10129,#10156,#10182,#10210,#10236));
#10128 = ORIENTED_EDGE('',*,*,#9657,.F.);
#10129 = ORIENTED_EDGE('',*,*,#10130,.T.);
#10130 = EDGE_CURVE('',#9658,#10131,#10133,.T.);
#10131 = VERTEX_POINT('',#10132);
#10132 = CARTESIAN_POINT('',(4.175823272123,2.75,-1.4));
#10133 = SURFACE_CURVE('',#10134,(#10139,#10146),.PCURVE_S1.);
#10134 = HYPERBOLA('',#10135,2.75,2.75);
#10135 = AXIS2_PLACEMENT_3D('',#10136,#10137,#10138);
#10136 = CARTESIAN_POINT('',(0.,2.75,-6.4));
#10137 = DIRECTION('',(-0.,1.,0.));
#10138 = DIRECTION('',(0.,0.,1.));
#10139 = PCURVE('',#9680,#10140);
#10140 = DEFINITIONAL_REPRESENTATION('',(#10141),#10145);
#10141 = ( BOUNDED_CURVE() B_SPLINE_CURVE(2,(#10142,#10143,#10144),
.UNSPECIFIED.,.F.,.F.) B_SPLINE_CURVE_WITH_KNOTS((3,3),(1.046967915003,
1.204971208168),.PIECEWISE_BEZIER_KNOTS.) CURVE() 
GEOMETRIC_REPRESENTATION_ITEM() RATIONAL_B_SPLINE_CURVE((1.,
1.003122253474,1.)) REPRESENTATION_ITEM('') );
#10142 = CARTESIAN_POINT('',(8.881784197001E-16,8.434748899119));
#10143 = CARTESIAN_POINT('',(0.270787700728,8.781634775844));
#10144 = CARTESIAN_POINT('',(0.6,9.175823272123));
#10145 = ( GEOMETRIC_REPRESENTATION_CONTEXT(2) 
PARAMETRIC_REPRESENTATION_CONTEXT() REPRESENTATION_CONTEXT('2D SPACE',''
  ) );
#10146 = PCURVE('',#9709,#10147);
#10147 = DEFINITIONAL_REPRESENTATION('',(#10148),#10155);
#10148 = B_SPLINE_CURVE_WITH_KNOTS('',5,(#10149,#10150,#10151,#10152,
    #10153,#10154),.UNSPECIFIED.,.F.,.F.,(6,6),(1.046967915003,
    1.204971208168),.PIECEWISE_BEZIER_KNOTS.);
#10149 = CARTESIAN_POINT('',(0.675131532937,-0.6));
#10150 = CARTESIAN_POINT('',(0.655381121291,-0.491459672549));
#10151 = CARTESIAN_POINT('',(0.636239721106,-0.377427038356));
#10152 = CARTESIAN_POINT('',(0.617698336386,-0.257676273539));
#10153 = CARTESIAN_POINT('',(0.599744600117,-0.131958765734));
#10154 = CARTESIAN_POINT('',(0.582364237869,-6.661338147751E-16));
#10155 = ( GEOMETRIC_REPRESENTATION_CONTEXT(2) 
PARAMETRIC_REPRESENTATION_CONTEXT() REPRESENTATION_CONTEXT('2D SPACE',''
  ) );
#10156 = ORIENTED_EDGE('',*,*,#10157,.T.);
#10157 = EDGE_CURVE('',#10131,#10158,#10160,.T.);
#10158 = VERTEX_POINT('',#10159);
#10159 = CARTESIAN_POINT('',(4.175823272123,2.75,-0.8));
#10160 = SURFACE_CURVE('',#10161,(#10165,#10171),.PCURVE_S1.);
#10161 = LINE('',#10162,#10163);
#10162 = CARTESIAN_POINT('',(4.175823272123,2.75,-2.));
#10163 = VECTOR('',#10164,1.);
#10164 = DIRECTION('',(0.,0.,1.));
#10165 = PCURVE('',#9680,#10166);
#10166 = DEFINITIONAL_REPRESENTATION('',(#10167),#10170);
#10167 = B_SPLINE_CURVE_WITH_KNOTS('',1,(#10168,#10169),.UNSPECIFIED.,
  .F.,.F.,(2,2),(0.599989370631,1.32),.PIECEWISE_BEZIER_KNOTS.);
#10168 = CARTESIAN_POINT('',(0.599989370631,9.175823272123));
#10169 = CARTESIAN_POINT('',(1.32,9.175823272123));
#10170 = ( GEOMETRIC_REPRESENTATION_CONTEXT(2) 
PARAMETRIC_REPRESENTATION_CONTEXT() REPRESENTATION_CONTEXT('2D SPACE',''
  ) );
#10171 = PCURVE('',#10172,#10177);
#10172 = CYLINDRICAL_SURFACE('',#10173,5.);
#10173 = AXIS2_PLACEMENT_3D('',#10174,#10175,#10176);
#10174 = CARTESIAN_POINT('',(0.,0.,-2.));
#10175 = DIRECTION('',(0.,0.,1.));
#10176 = DIRECTION('',(1.,0.,-0.));
#10177 = DEFINITIONAL_REPRESENTATION('',(#10178),#10181);
#10178 = B_SPLINE_CURVE_WITH_KNOTS('',1,(#10179,#10180),.UNSPECIFIED.,
  .F.,.F.,(2,2),(0.599989370631,1.32),.PIECEWISE_BEZIER_KNOTS.);
#10179 = CARTESIAN_POINT('',(0.582364237869,0.599989370631));
#10180 = CARTESIAN_POINT('',(0.582364237869,1.32));
#10181 = ( GEOMETRIC_REPRESENTATION_CONTEXT(2) 
PARAMETRIC_REPRESENTATION_CONTEXT() REPRESENTATION_CONTEXT('2D SPACE',''
  ) );
#10182 = ORIENTED_EDGE('',*,*,#10183,.T.);
#10183 = EDGE_CURVE('',#10158,#10184,#10186,.T.);
#10184 = VERTEX_POINT('',#10185);
#10185 = CARTESIAN_POINT('',(35.824176727878,2.75,-0.8));
#10186 = SURFACE_CURVE('',#10187,(#10191,#10198),.PCURVE_S1.);
#10187 = LINE('',#10188,#10189);
#10188 = CARTESIAN_POINT('',(-5.,2.75,-0.8));
#10189 = VECTOR('',#10190,1.);
#10190 = DIRECTION('',(1.,0.,-0.));
#10191 = PCURVE('',#9680,#10192);
#10192 = DEFINITIONAL_REPRESENTATION('',(#10193),#10197);
#10193 = LINE('',#10194,#10195);
#10194 = CARTESIAN_POINT('',(1.2,0.));
#10195 = VECTOR('',#10196,1.);
#10196 = DIRECTION('',(0.,1.));
#10197 = ( GEOMETRIC_REPRESENTATION_CONTEXT(2) 
PARAMETRIC_REPRESENTATION_CONTEXT() REPRESENTATION_CONTEXT('2D SPACE',''
  ) );
#10198 = PCURVE('',#10199,#10204);
#10199 = PLANE('',#10200);
#10200 = AXIS2_PLACEMENT_3D('',#10201,#10202,#10203);
#10201 = CARTESIAN_POINT('',(-5.,-2.75,-0.8));
#10202 = DIRECTION('',(0.,0.,1.));
#10203 = DIRECTION('',(1.,0.,-0.));
#10204 = DEFINITIONAL_REPRESENTATION('',(#10205),#10209);
#10205 = LINE('',#10206,#10207);
#10206 = CARTESIAN_POINT('',(0.,5.5));
#10207 = VECTOR('',#10208,1.);
#10208 = DIRECTION('',(1.,0.));
#10209 = ( GEOMETRIC_REPRESENTATION_CONTEXT(2) 
PARAMETRIC_REPRESENTATION_CONTEXT() REPRESENTATION_CONTEXT('2D SPACE',''
  ) );
#10210 = ORIENTED_EDGE('',*,*,#10211,.F.);
#10211 = EDGE_CURVE('',#10212,#10184,#10214,.T.);
#10212 = VERTEX_POINT('',#10213);
#10213 = CARTESIAN_POINT('',(35.824176727878,2.75,-1.4));
#10214 = SURFACE_CURVE('',#10215,(#10219,#10225),.PCURVE_S1.);
#10215 = LINE('',#10216,#10217);
#10216 = CARTESIAN_POINT('',(35.824176727877,2.75,-2.));
#10217 = VECTOR('',#10218,1.);
#10218 = DIRECTION('',(0.,0.,1.));
#10219 = PCURVE('',#9680,#10220);
#10220 = DEFINITIONAL_REPRESENTATION('',(#10221),#10224);
#10221 = B_SPLINE_CURVE_WITH_KNOTS('',1,(#10222,#10223),.UNSPECIFIED.,
  .F.,.F.,(2,2),(0.599989370631,1.32),.PIECEWISE_BEZIER_KNOTS.);
#10222 = CARTESIAN_POINT('',(0.599989370631,40.824176727877));
#10223 = CARTESIAN_POINT('',(1.32,40.824176727877));
#10224 = ( GEOMETRIC_REPRESENTATION_CONTEXT(2) 
PARAMETRIC_REPRESENTATION_CONTEXT() REPRESENTATION_CONTEXT('2D SPACE',''
  ) );
#10225 = PCURVE('',#10226,#10231);
#10226 = CYLINDRICAL_SURFACE('',#10227,5.);
#10227 = AXIS2_PLACEMENT_3D('',#10228,#10229,#10230);
#10228 = CARTESIAN_POINT('',(40.,0.,-2.));
#10229 = DIRECTION('',(0.,0.,1.));
#10230 = DIRECTION('',(1.,0.,-0.));
#10231 = DEFINITIONAL_REPRESENTATION('',(#10232),#10235);
#10232 = B_SPLINE_CURVE_WITH_KNOTS('',1,(#10233,#10234),.UNSPECIFIED.,
  .F.,.F.,(2,2),(0.599989370631,1.32),.PIECEWISE_BEZIER_KNOTS.);
#10233 = CARTESIAN_POINT('',(2.559228415721,0.599989370631));
#10234 = CARTESIAN_POINT('',(2.559228415721,1.32));
#10235 = ( GEOMETRIC_REPRESENTATION_CONTEXT(2) 
PARAMETRIC_REPRESENTATION_CONTEXT() REPRESENTATION_CONTEXT('2D SPACE',''
  ) );
#10236 = ORIENTED_EDGE('',*,*,#10237,.T.);
#10237 = EDGE_CURVE('',#10212,#9660,#10238,.T.);
#10238 = SURFACE_CURVE('',#10239,(#10244,#10251),.PCURVE_S1.);
#10239 = HYPERBOLA('',#10240,2.75,2.75);
#10240 = AXIS2_PLACEMENT_3D('',#10241,#10242,#10243);
#10241 = CARTESIAN_POINT('',(40.,2.75,-6.4));
#10242 = DIRECTION('',(-0.,1.,0.));
#10243 = DIRECTION('',(0.,0.,1.));
#10244 = PCURVE('',#9680,#10245);
#10245 = DEFINITIONAL_REPRESENTATION('',(#10246),#10250);
#10246 = ( BOUNDED_CURVE() B_SPLINE_CURVE(2,(#10247,#10248,#10249),
.UNSPECIFIED.,.F.,.F.) B_SPLINE_CURVE_WITH_KNOTS((3,3),(-1.204971208168,
-1.046967915003),.PIECEWISE_BEZIER_KNOTS.) CURVE() 
GEOMETRIC_REPRESENTATION_ITEM() RATIONAL_B_SPLINE_CURVE((1.,
1.003122253474,1.)) REPRESENTATION_ITEM('') );
#10247 = CARTESIAN_POINT('',(0.6,40.824176727877));
#10248 = CARTESIAN_POINT('',(0.270787700728,41.218365224156));
#10249 = CARTESIAN_POINT('',(3.552713678801E-15,41.565251100881));
#10250 = ( GEOMETRIC_REPRESENTATION_CONTEXT(2) 
PARAMETRIC_REPRESENTATION_CONTEXT() REPRESENTATION_CONTEXT('2D SPACE',''
  ) );
#10251 = PCURVE('',#9990,#10252);
#10252 = DEFINITIONAL_REPRESENTATION('',(#10253),#10260);
#10253 = B_SPLINE_CURVE_WITH_KNOTS('',5,(#10254,#10255,#10256,#10257,
    #10258,#10259),.UNSPECIFIED.,.F.,.F.,(6,6),(-1.204971208168,
    -1.046967915003),.PIECEWISE_BEZIER_KNOTS.);
#10254 = CARTESIAN_POINT('',(2.559228415721,-1.998401444325E-15));
#10255 = CARTESIAN_POINT('',(2.541848053473,-0.131958765734));
#10256 = CARTESIAN_POINT('',(2.523894317204,-0.257676273539));
#10257 = CARTESIAN_POINT('',(2.505352932484,-0.377427038356));
#10258 = CARTESIAN_POINT('',(2.486211532298,-0.491459672549));
#10259 = CARTESIAN_POINT('',(2.466461120653,-0.6));
#10260 = ( GEOMETRIC_REPRESENTATION_CONTEXT(2) 
PARAMETRIC_REPRESENTATION_CONTEXT() REPRESENTATION_CONTEXT('2D SPACE',''
  ) );
#10261 = ADVANCED_FACE('',(#10262),#9709,.T.);
#10262 = FACE_BOUND('',#10263,.F.);
#10263 = EDGE_LOOP('',(#10264,#10265,#10289,#10314));
#10264 = ORIENTED_EDGE('',*,*,#10130,.T.);
#10265 = ORIENTED_EDGE('',*,*,#10266,.T.);
#10266 = EDGE_CURVE('',#10131,#10267,#10269,.T.);
#10267 = VERTEX_POINT('',#10268);
#10268 = CARTESIAN_POINT('',(-4.175823272123,2.75,-1.4));
#10269 = SURFACE_CURVE('',#10270,(#10275,#10282),.PCURVE_S1.);
#10270 = CIRCLE('',#10271,5.);
#10271 = AXIS2_PLACEMENT_3D('',#10272,#10273,#10274);
#10272 = CARTESIAN_POINT('',(0.,0.,-1.4));
#10273 = DIRECTION('',(0.,0.,1.));
#10274 = DIRECTION('',(1.,0.,-0.));
#10275 = PCURVE('',#9709,#10276);
#10276 = DEFINITIONAL_REPRESENTATION('',(#10277),#10281);
#10277 = LINE('',#10278,#10279);
#10278 = CARTESIAN_POINT('',(0.,-0.));
#10279 = VECTOR('',#10280,1.);
#10280 = DIRECTION('',(1.,-0.));
#10281 = ( GEOMETRIC_REPRESENTATION_CONTEXT(2) 
PARAMETRIC_REPRESENTATION_CONTEXT() REPRESENTATION_CONTEXT('2D SPACE',''
  ) );
#10282 = PCURVE('',#10172,#10283);
#10283 = DEFINITIONAL_REPRESENTATION('',(#10284),#10288);
#10284 = LINE('',#10285,#10286);
#10285 = CARTESIAN_POINT('',(0.,0.6));
#10286 = VECTOR('',#10287,1.);
#10287 = DIRECTION('',(1.,0.));
#10288 = ( GEOMETRIC_REPRESENTATION_CONTEXT(2) 
PARAMETRIC_REPRESENTATION_CONTEXT() REPRESENTATION_CONTEXT('2D SPACE',''
  ) );
#10289 = ORIENTED_EDGE('',*,*,#10290,.T.);
#10290 = EDGE_CURVE('',#10267,#9693,#10291,.T.);
#10291 = SURFACE_CURVE('',#10292,(#10297,#10307),.PCURVE_S1.);
#10292 = HYPERBOLA('',#10293,2.75,2.75);
#10293 = AXIS2_PLACEMENT_3D('',#10294,#10295,#10296);
#10294 = CARTESIAN_POINT('',(0.,2.75,-6.4));
#10295 = DIRECTION('',(-0.,1.,0.));
#10296 = DIRECTION('',(0.,0.,1.));
#10297 = PCURVE('',#9709,#10298);
#10298 = DEFINITIONAL_REPRESENTATION('',(#10299),#10306);
#10299 = B_SPLINE_CURVE_WITH_KNOTS('',5,(#10300,#10301,#10302,#10303,
    #10304,#10305),.UNSPECIFIED.,.F.,.F.,(6,6),(-1.204971208168,
    -1.046967915003),.PIECEWISE_BEZIER_KNOTS.);
#10300 = CARTESIAN_POINT('',(2.559228415721,-6.661338147751E-16));
#10301 = CARTESIAN_POINT('',(2.541848053473,-0.131958765734));
#10302 = CARTESIAN_POINT('',(2.523894317204,-0.257676273539));
#10303 = CARTESIAN_POINT('',(2.505352932484,-0.377427038356));
#10304 = CARTESIAN_POINT('',(2.486211532298,-0.491459672549));
#10305 = CARTESIAN_POINT('',(2.466461120653,-0.6));
#10306 = ( GEOMETRIC_REPRESENTATION_CONTEXT(2) 
PARAMETRIC_REPRESENTATION_CONTEXT() REPRESENTATION_CONTEXT('2D SPACE',''
  ) );
#10307 = PCURVE('',#9737,#10308);
#10308 = DEFINITIONAL_REPRESENTATION('',(#10309),#10313);
#10309 = ( BOUNDED_CURVE() B_SPLINE_CURVE(2,(#10310,#10311,#10312),
.UNSPECIFIED.,.F.,.F.) B_SPLINE_CURVE_WITH_KNOTS((3,3),(-1.204971208168,
-1.046967915003),.PIECEWISE_BEZIER_KNOTS.) CURVE() 
GEOMETRIC_REPRESENTATION_ITEM() RATIONAL_B_SPLINE_CURVE((1.,
1.003122253474,1.)) REPRESENTATION_ITEM('') );
#10310 = CARTESIAN_POINT('',(0.6,0.824176727877));
#10311 = CARTESIAN_POINT('',(0.270787700728,1.218365224156));
#10312 = CARTESIAN_POINT('',(8.881784197001E-16,1.565251100881));
#10313 = ( GEOMETRIC_REPRESENTATION_CONTEXT(2) 
PARAMETRIC_REPRESENTATION_CONTEXT() REPRESENTATION_CONTEXT('2D SPACE',''
  ) );
#10314 = ORIENTED_EDGE('',*,*,#9692,.F.);
#10315 = ADVANCED_FACE('',(#10316),#9990,.T.);
#10316 = FACE_BOUND('',#10317,.F.);
#10317 = EDGE_LOOP('',(#10318,#10345,#10367,#10368));
#10318 = ORIENTED_EDGE('',*,*,#10319,.T.);
#10319 = EDGE_CURVE('',#9948,#10320,#10322,.T.);
#10320 = VERTEX_POINT('',#10321);
#10321 = CARTESIAN_POINT('',(44.175823272122,2.75,-1.4));
#10322 = SURFACE_CURVE('',#10323,(#10328,#10338),.PCURVE_S1.);
#10323 = HYPERBOLA('',#10324,2.75,2.75);
#10324 = AXIS2_PLACEMENT_3D('',#10325,#10326,#10327);
#10325 = CARTESIAN_POINT('',(40.,2.75,-6.4));
#10326 = DIRECTION('',(-0.,1.,0.));
#10327 = DIRECTION('',(0.,0.,1.));
#10328 = PCURVE('',#9990,#10329);
#10329 = DEFINITIONAL_REPRESENTATION('',(#10330),#10337);
#10330 = B_SPLINE_CURVE_WITH_KNOTS('',5,(#10331,#10332,#10333,#10334,
    #10335,#10336),.UNSPECIFIED.,.F.,.F.,(6,6),(1.046967915003,
    1.204971208168),.PIECEWISE_BEZIER_KNOTS.);
#10331 = CARTESIAN_POINT('',(0.675131532937,-0.6));
#10332 = CARTESIAN_POINT('',(0.655381121291,-0.491459672549));
#10333 = CARTESIAN_POINT('',(0.636239721106,-0.377427038356));
#10334 = CARTESIAN_POINT('',(0.617698336386,-0.257676273539));
#10335 = CARTESIAN_POINT('',(0.599744600117,-0.131958765734));
#10336 = CARTESIAN_POINT('',(0.582364237869,-1.998401444325E-15));
#10337 = ( GEOMETRIC_REPRESENTATION_CONTEXT(2) 
PARAMETRIC_REPRESENTATION_CONTEXT() REPRESENTATION_CONTEXT('2D SPACE',''
  ) );
#10338 = PCURVE('',#9963,#10339);
#10339 = DEFINITIONAL_REPRESENTATION('',(#10340),#10344);
#10340 = ( BOUNDED_CURVE() B_SPLINE_CURVE(2,(#10341,#10342,#10343),
.UNSPECIFIED.,.F.,.F.) B_SPLINE_CURVE_WITH_KNOTS((3,3),(1.046967915003,
1.204971208168),.PIECEWISE_BEZIER_KNOTS.) CURVE() 
GEOMETRIC_REPRESENTATION_ITEM() RATIONAL_B_SPLINE_CURVE((1.,
1.003122253474,1.)) REPRESENTATION_ITEM('') );
#10341 = CARTESIAN_POINT('',(3.552713678801E-15,48.434748899119));
#10342 = CARTESIAN_POINT('',(0.270787700728,48.781634775844));
#10343 = CARTESIAN_POINT('',(0.6,49.175823272123));
#10344 = ( GEOMETRIC_REPRESENTATION_CONTEXT(2) 
PARAMETRIC_REPRESENTATION_CONTEXT() REPRESENTATION_CONTEXT('2D SPACE',''
  ) );
#10345 = ORIENTED_EDGE('',*,*,#10346,.T.);
#10346 = EDGE_CURVE('',#10320,#10212,#10347,.T.);
#10347 = SURFACE_CURVE('',#10348,(#10353,#10360),.PCURVE_S1.);
#10348 = CIRCLE('',#10349,5.);
#10349 = AXIS2_PLACEMENT_3D('',#10350,#10351,#10352);
#10350 = CARTESIAN_POINT('',(40.,0.,-1.4));
#10351 = DIRECTION('',(0.,0.,1.));
#10352 = DIRECTION('',(1.,0.,-0.));
#10353 = PCURVE('',#9990,#10354);
#10354 = DEFINITIONAL_REPRESENTATION('',(#10355),#10359);
#10355 = LINE('',#10356,#10357);
#10356 = CARTESIAN_POINT('',(0.,-0.));
#10357 = VECTOR('',#10358,1.);
#10358 = DIRECTION('',(1.,-0.));
#10359 = ( GEOMETRIC_REPRESENTATION_CONTEXT(2) 
PARAMETRIC_REPRESENTATION_CONTEXT() REPRESENTATION_CONTEXT('2D SPACE',''
  ) );
#10360 = PCURVE('',#10226,#10361);
#10361 = DEFINITIONAL_REPRESENTATION('',(#10362),#10366);
#10362 = LINE('',#10363,#10364);
#10363 = CARTESIAN_POINT('',(0.,0.6));
#10364 = VECTOR('',#10365,1.);
#10365 = DIRECTION('',(1.,0.));
#10366 = ( GEOMETRIC_REPRESENTATION_CONTEXT(2) 
PARAMETRIC_REPRESENTATION_CONTEXT() REPRESENTATION_CONTEXT('2D SPACE',''
  ) );
#10367 = ORIENTED_EDGE('',*,*,#10237,.T.);
#10368 = ORIENTED_EDGE('',*,*,#9975,.F.);
#10369 = ADVANCED_FACE('',(#10370),#9737,.T.);
#10370 = FACE_BOUND('',#10371,.T.);
#10371 = EDGE_LOOP('',(#10372,#10373,#10396,#10424,#10443));
#10372 = ORIENTED_EDGE('',*,*,#9721,.F.);
#10373 = ORIENTED_EDGE('',*,*,#10374,.T.);
#10374 = EDGE_CURVE('',#9722,#10375,#10377,.T.);
#10375 = VERTEX_POINT('',#10376);
#10376 = CARTESIAN_POINT('',(-5.,2.75,-0.8));
#10377 = SURFACE_CURVE('',#10378,(#10382,#10389),.PCURVE_S1.);
#10378 = LINE('',#10379,#10380);
#10379 = CARTESIAN_POINT('',(-5.,2.75,-2.));
#10380 = VECTOR('',#10381,1.);
#10381 = DIRECTION('',(0.,0.,1.));
#10382 = PCURVE('',#9737,#10383);
#10383 = DEFINITIONAL_REPRESENTATION('',(#10384),#10388);
#10384 = LINE('',#10385,#10386);
#10385 = CARTESIAN_POINT('',(0.,0.));
#10386 = VECTOR('',#10387,1.);
#10387 = DIRECTION('',(1.,0.));
#10388 = ( GEOMETRIC_REPRESENTATION_CONTEXT(2) 
PARAMETRIC_REPRESENTATION_CONTEXT() REPRESENTATION_CONTEXT('2D SPACE',''
  ) );
#10389 = PCURVE('',#9765,#10390);
#10390 = DEFINITIONAL_REPRESENTATION('',(#10391),#10395);
#10391 = LINE('',#10392,#10393);
#10392 = CARTESIAN_POINT('',(0.,-5.5));
#10393 = VECTOR('',#10394,1.);
#10394 = DIRECTION('',(1.,0.));
#10395 = ( GEOMETRIC_REPRESENTATION_CONTEXT(2) 
PARAMETRIC_REPRESENTATION_CONTEXT() REPRESENTATION_CONTEXT('2D SPACE',''
  ) );
#10396 = ORIENTED_EDGE('',*,*,#10397,.T.);
#10397 = EDGE_CURVE('',#10375,#10398,#10400,.T.);
#10398 = VERTEX_POINT('',#10399);
#10399 = CARTESIAN_POINT('',(-4.175823272123,2.75,-0.8));
#10400 = SURFACE_CURVE('',#10401,(#10405,#10412),.PCURVE_S1.);
#10401 = LINE('',#10402,#10403);
#10402 = CARTESIAN_POINT('',(-5.,2.75,-0.8));
#10403 = VECTOR('',#10404,1.);
#10404 = DIRECTION('',(1.,0.,-0.));
#10405 = PCURVE('',#9737,#10406);
#10406 = DEFINITIONAL_REPRESENTATION('',(#10407),#10411);
#10407 = LINE('',#10408,#10409);
#10408 = CARTESIAN_POINT('',(1.2,0.));
#10409 = VECTOR('',#10410,1.);
#10410 = DIRECTION('',(0.,1.));
#10411 = ( GEOMETRIC_REPRESENTATION_CONTEXT(2) 
PARAMETRIC_REPRESENTATION_CONTEXT() REPRESENTATION_CONTEXT('2D SPACE',''
  ) );
#10412 = PCURVE('',#10413,#10418);
#10413 = PLANE('',#10414);
#10414 = AXIS2_PLACEMENT_3D('',#10415,#10416,#10417);
#10415 = CARTESIAN_POINT('',(-5.,-2.75,-0.8));
#10416 = DIRECTION('',(0.,0.,1.));
#10417 = DIRECTION('',(1.,0.,-0.));
#10418 = DEFINITIONAL_REPRESENTATION('',(#10419),#10423);
#10419 = LINE('',#10420,#10421);
#10420 = CARTESIAN_POINT('',(0.,5.5));
#10421 = VECTOR('',#10422,1.);
#10422 = DIRECTION('',(1.,0.));
#10423 = ( GEOMETRIC_REPRESENTATION_CONTEXT(2) 
PARAMETRIC_REPRESENTATION_CONTEXT() REPRESENTATION_CONTEXT('2D SPACE',''
  ) );
#10424 = ORIENTED_EDGE('',*,*,#10425,.F.);
#10425 = EDGE_CURVE('',#10267,#10398,#10426,.T.);
#10426 = SURFACE_CURVE('',#10427,(#10431,#10437),.PCURVE_S1.);
#10427 = LINE('',#10428,#10429);
#10428 = CARTESIAN_POINT('',(-4.175823272123,2.75,-2.));
#10429 = VECTOR('',#10430,1.);
#10430 = DIRECTION('',(0.,0.,1.));
#10431 = PCURVE('',#9737,#10432);
#10432 = DEFINITIONAL_REPRESENTATION('',(#10433),#10436);
#10433 = B_SPLINE_CURVE_WITH_KNOTS('',1,(#10434,#10435),.UNSPECIFIED.,
  .F.,.F.,(2,2),(0.599989370631,1.32),.PIECEWISE_BEZIER_KNOTS.);
#10434 = CARTESIAN_POINT('',(0.599989370631,0.824176727877));
#10435 = CARTESIAN_POINT('',(1.32,0.824176727877));
#10436 = ( GEOMETRIC_REPRESENTATION_CONTEXT(2) 
PARAMETRIC_REPRESENTATION_CONTEXT() REPRESENTATION_CONTEXT('2D SPACE',''
  ) );
#10437 = PCURVE('',#10172,#10438);
#10438 = DEFINITIONAL_REPRESENTATION('',(#10439),#10442);
#10439 = B_SPLINE_CURVE_WITH_KNOTS('',1,(#10440,#10441),.UNSPECIFIED.,
  .F.,.F.,(2,2),(0.599989370631,1.32),.PIECEWISE_BEZIER_KNOTS.);
#10440 = CARTESIAN_POINT('',(2.559228415721,0.599989370631));
#10441 = CARTESIAN_POINT('',(2.559228415721,1.32));
#10442 = ( GEOMETRIC_REPRESENTATION_CONTEXT(2) 
PARAMETRIC_REPRESENTATION_CONTEXT() REPRESENTATION_CONTEXT('2D SPACE',''
  ) );
#10443 = ORIENTED_EDGE('',*,*,#10290,.T.);
#10444 = ADVANCED_FACE('',(#10445),#9963,.T.);
#10445 = FACE_BOUND('',#10446,.T.);
#10446 = EDGE_LOOP('',(#10447,#10448,#10449,#10470,#10498));
#10447 = ORIENTED_EDGE('',*,*,#9947,.F.);
#10448 = ORIENTED_EDGE('',*,*,#10319,.T.);
#10449 = ORIENTED_EDGE('',*,*,#10450,.T.);
#10450 = EDGE_CURVE('',#10320,#10451,#10453,.T.);
#10451 = VERTEX_POINT('',#10452);
#10452 = CARTESIAN_POINT('',(44.175823272122,2.75,-0.8));
#10453 = SURFACE_CURVE('',#10454,(#10458,#10464),.PCURVE_S1.);
#10454 = LINE('',#10455,#10456);
#10455 = CARTESIAN_POINT('',(44.175823272123,2.75,-2.));
#10456 = VECTOR('',#10457,1.);
#10457 = DIRECTION('',(0.,0.,1.));
#10458 = PCURVE('',#9963,#10459);
#10459 = DEFINITIONAL_REPRESENTATION('',(#10460),#10463);
#10460 = B_SPLINE_CURVE_WITH_KNOTS('',1,(#10461,#10462),.UNSPECIFIED.,
  .F.,.F.,(2,2),(0.599989370631,1.32),.PIECEWISE_BEZIER_KNOTS.);
#10461 = CARTESIAN_POINT('',(0.599989370631,49.175823272123));
#10462 = CARTESIAN_POINT('',(1.32,49.175823272123));
#10463 = ( GEOMETRIC_REPRESENTATION_CONTEXT(2) 
PARAMETRIC_REPRESENTATION_CONTEXT() REPRESENTATION_CONTEXT('2D SPACE',''
  ) );
#10464 = PCURVE('',#10226,#10465);
#10465 = DEFINITIONAL_REPRESENTATION('',(#10466),#10469);
#10466 = B_SPLINE_CURVE_WITH_KNOTS('',1,(#10467,#10468),.UNSPECIFIED.,
  .F.,.F.,(2,2),(0.599989370631,1.32),.PIECEWISE_BEZIER_KNOTS.);
#10467 = CARTESIAN_POINT('',(0.582364237869,0.599989370631));
#10468 = CARTESIAN_POINT('',(0.582364237869,1.32));
#10469 = ( GEOMETRIC_REPRESENTATION_CONTEXT(2) 
PARAMETRIC_REPRESENTATION_CONTEXT() REPRESENTATION_CONTEXT('2D SPACE',''
  ) );
#10470 = ORIENTED_EDGE('',*,*,#10471,.T.);
#10471 = EDGE_CURVE('',#10451,#10472,#10474,.T.);
#10472 = VERTEX_POINT('',#10473);
#10473 = CARTESIAN_POINT('',(45.,2.75,-0.8));
#10474 = SURFACE_CURVE('',#10475,(#10479,#10486),.PCURVE_S1.);
#10475 = LINE('',#10476,#10477);
#10476 = CARTESIAN_POINT('',(-5.,2.75,-0.8));
#10477 = VECTOR('',#10478,1.);
#10478 = DIRECTION('',(1.,0.,-0.));
#10479 = PCURVE('',#9963,#10480);
#10480 = DEFINITIONAL_REPRESENTATION('',(#10481),#10485);
#10481 = LINE('',#10482,#10483);
#10482 = CARTESIAN_POINT('',(1.2,0.));
#10483 = VECTOR('',#10484,1.);
#10484 = DIRECTION('',(0.,1.));
#10485 = ( GEOMETRIC_REPRESENTATION_CONTEXT(2) 
PARAMETRIC_REPRESENTATION_CONTEXT() REPRESENTATION_CONTEXT('2D SPACE',''
  ) );
#10486 = PCURVE('',#10487,#10492);
#10487 = PLANE('',#10488);
#10488 = AXIS2_PLACEMENT_3D('',#10489,#10490,#10491);
#10489 = CARTESIAN_POINT('',(-5.,-2.75,-0.8));
#10490 = DIRECTION('',(0.,0.,1.));
#10491 = DIRECTION('',(1.,0.,-0.));
#10492 = DEFINITIONAL_REPRESENTATION('',(#10493),#10497);
#10493 = LINE('',#10494,#10495);
#10494 = CARTESIAN_POINT('',(0.,5.5));
#10495 = VECTOR('',#10496,1.);
#10496 = DIRECTION('',(1.,0.));
#10497 = ( GEOMETRIC_REPRESENTATION_CONTEXT(2) 
PARAMETRIC_REPRESENTATION_CONTEXT() REPRESENTATION_CONTEXT('2D SPACE',''
  ) );
#10498 = ORIENTED_EDGE('',*,*,#10499,.F.);
#10499 = EDGE_CURVE('',#9920,#10472,#10500,.T.);
#10500 = SURFACE_CURVE('',#10501,(#10505,#10512),.PCURVE_S1.);
#10501 = LINE('',#10502,#10503);
#10502 = CARTESIAN_POINT('',(45.,2.75,-2.));
#10503 = VECTOR('',#10504,1.);
#10504 = DIRECTION('',(0.,0.,1.));
#10505 = PCURVE('',#9963,#10506);
#10506 = DEFINITIONAL_REPRESENTATION('',(#10507),#10511);
#10507 = LINE('',#10508,#10509);
#10508 = CARTESIAN_POINT('',(0.,50.));
#10509 = VECTOR('',#10510,1.);
#10510 = DIRECTION('',(1.,0.));
#10511 = ( GEOMETRIC_REPRESENTATION_CONTEXT(2) 
PARAMETRIC_REPRESENTATION_CONTEXT() REPRESENTATION_CONTEXT('2D SPACE',''
  ) );
#10512 = PCURVE('',#9935,#10513);
#10513 = DEFINITIONAL_REPRESENTATION('',(#10514),#10518);
#10514 = LINE('',#10515,#10516);
#10515 = CARTESIAN_POINT('',(0.,-5.5));
#10516 = VECTOR('',#10517,1.);
#10517 = DIRECTION('',(1.,0.));
#10518 = ( GEOMETRIC_REPRESENTATION_CONTEXT(2) 
PARAMETRIC_REPRESENTATION_CONTEXT() REPRESENTATION_CONTEXT('2D SPACE',''
  ) );
#10519 = ADVANCED_FACE('',(#10520),#9765,.F.);
#10520 = FACE_BOUND('',#10521,.F.);
#10521 = EDGE_LOOP('',(#10522,#10545,#10546,#10547,#10570,#10598,#10626,
    #10654,#10682,#10710,#10738,#10766));
#10522 = ORIENTED_EDGE('',*,*,#10523,.F.);
#10523 = EDGE_CURVE('',#9750,#10524,#10526,.T.);
#10524 = VERTEX_POINT('',#10525);
#10525 = CARTESIAN_POINT('',(-5.,-2.75,-0.8));
#10526 = SURFACE_CURVE('',#10527,(#10531,#10538),.PCURVE_S1.);
#10527 = LINE('',#10528,#10529);
#10528 = CARTESIAN_POINT('',(-5.,-2.75,-2.));
#10529 = VECTOR('',#10530,1.);
#10530 = DIRECTION('',(0.,0.,1.));
#10531 = PCURVE('',#9765,#10532);
#10532 = DEFINITIONAL_REPRESENTATION('',(#10533),#10537);
#10533 = LINE('',#10534,#10535);
#10534 = CARTESIAN_POINT('',(0.,0.));
#10535 = VECTOR('',#10536,1.);
#10536 = DIRECTION('',(1.,0.));
#10537 = ( GEOMETRIC_REPRESENTATION_CONTEXT(2) 
PARAMETRIC_REPRESENTATION_CONTEXT() REPRESENTATION_CONTEXT('2D SPACE',''
  ) );
#10538 = PCURVE('',#9793,#10539);
#10539 = DEFINITIONAL_REPRESENTATION('',(#10540),#10544);
#10540 = LINE('',#10541,#10542);
#10541 = CARTESIAN_POINT('',(0.,0.));
#10542 = VECTOR('',#10543,1.);
#10543 = DIRECTION('',(1.,0.));
#10544 = ( GEOMETRIC_REPRESENTATION_CONTEXT(2) 
PARAMETRIC_REPRESENTATION_CONTEXT() REPRESENTATION_CONTEXT('2D SPACE',''
  ) );
#10545 = ORIENTED_EDGE('',*,*,#9749,.T.);
#10546 = ORIENTED_EDGE('',*,*,#10374,.T.);
#10547 = ORIENTED_EDGE('',*,*,#10548,.F.);
#10548 = EDGE_CURVE('',#10549,#10375,#10551,.T.);
#10549 = VERTEX_POINT('',#10550);
#10550 = CARTESIAN_POINT('',(-5.,1.2375,-0.8));
#10551 = SURFACE_CURVE('',#10552,(#10556,#10563),.PCURVE_S1.);
#10552 = LINE('',#10553,#10554);
#10553 = CARTESIAN_POINT('',(-5.,-2.75,-0.8));
#10554 = VECTOR('',#10555,1.);
#10555 = DIRECTION('',(-0.,1.,0.));
#10556 = PCURVE('',#9765,#10557);
#10557 = DEFINITIONAL_REPRESENTATION('',(#10558),#10562);
#10558 = LINE('',#10559,#10560);
#10559 = CARTESIAN_POINT('',(1.2,0.));
#10560 = VECTOR('',#10561,1.);
#10561 = DIRECTION('',(0.,-1.));
#10562 = ( GEOMETRIC_REPRESENTATION_CONTEXT(2) 
PARAMETRIC_REPRESENTATION_CONTEXT() REPRESENTATION_CONTEXT('2D SPACE',''
  ) );
#10563 = PCURVE('',#10413,#10564);
#10564 = DEFINITIONAL_REPRESENTATION('',(#10565),#10569);
#10565 = LINE('',#10566,#10567);
#10566 = CARTESIAN_POINT('',(0.,0.));
#10567 = VECTOR('',#10568,1.);
#10568 = DIRECTION('',(0.,1.));
#10569 = ( GEOMETRIC_REPRESENTATION_CONTEXT(2) 
PARAMETRIC_REPRESENTATION_CONTEXT() REPRESENTATION_CONTEXT('2D SPACE',''
  ) );
#10570 = ORIENTED_EDGE('',*,*,#10571,.T.);
#10571 = EDGE_CURVE('',#10549,#10572,#10574,.T.);
#10572 = VERTEX_POINT('',#10573);
#10573 = CARTESIAN_POINT('',(-5.,1.2375,0.8));
#10574 = SURFACE_CURVE('',#10575,(#10579,#10586),.PCURVE_S1.);
#10575 = LINE('',#10576,#10577);
#10576 = CARTESIAN_POINT('',(-5.,1.2375,-0.8));
#10577 = VECTOR('',#10578,1.);
#10578 = DIRECTION('',(0.,0.,1.));
#10579 = PCURVE('',#9765,#10580);
#10580 = DEFINITIONAL_REPRESENTATION('',(#10581),#10585);
#10581 = LINE('',#10582,#10583);
#10582 = CARTESIAN_POINT('',(1.2,-3.9875));
#10583 = VECTOR('',#10584,1.);
#10584 = DIRECTION('',(1.,0.));
#10585 = ( GEOMETRIC_REPRESENTATION_CONTEXT(2) 
PARAMETRIC_REPRESENTATION_CONTEXT() REPRESENTATION_CONTEXT('2D SPACE',''
  ) );
#10586 = PCURVE('',#10587,#10592);
#10587 = PLANE('',#10588);
#10588 = AXIS2_PLACEMENT_3D('',#10589,#10590,#10591);
#10589 = CARTESIAN_POINT('',(-5.,1.2375,-0.8));
#10590 = DIRECTION('',(-0.,1.,0.));
#10591 = DIRECTION('',(0.,0.,1.));
#10592 = DEFINITIONAL_REPRESENTATION('',(#10593),#10597);
#10593 = LINE('',#10594,#10595);
#10594 = CARTESIAN_POINT('',(0.,0.));
#10595 = VECTOR('',#10596,1.);
#10596 = DIRECTION('',(1.,0.));
#10597 = ( GEOMETRIC_REPRESENTATION_CONTEXT(2) 
PARAMETRIC_REPRESENTATION_CONTEXT() REPRESENTATION_CONTEXT('2D SPACE',''
  ) );
#10598 = ORIENTED_EDGE('',*,*,#10599,.T.);
#10599 = EDGE_CURVE('',#10572,#10600,#10602,.T.);
#10600 = VERTEX_POINT('',#10601);
#10601 = CARTESIAN_POINT('',(-5.,2.75,0.8));
#10602 = SURFACE_CURVE('',#10603,(#10607,#10614),.PCURVE_S1.);
#10603 = LINE('',#10604,#10605);
#10604 = CARTESIAN_POINT('',(-5.,-2.75,0.8));
#10605 = VECTOR('',#10606,1.);
#10606 = DIRECTION('',(-0.,1.,0.));
#10607 = PCURVE('',#9765,#10608);
#10608 = DEFINITIONAL_REPRESENTATION('',(#10609),#10613);
#10609 = LINE('',#10610,#10611);
#10610 = CARTESIAN_POINT('',(2.8,0.));
#10611 = VECTOR('',#10612,1.);
#10612 = DIRECTION('',(0.,-1.));
#10613 = ( GEOMETRIC_REPRESENTATION_CONTEXT(2) 
PARAMETRIC_REPRESENTATION_CONTEXT() REPRESENTATION_CONTEXT('2D SPACE',''
  ) );
#10614 = PCURVE('',#10615,#10620);
#10615 = PLANE('',#10616);
#10616 = AXIS2_PLACEMENT_3D('',#10617,#10618,#10619);
#10617 = CARTESIAN_POINT('',(-5.,-2.75,0.8));
#10618 = DIRECTION('',(0.,0.,1.));
#10619 = DIRECTION('',(1.,0.,-0.));
#10620 = DEFINITIONAL_REPRESENTATION('',(#10621),#10625);
#10621 = LINE('',#10622,#10623);
#10622 = CARTESIAN_POINT('',(0.,0.));
#10623 = VECTOR('',#10624,1.);
#10624 = DIRECTION('',(0.,1.));
#10625 = ( GEOMETRIC_REPRESENTATION_CONTEXT(2) 
PARAMETRIC_REPRESENTATION_CONTEXT() REPRESENTATION_CONTEXT('2D SPACE',''
  ) );
#10626 = ORIENTED_EDGE('',*,*,#10627,.T.);
#10627 = EDGE_CURVE('',#10600,#10628,#10630,.T.);
#10628 = VERTEX_POINT('',#10629);
#10629 = CARTESIAN_POINT('',(-5.,2.75,2.));
#10630 = SURFACE_CURVE('',#10631,(#10635,#10642),.PCURVE_S1.);
#10631 = LINE('',#10632,#10633);
#10632 = CARTESIAN_POINT('',(-5.,2.75,0.8));
#10633 = VECTOR('',#10634,1.);
#10634 = DIRECTION('',(0.,0.,1.));
#10635 = PCURVE('',#9765,#10636);
#10636 = DEFINITIONAL_REPRESENTATION('',(#10637),#10641);
#10637 = LINE('',#10638,#10639);
#10638 = CARTESIAN_POINT('',(2.8,-5.5));
#10639 = VECTOR('',#10640,1.);
#10640 = DIRECTION('',(1.,0.));
#10641 = ( GEOMETRIC_REPRESENTATION_CONTEXT(2) 
PARAMETRIC_REPRESENTATION_CONTEXT() REPRESENTATION_CONTEXT('2D SPACE',''
  ) );
#10642 = PCURVE('',#10643,#10648);
#10643 = PLANE('',#10644);
#10644 = AXIS2_PLACEMENT_3D('',#10645,#10646,#10647);
#10645 = CARTESIAN_POINT('',(-5.,2.75,0.8));
#10646 = DIRECTION('',(-0.,1.,0.));
#10647 = DIRECTION('',(0.,0.,1.));
#10648 = DEFINITIONAL_REPRESENTATION('',(#10649),#10653);
#10649 = LINE('',#10650,#10651);
#10650 = CARTESIAN_POINT('',(0.,0.));
#10651 = VECTOR('',#10652,1.);
#10652 = DIRECTION('',(1.,0.));
#10653 = ( GEOMETRIC_REPRESENTATION_CONTEXT(2) 
PARAMETRIC_REPRESENTATION_CONTEXT() REPRESENTATION_CONTEXT('2D SPACE',''
  ) );
#10654 = ORIENTED_EDGE('',*,*,#10655,.F.);
#10655 = EDGE_CURVE('',#10656,#10628,#10658,.T.);
#10656 = VERTEX_POINT('',#10657);
#10657 = CARTESIAN_POINT('',(-5.,-2.75,2.));
#10658 = SURFACE_CURVE('',#10659,(#10663,#10670),.PCURVE_S1.);
#10659 = LINE('',#10660,#10661);
#10660 = CARTESIAN_POINT('',(-5.,-2.75,2.));
#10661 = VECTOR('',#10662,1.);
#10662 = DIRECTION('',(-0.,1.,0.));
#10663 = PCURVE('',#9765,#10664);
#10664 = DEFINITIONAL_REPRESENTATION('',(#10665),#10669);
#10665 = LINE('',#10666,#10667);
#10666 = CARTESIAN_POINT('',(4.,0.));
#10667 = VECTOR('',#10668,1.);
#10668 = DIRECTION('',(0.,-1.));
#10669 = ( GEOMETRIC_REPRESENTATION_CONTEXT(2) 
PARAMETRIC_REPRESENTATION_CONTEXT() REPRESENTATION_CONTEXT('2D SPACE',''
  ) );
#10670 = PCURVE('',#10671,#10676);
#10671 = PLANE('',#10672);
#10672 = AXIS2_PLACEMENT_3D('',#10673,#10674,#10675);
#10673 = CARTESIAN_POINT('',(-5.,-2.75,2.));
#10674 = DIRECTION('',(0.,0.,1.));
#10675 = DIRECTION('',(1.,0.,-0.));
#10676 = DEFINITIONAL_REPRESENTATION('',(#10677),#10681);
#10677 = LINE('',#10678,#10679);
#10678 = CARTESIAN_POINT('',(0.,0.));
#10679 = VECTOR('',#10680,1.);
#10680 = DIRECTION('',(0.,1.));
#10681 = ( GEOMETRIC_REPRESENTATION_CONTEXT(2) 
PARAMETRIC_REPRESENTATION_CONTEXT() REPRESENTATION_CONTEXT('2D SPACE',''
  ) );
#10682 = ORIENTED_EDGE('',*,*,#10683,.F.);
#10683 = EDGE_CURVE('',#10684,#10656,#10686,.T.);
#10684 = VERTEX_POINT('',#10685);
#10685 = CARTESIAN_POINT('',(-5.,-2.75,0.8));
#10686 = SURFACE_CURVE('',#10687,(#10691,#10698),.PCURVE_S1.);
#10687 = LINE('',#10688,#10689);
#10688 = CARTESIAN_POINT('',(-5.,-2.75,0.8));
#10689 = VECTOR('',#10690,1.);
#10690 = DIRECTION('',(0.,0.,1.));
#10691 = PCURVE('',#9765,#10692);
#10692 = DEFINITIONAL_REPRESENTATION('',(#10693),#10697);
#10693 = LINE('',#10694,#10695);
#10694 = CARTESIAN_POINT('',(2.8,0.));
#10695 = VECTOR('',#10696,1.);
#10696 = DIRECTION('',(1.,0.));
#10697 = ( GEOMETRIC_REPRESENTATION_CONTEXT(2) 
PARAMETRIC_REPRESENTATION_CONTEXT() REPRESENTATION_CONTEXT('2D SPACE',''
  ) );
#10698 = PCURVE('',#10699,#10704);
#10699 = PLANE('',#10700);
#10700 = AXIS2_PLACEMENT_3D('',#10701,#10702,#10703);
#10701 = CARTESIAN_POINT('',(-5.,-2.75,0.8));
#10702 = DIRECTION('',(-0.,1.,0.));
#10703 = DIRECTION('',(0.,0.,1.));
#10704 = DEFINITIONAL_REPRESENTATION('',(#10705),#10709);
#10705 = LINE('',#10706,#10707);
#10706 = CARTESIAN_POINT('',(0.,0.));
#10707 = VECTOR('',#10708,1.);
#10708 = DIRECTION('',(1.,0.));
#10709 = ( GEOMETRIC_REPRESENTATION_CONTEXT(2) 
PARAMETRIC_REPRESENTATION_CONTEXT() REPRESENTATION_CONTEXT('2D SPACE',''
  ) );
#10710 = ORIENTED_EDGE('',*,*,#10711,.T.);
#10711 = EDGE_CURVE('',#10684,#10712,#10714,.T.);
#10712 = VERTEX_POINT('',#10713);
#10713 = CARTESIAN_POINT('',(-5.,-1.2375,0.8));
#10714 = SURFACE_CURVE('',#10715,(#10719,#10726),.PCURVE_S1.);
#10715 = LINE('',#10716,#10717);
#10716 = CARTESIAN_POINT('',(-5.,-2.75,0.8));
#10717 = VECTOR('',#10718,1.);
#10718 = DIRECTION('',(-0.,1.,0.));
#10719 = PCURVE('',#9765,#10720);
#10720 = DEFINITIONAL_REPRESENTATION('',(#10721),#10725);
#10721 = LINE('',#10722,#10723);
#10722 = CARTESIAN_POINT('',(2.8,0.));
#10723 = VECTOR('',#10724,1.);
#10724 = DIRECTION('',(0.,-1.));
#10725 = ( GEOMETRIC_REPRESENTATION_CONTEXT(2) 
PARAMETRIC_REPRESENTATION_CONTEXT() REPRESENTATION_CONTEXT('2D SPACE',''
  ) );
#10726 = PCURVE('',#10727,#10732);
#10727 = PLANE('',#10728);
#10728 = AXIS2_PLACEMENT_3D('',#10729,#10730,#10731);
#10729 = CARTESIAN_POINT('',(-5.,-2.75,0.8));
#10730 = DIRECTION('',(0.,0.,1.));
#10731 = DIRECTION('',(1.,0.,-0.));
#10732 = DEFINITIONAL_REPRESENTATION('',(#10733),#10737);
#10733 = LINE('',#10734,#10735);
#10734 = CARTESIAN_POINT('',(0.,0.));
#10735 = VECTOR('',#10736,1.);
#10736 = DIRECTION('',(0.,1.));
#10737 = ( GEOMETRIC_REPRESENTATION_CONTEXT(2) 
PARAMETRIC_REPRESENTATION_CONTEXT() REPRESENTATION_CONTEXT('2D SPACE',''
  ) );
#10738 = ORIENTED_EDGE('',*,*,#10739,.F.);
#10739 = EDGE_CURVE('',#10740,#10712,#10742,.T.);
#10740 = VERTEX_POINT('',#10741);
#10741 = CARTESIAN_POINT('',(-5.,-1.2375,-0.8));
#10742 = SURFACE_CURVE('',#10743,(#10747,#10754),.PCURVE_S1.);
#10743 = LINE('',#10744,#10745);
#10744 = CARTESIAN_POINT('',(-5.,-1.2375,-0.8));
#10745 = VECTOR('',#10746,1.);
#10746 = DIRECTION('',(0.,0.,1.));
#10747 = PCURVE('',#9765,#10748);
#10748 = DEFINITIONAL_REPRESENTATION('',(#10749),#10753);
#10749 = LINE('',#10750,#10751);
#10750 = CARTESIAN_POINT('',(1.2,-1.5125));
#10751 = VECTOR('',#10752,1.);
#10752 = DIRECTION('',(1.,0.));
#10753 = ( GEOMETRIC_REPRESENTATION_CONTEXT(2) 
PARAMETRIC_REPRESENTATION_CONTEXT() REPRESENTATION_CONTEXT('2D SPACE',''
  ) );
#10754 = PCURVE('',#10755,#10760);
#10755 = PLANE('',#10756);
#10756 = AXIS2_PLACEMENT_3D('',#10757,#10758,#10759);
#10757 = CARTESIAN_POINT('',(-5.,-1.2375,-0.8));
#10758 = DIRECTION('',(-0.,1.,0.));
#10759 = DIRECTION('',(0.,0.,1.));
#10760 = DEFINITIONAL_REPRESENTATION('',(#10761),#10765);
#10761 = LINE('',#10762,#10763);
#10762 = CARTESIAN_POINT('',(0.,0.));
#10763 = VECTOR('',#10764,1.);
#10764 = DIRECTION('',(1.,0.));
#10765 = ( GEOMETRIC_REPRESENTATION_CONTEXT(2) 
PARAMETRIC_REPRESENTATION_CONTEXT() REPRESENTATION_CONTEXT('2D SPACE',''
  ) );
#10766 = ORIENTED_EDGE('',*,*,#10767,.F.);
#10767 = EDGE_CURVE('',#10524,#10740,#10768,.T.);
#10768 = SURFACE_CURVE('',#10769,(#10773,#10780),.PCURVE_S1.);
#10769 = LINE('',#10770,#10771);
#10770 = CARTESIAN_POINT('',(-5.,-2.75,-0.8));
#10771 = VECTOR('',#10772,1.);
#10772 = DIRECTION('',(-0.,1.,0.));
#10773 = PCURVE('',#9765,#10774);
#10774 = DEFINITIONAL_REPRESENTATION('',(#10775),#10779);
#10775 = LINE('',#10776,#10777);
#10776 = CARTESIAN_POINT('',(1.2,0.));
#10777 = VECTOR('',#10778,1.);
#10778 = DIRECTION('',(0.,-1.));
#10779 = ( GEOMETRIC_REPRESENTATION_CONTEXT(2) 
PARAMETRIC_REPRESENTATION_CONTEXT() REPRESENTATION_CONTEXT('2D SPACE',''
  ) );
#10780 = PCURVE('',#10781,#10786);
#10781 = PLANE('',#10782);
#10782 = AXIS2_PLACEMENT_3D('',#10783,#10784,#10785);
#10783 = CARTESIAN_POINT('',(-5.,-2.75,-0.8));
#10784 = DIRECTION('',(0.,0.,1.));
#10785 = DIRECTION('',(1.,0.,-0.));
#10786 = DEFINITIONAL_REPRESENTATION('',(#10787),#10791);
#10787 = LINE('',#10788,#10789);
#10788 = CARTESIAN_POINT('',(0.,0.));
#10789 = VECTOR('',#10790,1.);
#10790 = DIRECTION('',(0.,1.));
#10791 = ( GEOMETRIC_REPRESENTATION_CONTEXT(2) 
PARAMETRIC_REPRESENTATION_CONTEXT() REPRESENTATION_CONTEXT('2D SPACE',''
  ) );
#10792 = ADVANCED_FACE('',(#10793),#9935,.T.);
#10793 = FACE_BOUND('',#10794,.T.);
#10794 = EDGE_LOOP('',(#10795,#10818,#10819,#10820,#10843,#10871,#10899,
    #10927,#10950,#10978,#11006,#11034));
#10795 = ORIENTED_EDGE('',*,*,#10796,.F.);
#10796 = EDGE_CURVE('',#9892,#10797,#10799,.T.);
#10797 = VERTEX_POINT('',#10798);
#10798 = CARTESIAN_POINT('',(45.,-2.75,-0.8));
#10799 = SURFACE_CURVE('',#10800,(#10804,#10811),.PCURVE_S1.);
#10800 = LINE('',#10801,#10802);
#10801 = CARTESIAN_POINT('',(45.,-2.75,-2.));
#10802 = VECTOR('',#10803,1.);
#10803 = DIRECTION('',(0.,0.,1.));
#10804 = PCURVE('',#9935,#10805);
#10805 = DEFINITIONAL_REPRESENTATION('',(#10806),#10810);
#10806 = LINE('',#10807,#10808);
#10807 = CARTESIAN_POINT('',(0.,0.));
#10808 = VECTOR('',#10809,1.);
#10809 = DIRECTION('',(1.,0.));
#10810 = ( GEOMETRIC_REPRESENTATION_CONTEXT(2) 
PARAMETRIC_REPRESENTATION_CONTEXT() REPRESENTATION_CONTEXT('2D SPACE',''
  ) );
#10811 = PCURVE('',#9907,#10812);
#10812 = DEFINITIONAL_REPRESENTATION('',(#10813),#10817);
#10813 = LINE('',#10814,#10815);
#10814 = CARTESIAN_POINT('',(0.,50.));
#10815 = VECTOR('',#10816,1.);
#10816 = DIRECTION('',(1.,0.));
#10817 = ( GEOMETRIC_REPRESENTATION_CONTEXT(2) 
PARAMETRIC_REPRESENTATION_CONTEXT() REPRESENTATION_CONTEXT('2D SPACE',''
  ) );
#10818 = ORIENTED_EDGE('',*,*,#9919,.T.);
#10819 = ORIENTED_EDGE('',*,*,#10499,.T.);
#10820 = ORIENTED_EDGE('',*,*,#10821,.F.);
#10821 = EDGE_CURVE('',#10822,#10472,#10824,.T.);
#10822 = VERTEX_POINT('',#10823);
#10823 = CARTESIAN_POINT('',(45.,1.2375,-0.8));
#10824 = SURFACE_CURVE('',#10825,(#10829,#10836),.PCURVE_S1.);
#10825 = LINE('',#10826,#10827);
#10826 = CARTESIAN_POINT('',(45.,-2.75,-0.8));
#10827 = VECTOR('',#10828,1.);
#10828 = DIRECTION('',(-0.,1.,0.));
#10829 = PCURVE('',#9935,#10830);
#10830 = DEFINITIONAL_REPRESENTATION('',(#10831),#10835);
#10831 = LINE('',#10832,#10833);
#10832 = CARTESIAN_POINT('',(1.2,0.));
#10833 = VECTOR('',#10834,1.);
#10834 = DIRECTION('',(0.,-1.));
#10835 = ( GEOMETRIC_REPRESENTATION_CONTEXT(2) 
PARAMETRIC_REPRESENTATION_CONTEXT() REPRESENTATION_CONTEXT('2D SPACE',''
  ) );
#10836 = PCURVE('',#10487,#10837);
#10837 = DEFINITIONAL_REPRESENTATION('',(#10838),#10842);
#10838 = LINE('',#10839,#10840);
#10839 = CARTESIAN_POINT('',(50.,0.));
#10840 = VECTOR('',#10841,1.);
#10841 = DIRECTION('',(0.,1.));
#10842 = ( GEOMETRIC_REPRESENTATION_CONTEXT(2) 
PARAMETRIC_REPRESENTATION_CONTEXT() REPRESENTATION_CONTEXT('2D SPACE',''
  ) );
#10843 = ORIENTED_EDGE('',*,*,#10844,.T.);
#10844 = EDGE_CURVE('',#10822,#10845,#10847,.T.);
#10845 = VERTEX_POINT('',#10846);
#10846 = CARTESIAN_POINT('',(45.,1.2375,0.8));
#10847 = SURFACE_CURVE('',#10848,(#10852,#10859),.PCURVE_S1.);
#10848 = LINE('',#10849,#10850);
#10849 = CARTESIAN_POINT('',(45.,1.2375,-0.8));
#10850 = VECTOR('',#10851,1.);
#10851 = DIRECTION('',(0.,0.,1.));
#10852 = PCURVE('',#9935,#10853);
#10853 = DEFINITIONAL_REPRESENTATION('',(#10854),#10858);
#10854 = LINE('',#10855,#10856);
#10855 = CARTESIAN_POINT('',(1.2,-3.9875));
#10856 = VECTOR('',#10857,1.);
#10857 = DIRECTION('',(1.,0.));
#10858 = ( GEOMETRIC_REPRESENTATION_CONTEXT(2) 
PARAMETRIC_REPRESENTATION_CONTEXT() REPRESENTATION_CONTEXT('2D SPACE',''
  ) );
#10859 = PCURVE('',#10860,#10865);
#10860 = PLANE('',#10861);
#10861 = AXIS2_PLACEMENT_3D('',#10862,#10863,#10864);
#10862 = CARTESIAN_POINT('',(-5.,1.2375,-0.8));
#10863 = DIRECTION('',(-0.,1.,0.));
#10864 = DIRECTION('',(0.,0.,1.));
#10865 = DEFINITIONAL_REPRESENTATION('',(#10866),#10870);
#10866 = LINE('',#10867,#10868);
#10867 = CARTESIAN_POINT('',(0.,50.));
#10868 = VECTOR('',#10869,1.);
#10869 = DIRECTION('',(1.,0.));
#10870 = ( GEOMETRIC_REPRESENTATION_CONTEXT(2) 
PARAMETRIC_REPRESENTATION_CONTEXT() REPRESENTATION_CONTEXT('2D SPACE',''
  ) );
#10871 = ORIENTED_EDGE('',*,*,#10872,.T.);
#10872 = EDGE_CURVE('',#10845,#10873,#10875,.T.);
#10873 = VERTEX_POINT('',#10874);
#10874 = CARTESIAN_POINT('',(45.,2.75,0.8));
#10875 = SURFACE_CURVE('',#10876,(#10880,#10887),.PCURVE_S1.);
#10876 = LINE('',#10877,#10878);
#10877 = CARTESIAN_POINT('',(45.,-2.75,0.8));
#10878 = VECTOR('',#10879,1.);
#10879 = DIRECTION('',(-0.,1.,0.));
#10880 = PCURVE('',#9935,#10881);
#10881 = DEFINITIONAL_REPRESENTATION('',(#10882),#10886);
#10882 = LINE('',#10883,#10884);
#10883 = CARTESIAN_POINT('',(2.8,0.));
#10884 = VECTOR('',#10885,1.);
#10885 = DIRECTION('',(0.,-1.));
#10886 = ( GEOMETRIC_REPRESENTATION_CONTEXT(2) 
PARAMETRIC_REPRESENTATION_CONTEXT() REPRESENTATION_CONTEXT('2D SPACE',''
  ) );
#10887 = PCURVE('',#10888,#10893);
#10888 = PLANE('',#10889);
#10889 = AXIS2_PLACEMENT_3D('',#10890,#10891,#10892);
#10890 = CARTESIAN_POINT('',(-5.,-2.75,0.8));
#10891 = DIRECTION('',(0.,0.,1.));
#10892 = DIRECTION('',(1.,0.,-0.));
#10893 = DEFINITIONAL_REPRESENTATION('',(#10894),#10898);
#10894 = LINE('',#10895,#10896);
#10895 = CARTESIAN_POINT('',(50.,0.));
#10896 = VECTOR('',#10897,1.);
#10897 = DIRECTION('',(0.,1.));
#10898 = ( GEOMETRIC_REPRESENTATION_CONTEXT(2) 
PARAMETRIC_REPRESENTATION_CONTEXT() REPRESENTATION_CONTEXT('2D SPACE',''
  ) );
#10899 = ORIENTED_EDGE('',*,*,#10900,.T.);
#10900 = EDGE_CURVE('',#10873,#10901,#10903,.T.);
#10901 = VERTEX_POINT('',#10902);
#10902 = CARTESIAN_POINT('',(45.,2.75,2.));
#10903 = SURFACE_CURVE('',#10904,(#10908,#10915),.PCURVE_S1.);
#10904 = LINE('',#10905,#10906);
#10905 = CARTESIAN_POINT('',(45.,2.75,0.8));
#10906 = VECTOR('',#10907,1.);
#10907 = DIRECTION('',(0.,0.,1.));
#10908 = PCURVE('',#9935,#10909);
#10909 = DEFINITIONAL_REPRESENTATION('',(#10910),#10914);
#10910 = LINE('',#10911,#10912);
#10911 = CARTESIAN_POINT('',(2.8,-5.5));
#10912 = VECTOR('',#10913,1.);
#10913 = DIRECTION('',(1.,0.));
#10914 = ( GEOMETRIC_REPRESENTATION_CONTEXT(2) 
PARAMETRIC_REPRESENTATION_CONTEXT() REPRESENTATION_CONTEXT('2D SPACE',''
  ) );
#10915 = PCURVE('',#10916,#10921);
#10916 = PLANE('',#10917);
#10917 = AXIS2_PLACEMENT_3D('',#10918,#10919,#10920);
#10918 = CARTESIAN_POINT('',(-5.,2.75,0.8));
#10919 = DIRECTION('',(-0.,1.,0.));
#10920 = DIRECTION('',(0.,0.,1.));
#10921 = DEFINITIONAL_REPRESENTATION('',(#10922),#10926);
#10922 = LINE('',#10923,#10924);
#10923 = CARTESIAN_POINT('',(0.,50.));
#10924 = VECTOR('',#10925,1.);
#10925 = DIRECTION('',(1.,0.));
#10926 = ( GEOMETRIC_REPRESENTATION_CONTEXT(2) 
PARAMETRIC_REPRESENTATION_CONTEXT() REPRESENTATION_CONTEXT('2D SPACE',''
  ) );
#10927 = ORIENTED_EDGE('',*,*,#10928,.F.);
#10928 = EDGE_CURVE('',#10929,#10901,#10931,.T.);
#10929 = VERTEX_POINT('',#10930);
#10930 = CARTESIAN_POINT('',(45.,-2.75,2.));
#10931 = SURFACE_CURVE('',#10932,(#10936,#10943),.PCURVE_S1.);
#10932 = LINE('',#10933,#10934);
#10933 = CARTESIAN_POINT('',(45.,-2.75,2.));
#10934 = VECTOR('',#10935,1.);
#10935 = DIRECTION('',(-0.,1.,0.));
#10936 = PCURVE('',#9935,#10937);
#10937 = DEFINITIONAL_REPRESENTATION('',(#10938),#10942);
#10938 = LINE('',#10939,#10940);
#10939 = CARTESIAN_POINT('',(4.,0.));
#10940 = VECTOR('',#10941,1.);
#10941 = DIRECTION('',(0.,-1.));
#10942 = ( GEOMETRIC_REPRESENTATION_CONTEXT(2) 
PARAMETRIC_REPRESENTATION_CONTEXT() REPRESENTATION_CONTEXT('2D SPACE',''
  ) );
#10943 = PCURVE('',#10671,#10944);
#10944 = DEFINITIONAL_REPRESENTATION('',(#10945),#10949);
#10945 = LINE('',#10946,#10947);
#10946 = CARTESIAN_POINT('',(50.,0.));
#10947 = VECTOR('',#10948,1.);
#10948 = DIRECTION('',(0.,1.));
#10949 = ( GEOMETRIC_REPRESENTATION_CONTEXT(2) 
PARAMETRIC_REPRESENTATION_CONTEXT() REPRESENTATION_CONTEXT('2D SPACE',''
  ) );
#10950 = ORIENTED_EDGE('',*,*,#10951,.F.);
#10951 = EDGE_CURVE('',#10952,#10929,#10954,.T.);
#10952 = VERTEX_POINT('',#10953);
#10953 = CARTESIAN_POINT('',(45.,-2.75,0.8));
#10954 = SURFACE_CURVE('',#10955,(#10959,#10966),.PCURVE_S1.);
#10955 = LINE('',#10956,#10957);
#10956 = CARTESIAN_POINT('',(45.,-2.75,0.8));
#10957 = VECTOR('',#10958,1.);
#10958 = DIRECTION('',(0.,0.,1.));
#10959 = PCURVE('',#9935,#10960);
#10960 = DEFINITIONAL_REPRESENTATION('',(#10961),#10965);
#10961 = LINE('',#10962,#10963);
#10962 = CARTESIAN_POINT('',(2.8,0.));
#10963 = VECTOR('',#10964,1.);
#10964 = DIRECTION('',(1.,0.));
#10965 = ( GEOMETRIC_REPRESENTATION_CONTEXT(2) 
PARAMETRIC_REPRESENTATION_CONTEXT() REPRESENTATION_CONTEXT('2D SPACE',''
  ) );
#10966 = PCURVE('',#10967,#10972);
#10967 = PLANE('',#10968);
#10968 = AXIS2_PLACEMENT_3D('',#10969,#10970,#10971);
#10969 = CARTESIAN_POINT('',(-5.,-2.75,0.8));
#10970 = DIRECTION('',(-0.,1.,0.));
#10971 = DIRECTION('',(0.,0.,1.));
#10972 = DEFINITIONAL_REPRESENTATION('',(#10973),#10977);
#10973 = LINE('',#10974,#10975);
#10974 = CARTESIAN_POINT('',(0.,50.));
#10975 = VECTOR('',#10976,1.);
#10976 = DIRECTION('',(1.,0.));
#10977 = ( GEOMETRIC_REPRESENTATION_CONTEXT(2) 
PARAMETRIC_REPRESENTATION_CONTEXT() REPRESENTATION_CONTEXT('2D SPACE',''
  ) );
#10978 = ORIENTED_EDGE('',*,*,#10979,.T.);
#10979 = EDGE_CURVE('',#10952,#10980,#10982,.T.);
#10980 = VERTEX_POINT('',#10981);
#10981 = CARTESIAN_POINT('',(45.,-1.2375,0.8));
#10982 = SURFACE_CURVE('',#10983,(#10987,#10994),.PCURVE_S1.);
#10983 = LINE('',#10984,#10985);
#10984 = CARTESIAN_POINT('',(45.,-2.75,0.8));
#10985 = VECTOR('',#10986,1.);
#10986 = DIRECTION('',(-0.,1.,0.));
#10987 = PCURVE('',#9935,#10988);
#10988 = DEFINITIONAL_REPRESENTATION('',(#10989),#10993);
#10989 = LINE('',#10990,#10991);
#10990 = CARTESIAN_POINT('',(2.8,0.));
#10991 = VECTOR('',#10992,1.);
#10992 = DIRECTION('',(0.,-1.));
#10993 = ( GEOMETRIC_REPRESENTATION_CONTEXT(2) 
PARAMETRIC_REPRESENTATION_CONTEXT() REPRESENTATION_CONTEXT('2D SPACE',''
  ) );
#10994 = PCURVE('',#10995,#11000);
#10995 = PLANE('',#10996);
#10996 = AXIS2_PLACEMENT_3D('',#10997,#10998,#10999);
#10997 = CARTESIAN_POINT('',(-5.,-2.75,0.8));
#10998 = DIRECTION('',(0.,0.,1.));
#10999 = DIRECTION('',(1.,0.,-0.));
#11000 = DEFINITIONAL_REPRESENTATION('',(#11001),#11005);
#11001 = LINE('',#11002,#11003);
#11002 = CARTESIAN_POINT('',(50.,0.));
#11003 = VECTOR('',#11004,1.);
#11004 = DIRECTION('',(0.,1.));
#11005 = ( GEOMETRIC_REPRESENTATION_CONTEXT(2) 
PARAMETRIC_REPRESENTATION_CONTEXT() REPRESENTATION_CONTEXT('2D SPACE',''
  ) );
#11006 = ORIENTED_EDGE('',*,*,#11007,.F.);
#11007 = EDGE_CURVE('',#11008,#10980,#11010,.T.);
#11008 = VERTEX_POINT('',#11009);
#11009 = CARTESIAN_POINT('',(45.,-1.2375,-0.8));
#11010 = SURFACE_CURVE('',#11011,(#11015,#11022),.PCURVE_S1.);
#11011 = LINE('',#11012,#11013);
#11012 = CARTESIAN_POINT('',(45.,-1.2375,-0.8));
#11013 = VECTOR('',#11014,1.);
#11014 = DIRECTION('',(0.,0.,1.));
#11015 = PCURVE('',#9935,#11016);
#11016 = DEFINITIONAL_REPRESENTATION('',(#11017),#11021);
#11017 = LINE('',#11018,#11019);
#11018 = CARTESIAN_POINT('',(1.2,-1.5125));
#11019 = VECTOR('',#11020,1.);
#11020 = DIRECTION('',(1.,0.));
#11021 = ( GEOMETRIC_REPRESENTATION_CONTEXT(2) 
PARAMETRIC_REPRESENTATION_CONTEXT() REPRESENTATION_CONTEXT('2D SPACE',''
  ) );
#11022 = PCURVE('',#11023,#11028);
#11023 = PLANE('',#11024);
#11024 = AXIS2_PLACEMENT_3D('',#11025,#11026,#11027);
#11025 = CARTESIAN_POINT('',(-5.,-1.2375,-0.8));
#11026 = DIRECTION('',(-0.,1.,0.));
#11027 = DIRECTION('',(0.,0.,1.));
#11028 = DEFINITIONAL_REPRESENTATION('',(#11029),#11033);
#11029 = LINE('',#11030,#11031);
#11030 = CARTESIAN_POINT('',(0.,50.));
#11031 = VECTOR('',#11032,1.);
#11032 = DIRECTION('',(1.,0.));
#11033 = ( GEOMETRIC_REPRESENTATION_CONTEXT(2) 
PARAMETRIC_REPRESENTATION_CONTEXT() REPRESENTATION_CONTEXT('2D SPACE',''
  ) );
#11034 = ORIENTED_EDGE('',*,*,#11035,.F.);
#11035 = EDGE_CURVE('',#10797,#11008,#11036,.T.);
#11036 = SURFACE_CURVE('',#11037,(#11041,#11048),.PCURVE_S1.);
#11037 = LINE('',#11038,#11039);
#11038 = CARTESIAN_POINT('',(45.,-2.75,-0.8));
#11039 = VECTOR('',#11040,1.);
#11040 = DIRECTION('',(-0.,1.,0.));
#11041 = PCURVE('',#9935,#11042);
#11042 = DEFINITIONAL_REPRESENTATION('',(#11043),#11047);
#11043 = LINE('',#11044,#11045);
#11044 = CARTESIAN_POINT('',(1.2,0.));
#11045 = VECTOR('',#11046,1.);
#11046 = DIRECTION('',(0.,-1.));
#11047 = ( GEOMETRIC_REPRESENTATION_CONTEXT(2) 
PARAMETRIC_REPRESENTATION_CONTEXT() REPRESENTATION_CONTEXT('2D SPACE',''
  ) );
#11048 = PCURVE('',#11049,#11054);
#11049 = PLANE('',#11050);
#11050 = AXIS2_PLACEMENT_3D('',#11051,#11052,#11053);
#11051 = CARTESIAN_POINT('',(-5.,-2.75,-0.8));
#11052 = DIRECTION('',(0.,0.,1.));
#11053 = DIRECTION('',(1.,0.,-0.));
#11054 = DEFINITIONAL_REPRESENTATION('',(#11055),#11059);
#11055 = LINE('',#11056,#11057);
#11056 = CARTESIAN_POINT('',(50.,0.));
#11057 = VECTOR('',#11058,1.);
#11058 = DIRECTION('',(0.,1.));
#11059 = ( GEOMETRIC_REPRESENTATION_CONTEXT(2) 
PARAMETRIC_REPRESENTATION_CONTEXT() REPRESENTATION_CONTEXT('2D SPACE',''
  ) );
#11060 = ADVANCED_FACE('',(#11061),#9793,.F.);
#11061 = FACE_BOUND('',#11062,.F.);
#11062 = EDGE_LOOP('',(#11063,#11064,#11065,#11088,#11114));
#11063 = ORIENTED_EDGE('',*,*,#9777,.F.);
#11064 = ORIENTED_EDGE('',*,*,#10523,.T.);
#11065 = ORIENTED_EDGE('',*,*,#11066,.T.);
#11066 = EDGE_CURVE('',#10524,#11067,#11069,.T.);
#11067 = VERTEX_POINT('',#11068);
#11068 = CARTESIAN_POINT('',(-4.175823272123,-2.75,-0.8));
#11069 = SURFACE_CURVE('',#11070,(#11074,#11081),.PCURVE_S1.);
#11070 = LINE('',#11071,#11072);
#11071 = CARTESIAN_POINT('',(-5.,-2.75,-0.8));
#11072 = VECTOR('',#11073,1.);
#11073 = DIRECTION('',(1.,0.,-0.));
#11074 = PCURVE('',#9793,#11075);
#11075 = DEFINITIONAL_REPRESENTATION('',(#11076),#11080);
#11076 = LINE('',#11077,#11078);
#11077 = CARTESIAN_POINT('',(1.2,0.));
#11078 = VECTOR('',#11079,1.);
#11079 = DIRECTION('',(0.,1.));
#11080 = ( GEOMETRIC_REPRESENTATION_CONTEXT(2) 
PARAMETRIC_REPRESENTATION_CONTEXT() REPRESENTATION_CONTEXT('2D SPACE',''
  ) );
#11081 = PCURVE('',#10781,#11082);
#11082 = DEFINITIONAL_REPRESENTATION('',(#11083),#11087);
#11083 = LINE('',#11084,#11085);
#11084 = CARTESIAN_POINT('',(0.,0.));
#11085 = VECTOR('',#11086,1.);
#11086 = DIRECTION('',(1.,0.));
#11087 = ( GEOMETRIC_REPRESENTATION_CONTEXT(2) 
PARAMETRIC_REPRESENTATION_CONTEXT() REPRESENTATION_CONTEXT('2D SPACE',''
  ) );
#11088 = ORIENTED_EDGE('',*,*,#11089,.F.);
#11089 = EDGE_CURVE('',#11090,#11067,#11092,.T.);
#11090 = VERTEX_POINT('',#11091);
#11091 = CARTESIAN_POINT('',(-4.175823272123,-2.75,-1.4));
#11092 = SURFACE_CURVE('',#11093,(#11097,#11103),.PCURVE_S1.);
#11093 = LINE('',#11094,#11095);
#11094 = CARTESIAN_POINT('',(-4.175823272123,-2.75,-2.));
#11095 = VECTOR('',#11096,1.);
#11096 = DIRECTION('',(0.,0.,1.));
#11097 = PCURVE('',#9793,#11098);
#11098 = DEFINITIONAL_REPRESENTATION('',(#11099),#11102);
#11099 = B_SPLINE_CURVE_WITH_KNOTS('',1,(#11100,#11101),.UNSPECIFIED.,
  .F.,.F.,(2,2),(0.599989370631,1.32),.PIECEWISE_BEZIER_KNOTS.);
#11100 = CARTESIAN_POINT('',(0.599989370631,0.824176727877));
#11101 = CARTESIAN_POINT('',(1.32,0.824176727877));
#11102 = ( GEOMETRIC_REPRESENTATION_CONTEXT(2) 
PARAMETRIC_REPRESENTATION_CONTEXT() REPRESENTATION_CONTEXT('2D SPACE',''
  ) );
#11103 = PCURVE('',#11104,#11109);
#11104 = CYLINDRICAL_SURFACE('',#11105,5.);
#11105 = AXIS2_PLACEMENT_3D('',#11106,#11107,#11108);
#11106 = CARTESIAN_POINT('',(0.,0.,-2.));
#11107 = DIRECTION('',(0.,0.,1.));
#11108 = DIRECTION('',(1.,0.,-0.));
#11109 = DEFINITIONAL_REPRESENTATION('',(#11110),#11113);
#11110 = B_SPLINE_CURVE_WITH_KNOTS('',1,(#11111,#11112),.UNSPECIFIED.,
  .F.,.F.,(2,2),(0.599989370631,1.32),.PIECEWISE_BEZIER_KNOTS.);
#11111 = CARTESIAN_POINT('',(3.723956891459,0.599989370631));
#11112 = CARTESIAN_POINT('',(3.723956891459,1.32));
#11113 = ( GEOMETRIC_REPRESENTATION_CONTEXT(2) 
PARAMETRIC_REPRESENTATION_CONTEXT() REPRESENTATION_CONTEXT('2D SPACE',''
  ) );
#11114 = ORIENTED_EDGE('',*,*,#11115,.T.);
#11115 = EDGE_CURVE('',#11090,#9778,#11116,.T.);
#11116 = SURFACE_CURVE('',#11117,(#11122,#11129),.PCURVE_S1.);
#11117 = HYPERBOLA('',#11118,2.75,2.75);
#11118 = AXIS2_PLACEMENT_3D('',#11119,#11120,#11121);
#11119 = CARTESIAN_POINT('',(0.,-2.75,-6.4));
#11120 = DIRECTION('',(-0.,1.,0.));
#11121 = DIRECTION('',(0.,0.,1.));
#11122 = PCURVE('',#9793,#11123);
#11123 = DEFINITIONAL_REPRESENTATION('',(#11124),#11128);
#11124 = ( BOUNDED_CURVE() B_SPLINE_CURVE(2,(#11125,#11126,#11127),
.UNSPECIFIED.,.F.,.F.) B_SPLINE_CURVE_WITH_KNOTS((3,3),(-1.204971208168,
-1.046967915003),.PIECEWISE_BEZIER_KNOTS.) CURVE() 
GEOMETRIC_REPRESENTATION_ITEM() RATIONAL_B_SPLINE_CURVE((1.,
1.003122253474,1.)) REPRESENTATION_ITEM('') );
#11125 = CARTESIAN_POINT('',(0.6,0.824176727877));
#11126 = CARTESIAN_POINT('',(0.270787700728,1.218365224156));
#11127 = CARTESIAN_POINT('',(8.881784197001E-16,1.565251100881));
#11128 = ( GEOMETRIC_REPRESENTATION_CONTEXT(2) 
PARAMETRIC_REPRESENTATION_CONTEXT() REPRESENTATION_CONTEXT('2D SPACE',''
  ) );
#11129 = PCURVE('',#9822,#11130);
#11130 = DEFINITIONAL_REPRESENTATION('',(#11131),#11138);
#11131 = B_SPLINE_CURVE_WITH_KNOTS('',5,(#11132,#11133,#11134,#11135,
    #11136,#11137),.UNSPECIFIED.,.F.,.F.,(6,6),(-1.204971208168,
    -1.046967915003),.PIECEWISE_BEZIER_KNOTS.);
#11132 = CARTESIAN_POINT('',(3.723956891459,2.22044604925E-16));
#11133 = CARTESIAN_POINT('',(3.741337253707,-0.131958765734));
#11134 = CARTESIAN_POINT('',(3.759290989976,-0.257676273539));
#11135 = CARTESIAN_POINT('',(3.777832374696,-0.377427038356));
#11136 = CARTESIAN_POINT('',(3.796973774881,-0.491459672549));
#11137 = CARTESIAN_POINT('',(3.816724186527,-0.6));
#11138 = ( GEOMETRIC_REPRESENTATION_CONTEXT(2) 
PARAMETRIC_REPRESENTATION_CONTEXT() REPRESENTATION_CONTEXT('2D SPACE',''
  ) );
#11139 = ADVANCED_FACE('',(#11140),#9907,.F.);
#11140 = FACE_BOUND('',#11141,.F.);
#11141 = EDGE_LOOP('',(#11142,#11143,#11170,#11196,#11217));
#11142 = ORIENTED_EDGE('',*,*,#9891,.F.);
#11143 = ORIENTED_EDGE('',*,*,#11144,.T.);
#11144 = EDGE_CURVE('',#9863,#11145,#11147,.T.);
#11145 = VERTEX_POINT('',#11146);
#11146 = CARTESIAN_POINT('',(44.175823272122,-2.75,-1.4));
#11147 = SURFACE_CURVE('',#11148,(#11153,#11160),.PCURVE_S1.);
#11148 = HYPERBOLA('',#11149,2.75,2.75);
#11149 = AXIS2_PLACEMENT_3D('',#11150,#11151,#11152);
#11150 = CARTESIAN_POINT('',(40.,-2.75,-6.4));
#11151 = DIRECTION('',(-0.,1.,0.));
#11152 = DIRECTION('',(0.,0.,1.));
#11153 = PCURVE('',#9907,#11154);
#11154 = DEFINITIONAL_REPRESENTATION('',(#11155),#11159);
#11155 = ( BOUNDED_CURVE() B_SPLINE_CURVE(2,(#11156,#11157,#11158),
.UNSPECIFIED.,.F.,.F.) B_SPLINE_CURVE_WITH_KNOTS((3,3),(1.046967915003,
1.204971208168),.PIECEWISE_BEZIER_KNOTS.) CURVE() 
GEOMETRIC_REPRESENTATION_ITEM() RATIONAL_B_SPLINE_CURVE((1.,
1.003122253474,1.)) REPRESENTATION_ITEM('') );
#11156 = CARTESIAN_POINT('',(-1.7763568394E-15,48.434748899119));
#11157 = CARTESIAN_POINT('',(0.270787700728,48.781634775844));
#11158 = CARTESIAN_POINT('',(0.6,49.175823272123));
#11159 = ( GEOMETRIC_REPRESENTATION_CONTEXT(2) 
PARAMETRIC_REPRESENTATION_CONTEXT() REPRESENTATION_CONTEXT('2D SPACE',''
  ) );
#11160 = PCURVE('',#9879,#11161);
#11161 = DEFINITIONAL_REPRESENTATION('',(#11162),#11169);
#11162 = B_SPLINE_CURVE_WITH_KNOTS('',5,(#11163,#11164,#11165,#11166,
    #11167,#11168),.UNSPECIFIED.,.F.,.F.,(6,6),(1.046967915003,
    1.204971208168),.PIECEWISE_BEZIER_KNOTS.);
#11163 = CARTESIAN_POINT('',(5.608053774243,-0.6));
#11164 = CARTESIAN_POINT('',(5.627804185888,-0.491459672549));
#11165 = CARTESIAN_POINT('',(5.646945586074,-0.377427038356));
#11166 = CARTESIAN_POINT('',(5.665486970793,-0.257676273539));
#11167 = CARTESIAN_POINT('',(5.683440707063,-0.131958765734));
#11168 = CARTESIAN_POINT('',(5.700821069311,-1.998401444325E-15));
#11169 = ( GEOMETRIC_REPRESENTATION_CONTEXT(2) 
PARAMETRIC_REPRESENTATION_CONTEXT() REPRESENTATION_CONTEXT('2D SPACE',''
  ) );
#11170 = ORIENTED_EDGE('',*,*,#11171,.T.);
#11171 = EDGE_CURVE('',#11145,#11172,#11174,.T.);
#11172 = VERTEX_POINT('',#11173);
#11173 = CARTESIAN_POINT('',(44.175823272122,-2.75,-0.8));
#11174 = SURFACE_CURVE('',#11175,(#11179,#11185),.PCURVE_S1.);
#11175 = LINE('',#11176,#11177);
#11176 = CARTESIAN_POINT('',(44.175823272123,-2.75,-2.));
#11177 = VECTOR('',#11178,1.);
#11178 = DIRECTION('',(0.,0.,1.));
#11179 = PCURVE('',#9907,#11180);
#11180 = DEFINITIONAL_REPRESENTATION('',(#11181),#11184);
#11181 = B_SPLINE_CURVE_WITH_KNOTS('',1,(#11182,#11183),.UNSPECIFIED.,
  .F.,.F.,(2,2),(0.599989370631,1.32),.PIECEWISE_BEZIER_KNOTS.);
#11182 = CARTESIAN_POINT('',(0.599989370631,49.175823272123));
#11183 = CARTESIAN_POINT('',(1.32,49.175823272123));
#11184 = ( GEOMETRIC_REPRESENTATION_CONTEXT(2) 
PARAMETRIC_REPRESENTATION_CONTEXT() REPRESENTATION_CONTEXT('2D SPACE',''
  ) );
#11185 = PCURVE('',#11186,#11191);
#11186 = CYLINDRICAL_SURFACE('',#11187,5.);
#11187 = AXIS2_PLACEMENT_3D('',#11188,#11189,#11190);
#11188 = CARTESIAN_POINT('',(40.,0.,-2.));
#11189 = DIRECTION('',(0.,0.,1.));
#11190 = DIRECTION('',(1.,0.,-0.));
#11191 = DEFINITIONAL_REPRESENTATION('',(#11192),#11195);
#11192 = B_SPLINE_CURVE_WITH_KNOTS('',1,(#11193,#11194),.UNSPECIFIED.,
  .F.,.F.,(2,2),(0.599989370631,1.32),.PIECEWISE_BEZIER_KNOTS.);
#11193 = CARTESIAN_POINT('',(5.700821069311,0.599989370631));
#11194 = CARTESIAN_POINT('',(5.700821069311,1.32));
#11195 = ( GEOMETRIC_REPRESENTATION_CONTEXT(2) 
PARAMETRIC_REPRESENTATION_CONTEXT() REPRESENTATION_CONTEXT('2D SPACE',''
  ) );
#11196 = ORIENTED_EDGE('',*,*,#11197,.T.);
#11197 = EDGE_CURVE('',#11172,#10797,#11198,.T.);
#11198 = SURFACE_CURVE('',#11199,(#11203,#11210),.PCURVE_S1.);
#11199 = LINE('',#11200,#11201);
#11200 = CARTESIAN_POINT('',(-5.,-2.75,-0.8));
#11201 = VECTOR('',#11202,1.);
#11202 = DIRECTION('',(1.,0.,-0.));
#11203 = PCURVE('',#9907,#11204);
#11204 = DEFINITIONAL_REPRESENTATION('',(#11205),#11209);
#11205 = LINE('',#11206,#11207);
#11206 = CARTESIAN_POINT('',(1.2,0.));
#11207 = VECTOR('',#11208,1.);
#11208 = DIRECTION('',(0.,1.));
#11209 = ( GEOMETRIC_REPRESENTATION_CONTEXT(2) 
PARAMETRIC_REPRESENTATION_CONTEXT() REPRESENTATION_CONTEXT('2D SPACE',''
  ) );
#11210 = PCURVE('',#11049,#11211);
#11211 = DEFINITIONAL_REPRESENTATION('',(#11212),#11216);
#11212 = LINE('',#11213,#11214);
#11213 = CARTESIAN_POINT('',(0.,0.));
#11214 = VECTOR('',#11215,1.);
#11215 = DIRECTION('',(1.,0.));
#11216 = ( GEOMETRIC_REPRESENTATION_CONTEXT(2) 
PARAMETRIC_REPRESENTATION_CONTEXT() REPRESENTATION_CONTEXT('2D SPACE',''
  ) );
#11217 = ORIENTED_EDGE('',*,*,#10796,.F.);
#11218 = ADVANCED_FACE('',(#11219),#9822,.T.);
#11219 = FACE_BOUND('',#11220,.F.);
#11220 = EDGE_LOOP('',(#11221,#11245,#11270,#11271));
#11221 = ORIENTED_EDGE('',*,*,#11222,.T.);
#11222 = EDGE_CURVE('',#11090,#11223,#11225,.T.);
#11223 = VERTEX_POINT('',#11224);
#11224 = CARTESIAN_POINT('',(4.175823272123,-2.75,-1.4));
#11225 = SURFACE_CURVE('',#11226,(#11231,#11238),.PCURVE_S1.);
#11226 = CIRCLE('',#11227,5.);
#11227 = AXIS2_PLACEMENT_3D('',#11228,#11229,#11230);
#11228 = CARTESIAN_POINT('',(0.,0.,-1.4));
#11229 = DIRECTION('',(0.,0.,1.));
#11230 = DIRECTION('',(1.,0.,-0.));
#11231 = PCURVE('',#9822,#11232);
#11232 = DEFINITIONAL_REPRESENTATION('',(#11233),#11237);
#11233 = LINE('',#11234,#11235);
#11234 = CARTESIAN_POINT('',(0.,-0.));
#11235 = VECTOR('',#11236,1.);
#11236 = DIRECTION('',(1.,-0.));
#11237 = ( GEOMETRIC_REPRESENTATION_CONTEXT(2) 
PARAMETRIC_REPRESENTATION_CONTEXT() REPRESENTATION_CONTEXT('2D SPACE',''
  ) );
#11238 = PCURVE('',#11104,#11239);
#11239 = DEFINITIONAL_REPRESENTATION('',(#11240),#11244);
#11240 = LINE('',#11241,#11242);
#11241 = CARTESIAN_POINT('',(0.,0.6));
#11242 = VECTOR('',#11243,1.);
#11243 = DIRECTION('',(1.,0.));
#11244 = ( GEOMETRIC_REPRESENTATION_CONTEXT(2) 
PARAMETRIC_REPRESENTATION_CONTEXT() REPRESENTATION_CONTEXT('2D SPACE',''
  ) );
#11245 = ORIENTED_EDGE('',*,*,#11246,.F.);
#11246 = EDGE_CURVE('',#9806,#11223,#11247,.T.);
#11247 = SURFACE_CURVE('',#11248,(#11253,#11263),.PCURVE_S1.);
#11248 = HYPERBOLA('',#11249,2.75,2.75);
#11249 = AXIS2_PLACEMENT_3D('',#11250,#11251,#11252);
#11250 = CARTESIAN_POINT('',(0.,-2.75,-6.4));
#11251 = DIRECTION('',(-0.,1.,0.));
#11252 = DIRECTION('',(0.,0.,1.));
#11253 = PCURVE('',#9822,#11254);
#11254 = DEFINITIONAL_REPRESENTATION('',(#11255),#11262);
#11255 = B_SPLINE_CURVE_WITH_KNOTS('',5,(#11256,#11257,#11258,#11259,
    #11260,#11261),.UNSPECIFIED.,.F.,.F.,(6,6),(1.046967915003,
    1.204971208168),.PIECEWISE_BEZIER_KNOTS.);
#11256 = CARTESIAN_POINT('',(5.608053774243,-0.6));
#11257 = CARTESIAN_POINT('',(5.627804185888,-0.491459672549));
#11258 = CARTESIAN_POINT('',(5.646945586074,-0.377427038356));
#11259 = CARTESIAN_POINT('',(5.665486970793,-0.257676273539));
#11260 = CARTESIAN_POINT('',(5.683440707063,-0.131958765734));
#11261 = CARTESIAN_POINT('',(5.700821069311,-6.661338147751E-16));
#11262 = ( GEOMETRIC_REPRESENTATION_CONTEXT(2) 
PARAMETRIC_REPRESENTATION_CONTEXT() REPRESENTATION_CONTEXT('2D SPACE',''
  ) );
#11263 = PCURVE('',#9850,#11264);
#11264 = DEFINITIONAL_REPRESENTATION('',(#11265),#11269);
#11265 = ( BOUNDED_CURVE() B_SPLINE_CURVE(2,(#11266,#11267,#11268),
.UNSPECIFIED.,.F.,.F.) B_SPLINE_CURVE_WITH_KNOTS((3,3),(1.046967915003,
1.204971208168),.PIECEWISE_BEZIER_KNOTS.) CURVE() 
GEOMETRIC_REPRESENTATION_ITEM() RATIONAL_B_SPLINE_CURVE((1.,
1.003122253474,1.)) REPRESENTATION_ITEM('') );
#11266 = CARTESIAN_POINT('',(0.,8.434748899119));
#11267 = CARTESIAN_POINT('',(0.270787700728,8.781634775844));
#11268 = CARTESIAN_POINT('',(0.6,9.175823272123));
#11269 = ( GEOMETRIC_REPRESENTATION_CONTEXT(2) 
PARAMETRIC_REPRESENTATION_CONTEXT() REPRESENTATION_CONTEXT('2D SPACE',''
  ) );
#11270 = ORIENTED_EDGE('',*,*,#9805,.F.);
#11271 = ORIENTED_EDGE('',*,*,#11115,.F.);
#11272 = ADVANCED_FACE('',(#11273),#9879,.T.);
#11273 = FACE_BOUND('',#11274,.F.);
#11274 = EDGE_LOOP('',(#11275,#11299,#11300,#11301));
#11275 = ORIENTED_EDGE('',*,*,#11276,.T.);
#11276 = EDGE_CURVE('',#11277,#11145,#11279,.T.);
#11277 = VERTEX_POINT('',#11278);
#11278 = CARTESIAN_POINT('',(35.824176727878,-2.75,-1.4));
#11279 = SURFACE_CURVE('',#11280,(#11285,#11292),.PCURVE_S1.);
#11280 = CIRCLE('',#11281,5.);
#11281 = AXIS2_PLACEMENT_3D('',#11282,#11283,#11284);
#11282 = CARTESIAN_POINT('',(40.,0.,-1.4));
#11283 = DIRECTION('',(0.,0.,1.));
#11284 = DIRECTION('',(1.,0.,-0.));
#11285 = PCURVE('',#9879,#11286);
#11286 = DEFINITIONAL_REPRESENTATION('',(#11287),#11291);
#11287 = LINE('',#11288,#11289);
#11288 = CARTESIAN_POINT('',(0.,-0.));
#11289 = VECTOR('',#11290,1.);
#11290 = DIRECTION('',(1.,-0.));
#11291 = ( GEOMETRIC_REPRESENTATION_CONTEXT(2) 
PARAMETRIC_REPRESENTATION_CONTEXT() REPRESENTATION_CONTEXT('2D SPACE',''
  ) );
#11292 = PCURVE('',#11186,#11293);
#11293 = DEFINITIONAL_REPRESENTATION('',(#11294),#11298);
#11294 = LINE('',#11295,#11296);
#11295 = CARTESIAN_POINT('',(0.,0.6));
#11296 = VECTOR('',#11297,1.);
#11297 = DIRECTION('',(1.,0.));
#11298 = ( GEOMETRIC_REPRESENTATION_CONTEXT(2) 
PARAMETRIC_REPRESENTATION_CONTEXT() REPRESENTATION_CONTEXT('2D SPACE',''
  ) );
#11299 = ORIENTED_EDGE('',*,*,#11144,.F.);
#11300 = ORIENTED_EDGE('',*,*,#9862,.F.);
#11301 = ORIENTED_EDGE('',*,*,#11302,.F.);
#11302 = EDGE_CURVE('',#11277,#9835,#11303,.T.);
#11303 = SURFACE_CURVE('',#11304,(#11309,#11319),.PCURVE_S1.);
#11304 = HYPERBOLA('',#11305,2.75,2.75);
#11305 = AXIS2_PLACEMENT_3D('',#11306,#11307,#11308);
#11306 = CARTESIAN_POINT('',(40.,-2.75,-6.4));
#11307 = DIRECTION('',(-0.,1.,0.));
#11308 = DIRECTION('',(0.,0.,1.));
#11309 = PCURVE('',#9879,#11310);
#11310 = DEFINITIONAL_REPRESENTATION('',(#11311),#11318);
#11311 = B_SPLINE_CURVE_WITH_KNOTS('',5,(#11312,#11313,#11314,#11315,
    #11316,#11317),.UNSPECIFIED.,.F.,.F.,(6,6),(-1.204971208168,
    -1.046967915003),.PIECEWISE_BEZIER_KNOTS.);
#11312 = CARTESIAN_POINT('',(3.723956891459,-1.998401444325E-15));
#11313 = CARTESIAN_POINT('',(3.741337253707,-0.131958765734));
#11314 = CARTESIAN_POINT('',(3.759290989976,-0.257676273539));
#11315 = CARTESIAN_POINT('',(3.777832374696,-0.377427038356));
#11316 = CARTESIAN_POINT('',(3.796973774881,-0.491459672549));
#11317 = CARTESIAN_POINT('',(3.816724186527,-0.6));
#11318 = ( GEOMETRIC_REPRESENTATION_CONTEXT(2) 
PARAMETRIC_REPRESENTATION_CONTEXT() REPRESENTATION_CONTEXT('2D SPACE',''
  ) );
#11319 = PCURVE('',#9850,#11320);
#11320 = DEFINITIONAL_REPRESENTATION('',(#11321),#11325);
#11321 = ( BOUNDED_CURVE() B_SPLINE_CURVE(2,(#11322,#11323,#11324),
.UNSPECIFIED.,.F.,.F.) B_SPLINE_CURVE_WITH_KNOTS((3,3),(-1.204971208168,
-1.046967915003),.PIECEWISE_BEZIER_KNOTS.) CURVE() 
GEOMETRIC_REPRESENTATION_ITEM() RATIONAL_B_SPLINE_CURVE((1.,
1.003122253474,1.)) REPRESENTATION_ITEM('') );
#11322 = CARTESIAN_POINT('',(0.6,40.824176727877));
#11323 = CARTESIAN_POINT('',(0.270787700728,41.218365224156));
#11324 = CARTESIAN_POINT('',(3.552713678801E-15,41.565251100881));
#11325 = ( GEOMETRIC_REPRESENTATION_CONTEXT(2) 
PARAMETRIC_REPRESENTATION_CONTEXT() REPRESENTATION_CONTEXT('2D SPACE',''
  ) );
#11326 = ADVANCED_FACE('',(#11327),#9850,.F.);
#11327 = FACE_BOUND('',#11328,.F.);
#11328 = EDGE_LOOP('',(#11329,#11330,#11331,#11352,#11380,#11399));
#11329 = ORIENTED_EDGE('',*,*,#9834,.F.);
#11330 = ORIENTED_EDGE('',*,*,#11246,.T.);
#11331 = ORIENTED_EDGE('',*,*,#11332,.T.);
#11332 = EDGE_CURVE('',#11223,#11333,#11335,.T.);
#11333 = VERTEX_POINT('',#11334);
#11334 = CARTESIAN_POINT('',(4.175823272123,-2.75,-0.8));
#11335 = SURFACE_CURVE('',#11336,(#11340,#11346),.PCURVE_S1.);
#11336 = LINE('',#11337,#11338);
#11337 = CARTESIAN_POINT('',(4.175823272123,-2.75,-2.));
#11338 = VECTOR('',#11339,1.);
#11339 = DIRECTION('',(0.,0.,1.));
#11340 = PCURVE('',#9850,#11341);
#11341 = DEFINITIONAL_REPRESENTATION('',(#11342),#11345);
#11342 = B_SPLINE_CURVE_WITH_KNOTS('',1,(#11343,#11344),.UNSPECIFIED.,
  .F.,.F.,(2,2),(0.599989370631,1.32),.PIECEWISE_BEZIER_KNOTS.);
#11343 = CARTESIAN_POINT('',(0.599989370631,9.175823272123));
#11344 = CARTESIAN_POINT('',(1.32,9.175823272123));
#11345 = ( GEOMETRIC_REPRESENTATION_CONTEXT(2) 
PARAMETRIC_REPRESENTATION_CONTEXT() REPRESENTATION_CONTEXT('2D SPACE',''
  ) );
#11346 = PCURVE('',#11104,#11347);
#11347 = DEFINITIONAL_REPRESENTATION('',(#11348),#11351);
#11348 = B_SPLINE_CURVE_WITH_KNOTS('',1,(#11349,#11350),.UNSPECIFIED.,
  .F.,.F.,(2,2),(0.599989370631,1.32),.PIECEWISE_BEZIER_KNOTS.);
#11349 = CARTESIAN_POINT('',(5.700821069311,0.599989370631));
#11350 = CARTESIAN_POINT('',(5.700821069311,1.32));
#11351 = ( GEOMETRIC_REPRESENTATION_CONTEXT(2) 
PARAMETRIC_REPRESENTATION_CONTEXT() REPRESENTATION_CONTEXT('2D SPACE',''
  ) );
#11352 = ORIENTED_EDGE('',*,*,#11353,.T.);
#11353 = EDGE_CURVE('',#11333,#11354,#11356,.T.);
#11354 = VERTEX_POINT('',#11355);
#11355 = CARTESIAN_POINT('',(35.824176727878,-2.75,-0.8));
#11356 = SURFACE_CURVE('',#11357,(#11361,#11368),.PCURVE_S1.);
#11357 = LINE('',#11358,#11359);
#11358 = CARTESIAN_POINT('',(-5.,-2.75,-0.8));
#11359 = VECTOR('',#11360,1.);
#11360 = DIRECTION('',(1.,0.,-0.));
#11361 = PCURVE('',#9850,#11362);
#11362 = DEFINITIONAL_REPRESENTATION('',(#11363),#11367);
#11363 = LINE('',#11364,#11365);
#11364 = CARTESIAN_POINT('',(1.2,0.));
#11365 = VECTOR('',#11366,1.);
#11366 = DIRECTION('',(0.,1.));
#11367 = ( GEOMETRIC_REPRESENTATION_CONTEXT(2) 
PARAMETRIC_REPRESENTATION_CONTEXT() REPRESENTATION_CONTEXT('2D SPACE',''
  ) );
#11368 = PCURVE('',#11369,#11374);
#11369 = PLANE('',#11370);
#11370 = AXIS2_PLACEMENT_3D('',#11371,#11372,#11373);
#11371 = CARTESIAN_POINT('',(-5.,-2.75,-0.8));
#11372 = DIRECTION('',(0.,0.,1.));
#11373 = DIRECTION('',(1.,0.,-0.));
#11374 = DEFINITIONAL_REPRESENTATION('',(#11375),#11379);
#11375 = LINE('',#11376,#11377);
#11376 = CARTESIAN_POINT('',(0.,0.));
#11377 = VECTOR('',#11378,1.);
#11378 = DIRECTION('',(1.,0.));
#11379 = ( GEOMETRIC_REPRESENTATION_CONTEXT(2) 
PARAMETRIC_REPRESENTATION_CONTEXT() REPRESENTATION_CONTEXT('2D SPACE',''
  ) );
#11380 = ORIENTED_EDGE('',*,*,#11381,.F.);
#11381 = EDGE_CURVE('',#11277,#11354,#11382,.T.);
#11382 = SURFACE_CURVE('',#11383,(#11387,#11393),.PCURVE_S1.);
#11383 = LINE('',#11384,#11385);
#11384 = CARTESIAN_POINT('',(35.824176727877,-2.75,-2.));
#11385 = VECTOR('',#11386,1.);
#11386 = DIRECTION('',(0.,0.,1.));
#11387 = PCURVE('',#9850,#11388);
#11388 = DEFINITIONAL_REPRESENTATION('',(#11389),#11392);
#11389 = B_SPLINE_CURVE_WITH_KNOTS('',1,(#11390,#11391),.UNSPECIFIED.,
  .F.,.F.,(2,2),(0.599989370631,1.32),.PIECEWISE_BEZIER_KNOTS.);
#11390 = CARTESIAN_POINT('',(0.599989370631,40.824176727877));
#11391 = CARTESIAN_POINT('',(1.32,40.824176727877));
#11392 = ( GEOMETRIC_REPRESENTATION_CONTEXT(2) 
PARAMETRIC_REPRESENTATION_CONTEXT() REPRESENTATION_CONTEXT('2D SPACE',''
  ) );
#11393 = PCURVE('',#11186,#11394);
#11394 = DEFINITIONAL_REPRESENTATION('',(#11395),#11398);
#11395 = B_SPLINE_CURVE_WITH_KNOTS('',1,(#11396,#11397),.UNSPECIFIED.,
  .F.,.F.,(2,2),(0.599989370631,1.32),.PIECEWISE_BEZIER_KNOTS.);
#11396 = CARTESIAN_POINT('',(3.723956891459,0.599989370631));
#11397 = CARTESIAN_POINT('',(3.723956891459,1.32));
#11398 = ( GEOMETRIC_REPRESENTATION_CONTEXT(2) 
PARAMETRIC_REPRESENTATION_CONTEXT() REPRESENTATION_CONTEXT('2D SPACE',''
  ) );
#11399 = ORIENTED_EDGE('',*,*,#11302,.T.);
#11400 = ADVANCED_FACE('',(#11401),#10021,.F.);
#11401 = FACE_BOUND('',#11402,.F.);
#11402 = EDGE_LOOP('',(#11403,#11427,#11448,#11449));
#11403 = ORIENTED_EDGE('',*,*,#11404,.F.);
#11404 = EDGE_CURVE('',#11405,#11405,#11407,.T.);
#11405 = VERTEX_POINT('',#11406);
#11406 = CARTESIAN_POINT('',(2.05,-5.021051876504E-16,2.));
#11407 = SURFACE_CURVE('',#11408,(#11413,#11420),.PCURVE_S1.);
#11408 = CIRCLE('',#11409,2.05);
#11409 = AXIS2_PLACEMENT_3D('',#11410,#11411,#11412);
#11410 = CARTESIAN_POINT('',(0.,0.,2.));
#11411 = DIRECTION('',(0.,0.,1.));
#11412 = DIRECTION('',(1.,0.,-0.));
#11413 = PCURVE('',#10021,#11414);
#11414 = DEFINITIONAL_REPRESENTATION('',(#11415),#11419);
#11415 = LINE('',#11416,#11417);
#11416 = CARTESIAN_POINT('',(0.,5.));
#11417 = VECTOR('',#11418,1.);
#11418 = DIRECTION('',(1.,0.));
#11419 = ( GEOMETRIC_REPRESENTATION_CONTEXT(2) 
PARAMETRIC_REPRESENTATION_CONTEXT() REPRESENTATION_CONTEXT('2D SPACE',''
  ) );
#11420 = PCURVE('',#10671,#11421);
#11421 = DEFINITIONAL_REPRESENTATION('',(#11422),#11426);
#11422 = CIRCLE('',#11423,2.05);
#11423 = AXIS2_PLACEMENT_2D('',#11424,#11425);
#11424 = CARTESIAN_POINT('',(5.,2.75));
#11425 = DIRECTION('',(1.,0.));
#11426 = ( GEOMETRIC_REPRESENTATION_CONTEXT(2) 
PARAMETRIC_REPRESENTATION_CONTEXT() REPRESENTATION_CONTEXT('2D SPACE',''
  ) );
#11427 = ORIENTED_EDGE('',*,*,#11428,.F.);
#11428 = EDGE_CURVE('',#10005,#11405,#11429,.T.);
#11429 = SEAM_CURVE('',#11430,(#11434,#11441),.PCURVE_S1.);
#11430 = LINE('',#11431,#11432);
#11431 = CARTESIAN_POINT('',(2.05,-5.021051876504E-16,-3.));
#11432 = VECTOR('',#11433,1.);
#11433 = DIRECTION('',(0.,0.,1.));
#11434 = PCURVE('',#10021,#11435);
#11435 = DEFINITIONAL_REPRESENTATION('',(#11436),#11440);
#11436 = LINE('',#11437,#11438);
#11437 = CARTESIAN_POINT('',(6.28318530718,-0.));
#11438 = VECTOR('',#11439,1.);
#11439 = DIRECTION('',(0.,1.));
#11440 = ( GEOMETRIC_REPRESENTATION_CONTEXT(2) 
PARAMETRIC_REPRESENTATION_CONTEXT() REPRESENTATION_CONTEXT('2D SPACE',''
  ) );
#11441 = PCURVE('',#10021,#11442);
#11442 = DEFINITIONAL_REPRESENTATION('',(#11443),#11447);
#11443 = LINE('',#11444,#11445);
#11444 = CARTESIAN_POINT('',(0.,-0.));
#11445 = VECTOR('',#11446,1.);
#11446 = DIRECTION('',(0.,1.));
#11447 = ( GEOMETRIC_REPRESENTATION_CONTEXT(2) 
PARAMETRIC_REPRESENTATION_CONTEXT() REPRESENTATION_CONTEXT('2D SPACE',''
  ) );
#11448 = ORIENTED_EDGE('',*,*,#10004,.T.);
#11449 = ORIENTED_EDGE('',*,*,#11428,.T.);
#11450 = ADVANCED_FACE('',(#11451,#11500,#11607),#10052,.F.);
#11451 = FACE_BOUND('',#11452,.F.);
#11452 = EDGE_LOOP('',(#11453,#11477,#11498,#11499));
#11453 = ORIENTED_EDGE('',*,*,#11454,.F.);
#11454 = EDGE_CURVE('',#11455,#11455,#11457,.T.);
#11455 = VERTEX_POINT('',#11456);
#11456 = CARTESIAN_POINT('',(14.7,-5.388445916248E-16,2.));
#11457 = SURFACE_CURVE('',#11458,(#11463,#11470),.PCURVE_S1.);
#11458 = CIRCLE('',#11459,2.2);
#11459 = AXIS2_PLACEMENT_3D('',#11460,#11461,#11462);
#11460 = CARTESIAN_POINT('',(12.5,0.,2.));
#11461 = DIRECTION('',(0.,0.,1.));
#11462 = DIRECTION('',(1.,0.,-0.));
#11463 = PCURVE('',#10052,#11464);
#11464 = DEFINITIONAL_REPRESENTATION('',(#11465),#11469);
#11465 = LINE('',#11466,#11467);
#11466 = CARTESIAN_POINT('',(0.,5.));
#11467 = VECTOR('',#11468,1.);
#11468 = DIRECTION('',(1.,0.));
#11469 = ( GEOMETRIC_REPRESENTATION_CONTEXT(2) 
PARAMETRIC_REPRESENTATION_CONTEXT() REPRESENTATION_CONTEXT('2D SPACE',''
  ) );
#11470 = PCURVE('',#10671,#11471);
#11471 = DEFINITIONAL_REPRESENTATION('',(#11472),#11476);
#11472 = CIRCLE('',#11473,2.2);
#11473 = AXIS2_PLACEMENT_2D('',#11474,#11475);
#11474 = CARTESIAN_POINT('',(17.5,2.75));
#11475 = DIRECTION('',(1.,0.));
#11476 = ( GEOMETRIC_REPRESENTATION_CONTEXT(2) 
PARAMETRIC_REPRESENTATION_CONTEXT() REPRESENTATION_CONTEXT('2D SPACE',''
  ) );
#11477 = ORIENTED_EDGE('',*,*,#11478,.F.);
#11478 = EDGE_CURVE('',#10036,#11455,#11479,.T.);
#11479 = SEAM_CURVE('',#11480,(#11484,#11491),.PCURVE_S1.);
#11480 = LINE('',#11481,#11482);
#11481 = CARTESIAN_POINT('',(14.7,-5.388445916248E-16,-3.));
#11482 = VECTOR('',#11483,1.);
#11483 = DIRECTION('',(0.,0.,1.));
#11484 = PCURVE('',#10052,#11485);
#11485 = DEFINITIONAL_REPRESENTATION('',(#11486),#11490);
#11486 = LINE('',#11487,#11488);
#11487 = CARTESIAN_POINT('',(6.28318530718,-0.));
#11488 = VECTOR('',#11489,1.);
#11489 = DIRECTION('',(0.,1.));
#11490 = ( GEOMETRIC_REPRESENTATION_CONTEXT(2) 
PARAMETRIC_REPRESENTATION_CONTEXT() REPRESENTATION_CONTEXT('2D SPACE',''
  ) );
#11491 = PCURVE('',#10052,#11492);
#11492 = DEFINITIONAL_REPRESENTATION('',(#11493),#11497);
#11493 = LINE('',#11494,#11495);
#11494 = CARTESIAN_POINT('',(0.,-0.));
#11495 = VECTOR('',#11496,1.);
#11496 = DIRECTION('',(0.,1.));
#11497 = ( GEOMETRIC_REPRESENTATION_CONTEXT(2) 
PARAMETRIC_REPRESENTATION_CONTEXT() REPRESENTATION_CONTEXT('2D SPACE',''
  ) );
#11498 = ORIENTED_EDGE('',*,*,#10035,.T.);
#11499 = ORIENTED_EDGE('',*,*,#11478,.T.);
#11500 = FACE_BOUND('',#11501,.F.);
#11501 = EDGE_LOOP('',(#11502,#11528,#11554,#11583));
#11502 = ORIENTED_EDGE('',*,*,#11503,.F.);
#11503 = EDGE_CURVE('',#11504,#11506,#11508,.T.);
#11504 = VERTEX_POINT('',#11505);
#11505 = CARTESIAN_POINT('',(14.318954026357,1.2375,-0.8));
#11506 = VERTEX_POINT('',#11507);
#11507 = CARTESIAN_POINT('',(10.681045973643,1.2375,-0.8));
#11508 = SURFACE_CURVE('',#11509,(#11514,#11521),.PCURVE_S1.);
#11509 = CIRCLE('',#11510,2.2);
#11510 = AXIS2_PLACEMENT_3D('',#11511,#11512,#11513);
#11511 = CARTESIAN_POINT('',(12.5,0.,-0.8));
#11512 = DIRECTION('',(0.,0.,1.));
#11513 = DIRECTION('',(1.,0.,-0.));
#11514 = PCURVE('',#10052,#11515);
#11515 = DEFINITIONAL_REPRESENTATION('',(#11516),#11520);
#11516 = LINE('',#11517,#11518);
#11517 = CARTESIAN_POINT('',(0.,2.2));
#11518 = VECTOR('',#11519,1.);
#11519 = DIRECTION('',(1.,0.));
#11520 = ( GEOMETRIC_REPRESENTATION_CONTEXT(2) 
PARAMETRIC_REPRESENTATION_CONTEXT() REPRESENTATION_CONTEXT('2D SPACE',''
  ) );
#11521 = PCURVE('',#10199,#11522);
#11522 = DEFINITIONAL_REPRESENTATION('',(#11523),#11527);
#11523 = CIRCLE('',#11524,2.2);
#11524 = AXIS2_PLACEMENT_2D('',#11525,#11526);
#11525 = CARTESIAN_POINT('',(17.5,2.75));
#11526 = DIRECTION('',(1.,0.));
#11527 = ( GEOMETRIC_REPRESENTATION_CONTEXT(2) 
PARAMETRIC_REPRESENTATION_CONTEXT() REPRESENTATION_CONTEXT('2D SPACE',''
  ) );
#11528 = ORIENTED_EDGE('',*,*,#11529,.T.);
#11529 = EDGE_CURVE('',#11504,#11530,#11532,.T.);
#11530 = VERTEX_POINT('',#11531);
#11531 = CARTESIAN_POINT('',(14.318954026357,1.2375,0.8));
#11532 = SURFACE_CURVE('',#11533,(#11537,#11543),.PCURVE_S1.);
#11533 = LINE('',#11534,#11535);
#11534 = CARTESIAN_POINT('',(14.318954026357,1.2375,-3.));
#11535 = VECTOR('',#11536,1.);
#11536 = DIRECTION('',(0.,0.,1.));
#11537 = PCURVE('',#10052,#11538);
#11538 = DEFINITIONAL_REPRESENTATION('',(#11539),#11542);
#11539 = B_SPLINE_CURVE_WITH_KNOTS('',1,(#11540,#11541),.UNSPECIFIED.,
  .F.,.F.,(2,2),(2.04,3.96),.PIECEWISE_BEZIER_KNOTS.);
#11540 = CARTESIAN_POINT('',(0.597406416645,2.04));
#11541 = CARTESIAN_POINT('',(0.597406416645,3.96));
#11542 = ( GEOMETRIC_REPRESENTATION_CONTEXT(2) 
PARAMETRIC_REPRESENTATION_CONTEXT() REPRESENTATION_CONTEXT('2D SPACE',''
  ) );
#11543 = PCURVE('',#11544,#11549);
#11544 = PLANE('',#11545);
#11545 = AXIS2_PLACEMENT_3D('',#11546,#11547,#11548);
#11546 = CARTESIAN_POINT('',(-5.,1.2375,-0.8));
#11547 = DIRECTION('',(-0.,1.,0.));
#11548 = DIRECTION('',(0.,0.,1.));
#11549 = DEFINITIONAL_REPRESENTATION('',(#11550),#11553);
#11550 = B_SPLINE_CURVE_WITH_KNOTS('',1,(#11551,#11552),.UNSPECIFIED.,
  .F.,.F.,(2,2),(2.04,3.96),.PIECEWISE_BEZIER_KNOTS.);
#11551 = CARTESIAN_POINT('',(-0.16,19.318954026357));
#11552 = CARTESIAN_POINT('',(1.76,19.318954026357));
#11553 = ( GEOMETRIC_REPRESENTATION_CONTEXT(2) 
PARAMETRIC_REPRESENTATION_CONTEXT() REPRESENTATION_CONTEXT('2D SPACE',''
  ) );
#11554 = ORIENTED_EDGE('',*,*,#11555,.T.);
#11555 = EDGE_CURVE('',#11530,#11556,#11558,.T.);
#11556 = VERTEX_POINT('',#11557);
#11557 = CARTESIAN_POINT('',(10.681045973643,1.2375,0.8));
#11558 = SURFACE_CURVE('',#11559,(#11564,#11571),.PCURVE_S1.);
#11559 = CIRCLE('',#11560,2.2);
#11560 = AXIS2_PLACEMENT_3D('',#11561,#11562,#11563);
#11561 = CARTESIAN_POINT('',(12.5,0.,0.8));
#11562 = DIRECTION('',(0.,0.,1.));
#11563 = DIRECTION('',(1.,0.,-0.));
#11564 = PCURVE('',#10052,#11565);
#11565 = DEFINITIONAL_REPRESENTATION('',(#11566),#11570);
#11566 = LINE('',#11567,#11568);
#11567 = CARTESIAN_POINT('',(0.,3.8));
#11568 = VECTOR('',#11569,1.);
#11569 = DIRECTION('',(1.,0.));
#11570 = ( GEOMETRIC_REPRESENTATION_CONTEXT(2) 
PARAMETRIC_REPRESENTATION_CONTEXT() REPRESENTATION_CONTEXT('2D SPACE',''
  ) );
#11571 = PCURVE('',#11572,#11577);
#11572 = PLANE('',#11573);
#11573 = AXIS2_PLACEMENT_3D('',#11574,#11575,#11576);
#11574 = CARTESIAN_POINT('',(-5.,-2.75,0.8));
#11575 = DIRECTION('',(0.,0.,1.));
#11576 = DIRECTION('',(1.,0.,-0.));
#11577 = DEFINITIONAL_REPRESENTATION('',(#11578),#11582);
#11578 = CIRCLE('',#11579,2.2);
#11579 = AXIS2_PLACEMENT_2D('',#11580,#11581);
#11580 = CARTESIAN_POINT('',(17.5,2.75));
#11581 = DIRECTION('',(1.,0.));
#11582 = ( GEOMETRIC_REPRESENTATION_CONTEXT(2) 
PARAMETRIC_REPRESENTATION_CONTEXT() REPRESENTATION_CONTEXT('2D SPACE',''
  ) );
#11583 = ORIENTED_EDGE('',*,*,#11584,.F.);
#11584 = EDGE_CURVE('',#11506,#11556,#11585,.T.);
#11585 = SURFACE_CURVE('',#11586,(#11590,#11596),.PCURVE_S1.);
#11586 = LINE('',#11587,#11588);
#11587 = CARTESIAN_POINT('',(10.681045973643,1.2375,-3.));
#11588 = VECTOR('',#11589,1.);
#11589 = DIRECTION('',(0.,0.,1.));
#11590 = PCURVE('',#10052,#11591);
#11591 = DEFINITIONAL_REPRESENTATION('',(#11592),#11595);
#11592 = B_SPLINE_CURVE_WITH_KNOTS('',1,(#11593,#11594),.UNSPECIFIED.,
  .F.,.F.,(2,2),(2.04,3.96),.PIECEWISE_BEZIER_KNOTS.);
#11593 = CARTESIAN_POINT('',(2.544186236944,2.04));
#11594 = CARTESIAN_POINT('',(2.544186236944,3.96));
#11595 = ( GEOMETRIC_REPRESENTATION_CONTEXT(2) 
PARAMETRIC_REPRESENTATION_CONTEXT() REPRESENTATION_CONTEXT('2D SPACE',''
  ) );
#11596 = PCURVE('',#11597,#11602);
#11597 = PLANE('',#11598);
#11598 = AXIS2_PLACEMENT_3D('',#11599,#11600,#11601);
#11599 = CARTESIAN_POINT('',(-5.,1.2375,-0.8));
#11600 = DIRECTION('',(-0.,1.,0.));
#11601 = DIRECTION('',(0.,0.,1.));
#11602 = DEFINITIONAL_REPRESENTATION('',(#11603),#11606);
#11603 = B_SPLINE_CURVE_WITH_KNOTS('',1,(#11604,#11605),.UNSPECIFIED.,
  .F.,.F.,(2,2),(2.04,3.96),.PIECEWISE_BEZIER_KNOTS.);
#11604 = CARTESIAN_POINT('',(-0.16,15.681045973643));
#11605 = CARTESIAN_POINT('',(1.76,15.681045973643));
#11606 = ( GEOMETRIC_REPRESENTATION_CONTEXT(2) 
PARAMETRIC_REPRESENTATION_CONTEXT() REPRESENTATION_CONTEXT('2D SPACE',''
  ) );
#11607 = FACE_BOUND('',#11608,.F.);
#11608 = EDGE_LOOP('',(#11609,#11635,#11661,#11690));
#11609 = ORIENTED_EDGE('',*,*,#11610,.F.);
#11610 = EDGE_CURVE('',#11611,#11613,#11615,.T.);
#11611 = VERTEX_POINT('',#11612);
#11612 = CARTESIAN_POINT('',(10.681045973643,-1.2375,-0.8));
#11613 = VERTEX_POINT('',#11614);
#11614 = CARTESIAN_POINT('',(14.318954026357,-1.2375,-0.8));
#11615 = SURFACE_CURVE('',#11616,(#11621,#11628),.PCURVE_S1.);
#11616 = CIRCLE('',#11617,2.2);
#11617 = AXIS2_PLACEMENT_3D('',#11618,#11619,#11620);
#11618 = CARTESIAN_POINT('',(12.5,0.,-0.8));
#11619 = DIRECTION('',(0.,0.,1.));
#11620 = DIRECTION('',(1.,0.,-0.));
#11621 = PCURVE('',#10052,#11622);
#11622 = DEFINITIONAL_REPRESENTATION('',(#11623),#11627);
#11623 = LINE('',#11624,#11625);
#11624 = CARTESIAN_POINT('',(0.,2.2));
#11625 = VECTOR('',#11626,1.);
#11626 = DIRECTION('',(1.,0.));
#11627 = ( GEOMETRIC_REPRESENTATION_CONTEXT(2) 
PARAMETRIC_REPRESENTATION_CONTEXT() REPRESENTATION_CONTEXT('2D SPACE',''
  ) );
#11628 = PCURVE('',#11369,#11629);
#11629 = DEFINITIONAL_REPRESENTATION('',(#11630),#11634);
#11630 = CIRCLE('',#11631,2.2);
#11631 = AXIS2_PLACEMENT_2D('',#11632,#11633);
#11632 = CARTESIAN_POINT('',(17.5,2.75));
#11633 = DIRECTION('',(1.,0.));
#11634 = ( GEOMETRIC_REPRESENTATION_CONTEXT(2) 
PARAMETRIC_REPRESENTATION_CONTEXT() REPRESENTATION_CONTEXT('2D SPACE',''
  ) );
#11635 = ORIENTED_EDGE('',*,*,#11636,.T.);
#11636 = EDGE_CURVE('',#11611,#11637,#11639,.T.);
#11637 = VERTEX_POINT('',#11638);
#11638 = CARTESIAN_POINT('',(10.681045973643,-1.2375,0.8));
#11639 = SURFACE_CURVE('',#11640,(#11644,#11650),.PCURVE_S1.);
#11640 = LINE('',#11641,#11642);
#11641 = CARTESIAN_POINT('',(10.681045973643,-1.2375,-3.));
#11642 = VECTOR('',#11643,1.);
#11643 = DIRECTION('',(0.,0.,1.));
#11644 = PCURVE('',#10052,#11645);
#11645 = DEFINITIONAL_REPRESENTATION('',(#11646),#11649);
#11646 = B_SPLINE_CURVE_WITH_KNOTS('',1,(#11647,#11648),.UNSPECIFIED.,
  .F.,.F.,(2,2),(2.04,3.96),.PIECEWISE_BEZIER_KNOTS.);
#11647 = CARTESIAN_POINT('',(3.738999070235,2.04));
#11648 = CARTESIAN_POINT('',(3.738999070235,3.96));
#11649 = ( GEOMETRIC_REPRESENTATION_CONTEXT(2) 
PARAMETRIC_REPRESENTATION_CONTEXT() REPRESENTATION_CONTEXT('2D SPACE',''
  ) );
#11650 = PCURVE('',#11651,#11656);
#11651 = PLANE('',#11652);
#11652 = AXIS2_PLACEMENT_3D('',#11653,#11654,#11655);
#11653 = CARTESIAN_POINT('',(-5.,-1.2375,-0.8));
#11654 = DIRECTION('',(-0.,1.,0.));
#11655 = DIRECTION('',(0.,0.,1.));
#11656 = DEFINITIONAL_REPRESENTATION('',(#11657),#11660);
#11657 = B_SPLINE_CURVE_WITH_KNOTS('',1,(#11658,#11659),.UNSPECIFIED.,
  .F.,.F.,(2,2),(2.04,3.96),.PIECEWISE_BEZIER_KNOTS.);
#11658 = CARTESIAN_POINT('',(-0.16,15.681045973643));
#11659 = CARTESIAN_POINT('',(1.76,15.681045973643));
#11660 = ( GEOMETRIC_REPRESENTATION_CONTEXT(2) 
PARAMETRIC_REPRESENTATION_CONTEXT() REPRESENTATION_CONTEXT('2D SPACE',''
  ) );
#11661 = ORIENTED_EDGE('',*,*,#11662,.T.);
#11662 = EDGE_CURVE('',#11637,#11663,#11665,.T.);
#11663 = VERTEX_POINT('',#11664);
#11664 = CARTESIAN_POINT('',(14.318954026357,-1.2375,0.8));
#11665 = SURFACE_CURVE('',#11666,(#11671,#11678),.PCURVE_S1.);
#11666 = CIRCLE('',#11667,2.2);
#11667 = AXIS2_PLACEMENT_3D('',#11668,#11669,#11670);
#11668 = CARTESIAN_POINT('',(12.5,0.,0.8));
#11669 = DIRECTION('',(0.,0.,1.));
#11670 = DIRECTION('',(1.,0.,-0.));
#11671 = PCURVE('',#10052,#11672);
#11672 = DEFINITIONAL_REPRESENTATION('',(#11673),#11677);
#11673 = LINE('',#11674,#11675);
#11674 = CARTESIAN_POINT('',(0.,3.8));
#11675 = VECTOR('',#11676,1.);
#11676 = DIRECTION('',(1.,0.));
#11677 = ( GEOMETRIC_REPRESENTATION_CONTEXT(2) 
PARAMETRIC_REPRESENTATION_CONTEXT() REPRESENTATION_CONTEXT('2D SPACE',''
  ) );
#11678 = PCURVE('',#11679,#11684);
#11679 = PLANE('',#11680);
#11680 = AXIS2_PLACEMENT_3D('',#11681,#11682,#11683);
#11681 = CARTESIAN_POINT('',(-5.,-2.75,0.8));
#11682 = DIRECTION('',(0.,0.,1.));
#11683 = DIRECTION('',(1.,0.,-0.));
#11684 = DEFINITIONAL_REPRESENTATION('',(#11685),#11689);
#11685 = CIRCLE('',#11686,2.2);
#11686 = AXIS2_PLACEMENT_2D('',#11687,#11688);
#11687 = CARTESIAN_POINT('',(17.5,2.75));
#11688 = DIRECTION('',(1.,0.));
#11689 = ( GEOMETRIC_REPRESENTATION_CONTEXT(2) 
PARAMETRIC_REPRESENTATION_CONTEXT() REPRESENTATION_CONTEXT('2D SPACE',''
  ) );
#11690 = ORIENTED_EDGE('',*,*,#11691,.F.);
#11691 = EDGE_CURVE('',#11613,#11663,#11692,.T.);
#11692 = SURFACE_CURVE('',#11693,(#11697,#11703),.PCURVE_S1.);
#11693 = LINE('',#11694,#11695);
#11694 = CARTESIAN_POINT('',(14.318954026357,-1.2375,-3.));
#11695 = VECTOR('',#11696,1.);
#11696 = DIRECTION('',(0.,0.,1.));
#11697 = PCURVE('',#10052,#11698);
#11698 = DEFINITIONAL_REPRESENTATION('',(#11699),#11702);
#11699 = B_SPLINE_CURVE_WITH_KNOTS('',1,(#11700,#11701),.UNSPECIFIED.,
  .F.,.F.,(2,2),(2.04,3.96),.PIECEWISE_BEZIER_KNOTS.);
#11700 = CARTESIAN_POINT('',(5.685778890534,2.04));
#11701 = CARTESIAN_POINT('',(5.685778890534,3.96));
#11702 = ( GEOMETRIC_REPRESENTATION_CONTEXT(2) 
PARAMETRIC_REPRESENTATION_CONTEXT() REPRESENTATION_CONTEXT('2D SPACE',''
  ) );
#11703 = PCURVE('',#11704,#11709);
#11704 = PLANE('',#11705);
#11705 = AXIS2_PLACEMENT_3D('',#11706,#11707,#11708);
#11706 = CARTESIAN_POINT('',(-5.,-1.2375,-0.8));
#11707 = DIRECTION('',(-0.,1.,0.));
#11708 = DIRECTION('',(0.,0.,1.));
#11709 = DEFINITIONAL_REPRESENTATION('',(#11710),#11713);
#11710 = B_SPLINE_CURVE_WITH_KNOTS('',1,(#11711,#11712),.UNSPECIFIED.,
  .F.,.F.,(2,2),(2.04,3.96),.PIECEWISE_BEZIER_KNOTS.);
#11711 = CARTESIAN_POINT('',(-0.16,19.318954026357));
#11712 = CARTESIAN_POINT('',(1.76,19.318954026357));
#11713 = ( GEOMETRIC_REPRESENTATION_CONTEXT(2) 
PARAMETRIC_REPRESENTATION_CONTEXT() REPRESENTATION_CONTEXT('2D SPACE',''
  ) );
#11714 = ADVANCED_FACE('',(#11715,#11764,#11861),#10083,.F.);
#11715 = FACE_BOUND('',#11716,.F.);
#11716 = EDGE_LOOP('',(#11717,#11741,#11762,#11763));
#11717 = ORIENTED_EDGE('',*,*,#11718,.F.);
#11718 = EDGE_CURVE('',#11719,#11719,#11721,.T.);
#11719 = VERTEX_POINT('',#11720);
#11720 = CARTESIAN_POINT('',(29.7,-5.388445916248E-16,2.));
#11721 = SURFACE_CURVE('',#11722,(#11727,#11734),.PCURVE_S1.);
#11722 = CIRCLE('',#11723,2.2);
#11723 = AXIS2_PLACEMENT_3D('',#11724,#11725,#11726);
#11724 = CARTESIAN_POINT('',(27.5,0.,2.));
#11725 = DIRECTION('',(0.,0.,1.));
#11726 = DIRECTION('',(1.,0.,-0.));
#11727 = PCURVE('',#10083,#11728);
#11728 = DEFINITIONAL_REPRESENTATION('',(#11729),#11733);
#11729 = LINE('',#11730,#11731);
#11730 = CARTESIAN_POINT('',(0.,5.));
#11731 = VECTOR('',#11732,1.);
#11732 = DIRECTION('',(1.,0.));
#11733 = ( GEOMETRIC_REPRESENTATION_CONTEXT(2) 
PARAMETRIC_REPRESENTATION_CONTEXT() REPRESENTATION_CONTEXT('2D SPACE',''
  ) );
#11734 = PCURVE('',#10671,#11735);
#11735 = DEFINITIONAL_REPRESENTATION('',(#11736),#11740);
#11736 = CIRCLE('',#11737,2.2);
#11737 = AXIS2_PLACEMENT_2D('',#11738,#11739);
#11738 = CARTESIAN_POINT('',(32.5,2.75));
#11739 = DIRECTION('',(1.,0.));
#11740 = ( GEOMETRIC_REPRESENTATION_CONTEXT(2) 
PARAMETRIC_REPRESENTATION_CONTEXT() REPRESENTATION_CONTEXT('2D SPACE',''
  ) );
#11741 = ORIENTED_EDGE('',*,*,#11742,.F.);
#11742 = EDGE_CURVE('',#10067,#11719,#11743,.T.);
#11743 = SEAM_CURVE('',#11744,(#11748,#11755),.PCURVE_S1.);
#11744 = LINE('',#11745,#11746);
#11745 = CARTESIAN_POINT('',(29.7,-5.388445916248E-16,-3.));
#11746 = VECTOR('',#11747,1.);
#11747 = DIRECTION('',(0.,0.,1.));
#11748 = PCURVE('',#10083,#11749);
#11749 = DEFINITIONAL_REPRESENTATION('',(#11750),#11754);
#11750 = LINE('',#11751,#11752);
#11751 = CARTESIAN_POINT('',(6.28318530718,-0.));
#11752 = VECTOR('',#11753,1.);
#11753 = DIRECTION('',(0.,1.));
#11754 = ( GEOMETRIC_REPRESENTATION_CONTEXT(2) 
PARAMETRIC_REPRESENTATION_CONTEXT() REPRESENTATION_CONTEXT('2D SPACE',''
  ) );
#11755 = PCURVE('',#10083,#11756);
#11756 = DEFINITIONAL_REPRESENTATION('',(#11757),#11761);
#11757 = LINE('',#11758,#11759);
#11758 = CARTESIAN_POINT('',(0.,-0.));
#11759 = VECTOR('',#11760,1.);
#11760 = DIRECTION('',(0.,1.));
#11761 = ( GEOMETRIC_REPRESENTATION_CONTEXT(2) 
PARAMETRIC_REPRESENTATION_CONTEXT() REPRESENTATION_CONTEXT('2D SPACE',''
  ) );
#11762 = ORIENTED_EDGE('',*,*,#10066,.T.);
#11763 = ORIENTED_EDGE('',*,*,#11742,.T.);
#11764 = FACE_BOUND('',#11765,.F.);
#11765 = EDGE_LOOP('',(#11766,#11792,#11818,#11842));
#11766 = ORIENTED_EDGE('',*,*,#11767,.F.);
#11767 = EDGE_CURVE('',#11768,#11770,#11772,.T.);
#11768 = VERTEX_POINT('',#11769);
#11769 = CARTESIAN_POINT('',(29.318954026357,1.2375,-0.8));
#11770 = VERTEX_POINT('',#11771);
#11771 = CARTESIAN_POINT('',(25.681045973643,1.2375,-0.8));
#11772 = SURFACE_CURVE('',#11773,(#11778,#11785),.PCURVE_S1.);
#11773 = CIRCLE('',#11774,2.2);
#11774 = AXIS2_PLACEMENT_3D('',#11775,#11776,#11777);
#11775 = CARTESIAN_POINT('',(27.5,0.,-0.8));
#11776 = DIRECTION('',(0.,0.,1.));
#11777 = DIRECTION('',(1.,0.,-0.));
#11778 = PCURVE('',#10083,#11779);
#11779 = DEFINITIONAL_REPRESENTATION('',(#11780),#11784);
#11780 = LINE('',#11781,#11782);
#11781 = CARTESIAN_POINT('',(0.,2.2));
#11782 = VECTOR('',#11783,1.);
#11783 = DIRECTION('',(1.,0.));
#11784 = ( GEOMETRIC_REPRESENTATION_CONTEXT(2) 
PARAMETRIC_REPRESENTATION_CONTEXT() REPRESENTATION_CONTEXT('2D SPACE',''
  ) );
#11785 = PCURVE('',#10199,#11786);
#11786 = DEFINITIONAL_REPRESENTATION('',(#11787),#11791);
#11787 = CIRCLE('',#11788,2.2);
#11788 = AXIS2_PLACEMENT_2D('',#11789,#11790);
#11789 = CARTESIAN_POINT('',(32.5,2.75));
#11790 = DIRECTION('',(1.,0.));
#11791 = ( GEOMETRIC_REPRESENTATION_CONTEXT(2) 
PARAMETRIC_REPRESENTATION_CONTEXT() REPRESENTATION_CONTEXT('2D SPACE',''
  ) );
#11792 = ORIENTED_EDGE('',*,*,#11793,.T.);
#11793 = EDGE_CURVE('',#11768,#11794,#11796,.T.);
#11794 = VERTEX_POINT('',#11795);
#11795 = CARTESIAN_POINT('',(29.318954026357,1.2375,0.8));
#11796 = SURFACE_CURVE('',#11797,(#11801,#11807),.PCURVE_S1.);
#11797 = LINE('',#11798,#11799);
#11798 = CARTESIAN_POINT('',(29.318954026357,1.2375,-3.));
#11799 = VECTOR('',#11800,1.);
#11800 = DIRECTION('',(0.,0.,1.));
#11801 = PCURVE('',#10083,#11802);
#11802 = DEFINITIONAL_REPRESENTATION('',(#11803),#11806);
#11803 = B_SPLINE_CURVE_WITH_KNOTS('',1,(#11804,#11805),.UNSPECIFIED.,
  .F.,.F.,(2,2),(2.04,3.96),.PIECEWISE_BEZIER_KNOTS.);
#11804 = CARTESIAN_POINT('',(0.597406416645,2.04));
#11805 = CARTESIAN_POINT('',(0.597406416645,3.96));
#11806 = ( GEOMETRIC_REPRESENTATION_CONTEXT(2) 
PARAMETRIC_REPRESENTATION_CONTEXT() REPRESENTATION_CONTEXT('2D SPACE',''
  ) );
#11807 = PCURVE('',#11808,#11813);
#11808 = PLANE('',#11809);
#11809 = AXIS2_PLACEMENT_3D('',#11810,#11811,#11812);
#11810 = CARTESIAN_POINT('',(-5.,1.2375,-0.8));
#11811 = DIRECTION('',(-0.,1.,0.));
#11812 = DIRECTION('',(0.,0.,1.));
#11813 = DEFINITIONAL_REPRESENTATION('',(#11814),#11817);
#11814 = B_SPLINE_CURVE_WITH_KNOTS('',1,(#11815,#11816),.UNSPECIFIED.,
  .F.,.F.,(2,2),(2.04,3.96),.PIECEWISE_BEZIER_KNOTS.);
#11815 = CARTESIAN_POINT('',(-0.16,34.318954026357));
#11816 = CARTESIAN_POINT('',(1.76,34.318954026357));
#11817 = ( GEOMETRIC_REPRESENTATION_CONTEXT(2) 
PARAMETRIC_REPRESENTATION_CONTEXT() REPRESENTATION_CONTEXT('2D SPACE',''
  ) );
#11818 = ORIENTED_EDGE('',*,*,#11819,.T.);
#11819 = EDGE_CURVE('',#11794,#11820,#11822,.T.);
#11820 = VERTEX_POINT('',#11821);
#11821 = CARTESIAN_POINT('',(25.681045973643,1.2375,0.8));
#11822 = SURFACE_CURVE('',#11823,(#11828,#11835),.PCURVE_S1.);
#11823 = CIRCLE('',#11824,2.2);
#11824 = AXIS2_PLACEMENT_3D('',#11825,#11826,#11827);
#11825 = CARTESIAN_POINT('',(27.5,0.,0.8));
#11826 = DIRECTION('',(0.,0.,1.));
#11827 = DIRECTION('',(1.,0.,-0.));
#11828 = PCURVE('',#10083,#11829);
#11829 = DEFINITIONAL_REPRESENTATION('',(#11830),#11834);
#11830 = LINE('',#11831,#11832);
#11831 = CARTESIAN_POINT('',(0.,3.8));
#11832 = VECTOR('',#11833,1.);
#11833 = DIRECTION('',(1.,0.));
#11834 = ( GEOMETRIC_REPRESENTATION_CONTEXT(2) 
PARAMETRIC_REPRESENTATION_CONTEXT() REPRESENTATION_CONTEXT('2D SPACE',''
  ) );
#11835 = PCURVE('',#11572,#11836);
#11836 = DEFINITIONAL_REPRESENTATION('',(#11837),#11841);
#11837 = CIRCLE('',#11838,2.2);
#11838 = AXIS2_PLACEMENT_2D('',#11839,#11840);
#11839 = CARTESIAN_POINT('',(32.5,2.75));
#11840 = DIRECTION('',(1.,0.));
#11841 = ( GEOMETRIC_REPRESENTATION_CONTEXT(2) 
PARAMETRIC_REPRESENTATION_CONTEXT() REPRESENTATION_CONTEXT('2D SPACE',''
  ) );
#11842 = ORIENTED_EDGE('',*,*,#11843,.F.);
#11843 = EDGE_CURVE('',#11770,#11820,#11844,.T.);
#11844 = SURFACE_CURVE('',#11845,(#11849,#11855),.PCURVE_S1.);
#11845 = LINE('',#11846,#11847);
#11846 = CARTESIAN_POINT('',(25.681045973643,1.2375,-3.));
#11847 = VECTOR('',#11848,1.);
#11848 = DIRECTION('',(0.,0.,1.));
#11849 = PCURVE('',#10083,#11850);
#11850 = DEFINITIONAL_REPRESENTATION('',(#11851),#11854);
#11851 = B_SPLINE_CURVE_WITH_KNOTS('',1,(#11852,#11853),.UNSPECIFIED.,
  .F.,.F.,(2,2),(2.04,3.96),.PIECEWISE_BEZIER_KNOTS.);
#11852 = CARTESIAN_POINT('',(2.544186236944,2.04));
#11853 = CARTESIAN_POINT('',(2.544186236944,3.96));
#11854 = ( GEOMETRIC_REPRESENTATION_CONTEXT(2) 
PARAMETRIC_REPRESENTATION_CONTEXT() REPRESENTATION_CONTEXT('2D SPACE',''
  ) );
#11855 = PCURVE('',#11544,#11856);
#11856 = DEFINITIONAL_REPRESENTATION('',(#11857),#11860);
#11857 = B_SPLINE_CURVE_WITH_KNOTS('',1,(#11858,#11859),.UNSPECIFIED.,
  .F.,.F.,(2,2),(2.04,3.96),.PIECEWISE_BEZIER_KNOTS.);
#11858 = CARTESIAN_POINT('',(-0.16,30.681045973643));
#11859 = CARTESIAN_POINT('',(1.76,30.681045973643));
#11860 = ( GEOMETRIC_REPRESENTATION_CONTEXT(2) 
PARAMETRIC_REPRESENTATION_CONTEXT() REPRESENTATION_CONTEXT('2D SPACE',''
  ) );
#11861 = FACE_BOUND('',#11862,.F.);
#11862 = EDGE_LOOP('',(#11863,#11889,#11910,#11934));
#11863 = ORIENTED_EDGE('',*,*,#11864,.F.);
#11864 = EDGE_CURVE('',#11865,#11867,#11869,.T.);
#11865 = VERTEX_POINT('',#11866);
#11866 = CARTESIAN_POINT('',(25.681045973643,-1.2375,-0.8));
#11867 = VERTEX_POINT('',#11868);
#11868 = CARTESIAN_POINT('',(29.318954026357,-1.2375,-0.8));
#11869 = SURFACE_CURVE('',#11870,(#11875,#11882),.PCURVE_S1.);
#11870 = CIRCLE('',#11871,2.2);
#11871 = AXIS2_PLACEMENT_3D('',#11872,#11873,#11874);
#11872 = CARTESIAN_POINT('',(27.5,0.,-0.8));
#11873 = DIRECTION('',(0.,0.,1.));
#11874 = DIRECTION('',(1.,0.,-0.));
#11875 = PCURVE('',#10083,#11876);
#11876 = DEFINITIONAL_REPRESENTATION('',(#11877),#11881);
#11877 = LINE('',#11878,#11879);
#11878 = CARTESIAN_POINT('',(0.,2.2));
#11879 = VECTOR('',#11880,1.);
#11880 = DIRECTION('',(1.,0.));
#11881 = ( GEOMETRIC_REPRESENTATION_CONTEXT(2) 
PARAMETRIC_REPRESENTATION_CONTEXT() REPRESENTATION_CONTEXT('2D SPACE',''
  ) );
#11882 = PCURVE('',#11369,#11883);
#11883 = DEFINITIONAL_REPRESENTATION('',(#11884),#11888);
#11884 = CIRCLE('',#11885,2.2);
#11885 = AXIS2_PLACEMENT_2D('',#11886,#11887);
#11886 = CARTESIAN_POINT('',(32.5,2.75));
#11887 = DIRECTION('',(1.,0.));
#11888 = ( GEOMETRIC_REPRESENTATION_CONTEXT(2) 
PARAMETRIC_REPRESENTATION_CONTEXT() REPRESENTATION_CONTEXT('2D SPACE',''
  ) );
#11889 = ORIENTED_EDGE('',*,*,#11890,.T.);
#11890 = EDGE_CURVE('',#11865,#11891,#11893,.T.);
#11891 = VERTEX_POINT('',#11892);
#11892 = CARTESIAN_POINT('',(25.681045973643,-1.2375,0.8));
#11893 = SURFACE_CURVE('',#11894,(#11898,#11904),.PCURVE_S1.);
#11894 = LINE('',#11895,#11896);
#11895 = CARTESIAN_POINT('',(25.681045973643,-1.2375,-3.));
#11896 = VECTOR('',#11897,1.);
#11897 = DIRECTION('',(0.,0.,1.));
#11898 = PCURVE('',#10083,#11899);
#11899 = DEFINITIONAL_REPRESENTATION('',(#11900),#11903);
#11900 = B_SPLINE_CURVE_WITH_KNOTS('',1,(#11901,#11902),.UNSPECIFIED.,
  .F.,.F.,(2,2),(2.04,3.96),.PIECEWISE_BEZIER_KNOTS.);
#11901 = CARTESIAN_POINT('',(3.738999070235,2.04));
#11902 = CARTESIAN_POINT('',(3.738999070235,3.96));
#11903 = ( GEOMETRIC_REPRESENTATION_CONTEXT(2) 
PARAMETRIC_REPRESENTATION_CONTEXT() REPRESENTATION_CONTEXT('2D SPACE',''
  ) );
#11904 = PCURVE('',#11704,#11905);
#11905 = DEFINITIONAL_REPRESENTATION('',(#11906),#11909);
#11906 = B_SPLINE_CURVE_WITH_KNOTS('',1,(#11907,#11908),.UNSPECIFIED.,
  .F.,.F.,(2,2),(2.04,3.96),.PIECEWISE_BEZIER_KNOTS.);
#11907 = CARTESIAN_POINT('',(-0.16,30.681045973643));
#11908 = CARTESIAN_POINT('',(1.76,30.681045973643));
#11909 = ( GEOMETRIC_REPRESENTATION_CONTEXT(2) 
PARAMETRIC_REPRESENTATION_CONTEXT() REPRESENTATION_CONTEXT('2D SPACE',''
  ) );
#11910 = ORIENTED_EDGE('',*,*,#11911,.T.);
#11911 = EDGE_CURVE('',#11891,#11912,#11914,.T.);
#11912 = VERTEX_POINT('',#11913);
#11913 = CARTESIAN_POINT('',(29.318954026357,-1.2375,0.8));
#11914 = SURFACE_CURVE('',#11915,(#11920,#11927),.PCURVE_S1.);
#11915 = CIRCLE('',#11916,2.2);
#11916 = AXIS2_PLACEMENT_3D('',#11917,#11918,#11919);
#11917 = CARTESIAN_POINT('',(27.5,0.,0.8));
#11918 = DIRECTION('',(0.,0.,1.));
#11919 = DIRECTION('',(1.,0.,-0.));
#11920 = PCURVE('',#10083,#11921);
#11921 = DEFINITIONAL_REPRESENTATION('',(#11922),#11926);
#11922 = LINE('',#11923,#11924);
#11923 = CARTESIAN_POINT('',(0.,3.8));
#11924 = VECTOR('',#11925,1.);
#11925 = DIRECTION('',(1.,0.));
#11926 = ( GEOMETRIC_REPRESENTATION_CONTEXT(2) 
PARAMETRIC_REPRESENTATION_CONTEXT() REPRESENTATION_CONTEXT('2D SPACE',''
  ) );
#11927 = PCURVE('',#11679,#11928);
#11928 = DEFINITIONAL_REPRESENTATION('',(#11929),#11933);
#11929 = CIRCLE('',#11930,2.2);
#11930 = AXIS2_PLACEMENT_2D('',#11931,#11932);
#11931 = CARTESIAN_POINT('',(32.5,2.75));
#11932 = DIRECTION('',(1.,0.));
#11933 = ( GEOMETRIC_REPRESENTATION_CONTEXT(2) 
PARAMETRIC_REPRESENTATION_CONTEXT() REPRESENTATION_CONTEXT('2D SPACE',''
  ) );
#11934 = ORIENTED_EDGE('',*,*,#11935,.F.);
#11935 = EDGE_CURVE('',#11867,#11912,#11936,.T.);
#11936 = SURFACE_CURVE('',#11937,(#11941,#11947),.PCURVE_S1.);
#11937 = LINE('',#11938,#11939);
#11938 = CARTESIAN_POINT('',(29.318954026357,-1.2375,-3.));
#11939 = VECTOR('',#11940,1.);
#11940 = DIRECTION('',(0.,0.,1.));
#11941 = PCURVE('',#10083,#11942);
#11942 = DEFINITIONAL_REPRESENTATION('',(#11943),#11946);
#11943 = B_SPLINE_CURVE_WITH_KNOTS('',1,(#11944,#11945),.UNSPECIFIED.,
  .F.,.F.,(2,2),(2.04,3.96),.PIECEWISE_BEZIER_KNOTS.);
#11944 = CARTESIAN_POINT('',(5.685778890534,2.04));
#11945 = CARTESIAN_POINT('',(5.685778890534,3.96));
#11946 = ( GEOMETRIC_REPRESENTATION_CONTEXT(2) 
PARAMETRIC_REPRESENTATION_CONTEXT() REPRESENTATION_CONTEXT('2D SPACE',''
  ) );
#11947 = PCURVE('',#11948,#11953);
#11948 = PLANE('',#11949);
#11949 = AXIS2_PLACEMENT_3D('',#11950,#11951,#11952);
#11950 = CARTESIAN_POINT('',(-5.,-1.2375,-0.8));
#11951 = DIRECTION('',(-0.,1.,0.));
#11952 = DIRECTION('',(0.,0.,1.));
#11953 = DEFINITIONAL_REPRESENTATION('',(#11954),#11957);
#11954 = B_SPLINE_CURVE_WITH_KNOTS('',1,(#11955,#11956),.UNSPECIFIED.,
  .F.,.F.,(2,2),(2.04,3.96),.PIECEWISE_BEZIER_KNOTS.);
#11955 = CARTESIAN_POINT('',(-0.16,34.318954026357));
#11956 = CARTESIAN_POINT('',(1.76,34.318954026357));
#11957 = ( GEOMETRIC_REPRESENTATION_CONTEXT(2) 
PARAMETRIC_REPRESENTATION_CONTEXT() REPRESENTATION_CONTEXT('2D SPACE',''
  ) );
#11958 = ADVANCED_FACE('',(#11959),#10114,.F.);
#11959 = FACE_BOUND('',#11960,.F.);
#11960 = EDGE_LOOP('',(#11961,#11985,#12006,#12007));
#11961 = ORIENTED_EDGE('',*,*,#11962,.F.);
#11962 = EDGE_CURVE('',#11963,#11963,#11965,.T.);
#11963 = VERTEX_POINT('',#11964);
#11964 = CARTESIAN_POINT('',(42.05,-5.021051876504E-16,2.));
#11965 = SURFACE_CURVE('',#11966,(#11971,#11978),.PCURVE_S1.);
#11966 = CIRCLE('',#11967,2.05);
#11967 = AXIS2_PLACEMENT_3D('',#11968,#11969,#11970);
#11968 = CARTESIAN_POINT('',(40.,0.,2.));
#11969 = DIRECTION('',(0.,0.,1.));
#11970 = DIRECTION('',(1.,0.,-0.));
#11971 = PCURVE('',#10114,#11972);
#11972 = DEFINITIONAL_REPRESENTATION('',(#11973),#11977);
#11973 = LINE('',#11974,#11975);
#11974 = CARTESIAN_POINT('',(0.,5.));
#11975 = VECTOR('',#11976,1.);
#11976 = DIRECTION('',(1.,0.));
#11977 = ( GEOMETRIC_REPRESENTATION_CONTEXT(2) 
PARAMETRIC_REPRESENTATION_CONTEXT() REPRESENTATION_CONTEXT('2D SPACE',''
  ) );
#11978 = PCURVE('',#10671,#11979);
#11979 = DEFINITIONAL_REPRESENTATION('',(#11980),#11984);
#11980 = CIRCLE('',#11981,2.05);
#11981 = AXIS2_PLACEMENT_2D('',#11982,#11983);
#11982 = CARTESIAN_POINT('',(45.,2.75));
#11983 = DIRECTION('',(1.,0.));
#11984 = ( GEOMETRIC_REPRESENTATION_CONTEXT(2) 
PARAMETRIC_REPRESENTATION_CONTEXT() REPRESENTATION_CONTEXT('2D SPACE',''
  ) );
#11985 = ORIENTED_EDGE('',*,*,#11986,.F.);
#11986 = EDGE_CURVE('',#10098,#11963,#11987,.T.);
#11987 = SEAM_CURVE('',#11988,(#11992,#11999),.PCURVE_S1.);
#11988 = LINE('',#11989,#11990);
#11989 = CARTESIAN_POINT('',(42.05,-5.021051876504E-16,-3.));
#11990 = VECTOR('',#11991,1.);
#11991 = DIRECTION('',(0.,0.,1.));
#11992 = PCURVE('',#10114,#11993);
#11993 = DEFINITIONAL_REPRESENTATION('',(#11994),#11998);
#11994 = LINE('',#11995,#11996);
#11995 = CARTESIAN_POINT('',(6.28318530718,-0.));
#11996 = VECTOR('',#11997,1.);
#11997 = DIRECTION('',(0.,1.));
#11998 = ( GEOMETRIC_REPRESENTATION_CONTEXT(2) 
PARAMETRIC_REPRESENTATION_CONTEXT() REPRESENTATION_CONTEXT('2D SPACE',''
  ) );
#11999 = PCURVE('',#10114,#12000);
#12000 = DEFINITIONAL_REPRESENTATION('',(#12001),#12005);
#12001 = LINE('',#12002,#12003);
#12002 = CARTESIAN_POINT('',(0.,-0.));
#12003 = VECTOR('',#12004,1.);
#12004 = DIRECTION('',(0.,1.));
#12005 = ( GEOMETRIC_REPRESENTATION_CONTEXT(2) 
PARAMETRIC_REPRESENTATION_CONTEXT() REPRESENTATION_CONTEXT('2D SPACE',''
  ) );
#12006 = ORIENTED_EDGE('',*,*,#10097,.T.);
#12007 = ORIENTED_EDGE('',*,*,#11986,.T.);
#12008 = ADVANCED_FACE('',(#12009),#10226,.T.);
#12009 = FACE_BOUND('',#12010,.T.);
#12010 = EDGE_LOOP('',(#12011,#12012,#12013,#12014,#12038,#12059,#12083,
    #12109,#12138,#12159,#12183,#12204));
#12011 = ORIENTED_EDGE('',*,*,#10450,.F.);
#12012 = ORIENTED_EDGE('',*,*,#10346,.T.);
#12013 = ORIENTED_EDGE('',*,*,#10211,.T.);
#12014 = ORIENTED_EDGE('',*,*,#12015,.T.);
#12015 = EDGE_CURVE('',#10184,#12016,#12018,.T.);
#12016 = VERTEX_POINT('',#12017);
#12017 = CARTESIAN_POINT('',(35.155560532941,1.2375,-0.8));
#12018 = SURFACE_CURVE('',#12019,(#12024,#12031),.PCURVE_S1.);
#12019 = CIRCLE('',#12020,5.);
#12020 = AXIS2_PLACEMENT_3D('',#12021,#12022,#12023);
#12021 = CARTESIAN_POINT('',(40.,0.,-0.8));
#12022 = DIRECTION('',(0.,0.,1.));
#12023 = DIRECTION('',(1.,0.,-0.));
#12024 = PCURVE('',#10226,#12025);
#12025 = DEFINITIONAL_REPRESENTATION('',(#12026),#12030);
#12026 = LINE('',#12027,#12028);
#12027 = CARTESIAN_POINT('',(0.,1.2));
#12028 = VECTOR('',#12029,1.);
#12029 = DIRECTION('',(1.,0.));
#12030 = ( GEOMETRIC_REPRESENTATION_CONTEXT(2) 
PARAMETRIC_REPRESENTATION_CONTEXT() REPRESENTATION_CONTEXT('2D SPACE',''
  ) );
#12031 = PCURVE('',#10199,#12032);
#12032 = DEFINITIONAL_REPRESENTATION('',(#12033),#12037);
#12033 = CIRCLE('',#12034,5.);
#12034 = AXIS2_PLACEMENT_2D('',#12035,#12036);
#12035 = CARTESIAN_POINT('',(45.,2.75));
#12036 = DIRECTION('',(1.,0.));
#12037 = ( GEOMETRIC_REPRESENTATION_CONTEXT(2) 
PARAMETRIC_REPRESENTATION_CONTEXT() REPRESENTATION_CONTEXT('2D SPACE',''
  ) );
#12038 = ORIENTED_EDGE('',*,*,#12039,.T.);
#12039 = EDGE_CURVE('',#12016,#12040,#12042,.T.);
#12040 = VERTEX_POINT('',#12041);
#12041 = CARTESIAN_POINT('',(35.155560532941,1.2375,0.8));
#12042 = SURFACE_CURVE('',#12043,(#12047,#12053),.PCURVE_S1.);
#12043 = LINE('',#12044,#12045);
#12044 = CARTESIAN_POINT('',(35.155560532941,1.2375,-2.));
#12045 = VECTOR('',#12046,1.);
#12046 = DIRECTION('',(0.,0.,1.));
#12047 = PCURVE('',#10226,#12048);
#12048 = DEFINITIONAL_REPRESENTATION('',(#12049),#12052);
#12049 = B_SPLINE_CURVE_WITH_KNOTS('',1,(#12050,#12051),.UNSPECIFIED.,
  .F.,.F.,(2,2),(1.04,2.96),.PIECEWISE_BEZIER_KNOTS.);
#12050 = CARTESIAN_POINT('',(2.89149353012,1.04));
#12051 = CARTESIAN_POINT('',(2.89149353012,2.96));
#12052 = ( GEOMETRIC_REPRESENTATION_CONTEXT(2) 
PARAMETRIC_REPRESENTATION_CONTEXT() REPRESENTATION_CONTEXT('2D SPACE',''
  ) );
#12053 = PCURVE('',#11808,#12054);
#12054 = DEFINITIONAL_REPRESENTATION('',(#12055),#12058);
#12055 = B_SPLINE_CURVE_WITH_KNOTS('',1,(#12056,#12057),.UNSPECIFIED.,
  .F.,.F.,(2,2),(1.04,2.96),.PIECEWISE_BEZIER_KNOTS.);
#12056 = CARTESIAN_POINT('',(-0.16,40.155560532941));
#12057 = CARTESIAN_POINT('',(1.76,40.155560532941));
#12058 = ( GEOMETRIC_REPRESENTATION_CONTEXT(2) 
PARAMETRIC_REPRESENTATION_CONTEXT() REPRESENTATION_CONTEXT('2D SPACE',''
  ) );
#12059 = ORIENTED_EDGE('',*,*,#12060,.F.);
#12060 = EDGE_CURVE('',#12061,#12040,#12063,.T.);
#12061 = VERTEX_POINT('',#12062);
#12062 = CARTESIAN_POINT('',(35.824176727878,2.75,0.8));
#12063 = SURFACE_CURVE('',#12064,(#12069,#12076),.PCURVE_S1.);
#12064 = CIRCLE('',#12065,5.);
#12065 = AXIS2_PLACEMENT_3D('',#12066,#12067,#12068);
#12066 = CARTESIAN_POINT('',(40.,0.,0.8));
#12067 = DIRECTION('',(0.,0.,1.));
#12068 = DIRECTION('',(1.,0.,-0.));
#12069 = PCURVE('',#10226,#12070);
#12070 = DEFINITIONAL_REPRESENTATION('',(#12071),#12075);
#12071 = LINE('',#12072,#12073);
#12072 = CARTESIAN_POINT('',(0.,2.8));
#12073 = VECTOR('',#12074,1.);
#12074 = DIRECTION('',(1.,0.));
#12075 = ( GEOMETRIC_REPRESENTATION_CONTEXT(2) 
PARAMETRIC_REPRESENTATION_CONTEXT() REPRESENTATION_CONTEXT('2D SPACE',''
  ) );
#12076 = PCURVE('',#11572,#12077);
#12077 = DEFINITIONAL_REPRESENTATION('',(#12078),#12082);
#12078 = CIRCLE('',#12079,5.);
#12079 = AXIS2_PLACEMENT_2D('',#12080,#12081);
#12080 = CARTESIAN_POINT('',(45.,2.75));
#12081 = DIRECTION('',(1.,0.));
#12082 = ( GEOMETRIC_REPRESENTATION_CONTEXT(2) 
PARAMETRIC_REPRESENTATION_CONTEXT() REPRESENTATION_CONTEXT('2D SPACE',''
  ) );
#12083 = ORIENTED_EDGE('',*,*,#12084,.T.);
#12084 = EDGE_CURVE('',#12061,#12085,#12087,.T.);
#12085 = VERTEX_POINT('',#12086);
#12086 = CARTESIAN_POINT('',(35.824176727878,2.75,1.4));
#12087 = SURFACE_CURVE('',#12088,(#12092,#12098),.PCURVE_S1.);
#12088 = LINE('',#12089,#12090);
#12089 = CARTESIAN_POINT('',(35.824176727877,2.75,-2.));
#12090 = VECTOR('',#12091,1.);
#12091 = DIRECTION('',(0.,0.,1.));
#12092 = PCURVE('',#10226,#12093);
#12093 = DEFINITIONAL_REPRESENTATION('',(#12094),#12097);
#12094 = B_SPLINE_CURVE_WITH_KNOTS('',1,(#12095,#12096),.UNSPECIFIED.,
  .F.,.F.,(2,2),(2.68,3.400010629369),.PIECEWISE_BEZIER_KNOTS.);
#12095 = CARTESIAN_POINT('',(2.559228415721,2.68));
#12096 = CARTESIAN_POINT('',(2.559228415721,3.400010629369));
#12097 = ( GEOMETRIC_REPRESENTATION_CONTEXT(2) 
PARAMETRIC_REPRESENTATION_CONTEXT() REPRESENTATION_CONTEXT('2D SPACE',''
  ) );
#12098 = PCURVE('',#12099,#12104);
#12099 = PLANE('',#12100);
#12100 = AXIS2_PLACEMENT_3D('',#12101,#12102,#12103);
#12101 = CARTESIAN_POINT('',(-5.,2.75,0.8));
#12102 = DIRECTION('',(-0.,1.,0.));
#12103 = DIRECTION('',(0.,0.,1.));
#12104 = DEFINITIONAL_REPRESENTATION('',(#12105),#12108);
#12105 = B_SPLINE_CURVE_WITH_KNOTS('',1,(#12106,#12107),.UNSPECIFIED.,
  .F.,.F.,(2,2),(2.68,3.400010629369),.PIECEWISE_BEZIER_KNOTS.);
#12106 = CARTESIAN_POINT('',(-0.12,40.824176727877));
#12107 = CARTESIAN_POINT('',(0.600010629369,40.824176727877));
#12108 = ( GEOMETRIC_REPRESENTATION_CONTEXT(2) 
PARAMETRIC_REPRESENTATION_CONTEXT() REPRESENTATION_CONTEXT('2D SPACE',''
  ) );
#12109 = ORIENTED_EDGE('',*,*,#12110,.F.);
#12110 = EDGE_CURVE('',#12111,#12085,#12113,.T.);
#12111 = VERTEX_POINT('',#12112);
#12112 = CARTESIAN_POINT('',(44.175823272122,2.75,1.4));
#12113 = SURFACE_CURVE('',#12114,(#12119,#12126),.PCURVE_S1.);
#12114 = CIRCLE('',#12115,5.);
#12115 = AXIS2_PLACEMENT_3D('',#12116,#12117,#12118);
#12116 = CARTESIAN_POINT('',(40.,0.,1.4));
#12117 = DIRECTION('',(0.,0.,1.));
#12118 = DIRECTION('',(1.,0.,-0.));
#12119 = PCURVE('',#10226,#12120);
#12120 = DEFINITIONAL_REPRESENTATION('',(#12121),#12125);
#12121 = LINE('',#12122,#12123);
#12122 = CARTESIAN_POINT('',(0.,3.4));
#12123 = VECTOR('',#12124,1.);
#12124 = DIRECTION('',(1.,0.));
#12125 = ( GEOMETRIC_REPRESENTATION_CONTEXT(2) 
PARAMETRIC_REPRESENTATION_CONTEXT() REPRESENTATION_CONTEXT('2D SPACE',''
  ) );
#12126 = PCURVE('',#12127,#12132);
#12127 = CONICAL_SURFACE('',#12128,5.,0.785398163397);
#12128 = AXIS2_PLACEMENT_3D('',#12129,#12130,#12131);
#12129 = CARTESIAN_POINT('',(40.,0.,1.4));
#12130 = DIRECTION('',(-0.,-0.,-1.));
#12131 = DIRECTION('',(1.,0.,-0.));
#12132 = DEFINITIONAL_REPRESENTATION('',(#12133),#12137);
#12133 = LINE('',#12134,#12135);
#12134 = CARTESIAN_POINT('',(-0.,-0.));
#12135 = VECTOR('',#12136,1.);
#12136 = DIRECTION('',(-1.,-0.));
#12137 = ( GEOMETRIC_REPRESENTATION_CONTEXT(2) 
PARAMETRIC_REPRESENTATION_CONTEXT() REPRESENTATION_CONTEXT('2D SPACE',''
  ) );
#12138 = ORIENTED_EDGE('',*,*,#12139,.F.);
#12139 = EDGE_CURVE('',#12140,#12111,#12142,.T.);
#12140 = VERTEX_POINT('',#12141);
#12141 = CARTESIAN_POINT('',(44.175823272122,2.75,0.8));
#12142 = SURFACE_CURVE('',#12143,(#12147,#12153),.PCURVE_S1.);
#12143 = LINE('',#12144,#12145);
#12144 = CARTESIAN_POINT('',(44.175823272123,2.75,-2.));
#12145 = VECTOR('',#12146,1.);
#12146 = DIRECTION('',(0.,0.,1.));
#12147 = PCURVE('',#10226,#12148);
#12148 = DEFINITIONAL_REPRESENTATION('',(#12149),#12152);
#12149 = B_SPLINE_CURVE_WITH_KNOTS('',1,(#12150,#12151),.UNSPECIFIED.,
  .F.,.F.,(2,2),(2.68,3.400010629369),.PIECEWISE_BEZIER_KNOTS.);
#12150 = CARTESIAN_POINT('',(0.582364237869,2.68));
#12151 = CARTESIAN_POINT('',(0.582364237869,3.400010629369));
#12152 = ( GEOMETRIC_REPRESENTATION_CONTEXT(2) 
PARAMETRIC_REPRESENTATION_CONTEXT() REPRESENTATION_CONTEXT('2D SPACE',''
  ) );
#12153 = PCURVE('',#10916,#12154);
#12154 = DEFINITIONAL_REPRESENTATION('',(#12155),#12158);
#12155 = B_SPLINE_CURVE_WITH_KNOTS('',1,(#12156,#12157),.UNSPECIFIED.,
  .F.,.F.,(2,2),(2.68,3.400010629369),.PIECEWISE_BEZIER_KNOTS.);
#12156 = CARTESIAN_POINT('',(-0.12,49.175823272123));
#12157 = CARTESIAN_POINT('',(0.600010629369,49.175823272123));
#12158 = ( GEOMETRIC_REPRESENTATION_CONTEXT(2) 
PARAMETRIC_REPRESENTATION_CONTEXT() REPRESENTATION_CONTEXT('2D SPACE',''
  ) );
#12159 = ORIENTED_EDGE('',*,*,#12160,.F.);
#12160 = EDGE_CURVE('',#12161,#12140,#12163,.T.);
#12161 = VERTEX_POINT('',#12162);
#12162 = CARTESIAN_POINT('',(44.844439467059,1.2375,0.8));
#12163 = SURFACE_CURVE('',#12164,(#12169,#12176),.PCURVE_S1.);
#12164 = CIRCLE('',#12165,5.);
#12165 = AXIS2_PLACEMENT_3D('',#12166,#12167,#12168);
#12166 = CARTESIAN_POINT('',(40.,0.,0.8));
#12167 = DIRECTION('',(0.,0.,1.));
#12168 = DIRECTION('',(1.,0.,-0.));
#12169 = PCURVE('',#10226,#12170);
#12170 = DEFINITIONAL_REPRESENTATION('',(#12171),#12175);
#12171 = LINE('',#12172,#12173);
#12172 = CARTESIAN_POINT('',(0.,2.8));
#12173 = VECTOR('',#12174,1.);
#12174 = DIRECTION('',(1.,0.));
#12175 = ( GEOMETRIC_REPRESENTATION_CONTEXT(2) 
PARAMETRIC_REPRESENTATION_CONTEXT() REPRESENTATION_CONTEXT('2D SPACE',''
  ) );
#12176 = PCURVE('',#10888,#12177);
#12177 = DEFINITIONAL_REPRESENTATION('',(#12178),#12182);
#12178 = CIRCLE('',#12179,5.);
#12179 = AXIS2_PLACEMENT_2D('',#12180,#12181);
#12180 = CARTESIAN_POINT('',(45.,2.75));
#12181 = DIRECTION('',(1.,0.));
#12182 = ( GEOMETRIC_REPRESENTATION_CONTEXT(2) 
PARAMETRIC_REPRESENTATION_CONTEXT() REPRESENTATION_CONTEXT('2D SPACE',''
  ) );
#12183 = ORIENTED_EDGE('',*,*,#12184,.F.);
#12184 = EDGE_CURVE('',#12185,#12161,#12187,.T.);
#12185 = VERTEX_POINT('',#12186);
#12186 = CARTESIAN_POINT('',(44.844439467059,1.2375,-0.8));
#12187 = SURFACE_CURVE('',#12188,(#12192,#12198),.PCURVE_S1.);
#12188 = LINE('',#12189,#12190);
#12189 = CARTESIAN_POINT('',(44.844439467059,1.2375,-2.));
#12190 = VECTOR('',#12191,1.);
#12191 = DIRECTION('',(0.,0.,1.));
#12192 = PCURVE('',#10226,#12193);
#12193 = DEFINITIONAL_REPRESENTATION('',(#12194),#12197);
#12194 = B_SPLINE_CURVE_WITH_KNOTS('',1,(#12195,#12196),.UNSPECIFIED.,
  .F.,.F.,(2,2),(1.04,2.96),.PIECEWISE_BEZIER_KNOTS.);
#12195 = CARTESIAN_POINT('',(0.25009912347,1.04));
#12196 = CARTESIAN_POINT('',(0.25009912347,2.96));
#12197 = ( GEOMETRIC_REPRESENTATION_CONTEXT(2) 
PARAMETRIC_REPRESENTATION_CONTEXT() REPRESENTATION_CONTEXT('2D SPACE',''
  ) );
#12198 = PCURVE('',#10860,#12199);
#12199 = DEFINITIONAL_REPRESENTATION('',(#12200),#12203);
#12200 = B_SPLINE_CURVE_WITH_KNOTS('',1,(#12201,#12202),.UNSPECIFIED.,
  .F.,.F.,(2,2),(1.04,2.96),.PIECEWISE_BEZIER_KNOTS.);
#12201 = CARTESIAN_POINT('',(-0.16,49.844439467059));
#12202 = CARTESIAN_POINT('',(1.76,49.844439467059));
#12203 = ( GEOMETRIC_REPRESENTATION_CONTEXT(2) 
PARAMETRIC_REPRESENTATION_CONTEXT() REPRESENTATION_CONTEXT('2D SPACE',''
  ) );
#12204 = ORIENTED_EDGE('',*,*,#12205,.T.);
#12205 = EDGE_CURVE('',#12185,#10451,#12206,.T.);
#12206 = SURFACE_CURVE('',#12207,(#12212,#12219),.PCURVE_S1.);
#12207 = CIRCLE('',#12208,5.);
#12208 = AXIS2_PLACEMENT_3D('',#12209,#12210,#12211);
#12209 = CARTESIAN_POINT('',(40.,0.,-0.8));
#12210 = DIRECTION('',(0.,0.,1.));
#12211 = DIRECTION('',(1.,0.,-0.));
#12212 = PCURVE('',#10226,#12213);
#12213 = DEFINITIONAL_REPRESENTATION('',(#12214),#12218);
#12214 = LINE('',#12215,#12216);
#12215 = CARTESIAN_POINT('',(0.,1.2));
#12216 = VECTOR('',#12217,1.);
#12217 = DIRECTION('',(1.,0.));
#12218 = ( GEOMETRIC_REPRESENTATION_CONTEXT(2) 
PARAMETRIC_REPRESENTATION_CONTEXT() REPRESENTATION_CONTEXT('2D SPACE',''
  ) );
#12219 = PCURVE('',#10487,#12220);
#12220 = DEFINITIONAL_REPRESENTATION('',(#12221),#12225);
#12221 = CIRCLE('',#12222,5.);
#12222 = AXIS2_PLACEMENT_2D('',#12223,#12224);
#12223 = CARTESIAN_POINT('',(45.,2.75));
#12224 = DIRECTION('',(1.,0.));
#12225 = ( GEOMETRIC_REPRESENTATION_CONTEXT(2) 
PARAMETRIC_REPRESENTATION_CONTEXT() REPRESENTATION_CONTEXT('2D SPACE',''
  ) );
#12226 = ADVANCED_FACE('',(#12227),#10199,.T.);
#12227 = FACE_BOUND('',#12228,.T.);
#12228 = EDGE_LOOP('',(#12229,#12253,#12274,#12275,#12296,#12297,#12318,
    #12319));
#12229 = ORIENTED_EDGE('',*,*,#12230,.F.);
#12230 = EDGE_CURVE('',#12231,#10158,#12233,.T.);
#12231 = VERTEX_POINT('',#12232);
#12232 = CARTESIAN_POINT('',(4.844439467059,1.2375,-0.8));
#12233 = SURFACE_CURVE('',#12234,(#12239,#12246),.PCURVE_S1.);
#12234 = CIRCLE('',#12235,5.);
#12235 = AXIS2_PLACEMENT_3D('',#12236,#12237,#12238);
#12236 = CARTESIAN_POINT('',(0.,0.,-0.8));
#12237 = DIRECTION('',(0.,0.,1.));
#12238 = DIRECTION('',(1.,0.,-0.));
#12239 = PCURVE('',#10199,#12240);
#12240 = DEFINITIONAL_REPRESENTATION('',(#12241),#12245);
#12241 = CIRCLE('',#12242,5.);
#12242 = AXIS2_PLACEMENT_2D('',#12243,#12244);
#12243 = CARTESIAN_POINT('',(5.,2.75));
#12244 = DIRECTION('',(1.,0.));
#12245 = ( GEOMETRIC_REPRESENTATION_CONTEXT(2) 
PARAMETRIC_REPRESENTATION_CONTEXT() REPRESENTATION_CONTEXT('2D SPACE',''
  ) );
#12246 = PCURVE('',#10172,#12247);
#12247 = DEFINITIONAL_REPRESENTATION('',(#12248),#12252);
#12248 = LINE('',#12249,#12250);
#12249 = CARTESIAN_POINT('',(0.,1.2));
#12250 = VECTOR('',#12251,1.);
#12251 = DIRECTION('',(1.,0.));
#12252 = ( GEOMETRIC_REPRESENTATION_CONTEXT(2) 
PARAMETRIC_REPRESENTATION_CONTEXT() REPRESENTATION_CONTEXT('2D SPACE',''
  ) );
#12253 = ORIENTED_EDGE('',*,*,#12254,.T.);
#12254 = EDGE_CURVE('',#12231,#11506,#12255,.T.);
#12255 = SURFACE_CURVE('',#12256,(#12260,#12267),.PCURVE_S1.);
#12256 = LINE('',#12257,#12258);
#12257 = CARTESIAN_POINT('',(-5.,1.2375,-0.8));
#12258 = VECTOR('',#12259,1.);
#12259 = DIRECTION('',(1.,0.,-0.));
#12260 = PCURVE('',#10199,#12261);
#12261 = DEFINITIONAL_REPRESENTATION('',(#12262),#12266);
#12262 = LINE('',#12263,#12264);
#12263 = CARTESIAN_POINT('',(0.,3.9875));
#12264 = VECTOR('',#12265,1.);
#12265 = DIRECTION('',(1.,0.));
#12266 = ( GEOMETRIC_REPRESENTATION_CONTEXT(2) 
PARAMETRIC_REPRESENTATION_CONTEXT() REPRESENTATION_CONTEXT('2D SPACE',''
  ) );
#12267 = PCURVE('',#11597,#12268);
#12268 = DEFINITIONAL_REPRESENTATION('',(#12269),#12273);
#12269 = LINE('',#12270,#12271);
#12270 = CARTESIAN_POINT('',(0.,0.));
#12271 = VECTOR('',#12272,1.);
#12272 = DIRECTION('',(0.,1.));
#12273 = ( GEOMETRIC_REPRESENTATION_CONTEXT(2) 
PARAMETRIC_REPRESENTATION_CONTEXT() REPRESENTATION_CONTEXT('2D SPACE',''
  ) );
#12274 = ORIENTED_EDGE('',*,*,#11503,.F.);
#12275 = ORIENTED_EDGE('',*,*,#12276,.T.);
#12276 = EDGE_CURVE('',#11504,#11770,#12277,.T.);
#12277 = SURFACE_CURVE('',#12278,(#12282,#12289),.PCURVE_S1.);
#12278 = LINE('',#12279,#12280);
#12279 = CARTESIAN_POINT('',(-5.,1.2375,-0.8));
#12280 = VECTOR('',#12281,1.);
#12281 = DIRECTION('',(1.,0.,-0.));
#12282 = PCURVE('',#10199,#12283);
#12283 = DEFINITIONAL_REPRESENTATION('',(#12284),#12288);
#12284 = LINE('',#12285,#12286);
#12285 = CARTESIAN_POINT('',(0.,3.9875));
#12286 = VECTOR('',#12287,1.);
#12287 = DIRECTION('',(1.,0.));
#12288 = ( GEOMETRIC_REPRESENTATION_CONTEXT(2) 
PARAMETRIC_REPRESENTATION_CONTEXT() REPRESENTATION_CONTEXT('2D SPACE',''
  ) );
#12289 = PCURVE('',#11544,#12290);
#12290 = DEFINITIONAL_REPRESENTATION('',(#12291),#12295);
#12291 = LINE('',#12292,#12293);
#12292 = CARTESIAN_POINT('',(0.,0.));
#12293 = VECTOR('',#12294,1.);
#12294 = DIRECTION('',(0.,1.));
#12295 = ( GEOMETRIC_REPRESENTATION_CONTEXT(2) 
PARAMETRIC_REPRESENTATION_CONTEXT() REPRESENTATION_CONTEXT('2D SPACE',''
  ) );
#12296 = ORIENTED_EDGE('',*,*,#11767,.F.);
#12297 = ORIENTED_EDGE('',*,*,#12298,.T.);
#12298 = EDGE_CURVE('',#11768,#12016,#12299,.T.);
#12299 = SURFACE_CURVE('',#12300,(#12304,#12311),.PCURVE_S1.);
#12300 = LINE('',#12301,#12302);
#12301 = CARTESIAN_POINT('',(-5.,1.2375,-0.8));
#12302 = VECTOR('',#12303,1.);
#12303 = DIRECTION('',(1.,0.,-0.));
#12304 = PCURVE('',#10199,#12305);
#12305 = DEFINITIONAL_REPRESENTATION('',(#12306),#12310);
#12306 = LINE('',#12307,#12308);
#12307 = CARTESIAN_POINT('',(0.,3.9875));
#12308 = VECTOR('',#12309,1.);
#12309 = DIRECTION('',(1.,0.));
#12310 = ( GEOMETRIC_REPRESENTATION_CONTEXT(2) 
PARAMETRIC_REPRESENTATION_CONTEXT() REPRESENTATION_CONTEXT('2D SPACE',''
  ) );
#12311 = PCURVE('',#11808,#12312);
#12312 = DEFINITIONAL_REPRESENTATION('',(#12313),#12317);
#12313 = LINE('',#12314,#12315);
#12314 = CARTESIAN_POINT('',(0.,0.));
#12315 = VECTOR('',#12316,1.);
#12316 = DIRECTION('',(0.,1.));
#12317 = ( GEOMETRIC_REPRESENTATION_CONTEXT(2) 
PARAMETRIC_REPRESENTATION_CONTEXT() REPRESENTATION_CONTEXT('2D SPACE',''
  ) );
#12318 = ORIENTED_EDGE('',*,*,#12015,.F.);
#12319 = ORIENTED_EDGE('',*,*,#10183,.F.);
#12320 = ADVANCED_FACE('',(#12321),#10172,.T.);
#12321 = FACE_BOUND('',#12322,.T.);
#12322 = EDGE_LOOP('',(#12323,#12324,#12325,#12326,#12350,#12371,#12395,
    #12416,#12445,#12466,#12490,#12509));
#12323 = ORIENTED_EDGE('',*,*,#10157,.F.);
#12324 = ORIENTED_EDGE('',*,*,#10266,.T.);
#12325 = ORIENTED_EDGE('',*,*,#10425,.T.);
#12326 = ORIENTED_EDGE('',*,*,#12327,.T.);
#12327 = EDGE_CURVE('',#10398,#12328,#12330,.T.);
#12328 = VERTEX_POINT('',#12329);
#12329 = CARTESIAN_POINT('',(-4.844439467059,1.2375,-0.8));
#12330 = SURFACE_CURVE('',#12331,(#12336,#12343),.PCURVE_S1.);
#12331 = CIRCLE('',#12332,5.);
#12332 = AXIS2_PLACEMENT_3D('',#12333,#12334,#12335);
#12333 = CARTESIAN_POINT('',(0.,0.,-0.8));
#12334 = DIRECTION('',(0.,0.,1.));
#12335 = DIRECTION('',(1.,0.,-0.));
#12336 = PCURVE('',#10172,#12337);
#12337 = DEFINITIONAL_REPRESENTATION('',(#12338),#12342);
#12338 = LINE('',#12339,#12340);
#12339 = CARTESIAN_POINT('',(0.,1.2));
#12340 = VECTOR('',#12341,1.);
#12341 = DIRECTION('',(1.,0.));
#12342 = ( GEOMETRIC_REPRESENTATION_CONTEXT(2) 
PARAMETRIC_REPRESENTATION_CONTEXT() REPRESENTATION_CONTEXT('2D SPACE',''
  ) );
#12343 = PCURVE('',#10413,#12344);
#12344 = DEFINITIONAL_REPRESENTATION('',(#12345),#12349);
#12345 = CIRCLE('',#12346,5.);
#12346 = AXIS2_PLACEMENT_2D('',#12347,#12348);
#12347 = CARTESIAN_POINT('',(5.,2.75));
#12348 = DIRECTION('',(1.,0.));
#12349 = ( GEOMETRIC_REPRESENTATION_CONTEXT(2) 
PARAMETRIC_REPRESENTATION_CONTEXT() REPRESENTATION_CONTEXT('2D SPACE',''
  ) );
#12350 = ORIENTED_EDGE('',*,*,#12351,.T.);
#12351 = EDGE_CURVE('',#12328,#12352,#12354,.T.);
#12352 = VERTEX_POINT('',#12353);
#12353 = CARTESIAN_POINT('',(-4.844439467059,1.2375,0.8));
#12354 = SURFACE_CURVE('',#12355,(#12359,#12365),.PCURVE_S1.);
#12355 = LINE('',#12356,#12357);
#12356 = CARTESIAN_POINT('',(-4.844439467059,1.2375,-2.));
#12357 = VECTOR('',#12358,1.);
#12358 = DIRECTION('',(0.,0.,1.));
#12359 = PCURVE('',#10172,#12360);
#12360 = DEFINITIONAL_REPRESENTATION('',(#12361),#12364);
#12361 = B_SPLINE_CURVE_WITH_KNOTS('',1,(#12362,#12363),.UNSPECIFIED.,
  .F.,.F.,(2,2),(1.04,2.96),.PIECEWISE_BEZIER_KNOTS.);
#12362 = CARTESIAN_POINT('',(2.89149353012,1.04));
#12363 = CARTESIAN_POINT('',(2.89149353012,2.96));
#12364 = ( GEOMETRIC_REPRESENTATION_CONTEXT(2) 
PARAMETRIC_REPRESENTATION_CONTEXT() REPRESENTATION_CONTEXT('2D SPACE',''
  ) );
#12365 = PCURVE('',#10587,#12366);
#12366 = DEFINITIONAL_REPRESENTATION('',(#12367),#12370);
#12367 = B_SPLINE_CURVE_WITH_KNOTS('',1,(#12368,#12369),.UNSPECIFIED.,
  .F.,.F.,(2,2),(1.04,2.96),.PIECEWISE_BEZIER_KNOTS.);
#12368 = CARTESIAN_POINT('',(-0.16,0.155560532941));
#12369 = CARTESIAN_POINT('',(1.76,0.155560532941));
#12370 = ( GEOMETRIC_REPRESENTATION_CONTEXT(2) 
PARAMETRIC_REPRESENTATION_CONTEXT() REPRESENTATION_CONTEXT('2D SPACE',''
  ) );
#12371 = ORIENTED_EDGE('',*,*,#12372,.F.);
#12372 = EDGE_CURVE('',#12373,#12352,#12375,.T.);
#12373 = VERTEX_POINT('',#12374);
#12374 = CARTESIAN_POINT('',(-4.175823272123,2.75,0.8));
#12375 = SURFACE_CURVE('',#12376,(#12381,#12388),.PCURVE_S1.);
#12376 = CIRCLE('',#12377,5.);
#12377 = AXIS2_PLACEMENT_3D('',#12378,#12379,#12380);
#12378 = CARTESIAN_POINT('',(0.,0.,0.8));
#12379 = DIRECTION('',(0.,0.,1.));
#12380 = DIRECTION('',(1.,0.,-0.));
#12381 = PCURVE('',#10172,#12382);
#12382 = DEFINITIONAL_REPRESENTATION('',(#12383),#12387);
#12383 = LINE('',#12384,#12385);
#12384 = CARTESIAN_POINT('',(0.,2.8));
#12385 = VECTOR('',#12386,1.);
#12386 = DIRECTION('',(1.,0.));
#12387 = ( GEOMETRIC_REPRESENTATION_CONTEXT(2) 
PARAMETRIC_REPRESENTATION_CONTEXT() REPRESENTATION_CONTEXT('2D SPACE',''
  ) );
#12388 = PCURVE('',#10615,#12389);
#12389 = DEFINITIONAL_REPRESENTATION('',(#12390),#12394);
#12390 = CIRCLE('',#12391,5.);
#12391 = AXIS2_PLACEMENT_2D('',#12392,#12393);
#12392 = CARTESIAN_POINT('',(5.,2.75));
#12393 = DIRECTION('',(1.,0.));
#12394 = ( GEOMETRIC_REPRESENTATION_CONTEXT(2) 
PARAMETRIC_REPRESENTATION_CONTEXT() REPRESENTATION_CONTEXT('2D SPACE',''
  ) );
#12395 = ORIENTED_EDGE('',*,*,#12396,.T.);
#12396 = EDGE_CURVE('',#12373,#12397,#12399,.T.);
#12397 = VERTEX_POINT('',#12398);
#12398 = CARTESIAN_POINT('',(-4.175823272123,2.75,1.4));
#12399 = SURFACE_CURVE('',#12400,(#12404,#12410),.PCURVE_S1.);
#12400 = LINE('',#12401,#12402);
#12401 = CARTESIAN_POINT('',(-4.175823272123,2.75,-2.));
#12402 = VECTOR('',#12403,1.);
#12403 = DIRECTION('',(0.,0.,1.));
#12404 = PCURVE('',#10172,#12405);
#12405 = DEFINITIONAL_REPRESENTATION('',(#12406),#12409);
#12406 = B_SPLINE_CURVE_WITH_KNOTS('',1,(#12407,#12408),.UNSPECIFIED.,
  .F.,.F.,(2,2),(2.68,3.400010629369),.PIECEWISE_BEZIER_KNOTS.);
#12407 = CARTESIAN_POINT('',(2.559228415721,2.68));
#12408 = CARTESIAN_POINT('',(2.559228415721,3.400010629369));
#12409 = ( GEOMETRIC_REPRESENTATION_CONTEXT(2) 
PARAMETRIC_REPRESENTATION_CONTEXT() REPRESENTATION_CONTEXT('2D SPACE',''
  ) );
#12410 = PCURVE('',#10643,#12411);
#12411 = DEFINITIONAL_REPRESENTATION('',(#12412),#12415);
#12412 = B_SPLINE_CURVE_WITH_KNOTS('',1,(#12413,#12414),.UNSPECIFIED.,
  .F.,.F.,(2,2),(2.68,3.400010629369),.PIECEWISE_BEZIER_KNOTS.);
#12413 = CARTESIAN_POINT('',(-0.12,0.824176727877));
#12414 = CARTESIAN_POINT('',(0.600010629369,0.824176727877));
#12415 = ( GEOMETRIC_REPRESENTATION_CONTEXT(2) 
PARAMETRIC_REPRESENTATION_CONTEXT() REPRESENTATION_CONTEXT('2D SPACE',''
  ) );
#12416 = ORIENTED_EDGE('',*,*,#12417,.F.);
#12417 = EDGE_CURVE('',#12418,#12397,#12420,.T.);
#12418 = VERTEX_POINT('',#12419);
#12419 = CARTESIAN_POINT('',(4.175823272123,2.75,1.4));
#12420 = SURFACE_CURVE('',#12421,(#12426,#12433),.PCURVE_S1.);
#12421 = CIRCLE('',#12422,5.);
#12422 = AXIS2_PLACEMENT_3D('',#12423,#12424,#12425);
#12423 = CARTESIAN_POINT('',(0.,0.,1.4));
#12424 = DIRECTION('',(0.,0.,1.));
#12425 = DIRECTION('',(1.,0.,-0.));
#12426 = PCURVE('',#10172,#12427);
#12427 = DEFINITIONAL_REPRESENTATION('',(#12428),#12432);
#12428 = LINE('',#12429,#12430);
#12429 = CARTESIAN_POINT('',(0.,3.4));
#12430 = VECTOR('',#12431,1.);
#12431 = DIRECTION('',(1.,0.));
#12432 = ( GEOMETRIC_REPRESENTATION_CONTEXT(2) 
PARAMETRIC_REPRESENTATION_CONTEXT() REPRESENTATION_CONTEXT('2D SPACE',''
  ) );
#12433 = PCURVE('',#12434,#12439);
#12434 = CONICAL_SURFACE('',#12435,5.,0.785398163397);
#12435 = AXIS2_PLACEMENT_3D('',#12436,#12437,#12438);
#12436 = CARTESIAN_POINT('',(0.,0.,1.4));
#12437 = DIRECTION('',(-0.,-0.,-1.));
#12438 = DIRECTION('',(1.,0.,-0.));
#12439 = DEFINITIONAL_REPRESENTATION('',(#12440),#12444);
#12440 = LINE('',#12441,#12442);
#12441 = CARTESIAN_POINT('',(-0.,-0.));
#12442 = VECTOR('',#12443,1.);
#12443 = DIRECTION('',(-1.,-0.));
#12444 = ( GEOMETRIC_REPRESENTATION_CONTEXT(2) 
PARAMETRIC_REPRESENTATION_CONTEXT() REPRESENTATION_CONTEXT('2D SPACE',''
  ) );
#12445 = ORIENTED_EDGE('',*,*,#12446,.F.);
#12446 = EDGE_CURVE('',#12447,#12418,#12449,.T.);
#12447 = VERTEX_POINT('',#12448);
#12448 = CARTESIAN_POINT('',(4.175823272123,2.75,0.8));
#12449 = SURFACE_CURVE('',#12450,(#12454,#12460),.PCURVE_S1.);
#12450 = LINE('',#12451,#12452);
#12451 = CARTESIAN_POINT('',(4.175823272123,2.75,-2.));
#12452 = VECTOR('',#12453,1.);
#12453 = DIRECTION('',(0.,0.,1.));
#12454 = PCURVE('',#10172,#12455);
#12455 = DEFINITIONAL_REPRESENTATION('',(#12456),#12459);
#12456 = B_SPLINE_CURVE_WITH_KNOTS('',1,(#12457,#12458),.UNSPECIFIED.,
  .F.,.F.,(2,2),(2.68,3.400010629369),.PIECEWISE_BEZIER_KNOTS.);
#12457 = CARTESIAN_POINT('',(0.582364237869,2.68));
#12458 = CARTESIAN_POINT('',(0.582364237869,3.400010629369));
#12459 = ( GEOMETRIC_REPRESENTATION_CONTEXT(2) 
PARAMETRIC_REPRESENTATION_CONTEXT() REPRESENTATION_CONTEXT('2D SPACE',''
  ) );
#12460 = PCURVE('',#12099,#12461);
#12461 = DEFINITIONAL_REPRESENTATION('',(#12462),#12465);
#12462 = B_SPLINE_CURVE_WITH_KNOTS('',1,(#12463,#12464),.UNSPECIFIED.,
  .F.,.F.,(2,2),(2.68,3.400010629369),.PIECEWISE_BEZIER_KNOTS.);
#12463 = CARTESIAN_POINT('',(-0.12,9.175823272123));
#12464 = CARTESIAN_POINT('',(0.600010629369,9.175823272123));
#12465 = ( GEOMETRIC_REPRESENTATION_CONTEXT(2) 
PARAMETRIC_REPRESENTATION_CONTEXT() REPRESENTATION_CONTEXT('2D SPACE',''
  ) );
#12466 = ORIENTED_EDGE('',*,*,#12467,.F.);
#12467 = EDGE_CURVE('',#12468,#12447,#12470,.T.);
#12468 = VERTEX_POINT('',#12469);
#12469 = CARTESIAN_POINT('',(4.844439467059,1.2375,0.8));
#12470 = SURFACE_CURVE('',#12471,(#12476,#12483),.PCURVE_S1.);
#12471 = CIRCLE('',#12472,5.);
#12472 = AXIS2_PLACEMENT_3D('',#12473,#12474,#12475);
#12473 = CARTESIAN_POINT('',(0.,0.,0.8));
#12474 = DIRECTION('',(0.,0.,1.));
#12475 = DIRECTION('',(1.,0.,-0.));
#12476 = PCURVE('',#10172,#12477);
#12477 = DEFINITIONAL_REPRESENTATION('',(#12478),#12482);
#12478 = LINE('',#12479,#12480);
#12479 = CARTESIAN_POINT('',(0.,2.8));
#12480 = VECTOR('',#12481,1.);
#12481 = DIRECTION('',(1.,0.));
#12482 = ( GEOMETRIC_REPRESENTATION_CONTEXT(2) 
PARAMETRIC_REPRESENTATION_CONTEXT() REPRESENTATION_CONTEXT('2D SPACE',''
  ) );
#12483 = PCURVE('',#11572,#12484);
#12484 = DEFINITIONAL_REPRESENTATION('',(#12485),#12489);
#12485 = CIRCLE('',#12486,5.);
#12486 = AXIS2_PLACEMENT_2D('',#12487,#12488);
#12487 = CARTESIAN_POINT('',(5.,2.75));
#12488 = DIRECTION('',(1.,0.));
#12489 = ( GEOMETRIC_REPRESENTATION_CONTEXT(2) 
PARAMETRIC_REPRESENTATION_CONTEXT() REPRESENTATION_CONTEXT('2D SPACE',''
  ) );
#12490 = ORIENTED_EDGE('',*,*,#12491,.F.);
#12491 = EDGE_CURVE('',#12231,#12468,#12492,.T.);
#12492 = SURFACE_CURVE('',#12493,(#12497,#12503),.PCURVE_S1.);
#12493 = LINE('',#12494,#12495);
#12494 = CARTESIAN_POINT('',(4.844439467059,1.2375,-2.));
#12495 = VECTOR('',#12496,1.);
#12496 = DIRECTION('',(0.,0.,1.));
#12497 = PCURVE('',#10172,#12498);
#12498 = DEFINITIONAL_REPRESENTATION('',(#12499),#12502);
#12499 = B_SPLINE_CURVE_WITH_KNOTS('',1,(#12500,#12501),.UNSPECIFIED.,
  .F.,.F.,(2,2),(1.04,2.96),.PIECEWISE_BEZIER_KNOTS.);
#12500 = CARTESIAN_POINT('',(0.25009912347,1.04));
#12501 = CARTESIAN_POINT('',(0.25009912347,2.96));
#12502 = ( GEOMETRIC_REPRESENTATION_CONTEXT(2) 
PARAMETRIC_REPRESENTATION_CONTEXT() REPRESENTATION_CONTEXT('2D SPACE',''
  ) );
#12503 = PCURVE('',#11597,#12504);
#12504 = DEFINITIONAL_REPRESENTATION('',(#12505),#12508);
#12505 = B_SPLINE_CURVE_WITH_KNOTS('',1,(#12506,#12507),.UNSPECIFIED.,
  .F.,.F.,(2,2),(1.04,2.96),.PIECEWISE_BEZIER_KNOTS.);
#12506 = CARTESIAN_POINT('',(-0.16,9.844439467059));
#12507 = CARTESIAN_POINT('',(1.76,9.844439467059));
#12508 = ( GEOMETRIC_REPRESENTATION_CONTEXT(2) 
PARAMETRIC_REPRESENTATION_CONTEXT() REPRESENTATION_CONTEXT('2D SPACE',''
  ) );
#12509 = ORIENTED_EDGE('',*,*,#12230,.T.);
#12510 = ADVANCED_FACE('',(#12511),#10413,.T.);
#12511 = FACE_BOUND('',#12512,.T.);
#12512 = EDGE_LOOP('',(#12513,#12514,#12535,#12536));
#12513 = ORIENTED_EDGE('',*,*,#10548,.F.);
#12514 = ORIENTED_EDGE('',*,*,#12515,.T.);
#12515 = EDGE_CURVE('',#10549,#12328,#12516,.T.);
#12516 = SURFACE_CURVE('',#12517,(#12521,#12528),.PCURVE_S1.);
#12517 = LINE('',#12518,#12519);
#12518 = CARTESIAN_POINT('',(-5.,1.2375,-0.8));
#12519 = VECTOR('',#12520,1.);
#12520 = DIRECTION('',(1.,0.,-0.));
#12521 = PCURVE('',#10413,#12522);
#12522 = DEFINITIONAL_REPRESENTATION('',(#12523),#12527);
#12523 = LINE('',#12524,#12525);
#12524 = CARTESIAN_POINT('',(0.,3.9875));
#12525 = VECTOR('',#12526,1.);
#12526 = DIRECTION('',(1.,0.));
#12527 = ( GEOMETRIC_REPRESENTATION_CONTEXT(2) 
PARAMETRIC_REPRESENTATION_CONTEXT() REPRESENTATION_CONTEXT('2D SPACE',''
  ) );
#12528 = PCURVE('',#10587,#12529);
#12529 = DEFINITIONAL_REPRESENTATION('',(#12530),#12534);
#12530 = LINE('',#12531,#12532);
#12531 = CARTESIAN_POINT('',(0.,0.));
#12532 = VECTOR('',#12533,1.);
#12533 = DIRECTION('',(0.,1.));
#12534 = ( GEOMETRIC_REPRESENTATION_CONTEXT(2) 
PARAMETRIC_REPRESENTATION_CONTEXT() REPRESENTATION_CONTEXT('2D SPACE',''
  ) );
#12535 = ORIENTED_EDGE('',*,*,#12327,.F.);
#12536 = ORIENTED_EDGE('',*,*,#10397,.F.);
#12537 = ADVANCED_FACE('',(#12538),#10487,.T.);
#12538 = FACE_BOUND('',#12539,.T.);
#12539 = EDGE_LOOP('',(#12540,#12541,#12562,#12563));
#12540 = ORIENTED_EDGE('',*,*,#12205,.F.);
#12541 = ORIENTED_EDGE('',*,*,#12542,.T.);
#12542 = EDGE_CURVE('',#12185,#10822,#12543,.T.);
#12543 = SURFACE_CURVE('',#12544,(#12548,#12555),.PCURVE_S1.);
#12544 = LINE('',#12545,#12546);
#12545 = CARTESIAN_POINT('',(-5.,1.2375,-0.8));
#12546 = VECTOR('',#12547,1.);
#12547 = DIRECTION('',(1.,0.,-0.));
#12548 = PCURVE('',#10487,#12549);
#12549 = DEFINITIONAL_REPRESENTATION('',(#12550),#12554);
#12550 = LINE('',#12551,#12552);
#12551 = CARTESIAN_POINT('',(0.,3.9875));
#12552 = VECTOR('',#12553,1.);
#12553 = DIRECTION('',(1.,0.));
#12554 = ( GEOMETRIC_REPRESENTATION_CONTEXT(2) 
PARAMETRIC_REPRESENTATION_CONTEXT() REPRESENTATION_CONTEXT('2D SPACE',''
  ) );
#12555 = PCURVE('',#10860,#12556);
#12556 = DEFINITIONAL_REPRESENTATION('',(#12557),#12561);
#12557 = LINE('',#12558,#12559);
#12558 = CARTESIAN_POINT('',(0.,0.));
#12559 = VECTOR('',#12560,1.);
#12560 = DIRECTION('',(0.,1.));
#12561 = ( GEOMETRIC_REPRESENTATION_CONTEXT(2) 
PARAMETRIC_REPRESENTATION_CONTEXT() REPRESENTATION_CONTEXT('2D SPACE',''
  ) );
#12562 = ORIENTED_EDGE('',*,*,#10821,.T.);
#12563 = ORIENTED_EDGE('',*,*,#10471,.F.);
#12564 = ADVANCED_FACE('',(#12565),#10587,.T.);
#12565 = FACE_BOUND('',#12566,.T.);
#12566 = EDGE_LOOP('',(#12567,#12568,#12569,#12590));
#12567 = ORIENTED_EDGE('',*,*,#12515,.F.);
#12568 = ORIENTED_EDGE('',*,*,#10571,.T.);
#12569 = ORIENTED_EDGE('',*,*,#12570,.T.);
#12570 = EDGE_CURVE('',#10572,#12352,#12571,.T.);
#12571 = SURFACE_CURVE('',#12572,(#12576,#12583),.PCURVE_S1.);
#12572 = LINE('',#12573,#12574);
#12573 = CARTESIAN_POINT('',(-5.,1.2375,0.8));
#12574 = VECTOR('',#12575,1.);
#12575 = DIRECTION('',(1.,0.,-0.));
#12576 = PCURVE('',#10587,#12577);
#12577 = DEFINITIONAL_REPRESENTATION('',(#12578),#12582);
#12578 = LINE('',#12579,#12580);
#12579 = CARTESIAN_POINT('',(1.6,0.));
#12580 = VECTOR('',#12581,1.);
#12581 = DIRECTION('',(0.,1.));
#12582 = ( GEOMETRIC_REPRESENTATION_CONTEXT(2) 
PARAMETRIC_REPRESENTATION_CONTEXT() REPRESENTATION_CONTEXT('2D SPACE',''
  ) );
#12583 = PCURVE('',#10615,#12584);
#12584 = DEFINITIONAL_REPRESENTATION('',(#12585),#12589);
#12585 = LINE('',#12586,#12587);
#12586 = CARTESIAN_POINT('',(0.,3.9875));
#12587 = VECTOR('',#12588,1.);
#12588 = DIRECTION('',(1.,0.));
#12589 = ( GEOMETRIC_REPRESENTATION_CONTEXT(2) 
PARAMETRIC_REPRESENTATION_CONTEXT() REPRESENTATION_CONTEXT('2D SPACE',''
  ) );
#12590 = ORIENTED_EDGE('',*,*,#12351,.F.);
#12591 = ADVANCED_FACE('',(#12592),#10615,.F.);
#12592 = FACE_BOUND('',#12593,.F.);
#12593 = EDGE_LOOP('',(#12594,#12595,#12596,#12597));
#12594 = ORIENTED_EDGE('',*,*,#10599,.F.);
#12595 = ORIENTED_EDGE('',*,*,#12570,.T.);
#12596 = ORIENTED_EDGE('',*,*,#12372,.F.);
#12597 = ORIENTED_EDGE('',*,*,#12598,.F.);
#12598 = EDGE_CURVE('',#10600,#12373,#12599,.T.);
#12599 = SURFACE_CURVE('',#12600,(#12604,#12611),.PCURVE_S1.);
#12600 = LINE('',#12601,#12602);
#12601 = CARTESIAN_POINT('',(-5.,2.75,0.8));
#12602 = VECTOR('',#12603,1.);
#12603 = DIRECTION('',(1.,0.,-0.));
#12604 = PCURVE('',#10615,#12605);
#12605 = DEFINITIONAL_REPRESENTATION('',(#12606),#12610);
#12606 = LINE('',#12607,#12608);
#12607 = CARTESIAN_POINT('',(0.,5.5));
#12608 = VECTOR('',#12609,1.);
#12609 = DIRECTION('',(1.,0.));
#12610 = ( GEOMETRIC_REPRESENTATION_CONTEXT(2) 
PARAMETRIC_REPRESENTATION_CONTEXT() REPRESENTATION_CONTEXT('2D SPACE',''
  ) );
#12611 = PCURVE('',#10643,#12612);
#12612 = DEFINITIONAL_REPRESENTATION('',(#12613),#12617);
#12613 = LINE('',#12614,#12615);
#12614 = CARTESIAN_POINT('',(0.,0.));
#12615 = VECTOR('',#12616,1.);
#12616 = DIRECTION('',(0.,1.));
#12617 = ( GEOMETRIC_REPRESENTATION_CONTEXT(2) 
PARAMETRIC_REPRESENTATION_CONTEXT() REPRESENTATION_CONTEXT('2D SPACE',''
  ) );
#12618 = ADVANCED_FACE('',(#12619),#10643,.T.);
#12619 = FACE_BOUND('',#12620,.T.);
#12620 = EDGE_LOOP('',(#12621,#12622,#12623,#12646,#12671));
#12621 = ORIENTED_EDGE('',*,*,#12598,.F.);
#12622 = ORIENTED_EDGE('',*,*,#10627,.T.);
#12623 = ORIENTED_EDGE('',*,*,#12624,.T.);
#12624 = EDGE_CURVE('',#10628,#12625,#12627,.T.);
#12625 = VERTEX_POINT('',#12626);
#12626 = CARTESIAN_POINT('',(-3.434748899119,2.75,2.));
#12627 = SURFACE_CURVE('',#12628,(#12632,#12639),.PCURVE_S1.);
#12628 = LINE('',#12629,#12630);
#12629 = CARTESIAN_POINT('',(-5.,2.75,2.));
#12630 = VECTOR('',#12631,1.);
#12631 = DIRECTION('',(1.,0.,-0.));
#12632 = PCURVE('',#10643,#12633);
#12633 = DEFINITIONAL_REPRESENTATION('',(#12634),#12638);
#12634 = LINE('',#12635,#12636);
#12635 = CARTESIAN_POINT('',(1.2,0.));
#12636 = VECTOR('',#12637,1.);
#12637 = DIRECTION('',(0.,1.));
#12638 = ( GEOMETRIC_REPRESENTATION_CONTEXT(2) 
PARAMETRIC_REPRESENTATION_CONTEXT() REPRESENTATION_CONTEXT('2D SPACE',''
  ) );
#12639 = PCURVE('',#10671,#12640);
#12640 = DEFINITIONAL_REPRESENTATION('',(#12641),#12645);
#12641 = LINE('',#12642,#12643);
#12642 = CARTESIAN_POINT('',(0.,5.5));
#12643 = VECTOR('',#12644,1.);
#12644 = DIRECTION('',(1.,0.));
#12645 = ( GEOMETRIC_REPRESENTATION_CONTEXT(2) 
PARAMETRIC_REPRESENTATION_CONTEXT() REPRESENTATION_CONTEXT('2D SPACE',''
  ) );
#12646 = ORIENTED_EDGE('',*,*,#12647,.T.);
#12647 = EDGE_CURVE('',#12625,#12397,#12648,.T.);
#12648 = SURFACE_CURVE('',#12649,(#12654,#12661),.PCURVE_S1.);
#12649 = HYPERBOLA('',#12650,2.75,2.75);
#12650 = AXIS2_PLACEMENT_3D('',#12651,#12652,#12653);
#12651 = CARTESIAN_POINT('',(0.,2.75,6.4));
#12652 = DIRECTION('',(0.,1.,0.));
#12653 = DIRECTION('',(-0.,0.,-1.));
#12654 = PCURVE('',#10643,#12655);
#12655 = DEFINITIONAL_REPRESENTATION('',(#12656),#12660);
#12656 = ( BOUNDED_CURVE() B_SPLINE_CURVE(2,(#12657,#12658,#12659),
.UNSPECIFIED.,.F.,.F.) B_SPLINE_CURVE_WITH_KNOTS((3,3),(1.046967915003,
1.204971208168),.PIECEWISE_BEZIER_KNOTS.) CURVE() 
GEOMETRIC_REPRESENTATION_ITEM() RATIONAL_B_SPLINE_CURVE((1.,
1.003122253474,1.)) REPRESENTATION_ITEM('') );
#12657 = CARTESIAN_POINT('',(1.2,1.565251100881));
#12658 = CARTESIAN_POINT('',(0.929212299272,1.218365224156));
#12659 = CARTESIAN_POINT('',(0.6,0.824176727877));
#12660 = ( GEOMETRIC_REPRESENTATION_CONTEXT(2) 
PARAMETRIC_REPRESENTATION_CONTEXT() REPRESENTATION_CONTEXT('2D SPACE',''
  ) );
#12661 = PCURVE('',#12434,#12662);
#12662 = DEFINITIONAL_REPRESENTATION('',(#12663),#12670);
#12663 = B_SPLINE_CURVE_WITH_KNOTS('',5,(#12664,#12665,#12666,#12667,
    #12668,#12669),.UNSPECIFIED.,.F.,.F.,(6,6),(1.046967915003,
    1.204971208168),.PIECEWISE_BEZIER_KNOTS.);
#12664 = CARTESIAN_POINT('',(-2.466461120653,-0.6));
#12665 = CARTESIAN_POINT('',(-2.486211532298,-0.491459672549));
#12666 = CARTESIAN_POINT('',(-2.505352932484,-0.377427038356));
#12667 = CARTESIAN_POINT('',(-2.523894317204,-0.257676273539));
#12668 = CARTESIAN_POINT('',(-2.541848053473,-0.131958765734));
#12669 = CARTESIAN_POINT('',(-2.559228415721,-6.661338147751E-16));
#12670 = ( GEOMETRIC_REPRESENTATION_CONTEXT(2) 
PARAMETRIC_REPRESENTATION_CONTEXT() REPRESENTATION_CONTEXT('2D SPACE',''
  ) );
#12671 = ORIENTED_EDGE('',*,*,#12396,.F.);
#12672 = ADVANCED_FACE('',(#12673,#12900,#12903,#12906,#12909),#10671,
  .T.);
#12673 = FACE_BOUND('',#12674,.T.);
#12674 = EDGE_LOOP('',(#12675,#12698,#12722,#12745,#12767,#12768,#12769,
    #12792,#12821,#12849,#12878,#12899));
#12675 = ORIENTED_EDGE('',*,*,#12676,.F.);
#12676 = EDGE_CURVE('',#12677,#10901,#12679,.T.);
#12677 = VERTEX_POINT('',#12678);
#12678 = CARTESIAN_POINT('',(43.434748899119,2.75,2.));
#12679 = SURFACE_CURVE('',#12680,(#12684,#12691),.PCURVE_S1.);
#12680 = LINE('',#12681,#12682);
#12681 = CARTESIAN_POINT('',(-5.,2.75,2.));
#12682 = VECTOR('',#12683,1.);
#12683 = DIRECTION('',(1.,0.,-0.));
#12684 = PCURVE('',#10671,#12685);
#12685 = DEFINITIONAL_REPRESENTATION('',(#12686),#12690);
#12686 = LINE('',#12687,#12688);
#12687 = CARTESIAN_POINT('',(0.,5.5));
#12688 = VECTOR('',#12689,1.);
#12689 = DIRECTION('',(1.,0.));
#12690 = ( GEOMETRIC_REPRESENTATION_CONTEXT(2) 
PARAMETRIC_REPRESENTATION_CONTEXT() REPRESENTATION_CONTEXT('2D SPACE',''
  ) );
#12691 = PCURVE('',#10916,#12692);
#12692 = DEFINITIONAL_REPRESENTATION('',(#12693),#12697);
#12693 = LINE('',#12694,#12695);
#12694 = CARTESIAN_POINT('',(1.2,0.));
#12695 = VECTOR('',#12696,1.);
#12696 = DIRECTION('',(0.,1.));
#12697 = ( GEOMETRIC_REPRESENTATION_CONTEXT(2) 
PARAMETRIC_REPRESENTATION_CONTEXT() REPRESENTATION_CONTEXT('2D SPACE',''
  ) );
#12698 = ORIENTED_EDGE('',*,*,#12699,.T.);
#12699 = EDGE_CURVE('',#12677,#12700,#12702,.T.);
#12700 = VERTEX_POINT('',#12701);
#12701 = CARTESIAN_POINT('',(36.565251100881,2.75,2.));
#12702 = SURFACE_CURVE('',#12703,(#12708,#12715),.PCURVE_S1.);
#12703 = CIRCLE('',#12704,4.4);
#12704 = AXIS2_PLACEMENT_3D('',#12705,#12706,#12707);
#12705 = CARTESIAN_POINT('',(40.,0.,2.));
#12706 = DIRECTION('',(0.,0.,1.));
#12707 = DIRECTION('',(1.,0.,-0.));
#12708 = PCURVE('',#10671,#12709);
#12709 = DEFINITIONAL_REPRESENTATION('',(#12710),#12714);
#12710 = CIRCLE('',#12711,4.4);
#12711 = AXIS2_PLACEMENT_2D('',#12712,#12713);
#12712 = CARTESIAN_POINT('',(45.,2.75));
#12713 = DIRECTION('',(1.,0.));
#12714 = ( GEOMETRIC_REPRESENTATION_CONTEXT(2) 
PARAMETRIC_REPRESENTATION_CONTEXT() REPRESENTATION_CONTEXT('2D SPACE',''
  ) );
#12715 = PCURVE('',#12127,#12716);
#12716 = DEFINITIONAL_REPRESENTATION('',(#12717),#12721);
#12717 = LINE('',#12718,#12719);
#12718 = CARTESIAN_POINT('',(-0.,-0.6));
#12719 = VECTOR('',#12720,1.);
#12720 = DIRECTION('',(-1.,-0.));
#12721 = ( GEOMETRIC_REPRESENTATION_CONTEXT(2) 
PARAMETRIC_REPRESENTATION_CONTEXT() REPRESENTATION_CONTEXT('2D SPACE',''
  ) );
#12722 = ORIENTED_EDGE('',*,*,#12723,.F.);
#12723 = EDGE_CURVE('',#12724,#12700,#12726,.T.);
#12724 = VERTEX_POINT('',#12725);
#12725 = CARTESIAN_POINT('',(3.434748899119,2.75,2.));
#12726 = SURFACE_CURVE('',#12727,(#12731,#12738),.PCURVE_S1.);
#12727 = LINE('',#12728,#12729);
#12728 = CARTESIAN_POINT('',(-5.,2.75,2.));
#12729 = VECTOR('',#12730,1.);
#12730 = DIRECTION('',(1.,0.,-0.));
#12731 = PCURVE('',#10671,#12732);
#12732 = DEFINITIONAL_REPRESENTATION('',(#12733),#12737);
#12733 = LINE('',#12734,#12735);
#12734 = CARTESIAN_POINT('',(0.,5.5));
#12735 = VECTOR('',#12736,1.);
#12736 = DIRECTION('',(1.,0.));
#12737 = ( GEOMETRIC_REPRESENTATION_CONTEXT(2) 
PARAMETRIC_REPRESENTATION_CONTEXT() REPRESENTATION_CONTEXT('2D SPACE',''
  ) );
#12738 = PCURVE('',#12099,#12739);
#12739 = DEFINITIONAL_REPRESENTATION('',(#12740),#12744);
#12740 = LINE('',#12741,#12742);
#12741 = CARTESIAN_POINT('',(1.2,0.));
#12742 = VECTOR('',#12743,1.);
#12743 = DIRECTION('',(0.,1.));
#12744 = ( GEOMETRIC_REPRESENTATION_CONTEXT(2) 
PARAMETRIC_REPRESENTATION_CONTEXT() REPRESENTATION_CONTEXT('2D SPACE',''
  ) );
#12745 = ORIENTED_EDGE('',*,*,#12746,.T.);
#12746 = EDGE_CURVE('',#12724,#12625,#12747,.T.);
#12747 = SURFACE_CURVE('',#12748,(#12753,#12760),.PCURVE_S1.);
#12748 = CIRCLE('',#12749,4.4);
#12749 = AXIS2_PLACEMENT_3D('',#12750,#12751,#12752);
#12750 = CARTESIAN_POINT('',(0.,0.,2.));
#12751 = DIRECTION('',(0.,0.,1.));
#12752 = DIRECTION('',(1.,0.,-0.));
#12753 = PCURVE('',#10671,#12754);
#12754 = DEFINITIONAL_REPRESENTATION('',(#12755),#12759);
#12755 = CIRCLE('',#12756,4.4);
#12756 = AXIS2_PLACEMENT_2D('',#12757,#12758);
#12757 = CARTESIAN_POINT('',(5.,2.75));
#12758 = DIRECTION('',(1.,0.));
#12759 = ( GEOMETRIC_REPRESENTATION_CONTEXT(2) 
PARAMETRIC_REPRESENTATION_CONTEXT() REPRESENTATION_CONTEXT('2D SPACE',''
  ) );
#12760 = PCURVE('',#12434,#12761);
#12761 = DEFINITIONAL_REPRESENTATION('',(#12762),#12766);
#12762 = LINE('',#12763,#12764);
#12763 = CARTESIAN_POINT('',(-0.,-0.6));
#12764 = VECTOR('',#12765,1.);
#12765 = DIRECTION('',(-1.,-0.));
#12766 = ( GEOMETRIC_REPRESENTATION_CONTEXT(2) 
PARAMETRIC_REPRESENTATION_CONTEXT() REPRESENTATION_CONTEXT('2D SPACE',''
  ) );
#12767 = ORIENTED_EDGE('',*,*,#12624,.F.);
#12768 = ORIENTED_EDGE('',*,*,#10655,.F.);
#12769 = ORIENTED_EDGE('',*,*,#12770,.T.);
#12770 = EDGE_CURVE('',#10656,#12771,#12773,.T.);
#12771 = VERTEX_POINT('',#12772);
#12772 = CARTESIAN_POINT('',(-3.434748899119,-2.75,2.));
#12773 = SURFACE_CURVE('',#12774,(#12778,#12785),.PCURVE_S1.);
#12774 = LINE('',#12775,#12776);
#12775 = CARTESIAN_POINT('',(-5.,-2.75,2.));
#12776 = VECTOR('',#12777,1.);
#12777 = DIRECTION('',(1.,0.,-0.));
#12778 = PCURVE('',#10671,#12779);
#12779 = DEFINITIONAL_REPRESENTATION('',(#12780),#12784);
#12780 = LINE('',#12781,#12782);
#12781 = CARTESIAN_POINT('',(0.,0.));
#12782 = VECTOR('',#12783,1.);
#12783 = DIRECTION('',(1.,0.));
#12784 = ( GEOMETRIC_REPRESENTATION_CONTEXT(2) 
PARAMETRIC_REPRESENTATION_CONTEXT() REPRESENTATION_CONTEXT('2D SPACE',''
  ) );
#12785 = PCURVE('',#10699,#12786);
#12786 = DEFINITIONAL_REPRESENTATION('',(#12787),#12791);
#12787 = LINE('',#12788,#12789);
#12788 = CARTESIAN_POINT('',(1.2,0.));
#12789 = VECTOR('',#12790,1.);
#12790 = DIRECTION('',(0.,1.));
#12791 = ( GEOMETRIC_REPRESENTATION_CONTEXT(2) 
PARAMETRIC_REPRESENTATION_CONTEXT() REPRESENTATION_CONTEXT('2D SPACE',''
  ) );
#12792 = ORIENTED_EDGE('',*,*,#12793,.T.);
#12793 = EDGE_CURVE('',#12771,#12794,#12796,.T.);
#12794 = VERTEX_POINT('',#12795);
#12795 = CARTESIAN_POINT('',(3.434748899119,-2.75,2.));
#12796 = SURFACE_CURVE('',#12797,(#12802,#12809),.PCURVE_S1.);
#12797 = CIRCLE('',#12798,4.4);
#12798 = AXIS2_PLACEMENT_3D('',#12799,#12800,#12801);
#12799 = CARTESIAN_POINT('',(0.,0.,2.));
#12800 = DIRECTION('',(0.,0.,1.));
#12801 = DIRECTION('',(1.,0.,-0.));
#12802 = PCURVE('',#10671,#12803);
#12803 = DEFINITIONAL_REPRESENTATION('',(#12804),#12808);
#12804 = CIRCLE('',#12805,4.4);
#12805 = AXIS2_PLACEMENT_2D('',#12806,#12807);
#12806 = CARTESIAN_POINT('',(5.,2.75));
#12807 = DIRECTION('',(1.,0.));
#12808 = ( GEOMETRIC_REPRESENTATION_CONTEXT(2) 
PARAMETRIC_REPRESENTATION_CONTEXT() REPRESENTATION_CONTEXT('2D SPACE',''
  ) );
#12809 = PCURVE('',#12810,#12815);
#12810 = CONICAL_SURFACE('',#12811,5.,0.785398163397);
#12811 = AXIS2_PLACEMENT_3D('',#12812,#12813,#12814);
#12812 = CARTESIAN_POINT('',(0.,0.,1.4));
#12813 = DIRECTION('',(-0.,-0.,-1.));
#12814 = DIRECTION('',(1.,0.,-0.));
#12815 = DEFINITIONAL_REPRESENTATION('',(#12816),#12820);
#12816 = LINE('',#12817,#12818);
#12817 = CARTESIAN_POINT('',(-0.,-0.6));
#12818 = VECTOR('',#12819,1.);
#12819 = DIRECTION('',(-1.,-0.));
#12820 = ( GEOMETRIC_REPRESENTATION_CONTEXT(2) 
PARAMETRIC_REPRESENTATION_CONTEXT() REPRESENTATION_CONTEXT('2D SPACE',''
  ) );
#12821 = ORIENTED_EDGE('',*,*,#12822,.T.);
#12822 = EDGE_CURVE('',#12794,#12823,#12825,.T.);
#12823 = VERTEX_POINT('',#12824);
#12824 = CARTESIAN_POINT('',(36.565251100881,-2.75,2.));
#12825 = SURFACE_CURVE('',#12826,(#12830,#12837),.PCURVE_S1.);
#12826 = LINE('',#12827,#12828);
#12827 = CARTESIAN_POINT('',(-5.,-2.75,2.));
#12828 = VECTOR('',#12829,1.);
#12829 = DIRECTION('',(1.,0.,-0.));
#12830 = PCURVE('',#10671,#12831);
#12831 = DEFINITIONAL_REPRESENTATION('',(#12832),#12836);
#12832 = LINE('',#12833,#12834);
#12833 = CARTESIAN_POINT('',(0.,0.));
#12834 = VECTOR('',#12835,1.);
#12835 = DIRECTION('',(1.,0.));
#12836 = ( GEOMETRIC_REPRESENTATION_CONTEXT(2) 
PARAMETRIC_REPRESENTATION_CONTEXT() REPRESENTATION_CONTEXT('2D SPACE',''
  ) );
#12837 = PCURVE('',#12838,#12843);
#12838 = PLANE('',#12839);
#12839 = AXIS2_PLACEMENT_3D('',#12840,#12841,#12842);
#12840 = CARTESIAN_POINT('',(-5.,-2.75,0.8));
#12841 = DIRECTION('',(-0.,1.,0.));
#12842 = DIRECTION('',(0.,0.,1.));
#12843 = DEFINITIONAL_REPRESENTATION('',(#12844),#12848);
#12844 = LINE('',#12845,#12846);
#12845 = CARTESIAN_POINT('',(1.2,0.));
#12846 = VECTOR('',#12847,1.);
#12847 = DIRECTION('',(0.,1.));
#12848 = ( GEOMETRIC_REPRESENTATION_CONTEXT(2) 
PARAMETRIC_REPRESENTATION_CONTEXT() REPRESENTATION_CONTEXT('2D SPACE',''
  ) );
#12849 = ORIENTED_EDGE('',*,*,#12850,.T.);
#12850 = EDGE_CURVE('',#12823,#12851,#12853,.T.);
#12851 = VERTEX_POINT('',#12852);
#12852 = CARTESIAN_POINT('',(43.434748899119,-2.75,2.));
#12853 = SURFACE_CURVE('',#12854,(#12859,#12866),.PCURVE_S1.);
#12854 = CIRCLE('',#12855,4.4);
#12855 = AXIS2_PLACEMENT_3D('',#12856,#12857,#12858);
#12856 = CARTESIAN_POINT('',(40.,0.,2.));
#12857 = DIRECTION('',(0.,0.,1.));
#12858 = DIRECTION('',(1.,0.,-0.));
#12859 = PCURVE('',#10671,#12860);
#12860 = DEFINITIONAL_REPRESENTATION('',(#12861),#12865);
#12861 = CIRCLE('',#12862,4.4);
#12862 = AXIS2_PLACEMENT_2D('',#12863,#12864);
#12863 = CARTESIAN_POINT('',(45.,2.75));
#12864 = DIRECTION('',(1.,0.));
#12865 = ( GEOMETRIC_REPRESENTATION_CONTEXT(2) 
PARAMETRIC_REPRESENTATION_CONTEXT() REPRESENTATION_CONTEXT('2D SPACE',''
  ) );
#12866 = PCURVE('',#12867,#12872);
#12867 = CONICAL_SURFACE('',#12868,5.,0.785398163397);
#12868 = AXIS2_PLACEMENT_3D('',#12869,#12870,#12871);
#12869 = CARTESIAN_POINT('',(40.,0.,1.4));
#12870 = DIRECTION('',(-0.,-0.,-1.));
#12871 = DIRECTION('',(1.,0.,-0.));
#12872 = DEFINITIONAL_REPRESENTATION('',(#12873),#12877);
#12873 = LINE('',#12874,#12875);
#12874 = CARTESIAN_POINT('',(-0.,-0.6));
#12875 = VECTOR('',#12876,1.);
#12876 = DIRECTION('',(-1.,-0.));
#12877 = ( GEOMETRIC_REPRESENTATION_CONTEXT(2) 
PARAMETRIC_REPRESENTATION_CONTEXT() REPRESENTATION_CONTEXT('2D SPACE',''
  ) );
#12878 = ORIENTED_EDGE('',*,*,#12879,.T.);
#12879 = EDGE_CURVE('',#12851,#10929,#12880,.T.);
#12880 = SURFACE_CURVE('',#12881,(#12885,#12892),.PCURVE_S1.);
#12881 = LINE('',#12882,#12883);
#12882 = CARTESIAN_POINT('',(-5.,-2.75,2.));
#12883 = VECTOR('',#12884,1.);
#12884 = DIRECTION('',(1.,0.,-0.));
#12885 = PCURVE('',#10671,#12886);
#12886 = DEFINITIONAL_REPRESENTATION('',(#12887),#12891);
#12887 = LINE('',#12888,#12889);
#12888 = CARTESIAN_POINT('',(0.,0.));
#12889 = VECTOR('',#12890,1.);
#12890 = DIRECTION('',(1.,0.));
#12891 = ( GEOMETRIC_REPRESENTATION_CONTEXT(2) 
PARAMETRIC_REPRESENTATION_CONTEXT() REPRESENTATION_CONTEXT('2D SPACE',''
  ) );
#12892 = PCURVE('',#10967,#12893);
#12893 = DEFINITIONAL_REPRESENTATION('',(#12894),#12898);
#12894 = LINE('',#12895,#12896);
#12895 = CARTESIAN_POINT('',(1.2,0.));
#12896 = VECTOR('',#12897,1.);
#12897 = DIRECTION('',(0.,1.));
#12898 = ( GEOMETRIC_REPRESENTATION_CONTEXT(2) 
PARAMETRIC_REPRESENTATION_CONTEXT() REPRESENTATION_CONTEXT('2D SPACE',''
  ) );
#12899 = ORIENTED_EDGE('',*,*,#10928,.T.);
#12900 = FACE_BOUND('',#12901,.T.);
#12901 = EDGE_LOOP('',(#12902));
#12902 = ORIENTED_EDGE('',*,*,#11404,.F.);
#12903 = FACE_BOUND('',#12904,.T.);
#12904 = EDGE_LOOP('',(#12905));
#12905 = ORIENTED_EDGE('',*,*,#11454,.F.);
#12906 = FACE_BOUND('',#12907,.T.);
#12907 = EDGE_LOOP('',(#12908));
#12908 = ORIENTED_EDGE('',*,*,#11718,.F.);
#12909 = FACE_BOUND('',#12910,.T.);
#12910 = EDGE_LOOP('',(#12911));
#12911 = ORIENTED_EDGE('',*,*,#11962,.F.);
#12912 = ADVANCED_FACE('',(#12913),#10699,.F.);
#12913 = FACE_BOUND('',#12914,.F.);
#12914 = EDGE_LOOP('',(#12915,#12938,#12939,#12940,#12967));
#12915 = ORIENTED_EDGE('',*,*,#12916,.F.);
#12916 = EDGE_CURVE('',#10684,#12917,#12919,.T.);
#12917 = VERTEX_POINT('',#12918);
#12918 = CARTESIAN_POINT('',(-4.175823272123,-2.75,0.8));
#12919 = SURFACE_CURVE('',#12920,(#12924,#12931),.PCURVE_S1.);
#12920 = LINE('',#12921,#12922);
#12921 = CARTESIAN_POINT('',(-5.,-2.75,0.8));
#12922 = VECTOR('',#12923,1.);
#12923 = DIRECTION('',(1.,0.,-0.));
#12924 = PCURVE('',#10699,#12925);
#12925 = DEFINITIONAL_REPRESENTATION('',(#12926),#12930);
#12926 = LINE('',#12927,#12928);
#12927 = CARTESIAN_POINT('',(0.,0.));
#12928 = VECTOR('',#12929,1.);
#12929 = DIRECTION('',(0.,1.));
#12930 = ( GEOMETRIC_REPRESENTATION_CONTEXT(2) 
PARAMETRIC_REPRESENTATION_CONTEXT() REPRESENTATION_CONTEXT('2D SPACE',''
  ) );
#12931 = PCURVE('',#10727,#12932);
#12932 = DEFINITIONAL_REPRESENTATION('',(#12933),#12937);
#12933 = LINE('',#12934,#12935);
#12934 = CARTESIAN_POINT('',(0.,0.));
#12935 = VECTOR('',#12936,1.);
#12936 = DIRECTION('',(1.,0.));
#12937 = ( GEOMETRIC_REPRESENTATION_CONTEXT(2) 
PARAMETRIC_REPRESENTATION_CONTEXT() REPRESENTATION_CONTEXT('2D SPACE',''
  ) );
#12938 = ORIENTED_EDGE('',*,*,#10683,.T.);
#12939 = ORIENTED_EDGE('',*,*,#12770,.T.);
#12940 = ORIENTED_EDGE('',*,*,#12941,.T.);
#12941 = EDGE_CURVE('',#12771,#12942,#12944,.T.);
#12942 = VERTEX_POINT('',#12943);
#12943 = CARTESIAN_POINT('',(-4.175823272123,-2.75,1.4));
#12944 = SURFACE_CURVE('',#12945,(#12950,#12957),.PCURVE_S1.);
#12945 = HYPERBOLA('',#12946,2.75,2.75);
#12946 = AXIS2_PLACEMENT_3D('',#12947,#12948,#12949);
#12947 = CARTESIAN_POINT('',(0.,-2.75,6.4));
#12948 = DIRECTION('',(0.,1.,0.));
#12949 = DIRECTION('',(-0.,0.,-1.));
#12950 = PCURVE('',#10699,#12951);
#12951 = DEFINITIONAL_REPRESENTATION('',(#12952),#12956);
#12952 = ( BOUNDED_CURVE() B_SPLINE_CURVE(2,(#12953,#12954,#12955),
.UNSPECIFIED.,.F.,.F.) B_SPLINE_CURVE_WITH_KNOTS((3,3),(1.046967915003,
1.204971208168),.PIECEWISE_BEZIER_KNOTS.) CURVE() 
GEOMETRIC_REPRESENTATION_ITEM() RATIONAL_B_SPLINE_CURVE((1.,
1.003122253474,1.)) REPRESENTATION_ITEM('') );
#12953 = CARTESIAN_POINT('',(1.2,1.565251100881));
#12954 = CARTESIAN_POINT('',(0.929212299272,1.218365224156));
#12955 = CARTESIAN_POINT('',(0.6,0.824176727877));
#12956 = ( GEOMETRIC_REPRESENTATION_CONTEXT(2) 
PARAMETRIC_REPRESENTATION_CONTEXT() REPRESENTATION_CONTEXT('2D SPACE',''
  ) );
#12957 = PCURVE('',#12810,#12958);
#12958 = DEFINITIONAL_REPRESENTATION('',(#12959),#12966);
#12959 = B_SPLINE_CURVE_WITH_KNOTS('',5,(#12960,#12961,#12962,#12963,
    #12964,#12965),.UNSPECIFIED.,.F.,.F.,(6,6),(1.046967915003,
    1.204971208168),.PIECEWISE_BEZIER_KNOTS.);
#12960 = CARTESIAN_POINT('',(-3.816724186527,-0.6));
#12961 = CARTESIAN_POINT('',(-3.796973774881,-0.491459672549));
#12962 = CARTESIAN_POINT('',(-3.777832374696,-0.377427038356));
#12963 = CARTESIAN_POINT('',(-3.759290989976,-0.257676273539));
#12964 = CARTESIAN_POINT('',(-3.741337253707,-0.131958765734));
#12965 = CARTESIAN_POINT('',(-3.723956891459,2.22044604925E-16));
#12966 = ( GEOMETRIC_REPRESENTATION_CONTEXT(2) 
PARAMETRIC_REPRESENTATION_CONTEXT() REPRESENTATION_CONTEXT('2D SPACE',''
  ) );
#12967 = ORIENTED_EDGE('',*,*,#12968,.F.);
#12968 = EDGE_CURVE('',#12917,#12942,#12969,.T.);
#12969 = SURFACE_CURVE('',#12970,(#12974,#12980),.PCURVE_S1.);
#12970 = LINE('',#12971,#12972);
#12971 = CARTESIAN_POINT('',(-4.175823272123,-2.75,-2.));
#12972 = VECTOR('',#12973,1.);
#12973 = DIRECTION('',(0.,0.,1.));
#12974 = PCURVE('',#10699,#12975);
#12975 = DEFINITIONAL_REPRESENTATION('',(#12976),#12979);
#12976 = B_SPLINE_CURVE_WITH_KNOTS('',1,(#12977,#12978),.UNSPECIFIED.,
  .F.,.F.,(2,2),(2.68,3.400010629369),.PIECEWISE_BEZIER_KNOTS.);
#12977 = CARTESIAN_POINT('',(-0.12,0.824176727877));
#12978 = CARTESIAN_POINT('',(0.600010629369,0.824176727877));
#12979 = ( GEOMETRIC_REPRESENTATION_CONTEXT(2) 
PARAMETRIC_REPRESENTATION_CONTEXT() REPRESENTATION_CONTEXT('2D SPACE',''
  ) );
#12980 = PCURVE('',#11104,#12981);
#12981 = DEFINITIONAL_REPRESENTATION('',(#12982),#12985);
#12982 = B_SPLINE_CURVE_WITH_KNOTS('',1,(#12983,#12984),.UNSPECIFIED.,
  .F.,.F.,(2,2),(2.68,3.400010629369),.PIECEWISE_BEZIER_KNOTS.);
#12983 = CARTESIAN_POINT('',(3.723956891459,2.68));
#12984 = CARTESIAN_POINT('',(3.723956891459,3.400010629369));
#12985 = ( GEOMETRIC_REPRESENTATION_CONTEXT(2) 
PARAMETRIC_REPRESENTATION_CONTEXT() REPRESENTATION_CONTEXT('2D SPACE',''
  ) );
#12986 = ADVANCED_FACE('',(#12987),#10727,.F.);
#12987 = FACE_BOUND('',#12988,.F.);
#12988 = EDGE_LOOP('',(#12989,#12990,#12991,#13015));
#12989 = ORIENTED_EDGE('',*,*,#10711,.F.);
#12990 = ORIENTED_EDGE('',*,*,#12916,.T.);
#12991 = ORIENTED_EDGE('',*,*,#12992,.F.);
#12992 = EDGE_CURVE('',#12993,#12917,#12995,.T.);
#12993 = VERTEX_POINT('',#12994);
#12994 = CARTESIAN_POINT('',(-4.844439467059,-1.2375,0.8));
#12995 = SURFACE_CURVE('',#12996,(#13001,#13008),.PCURVE_S1.);
#12996 = CIRCLE('',#12997,5.);
#12997 = AXIS2_PLACEMENT_3D('',#12998,#12999,#13000);
#12998 = CARTESIAN_POINT('',(0.,0.,0.8));
#12999 = DIRECTION('',(0.,0.,1.));
#13000 = DIRECTION('',(1.,0.,-0.));
#13001 = PCURVE('',#10727,#13002);
#13002 = DEFINITIONAL_REPRESENTATION('',(#13003),#13007);
#13003 = CIRCLE('',#13004,5.);
#13004 = AXIS2_PLACEMENT_2D('',#13005,#13006);
#13005 = CARTESIAN_POINT('',(5.,2.75));
#13006 = DIRECTION('',(1.,0.));
#13007 = ( GEOMETRIC_REPRESENTATION_CONTEXT(2) 
PARAMETRIC_REPRESENTATION_CONTEXT() REPRESENTATION_CONTEXT('2D SPACE',''
  ) );
#13008 = PCURVE('',#11104,#13009);
#13009 = DEFINITIONAL_REPRESENTATION('',(#13010),#13014);
#13010 = LINE('',#13011,#13012);
#13011 = CARTESIAN_POINT('',(0.,2.8));
#13012 = VECTOR('',#13013,1.);
#13013 = DIRECTION('',(1.,0.));
#13014 = ( GEOMETRIC_REPRESENTATION_CONTEXT(2) 
PARAMETRIC_REPRESENTATION_CONTEXT() REPRESENTATION_CONTEXT('2D SPACE',''
  ) );
#13015 = ORIENTED_EDGE('',*,*,#13016,.F.);
#13016 = EDGE_CURVE('',#10712,#12993,#13017,.T.);
#13017 = SURFACE_CURVE('',#13018,(#13022,#13029),.PCURVE_S1.);
#13018 = LINE('',#13019,#13020);
#13019 = CARTESIAN_POINT('',(-5.,-1.2375,0.8));
#13020 = VECTOR('',#13021,1.);
#13021 = DIRECTION('',(1.,0.,-0.));
#13022 = PCURVE('',#10727,#13023);
#13023 = DEFINITIONAL_REPRESENTATION('',(#13024),#13028);
#13024 = LINE('',#13025,#13026);
#13025 = CARTESIAN_POINT('',(0.,1.5125));
#13026 = VECTOR('',#13027,1.);
#13027 = DIRECTION('',(1.,0.));
#13028 = ( GEOMETRIC_REPRESENTATION_CONTEXT(2) 
PARAMETRIC_REPRESENTATION_CONTEXT() REPRESENTATION_CONTEXT('2D SPACE',''
  ) );
#13029 = PCURVE('',#10755,#13030);
#13030 = DEFINITIONAL_REPRESENTATION('',(#13031),#13035);
#13031 = LINE('',#13032,#13033);
#13032 = CARTESIAN_POINT('',(1.6,0.));
#13033 = VECTOR('',#13034,1.);
#13034 = DIRECTION('',(0.,1.));
#13035 = ( GEOMETRIC_REPRESENTATION_CONTEXT(2) 
PARAMETRIC_REPRESENTATION_CONTEXT() REPRESENTATION_CONTEXT('2D SPACE',''
  ) );
#13036 = ADVANCED_FACE('',(#13037),#10755,.F.);
#13037 = FACE_BOUND('',#13038,.F.);
#13038 = EDGE_LOOP('',(#13039,#13062,#13063,#13064));
#13039 = ORIENTED_EDGE('',*,*,#13040,.F.);
#13040 = EDGE_CURVE('',#10740,#13041,#13043,.T.);
#13041 = VERTEX_POINT('',#13042);
#13042 = CARTESIAN_POINT('',(-4.844439467059,-1.2375,-0.8));
#13043 = SURFACE_CURVE('',#13044,(#13048,#13055),.PCURVE_S1.);
#13044 = LINE('',#13045,#13046);
#13045 = CARTESIAN_POINT('',(-5.,-1.2375,-0.8));
#13046 = VECTOR('',#13047,1.);
#13047 = DIRECTION('',(1.,0.,-0.));
#13048 = PCURVE('',#10755,#13049);
#13049 = DEFINITIONAL_REPRESENTATION('',(#13050),#13054);
#13050 = LINE('',#13051,#13052);
#13051 = CARTESIAN_POINT('',(0.,0.));
#13052 = VECTOR('',#13053,1.);
#13053 = DIRECTION('',(0.,1.));
#13054 = ( GEOMETRIC_REPRESENTATION_CONTEXT(2) 
PARAMETRIC_REPRESENTATION_CONTEXT() REPRESENTATION_CONTEXT('2D SPACE',''
  ) );
#13055 = PCURVE('',#10781,#13056);
#13056 = DEFINITIONAL_REPRESENTATION('',(#13057),#13061);
#13057 = LINE('',#13058,#13059);
#13058 = CARTESIAN_POINT('',(0.,1.5125));
#13059 = VECTOR('',#13060,1.);
#13060 = DIRECTION('',(1.,0.));
#13061 = ( GEOMETRIC_REPRESENTATION_CONTEXT(2) 
PARAMETRIC_REPRESENTATION_CONTEXT() REPRESENTATION_CONTEXT('2D SPACE',''
  ) );
#13062 = ORIENTED_EDGE('',*,*,#10739,.T.);
#13063 = ORIENTED_EDGE('',*,*,#13016,.T.);
#13064 = ORIENTED_EDGE('',*,*,#13065,.F.);
#13065 = EDGE_CURVE('',#13041,#12993,#13066,.T.);
#13066 = SURFACE_CURVE('',#13067,(#13071,#13077),.PCURVE_S1.);
#13067 = LINE('',#13068,#13069);
#13068 = CARTESIAN_POINT('',(-4.844439467059,-1.2375,-2.));
#13069 = VECTOR('',#13070,1.);
#13070 = DIRECTION('',(0.,0.,1.));
#13071 = PCURVE('',#10755,#13072);
#13072 = DEFINITIONAL_REPRESENTATION('',(#13073),#13076);
#13073 = B_SPLINE_CURVE_WITH_KNOTS('',1,(#13074,#13075),.UNSPECIFIED.,
  .F.,.F.,(2,2),(1.04,2.96),.PIECEWISE_BEZIER_KNOTS.);
#13074 = CARTESIAN_POINT('',(-0.16,0.155560532941));
#13075 = CARTESIAN_POINT('',(1.76,0.155560532941));
#13076 = ( GEOMETRIC_REPRESENTATION_CONTEXT(2) 
PARAMETRIC_REPRESENTATION_CONTEXT() REPRESENTATION_CONTEXT('2D SPACE',''
  ) );
#13077 = PCURVE('',#11104,#13078);
#13078 = DEFINITIONAL_REPRESENTATION('',(#13079),#13082);
#13079 = B_SPLINE_CURVE_WITH_KNOTS('',1,(#13080,#13081),.UNSPECIFIED.,
  .F.,.F.,(2,2),(1.04,2.96),.PIECEWISE_BEZIER_KNOTS.);
#13080 = CARTESIAN_POINT('',(3.391691777059,1.04));
#13081 = CARTESIAN_POINT('',(3.391691777059,2.96));
#13082 = ( GEOMETRIC_REPRESENTATION_CONTEXT(2) 
PARAMETRIC_REPRESENTATION_CONTEXT() REPRESENTATION_CONTEXT('2D SPACE',''
  ) );
#13083 = ADVANCED_FACE('',(#13084),#10781,.T.);
#13084 = FACE_BOUND('',#13085,.T.);
#13085 = EDGE_LOOP('',(#13086,#13087,#13088,#13110));
#13086 = ORIENTED_EDGE('',*,*,#10767,.F.);
#13087 = ORIENTED_EDGE('',*,*,#11066,.T.);
#13088 = ORIENTED_EDGE('',*,*,#13089,.F.);
#13089 = EDGE_CURVE('',#13041,#11067,#13090,.T.);
#13090 = SURFACE_CURVE('',#13091,(#13096,#13103),.PCURVE_S1.);
#13091 = CIRCLE('',#13092,5.);
#13092 = AXIS2_PLACEMENT_3D('',#13093,#13094,#13095);
#13093 = CARTESIAN_POINT('',(0.,0.,-0.8));
#13094 = DIRECTION('',(0.,0.,1.));
#13095 = DIRECTION('',(1.,0.,-0.));
#13096 = PCURVE('',#10781,#13097);
#13097 = DEFINITIONAL_REPRESENTATION('',(#13098),#13102);
#13098 = CIRCLE('',#13099,5.);
#13099 = AXIS2_PLACEMENT_2D('',#13100,#13101);
#13100 = CARTESIAN_POINT('',(5.,2.75));
#13101 = DIRECTION('',(1.,0.));
#13102 = ( GEOMETRIC_REPRESENTATION_CONTEXT(2) 
PARAMETRIC_REPRESENTATION_CONTEXT() REPRESENTATION_CONTEXT('2D SPACE',''
  ) );
#13103 = PCURVE('',#11104,#13104);
#13104 = DEFINITIONAL_REPRESENTATION('',(#13105),#13109);
#13105 = LINE('',#13106,#13107);
#13106 = CARTESIAN_POINT('',(0.,1.2));
#13107 = VECTOR('',#13108,1.);
#13108 = DIRECTION('',(1.,0.));
#13109 = ( GEOMETRIC_REPRESENTATION_CONTEXT(2) 
PARAMETRIC_REPRESENTATION_CONTEXT() REPRESENTATION_CONTEXT('2D SPACE',''
  ) );
#13110 = ORIENTED_EDGE('',*,*,#13040,.F.);
#13111 = ADVANCED_FACE('',(#13112),#10860,.T.);
#13112 = FACE_BOUND('',#13113,.T.);
#13113 = EDGE_LOOP('',(#13114,#13115,#13116,#13137));
#13114 = ORIENTED_EDGE('',*,*,#12542,.F.);
#13115 = ORIENTED_EDGE('',*,*,#12184,.T.);
#13116 = ORIENTED_EDGE('',*,*,#13117,.T.);
#13117 = EDGE_CURVE('',#12161,#10845,#13118,.T.);
#13118 = SURFACE_CURVE('',#13119,(#13123,#13130),.PCURVE_S1.);
#13119 = LINE('',#13120,#13121);
#13120 = CARTESIAN_POINT('',(-5.,1.2375,0.8));
#13121 = VECTOR('',#13122,1.);
#13122 = DIRECTION('',(1.,0.,-0.));
#13123 = PCURVE('',#10860,#13124);
#13124 = DEFINITIONAL_REPRESENTATION('',(#13125),#13129);
#13125 = LINE('',#13126,#13127);
#13126 = CARTESIAN_POINT('',(1.6,0.));
#13127 = VECTOR('',#13128,1.);
#13128 = DIRECTION('',(0.,1.));
#13129 = ( GEOMETRIC_REPRESENTATION_CONTEXT(2) 
PARAMETRIC_REPRESENTATION_CONTEXT() REPRESENTATION_CONTEXT('2D SPACE',''
  ) );
#13130 = PCURVE('',#10888,#13131);
#13131 = DEFINITIONAL_REPRESENTATION('',(#13132),#13136);
#13132 = LINE('',#13133,#13134);
#13133 = CARTESIAN_POINT('',(0.,3.9875));
#13134 = VECTOR('',#13135,1.);
#13135 = DIRECTION('',(1.,0.));
#13136 = ( GEOMETRIC_REPRESENTATION_CONTEXT(2) 
PARAMETRIC_REPRESENTATION_CONTEXT() REPRESENTATION_CONTEXT('2D SPACE',''
  ) );
#13137 = ORIENTED_EDGE('',*,*,#10844,.F.);
#13138 = ADVANCED_FACE('',(#13139),#10888,.F.);
#13139 = FACE_BOUND('',#13140,.F.);
#13140 = EDGE_LOOP('',(#13141,#13142,#13143,#13144));
#13141 = ORIENTED_EDGE('',*,*,#12160,.F.);
#13142 = ORIENTED_EDGE('',*,*,#13117,.T.);
#13143 = ORIENTED_EDGE('',*,*,#10872,.T.);
#13144 = ORIENTED_EDGE('',*,*,#13145,.F.);
#13145 = EDGE_CURVE('',#12140,#10873,#13146,.T.);
#13146 = SURFACE_CURVE('',#13147,(#13151,#13158),.PCURVE_S1.);
#13147 = LINE('',#13148,#13149);
#13148 = CARTESIAN_POINT('',(-5.,2.75,0.8));
#13149 = VECTOR('',#13150,1.);
#13150 = DIRECTION('',(1.,0.,-0.));
#13151 = PCURVE('',#10888,#13152);
#13152 = DEFINITIONAL_REPRESENTATION('',(#13153),#13157);
#13153 = LINE('',#13154,#13155);
#13154 = CARTESIAN_POINT('',(0.,5.5));
#13155 = VECTOR('',#13156,1.);
#13156 = DIRECTION('',(1.,0.));
#13157 = ( GEOMETRIC_REPRESENTATION_CONTEXT(2) 
PARAMETRIC_REPRESENTATION_CONTEXT() REPRESENTATION_CONTEXT('2D SPACE',''
  ) );
#13158 = PCURVE('',#10916,#13159);
#13159 = DEFINITIONAL_REPRESENTATION('',(#13160),#13164);
#13160 = LINE('',#13161,#13162);
#13161 = CARTESIAN_POINT('',(0.,0.));
#13162 = VECTOR('',#13163,1.);
#13163 = DIRECTION('',(0.,1.));
#13164 = ( GEOMETRIC_REPRESENTATION_CONTEXT(2) 
PARAMETRIC_REPRESENTATION_CONTEXT() REPRESENTATION_CONTEXT('2D SPACE',''
  ) );
#13165 = ADVANCED_FACE('',(#13166),#10916,.T.);
#13166 = FACE_BOUND('',#13167,.T.);
#13167 = EDGE_LOOP('',(#13168,#13169,#13170,#13195,#13196));
#13168 = ORIENTED_EDGE('',*,*,#13145,.F.);
#13169 = ORIENTED_EDGE('',*,*,#12139,.T.);
#13170 = ORIENTED_EDGE('',*,*,#13171,.T.);
#13171 = EDGE_CURVE('',#12111,#12677,#13172,.T.);
#13172 = SURFACE_CURVE('',#13173,(#13178,#13185),.PCURVE_S1.);
#13173 = HYPERBOLA('',#13174,2.75,2.75);
#13174 = AXIS2_PLACEMENT_3D('',#13175,#13176,#13177);
#13175 = CARTESIAN_POINT('',(40.,2.75,6.4));
#13176 = DIRECTION('',(0.,1.,0.));
#13177 = DIRECTION('',(-0.,0.,-1.));
#13178 = PCURVE('',#10916,#13179);
#13179 = DEFINITIONAL_REPRESENTATION('',(#13180),#13184);
#13180 = ( BOUNDED_CURVE() B_SPLINE_CURVE(2,(#13181,#13182,#13183),
.UNSPECIFIED.,.F.,.F.) B_SPLINE_CURVE_WITH_KNOTS((3,3),(-1.204971208168,
-1.046967915003),.PIECEWISE_BEZIER_KNOTS.) CURVE() 
GEOMETRIC_REPRESENTATION_ITEM() RATIONAL_B_SPLINE_CURVE((1.,
1.003122253474,1.)) REPRESENTATION_ITEM('') );
#13181 = CARTESIAN_POINT('',(0.6,49.175823272123));
#13182 = CARTESIAN_POINT('',(0.929212299272,48.781634775844));
#13183 = CARTESIAN_POINT('',(1.2,48.434748899119));
#13184 = ( GEOMETRIC_REPRESENTATION_CONTEXT(2) 
PARAMETRIC_REPRESENTATION_CONTEXT() REPRESENTATION_CONTEXT('2D SPACE',''
  ) );
#13185 = PCURVE('',#12127,#13186);
#13186 = DEFINITIONAL_REPRESENTATION('',(#13187),#13194);
#13187 = B_SPLINE_CURVE_WITH_KNOTS('',5,(#13188,#13189,#13190,#13191,
    #13192,#13193),.UNSPECIFIED.,.F.,.F.,(6,6),(-1.204971208168,
    -1.046967915003),.PIECEWISE_BEZIER_KNOTS.);
#13188 = CARTESIAN_POINT('',(-0.582364237869,-1.998401444325E-15));
#13189 = CARTESIAN_POINT('',(-0.599744600117,-0.131958765734));
#13190 = CARTESIAN_POINT('',(-0.617698336386,-0.257676273539));
#13191 = CARTESIAN_POINT('',(-0.636239721106,-0.377427038356));
#13192 = CARTESIAN_POINT('',(-0.655381121291,-0.491459672549));
#13193 = CARTESIAN_POINT('',(-0.675131532937,-0.6));
#13194 = ( GEOMETRIC_REPRESENTATION_CONTEXT(2) 
PARAMETRIC_REPRESENTATION_CONTEXT() REPRESENTATION_CONTEXT('2D SPACE',''
  ) );
#13195 = ORIENTED_EDGE('',*,*,#12676,.T.);
#13196 = ORIENTED_EDGE('',*,*,#10900,.F.);
#13197 = ADVANCED_FACE('',(#13198),#10967,.F.);
#13198 = FACE_BOUND('',#13199,.F.);
#13199 = EDGE_LOOP('',(#13200,#13223,#13244,#13269,#13270));
#13200 = ORIENTED_EDGE('',*,*,#13201,.F.);
#13201 = EDGE_CURVE('',#13202,#10952,#13204,.T.);
#13202 = VERTEX_POINT('',#13203);
#13203 = CARTESIAN_POINT('',(44.175823272122,-2.75,0.8));
#13204 = SURFACE_CURVE('',#13205,(#13209,#13216),.PCURVE_S1.);
#13205 = LINE('',#13206,#13207);
#13206 = CARTESIAN_POINT('',(-5.,-2.75,0.8));
#13207 = VECTOR('',#13208,1.);
#13208 = DIRECTION('',(1.,0.,-0.));
#13209 = PCURVE('',#10967,#13210);
#13210 = DEFINITIONAL_REPRESENTATION('',(#13211),#13215);
#13211 = LINE('',#13212,#13213);
#13212 = CARTESIAN_POINT('',(0.,0.));
#13213 = VECTOR('',#13214,1.);
#13214 = DIRECTION('',(0.,1.));
#13215 = ( GEOMETRIC_REPRESENTATION_CONTEXT(2) 
PARAMETRIC_REPRESENTATION_CONTEXT() REPRESENTATION_CONTEXT('2D SPACE',''
  ) );
#13216 = PCURVE('',#10995,#13217);
#13217 = DEFINITIONAL_REPRESENTATION('',(#13218),#13222);
#13218 = LINE('',#13219,#13220);
#13219 = CARTESIAN_POINT('',(0.,0.));
#13220 = VECTOR('',#13221,1.);
#13221 = DIRECTION('',(1.,0.));
#13222 = ( GEOMETRIC_REPRESENTATION_CONTEXT(2) 
PARAMETRIC_REPRESENTATION_CONTEXT() REPRESENTATION_CONTEXT('2D SPACE',''
  ) );
#13223 = ORIENTED_EDGE('',*,*,#13224,.T.);
#13224 = EDGE_CURVE('',#13202,#13225,#13227,.T.);
#13225 = VERTEX_POINT('',#13226);
#13226 = CARTESIAN_POINT('',(44.175823272122,-2.75,1.4));
#13227 = SURFACE_CURVE('',#13228,(#13232,#13238),.PCURVE_S1.);
#13228 = LINE('',#13229,#13230);
#13229 = CARTESIAN_POINT('',(44.175823272123,-2.75,-2.));
#13230 = VECTOR('',#13231,1.);
#13231 = DIRECTION('',(0.,0.,1.));
#13232 = PCURVE('',#10967,#13233);
#13233 = DEFINITIONAL_REPRESENTATION('',(#13234),#13237);
#13234 = B_SPLINE_CURVE_WITH_KNOTS('',1,(#13235,#13236),.UNSPECIFIED.,
  .F.,.F.,(2,2),(2.68,3.400010629369),.PIECEWISE_BEZIER_KNOTS.);
#13235 = CARTESIAN_POINT('',(-0.12,49.175823272123));
#13236 = CARTESIAN_POINT('',(0.600010629369,49.175823272123));
#13237 = ( GEOMETRIC_REPRESENTATION_CONTEXT(2) 
PARAMETRIC_REPRESENTATION_CONTEXT() REPRESENTATION_CONTEXT('2D SPACE',''
  ) );
#13238 = PCURVE('',#11186,#13239);
#13239 = DEFINITIONAL_REPRESENTATION('',(#13240),#13243);
#13240 = B_SPLINE_CURVE_WITH_KNOTS('',1,(#13241,#13242),.UNSPECIFIED.,
  .F.,.F.,(2,2),(2.68,3.400010629369),.PIECEWISE_BEZIER_KNOTS.);
#13241 = CARTESIAN_POINT('',(5.700821069311,2.68));
#13242 = CARTESIAN_POINT('',(5.700821069311,3.400010629369));
#13243 = ( GEOMETRIC_REPRESENTATION_CONTEXT(2) 
PARAMETRIC_REPRESENTATION_CONTEXT() REPRESENTATION_CONTEXT('2D SPACE',''
  ) );
#13244 = ORIENTED_EDGE('',*,*,#13245,.T.);
#13245 = EDGE_CURVE('',#13225,#12851,#13246,.T.);
#13246 = SURFACE_CURVE('',#13247,(#13252,#13259),.PCURVE_S1.);
#13247 = HYPERBOLA('',#13248,2.75,2.75);
#13248 = AXIS2_PLACEMENT_3D('',#13249,#13250,#13251);
#13249 = CARTESIAN_POINT('',(40.,-2.75,6.4));
#13250 = DIRECTION('',(0.,1.,0.));
#13251 = DIRECTION('',(-0.,0.,-1.));
#13252 = PCURVE('',#10967,#13253);
#13253 = DEFINITIONAL_REPRESENTATION('',(#13254),#13258);
#13254 = ( BOUNDED_CURVE() B_SPLINE_CURVE(2,(#13255,#13256,#13257),
.UNSPECIFIED.,.F.,.F.) B_SPLINE_CURVE_WITH_KNOTS((3,3),(-1.204971208168,
-1.046967915003),.PIECEWISE_BEZIER_KNOTS.) CURVE() 
GEOMETRIC_REPRESENTATION_ITEM() RATIONAL_B_SPLINE_CURVE((1.,
1.003122253474,1.)) REPRESENTATION_ITEM('') );
#13255 = CARTESIAN_POINT('',(0.6,49.175823272123));
#13256 = CARTESIAN_POINT('',(0.929212299272,48.781634775844));
#13257 = CARTESIAN_POINT('',(1.2,48.434748899119));
#13258 = ( GEOMETRIC_REPRESENTATION_CONTEXT(2) 
PARAMETRIC_REPRESENTATION_CONTEXT() REPRESENTATION_CONTEXT('2D SPACE',''
  ) );
#13259 = PCURVE('',#12867,#13260);
#13260 = DEFINITIONAL_REPRESENTATION('',(#13261),#13268);
#13261 = B_SPLINE_CURVE_WITH_KNOTS('',5,(#13262,#13263,#13264,#13265,
    #13266,#13267),.UNSPECIFIED.,.F.,.F.,(6,6),(-1.204971208168,
    -1.046967915003),.PIECEWISE_BEZIER_KNOTS.);
#13262 = CARTESIAN_POINT('',(-5.700821069311,-1.998401444325E-15));
#13263 = CARTESIAN_POINT('',(-5.683440707063,-0.131958765734));
#13264 = CARTESIAN_POINT('',(-5.665486970793,-0.257676273539));
#13265 = CARTESIAN_POINT('',(-5.646945586074,-0.377427038356));
#13266 = CARTESIAN_POINT('',(-5.627804185888,-0.491459672549));
#13267 = CARTESIAN_POINT('',(-5.608053774243,-0.6));
#13268 = ( GEOMETRIC_REPRESENTATION_CONTEXT(2) 
PARAMETRIC_REPRESENTATION_CONTEXT() REPRESENTATION_CONTEXT('2D SPACE',''
  ) );
#13269 = ORIENTED_EDGE('',*,*,#12879,.T.);
#13270 = ORIENTED_EDGE('',*,*,#10951,.F.);
#13271 = ADVANCED_FACE('',(#13272),#10995,.F.);
#13272 = FACE_BOUND('',#13273,.F.);
#13273 = EDGE_LOOP('',(#13274,#13298,#13299,#13300));
#13274 = ORIENTED_EDGE('',*,*,#13275,.F.);
#13275 = EDGE_CURVE('',#13202,#13276,#13278,.T.);
#13276 = VERTEX_POINT('',#13277);
#13277 = CARTESIAN_POINT('',(44.844439467059,-1.2375,0.8));
#13278 = SURFACE_CURVE('',#13279,(#13284,#13291),.PCURVE_S1.);
#13279 = CIRCLE('',#13280,5.);
#13280 = AXIS2_PLACEMENT_3D('',#13281,#13282,#13283);
#13281 = CARTESIAN_POINT('',(40.,0.,0.8));
#13282 = DIRECTION('',(0.,0.,1.));
#13283 = DIRECTION('',(1.,0.,-0.));
#13284 = PCURVE('',#10995,#13285);
#13285 = DEFINITIONAL_REPRESENTATION('',(#13286),#13290);
#13286 = CIRCLE('',#13287,5.);
#13287 = AXIS2_PLACEMENT_2D('',#13288,#13289);
#13288 = CARTESIAN_POINT('',(45.,2.75));
#13289 = DIRECTION('',(1.,0.));
#13290 = ( GEOMETRIC_REPRESENTATION_CONTEXT(2) 
PARAMETRIC_REPRESENTATION_CONTEXT() REPRESENTATION_CONTEXT('2D SPACE',''
  ) );
#13291 = PCURVE('',#11186,#13292);
#13292 = DEFINITIONAL_REPRESENTATION('',(#13293),#13297);
#13293 = LINE('',#13294,#13295);
#13294 = CARTESIAN_POINT('',(0.,2.8));
#13295 = VECTOR('',#13296,1.);
#13296 = DIRECTION('',(1.,0.));
#13297 = ( GEOMETRIC_REPRESENTATION_CONTEXT(2) 
PARAMETRIC_REPRESENTATION_CONTEXT() REPRESENTATION_CONTEXT('2D SPACE',''
  ) );
#13298 = ORIENTED_EDGE('',*,*,#13201,.T.);
#13299 = ORIENTED_EDGE('',*,*,#10979,.T.);
#13300 = ORIENTED_EDGE('',*,*,#13301,.F.);
#13301 = EDGE_CURVE('',#13276,#10980,#13302,.T.);
#13302 = SURFACE_CURVE('',#13303,(#13307,#13314),.PCURVE_S1.);
#13303 = LINE('',#13304,#13305);
#13304 = CARTESIAN_POINT('',(-5.,-1.2375,0.8));
#13305 = VECTOR('',#13306,1.);
#13306 = DIRECTION('',(1.,0.,-0.));
#13307 = PCURVE('',#10995,#13308);
#13308 = DEFINITIONAL_REPRESENTATION('',(#13309),#13313);
#13309 = LINE('',#13310,#13311);
#13310 = CARTESIAN_POINT('',(0.,1.5125));
#13311 = VECTOR('',#13312,1.);
#13312 = DIRECTION('',(1.,0.));
#13313 = ( GEOMETRIC_REPRESENTATION_CONTEXT(2) 
PARAMETRIC_REPRESENTATION_CONTEXT() REPRESENTATION_CONTEXT('2D SPACE',''
  ) );
#13314 = PCURVE('',#11023,#13315);
#13315 = DEFINITIONAL_REPRESENTATION('',(#13316),#13320);
#13316 = LINE('',#13317,#13318);
#13317 = CARTESIAN_POINT('',(1.6,0.));
#13318 = VECTOR('',#13319,1.);
#13319 = DIRECTION('',(0.,1.));
#13320 = ( GEOMETRIC_REPRESENTATION_CONTEXT(2) 
PARAMETRIC_REPRESENTATION_CONTEXT() REPRESENTATION_CONTEXT('2D SPACE',''
  ) );
#13321 = ADVANCED_FACE('',(#13322),#11023,.F.);
#13322 = FACE_BOUND('',#13323,.F.);
#13323 = EDGE_LOOP('',(#13324,#13347,#13366,#13367));
#13324 = ORIENTED_EDGE('',*,*,#13325,.F.);
#13325 = EDGE_CURVE('',#13326,#11008,#13328,.T.);
#13326 = VERTEX_POINT('',#13327);
#13327 = CARTESIAN_POINT('',(44.844439467059,-1.2375,-0.8));
#13328 = SURFACE_CURVE('',#13329,(#13333,#13340),.PCURVE_S1.);
#13329 = LINE('',#13330,#13331);
#13330 = CARTESIAN_POINT('',(-5.,-1.2375,-0.8));
#13331 = VECTOR('',#13332,1.);
#13332 = DIRECTION('',(1.,0.,-0.));
#13333 = PCURVE('',#11023,#13334);
#13334 = DEFINITIONAL_REPRESENTATION('',(#13335),#13339);
#13335 = LINE('',#13336,#13337);
#13336 = CARTESIAN_POINT('',(0.,0.));
#13337 = VECTOR('',#13338,1.);
#13338 = DIRECTION('',(0.,1.));
#13339 = ( GEOMETRIC_REPRESENTATION_CONTEXT(2) 
PARAMETRIC_REPRESENTATION_CONTEXT() REPRESENTATION_CONTEXT('2D SPACE',''
  ) );
#13340 = PCURVE('',#11049,#13341);
#13341 = DEFINITIONAL_REPRESENTATION('',(#13342),#13346);
#13342 = LINE('',#13343,#13344);
#13343 = CARTESIAN_POINT('',(0.,1.5125));
#13344 = VECTOR('',#13345,1.);
#13345 = DIRECTION('',(1.,0.));
#13346 = ( GEOMETRIC_REPRESENTATION_CONTEXT(2) 
PARAMETRIC_REPRESENTATION_CONTEXT() REPRESENTATION_CONTEXT('2D SPACE',''
  ) );
#13347 = ORIENTED_EDGE('',*,*,#13348,.T.);
#13348 = EDGE_CURVE('',#13326,#13276,#13349,.T.);
#13349 = SURFACE_CURVE('',#13350,(#13354,#13360),.PCURVE_S1.);
#13350 = LINE('',#13351,#13352);
#13351 = CARTESIAN_POINT('',(44.844439467059,-1.2375,-2.));
#13352 = VECTOR('',#13353,1.);
#13353 = DIRECTION('',(0.,0.,1.));
#13354 = PCURVE('',#11023,#13355);
#13355 = DEFINITIONAL_REPRESENTATION('',(#13356),#13359);
#13356 = B_SPLINE_CURVE_WITH_KNOTS('',1,(#13357,#13358),.UNSPECIFIED.,
  .F.,.F.,(2,2),(1.04,2.96),.PIECEWISE_BEZIER_KNOTS.);
#13357 = CARTESIAN_POINT('',(-0.16,49.844439467059));
#13358 = CARTESIAN_POINT('',(1.76,49.844439467059));
#13359 = ( GEOMETRIC_REPRESENTATION_CONTEXT(2) 
PARAMETRIC_REPRESENTATION_CONTEXT() REPRESENTATION_CONTEXT('2D SPACE',''
  ) );
#13360 = PCURVE('',#11186,#13361);
#13361 = DEFINITIONAL_REPRESENTATION('',(#13362),#13365);
#13362 = B_SPLINE_CURVE_WITH_KNOTS('',1,(#13363,#13364),.UNSPECIFIED.,
  .F.,.F.,(2,2),(1.04,2.96),.PIECEWISE_BEZIER_KNOTS.);
#13363 = CARTESIAN_POINT('',(6.03308618371,1.04));
#13364 = CARTESIAN_POINT('',(6.03308618371,2.96));
#13365 = ( GEOMETRIC_REPRESENTATION_CONTEXT(2) 
PARAMETRIC_REPRESENTATION_CONTEXT() REPRESENTATION_CONTEXT('2D SPACE',''
  ) );
#13366 = ORIENTED_EDGE('',*,*,#13301,.T.);
#13367 = ORIENTED_EDGE('',*,*,#11007,.F.);
#13368 = ADVANCED_FACE('',(#13369),#11049,.T.);
#13369 = FACE_BOUND('',#13370,.T.);
#13370 = EDGE_LOOP('',(#13371,#13393,#13394,#13395));
#13371 = ORIENTED_EDGE('',*,*,#13372,.F.);
#13372 = EDGE_CURVE('',#11172,#13326,#13373,.T.);
#13373 = SURFACE_CURVE('',#13374,(#13379,#13386),.PCURVE_S1.);
#13374 = CIRCLE('',#13375,5.);
#13375 = AXIS2_PLACEMENT_3D('',#13376,#13377,#13378);
#13376 = CARTESIAN_POINT('',(40.,0.,-0.8));
#13377 = DIRECTION('',(0.,0.,1.));
#13378 = DIRECTION('',(1.,0.,-0.));
#13379 = PCURVE('',#11049,#13380);
#13380 = DEFINITIONAL_REPRESENTATION('',(#13381),#13385);
#13381 = CIRCLE('',#13382,5.);
#13382 = AXIS2_PLACEMENT_2D('',#13383,#13384);
#13383 = CARTESIAN_POINT('',(45.,2.75));
#13384 = DIRECTION('',(1.,0.));
#13385 = ( GEOMETRIC_REPRESENTATION_CONTEXT(2) 
PARAMETRIC_REPRESENTATION_CONTEXT() REPRESENTATION_CONTEXT('2D SPACE',''
  ) );
#13386 = PCURVE('',#11186,#13387);
#13387 = DEFINITIONAL_REPRESENTATION('',(#13388),#13392);
#13388 = LINE('',#13389,#13390);
#13389 = CARTESIAN_POINT('',(0.,1.2));
#13390 = VECTOR('',#13391,1.);
#13391 = DIRECTION('',(1.,0.));
#13392 = ( GEOMETRIC_REPRESENTATION_CONTEXT(2) 
PARAMETRIC_REPRESENTATION_CONTEXT() REPRESENTATION_CONTEXT('2D SPACE',''
  ) );
#13393 = ORIENTED_EDGE('',*,*,#11197,.T.);
#13394 = ORIENTED_EDGE('',*,*,#11035,.T.);
#13395 = ORIENTED_EDGE('',*,*,#13325,.F.);
#13396 = ADVANCED_FACE('',(#13397),#11104,.T.);
#13397 = FACE_BOUND('',#13398,.T.);
#13398 = EDGE_LOOP('',(#13399,#13400,#13401,#13425,#13446,#13470,#13491,
    #13513,#13514,#13515,#13516,#13517));
#13399 = ORIENTED_EDGE('',*,*,#11222,.T.);
#13400 = ORIENTED_EDGE('',*,*,#11332,.T.);
#13401 = ORIENTED_EDGE('',*,*,#13402,.T.);
#13402 = EDGE_CURVE('',#11333,#13403,#13405,.T.);
#13403 = VERTEX_POINT('',#13404);
#13404 = CARTESIAN_POINT('',(4.844439467059,-1.2375,-0.8));
#13405 = SURFACE_CURVE('',#13406,(#13411,#13418),.PCURVE_S1.);
#13406 = CIRCLE('',#13407,5.);
#13407 = AXIS2_PLACEMENT_3D('',#13408,#13409,#13410);
#13408 = CARTESIAN_POINT('',(0.,0.,-0.8));
#13409 = DIRECTION('',(0.,0.,1.));
#13410 = DIRECTION('',(1.,0.,-0.));
#13411 = PCURVE('',#11104,#13412);
#13412 = DEFINITIONAL_REPRESENTATION('',(#13413),#13417);
#13413 = LINE('',#13414,#13415);
#13414 = CARTESIAN_POINT('',(0.,1.2));
#13415 = VECTOR('',#13416,1.);
#13416 = DIRECTION('',(1.,0.));
#13417 = ( GEOMETRIC_REPRESENTATION_CONTEXT(2) 
PARAMETRIC_REPRESENTATION_CONTEXT() REPRESENTATION_CONTEXT('2D SPACE',''
  ) );
#13418 = PCURVE('',#11369,#13419);
#13419 = DEFINITIONAL_REPRESENTATION('',(#13420),#13424);
#13420 = CIRCLE('',#13421,5.);
#13421 = AXIS2_PLACEMENT_2D('',#13422,#13423);
#13422 = CARTESIAN_POINT('',(5.,2.75));
#13423 = DIRECTION('',(1.,0.));
#13424 = ( GEOMETRIC_REPRESENTATION_CONTEXT(2) 
PARAMETRIC_REPRESENTATION_CONTEXT() REPRESENTATION_CONTEXT('2D SPACE',''
  ) );
#13425 = ORIENTED_EDGE('',*,*,#13426,.T.);
#13426 = EDGE_CURVE('',#13403,#13427,#13429,.T.);
#13427 = VERTEX_POINT('',#13428);
#13428 = CARTESIAN_POINT('',(4.844439467059,-1.2375,0.8));
#13429 = SURFACE_CURVE('',#13430,(#13434,#13440),.PCURVE_S1.);
#13430 = LINE('',#13431,#13432);
#13431 = CARTESIAN_POINT('',(4.844439467059,-1.2375,-2.));
#13432 = VECTOR('',#13433,1.);
#13433 = DIRECTION('',(0.,0.,1.));
#13434 = PCURVE('',#11104,#13435);
#13435 = DEFINITIONAL_REPRESENTATION('',(#13436),#13439);
#13436 = B_SPLINE_CURVE_WITH_KNOTS('',1,(#13437,#13438),.UNSPECIFIED.,
  .F.,.F.,(2,2),(1.04,2.96),.PIECEWISE_BEZIER_KNOTS.);
#13437 = CARTESIAN_POINT('',(6.03308618371,1.04));
#13438 = CARTESIAN_POINT('',(6.03308618371,2.96));
#13439 = ( GEOMETRIC_REPRESENTATION_CONTEXT(2) 
PARAMETRIC_REPRESENTATION_CONTEXT() REPRESENTATION_CONTEXT('2D SPACE',''
  ) );
#13440 = PCURVE('',#11651,#13441);
#13441 = DEFINITIONAL_REPRESENTATION('',(#13442),#13445);
#13442 = B_SPLINE_CURVE_WITH_KNOTS('',1,(#13443,#13444),.UNSPECIFIED.,
  .F.,.F.,(2,2),(1.04,2.96),.PIECEWISE_BEZIER_KNOTS.);
#13443 = CARTESIAN_POINT('',(-0.16,9.844439467059));
#13444 = CARTESIAN_POINT('',(1.76,9.844439467059));
#13445 = ( GEOMETRIC_REPRESENTATION_CONTEXT(2) 
PARAMETRIC_REPRESENTATION_CONTEXT() REPRESENTATION_CONTEXT('2D SPACE',''
  ) );
#13446 = ORIENTED_EDGE('',*,*,#13447,.F.);
#13447 = EDGE_CURVE('',#13448,#13427,#13450,.T.);
#13448 = VERTEX_POINT('',#13449);
#13449 = CARTESIAN_POINT('',(4.175823272123,-2.75,0.8));
#13450 = SURFACE_CURVE('',#13451,(#13456,#13463),.PCURVE_S1.);
#13451 = CIRCLE('',#13452,5.);
#13452 = AXIS2_PLACEMENT_3D('',#13453,#13454,#13455);
#13453 = CARTESIAN_POINT('',(0.,0.,0.8));
#13454 = DIRECTION('',(0.,0.,1.));
#13455 = DIRECTION('',(1.,0.,-0.));
#13456 = PCURVE('',#11104,#13457);
#13457 = DEFINITIONAL_REPRESENTATION('',(#13458),#13462);
#13458 = LINE('',#13459,#13460);
#13459 = CARTESIAN_POINT('',(0.,2.8));
#13460 = VECTOR('',#13461,1.);
#13461 = DIRECTION('',(1.,0.));
#13462 = ( GEOMETRIC_REPRESENTATION_CONTEXT(2) 
PARAMETRIC_REPRESENTATION_CONTEXT() REPRESENTATION_CONTEXT('2D SPACE',''
  ) );
#13463 = PCURVE('',#11679,#13464);
#13464 = DEFINITIONAL_REPRESENTATION('',(#13465),#13469);
#13465 = CIRCLE('',#13466,5.);
#13466 = AXIS2_PLACEMENT_2D('',#13467,#13468);
#13467 = CARTESIAN_POINT('',(5.,2.75));
#13468 = DIRECTION('',(1.,0.));
#13469 = ( GEOMETRIC_REPRESENTATION_CONTEXT(2) 
PARAMETRIC_REPRESENTATION_CONTEXT() REPRESENTATION_CONTEXT('2D SPACE',''
  ) );
#13470 = ORIENTED_EDGE('',*,*,#13471,.T.);
#13471 = EDGE_CURVE('',#13448,#13472,#13474,.T.);
#13472 = VERTEX_POINT('',#13473);
#13473 = CARTESIAN_POINT('',(4.175823272123,-2.75,1.4));
#13474 = SURFACE_CURVE('',#13475,(#13479,#13485),.PCURVE_S1.);
#13475 = LINE('',#13476,#13477);
#13476 = CARTESIAN_POINT('',(4.175823272123,-2.75,-2.));
#13477 = VECTOR('',#13478,1.);
#13478 = DIRECTION('',(0.,0.,1.));
#13479 = PCURVE('',#11104,#13480);
#13480 = DEFINITIONAL_REPRESENTATION('',(#13481),#13484);
#13481 = B_SPLINE_CURVE_WITH_KNOTS('',1,(#13482,#13483),.UNSPECIFIED.,
  .F.,.F.,(2,2),(2.68,3.400010629369),.PIECEWISE_BEZIER_KNOTS.);
#13482 = CARTESIAN_POINT('',(5.700821069311,2.68));
#13483 = CARTESIAN_POINT('',(5.700821069311,3.400010629369));
#13484 = ( GEOMETRIC_REPRESENTATION_CONTEXT(2) 
PARAMETRIC_REPRESENTATION_CONTEXT() REPRESENTATION_CONTEXT('2D SPACE',''
  ) );
#13485 = PCURVE('',#12838,#13486);
#13486 = DEFINITIONAL_REPRESENTATION('',(#13487),#13490);
#13487 = B_SPLINE_CURVE_WITH_KNOTS('',1,(#13488,#13489),.UNSPECIFIED.,
  .F.,.F.,(2,2),(2.68,3.400010629369),.PIECEWISE_BEZIER_KNOTS.);
#13488 = CARTESIAN_POINT('',(-0.12,9.175823272123));
#13489 = CARTESIAN_POINT('',(0.600010629369,9.175823272123));
#13490 = ( GEOMETRIC_REPRESENTATION_CONTEXT(2) 
PARAMETRIC_REPRESENTATION_CONTEXT() REPRESENTATION_CONTEXT('2D SPACE',''
  ) );
#13491 = ORIENTED_EDGE('',*,*,#13492,.F.);
#13492 = EDGE_CURVE('',#12942,#13472,#13493,.T.);
#13493 = SURFACE_CURVE('',#13494,(#13499,#13506),.PCURVE_S1.);
#13494 = CIRCLE('',#13495,5.);
#13495 = AXIS2_PLACEMENT_3D('',#13496,#13497,#13498);
#13496 = CARTESIAN_POINT('',(0.,0.,1.4));
#13497 = DIRECTION('',(0.,0.,1.));
#13498 = DIRECTION('',(1.,0.,-0.));
#13499 = PCURVE('',#11104,#13500);
#13500 = DEFINITIONAL_REPRESENTATION('',(#13501),#13505);
#13501 = LINE('',#13502,#13503);
#13502 = CARTESIAN_POINT('',(0.,3.4));
#13503 = VECTOR('',#13504,1.);
#13504 = DIRECTION('',(1.,0.));
#13505 = ( GEOMETRIC_REPRESENTATION_CONTEXT(2) 
PARAMETRIC_REPRESENTATION_CONTEXT() REPRESENTATION_CONTEXT('2D SPACE',''
  ) );
#13506 = PCURVE('',#12810,#13507);
#13507 = DEFINITIONAL_REPRESENTATION('',(#13508),#13512);
#13508 = LINE('',#13509,#13510);
#13509 = CARTESIAN_POINT('',(-0.,-0.));
#13510 = VECTOR('',#13511,1.);
#13511 = DIRECTION('',(-1.,-0.));
#13512 = ( GEOMETRIC_REPRESENTATION_CONTEXT(2) 
PARAMETRIC_REPRESENTATION_CONTEXT() REPRESENTATION_CONTEXT('2D SPACE',''
  ) );
#13513 = ORIENTED_EDGE('',*,*,#12968,.F.);
#13514 = ORIENTED_EDGE('',*,*,#12992,.F.);
#13515 = ORIENTED_EDGE('',*,*,#13065,.F.);
#13516 = ORIENTED_EDGE('',*,*,#13089,.T.);
#13517 = ORIENTED_EDGE('',*,*,#11089,.F.);
#13518 = ADVANCED_FACE('',(#13519),#11186,.T.);
#13519 = FACE_BOUND('',#13520,.T.);
#13520 = EDGE_LOOP('',(#13521,#13522,#13523,#13524,#13525,#13526,#13527,
    #13551,#13572,#13596,#13617,#13639));
#13521 = ORIENTED_EDGE('',*,*,#11276,.T.);
#13522 = ORIENTED_EDGE('',*,*,#11171,.T.);
#13523 = ORIENTED_EDGE('',*,*,#13372,.T.);
#13524 = ORIENTED_EDGE('',*,*,#13348,.T.);
#13525 = ORIENTED_EDGE('',*,*,#13275,.F.);
#13526 = ORIENTED_EDGE('',*,*,#13224,.T.);
#13527 = ORIENTED_EDGE('',*,*,#13528,.F.);
#13528 = EDGE_CURVE('',#13529,#13225,#13531,.T.);
#13529 = VERTEX_POINT('',#13530);
#13530 = CARTESIAN_POINT('',(35.824176727878,-2.75,1.4));
#13531 = SURFACE_CURVE('',#13532,(#13537,#13544),.PCURVE_S1.);
#13532 = CIRCLE('',#13533,5.);
#13533 = AXIS2_PLACEMENT_3D('',#13534,#13535,#13536);
#13534 = CARTESIAN_POINT('',(40.,0.,1.4));
#13535 = DIRECTION('',(0.,0.,1.));
#13536 = DIRECTION('',(1.,0.,-0.));
#13537 = PCURVE('',#11186,#13538);
#13538 = DEFINITIONAL_REPRESENTATION('',(#13539),#13543);
#13539 = LINE('',#13540,#13541);
#13540 = CARTESIAN_POINT('',(0.,3.4));
#13541 = VECTOR('',#13542,1.);
#13542 = DIRECTION('',(1.,0.));
#13543 = ( GEOMETRIC_REPRESENTATION_CONTEXT(2) 
PARAMETRIC_REPRESENTATION_CONTEXT() REPRESENTATION_CONTEXT('2D SPACE',''
  ) );
#13544 = PCURVE('',#12867,#13545);
#13545 = DEFINITIONAL_REPRESENTATION('',(#13546),#13550);
#13546 = LINE('',#13547,#13548);
#13547 = CARTESIAN_POINT('',(-0.,-0.));
#13548 = VECTOR('',#13549,1.);
#13549 = DIRECTION('',(-1.,-0.));
#13550 = ( GEOMETRIC_REPRESENTATION_CONTEXT(2) 
PARAMETRIC_REPRESENTATION_CONTEXT() REPRESENTATION_CONTEXT('2D SPACE',''
  ) );
#13551 = ORIENTED_EDGE('',*,*,#13552,.F.);
#13552 = EDGE_CURVE('',#13553,#13529,#13555,.T.);
#13553 = VERTEX_POINT('',#13554);
#13554 = CARTESIAN_POINT('',(35.824176727878,-2.75,0.8));
#13555 = SURFACE_CURVE('',#13556,(#13560,#13566),.PCURVE_S1.);
#13556 = LINE('',#13557,#13558);
#13557 = CARTESIAN_POINT('',(35.824176727877,-2.75,-2.));
#13558 = VECTOR('',#13559,1.);
#13559 = DIRECTION('',(0.,0.,1.));
#13560 = PCURVE('',#11186,#13561);
#13561 = DEFINITIONAL_REPRESENTATION('',(#13562),#13565);
#13562 = B_SPLINE_CURVE_WITH_KNOTS('',1,(#13563,#13564),.UNSPECIFIED.,
  .F.,.F.,(2,2),(2.68,3.400010629369),.PIECEWISE_BEZIER_KNOTS.);
#13563 = CARTESIAN_POINT('',(3.723956891459,2.68));
#13564 = CARTESIAN_POINT('',(3.723956891459,3.400010629369));
#13565 = ( GEOMETRIC_REPRESENTATION_CONTEXT(2) 
PARAMETRIC_REPRESENTATION_CONTEXT() REPRESENTATION_CONTEXT('2D SPACE',''
  ) );
#13566 = PCURVE('',#12838,#13567);
#13567 = DEFINITIONAL_REPRESENTATION('',(#13568),#13571);
#13568 = B_SPLINE_CURVE_WITH_KNOTS('',1,(#13569,#13570),.UNSPECIFIED.,
  .F.,.F.,(2,2),(2.68,3.400010629369),.PIECEWISE_BEZIER_KNOTS.);
#13569 = CARTESIAN_POINT('',(-0.12,40.824176727877));
#13570 = CARTESIAN_POINT('',(0.600010629369,40.824176727877));
#13571 = ( GEOMETRIC_REPRESENTATION_CONTEXT(2) 
PARAMETRIC_REPRESENTATION_CONTEXT() REPRESENTATION_CONTEXT('2D SPACE',''
  ) );
#13572 = ORIENTED_EDGE('',*,*,#13573,.F.);
#13573 = EDGE_CURVE('',#13574,#13553,#13576,.T.);
#13574 = VERTEX_POINT('',#13575);
#13575 = CARTESIAN_POINT('',(35.155560532941,-1.2375,0.8));
#13576 = SURFACE_CURVE('',#13577,(#13582,#13589),.PCURVE_S1.);
#13577 = CIRCLE('',#13578,5.);
#13578 = AXIS2_PLACEMENT_3D('',#13579,#13580,#13581);
#13579 = CARTESIAN_POINT('',(40.,0.,0.8));
#13580 = DIRECTION('',(0.,0.,1.));
#13581 = DIRECTION('',(1.,0.,-0.));
#13582 = PCURVE('',#11186,#13583);
#13583 = DEFINITIONAL_REPRESENTATION('',(#13584),#13588);
#13584 = LINE('',#13585,#13586);
#13585 = CARTESIAN_POINT('',(0.,2.8));
#13586 = VECTOR('',#13587,1.);
#13587 = DIRECTION('',(1.,0.));
#13588 = ( GEOMETRIC_REPRESENTATION_CONTEXT(2) 
PARAMETRIC_REPRESENTATION_CONTEXT() REPRESENTATION_CONTEXT('2D SPACE',''
  ) );
#13589 = PCURVE('',#11679,#13590);
#13590 = DEFINITIONAL_REPRESENTATION('',(#13591),#13595);
#13591 = CIRCLE('',#13592,5.);
#13592 = AXIS2_PLACEMENT_2D('',#13593,#13594);
#13593 = CARTESIAN_POINT('',(45.,2.75));
#13594 = DIRECTION('',(1.,0.));
#13595 = ( GEOMETRIC_REPRESENTATION_CONTEXT(2) 
PARAMETRIC_REPRESENTATION_CONTEXT() REPRESENTATION_CONTEXT('2D SPACE',''
  ) );
#13596 = ORIENTED_EDGE('',*,*,#13597,.F.);
#13597 = EDGE_CURVE('',#13598,#13574,#13600,.T.);
#13598 = VERTEX_POINT('',#13599);
#13599 = CARTESIAN_POINT('',(35.155560532941,-1.2375,-0.8));
#13600 = SURFACE_CURVE('',#13601,(#13605,#13611),.PCURVE_S1.);
#13601 = LINE('',#13602,#13603);
#13602 = CARTESIAN_POINT('',(35.155560532941,-1.2375,-2.));
#13603 = VECTOR('',#13604,1.);
#13604 = DIRECTION('',(0.,0.,1.));
#13605 = PCURVE('',#11186,#13606);
#13606 = DEFINITIONAL_REPRESENTATION('',(#13607),#13610);
#13607 = B_SPLINE_CURVE_WITH_KNOTS('',1,(#13608,#13609),.UNSPECIFIED.,
  .F.,.F.,(2,2),(1.04,2.96),.PIECEWISE_BEZIER_KNOTS.);
#13608 = CARTESIAN_POINT('',(3.391691777059,1.04));
#13609 = CARTESIAN_POINT('',(3.391691777059,2.96));
#13610 = ( GEOMETRIC_REPRESENTATION_CONTEXT(2) 
PARAMETRIC_REPRESENTATION_CONTEXT() REPRESENTATION_CONTEXT('2D SPACE',''
  ) );
#13611 = PCURVE('',#11948,#13612);
#13612 = DEFINITIONAL_REPRESENTATION('',(#13613),#13616);
#13613 = B_SPLINE_CURVE_WITH_KNOTS('',1,(#13614,#13615),.UNSPECIFIED.,
  .F.,.F.,(2,2),(1.04,2.96),.PIECEWISE_BEZIER_KNOTS.);
#13614 = CARTESIAN_POINT('',(-0.16,40.155560532941));
#13615 = CARTESIAN_POINT('',(1.76,40.155560532941));
#13616 = ( GEOMETRIC_REPRESENTATION_CONTEXT(2) 
PARAMETRIC_REPRESENTATION_CONTEXT() REPRESENTATION_CONTEXT('2D SPACE',''
  ) );
#13617 = ORIENTED_EDGE('',*,*,#13618,.T.);
#13618 = EDGE_CURVE('',#13598,#11354,#13619,.T.);
#13619 = SURFACE_CURVE('',#13620,(#13625,#13632),.PCURVE_S1.);
#13620 = CIRCLE('',#13621,5.);
#13621 = AXIS2_PLACEMENT_3D('',#13622,#13623,#13624);
#13622 = CARTESIAN_POINT('',(40.,0.,-0.8));
#13623 = DIRECTION('',(0.,0.,1.));
#13624 = DIRECTION('',(1.,0.,-0.));
#13625 = PCURVE('',#11186,#13626);
#13626 = DEFINITIONAL_REPRESENTATION('',(#13627),#13631);
#13627 = LINE('',#13628,#13629);
#13628 = CARTESIAN_POINT('',(0.,1.2));
#13629 = VECTOR('',#13630,1.);
#13630 = DIRECTION('',(1.,0.));
#13631 = ( GEOMETRIC_REPRESENTATION_CONTEXT(2) 
PARAMETRIC_REPRESENTATION_CONTEXT() REPRESENTATION_CONTEXT('2D SPACE',''
  ) );
#13632 = PCURVE('',#11369,#13633);
#13633 = DEFINITIONAL_REPRESENTATION('',(#13634),#13638);
#13634 = CIRCLE('',#13635,5.);
#13635 = AXIS2_PLACEMENT_2D('',#13636,#13637);
#13636 = CARTESIAN_POINT('',(45.,2.75));
#13637 = DIRECTION('',(1.,0.));
#13638 = ( GEOMETRIC_REPRESENTATION_CONTEXT(2) 
PARAMETRIC_REPRESENTATION_CONTEXT() REPRESENTATION_CONTEXT('2D SPACE',''
  ) );
#13639 = ORIENTED_EDGE('',*,*,#11381,.F.);
#13640 = ADVANCED_FACE('',(#13641),#11369,.T.);
#13641 = FACE_BOUND('',#13642,.T.);
#13642 = EDGE_LOOP('',(#13643,#13644,#13645,#13646,#13667,#13668,#13689,
    #13690));
#13643 = ORIENTED_EDGE('',*,*,#13402,.F.);
#13644 = ORIENTED_EDGE('',*,*,#11353,.T.);
#13645 = ORIENTED_EDGE('',*,*,#13618,.F.);
#13646 = ORIENTED_EDGE('',*,*,#13647,.F.);
#13647 = EDGE_CURVE('',#11867,#13598,#13648,.T.);
#13648 = SURFACE_CURVE('',#13649,(#13653,#13660),.PCURVE_S1.);
#13649 = LINE('',#13650,#13651);
#13650 = CARTESIAN_POINT('',(-5.,-1.2375,-0.8));
#13651 = VECTOR('',#13652,1.);
#13652 = DIRECTION('',(1.,0.,-0.));
#13653 = PCURVE('',#11369,#13654);
#13654 = DEFINITIONAL_REPRESENTATION('',(#13655),#13659);
#13655 = LINE('',#13656,#13657);
#13656 = CARTESIAN_POINT('',(0.,1.5125));
#13657 = VECTOR('',#13658,1.);
#13658 = DIRECTION('',(1.,0.));
#13659 = ( GEOMETRIC_REPRESENTATION_CONTEXT(2) 
PARAMETRIC_REPRESENTATION_CONTEXT() REPRESENTATION_CONTEXT('2D SPACE',''
  ) );
#13660 = PCURVE('',#11948,#13661);
#13661 = DEFINITIONAL_REPRESENTATION('',(#13662),#13666);
#13662 = LINE('',#13663,#13664);
#13663 = CARTESIAN_POINT('',(0.,0.));
#13664 = VECTOR('',#13665,1.);
#13665 = DIRECTION('',(0.,1.));
#13666 = ( GEOMETRIC_REPRESENTATION_CONTEXT(2) 
PARAMETRIC_REPRESENTATION_CONTEXT() REPRESENTATION_CONTEXT('2D SPACE',''
  ) );
#13667 = ORIENTED_EDGE('',*,*,#11864,.F.);
#13668 = ORIENTED_EDGE('',*,*,#13669,.F.);
#13669 = EDGE_CURVE('',#11613,#11865,#13670,.T.);
#13670 = SURFACE_CURVE('',#13671,(#13675,#13682),.PCURVE_S1.);
#13671 = LINE('',#13672,#13673);
#13672 = CARTESIAN_POINT('',(-5.,-1.2375,-0.8));
#13673 = VECTOR('',#13674,1.);
#13674 = DIRECTION('',(1.,0.,-0.));
#13675 = PCURVE('',#11369,#13676);
#13676 = DEFINITIONAL_REPRESENTATION('',(#13677),#13681);
#13677 = LINE('',#13678,#13679);
#13678 = CARTESIAN_POINT('',(0.,1.5125));
#13679 = VECTOR('',#13680,1.);
#13680 = DIRECTION('',(1.,0.));
#13681 = ( GEOMETRIC_REPRESENTATION_CONTEXT(2) 
PARAMETRIC_REPRESENTATION_CONTEXT() REPRESENTATION_CONTEXT('2D SPACE',''
  ) );
#13682 = PCURVE('',#11704,#13683);
#13683 = DEFINITIONAL_REPRESENTATION('',(#13684),#13688);
#13684 = LINE('',#13685,#13686);
#13685 = CARTESIAN_POINT('',(0.,0.));
#13686 = VECTOR('',#13687,1.);
#13687 = DIRECTION('',(0.,1.));
#13688 = ( GEOMETRIC_REPRESENTATION_CONTEXT(2) 
PARAMETRIC_REPRESENTATION_CONTEXT() REPRESENTATION_CONTEXT('2D SPACE',''
  ) );
#13689 = ORIENTED_EDGE('',*,*,#11610,.F.);
#13690 = ORIENTED_EDGE('',*,*,#13691,.F.);
#13691 = EDGE_CURVE('',#13403,#11611,#13692,.T.);
#13692 = SURFACE_CURVE('',#13693,(#13697,#13704),.PCURVE_S1.);
#13693 = LINE('',#13694,#13695);
#13694 = CARTESIAN_POINT('',(-5.,-1.2375,-0.8));
#13695 = VECTOR('',#13696,1.);
#13696 = DIRECTION('',(1.,0.,-0.));
#13697 = PCURVE('',#11369,#13698);
#13698 = DEFINITIONAL_REPRESENTATION('',(#13699),#13703);
#13699 = LINE('',#13700,#13701);
#13700 = CARTESIAN_POINT('',(0.,1.5125));
#13701 = VECTOR('',#13702,1.);
#13702 = DIRECTION('',(1.,0.));
#13703 = ( GEOMETRIC_REPRESENTATION_CONTEXT(2) 
PARAMETRIC_REPRESENTATION_CONTEXT() REPRESENTATION_CONTEXT('2D SPACE',''
  ) );
#13704 = PCURVE('',#11651,#13705);
#13705 = DEFINITIONAL_REPRESENTATION('',(#13706),#13710);
#13706 = LINE('',#13707,#13708);
#13707 = CARTESIAN_POINT('',(0.,0.));
#13708 = VECTOR('',#13709,1.);
#13709 = DIRECTION('',(0.,1.));
#13710 = ( GEOMETRIC_REPRESENTATION_CONTEXT(2) 
PARAMETRIC_REPRESENTATION_CONTEXT() REPRESENTATION_CONTEXT('2D SPACE',''
  ) );
#13711 = ADVANCED_FACE('',(#13712),#11597,.T.);
#13712 = FACE_BOUND('',#13713,.T.);
#13713 = EDGE_LOOP('',(#13714,#13715,#13716,#13737));
#13714 = ORIENTED_EDGE('',*,*,#12254,.F.);
#13715 = ORIENTED_EDGE('',*,*,#12491,.T.);
#13716 = ORIENTED_EDGE('',*,*,#13717,.T.);
#13717 = EDGE_CURVE('',#12468,#11556,#13718,.T.);
#13718 = SURFACE_CURVE('',#13719,(#13723,#13730),.PCURVE_S1.);
#13719 = LINE('',#13720,#13721);
#13720 = CARTESIAN_POINT('',(-5.,1.2375,0.8));
#13721 = VECTOR('',#13722,1.);
#13722 = DIRECTION('',(1.,0.,-0.));
#13723 = PCURVE('',#11597,#13724);
#13724 = DEFINITIONAL_REPRESENTATION('',(#13725),#13729);
#13725 = LINE('',#13726,#13727);
#13726 = CARTESIAN_POINT('',(1.6,0.));
#13727 = VECTOR('',#13728,1.);
#13728 = DIRECTION('',(0.,1.));
#13729 = ( GEOMETRIC_REPRESENTATION_CONTEXT(2) 
PARAMETRIC_REPRESENTATION_CONTEXT() REPRESENTATION_CONTEXT('2D SPACE',''
  ) );
#13730 = PCURVE('',#11572,#13731);
#13731 = DEFINITIONAL_REPRESENTATION('',(#13732),#13736);
#13732 = LINE('',#13733,#13734);
#13733 = CARTESIAN_POINT('',(0.,3.9875));
#13734 = VECTOR('',#13735,1.);
#13735 = DIRECTION('',(1.,0.));
#13736 = ( GEOMETRIC_REPRESENTATION_CONTEXT(2) 
PARAMETRIC_REPRESENTATION_CONTEXT() REPRESENTATION_CONTEXT('2D SPACE',''
  ) );
#13737 = ORIENTED_EDGE('',*,*,#11584,.F.);
#13738 = ADVANCED_FACE('',(#13739),#11572,.F.);
#13739 = FACE_BOUND('',#13740,.F.);
#13740 = EDGE_LOOP('',(#13741,#13742,#13743,#13744,#13765,#13766,#13787,
    #13788));
#13741 = ORIENTED_EDGE('',*,*,#12467,.F.);
#13742 = ORIENTED_EDGE('',*,*,#13717,.T.);
#13743 = ORIENTED_EDGE('',*,*,#11555,.F.);
#13744 = ORIENTED_EDGE('',*,*,#13745,.T.);
#13745 = EDGE_CURVE('',#11530,#11820,#13746,.T.);
#13746 = SURFACE_CURVE('',#13747,(#13751,#13758),.PCURVE_S1.);
#13747 = LINE('',#13748,#13749);
#13748 = CARTESIAN_POINT('',(-5.,1.2375,0.8));
#13749 = VECTOR('',#13750,1.);
#13750 = DIRECTION('',(1.,0.,-0.));
#13751 = PCURVE('',#11572,#13752);
#13752 = DEFINITIONAL_REPRESENTATION('',(#13753),#13757);
#13753 = LINE('',#13754,#13755);
#13754 = CARTESIAN_POINT('',(0.,3.9875));
#13755 = VECTOR('',#13756,1.);
#13756 = DIRECTION('',(1.,0.));
#13757 = ( GEOMETRIC_REPRESENTATION_CONTEXT(2) 
PARAMETRIC_REPRESENTATION_CONTEXT() REPRESENTATION_CONTEXT('2D SPACE',''
  ) );
#13758 = PCURVE('',#11544,#13759);
#13759 = DEFINITIONAL_REPRESENTATION('',(#13760),#13764);
#13760 = LINE('',#13761,#13762);
#13761 = CARTESIAN_POINT('',(1.6,0.));
#13762 = VECTOR('',#13763,1.);
#13763 = DIRECTION('',(0.,1.));
#13764 = ( GEOMETRIC_REPRESENTATION_CONTEXT(2) 
PARAMETRIC_REPRESENTATION_CONTEXT() REPRESENTATION_CONTEXT('2D SPACE',''
  ) );
#13765 = ORIENTED_EDGE('',*,*,#11819,.F.);
#13766 = ORIENTED_EDGE('',*,*,#13767,.T.);
#13767 = EDGE_CURVE('',#11794,#12040,#13768,.T.);
#13768 = SURFACE_CURVE('',#13769,(#13773,#13780),.PCURVE_S1.);
#13769 = LINE('',#13770,#13771);
#13770 = CARTESIAN_POINT('',(-5.,1.2375,0.8));
#13771 = VECTOR('',#13772,1.);
#13772 = DIRECTION('',(1.,0.,-0.));
#13773 = PCURVE('',#11572,#13774);
#13774 = DEFINITIONAL_REPRESENTATION('',(#13775),#13779);
#13775 = LINE('',#13776,#13777);
#13776 = CARTESIAN_POINT('',(0.,3.9875));
#13777 = VECTOR('',#13778,1.);
#13778 = DIRECTION('',(1.,0.));
#13779 = ( GEOMETRIC_REPRESENTATION_CONTEXT(2) 
PARAMETRIC_REPRESENTATION_CONTEXT() REPRESENTATION_CONTEXT('2D SPACE',''
  ) );
#13780 = PCURVE('',#11808,#13781);
#13781 = DEFINITIONAL_REPRESENTATION('',(#13782),#13786);
#13782 = LINE('',#13783,#13784);
#13783 = CARTESIAN_POINT('',(1.6,0.));
#13784 = VECTOR('',#13785,1.);
#13785 = DIRECTION('',(0.,1.));
#13786 = ( GEOMETRIC_REPRESENTATION_CONTEXT(2) 
PARAMETRIC_REPRESENTATION_CONTEXT() REPRESENTATION_CONTEXT('2D SPACE',''
  ) );
#13787 = ORIENTED_EDGE('',*,*,#12060,.F.);
#13788 = ORIENTED_EDGE('',*,*,#13789,.F.);
#13789 = EDGE_CURVE('',#12447,#12061,#13790,.T.);
#13790 = SURFACE_CURVE('',#13791,(#13795,#13802),.PCURVE_S1.);
#13791 = LINE('',#13792,#13793);
#13792 = CARTESIAN_POINT('',(-5.,2.75,0.8));
#13793 = VECTOR('',#13794,1.);
#13794 = DIRECTION('',(1.,0.,-0.));
#13795 = PCURVE('',#11572,#13796);
#13796 = DEFINITIONAL_REPRESENTATION('',(#13797),#13801);
#13797 = LINE('',#13798,#13799);
#13798 = CARTESIAN_POINT('',(0.,5.5));
#13799 = VECTOR('',#13800,1.);
#13800 = DIRECTION('',(1.,0.));
#13801 = ( GEOMETRIC_REPRESENTATION_CONTEXT(2) 
PARAMETRIC_REPRESENTATION_CONTEXT() REPRESENTATION_CONTEXT('2D SPACE',''
  ) );
#13802 = PCURVE('',#12099,#13803);
#13803 = DEFINITIONAL_REPRESENTATION('',(#13804),#13808);
#13804 = LINE('',#13805,#13806);
#13805 = CARTESIAN_POINT('',(0.,0.));
#13806 = VECTOR('',#13807,1.);
#13807 = DIRECTION('',(0.,1.));
#13808 = ( GEOMETRIC_REPRESENTATION_CONTEXT(2) 
PARAMETRIC_REPRESENTATION_CONTEXT() REPRESENTATION_CONTEXT('2D SPACE',''
  ) );
#13809 = ADVANCED_FACE('',(#13810),#11544,.T.);
#13810 = FACE_BOUND('',#13811,.T.);
#13811 = EDGE_LOOP('',(#13812,#13813,#13814,#13815));
#13812 = ORIENTED_EDGE('',*,*,#12276,.F.);
#13813 = ORIENTED_EDGE('',*,*,#11529,.T.);
#13814 = ORIENTED_EDGE('',*,*,#13745,.T.);
#13815 = ORIENTED_EDGE('',*,*,#11843,.F.);
#13816 = ADVANCED_FACE('',(#13817),#11704,.F.);
#13817 = FACE_BOUND('',#13818,.F.);
#13818 = EDGE_LOOP('',(#13819,#13820,#13821,#13842));
#13819 = ORIENTED_EDGE('',*,*,#13669,.F.);
#13820 = ORIENTED_EDGE('',*,*,#11691,.T.);
#13821 = ORIENTED_EDGE('',*,*,#13822,.T.);
#13822 = EDGE_CURVE('',#11663,#11891,#13823,.T.);
#13823 = SURFACE_CURVE('',#13824,(#13828,#13835),.PCURVE_S1.);
#13824 = LINE('',#13825,#13826);
#13825 = CARTESIAN_POINT('',(-5.,-1.2375,0.8));
#13826 = VECTOR('',#13827,1.);
#13827 = DIRECTION('',(1.,0.,-0.));
#13828 = PCURVE('',#11704,#13829);
#13829 = DEFINITIONAL_REPRESENTATION('',(#13830),#13834);
#13830 = LINE('',#13831,#13832);
#13831 = CARTESIAN_POINT('',(1.6,0.));
#13832 = VECTOR('',#13833,1.);
#13833 = DIRECTION('',(0.,1.));
#13834 = ( GEOMETRIC_REPRESENTATION_CONTEXT(2) 
PARAMETRIC_REPRESENTATION_CONTEXT() REPRESENTATION_CONTEXT('2D SPACE',''
  ) );
#13835 = PCURVE('',#11679,#13836);
#13836 = DEFINITIONAL_REPRESENTATION('',(#13837),#13841);
#13837 = LINE('',#13838,#13839);
#13838 = CARTESIAN_POINT('',(0.,1.5125));
#13839 = VECTOR('',#13840,1.);
#13840 = DIRECTION('',(1.,0.));
#13841 = ( GEOMETRIC_REPRESENTATION_CONTEXT(2) 
PARAMETRIC_REPRESENTATION_CONTEXT() REPRESENTATION_CONTEXT('2D SPACE',''
  ) );
#13842 = ORIENTED_EDGE('',*,*,#11890,.F.);
#13843 = ADVANCED_FACE('',(#13844),#11679,.F.);
#13844 = FACE_BOUND('',#13845,.F.);
#13845 = EDGE_LOOP('',(#13846,#13847,#13868,#13869,#13890,#13891,#13892,
    #13893));
#13846 = ORIENTED_EDGE('',*,*,#13447,.F.);
#13847 = ORIENTED_EDGE('',*,*,#13848,.T.);
#13848 = EDGE_CURVE('',#13448,#13553,#13849,.T.);
#13849 = SURFACE_CURVE('',#13850,(#13854,#13861),.PCURVE_S1.);
#13850 = LINE('',#13851,#13852);
#13851 = CARTESIAN_POINT('',(-5.,-2.75,0.8));
#13852 = VECTOR('',#13853,1.);
#13853 = DIRECTION('',(1.,0.,-0.));
#13854 = PCURVE('',#11679,#13855);
#13855 = DEFINITIONAL_REPRESENTATION('',(#13856),#13860);
#13856 = LINE('',#13857,#13858);
#13857 = CARTESIAN_POINT('',(0.,0.));
#13858 = VECTOR('',#13859,1.);
#13859 = DIRECTION('',(1.,0.));
#13860 = ( GEOMETRIC_REPRESENTATION_CONTEXT(2) 
PARAMETRIC_REPRESENTATION_CONTEXT() REPRESENTATION_CONTEXT('2D SPACE',''
  ) );
#13861 = PCURVE('',#12838,#13862);
#13862 = DEFINITIONAL_REPRESENTATION('',(#13863),#13867);
#13863 = LINE('',#13864,#13865);
#13864 = CARTESIAN_POINT('',(0.,0.));
#13865 = VECTOR('',#13866,1.);
#13866 = DIRECTION('',(0.,1.));
#13867 = ( GEOMETRIC_REPRESENTATION_CONTEXT(2) 
PARAMETRIC_REPRESENTATION_CONTEXT() REPRESENTATION_CONTEXT('2D SPACE',''
  ) );
#13868 = ORIENTED_EDGE('',*,*,#13573,.F.);
#13869 = ORIENTED_EDGE('',*,*,#13870,.F.);
#13870 = EDGE_CURVE('',#11912,#13574,#13871,.T.);
#13871 = SURFACE_CURVE('',#13872,(#13876,#13883),.PCURVE_S1.);
#13872 = LINE('',#13873,#13874);
#13873 = CARTESIAN_POINT('',(-5.,-1.2375,0.8));
#13874 = VECTOR('',#13875,1.);
#13875 = DIRECTION('',(1.,0.,-0.));
#13876 = PCURVE('',#11679,#13877);
#13877 = DEFINITIONAL_REPRESENTATION('',(#13878),#13882);
#13878 = LINE('',#13879,#13880);
#13879 = CARTESIAN_POINT('',(0.,1.5125));
#13880 = VECTOR('',#13881,1.);
#13881 = DIRECTION('',(1.,0.));
#13882 = ( GEOMETRIC_REPRESENTATION_CONTEXT(2) 
PARAMETRIC_REPRESENTATION_CONTEXT() REPRESENTATION_CONTEXT('2D SPACE',''
  ) );
#13883 = PCURVE('',#11948,#13884);
#13884 = DEFINITIONAL_REPRESENTATION('',(#13885),#13889);
#13885 = LINE('',#13886,#13887);
#13886 = CARTESIAN_POINT('',(1.6,0.));
#13887 = VECTOR('',#13888,1.);
#13888 = DIRECTION('',(0.,1.));
#13889 = ( GEOMETRIC_REPRESENTATION_CONTEXT(2) 
PARAMETRIC_REPRESENTATION_CONTEXT() REPRESENTATION_CONTEXT('2D SPACE',''
  ) );
#13890 = ORIENTED_EDGE('',*,*,#11911,.F.);
#13891 = ORIENTED_EDGE('',*,*,#13822,.F.);
#13892 = ORIENTED_EDGE('',*,*,#11662,.F.);
#13893 = ORIENTED_EDGE('',*,*,#13894,.F.);
#13894 = EDGE_CURVE('',#13427,#11637,#13895,.T.);
#13895 = SURFACE_CURVE('',#13896,(#13900,#13907),.PCURVE_S1.);
#13896 = LINE('',#13897,#13898);
#13897 = CARTESIAN_POINT('',(-5.,-1.2375,0.8));
#13898 = VECTOR('',#13899,1.);
#13899 = DIRECTION('',(1.,0.,-0.));
#13900 = PCURVE('',#11679,#13901);
#13901 = DEFINITIONAL_REPRESENTATION('',(#13902),#13906);
#13902 = LINE('',#13903,#13904);
#13903 = CARTESIAN_POINT('',(0.,1.5125));
#13904 = VECTOR('',#13905,1.);
#13905 = DIRECTION('',(1.,0.));
#13906 = ( GEOMETRIC_REPRESENTATION_CONTEXT(2) 
PARAMETRIC_REPRESENTATION_CONTEXT() REPRESENTATION_CONTEXT('2D SPACE',''
  ) );
#13907 = PCURVE('',#11651,#13908);
#13908 = DEFINITIONAL_REPRESENTATION('',(#13909),#13913);
#13909 = LINE('',#13910,#13911);
#13910 = CARTESIAN_POINT('',(1.6,0.));
#13911 = VECTOR('',#13912,1.);
#13912 = DIRECTION('',(0.,1.));
#13913 = ( GEOMETRIC_REPRESENTATION_CONTEXT(2) 
PARAMETRIC_REPRESENTATION_CONTEXT() REPRESENTATION_CONTEXT('2D SPACE',''
  ) );
#13914 = ADVANCED_FACE('',(#13915),#11651,.F.);
#13915 = FACE_BOUND('',#13916,.F.);
#13916 = EDGE_LOOP('',(#13917,#13918,#13919,#13920));
#13917 = ORIENTED_EDGE('',*,*,#13691,.F.);
#13918 = ORIENTED_EDGE('',*,*,#13426,.T.);
#13919 = ORIENTED_EDGE('',*,*,#13894,.T.);
#13920 = ORIENTED_EDGE('',*,*,#11636,.F.);
#13921 = ADVANCED_FACE('',(#13922),#11808,.T.);
#13922 = FACE_BOUND('',#13923,.T.);
#13923 = EDGE_LOOP('',(#13924,#13925,#13926,#13927));
#13924 = ORIENTED_EDGE('',*,*,#12298,.F.);
#13925 = ORIENTED_EDGE('',*,*,#11793,.T.);
#13926 = ORIENTED_EDGE('',*,*,#13767,.T.);
#13927 = ORIENTED_EDGE('',*,*,#12039,.F.);
#13928 = ADVANCED_FACE('',(#13929),#11948,.F.);
#13929 = FACE_BOUND('',#13930,.F.);
#13930 = EDGE_LOOP('',(#13931,#13932,#13933,#13934));
#13931 = ORIENTED_EDGE('',*,*,#13647,.F.);
#13932 = ORIENTED_EDGE('',*,*,#11935,.T.);
#13933 = ORIENTED_EDGE('',*,*,#13870,.T.);
#13934 = ORIENTED_EDGE('',*,*,#13597,.F.);
#13935 = ADVANCED_FACE('',(#13936),#12127,.T.);
#13936 = FACE_BOUND('',#13937,.T.);
#13937 = EDGE_LOOP('',(#13938,#13939,#13940,#13965));
#13938 = ORIENTED_EDGE('',*,*,#13171,.F.);
#13939 = ORIENTED_EDGE('',*,*,#12110,.T.);
#13940 = ORIENTED_EDGE('',*,*,#13941,.F.);
#13941 = EDGE_CURVE('',#12700,#12085,#13942,.T.);
#13942 = SURFACE_CURVE('',#13943,(#13948,#13958),.PCURVE_S1.);
#13943 = HYPERBOLA('',#13944,2.75,2.75);
#13944 = AXIS2_PLACEMENT_3D('',#13945,#13946,#13947);
#13945 = CARTESIAN_POINT('',(40.,2.75,6.4));
#13946 = DIRECTION('',(0.,1.,0.));
#13947 = DIRECTION('',(-0.,0.,-1.));
#13948 = PCURVE('',#12127,#13949);
#13949 = DEFINITIONAL_REPRESENTATION('',(#13950),#13957);
#13950 = B_SPLINE_CURVE_WITH_KNOTS('',5,(#13951,#13952,#13953,#13954,
    #13955,#13956),.UNSPECIFIED.,.F.,.F.,(6,6),(1.046967915003,
    1.204971208168),.PIECEWISE_BEZIER_KNOTS.);
#13951 = CARTESIAN_POINT('',(-2.466461120653,-0.6));
#13952 = CARTESIAN_POINT('',(-2.486211532298,-0.491459672549));
#13953 = CARTESIAN_POINT('',(-2.505352932484,-0.377427038356));
#13954 = CARTESIAN_POINT('',(-2.523894317204,-0.257676273539));
#13955 = CARTESIAN_POINT('',(-2.541848053473,-0.131958765734));
#13956 = CARTESIAN_POINT('',(-2.559228415721,-1.998401444325E-15));
#13957 = ( GEOMETRIC_REPRESENTATION_CONTEXT(2) 
PARAMETRIC_REPRESENTATION_CONTEXT() REPRESENTATION_CONTEXT('2D SPACE',''
  ) );
#13958 = PCURVE('',#12099,#13959);
#13959 = DEFINITIONAL_REPRESENTATION('',(#13960),#13964);
#13960 = ( BOUNDED_CURVE() B_SPLINE_CURVE(2,(#13961,#13962,#13963),
.UNSPECIFIED.,.F.,.F.) B_SPLINE_CURVE_WITH_KNOTS((3,3),(1.046967915003,
1.204971208168),.PIECEWISE_BEZIER_KNOTS.) CURVE() 
GEOMETRIC_REPRESENTATION_ITEM() RATIONAL_B_SPLINE_CURVE((1.,
1.003122253474,1.)) REPRESENTATION_ITEM('') );
#13961 = CARTESIAN_POINT('',(1.2,41.565251100881));
#13962 = CARTESIAN_POINT('',(0.929212299272,41.218365224156));
#13963 = CARTESIAN_POINT('',(0.6,40.824176727877));
#13964 = ( GEOMETRIC_REPRESENTATION_CONTEXT(2) 
PARAMETRIC_REPRESENTATION_CONTEXT() REPRESENTATION_CONTEXT('2D SPACE',''
  ) );
#13965 = ORIENTED_EDGE('',*,*,#12699,.F.);
#13966 = ADVANCED_FACE('',(#13967),#12099,.T.);
#13967 = FACE_BOUND('',#13968,.T.);
#13968 = EDGE_LOOP('',(#13969,#13970,#13971,#13996,#13997,#13998));
#13969 = ORIENTED_EDGE('',*,*,#13789,.F.);
#13970 = ORIENTED_EDGE('',*,*,#12446,.T.);
#13971 = ORIENTED_EDGE('',*,*,#13972,.T.);
#13972 = EDGE_CURVE('',#12418,#12724,#13973,.T.);
#13973 = SURFACE_CURVE('',#13974,(#13979,#13986),.PCURVE_S1.);
#13974 = HYPERBOLA('',#13975,2.75,2.75);
#13975 = AXIS2_PLACEMENT_3D('',#13976,#13977,#13978);
#13976 = CARTESIAN_POINT('',(0.,2.75,6.4));
#13977 = DIRECTION('',(0.,1.,0.));
#13978 = DIRECTION('',(-0.,0.,-1.));
#13979 = PCURVE('',#12099,#13980);
#13980 = DEFINITIONAL_REPRESENTATION('',(#13981),#13985);
#13981 = ( BOUNDED_CURVE() B_SPLINE_CURVE(2,(#13982,#13983,#13984),
.UNSPECIFIED.,.F.,.F.) B_SPLINE_CURVE_WITH_KNOTS((3,3),(-1.204971208168,
-1.046967915003),.PIECEWISE_BEZIER_KNOTS.) CURVE() 
GEOMETRIC_REPRESENTATION_ITEM() RATIONAL_B_SPLINE_CURVE((1.,
1.003122253474,1.)) REPRESENTATION_ITEM('') );
#13982 = CARTESIAN_POINT('',(0.6,9.175823272123));
#13983 = CARTESIAN_POINT('',(0.929212299272,8.781634775844));
#13984 = CARTESIAN_POINT('',(1.2,8.434748899119));
#13985 = ( GEOMETRIC_REPRESENTATION_CONTEXT(2) 
PARAMETRIC_REPRESENTATION_CONTEXT() REPRESENTATION_CONTEXT('2D SPACE',''
  ) );
#13986 = PCURVE('',#12434,#13987);
#13987 = DEFINITIONAL_REPRESENTATION('',(#13988),#13995);
#13988 = B_SPLINE_CURVE_WITH_KNOTS('',5,(#13989,#13990,#13991,#13992,
    #13993,#13994),.UNSPECIFIED.,.F.,.F.,(6,6),(-1.204971208168,
    -1.046967915003),.PIECEWISE_BEZIER_KNOTS.);
#13989 = CARTESIAN_POINT('',(-0.582364237869,-6.661338147751E-16));
#13990 = CARTESIAN_POINT('',(-0.599744600117,-0.131958765734));
#13991 = CARTESIAN_POINT('',(-0.617698336386,-0.257676273539));
#13992 = CARTESIAN_POINT('',(-0.636239721106,-0.377427038356));
#13993 = CARTESIAN_POINT('',(-0.655381121291,-0.491459672549));
#13994 = CARTESIAN_POINT('',(-0.675131532937,-0.6));
#13995 = ( GEOMETRIC_REPRESENTATION_CONTEXT(2) 
PARAMETRIC_REPRESENTATION_CONTEXT() REPRESENTATION_CONTEXT('2D SPACE',''
  ) );
#13996 = ORIENTED_EDGE('',*,*,#12723,.T.);
#13997 = ORIENTED_EDGE('',*,*,#13941,.T.);
#13998 = ORIENTED_EDGE('',*,*,#12084,.F.);
#13999 = ADVANCED_FACE('',(#14000),#12434,.T.);
#14000 = FACE_BOUND('',#14001,.T.);
#14001 = EDGE_LOOP('',(#14002,#14003,#14004,#14005));
#14002 = ORIENTED_EDGE('',*,*,#13972,.F.);
#14003 = ORIENTED_EDGE('',*,*,#12417,.T.);
#14004 = ORIENTED_EDGE('',*,*,#12647,.F.);
#14005 = ORIENTED_EDGE('',*,*,#12746,.F.);
#14006 = ADVANCED_FACE('',(#14007),#12867,.T.);
#14007 = FACE_BOUND('',#14008,.T.);
#14008 = EDGE_LOOP('',(#14009,#14010,#14011,#14012));
#14009 = ORIENTED_EDGE('',*,*,#13528,.T.);
#14010 = ORIENTED_EDGE('',*,*,#13245,.T.);
#14011 = ORIENTED_EDGE('',*,*,#12850,.F.);
#14012 = ORIENTED_EDGE('',*,*,#14013,.T.);
#14013 = EDGE_CURVE('',#12823,#13529,#14014,.T.);
#14014 = SURFACE_CURVE('',#14015,(#14020,#14030),.PCURVE_S1.);
#14015 = HYPERBOLA('',#14016,2.75,2.75);
#14016 = AXIS2_PLACEMENT_3D('',#14017,#14018,#14019);
#14017 = CARTESIAN_POINT('',(40.,-2.75,6.4));
#14018 = DIRECTION('',(0.,1.,0.));
#14019 = DIRECTION('',(-0.,0.,-1.));
#14020 = PCURVE('',#12867,#14021);
#14021 = DEFINITIONAL_REPRESENTATION('',(#14022),#14029);
#14022 = B_SPLINE_CURVE_WITH_KNOTS('',5,(#14023,#14024,#14025,#14026,
    #14027,#14028),.UNSPECIFIED.,.F.,.F.,(6,6),(1.046967915003,
    1.204971208168),.PIECEWISE_BEZIER_KNOTS.);
#14023 = CARTESIAN_POINT('',(-3.816724186527,-0.6));
#14024 = CARTESIAN_POINT('',(-3.796973774881,-0.491459672549));
#14025 = CARTESIAN_POINT('',(-3.777832374696,-0.377427038356));
#14026 = CARTESIAN_POINT('',(-3.759290989976,-0.257676273539));
#14027 = CARTESIAN_POINT('',(-3.741337253707,-0.131958765734));
#14028 = CARTESIAN_POINT('',(-3.723956891459,-1.998401444325E-15));
#14029 = ( GEOMETRIC_REPRESENTATION_CONTEXT(2) 
PARAMETRIC_REPRESENTATION_CONTEXT() REPRESENTATION_CONTEXT('2D SPACE',''
  ) );
#14030 = PCURVE('',#12838,#14031);
#14031 = DEFINITIONAL_REPRESENTATION('',(#14032),#14036);
#14032 = ( BOUNDED_CURVE() B_SPLINE_CURVE(2,(#14033,#14034,#14035),
.UNSPECIFIED.,.F.,.F.) B_SPLINE_CURVE_WITH_KNOTS((3,3),(1.046967915003,
1.204971208168),.PIECEWISE_BEZIER_KNOTS.) CURVE() 
GEOMETRIC_REPRESENTATION_ITEM() RATIONAL_B_SPLINE_CURVE((1.,
1.003122253474,1.)) REPRESENTATION_ITEM('') );
#14033 = CARTESIAN_POINT('',(1.2,41.565251100881));
#14034 = CARTESIAN_POINT('',(0.929212299272,41.218365224156));
#14035 = CARTESIAN_POINT('',(0.6,40.824176727877));
#14036 = ( GEOMETRIC_REPRESENTATION_CONTEXT(2) 
PARAMETRIC_REPRESENTATION_CONTEXT() REPRESENTATION_CONTEXT('2D SPACE',''
  ) );
#14037 = ADVANCED_FACE('',(#14038),#12838,.F.);
#14038 = FACE_BOUND('',#14039,.F.);
#14039 = EDGE_LOOP('',(#14040,#14041,#14042,#14067,#14068,#14069));
#14040 = ORIENTED_EDGE('',*,*,#13848,.F.);
#14041 = ORIENTED_EDGE('',*,*,#13471,.T.);
#14042 = ORIENTED_EDGE('',*,*,#14043,.T.);
#14043 = EDGE_CURVE('',#13472,#12794,#14044,.T.);
#14044 = SURFACE_CURVE('',#14045,(#14050,#14057),.PCURVE_S1.);
#14045 = HYPERBOLA('',#14046,2.75,2.75);
#14046 = AXIS2_PLACEMENT_3D('',#14047,#14048,#14049);
#14047 = CARTESIAN_POINT('',(0.,-2.75,6.4));
#14048 = DIRECTION('',(0.,1.,0.));
#14049 = DIRECTION('',(-0.,0.,-1.));
#14050 = PCURVE('',#12838,#14051);
#14051 = DEFINITIONAL_REPRESENTATION('',(#14052),#14056);
#14052 = ( BOUNDED_CURVE() B_SPLINE_CURVE(2,(#14053,#14054,#14055),
.UNSPECIFIED.,.F.,.F.) B_SPLINE_CURVE_WITH_KNOTS((3,3),(-1.204971208168,
-1.046967915003),.PIECEWISE_BEZIER_KNOTS.) CURVE() 
GEOMETRIC_REPRESENTATION_ITEM() RATIONAL_B_SPLINE_CURVE((1.,
1.003122253474,1.)) REPRESENTATION_ITEM('') );
#14053 = CARTESIAN_POINT('',(0.6,9.175823272123));
#14054 = CARTESIAN_POINT('',(0.929212299272,8.781634775844));
#14055 = CARTESIAN_POINT('',(1.2,8.434748899119));
#14056 = ( GEOMETRIC_REPRESENTATION_CONTEXT(2) 
PARAMETRIC_REPRESENTATION_CONTEXT() REPRESENTATION_CONTEXT('2D SPACE',''
  ) );
#14057 = PCURVE('',#12810,#14058);
#14058 = DEFINITIONAL_REPRESENTATION('',(#14059),#14066);
#14059 = B_SPLINE_CURVE_WITH_KNOTS('',5,(#14060,#14061,#14062,#14063,
    #14064,#14065),.UNSPECIFIED.,.F.,.F.,(6,6),(-1.204971208168,
    -1.046967915003),.PIECEWISE_BEZIER_KNOTS.);
#14060 = CARTESIAN_POINT('',(-5.700821069311,-6.661338147751E-16));
#14061 = CARTESIAN_POINT('',(-5.683440707063,-0.131958765734));
#14062 = CARTESIAN_POINT('',(-5.665486970793,-0.257676273539));
#14063 = CARTESIAN_POINT('',(-5.646945586074,-0.377427038356));
#14064 = CARTESIAN_POINT('',(-5.627804185888,-0.491459672549));
#14065 = CARTESIAN_POINT('',(-5.608053774243,-0.6));
#14066 = ( GEOMETRIC_REPRESENTATION_CONTEXT(2) 
PARAMETRIC_REPRESENTATION_CONTEXT() REPRESENTATION_CONTEXT('2D SPACE',''
  ) );
#14067 = ORIENTED_EDGE('',*,*,#12822,.T.);
#14068 = ORIENTED_EDGE('',*,*,#14013,.T.);
#14069 = ORIENTED_EDGE('',*,*,#13552,.F.);
#14070 = ADVANCED_FACE('',(#14071),#12810,.T.);
#14071 = FACE_BOUND('',#14072,.T.);
#14072 = EDGE_LOOP('',(#14073,#14074,#14075,#14076));
#14073 = ORIENTED_EDGE('',*,*,#13492,.T.);
#14074 = ORIENTED_EDGE('',*,*,#14043,.T.);
#14075 = ORIENTED_EDGE('',*,*,#12793,.F.);
#14076 = ORIENTED_EDGE('',*,*,#12941,.T.);
#14077 = ( GEOMETRIC_REPRESENTATION_CONTEXT(3) 
GLOBAL_UNCERTAINTY_ASSIGNED_CONTEXT((#14081)) 
GLOBAL_UNIT_ASSIGNED_CONTEXT((#14078,#14079,#14080)) 
REPRESENTATION_CONTEXT('Context #1',
  '3D Context with UNIT and UNCERTAINTY') );
#14078 = ( LENGTH_UNIT() NAMED_UNIT(*) SI_UNIT(.MILLI.,.METRE.) );
#14079 = ( NAMED_UNIT(*) PLANE_ANGLE_UNIT() SI_UNIT($,.RADIAN.) );
#14080 = ( NAMED_UNIT(*) SI_UNIT($,.STERADIAN.) SOLID_ANGLE_UNIT() );
#14081 = UNCERTAINTY_MEASURE_WITH_UNIT(LENGTH_MEASURE(5.E-07),#14078,
  'distance_accuracy_value','confusion accuracy');
#14082 = CONTEXT_DEPENDENT_SHAPE_REPRESENTATION(#14083,#14085);
#14083 = ( REPRESENTATION_RELATIONSHIP('','',#9650,#10) 
REPRESENTATION_RELATIONSHIP_WITH_TRANSFORMATION(#14084) 
SHAPE_REPRESENTATION_RELATIONSHIP() );
#14084 = ITEM_DEFINED_TRANSFORMATION('','',#11,#39);
#14085 = PRODUCT_DEFINITION_SHAPE('Placement','Placement of an item',
  #14086);
#14086 = NEXT_ASSEMBLY_USAGE_OCCURRENCE('7','Ground','',#5,#9645,$);
#14087 = PRODUCT_RELATED_PRODUCT_CATEGORY('part',$,(#9647));
#14088 = SHAPE_DEFINITION_REPRESENTATION(#14089,#14095);
#14089 = PRODUCT_DEFINITION_SHAPE('','',#14090);
#14090 = PRODUCT_DEFINITION('design','',#14091,#14094);
#14091 = PRODUCT_DEFINITION_FORMATION('','',#14092);
#14092 = PRODUCT('rocker','rocker','',(#14093));
#14093 = PRODUCT_CONTEXT('',#2,'mechanical');
#14094 = PRODUCT_DEFINITION_CONTEXT('part definition',#2,'design');
#14095 = ADVANCED_BREP_SHAPE_REPRESENTATION('',(#11,#14096),#18522);
#14096 = MANIFOLD_SOLID_BREP('',#14097);
#14097 = CLOSED_SHELL('',(#14098,#14570,#14706,#14760,#14814,#14889,
    #14964,#15237,#15505,#15584,#15663,#15717,#15771,#15845,#15895,
    #16159,#16403,#16453,#16671,#16765,#16955,#16982,#17009,#17036,
    #17063,#17117,#17357,#17431,#17481,#17528,#17556,#17583,#17610,
    #17642,#17716,#17766,#17813,#17841,#17963,#18085,#18156,#18183,
    #18254,#18261,#18288,#18359,#18366,#18373,#18380,#18411,#18444,
    #18451,#18482,#18515));
#14098 = ADVANCED_FACE('',(#14099,#14446,#14477,#14508,#14539),#14113,
  .F.);
#14099 = FACE_BOUND('',#14100,.F.);
#14100 = EDGE_LOOP('',(#14101,#14136,#14165,#14193,#14221,#14249,#14278,
    #14306,#14335,#14363,#14391,#14419));
#14101 = ORIENTED_EDGE('',*,*,#14102,.F.);
#14102 = EDGE_CURVE('',#14103,#14105,#14107,.T.);
#14103 = VERTEX_POINT('',#14104);
#14104 = CARTESIAN_POINT('',(3.434748899119,2.75,-2.));
#14105 = VERTEX_POINT('',#14106);
#14106 = CARTESIAN_POINT('',(31.565251100881,2.75,-2.));
#14107 = SURFACE_CURVE('',#14108,(#14112,#14124),.PCURVE_S1.);
#14108 = LINE('',#14109,#14110);
#14109 = CARTESIAN_POINT('',(-5.,2.75,-2.));
#14110 = VECTOR('',#14111,1.);
#14111 = DIRECTION('',(1.,0.,-0.));
#14112 = PCURVE('',#14113,#14118);
#14113 = PLANE('',#14114);
#14114 = AXIS2_PLACEMENT_3D('',#14115,#14116,#14117);
#14115 = CARTESIAN_POINT('',(0.,0.,-2.));
#14116 = DIRECTION('',(0.,0.,1.));
#14117 = DIRECTION('',(1.,0.,-0.));
#14118 = DEFINITIONAL_REPRESENTATION('',(#14119),#14123);
#14119 = LINE('',#14120,#14121);
#14120 = CARTESIAN_POINT('',(-5.,2.75));
#14121 = VECTOR('',#14122,1.);
#14122 = DIRECTION('',(1.,0.));
#14123 = ( GEOMETRIC_REPRESENTATION_CONTEXT(2) 
PARAMETRIC_REPRESENTATION_CONTEXT() REPRESENTATION_CONTEXT('2D SPACE',''
  ) );
#14124 = PCURVE('',#14125,#14130);
#14125 = PLANE('',#14126);
#14126 = AXIS2_PLACEMENT_3D('',#14127,#14128,#14129);
#14127 = CARTESIAN_POINT('',(-5.,2.75,-2.));
#14128 = DIRECTION('',(-0.,1.,0.));
#14129 = DIRECTION('',(0.,0.,1.));
#14130 = DEFINITIONAL_REPRESENTATION('',(#14131),#14135);
#14131 = LINE('',#14132,#14133);
#14132 = CARTESIAN_POINT('',(0.,0.));
#14133 = VECTOR('',#14134,1.);
#14134 = DIRECTION('',(0.,1.));
#14135 = ( GEOMETRIC_REPRESENTATION_CONTEXT(2) 
PARAMETRIC_REPRESENTATION_CONTEXT() REPRESENTATION_CONTEXT('2D SPACE',''
  ) );
#14136 = ORIENTED_EDGE('',*,*,#14137,.T.);
#14137 = EDGE_CURVE('',#14103,#14138,#14140,.T.);
#14138 = VERTEX_POINT('',#14139);
#14139 = CARTESIAN_POINT('',(-3.434748899119,2.75,-2.));
#14140 = SURFACE_CURVE('',#14141,(#14146,#14153),.PCURVE_S1.);
#14141 = CIRCLE('',#14142,4.4);
#14142 = AXIS2_PLACEMENT_3D('',#14143,#14144,#14145);
#14143 = CARTESIAN_POINT('',(0.,0.,-2.));
#14144 = DIRECTION('',(0.,0.,1.));
#14145 = DIRECTION('',(1.,0.,-0.));
#14146 = PCURVE('',#14113,#14147);
#14147 = DEFINITIONAL_REPRESENTATION('',(#14148),#14152);
#14148 = CIRCLE('',#14149,4.4);
#14149 = AXIS2_PLACEMENT_2D('',#14150,#14151);
#14150 = CARTESIAN_POINT('',(0.,0.));
#14151 = DIRECTION('',(1.,0.));
#14152 = ( GEOMETRIC_REPRESENTATION_CONTEXT(2) 
PARAMETRIC_REPRESENTATION_CONTEXT() REPRESENTATION_CONTEXT('2D SPACE',''
  ) );
#14153 = PCURVE('',#14154,#14159);
#14154 = CONICAL_SURFACE('',#14155,5.,0.785398163397);
#14155 = AXIS2_PLACEMENT_3D('',#14156,#14157,#14158);
#14156 = CARTESIAN_POINT('',(0.,0.,-1.4));
#14157 = DIRECTION('',(0.,0.,1.));
#14158 = DIRECTION('',(1.,0.,-0.));
#14159 = DEFINITIONAL_REPRESENTATION('',(#14160),#14164);
#14160 = LINE('',#14161,#14162);
#14161 = CARTESIAN_POINT('',(0.,-0.6));
#14162 = VECTOR('',#14163,1.);
#14163 = DIRECTION('',(1.,-0.));
#14164 = ( GEOMETRIC_REPRESENTATION_CONTEXT(2) 
PARAMETRIC_REPRESENTATION_CONTEXT() REPRESENTATION_CONTEXT('2D SPACE',''
  ) );
#14165 = ORIENTED_EDGE('',*,*,#14166,.F.);
#14166 = EDGE_CURVE('',#14167,#14138,#14169,.T.);
#14167 = VERTEX_POINT('',#14168);
#14168 = CARTESIAN_POINT('',(-5.,2.75,-2.));
#14169 = SURFACE_CURVE('',#14170,(#14174,#14181),.PCURVE_S1.);
#14170 = LINE('',#14171,#14172);
#14171 = CARTESIAN_POINT('',(-5.,2.75,-2.));
#14172 = VECTOR('',#14173,1.);
#14173 = DIRECTION('',(1.,0.,-0.));
#14174 = PCURVE('',#14113,#14175);
#14175 = DEFINITIONAL_REPRESENTATION('',(#14176),#14180);
#14176 = LINE('',#14177,#14178);
#14177 = CARTESIAN_POINT('',(-5.,2.75));
#14178 = VECTOR('',#14179,1.);
#14179 = DIRECTION('',(1.,0.));
#14180 = ( GEOMETRIC_REPRESENTATION_CONTEXT(2) 
PARAMETRIC_REPRESENTATION_CONTEXT() REPRESENTATION_CONTEXT('2D SPACE',''
  ) );
#14181 = PCURVE('',#14182,#14187);
#14182 = PLANE('',#14183);
#14183 = AXIS2_PLACEMENT_3D('',#14184,#14185,#14186);
#14184 = CARTESIAN_POINT('',(-5.,2.75,-2.));
#14185 = DIRECTION('',(-0.,1.,0.));
#14186 = DIRECTION('',(0.,0.,1.));
#14187 = DEFINITIONAL_REPRESENTATION('',(#14188),#14192);
#14188 = LINE('',#14189,#14190);
#14189 = CARTESIAN_POINT('',(0.,0.));
#14190 = VECTOR('',#14191,1.);
#14191 = DIRECTION('',(0.,1.));
#14192 = ( GEOMETRIC_REPRESENTATION_CONTEXT(2) 
PARAMETRIC_REPRESENTATION_CONTEXT() REPRESENTATION_CONTEXT('2D SPACE',''
  ) );
#14193 = ORIENTED_EDGE('',*,*,#14194,.F.);
#14194 = EDGE_CURVE('',#14195,#14167,#14197,.T.);
#14195 = VERTEX_POINT('',#14196);
#14196 = CARTESIAN_POINT('',(-5.,-2.75,-2.));
#14197 = SURFACE_CURVE('',#14198,(#14202,#14209),.PCURVE_S1.);
#14198 = LINE('',#14199,#14200);
#14199 = CARTESIAN_POINT('',(-5.,-2.75,-2.));
#14200 = VECTOR('',#14201,1.);
#14201 = DIRECTION('',(-0.,1.,0.));
#14202 = PCURVE('',#14113,#14203);
#14203 = DEFINITIONAL_REPRESENTATION('',(#14204),#14208);
#14204 = LINE('',#14205,#14206);
#14205 = CARTESIAN_POINT('',(-5.,-2.75));
#14206 = VECTOR('',#14207,1.);
#14207 = DIRECTION('',(0.,1.));
#14208 = ( GEOMETRIC_REPRESENTATION_CONTEXT(2) 
PARAMETRIC_REPRESENTATION_CONTEXT() REPRESENTATION_CONTEXT('2D SPACE',''
  ) );
#14209 = PCURVE('',#14210,#14215);
#14210 = PLANE('',#14211);
#14211 = AXIS2_PLACEMENT_3D('',#14212,#14213,#14214);
#14212 = CARTESIAN_POINT('',(-5.,-2.75,-2.));
#14213 = DIRECTION('',(1.,0.,-0.));
#14214 = DIRECTION('',(0.,0.,1.));
#14215 = DEFINITIONAL_REPRESENTATION('',(#14216),#14220);
#14216 = LINE('',#14217,#14218);
#14217 = CARTESIAN_POINT('',(0.,0.));
#14218 = VECTOR('',#14219,1.);
#14219 = DIRECTION('',(0.,-1.));
#14220 = ( GEOMETRIC_REPRESENTATION_CONTEXT(2) 
PARAMETRIC_REPRESENTATION_CONTEXT() REPRESENTATION_CONTEXT('2D SPACE',''
  ) );
#14221 = ORIENTED_EDGE('',*,*,#14222,.T.);
#14222 = EDGE_CURVE('',#14195,#14223,#14225,.T.);
#14223 = VERTEX_POINT('',#14224);
#14224 = CARTESIAN_POINT('',(-3.434748899119,-2.75,-2.));
#14225 = SURFACE_CURVE('',#14226,(#14230,#14237),.PCURVE_S1.);
#14226 = LINE('',#14227,#14228);
#14227 = CARTESIAN_POINT('',(-5.,-2.75,-2.));
#14228 = VECTOR('',#14229,1.);
#14229 = DIRECTION('',(1.,0.,-0.));
#14230 = PCURVE('',#14113,#14231);
#14231 = DEFINITIONAL_REPRESENTATION('',(#14232),#14236);
#14232 = LINE('',#14233,#14234);
#14233 = CARTESIAN_POINT('',(-5.,-2.75));
#14234 = VECTOR('',#14235,1.);
#14235 = DIRECTION('',(1.,0.));
#14236 = ( GEOMETRIC_REPRESENTATION_CONTEXT(2) 
PARAMETRIC_REPRESENTATION_CONTEXT() REPRESENTATION_CONTEXT('2D SPACE',''
  ) );
#14237 = PCURVE('',#14238,#14243);
#14238 = PLANE('',#14239);
#14239 = AXIS2_PLACEMENT_3D('',#14240,#14241,#14242);
#14240 = CARTESIAN_POINT('',(-5.,-2.75,-2.));
#14241 = DIRECTION('',(-0.,1.,0.));
#14242 = DIRECTION('',(0.,0.,1.));
#14243 = DEFINITIONAL_REPRESENTATION('',(#14244),#14248);
#14244 = LINE('',#14245,#14246);
#14245 = CARTESIAN_POINT('',(0.,0.));
#14246 = VECTOR('',#14247,1.);
#14247 = DIRECTION('',(0.,1.));
#14248 = ( GEOMETRIC_REPRESENTATION_CONTEXT(2) 
PARAMETRIC_REPRESENTATION_CONTEXT() REPRESENTATION_CONTEXT('2D SPACE',''
  ) );
#14249 = ORIENTED_EDGE('',*,*,#14250,.T.);
#14250 = EDGE_CURVE('',#14223,#14251,#14253,.T.);
#14251 = VERTEX_POINT('',#14252);
#14252 = CARTESIAN_POINT('',(3.434748899119,-2.75,-2.));
#14253 = SURFACE_CURVE('',#14254,(#14259,#14266),.PCURVE_S1.);
#14254 = CIRCLE('',#14255,4.4);
#14255 = AXIS2_PLACEMENT_3D('',#14256,#14257,#14258);
#14256 = CARTESIAN_POINT('',(0.,0.,-2.));
#14257 = DIRECTION('',(0.,0.,1.));
#14258 = DIRECTION('',(1.,0.,-0.));
#14259 = PCURVE('',#14113,#14260);
#14260 = DEFINITIONAL_REPRESENTATION('',(#14261),#14265);
#14261 = CIRCLE('',#14262,4.4);
#14262 = AXIS2_PLACEMENT_2D('',#14263,#14264);
#14263 = CARTESIAN_POINT('',(0.,0.));
#14264 = DIRECTION('',(1.,0.));
#14265 = ( GEOMETRIC_REPRESENTATION_CONTEXT(2) 
PARAMETRIC_REPRESENTATION_CONTEXT() REPRESENTATION_CONTEXT('2D SPACE',''
  ) );
#14266 = PCURVE('',#14267,#14272);
#14267 = CONICAL_SURFACE('',#14268,5.,0.785398163397);
#14268 = AXIS2_PLACEMENT_3D('',#14269,#14270,#14271);
#14269 = CARTESIAN_POINT('',(0.,0.,-1.4));
#14270 = DIRECTION('',(0.,0.,1.));
#14271 = DIRECTION('',(1.,0.,-0.));
#14272 = DEFINITIONAL_REPRESENTATION('',(#14273),#14277);
#14273 = LINE('',#14274,#14275);
#14274 = CARTESIAN_POINT('',(0.,-0.6));
#14275 = VECTOR('',#14276,1.);
#14276 = DIRECTION('',(1.,-0.));
#14277 = ( GEOMETRIC_REPRESENTATION_CONTEXT(2) 
PARAMETRIC_REPRESENTATION_CONTEXT() REPRESENTATION_CONTEXT('2D SPACE',''
  ) );
#14278 = ORIENTED_EDGE('',*,*,#14279,.T.);
#14279 = EDGE_CURVE('',#14251,#14280,#14282,.T.);
#14280 = VERTEX_POINT('',#14281);
#14281 = CARTESIAN_POINT('',(31.565251100881,-2.75,-2.));
#14282 = SURFACE_CURVE('',#14283,(#14287,#14294),.PCURVE_S1.);
#14283 = LINE('',#14284,#14285);
#14284 = CARTESIAN_POINT('',(-5.,-2.75,-2.));
#14285 = VECTOR('',#14286,1.);
#14286 = DIRECTION('',(1.,0.,-0.));
#14287 = PCURVE('',#14113,#14288);
#14288 = DEFINITIONAL_REPRESENTATION('',(#14289),#14293);
#14289 = LINE('',#14290,#14291);
#14290 = CARTESIAN_POINT('',(-5.,-2.75));
#14291 = VECTOR('',#14292,1.);
#14292 = DIRECTION('',(1.,0.));
#14293 = ( GEOMETRIC_REPRESENTATION_CONTEXT(2) 
PARAMETRIC_REPRESENTATION_CONTEXT() REPRESENTATION_CONTEXT('2D SPACE',''
  ) );
#14294 = PCURVE('',#14295,#14300);
#14295 = PLANE('',#14296);
#14296 = AXIS2_PLACEMENT_3D('',#14297,#14298,#14299);
#14297 = CARTESIAN_POINT('',(-5.,-2.75,-2.));
#14298 = DIRECTION('',(-0.,1.,0.));
#14299 = DIRECTION('',(0.,0.,1.));
#14300 = DEFINITIONAL_REPRESENTATION('',(#14301),#14305);
#14301 = LINE('',#14302,#14303);
#14302 = CARTESIAN_POINT('',(0.,0.));
#14303 = VECTOR('',#14304,1.);
#14304 = DIRECTION('',(0.,1.));
#14305 = ( GEOMETRIC_REPRESENTATION_CONTEXT(2) 
PARAMETRIC_REPRESENTATION_CONTEXT() REPRESENTATION_CONTEXT('2D SPACE',''
  ) );
#14306 = ORIENTED_EDGE('',*,*,#14307,.T.);
#14307 = EDGE_CURVE('',#14280,#14308,#14310,.T.);
#14308 = VERTEX_POINT('',#14309);
#14309 = CARTESIAN_POINT('',(38.434748899119,-2.75,-2.));
#14310 = SURFACE_CURVE('',#14311,(#14316,#14323),.PCURVE_S1.);
#14311 = CIRCLE('',#14312,4.4);
#14312 = AXIS2_PLACEMENT_3D('',#14313,#14314,#14315);
#14313 = CARTESIAN_POINT('',(35.,0.,-2.));
#14314 = DIRECTION('',(0.,0.,1.));
#14315 = DIRECTION('',(1.,0.,-0.));
#14316 = PCURVE('',#14113,#14317);
#14317 = DEFINITIONAL_REPRESENTATION('',(#14318),#14322);
#14318 = CIRCLE('',#14319,4.4);
#14319 = AXIS2_PLACEMENT_2D('',#14320,#14321);
#14320 = CARTESIAN_POINT('',(35.,0.));
#14321 = DIRECTION('',(1.,0.));
#14322 = ( GEOMETRIC_REPRESENTATION_CONTEXT(2) 
PARAMETRIC_REPRESENTATION_CONTEXT() REPRESENTATION_CONTEXT('2D SPACE',''
  ) );
#14323 = PCURVE('',#14324,#14329);
#14324 = CONICAL_SURFACE('',#14325,5.,0.785398163397);
#14325 = AXIS2_PLACEMENT_3D('',#14326,#14327,#14328);
#14326 = CARTESIAN_POINT('',(35.,0.,-1.4));
#14327 = DIRECTION('',(0.,0.,1.));
#14328 = DIRECTION('',(1.,0.,-0.));
#14329 = DEFINITIONAL_REPRESENTATION('',(#14330),#14334);
#14330 = LINE('',#14331,#14332);
#14331 = CARTESIAN_POINT('',(0.,-0.6));
#14332 = VECTOR('',#14333,1.);
#14333 = DIRECTION('',(1.,-0.));
#14334 = ( GEOMETRIC_REPRESENTATION_CONTEXT(2) 
PARAMETRIC_REPRESENTATION_CONTEXT() REPRESENTATION_CONTEXT('2D SPACE',''
  ) );
#14335 = ORIENTED_EDGE('',*,*,#14336,.T.);
#14336 = EDGE_CURVE('',#14308,#14337,#14339,.T.);
#14337 = VERTEX_POINT('',#14338);
#14338 = CARTESIAN_POINT('',(40.,-2.75,-2.));
#14339 = SURFACE_CURVE('',#14340,(#14344,#14351),.PCURVE_S1.);
#14340 = LINE('',#14341,#14342);
#14341 = CARTESIAN_POINT('',(-5.,-2.75,-2.));
#14342 = VECTOR('',#14343,1.);
#14343 = DIRECTION('',(1.,0.,-0.));
#14344 = PCURVE('',#14113,#14345);
#14345 = DEFINITIONAL_REPRESENTATION('',(#14346),#14350);
#14346 = LINE('',#14347,#14348);
#14347 = CARTESIAN_POINT('',(-5.,-2.75));
#14348 = VECTOR('',#14349,1.);
#14349 = DIRECTION('',(1.,0.));
#14350 = ( GEOMETRIC_REPRESENTATION_CONTEXT(2) 
PARAMETRIC_REPRESENTATION_CONTEXT() REPRESENTATION_CONTEXT('2D SPACE',''
  ) );
#14351 = PCURVE('',#14352,#14357);
#14352 = PLANE('',#14353);
#14353 = AXIS2_PLACEMENT_3D('',#14354,#14355,#14356);
#14354 = CARTESIAN_POINT('',(-5.,-2.75,-2.));
#14355 = DIRECTION('',(-0.,1.,0.));
#14356 = DIRECTION('',(0.,0.,1.));
#14357 = DEFINITIONAL_REPRESENTATION('',(#14358),#14362);
#14358 = LINE('',#14359,#14360);
#14359 = CARTESIAN_POINT('',(0.,0.));
#14360 = VECTOR('',#14361,1.);
#14361 = DIRECTION('',(0.,1.));
#14362 = ( GEOMETRIC_REPRESENTATION_CONTEXT(2) 
PARAMETRIC_REPRESENTATION_CONTEXT() REPRESENTATION_CONTEXT('2D SPACE',''
  ) );
#14363 = ORIENTED_EDGE('',*,*,#14364,.T.);
#14364 = EDGE_CURVE('',#14337,#14365,#14367,.T.);
#14365 = VERTEX_POINT('',#14366);
#14366 = CARTESIAN_POINT('',(40.,2.75,-2.));
#14367 = SURFACE_CURVE('',#14368,(#14372,#14379),.PCURVE_S1.);
#14368 = LINE('',#14369,#14370);
#14369 = CARTESIAN_POINT('',(40.,-2.75,-2.));
#14370 = VECTOR('',#14371,1.);
#14371 = DIRECTION('',(-0.,1.,0.));
#14372 = PCURVE('',#14113,#14373);
#14373 = DEFINITIONAL_REPRESENTATION('',(#14374),#14378);
#14374 = LINE('',#14375,#14376);
#14375 = CARTESIAN_POINT('',(40.,-2.75));
#14376 = VECTOR('',#14377,1.);
#14377 = DIRECTION('',(0.,1.));
#14378 = ( GEOMETRIC_REPRESENTATION_CONTEXT(2) 
PARAMETRIC_REPRESENTATION_CONTEXT() REPRESENTATION_CONTEXT('2D SPACE',''
  ) );
#14379 = PCURVE('',#14380,#14385);
#14380 = PLANE('',#14381);
#14381 = AXIS2_PLACEMENT_3D('',#14382,#14383,#14384);
#14382 = CARTESIAN_POINT('',(40.,-2.75,-2.));
#14383 = DIRECTION('',(1.,0.,-0.));
#14384 = DIRECTION('',(0.,0.,1.));
#14385 = DEFINITIONAL_REPRESENTATION('',(#14386),#14390);
#14386 = LINE('',#14387,#14388);
#14387 = CARTESIAN_POINT('',(0.,0.));
#14388 = VECTOR('',#14389,1.);
#14389 = DIRECTION('',(0.,-1.));
#14390 = ( GEOMETRIC_REPRESENTATION_CONTEXT(2) 
PARAMETRIC_REPRESENTATION_CONTEXT() REPRESENTATION_CONTEXT('2D SPACE',''
  ) );
#14391 = ORIENTED_EDGE('',*,*,#14392,.F.);
#14392 = EDGE_CURVE('',#14393,#14365,#14395,.T.);
#14393 = VERTEX_POINT('',#14394);
#14394 = CARTESIAN_POINT('',(38.434748899119,2.75,-2.));
#14395 = SURFACE_CURVE('',#14396,(#14400,#14407),.PCURVE_S1.);
#14396 = LINE('',#14397,#14398);
#14397 = CARTESIAN_POINT('',(-5.,2.75,-2.));
#14398 = VECTOR('',#14399,1.);
#14399 = DIRECTION('',(1.,0.,-0.));
#14400 = PCURVE('',#14113,#14401);
#14401 = DEFINITIONAL_REPRESENTATION('',(#14402),#14406);
#14402 = LINE('',#14403,#14404);
#14403 = CARTESIAN_POINT('',(-5.,2.75));
#14404 = VECTOR('',#14405,1.);
#14405 = DIRECTION('',(1.,0.));
#14406 = ( GEOMETRIC_REPRESENTATION_CONTEXT(2) 
PARAMETRIC_REPRESENTATION_CONTEXT() REPRESENTATION_CONTEXT('2D SPACE',''
  ) );
#14407 = PCURVE('',#14408,#14413);
#14408 = PLANE('',#14409);
#14409 = AXIS2_PLACEMENT_3D('',#14410,#14411,#14412);
#14410 = CARTESIAN_POINT('',(-5.,2.75,-2.));
#14411 = DIRECTION('',(-0.,1.,0.));
#14412 = DIRECTION('',(0.,0.,1.));
#14413 = DEFINITIONAL_REPRESENTATION('',(#14414),#14418);
#14414 = LINE('',#14415,#14416);
#14415 = CARTESIAN_POINT('',(0.,0.));
#14416 = VECTOR('',#14417,1.);
#14417 = DIRECTION('',(0.,1.));
#14418 = ( GEOMETRIC_REPRESENTATION_CONTEXT(2) 
PARAMETRIC_REPRESENTATION_CONTEXT() REPRESENTATION_CONTEXT('2D SPACE',''
  ) );
#14419 = ORIENTED_EDGE('',*,*,#14420,.T.);
#14420 = EDGE_CURVE('',#14393,#14105,#14421,.T.);
#14421 = SURFACE_CURVE('',#14422,(#14427,#14434),.PCURVE_S1.);
#14422 = CIRCLE('',#14423,4.4);
#14423 = AXIS2_PLACEMENT_3D('',#14424,#14425,#14426);
#14424 = CARTESIAN_POINT('',(35.,0.,-2.));
#14425 = DIRECTION('',(0.,0.,1.));
#14426 = DIRECTION('',(1.,0.,-0.));
#14427 = PCURVE('',#14113,#14428);
#14428 = DEFINITIONAL_REPRESENTATION('',(#14429),#14433);
#14429 = CIRCLE('',#14430,4.4);
#14430 = AXIS2_PLACEMENT_2D('',#14431,#14432);
#14431 = CARTESIAN_POINT('',(35.,0.));
#14432 = DIRECTION('',(1.,0.));
#14433 = ( GEOMETRIC_REPRESENTATION_CONTEXT(2) 
PARAMETRIC_REPRESENTATION_CONTEXT() REPRESENTATION_CONTEXT('2D SPACE',''
  ) );
#14434 = PCURVE('',#14435,#14440);
#14435 = CONICAL_SURFACE('',#14436,5.,0.785398163397);
#14436 = AXIS2_PLACEMENT_3D('',#14437,#14438,#14439);
#14437 = CARTESIAN_POINT('',(35.,0.,-1.4));
#14438 = DIRECTION('',(0.,0.,1.));
#14439 = DIRECTION('',(1.,0.,-0.));
#14440 = DEFINITIONAL_REPRESENTATION('',(#14441),#14445);
#14441 = LINE('',#14442,#14443);
#14442 = CARTESIAN_POINT('',(0.,-0.6));
#14443 = VECTOR('',#14444,1.);
#14444 = DIRECTION('',(1.,-0.));
#14445 = ( GEOMETRIC_REPRESENTATION_CONTEXT(2) 
PARAMETRIC_REPRESENTATION_CONTEXT() REPRESENTATION_CONTEXT('2D SPACE',''
  ) );
#14446 = FACE_BOUND('',#14447,.F.);
#14447 = EDGE_LOOP('',(#14448));
#14448 = ORIENTED_EDGE('',*,*,#14449,.F.);
#14449 = EDGE_CURVE('',#14450,#14450,#14452,.T.);
#14450 = VERTEX_POINT('',#14451);
#14451 = CARTESIAN_POINT('',(2.05,-5.021051876504E-16,-2.));
#14452 = SURFACE_CURVE('',#14453,(#14458,#14465),.PCURVE_S1.);
#14453 = CIRCLE('',#14454,2.05);
#14454 = AXIS2_PLACEMENT_3D('',#14455,#14456,#14457);
#14455 = CARTESIAN_POINT('',(0.,0.,-2.));
#14456 = DIRECTION('',(0.,0.,1.));
#14457 = DIRECTION('',(1.,0.,-0.));
#14458 = PCURVE('',#14113,#14459);
#14459 = DEFINITIONAL_REPRESENTATION('',(#14460),#14464);
#14460 = CIRCLE('',#14461,2.05);
#14461 = AXIS2_PLACEMENT_2D('',#14462,#14463);
#14462 = CARTESIAN_POINT('',(0.,0.));
#14463 = DIRECTION('',(1.,0.));
#14464 = ( GEOMETRIC_REPRESENTATION_CONTEXT(2) 
PARAMETRIC_REPRESENTATION_CONTEXT() REPRESENTATION_CONTEXT('2D SPACE',''
  ) );
#14465 = PCURVE('',#14466,#14471);
#14466 = CYLINDRICAL_SURFACE('',#14467,2.05);
#14467 = AXIS2_PLACEMENT_3D('',#14468,#14469,#14470);
#14468 = CARTESIAN_POINT('',(0.,0.,-3.));
#14469 = DIRECTION('',(0.,0.,1.));
#14470 = DIRECTION('',(1.,0.,-0.));
#14471 = DEFINITIONAL_REPRESENTATION('',(#14472),#14476);
#14472 = LINE('',#14473,#14474);
#14473 = CARTESIAN_POINT('',(0.,1.));
#14474 = VECTOR('',#14475,1.);
#14475 = DIRECTION('',(1.,0.));
#14476 = ( GEOMETRIC_REPRESENTATION_CONTEXT(2) 
PARAMETRIC_REPRESENTATION_CONTEXT() REPRESENTATION_CONTEXT('2D SPACE',''
  ) );
#14477 = FACE_BOUND('',#14478,.F.);
#14478 = EDGE_LOOP('',(#14479));
#14479 = ORIENTED_EDGE('',*,*,#14480,.F.);
#14480 = EDGE_CURVE('',#14481,#14481,#14483,.T.);
#14481 = VERTEX_POINT('',#14482);
#14482 = CARTESIAN_POINT('',(13.45,-5.388445916248E-16,-2.));
#14483 = SURFACE_CURVE('',#14484,(#14489,#14496),.PCURVE_S1.);
#14484 = CIRCLE('',#14485,2.2);
#14485 = AXIS2_PLACEMENT_3D('',#14486,#14487,#14488);
#14486 = CARTESIAN_POINT('',(11.25,0.,-2.));
#14487 = DIRECTION('',(0.,0.,1.));
#14488 = DIRECTION('',(1.,0.,-0.));
#14489 = PCURVE('',#14113,#14490);
#14490 = DEFINITIONAL_REPRESENTATION('',(#14491),#14495);
#14491 = CIRCLE('',#14492,2.2);
#14492 = AXIS2_PLACEMENT_2D('',#14493,#14494);
#14493 = CARTESIAN_POINT('',(11.25,0.));
#14494 = DIRECTION('',(1.,0.));
#14495 = ( GEOMETRIC_REPRESENTATION_CONTEXT(2) 
PARAMETRIC_REPRESENTATION_CONTEXT() REPRESENTATION_CONTEXT('2D SPACE',''
  ) );
#14496 = PCURVE('',#14497,#14502);
#14497 = CYLINDRICAL_SURFACE('',#14498,2.2);
#14498 = AXIS2_PLACEMENT_3D('',#14499,#14500,#14501);
#14499 = CARTESIAN_POINT('',(11.25,0.,-3.));
#14500 = DIRECTION('',(0.,0.,1.));
#14501 = DIRECTION('',(1.,0.,-0.));
#14502 = DEFINITIONAL_REPRESENTATION('',(#14503),#14507);
#14503 = LINE('',#14504,#14505);
#14504 = CARTESIAN_POINT('',(0.,1.));
#14505 = VECTOR('',#14506,1.);
#14506 = DIRECTION('',(1.,0.));
#14507 = ( GEOMETRIC_REPRESENTATION_CONTEXT(2) 
PARAMETRIC_REPRESENTATION_CONTEXT() REPRESENTATION_CONTEXT('2D SPACE',''
  ) );
#14508 = FACE_BOUND('',#14509,.F.);
#14509 = EDGE_LOOP('',(#14510));
#14510 = ORIENTED_EDGE('',*,*,#14511,.F.);
#14511 = EDGE_CURVE('',#14512,#14512,#14514,.T.);
#14512 = VERTEX_POINT('',#14513);
#14513 = CARTESIAN_POINT('',(25.95,-5.388445916248E-16,-2.));
#14514 = SURFACE_CURVE('',#14515,(#14520,#14527),.PCURVE_S1.);
#14515 = CIRCLE('',#14516,2.2);
#14516 = AXIS2_PLACEMENT_3D('',#14517,#14518,#14519);
#14517 = CARTESIAN_POINT('',(23.75,0.,-2.));
#14518 = DIRECTION('',(0.,0.,1.));
#14519 = DIRECTION('',(1.,0.,-0.));
#14520 = PCURVE('',#14113,#14521);
#14521 = DEFINITIONAL_REPRESENTATION('',(#14522),#14526);
#14522 = CIRCLE('',#14523,2.2);
#14523 = AXIS2_PLACEMENT_2D('',#14524,#14525);
#14524 = CARTESIAN_POINT('',(23.75,0.));
#14525 = DIRECTION('',(1.,0.));
#14526 = ( GEOMETRIC_REPRESENTATION_CONTEXT(2) 
PARAMETRIC_REPRESENTATION_CONTEXT() REPRESENTATION_CONTEXT('2D SPACE',''
  ) );
#14527 = PCURVE('',#14528,#14533);
#14528 = CYLINDRICAL_SURFACE('',#14529,2.2);
#14529 = AXIS2_PLACEMENT_3D('',#14530,#14531,#14532);
#14530 = CARTESIAN_POINT('',(23.75,0.,-3.));
#14531 = DIRECTION('',(0.,0.,1.));
#14532 = DIRECTION('',(1.,0.,-0.));
#14533 = DEFINITIONAL_REPRESENTATION('',(#14534),#14538);
#14534 = LINE('',#14535,#14536);
#14535 = CARTESIAN_POINT('',(0.,1.));
#14536 = VECTOR('',#14537,1.);
#14537 = DIRECTION('',(1.,0.));
#14538 = ( GEOMETRIC_REPRESENTATION_CONTEXT(2) 
PARAMETRIC_REPRESENTATION_CONTEXT() REPRESENTATION_CONTEXT('2D SPACE',''
  ) );
#14539 = FACE_BOUND('',#14540,.F.);
#14540 = EDGE_LOOP('',(#14541));
#14541 = ORIENTED_EDGE('',*,*,#14542,.F.);
#14542 = EDGE_CURVE('',#14543,#14543,#14545,.T.);
#14543 = VERTEX_POINT('',#14544);
#14544 = CARTESIAN_POINT('',(37.05,-5.021051876504E-16,-2.));
#14545 = SURFACE_CURVE('',#14546,(#14551,#14558),.PCURVE_S1.);
#14546 = CIRCLE('',#14547,2.05);
#14547 = AXIS2_PLACEMENT_3D('',#14548,#14549,#14550);
#14548 = CARTESIAN_POINT('',(35.,0.,-2.));
#14549 = DIRECTION('',(0.,0.,1.));
#14550 = DIRECTION('',(1.,0.,-0.));
#14551 = PCURVE('',#14113,#14552);
#14552 = DEFINITIONAL_REPRESENTATION('',(#14553),#14557);
#14553 = CIRCLE('',#14554,2.05);
#14554 = AXIS2_PLACEMENT_2D('',#14555,#14556);
#14555 = CARTESIAN_POINT('',(35.,0.));
#14556 = DIRECTION('',(1.,0.));
#14557 = ( GEOMETRIC_REPRESENTATION_CONTEXT(2) 
PARAMETRIC_REPRESENTATION_CONTEXT() REPRESENTATION_CONTEXT('2D SPACE',''
  ) );
#14558 = PCURVE('',#14559,#14564);
#14559 = CYLINDRICAL_SURFACE('',#14560,2.05);
#14560 = AXIS2_PLACEMENT_3D('',#14561,#14562,#14563);
#14561 = CARTESIAN_POINT('',(35.,0.,-3.));
#14562 = DIRECTION('',(0.,0.,1.));
#14563 = DIRECTION('',(1.,0.,-0.));
#14564 = DEFINITIONAL_REPRESENTATION('',(#14565),#14569);
#14565 = LINE('',#14566,#14567);
#14566 = CARTESIAN_POINT('',(0.,1.));
#14567 = VECTOR('',#14568,1.);
#14568 = DIRECTION('',(1.,0.));
#14569 = ( GEOMETRIC_REPRESENTATION_CONTEXT(2) 
PARAMETRIC_REPRESENTATION_CONTEXT() REPRESENTATION_CONTEXT('2D SPACE',''
  ) );
#14570 = ADVANCED_FACE('',(#14571),#14125,.T.);
#14571 = FACE_BOUND('',#14572,.T.);
#14572 = EDGE_LOOP('',(#14573,#14574,#14601,#14627,#14655,#14681));
#14573 = ORIENTED_EDGE('',*,*,#14102,.F.);
#14574 = ORIENTED_EDGE('',*,*,#14575,.T.);
#14575 = EDGE_CURVE('',#14103,#14576,#14578,.T.);
#14576 = VERTEX_POINT('',#14577);
#14577 = CARTESIAN_POINT('',(4.175823272123,2.75,-1.4));
#14578 = SURFACE_CURVE('',#14579,(#14584,#14591),.PCURVE_S1.);
#14579 = HYPERBOLA('',#14580,2.75,2.75);
#14580 = AXIS2_PLACEMENT_3D('',#14581,#14582,#14583);
#14581 = CARTESIAN_POINT('',(0.,2.75,-6.4));
#14582 = DIRECTION('',(-0.,1.,0.));
#14583 = DIRECTION('',(0.,0.,1.));
#14584 = PCURVE('',#14125,#14585);
#14585 = DEFINITIONAL_REPRESENTATION('',(#14586),#14590);
#14586 = ( BOUNDED_CURVE() B_SPLINE_CURVE(2,(#14587,#14588,#14589),
.UNSPECIFIED.,.F.,.F.) B_SPLINE_CURVE_WITH_KNOTS((3,3),(1.046967915003,
1.204971208168),.PIECEWISE_BEZIER_KNOTS.) CURVE() 
GEOMETRIC_REPRESENTATION_ITEM() RATIONAL_B_SPLINE_CURVE((1.,
1.003122253474,1.)) REPRESENTATION_ITEM('') );
#14587 = CARTESIAN_POINT('',(8.881784197001E-16,8.434748899119));
#14588 = CARTESIAN_POINT('',(0.270787700728,8.781634775844));
#14589 = CARTESIAN_POINT('',(0.6,9.175823272123));
#14590 = ( GEOMETRIC_REPRESENTATION_CONTEXT(2) 
PARAMETRIC_REPRESENTATION_CONTEXT() REPRESENTATION_CONTEXT('2D SPACE',''
  ) );
#14591 = PCURVE('',#14154,#14592);
#14592 = DEFINITIONAL_REPRESENTATION('',(#14593),#14600);
#14593 = B_SPLINE_CURVE_WITH_KNOTS('',5,(#14594,#14595,#14596,#14597,
    #14598,#14599),.UNSPECIFIED.,.F.,.F.,(6,6),(1.046967915003,
    1.204971208168),.PIECEWISE_BEZIER_KNOTS.);
#14594 = CARTESIAN_POINT('',(0.675131532937,-0.6));
#14595 = CARTESIAN_POINT('',(0.655381121291,-0.491459672549));
#14596 = CARTESIAN_POINT('',(0.636239721106,-0.377427038356));
#14597 = CARTESIAN_POINT('',(0.617698336386,-0.257676273539));
#14598 = CARTESIAN_POINT('',(0.599744600117,-0.131958765734));
#14599 = CARTESIAN_POINT('',(0.582364237869,-6.661338147751E-16));
#14600 = ( GEOMETRIC_REPRESENTATION_CONTEXT(2) 
PARAMETRIC_REPRESENTATION_CONTEXT() REPRESENTATION_CONTEXT('2D SPACE',''
  ) );
#14601 = ORIENTED_EDGE('',*,*,#14602,.T.);
#14602 = EDGE_CURVE('',#14576,#14603,#14605,.T.);
#14603 = VERTEX_POINT('',#14604);
#14604 = CARTESIAN_POINT('',(4.175823272123,2.75,-0.8));
#14605 = SURFACE_CURVE('',#14606,(#14610,#14616),.PCURVE_S1.);
#14606 = LINE('',#14607,#14608);
#14607 = CARTESIAN_POINT('',(4.175823272123,2.75,-2.));
#14608 = VECTOR('',#14609,1.);
#14609 = DIRECTION('',(0.,0.,1.));
#14610 = PCURVE('',#14125,#14611);
#14611 = DEFINITIONAL_REPRESENTATION('',(#14612),#14615);
#14612 = B_SPLINE_CURVE_WITH_KNOTS('',1,(#14613,#14614),.UNSPECIFIED.,
  .F.,.F.,(2,2),(0.599990345812,1.32),.PIECEWISE_BEZIER_KNOTS.);
#14613 = CARTESIAN_POINT('',(0.599990345812,9.175823272123));
#14614 = CARTESIAN_POINT('',(1.32,9.175823272123));
#14615 = ( GEOMETRIC_REPRESENTATION_CONTEXT(2) 
PARAMETRIC_REPRESENTATION_CONTEXT() REPRESENTATION_CONTEXT('2D SPACE',''
  ) );
#14616 = PCURVE('',#14617,#14622);
#14617 = CYLINDRICAL_SURFACE('',#14618,5.);
#14618 = AXIS2_PLACEMENT_3D('',#14619,#14620,#14621);
#14619 = CARTESIAN_POINT('',(0.,0.,-2.));
#14620 = DIRECTION('',(0.,0.,1.));
#14621 = DIRECTION('',(1.,0.,-0.));
#14622 = DEFINITIONAL_REPRESENTATION('',(#14623),#14626);
#14623 = B_SPLINE_CURVE_WITH_KNOTS('',1,(#14624,#14625),.UNSPECIFIED.,
  .F.,.F.,(2,2),(0.599990345812,1.32),.PIECEWISE_BEZIER_KNOTS.);
#14624 = CARTESIAN_POINT('',(0.582364237869,0.599990345812));
#14625 = CARTESIAN_POINT('',(0.582364237869,1.32));
#14626 = ( GEOMETRIC_REPRESENTATION_CONTEXT(2) 
PARAMETRIC_REPRESENTATION_CONTEXT() REPRESENTATION_CONTEXT('2D SPACE',''
  ) );
#14627 = ORIENTED_EDGE('',*,*,#14628,.T.);
#14628 = EDGE_CURVE('',#14603,#14629,#14631,.T.);
#14629 = VERTEX_POINT('',#14630);
#14630 = CARTESIAN_POINT('',(30.824176727878,2.75,-0.8));
#14631 = SURFACE_CURVE('',#14632,(#14636,#14643),.PCURVE_S1.);
#14632 = LINE('',#14633,#14634);
#14633 = CARTESIAN_POINT('',(-5.,2.75,-0.8));
#14634 = VECTOR('',#14635,1.);
#14635 = DIRECTION('',(1.,0.,-0.));
#14636 = PCURVE('',#14125,#14637);
#14637 = DEFINITIONAL_REPRESENTATION('',(#14638),#14642);
#14638 = LINE('',#14639,#14640);
#14639 = CARTESIAN_POINT('',(1.2,0.));
#14640 = VECTOR('',#14641,1.);
#14641 = DIRECTION('',(0.,1.));
#14642 = ( GEOMETRIC_REPRESENTATION_CONTEXT(2) 
PARAMETRIC_REPRESENTATION_CONTEXT() REPRESENTATION_CONTEXT('2D SPACE',''
  ) );
#14643 = PCURVE('',#14644,#14649);
#14644 = PLANE('',#14645);
#14645 = AXIS2_PLACEMENT_3D('',#14646,#14647,#14648);
#14646 = CARTESIAN_POINT('',(-5.,-2.75,-0.8));
#14647 = DIRECTION('',(0.,0.,1.));
#14648 = DIRECTION('',(1.,0.,-0.));
#14649 = DEFINITIONAL_REPRESENTATION('',(#14650),#14654);
#14650 = LINE('',#14651,#14652);
#14651 = CARTESIAN_POINT('',(0.,5.5));
#14652 = VECTOR('',#14653,1.);
#14653 = DIRECTION('',(1.,0.));
#14654 = ( GEOMETRIC_REPRESENTATION_CONTEXT(2) 
PARAMETRIC_REPRESENTATION_CONTEXT() REPRESENTATION_CONTEXT('2D SPACE',''
  ) );
#14655 = ORIENTED_EDGE('',*,*,#14656,.F.);
#14656 = EDGE_CURVE('',#14657,#14629,#14659,.T.);
#14657 = VERTEX_POINT('',#14658);
#14658 = CARTESIAN_POINT('',(30.824176727878,2.75,-1.4));
#14659 = SURFACE_CURVE('',#14660,(#14664,#14670),.PCURVE_S1.);
#14660 = LINE('',#14661,#14662);
#14661 = CARTESIAN_POINT('',(30.824176727877,2.75,-2.));
#14662 = VECTOR('',#14663,1.);
#14663 = DIRECTION('',(0.,0.,1.));
#14664 = PCURVE('',#14125,#14665);
#14665 = DEFINITIONAL_REPRESENTATION('',(#14666),#14669);
#14666 = B_SPLINE_CURVE_WITH_KNOTS('',1,(#14667,#14668),.UNSPECIFIED.,
  .F.,.F.,(2,2),(0.599990345812,1.32),.PIECEWISE_BEZIER_KNOTS.);
#14667 = CARTESIAN_POINT('',(0.599990345812,35.824176727877));
#14668 = CARTESIAN_POINT('',(1.32,35.824176727877));
#14669 = ( GEOMETRIC_REPRESENTATION_CONTEXT(2) 
PARAMETRIC_REPRESENTATION_CONTEXT() REPRESENTATION_CONTEXT('2D SPACE',''
  ) );
#14670 = PCURVE('',#14671,#14676);
#14671 = CYLINDRICAL_SURFACE('',#14672,5.);
#14672 = AXIS2_PLACEMENT_3D('',#14673,#14674,#14675);
#14673 = CARTESIAN_POINT('',(35.,0.,-2.));
#14674 = DIRECTION('',(0.,0.,1.));
#14675 = DIRECTION('',(1.,0.,-0.));
#14676 = DEFINITIONAL_REPRESENTATION('',(#14677),#14680);
#14677 = B_SPLINE_CURVE_WITH_KNOTS('',1,(#14678,#14679),.UNSPECIFIED.,
  .F.,.F.,(2,2),(0.599990345812,1.32),.PIECEWISE_BEZIER_KNOTS.);
#14678 = CARTESIAN_POINT('',(2.559228415721,0.599990345812));
#14679 = CARTESIAN_POINT('',(2.559228415721,1.32));
#14680 = ( GEOMETRIC_REPRESENTATION_CONTEXT(2) 
PARAMETRIC_REPRESENTATION_CONTEXT() REPRESENTATION_CONTEXT('2D SPACE',''
  ) );
#14681 = ORIENTED_EDGE('',*,*,#14682,.T.);
#14682 = EDGE_CURVE('',#14657,#14105,#14683,.T.);
#14683 = SURFACE_CURVE('',#14684,(#14689,#14696),.PCURVE_S1.);
#14684 = HYPERBOLA('',#14685,2.75,2.75);
#14685 = AXIS2_PLACEMENT_3D('',#14686,#14687,#14688);
#14686 = CARTESIAN_POINT('',(35.,2.75,-6.4));
#14687 = DIRECTION('',(-0.,1.,0.));
#14688 = DIRECTION('',(0.,0.,1.));
#14689 = PCURVE('',#14125,#14690);
#14690 = DEFINITIONAL_REPRESENTATION('',(#14691),#14695);
#14691 = ( BOUNDED_CURVE() B_SPLINE_CURVE(2,(#14692,#14693,#14694),
.UNSPECIFIED.,.F.,.F.) B_SPLINE_CURVE_WITH_KNOTS((3,3),(-1.204971208168,
-1.046967915003),.PIECEWISE_BEZIER_KNOTS.) CURVE() 
GEOMETRIC_REPRESENTATION_ITEM() RATIONAL_B_SPLINE_CURVE((1.,
1.003122253474,1.)) REPRESENTATION_ITEM('') );
#14692 = CARTESIAN_POINT('',(0.6,35.824176727877));
#14693 = CARTESIAN_POINT('',(0.270787700728,36.218365224156));
#14694 = CARTESIAN_POINT('',(8.881784197001E-16,36.565251100881));
#14695 = ( GEOMETRIC_REPRESENTATION_CONTEXT(2) 
PARAMETRIC_REPRESENTATION_CONTEXT() REPRESENTATION_CONTEXT('2D SPACE',''
  ) );
#14696 = PCURVE('',#14435,#14697);
#14697 = DEFINITIONAL_REPRESENTATION('',(#14698),#14705);
#14698 = B_SPLINE_CURVE_WITH_KNOTS('',5,(#14699,#14700,#14701,#14702,
    #14703,#14704),.UNSPECIFIED.,.F.,.F.,(6,6),(-1.204971208168,
    -1.046967915003),.PIECEWISE_BEZIER_KNOTS.);
#14699 = CARTESIAN_POINT('',(2.559228415721,-1.998401444325E-15));
#14700 = CARTESIAN_POINT('',(2.541848053473,-0.131958765734));
#14701 = CARTESIAN_POINT('',(2.523894317204,-0.257676273539));
#14702 = CARTESIAN_POINT('',(2.505352932484,-0.377427038356));
#14703 = CARTESIAN_POINT('',(2.486211532298,-0.491459672549));
#14704 = CARTESIAN_POINT('',(2.466461120653,-0.6));
#14705 = ( GEOMETRIC_REPRESENTATION_CONTEXT(2) 
PARAMETRIC_REPRESENTATION_CONTEXT() REPRESENTATION_CONTEXT('2D SPACE',''
  ) );
#14706 = ADVANCED_FACE('',(#14707),#14154,.T.);
#14707 = FACE_BOUND('',#14708,.F.);
#14708 = EDGE_LOOP('',(#14709,#14710,#14734,#14759));
#14709 = ORIENTED_EDGE('',*,*,#14575,.T.);
#14710 = ORIENTED_EDGE('',*,*,#14711,.T.);
#14711 = EDGE_CURVE('',#14576,#14712,#14714,.T.);
#14712 = VERTEX_POINT('',#14713);
#14713 = CARTESIAN_POINT('',(-4.175823272123,2.75,-1.4));
#14714 = SURFACE_CURVE('',#14715,(#14720,#14727),.PCURVE_S1.);
#14715 = CIRCLE('',#14716,5.);
#14716 = AXIS2_PLACEMENT_3D('',#14717,#14718,#14719);
#14717 = CARTESIAN_POINT('',(0.,0.,-1.4));
#14718 = DIRECTION('',(0.,0.,1.));
#14719 = DIRECTION('',(1.,0.,-0.));
#14720 = PCURVE('',#14154,#14721);
#14721 = DEFINITIONAL_REPRESENTATION('',(#14722),#14726);
#14722 = LINE('',#14723,#14724);
#14723 = CARTESIAN_POINT('',(0.,-0.));
#14724 = VECTOR('',#14725,1.);
#14725 = DIRECTION('',(1.,-0.));
#14726 = ( GEOMETRIC_REPRESENTATION_CONTEXT(2) 
PARAMETRIC_REPRESENTATION_CONTEXT() REPRESENTATION_CONTEXT('2D SPACE',''
  ) );
#14727 = PCURVE('',#14617,#14728);
#14728 = DEFINITIONAL_REPRESENTATION('',(#14729),#14733);
#14729 = LINE('',#14730,#14731);
#14730 = CARTESIAN_POINT('',(0.,0.6));
#14731 = VECTOR('',#14732,1.);
#14732 = DIRECTION('',(1.,0.));
#14733 = ( GEOMETRIC_REPRESENTATION_CONTEXT(2) 
PARAMETRIC_REPRESENTATION_CONTEXT() REPRESENTATION_CONTEXT('2D SPACE',''
  ) );
#14734 = ORIENTED_EDGE('',*,*,#14735,.T.);
#14735 = EDGE_CURVE('',#14712,#14138,#14736,.T.);
#14736 = SURFACE_CURVE('',#14737,(#14742,#14752),.PCURVE_S1.);
#14737 = HYPERBOLA('',#14738,2.75,2.75);
#14738 = AXIS2_PLACEMENT_3D('',#14739,#14740,#14741);
#14739 = CARTESIAN_POINT('',(0.,2.75,-6.4));
#14740 = DIRECTION('',(-0.,1.,0.));
#14741 = DIRECTION('',(0.,0.,1.));
#14742 = PCURVE('',#14154,#14743);
#14743 = DEFINITIONAL_REPRESENTATION('',(#14744),#14751);
#14744 = B_SPLINE_CURVE_WITH_KNOTS('',5,(#14745,#14746,#14747,#14748,
    #14749,#14750),.UNSPECIFIED.,.F.,.F.,(6,6),(-1.204971208168,
    -1.046967915003),.PIECEWISE_BEZIER_KNOTS.);
#14745 = CARTESIAN_POINT('',(2.559228415721,-6.661338147751E-16));
#14746 = CARTESIAN_POINT('',(2.541848053473,-0.131958765734));
#14747 = CARTESIAN_POINT('',(2.523894317204,-0.257676273539));
#14748 = CARTESIAN_POINT('',(2.505352932484,-0.377427038356));
#14749 = CARTESIAN_POINT('',(2.486211532298,-0.491459672549));
#14750 = CARTESIAN_POINT('',(2.466461120653,-0.6));
#14751 = ( GEOMETRIC_REPRESENTATION_CONTEXT(2) 
PARAMETRIC_REPRESENTATION_CONTEXT() REPRESENTATION_CONTEXT('2D SPACE',''
  ) );
#14752 = PCURVE('',#14182,#14753);
#14753 = DEFINITIONAL_REPRESENTATION('',(#14754),#14758);
#14754 = ( BOUNDED_CURVE() B_SPLINE_CURVE(2,(#14755,#14756,#14757),
.UNSPECIFIED.,.F.,.F.) B_SPLINE_CURVE_WITH_KNOTS((3,3),(-1.204971208168,
-1.046967915003),.PIECEWISE_BEZIER_KNOTS.) CURVE() 
GEOMETRIC_REPRESENTATION_ITEM() RATIONAL_B_SPLINE_CURVE((1.,
1.003122253474,1.)) REPRESENTATION_ITEM('') );
#14755 = CARTESIAN_POINT('',(0.6,0.824176727877));
#14756 = CARTESIAN_POINT('',(0.270787700728,1.218365224156));
#14757 = CARTESIAN_POINT('',(8.881784197001E-16,1.565251100881));
#14758 = ( GEOMETRIC_REPRESENTATION_CONTEXT(2) 
PARAMETRIC_REPRESENTATION_CONTEXT() REPRESENTATION_CONTEXT('2D SPACE',''
  ) );
#14759 = ORIENTED_EDGE('',*,*,#14137,.F.);
#14760 = ADVANCED_FACE('',(#14761),#14435,.T.);
#14761 = FACE_BOUND('',#14762,.F.);
#14762 = EDGE_LOOP('',(#14763,#14790,#14812,#14813));
#14763 = ORIENTED_EDGE('',*,*,#14764,.T.);
#14764 = EDGE_CURVE('',#14393,#14765,#14767,.T.);
#14765 = VERTEX_POINT('',#14766);
#14766 = CARTESIAN_POINT('',(39.175823272122,2.75,-1.4));
#14767 = SURFACE_CURVE('',#14768,(#14773,#14783),.PCURVE_S1.);
#14768 = HYPERBOLA('',#14769,2.75,2.75);
#14769 = AXIS2_PLACEMENT_3D('',#14770,#14771,#14772);
#14770 = CARTESIAN_POINT('',(35.,2.75,-6.4));
#14771 = DIRECTION('',(-0.,1.,0.));
#14772 = DIRECTION('',(0.,0.,1.));
#14773 = PCURVE('',#14435,#14774);
#14774 = DEFINITIONAL_REPRESENTATION('',(#14775),#14782);
#14775 = B_SPLINE_CURVE_WITH_KNOTS('',5,(#14776,#14777,#14778,#14779,
    #14780,#14781),.UNSPECIFIED.,.F.,.F.,(6,6),(1.046967915003,
    1.204971208168),.PIECEWISE_BEZIER_KNOTS.);
#14776 = CARTESIAN_POINT('',(0.675131532937,-0.6));
#14777 = CARTESIAN_POINT('',(0.655381121291,-0.491459672549));
#14778 = CARTESIAN_POINT('',(0.636239721106,-0.377427038356));
#14779 = CARTESIAN_POINT('',(0.617698336386,-0.257676273539));
#14780 = CARTESIAN_POINT('',(0.599744600117,-0.131958765734));
#14781 = CARTESIAN_POINT('',(0.582364237869,-1.998401444325E-15));
#14782 = ( GEOMETRIC_REPRESENTATION_CONTEXT(2) 
PARAMETRIC_REPRESENTATION_CONTEXT() REPRESENTATION_CONTEXT('2D SPACE',''
  ) );
#14783 = PCURVE('',#14408,#14784);
#14784 = DEFINITIONAL_REPRESENTATION('',(#14785),#14789);
#14785 = ( BOUNDED_CURVE() B_SPLINE_CURVE(2,(#14786,#14787,#14788),
.UNSPECIFIED.,.F.,.F.) B_SPLINE_CURVE_WITH_KNOTS((3,3),(1.046967915003,
1.204971208168),.PIECEWISE_BEZIER_KNOTS.) CURVE() 
GEOMETRIC_REPRESENTATION_ITEM() RATIONAL_B_SPLINE_CURVE((1.,
1.003122253474,1.)) REPRESENTATION_ITEM('') );
#14786 = CARTESIAN_POINT('',(3.552713678801E-15,43.434748899119));
#14787 = CARTESIAN_POINT('',(0.270787700728,43.781634775844));
#14788 = CARTESIAN_POINT('',(0.6,44.175823272123));
#14789 = ( GEOMETRIC_REPRESENTATION_CONTEXT(2) 
PARAMETRIC_REPRESENTATION_CONTEXT() REPRESENTATION_CONTEXT('2D SPACE',''
  ) );
#14790 = ORIENTED_EDGE('',*,*,#14791,.T.);
#14791 = EDGE_CURVE('',#14765,#14657,#14792,.T.);
#14792 = SURFACE_CURVE('',#14793,(#14798,#14805),.PCURVE_S1.);
#14793 = CIRCLE('',#14794,5.);
#14794 = AXIS2_PLACEMENT_3D('',#14795,#14796,#14797);
#14795 = CARTESIAN_POINT('',(35.,0.,-1.4));
#14796 = DIRECTION('',(0.,0.,1.));
#14797 = DIRECTION('',(1.,0.,-0.));
#14798 = PCURVE('',#14435,#14799);
#14799 = DEFINITIONAL_REPRESENTATION('',(#14800),#14804);
#14800 = LINE('',#14801,#14802);
#14801 = CARTESIAN_POINT('',(0.,-0.));
#14802 = VECTOR('',#14803,1.);
#14803 = DIRECTION('',(1.,-0.));
#14804 = ( GEOMETRIC_REPRESENTATION_CONTEXT(2) 
PARAMETRIC_REPRESENTATION_CONTEXT() REPRESENTATION_CONTEXT('2D SPACE',''
  ) );
#14805 = PCURVE('',#14671,#14806);
#14806 = DEFINITIONAL_REPRESENTATION('',(#14807),#14811);
#14807 = LINE('',#14808,#14809);
#14808 = CARTESIAN_POINT('',(0.,0.6));
#14809 = VECTOR('',#14810,1.);
#14810 = DIRECTION('',(1.,0.));
#14811 = ( GEOMETRIC_REPRESENTATION_CONTEXT(2) 
PARAMETRIC_REPRESENTATION_CONTEXT() REPRESENTATION_CONTEXT('2D SPACE',''
  ) );
#14812 = ORIENTED_EDGE('',*,*,#14682,.T.);
#14813 = ORIENTED_EDGE('',*,*,#14420,.F.);
#14814 = ADVANCED_FACE('',(#14815),#14182,.T.);
#14815 = FACE_BOUND('',#14816,.T.);
#14816 = EDGE_LOOP('',(#14817,#14818,#14841,#14869,#14888));
#14817 = ORIENTED_EDGE('',*,*,#14166,.F.);
#14818 = ORIENTED_EDGE('',*,*,#14819,.T.);
#14819 = EDGE_CURVE('',#14167,#14820,#14822,.T.);
#14820 = VERTEX_POINT('',#14821);
#14821 = CARTESIAN_POINT('',(-5.,2.75,-0.8));
#14822 = SURFACE_CURVE('',#14823,(#14827,#14834),.PCURVE_S1.);
#14823 = LINE('',#14824,#14825);
#14824 = CARTESIAN_POINT('',(-5.,2.75,-2.));
#14825 = VECTOR('',#14826,1.);
#14826 = DIRECTION('',(0.,0.,1.));
#14827 = PCURVE('',#14182,#14828);
#14828 = DEFINITIONAL_REPRESENTATION('',(#14829),#14833);
#14829 = LINE('',#14830,#14831);
#14830 = CARTESIAN_POINT('',(0.,0.));
#14831 = VECTOR('',#14832,1.);
#14832 = DIRECTION('',(1.,0.));
#14833 = ( GEOMETRIC_REPRESENTATION_CONTEXT(2) 
PARAMETRIC_REPRESENTATION_CONTEXT() REPRESENTATION_CONTEXT('2D SPACE',''
  ) );
#14834 = PCURVE('',#14210,#14835);
#14835 = DEFINITIONAL_REPRESENTATION('',(#14836),#14840);
#14836 = LINE('',#14837,#14838);
#14837 = CARTESIAN_POINT('',(0.,-5.5));
#14838 = VECTOR('',#14839,1.);
#14839 = DIRECTION('',(1.,0.));
#14840 = ( GEOMETRIC_REPRESENTATION_CONTEXT(2) 
PARAMETRIC_REPRESENTATION_CONTEXT() REPRESENTATION_CONTEXT('2D SPACE',''
  ) );
#14841 = ORIENTED_EDGE('',*,*,#14842,.T.);
#14842 = EDGE_CURVE('',#14820,#14843,#14845,.T.);
#14843 = VERTEX_POINT('',#14844);
#14844 = CARTESIAN_POINT('',(-4.175823272123,2.75,-0.8));
#14845 = SURFACE_CURVE('',#14846,(#14850,#14857),.PCURVE_S1.);
#14846 = LINE('',#14847,#14848);
#14847 = CARTESIAN_POINT('',(-5.,2.75,-0.8));
#14848 = VECTOR('',#14849,1.);
#14849 = DIRECTION('',(1.,0.,-0.));
#14850 = PCURVE('',#14182,#14851);
#14851 = DEFINITIONAL_REPRESENTATION('',(#14852),#14856);
#14852 = LINE('',#14853,#14854);
#14853 = CARTESIAN_POINT('',(1.2,0.));
#14854 = VECTOR('',#14855,1.);
#14855 = DIRECTION('',(0.,1.));
#14856 = ( GEOMETRIC_REPRESENTATION_CONTEXT(2) 
PARAMETRIC_REPRESENTATION_CONTEXT() REPRESENTATION_CONTEXT('2D SPACE',''
  ) );
#14857 = PCURVE('',#14858,#14863);
#14858 = PLANE('',#14859);
#14859 = AXIS2_PLACEMENT_3D('',#14860,#14861,#14862);
#14860 = CARTESIAN_POINT('',(-5.,-2.75,-0.8));
#14861 = DIRECTION('',(0.,0.,1.));
#14862 = DIRECTION('',(1.,0.,-0.));
#14863 = DEFINITIONAL_REPRESENTATION('',(#14864),#14868);
#14864 = LINE('',#14865,#14866);
#14865 = CARTESIAN_POINT('',(0.,5.5));
#14866 = VECTOR('',#14867,1.);
#14867 = DIRECTION('',(1.,0.));
#14868 = ( GEOMETRIC_REPRESENTATION_CONTEXT(2) 
PARAMETRIC_REPRESENTATION_CONTEXT() REPRESENTATION_CONTEXT('2D SPACE',''
  ) );
#14869 = ORIENTED_EDGE('',*,*,#14870,.F.);
#14870 = EDGE_CURVE('',#14712,#14843,#14871,.T.);
#14871 = SURFACE_CURVE('',#14872,(#14876,#14882),.PCURVE_S1.);
#14872 = LINE('',#14873,#14874);
#14873 = CARTESIAN_POINT('',(-4.175823272123,2.75,-2.));
#14874 = VECTOR('',#14875,1.);
#14875 = DIRECTION('',(0.,0.,1.));
#14876 = PCURVE('',#14182,#14877);
#14877 = DEFINITIONAL_REPRESENTATION('',(#14878),#14881);
#14878 = B_SPLINE_CURVE_WITH_KNOTS('',1,(#14879,#14880),.UNSPECIFIED.,
  .F.,.F.,(2,2),(0.599990345812,1.32),.PIECEWISE_BEZIER_KNOTS.);
#14879 = CARTESIAN_POINT('',(0.599990345812,0.824176727877));
#14880 = CARTESIAN_POINT('',(1.32,0.824176727877));
#14881 = ( GEOMETRIC_REPRESENTATION_CONTEXT(2) 
PARAMETRIC_REPRESENTATION_CONTEXT() REPRESENTATION_CONTEXT('2D SPACE',''
  ) );
#14882 = PCURVE('',#14617,#14883);
#14883 = DEFINITIONAL_REPRESENTATION('',(#14884),#14887);
#14884 = B_SPLINE_CURVE_WITH_KNOTS('',1,(#14885,#14886),.UNSPECIFIED.,
  .F.,.F.,(2,2),(0.599990345812,1.32),.PIECEWISE_BEZIER_KNOTS.);
#14885 = CARTESIAN_POINT('',(2.559228415721,0.599990345812));
#14886 = CARTESIAN_POINT('',(2.559228415721,1.32));
#14887 = ( GEOMETRIC_REPRESENTATION_CONTEXT(2) 
PARAMETRIC_REPRESENTATION_CONTEXT() REPRESENTATION_CONTEXT('2D SPACE',''
  ) );
#14888 = ORIENTED_EDGE('',*,*,#14735,.T.);
#14889 = ADVANCED_FACE('',(#14890),#14408,.T.);
#14890 = FACE_BOUND('',#14891,.T.);
#14891 = EDGE_LOOP('',(#14892,#14893,#14894,#14915,#14943));
#14892 = ORIENTED_EDGE('',*,*,#14392,.F.);
#14893 = ORIENTED_EDGE('',*,*,#14764,.T.);
#14894 = ORIENTED_EDGE('',*,*,#14895,.T.);
#14895 = EDGE_CURVE('',#14765,#14896,#14898,.T.);
#14896 = VERTEX_POINT('',#14897);
#14897 = CARTESIAN_POINT('',(39.175823272122,2.75,-0.8));
#14898 = SURFACE_CURVE('',#14899,(#14903,#14909),.PCURVE_S1.);
#14899 = LINE('',#14900,#14901);
#14900 = CARTESIAN_POINT('',(39.175823272123,2.75,-2.));
#14901 = VECTOR('',#14902,1.);
#14902 = DIRECTION('',(0.,0.,1.));
#14903 = PCURVE('',#14408,#14904);
#14904 = DEFINITIONAL_REPRESENTATION('',(#14905),#14908);
#14905 = B_SPLINE_CURVE_WITH_KNOTS('',1,(#14906,#14907),.UNSPECIFIED.,
  .F.,.F.,(2,2),(0.599990345812,1.32),.PIECEWISE_BEZIER_KNOTS.);
#14906 = CARTESIAN_POINT('',(0.599990345812,44.175823272123));
#14907 = CARTESIAN_POINT('',(1.32,44.175823272123));
#14908 = ( GEOMETRIC_REPRESENTATION_CONTEXT(2) 
PARAMETRIC_REPRESENTATION_CONTEXT() REPRESENTATION_CONTEXT('2D SPACE',''
  ) );
#14909 = PCURVE('',#14671,#14910);
#14910 = DEFINITIONAL_REPRESENTATION('',(#14911),#14914);
#14911 = B_SPLINE_CURVE_WITH_KNOTS('',1,(#14912,#14913),.UNSPECIFIED.,
  .F.,.F.,(2,2),(0.599990345812,1.32),.PIECEWISE_BEZIER_KNOTS.);
#14912 = CARTESIAN_POINT('',(0.582364237869,0.599990345812));
#14913 = CARTESIAN_POINT('',(0.582364237869,1.32));
#14914 = ( GEOMETRIC_REPRESENTATION_CONTEXT(2) 
PARAMETRIC_REPRESENTATION_CONTEXT() REPRESENTATION_CONTEXT('2D SPACE',''
  ) );
#14915 = ORIENTED_EDGE('',*,*,#14916,.T.);
#14916 = EDGE_CURVE('',#14896,#14917,#14919,.T.);
#14917 = VERTEX_POINT('',#14918);
#14918 = CARTESIAN_POINT('',(40.,2.75,-0.8));
#14919 = SURFACE_CURVE('',#14920,(#14924,#14931),.PCURVE_S1.);
#14920 = LINE('',#14921,#14922);
#14921 = CARTESIAN_POINT('',(-5.,2.75,-0.8));
#14922 = VECTOR('',#14923,1.);
#14923 = DIRECTION('',(1.,0.,-0.));
#14924 = PCURVE('',#14408,#14925);
#14925 = DEFINITIONAL_REPRESENTATION('',(#14926),#14930);
#14926 = LINE('',#14927,#14928);
#14927 = CARTESIAN_POINT('',(1.2,0.));
#14928 = VECTOR('',#14929,1.);
#14929 = DIRECTION('',(0.,1.));
#14930 = ( GEOMETRIC_REPRESENTATION_CONTEXT(2) 
PARAMETRIC_REPRESENTATION_CONTEXT() REPRESENTATION_CONTEXT('2D SPACE',''
  ) );
#14931 = PCURVE('',#14932,#14937);
#14932 = PLANE('',#14933);
#14933 = AXIS2_PLACEMENT_3D('',#14934,#14935,#14936);
#14934 = CARTESIAN_POINT('',(-5.,-2.75,-0.8));
#14935 = DIRECTION('',(0.,0.,1.));
#14936 = DIRECTION('',(1.,0.,-0.));
#14937 = DEFINITIONAL_REPRESENTATION('',(#14938),#14942);
#14938 = LINE('',#14939,#14940);
#14939 = CARTESIAN_POINT('',(0.,5.5));
#14940 = VECTOR('',#14941,1.);
#14941 = DIRECTION('',(1.,0.));
#14942 = ( GEOMETRIC_REPRESENTATION_CONTEXT(2) 
PARAMETRIC_REPRESENTATION_CONTEXT() REPRESENTATION_CONTEXT('2D SPACE',''
  ) );
#14943 = ORIENTED_EDGE('',*,*,#14944,.F.);
#14944 = EDGE_CURVE('',#14365,#14917,#14945,.T.);
#14945 = SURFACE_CURVE('',#14946,(#14950,#14957),.PCURVE_S1.);
#14946 = LINE('',#14947,#14948);
#14947 = CARTESIAN_POINT('',(40.,2.75,-2.));
#14948 = VECTOR('',#14949,1.);
#14949 = DIRECTION('',(0.,0.,1.));
#14950 = PCURVE('',#14408,#14951);
#14951 = DEFINITIONAL_REPRESENTATION('',(#14952),#14956);
#14952 = LINE('',#14953,#14954);
#14953 = CARTESIAN_POINT('',(0.,45.));
#14954 = VECTOR('',#14955,1.);
#14955 = DIRECTION('',(1.,0.));
#14956 = ( GEOMETRIC_REPRESENTATION_CONTEXT(2) 
PARAMETRIC_REPRESENTATION_CONTEXT() REPRESENTATION_CONTEXT('2D SPACE',''
  ) );
#14957 = PCURVE('',#14380,#14958);
#14958 = DEFINITIONAL_REPRESENTATION('',(#14959),#14963);
#14959 = LINE('',#14960,#14961);
#14960 = CARTESIAN_POINT('',(0.,-5.5));
#14961 = VECTOR('',#14962,1.);
#14962 = DIRECTION('',(1.,0.));
#14963 = ( GEOMETRIC_REPRESENTATION_CONTEXT(2) 
PARAMETRIC_REPRESENTATION_CONTEXT() REPRESENTATION_CONTEXT('2D SPACE',''
  ) );
#14964 = ADVANCED_FACE('',(#14965),#14210,.F.);
#14965 = FACE_BOUND('',#14966,.F.);
#14966 = EDGE_LOOP('',(#14967,#14990,#14991,#14992,#15015,#15043,#15071,
    #15099,#15127,#15155,#15183,#15211));
#14967 = ORIENTED_EDGE('',*,*,#14968,.F.);
#14968 = EDGE_CURVE('',#14195,#14969,#14971,.T.);
#14969 = VERTEX_POINT('',#14970);
#14970 = CARTESIAN_POINT('',(-5.,-2.75,-0.8));
#14971 = SURFACE_CURVE('',#14972,(#14976,#14983),.PCURVE_S1.);
#14972 = LINE('',#14973,#14974);
#14973 = CARTESIAN_POINT('',(-5.,-2.75,-2.));
#14974 = VECTOR('',#14975,1.);
#14975 = DIRECTION('',(0.,0.,1.));
#14976 = PCURVE('',#14210,#14977);
#14977 = DEFINITIONAL_REPRESENTATION('',(#14978),#14982);
#14978 = LINE('',#14979,#14980);
#14979 = CARTESIAN_POINT('',(0.,0.));
#14980 = VECTOR('',#14981,1.);
#14981 = DIRECTION('',(1.,0.));
#14982 = ( GEOMETRIC_REPRESENTATION_CONTEXT(2) 
PARAMETRIC_REPRESENTATION_CONTEXT() REPRESENTATION_CONTEXT('2D SPACE',''
  ) );
#14983 = PCURVE('',#14238,#14984);
#14984 = DEFINITIONAL_REPRESENTATION('',(#14985),#14989);
#14985 = LINE('',#14986,#14987);
#14986 = CARTESIAN_POINT('',(0.,0.));
#14987 = VECTOR('',#14988,1.);
#14988 = DIRECTION('',(1.,0.));
#14989 = ( GEOMETRIC_REPRESENTATION_CONTEXT(2) 
PARAMETRIC_REPRESENTATION_CONTEXT() REPRESENTATION_CONTEXT('2D SPACE',''
  ) );
#14990 = ORIENTED_EDGE('',*,*,#14194,.T.);
#14991 = ORIENTED_EDGE('',*,*,#14819,.T.);
#14992 = ORIENTED_EDGE('',*,*,#14993,.F.);
#14993 = EDGE_CURVE('',#14994,#14820,#14996,.T.);
#14994 = VERTEX_POINT('',#14995);
#14995 = CARTESIAN_POINT('',(-5.,1.2375,-0.8));
#14996 = SURFACE_CURVE('',#14997,(#15001,#15008),.PCURVE_S1.);
#14997 = LINE('',#14998,#14999);
#14998 = CARTESIAN_POINT('',(-5.,-2.75,-0.8));
#14999 = VECTOR('',#15000,1.);
#15000 = DIRECTION('',(-0.,1.,0.));
#15001 = PCURVE('',#14210,#15002);
#15002 = DEFINITIONAL_REPRESENTATION('',(#15003),#15007);
#15003 = LINE('',#15004,#15005);
#15004 = CARTESIAN_POINT('',(1.2,0.));
#15005 = VECTOR('',#15006,1.);
#15006 = DIRECTION('',(0.,-1.));
#15007 = ( GEOMETRIC_REPRESENTATION_CONTEXT(2) 
PARAMETRIC_REPRESENTATION_CONTEXT() REPRESENTATION_CONTEXT('2D SPACE',''
  ) );
#15008 = PCURVE('',#14858,#15009);
#15009 = DEFINITIONAL_REPRESENTATION('',(#15010),#15014);
#15010 = LINE('',#15011,#15012);
#15011 = CARTESIAN_POINT('',(0.,0.));
#15012 = VECTOR('',#15013,1.);
#15013 = DIRECTION('',(0.,1.));
#15014 = ( GEOMETRIC_REPRESENTATION_CONTEXT(2) 
PARAMETRIC_REPRESENTATION_CONTEXT() REPRESENTATION_CONTEXT('2D SPACE',''
  ) );
#15015 = ORIENTED_EDGE('',*,*,#15016,.T.);
#15016 = EDGE_CURVE('',#14994,#15017,#15019,.T.);
#15017 = VERTEX_POINT('',#15018);
#15018 = CARTESIAN_POINT('',(-5.,1.2375,0.8));
#15019 = SURFACE_CURVE('',#15020,(#15024,#15031),.PCURVE_S1.);
#15020 = LINE('',#15021,#15022);
#15021 = CARTESIAN_POINT('',(-5.,1.2375,-0.8));
#15022 = VECTOR('',#15023,1.);
#15023 = DIRECTION('',(0.,0.,1.));
#15024 = PCURVE('',#14210,#15025);
#15025 = DEFINITIONAL_REPRESENTATION('',(#15026),#15030);
#15026 = LINE('',#15027,#15028);
#15027 = CARTESIAN_POINT('',(1.2,-3.9875));
#15028 = VECTOR('',#15029,1.);
#15029 = DIRECTION('',(1.,0.));
#15030 = ( GEOMETRIC_REPRESENTATION_CONTEXT(2) 
PARAMETRIC_REPRESENTATION_CONTEXT() REPRESENTATION_CONTEXT('2D SPACE',''
  ) );
#15031 = PCURVE('',#15032,#15037);
#15032 = PLANE('',#15033);
#15033 = AXIS2_PLACEMENT_3D('',#15034,#15035,#15036);
#15034 = CARTESIAN_POINT('',(-5.,1.2375,-0.8));
#15035 = DIRECTION('',(-0.,1.,0.));
#15036 = DIRECTION('',(0.,0.,1.));
#15037 = DEFINITIONAL_REPRESENTATION('',(#15038),#15042);
#15038 = LINE('',#15039,#15040);
#15039 = CARTESIAN_POINT('',(0.,0.));
#15040 = VECTOR('',#15041,1.);
#15041 = DIRECTION('',(1.,0.));
#15042 = ( GEOMETRIC_REPRESENTATION_CONTEXT(2) 
PARAMETRIC_REPRESENTATION_CONTEXT() REPRESENTATION_CONTEXT('2D SPACE',''
  ) );
#15043 = ORIENTED_EDGE('',*,*,#15044,.T.);
#15044 = EDGE_CURVE('',#15017,#15045,#15047,.T.);
#15045 = VERTEX_POINT('',#15046);
#15046 = CARTESIAN_POINT('',(-5.,2.75,0.8));
#15047 = SURFACE_CURVE('',#15048,(#15052,#15059),.PCURVE_S1.);
#15048 = LINE('',#15049,#15050);
#15049 = CARTESIAN_POINT('',(-5.,-2.75,0.8));
#15050 = VECTOR('',#15051,1.);
#15051 = DIRECTION('',(-0.,1.,0.));
#15052 = PCURVE('',#14210,#15053);
#15053 = DEFINITIONAL_REPRESENTATION('',(#15054),#15058);
#15054 = LINE('',#15055,#15056);
#15055 = CARTESIAN_POINT('',(2.8,0.));
#15056 = VECTOR('',#15057,1.);
#15057 = DIRECTION('',(0.,-1.));
#15058 = ( GEOMETRIC_REPRESENTATION_CONTEXT(2) 
PARAMETRIC_REPRESENTATION_CONTEXT() REPRESENTATION_CONTEXT('2D SPACE',''
  ) );
#15059 = PCURVE('',#15060,#15065);
#15060 = PLANE('',#15061);
#15061 = AXIS2_PLACEMENT_3D('',#15062,#15063,#15064);
#15062 = CARTESIAN_POINT('',(-5.,-2.75,0.8));
#15063 = DIRECTION('',(0.,0.,1.));
#15064 = DIRECTION('',(1.,0.,-0.));
#15065 = DEFINITIONAL_REPRESENTATION('',(#15066),#15070);
#15066 = LINE('',#15067,#15068);
#15067 = CARTESIAN_POINT('',(0.,0.));
#15068 = VECTOR('',#15069,1.);
#15069 = DIRECTION('',(0.,1.));
#15070 = ( GEOMETRIC_REPRESENTATION_CONTEXT(2) 
PARAMETRIC_REPRESENTATION_CONTEXT() REPRESENTATION_CONTEXT('2D SPACE',''
  ) );
#15071 = ORIENTED_EDGE('',*,*,#15072,.T.);
#15072 = EDGE_CURVE('',#15045,#15073,#15075,.T.);
#15073 = VERTEX_POINT('',#15074);
#15074 = CARTESIAN_POINT('',(-5.,2.75,2.));
#15075 = SURFACE_CURVE('',#15076,(#15080,#15087),.PCURVE_S1.);
#15076 = LINE('',#15077,#15078);
#15077 = CARTESIAN_POINT('',(-5.,2.75,0.8));
#15078 = VECTOR('',#15079,1.);
#15079 = DIRECTION('',(0.,0.,1.));
#15080 = PCURVE('',#14210,#15081);
#15081 = DEFINITIONAL_REPRESENTATION('',(#15082),#15086);
#15082 = LINE('',#15083,#15084);
#15083 = CARTESIAN_POINT('',(2.8,-5.5));
#15084 = VECTOR('',#15085,1.);
#15085 = DIRECTION('',(1.,0.));
#15086 = ( GEOMETRIC_REPRESENTATION_CONTEXT(2) 
PARAMETRIC_REPRESENTATION_CONTEXT() REPRESENTATION_CONTEXT('2D SPACE',''
  ) );
#15087 = PCURVE('',#15088,#15093);
#15088 = PLANE('',#15089);
#15089 = AXIS2_PLACEMENT_3D('',#15090,#15091,#15092);
#15090 = CARTESIAN_POINT('',(-5.,2.75,0.8));
#15091 = DIRECTION('',(-0.,1.,0.));
#15092 = DIRECTION('',(0.,0.,1.));
#15093 = DEFINITIONAL_REPRESENTATION('',(#15094),#15098);
#15094 = LINE('',#15095,#15096);
#15095 = CARTESIAN_POINT('',(0.,0.));
#15096 = VECTOR('',#15097,1.);
#15097 = DIRECTION('',(1.,0.));
#15098 = ( GEOMETRIC_REPRESENTATION_CONTEXT(2) 
PARAMETRIC_REPRESENTATION_CONTEXT() REPRESENTATION_CONTEXT('2D SPACE',''
  ) );
#15099 = ORIENTED_EDGE('',*,*,#15100,.F.);
#15100 = EDGE_CURVE('',#15101,#15073,#15103,.T.);
#15101 = VERTEX_POINT('',#15102);
#15102 = CARTESIAN_POINT('',(-5.,-2.75,2.));
#15103 = SURFACE_CURVE('',#15104,(#15108,#15115),.PCURVE_S1.);
#15104 = LINE('',#15105,#15106);
#15105 = CARTESIAN_POINT('',(-5.,-2.75,2.));
#15106 = VECTOR('',#15107,1.);
#15107 = DIRECTION('',(-0.,1.,0.));
#15108 = PCURVE('',#14210,#15109);
#15109 = DEFINITIONAL_REPRESENTATION('',(#15110),#15114);
#15110 = LINE('',#15111,#15112);
#15111 = CARTESIAN_POINT('',(4.,0.));
#15112 = VECTOR('',#15113,1.);
#15113 = DIRECTION('',(0.,-1.));
#15114 = ( GEOMETRIC_REPRESENTATION_CONTEXT(2) 
PARAMETRIC_REPRESENTATION_CONTEXT() REPRESENTATION_CONTEXT('2D SPACE',''
  ) );
#15115 = PCURVE('',#15116,#15121);
#15116 = PLANE('',#15117);
#15117 = AXIS2_PLACEMENT_3D('',#15118,#15119,#15120);
#15118 = CARTESIAN_POINT('',(-5.,-2.75,2.));
#15119 = DIRECTION('',(0.,0.,1.));
#15120 = DIRECTION('',(1.,0.,-0.));
#15121 = DEFINITIONAL_REPRESENTATION('',(#15122),#15126);
#15122 = LINE('',#15123,#15124);
#15123 = CARTESIAN_POINT('',(0.,0.));
#15124 = VECTOR('',#15125,1.);
#15125 = DIRECTION('',(0.,1.));
#15126 = ( GEOMETRIC_REPRESENTATION_CONTEXT(2) 
PARAMETRIC_REPRESENTATION_CONTEXT() REPRESENTATION_CONTEXT('2D SPACE',''
  ) );
#15127 = ORIENTED_EDGE('',*,*,#15128,.F.);
#15128 = EDGE_CURVE('',#15129,#15101,#15131,.T.);
#15129 = VERTEX_POINT('',#15130);
#15130 = CARTESIAN_POINT('',(-5.,-2.75,0.8));
#15131 = SURFACE_CURVE('',#15132,(#15136,#15143),.PCURVE_S1.);
#15132 = LINE('',#15133,#15134);
#15133 = CARTESIAN_POINT('',(-5.,-2.75,0.8));
#15134 = VECTOR('',#15135,1.);
#15135 = DIRECTION('',(0.,0.,1.));
#15136 = PCURVE('',#14210,#15137);
#15137 = DEFINITIONAL_REPRESENTATION('',(#15138),#15142);
#15138 = LINE('',#15139,#15140);
#15139 = CARTESIAN_POINT('',(2.8,0.));
#15140 = VECTOR('',#15141,1.);
#15141 = DIRECTION('',(1.,0.));
#15142 = ( GEOMETRIC_REPRESENTATION_CONTEXT(2) 
PARAMETRIC_REPRESENTATION_CONTEXT() REPRESENTATION_CONTEXT('2D SPACE',''
  ) );
#15143 = PCURVE('',#15144,#15149);
#15144 = PLANE('',#15145);
#15145 = AXIS2_PLACEMENT_3D('',#15146,#15147,#15148);
#15146 = CARTESIAN_POINT('',(-5.,-2.75,0.8));
#15147 = DIRECTION('',(-0.,1.,0.));
#15148 = DIRECTION('',(0.,0.,1.));
#15149 = DEFINITIONAL_REPRESENTATION('',(#15150),#15154);
#15150 = LINE('',#15151,#15152);
#15151 = CARTESIAN_POINT('',(0.,0.));
#15152 = VECTOR('',#15153,1.);
#15153 = DIRECTION('',(1.,0.));
#15154 = ( GEOMETRIC_REPRESENTATION_CONTEXT(2) 
PARAMETRIC_REPRESENTATION_CONTEXT() REPRESENTATION_CONTEXT('2D SPACE',''
  ) );
#15155 = ORIENTED_EDGE('',*,*,#15156,.T.);
#15156 = EDGE_CURVE('',#15129,#15157,#15159,.T.);
#15157 = VERTEX_POINT('',#15158);
#15158 = CARTESIAN_POINT('',(-5.,-1.2375,0.8));
#15159 = SURFACE_CURVE('',#15160,(#15164,#15171),.PCURVE_S1.);
#15160 = LINE('',#15161,#15162);
#15161 = CARTESIAN_POINT('',(-5.,-2.75,0.8));
#15162 = VECTOR('',#15163,1.);
#15163 = DIRECTION('',(-0.,1.,0.));
#15164 = PCURVE('',#14210,#15165);
#15165 = DEFINITIONAL_REPRESENTATION('',(#15166),#15170);
#15166 = LINE('',#15167,#15168);
#15167 = CARTESIAN_POINT('',(2.8,0.));
#15168 = VECTOR('',#15169,1.);
#15169 = DIRECTION('',(0.,-1.));
#15170 = ( GEOMETRIC_REPRESENTATION_CONTEXT(2) 
PARAMETRIC_REPRESENTATION_CONTEXT() REPRESENTATION_CONTEXT('2D SPACE',''
  ) );
#15171 = PCURVE('',#15172,#15177);
#15172 = PLANE('',#15173);
#15173 = AXIS2_PLACEMENT_3D('',#15174,#15175,#15176);
#15174 = CARTESIAN_POINT('',(-5.,-2.75,0.8));
#15175 = DIRECTION('',(0.,0.,1.));
#15176 = DIRECTION('',(1.,0.,-0.));
#15177 = DEFINITIONAL_REPRESENTATION('',(#15178),#15182);
#15178 = LINE('',#15179,#15180);
#15179 = CARTESIAN_POINT('',(0.,0.));
#15180 = VECTOR('',#15181,1.);
#15181 = DIRECTION('',(0.,1.));
#15182 = ( GEOMETRIC_REPRESENTATION_CONTEXT(2) 
PARAMETRIC_REPRESENTATION_CONTEXT() REPRESENTATION_CONTEXT('2D SPACE',''
  ) );
#15183 = ORIENTED_EDGE('',*,*,#15184,.F.);
#15184 = EDGE_CURVE('',#15185,#15157,#15187,.T.);
#15185 = VERTEX_POINT('',#15186);
#15186 = CARTESIAN_POINT('',(-5.,-1.2375,-0.8));
#15187 = SURFACE_CURVE('',#15188,(#15192,#15199),.PCURVE_S1.);
#15188 = LINE('',#15189,#15190);
#15189 = CARTESIAN_POINT('',(-5.,-1.2375,-0.8));
#15190 = VECTOR('',#15191,1.);
#15191 = DIRECTION('',(0.,0.,1.));
#15192 = PCURVE('',#14210,#15193);
#15193 = DEFINITIONAL_REPRESENTATION('',(#15194),#15198);
#15194 = LINE('',#15195,#15196);
#15195 = CARTESIAN_POINT('',(1.2,-1.5125));
#15196 = VECTOR('',#15197,1.);
#15197 = DIRECTION('',(1.,0.));
#15198 = ( GEOMETRIC_REPRESENTATION_CONTEXT(2) 
PARAMETRIC_REPRESENTATION_CONTEXT() REPRESENTATION_CONTEXT('2D SPACE',''
  ) );
#15199 = PCURVE('',#15200,#15205);
#15200 = PLANE('',#15201);
#15201 = AXIS2_PLACEMENT_3D('',#15202,#15203,#15204);
#15202 = CARTESIAN_POINT('',(-5.,-1.2375,-0.8));
#15203 = DIRECTION('',(-0.,1.,0.));
#15204 = DIRECTION('',(0.,0.,1.));
#15205 = DEFINITIONAL_REPRESENTATION('',(#15206),#15210);
#15206 = LINE('',#15207,#15208);
#15207 = CARTESIAN_POINT('',(0.,0.));
#15208 = VECTOR('',#15209,1.);
#15209 = DIRECTION('',(1.,0.));
#15210 = ( GEOMETRIC_REPRESENTATION_CONTEXT(2) 
PARAMETRIC_REPRESENTATION_CONTEXT() REPRESENTATION_CONTEXT('2D SPACE',''
  ) );
#15211 = ORIENTED_EDGE('',*,*,#15212,.F.);
#15212 = EDGE_CURVE('',#14969,#15185,#15213,.T.);
#15213 = SURFACE_CURVE('',#15214,(#15218,#15225),.PCURVE_S1.);
#15214 = LINE('',#15215,#15216);
#15215 = CARTESIAN_POINT('',(-5.,-2.75,-0.8));
#15216 = VECTOR('',#15217,1.);
#15217 = DIRECTION('',(-0.,1.,0.));
#15218 = PCURVE('',#14210,#15219);
#15219 = DEFINITIONAL_REPRESENTATION('',(#15220),#15224);
#15220 = LINE('',#15221,#15222);
#15221 = CARTESIAN_POINT('',(1.2,0.));
#15222 = VECTOR('',#15223,1.);
#15223 = DIRECTION('',(0.,-1.));
#15224 = ( GEOMETRIC_REPRESENTATION_CONTEXT(2) 
PARAMETRIC_REPRESENTATION_CONTEXT() REPRESENTATION_CONTEXT('2D SPACE',''
  ) );
#15225 = PCURVE('',#15226,#15231);
#15226 = PLANE('',#15227);
#15227 = AXIS2_PLACEMENT_3D('',#15228,#15229,#15230);
#15228 = CARTESIAN_POINT('',(-5.,-2.75,-0.8));
#15229 = DIRECTION('',(0.,0.,1.));
#15230 = DIRECTION('',(1.,0.,-0.));
#15231 = DEFINITIONAL_REPRESENTATION('',(#15232),#15236);
#15232 = LINE('',#15233,#15234);
#15233 = CARTESIAN_POINT('',(0.,0.));
#15234 = VECTOR('',#15235,1.);
#15235 = DIRECTION('',(0.,1.));
#15236 = ( GEOMETRIC_REPRESENTATION_CONTEXT(2) 
PARAMETRIC_REPRESENTATION_CONTEXT() REPRESENTATION_CONTEXT('2D SPACE',''
  ) );
#15237 = ADVANCED_FACE('',(#15238),#14380,.T.);
#15238 = FACE_BOUND('',#15239,.T.);
#15239 = EDGE_LOOP('',(#15240,#15263,#15264,#15265,#15288,#15316,#15344,
    #15372,#15395,#15423,#15451,#15479));
#15240 = ORIENTED_EDGE('',*,*,#15241,.F.);
#15241 = EDGE_CURVE('',#14337,#15242,#15244,.T.);
#15242 = VERTEX_POINT('',#15243);
#15243 = CARTESIAN_POINT('',(40.,-2.75,-0.8));
#15244 = SURFACE_CURVE('',#15245,(#15249,#15256),.PCURVE_S1.);
#15245 = LINE('',#15246,#15247);
#15246 = CARTESIAN_POINT('',(40.,-2.75,-2.));
#15247 = VECTOR('',#15248,1.);
#15248 = DIRECTION('',(0.,0.,1.));
#15249 = PCURVE('',#14380,#15250);
#15250 = DEFINITIONAL_REPRESENTATION('',(#15251),#15255);
#15251 = LINE('',#15252,#15253);
#15252 = CARTESIAN_POINT('',(0.,0.));
#15253 = VECTOR('',#15254,1.);
#15254 = DIRECTION('',(1.,0.));
#15255 = ( GEOMETRIC_REPRESENTATION_CONTEXT(2) 
PARAMETRIC_REPRESENTATION_CONTEXT() REPRESENTATION_CONTEXT('2D SPACE',''
  ) );
#15256 = PCURVE('',#14352,#15257);
#15257 = DEFINITIONAL_REPRESENTATION('',(#15258),#15262);
#15258 = LINE('',#15259,#15260);
#15259 = CARTESIAN_POINT('',(0.,45.));
#15260 = VECTOR('',#15261,1.);
#15261 = DIRECTION('',(1.,0.));
#15262 = ( GEOMETRIC_REPRESENTATION_CONTEXT(2) 
PARAMETRIC_REPRESENTATION_CONTEXT() REPRESENTATION_CONTEXT('2D SPACE',''
  ) );
#15263 = ORIENTED_EDGE('',*,*,#14364,.T.);
#15264 = ORIENTED_EDGE('',*,*,#14944,.T.);
#15265 = ORIENTED_EDGE('',*,*,#15266,.F.);
#15266 = EDGE_CURVE('',#15267,#14917,#15269,.T.);
#15267 = VERTEX_POINT('',#15268);
#15268 = CARTESIAN_POINT('',(40.,1.2375,-0.8));
#15269 = SURFACE_CURVE('',#15270,(#15274,#15281),.PCURVE_S1.);
#15270 = LINE('',#15271,#15272);
#15271 = CARTESIAN_POINT('',(40.,-2.75,-0.8));
#15272 = VECTOR('',#15273,1.);
#15273 = DIRECTION('',(-0.,1.,0.));
#15274 = PCURVE('',#14380,#15275);
#15275 = DEFINITIONAL_REPRESENTATION('',(#15276),#15280);
#15276 = LINE('',#15277,#15278);
#15277 = CARTESIAN_POINT('',(1.2,0.));
#15278 = VECTOR('',#15279,1.);
#15279 = DIRECTION('',(0.,-1.));
#15280 = ( GEOMETRIC_REPRESENTATION_CONTEXT(2) 
PARAMETRIC_REPRESENTATION_CONTEXT() REPRESENTATION_CONTEXT('2D SPACE',''
  ) );
#15281 = PCURVE('',#14932,#15282);
#15282 = DEFINITIONAL_REPRESENTATION('',(#15283),#15287);
#15283 = LINE('',#15284,#15285);
#15284 = CARTESIAN_POINT('',(45.,0.));
#15285 = VECTOR('',#15286,1.);
#15286 = DIRECTION('',(0.,1.));
#15287 = ( GEOMETRIC_REPRESENTATION_CONTEXT(2) 
PARAMETRIC_REPRESENTATION_CONTEXT() REPRESENTATION_CONTEXT('2D SPACE',''
  ) );
#15288 = ORIENTED_EDGE('',*,*,#15289,.T.);
#15289 = EDGE_CURVE('',#15267,#15290,#15292,.T.);
#15290 = VERTEX_POINT('',#15291);
#15291 = CARTESIAN_POINT('',(40.,1.2375,0.8));
#15292 = SURFACE_CURVE('',#15293,(#15297,#15304),.PCURVE_S1.);
#15293 = LINE('',#15294,#15295);
#15294 = CARTESIAN_POINT('',(40.,1.2375,-0.8));
#15295 = VECTOR('',#15296,1.);
#15296 = DIRECTION('',(0.,0.,1.));
#15297 = PCURVE('',#14380,#15298);
#15298 = DEFINITIONAL_REPRESENTATION('',(#15299),#15303);
#15299 = LINE('',#15300,#15301);
#15300 = CARTESIAN_POINT('',(1.2,-3.9875));
#15301 = VECTOR('',#15302,1.);
#15302 = DIRECTION('',(1.,0.));
#15303 = ( GEOMETRIC_REPRESENTATION_CONTEXT(2) 
PARAMETRIC_REPRESENTATION_CONTEXT() REPRESENTATION_CONTEXT('2D SPACE',''
  ) );
#15304 = PCURVE('',#15305,#15310);
#15305 = PLANE('',#15306);
#15306 = AXIS2_PLACEMENT_3D('',#15307,#15308,#15309);
#15307 = CARTESIAN_POINT('',(-5.,1.2375,-0.8));
#15308 = DIRECTION('',(-0.,1.,0.));
#15309 = DIRECTION('',(0.,0.,1.));
#15310 = DEFINITIONAL_REPRESENTATION('',(#15311),#15315);
#15311 = LINE('',#15312,#15313);
#15312 = CARTESIAN_POINT('',(0.,45.));
#15313 = VECTOR('',#15314,1.);
#15314 = DIRECTION('',(1.,0.));
#15315 = ( GEOMETRIC_REPRESENTATION_CONTEXT(2) 
PARAMETRIC_REPRESENTATION_CONTEXT() REPRESENTATION_CONTEXT('2D SPACE',''
  ) );
#15316 = ORIENTED_EDGE('',*,*,#15317,.T.);
#15317 = EDGE_CURVE('',#15290,#15318,#15320,.T.);
#15318 = VERTEX_POINT('',#15319);
#15319 = CARTESIAN_POINT('',(40.,2.75,0.8));
#15320 = SURFACE_CURVE('',#15321,(#15325,#15332),.PCURVE_S1.);
#15321 = LINE('',#15322,#15323);
#15322 = CARTESIAN_POINT('',(40.,-2.75,0.8));
#15323 = VECTOR('',#15324,1.);
#15324 = DIRECTION('',(-0.,1.,0.));
#15325 = PCURVE('',#14380,#15326);
#15326 = DEFINITIONAL_REPRESENTATION('',(#15327),#15331);
#15327 = LINE('',#15328,#15329);
#15328 = CARTESIAN_POINT('',(2.8,0.));
#15329 = VECTOR('',#15330,1.);
#15330 = DIRECTION('',(0.,-1.));
#15331 = ( GEOMETRIC_REPRESENTATION_CONTEXT(2) 
PARAMETRIC_REPRESENTATION_CONTEXT() REPRESENTATION_CONTEXT('2D SPACE',''
  ) );
#15332 = PCURVE('',#15333,#15338);
#15333 = PLANE('',#15334);
#15334 = AXIS2_PLACEMENT_3D('',#15335,#15336,#15337);
#15335 = CARTESIAN_POINT('',(-5.,-2.75,0.8));
#15336 = DIRECTION('',(0.,0.,1.));
#15337 = DIRECTION('',(1.,0.,-0.));
#15338 = DEFINITIONAL_REPRESENTATION('',(#15339),#15343);
#15339 = LINE('',#15340,#15341);
#15340 = CARTESIAN_POINT('',(45.,0.));
#15341 = VECTOR('',#15342,1.);
#15342 = DIRECTION('',(0.,1.));
#15343 = ( GEOMETRIC_REPRESENTATION_CONTEXT(2) 
PARAMETRIC_REPRESENTATION_CONTEXT() REPRESENTATION_CONTEXT('2D SPACE',''
  ) );
#15344 = ORIENTED_EDGE('',*,*,#15345,.T.);
#15345 = EDGE_CURVE('',#15318,#15346,#15348,.T.);
#15346 = VERTEX_POINT('',#15347);
#15347 = CARTESIAN_POINT('',(40.,2.75,2.));
#15348 = SURFACE_CURVE('',#15349,(#15353,#15360),.PCURVE_S1.);
#15349 = LINE('',#15350,#15351);
#15350 = CARTESIAN_POINT('',(40.,2.75,0.8));
#15351 = VECTOR('',#15352,1.);
#15352 = DIRECTION('',(0.,0.,1.));
#15353 = PCURVE('',#14380,#15354);
#15354 = DEFINITIONAL_REPRESENTATION('',(#15355),#15359);
#15355 = LINE('',#15356,#15357);
#15356 = CARTESIAN_POINT('',(2.8,-5.5));
#15357 = VECTOR('',#15358,1.);
#15358 = DIRECTION('',(1.,0.));
#15359 = ( GEOMETRIC_REPRESENTATION_CONTEXT(2) 
PARAMETRIC_REPRESENTATION_CONTEXT() REPRESENTATION_CONTEXT('2D SPACE',''
  ) );
#15360 = PCURVE('',#15361,#15366);
#15361 = PLANE('',#15362);
#15362 = AXIS2_PLACEMENT_3D('',#15363,#15364,#15365);
#15363 = CARTESIAN_POINT('',(-5.,2.75,0.8));
#15364 = DIRECTION('',(-0.,1.,0.));
#15365 = DIRECTION('',(0.,0.,1.));
#15366 = DEFINITIONAL_REPRESENTATION('',(#15367),#15371);
#15367 = LINE('',#15368,#15369);
#15368 = CARTESIAN_POINT('',(0.,45.));
#15369 = VECTOR('',#15370,1.);
#15370 = DIRECTION('',(1.,0.));
#15371 = ( GEOMETRIC_REPRESENTATION_CONTEXT(2) 
PARAMETRIC_REPRESENTATION_CONTEXT() REPRESENTATION_CONTEXT('2D SPACE',''
  ) );
#15372 = ORIENTED_EDGE('',*,*,#15373,.F.);
#15373 = EDGE_CURVE('',#15374,#15346,#15376,.T.);
#15374 = VERTEX_POINT('',#15375);
#15375 = CARTESIAN_POINT('',(40.,-2.75,2.));
#15376 = SURFACE_CURVE('',#15377,(#15381,#15388),.PCURVE_S1.);
#15377 = LINE('',#15378,#15379);
#15378 = CARTESIAN_POINT('',(40.,-2.75,2.));
#15379 = VECTOR('',#15380,1.);
#15380 = DIRECTION('',(-0.,1.,0.));
#15381 = PCURVE('',#14380,#15382);
#15382 = DEFINITIONAL_REPRESENTATION('',(#15383),#15387);
#15383 = LINE('',#15384,#15385);
#15384 = CARTESIAN_POINT('',(4.,0.));
#15385 = VECTOR('',#15386,1.);
#15386 = DIRECTION('',(0.,-1.));
#15387 = ( GEOMETRIC_REPRESENTATION_CONTEXT(2) 
PARAMETRIC_REPRESENTATION_CONTEXT() REPRESENTATION_CONTEXT('2D SPACE',''
  ) );
#15388 = PCURVE('',#15116,#15389);
#15389 = DEFINITIONAL_REPRESENTATION('',(#15390),#15394);
#15390 = LINE('',#15391,#15392);
#15391 = CARTESIAN_POINT('',(45.,0.));
#15392 = VECTOR('',#15393,1.);
#15393 = DIRECTION('',(0.,1.));
#15394 = ( GEOMETRIC_REPRESENTATION_CONTEXT(2) 
PARAMETRIC_REPRESENTATION_CONTEXT() REPRESENTATION_CONTEXT('2D SPACE',''
  ) );
#15395 = ORIENTED_EDGE('',*,*,#15396,.F.);
#15396 = EDGE_CURVE('',#15397,#15374,#15399,.T.);
#15397 = VERTEX_POINT('',#15398);
#15398 = CARTESIAN_POINT('',(40.,-2.75,0.8));
#15399 = SURFACE_CURVE('',#15400,(#15404,#15411),.PCURVE_S1.);
#15400 = LINE('',#15401,#15402);
#15401 = CARTESIAN_POINT('',(40.,-2.75,0.8));
#15402 = VECTOR('',#15403,1.);
#15403 = DIRECTION('',(0.,0.,1.));
#15404 = PCURVE('',#14380,#15405);
#15405 = DEFINITIONAL_REPRESENTATION('',(#15406),#15410);
#15406 = LINE('',#15407,#15408);
#15407 = CARTESIAN_POINT('',(2.8,0.));
#15408 = VECTOR('',#15409,1.);
#15409 = DIRECTION('',(1.,0.));
#15410 = ( GEOMETRIC_REPRESENTATION_CONTEXT(2) 
PARAMETRIC_REPRESENTATION_CONTEXT() REPRESENTATION_CONTEXT('2D SPACE',''
  ) );
#15411 = PCURVE('',#15412,#15417);
#15412 = PLANE('',#15413);
#15413 = AXIS2_PLACEMENT_3D('',#15414,#15415,#15416);
#15414 = CARTESIAN_POINT('',(-5.,-2.75,0.8));
#15415 = DIRECTION('',(-0.,1.,0.));
#15416 = DIRECTION('',(0.,0.,1.));
#15417 = DEFINITIONAL_REPRESENTATION('',(#15418),#15422);
#15418 = LINE('',#15419,#15420);
#15419 = CARTESIAN_POINT('',(0.,45.));
#15420 = VECTOR('',#15421,1.);
#15421 = DIRECTION('',(1.,0.));
#15422 = ( GEOMETRIC_REPRESENTATION_CONTEXT(2) 
PARAMETRIC_REPRESENTATION_CONTEXT() REPRESENTATION_CONTEXT('2D SPACE',''
  ) );
#15423 = ORIENTED_EDGE('',*,*,#15424,.T.);
#15424 = EDGE_CURVE('',#15397,#15425,#15427,.T.);
#15425 = VERTEX_POINT('',#15426);
#15426 = CARTESIAN_POINT('',(40.,-1.2375,0.8));
#15427 = SURFACE_CURVE('',#15428,(#15432,#15439),.PCURVE_S1.);
#15428 = LINE('',#15429,#15430);
#15429 = CARTESIAN_POINT('',(40.,-2.75,0.8));
#15430 = VECTOR('',#15431,1.);
#15431 = DIRECTION('',(-0.,1.,0.));
#15432 = PCURVE('',#14380,#15433);
#15433 = DEFINITIONAL_REPRESENTATION('',(#15434),#15438);
#15434 = LINE('',#15435,#15436);
#15435 = CARTESIAN_POINT('',(2.8,0.));
#15436 = VECTOR('',#15437,1.);
#15437 = DIRECTION('',(0.,-1.));
#15438 = ( GEOMETRIC_REPRESENTATION_CONTEXT(2) 
PARAMETRIC_REPRESENTATION_CONTEXT() REPRESENTATION_CONTEXT('2D SPACE',''
  ) );
#15439 = PCURVE('',#15440,#15445);
#15440 = PLANE('',#15441);
#15441 = AXIS2_PLACEMENT_3D('',#15442,#15443,#15444);
#15442 = CARTESIAN_POINT('',(-5.,-2.75,0.8));
#15443 = DIRECTION('',(0.,0.,1.));
#15444 = DIRECTION('',(1.,0.,-0.));
#15445 = DEFINITIONAL_REPRESENTATION('',(#15446),#15450);
#15446 = LINE('',#15447,#15448);
#15447 = CARTESIAN_POINT('',(45.,0.));
#15448 = VECTOR('',#15449,1.);
#15449 = DIRECTION('',(0.,1.));
#15450 = ( GEOMETRIC_REPRESENTATION_CONTEXT(2) 
PARAMETRIC_REPRESENTATION_CONTEXT() REPRESENTATION_CONTEXT('2D SPACE',''
  ) );
#15451 = ORIENTED_EDGE('',*,*,#15452,.F.);
#15452 = EDGE_CURVE('',#15453,#15425,#15455,.T.);
#15453 = VERTEX_POINT('',#15454);
#15454 = CARTESIAN_POINT('',(40.,-1.2375,-0.8));
#15455 = SURFACE_CURVE('',#15456,(#15460,#15467),.PCURVE_S1.);
#15456 = LINE('',#15457,#15458);
#15457 = CARTESIAN_POINT('',(40.,-1.2375,-0.8));
#15458 = VECTOR('',#15459,1.);
#15459 = DIRECTION('',(0.,0.,1.));
#15460 = PCURVE('',#14380,#15461);
#15461 = DEFINITIONAL_REPRESENTATION('',(#15462),#15466);
#15462 = LINE('',#15463,#15464);
#15463 = CARTESIAN_POINT('',(1.2,-1.5125));
#15464 = VECTOR('',#15465,1.);
#15465 = DIRECTION('',(1.,0.));
#15466 = ( GEOMETRIC_REPRESENTATION_CONTEXT(2) 
PARAMETRIC_REPRESENTATION_CONTEXT() REPRESENTATION_CONTEXT('2D SPACE',''
  ) );
#15467 = PCURVE('',#15468,#15473);
#15468 = PLANE('',#15469);
#15469 = AXIS2_PLACEMENT_3D('',#15470,#15471,#15472);
#15470 = CARTESIAN_POINT('',(-5.,-1.2375,-0.8));
#15471 = DIRECTION('',(-0.,1.,0.));
#15472 = DIRECTION('',(0.,0.,1.));
#15473 = DEFINITIONAL_REPRESENTATION('',(#15474),#15478);
#15474 = LINE('',#15475,#15476);
#15475 = CARTESIAN_POINT('',(0.,45.));
#15476 = VECTOR('',#15477,1.);
#15477 = DIRECTION('',(1.,0.));
#15478 = ( GEOMETRIC_REPRESENTATION_CONTEXT(2) 
PARAMETRIC_REPRESENTATION_CONTEXT() REPRESENTATION_CONTEXT('2D SPACE',''
  ) );
#15479 = ORIENTED_EDGE('',*,*,#15480,.F.);
#15480 = EDGE_CURVE('',#15242,#15453,#15481,.T.);
#15481 = SURFACE_CURVE('',#15482,(#15486,#15493),.PCURVE_S1.);
#15482 = LINE('',#15483,#15484);
#15483 = CARTESIAN_POINT('',(40.,-2.75,-0.8));
#15484 = VECTOR('',#15485,1.);
#15485 = DIRECTION('',(-0.,1.,0.));
#15486 = PCURVE('',#14380,#15487);
#15487 = DEFINITIONAL_REPRESENTATION('',(#15488),#15492);
#15488 = LINE('',#15489,#15490);
#15489 = CARTESIAN_POINT('',(1.2,0.));
#15490 = VECTOR('',#15491,1.);
#15491 = DIRECTION('',(0.,-1.));
#15492 = ( GEOMETRIC_REPRESENTATION_CONTEXT(2) 
PARAMETRIC_REPRESENTATION_CONTEXT() REPRESENTATION_CONTEXT('2D SPACE',''
  ) );
#15493 = PCURVE('',#15494,#15499);
#15494 = PLANE('',#15495);
#15495 = AXIS2_PLACEMENT_3D('',#15496,#15497,#15498);
#15496 = CARTESIAN_POINT('',(-5.,-2.75,-0.8));
#15497 = DIRECTION('',(0.,0.,1.));
#15498 = DIRECTION('',(1.,0.,-0.));
#15499 = DEFINITIONAL_REPRESENTATION('',(#15500),#15504);
#15500 = LINE('',#15501,#15502);
#15501 = CARTESIAN_POINT('',(45.,0.));
#15502 = VECTOR('',#15503,1.);
#15503 = DIRECTION('',(0.,1.));
#15504 = ( GEOMETRIC_REPRESENTATION_CONTEXT(2) 
PARAMETRIC_REPRESENTATION_CONTEXT() REPRESENTATION_CONTEXT('2D SPACE',''
  ) );
#15505 = ADVANCED_FACE('',(#15506),#14238,.F.);
#15506 = FACE_BOUND('',#15507,.F.);
#15507 = EDGE_LOOP('',(#15508,#15509,#15510,#15533,#15559));
#15508 = ORIENTED_EDGE('',*,*,#14222,.F.);
#15509 = ORIENTED_EDGE('',*,*,#14968,.T.);
#15510 = ORIENTED_EDGE('',*,*,#15511,.T.);
#15511 = EDGE_CURVE('',#14969,#15512,#15514,.T.);
#15512 = VERTEX_POINT('',#15513);
#15513 = CARTESIAN_POINT('',(-4.175823272123,-2.75,-0.8));
#15514 = SURFACE_CURVE('',#15515,(#15519,#15526),.PCURVE_S1.);
#15515 = LINE('',#15516,#15517);
#15516 = CARTESIAN_POINT('',(-5.,-2.75,-0.8));
#15517 = VECTOR('',#15518,1.);
#15518 = DIRECTION('',(1.,0.,-0.));
#15519 = PCURVE('',#14238,#15520);
#15520 = DEFINITIONAL_REPRESENTATION('',(#15521),#15525);
#15521 = LINE('',#15522,#15523);
#15522 = CARTESIAN_POINT('',(1.2,0.));
#15523 = VECTOR('',#15524,1.);
#15524 = DIRECTION('',(0.,1.));
#15525 = ( GEOMETRIC_REPRESENTATION_CONTEXT(2) 
PARAMETRIC_REPRESENTATION_CONTEXT() REPRESENTATION_CONTEXT('2D SPACE',''
  ) );
#15526 = PCURVE('',#15226,#15527);
#15527 = DEFINITIONAL_REPRESENTATION('',(#15528),#15532);
#15528 = LINE('',#15529,#15530);
#15529 = CARTESIAN_POINT('',(0.,0.));
#15530 = VECTOR('',#15531,1.);
#15531 = DIRECTION('',(1.,0.));
#15532 = ( GEOMETRIC_REPRESENTATION_CONTEXT(2) 
PARAMETRIC_REPRESENTATION_CONTEXT() REPRESENTATION_CONTEXT('2D SPACE',''
  ) );
#15533 = ORIENTED_EDGE('',*,*,#15534,.F.);
#15534 = EDGE_CURVE('',#15535,#15512,#15537,.T.);
#15535 = VERTEX_POINT('',#15536);
#15536 = CARTESIAN_POINT('',(-4.175823272123,-2.75,-1.4));
#15537 = SURFACE_CURVE('',#15538,(#15542,#15548),.PCURVE_S1.);
#15538 = LINE('',#15539,#15540);
#15539 = CARTESIAN_POINT('',(-4.175823272123,-2.75,-2.));
#15540 = VECTOR('',#15541,1.);
#15541 = DIRECTION('',(0.,0.,1.));
#15542 = PCURVE('',#14238,#15543);
#15543 = DEFINITIONAL_REPRESENTATION('',(#15544),#15547);
#15544 = B_SPLINE_CURVE_WITH_KNOTS('',1,(#15545,#15546),.UNSPECIFIED.,
  .F.,.F.,(2,2),(0.599990345812,1.32),.PIECEWISE_BEZIER_KNOTS.);
#15545 = CARTESIAN_POINT('',(0.599990345812,0.824176727877));
#15546 = CARTESIAN_POINT('',(1.32,0.824176727877));
#15547 = ( GEOMETRIC_REPRESENTATION_CONTEXT(2) 
PARAMETRIC_REPRESENTATION_CONTEXT() REPRESENTATION_CONTEXT('2D SPACE',''
  ) );
#15548 = PCURVE('',#15549,#15554);
#15549 = CYLINDRICAL_SURFACE('',#15550,5.);
#15550 = AXIS2_PLACEMENT_3D('',#15551,#15552,#15553);
#15551 = CARTESIAN_POINT('',(0.,0.,-2.));
#15552 = DIRECTION('',(0.,0.,1.));
#15553 = DIRECTION('',(1.,0.,-0.));
#15554 = DEFINITIONAL_REPRESENTATION('',(#15555),#15558);
#15555 = B_SPLINE_CURVE_WITH_KNOTS('',1,(#15556,#15557),.UNSPECIFIED.,
  .F.,.F.,(2,2),(0.599990345812,1.32),.PIECEWISE_BEZIER_KNOTS.);
#15556 = CARTESIAN_POINT('',(3.723956891459,0.599990345812));
#15557 = CARTESIAN_POINT('',(3.723956891459,1.32));
#15558 = ( GEOMETRIC_REPRESENTATION_CONTEXT(2) 
PARAMETRIC_REPRESENTATION_CONTEXT() REPRESENTATION_CONTEXT('2D SPACE',''
  ) );
#15559 = ORIENTED_EDGE('',*,*,#15560,.T.);
#15560 = EDGE_CURVE('',#15535,#14223,#15561,.T.);
#15561 = SURFACE_CURVE('',#15562,(#15567,#15574),.PCURVE_S1.);
#15562 = HYPERBOLA('',#15563,2.75,2.75);
#15563 = AXIS2_PLACEMENT_3D('',#15564,#15565,#15566);
#15564 = CARTESIAN_POINT('',(0.,-2.75,-6.4));
#15565 = DIRECTION('',(-0.,1.,0.));
#15566 = DIRECTION('',(0.,0.,1.));
#15567 = PCURVE('',#14238,#15568);
#15568 = DEFINITIONAL_REPRESENTATION('',(#15569),#15573);
#15569 = ( BOUNDED_CURVE() B_SPLINE_CURVE(2,(#15570,#15571,#15572),
.UNSPECIFIED.,.F.,.F.) B_SPLINE_CURVE_WITH_KNOTS((3,3),(-1.204971208168,
-1.046967915003),.PIECEWISE_BEZIER_KNOTS.) CURVE() 
GEOMETRIC_REPRESENTATION_ITEM() RATIONAL_B_SPLINE_CURVE((1.,
1.003122253474,1.)) REPRESENTATION_ITEM('') );
#15570 = CARTESIAN_POINT('',(0.6,0.824176727877));
#15571 = CARTESIAN_POINT('',(0.270787700728,1.218365224156));
#15572 = CARTESIAN_POINT('',(8.881784197001E-16,1.565251100881));
#15573 = ( GEOMETRIC_REPRESENTATION_CONTEXT(2) 
PARAMETRIC_REPRESENTATION_CONTEXT() REPRESENTATION_CONTEXT('2D SPACE',''
  ) );
#15574 = PCURVE('',#14267,#15575);
#15575 = DEFINITIONAL_REPRESENTATION('',(#15576),#15583);
#15576 = B_SPLINE_CURVE_WITH_KNOTS('',5,(#15577,#15578,#15579,#15580,
    #15581,#15582),.UNSPECIFIED.,.F.,.F.,(6,6),(-1.204971208168,
    -1.046967915003),.PIECEWISE_BEZIER_KNOTS.);
#15577 = CARTESIAN_POINT('',(3.723956891459,2.22044604925E-16));
#15578 = CARTESIAN_POINT('',(3.741337253707,-0.131958765734));
#15579 = CARTESIAN_POINT('',(3.759290989976,-0.257676273539));
#15580 = CARTESIAN_POINT('',(3.777832374696,-0.377427038356));
#15581 = CARTESIAN_POINT('',(3.796973774881,-0.491459672549));
#15582 = CARTESIAN_POINT('',(3.816724186527,-0.6));
#15583 = ( GEOMETRIC_REPRESENTATION_CONTEXT(2) 
PARAMETRIC_REPRESENTATION_CONTEXT() REPRESENTATION_CONTEXT('2D SPACE',''
  ) );
#15584 = ADVANCED_FACE('',(#15585),#14352,.F.);
#15585 = FACE_BOUND('',#15586,.F.);
#15586 = EDGE_LOOP('',(#15587,#15588,#15615,#15641,#15662));
#15587 = ORIENTED_EDGE('',*,*,#14336,.F.);
#15588 = ORIENTED_EDGE('',*,*,#15589,.T.);
#15589 = EDGE_CURVE('',#14308,#15590,#15592,.T.);
#15590 = VERTEX_POINT('',#15591);
#15591 = CARTESIAN_POINT('',(39.175823272122,-2.75,-1.4));
#15592 = SURFACE_CURVE('',#15593,(#15598,#15605),.PCURVE_S1.);
#15593 = HYPERBOLA('',#15594,2.75,2.75);
#15594 = AXIS2_PLACEMENT_3D('',#15595,#15596,#15597);
#15595 = CARTESIAN_POINT('',(35.,-2.75,-6.4));
#15596 = DIRECTION('',(-0.,1.,0.));
#15597 = DIRECTION('',(0.,0.,1.));
#15598 = PCURVE('',#14352,#15599);
#15599 = DEFINITIONAL_REPRESENTATION('',(#15600),#15604);
#15600 = ( BOUNDED_CURVE() B_SPLINE_CURVE(2,(#15601,#15602,#15603),
.UNSPECIFIED.,.F.,.F.) B_SPLINE_CURVE_WITH_KNOTS((3,3),(1.046967915003,
1.204971208168),.PIECEWISE_BEZIER_KNOTS.) CURVE() 
GEOMETRIC_REPRESENTATION_ITEM() RATIONAL_B_SPLINE_CURVE((1.,
1.003122253474,1.)) REPRESENTATION_ITEM('') );
#15601 = CARTESIAN_POINT('',(-1.7763568394E-15,43.434748899119));
#15602 = CARTESIAN_POINT('',(0.270787700728,43.781634775844));
#15603 = CARTESIAN_POINT('',(0.6,44.175823272123));
#15604 = ( GEOMETRIC_REPRESENTATION_CONTEXT(2) 
PARAMETRIC_REPRESENTATION_CONTEXT() REPRESENTATION_CONTEXT('2D SPACE',''
  ) );
#15605 = PCURVE('',#14324,#15606);
#15606 = DEFINITIONAL_REPRESENTATION('',(#15607),#15614);
#15607 = B_SPLINE_CURVE_WITH_KNOTS('',5,(#15608,#15609,#15610,#15611,
    #15612,#15613),.UNSPECIFIED.,.F.,.F.,(6,6),(1.046967915003,
    1.204971208168),.PIECEWISE_BEZIER_KNOTS.);
#15608 = CARTESIAN_POINT('',(5.608053774243,-0.6));
#15609 = CARTESIAN_POINT('',(5.627804185888,-0.491459672549));
#15610 = CARTESIAN_POINT('',(5.646945586074,-0.377427038356));
#15611 = CARTESIAN_POINT('',(5.665486970793,-0.257676273539));
#15612 = CARTESIAN_POINT('',(5.683440707063,-0.131958765734));
#15613 = CARTESIAN_POINT('',(5.700821069311,-1.998401444325E-15));
#15614 = ( GEOMETRIC_REPRESENTATION_CONTEXT(2) 
PARAMETRIC_REPRESENTATION_CONTEXT() REPRESENTATION_CONTEXT('2D SPACE',''
  ) );
#15615 = ORIENTED_EDGE('',*,*,#15616,.T.);
#15616 = EDGE_CURVE('',#15590,#15617,#15619,.T.);
#15617 = VERTEX_POINT('',#15618);
#15618 = CARTESIAN_POINT('',(39.175823272122,-2.75,-0.8));
#15619 = SURFACE_CURVE('',#15620,(#15624,#15630),.PCURVE_S1.);
#15620 = LINE('',#15621,#15622);
#15621 = CARTESIAN_POINT('',(39.175823272123,-2.75,-2.));
#15622 = VECTOR('',#15623,1.);
#15623 = DIRECTION('',(0.,0.,1.));
#15624 = PCURVE('',#14352,#15625);
#15625 = DEFINITIONAL_REPRESENTATION('',(#15626),#15629);
#15626 = B_SPLINE_CURVE_WITH_KNOTS('',1,(#15627,#15628),.UNSPECIFIED.,
  .F.,.F.,(2,2),(0.599990345812,1.32),.PIECEWISE_BEZIER_KNOTS.);
#15627 = CARTESIAN_POINT('',(0.599990345812,44.175823272123));
#15628 = CARTESIAN_POINT('',(1.32,44.175823272123));
#15629 = ( GEOMETRIC_REPRESENTATION_CONTEXT(2) 
PARAMETRIC_REPRESENTATION_CONTEXT() REPRESENTATION_CONTEXT('2D SPACE',''
  ) );
#15630 = PCURVE('',#15631,#15636);
#15631 = CYLINDRICAL_SURFACE('',#15632,5.);
#15632 = AXIS2_PLACEMENT_3D('',#15633,#15634,#15635);
#15633 = CARTESIAN_POINT('',(35.,0.,-2.));
#15634 = DIRECTION('',(0.,0.,1.));
#15635 = DIRECTION('',(1.,0.,-0.));
#15636 = DEFINITIONAL_REPRESENTATION('',(#15637),#15640);
#15637 = B_SPLINE_CURVE_WITH_KNOTS('',1,(#15638,#15639),.UNSPECIFIED.,
  .F.,.F.,(2,2),(0.599990345812,1.32),.PIECEWISE_BEZIER_KNOTS.);
#15638 = CARTESIAN_POINT('',(5.700821069311,0.599990345812));
#15639 = CARTESIAN_POINT('',(5.700821069311,1.32));
#15640 = ( GEOMETRIC_REPRESENTATION_CONTEXT(2) 
PARAMETRIC_REPRESENTATION_CONTEXT() REPRESENTATION_CONTEXT('2D SPACE',''
  ) );
#15641 = ORIENTED_EDGE('',*,*,#15642,.T.);
#15642 = EDGE_CURVE('',#15617,#15242,#15643,.T.);
#15643 = SURFACE_CURVE('',#15644,(#15648,#15655),.PCURVE_S1.);
#15644 = LINE('',#15645,#15646);
#15645 = CARTESIAN_POINT('',(-5.,-2.75,-0.8));
#15646 = VECTOR('',#15647,1.);
#15647 = DIRECTION('',(1.,0.,-0.));
#15648 = PCURVE('',#14352,#15649);
#15649 = DEFINITIONAL_REPRESENTATION('',(#15650),#15654);
#15650 = LINE('',#15651,#15652);
#15651 = CARTESIAN_POINT('',(1.2,0.));
#15652 = VECTOR('',#15653,1.);
#15653 = DIRECTION('',(0.,1.));
#15654 = ( GEOMETRIC_REPRESENTATION_CONTEXT(2) 
PARAMETRIC_REPRESENTATION_CONTEXT() REPRESENTATION_CONTEXT('2D SPACE',''
  ) );
#15655 = PCURVE('',#15494,#15656);
#15656 = DEFINITIONAL_REPRESENTATION('',(#15657),#15661);
#15657 = LINE('',#15658,#15659);
#15658 = CARTESIAN_POINT('',(0.,0.));
#15659 = VECTOR('',#15660,1.);
#15660 = DIRECTION('',(1.,0.));
#15661 = ( GEOMETRIC_REPRESENTATION_CONTEXT(2) 
PARAMETRIC_REPRESENTATION_CONTEXT() REPRESENTATION_CONTEXT('2D SPACE',''
  ) );
#15662 = ORIENTED_EDGE('',*,*,#15241,.F.);
#15663 = ADVANCED_FACE('',(#15664),#14267,.T.);
#15664 = FACE_BOUND('',#15665,.F.);
#15665 = EDGE_LOOP('',(#15666,#15690,#15715,#15716));
#15666 = ORIENTED_EDGE('',*,*,#15667,.T.);
#15667 = EDGE_CURVE('',#15535,#15668,#15670,.T.);
#15668 = VERTEX_POINT('',#15669);
#15669 = CARTESIAN_POINT('',(4.175823272123,-2.75,-1.4));
#15670 = SURFACE_CURVE('',#15671,(#15676,#15683),.PCURVE_S1.);
#15671 = CIRCLE('',#15672,5.);
#15672 = AXIS2_PLACEMENT_3D('',#15673,#15674,#15675);
#15673 = CARTESIAN_POINT('',(0.,0.,-1.4));
#15674 = DIRECTION('',(0.,0.,1.));
#15675 = DIRECTION('',(1.,0.,-0.));
#15676 = PCURVE('',#14267,#15677);
#15677 = DEFINITIONAL_REPRESENTATION('',(#15678),#15682);
#15678 = LINE('',#15679,#15680);
#15679 = CARTESIAN_POINT('',(0.,-0.));
#15680 = VECTOR('',#15681,1.);
#15681 = DIRECTION('',(1.,-0.));
#15682 = ( GEOMETRIC_REPRESENTATION_CONTEXT(2) 
PARAMETRIC_REPRESENTATION_CONTEXT() REPRESENTATION_CONTEXT('2D SPACE',''
  ) );
#15683 = PCURVE('',#15549,#15684);
#15684 = DEFINITIONAL_REPRESENTATION('',(#15685),#15689);
#15685 = LINE('',#15686,#15687);
#15686 = CARTESIAN_POINT('',(0.,0.6));
#15687 = VECTOR('',#15688,1.);
#15688 = DIRECTION('',(1.,0.));
#15689 = ( GEOMETRIC_REPRESENTATION_CONTEXT(2) 
PARAMETRIC_REPRESENTATION_CONTEXT() REPRESENTATION_CONTEXT('2D SPACE',''
  ) );
#15690 = ORIENTED_EDGE('',*,*,#15691,.F.);
#15691 = EDGE_CURVE('',#14251,#15668,#15692,.T.);
#15692 = SURFACE_CURVE('',#15693,(#15698,#15708),.PCURVE_S1.);
#15693 = HYPERBOLA('',#15694,2.75,2.75);
#15694 = AXIS2_PLACEMENT_3D('',#15695,#15696,#15697);
#15695 = CARTESIAN_POINT('',(0.,-2.75,-6.4));
#15696 = DIRECTION('',(-0.,1.,0.));
#15697 = DIRECTION('',(0.,0.,1.));
#15698 = PCURVE('',#14267,#15699);
#15699 = DEFINITIONAL_REPRESENTATION('',(#15700),#15707);
#15700 = B_SPLINE_CURVE_WITH_KNOTS('',5,(#15701,#15702,#15703,#15704,
    #15705,#15706),.UNSPECIFIED.,.F.,.F.,(6,6),(1.046967915003,
    1.204971208168),.PIECEWISE_BEZIER_KNOTS.);
#15701 = CARTESIAN_POINT('',(5.608053774243,-0.6));
#15702 = CARTESIAN_POINT('',(5.627804185888,-0.491459672549));
#15703 = CARTESIAN_POINT('',(5.646945586074,-0.377427038356));
#15704 = CARTESIAN_POINT('',(5.665486970793,-0.257676273539));
#15705 = CARTESIAN_POINT('',(5.683440707063,-0.131958765734));
#15706 = CARTESIAN_POINT('',(5.700821069311,-6.661338147751E-16));
#15707 = ( GEOMETRIC_REPRESENTATION_CONTEXT(2) 
PARAMETRIC_REPRESENTATION_CONTEXT() REPRESENTATION_CONTEXT('2D SPACE',''
  ) );
#15708 = PCURVE('',#14295,#15709);
#15709 = DEFINITIONAL_REPRESENTATION('',(#15710),#15714);
#15710 = ( BOUNDED_CURVE() B_SPLINE_CURVE(2,(#15711,#15712,#15713),
.UNSPECIFIED.,.F.,.F.) B_SPLINE_CURVE_WITH_KNOTS((3,3),(1.046967915003,
1.204971208168),.PIECEWISE_BEZIER_KNOTS.) CURVE() 
GEOMETRIC_REPRESENTATION_ITEM() RATIONAL_B_SPLINE_CURVE((1.,
1.003122253474,1.)) REPRESENTATION_ITEM('') );
#15711 = CARTESIAN_POINT('',(0.,8.434748899119));
#15712 = CARTESIAN_POINT('',(0.270787700728,8.781634775844));
#15713 = CARTESIAN_POINT('',(0.6,9.175823272123));
#15714 = ( GEOMETRIC_REPRESENTATION_CONTEXT(2) 
PARAMETRIC_REPRESENTATION_CONTEXT() REPRESENTATION_CONTEXT('2D SPACE',''
  ) );
#15715 = ORIENTED_EDGE('',*,*,#14250,.F.);
#15716 = ORIENTED_EDGE('',*,*,#15560,.F.);
#15717 = ADVANCED_FACE('',(#15718),#14324,.T.);
#15718 = FACE_BOUND('',#15719,.F.);
#15719 = EDGE_LOOP('',(#15720,#15744,#15745,#15746));
#15720 = ORIENTED_EDGE('',*,*,#15721,.T.);
#15721 = EDGE_CURVE('',#15722,#15590,#15724,.T.);
#15722 = VERTEX_POINT('',#15723);
#15723 = CARTESIAN_POINT('',(30.824176727878,-2.75,-1.4));
#15724 = SURFACE_CURVE('',#15725,(#15730,#15737),.PCURVE_S1.);
#15725 = CIRCLE('',#15726,5.);
#15726 = AXIS2_PLACEMENT_3D('',#15727,#15728,#15729);
#15727 = CARTESIAN_POINT('',(35.,0.,-1.4));
#15728 = DIRECTION('',(0.,0.,1.));
#15729 = DIRECTION('',(1.,0.,-0.));
#15730 = PCURVE('',#14324,#15731);
#15731 = DEFINITIONAL_REPRESENTATION('',(#15732),#15736);
#15732 = LINE('',#15733,#15734);
#15733 = CARTESIAN_POINT('',(0.,-0.));
#15734 = VECTOR('',#15735,1.);
#15735 = DIRECTION('',(1.,-0.));
#15736 = ( GEOMETRIC_REPRESENTATION_CONTEXT(2) 
PARAMETRIC_REPRESENTATION_CONTEXT() REPRESENTATION_CONTEXT('2D SPACE',''
  ) );
#15737 = PCURVE('',#15631,#15738);
#15738 = DEFINITIONAL_REPRESENTATION('',(#15739),#15743);
#15739 = LINE('',#15740,#15741);
#15740 = CARTESIAN_POINT('',(0.,0.6));
#15741 = VECTOR('',#15742,1.);
#15742 = DIRECTION('',(1.,0.));
#15743 = ( GEOMETRIC_REPRESENTATION_CONTEXT(2) 
PARAMETRIC_REPRESENTATION_CONTEXT() REPRESENTATION_CONTEXT('2D SPACE',''
  ) );
#15744 = ORIENTED_EDGE('',*,*,#15589,.F.);
#15745 = ORIENTED_EDGE('',*,*,#14307,.F.);
#15746 = ORIENTED_EDGE('',*,*,#15747,.F.);
#15747 = EDGE_CURVE('',#15722,#14280,#15748,.T.);
#15748 = SURFACE_CURVE('',#15749,(#15754,#15764),.PCURVE_S1.);
#15749 = HYPERBOLA('',#15750,2.75,2.75);
#15750 = AXIS2_PLACEMENT_3D('',#15751,#15752,#15753);
#15751 = CARTESIAN_POINT('',(35.,-2.75,-6.4));
#15752 = DIRECTION('',(-0.,1.,0.));
#15753 = DIRECTION('',(0.,0.,1.));
#15754 = PCURVE('',#14324,#15755);
#15755 = DEFINITIONAL_REPRESENTATION('',(#15756),#15763);
#15756 = B_SPLINE_CURVE_WITH_KNOTS('',5,(#15757,#15758,#15759,#15760,
    #15761,#15762),.UNSPECIFIED.,.F.,.F.,(6,6),(-1.204971208168,
    -1.046967915003),.PIECEWISE_BEZIER_KNOTS.);
#15757 = CARTESIAN_POINT('',(3.723956891459,1.110223024625E-15));
#15758 = CARTESIAN_POINT('',(3.741337253707,-0.131958765734));
#15759 = CARTESIAN_POINT('',(3.759290989976,-0.257676273539));
#15760 = CARTESIAN_POINT('',(3.777832374696,-0.377427038356));
#15761 = CARTESIAN_POINT('',(3.796973774881,-0.491459672549));
#15762 = CARTESIAN_POINT('',(3.816724186527,-0.6));
#15763 = ( GEOMETRIC_REPRESENTATION_CONTEXT(2) 
PARAMETRIC_REPRESENTATION_CONTEXT() REPRESENTATION_CONTEXT('2D SPACE',''
  ) );
#15764 = PCURVE('',#14295,#15765);
#15765 = DEFINITIONAL_REPRESENTATION('',(#15766),#15770);
#15766 = ( BOUNDED_CURVE() B_SPLINE_CURVE(2,(#15767,#15768,#15769),
.UNSPECIFIED.,.F.,.F.) B_SPLINE_CURVE_WITH_KNOTS((3,3),(-1.204971208168,
-1.046967915003),.PIECEWISE_BEZIER_KNOTS.) CURVE() 
GEOMETRIC_REPRESENTATION_ITEM() RATIONAL_B_SPLINE_CURVE((1.,
1.003122253474,1.)) REPRESENTATION_ITEM('') );
#15767 = CARTESIAN_POINT('',(0.6,35.824176727877));
#15768 = CARTESIAN_POINT('',(0.270787700728,36.218365224156));
#15769 = CARTESIAN_POINT('',(8.881784197001E-16,36.565251100881));
#15770 = ( GEOMETRIC_REPRESENTATION_CONTEXT(2) 
PARAMETRIC_REPRESENTATION_CONTEXT() REPRESENTATION_CONTEXT('2D SPACE',''
  ) );
#15771 = ADVANCED_FACE('',(#15772),#14295,.F.);
#15772 = FACE_BOUND('',#15773,.F.);
#15773 = EDGE_LOOP('',(#15774,#15775,#15776,#15797,#15825,#15844));
#15774 = ORIENTED_EDGE('',*,*,#14279,.F.);
#15775 = ORIENTED_EDGE('',*,*,#15691,.T.);
#15776 = ORIENTED_EDGE('',*,*,#15777,.T.);
#15777 = EDGE_CURVE('',#15668,#15778,#15780,.T.);
#15778 = VERTEX_POINT('',#15779);
#15779 = CARTESIAN_POINT('',(4.175823272123,-2.75,-0.8));
#15780 = SURFACE_CURVE('',#15781,(#15785,#15791),.PCURVE_S1.);
#15781 = LINE('',#15782,#15783);
#15782 = CARTESIAN_POINT('',(4.175823272123,-2.75,-2.));
#15783 = VECTOR('',#15784,1.);
#15784 = DIRECTION('',(0.,0.,1.));
#15785 = PCURVE('',#14295,#15786);
#15786 = DEFINITIONAL_REPRESENTATION('',(#15787),#15790);
#15787 = B_SPLINE_CURVE_WITH_KNOTS('',1,(#15788,#15789),.UNSPECIFIED.,
  .F.,.F.,(2,2),(0.599990345812,1.32),.PIECEWISE_BEZIER_KNOTS.);
#15788 = CARTESIAN_POINT('',(0.599990345812,9.175823272123));
#15789 = CARTESIAN_POINT('',(1.32,9.175823272123));
#15790 = ( GEOMETRIC_REPRESENTATION_CONTEXT(2) 
PARAMETRIC_REPRESENTATION_CONTEXT() REPRESENTATION_CONTEXT('2D SPACE',''
  ) );
#15791 = PCURVE('',#15549,#15792);
#15792 = DEFINITIONAL_REPRESENTATION('',(#15793),#15796);
#15793 = B_SPLINE_CURVE_WITH_KNOTS('',1,(#15794,#15795),.UNSPECIFIED.,
  .F.,.F.,(2,2),(0.599990345812,1.32),.PIECEWISE_BEZIER_KNOTS.);
#15794 = CARTESIAN_POINT('',(5.700821069311,0.599990345812));
#15795 = CARTESIAN_POINT('',(5.700821069311,1.32));
#15796 = ( GEOMETRIC_REPRESENTATION_CONTEXT(2) 
PARAMETRIC_REPRESENTATION_CONTEXT() REPRESENTATION_CONTEXT('2D SPACE',''
  ) );
#15797 = ORIENTED_EDGE('',*,*,#15798,.T.);
#15798 = EDGE_CURVE('',#15778,#15799,#15801,.T.);
#15799 = VERTEX_POINT('',#15800);
#15800 = CARTESIAN_POINT('',(30.824176727878,-2.75,-0.8));
#15801 = SURFACE_CURVE('',#15802,(#15806,#15813),.PCURVE_S1.);
#15802 = LINE('',#15803,#15804);
#15803 = CARTESIAN_POINT('',(-5.,-2.75,-0.8));
#15804 = VECTOR('',#15805,1.);
#15805 = DIRECTION('',(1.,0.,-0.));
#15806 = PCURVE('',#14295,#15807);
#15807 = DEFINITIONAL_REPRESENTATION('',(#15808),#15812);
#15808 = LINE('',#15809,#15810);
#15809 = CARTESIAN_POINT('',(1.2,0.));
#15810 = VECTOR('',#15811,1.);
#15811 = DIRECTION('',(0.,1.));
#15812 = ( GEOMETRIC_REPRESENTATION_CONTEXT(2) 
PARAMETRIC_REPRESENTATION_CONTEXT() REPRESENTATION_CONTEXT('2D SPACE',''
  ) );
#15813 = PCURVE('',#15814,#15819);
#15814 = PLANE('',#15815);
#15815 = AXIS2_PLACEMENT_3D('',#15816,#15817,#15818);
#15816 = CARTESIAN_POINT('',(-5.,-2.75,-0.8));
#15817 = DIRECTION('',(0.,0.,1.));
#15818 = DIRECTION('',(1.,0.,-0.));
#15819 = DEFINITIONAL_REPRESENTATION('',(#15820),#15824);
#15820 = LINE('',#15821,#15822);
#15821 = CARTESIAN_POINT('',(0.,0.));
#15822 = VECTOR('',#15823,1.);
#15823 = DIRECTION('',(1.,0.));
#15824 = ( GEOMETRIC_REPRESENTATION_CONTEXT(2) 
PARAMETRIC_REPRESENTATION_CONTEXT() REPRESENTATION_CONTEXT('2D SPACE',''
  ) );
#15825 = ORIENTED_EDGE('',*,*,#15826,.F.);
#15826 = EDGE_CURVE('',#15722,#15799,#15827,.T.);
#15827 = SURFACE_CURVE('',#15828,(#15832,#15838),.PCURVE_S1.);
#15828 = LINE('',#15829,#15830);
#15829 = CARTESIAN_POINT('',(30.824176727877,-2.75,-2.));
#15830 = VECTOR('',#15831,1.);
#15831 = DIRECTION('',(0.,0.,1.));
#15832 = PCURVE('',#14295,#15833);
#15833 = DEFINITIONAL_REPRESENTATION('',(#15834),#15837);
#15834 = B_SPLINE_CURVE_WITH_KNOTS('',1,(#15835,#15836),.UNSPECIFIED.,
  .F.,.F.,(2,2),(0.599990345812,1.32),.PIECEWISE_BEZIER_KNOTS.);
#15835 = CARTESIAN_POINT('',(0.599990345812,35.824176727877));
#15836 = CARTESIAN_POINT('',(1.32,35.824176727877));
#15837 = ( GEOMETRIC_REPRESENTATION_CONTEXT(2) 
PARAMETRIC_REPRESENTATION_CONTEXT() REPRESENTATION_CONTEXT('2D SPACE',''
  ) );
#15838 = PCURVE('',#15631,#15839);
#15839 = DEFINITIONAL_REPRESENTATION('',(#15840),#15843);
#15840 = B_SPLINE_CURVE_WITH_KNOTS('',1,(#15841,#15842),.UNSPECIFIED.,
  .F.,.F.,(2,2),(0.599990345812,1.32),.PIECEWISE_BEZIER_KNOTS.);
#15841 = CARTESIAN_POINT('',(3.723956891459,0.599990345812));
#15842 = CARTESIAN_POINT('',(3.723956891459,1.32));
#15843 = ( GEOMETRIC_REPRESENTATION_CONTEXT(2) 
PARAMETRIC_REPRESENTATION_CONTEXT() REPRESENTATION_CONTEXT('2D SPACE',''
  ) );
#15844 = ORIENTED_EDGE('',*,*,#15747,.T.);
#15845 = ADVANCED_FACE('',(#15846),#14466,.F.);
#15846 = FACE_BOUND('',#15847,.F.);
#15847 = EDGE_LOOP('',(#15848,#15872,#15893,#15894));
#15848 = ORIENTED_EDGE('',*,*,#15849,.F.);
#15849 = EDGE_CURVE('',#15850,#15850,#15852,.T.);
#15850 = VERTEX_POINT('',#15851);
#15851 = CARTESIAN_POINT('',(2.05,-5.021051876504E-16,2.));
#15852 = SURFACE_CURVE('',#15853,(#15858,#15865),.PCURVE_S1.);
#15853 = CIRCLE('',#15854,2.05);
#15854 = AXIS2_PLACEMENT_3D('',#15855,#15856,#15857);
#15855 = CARTESIAN_POINT('',(0.,0.,2.));
#15856 = DIRECTION('',(0.,0.,1.));
#15857 = DIRECTION('',(1.,0.,-0.));
#15858 = PCURVE('',#14466,#15859);
#15859 = DEFINITIONAL_REPRESENTATION('',(#15860),#15864);
#15860 = LINE('',#15861,#15862);
#15861 = CARTESIAN_POINT('',(0.,5.));
#15862 = VECTOR('',#15863,1.);
#15863 = DIRECTION('',(1.,0.));
#15864 = ( GEOMETRIC_REPRESENTATION_CONTEXT(2) 
PARAMETRIC_REPRESENTATION_CONTEXT() REPRESENTATION_CONTEXT('2D SPACE',''
  ) );
#15865 = PCURVE('',#15116,#15866);
#15866 = DEFINITIONAL_REPRESENTATION('',(#15867),#15871);
#15867 = CIRCLE('',#15868,2.05);
#15868 = AXIS2_PLACEMENT_2D('',#15869,#15870);
#15869 = CARTESIAN_POINT('',(5.,2.75));
#15870 = DIRECTION('',(1.,0.));
#15871 = ( GEOMETRIC_REPRESENTATION_CONTEXT(2) 
PARAMETRIC_REPRESENTATION_CONTEXT() REPRESENTATION_CONTEXT('2D SPACE',''
  ) );
#15872 = ORIENTED_EDGE('',*,*,#15873,.F.);
#15873 = EDGE_CURVE('',#14450,#15850,#15874,.T.);
#15874 = SEAM_CURVE('',#15875,(#15879,#15886),.PCURVE_S1.);
#15875 = LINE('',#15876,#15877);
#15876 = CARTESIAN_POINT('',(2.05,-5.021051876504E-16,-3.));
#15877 = VECTOR('',#15878,1.);
#15878 = DIRECTION('',(0.,0.,1.));
#15879 = PCURVE('',#14466,#15880);
#15880 = DEFINITIONAL_REPRESENTATION('',(#15881),#15885);
#15881 = LINE('',#15882,#15883);
#15882 = CARTESIAN_POINT('',(6.28318530718,-0.));
#15883 = VECTOR('',#15884,1.);
#15884 = DIRECTION('',(0.,1.));
#15885 = ( GEOMETRIC_REPRESENTATION_CONTEXT(2) 
PARAMETRIC_REPRESENTATION_CONTEXT() REPRESENTATION_CONTEXT('2D SPACE',''
  ) );
#15886 = PCURVE('',#14466,#15887);
#15887 = DEFINITIONAL_REPRESENTATION('',(#15888),#15892);
#15888 = LINE('',#15889,#15890);
#15889 = CARTESIAN_POINT('',(0.,-0.));
#15890 = VECTOR('',#15891,1.);
#15891 = DIRECTION('',(0.,1.));
#15892 = ( GEOMETRIC_REPRESENTATION_CONTEXT(2) 
PARAMETRIC_REPRESENTATION_CONTEXT() REPRESENTATION_CONTEXT('2D SPACE',''
  ) );
#15893 = ORIENTED_EDGE('',*,*,#14449,.T.);
#15894 = ORIENTED_EDGE('',*,*,#15873,.T.);
#15895 = ADVANCED_FACE('',(#15896,#15945,#16052),#14497,.F.);
#15896 = FACE_BOUND('',#15897,.F.);
#15897 = EDGE_LOOP('',(#15898,#15922,#15943,#15944));
#15898 = ORIENTED_EDGE('',*,*,#15899,.F.);
#15899 = EDGE_CURVE('',#15900,#15900,#15902,.T.);
#15900 = VERTEX_POINT('',#15901);
#15901 = CARTESIAN_POINT('',(13.45,-5.388445916248E-16,2.));
#15902 = SURFACE_CURVE('',#15903,(#15908,#15915),.PCURVE_S1.);
#15903 = CIRCLE('',#15904,2.2);
#15904 = AXIS2_PLACEMENT_3D('',#15905,#15906,#15907);
#15905 = CARTESIAN_POINT('',(11.25,0.,2.));
#15906 = DIRECTION('',(0.,0.,1.));
#15907 = DIRECTION('',(1.,0.,-0.));
#15908 = PCURVE('',#14497,#15909);
#15909 = DEFINITIONAL_REPRESENTATION('',(#15910),#15914);
#15910 = LINE('',#15911,#15912);
#15911 = CARTESIAN_POINT('',(0.,5.));
#15912 = VECTOR('',#15913,1.);
#15913 = DIRECTION('',(1.,0.));
#15914 = ( GEOMETRIC_REPRESENTATION_CONTEXT(2) 
PARAMETRIC_REPRESENTATION_CONTEXT() REPRESENTATION_CONTEXT('2D SPACE',''
  ) );
#15915 = PCURVE('',#15116,#15916);
#15916 = DEFINITIONAL_REPRESENTATION('',(#15917),#15921);
#15917 = CIRCLE('',#15918,2.2);
#15918 = AXIS2_PLACEMENT_2D('',#15919,#15920);
#15919 = CARTESIAN_POINT('',(16.25,2.75));
#15920 = DIRECTION('',(1.,0.));
#15921 = ( GEOMETRIC_REPRESENTATION_CONTEXT(2) 
PARAMETRIC_REPRESENTATION_CONTEXT() REPRESENTATION_CONTEXT('2D SPACE',''
  ) );
#15922 = ORIENTED_EDGE('',*,*,#15923,.F.);
#15923 = EDGE_CURVE('',#14481,#15900,#15924,.T.);
#15924 = SEAM_CURVE('',#15925,(#15929,#15936),.PCURVE_S1.);
#15925 = LINE('',#15926,#15927);
#15926 = CARTESIAN_POINT('',(13.45,-5.388445916248E-16,-3.));
#15927 = VECTOR('',#15928,1.);
#15928 = DIRECTION('',(0.,0.,1.));
#15929 = PCURVE('',#14497,#15930);
#15930 = DEFINITIONAL_REPRESENTATION('',(#15931),#15935);
#15931 = LINE('',#15932,#15933);
#15932 = CARTESIAN_POINT('',(6.28318530718,-0.));
#15933 = VECTOR('',#15934,1.);
#15934 = DIRECTION('',(0.,1.));
#15935 = ( GEOMETRIC_REPRESENTATION_CONTEXT(2) 
PARAMETRIC_REPRESENTATION_CONTEXT() REPRESENTATION_CONTEXT('2D SPACE',''
  ) );
#15936 = PCURVE('',#14497,#15937);
#15937 = DEFINITIONAL_REPRESENTATION('',(#15938),#15942);
#15938 = LINE('',#15939,#15940);
#15939 = CARTESIAN_POINT('',(0.,-0.));
#15940 = VECTOR('',#15941,1.);
#15941 = DIRECTION('',(0.,1.));
#15942 = ( GEOMETRIC_REPRESENTATION_CONTEXT(2) 
PARAMETRIC_REPRESENTATION_CONTEXT() REPRESENTATION_CONTEXT('2D SPACE',''
  ) );
#15943 = ORIENTED_EDGE('',*,*,#14480,.T.);
#15944 = ORIENTED_EDGE('',*,*,#15923,.T.);
#15945 = FACE_BOUND('',#15946,.F.);
#15946 = EDGE_LOOP('',(#15947,#15973,#15999,#16028));
#15947 = ORIENTED_EDGE('',*,*,#15948,.F.);
#15948 = EDGE_CURVE('',#15949,#15951,#15953,.T.);
#15949 = VERTEX_POINT('',#15950);
#15950 = CARTESIAN_POINT('',(13.068954026357,1.2375,-0.8));
#15951 = VERTEX_POINT('',#15952);
#15952 = CARTESIAN_POINT('',(9.431045973643,1.2375,-0.8));
#15953 = SURFACE_CURVE('',#15954,(#15959,#15966),.PCURVE_S1.);
#15954 = CIRCLE('',#15955,2.2);
#15955 = AXIS2_PLACEMENT_3D('',#15956,#15957,#15958);
#15956 = CARTESIAN_POINT('',(11.25,0.,-0.8));
#15957 = DIRECTION('',(0.,0.,1.));
#15958 = DIRECTION('',(1.,0.,-0.));
#15959 = PCURVE('',#14497,#15960);
#15960 = DEFINITIONAL_REPRESENTATION('',(#15961),#15965);
#15961 = LINE('',#15962,#15963);
#15962 = CARTESIAN_POINT('',(0.,2.2));
#15963 = VECTOR('',#15964,1.);
#15964 = DIRECTION('',(1.,0.));
#15965 = ( GEOMETRIC_REPRESENTATION_CONTEXT(2) 
PARAMETRIC_REPRESENTATION_CONTEXT() REPRESENTATION_CONTEXT('2D SPACE',''
  ) );
#15966 = PCURVE('',#14644,#15967);
#15967 = DEFINITIONAL_REPRESENTATION('',(#15968),#15972);
#15968 = CIRCLE('',#15969,2.2);
#15969 = AXIS2_PLACEMENT_2D('',#15970,#15971);
#15970 = CARTESIAN_POINT('',(16.25,2.75));
#15971 = DIRECTION('',(1.,0.));
#15972 = ( GEOMETRIC_REPRESENTATION_CONTEXT(2) 
PARAMETRIC_REPRESENTATION_CONTEXT() REPRESENTATION_CONTEXT('2D SPACE',''
  ) );
#15973 = ORIENTED_EDGE('',*,*,#15974,.T.);
#15974 = EDGE_CURVE('',#15949,#15975,#15977,.T.);
#15975 = VERTEX_POINT('',#15976);
#15976 = CARTESIAN_POINT('',(13.068954026357,1.2375,0.8));
#15977 = SURFACE_CURVE('',#15978,(#15982,#15988),.PCURVE_S1.);
#15978 = LINE('',#15979,#15980);
#15979 = CARTESIAN_POINT('',(13.068954026357,1.2375,-3.));
#15980 = VECTOR('',#15981,1.);
#15981 = DIRECTION('',(0.,0.,1.));
#15982 = PCURVE('',#14497,#15983);
#15983 = DEFINITIONAL_REPRESENTATION('',(#15984),#15987);
#15984 = B_SPLINE_CURVE_WITH_KNOTS('',1,(#15985,#15986),.UNSPECIFIED.,
  .F.,.F.,(2,2),(2.04,3.96),.PIECEWISE_BEZIER_KNOTS.);
#15985 = CARTESIAN_POINT('',(0.597406416645,2.04));
#15986 = CARTESIAN_POINT('',(0.597406416645,3.96));
#15987 = ( GEOMETRIC_REPRESENTATION_CONTEXT(2) 
PARAMETRIC_REPRESENTATION_CONTEXT() REPRESENTATION_CONTEXT('2D SPACE',''
  ) );
#15988 = PCURVE('',#15989,#15994);
#15989 = PLANE('',#15990);
#15990 = AXIS2_PLACEMENT_3D('',#15991,#15992,#15993);
#15991 = CARTESIAN_POINT('',(-5.,1.2375,-0.8));
#15992 = DIRECTION('',(-0.,1.,0.));
#15993 = DIRECTION('',(0.,0.,1.));
#15994 = DEFINITIONAL_REPRESENTATION('',(#15995),#15998);
#15995 = B_SPLINE_CURVE_WITH_KNOTS('',1,(#15996,#15997),.UNSPECIFIED.,
  .F.,.F.,(2,2),(2.04,3.96),.PIECEWISE_BEZIER_KNOTS.);
#15996 = CARTESIAN_POINT('',(-0.16,18.068954026357));
#15997 = CARTESIAN_POINT('',(1.76,18.068954026357));
#15998 = ( GEOMETRIC_REPRESENTATION_CONTEXT(2) 
PARAMETRIC_REPRESENTATION_CONTEXT() REPRESENTATION_CONTEXT('2D SPACE',''
  ) );
#15999 = ORIENTED_EDGE('',*,*,#16000,.T.);
#16000 = EDGE_CURVE('',#15975,#16001,#16003,.T.);
#16001 = VERTEX_POINT('',#16002);
#16002 = CARTESIAN_POINT('',(9.431045973643,1.2375,0.8));
#16003 = SURFACE_CURVE('',#16004,(#16009,#16016),.PCURVE_S1.);
#16004 = CIRCLE('',#16005,2.2);
#16005 = AXIS2_PLACEMENT_3D('',#16006,#16007,#16008);
#16006 = CARTESIAN_POINT('',(11.25,0.,0.8));
#16007 = DIRECTION('',(0.,0.,1.));
#16008 = DIRECTION('',(1.,0.,-0.));
#16009 = PCURVE('',#14497,#16010);
#16010 = DEFINITIONAL_REPRESENTATION('',(#16011),#16015);
#16011 = LINE('',#16012,#16013);
#16012 = CARTESIAN_POINT('',(0.,3.8));
#16013 = VECTOR('',#16014,1.);
#16014 = DIRECTION('',(1.,0.));
#16015 = ( GEOMETRIC_REPRESENTATION_CONTEXT(2) 
PARAMETRIC_REPRESENTATION_CONTEXT() REPRESENTATION_CONTEXT('2D SPACE',''
  ) );
#16016 = PCURVE('',#16017,#16022);
#16017 = PLANE('',#16018);
#16018 = AXIS2_PLACEMENT_3D('',#16019,#16020,#16021);
#16019 = CARTESIAN_POINT('',(-5.,-2.75,0.8));
#16020 = DIRECTION('',(0.,0.,1.));
#16021 = DIRECTION('',(1.,0.,-0.));
#16022 = DEFINITIONAL_REPRESENTATION('',(#16023),#16027);
#16023 = CIRCLE('',#16024,2.2);
#16024 = AXIS2_PLACEMENT_2D('',#16025,#16026);
#16025 = CARTESIAN_POINT('',(16.25,2.75));
#16026 = DIRECTION('',(1.,0.));
#16027 = ( GEOMETRIC_REPRESENTATION_CONTEXT(2) 
PARAMETRIC_REPRESENTATION_CONTEXT() REPRESENTATION_CONTEXT('2D SPACE',''
  ) );
#16028 = ORIENTED_EDGE('',*,*,#16029,.F.);
#16029 = EDGE_CURVE('',#15951,#16001,#16030,.T.);
#16030 = SURFACE_CURVE('',#16031,(#16035,#16041),.PCURVE_S1.);
#16031 = LINE('',#16032,#16033);
#16032 = CARTESIAN_POINT('',(9.431045973643,1.2375,-3.));
#16033 = VECTOR('',#16034,1.);
#16034 = DIRECTION('',(0.,0.,1.));
#16035 = PCURVE('',#14497,#16036);
#16036 = DEFINITIONAL_REPRESENTATION('',(#16037),#16040);
#16037 = B_SPLINE_CURVE_WITH_KNOTS('',1,(#16038,#16039),.UNSPECIFIED.,
  .F.,.F.,(2,2),(2.04,3.96),.PIECEWISE_BEZIER_KNOTS.);
#16038 = CARTESIAN_POINT('',(2.544186236944,2.04));
#16039 = CARTESIAN_POINT('',(2.544186236944,3.96));
#16040 = ( GEOMETRIC_REPRESENTATION_CONTEXT(2) 
PARAMETRIC_REPRESENTATION_CONTEXT() REPRESENTATION_CONTEXT('2D SPACE',''
  ) );
#16041 = PCURVE('',#16042,#16047);
#16042 = PLANE('',#16043);
#16043 = AXIS2_PLACEMENT_3D('',#16044,#16045,#16046);
#16044 = CARTESIAN_POINT('',(-5.,1.2375,-0.8));
#16045 = DIRECTION('',(-0.,1.,0.));
#16046 = DIRECTION('',(0.,0.,1.));
#16047 = DEFINITIONAL_REPRESENTATION('',(#16048),#16051);
#16048 = B_SPLINE_CURVE_WITH_KNOTS('',1,(#16049,#16050),.UNSPECIFIED.,
  .F.,.F.,(2,2),(2.04,3.96),.PIECEWISE_BEZIER_KNOTS.);
#16049 = CARTESIAN_POINT('',(-0.16,14.431045973643));
#16050 = CARTESIAN_POINT('',(1.76,14.431045973643));
#16051 = ( GEOMETRIC_REPRESENTATION_CONTEXT(2) 
PARAMETRIC_REPRESENTATION_CONTEXT() REPRESENTATION_CONTEXT('2D SPACE',''
  ) );
#16052 = FACE_BOUND('',#16053,.F.);
#16053 = EDGE_LOOP('',(#16054,#16080,#16106,#16135));
#16054 = ORIENTED_EDGE('',*,*,#16055,.F.);
#16055 = EDGE_CURVE('',#16056,#16058,#16060,.T.);
#16056 = VERTEX_POINT('',#16057);
#16057 = CARTESIAN_POINT('',(9.431045973643,-1.2375,-0.8));
#16058 = VERTEX_POINT('',#16059);
#16059 = CARTESIAN_POINT('',(13.068954026357,-1.2375,-0.8));
#16060 = SURFACE_CURVE('',#16061,(#16066,#16073),.PCURVE_S1.);
#16061 = CIRCLE('',#16062,2.2);
#16062 = AXIS2_PLACEMENT_3D('',#16063,#16064,#16065);
#16063 = CARTESIAN_POINT('',(11.25,0.,-0.8));
#16064 = DIRECTION('',(0.,0.,1.));
#16065 = DIRECTION('',(1.,0.,-0.));
#16066 = PCURVE('',#14497,#16067);
#16067 = DEFINITIONAL_REPRESENTATION('',(#16068),#16072);
#16068 = LINE('',#16069,#16070);
#16069 = CARTESIAN_POINT('',(0.,2.2));
#16070 = VECTOR('',#16071,1.);
#16071 = DIRECTION('',(1.,0.));
#16072 = ( GEOMETRIC_REPRESENTATION_CONTEXT(2) 
PARAMETRIC_REPRESENTATION_CONTEXT() REPRESENTATION_CONTEXT('2D SPACE',''
  ) );
#16073 = PCURVE('',#15814,#16074);
#16074 = DEFINITIONAL_REPRESENTATION('',(#16075),#16079);
#16075 = CIRCLE('',#16076,2.2);
#16076 = AXIS2_PLACEMENT_2D('',#16077,#16078);
#16077 = CARTESIAN_POINT('',(16.25,2.75));
#16078 = DIRECTION('',(1.,0.));
#16079 = ( GEOMETRIC_REPRESENTATION_CONTEXT(2) 
PARAMETRIC_REPRESENTATION_CONTEXT() REPRESENTATION_CONTEXT('2D SPACE',''
  ) );
#16080 = ORIENTED_EDGE('',*,*,#16081,.T.);
#16081 = EDGE_CURVE('',#16056,#16082,#16084,.T.);
#16082 = VERTEX_POINT('',#16083);
#16083 = CARTESIAN_POINT('',(9.431045973643,-1.2375,0.8));
#16084 = SURFACE_CURVE('',#16085,(#16089,#16095),.PCURVE_S1.);
#16085 = LINE('',#16086,#16087);
#16086 = CARTESIAN_POINT('',(9.431045973643,-1.2375,-3.));
#16087 = VECTOR('',#16088,1.);
#16088 = DIRECTION('',(0.,0.,1.));
#16089 = PCURVE('',#14497,#16090);
#16090 = DEFINITIONAL_REPRESENTATION('',(#16091),#16094);
#16091 = B_SPLINE_CURVE_WITH_KNOTS('',1,(#16092,#16093),.UNSPECIFIED.,
  .F.,.F.,(2,2),(2.04,3.96),.PIECEWISE_BEZIER_KNOTS.);
#16092 = CARTESIAN_POINT('',(3.738999070235,2.04));
#16093 = CARTESIAN_POINT('',(3.738999070235,3.96));
#16094 = ( GEOMETRIC_REPRESENTATION_CONTEXT(2) 
PARAMETRIC_REPRESENTATION_CONTEXT() REPRESENTATION_CONTEXT('2D SPACE',''
  ) );
#16095 = PCURVE('',#16096,#16101);
#16096 = PLANE('',#16097);
#16097 = AXIS2_PLACEMENT_3D('',#16098,#16099,#16100);
#16098 = CARTESIAN_POINT('',(-5.,-1.2375,-0.8));
#16099 = DIRECTION('',(-0.,1.,0.));
#16100 = DIRECTION('',(0.,0.,1.));
#16101 = DEFINITIONAL_REPRESENTATION('',(#16102),#16105);
#16102 = B_SPLINE_CURVE_WITH_KNOTS('',1,(#16103,#16104),.UNSPECIFIED.,
  .F.,.F.,(2,2),(2.04,3.96),.PIECEWISE_BEZIER_KNOTS.);
#16103 = CARTESIAN_POINT('',(-0.16,14.431045973643));
#16104 = CARTESIAN_POINT('',(1.76,14.431045973643));
#16105 = ( GEOMETRIC_REPRESENTATION_CONTEXT(2) 
PARAMETRIC_REPRESENTATION_CONTEXT() REPRESENTATION_CONTEXT('2D SPACE',''
  ) );
#16106 = ORIENTED_EDGE('',*,*,#16107,.T.);
#16107 = EDGE_CURVE('',#16082,#16108,#16110,.T.);
#16108 = VERTEX_POINT('',#16109);
#16109 = CARTESIAN_POINT('',(13.068954026357,-1.2375,0.8));
#16110 = SURFACE_CURVE('',#16111,(#16116,#16123),.PCURVE_S1.);
#16111 = CIRCLE('',#16112,2.2);
#16112 = AXIS2_PLACEMENT_3D('',#16113,#16114,#16115);
#16113 = CARTESIAN_POINT('',(11.25,0.,0.8));
#16114 = DIRECTION('',(0.,0.,1.));
#16115 = DIRECTION('',(1.,0.,-0.));
#16116 = PCURVE('',#14497,#16117);
#16117 = DEFINITIONAL_REPRESENTATION('',(#16118),#16122);
#16118 = LINE('',#16119,#16120);
#16119 = CARTESIAN_POINT('',(0.,3.8));
#16120 = VECTOR('',#16121,1.);
#16121 = DIRECTION('',(1.,0.));
#16122 = ( GEOMETRIC_REPRESENTATION_CONTEXT(2) 
PARAMETRIC_REPRESENTATION_CONTEXT() REPRESENTATION_CONTEXT('2D SPACE',''
  ) );
#16123 = PCURVE('',#16124,#16129);
#16124 = PLANE('',#16125);
#16125 = AXIS2_PLACEMENT_3D('',#16126,#16127,#16128);
#16126 = CARTESIAN_POINT('',(-5.,-2.75,0.8));
#16127 = DIRECTION('',(0.,0.,1.));
#16128 = DIRECTION('',(1.,0.,-0.));
#16129 = DEFINITIONAL_REPRESENTATION('',(#16130),#16134);
#16130 = CIRCLE('',#16131,2.2);
#16131 = AXIS2_PLACEMENT_2D('',#16132,#16133);
#16132 = CARTESIAN_POINT('',(16.25,2.75));
#16133 = DIRECTION('',(1.,0.));
#16134 = ( GEOMETRIC_REPRESENTATION_CONTEXT(2) 
PARAMETRIC_REPRESENTATION_CONTEXT() REPRESENTATION_CONTEXT('2D SPACE',''
  ) );
#16135 = ORIENTED_EDGE('',*,*,#16136,.F.);
#16136 = EDGE_CURVE('',#16058,#16108,#16137,.T.);
#16137 = SURFACE_CURVE('',#16138,(#16142,#16148),.PCURVE_S1.);
#16138 = LINE('',#16139,#16140);
#16139 = CARTESIAN_POINT('',(13.068954026357,-1.2375,-3.));
#16140 = VECTOR('',#16141,1.);
#16141 = DIRECTION('',(0.,0.,1.));
#16142 = PCURVE('',#14497,#16143);
#16143 = DEFINITIONAL_REPRESENTATION('',(#16144),#16147);
#16144 = B_SPLINE_CURVE_WITH_KNOTS('',1,(#16145,#16146),.UNSPECIFIED.,
  .F.,.F.,(2,2),(2.04,3.96),.PIECEWISE_BEZIER_KNOTS.);
#16145 = CARTESIAN_POINT('',(5.685778890534,2.04));
#16146 = CARTESIAN_POINT('',(5.685778890534,3.96));
#16147 = ( GEOMETRIC_REPRESENTATION_CONTEXT(2) 
PARAMETRIC_REPRESENTATION_CONTEXT() REPRESENTATION_CONTEXT('2D SPACE',''
  ) );
#16148 = PCURVE('',#16149,#16154);
#16149 = PLANE('',#16150);
#16150 = AXIS2_PLACEMENT_3D('',#16151,#16152,#16153);
#16151 = CARTESIAN_POINT('',(-5.,-1.2375,-0.8));
#16152 = DIRECTION('',(-0.,1.,0.));
#16153 = DIRECTION('',(0.,0.,1.));
#16154 = DEFINITIONAL_REPRESENTATION('',(#16155),#16158);
#16155 = B_SPLINE_CURVE_WITH_KNOTS('',1,(#16156,#16157),.UNSPECIFIED.,
  .F.,.F.,(2,2),(2.04,3.96),.PIECEWISE_BEZIER_KNOTS.);
#16156 = CARTESIAN_POINT('',(-0.16,18.068954026357));
#16157 = CARTESIAN_POINT('',(1.76,18.068954026357));
#16158 = ( GEOMETRIC_REPRESENTATION_CONTEXT(2) 
PARAMETRIC_REPRESENTATION_CONTEXT() REPRESENTATION_CONTEXT('2D SPACE',''
  ) );
#16159 = ADVANCED_FACE('',(#16160,#16209,#16306),#14528,.F.);
#16160 = FACE_BOUND('',#16161,.F.);
#16161 = EDGE_LOOP('',(#16162,#16186,#16207,#16208));
#16162 = ORIENTED_EDGE('',*,*,#16163,.F.);
#16163 = EDGE_CURVE('',#16164,#16164,#16166,.T.);
#16164 = VERTEX_POINT('',#16165);
#16165 = CARTESIAN_POINT('',(25.95,-5.388445916248E-16,2.));
#16166 = SURFACE_CURVE('',#16167,(#16172,#16179),.PCURVE_S1.);
#16167 = CIRCLE('',#16168,2.2);
#16168 = AXIS2_PLACEMENT_3D('',#16169,#16170,#16171);
#16169 = CARTESIAN_POINT('',(23.75,0.,2.));
#16170 = DIRECTION('',(0.,0.,1.));
#16171 = DIRECTION('',(1.,0.,-0.));
#16172 = PCURVE('',#14528,#16173);
#16173 = DEFINITIONAL_REPRESENTATION('',(#16174),#16178);
#16174 = LINE('',#16175,#16176);
#16175 = CARTESIAN_POINT('',(0.,5.));
#16176 = VECTOR('',#16177,1.);
#16177 = DIRECTION('',(1.,0.));
#16178 = ( GEOMETRIC_REPRESENTATION_CONTEXT(2) 
PARAMETRIC_REPRESENTATION_CONTEXT() REPRESENTATION_CONTEXT('2D SPACE',''
  ) );
#16179 = PCURVE('',#15116,#16180);
#16180 = DEFINITIONAL_REPRESENTATION('',(#16181),#16185);
#16181 = CIRCLE('',#16182,2.2);
#16182 = AXIS2_PLACEMENT_2D('',#16183,#16184);
#16183 = CARTESIAN_POINT('',(28.75,2.75));
#16184 = DIRECTION('',(1.,0.));
#16185 = ( GEOMETRIC_REPRESENTATION_CONTEXT(2) 
PARAMETRIC_REPRESENTATION_CONTEXT() REPRESENTATION_CONTEXT('2D SPACE',''
  ) );
#16186 = ORIENTED_EDGE('',*,*,#16187,.F.);
#16187 = EDGE_CURVE('',#14512,#16164,#16188,.T.);
#16188 = SEAM_CURVE('',#16189,(#16193,#16200),.PCURVE_S1.);
#16189 = LINE('',#16190,#16191);
#16190 = CARTESIAN_POINT('',(25.95,-5.388445916248E-16,-3.));
#16191 = VECTOR('',#16192,1.);
#16192 = DIRECTION('',(0.,0.,1.));
#16193 = PCURVE('',#14528,#16194);
#16194 = DEFINITIONAL_REPRESENTATION('',(#16195),#16199);
#16195 = LINE('',#16196,#16197);
#16196 = CARTESIAN_POINT('',(6.28318530718,-0.));
#16197 = VECTOR('',#16198,1.);
#16198 = DIRECTION('',(0.,1.));
#16199 = ( GEOMETRIC_REPRESENTATION_CONTEXT(2) 
PARAMETRIC_REPRESENTATION_CONTEXT() REPRESENTATION_CONTEXT('2D SPACE',''
  ) );
#16200 = PCURVE('',#14528,#16201);
#16201 = DEFINITIONAL_REPRESENTATION('',(#16202),#16206);
#16202 = LINE('',#16203,#16204);
#16203 = CARTESIAN_POINT('',(0.,-0.));
#16204 = VECTOR('',#16205,1.);
#16205 = DIRECTION('',(0.,1.));
#16206 = ( GEOMETRIC_REPRESENTATION_CONTEXT(2) 
PARAMETRIC_REPRESENTATION_CONTEXT() REPRESENTATION_CONTEXT('2D SPACE',''
  ) );
#16207 = ORIENTED_EDGE('',*,*,#14511,.T.);
#16208 = ORIENTED_EDGE('',*,*,#16187,.T.);
#16209 = FACE_BOUND('',#16210,.F.);
#16210 = EDGE_LOOP('',(#16211,#16237,#16263,#16287));
#16211 = ORIENTED_EDGE('',*,*,#16212,.F.);
#16212 = EDGE_CURVE('',#16213,#16215,#16217,.T.);
#16213 = VERTEX_POINT('',#16214);
#16214 = CARTESIAN_POINT('',(25.568954026357,1.2375,-0.8));
#16215 = VERTEX_POINT('',#16216);
#16216 = CARTESIAN_POINT('',(21.931045973643,1.2375,-0.8));
#16217 = SURFACE_CURVE('',#16218,(#16223,#16230),.PCURVE_S1.);
#16218 = CIRCLE('',#16219,2.2);
#16219 = AXIS2_PLACEMENT_3D('',#16220,#16221,#16222);
#16220 = CARTESIAN_POINT('',(23.75,0.,-0.8));
#16221 = DIRECTION('',(0.,0.,1.));
#16222 = DIRECTION('',(1.,0.,-0.));
#16223 = PCURVE('',#14528,#16224);
#16224 = DEFINITIONAL_REPRESENTATION('',(#16225),#16229);
#16225 = LINE('',#16226,#16227);
#16226 = CARTESIAN_POINT('',(0.,2.2));
#16227 = VECTOR('',#16228,1.);
#16228 = DIRECTION('',(1.,0.));
#16229 = ( GEOMETRIC_REPRESENTATION_CONTEXT(2) 
PARAMETRIC_REPRESENTATION_CONTEXT() REPRESENTATION_CONTEXT('2D SPACE',''
  ) );
#16230 = PCURVE('',#14644,#16231);
#16231 = DEFINITIONAL_REPRESENTATION('',(#16232),#16236);
#16232 = CIRCLE('',#16233,2.2);
#16233 = AXIS2_PLACEMENT_2D('',#16234,#16235);
#16234 = CARTESIAN_POINT('',(28.75,2.75));
#16235 = DIRECTION('',(1.,0.));
#16236 = ( GEOMETRIC_REPRESENTATION_CONTEXT(2) 
PARAMETRIC_REPRESENTATION_CONTEXT() REPRESENTATION_CONTEXT('2D SPACE',''
  ) );
#16237 = ORIENTED_EDGE('',*,*,#16238,.T.);
#16238 = EDGE_CURVE('',#16213,#16239,#16241,.T.);
#16239 = VERTEX_POINT('',#16240);
#16240 = CARTESIAN_POINT('',(25.568954026357,1.2375,0.8));
#16241 = SURFACE_CURVE('',#16242,(#16246,#16252),.PCURVE_S1.);
#16242 = LINE('',#16243,#16244);
#16243 = CARTESIAN_POINT('',(25.568954026357,1.2375,-3.));
#16244 = VECTOR('',#16245,1.);
#16245 = DIRECTION('',(0.,0.,1.));
#16246 = PCURVE('',#14528,#16247);
#16247 = DEFINITIONAL_REPRESENTATION('',(#16248),#16251);
#16248 = B_SPLINE_CURVE_WITH_KNOTS('',1,(#16249,#16250),.UNSPECIFIED.,
  .F.,.F.,(2,2),(2.04,3.96),.PIECEWISE_BEZIER_KNOTS.);
#16249 = CARTESIAN_POINT('',(0.597406416645,2.04));
#16250 = CARTESIAN_POINT('',(0.597406416645,3.96));
#16251 = ( GEOMETRIC_REPRESENTATION_CONTEXT(2) 
PARAMETRIC_REPRESENTATION_CONTEXT() REPRESENTATION_CONTEXT('2D SPACE',''
  ) );
#16252 = PCURVE('',#16253,#16258);
#16253 = PLANE('',#16254);
#16254 = AXIS2_PLACEMENT_3D('',#16255,#16256,#16257);
#16255 = CARTESIAN_POINT('',(-5.,1.2375,-0.8));
#16256 = DIRECTION('',(-0.,1.,0.));
#16257 = DIRECTION('',(0.,0.,1.));
#16258 = DEFINITIONAL_REPRESENTATION('',(#16259),#16262);
#16259 = B_SPLINE_CURVE_WITH_KNOTS('',1,(#16260,#16261),.UNSPECIFIED.,
  .F.,.F.,(2,2),(2.04,3.96),.PIECEWISE_BEZIER_KNOTS.);
#16260 = CARTESIAN_POINT('',(-0.16,30.568954026357));
#16261 = CARTESIAN_POINT('',(1.76,30.568954026357));
#16262 = ( GEOMETRIC_REPRESENTATION_CONTEXT(2) 
PARAMETRIC_REPRESENTATION_CONTEXT() REPRESENTATION_CONTEXT('2D SPACE',''
  ) );
#16263 = ORIENTED_EDGE('',*,*,#16264,.T.);
#16264 = EDGE_CURVE('',#16239,#16265,#16267,.T.);
#16265 = VERTEX_POINT('',#16266);
#16266 = CARTESIAN_POINT('',(21.931045973643,1.2375,0.8));
#16267 = SURFACE_CURVE('',#16268,(#16273,#16280),.PCURVE_S1.);
#16268 = CIRCLE('',#16269,2.2);
#16269 = AXIS2_PLACEMENT_3D('',#16270,#16271,#16272);
#16270 = CARTESIAN_POINT('',(23.75,0.,0.8));
#16271 = DIRECTION('',(0.,0.,1.));
#16272 = DIRECTION('',(1.,0.,-0.));
#16273 = PCURVE('',#14528,#16274);
#16274 = DEFINITIONAL_REPRESENTATION('',(#16275),#16279);
#16275 = LINE('',#16276,#16277);
#16276 = CARTESIAN_POINT('',(0.,3.8));
#16277 = VECTOR('',#16278,1.);
#16278 = DIRECTION('',(1.,0.));
#16279 = ( GEOMETRIC_REPRESENTATION_CONTEXT(2) 
PARAMETRIC_REPRESENTATION_CONTEXT() REPRESENTATION_CONTEXT('2D SPACE',''
  ) );
#16280 = PCURVE('',#16017,#16281);
#16281 = DEFINITIONAL_REPRESENTATION('',(#16282),#16286);
#16282 = CIRCLE('',#16283,2.2);
#16283 = AXIS2_PLACEMENT_2D('',#16284,#16285);
#16284 = CARTESIAN_POINT('',(28.75,2.75));
#16285 = DIRECTION('',(1.,0.));
#16286 = ( GEOMETRIC_REPRESENTATION_CONTEXT(2) 
PARAMETRIC_REPRESENTATION_CONTEXT() REPRESENTATION_CONTEXT('2D SPACE',''
  ) );
#16287 = ORIENTED_EDGE('',*,*,#16288,.F.);
#16288 = EDGE_CURVE('',#16215,#16265,#16289,.T.);
#16289 = SURFACE_CURVE('',#16290,(#16294,#16300),.PCURVE_S1.);
#16290 = LINE('',#16291,#16292);
#16291 = CARTESIAN_POINT('',(21.931045973643,1.2375,-3.));
#16292 = VECTOR('',#16293,1.);
#16293 = DIRECTION('',(0.,0.,1.));
#16294 = PCURVE('',#14528,#16295);
#16295 = DEFINITIONAL_REPRESENTATION('',(#16296),#16299);
#16296 = B_SPLINE_CURVE_WITH_KNOTS('',1,(#16297,#16298),.UNSPECIFIED.,
  .F.,.F.,(2,2),(2.04,3.96),.PIECEWISE_BEZIER_KNOTS.);
#16297 = CARTESIAN_POINT('',(2.544186236944,2.04));
#16298 = CARTESIAN_POINT('',(2.544186236944,3.96));
#16299 = ( GEOMETRIC_REPRESENTATION_CONTEXT(2) 
PARAMETRIC_REPRESENTATION_CONTEXT() REPRESENTATION_CONTEXT('2D SPACE',''
  ) );
#16300 = PCURVE('',#15989,#16301);
#16301 = DEFINITIONAL_REPRESENTATION('',(#16302),#16305);
#16302 = B_SPLINE_CURVE_WITH_KNOTS('',1,(#16303,#16304),.UNSPECIFIED.,
  .F.,.F.,(2,2),(2.04,3.96),.PIECEWISE_BEZIER_KNOTS.);
#16303 = CARTESIAN_POINT('',(-0.16,26.931045973643));
#16304 = CARTESIAN_POINT('',(1.76,26.931045973643));
#16305 = ( GEOMETRIC_REPRESENTATION_CONTEXT(2) 
PARAMETRIC_REPRESENTATION_CONTEXT() REPRESENTATION_CONTEXT('2D SPACE',''
  ) );
#16306 = FACE_BOUND('',#16307,.F.);
#16307 = EDGE_LOOP('',(#16308,#16334,#16355,#16379));
#16308 = ORIENTED_EDGE('',*,*,#16309,.F.);
#16309 = EDGE_CURVE('',#16310,#16312,#16314,.T.);
#16310 = VERTEX_POINT('',#16311);
#16311 = CARTESIAN_POINT('',(21.931045973643,-1.2375,-0.8));
#16312 = VERTEX_POINT('',#16313);
#16313 = CARTESIAN_POINT('',(25.568954026357,-1.2375,-0.8));
#16314 = SURFACE_CURVE('',#16315,(#16320,#16327),.PCURVE_S1.);
#16315 = CIRCLE('',#16316,2.2);
#16316 = AXIS2_PLACEMENT_3D('',#16317,#16318,#16319);
#16317 = CARTESIAN_POINT('',(23.75,0.,-0.8));
#16318 = DIRECTION('',(0.,0.,1.));
#16319 = DIRECTION('',(1.,0.,-0.));
#16320 = PCURVE('',#14528,#16321);
#16321 = DEFINITIONAL_REPRESENTATION('',(#16322),#16326);
#16322 = LINE('',#16323,#16324);
#16323 = CARTESIAN_POINT('',(0.,2.2));
#16324 = VECTOR('',#16325,1.);
#16325 = DIRECTION('',(1.,0.));
#16326 = ( GEOMETRIC_REPRESENTATION_CONTEXT(2) 
PARAMETRIC_REPRESENTATION_CONTEXT() REPRESENTATION_CONTEXT('2D SPACE',''
  ) );
#16327 = PCURVE('',#15814,#16328);
#16328 = DEFINITIONAL_REPRESENTATION('',(#16329),#16333);
#16329 = CIRCLE('',#16330,2.2);
#16330 = AXIS2_PLACEMENT_2D('',#16331,#16332);
#16331 = CARTESIAN_POINT('',(28.75,2.75));
#16332 = DIRECTION('',(1.,0.));
#16333 = ( GEOMETRIC_REPRESENTATION_CONTEXT(2) 
PARAMETRIC_REPRESENTATION_CONTEXT() REPRESENTATION_CONTEXT('2D SPACE',''
  ) );
#16334 = ORIENTED_EDGE('',*,*,#16335,.T.);
#16335 = EDGE_CURVE('',#16310,#16336,#16338,.T.);
#16336 = VERTEX_POINT('',#16337);
#16337 = CARTESIAN_POINT('',(21.931045973643,-1.2375,0.8));
#16338 = SURFACE_CURVE('',#16339,(#16343,#16349),.PCURVE_S1.);
#16339 = LINE('',#16340,#16341);
#16340 = CARTESIAN_POINT('',(21.931045973643,-1.2375,-3.));
#16341 = VECTOR('',#16342,1.);
#16342 = DIRECTION('',(0.,0.,1.));
#16343 = PCURVE('',#14528,#16344);
#16344 = DEFINITIONAL_REPRESENTATION('',(#16345),#16348);
#16345 = B_SPLINE_CURVE_WITH_KNOTS('',1,(#16346,#16347),.UNSPECIFIED.,
  .F.,.F.,(2,2),(2.04,3.96),.PIECEWISE_BEZIER_KNOTS.);
#16346 = CARTESIAN_POINT('',(3.738999070235,2.04));
#16347 = CARTESIAN_POINT('',(3.738999070235,3.96));
#16348 = ( GEOMETRIC_REPRESENTATION_CONTEXT(2) 
PARAMETRIC_REPRESENTATION_CONTEXT() REPRESENTATION_CONTEXT('2D SPACE',''
  ) );
#16349 = PCURVE('',#16149,#16350);
#16350 = DEFINITIONAL_REPRESENTATION('',(#16351),#16354);
#16351 = B_SPLINE_CURVE_WITH_KNOTS('',1,(#16352,#16353),.UNSPECIFIED.,
  .F.,.F.,(2,2),(2.04,3.96),.PIECEWISE_BEZIER_KNOTS.);
#16352 = CARTESIAN_POINT('',(-0.16,26.931045973643));
#16353 = CARTESIAN_POINT('',(1.76,26.931045973643));
#16354 = ( GEOMETRIC_REPRESENTATION_CONTEXT(2) 
PARAMETRIC_REPRESENTATION_CONTEXT() REPRESENTATION_CONTEXT('2D SPACE',''
  ) );
#16355 = ORIENTED_EDGE('',*,*,#16356,.T.);
#16356 = EDGE_CURVE('',#16336,#16357,#16359,.T.);
#16357 = VERTEX_POINT('',#16358);
#16358 = CARTESIAN_POINT('',(25.568954026357,-1.2375,0.8));
#16359 = SURFACE_CURVE('',#16360,(#16365,#16372),.PCURVE_S1.);
#16360 = CIRCLE('',#16361,2.2);
#16361 = AXIS2_PLACEMENT_3D('',#16362,#16363,#16364);
#16362 = CARTESIAN_POINT('',(23.75,0.,0.8));
#16363 = DIRECTION('',(0.,0.,1.));
#16364 = DIRECTION('',(1.,0.,-0.));
#16365 = PCURVE('',#14528,#16366);
#16366 = DEFINITIONAL_REPRESENTATION('',(#16367),#16371);
#16367 = LINE('',#16368,#16369);
#16368 = CARTESIAN_POINT('',(0.,3.8));
#16369 = VECTOR('',#16370,1.);
#16370 = DIRECTION('',(1.,0.));
#16371 = ( GEOMETRIC_REPRESENTATION_CONTEXT(2) 
PARAMETRIC_REPRESENTATION_CONTEXT() REPRESENTATION_CONTEXT('2D SPACE',''
  ) );
#16372 = PCURVE('',#16124,#16373);
#16373 = DEFINITIONAL_REPRESENTATION('',(#16374),#16378);
#16374 = CIRCLE('',#16375,2.2);
#16375 = AXIS2_PLACEMENT_2D('',#16376,#16377);
#16376 = CARTESIAN_POINT('',(28.75,2.75));
#16377 = DIRECTION('',(1.,0.));
#16378 = ( GEOMETRIC_REPRESENTATION_CONTEXT(2) 
PARAMETRIC_REPRESENTATION_CONTEXT() REPRESENTATION_CONTEXT('2D SPACE',''
  ) );
#16379 = ORIENTED_EDGE('',*,*,#16380,.F.);
#16380 = EDGE_CURVE('',#16312,#16357,#16381,.T.);
#16381 = SURFACE_CURVE('',#16382,(#16386,#16392),.PCURVE_S1.);
#16382 = LINE('',#16383,#16384);
#16383 = CARTESIAN_POINT('',(25.568954026357,-1.2375,-3.));
#16384 = VECTOR('',#16385,1.);
#16385 = DIRECTION('',(0.,0.,1.));
#16386 = PCURVE('',#14528,#16387);
#16387 = DEFINITIONAL_REPRESENTATION('',(#16388),#16391);
#16388 = B_SPLINE_CURVE_WITH_KNOTS('',1,(#16389,#16390),.UNSPECIFIED.,
  .F.,.F.,(2,2),(2.04,3.96),.PIECEWISE_BEZIER_KNOTS.);
#16389 = CARTESIAN_POINT('',(5.685778890534,2.04));
#16390 = CARTESIAN_POINT('',(5.685778890534,3.96));
#16391 = ( GEOMETRIC_REPRESENTATION_CONTEXT(2) 
PARAMETRIC_REPRESENTATION_CONTEXT() REPRESENTATION_CONTEXT('2D SPACE',''
  ) );
#16392 = PCURVE('',#16393,#16398);
#16393 = PLANE('',#16394);
#16394 = AXIS2_PLACEMENT_3D('',#16395,#16396,#16397);
#16395 = CARTESIAN_POINT('',(-5.,-1.2375,-0.8));
#16396 = DIRECTION('',(-0.,1.,0.));
#16397 = DIRECTION('',(0.,0.,1.));
#16398 = DEFINITIONAL_REPRESENTATION('',(#16399),#16402);
#16399 = B_SPLINE_CURVE_WITH_KNOTS('',1,(#16400,#16401),.UNSPECIFIED.,
  .F.,.F.,(2,2),(2.04,3.96),.PIECEWISE_BEZIER_KNOTS.);
#16400 = CARTESIAN_POINT('',(-0.16,30.568954026357));
#16401 = CARTESIAN_POINT('',(1.76,30.568954026357));
#16402 = ( GEOMETRIC_REPRESENTATION_CONTEXT(2) 
PARAMETRIC_REPRESENTATION_CONTEXT() REPRESENTATION_CONTEXT('2D SPACE',''
  ) );
#16403 = ADVANCED_FACE('',(#16404),#14559,.F.);
#16404 = FACE_BOUND('',#16405,.F.);
#16405 = EDGE_LOOP('',(#16406,#16430,#16451,#16452));
#16406 = ORIENTED_EDGE('',*,*,#16407,.F.);
#16407 = EDGE_CURVE('',#16408,#16408,#16410,.T.);
#16408 = VERTEX_POINT('',#16409);
#16409 = CARTESIAN_POINT('',(37.05,-5.021051876504E-16,2.));
#16410 = SURFACE_CURVE('',#16411,(#16416,#16423),.PCURVE_S1.);
#16411 = CIRCLE('',#16412,2.05);
#16412 = AXIS2_PLACEMENT_3D('',#16413,#16414,#16415);
#16413 = CARTESIAN_POINT('',(35.,0.,2.));
#16414 = DIRECTION('',(0.,0.,1.));
#16415 = DIRECTION('',(1.,0.,-0.));
#16416 = PCURVE('',#14559,#16417);
#16417 = DEFINITIONAL_REPRESENTATION('',(#16418),#16422);
#16418 = LINE('',#16419,#16420);
#16419 = CARTESIAN_POINT('',(0.,5.));
#16420 = VECTOR('',#16421,1.);
#16421 = DIRECTION('',(1.,0.));
#16422 = ( GEOMETRIC_REPRESENTATION_CONTEXT(2) 
PARAMETRIC_REPRESENTATION_CONTEXT() REPRESENTATION_CONTEXT('2D SPACE',''
  ) );
#16423 = PCURVE('',#15116,#16424);
#16424 = DEFINITIONAL_REPRESENTATION('',(#16425),#16429);
#16425 = CIRCLE('',#16426,2.05);
#16426 = AXIS2_PLACEMENT_2D('',#16427,#16428);
#16427 = CARTESIAN_POINT('',(40.,2.75));
#16428 = DIRECTION('',(1.,0.));
#16429 = ( GEOMETRIC_REPRESENTATION_CONTEXT(2) 
PARAMETRIC_REPRESENTATION_CONTEXT() REPRESENTATION_CONTEXT('2D SPACE',''
  ) );
#16430 = ORIENTED_EDGE('',*,*,#16431,.F.);
#16431 = EDGE_CURVE('',#14543,#16408,#16432,.T.);
#16432 = SEAM_CURVE('',#16433,(#16437,#16444),.PCURVE_S1.);
#16433 = LINE('',#16434,#16435);
#16434 = CARTESIAN_POINT('',(37.05,-5.021051876504E-16,-3.));
#16435 = VECTOR('',#16436,1.);
#16436 = DIRECTION('',(0.,0.,1.));
#16437 = PCURVE('',#14559,#16438);
#16438 = DEFINITIONAL_REPRESENTATION('',(#16439),#16443);
#16439 = LINE('',#16440,#16441);
#16440 = CARTESIAN_POINT('',(6.28318530718,-0.));
#16441 = VECTOR('',#16442,1.);
#16442 = DIRECTION('',(0.,1.));
#16443 = ( GEOMETRIC_REPRESENTATION_CONTEXT(2) 
PARAMETRIC_REPRESENTATION_CONTEXT() REPRESENTATION_CONTEXT('2D SPACE',''
  ) );
#16444 = PCURVE('',#14559,#16445);
#16445 = DEFINITIONAL_REPRESENTATION('',(#16446),#16450);
#16446 = LINE('',#16447,#16448);
#16447 = CARTESIAN_POINT('',(0.,-0.));
#16448 = VECTOR('',#16449,1.);
#16449 = DIRECTION('',(0.,1.));
#16450 = ( GEOMETRIC_REPRESENTATION_CONTEXT(2) 
PARAMETRIC_REPRESENTATION_CONTEXT() REPRESENTATION_CONTEXT('2D SPACE',''
  ) );
#16451 = ORIENTED_EDGE('',*,*,#14542,.T.);
#16452 = ORIENTED_EDGE('',*,*,#16431,.T.);
#16453 = ADVANCED_FACE('',(#16454),#14671,.T.);
#16454 = FACE_BOUND('',#16455,.T.);
#16455 = EDGE_LOOP('',(#16456,#16457,#16458,#16459,#16483,#16504,#16528,
    #16554,#16583,#16604,#16628,#16649));
#16456 = ORIENTED_EDGE('',*,*,#14895,.F.);
#16457 = ORIENTED_EDGE('',*,*,#14791,.T.);
#16458 = ORIENTED_EDGE('',*,*,#14656,.T.);
#16459 = ORIENTED_EDGE('',*,*,#16460,.T.);
#16460 = EDGE_CURVE('',#14629,#16461,#16463,.T.);
#16461 = VERTEX_POINT('',#16462);
#16462 = CARTESIAN_POINT('',(30.155560532941,1.2375,-0.8));
#16463 = SURFACE_CURVE('',#16464,(#16469,#16476),.PCURVE_S1.);
#16464 = CIRCLE('',#16465,5.);
#16465 = AXIS2_PLACEMENT_3D('',#16466,#16467,#16468);
#16466 = CARTESIAN_POINT('',(35.,0.,-0.8));
#16467 = DIRECTION('',(0.,0.,1.));
#16468 = DIRECTION('',(1.,0.,-0.));
#16469 = PCURVE('',#14671,#16470);
#16470 = DEFINITIONAL_REPRESENTATION('',(#16471),#16475);
#16471 = LINE('',#16472,#16473);
#16472 = CARTESIAN_POINT('',(0.,1.2));
#16473 = VECTOR('',#16474,1.);
#16474 = DIRECTION('',(1.,0.));
#16475 = ( GEOMETRIC_REPRESENTATION_CONTEXT(2) 
PARAMETRIC_REPRESENTATION_CONTEXT() REPRESENTATION_CONTEXT('2D SPACE',''
  ) );
#16476 = PCURVE('',#14644,#16477);
#16477 = DEFINITIONAL_REPRESENTATION('',(#16478),#16482);
#16478 = CIRCLE('',#16479,5.);
#16479 = AXIS2_PLACEMENT_2D('',#16480,#16481);
#16480 = CARTESIAN_POINT('',(40.,2.75));
#16481 = DIRECTION('',(1.,0.));
#16482 = ( GEOMETRIC_REPRESENTATION_CONTEXT(2) 
PARAMETRIC_REPRESENTATION_CONTEXT() REPRESENTATION_CONTEXT('2D SPACE',''
  ) );
#16483 = ORIENTED_EDGE('',*,*,#16484,.T.);
#16484 = EDGE_CURVE('',#16461,#16485,#16487,.T.);
#16485 = VERTEX_POINT('',#16486);
#16486 = CARTESIAN_POINT('',(30.155560532941,1.2375,0.8));
#16487 = SURFACE_CURVE('',#16488,(#16492,#16498),.PCURVE_S1.);
#16488 = LINE('',#16489,#16490);
#16489 = CARTESIAN_POINT('',(30.155560532941,1.2375,-2.));
#16490 = VECTOR('',#16491,1.);
#16491 = DIRECTION('',(0.,0.,1.));
#16492 = PCURVE('',#14671,#16493);
#16493 = DEFINITIONAL_REPRESENTATION('',(#16494),#16497);
#16494 = B_SPLINE_CURVE_WITH_KNOTS('',1,(#16495,#16496),.UNSPECIFIED.,
  .F.,.F.,(2,2),(1.04,2.96),.PIECEWISE_BEZIER_KNOTS.);
#16495 = CARTESIAN_POINT('',(2.89149353012,1.04));
#16496 = CARTESIAN_POINT('',(2.89149353012,2.96));
#16497 = ( GEOMETRIC_REPRESENTATION_CONTEXT(2) 
PARAMETRIC_REPRESENTATION_CONTEXT() REPRESENTATION_CONTEXT('2D SPACE',''
  ) );
#16498 = PCURVE('',#16253,#16499);
#16499 = DEFINITIONAL_REPRESENTATION('',(#16500),#16503);
#16500 = B_SPLINE_CURVE_WITH_KNOTS('',1,(#16501,#16502),.UNSPECIFIED.,
  .F.,.F.,(2,2),(1.04,2.96),.PIECEWISE_BEZIER_KNOTS.);
#16501 = CARTESIAN_POINT('',(-0.16,35.155560532941));
#16502 = CARTESIAN_POINT('',(1.76,35.155560532941));
#16503 = ( GEOMETRIC_REPRESENTATION_CONTEXT(2) 
PARAMETRIC_REPRESENTATION_CONTEXT() REPRESENTATION_CONTEXT('2D SPACE',''
  ) );
#16504 = ORIENTED_EDGE('',*,*,#16505,.F.);
#16505 = EDGE_CURVE('',#16506,#16485,#16508,.T.);
#16506 = VERTEX_POINT('',#16507);
#16507 = CARTESIAN_POINT('',(30.824176727878,2.75,0.8));
#16508 = SURFACE_CURVE('',#16509,(#16514,#16521),.PCURVE_S1.);
#16509 = CIRCLE('',#16510,5.);
#16510 = AXIS2_PLACEMENT_3D('',#16511,#16512,#16513);
#16511 = CARTESIAN_POINT('',(35.,0.,0.8));
#16512 = DIRECTION('',(0.,0.,1.));
#16513 = DIRECTION('',(1.,0.,-0.));
#16514 = PCURVE('',#14671,#16515);
#16515 = DEFINITIONAL_REPRESENTATION('',(#16516),#16520);
#16516 = LINE('',#16517,#16518);
#16517 = CARTESIAN_POINT('',(0.,2.8));
#16518 = VECTOR('',#16519,1.);
#16519 = DIRECTION('',(1.,0.));
#16520 = ( GEOMETRIC_REPRESENTATION_CONTEXT(2) 
PARAMETRIC_REPRESENTATION_CONTEXT() REPRESENTATION_CONTEXT('2D SPACE',''
  ) );
#16521 = PCURVE('',#16017,#16522);
#16522 = DEFINITIONAL_REPRESENTATION('',(#16523),#16527);
#16523 = CIRCLE('',#16524,5.);
#16524 = AXIS2_PLACEMENT_2D('',#16525,#16526);
#16525 = CARTESIAN_POINT('',(40.,2.75));
#16526 = DIRECTION('',(1.,0.));
#16527 = ( GEOMETRIC_REPRESENTATION_CONTEXT(2) 
PARAMETRIC_REPRESENTATION_CONTEXT() REPRESENTATION_CONTEXT('2D SPACE',''
  ) );
#16528 = ORIENTED_EDGE('',*,*,#16529,.T.);
#16529 = EDGE_CURVE('',#16506,#16530,#16532,.T.);
#16530 = VERTEX_POINT('',#16531);
#16531 = CARTESIAN_POINT('',(30.824176727878,2.75,1.4));
#16532 = SURFACE_CURVE('',#16533,(#16537,#16543),.PCURVE_S1.);
#16533 = LINE('',#16534,#16535);
#16534 = CARTESIAN_POINT('',(30.824176727877,2.75,-2.));
#16535 = VECTOR('',#16536,1.);
#16536 = DIRECTION('',(0.,0.,1.));
#16537 = PCURVE('',#14671,#16538);
#16538 = DEFINITIONAL_REPRESENTATION('',(#16539),#16542);
#16539 = B_SPLINE_CURVE_WITH_KNOTS('',1,(#16540,#16541),.UNSPECIFIED.,
  .F.,.F.,(2,2),(2.68,3.400009654188),.PIECEWISE_BEZIER_KNOTS.);
#16540 = CARTESIAN_POINT('',(2.559228415721,2.68));
#16541 = CARTESIAN_POINT('',(2.559228415721,3.400009654188));
#16542 = ( GEOMETRIC_REPRESENTATION_CONTEXT(2) 
PARAMETRIC_REPRESENTATION_CONTEXT() REPRESENTATION_CONTEXT('2D SPACE',''
  ) );
#16543 = PCURVE('',#16544,#16549);
#16544 = PLANE('',#16545);
#16545 = AXIS2_PLACEMENT_3D('',#16546,#16547,#16548);
#16546 = CARTESIAN_POINT('',(-5.,2.75,0.8));
#16547 = DIRECTION('',(-0.,1.,0.));
#16548 = DIRECTION('',(0.,0.,1.));
#16549 = DEFINITIONAL_REPRESENTATION('',(#16550),#16553);
#16550 = B_SPLINE_CURVE_WITH_KNOTS('',1,(#16551,#16552),.UNSPECIFIED.,
  .F.,.F.,(2,2),(2.68,3.400009654188),.PIECEWISE_BEZIER_KNOTS.);
#16551 = CARTESIAN_POINT('',(-0.12,35.824176727877));
#16552 = CARTESIAN_POINT('',(0.600009654188,35.824176727877));
#16553 = ( GEOMETRIC_REPRESENTATION_CONTEXT(2) 
PARAMETRIC_REPRESENTATION_CONTEXT() REPRESENTATION_CONTEXT('2D SPACE',''
  ) );
#16554 = ORIENTED_EDGE('',*,*,#16555,.F.);
#16555 = EDGE_CURVE('',#16556,#16530,#16558,.T.);
#16556 = VERTEX_POINT('',#16557);
#16557 = CARTESIAN_POINT('',(39.175823272122,2.75,1.4));
#16558 = SURFACE_CURVE('',#16559,(#16564,#16571),.PCURVE_S1.);
#16559 = CIRCLE('',#16560,5.);
#16560 = AXIS2_PLACEMENT_3D('',#16561,#16562,#16563);
#16561 = CARTESIAN_POINT('',(35.,0.,1.4));
#16562 = DIRECTION('',(0.,0.,1.));
#16563 = DIRECTION('',(1.,0.,-0.));
#16564 = PCURVE('',#14671,#16565);
#16565 = DEFINITIONAL_REPRESENTATION('',(#16566),#16570);
#16566 = LINE('',#16567,#16568);
#16567 = CARTESIAN_POINT('',(0.,3.4));
#16568 = VECTOR('',#16569,1.);
#16569 = DIRECTION('',(1.,0.));
#16570 = ( GEOMETRIC_REPRESENTATION_CONTEXT(2) 
PARAMETRIC_REPRESENTATION_CONTEXT() REPRESENTATION_CONTEXT('2D SPACE',''
  ) );
#16571 = PCURVE('',#16572,#16577);
#16572 = CONICAL_SURFACE('',#16573,5.,0.785398163397);
#16573 = AXIS2_PLACEMENT_3D('',#16574,#16575,#16576);
#16574 = CARTESIAN_POINT('',(35.,0.,1.4));
#16575 = DIRECTION('',(-0.,-0.,-1.));
#16576 = DIRECTION('',(1.,0.,-0.));
#16577 = DEFINITIONAL_REPRESENTATION('',(#16578),#16582);
#16578 = LINE('',#16579,#16580);
#16579 = CARTESIAN_POINT('',(-0.,-0.));
#16580 = VECTOR('',#16581,1.);
#16581 = DIRECTION('',(-1.,-0.));
#16582 = ( GEOMETRIC_REPRESENTATION_CONTEXT(2) 
PARAMETRIC_REPRESENTATION_CONTEXT() REPRESENTATION_CONTEXT('2D SPACE',''
  ) );
#16583 = ORIENTED_EDGE('',*,*,#16584,.F.);
#16584 = EDGE_CURVE('',#16585,#16556,#16587,.T.);
#16585 = VERTEX_POINT('',#16586);
#16586 = CARTESIAN_POINT('',(39.175823272122,2.75,0.8));
#16587 = SURFACE_CURVE('',#16588,(#16592,#16598),.PCURVE_S1.);
#16588 = LINE('',#16589,#16590);
#16589 = CARTESIAN_POINT('',(39.175823272123,2.75,-2.));
#16590 = VECTOR('',#16591,1.);
#16591 = DIRECTION('',(0.,0.,1.));
#16592 = PCURVE('',#14671,#16593);
#16593 = DEFINITIONAL_REPRESENTATION('',(#16594),#16597);
#16594 = B_SPLINE_CURVE_WITH_KNOTS('',1,(#16595,#16596),.UNSPECIFIED.,
  .F.,.F.,(2,2),(2.68,3.400009654188),.PIECEWISE_BEZIER_KNOTS.);
#16595 = CARTESIAN_POINT('',(0.582364237869,2.68));
#16596 = CARTESIAN_POINT('',(0.582364237869,3.400009654188));
#16597 = ( GEOMETRIC_REPRESENTATION_CONTEXT(2) 
PARAMETRIC_REPRESENTATION_CONTEXT() REPRESENTATION_CONTEXT('2D SPACE',''
  ) );
#16598 = PCURVE('',#15361,#16599);
#16599 = DEFINITIONAL_REPRESENTATION('',(#16600),#16603);
#16600 = B_SPLINE_CURVE_WITH_KNOTS('',1,(#16601,#16602),.UNSPECIFIED.,
  .F.,.F.,(2,2),(2.68,3.400009654188),.PIECEWISE_BEZIER_KNOTS.);
#16601 = CARTESIAN_POINT('',(-0.12,44.175823272123));
#16602 = CARTESIAN_POINT('',(0.600009654188,44.175823272123));
#16603 = ( GEOMETRIC_REPRESENTATION_CONTEXT(2) 
PARAMETRIC_REPRESENTATION_CONTEXT() REPRESENTATION_CONTEXT('2D SPACE',''
  ) );
#16604 = ORIENTED_EDGE('',*,*,#16605,.F.);
#16605 = EDGE_CURVE('',#16606,#16585,#16608,.T.);
#16606 = VERTEX_POINT('',#16607);
#16607 = CARTESIAN_POINT('',(39.844439467059,1.2375,0.8));
#16608 = SURFACE_CURVE('',#16609,(#16614,#16621),.PCURVE_S1.);
#16609 = CIRCLE('',#16610,5.);
#16610 = AXIS2_PLACEMENT_3D('',#16611,#16612,#16613);
#16611 = CARTESIAN_POINT('',(35.,0.,0.8));
#16612 = DIRECTION('',(0.,0.,1.));
#16613 = DIRECTION('',(1.,0.,-0.));
#16614 = PCURVE('',#14671,#16615);
#16615 = DEFINITIONAL_REPRESENTATION('',(#16616),#16620);
#16616 = LINE('',#16617,#16618);
#16617 = CARTESIAN_POINT('',(0.,2.8));
#16618 = VECTOR('',#16619,1.);
#16619 = DIRECTION('',(1.,0.));
#16620 = ( GEOMETRIC_REPRESENTATION_CONTEXT(2) 
PARAMETRIC_REPRESENTATION_CONTEXT() REPRESENTATION_CONTEXT('2D SPACE',''
  ) );
#16621 = PCURVE('',#15333,#16622);
#16622 = DEFINITIONAL_REPRESENTATION('',(#16623),#16627);
#16623 = CIRCLE('',#16624,5.);
#16624 = AXIS2_PLACEMENT_2D('',#16625,#16626);
#16625 = CARTESIAN_POINT('',(40.,2.75));
#16626 = DIRECTION('',(1.,0.));
#16627 = ( GEOMETRIC_REPRESENTATION_CONTEXT(2) 
PARAMETRIC_REPRESENTATION_CONTEXT() REPRESENTATION_CONTEXT('2D SPACE',''
  ) );
#16628 = ORIENTED_EDGE('',*,*,#16629,.F.);
#16629 = EDGE_CURVE('',#16630,#16606,#16632,.T.);
#16630 = VERTEX_POINT('',#16631);
#16631 = CARTESIAN_POINT('',(39.844439467059,1.2375,-0.8));
#16632 = SURFACE_CURVE('',#16633,(#16637,#16643),.PCURVE_S1.);
#16633 = LINE('',#16634,#16635);
#16634 = CARTESIAN_POINT('',(39.844439467059,1.2375,-2.));
#16635 = VECTOR('',#16636,1.);
#16636 = DIRECTION('',(0.,0.,1.));
#16637 = PCURVE('',#14671,#16638);
#16638 = DEFINITIONAL_REPRESENTATION('',(#16639),#16642);
#16639 = B_SPLINE_CURVE_WITH_KNOTS('',1,(#16640,#16641),.UNSPECIFIED.,
  .F.,.F.,(2,2),(1.04,2.96),.PIECEWISE_BEZIER_KNOTS.);
#16640 = CARTESIAN_POINT('',(0.25009912347,1.04));
#16641 = CARTESIAN_POINT('',(0.25009912347,2.96));
#16642 = ( GEOMETRIC_REPRESENTATION_CONTEXT(2) 
PARAMETRIC_REPRESENTATION_CONTEXT() REPRESENTATION_CONTEXT('2D SPACE',''
  ) );
#16643 = PCURVE('',#15305,#16644);
#16644 = DEFINITIONAL_REPRESENTATION('',(#16645),#16648);
#16645 = B_SPLINE_CURVE_WITH_KNOTS('',1,(#16646,#16647),.UNSPECIFIED.,
  .F.,.F.,(2,2),(1.04,2.96),.PIECEWISE_BEZIER_KNOTS.);
#16646 = CARTESIAN_POINT('',(-0.16,44.844439467059));
#16647 = CARTESIAN_POINT('',(1.76,44.844439467059));
#16648 = ( GEOMETRIC_REPRESENTATION_CONTEXT(2) 
PARAMETRIC_REPRESENTATION_CONTEXT() REPRESENTATION_CONTEXT('2D SPACE',''
  ) );
#16649 = ORIENTED_EDGE('',*,*,#16650,.T.);
#16650 = EDGE_CURVE('',#16630,#14896,#16651,.T.);
#16651 = SURFACE_CURVE('',#16652,(#16657,#16664),.PCURVE_S1.);
#16652 = CIRCLE('',#16653,5.);
#16653 = AXIS2_PLACEMENT_3D('',#16654,#16655,#16656);
#16654 = CARTESIAN_POINT('',(35.,0.,-0.8));
#16655 = DIRECTION('',(0.,0.,1.));
#16656 = DIRECTION('',(1.,0.,-0.));
#16657 = PCURVE('',#14671,#16658);
#16658 = DEFINITIONAL_REPRESENTATION('',(#16659),#16663);
#16659 = LINE('',#16660,#16661);
#16660 = CARTESIAN_POINT('',(0.,1.2));
#16661 = VECTOR('',#16662,1.);
#16662 = DIRECTION('',(1.,0.));
#16663 = ( GEOMETRIC_REPRESENTATION_CONTEXT(2) 
PARAMETRIC_REPRESENTATION_CONTEXT() REPRESENTATION_CONTEXT('2D SPACE',''
  ) );
#16664 = PCURVE('',#14932,#16665);
#16665 = DEFINITIONAL_REPRESENTATION('',(#16666),#16670);
#16666 = CIRCLE('',#16667,5.);
#16667 = AXIS2_PLACEMENT_2D('',#16668,#16669);
#16668 = CARTESIAN_POINT('',(40.,2.75));
#16669 = DIRECTION('',(1.,0.));
#16670 = ( GEOMETRIC_REPRESENTATION_CONTEXT(2) 
PARAMETRIC_REPRESENTATION_CONTEXT() REPRESENTATION_CONTEXT('2D SPACE',''
  ) );
#16671 = ADVANCED_FACE('',(#16672),#14644,.T.);
#16672 = FACE_BOUND('',#16673,.T.);
#16673 = EDGE_LOOP('',(#16674,#16698,#16719,#16720,#16741,#16742,#16763,
    #16764));
#16674 = ORIENTED_EDGE('',*,*,#16675,.F.);
#16675 = EDGE_CURVE('',#16676,#14603,#16678,.T.);
#16676 = VERTEX_POINT('',#16677);
#16677 = CARTESIAN_POINT('',(4.844439467059,1.2375,-0.8));
#16678 = SURFACE_CURVE('',#16679,(#16684,#16691),.PCURVE_S1.);
#16679 = CIRCLE('',#16680,5.);
#16680 = AXIS2_PLACEMENT_3D('',#16681,#16682,#16683);
#16681 = CARTESIAN_POINT('',(0.,0.,-0.8));
#16682 = DIRECTION('',(0.,0.,1.));
#16683 = DIRECTION('',(1.,0.,-0.));
#16684 = PCURVE('',#14644,#16685);
#16685 = DEFINITIONAL_REPRESENTATION('',(#16686),#16690);
#16686 = CIRCLE('',#16687,5.);
#16687 = AXIS2_PLACEMENT_2D('',#16688,#16689);
#16688 = CARTESIAN_POINT('',(5.,2.75));
#16689 = DIRECTION('',(1.,0.));
#16690 = ( GEOMETRIC_REPRESENTATION_CONTEXT(2) 
PARAMETRIC_REPRESENTATION_CONTEXT() REPRESENTATION_CONTEXT('2D SPACE',''
  ) );
#16691 = PCURVE('',#14617,#16692);
#16692 = DEFINITIONAL_REPRESENTATION('',(#16693),#16697);
#16693 = LINE('',#16694,#16695);
#16694 = CARTESIAN_POINT('',(0.,1.2));
#16695 = VECTOR('',#16696,1.);
#16696 = DIRECTION('',(1.,0.));
#16697 = ( GEOMETRIC_REPRESENTATION_CONTEXT(2) 
PARAMETRIC_REPRESENTATION_CONTEXT() REPRESENTATION_CONTEXT('2D SPACE',''
  ) );
#16698 = ORIENTED_EDGE('',*,*,#16699,.T.);
#16699 = EDGE_CURVE('',#16676,#15951,#16700,.T.);
#16700 = SURFACE_CURVE('',#16701,(#16705,#16712),.PCURVE_S1.);
#16701 = LINE('',#16702,#16703);
#16702 = CARTESIAN_POINT('',(-5.,1.2375,-0.8));
#16703 = VECTOR('',#16704,1.);
#16704 = DIRECTION('',(1.,0.,-0.));
#16705 = PCURVE('',#14644,#16706);
#16706 = DEFINITIONAL_REPRESENTATION('',(#16707),#16711);
#16707 = LINE('',#16708,#16709);
#16708 = CARTESIAN_POINT('',(0.,3.9875));
#16709 = VECTOR('',#16710,1.);
#16710 = DIRECTION('',(1.,0.));
#16711 = ( GEOMETRIC_REPRESENTATION_CONTEXT(2) 
PARAMETRIC_REPRESENTATION_CONTEXT() REPRESENTATION_CONTEXT('2D SPACE',''
  ) );
#16712 = PCURVE('',#16042,#16713);
#16713 = DEFINITIONAL_REPRESENTATION('',(#16714),#16718);
#16714 = LINE('',#16715,#16716);
#16715 = CARTESIAN_POINT('',(0.,0.));
#16716 = VECTOR('',#16717,1.);
#16717 = DIRECTION('',(0.,1.));
#16718 = ( GEOMETRIC_REPRESENTATION_CONTEXT(2) 
PARAMETRIC_REPRESENTATION_CONTEXT() REPRESENTATION_CONTEXT('2D SPACE',''
  ) );
#16719 = ORIENTED_EDGE('',*,*,#15948,.F.);
#16720 = ORIENTED_EDGE('',*,*,#16721,.T.);
#16721 = EDGE_CURVE('',#15949,#16215,#16722,.T.);
#16722 = SURFACE_CURVE('',#16723,(#16727,#16734),.PCURVE_S1.);
#16723 = LINE('',#16724,#16725);
#16724 = CARTESIAN_POINT('',(-5.,1.2375,-0.8));
#16725 = VECTOR('',#16726,1.);
#16726 = DIRECTION('',(1.,0.,-0.));
#16727 = PCURVE('',#14644,#16728);
#16728 = DEFINITIONAL_REPRESENTATION('',(#16729),#16733);
#16729 = LINE('',#16730,#16731);
#16730 = CARTESIAN_POINT('',(0.,3.9875));
#16731 = VECTOR('',#16732,1.);
#16732 = DIRECTION('',(1.,0.));
#16733 = ( GEOMETRIC_REPRESENTATION_CONTEXT(2) 
PARAMETRIC_REPRESENTATION_CONTEXT() REPRESENTATION_CONTEXT('2D SPACE',''
  ) );
#16734 = PCURVE('',#15989,#16735);
#16735 = DEFINITIONAL_REPRESENTATION('',(#16736),#16740);
#16736 = LINE('',#16737,#16738);
#16737 = CARTESIAN_POINT('',(0.,0.));
#16738 = VECTOR('',#16739,1.);
#16739 = DIRECTION('',(0.,1.));
#16740 = ( GEOMETRIC_REPRESENTATION_CONTEXT(2) 
PARAMETRIC_REPRESENTATION_CONTEXT() REPRESENTATION_CONTEXT('2D SPACE',''
  ) );
#16741 = ORIENTED_EDGE('',*,*,#16212,.F.);
#16742 = ORIENTED_EDGE('',*,*,#16743,.T.);
#16743 = EDGE_CURVE('',#16213,#16461,#16744,.T.);
#16744 = SURFACE_CURVE('',#16745,(#16749,#16756),.PCURVE_S1.);
#16745 = LINE('',#16746,#16747);
#16746 = CARTESIAN_POINT('',(-5.,1.2375,-0.8));
#16747 = VECTOR('',#16748,1.);
#16748 = DIRECTION('',(1.,0.,-0.));
#16749 = PCURVE('',#14644,#16750);
#16750 = DEFINITIONAL_REPRESENTATION('',(#16751),#16755);
#16751 = LINE('',#16752,#16753);
#16752 = CARTESIAN_POINT('',(0.,3.9875));
#16753 = VECTOR('',#16754,1.);
#16754 = DIRECTION('',(1.,0.));
#16755 = ( GEOMETRIC_REPRESENTATION_CONTEXT(2) 
PARAMETRIC_REPRESENTATION_CONTEXT() REPRESENTATION_CONTEXT('2D SPACE',''
  ) );
#16756 = PCURVE('',#16253,#16757);
#16757 = DEFINITIONAL_REPRESENTATION('',(#16758),#16762);
#16758 = LINE('',#16759,#16760);
#16759 = CARTESIAN_POINT('',(0.,0.));
#16760 = VECTOR('',#16761,1.);
#16761 = DIRECTION('',(0.,1.));
#16762 = ( GEOMETRIC_REPRESENTATION_CONTEXT(2) 
PARAMETRIC_REPRESENTATION_CONTEXT() REPRESENTATION_CONTEXT('2D SPACE',''
  ) );
#16763 = ORIENTED_EDGE('',*,*,#16460,.F.);
#16764 = ORIENTED_EDGE('',*,*,#14628,.F.);
#16765 = ADVANCED_FACE('',(#16766),#14617,.T.);
#16766 = FACE_BOUND('',#16767,.T.);
#16767 = EDGE_LOOP('',(#16768,#16769,#16770,#16771,#16795,#16816,#16840,
    #16861,#16890,#16911,#16935,#16954));
#16768 = ORIENTED_EDGE('',*,*,#14602,.F.);
#16769 = ORIENTED_EDGE('',*,*,#14711,.T.);
#16770 = ORIENTED_EDGE('',*,*,#14870,.T.);
#16771 = ORIENTED_EDGE('',*,*,#16772,.T.);
#16772 = EDGE_CURVE('',#14843,#16773,#16775,.T.);
#16773 = VERTEX_POINT('',#16774);
#16774 = CARTESIAN_POINT('',(-4.844439467059,1.2375,-0.8));
#16775 = SURFACE_CURVE('',#16776,(#16781,#16788),.PCURVE_S1.);
#16776 = CIRCLE('',#16777,5.);
#16777 = AXIS2_PLACEMENT_3D('',#16778,#16779,#16780);
#16778 = CARTESIAN_POINT('',(0.,0.,-0.8));
#16779 = DIRECTION('',(0.,0.,1.));
#16780 = DIRECTION('',(1.,0.,-0.));
#16781 = PCURVE('',#14617,#16782);
#16782 = DEFINITIONAL_REPRESENTATION('',(#16783),#16787);
#16783 = LINE('',#16784,#16785);
#16784 = CARTESIAN_POINT('',(0.,1.2));
#16785 = VECTOR('',#16786,1.);
#16786 = DIRECTION('',(1.,0.));
#16787 = ( GEOMETRIC_REPRESENTATION_CONTEXT(2) 
PARAMETRIC_REPRESENTATION_CONTEXT() REPRESENTATION_CONTEXT('2D SPACE',''
  ) );
#16788 = PCURVE('',#14858,#16789);
#16789 = DEFINITIONAL_REPRESENTATION('',(#16790),#16794);
#16790 = CIRCLE('',#16791,5.);
#16791 = AXIS2_PLACEMENT_2D('',#16792,#16793);
#16792 = CARTESIAN_POINT('',(5.,2.75));
#16793 = DIRECTION('',(1.,0.));
#16794 = ( GEOMETRIC_REPRESENTATION_CONTEXT(2) 
PARAMETRIC_REPRESENTATION_CONTEXT() REPRESENTATION_CONTEXT('2D SPACE',''
  ) );
#16795 = ORIENTED_EDGE('',*,*,#16796,.T.);
#16796 = EDGE_CURVE('',#16773,#16797,#16799,.T.);
#16797 = VERTEX_POINT('',#16798);
#16798 = CARTESIAN_POINT('',(-4.844439467059,1.2375,0.8));
#16799 = SURFACE_CURVE('',#16800,(#16804,#16810),.PCURVE_S1.);
#16800 = LINE('',#16801,#16802);
#16801 = CARTESIAN_POINT('',(-4.844439467059,1.2375,-2.));
#16802 = VECTOR('',#16803,1.);
#16803 = DIRECTION('',(0.,0.,1.));
#16804 = PCURVE('',#14617,#16805);
#16805 = DEFINITIONAL_REPRESENTATION('',(#16806),#16809);
#16806 = B_SPLINE_CURVE_WITH_KNOTS('',1,(#16807,#16808),.UNSPECIFIED.,
  .F.,.F.,(2,2),(1.04,2.96),.PIECEWISE_BEZIER_KNOTS.);
#16807 = CARTESIAN_POINT('',(2.89149353012,1.04));
#16808 = CARTESIAN_POINT('',(2.89149353012,2.96));
#16809 = ( GEOMETRIC_REPRESENTATION_CONTEXT(2) 
PARAMETRIC_REPRESENTATION_CONTEXT() REPRESENTATION_CONTEXT('2D SPACE',''
  ) );
#16810 = PCURVE('',#15032,#16811);
#16811 = DEFINITIONAL_REPRESENTATION('',(#16812),#16815);
#16812 = B_SPLINE_CURVE_WITH_KNOTS('',1,(#16813,#16814),.UNSPECIFIED.,
  .F.,.F.,(2,2),(1.04,2.96),.PIECEWISE_BEZIER_KNOTS.);
#16813 = CARTESIAN_POINT('',(-0.16,0.155560532941));
#16814 = CARTESIAN_POINT('',(1.76,0.155560532941));
#16815 = ( GEOMETRIC_REPRESENTATION_CONTEXT(2) 
PARAMETRIC_REPRESENTATION_CONTEXT() REPRESENTATION_CONTEXT('2D SPACE',''
  ) );
#16816 = ORIENTED_EDGE('',*,*,#16817,.F.);
#16817 = EDGE_CURVE('',#16818,#16797,#16820,.T.);
#16818 = VERTEX_POINT('',#16819);
#16819 = CARTESIAN_POINT('',(-4.175823272123,2.75,0.8));
#16820 = SURFACE_CURVE('',#16821,(#16826,#16833),.PCURVE_S1.);
#16821 = CIRCLE('',#16822,5.);
#16822 = AXIS2_PLACEMENT_3D('',#16823,#16824,#16825);
#16823 = CARTESIAN_POINT('',(0.,0.,0.8));
#16824 = DIRECTION('',(0.,0.,1.));
#16825 = DIRECTION('',(1.,0.,-0.));
#16826 = PCURVE('',#14617,#16827);
#16827 = DEFINITIONAL_REPRESENTATION('',(#16828),#16832);
#16828 = LINE('',#16829,#16830);
#16829 = CARTESIAN_POINT('',(0.,2.8));
#16830 = VECTOR('',#16831,1.);
#16831 = DIRECTION('',(1.,0.));
#16832 = ( GEOMETRIC_REPRESENTATION_CONTEXT(2) 
PARAMETRIC_REPRESENTATION_CONTEXT() REPRESENTATION_CONTEXT('2D SPACE',''
  ) );
#16833 = PCURVE('',#15060,#16834);
#16834 = DEFINITIONAL_REPRESENTATION('',(#16835),#16839);
#16835 = CIRCLE('',#16836,5.);
#16836 = AXIS2_PLACEMENT_2D('',#16837,#16838);
#16837 = CARTESIAN_POINT('',(5.,2.75));
#16838 = DIRECTION('',(1.,0.));
#16839 = ( GEOMETRIC_REPRESENTATION_CONTEXT(2) 
PARAMETRIC_REPRESENTATION_CONTEXT() REPRESENTATION_CONTEXT('2D SPACE',''
  ) );
#16840 = ORIENTED_EDGE('',*,*,#16841,.T.);
#16841 = EDGE_CURVE('',#16818,#16842,#16844,.T.);
#16842 = VERTEX_POINT('',#16843);
#16843 = CARTESIAN_POINT('',(-4.175823272123,2.75,1.4));
#16844 = SURFACE_CURVE('',#16845,(#16849,#16855),.PCURVE_S1.);
#16845 = LINE('',#16846,#16847);
#16846 = CARTESIAN_POINT('',(-4.175823272123,2.75,-2.));
#16847 = VECTOR('',#16848,1.);
#16848 = DIRECTION('',(0.,0.,1.));
#16849 = PCURVE('',#14617,#16850);
#16850 = DEFINITIONAL_REPRESENTATION('',(#16851),#16854);
#16851 = B_SPLINE_CURVE_WITH_KNOTS('',1,(#16852,#16853),.UNSPECIFIED.,
  .F.,.F.,(2,2),(2.68,3.400009654188),.PIECEWISE_BEZIER_KNOTS.);
#16852 = CARTESIAN_POINT('',(2.559228415721,2.68));
#16853 = CARTESIAN_POINT('',(2.559228415721,3.400009654188));
#16854 = ( GEOMETRIC_REPRESENTATION_CONTEXT(2) 
PARAMETRIC_REPRESENTATION_CONTEXT() REPRESENTATION_CONTEXT('2D SPACE',''
  ) );
#16855 = PCURVE('',#15088,#16856);
#16856 = DEFINITIONAL_REPRESENTATION('',(#16857),#16860);
#16857 = B_SPLINE_CURVE_WITH_KNOTS('',1,(#16858,#16859),.UNSPECIFIED.,
  .F.,.F.,(2,2),(2.68,3.400009654188),.PIECEWISE_BEZIER_KNOTS.);
#16858 = CARTESIAN_POINT('',(-0.12,0.824176727877));
#16859 = CARTESIAN_POINT('',(0.600009654188,0.824176727877));
#16860 = ( GEOMETRIC_REPRESENTATION_CONTEXT(2) 
PARAMETRIC_REPRESENTATION_CONTEXT() REPRESENTATION_CONTEXT('2D SPACE',''
  ) );
#16861 = ORIENTED_EDGE('',*,*,#16862,.F.);
#16862 = EDGE_CURVE('',#16863,#16842,#16865,.T.);
#16863 = VERTEX_POINT('',#16864);
#16864 = CARTESIAN_POINT('',(4.175823272123,2.75,1.4));
#16865 = SURFACE_CURVE('',#16866,(#16871,#16878),.PCURVE_S1.);
#16866 = CIRCLE('',#16867,5.);
#16867 = AXIS2_PLACEMENT_3D('',#16868,#16869,#16870);
#16868 = CARTESIAN_POINT('',(0.,0.,1.4));
#16869 = DIRECTION('',(0.,0.,1.));
#16870 = DIRECTION('',(1.,0.,-0.));
#16871 = PCURVE('',#14617,#16872);
#16872 = DEFINITIONAL_REPRESENTATION('',(#16873),#16877);
#16873 = LINE('',#16874,#16875);
#16874 = CARTESIAN_POINT('',(0.,3.4));
#16875 = VECTOR('',#16876,1.);
#16876 = DIRECTION('',(1.,0.));
#16877 = ( GEOMETRIC_REPRESENTATION_CONTEXT(2) 
PARAMETRIC_REPRESENTATION_CONTEXT() REPRESENTATION_CONTEXT('2D SPACE',''
  ) );
#16878 = PCURVE('',#16879,#16884);
#16879 = CONICAL_SURFACE('',#16880,5.,0.785398163397);
#16880 = AXIS2_PLACEMENT_3D('',#16881,#16882,#16883);
#16881 = CARTESIAN_POINT('',(0.,0.,1.4));
#16882 = DIRECTION('',(-0.,-0.,-1.));
#16883 = DIRECTION('',(1.,0.,-0.));
#16884 = DEFINITIONAL_REPRESENTATION('',(#16885),#16889);
#16885 = LINE('',#16886,#16887);
#16886 = CARTESIAN_POINT('',(-0.,-0.));
#16887 = VECTOR('',#16888,1.);
#16888 = DIRECTION('',(-1.,-0.));
#16889 = ( GEOMETRIC_REPRESENTATION_CONTEXT(2) 
PARAMETRIC_REPRESENTATION_CONTEXT() REPRESENTATION_CONTEXT('2D SPACE',''
  ) );
#16890 = ORIENTED_EDGE('',*,*,#16891,.F.);
#16891 = EDGE_CURVE('',#16892,#16863,#16894,.T.);
#16892 = VERTEX_POINT('',#16893);
#16893 = CARTESIAN_POINT('',(4.175823272123,2.75,0.8));
#16894 = SURFACE_CURVE('',#16895,(#16899,#16905),.PCURVE_S1.);
#16895 = LINE('',#16896,#16897);
#16896 = CARTESIAN_POINT('',(4.175823272123,2.75,-2.));
#16897 = VECTOR('',#16898,1.);
#16898 = DIRECTION('',(0.,0.,1.));
#16899 = PCURVE('',#14617,#16900);
#16900 = DEFINITIONAL_REPRESENTATION('',(#16901),#16904);
#16901 = B_SPLINE_CURVE_WITH_KNOTS('',1,(#16902,#16903),.UNSPECIFIED.,
  .F.,.F.,(2,2),(2.68,3.400009654188),.PIECEWISE_BEZIER_KNOTS.);
#16902 = CARTESIAN_POINT('',(0.582364237869,2.68));
#16903 = CARTESIAN_POINT('',(0.582364237869,3.400009654188));
#16904 = ( GEOMETRIC_REPRESENTATION_CONTEXT(2) 
PARAMETRIC_REPRESENTATION_CONTEXT() REPRESENTATION_CONTEXT('2D SPACE',''
  ) );
#16905 = PCURVE('',#16544,#16906);
#16906 = DEFINITIONAL_REPRESENTATION('',(#16907),#16910);
#16907 = B_SPLINE_CURVE_WITH_KNOTS('',1,(#16908,#16909),.UNSPECIFIED.,
  .F.,.F.,(2,2),(2.68,3.400009654188),.PIECEWISE_BEZIER_KNOTS.);
#16908 = CARTESIAN_POINT('',(-0.12,9.175823272123));
#16909 = CARTESIAN_POINT('',(0.600009654188,9.175823272123));
#16910 = ( GEOMETRIC_REPRESENTATION_CONTEXT(2) 
PARAMETRIC_REPRESENTATION_CONTEXT() REPRESENTATION_CONTEXT('2D SPACE',''
  ) );
#16911 = ORIENTED_EDGE('',*,*,#16912,.F.);
#16912 = EDGE_CURVE('',#16913,#16892,#16915,.T.);
#16913 = VERTEX_POINT('',#16914);
#16914 = CARTESIAN_POINT('',(4.844439467059,1.2375,0.8));
#16915 = SURFACE_CURVE('',#16916,(#16921,#16928),.PCURVE_S1.);
#16916 = CIRCLE('',#16917,5.);
#16917 = AXIS2_PLACEMENT_3D('',#16918,#16919,#16920);
#16918 = CARTESIAN_POINT('',(0.,0.,0.8));
#16919 = DIRECTION('',(0.,0.,1.));
#16920 = DIRECTION('',(1.,0.,-0.));
#16921 = PCURVE('',#14617,#16922);
#16922 = DEFINITIONAL_REPRESENTATION('',(#16923),#16927);
#16923 = LINE('',#16924,#16925);
#16924 = CARTESIAN_POINT('',(0.,2.8));
#16925 = VECTOR('',#16926,1.);
#16926 = DIRECTION('',(1.,0.));
#16927 = ( GEOMETRIC_REPRESENTATION_CONTEXT(2) 
PARAMETRIC_REPRESENTATION_CONTEXT() REPRESENTATION_CONTEXT('2D SPACE',''
  ) );
#16928 = PCURVE('',#16017,#16929);
#16929 = DEFINITIONAL_REPRESENTATION('',(#16930),#16934);
#16930 = CIRCLE('',#16931,5.);
#16931 = AXIS2_PLACEMENT_2D('',#16932,#16933);
#16932 = CARTESIAN_POINT('',(5.,2.75));
#16933 = DIRECTION('',(1.,0.));
#16934 = ( GEOMETRIC_REPRESENTATION_CONTEXT(2) 
PARAMETRIC_REPRESENTATION_CONTEXT() REPRESENTATION_CONTEXT('2D SPACE',''
  ) );
#16935 = ORIENTED_EDGE('',*,*,#16936,.F.);
#16936 = EDGE_CURVE('',#16676,#16913,#16937,.T.);
#16937 = SURFACE_CURVE('',#16938,(#16942,#16948),.PCURVE_S1.);
#16938 = LINE('',#16939,#16940);
#16939 = CARTESIAN_POINT('',(4.844439467059,1.2375,-2.));
#16940 = VECTOR('',#16941,1.);
#16941 = DIRECTION('',(0.,0.,1.));
#16942 = PCURVE('',#14617,#16943);
#16943 = DEFINITIONAL_REPRESENTATION('',(#16944),#16947);
#16944 = B_SPLINE_CURVE_WITH_KNOTS('',1,(#16945,#16946),.UNSPECIFIED.,
  .F.,.F.,(2,2),(1.04,2.96),.PIECEWISE_BEZIER_KNOTS.);
#16945 = CARTESIAN_POINT('',(0.25009912347,1.04));
#16946 = CARTESIAN_POINT('',(0.25009912347,2.96));
#16947 = ( GEOMETRIC_REPRESENTATION_CONTEXT(2) 
PARAMETRIC_REPRESENTATION_CONTEXT() REPRESENTATION_CONTEXT('2D SPACE',''
  ) );
#16948 = PCURVE('',#16042,#16949);
#16949 = DEFINITIONAL_REPRESENTATION('',(#16950),#16953);
#16950 = B_SPLINE_CURVE_WITH_KNOTS('',1,(#16951,#16952),.UNSPECIFIED.,
  .F.,.F.,(2,2),(1.04,2.96),.PIECEWISE_BEZIER_KNOTS.);
#16951 = CARTESIAN_POINT('',(-0.16,9.844439467059));
#16952 = CARTESIAN_POINT('',(1.76,9.844439467059));
#16953 = ( GEOMETRIC_REPRESENTATION_CONTEXT(2) 
PARAMETRIC_REPRESENTATION_CONTEXT() REPRESENTATION_CONTEXT('2D SPACE',''
  ) );
#16954 = ORIENTED_EDGE('',*,*,#16675,.T.);
#16955 = ADVANCED_FACE('',(#16956),#14858,.T.);
#16956 = FACE_BOUND('',#16957,.T.);
#16957 = EDGE_LOOP('',(#16958,#16959,#16980,#16981));
#16958 = ORIENTED_EDGE('',*,*,#14993,.F.);
#16959 = ORIENTED_EDGE('',*,*,#16960,.T.);
#16960 = EDGE_CURVE('',#14994,#16773,#16961,.T.);
#16961 = SURFACE_CURVE('',#16962,(#16966,#16973),.PCURVE_S1.);
#16962 = LINE('',#16963,#16964);
#16963 = CARTESIAN_POINT('',(-5.,1.2375,-0.8));
#16964 = VECTOR('',#16965,1.);
#16965 = DIRECTION('',(1.,0.,-0.));
#16966 = PCURVE('',#14858,#16967);
#16967 = DEFINITIONAL_REPRESENTATION('',(#16968),#16972);
#16968 = LINE('',#16969,#16970);
#16969 = CARTESIAN_POINT('',(0.,3.9875));
#16970 = VECTOR('',#16971,1.);
#16971 = DIRECTION('',(1.,0.));
#16972 = ( GEOMETRIC_REPRESENTATION_CONTEXT(2) 
PARAMETRIC_REPRESENTATION_CONTEXT() REPRESENTATION_CONTEXT('2D SPACE',''
  ) );
#16973 = PCURVE('',#15032,#16974);
#16974 = DEFINITIONAL_REPRESENTATION('',(#16975),#16979);
#16975 = LINE('',#16976,#16977);
#16976 = CARTESIAN_POINT('',(0.,0.));
#16977 = VECTOR('',#16978,1.);
#16978 = DIRECTION('',(0.,1.));
#16979 = ( GEOMETRIC_REPRESENTATION_CONTEXT(2) 
PARAMETRIC_REPRESENTATION_CONTEXT() REPRESENTATION_CONTEXT('2D SPACE',''
  ) );
#16980 = ORIENTED_EDGE('',*,*,#16772,.F.);
#16981 = ORIENTED_EDGE('',*,*,#14842,.F.);
#16982 = ADVANCED_FACE('',(#16983),#14932,.T.);
#16983 = FACE_BOUND('',#16984,.T.);
#16984 = EDGE_LOOP('',(#16985,#16986,#17007,#17008));
#16985 = ORIENTED_EDGE('',*,*,#16650,.F.);
#16986 = ORIENTED_EDGE('',*,*,#16987,.T.);
#16987 = EDGE_CURVE('',#16630,#15267,#16988,.T.);
#16988 = SURFACE_CURVE('',#16989,(#16993,#17000),.PCURVE_S1.);
#16989 = LINE('',#16990,#16991);
#16990 = CARTESIAN_POINT('',(-5.,1.2375,-0.8));
#16991 = VECTOR('',#16992,1.);
#16992 = DIRECTION('',(1.,0.,-0.));
#16993 = PCURVE('',#14932,#16994);
#16994 = DEFINITIONAL_REPRESENTATION('',(#16995),#16999);
#16995 = LINE('',#16996,#16997);
#16996 = CARTESIAN_POINT('',(0.,3.9875));
#16997 = VECTOR('',#16998,1.);
#16998 = DIRECTION('',(1.,0.));
#16999 = ( GEOMETRIC_REPRESENTATION_CONTEXT(2) 
PARAMETRIC_REPRESENTATION_CONTEXT() REPRESENTATION_CONTEXT('2D SPACE',''
  ) );
#17000 = PCURVE('',#15305,#17001);
#17001 = DEFINITIONAL_REPRESENTATION('',(#17002),#17006);
#17002 = LINE('',#17003,#17004);
#17003 = CARTESIAN_POINT('',(0.,0.));
#17004 = VECTOR('',#17005,1.);
#17005 = DIRECTION('',(0.,1.));
#17006 = ( GEOMETRIC_REPRESENTATION_CONTEXT(2) 
PARAMETRIC_REPRESENTATION_CONTEXT() REPRESENTATION_CONTEXT('2D SPACE',''
  ) );
#17007 = ORIENTED_EDGE('',*,*,#15266,.T.);
#17008 = ORIENTED_EDGE('',*,*,#14916,.F.);
#17009 = ADVANCED_FACE('',(#17010),#15032,.T.);
#17010 = FACE_BOUND('',#17011,.T.);
#17011 = EDGE_LOOP('',(#17012,#17013,#17014,#17035));
#17012 = ORIENTED_EDGE('',*,*,#16960,.F.);
#17013 = ORIENTED_EDGE('',*,*,#15016,.T.);
#17014 = ORIENTED_EDGE('',*,*,#17015,.T.);
#17015 = EDGE_CURVE('',#15017,#16797,#17016,.T.);
#17016 = SURFACE_CURVE('',#17017,(#17021,#17028),.PCURVE_S1.);
#17017 = LINE('',#17018,#17019);
#17018 = CARTESIAN_POINT('',(-5.,1.2375,0.8));
#17019 = VECTOR('',#17020,1.);
#17020 = DIRECTION('',(1.,0.,-0.));
#17021 = PCURVE('',#15032,#17022);
#17022 = DEFINITIONAL_REPRESENTATION('',(#17023),#17027);
#17023 = LINE('',#17024,#17025);
#17024 = CARTESIAN_POINT('',(1.6,0.));
#17025 = VECTOR('',#17026,1.);
#17026 = DIRECTION('',(0.,1.));
#17027 = ( GEOMETRIC_REPRESENTATION_CONTEXT(2) 
PARAMETRIC_REPRESENTATION_CONTEXT() REPRESENTATION_CONTEXT('2D SPACE',''
  ) );
#17028 = PCURVE('',#15060,#17029);
#17029 = DEFINITIONAL_REPRESENTATION('',(#17030),#17034);
#17030 = LINE('',#17031,#17032);
#17031 = CARTESIAN_POINT('',(0.,3.9875));
#17032 = VECTOR('',#17033,1.);
#17033 = DIRECTION('',(1.,0.));
#17034 = ( GEOMETRIC_REPRESENTATION_CONTEXT(2) 
PARAMETRIC_REPRESENTATION_CONTEXT() REPRESENTATION_CONTEXT('2D SPACE',''
  ) );
#17035 = ORIENTED_EDGE('',*,*,#16796,.F.);
#17036 = ADVANCED_FACE('',(#17037),#15060,.F.);
#17037 = FACE_BOUND('',#17038,.F.);
#17038 = EDGE_LOOP('',(#17039,#17040,#17041,#17042));
#17039 = ORIENTED_EDGE('',*,*,#15044,.F.);
#17040 = ORIENTED_EDGE('',*,*,#17015,.T.);
#17041 = ORIENTED_EDGE('',*,*,#16817,.F.);
#17042 = ORIENTED_EDGE('',*,*,#17043,.F.);
#17043 = EDGE_CURVE('',#15045,#16818,#17044,.T.);
#17044 = SURFACE_CURVE('',#17045,(#17049,#17056),.PCURVE_S1.);
#17045 = LINE('',#17046,#17047);
#17046 = CARTESIAN_POINT('',(-5.,2.75,0.8));
#17047 = VECTOR('',#17048,1.);
#17048 = DIRECTION('',(1.,0.,-0.));
#17049 = PCURVE('',#15060,#17050);
#17050 = DEFINITIONAL_REPRESENTATION('',(#17051),#17055);
#17051 = LINE('',#17052,#17053);
#17052 = CARTESIAN_POINT('',(0.,5.5));
#17053 = VECTOR('',#17054,1.);
#17054 = DIRECTION('',(1.,0.));
#17055 = ( GEOMETRIC_REPRESENTATION_CONTEXT(2) 
PARAMETRIC_REPRESENTATION_CONTEXT() REPRESENTATION_CONTEXT('2D SPACE',''
  ) );
#17056 = PCURVE('',#15088,#17057);
#17057 = DEFINITIONAL_REPRESENTATION('',(#17058),#17062);
#17058 = LINE('',#17059,#17060);
#17059 = CARTESIAN_POINT('',(0.,0.));
#17060 = VECTOR('',#17061,1.);
#17061 = DIRECTION('',(0.,1.));
#17062 = ( GEOMETRIC_REPRESENTATION_CONTEXT(2) 
PARAMETRIC_REPRESENTATION_CONTEXT() REPRESENTATION_CONTEXT('2D SPACE',''
  ) );
#17063 = ADVANCED_FACE('',(#17064),#15088,.T.);
#17064 = FACE_BOUND('',#17065,.T.);
#17065 = EDGE_LOOP('',(#17066,#17067,#17068,#17091,#17116));
#17066 = ORIENTED_EDGE('',*,*,#17043,.F.);
#17067 = ORIENTED_EDGE('',*,*,#15072,.T.);
#17068 = ORIENTED_EDGE('',*,*,#17069,.T.);
#17069 = EDGE_CURVE('',#15073,#17070,#17072,.T.);
#17070 = VERTEX_POINT('',#17071);
#17071 = CARTESIAN_POINT('',(-3.434748899119,2.75,2.));
#17072 = SURFACE_CURVE('',#17073,(#17077,#17084),.PCURVE_S1.);
#17073 = LINE('',#17074,#17075);
#17074 = CARTESIAN_POINT('',(-5.,2.75,2.));
#17075 = VECTOR('',#17076,1.);
#17076 = DIRECTION('',(1.,0.,-0.));
#17077 = PCURVE('',#15088,#17078);
#17078 = DEFINITIONAL_REPRESENTATION('',(#17079),#17083);
#17079 = LINE('',#17080,#17081);
#17080 = CARTESIAN_POINT('',(1.2,0.));
#17081 = VECTOR('',#17082,1.);
#17082 = DIRECTION('',(0.,1.));
#17083 = ( GEOMETRIC_REPRESENTATION_CONTEXT(2) 
PARAMETRIC_REPRESENTATION_CONTEXT() REPRESENTATION_CONTEXT('2D SPACE',''
  ) );
#17084 = PCURVE('',#15116,#17085);
#17085 = DEFINITIONAL_REPRESENTATION('',(#17086),#17090);
#17086 = LINE('',#17087,#17088);
#17087 = CARTESIAN_POINT('',(0.,5.5));
#17088 = VECTOR('',#17089,1.);
#17089 = DIRECTION('',(1.,0.));
#17090 = ( GEOMETRIC_REPRESENTATION_CONTEXT(2) 
PARAMETRIC_REPRESENTATION_CONTEXT() REPRESENTATION_CONTEXT('2D SPACE',''
  ) );
#17091 = ORIENTED_EDGE('',*,*,#17092,.T.);
#17092 = EDGE_CURVE('',#17070,#16842,#17093,.T.);
#17093 = SURFACE_CURVE('',#17094,(#17099,#17106),.PCURVE_S1.);
#17094 = HYPERBOLA('',#17095,2.75,2.75);
#17095 = AXIS2_PLACEMENT_3D('',#17096,#17097,#17098);
#17096 = CARTESIAN_POINT('',(0.,2.75,6.4));
#17097 = DIRECTION('',(0.,1.,0.));
#17098 = DIRECTION('',(-0.,0.,-1.));
#17099 = PCURVE('',#15088,#17100);
#17100 = DEFINITIONAL_REPRESENTATION('',(#17101),#17105);
#17101 = ( BOUNDED_CURVE() B_SPLINE_CURVE(2,(#17102,#17103,#17104),
.UNSPECIFIED.,.F.,.F.) B_SPLINE_CURVE_WITH_KNOTS((3,3),(1.046967915003,
1.204971208168),.PIECEWISE_BEZIER_KNOTS.) CURVE() 
GEOMETRIC_REPRESENTATION_ITEM() RATIONAL_B_SPLINE_CURVE((1.,
1.003122253474,1.)) REPRESENTATION_ITEM('') );
#17102 = CARTESIAN_POINT('',(1.2,1.565251100881));
#17103 = CARTESIAN_POINT('',(0.929212299272,1.218365224156));
#17104 = CARTESIAN_POINT('',(0.6,0.824176727877));
#17105 = ( GEOMETRIC_REPRESENTATION_CONTEXT(2) 
PARAMETRIC_REPRESENTATION_CONTEXT() REPRESENTATION_CONTEXT('2D SPACE',''
  ) );
#17106 = PCURVE('',#16879,#17107);
#17107 = DEFINITIONAL_REPRESENTATION('',(#17108),#17115);
#17108 = B_SPLINE_CURVE_WITH_KNOTS('',5,(#17109,#17110,#17111,#17112,
    #17113,#17114),.UNSPECIFIED.,.F.,.F.,(6,6),(1.046967915003,
    1.204971208168),.PIECEWISE_BEZIER_KNOTS.);
#17109 = CARTESIAN_POINT('',(-2.466461120653,-0.6));
#17110 = CARTESIAN_POINT('',(-2.486211532298,-0.491459672549));
#17111 = CARTESIAN_POINT('',(-2.505352932484,-0.377427038356));
#17112 = CARTESIAN_POINT('',(-2.523894317204,-0.257676273539));
#17113 = CARTESIAN_POINT('',(-2.541848053473,-0.131958765734));
#17114 = CARTESIAN_POINT('',(-2.559228415721,-6.661338147751E-16));
#17115 = ( GEOMETRIC_REPRESENTATION_CONTEXT(2) 
PARAMETRIC_REPRESENTATION_CONTEXT() REPRESENTATION_CONTEXT('2D SPACE',''
  ) );
#17116 = ORIENTED_EDGE('',*,*,#16841,.F.);
#17117 = ADVANCED_FACE('',(#17118,#17345,#17348,#17351,#17354),#15116,
  .T.);
#17118 = FACE_BOUND('',#17119,.T.);
#17119 = EDGE_LOOP('',(#17120,#17143,#17167,#17190,#17212,#17213,#17214,
    #17237,#17266,#17294,#17323,#17344));
#17120 = ORIENTED_EDGE('',*,*,#17121,.F.);
#17121 = EDGE_CURVE('',#17122,#15346,#17124,.T.);
#17122 = VERTEX_POINT('',#17123);
#17123 = CARTESIAN_POINT('',(38.434748899119,2.75,2.));
#17124 = SURFACE_CURVE('',#17125,(#17129,#17136),.PCURVE_S1.);
#17125 = LINE('',#17126,#17127);
#17126 = CARTESIAN_POINT('',(-5.,2.75,2.));
#17127 = VECTOR('',#17128,1.);
#17128 = DIRECTION('',(1.,0.,-0.));
#17129 = PCURVE('',#15116,#17130);
#17130 = DEFINITIONAL_REPRESENTATION('',(#17131),#17135);
#17131 = LINE('',#17132,#17133);
#17132 = CARTESIAN_POINT('',(0.,5.5));
#17133 = VECTOR('',#17134,1.);
#17134 = DIRECTION('',(1.,0.));
#17135 = ( GEOMETRIC_REPRESENTATION_CONTEXT(2) 
PARAMETRIC_REPRESENTATION_CONTEXT() REPRESENTATION_CONTEXT('2D SPACE',''
  ) );
#17136 = PCURVE('',#15361,#17137);
#17137 = DEFINITIONAL_REPRESENTATION('',(#17138),#17142);
#17138 = LINE('',#17139,#17140);
#17139 = CARTESIAN_POINT('',(1.2,0.));
#17140 = VECTOR('',#17141,1.);
#17141 = DIRECTION('',(0.,1.));
#17142 = ( GEOMETRIC_REPRESENTATION_CONTEXT(2) 
PARAMETRIC_REPRESENTATION_CONTEXT() REPRESENTATION_CONTEXT('2D SPACE',''
  ) );
#17143 = ORIENTED_EDGE('',*,*,#17144,.T.);
#17144 = EDGE_CURVE('',#17122,#17145,#17147,.T.);
#17145 = VERTEX_POINT('',#17146);
#17146 = CARTESIAN_POINT('',(31.565251100881,2.75,2.));
#17147 = SURFACE_CURVE('',#17148,(#17153,#17160),.PCURVE_S1.);
#17148 = CIRCLE('',#17149,4.4);
#17149 = AXIS2_PLACEMENT_3D('',#17150,#17151,#17152);
#17150 = CARTESIAN_POINT('',(35.,0.,2.));
#17151 = DIRECTION('',(0.,0.,1.));
#17152 = DIRECTION('',(1.,0.,-0.));
#17153 = PCURVE('',#15116,#17154);
#17154 = DEFINITIONAL_REPRESENTATION('',(#17155),#17159);
#17155 = CIRCLE('',#17156,4.4);
#17156 = AXIS2_PLACEMENT_2D('',#17157,#17158);
#17157 = CARTESIAN_POINT('',(40.,2.75));
#17158 = DIRECTION('',(1.,0.));
#17159 = ( GEOMETRIC_REPRESENTATION_CONTEXT(2) 
PARAMETRIC_REPRESENTATION_CONTEXT() REPRESENTATION_CONTEXT('2D SPACE',''
  ) );
#17160 = PCURVE('',#16572,#17161);
#17161 = DEFINITIONAL_REPRESENTATION('',(#17162),#17166);
#17162 = LINE('',#17163,#17164);
#17163 = CARTESIAN_POINT('',(-0.,-0.6));
#17164 = VECTOR('',#17165,1.);
#17165 = DIRECTION('',(-1.,-0.));
#17166 = ( GEOMETRIC_REPRESENTATION_CONTEXT(2) 
PARAMETRIC_REPRESENTATION_CONTEXT() REPRESENTATION_CONTEXT('2D SPACE',''
  ) );
#17167 = ORIENTED_EDGE('',*,*,#17168,.F.);
#17168 = EDGE_CURVE('',#17169,#17145,#17171,.T.);
#17169 = VERTEX_POINT('',#17170);
#17170 = CARTESIAN_POINT('',(3.434748899119,2.75,2.));
#17171 = SURFACE_CURVE('',#17172,(#17176,#17183),.PCURVE_S1.);
#17172 = LINE('',#17173,#17174);
#17173 = CARTESIAN_POINT('',(-5.,2.75,2.));
#17174 = VECTOR('',#17175,1.);
#17175 = DIRECTION('',(1.,0.,-0.));
#17176 = PCURVE('',#15116,#17177);
#17177 = DEFINITIONAL_REPRESENTATION('',(#17178),#17182);
#17178 = LINE('',#17179,#17180);
#17179 = CARTESIAN_POINT('',(0.,5.5));
#17180 = VECTOR('',#17181,1.);
#17181 = DIRECTION('',(1.,0.));
#17182 = ( GEOMETRIC_REPRESENTATION_CONTEXT(2) 
PARAMETRIC_REPRESENTATION_CONTEXT() REPRESENTATION_CONTEXT('2D SPACE',''
  ) );
#17183 = PCURVE('',#16544,#17184);
#17184 = DEFINITIONAL_REPRESENTATION('',(#17185),#17189);
#17185 = LINE('',#17186,#17187);
#17186 = CARTESIAN_POINT('',(1.2,0.));
#17187 = VECTOR('',#17188,1.);
#17188 = DIRECTION('',(0.,1.));
#17189 = ( GEOMETRIC_REPRESENTATION_CONTEXT(2) 
PARAMETRIC_REPRESENTATION_CONTEXT() REPRESENTATION_CONTEXT('2D SPACE',''
  ) );
#17190 = ORIENTED_EDGE('',*,*,#17191,.T.);
#17191 = EDGE_CURVE('',#17169,#17070,#17192,.T.);
#17192 = SURFACE_CURVE('',#17193,(#17198,#17205),.PCURVE_S1.);
#17193 = CIRCLE('',#17194,4.4);
#17194 = AXIS2_PLACEMENT_3D('',#17195,#17196,#17197);
#17195 = CARTESIAN_POINT('',(0.,0.,2.));
#17196 = DIRECTION('',(0.,0.,1.));
#17197 = DIRECTION('',(1.,0.,-0.));
#17198 = PCURVE('',#15116,#17199);
#17199 = DEFINITIONAL_REPRESENTATION('',(#17200),#17204);
#17200 = CIRCLE('',#17201,4.4);
#17201 = AXIS2_PLACEMENT_2D('',#17202,#17203);
#17202 = CARTESIAN_POINT('',(5.,2.75));
#17203 = DIRECTION('',(1.,0.));
#17204 = ( GEOMETRIC_REPRESENTATION_CONTEXT(2) 
PARAMETRIC_REPRESENTATION_CONTEXT() REPRESENTATION_CONTEXT('2D SPACE',''
  ) );
#17205 = PCURVE('',#16879,#17206);
#17206 = DEFINITIONAL_REPRESENTATION('',(#17207),#17211);
#17207 = LINE('',#17208,#17209);
#17208 = CARTESIAN_POINT('',(-0.,-0.6));
#17209 = VECTOR('',#17210,1.);
#17210 = DIRECTION('',(-1.,-0.));
#17211 = ( GEOMETRIC_REPRESENTATION_CONTEXT(2) 
PARAMETRIC_REPRESENTATION_CONTEXT() REPRESENTATION_CONTEXT('2D SPACE',''
  ) );
#17212 = ORIENTED_EDGE('',*,*,#17069,.F.);
#17213 = ORIENTED_EDGE('',*,*,#15100,.F.);
#17214 = ORIENTED_EDGE('',*,*,#17215,.T.);
#17215 = EDGE_CURVE('',#15101,#17216,#17218,.T.);
#17216 = VERTEX_POINT('',#17217);
#17217 = CARTESIAN_POINT('',(-3.434748899119,-2.75,2.));
#17218 = SURFACE_CURVE('',#17219,(#17223,#17230),.PCURVE_S1.);
#17219 = LINE('',#17220,#17221);
#17220 = CARTESIAN_POINT('',(-5.,-2.75,2.));
#17221 = VECTOR('',#17222,1.);
#17222 = DIRECTION('',(1.,0.,-0.));
#17223 = PCURVE('',#15116,#17224);
#17224 = DEFINITIONAL_REPRESENTATION('',(#17225),#17229);
#17225 = LINE('',#17226,#17227);
#17226 = CARTESIAN_POINT('',(0.,0.));
#17227 = VECTOR('',#17228,1.);
#17228 = DIRECTION('',(1.,0.));
#17229 = ( GEOMETRIC_REPRESENTATION_CONTEXT(2) 
PARAMETRIC_REPRESENTATION_CONTEXT() REPRESENTATION_CONTEXT('2D SPACE',''
  ) );
#17230 = PCURVE('',#15144,#17231);
#17231 = DEFINITIONAL_REPRESENTATION('',(#17232),#17236);
#17232 = LINE('',#17233,#17234);
#17233 = CARTESIAN_POINT('',(1.2,0.));
#17234 = VECTOR('',#17235,1.);
#17235 = DIRECTION('',(0.,1.));
#17236 = ( GEOMETRIC_REPRESENTATION_CONTEXT(2) 
PARAMETRIC_REPRESENTATION_CONTEXT() REPRESENTATION_CONTEXT('2D SPACE',''
  ) );
#17237 = ORIENTED_EDGE('',*,*,#17238,.T.);
#17238 = EDGE_CURVE('',#17216,#17239,#17241,.T.);
#17239 = VERTEX_POINT('',#17240);
#17240 = CARTESIAN_POINT('',(3.434748899119,-2.75,2.));
#17241 = SURFACE_CURVE('',#17242,(#17247,#17254),.PCURVE_S1.);
#17242 = CIRCLE('',#17243,4.4);
#17243 = AXIS2_PLACEMENT_3D('',#17244,#17245,#17246);
#17244 = CARTESIAN_POINT('',(0.,0.,2.));
#17245 = DIRECTION('',(0.,0.,1.));
#17246 = DIRECTION('',(1.,0.,-0.));
#17247 = PCURVE('',#15116,#17248);
#17248 = DEFINITIONAL_REPRESENTATION('',(#17249),#17253);
#17249 = CIRCLE('',#17250,4.4);
#17250 = AXIS2_PLACEMENT_2D('',#17251,#17252);
#17251 = CARTESIAN_POINT('',(5.,2.75));
#17252 = DIRECTION('',(1.,0.));
#17253 = ( GEOMETRIC_REPRESENTATION_CONTEXT(2) 
PARAMETRIC_REPRESENTATION_CONTEXT() REPRESENTATION_CONTEXT('2D SPACE',''
  ) );
#17254 = PCURVE('',#17255,#17260);
#17255 = CONICAL_SURFACE('',#17256,5.,0.785398163397);
#17256 = AXIS2_PLACEMENT_3D('',#17257,#17258,#17259);
#17257 = CARTESIAN_POINT('',(0.,0.,1.4));
#17258 = DIRECTION('',(-0.,-0.,-1.));
#17259 = DIRECTION('',(1.,0.,-0.));
#17260 = DEFINITIONAL_REPRESENTATION('',(#17261),#17265);
#17261 = LINE('',#17262,#17263);
#17262 = CARTESIAN_POINT('',(-0.,-0.6));
#17263 = VECTOR('',#17264,1.);
#17264 = DIRECTION('',(-1.,-0.));
#17265 = ( GEOMETRIC_REPRESENTATION_CONTEXT(2) 
PARAMETRIC_REPRESENTATION_CONTEXT() REPRESENTATION_CONTEXT('2D SPACE',''
  ) );
#17266 = ORIENTED_EDGE('',*,*,#17267,.T.);
#17267 = EDGE_CURVE('',#17239,#17268,#17270,.T.);
#17268 = VERTEX_POINT('',#17269);
#17269 = CARTESIAN_POINT('',(31.565251100881,-2.75,2.));
#17270 = SURFACE_CURVE('',#17271,(#17275,#17282),.PCURVE_S1.);
#17271 = LINE('',#17272,#17273);
#17272 = CARTESIAN_POINT('',(-5.,-2.75,2.));
#17273 = VECTOR('',#17274,1.);
#17274 = DIRECTION('',(1.,0.,-0.));
#17275 = PCURVE('',#15116,#17276);
#17276 = DEFINITIONAL_REPRESENTATION('',(#17277),#17281);
#17277 = LINE('',#17278,#17279);
#17278 = CARTESIAN_POINT('',(0.,0.));
#17279 = VECTOR('',#17280,1.);
#17280 = DIRECTION('',(1.,0.));
#17281 = ( GEOMETRIC_REPRESENTATION_CONTEXT(2) 
PARAMETRIC_REPRESENTATION_CONTEXT() REPRESENTATION_CONTEXT('2D SPACE',''
  ) );
#17282 = PCURVE('',#17283,#17288);
#17283 = PLANE('',#17284);
#17284 = AXIS2_PLACEMENT_3D('',#17285,#17286,#17287);
#17285 = CARTESIAN_POINT('',(-5.,-2.75,0.8));
#17286 = DIRECTION('',(-0.,1.,0.));
#17287 = DIRECTION('',(0.,0.,1.));
#17288 = DEFINITIONAL_REPRESENTATION('',(#17289),#17293);
#17289 = LINE('',#17290,#17291);
#17290 = CARTESIAN_POINT('',(1.2,0.));
#17291 = VECTOR('',#17292,1.);
#17292 = DIRECTION('',(0.,1.));
#17293 = ( GEOMETRIC_REPRESENTATION_CONTEXT(2) 
PARAMETRIC_REPRESENTATION_CONTEXT() REPRESENTATION_CONTEXT('2D SPACE',''
  ) );
#17294 = ORIENTED_EDGE('',*,*,#17295,.T.);
#17295 = EDGE_CURVE('',#17268,#17296,#17298,.T.);
#17296 = VERTEX_POINT('',#17297);
#17297 = CARTESIAN_POINT('',(38.434748899119,-2.75,2.));
#17298 = SURFACE_CURVE('',#17299,(#17304,#17311),.PCURVE_S1.);
#17299 = CIRCLE('',#17300,4.4);
#17300 = AXIS2_PLACEMENT_3D('',#17301,#17302,#17303);
#17301 = CARTESIAN_POINT('',(35.,0.,2.));
#17302 = DIRECTION('',(0.,0.,1.));
#17303 = DIRECTION('',(1.,0.,-0.));
#17304 = PCURVE('',#15116,#17305);
#17305 = DEFINITIONAL_REPRESENTATION('',(#17306),#17310);
#17306 = CIRCLE('',#17307,4.4);
#17307 = AXIS2_PLACEMENT_2D('',#17308,#17309);
#17308 = CARTESIAN_POINT('',(40.,2.75));
#17309 = DIRECTION('',(1.,0.));
#17310 = ( GEOMETRIC_REPRESENTATION_CONTEXT(2) 
PARAMETRIC_REPRESENTATION_CONTEXT() REPRESENTATION_CONTEXT('2D SPACE',''
  ) );
#17311 = PCURVE('',#17312,#17317);
#17312 = CONICAL_SURFACE('',#17313,5.,0.785398163397);
#17313 = AXIS2_PLACEMENT_3D('',#17314,#17315,#17316);
#17314 = CARTESIAN_POINT('',(35.,0.,1.4));
#17315 = DIRECTION('',(-0.,-0.,-1.));
#17316 = DIRECTION('',(1.,0.,-0.));
#17317 = DEFINITIONAL_REPRESENTATION('',(#17318),#17322);
#17318 = LINE('',#17319,#17320);
#17319 = CARTESIAN_POINT('',(-0.,-0.6));
#17320 = VECTOR('',#17321,1.);
#17321 = DIRECTION('',(-1.,-0.));
#17322 = ( GEOMETRIC_REPRESENTATION_CONTEXT(2) 
PARAMETRIC_REPRESENTATION_CONTEXT() REPRESENTATION_CONTEXT('2D SPACE',''
  ) );
#17323 = ORIENTED_EDGE('',*,*,#17324,.T.);
#17324 = EDGE_CURVE('',#17296,#15374,#17325,.T.);
#17325 = SURFACE_CURVE('',#17326,(#17330,#17337),.PCURVE_S1.);
#17326 = LINE('',#17327,#17328);
#17327 = CARTESIAN_POINT('',(-5.,-2.75,2.));
#17328 = VECTOR('',#17329,1.);
#17329 = DIRECTION('',(1.,0.,-0.));
#17330 = PCURVE('',#15116,#17331);
#17331 = DEFINITIONAL_REPRESENTATION('',(#17332),#17336);
#17332 = LINE('',#17333,#17334);
#17333 = CARTESIAN_POINT('',(0.,0.));
#17334 = VECTOR('',#17335,1.);
#17335 = DIRECTION('',(1.,0.));
#17336 = ( GEOMETRIC_REPRESENTATION_CONTEXT(2) 
PARAMETRIC_REPRESENTATION_CONTEXT() REPRESENTATION_CONTEXT('2D SPACE',''
  ) );
#17337 = PCURVE('',#15412,#17338);
#17338 = DEFINITIONAL_REPRESENTATION('',(#17339),#17343);
#17339 = LINE('',#17340,#17341);
#17340 = CARTESIAN_POINT('',(1.2,0.));
#17341 = VECTOR('',#17342,1.);
#17342 = DIRECTION('',(0.,1.));
#17343 = ( GEOMETRIC_REPRESENTATION_CONTEXT(2) 
PARAMETRIC_REPRESENTATION_CONTEXT() REPRESENTATION_CONTEXT('2D SPACE',''
  ) );
#17344 = ORIENTED_EDGE('',*,*,#15373,.T.);
#17345 = FACE_BOUND('',#17346,.T.);
#17346 = EDGE_LOOP('',(#17347));
#17347 = ORIENTED_EDGE('',*,*,#15849,.F.);
#17348 = FACE_BOUND('',#17349,.T.);
#17349 = EDGE_LOOP('',(#17350));
#17350 = ORIENTED_EDGE('',*,*,#15899,.F.);
#17351 = FACE_BOUND('',#17352,.T.);
#17352 = EDGE_LOOP('',(#17353));
#17353 = ORIENTED_EDGE('',*,*,#16163,.F.);
#17354 = FACE_BOUND('',#17355,.T.);
#17355 = EDGE_LOOP('',(#17356));
#17356 = ORIENTED_EDGE('',*,*,#16407,.F.);
#17357 = ADVANCED_FACE('',(#17358),#15144,.F.);
#17358 = FACE_BOUND('',#17359,.F.);
#17359 = EDGE_LOOP('',(#17360,#17383,#17384,#17385,#17412));
#17360 = ORIENTED_EDGE('',*,*,#17361,.F.);
#17361 = EDGE_CURVE('',#15129,#17362,#17364,.T.);
#17362 = VERTEX_POINT('',#17363);
#17363 = CARTESIAN_POINT('',(-4.175823272123,-2.75,0.8));
#17364 = SURFACE_CURVE('',#17365,(#17369,#17376),.PCURVE_S1.);
#17365 = LINE('',#17366,#17367);
#17366 = CARTESIAN_POINT('',(-5.,-2.75,0.8));
#17367 = VECTOR('',#17368,1.);
#17368 = DIRECTION('',(1.,0.,-0.));
#17369 = PCURVE('',#15144,#17370);
#17370 = DEFINITIONAL_REPRESENTATION('',(#17371),#17375);
#17371 = LINE('',#17372,#17373);
#17372 = CARTESIAN_POINT('',(0.,0.));
#17373 = VECTOR('',#17374,1.);
#17374 = DIRECTION('',(0.,1.));
#17375 = ( GEOMETRIC_REPRESENTATION_CONTEXT(2) 
PARAMETRIC_REPRESENTATION_CONTEXT() REPRESENTATION_CONTEXT('2D SPACE',''
  ) );
#17376 = PCURVE('',#15172,#17377);
#17377 = DEFINITIONAL_REPRESENTATION('',(#17378),#17382);
#17378 = LINE('',#17379,#17380);
#17379 = CARTESIAN_POINT('',(0.,0.));
#17380 = VECTOR('',#17381,1.);
#17381 = DIRECTION('',(1.,0.));
#17382 = ( GEOMETRIC_REPRESENTATION_CONTEXT(2) 
PARAMETRIC_REPRESENTATION_CONTEXT() REPRESENTATION_CONTEXT('2D SPACE',''
  ) );
#17383 = ORIENTED_EDGE('',*,*,#15128,.T.);
#17384 = ORIENTED_EDGE('',*,*,#17215,.T.);
#17385 = ORIENTED_EDGE('',*,*,#17386,.T.);
#17386 = EDGE_CURVE('',#17216,#17387,#17389,.T.);
#17387 = VERTEX_POINT('',#17388);
#17388 = CARTESIAN_POINT('',(-4.175823272123,-2.75,1.4));
#17389 = SURFACE_CURVE('',#17390,(#17395,#17402),.PCURVE_S1.);
#17390 = HYPERBOLA('',#17391,2.75,2.75);
#17391 = AXIS2_PLACEMENT_3D('',#17392,#17393,#17394);
#17392 = CARTESIAN_POINT('',(0.,-2.75,6.4));
#17393 = DIRECTION('',(0.,1.,0.));
#17394 = DIRECTION('',(-0.,0.,-1.));
#17395 = PCURVE('',#15144,#17396);
#17396 = DEFINITIONAL_REPRESENTATION('',(#17397),#17401);
#17397 = ( BOUNDED_CURVE() B_SPLINE_CURVE(2,(#17398,#17399,#17400),
.UNSPECIFIED.,.F.,.F.) B_SPLINE_CURVE_WITH_KNOTS((3,3),(1.046967915003,
1.204971208168),.PIECEWISE_BEZIER_KNOTS.) CURVE() 
GEOMETRIC_REPRESENTATION_ITEM() RATIONAL_B_SPLINE_CURVE((1.,
1.003122253474,1.)) REPRESENTATION_ITEM('') );
#17398 = CARTESIAN_POINT('',(1.2,1.565251100881));
#17399 = CARTESIAN_POINT('',(0.929212299272,1.218365224156));
#17400 = CARTESIAN_POINT('',(0.6,0.824176727877));
#17401 = ( GEOMETRIC_REPRESENTATION_CONTEXT(2) 
PARAMETRIC_REPRESENTATION_CONTEXT() REPRESENTATION_CONTEXT('2D SPACE',''
  ) );
#17402 = PCURVE('',#17255,#17403);
#17403 = DEFINITIONAL_REPRESENTATION('',(#17404),#17411);
#17404 = B_SPLINE_CURVE_WITH_KNOTS('',5,(#17405,#17406,#17407,#17408,
    #17409,#17410),.UNSPECIFIED.,.F.,.F.,(6,6),(1.046967915003,
    1.204971208168),.PIECEWISE_BEZIER_KNOTS.);
#17405 = CARTESIAN_POINT('',(-3.816724186527,-0.6));
#17406 = CARTESIAN_POINT('',(-3.796973774881,-0.491459672549));
#17407 = CARTESIAN_POINT('',(-3.777832374696,-0.377427038356));
#17408 = CARTESIAN_POINT('',(-3.759290989976,-0.257676273539));
#17409 = CARTESIAN_POINT('',(-3.741337253707,-0.131958765734));
#17410 = CARTESIAN_POINT('',(-3.723956891459,2.22044604925E-16));
#17411 = ( GEOMETRIC_REPRESENTATION_CONTEXT(2) 
PARAMETRIC_REPRESENTATION_CONTEXT() REPRESENTATION_CONTEXT('2D SPACE',''
  ) );
#17412 = ORIENTED_EDGE('',*,*,#17413,.F.);
#17413 = EDGE_CURVE('',#17362,#17387,#17414,.T.);
#17414 = SURFACE_CURVE('',#17415,(#17419,#17425),.PCURVE_S1.);
#17415 = LINE('',#17416,#17417);
#17416 = CARTESIAN_POINT('',(-4.175823272123,-2.75,-2.));
#17417 = VECTOR('',#17418,1.);
#17418 = DIRECTION('',(0.,0.,1.));
#17419 = PCURVE('',#15144,#17420);
#17420 = DEFINITIONAL_REPRESENTATION('',(#17421),#17424);
#17421 = B_SPLINE_CURVE_WITH_KNOTS('',1,(#17422,#17423),.UNSPECIFIED.,
  .F.,.F.,(2,2),(2.68,3.400009654188),.PIECEWISE_BEZIER_KNOTS.);
#17422 = CARTESIAN_POINT('',(-0.12,0.824176727877));
#17423 = CARTESIAN_POINT('',(0.600009654188,0.824176727877));
#17424 = ( GEOMETRIC_REPRESENTATION_CONTEXT(2) 
PARAMETRIC_REPRESENTATION_CONTEXT() REPRESENTATION_CONTEXT('2D SPACE',''
  ) );
#17425 = PCURVE('',#15549,#17426);
#17426 = DEFINITIONAL_REPRESENTATION('',(#17427),#17430);
#17427 = B_SPLINE_CURVE_WITH_KNOTS('',1,(#17428,#17429),.UNSPECIFIED.,
  .F.,.F.,(2,2),(2.68,3.400009654188),.PIECEWISE_BEZIER_KNOTS.);
#17428 = CARTESIAN_POINT('',(3.723956891459,2.68));
#17429 = CARTESIAN_POINT('',(3.723956891459,3.400009654188));
#17430 = ( GEOMETRIC_REPRESENTATION_CONTEXT(2) 
PARAMETRIC_REPRESENTATION_CONTEXT() REPRESENTATION_CONTEXT('2D SPACE',''
  ) );
#17431 = ADVANCED_FACE('',(#17432),#15172,.F.);
#17432 = FACE_BOUND('',#17433,.F.);
#17433 = EDGE_LOOP('',(#17434,#17435,#17436,#17460));
#17434 = ORIENTED_EDGE('',*,*,#15156,.F.);
#17435 = ORIENTED_EDGE('',*,*,#17361,.T.);
#17436 = ORIENTED_EDGE('',*,*,#17437,.F.);
#17437 = EDGE_CURVE('',#17438,#17362,#17440,.T.);
#17438 = VERTEX_POINT('',#17439);
#17439 = CARTESIAN_POINT('',(-4.844439467059,-1.2375,0.8));
#17440 = SURFACE_CURVE('',#17441,(#17446,#17453),.PCURVE_S1.);
#17441 = CIRCLE('',#17442,5.);
#17442 = AXIS2_PLACEMENT_3D('',#17443,#17444,#17445);
#17443 = CARTESIAN_POINT('',(0.,0.,0.8));
#17444 = DIRECTION('',(0.,0.,1.));
#17445 = DIRECTION('',(1.,0.,-0.));
#17446 = PCURVE('',#15172,#17447);
#17447 = DEFINITIONAL_REPRESENTATION('',(#17448),#17452);
#17448 = CIRCLE('',#17449,5.);
#17449 = AXIS2_PLACEMENT_2D('',#17450,#17451);
#17450 = CARTESIAN_POINT('',(5.,2.75));
#17451 = DIRECTION('',(1.,0.));
#17452 = ( GEOMETRIC_REPRESENTATION_CONTEXT(2) 
PARAMETRIC_REPRESENTATION_CONTEXT() REPRESENTATION_CONTEXT('2D SPACE',''
  ) );
#17453 = PCURVE('',#15549,#17454);
#17454 = DEFINITIONAL_REPRESENTATION('',(#17455),#17459);
#17455 = LINE('',#17456,#17457);
#17456 = CARTESIAN_POINT('',(0.,2.8));
#17457 = VECTOR('',#17458,1.);
#17458 = DIRECTION('',(1.,0.));
#17459 = ( GEOMETRIC_REPRESENTATION_CONTEXT(2) 
PARAMETRIC_REPRESENTATION_CONTEXT() REPRESENTATION_CONTEXT('2D SPACE',''
  ) );
#17460 = ORIENTED_EDGE('',*,*,#17461,.F.);
#17461 = EDGE_CURVE('',#15157,#17438,#17462,.T.);
#17462 = SURFACE_CURVE('',#17463,(#17467,#17474),.PCURVE_S1.);
#17463 = LINE('',#17464,#17465);
#17464 = CARTESIAN_POINT('',(-5.,-1.2375,0.8));
#17465 = VECTOR('',#17466,1.);
#17466 = DIRECTION('',(1.,0.,-0.));
#17467 = PCURVE('',#15172,#17468);
#17468 = DEFINITIONAL_REPRESENTATION('',(#17469),#17473);
#17469 = LINE('',#17470,#17471);
#17470 = CARTESIAN_POINT('',(0.,1.5125));
#17471 = VECTOR('',#17472,1.);
#17472 = DIRECTION('',(1.,0.));
#17473 = ( GEOMETRIC_REPRESENTATION_CONTEXT(2) 
PARAMETRIC_REPRESENTATION_CONTEXT() REPRESENTATION_CONTEXT('2D SPACE',''
  ) );
#17474 = PCURVE('',#15200,#17475);
#17475 = DEFINITIONAL_REPRESENTATION('',(#17476),#17480);
#17476 = LINE('',#17477,#17478);
#17477 = CARTESIAN_POINT('',(1.6,0.));
#17478 = VECTOR('',#17479,1.);
#17479 = DIRECTION('',(0.,1.));
#17480 = ( GEOMETRIC_REPRESENTATION_CONTEXT(2) 
PARAMETRIC_REPRESENTATION_CONTEXT() REPRESENTATION_CONTEXT('2D SPACE',''
  ) );
#17481 = ADVANCED_FACE('',(#17482),#15200,.F.);
#17482 = FACE_BOUND('',#17483,.F.);
#17483 = EDGE_LOOP('',(#17484,#17507,#17508,#17509));
#17484 = ORIENTED_EDGE('',*,*,#17485,.F.);
#17485 = EDGE_CURVE('',#15185,#17486,#17488,.T.);
#17486 = VERTEX_POINT('',#17487);
#17487 = CARTESIAN_POINT('',(-4.844439467059,-1.2375,-0.8));
#17488 = SURFACE_CURVE('',#17489,(#17493,#17500),.PCURVE_S1.);
#17489 = LINE('',#17490,#17491);
#17490 = CARTESIAN_POINT('',(-5.,-1.2375,-0.8));
#17491 = VECTOR('',#17492,1.);
#17492 = DIRECTION('',(1.,0.,-0.));
#17493 = PCURVE('',#15200,#17494);
#17494 = DEFINITIONAL_REPRESENTATION('',(#17495),#17499);
#17495 = LINE('',#17496,#17497);
#17496 = CARTESIAN_POINT('',(0.,0.));
#17497 = VECTOR('',#17498,1.);
#17498 = DIRECTION('',(0.,1.));
#17499 = ( GEOMETRIC_REPRESENTATION_CONTEXT(2) 
PARAMETRIC_REPRESENTATION_CONTEXT() REPRESENTATION_CONTEXT('2D SPACE',''
  ) );
#17500 = PCURVE('',#15226,#17501);
#17501 = DEFINITIONAL_REPRESENTATION('',(#17502),#17506);
#17502 = LINE('',#17503,#17504);
#17503 = CARTESIAN_POINT('',(0.,1.5125));
#17504 = VECTOR('',#17505,1.);
#17505 = DIRECTION('',(1.,0.));
#17506 = ( GEOMETRIC_REPRESENTATION_CONTEXT(2) 
PARAMETRIC_REPRESENTATION_CONTEXT() REPRESENTATION_CONTEXT('2D SPACE',''
  ) );
#17507 = ORIENTED_EDGE('',*,*,#15184,.T.);
#17508 = ORIENTED_EDGE('',*,*,#17461,.T.);
#17509 = ORIENTED_EDGE('',*,*,#17510,.F.);
#17510 = EDGE_CURVE('',#17486,#17438,#17511,.T.);
#17511 = SURFACE_CURVE('',#17512,(#17516,#17522),.PCURVE_S1.);
#17512 = LINE('',#17513,#17514);
#17513 = CARTESIAN_POINT('',(-4.844439467059,-1.2375,-2.));
#17514 = VECTOR('',#17515,1.);
#17515 = DIRECTION('',(0.,0.,1.));
#17516 = PCURVE('',#15200,#17517);
#17517 = DEFINITIONAL_REPRESENTATION('',(#17518),#17521);
#17518 = B_SPLINE_CURVE_WITH_KNOTS('',1,(#17519,#17520),.UNSPECIFIED.,
  .F.,.F.,(2,2),(1.04,2.96),.PIECEWISE_BEZIER_KNOTS.);
#17519 = CARTESIAN_POINT('',(-0.16,0.155560532941));
#17520 = CARTESIAN_POINT('',(1.76,0.155560532941));
#17521 = ( GEOMETRIC_REPRESENTATION_CONTEXT(2) 
PARAMETRIC_REPRESENTATION_CONTEXT() REPRESENTATION_CONTEXT('2D SPACE',''
  ) );
#17522 = PCURVE('',#15549,#17523);
#17523 = DEFINITIONAL_REPRESENTATION('',(#17524),#17527);
#17524 = B_SPLINE_CURVE_WITH_KNOTS('',1,(#17525,#17526),.UNSPECIFIED.,
  .F.,.F.,(2,2),(1.04,2.96),.PIECEWISE_BEZIER_KNOTS.);
#17525 = CARTESIAN_POINT('',(3.391691777059,1.04));
#17526 = CARTESIAN_POINT('',(3.391691777059,2.96));
#17527 = ( GEOMETRIC_REPRESENTATION_CONTEXT(2) 
PARAMETRIC_REPRESENTATION_CONTEXT() REPRESENTATION_CONTEXT('2D SPACE',''
  ) );
#17528 = ADVANCED_FACE('',(#17529),#15226,.T.);
#17529 = FACE_BOUND('',#17530,.T.);
#17530 = EDGE_LOOP('',(#17531,#17532,#17533,#17555));
#17531 = ORIENTED_EDGE('',*,*,#15212,.F.);
#17532 = ORIENTED_EDGE('',*,*,#15511,.T.);
#17533 = ORIENTED_EDGE('',*,*,#17534,.F.);
#17534 = EDGE_CURVE('',#17486,#15512,#17535,.T.);
#17535 = SURFACE_CURVE('',#17536,(#17541,#17548),.PCURVE_S1.);
#17536 = CIRCLE('',#17537,5.);
#17537 = AXIS2_PLACEMENT_3D('',#17538,#17539,#17540);
#17538 = CARTESIAN_POINT('',(0.,0.,-0.8));
#17539 = DIRECTION('',(0.,0.,1.));
#17540 = DIRECTION('',(1.,0.,-0.));
#17541 = PCURVE('',#15226,#17542);
#17542 = DEFINITIONAL_REPRESENTATION('',(#17543),#17547);
#17543 = CIRCLE('',#17544,5.);
#17544 = AXIS2_PLACEMENT_2D('',#17545,#17546);
#17545 = CARTESIAN_POINT('',(5.,2.75));
#17546 = DIRECTION('',(1.,0.));
#17547 = ( GEOMETRIC_REPRESENTATION_CONTEXT(2) 
PARAMETRIC_REPRESENTATION_CONTEXT() REPRESENTATION_CONTEXT('2D SPACE',''
  ) );
#17548 = PCURVE('',#15549,#17549);
#17549 = DEFINITIONAL_REPRESENTATION('',(#17550),#17554);
#17550 = LINE('',#17551,#17552);
#17551 = CARTESIAN_POINT('',(0.,1.2));
#17552 = VECTOR('',#17553,1.);
#17553 = DIRECTION('',(1.,0.));
#17554 = ( GEOMETRIC_REPRESENTATION_CONTEXT(2) 
PARAMETRIC_REPRESENTATION_CONTEXT() REPRESENTATION_CONTEXT('2D SPACE',''
  ) );
#17555 = ORIENTED_EDGE('',*,*,#17485,.F.);
#17556 = ADVANCED_FACE('',(#17557),#15305,.T.);
#17557 = FACE_BOUND('',#17558,.T.);
#17558 = EDGE_LOOP('',(#17559,#17560,#17561,#17582));
#17559 = ORIENTED_EDGE('',*,*,#16987,.F.);
#17560 = ORIENTED_EDGE('',*,*,#16629,.T.);
#17561 = ORIENTED_EDGE('',*,*,#17562,.T.);
#17562 = EDGE_CURVE('',#16606,#15290,#17563,.T.);
#17563 = SURFACE_CURVE('',#17564,(#17568,#17575),.PCURVE_S1.);
#17564 = LINE('',#17565,#17566);
#17565 = CARTESIAN_POINT('',(-5.,1.2375,0.8));
#17566 = VECTOR('',#17567,1.);
#17567 = DIRECTION('',(1.,0.,-0.));
#17568 = PCURVE('',#15305,#17569);
#17569 = DEFINITIONAL_REPRESENTATION('',(#17570),#17574);
#17570 = LINE('',#17571,#17572);
#17571 = CARTESIAN_POINT('',(1.6,0.));
#17572 = VECTOR('',#17573,1.);
#17573 = DIRECTION('',(0.,1.));
#17574 = ( GEOMETRIC_REPRESENTATION_CONTEXT(2) 
PARAMETRIC_REPRESENTATION_CONTEXT() REPRESENTATION_CONTEXT('2D SPACE',''
  ) );
#17575 = PCURVE('',#15333,#17576);
#17576 = DEFINITIONAL_REPRESENTATION('',(#17577),#17581);
#17577 = LINE('',#17578,#17579);
#17578 = CARTESIAN_POINT('',(0.,3.9875));
#17579 = VECTOR('',#17580,1.);
#17580 = DIRECTION('',(1.,0.));
#17581 = ( GEOMETRIC_REPRESENTATION_CONTEXT(2) 
PARAMETRIC_REPRESENTATION_CONTEXT() REPRESENTATION_CONTEXT('2D SPACE',''
  ) );
#17582 = ORIENTED_EDGE('',*,*,#15289,.F.);
#17583 = ADVANCED_FACE('',(#17584),#15333,.F.);
#17584 = FACE_BOUND('',#17585,.F.);
#17585 = EDGE_LOOP('',(#17586,#17587,#17588,#17589));
#17586 = ORIENTED_EDGE('',*,*,#16605,.F.);
#17587 = ORIENTED_EDGE('',*,*,#17562,.T.);
#17588 = ORIENTED_EDGE('',*,*,#15317,.T.);
#17589 = ORIENTED_EDGE('',*,*,#17590,.F.);
#17590 = EDGE_CURVE('',#16585,#15318,#17591,.T.);
#17591 = SURFACE_CURVE('',#17592,(#17596,#17603),.PCURVE_S1.);
#17592 = LINE('',#17593,#17594);
#17593 = CARTESIAN_POINT('',(-5.,2.75,0.8));
#17594 = VECTOR('',#17595,1.);
#17595 = DIRECTION('',(1.,0.,-0.));
#17596 = PCURVE('',#15333,#17597);
#17597 = DEFINITIONAL_REPRESENTATION('',(#17598),#17602);
#17598 = LINE('',#17599,#17600);
#17599 = CARTESIAN_POINT('',(0.,5.5));
#17600 = VECTOR('',#17601,1.);
#17601 = DIRECTION('',(1.,0.));
#17602 = ( GEOMETRIC_REPRESENTATION_CONTEXT(2) 
PARAMETRIC_REPRESENTATION_CONTEXT() REPRESENTATION_CONTEXT('2D SPACE',''
  ) );
#17603 = PCURVE('',#15361,#17604);
#17604 = DEFINITIONAL_REPRESENTATION('',(#17605),#17609);
#17605 = LINE('',#17606,#17607);
#17606 = CARTESIAN_POINT('',(0.,0.));
#17607 = VECTOR('',#17608,1.);
#17608 = DIRECTION('',(0.,1.));
#17609 = ( GEOMETRIC_REPRESENTATION_CONTEXT(2) 
PARAMETRIC_REPRESENTATION_CONTEXT() REPRESENTATION_CONTEXT('2D SPACE',''
  ) );
#17610 = ADVANCED_FACE('',(#17611),#15361,.T.);
#17611 = FACE_BOUND('',#17612,.T.);
#17612 = EDGE_LOOP('',(#17613,#17614,#17615,#17640,#17641));
#17613 = ORIENTED_EDGE('',*,*,#17590,.F.);
#17614 = ORIENTED_EDGE('',*,*,#16584,.T.);
#17615 = ORIENTED_EDGE('',*,*,#17616,.T.);
#17616 = EDGE_CURVE('',#16556,#17122,#17617,.T.);
#17617 = SURFACE_CURVE('',#17618,(#17623,#17630),.PCURVE_S1.);
#17618 = HYPERBOLA('',#17619,2.75,2.75);
#17619 = AXIS2_PLACEMENT_3D('',#17620,#17621,#17622);
#17620 = CARTESIAN_POINT('',(35.,2.75,6.4));
#17621 = DIRECTION('',(0.,1.,0.));
#17622 = DIRECTION('',(-0.,0.,-1.));
#17623 = PCURVE('',#15361,#17624);
#17624 = DEFINITIONAL_REPRESENTATION('',(#17625),#17629);
#17625 = ( BOUNDED_CURVE() B_SPLINE_CURVE(2,(#17626,#17627,#17628),
.UNSPECIFIED.,.F.,.F.) B_SPLINE_CURVE_WITH_KNOTS((3,3),(-1.204971208168,
-1.046967915003),.PIECEWISE_BEZIER_KNOTS.) CURVE() 
GEOMETRIC_REPRESENTATION_ITEM() RATIONAL_B_SPLINE_CURVE((1.,
1.003122253474,1.)) REPRESENTATION_ITEM('') );
#17626 = CARTESIAN_POINT('',(0.6,44.175823272123));
#17627 = CARTESIAN_POINT('',(0.929212299272,43.781634775844));
#17628 = CARTESIAN_POINT('',(1.2,43.434748899119));
#17629 = ( GEOMETRIC_REPRESENTATION_CONTEXT(2) 
PARAMETRIC_REPRESENTATION_CONTEXT() REPRESENTATION_CONTEXT('2D SPACE',''
  ) );
#17630 = PCURVE('',#16572,#17631);
#17631 = DEFINITIONAL_REPRESENTATION('',(#17632),#17639);
#17632 = B_SPLINE_CURVE_WITH_KNOTS('',5,(#17633,#17634,#17635,#17636,
    #17637,#17638),.UNSPECIFIED.,.F.,.F.,(6,6),(-1.204971208168,
    -1.046967915003),.PIECEWISE_BEZIER_KNOTS.);
#17633 = CARTESIAN_POINT('',(-0.582364237869,-1.998401444325E-15));
#17634 = CARTESIAN_POINT('',(-0.599744600117,-0.131958765734));
#17635 = CARTESIAN_POINT('',(-0.617698336386,-0.257676273539));
#17636 = CARTESIAN_POINT('',(-0.636239721106,-0.377427038356));
#17637 = CARTESIAN_POINT('',(-0.655381121291,-0.491459672549));
#17638 = CARTESIAN_POINT('',(-0.675131532937,-0.6));
#17639 = ( GEOMETRIC_REPRESENTATION_CONTEXT(2) 
PARAMETRIC_REPRESENTATION_CONTEXT() REPRESENTATION_CONTEXT('2D SPACE',''
  ) );
#17640 = ORIENTED_EDGE('',*,*,#17121,.T.);
#17641 = ORIENTED_EDGE('',*,*,#15345,.F.);
#17642 = ADVANCED_FACE('',(#17643),#15412,.F.);
#17643 = FACE_BOUND('',#17644,.F.);
#17644 = EDGE_LOOP('',(#17645,#17668,#17689,#17714,#17715));
#17645 = ORIENTED_EDGE('',*,*,#17646,.F.);
#17646 = EDGE_CURVE('',#17647,#15397,#17649,.T.);
#17647 = VERTEX_POINT('',#17648);
#17648 = CARTESIAN_POINT('',(39.175823272122,-2.75,0.8));
#17649 = SURFACE_CURVE('',#17650,(#17654,#17661),.PCURVE_S1.);
#17650 = LINE('',#17651,#17652);
#17651 = CARTESIAN_POINT('',(-5.,-2.75,0.8));
#17652 = VECTOR('',#17653,1.);
#17653 = DIRECTION('',(1.,0.,-0.));
#17654 = PCURVE('',#15412,#17655);
#17655 = DEFINITIONAL_REPRESENTATION('',(#17656),#17660);
#17656 = LINE('',#17657,#17658);
#17657 = CARTESIAN_POINT('',(0.,0.));
#17658 = VECTOR('',#17659,1.);
#17659 = DIRECTION('',(0.,1.));
#17660 = ( GEOMETRIC_REPRESENTATION_CONTEXT(2) 
PARAMETRIC_REPRESENTATION_CONTEXT() REPRESENTATION_CONTEXT('2D SPACE',''
  ) );
#17661 = PCURVE('',#15440,#17662);
#17662 = DEFINITIONAL_REPRESENTATION('',(#17663),#17667);
#17663 = LINE('',#17664,#17665);
#17664 = CARTESIAN_POINT('',(0.,0.));
#17665 = VECTOR('',#17666,1.);
#17666 = DIRECTION('',(1.,0.));
#17667 = ( GEOMETRIC_REPRESENTATION_CONTEXT(2) 
PARAMETRIC_REPRESENTATION_CONTEXT() REPRESENTATION_CONTEXT('2D SPACE',''
  ) );
#17668 = ORIENTED_EDGE('',*,*,#17669,.T.);
#17669 = EDGE_CURVE('',#17647,#17670,#17672,.T.);
#17670 = VERTEX_POINT('',#17671);
#17671 = CARTESIAN_POINT('',(39.175823272122,-2.75,1.4));
#17672 = SURFACE_CURVE('',#17673,(#17677,#17683),.PCURVE_S1.);
#17673 = LINE('',#17674,#17675);
#17674 = CARTESIAN_POINT('',(39.175823272123,-2.75,-2.));
#17675 = VECTOR('',#17676,1.);
#17676 = DIRECTION('',(0.,0.,1.));
#17677 = PCURVE('',#15412,#17678);
#17678 = DEFINITIONAL_REPRESENTATION('',(#17679),#17682);
#17679 = B_SPLINE_CURVE_WITH_KNOTS('',1,(#17680,#17681),.UNSPECIFIED.,
  .F.,.F.,(2,2),(2.68,3.400009654188),.PIECEWISE_BEZIER_KNOTS.);
#17680 = CARTESIAN_POINT('',(-0.12,44.175823272123));
#17681 = CARTESIAN_POINT('',(0.600009654188,44.175823272123));
#17682 = ( GEOMETRIC_REPRESENTATION_CONTEXT(2) 
PARAMETRIC_REPRESENTATION_CONTEXT() REPRESENTATION_CONTEXT('2D SPACE',''
  ) );
#17683 = PCURVE('',#15631,#17684);
#17684 = DEFINITIONAL_REPRESENTATION('',(#17685),#17688);
#17685 = B_SPLINE_CURVE_WITH_KNOTS('',1,(#17686,#17687),.UNSPECIFIED.,
  .F.,.F.,(2,2),(2.68,3.400009654188),.PIECEWISE_BEZIER_KNOTS.);
#17686 = CARTESIAN_POINT('',(5.700821069311,2.68));
#17687 = CARTESIAN_POINT('',(5.700821069311,3.400009654188));
#17688 = ( GEOMETRIC_REPRESENTATION_CONTEXT(2) 
PARAMETRIC_REPRESENTATION_CONTEXT() REPRESENTATION_CONTEXT('2D SPACE',''
  ) );
#17689 = ORIENTED_EDGE('',*,*,#17690,.T.);
#17690 = EDGE_CURVE('',#17670,#17296,#17691,.T.);
#17691 = SURFACE_CURVE('',#17692,(#17697,#17704),.PCURVE_S1.);
#17692 = HYPERBOLA('',#17693,2.75,2.75);
#17693 = AXIS2_PLACEMENT_3D('',#17694,#17695,#17696);
#17694 = CARTESIAN_POINT('',(35.,-2.75,6.4));
#17695 = DIRECTION('',(0.,1.,0.));
#17696 = DIRECTION('',(-0.,0.,-1.));
#17697 = PCURVE('',#15412,#17698);
#17698 = DEFINITIONAL_REPRESENTATION('',(#17699),#17703);
#17699 = ( BOUNDED_CURVE() B_SPLINE_CURVE(2,(#17700,#17701,#17702),
.UNSPECIFIED.,.F.,.F.) B_SPLINE_CURVE_WITH_KNOTS((3,3),(-1.204971208168,
-1.046967915003),.PIECEWISE_BEZIER_KNOTS.) CURVE() 
GEOMETRIC_REPRESENTATION_ITEM() RATIONAL_B_SPLINE_CURVE((1.,
1.003122253474,1.)) REPRESENTATION_ITEM('') );
#17700 = CARTESIAN_POINT('',(0.6,44.175823272123));
#17701 = CARTESIAN_POINT('',(0.929212299272,43.781634775844));
#17702 = CARTESIAN_POINT('',(1.2,43.434748899119));
#17703 = ( GEOMETRIC_REPRESENTATION_CONTEXT(2) 
PARAMETRIC_REPRESENTATION_CONTEXT() REPRESENTATION_CONTEXT('2D SPACE',''
  ) );
#17704 = PCURVE('',#17312,#17705);
#17705 = DEFINITIONAL_REPRESENTATION('',(#17706),#17713);
#17706 = B_SPLINE_CURVE_WITH_KNOTS('',5,(#17707,#17708,#17709,#17710,
    #17711,#17712),.UNSPECIFIED.,.F.,.F.,(6,6),(-1.204971208168,
    -1.046967915003),.PIECEWISE_BEZIER_KNOTS.);
#17707 = CARTESIAN_POINT('',(-5.700821069311,-1.998401444325E-15));
#17708 = CARTESIAN_POINT('',(-5.683440707063,-0.131958765734));
#17709 = CARTESIAN_POINT('',(-5.665486970793,-0.257676273539));
#17710 = CARTESIAN_POINT('',(-5.646945586074,-0.377427038356));
#17711 = CARTESIAN_POINT('',(-5.627804185888,-0.491459672549));
#17712 = CARTESIAN_POINT('',(-5.608053774243,-0.6));
#17713 = ( GEOMETRIC_REPRESENTATION_CONTEXT(2) 
PARAMETRIC_REPRESENTATION_CONTEXT() REPRESENTATION_CONTEXT('2D SPACE',''
  ) );
#17714 = ORIENTED_EDGE('',*,*,#17324,.T.);
#17715 = ORIENTED_EDGE('',*,*,#15396,.F.);
#17716 = ADVANCED_FACE('',(#17717),#15440,.F.);
#17717 = FACE_BOUND('',#17718,.F.);
#17718 = EDGE_LOOP('',(#17719,#17743,#17744,#17745));
#17719 = ORIENTED_EDGE('',*,*,#17720,.F.);
#17720 = EDGE_CURVE('',#17647,#17721,#17723,.T.);
#17721 = VERTEX_POINT('',#17722);
#17722 = CARTESIAN_POINT('',(39.844439467059,-1.2375,0.8));
#17723 = SURFACE_CURVE('',#17724,(#17729,#17736),.PCURVE_S1.);
#17724 = CIRCLE('',#17725,5.);
#17725 = AXIS2_PLACEMENT_3D('',#17726,#17727,#17728);
#17726 = CARTESIAN_POINT('',(35.,0.,0.8));
#17727 = DIRECTION('',(0.,0.,1.));
#17728 = DIRECTION('',(1.,0.,-0.));
#17729 = PCURVE('',#15440,#17730);
#17730 = DEFINITIONAL_REPRESENTATION('',(#17731),#17735);
#17731 = CIRCLE('',#17732,5.);
#17732 = AXIS2_PLACEMENT_2D('',#17733,#17734);
#17733 = CARTESIAN_POINT('',(40.,2.75));
#17734 = DIRECTION('',(1.,0.));
#17735 = ( GEOMETRIC_REPRESENTATION_CONTEXT(2) 
PARAMETRIC_REPRESENTATION_CONTEXT() REPRESENTATION_CONTEXT('2D SPACE',''
  ) );
#17736 = PCURVE('',#15631,#17737);
#17737 = DEFINITIONAL_REPRESENTATION('',(#17738),#17742);
#17738 = LINE('',#17739,#17740);
#17739 = CARTESIAN_POINT('',(0.,2.8));
#17740 = VECTOR('',#17741,1.);
#17741 = DIRECTION('',(1.,0.));
#17742 = ( GEOMETRIC_REPRESENTATION_CONTEXT(2) 
PARAMETRIC_REPRESENTATION_CONTEXT() REPRESENTATION_CONTEXT('2D SPACE',''
  ) );
#17743 = ORIENTED_EDGE('',*,*,#17646,.T.);
#17744 = ORIENTED_EDGE('',*,*,#15424,.T.);
#17745 = ORIENTED_EDGE('',*,*,#17746,.F.);
#17746 = EDGE_CURVE('',#17721,#15425,#17747,.T.);
#17747 = SURFACE_CURVE('',#17748,(#17752,#17759),.PCURVE_S1.);
#17748 = LINE('',#17749,#17750);
#17749 = CARTESIAN_POINT('',(-5.,-1.2375,0.8));
#17750 = VECTOR('',#17751,1.);
#17751 = DIRECTION('',(1.,0.,-0.));
#17752 = PCURVE('',#15440,#17753);
#17753 = DEFINITIONAL_REPRESENTATION('',(#17754),#17758);
#17754 = LINE('',#17755,#17756);
#17755 = CARTESIAN_POINT('',(0.,1.5125));
#17756 = VECTOR('',#17757,1.);
#17757 = DIRECTION('',(1.,0.));
#17758 = ( GEOMETRIC_REPRESENTATION_CONTEXT(2) 
PARAMETRIC_REPRESENTATION_CONTEXT() REPRESENTATION_CONTEXT('2D SPACE',''
  ) );
#17759 = PCURVE('',#15468,#17760);
#17760 = DEFINITIONAL_REPRESENTATION('',(#17761),#17765);
#17761 = LINE('',#17762,#17763);
#17762 = CARTESIAN_POINT('',(1.6,0.));
#17763 = VECTOR('',#17764,1.);
#17764 = DIRECTION('',(0.,1.));
#17765 = ( GEOMETRIC_REPRESENTATION_CONTEXT(2) 
PARAMETRIC_REPRESENTATION_CONTEXT() REPRESENTATION_CONTEXT('2D SPACE',''
  ) );
#17766 = ADVANCED_FACE('',(#17767),#15468,.F.);
#17767 = FACE_BOUND('',#17768,.F.);
#17768 = EDGE_LOOP('',(#17769,#17792,#17811,#17812));
#17769 = ORIENTED_EDGE('',*,*,#17770,.F.);
#17770 = EDGE_CURVE('',#17771,#15453,#17773,.T.);
#17771 = VERTEX_POINT('',#17772);
#17772 = CARTESIAN_POINT('',(39.844439467059,-1.2375,-0.8));
#17773 = SURFACE_CURVE('',#17774,(#17778,#17785),.PCURVE_S1.);
#17774 = LINE('',#17775,#17776);
#17775 = CARTESIAN_POINT('',(-5.,-1.2375,-0.8));
#17776 = VECTOR('',#17777,1.);
#17777 = DIRECTION('',(1.,0.,-0.));
#17778 = PCURVE('',#15468,#17779);
#17779 = DEFINITIONAL_REPRESENTATION('',(#17780),#17784);
#17780 = LINE('',#17781,#17782);
#17781 = CARTESIAN_POINT('',(0.,0.));
#17782 = VECTOR('',#17783,1.);
#17783 = DIRECTION('',(0.,1.));
#17784 = ( GEOMETRIC_REPRESENTATION_CONTEXT(2) 
PARAMETRIC_REPRESENTATION_CONTEXT() REPRESENTATION_CONTEXT('2D SPACE',''
  ) );
#17785 = PCURVE('',#15494,#17786);
#17786 = DEFINITIONAL_REPRESENTATION('',(#17787),#17791);
#17787 = LINE('',#17788,#17789);
#17788 = CARTESIAN_POINT('',(0.,1.5125));
#17789 = VECTOR('',#17790,1.);
#17790 = DIRECTION('',(1.,0.));
#17791 = ( GEOMETRIC_REPRESENTATION_CONTEXT(2) 
PARAMETRIC_REPRESENTATION_CONTEXT() REPRESENTATION_CONTEXT('2D SPACE',''
  ) );
#17792 = ORIENTED_EDGE('',*,*,#17793,.T.);
#17793 = EDGE_CURVE('',#17771,#17721,#17794,.T.);
#17794 = SURFACE_CURVE('',#17795,(#17799,#17805),.PCURVE_S1.);
#17795 = LINE('',#17796,#17797);
#17796 = CARTESIAN_POINT('',(39.844439467059,-1.2375,-2.));
#17797 = VECTOR('',#17798,1.);
#17798 = DIRECTION('',(0.,0.,1.));
#17799 = PCURVE('',#15468,#17800);
#17800 = DEFINITIONAL_REPRESENTATION('',(#17801),#17804);
#17801 = B_SPLINE_CURVE_WITH_KNOTS('',1,(#17802,#17803),.UNSPECIFIED.,
  .F.,.F.,(2,2),(1.04,2.96),.PIECEWISE_BEZIER_KNOTS.);
#17802 = CARTESIAN_POINT('',(-0.16,44.844439467059));
#17803 = CARTESIAN_POINT('',(1.76,44.844439467059));
#17804 = ( GEOMETRIC_REPRESENTATION_CONTEXT(2) 
PARAMETRIC_REPRESENTATION_CONTEXT() REPRESENTATION_CONTEXT('2D SPACE',''
  ) );
#17805 = PCURVE('',#15631,#17806);
#17806 = DEFINITIONAL_REPRESENTATION('',(#17807),#17810);
#17807 = B_SPLINE_CURVE_WITH_KNOTS('',1,(#17808,#17809),.UNSPECIFIED.,
  .F.,.F.,(2,2),(1.04,2.96),.PIECEWISE_BEZIER_KNOTS.);
#17808 = CARTESIAN_POINT('',(6.03308618371,1.04));
#17809 = CARTESIAN_POINT('',(6.03308618371,2.96));
#17810 = ( GEOMETRIC_REPRESENTATION_CONTEXT(2) 
PARAMETRIC_REPRESENTATION_CONTEXT() REPRESENTATION_CONTEXT('2D SPACE',''
  ) );
#17811 = ORIENTED_EDGE('',*,*,#17746,.T.);
#17812 = ORIENTED_EDGE('',*,*,#15452,.F.);
#17813 = ADVANCED_FACE('',(#17814),#15494,.T.);
#17814 = FACE_BOUND('',#17815,.T.);
#17815 = EDGE_LOOP('',(#17816,#17838,#17839,#17840));
#17816 = ORIENTED_EDGE('',*,*,#17817,.F.);
#17817 = EDGE_CURVE('',#15617,#17771,#17818,.T.);
#17818 = SURFACE_CURVE('',#17819,(#17824,#17831),.PCURVE_S1.);
#17819 = CIRCLE('',#17820,5.);
#17820 = AXIS2_PLACEMENT_3D('',#17821,#17822,#17823);
#17821 = CARTESIAN_POINT('',(35.,0.,-0.8));
#17822 = DIRECTION('',(0.,0.,1.));
#17823 = DIRECTION('',(1.,0.,-0.));
#17824 = PCURVE('',#15494,#17825);
#17825 = DEFINITIONAL_REPRESENTATION('',(#17826),#17830);
#17826 = CIRCLE('',#17827,5.);
#17827 = AXIS2_PLACEMENT_2D('',#17828,#17829);
#17828 = CARTESIAN_POINT('',(40.,2.75));
#17829 = DIRECTION('',(1.,0.));
#17830 = ( GEOMETRIC_REPRESENTATION_CONTEXT(2) 
PARAMETRIC_REPRESENTATION_CONTEXT() REPRESENTATION_CONTEXT('2D SPACE',''
  ) );
#17831 = PCURVE('',#15631,#17832);
#17832 = DEFINITIONAL_REPRESENTATION('',(#17833),#17837);
#17833 = LINE('',#17834,#17835);
#17834 = CARTESIAN_POINT('',(0.,1.2));
#17835 = VECTOR('',#17836,1.);
#17836 = DIRECTION('',(1.,0.));
#17837 = ( GEOMETRIC_REPRESENTATION_CONTEXT(2) 
PARAMETRIC_REPRESENTATION_CONTEXT() REPRESENTATION_CONTEXT('2D SPACE',''
  ) );
#17838 = ORIENTED_EDGE('',*,*,#15642,.T.);
#17839 = ORIENTED_EDGE('',*,*,#15480,.T.);
#17840 = ORIENTED_EDGE('',*,*,#17770,.F.);
#17841 = ADVANCED_FACE('',(#17842),#15549,.T.);
#17842 = FACE_BOUND('',#17843,.T.);
#17843 = EDGE_LOOP('',(#17844,#17845,#17846,#17870,#17891,#17915,#17936,
    #17958,#17959,#17960,#17961,#17962));
#17844 = ORIENTED_EDGE('',*,*,#15667,.T.);
#17845 = ORIENTED_EDGE('',*,*,#15777,.T.);
#17846 = ORIENTED_EDGE('',*,*,#17847,.T.);
#17847 = EDGE_CURVE('',#15778,#17848,#17850,.T.);
#17848 = VERTEX_POINT('',#17849);
#17849 = CARTESIAN_POINT('',(4.844439467059,-1.2375,-0.8));
#17850 = SURFACE_CURVE('',#17851,(#17856,#17863),.PCURVE_S1.);
#17851 = CIRCLE('',#17852,5.);
#17852 = AXIS2_PLACEMENT_3D('',#17853,#17854,#17855);
#17853 = CARTESIAN_POINT('',(0.,0.,-0.8));
#17854 = DIRECTION('',(0.,0.,1.));
#17855 = DIRECTION('',(1.,0.,-0.));
#17856 = PCURVE('',#15549,#17857);
#17857 = DEFINITIONAL_REPRESENTATION('',(#17858),#17862);
#17858 = LINE('',#17859,#17860);
#17859 = CARTESIAN_POINT('',(0.,1.2));
#17860 = VECTOR('',#17861,1.);
#17861 = DIRECTION('',(1.,0.));
#17862 = ( GEOMETRIC_REPRESENTATION_CONTEXT(2) 
PARAMETRIC_REPRESENTATION_CONTEXT() REPRESENTATION_CONTEXT('2D SPACE',''
  ) );
#17863 = PCURVE('',#15814,#17864);
#17864 = DEFINITIONAL_REPRESENTATION('',(#17865),#17869);
#17865 = CIRCLE('',#17866,5.);
#17866 = AXIS2_PLACEMENT_2D('',#17867,#17868);
#17867 = CARTESIAN_POINT('',(5.,2.75));
#17868 = DIRECTION('',(1.,0.));
#17869 = ( GEOMETRIC_REPRESENTATION_CONTEXT(2) 
PARAMETRIC_REPRESENTATION_CONTEXT() REPRESENTATION_CONTEXT('2D SPACE',''
  ) );
#17870 = ORIENTED_EDGE('',*,*,#17871,.T.);
#17871 = EDGE_CURVE('',#17848,#17872,#17874,.T.);
#17872 = VERTEX_POINT('',#17873);
#17873 = CARTESIAN_POINT('',(4.844439467059,-1.2375,0.8));
#17874 = SURFACE_CURVE('',#17875,(#17879,#17885),.PCURVE_S1.);
#17875 = LINE('',#17876,#17877);
#17876 = CARTESIAN_POINT('',(4.844439467059,-1.2375,-2.));
#17877 = VECTOR('',#17878,1.);
#17878 = DIRECTION('',(0.,0.,1.));
#17879 = PCURVE('',#15549,#17880);
#17880 = DEFINITIONAL_REPRESENTATION('',(#17881),#17884);
#17881 = B_SPLINE_CURVE_WITH_KNOTS('',1,(#17882,#17883),.UNSPECIFIED.,
  .F.,.F.,(2,2),(1.04,2.96),.PIECEWISE_BEZIER_KNOTS.);
#17882 = CARTESIAN_POINT('',(6.03308618371,1.04));
#17883 = CARTESIAN_POINT('',(6.03308618371,2.96));
#17884 = ( GEOMETRIC_REPRESENTATION_CONTEXT(2) 
PARAMETRIC_REPRESENTATION_CONTEXT() REPRESENTATION_CONTEXT('2D SPACE',''
  ) );
#17885 = PCURVE('',#16096,#17886);
#17886 = DEFINITIONAL_REPRESENTATION('',(#17887),#17890);
#17887 = B_SPLINE_CURVE_WITH_KNOTS('',1,(#17888,#17889),.UNSPECIFIED.,
  .F.,.F.,(2,2),(1.04,2.96),.PIECEWISE_BEZIER_KNOTS.);
#17888 = CARTESIAN_POINT('',(-0.16,9.844439467059));
#17889 = CARTESIAN_POINT('',(1.76,9.844439467059));
#17890 = ( GEOMETRIC_REPRESENTATION_CONTEXT(2) 
PARAMETRIC_REPRESENTATION_CONTEXT() REPRESENTATION_CONTEXT('2D SPACE',''
  ) );
#17891 = ORIENTED_EDGE('',*,*,#17892,.F.);
#17892 = EDGE_CURVE('',#17893,#17872,#17895,.T.);
#17893 = VERTEX_POINT('',#17894);
#17894 = CARTESIAN_POINT('',(4.175823272123,-2.75,0.8));
#17895 = SURFACE_CURVE('',#17896,(#17901,#17908),.PCURVE_S1.);
#17896 = CIRCLE('',#17897,5.);
#17897 = AXIS2_PLACEMENT_3D('',#17898,#17899,#17900);
#17898 = CARTESIAN_POINT('',(0.,0.,0.8));
#17899 = DIRECTION('',(0.,0.,1.));
#17900 = DIRECTION('',(1.,0.,-0.));
#17901 = PCURVE('',#15549,#17902);
#17902 = DEFINITIONAL_REPRESENTATION('',(#17903),#17907);
#17903 = LINE('',#17904,#17905);
#17904 = CARTESIAN_POINT('',(0.,2.8));
#17905 = VECTOR('',#17906,1.);
#17906 = DIRECTION('',(1.,0.));
#17907 = ( GEOMETRIC_REPRESENTATION_CONTEXT(2) 
PARAMETRIC_REPRESENTATION_CONTEXT() REPRESENTATION_CONTEXT('2D SPACE',''
  ) );
#17908 = PCURVE('',#16124,#17909);
#17909 = DEFINITIONAL_REPRESENTATION('',(#17910),#17914);
#17910 = CIRCLE('',#17911,5.);
#17911 = AXIS2_PLACEMENT_2D('',#17912,#17913);
#17912 = CARTESIAN_POINT('',(5.,2.75));
#17913 = DIRECTION('',(1.,0.));
#17914 = ( GEOMETRIC_REPRESENTATION_CONTEXT(2) 
PARAMETRIC_REPRESENTATION_CONTEXT() REPRESENTATION_CONTEXT('2D SPACE',''
  ) );
#17915 = ORIENTED_EDGE('',*,*,#17916,.T.);
#17916 = EDGE_CURVE('',#17893,#17917,#17919,.T.);
#17917 = VERTEX_POINT('',#17918);
#17918 = CARTESIAN_POINT('',(4.175823272123,-2.75,1.4));
#17919 = SURFACE_CURVE('',#17920,(#17924,#17930),.PCURVE_S1.);
#17920 = LINE('',#17921,#17922);
#17921 = CARTESIAN_POINT('',(4.175823272123,-2.75,-2.));
#17922 = VECTOR('',#17923,1.);
#17923 = DIRECTION('',(0.,0.,1.));
#17924 = PCURVE('',#15549,#17925);
#17925 = DEFINITIONAL_REPRESENTATION('',(#17926),#17929);
#17926 = B_SPLINE_CURVE_WITH_KNOTS('',1,(#17927,#17928),.UNSPECIFIED.,
  .F.,.F.,(2,2),(2.68,3.400009654188),.PIECEWISE_BEZIER_KNOTS.);
#17927 = CARTESIAN_POINT('',(5.700821069311,2.68));
#17928 = CARTESIAN_POINT('',(5.700821069311,3.400009654188));
#17929 = ( GEOMETRIC_REPRESENTATION_CONTEXT(2) 
PARAMETRIC_REPRESENTATION_CONTEXT() REPRESENTATION_CONTEXT('2D SPACE',''
  ) );
#17930 = PCURVE('',#17283,#17931);
#17931 = DEFINITIONAL_REPRESENTATION('',(#17932),#17935);
#17932 = B_SPLINE_CURVE_WITH_KNOTS('',1,(#17933,#17934),.UNSPECIFIED.,
  .F.,.F.,(2,2),(2.68,3.400009654188),.PIECEWISE_BEZIER_KNOTS.);
#17933 = CARTESIAN_POINT('',(-0.12,9.175823272123));
#17934 = CARTESIAN_POINT('',(0.600009654188,9.175823272123));
#17935 = ( GEOMETRIC_REPRESENTATION_CONTEXT(2) 
PARAMETRIC_REPRESENTATION_CONTEXT() REPRESENTATION_CONTEXT('2D SPACE',''
  ) );
#17936 = ORIENTED_EDGE('',*,*,#17937,.F.);
#17937 = EDGE_CURVE('',#17387,#17917,#17938,.T.);
#17938 = SURFACE_CURVE('',#17939,(#17944,#17951),.PCURVE_S1.);
#17939 = CIRCLE('',#17940,5.);
#17940 = AXIS2_PLACEMENT_3D('',#17941,#17942,#17943);
#17941 = CARTESIAN_POINT('',(0.,0.,1.4));
#17942 = DIRECTION('',(0.,0.,1.));
#17943 = DIRECTION('',(1.,0.,-0.));
#17944 = PCURVE('',#15549,#17945);
#17945 = DEFINITIONAL_REPRESENTATION('',(#17946),#17950);
#17946 = LINE('',#17947,#17948);
#17947 = CARTESIAN_POINT('',(0.,3.4));
#17948 = VECTOR('',#17949,1.);
#17949 = DIRECTION('',(1.,0.));
#17950 = ( GEOMETRIC_REPRESENTATION_CONTEXT(2) 
PARAMETRIC_REPRESENTATION_CONTEXT() REPRESENTATION_CONTEXT('2D SPACE',''
  ) );
#17951 = PCURVE('',#17255,#17952);
#17952 = DEFINITIONAL_REPRESENTATION('',(#17953),#17957);
#17953 = LINE('',#17954,#17955);
#17954 = CARTESIAN_POINT('',(-0.,-0.));
#17955 = VECTOR('',#17956,1.);
#17956 = DIRECTION('',(-1.,-0.));
#17957 = ( GEOMETRIC_REPRESENTATION_CONTEXT(2) 
PARAMETRIC_REPRESENTATION_CONTEXT() REPRESENTATION_CONTEXT('2D SPACE',''
  ) );
#17958 = ORIENTED_EDGE('',*,*,#17413,.F.);
#17959 = ORIENTED_EDGE('',*,*,#17437,.F.);
#17960 = ORIENTED_EDGE('',*,*,#17510,.F.);
#17961 = ORIENTED_EDGE('',*,*,#17534,.T.);
#17962 = ORIENTED_EDGE('',*,*,#15534,.F.);
#17963 = ADVANCED_FACE('',(#17964),#15631,.T.);
#17964 = FACE_BOUND('',#17965,.T.);
#17965 = EDGE_LOOP('',(#17966,#17967,#17968,#17969,#17970,#17971,#17972,
    #17996,#18017,#18041,#18062,#18084));
#17966 = ORIENTED_EDGE('',*,*,#15721,.T.);
#17967 = ORIENTED_EDGE('',*,*,#15616,.T.);
#17968 = ORIENTED_EDGE('',*,*,#17817,.T.);
#17969 = ORIENTED_EDGE('',*,*,#17793,.T.);
#17970 = ORIENTED_EDGE('',*,*,#17720,.F.);
#17971 = ORIENTED_EDGE('',*,*,#17669,.T.);
#17972 = ORIENTED_EDGE('',*,*,#17973,.F.);
#17973 = EDGE_CURVE('',#17974,#17670,#17976,.T.);
#17974 = VERTEX_POINT('',#17975);
#17975 = CARTESIAN_POINT('',(30.824176727878,-2.75,1.4));
#17976 = SURFACE_CURVE('',#17977,(#17982,#17989),.PCURVE_S1.);
#17977 = CIRCLE('',#17978,5.);
#17978 = AXIS2_PLACEMENT_3D('',#17979,#17980,#17981);
#17979 = CARTESIAN_POINT('',(35.,0.,1.4));
#17980 = DIRECTION('',(0.,0.,1.));
#17981 = DIRECTION('',(1.,0.,-0.));
#17982 = PCURVE('',#15631,#17983);
#17983 = DEFINITIONAL_REPRESENTATION('',(#17984),#17988);
#17984 = LINE('',#17985,#17986);
#17985 = CARTESIAN_POINT('',(0.,3.4));
#17986 = VECTOR('',#17987,1.);
#17987 = DIRECTION('',(1.,0.));
#17988 = ( GEOMETRIC_REPRESENTATION_CONTEXT(2) 
PARAMETRIC_REPRESENTATION_CONTEXT() REPRESENTATION_CONTEXT('2D SPACE',''
  ) );
#17989 = PCURVE('',#17312,#17990);
#17990 = DEFINITIONAL_REPRESENTATION('',(#17991),#17995);
#17991 = LINE('',#17992,#17993);
#17992 = CARTESIAN_POINT('',(-0.,-0.));
#17993 = VECTOR('',#17994,1.);
#17994 = DIRECTION('',(-1.,-0.));
#17995 = ( GEOMETRIC_REPRESENTATION_CONTEXT(2) 
PARAMETRIC_REPRESENTATION_CONTEXT() REPRESENTATION_CONTEXT('2D SPACE',''
  ) );
#17996 = ORIENTED_EDGE('',*,*,#17997,.F.);
#17997 = EDGE_CURVE('',#17998,#17974,#18000,.T.);
#17998 = VERTEX_POINT('',#17999);
#17999 = CARTESIAN_POINT('',(30.824176727878,-2.75,0.8));
#18000 = SURFACE_CURVE('',#18001,(#18005,#18011),.PCURVE_S1.);
#18001 = LINE('',#18002,#18003);
#18002 = CARTESIAN_POINT('',(30.824176727877,-2.75,-2.));
#18003 = VECTOR('',#18004,1.);
#18004 = DIRECTION('',(0.,0.,1.));
#18005 = PCURVE('',#15631,#18006);
#18006 = DEFINITIONAL_REPRESENTATION('',(#18007),#18010);
#18007 = B_SPLINE_CURVE_WITH_KNOTS('',1,(#18008,#18009),.UNSPECIFIED.,
  .F.,.F.,(2,2),(2.68,3.400009654188),.PIECEWISE_BEZIER_KNOTS.);
#18008 = CARTESIAN_POINT('',(3.723956891459,2.68));
#18009 = CARTESIAN_POINT('',(3.723956891459,3.400009654188));
#18010 = ( GEOMETRIC_REPRESENTATION_CONTEXT(2) 
PARAMETRIC_REPRESENTATION_CONTEXT() REPRESENTATION_CONTEXT('2D SPACE',''
  ) );
#18011 = PCURVE('',#17283,#18012);
#18012 = DEFINITIONAL_REPRESENTATION('',(#18013),#18016);
#18013 = B_SPLINE_CURVE_WITH_KNOTS('',1,(#18014,#18015),.UNSPECIFIED.,
  .F.,.F.,(2,2),(2.68,3.400009654188),.PIECEWISE_BEZIER_KNOTS.);
#18014 = CARTESIAN_POINT('',(-0.12,35.824176727877));
#18015 = CARTESIAN_POINT('',(0.600009654188,35.824176727877));
#18016 = ( GEOMETRIC_REPRESENTATION_CONTEXT(2) 
PARAMETRIC_REPRESENTATION_CONTEXT() REPRESENTATION_CONTEXT('2D SPACE',''
  ) );
#18017 = ORIENTED_EDGE('',*,*,#18018,.F.);
#18018 = EDGE_CURVE('',#18019,#17998,#18021,.T.);
#18019 = VERTEX_POINT('',#18020);
#18020 = CARTESIAN_POINT('',(30.155560532941,-1.2375,0.8));
#18021 = SURFACE_CURVE('',#18022,(#18027,#18034),.PCURVE_S1.);
#18022 = CIRCLE('',#18023,5.);
#18023 = AXIS2_PLACEMENT_3D('',#18024,#18025,#18026);
#18024 = CARTESIAN_POINT('',(35.,0.,0.8));
#18025 = DIRECTION('',(0.,0.,1.));
#18026 = DIRECTION('',(1.,0.,-0.));
#18027 = PCURVE('',#15631,#18028);
#18028 = DEFINITIONAL_REPRESENTATION('',(#18029),#18033);
#18029 = LINE('',#18030,#18031);
#18030 = CARTESIAN_POINT('',(0.,2.8));
#18031 = VECTOR('',#18032,1.);
#18032 = DIRECTION('',(1.,0.));
#18033 = ( GEOMETRIC_REPRESENTATION_CONTEXT(2) 
PARAMETRIC_REPRESENTATION_CONTEXT() REPRESENTATION_CONTEXT('2D SPACE',''
  ) );
#18034 = PCURVE('',#16124,#18035);
#18035 = DEFINITIONAL_REPRESENTATION('',(#18036),#18040);
#18036 = CIRCLE('',#18037,5.);
#18037 = AXIS2_PLACEMENT_2D('',#18038,#18039);
#18038 = CARTESIAN_POINT('',(40.,2.75));
#18039 = DIRECTION('',(1.,0.));
#18040 = ( GEOMETRIC_REPRESENTATION_CONTEXT(2) 
PARAMETRIC_REPRESENTATION_CONTEXT() REPRESENTATION_CONTEXT('2D SPACE',''
  ) );
#18041 = ORIENTED_EDGE('',*,*,#18042,.F.);
#18042 = EDGE_CURVE('',#18043,#18019,#18045,.T.);
#18043 = VERTEX_POINT('',#18044);
#18044 = CARTESIAN_POINT('',(30.155560532941,-1.2375,-0.8));
#18045 = SURFACE_CURVE('',#18046,(#18050,#18056),.PCURVE_S1.);
#18046 = LINE('',#18047,#18048);
#18047 = CARTESIAN_POINT('',(30.155560532941,-1.2375,-2.));
#18048 = VECTOR('',#18049,1.);
#18049 = DIRECTION('',(0.,0.,1.));
#18050 = PCURVE('',#15631,#18051);
#18051 = DEFINITIONAL_REPRESENTATION('',(#18052),#18055);
#18052 = B_SPLINE_CURVE_WITH_KNOTS('',1,(#18053,#18054),.UNSPECIFIED.,
  .F.,.F.,(2,2),(1.04,2.96),.PIECEWISE_BEZIER_KNOTS.);
#18053 = CARTESIAN_POINT('',(3.391691777059,1.04));
#18054 = CARTESIAN_POINT('',(3.391691777059,2.96));
#18055 = ( GEOMETRIC_REPRESENTATION_CONTEXT(2) 
PARAMETRIC_REPRESENTATION_CONTEXT() REPRESENTATION_CONTEXT('2D SPACE',''
  ) );
#18056 = PCURVE('',#16393,#18057);
#18057 = DEFINITIONAL_REPRESENTATION('',(#18058),#18061);
#18058 = B_SPLINE_CURVE_WITH_KNOTS('',1,(#18059,#18060),.UNSPECIFIED.,
  .F.,.F.,(2,2),(1.04,2.96),.PIECEWISE_BEZIER_KNOTS.);
#18059 = CARTESIAN_POINT('',(-0.16,35.155560532941));
#18060 = CARTESIAN_POINT('',(1.76,35.155560532941));
#18061 = ( GEOMETRIC_REPRESENTATION_CONTEXT(2) 
PARAMETRIC_REPRESENTATION_CONTEXT() REPRESENTATION_CONTEXT('2D SPACE',''
  ) );
#18062 = ORIENTED_EDGE('',*,*,#18063,.T.);
#18063 = EDGE_CURVE('',#18043,#15799,#18064,.T.);
#18064 = SURFACE_CURVE('',#18065,(#18070,#18077),.PCURVE_S1.);
#18065 = CIRCLE('',#18066,5.);
#18066 = AXIS2_PLACEMENT_3D('',#18067,#18068,#18069);
#18067 = CARTESIAN_POINT('',(35.,0.,-0.8));
#18068 = DIRECTION('',(0.,0.,1.));
#18069 = DIRECTION('',(1.,0.,-0.));
#18070 = PCURVE('',#15631,#18071);
#18071 = DEFINITIONAL_REPRESENTATION('',(#18072),#18076);
#18072 = LINE('',#18073,#18074);
#18073 = CARTESIAN_POINT('',(0.,1.2));
#18074 = VECTOR('',#18075,1.);
#18075 = DIRECTION('',(1.,0.));
#18076 = ( GEOMETRIC_REPRESENTATION_CONTEXT(2) 
PARAMETRIC_REPRESENTATION_CONTEXT() REPRESENTATION_CONTEXT('2D SPACE',''
  ) );
#18077 = PCURVE('',#15814,#18078);
#18078 = DEFINITIONAL_REPRESENTATION('',(#18079),#18083);
#18079 = CIRCLE('',#18080,5.);
#18080 = AXIS2_PLACEMENT_2D('',#18081,#18082);
#18081 = CARTESIAN_POINT('',(40.,2.75));
#18082 = DIRECTION('',(1.,0.));
#18083 = ( GEOMETRIC_REPRESENTATION_CONTEXT(2) 
PARAMETRIC_REPRESENTATION_CONTEXT() REPRESENTATION_CONTEXT('2D SPACE',''
  ) );
#18084 = ORIENTED_EDGE('',*,*,#15826,.F.);
#18085 = ADVANCED_FACE('',(#18086),#15814,.T.);
#18086 = FACE_BOUND('',#18087,.T.);
#18087 = EDGE_LOOP('',(#18088,#18089,#18090,#18091,#18112,#18113,#18134,
    #18135));
#18088 = ORIENTED_EDGE('',*,*,#17847,.F.);
#18089 = ORIENTED_EDGE('',*,*,#15798,.T.);
#18090 = ORIENTED_EDGE('',*,*,#18063,.F.);
#18091 = ORIENTED_EDGE('',*,*,#18092,.F.);
#18092 = EDGE_CURVE('',#16312,#18043,#18093,.T.);
#18093 = SURFACE_CURVE('',#18094,(#18098,#18105),.PCURVE_S1.);
#18094 = LINE('',#18095,#18096);
#18095 = CARTESIAN_POINT('',(-5.,-1.2375,-0.8));
#18096 = VECTOR('',#18097,1.);
#18097 = DIRECTION('',(1.,0.,-0.));
#18098 = PCURVE('',#15814,#18099);
#18099 = DEFINITIONAL_REPRESENTATION('',(#18100),#18104);
#18100 = LINE('',#18101,#18102);
#18101 = CARTESIAN_POINT('',(0.,1.5125));
#18102 = VECTOR('',#18103,1.);
#18103 = DIRECTION('',(1.,0.));
#18104 = ( GEOMETRIC_REPRESENTATION_CONTEXT(2) 
PARAMETRIC_REPRESENTATION_CONTEXT() REPRESENTATION_CONTEXT('2D SPACE',''
  ) );
#18105 = PCURVE('',#16393,#18106);
#18106 = DEFINITIONAL_REPRESENTATION('',(#18107),#18111);
#18107 = LINE('',#18108,#18109);
#18108 = CARTESIAN_POINT('',(0.,0.));
#18109 = VECTOR('',#18110,1.);
#18110 = DIRECTION('',(0.,1.));
#18111 = ( GEOMETRIC_REPRESENTATION_CONTEXT(2) 
PARAMETRIC_REPRESENTATION_CONTEXT() REPRESENTATION_CONTEXT('2D SPACE',''
  ) );
#18112 = ORIENTED_EDGE('',*,*,#16309,.F.);
#18113 = ORIENTED_EDGE('',*,*,#18114,.F.);
#18114 = EDGE_CURVE('',#16058,#16310,#18115,.T.);
#18115 = SURFACE_CURVE('',#18116,(#18120,#18127),.PCURVE_S1.);
#18116 = LINE('',#18117,#18118);
#18117 = CARTESIAN_POINT('',(-5.,-1.2375,-0.8));
#18118 = VECTOR('',#18119,1.);
#18119 = DIRECTION('',(1.,0.,-0.));
#18120 = PCURVE('',#15814,#18121);
#18121 = DEFINITIONAL_REPRESENTATION('',(#18122),#18126);
#18122 = LINE('',#18123,#18124);
#18123 = CARTESIAN_POINT('',(0.,1.5125));
#18124 = VECTOR('',#18125,1.);
#18125 = DIRECTION('',(1.,0.));
#18126 = ( GEOMETRIC_REPRESENTATION_CONTEXT(2) 
PARAMETRIC_REPRESENTATION_CONTEXT() REPRESENTATION_CONTEXT('2D SPACE',''
  ) );
#18127 = PCURVE('',#16149,#18128);
#18128 = DEFINITIONAL_REPRESENTATION('',(#18129),#18133);
#18129 = LINE('',#18130,#18131);
#18130 = CARTESIAN_POINT('',(0.,0.));
#18131 = VECTOR('',#18132,1.);
#18132 = DIRECTION('',(0.,1.));
#18133 = ( GEOMETRIC_REPRESENTATION_CONTEXT(2) 
PARAMETRIC_REPRESENTATION_CONTEXT() REPRESENTATION_CONTEXT('2D SPACE',''
  ) );
#18134 = ORIENTED_EDGE('',*,*,#16055,.F.);
#18135 = ORIENTED_EDGE('',*,*,#18136,.F.);
#18136 = EDGE_CURVE('',#17848,#16056,#18137,.T.);
#18137 = SURFACE_CURVE('',#18138,(#18142,#18149),.PCURVE_S1.);
#18138 = LINE('',#18139,#18140);
#18139 = CARTESIAN_POINT('',(-5.,-1.2375,-0.8));
#18140 = VECTOR('',#18141,1.);
#18141 = DIRECTION('',(1.,0.,-0.));
#18142 = PCURVE('',#15814,#18143);
#18143 = DEFINITIONAL_REPRESENTATION('',(#18144),#18148);
#18144 = LINE('',#18145,#18146);
#18145 = CARTESIAN_POINT('',(0.,1.5125));
#18146 = VECTOR('',#18147,1.);
#18147 = DIRECTION('',(1.,0.));
#18148 = ( GEOMETRIC_REPRESENTATION_CONTEXT(2) 
PARAMETRIC_REPRESENTATION_CONTEXT() REPRESENTATION_CONTEXT('2D SPACE',''
  ) );
#18149 = PCURVE('',#16096,#18150);
#18150 = DEFINITIONAL_REPRESENTATION('',(#18151),#18155);
#18151 = LINE('',#18152,#18153);
#18152 = CARTESIAN_POINT('',(0.,0.));
#18153 = VECTOR('',#18154,1.);
#18154 = DIRECTION('',(0.,1.));
#18155 = ( GEOMETRIC_REPRESENTATION_CONTEXT(2) 
PARAMETRIC_REPRESENTATION_CONTEXT() REPRESENTATION_CONTEXT('2D SPACE',''
  ) );
#18156 = ADVANCED_FACE('',(#18157),#16042,.T.);
#18157 = FACE_BOUND('',#18158,.T.);
#18158 = EDGE_LOOP('',(#18159,#18160,#18161,#18182));
#18159 = ORIENTED_EDGE('',*,*,#16699,.F.);
#18160 = ORIENTED_EDGE('',*,*,#16936,.T.);
#18161 = ORIENTED_EDGE('',*,*,#18162,.T.);
#18162 = EDGE_CURVE('',#16913,#16001,#18163,.T.);
#18163 = SURFACE_CURVE('',#18164,(#18168,#18175),.PCURVE_S1.);
#18164 = LINE('',#18165,#18166);
#18165 = CARTESIAN_POINT('',(-5.,1.2375,0.8));
#18166 = VECTOR('',#18167,1.);
#18167 = DIRECTION('',(1.,0.,-0.));
#18168 = PCURVE('',#16042,#18169);
#18169 = DEFINITIONAL_REPRESENTATION('',(#18170),#18174);
#18170 = LINE('',#18171,#18172);
#18171 = CARTESIAN_POINT('',(1.6,0.));
#18172 = VECTOR('',#18173,1.);
#18173 = DIRECTION('',(0.,1.));
#18174 = ( GEOMETRIC_REPRESENTATION_CONTEXT(2) 
PARAMETRIC_REPRESENTATION_CONTEXT() REPRESENTATION_CONTEXT('2D SPACE',''
  ) );
#18175 = PCURVE('',#16017,#18176);
#18176 = DEFINITIONAL_REPRESENTATION('',(#18177),#18181);
#18177 = LINE('',#18178,#18179);
#18178 = CARTESIAN_POINT('',(0.,3.9875));
#18179 = VECTOR('',#18180,1.);
#18180 = DIRECTION('',(1.,0.));
#18181 = ( GEOMETRIC_REPRESENTATION_CONTEXT(2) 
PARAMETRIC_REPRESENTATION_CONTEXT() REPRESENTATION_CONTEXT('2D SPACE',''
  ) );
#18182 = ORIENTED_EDGE('',*,*,#16029,.F.);
#18183 = ADVANCED_FACE('',(#18184),#16017,.F.);
#18184 = FACE_BOUND('',#18185,.F.);
#18185 = EDGE_LOOP('',(#18186,#18187,#18188,#18189,#18210,#18211,#18232,
    #18233));
#18186 = ORIENTED_EDGE('',*,*,#16912,.F.);
#18187 = ORIENTED_EDGE('',*,*,#18162,.T.);
#18188 = ORIENTED_EDGE('',*,*,#16000,.F.);
#18189 = ORIENTED_EDGE('',*,*,#18190,.T.);
#18190 = EDGE_CURVE('',#15975,#16265,#18191,.T.);
#18191 = SURFACE_CURVE('',#18192,(#18196,#18203),.PCURVE_S1.);
#18192 = LINE('',#18193,#18194);
#18193 = CARTESIAN_POINT('',(-5.,1.2375,0.8));
#18194 = VECTOR('',#18195,1.);
#18195 = DIRECTION('',(1.,0.,-0.));
#18196 = PCURVE('',#16017,#18197);
#18197 = DEFINITIONAL_REPRESENTATION('',(#18198),#18202);
#18198 = LINE('',#18199,#18200);
#18199 = CARTESIAN_POINT('',(0.,3.9875));
#18200 = VECTOR('',#18201,1.);
#18201 = DIRECTION('',(1.,0.));
#18202 = ( GEOMETRIC_REPRESENTATION_CONTEXT(2) 
PARAMETRIC_REPRESENTATION_CONTEXT() REPRESENTATION_CONTEXT('2D SPACE',''
  ) );
#18203 = PCURVE('',#15989,#18204);
#18204 = DEFINITIONAL_REPRESENTATION('',(#18205),#18209);
#18205 = LINE('',#18206,#18207);
#18206 = CARTESIAN_POINT('',(1.6,0.));
#18207 = VECTOR('',#18208,1.);
#18208 = DIRECTION('',(0.,1.));
#18209 = ( GEOMETRIC_REPRESENTATION_CONTEXT(2) 
PARAMETRIC_REPRESENTATION_CONTEXT() REPRESENTATION_CONTEXT('2D SPACE',''
  ) );
#18210 = ORIENTED_EDGE('',*,*,#16264,.F.);
#18211 = ORIENTED_EDGE('',*,*,#18212,.T.);
#18212 = EDGE_CURVE('',#16239,#16485,#18213,.T.);
#18213 = SURFACE_CURVE('',#18214,(#18218,#18225),.PCURVE_S1.);
#18214 = LINE('',#18215,#18216);
#18215 = CARTESIAN_POINT('',(-5.,1.2375,0.8));
#18216 = VECTOR('',#18217,1.);
#18217 = DIRECTION('',(1.,0.,-0.));
#18218 = PCURVE('',#16017,#18219);
#18219 = DEFINITIONAL_REPRESENTATION('',(#18220),#18224);
#18220 = LINE('',#18221,#18222);
#18221 = CARTESIAN_POINT('',(0.,3.9875));
#18222 = VECTOR('',#18223,1.);
#18223 = DIRECTION('',(1.,0.));
#18224 = ( GEOMETRIC_REPRESENTATION_CONTEXT(2) 
PARAMETRIC_REPRESENTATION_CONTEXT() REPRESENTATION_CONTEXT('2D SPACE',''
  ) );
#18225 = PCURVE('',#16253,#18226);
#18226 = DEFINITIONAL_REPRESENTATION('',(#18227),#18231);
#18227 = LINE('',#18228,#18229);
#18228 = CARTESIAN_POINT('',(1.6,0.));
#18229 = VECTOR('',#18230,1.);
#18230 = DIRECTION('',(0.,1.));
#18231 = ( GEOMETRIC_REPRESENTATION_CONTEXT(2) 
PARAMETRIC_REPRESENTATION_CONTEXT() REPRESENTATION_CONTEXT('2D SPACE',''
  ) );
#18232 = ORIENTED_EDGE('',*,*,#16505,.F.);
#18233 = ORIENTED_EDGE('',*,*,#18234,.F.);
#18234 = EDGE_CURVE('',#16892,#16506,#18235,.T.);
#18235 = SURFACE_CURVE('',#18236,(#18240,#18247),.PCURVE_S1.);
#18236 = LINE('',#18237,#18238);
#18237 = CARTESIAN_POINT('',(-5.,2.75,0.8));
#18238 = VECTOR('',#18239,1.);
#18239 = DIRECTION('',(1.,0.,-0.));
#18240 = PCURVE('',#16017,#18241);
#18241 = DEFINITIONAL_REPRESENTATION('',(#18242),#18246);
#18242 = LINE('',#18243,#18244);
#18243 = CARTESIAN_POINT('',(0.,5.5));
#18244 = VECTOR('',#18245,1.);
#18245 = DIRECTION('',(1.,0.));
#18246 = ( GEOMETRIC_REPRESENTATION_CONTEXT(2) 
PARAMETRIC_REPRESENTATION_CONTEXT() REPRESENTATION_CONTEXT('2D SPACE',''
  ) );
#18247 = PCURVE('',#16544,#18248);
#18248 = DEFINITIONAL_REPRESENTATION('',(#18249),#18253);
#18249 = LINE('',#18250,#18251);
#18250 = CARTESIAN_POINT('',(0.,0.));
#18251 = VECTOR('',#18252,1.);
#18252 = DIRECTION('',(0.,1.));
#18253 = ( GEOMETRIC_REPRESENTATION_CONTEXT(2) 
PARAMETRIC_REPRESENTATION_CONTEXT() REPRESENTATION_CONTEXT('2D SPACE',''
  ) );
#18254 = ADVANCED_FACE('',(#18255),#15989,.T.);
#18255 = FACE_BOUND('',#18256,.T.);
#18256 = EDGE_LOOP('',(#18257,#18258,#18259,#18260));
#18257 = ORIENTED_EDGE('',*,*,#16721,.F.);
#18258 = ORIENTED_EDGE('',*,*,#15974,.T.);
#18259 = ORIENTED_EDGE('',*,*,#18190,.T.);
#18260 = ORIENTED_EDGE('',*,*,#16288,.F.);
#18261 = ADVANCED_FACE('',(#18262),#16149,.F.);
#18262 = FACE_BOUND('',#18263,.F.);
#18263 = EDGE_LOOP('',(#18264,#18265,#18266,#18287));
#18264 = ORIENTED_EDGE('',*,*,#18114,.F.);
#18265 = ORIENTED_EDGE('',*,*,#16136,.T.);
#18266 = ORIENTED_EDGE('',*,*,#18267,.T.);
#18267 = EDGE_CURVE('',#16108,#16336,#18268,.T.);
#18268 = SURFACE_CURVE('',#18269,(#18273,#18280),.PCURVE_S1.);
#18269 = LINE('',#18270,#18271);
#18270 = CARTESIAN_POINT('',(-5.,-1.2375,0.8));
#18271 = VECTOR('',#18272,1.);
#18272 = DIRECTION('',(1.,0.,-0.));
#18273 = PCURVE('',#16149,#18274);
#18274 = DEFINITIONAL_REPRESENTATION('',(#18275),#18279);
#18275 = LINE('',#18276,#18277);
#18276 = CARTESIAN_POINT('',(1.6,0.));
#18277 = VECTOR('',#18278,1.);
#18278 = DIRECTION('',(0.,1.));
#18279 = ( GEOMETRIC_REPRESENTATION_CONTEXT(2) 
PARAMETRIC_REPRESENTATION_CONTEXT() REPRESENTATION_CONTEXT('2D SPACE',''
  ) );
#18280 = PCURVE('',#16124,#18281);
#18281 = DEFINITIONAL_REPRESENTATION('',(#18282),#18286);
#18282 = LINE('',#18283,#18284);
#18283 = CARTESIAN_POINT('',(0.,1.5125));
#18284 = VECTOR('',#18285,1.);
#18285 = DIRECTION('',(1.,0.));
#18286 = ( GEOMETRIC_REPRESENTATION_CONTEXT(2) 
PARAMETRIC_REPRESENTATION_CONTEXT() REPRESENTATION_CONTEXT('2D SPACE',''
  ) );
#18287 = ORIENTED_EDGE('',*,*,#16335,.F.);
#18288 = ADVANCED_FACE('',(#18289),#16124,.F.);
#18289 = FACE_BOUND('',#18290,.F.);
#18290 = EDGE_LOOP('',(#18291,#18292,#18313,#18314,#18335,#18336,#18337,
    #18338));
#18291 = ORIENTED_EDGE('',*,*,#17892,.F.);
#18292 = ORIENTED_EDGE('',*,*,#18293,.T.);
#18293 = EDGE_CURVE('',#17893,#17998,#18294,.T.);
#18294 = SURFACE_CURVE('',#18295,(#18299,#18306),.PCURVE_S1.);
#18295 = LINE('',#18296,#18297);
#18296 = CARTESIAN_POINT('',(-5.,-2.75,0.8));
#18297 = VECTOR('',#18298,1.);
#18298 = DIRECTION('',(1.,0.,-0.));
#18299 = PCURVE('',#16124,#18300);
#18300 = DEFINITIONAL_REPRESENTATION('',(#18301),#18305);
#18301 = LINE('',#18302,#18303);
#18302 = CARTESIAN_POINT('',(0.,0.));
#18303 = VECTOR('',#18304,1.);
#18304 = DIRECTION('',(1.,0.));
#18305 = ( GEOMETRIC_REPRESENTATION_CONTEXT(2) 
PARAMETRIC_REPRESENTATION_CONTEXT() REPRESENTATION_CONTEXT('2D SPACE',''
  ) );
#18306 = PCURVE('',#17283,#18307);
#18307 = DEFINITIONAL_REPRESENTATION('',(#18308),#18312);
#18308 = LINE('',#18309,#18310);
#18309 = CARTESIAN_POINT('',(0.,0.));
#18310 = VECTOR('',#18311,1.);
#18311 = DIRECTION('',(0.,1.));
#18312 = ( GEOMETRIC_REPRESENTATION_CONTEXT(2) 
PARAMETRIC_REPRESENTATION_CONTEXT() REPRESENTATION_CONTEXT('2D SPACE',''
  ) );
#18313 = ORIENTED_EDGE('',*,*,#18018,.F.);
#18314 = ORIENTED_EDGE('',*,*,#18315,.F.);
#18315 = EDGE_CURVE('',#16357,#18019,#18316,.T.);
#18316 = SURFACE_CURVE('',#18317,(#18321,#18328),.PCURVE_S1.);
#18317 = LINE('',#18318,#18319);
#18318 = CARTESIAN_POINT('',(-5.,-1.2375,0.8));
#18319 = VECTOR('',#18320,1.);
#18320 = DIRECTION('',(1.,0.,-0.));
#18321 = PCURVE('',#16124,#18322);
#18322 = DEFINITIONAL_REPRESENTATION('',(#18323),#18327);
#18323 = LINE('',#18324,#18325);
#18324 = CARTESIAN_POINT('',(0.,1.5125));
#18325 = VECTOR('',#18326,1.);
#18326 = DIRECTION('',(1.,0.));
#18327 = ( GEOMETRIC_REPRESENTATION_CONTEXT(2) 
PARAMETRIC_REPRESENTATION_CONTEXT() REPRESENTATION_CONTEXT('2D SPACE',''
  ) );
#18328 = PCURVE('',#16393,#18329);
#18329 = DEFINITIONAL_REPRESENTATION('',(#18330),#18334);
#18330 = LINE('',#18331,#18332);
#18331 = CARTESIAN_POINT('',(1.6,0.));
#18332 = VECTOR('',#18333,1.);
#18333 = DIRECTION('',(0.,1.));
#18334 = ( GEOMETRIC_REPRESENTATION_CONTEXT(2) 
PARAMETRIC_REPRESENTATION_CONTEXT() REPRESENTATION_CONTEXT('2D SPACE',''
  ) );
#18335 = ORIENTED_EDGE('',*,*,#16356,.F.);
#18336 = ORIENTED_EDGE('',*,*,#18267,.F.);
#18337 = ORIENTED_EDGE('',*,*,#16107,.F.);
#18338 = ORIENTED_EDGE('',*,*,#18339,.F.);
#18339 = EDGE_CURVE('',#17872,#16082,#18340,.T.);
#18340 = SURFACE_CURVE('',#18341,(#18345,#18352),.PCURVE_S1.);
#18341 = LINE('',#18342,#18343);
#18342 = CARTESIAN_POINT('',(-5.,-1.2375,0.8));
#18343 = VECTOR('',#18344,1.);
#18344 = DIRECTION('',(1.,0.,-0.));
#18345 = PCURVE('',#16124,#18346);
#18346 = DEFINITIONAL_REPRESENTATION('',(#18347),#18351);
#18347 = LINE('',#18348,#18349);
#18348 = CARTESIAN_POINT('',(0.,1.5125));
#18349 = VECTOR('',#18350,1.);
#18350 = DIRECTION('',(1.,0.));
#18351 = ( GEOMETRIC_REPRESENTATION_CONTEXT(2) 
PARAMETRIC_REPRESENTATION_CONTEXT() REPRESENTATION_CONTEXT('2D SPACE',''
  ) );
#18352 = PCURVE('',#16096,#18353);
#18353 = DEFINITIONAL_REPRESENTATION('',(#18354),#18358);
#18354 = LINE('',#18355,#18356);
#18355 = CARTESIAN_POINT('',(1.6,0.));
#18356 = VECTOR('',#18357,1.);
#18357 = DIRECTION('',(0.,1.));
#18358 = ( GEOMETRIC_REPRESENTATION_CONTEXT(2) 
PARAMETRIC_REPRESENTATION_CONTEXT() REPRESENTATION_CONTEXT('2D SPACE',''
  ) );
#18359 = ADVANCED_FACE('',(#18360),#16096,.F.);
#18360 = FACE_BOUND('',#18361,.F.);
#18361 = EDGE_LOOP('',(#18362,#18363,#18364,#18365));
#18362 = ORIENTED_EDGE('',*,*,#18136,.F.);
#18363 = ORIENTED_EDGE('',*,*,#17871,.T.);
#18364 = ORIENTED_EDGE('',*,*,#18339,.T.);
#18365 = ORIENTED_EDGE('',*,*,#16081,.F.);
#18366 = ADVANCED_FACE('',(#18367),#16253,.T.);
#18367 = FACE_BOUND('',#18368,.T.);
#18368 = EDGE_LOOP('',(#18369,#18370,#18371,#18372));
#18369 = ORIENTED_EDGE('',*,*,#16743,.F.);
#18370 = ORIENTED_EDGE('',*,*,#16238,.T.);
#18371 = ORIENTED_EDGE('',*,*,#18212,.T.);
#18372 = ORIENTED_EDGE('',*,*,#16484,.F.);
#18373 = ADVANCED_FACE('',(#18374),#16393,.F.);
#18374 = FACE_BOUND('',#18375,.F.);
#18375 = EDGE_LOOP('',(#18376,#18377,#18378,#18379));
#18376 = ORIENTED_EDGE('',*,*,#18092,.F.);
#18377 = ORIENTED_EDGE('',*,*,#16380,.T.);
#18378 = ORIENTED_EDGE('',*,*,#18315,.T.);
#18379 = ORIENTED_EDGE('',*,*,#18042,.F.);
#18380 = ADVANCED_FACE('',(#18381),#16572,.T.);
#18381 = FACE_BOUND('',#18382,.T.);
#18382 = EDGE_LOOP('',(#18383,#18384,#18385,#18410));
#18383 = ORIENTED_EDGE('',*,*,#17616,.F.);
#18384 = ORIENTED_EDGE('',*,*,#16555,.T.);
#18385 = ORIENTED_EDGE('',*,*,#18386,.F.);
#18386 = EDGE_CURVE('',#17145,#16530,#18387,.T.);
#18387 = SURFACE_CURVE('',#18388,(#18393,#18403),.PCURVE_S1.);
#18388 = HYPERBOLA('',#18389,2.75,2.75);
#18389 = AXIS2_PLACEMENT_3D('',#18390,#18391,#18392);
#18390 = CARTESIAN_POINT('',(35.,2.75,6.4));
#18391 = DIRECTION('',(0.,1.,0.));
#18392 = DIRECTION('',(-0.,0.,-1.));
#18393 = PCURVE('',#16572,#18394);
#18394 = DEFINITIONAL_REPRESENTATION('',(#18395),#18402);
#18395 = B_SPLINE_CURVE_WITH_KNOTS('',5,(#18396,#18397,#18398,#18399,
    #18400,#18401),.UNSPECIFIED.,.F.,.F.,(6,6),(1.046967915003,
    1.204971208168),.PIECEWISE_BEZIER_KNOTS.);
#18396 = CARTESIAN_POINT('',(-2.466461120653,-0.6));
#18397 = CARTESIAN_POINT('',(-2.486211532298,-0.491459672549));
#18398 = CARTESIAN_POINT('',(-2.505352932484,-0.377427038356));
#18399 = CARTESIAN_POINT('',(-2.523894317204,-0.257676273539));
#18400 = CARTESIAN_POINT('',(-2.541848053473,-0.131958765734));
#18401 = CARTESIAN_POINT('',(-2.559228415721,-1.998401444325E-15));
#18402 = ( GEOMETRIC_REPRESENTATION_CONTEXT(2) 
PARAMETRIC_REPRESENTATION_CONTEXT() REPRESENTATION_CONTEXT('2D SPACE',''
  ) );
#18403 = PCURVE('',#16544,#18404);
#18404 = DEFINITIONAL_REPRESENTATION('',(#18405),#18409);
#18405 = ( BOUNDED_CURVE() B_SPLINE_CURVE(2,(#18406,#18407,#18408),
.UNSPECIFIED.,.F.,.F.) B_SPLINE_CURVE_WITH_KNOTS((3,3),(1.046967915003,
1.204971208168),.PIECEWISE_BEZIER_KNOTS.) CURVE() 
GEOMETRIC_REPRESENTATION_ITEM() RATIONAL_B_SPLINE_CURVE((1.,
1.003122253474,1.)) REPRESENTATION_ITEM('') );
#18406 = CARTESIAN_POINT('',(1.2,36.565251100881));
#18407 = CARTESIAN_POINT('',(0.929212299272,36.218365224156));
#18408 = CARTESIAN_POINT('',(0.6,35.824176727877));
#18409 = ( GEOMETRIC_REPRESENTATION_CONTEXT(2) 
PARAMETRIC_REPRESENTATION_CONTEXT() REPRESENTATION_CONTEXT('2D SPACE',''
  ) );
#18410 = ORIENTED_EDGE('',*,*,#17144,.F.);
#18411 = ADVANCED_FACE('',(#18412),#16544,.T.);
#18412 = FACE_BOUND('',#18413,.T.);
#18413 = EDGE_LOOP('',(#18414,#18415,#18416,#18441,#18442,#18443));
#18414 = ORIENTED_EDGE('',*,*,#18234,.F.);
#18415 = ORIENTED_EDGE('',*,*,#16891,.T.);
#18416 = ORIENTED_EDGE('',*,*,#18417,.T.);
#18417 = EDGE_CURVE('',#16863,#17169,#18418,.T.);
#18418 = SURFACE_CURVE('',#18419,(#18424,#18431),.PCURVE_S1.);
#18419 = HYPERBOLA('',#18420,2.75,2.75);
#18420 = AXIS2_PLACEMENT_3D('',#18421,#18422,#18423);
#18421 = CARTESIAN_POINT('',(0.,2.75,6.4));
#18422 = DIRECTION('',(0.,1.,0.));
#18423 = DIRECTION('',(-0.,0.,-1.));
#18424 = PCURVE('',#16544,#18425);
#18425 = DEFINITIONAL_REPRESENTATION('',(#18426),#18430);
#18426 = ( BOUNDED_CURVE() B_SPLINE_CURVE(2,(#18427,#18428,#18429),
.UNSPECIFIED.,.F.,.F.) B_SPLINE_CURVE_WITH_KNOTS((3,3),(-1.204971208168,
-1.046967915003),.PIECEWISE_BEZIER_KNOTS.) CURVE() 
GEOMETRIC_REPRESENTATION_ITEM() RATIONAL_B_SPLINE_CURVE((1.,
1.003122253474,1.)) REPRESENTATION_ITEM('') );
#18427 = CARTESIAN_POINT('',(0.6,9.175823272123));
#18428 = CARTESIAN_POINT('',(0.929212299272,8.781634775844));
#18429 = CARTESIAN_POINT('',(1.2,8.434748899119));
#18430 = ( GEOMETRIC_REPRESENTATION_CONTEXT(2) 
PARAMETRIC_REPRESENTATION_CONTEXT() REPRESENTATION_CONTEXT('2D SPACE',''
  ) );
#18431 = PCURVE('',#16879,#18432);
#18432 = DEFINITIONAL_REPRESENTATION('',(#18433),#18440);
#18433 = B_SPLINE_CURVE_WITH_KNOTS('',5,(#18434,#18435,#18436,#18437,
    #18438,#18439),.UNSPECIFIED.,.F.,.F.,(6,6),(-1.204971208168,
    -1.046967915003),.PIECEWISE_BEZIER_KNOTS.);
#18434 = CARTESIAN_POINT('',(-0.582364237869,-6.661338147751E-16));
#18435 = CARTESIAN_POINT('',(-0.599744600117,-0.131958765734));
#18436 = CARTESIAN_POINT('',(-0.617698336386,-0.257676273539));
#18437 = CARTESIAN_POINT('',(-0.636239721106,-0.377427038356));
#18438 = CARTESIAN_POINT('',(-0.655381121291,-0.491459672549));
#18439 = CARTESIAN_POINT('',(-0.675131532937,-0.6));
#18440 = ( GEOMETRIC_REPRESENTATION_CONTEXT(2) 
PARAMETRIC_REPRESENTATION_CONTEXT() REPRESENTATION_CONTEXT('2D SPACE',''
  ) );
#18441 = ORIENTED_EDGE('',*,*,#17168,.T.);
#18442 = ORIENTED_EDGE('',*,*,#18386,.T.);
#18443 = ORIENTED_EDGE('',*,*,#16529,.F.);
#18444 = ADVANCED_FACE('',(#18445),#16879,.T.);
#18445 = FACE_BOUND('',#18446,.T.);
#18446 = EDGE_LOOP('',(#18447,#18448,#18449,#18450));
#18447 = ORIENTED_EDGE('',*,*,#18417,.F.);
#18448 = ORIENTED_EDGE('',*,*,#16862,.T.);
#18449 = ORIENTED_EDGE('',*,*,#17092,.F.);
#18450 = ORIENTED_EDGE('',*,*,#17191,.F.);
#18451 = ADVANCED_FACE('',(#18452),#17312,.T.);
#18452 = FACE_BOUND('',#18453,.T.);
#18453 = EDGE_LOOP('',(#18454,#18455,#18456,#18457));
#18454 = ORIENTED_EDGE('',*,*,#17973,.T.);
#18455 = ORIENTED_EDGE('',*,*,#17690,.T.);
#18456 = ORIENTED_EDGE('',*,*,#17295,.F.);
#18457 = ORIENTED_EDGE('',*,*,#18458,.T.);
#18458 = EDGE_CURVE('',#17268,#17974,#18459,.T.);
#18459 = SURFACE_CURVE('',#18460,(#18465,#18475),.PCURVE_S1.);
#18460 = HYPERBOLA('',#18461,2.75,2.75);
#18461 = AXIS2_PLACEMENT_3D('',#18462,#18463,#18464);
#18462 = CARTESIAN_POINT('',(35.,-2.75,6.4));
#18463 = DIRECTION('',(0.,1.,0.));
#18464 = DIRECTION('',(-0.,0.,-1.));
#18465 = PCURVE('',#17312,#18466);
#18466 = DEFINITIONAL_REPRESENTATION('',(#18467),#18474);
#18467 = B_SPLINE_CURVE_WITH_KNOTS('',5,(#18468,#18469,#18470,#18471,
    #18472,#18473),.UNSPECIFIED.,.F.,.F.,(6,6),(1.046967915003,
    1.204971208168),.PIECEWISE_BEZIER_KNOTS.);
#18468 = CARTESIAN_POINT('',(-3.816724186527,-0.6));
#18469 = CARTESIAN_POINT('',(-3.796973774881,-0.491459672549));
#18470 = CARTESIAN_POINT('',(-3.777832374696,-0.377427038356));
#18471 = CARTESIAN_POINT('',(-3.759290989976,-0.257676273539));
#18472 = CARTESIAN_POINT('',(-3.741337253707,-0.131958765734));
#18473 = CARTESIAN_POINT('',(-3.723956891459,1.110223024625E-15));
#18474 = ( GEOMETRIC_REPRESENTATION_CONTEXT(2) 
PARAMETRIC_REPRESENTATION_CONTEXT() REPRESENTATION_CONTEXT('2D SPACE',''
  ) );
#18475 = PCURVE('',#17283,#18476);
#18476 = DEFINITIONAL_REPRESENTATION('',(#18477),#18481);
#18477 = ( BOUNDED_CURVE() B_SPLINE_CURVE(2,(#18478,#18479,#18480),
.UNSPECIFIED.,.F.,.F.) B_SPLINE_CURVE_WITH_KNOTS((3,3),(1.046967915003,
1.204971208168),.PIECEWISE_BEZIER_KNOTS.) CURVE() 
GEOMETRIC_REPRESENTATION_ITEM() RATIONAL_B_SPLINE_CURVE((1.,
1.003122253474,1.)) REPRESENTATION_ITEM('') );
#18478 = CARTESIAN_POINT('',(1.2,36.565251100881));
#18479 = CARTESIAN_POINT('',(0.929212299272,36.218365224156));
#18480 = CARTESIAN_POINT('',(0.6,35.824176727877));
#18481 = ( GEOMETRIC_REPRESENTATION_CONTEXT(2) 
PARAMETRIC_REPRESENTATION_CONTEXT() REPRESENTATION_CONTEXT('2D SPACE',''
  ) );
#18482 = ADVANCED_FACE('',(#18483),#17283,.F.);
#18483 = FACE_BOUND('',#18484,.F.);
#18484 = EDGE_LOOP('',(#18485,#18486,#18487,#18512,#18513,#18514));
#18485 = ORIENTED_EDGE('',*,*,#18293,.F.);
#18486 = ORIENTED_EDGE('',*,*,#17916,.T.);
#18487 = ORIENTED_EDGE('',*,*,#18488,.T.);
#18488 = EDGE_CURVE('',#17917,#17239,#18489,.T.);
#18489 = SURFACE_CURVE('',#18490,(#18495,#18502),.PCURVE_S1.);
#18490 = HYPERBOLA('',#18491,2.75,2.75);
#18491 = AXIS2_PLACEMENT_3D('',#18492,#18493,#18494);
#18492 = CARTESIAN_POINT('',(0.,-2.75,6.4));
#18493 = DIRECTION('',(0.,1.,0.));
#18494 = DIRECTION('',(-0.,0.,-1.));
#18495 = PCURVE('',#17283,#18496);
#18496 = DEFINITIONAL_REPRESENTATION('',(#18497),#18501);
#18497 = ( BOUNDED_CURVE() B_SPLINE_CURVE(2,(#18498,#18499,#18500),
.UNSPECIFIED.,.F.,.F.) B_SPLINE_CURVE_WITH_KNOTS((3,3),(-1.204971208168,
-1.046967915003),.PIECEWISE_BEZIER_KNOTS.) CURVE() 
GEOMETRIC_REPRESENTATION_ITEM() RATIONAL_B_SPLINE_CURVE((1.,
1.003122253474,1.)) REPRESENTATION_ITEM('') );
#18498 = CARTESIAN_POINT('',(0.6,9.175823272123));
#18499 = CARTESIAN_POINT('',(0.929212299272,8.781634775844));
#18500 = CARTESIAN_POINT('',(1.2,8.434748899119));
#18501 = ( GEOMETRIC_REPRESENTATION_CONTEXT(2) 
PARAMETRIC_REPRESENTATION_CONTEXT() REPRESENTATION_CONTEXT('2D SPACE',''
  ) );
#18502 = PCURVE('',#17255,#18503);
#18503 = DEFINITIONAL_REPRESENTATION('',(#18504),#18511);
#18504 = B_SPLINE_CURVE_WITH_KNOTS('',5,(#18505,#18506,#18507,#18508,
    #18509,#18510),.UNSPECIFIED.,.F.,.F.,(6,6),(-1.204971208168,
    -1.046967915003),.PIECEWISE_BEZIER_KNOTS.);
#18505 = CARTESIAN_POINT('',(-5.700821069311,-6.661338147751E-16));
#18506 = CARTESIAN_POINT('',(-5.683440707063,-0.131958765734));
#18507 = CARTESIAN_POINT('',(-5.665486970793,-0.257676273539));
#18508 = CARTESIAN_POINT('',(-5.646945586074,-0.377427038356));
#18509 = CARTESIAN_POINT('',(-5.627804185888,-0.491459672549));
#18510 = CARTESIAN_POINT('',(-5.608053774243,-0.6));
#18511 = ( GEOMETRIC_REPRESENTATION_CONTEXT(2) 
PARAMETRIC_REPRESENTATION_CONTEXT() REPRESENTATION_CONTEXT('2D SPACE',''
  ) );
#18512 = ORIENTED_EDGE('',*,*,#17267,.T.);
#18513 = ORIENTED_EDGE('',*,*,#18458,.T.);
#18514 = ORIENTED_EDGE('',*,*,#17997,.F.);
#18515 = ADVANCED_FACE('',(#18516),#17255,.T.);
#18516 = FACE_BOUND('',#18517,.T.);
#18517 = EDGE_LOOP('',(#18518,#18519,#18520,#18521));
#18518 = ORIENTED_EDGE('',*,*,#17937,.T.);
#18519 = ORIENTED_EDGE('',*,*,#18488,.T.);
#18520 = ORIENTED_EDGE('',*,*,#17238,.F.);
#18521 = ORIENTED_EDGE('',*,*,#17386,.T.);
#18522 = ( GEOMETRIC_REPRESENTATION_CONTEXT(3) 
GLOBAL_UNCERTAINTY_ASSIGNED_CONTEXT((#18526)) 
GLOBAL_UNIT_ASSIGNED_CONTEXT((#18523,#18524,#18525)) 
REPRESENTATION_CONTEXT('Context #1',
  '3D Context with UNIT and UNCERTAINTY') );
#18523 = ( LENGTH_UNIT() NAMED_UNIT(*) SI_UNIT(.MILLI.,.METRE.) );
#18524 = ( NAMED_UNIT(*) PLANE_ANGLE_UNIT() SI_UNIT($,.RADIAN.) );
#18525 = ( NAMED_UNIT(*) SI_UNIT($,.STERADIAN.) SOLID_ANGLE_UNIT() );
#18526 = UNCERTAINTY_MEASURE_WITH_UNIT(LENGTH_MEASURE(5.E-07),#18523,
  'distance_accuracy_value','confusion accuracy');
#18527 = CONTEXT_DEPENDENT_SHAPE_REPRESENTATION(#18528,#18530);
#18528 = ( REPRESENTATION_RELATIONSHIP('','',#14095,#10) 
REPRESENTATION_RELATIONSHIP_WITH_TRANSFORMATION(#18529) 
SHAPE_REPRESENTATION_RELATIONSHIP() );
#18529 = ITEM_DEFINED_TRANSFORMATION('','',#11,#43);
#18530 = PRODUCT_DEFINITION_SHAPE('Placement','Placement of an item',
  #18531);
#18531 = NEXT_ASSEMBLY_USAGE_OCCURRENCE('8','Rocker','',#5,#14090,$);
#18532 = PRODUCT_RELATED_PRODUCT_CATEGORY('part',$,(#14092));
#18533 = REPRESENTATION('material name',(#18534),#727);
#18534 = DESCRIPTIVE_REPRESENTATION_ITEM('Bolt steel',
'{"color": [0.25, 0.27, 0.3], "density": 7.85e-06, "density_unit": 
"kg/mm^3", "material_id": "bolt_steel", "name": "Bolt steel"}');
#18535 = DERIVED_UNIT((#18536,#18538));
#18536 = DERIVED_UNIT_ELEMENT(#18537,3.);
#18537 = ( MASS_UNIT() NAMED_UNIT(*) SI_UNIT($,.GRAM.) );
#18538 = DERIVED_UNIT_ELEMENT(#18539,2.);
#18539 = ( LENGTH_UNIT() NAMED_UNIT(*) SI_UNIT(.CENTI.,.METRE.) );
#18540 = REPRESENTATION('density',(#18541),#727);
#18541 = MEASURE_REPRESENTATION_ITEM('kg/mm^3',7.85E-06,#18535);
#18542 = PROPERTY_DEFINITION('material property','material name',#55);
#18543 = PROPERTY_DEFINITION_REPRESENTATION(#18542,#18533);
#18544 = PROPERTY_DEFINITION('material property','density',#55);
#18545 = PROPERTY_DEFINITION_REPRESENTATION(#18544,#18540);
#18546 = REPRESENTATION('material name',(#18547),#5187);
#18547 = DESCRIPTIVE_REPRESENTATION_ITEM('Linkage steel',
'{"color": [0.65, 0.65, 0.68], "density": 7.85e-06, "density_unit": 
"kg/mm^3", "material_id": "linkage_steel", "name": "Linkage steel"}');
#18548 = DERIVED_UNIT((#18549,#18551));
#18549 = DERIVED_UNIT_ELEMENT(#18550,3.);
#18550 = ( MASS_UNIT() NAMED_UNIT(*) SI_UNIT($,.GRAM.) );
#18551 = DERIVED_UNIT_ELEMENT(#18552,2.);
#18552 = ( LENGTH_UNIT() NAMED_UNIT(*) SI_UNIT(.CENTI.,.METRE.) );
#18553 = REPRESENTATION('density',(#18554),#5187);
#18554 = MEASURE_REPRESENTATION_ITEM('kg/mm^3',7.85E-06,#18548);
#18555 = PROPERTY_DEFINITION('material property','material name',#755);
#18556 = PROPERTY_DEFINITION_REPRESENTATION(#18555,#18546);
#18557 = PROPERTY_DEFINITION('material property','density',#755);
#18558 = PROPERTY_DEFINITION_REPRESENTATION(#18557,#18553);
#18559 = PROPERTY_DEFINITION('material property','material name',#5200);
#18560 = PROPERTY_DEFINITION_REPRESENTATION(#18559,#18546);
#18561 = PROPERTY_DEFINITION('material property','density',#5200);
#18562 = PROPERTY_DEFINITION_REPRESENTATION(#18561,#18553);
#18563 = PROPERTY_DEFINITION('material property','material name',#9645);
#18564 = PROPERTY_DEFINITION_REPRESENTATION(#18563,#18546);
#18565 = PROPERTY_DEFINITION('material property','density',#9645);
#18566 = PROPERTY_DEFINITION_REPRESENTATION(#18565,#18553);
#18567 = PROPERTY_DEFINITION('material property','material name',#14090
  );
#18568 = PROPERTY_DEFINITION_REPRESENTATION(#18567,#18546);
#18569 = PROPERTY_DEFINITION('material property','density',#14090);
#18570 = PROPERTY_DEFINITION_REPRESENTATION(#18569,#18553);
#18571 = MECHANICAL_DESIGN_GEOMETRIC_PRESENTATION_REPRESENTATION('',(
    #18572),#18522);
#18572 = STYLED_ITEM('color',(#18573),#14096);
#18573 = PRESENTATION_STYLE_ASSIGNMENT((#18574));
#18574 = SURFACE_STYLE_USAGE(.BOTH.,#18575);
#18575 = SURFACE_SIDE_STYLE('',(#18576));
#18576 = SURFACE_STYLE_FILL_AREA(#18577);
#18577 = FILL_AREA_STYLE('',(#18578));
#18578 = FILL_AREA_STYLE_COLOUR('',#18579);
#18579 = COLOUR_RGB('',0.826657050643,0.826657050643,0.843389171228);
#18580 = MECHANICAL_DESIGN_GEOMETRIC_PRESENTATION_REPRESENTATION('',(
    #18581),#14077);
#18581 = STYLED_ITEM('color',(#18582),#9651);
#18582 = PRESENTATION_STYLE_ASSIGNMENT((#18583));
#18583 = SURFACE_STYLE_USAGE(.BOTH.,#18584);
#18584 = SURFACE_SIDE_STYLE('',(#18585));
#18585 = SURFACE_STYLE_FILL_AREA(#18586);
#18586 = FILL_AREA_STYLE('',(#18587));
#18587 = FILL_AREA_STYLE_COLOUR('',#18579);
#18588 = MECHANICAL_DESIGN_GEOMETRIC_PRESENTATION_REPRESENTATION('',(
    #18589),#727);
#18589 = STYLED_ITEM('color',(#18590),#61);
#18590 = PRESENTATION_STYLE_ASSIGNMENT((#18591));
#18591 = SURFACE_STYLE_USAGE(.BOTH.,#18592);
#18592 = SURFACE_SIDE_STYLE('',(#18593));
#18593 = SURFACE_STYLE_FILL_AREA(#18594);
#18594 = FILL_AREA_STYLE('',(#18595));
#18595 = FILL_AREA_STYLE_COLOUR('',#18596);
#18596 = COLOUR_RGB('',0.537098730483,0.556393337621,0.583831500637);
#18597 = MECHANICAL_DESIGN_GEOMETRIC_PRESENTATION_REPRESENTATION('',(
    #18598),#5187);
#18598 = STYLED_ITEM('color',(#18599),#761);
#18599 = PRESENTATION_STYLE_ASSIGNMENT((#18600));
#18600 = SURFACE_STYLE_USAGE(.BOTH.,#18601);
#18601 = SURFACE_SIDE_STYLE('',(#18602));
#18602 = SURFACE_STYLE_FILL_AREA(#18603);
#18603 = FILL_AREA_STYLE('',(#18604));
#18604 = FILL_AREA_STYLE_COLOUR('',#18579);
#18605 = MECHANICAL_DESIGN_GEOMETRIC_PRESENTATION_REPRESENTATION('',(
    #18606),#9632);
#18606 = STYLED_ITEM('color',(#18607),#5206);
#18607 = PRESENTATION_STYLE_ASSIGNMENT((#18608));
#18608 = SURFACE_STYLE_USAGE(.BOTH.,#18609);
#18609 = SURFACE_SIDE_STYLE('',(#18610));
#18610 = SURFACE_STYLE_FILL_AREA(#18611);
#18611 = FILL_AREA_STYLE('',(#18612));
#18612 = FILL_AREA_STYLE_COLOUR('',#18579);
#18613 = PROPERTY_DEFINITION_REPRESENTATION(#18614,#18615);
#18614 = PROPERTY_DEFINITION('SimpleCAD metadata',
  'Canonical product definition and occurrence metadata',#5);
#18615 = REPRESENTATION('SimpleCAD metadata',(#18616,#18617,#18618,
    #18619,#18620,#18621,#18622,#18623,#18624,#18625,#18626,#18627,
    #18628,#18629),#47);
#18616 = DESCRIPTIVE_REPRESENTATION_ITEM(
  'SimpleCAD:definition:assembly:four_bar_linkage',
'{"constraints": [{"angle_limit": null, "connector_a": {"component_id": 
"ground", "connector_id": "pivot_a"}, "connector_b": {"component_id": 
"bolt_a", "connector_id": "axis"}, "constraint_id": "bolt_a_pin", 
"constraint_kind": "fixed", "distance_limit": null, 
"drive_angle_degrees": null, "drive_distance": null, "name": null, 
"phase_offset": null, "pitch_radius": null, "pitch_radius_a": null, 
"pitch_radius_b": null, "pulley_radius_a": null, "pulley_radius_b": 
null}, {"angle_limit": null, "connector_a": {"component_id": "crank", 
"connector_id": "pivot_b"}, "connector_b": {"component_id": "bolt_b", 
"connector_id": "axis"}, "constraint_id": "bolt_b_pin", 
"constraint_kind": "fixed", "distance_limit": null, 
"drive_angle_degrees": null, "drive_distance": null, "name": null, 
"phase_offset": null, "pitch_radius": null, "pitch_radius_a": null, 
"pitch_radius_b": null, "pulley_radius_a": null, "pulley_radius_b": 
null}, {"angle_limit": null, "connector_a": {"component_id": "rocker", 
"connector_id": "pivot_b"}, "connector_b": {"component_id": "bolt_c", 
"connector_id": "axis"}, "constraint_id": "bolt_c_pin", 
"constraint_kind": "fixed", "distance_limit": null, 
"drive_angle_degrees": null, "drive_distance": null, "name": null, 
"phase_offset": null, "pitch_radius": null, "pitch_radius_a": null, 
"pitch_radius_b": null, "pulley_radius_a": null, "pulley_radius_b": 
null}, {"angle_limit": null, "connector_a": {"component_id": "ground", 
"connector_id": "pivot_b"}, "connector_b": {"component_id": "bolt_d", 
"connector_id": "axis"}, "constraint_id": "bolt_d_pin", 
"constraint_kind": "fixed", "distance_limit": null, 
"drive_angle_degrees": null, "drive_distance": null, "name": null, 
"phase_offset": null, "pitch_radius": null, "pitch_radius_a": null, 
"pitch_radius_b": null, "pulley_radius_a": null, "pulley_radius_b": 
null}, {"angle_limit": null, "connector_a": {"component_id": "crank", 
"connector_id": "pivot_b"}, "connector_b": {"component_id": "coupler", 
"connector_id": "pivot_a"}, "constraint_id": "coupler_to_crank", 
"constraint_kind": "revolute", "distance_limit": null, 
"drive_angle_degrees": null, "drive_distance": null, "name": null, 
"phase_offset": null, "pitch_radius": null, "pitch_radius_a": null, 
"pitch_radius_b": null, "pulley_radius_a": null, "pulley_radius_b": 
null}, {"angle_limit": {"lower_value": -30.0, "upper_value": 30.0}, 
"connector_a": {"component_id": "rocker", "connector_id": "pivot_b"}, 
"connector_b": {"component_id": "coupler", "connector_id": "pivot_b"}, 
"constraint_id": "coupler_to_rocker", "constraint_kind": "revolute", 
"distance_limit": null, "drive_angle_degrees": null, "drive_distance": 
null, "name": null, "phase_offset": null, "pitch_radius": null, 
"pitch_radius_a": null, "pitch_radius_b": null, "pulley_radius_a": 
null, "pulley_radius_b": null}, {"angle_limit": null, "connector_a": 
{"component_id": "ground", "connector_id": "pivot_a"}, "connector_b": 
{"component_id": "crank", "connector_id": "pivot_a"}, "constraint_id": 
"crank_to_ground", "constraint_kind": "revolute", "distance_limit": 
null, "drive_angle_degrees": null, "drive_distance": null, "name": 
null, "phase_offset": null, "pitch_radius": null, "pitch_radius_a": 
null, "pitch_radius_b": null, "pulley_radius_a": null, 
"pulley_radius_b": null}, {"angle_limit": null, "connector_a": 
{"component_id": "ground", "connector_id": "pivot_b"}, "connector_b": 
{"component_id": "rocker", "connector_id": "pivot_a"}, "constraint_id": 
"rocker_to_ground", "constraint_kind": "revolute", "distance_limit": 
null, "drive_angle_degrees": null, "drive_distance": null, "name": 
null, "phase_offset": null, "pitch_radius": null, "pitch_radius_a": 
null, "pitch_radius_b": null, "pulley_radius_a": null, 
"pulley_radius_b": null}], "content_hash": 
"sha256:087c26182f55402c699629ef1a98b993db8ac95fd9bbb5b2485db634ba017185
", "definition_id": "four_bar_linkage", "definition_kind": "assembly", 
"grounded_component_ids": ["ground"], "public_connectors": 
[{"component_id": "crank", "connector_id": "pivot_a", "name": "Crank 
input axis", "public_connector_id": "crank_input_axis"}], 
"record_kind": "definition", "revision": "1.0.0"}');
#18617 = DESCRIPTIVE_REPRESENTATION_ITEM(
  'SimpleCAD:definition:single_solid:pivot_bolt',
'{"connectors": [{"anchor": {"anchor_kind": "placement", "placement": 
{"origin": [0.0, 0.0, 0.0], "x_axis": [1.0, 0.0, 0.0], "y_axis": [0.0, 
1.0, 0.0], "z_axis": [0.0, 0.0, 1.0]}}, "connector_id": "axis", "name": 
null}], "content_hash": 
"sha256:157ab90f40a50d6442e649d21d9f75bb4408490f71198d3ae4355fd52de98f80
", "definition_id": "pivot_bolt", "definition_kind": "single_solid", 
"record_kind": "definition", "revision": "1.0.0"}');
#18618 = DESCRIPTIVE_REPRESENTATION_ITEM(
  'SimpleCAD:occurrence:four_bar_linkage:bolt_a',
'{"component_id": "bolt_a", "definition_id": "pivot_bolt", 
"definition_kind": "single_solid", "name": "Bolt A", 
"parent_definition_id": "four_bar_linkage", "placement": {"origin": 
[0.0, 0.0, 0.0], "x_axis": [1.0, 0.0, 0.0], "y_axis": [0.0, 1.0, 0.0], 
"z_axis": [0.0, 0.0, 1.0]}, "record_kind": "occurrence"}');
#18619 = DESCRIPTIVE_REPRESENTATION_ITEM(
  'SimpleCAD:occurrence:four_bar_linkage:bolt_b',
'{"component_id": "bolt_b", "definition_id": "pivot_bolt", 
"definition_kind": "single_solid", "name": "Bolt B", 
"parent_definition_id": "four_bar_linkage", "placement": {"origin": 
[20.0, 0.0, 0.0], "x_axis": [1.0, 0.0, 0.0], "y_axis": [0.0, 1.0, 0.0], 
"z_axis": [0.0, 0.0, 1.0]}, "record_kind": "occurrence"}');
#18620 = DESCRIPTIVE_REPRESENTATION_ITEM(
  'SimpleCAD:occurrence:four_bar_linkage:bolt_c',
'{"component_id": "bolt_c", "definition_id": "pivot_bolt", 
"definition_kind": "single_solid", "name": "Bolt C", 
"parent_definition_id": "four_bar_linkage", "placement": {"origin": 
[61.875, 27.321866242992993, 0.0], "x_axis": [0.625, 
0.7806247497997998, 0.0], "y_axis": [-0.7806247497997998, 0.625, 0.0], 
"z_axis": [0.0, -0.0, 1.0]}, "record_kind": "occurrence"}');
#18621 = DESCRIPTIVE_REPRESENTATION_ITEM(
  'SimpleCAD:occurrence:four_bar_linkage:bolt_d',
'{"component_id": "bolt_d", "definition_id": "pivot_bolt", 
"definition_kind": "single_solid", "name": "Bolt D", 
"parent_definition_id": "four_bar_linkage", "placement": {"origin": 
[40.0, 0.0, 0.0], "x_axis": [1.0, 0.0, 0.0], "y_axis": [0.0, 1.0, 0.0], 
"z_axis": [0.0, 0.0, 1.0]}, "record_kind": "occurrence"}');
#18622 = DESCRIPTIVE_REPRESENTATION_ITEM(
  'SimpleCAD:definition:single_solid:coupler',
'{"connectors": [{"anchor": {"anchor_kind": "placement", "placement": 
{"origin": [0.0, 0.0, 0.0], "x_axis": [1.0, 0.0, 0.0], "y_axis": [0.0, 
1.0, 0.0], "z_axis": [0.0, 0.0, 1.0]}}, "connector_id": "pivot_a", 
"name": null}, {"anchor": {"anchor_kind": "placement", "placement": 
{"origin": [50.0, 0.0, 0.0], "x_axis": [1.0, 0.0, 0.0], "y_axis": [0.0, 
1.0, 0.0], "z_axis": [0.0, 0.0, 1.0]}}, "connector_id": "pivot_b", 
"name": null}], "content_hash": 
"sha256:18f60eca41fe852d2996b495ac2a2dd8aad499665614ddfe238d57b35e964f2a
", "definition_id": "coupler", "definition_kind": "single_solid", 
"record_kind": "definition", "revision": "1.0.0"}');
#18623 = DESCRIPTIVE_REPRESENTATION_ITEM(
  'SimpleCAD:occurrence:four_bar_linkage:coupler',
'{"component_id": "coupler", "definition_id": "coupler", 
"definition_kind": "single_solid", "name": "Coupler", 
"parent_definition_id": "four_bar_linkage", "placement": {"origin": 
[20.0, 0.0, 0.0], "x_axis": [0.8374999999999999, 0.54643732485986, 
0.0], "y_axis": [-0.54643732485986, 0.8374999999999999, 0.0], "z_axis": 
[0.0, -0.0, 1.0]}, "record_kind": "occurrence"}');
#18624 = DESCRIPTIVE_REPRESENTATION_ITEM(
  'SimpleCAD:definition:single_solid:crank',
'{"connectors": [{"anchor": {"anchor_kind": "placement", "placement": 
{"origin": [0.0, 0.0, 0.0], "x_axis": [1.0, 0.0, 0.0], "y_axis": [0.0, 
1.0, 0.0], "z_axis": [0.0, 0.0, 1.0]}}, "connector_id": "pivot_a", 
"name": null}, {"anchor": {"anchor_kind": "placement", "placement": 
{"origin": [20.0, 0.0, 0.0], "x_axis": [1.0, 0.0, 0.0], "y_axis": [0.0, 
1.0, 0.0], "z_axis": [0.0, 0.0, 1.0]}}, "connector_id": "pivot_b", 
"name": null}], "content_hash": 
"sha256:793456c78729706d6c5a508e4e5420fe25a89a0f35860266db87f456a9d2e985
", "definition_id": "crank", "definition_kind": "single_solid", 
"record_kind": "definition", "revision": "1.0.0"}');
#18625 = DESCRIPTIVE_REPRESENTATION_ITEM(
  'SimpleCAD:occurrence:four_bar_linkage:crank',
'{"component_id": "crank", "definition_id": "crank", "definition_kind": 
"single_solid", "name": "Crank", "parent_definition_id": 
"four_bar_linkage", "placement": {"origin": [0.0, 0.0, 0.0], "x_axis": 
[1.0, 0.0, 0.0], "y_axis": [0.0, 1.0, 0.0], "z_axis": [0.0, 0.0, 1.0]}, 
"record_kind": "occurrence"}');
#18626 = DESCRIPTIVE_REPRESENTATION_ITEM(
  'SimpleCAD:definition:single_solid:ground_span',
'{"connectors": [{"anchor": {"anchor_kind": "placement", "placement": 
{"origin": [0.0, 0.0, 0.0], "x_axis": [1.0, 0.0, 0.0], "y_axis": [0.0, 
1.0, 0.0], "z_axis": [0.0, 0.0, 1.0]}}, "connector_id": "pivot_a", 
"name": null}, {"anchor": {"anchor_kind": "placement", "placement": 
{"origin": [40.0, 0.0, 0.0], "x_axis": [1.0, 0.0, 0.0], "y_axis": [0.0, 
1.0, 0.0], "z_axis": [0.0, 0.0, 1.0]}}, "connector_id": "pivot_b", 
"name": null}], "content_hash": 
"sha256:0c653b3999719b40eade0c06b0b236454aec176d8b477dcebf46d16545710f1c
", "definition_id": "ground_span", "definition_kind": "single_solid", 
"record_kind": "definition", "revision": "1.0.0"}');
#18627 = DESCRIPTIVE_REPRESENTATION_ITEM(
  'SimpleCAD:occurrence:four_bar_linkage:ground',
'{"component_id": "ground", "definition_id": "ground_span", 
"definition_kind": "single_solid", "name": "Ground", 
"parent_definition_id": "four_bar_linkage", "placement": {"origin": 
[0.0, 0.0, 0.0], "x_axis": [1.0, 0.0, 0.0], "y_axis": [0.0, 1.0, 0.0], 
"z_axis": [0.0, 0.0, 1.0]}, "record_kind": "occurrence"}');
#18628 = DESCRIPTIVE_REPRESENTATION_ITEM(
  'SimpleCAD:definition:single_solid:rocker',
'{"connectors": [{"anchor": {"anchor_kind": "placement", "placement": 
{"origin": [0.0, 0.0, 0.0], "x_axis": [1.0, 0.0, 0.0], "y_axis": [0.0, 
1.0, 0.0], "z_axis": [0.0, 0.0, 1.0]}}, "connector_id": "pivot_a", 
"name": null}, {"anchor": {"anchor_kind": "placement", "placement": 
{"origin": [35.0, 0.0, 0.0], "x_axis": [1.0, 0.0, 0.0], "y_axis": [0.0, 
1.0, 0.0], "z_axis": [0.0, 0.0, 1.0]}}, "connector_id": "pivot_b", 
"name": null}], "content_hash": 
"sha256:5e16862863577657581010ff43709c38cc32f3339aaa113151398c028b20b8b8
", "definition_id": "rocker", "definition_kind": "single_solid", 
"record_kind": "definition", "revision": "1.0.0"}');
#18629 = DESCRIPTIVE_REPRESENTATION_ITEM(
  'SimpleCAD:occurrence:four_bar_linkage:rocker',
'{"component_id": "rocker", "definition_id": "rocker", 
"definition_kind": "single_solid", "name": "Rocker", 
"parent_definition_id": "four_bar_linkage", "placement": {"origin": 
[40.0, 0.0, 0.0], "x_axis": [0.625, 0.7806247497997998, 0.0], "y_axis": 
[-0.7806247497997998, 0.625, 0.0], "z_axis": [0.0, -0.0, 1.0]}, 
"record_kind": "occurrence"}');
ENDSEC;
END-ISO-10303-21;
